ts,o,h,l,c,v
2026-04-15T08:00:00+00:00,116.0,116.0,114.3,114.76,11015
2026-04-15T08:05:00+00:00,114.66,114.88,114.53,114.53,4035
2026-04-15T08:10:00+00:00,114.53,114.53,113.96,113.96,5141
2026-04-15T08:15:00+00:00,113.96,113.96,113.76,113.9,5629
2026-04-15T08:20:00+00:00,114.0,114.14,114.0,114.14,1832
2026-04-15T08:25:00+00:00,114.14,114.39,114.14,114.39,2898
2026-04-15T08:30:00+00:00,114.2,114.4,114.2,114.4,3235
2026-04-15T08:35:00+00:00,114.46,114.55,114.36,114.55,1732
2026-04-15T08:40:00+00:00,114.55,114.63,114.25,114.35,3312
2026-04-15T08:45:00+00:00,114.35,114.35,114.25,114.25,965
2026-04-15T08:50:00+00:00,114.25,114.25,114.06,114.06,404
2026-04-15T08:55:00+00:00,114.06,114.36,114.06,114.28,1930
2026-04-15T09:00:00+00:00,114.28,114.28,114.0,114.0,2114
2026-04-15T09:05:00+00:00,113.97,113.97,113.72,113.72,2868
2026-04-15T09:10:00+00:00,113.72,113.72,113.58,113.7,1654
2026-04-15T09:15:00+00:00,113.52,113.62,113.52,113.62,1321
2026-04-15T09:20:00+00:00,113.62,113.9,113.62,113.9,677
2026-04-15T09:25:00+00:00,113.85,113.85,113.7,113.7,2307
2026-04-15T09:30:00+00:00,113.7,113.7,113.59,113.59,738
2026-04-15T09:35:00+00:00,113.59,113.62,113.52,113.52,2041
2026-04-15T09:40:00+00:00,113.5,113.5,112.72,112.96,7549
2026-04-15T09:45:00+00:00,112.96,112.96,112.56,112.56,3614
2026-04-15T09:50:00+00:00,112.56,112.75,112.51,112.75,5462
2026-04-15T09:55:00+00:00,112.97,113.08,112.85,112.99,5980
2026-04-15T10:00:00+00:00,113.15,113.3,113.15,113.19,1675
2026-04-15T10:05:00+00:00,113.4,113.77,113.4,113.77,5069
2026-04-15T10:10:00+00:00,113.77,113.77,113.68,113.7,1732
2026-04-15T10:15:00+00:00,113.7,113.7,113.7,113.7,640
2026-04-15T10:20:00+00:00,113.55,113.55,113.26,113.5,7961
2026-04-15T10:25:00+00:00,113.5,113.5,113.21,113.21,2568
2026-04-15T10:30:00+00:00,113.13,113.2,112.62,112.62,6783
2026-04-15T10:35:00+00:00,113.07,113.34,113.07,113.3,9350
2026-04-15T10:40:00+00:00,113.3,113.5,113.3,113.5,12352
2026-04-15T10:45:00+00:00,113.5,113.5,113.5,113.5,4205
2026-04-15T10:50:00+00:00,113.5,113.79,113.5,113.79,1894
2026-04-15T10:55:00+00:00,113.79,113.79,113.65,113.65,880
2026-04-15T11:00:00+00:00,113.57,113.8,113.3,113.47,10131
2026-04-15T11:05:00+00:00,113.45,113.8,113.45,113.65,6198
2026-04-15T11:10:00+00:00,113.68,114.2,113.68,113.86,16906
2026-04-15T11:15:00+00:00,113.6,113.7,113.51,113.6,5743
2026-04-15T11:20:00+00:00,113.61,113.85,113.4,113.7,17403
2026-04-15T11:25:00+00:00,113.63,114.52,113.6,114.3,20336
2026-04-15T11:30:00+00:00,114.2,114.55,113.99,114.0,8633
2026-04-15T11:35:00+00:00,114.05,114.23,114.05,114.17,2599
2026-04-15T11:40:00+00:00,114.2,114.25,113.9,113.98,4795
2026-04-15T11:45:00+00:00,113.98,114.1,113.5,113.9,10744
2026-04-15T11:50:00+00:00,113.9,114.07,113.86,114.0,7533
2026-04-15T11:55:00+00:00,114.0,114.39,114.0,114.25,5388
2026-04-15T12:00:00+00:00,114.19,116.76,114.19,115.76,138223
2026-04-15T12:05:00+00:00,115.56,115.98,115.3,115.35,16972
2026-04-15T12:10:00+00:00,115.45,115.45,114.51,114.58,18278
2026-04-15T12:15:00+00:00,114.59,115.88,114.41,115.27,21320
2026-04-15T12:20:00+00:00,115.25,116.04,115.0,115.79,14709
2026-04-15T12:25:00+00:00,115.89,116.25,115.51,116.25,14812
2026-04-15T12:30:00+00:00,116.0,116.24,115.81,116.24,12469
2026-04-15T12:35:00+00:00,116.23,117.83,116.0,117.36,58929
2026-04-15T12:40:00+00:00,117.5,118.26,117.5,118.0,70927
2026-04-15T12:45:00+00:00,117.8,117.85,117.12,117.3,38472
2026-04-15T12:50:00+00:00,117.29,117.9,117.29,117.88,26789
2026-04-15T12:55:00+00:00,117.88,118.54,117.8,118.5,52726
2026-04-15T13:00:00+00:00,118.44,118.5,118.0,118.12,32394
2026-04-15T13:05:00+00:00,118.3,118.88,118.3,118.65,22375
2026-04-15T13:10:00+00:00,118.737,118.83,118.38,118.83,29250
2026-04-15T13:15:00+00:00,118.84,120.88,118.8,120.5,121558
2026-04-15T13:20:00+00:00,120.66,120.66,119.69,120.05,61409
2026-04-15T13:25:00+00:00,120.0,120.2,119.19,119.82,59487
2026-04-15T13:30:00+00:00,119.905,121.36,118.1,120.01,909394
2026-04-15T13:35:00+00:00,119.94,120.29,117.65,118.84,310293
2026-04-15T13:40:00+00:00,118.91,119.06,116.61,116.81,254150
2026-04-15T13:45:00+00:00,116.84,117.72,116.07,116.26,206693
2026-04-15T13:50:00+00:00,116.27,116.85,115.67,116.6,201737
2026-04-15T13:55:00+00:00,116.6,116.69,115.88,116.48,149117
2026-04-15T14:00:00+00:00,116.52,116.63,115.15,115.53,130001
2026-04-15T14:05:00+00:00,115.52,115.55,114.35,114.85,350356
2026-04-15T14:10:00+00:00,114.86,115.53,114.54,115.42,119433
2026-04-15T14:15:00+00:00,115.42,115.47,114.13,114.18,133187
2026-04-15T14:20:00+00:00,114.11,115.0,113.87,114.89,245917
2026-04-15T14:25:00+00:00,114.88,116.51,114.87,116.4,206001
2026-04-15T14:30:00+00:00,116.37,117.16,115.79,117.16,200932
2026-04-15T14:35:00+00:00,117.17,117.86,116.17,116.24,117718
2026-04-15T14:40:00+00:00,116.28,116.96,116.19,116.33,59409
2026-04-15T14:45:00+00:00,116.38,116.9,116.1,116.83,68792
2026-04-15T14:50:00+00:00,116.85,117.45,116.71,117.43,107945
2026-04-15T14:55:00+00:00,117.4,118.17,117.4,117.82,133151
2026-04-15T15:00:00+00:00,117.83,118.42,117.8,118.4,129397
2026-04-15T15:05:00+00:00,118.395,118.5,117.95,118.17,119201
2026-04-15T15:10:00+00:00,118.15,118.75,118.05,118.65,111219
2026-04-15T15:15:00+00:00,118.64,118.665,118.04,118.09,53099
2026-04-15T15:20:00+00:00,118.09,118.105,117.38,117.38,84333
2026-04-15T15:25:00+00:00,117.35,117.62,116.76,116.76,81307
2026-04-15T15:30:00+00:00,116.76,116.76,115.98,116.15,104595
2026-04-15T15:35:00+00:00,116.17,116.72,116.14,116.67,47727
2026-04-15T15:40:00+00:00,116.71,117.059,116.64,116.69,49899
2026-04-15T15:45:00+00:00,116.7,117.19,116.69,117.05,60961
2026-04-15T15:50:00+00:00,117.04,117.285,116.98,117.1,52201
2026-04-15T15:55:00+00:00,117.13,118.13,116.99,117.93,421958
2026-04-15T16:00:00+00:00,117.96,118.0,117.66,117.78,73105
2026-04-15T16:05:00+00:00,117.72,118.3,117.66,118.24,84891
2026-04-15T16:10:00+00:00,118.23,118.45,118.05,118.45,46794
2026-04-15T16:15:00+00:00,118.45,118.78,118.26,118.74,190453
2026-04-15T16:20:00+00:00,118.76,118.9,118.23,118.345,94066
2026-04-15T16:25:00+00:00,118.32,118.34,118.01,118.06,69664
2026-04-15T16:30:00+00:00,118.12,118.35,117.95,118.1,84822
2026-04-15T16:35:00+00:00,118.14,119.18,118.14,118.67,225703
2026-04-15T16:40:00+00:00,118.75,118.75,117.66,117.735,102642
2026-04-15T16:45:00+00:00,117.73,117.77,116.76,117.21,74517
2026-04-15T16:50:00+00:00,117.19,117.5,116.32,116.32,92263
2026-04-15T16:55:00+00:00,116.31,117.12,116.0,117.01,86688
2026-04-15T17:00:00+00:00,117.06,118.26,117.0,118.06,293780
2026-04-15T17:05:00+00:00,118.05,118.29,117.96,118.08,61745
2026-04-15T17:10:00+00:00,118.1,118.41,117.88,118.2,73734
2026-04-15T17:15:00+00:00,118.17,118.49,118.12,118.19,66125
2026-04-15T17:20:00+00:00,118.25,118.57,118.25,118.55,59979
2026-04-15T17:25:00+00:00,118.58,118.69,118.14,118.33,48568
2026-04-15T17:30:00+00:00,118.35,118.62,117.92,118.02,56606
2026-04-15T17:35:00+00:00,118.02,118.2,117.95,118.13,54085
2026-04-15T17:40:00+00:00,118.13,118.25,117.99,118.25,35752
2026-04-15T17:45:00+00:00,118.25,118.75,118.18,118.72,93650
2026-04-15T17:50:00+00:00,118.74,118.85,118.53,118.59,119313
2026-04-15T17:55:00+00:00,118.555,118.73,118.35,118.465,26021
2026-04-15T18:00:00+00:00,118.42,118.85,118.175,118.21,80090
2026-04-15T18:05:00+00:00,118.18,118.5,118.13,118.5,31528
2026-04-15T18:10:00+00:00,118.48,118.75,118.44,118.75,41622
2026-04-15T18:15:00+00:00,118.75,118.805,118.54,118.75,70742
2026-04-15T18:20:00+00:00,118.75,119.0,118.57,118.75,110268
2026-04-15T18:25:00+00:00,118.75,118.88,118.62,118.65,53325
2026-04-15T18:30:00+00:00,118.62,119.13,118.62,119.07,128735
2026-04-15T18:35:00+00:00,119.06,119.2,118.77,118.815,63634
2026-04-15T18:40:00+00:00,118.87,118.9,118.61,118.86,48449
2026-04-15T18:45:00+00:00,118.88,119.14,118.86,119.12,51350
2026-04-15T18:50:00+00:00,119.14,119.22,118.7,118.72,45257
2026-04-15T18:55:00+00:00,118.71,118.75,118.57,118.69,46470
2026-04-15T19:00:00+00:00,118.69,119.0,118.63,118.96,82442
2026-04-15T19:05:00+00:00,118.99,119.11,118.98,119.05,109346
2026-04-15T19:10:00+00:00,119.05,119.16,119.0,119.09,76309
2026-04-15T19:15:00+00:00,119.1,119.105,118.91,118.98,53674
2026-04-15T19:20:00+00:00,118.98,119.05,118.91,118.98,51128
2026-04-15T19:25:00+00:00,118.97,119.25,118.86,119.11,111738
2026-04-15T19:30:00+00:00,119.155,119.27,119.06,119.25,99836
2026-04-15T19:35:00+00:00,119.25,119.31,119.14,119.14,148360
2026-04-15T19:40:00+00:00,119.14,119.43,118.91,119.13,168040
2026-04-15T19:45:00+00:00,119.14,119.4,119.14,119.3,81413
2026-04-15T19:50:00+00:00,119.3,119.5,119.15,119.285,313262
2026-04-15T19:55:00+00:00,119.3,119.35,118.62,118.675,553061
2026-04-15T20:00:00+00:00,118.72,118.72,117.84,118.12,43310
2026-04-15T20:05:00+00:00,118.2,118.2,117.12,117.9,22130
2026-04-15T20:10:00+00:00,117.9,118.0,117.78,118.0,16307
2026-04-15T20:15:00+00:00,118.0,118.0,117.82,117.82,1705
2026-04-15T20:20:00+00:00,117.82,117.9,117.82,117.88,2147
2026-04-15T20:25:00+00:00,117.88,117.88,117.77,117.77,2460
2026-04-15T20:30:00+00:00,117.77,117.78,117.61,117.78,3843
2026-04-15T20:35:00+00:00,117.78,117.78,117.75,117.75,2395
2026-04-15T20:40:00+00:00,117.75,117.75,117.6,117.6,5015
2026-04-15T20:45:00+00:00,117.55,117.55,117.11,117.11,30755
2026-04-15T20:50:00+00:00,117.19,117.3,117.15,117.2,13203
2026-04-15T20:55:00+00:00,117.2,117.25,117.151,117.25,18225
2026-04-15T21:00:00+00:00,117.35,117.46,117.35,117.46,2876
2026-04-15T21:05:00+00:00,117.55,117.59,117.3,117.45,1511
2026-04-15T21:10:00+00:00,117.45,117.48,117.44,117.44,1621
2026-04-15T21:15:00+00:00,117.2,117.2,117.1,117.171,1309
2026-04-15T21:20:00+00:00,117.12,117.12,117.12,117.12,348
2026-04-15T21:25:00+00:00,117.12,117.12,117.12,117.12,172
2026-04-15T21:30:00+00:00,117.38,117.38,117.38,117.38,500
2026-04-15T21:35:00+00:00,117.38,117.89,117.38,117.89,2674
2026-04-15T21:40:00+00:00,117.8,117.89,117.79,117.84,4520
2026-04-15T21:45:00+00:00,117.64,117.64,117.64,117.64,278
2026-04-15T21:50:00+00:00,117.64,117.68,117.64,117.68,347
2026-04-15T21:55:00+00:00,117.68,117.68,117.58,117.58,986
2026-04-15T22:00:00+00:00,117.58,117.58,117.58,117.58,156
2026-04-15T22:05:00+00:00,117.58,117.58,117.58,117.58,443
2026-04-15T22:10:00+00:00,117.55,117.55,117.55,117.55,258
2026-04-15T22:15:00+00:00,117.55,117.55,117.55,117.55,100
2026-04-15T22:20:00+00:00,117.55,117.55,117.55,117.55,15
2026-04-15T22:25:00+00:00,117.55,117.63,117.55,117.63,1069
2026-04-15T22:30:00+00:00,117.62,117.87,117.62,117.87,2560
2026-04-15T22:35:00+00:00,117.87,117.95,117.87,117.87,1211
2026-04-15T22:40:00+00:00,117.87,117.9,117.8,117.8,1684
2026-04-15T22:45:00+00:00,117.8,117.8,117.72,117.72,410
2026-04-15T22:50:00+00:00,117.8,117.9,117.8,117.87,2473
2026-04-15T22:55:00+00:00,117.87,117.87,117.76,117.76,462
2026-04-15T23:00:00+00:00,117.76,117.76,117.76,117.76,77
2026-04-15T23:05:00+00:00,117.85,117.85,117.75,117.75,1228
2026-04-15T23:10:00+00:00,117.75,117.75,117.75,117.75,311
2026-04-15T23:15:00+00:00,117.66,117.66,117.61,117.61,1364
2026-04-15T23:20:00+00:00,117.61,117.65,117.61,117.65,207
2026-04-15T23:25:00+00:00,117.65,117.65,117.65,117.65,152
2026-04-15T23:30:00+00:00,117.65,117.71,117.65,117.71,252
2026-04-15T23:35:00+00:00,117.64,117.71,117.6,117.7,2157
2026-04-15T23:40:00+00:00,117.7,117.84,117.7,117.84,465
2026-04-15T23:45:00+00:00,117.84,117.84,117.79,117.79,1868
2026-04-15T23:50:00+00:00,117.79,117.8,117.77,117.77,1224
2026-04-15T23:55:00+00:00,117.79,117.81,117.73,117.81,1663
2026-04-16T08:00:00+00:00,119.72,120.0,119.69,119.99,4828
2026-04-16T08:05:00+00:00,120.0,120.05,119.86,119.86,7292
2026-04-16T08:10:00+00:00,119.87,119.87,119.8,119.8,8788
2026-04-16T08:15:00+00:00,119.7,119.7,119.19,119.24,4687
2026-04-16T08:20:00+00:00,119.38,119.67,119.3,119.67,3552
2026-04-16T08:25:00+00:00,119.67,119.67,119.32,119.32,868
2026-04-16T08:30:00+00:00,119.31,119.31,119.1,119.2,1253
2026-04-16T08:35:00+00:00,119.2,119.37,119.2,119.32,976
2026-04-16T08:40:00+00:00,119.32,119.49,119.32,119.49,817
2026-04-16T08:45:00+00:00,119.6,119.6,119.6,119.6,1688
2026-04-16T08:50:00+00:00,119.64,119.64,119.64,119.64,397
2026-04-16T08:55:00+00:00,119.79,119.79,119.78,119.78,983
2026-04-16T09:00:00+00:00,119.72,119.72,119.71,119.71,595
2026-04-16T09:05:00+00:00,119.71,119.71,119.71,119.71,14
2026-04-16T09:10:00+00:00,119.71,119.75,119.69,119.75,1569
2026-04-16T09:15:00+00:00,119.75,119.8,119.75,119.8,945
2026-04-16T09:20:00+00:00,119.8,119.8,119.62,119.62,895
2026-04-16T09:25:00+00:00,119.62,119.62,119.62,119.62,41
2026-04-16T09:30:00+00:00,119.61,120.88,119.61,120.61,22699
2026-04-16T09:35:00+00:00,120.75,120.75,120.54,120.55,2465
2026-04-16T09:40:00+00:00,120.55,120.58,120.31,120.39,3587
2026-04-16T09:45:00+00:00,120.39,120.45,120.3,120.3,4628
2026-04-16T09:50:00+00:00,120.43,120.77,120.43,120.77,10035
2026-04-16T09:55:00+00:00,120.9,121.4,120.9,121.39,16195
2026-04-16T10:00:00+00:00,121.27,121.39,121.05,121.1,9519
2026-04-16T10:05:00+00:00,121.26,121.55,121.26,121.52,9711
2026-04-16T10:10:00+00:00,121.22,121.65,121.19,121.65,14504
2026-04-16T10:15:00+00:00,121.68,121.68,121.38,121.38,6251
2026-04-16T10:20:00+00:00,121.25,121.3,121.07,121.07,2519
2026-04-16T10:25:00+00:00,120.96,120.96,120.83,120.92,1403
2026-04-16T10:30:00+00:00,120.92,120.92,120.11,120.3,3700
2026-04-16T10:35:00+00:00,120.3,120.39,120.24,120.39,1205
2026-04-16T10:40:00+00:00,120.32,120.32,119.9,119.93,5207
2026-04-16T10:45:00+00:00,119.99,120.0,119.38,119.69,6307
2026-04-16T10:50:00+00:00,119.69,120.0,119.69,120.0,731
2026-04-16T10:55:00+00:00,120.0,120.44,120.0,120.06,3770
2026-04-16T11:00:00+00:00,120.0,120.2,119.95,120.0,6387
2026-04-16T11:05:00+00:00,120.05,120.15,120.02,120.02,3505
2026-04-16T11:10:00+00:00,120.02,120.03,120.01,120.03,799
2026-04-16T11:15:00+00:00,120.1,120.3,118.87,119.5,26524
2026-04-16T11:20:00+00:00,119.54,119.54,119.06,119.06,6970
2026-04-16T11:25:00+00:00,119.06,119.12,118.94,119.12,3295
2026-04-16T11:30:00+00:00,119.27,119.47,119.0,119.29,13492
2026-04-16T11:35:00+00:00,119.29,119.31,119.1,119.23,18997
2026-04-16T11:40:00+00:00,119.19,119.27,119.0,119.0,3784
2026-04-16T11:45:00+00:00,119.15,119.64,119.15,119.64,7473
2026-04-16T11:50:00+00:00,119.64,120.06,119.64,119.97,16074
2026-04-16T11:55:00+00:00,119.89,119.89,119.56,119.56,2352
2026-04-16T12:00:00+00:00,119.56,120.26,119.52,120.06,9745
2026-04-16T12:05:00+00:00,120.0,120.0,119.96,119.96,9638
2026-04-16T12:10:00+00:00,119.99,119.99,119.74,119.74,6325
2026-04-16T12:15:00+00:00,119.7,119.7,119.61,119.61,1672
2026-04-16T12:20:00+00:00,119.61,119.69,119.42,119.42,5345
2026-04-16T12:25:00+00:00,119.42,119.42,119.16,119.16,2370
2026-04-16T12:30:00+00:00,119.16,119.4,119.16,119.4,3805
2026-04-16T12:35:00+00:00,119.27,119.27,119.16,119.2,2094
2026-04-16T12:40:00+00:00,119.2,119.2,119.09,119.09,1069
2026-04-16T12:45:00+00:00,119.07,119.18,119.07,119.18,2094
2026-04-16T12:50:00+00:00,119.18,119.66,119.18,119.66,9272
2026-04-16T12:55:00+00:00,119.53,119.53,119.25,119.32,2757
2026-04-16T13:00:00+00:00,119.43,119.5,119.42,119.46,2823
2026-04-16T13:05:00+00:00,119.48,119.85,119.45,119.8,24150
2026-04-16T13:10:00+00:00,119.8,119.85,119.75,119.75,7871
2026-04-16T13:15:00+00:00,119.75,119.75,119.5,119.57,3048
2026-04-16T13:20:00+00:00,119.67,119.72,119.67,119.7,3123
2026-04-16T13:25:00+00:00,119.69,120.055,119.69,119.99,45055
2026-04-16T13:30:00+00:00,119.93,122.14,119.14,119.75,620556
2026-04-16T13:35:00+00:00,119.8,120.64,117.91,118.4,253122
2026-04-16T13:40:00+00:00,118.45,119.07,117.48,118.5,157934
2026-04-16T13:45:00+00:00,118.5,119.15,117.7,117.88,135936
2026-04-16T13:50:00+00:00,117.73,117.73,115.55,115.56,213916
2026-04-16T13:55:00+00:00,115.625,116.83,115.39,116.76,151776
2026-04-16T14:00:00+00:00,116.65,117.0,115.88,116.9,112444
2026-04-16T14:05:00+00:00,116.85,117.31,116.75,116.9,103698
2026-04-16T14:10:00+00:00,116.905,117.08,116.545,116.62,57319
2026-04-16T14:15:00+00:00,116.55,116.55,115.31,115.5,130500
2026-04-16T14:20:00+00:00,115.52,115.73,114.83,115.16,127616
2026-04-16T14:25:00+00:00,115.19,116.5,114.91,116.38,99990
2026-04-16T14:30:00+00:00,116.39,116.93,116.34,116.84,56227
2026-04-16T14:35:00+00:00,116.85,116.95,116.41,116.42,52374
2026-04-16T14:40:00+00:00,116.45,117.0,116.44,116.86,55440
2026-04-16T14:45:00+00:00,116.98,117.34,116.65,117.3,71776
2026-04-16T14:50:00+00:00,117.29,117.71,117.04,117.12,81408
2026-04-16T14:55:00+00:00,117.13,117.21,116.83,116.95,51350
2026-04-16T15:00:00+00:00,117.0,117.22,116.715,117.07,56562
2026-04-16T15:05:00+00:00,117.01,117.43,116.99,117.1,28615
2026-04-16T15:10:00+00:00,117.16,117.52,117.14,117.47,43883
2026-04-16T15:15:00+00:00,117.52,118.24,117.44,117.86,125477
2026-04-16T15:20:00+00:00,117.85,118.47,117.84,118.33,39672
2026-04-16T15:25:00+00:00,118.4,118.43,117.25,117.3,63508
2026-04-16T15:30:00+00:00,117.25,117.6,117.16,117.4,45694
2026-04-16T15:35:00+00:00,117.45,118.22,117.45,117.815,51758
2026-04-16T15:40:00+00:00,117.79,118.28,117.69,118.11,52014
2026-04-16T15:45:00+00:00,118.17,118.37,117.86,117.94,37543
2026-04-16T15:50:00+00:00,117.9,118.25,117.88,118.215,33679
2026-04-16T15:55:00+00:00,118.25,118.62,118.11,118.57,68707
2026-04-16T16:00:00+00:00,118.59,119.25,118.59,119.12,96597
2026-04-16T16:05:00+00:00,119.125,119.125,118.61,118.74,46700
2026-04-16T16:10:00+00:00,118.76,118.94,118.4,118.41,73303
2026-04-16T16:15:00+00:00,118.49,118.88,118.39,118.76,32596
2026-04-16T16:20:00+00:00,118.69,118.8,118.34,118.38,30786
2026-04-16T16:25:00+00:00,118.39,118.87,118.16,118.46,39580
2026-04-16T16:30:00+00:00,118.54,118.71,117.35,117.6,43482
2026-04-16T16:35:00+00:00,117.58,117.67,116.95,117.08,72754
2026-04-16T16:40:00+00:00,117.05,117.13,116.66,116.95,67354
2026-04-16T16:45:00+00:00,116.95,117.22,116.945,117.13,57342
2026-04-16T16:50:00+00:00,117.18,117.35,116.87,116.9,33589
2026-04-16T16:55:00+00:00,116.99,117.66,116.98,117.54,75300
2026-04-16T17:00:00+00:00,117.53,117.73,117.12,117.22,29801
2026-04-16T17:05:00+00:00,117.24,117.39,117.16,117.35,20595
2026-04-16T17:10:00+00:00,117.43,117.47,116.98,117.1,45704
2026-04-16T17:15:00+00:00,117.11,117.17,116.7,116.815,23144
2026-04-16T17:20:00+00:00,116.84,117.35,116.66,117.33,48440
2026-04-16T17:25:00+00:00,117.35,117.48,117.13,117.255,36196
2026-04-16T17:30:00+00:00,117.19,117.42,116.96,117.22,34078
2026-04-16T17:35:00+00:00,117.22,117.8,117.18,117.71,43668
2026-04-16T17:40:00+00:00,117.75,117.91,117.67,117.88,17610
2026-04-16T17:45:00+00:00,117.82,118.1,117.69,118.1,26920
2026-04-16T17:50:00+00:00,118.08,118.25,117.95,118.0,49184
2026-04-16T17:55:00+00:00,117.98,117.985,116.9,117.2,205820
2026-04-16T18:00:00+00:00,117.2,118.025,117.02,117.64,75919
2026-04-16T18:05:00+00:00,117.63,117.65,117.08,117.36,42793
2026-04-16T18:10:00+00:00,117.39,117.76,117.19,117.76,11521
2026-04-16T18:15:00+00:00,117.72,118.18,117.55,118.09,28386
2026-04-16T18:20:00+00:00,118.08,118.28,117.72,117.73,42539
2026-04-16T18:25:00+00:00,117.8,117.93,117.38,117.42,76509
2026-04-16T18:30:00+00:00,117.46,117.91,117.43,117.69,33698
2026-04-16T18:35:00+00:00,117.74,118.25,117.72,118.16,63426
2026-04-16T18:40:00+00:00,118.165,118.18,117.92,118.015,14750
2026-04-16T18:45:00+00:00,118.05,118.23,118.05,118.08,26761
2026-04-16T18:50:00+00:00,118.07,118.12,117.91,117.98,33672
2026-04-16T18:55:00+00:00,118.02,118.2,117.66,117.66,43497
2026-04-16T19:00:00+00:00,117.65,118.07,117.65,118.0,47140
2026-04-16T19:05:00+00:00,117.99,118.02,117.76,117.81,21045
2026-04-16T19:10:00+00:00,117.82,117.87,117.59,117.76,31810
2026-04-16T19:15:00+00:00,117.79,118.03,117.79,117.94,23224
2026-04-16T19:20:00+00:00,117.93,118.34,117.8,118.01,54909
2026-04-16T19:25:00+00:00,117.99,118.33,117.8,118.2,81968
2026-04-16T19:30:00+00:00,118.16,119.03,118.16,118.735,143875
2026-04-16T19:35:00+00:00,118.83,118.96,118.63,118.8,40878
2026-04-16T19:40:00+00:00,118.77,118.83,118.55,118.64,45159
2026-04-16T19:45:00+00:00,118.69,119.47,118.58,119.28,117730
2026-04-16T19:50:00+00:00,119.44,119.445,118.78,119.17,90686
2026-04-16T19:55:00+00:00,119.26,119.59,119.135,119.55,449716
2026-04-16T20:00:00+00:00,119.5,119.71,119.0,119.19,20517
2026-04-16T20:05:00+00:00,119.23,119.35,119.14,119.15,7878
2026-04-16T20:10:00+00:00,119.15,119.15,118.95,118.95,1717
2026-04-16T20:15:00+00:00,119.0,119.05,118.99,119.0,2037
2026-04-16T20:20:00+00:00,119.0,119.0,118.95,118.95,412
2026-04-16T20:25:00+00:00,118.95,118.98,118.91,118.91,821
2026-04-16T20:30:00+00:00,118.91,118.91,118.8,118.8,1564
2026-04-16T20:35:00+00:00,118.74,118.85,118.7,118.85,1299
2026-04-16T20:40:00+00:00,118.85,118.85,118.75,118.75,380
2026-04-16T20:45:00+00:00,118.75,118.75,118.75,118.75,276
2026-04-16T20:50:00+00:00,118.92,118.92,118.9,118.9,3110
2026-04-16T20:55:00+00:00,118.9,118.99,118.88,118.88,887
2026-04-16T21:00:00+00:00,118.88,118.88,118.88,118.88,3049
2026-04-16T21:05:00+00:00,118.88,118.88,118.72,118.72,5092
2026-04-16T21:10:00+00:00,118.72,118.72,118.72,118.72,213
2026-04-16T21:15:00+00:00,118.72,118.72,118.651,118.7,756
2026-04-16T21:20:00+00:00,118.7,118.7,118.7,118.7,60
2026-04-16T21:25:00+00:00,118.7,118.7,118.66,118.67,1014
2026-04-16T21:30:00+00:00,118.6,118.68,118.6,118.68,2790
2026-04-16T21:35:00+00:00,118.68,118.68,118.57,118.57,516
2026-04-16T21:40:00+00:00,118.64,118.74,118.64,118.74,666
2026-04-16T21:45:00+00:00,118.74,118.74,118.74,118.74,107
2026-04-16T21:50:00+00:00,118.74,118.74,118.74,118.74,68
2026-04-16T21:55:00+00:00,118.78,118.78,118.66,118.66,827
2026-04-16T22:00:00+00:00,118.66,118.66,118.66,118.66,193
2026-04-16T22:05:00+00:00,118.66,118.66,118.66,118.66,144
2026-04-16T22:10:00+00:00,118.66,118.8,118.66,118.8,431
2026-04-16T22:15:00+00:00,118.8,118.8,118.8,118.8,49
2026-04-16T22:20:00+00:00,118.8,118.8,118.68,118.68,284
2026-04-16T22:25:00+00:00,118.68,118.68,118.64,118.64,419
2026-04-16T22:30:00+00:00,118.69,118.69,118.69,118.69,225
2026-04-16T22:35:00+00:00,118.69,118.69,118.69,118.69,38
2026-04-16T22:40:00+00:00,118.62,118.62,118.62,118.62,100
2026-04-16T22:45:00+00:00,118.62,118.62,118.57,118.57,321
2026-04-16T22:50:00+00:00,118.57,118.57,118.51,118.51,633
2026-04-16T22:55:00+00:00,118.51,118.54,118.4,118.54,1836
2026-04-16T23:00:00+00:00,118.55,118.65,118.55,118.65,1217
2026-04-16T23:05:00+00:00,118.65,118.65,118.53,118.53,1730
2026-04-16T23:10:00+00:00,118.5,118.5,118.45,118.45,578
2026-04-16T23:15:00+00:00,118.45,118.62,118.45,118.62,393
2026-04-16T23:20:00+00:00,118.62,118.62,118.58,118.58,3061
2026-04-16T23:25:00+00:00,118.53,118.53,118.53,118.53,400
2026-04-16T23:30:00+00:00,118.53,118.6,118.53,118.6,1103
2026-04-16T23:35:00+00:00,118.6,118.6,118.6,118.6,1
2026-04-16T23:40:00+00:00,118.6,118.71,118.6,118.7,539
2026-04-16T23:45:00+00:00,118.61,118.61,118.53,118.53,383
2026-04-16T23:50:00+00:00,118.53,118.53,118.53,118.53,271
2026-04-16T23:55:00+00:00,118.53,118.79,118.53,118.79,2257
2026-04-17T08:00:00+00:00,120.385,120.385,120.385,120.385,111
2026-04-17T08:05:00+00:00,118.49,118.6,118.49,118.6,474
2026-04-17T08:10:00+00:00,118.5,118.5,118.5,118.5,951
2026-04-17T08:15:00+00:00,118.5,118.5,118.48,118.48,567
2026-04-17T08:20:00+00:00,118.48,118.48,118.48,118.48,0
2026-04-17T08:25:00+00:00,118.58,118.6,118.58,118.6,4834
2026-04-17T08:30:00+00:00,118.6,118.6,118.52,118.52,272
2026-04-17T08:35:00+00:00,118.5,118.5,118.3,118.3,1474
2026-04-17T08:40:00+00:00,118.3,118.3,118.3,118.3,13
2026-04-17T08:45:00+00:00,118.3,118.7,118.3,118.68,2421
2026-04-17T08:50:00+00:00,118.7,119.52,118.7,119.2,5306
2026-04-17T08:55:00+00:00,119.2,119.2,119.12,119.13,539
2026-04-17T09:00:00+00:00,119.15,119.15,119.05,119.05,1587
2026-04-17T09:05:00+00:00,119.1,119.1,119.1,119.1,870
2026-04-17T09:10:00+00:00,119.1,119.1,119.1,119.1,194
2026-04-17T09:15:00+00:00,119.1,119.1,119.1,119.1,335
2026-04-17T09:20:00+00:00,118.85,118.85,118.85,118.85,224
2026-04-17T09:25:00+00:00,118.85,118.9,118.8,118.8,1882
2026-04-17T09:30:00+00:00,118.8,118.8,118.8,118.8,159
2026-04-17T09:35:00+00:00,118.8,118.8,118.72,118.72,585
2026-04-17T09:40:00+00:00,118.72,118.72,118.72,118.72,85
2026-04-17T09:45:00+00:00,118.72,118.78,118.72,118.78,233
2026-04-17T09:50:00+00:00,118.78,118.82,118.78,118.82,1179
2026-04-17T09:55:00+00:00,118.87,118.9,118.85,118.9,701
2026-04-17T10:00:00+00:00,118.93,118.93,118.93,118.93,1080
2026-04-17T10:05:00+00:00,118.93,119.21,118.93,119.2,1198
2026-04-17T10:10:00+00:00,119.2,119.2,119.2,119.2,210
2026-04-17T10:15:00+00:00,119.2,119.2,118.97,118.97,341
2026-04-17T10:20:00+00:00,119.02,119.2,119.02,119.2,1721
2026-04-17T10:25:00+00:00,119.03,119.08,118.94,118.94,1846
2026-04-17T10:30:00+00:00,118.9,118.9,118.63,118.87,904
2026-04-17T10:35:00+00:00,118.87,118.87,118.87,118.87,23
2026-04-17T10:40:00+00:00,118.87,118.87,118.8,118.8,153
2026-04-17T10:45:00+00:00,118.63,118.64,118.5,118.51,3105
2026-04-17T10:50:00+00:00,118.51,118.51,118.35,118.36,2277
2026-04-17T10:55:00+00:00,118.36,118.36,118.36,118.36,211
2026-04-17T11:00:00+00:00,118.36,118.98,118.36,118.98,1966
2026-04-17T11:05:00+00:00,118.9,118.9,118.9,118.9,802
2026-04-17T11:10:00+00:00,118.9,119.12,118.9,119.1,1181
2026-04-17T11:15:00+00:00,119.1,119.17,119.02,119.02,1276
2026-04-17T11:20:00+00:00,119.16,119.35,118.9,119.35,1223
2026-04-17T11:25:00+00:00,119.35,119.35,119.2,119.3,1512
2026-04-17T11:30:00+00:00,119.35,119.4,119.35,119.4,507
2026-04-17T11:35:00+00:00,119.42,119.42,119.28,119.28,1128
2026-04-17T11:40:00+00:00,119.28,119.4,119.28,119.4,2737
2026-04-17T11:45:00+00:00,119.4,119.5,119.37,119.5,4310
2026-04-17T11:50:00+00:00,119.5,119.5,119.38,119.47,1499
2026-04-17T11:55:00+00:00,119.52,119.66,119.45,119.45,3296
2026-04-17T12:00:00+00:00,119.45,119.55,119.31,119.33,21081
2026-04-17T12:05:00+00:00,119.33,119.42,119.33,119.42,642
2026-04-17T12:10:00+00:00,119.42,119.42,119.32,119.32,555
2026-04-17T12:15:00+00:00,119.28,119.5,118.98,119.5,18454
2026-04-17T12:20:00+00:00,119.56,119.63,119.5,119.63,3226
2026-04-17T12:25:00+00:00,119.76,119.76,119.65,119.7,1566
2026-04-17T12:30:00+00:00,119.8,119.83,119.65,119.65,3158
2026-04-17T12:35:00+00:00,119.65,119.67,119.55,119.55,2997
2026-04-17T12:40:00+00:00,119.6,119.62,119.39,119.57,23883
2026-04-17T12:45:00+00:00,119.69,120.47,119.69,120.47,7923
2026-04-17T12:50:00+00:00,120.49,120.71,120.3,120.52,31906
2026-04-17T12:55:00+00:00,120.6,120.66,120.5,120.66,8333
2026-04-17T13:00:00+00:00,120.62,120.95,120.5,120.95,30797
2026-04-17T13:05:00+00:00,120.95,120.97,120.61,120.9,32601
2026-04-17T13:10:00+00:00,120.96,121.36,120.7,121.3,96687
2026-04-17T13:15:00+00:00,121.3,121.31,120.81,121.11,17202
2026-04-17T13:20:00+00:00,121.08,121.12,120.9,120.9,5818
2026-04-17T13:25:00+00:00,120.87,120.97,119.92,120.37,20425
2026-04-17T13:30:00+00:00,120.385,120.39,118.6,119.3,367187
2026-04-17T13:35:00+00:00,119.4,120.67,119.34,119.48,187346
2026-04-17T13:40:00+00:00,119.41,119.46,118.13,118.79,135690
2026-04-17T13:45:00+00:00,118.8,118.8,116.66,117.08,262831
2026-04-17T13:50:00+00:00,117.17,117.8,116.76,116.94,125244
2026-04-17T13:55:00+00:00,116.95,117.83,116.88,117.78,110276
2026-04-17T14:00:00+00:00,117.78,118.26,117.57,118.055,99795
2026-04-17T14:05:00+00:00,118.06,118.37,117.8,118.04,59986
2026-04-17T14:10:00+00:00,118.06,118.45,117.44,117.7,76161
2026-04-17T14:15:00+00:00,117.76,118.24,117.3,117.53,47324
2026-04-17T14:20:00+00:00,117.46,117.47,116.0,116.1,203389
2026-04-17T14:25:00+00:00,116.14,116.87,116.07,116.81,109176
2026-04-17T14:30:00+00:00,116.89,117.32,116.77,117.26,131680
2026-04-17T14:35:00+00:00,117.25,117.32,116.46,116.83,88102
2026-04-17T14:40:00+00:00,116.79,116.96,116.25,116.33,67316
2026-04-17T14:45:00+00:00,116.29,117.0,116.25,116.63,61759
2026-04-17T14:50:00+00:00,116.6,117.895,116.41,117.47,111333
2026-04-17T14:55:00+00:00,117.47,117.95,117.39,117.39,70354
2026-04-17T15:00:00+00:00,117.56,117.59,116.86,117.07,67079
2026-04-17T15:05:00+00:00,117.04,117.41,116.8,117.32,53197
2026-04-17T15:10:00+00:00,117.42,117.61,116.7,116.81,47889
2026-04-17T15:15:00+00:00,116.85,117.28,116.85,116.92,39821
2026-04-17T15:20:00+00:00,117.0,117.69,116.85,117.48,67136
2026-04-17T15:25:00+00:00,117.52,117.55,117.2,117.29,44293
2026-04-17T15:30:00+00:00,117.37,118.03,117.285,117.56,81503
2026-04-17T15:35:00+00:00,117.54,117.54,117.21,117.36,22172
2026-04-17T15:40:00+00:00,117.32,117.34,116.28,116.37,71310
2026-04-17T15:45:00+00:00,116.41,116.92,116.07,116.92,53432
2026-04-17T15:50:00+00:00,116.81,116.98,116.43,116.9,38489
2026-04-17T15:55:00+00:00,116.81,116.88,116.43,116.5,27439
2026-04-17T16:00:00+00:00,116.61,117.1,116.37,117.09,25558
2026-04-17T16:05:00+00:00,117.06,117.78,117.06,117.48,61012
2026-04-17T16:10:00+00:00,117.5,117.8,117.42,117.61,53490
2026-04-17T16:15:00+00:00,117.65,118.06,117.635,117.7,74608
2026-04-17T16:20:00+00:00,117.71,118.27,117.67,118.27,114065
2026-04-17T16:25:00+00:00,118.27,118.525,118.12,118.39,197420
2026-04-17T16:30:00+00:00,118.43,118.7,118.15,118.18,42312
2026-04-17T16:35:00+00:00,118.16,118.41,117.94,118.0,37110
2026-04-17T16:40:00+00:00,118.0,118.11,117.93,118.11,23128
2026-04-17T16:45:00+00:00,118.05,118.49,117.99,118.28,28810
2026-04-17T16:50:00+00:00,118.29,118.36,118.07,118.28,24292
2026-04-17T16:55:00+00:00,118.29,118.29,118.14,118.17,15196
2026-04-17T17:00:00+00:00,118.2,118.8,118.03,118.76,59035
2026-04-17T17:05:00+00:00,118.77,118.88,117.94,118.11,50526
2026-04-17T17:10:00+00:00,118.1,118.23,117.84,118.15,36644
2026-04-17T17:15:00+00:00,118.15,118.58,118.12,118.32,54348
2026-04-17T17:20:00+00:00,118.28,118.37,117.25,117.42,67359
2026-04-17T17:25:00+00:00,117.42,117.84,117.39,117.75,34313
2026-04-17T17:30:00+00:00,117.84,118.2,117.71,118.06,36482
2026-04-17T17:35:00+00:00,117.95,118.56,117.9,118.42,35114
2026-04-17T17:40:00+00:00,118.43,118.53,118.16,118.44,29418
2026-04-17T17:45:00+00:00,118.51,118.98,118.51,118.62,60887
2026-04-17T17:50:00+00:00,118.64,118.76,118.42,118.55,26128
2026-04-17T17:55:00+00:00,118.63,118.72,118.24,118.3,22131
2026-04-17T18:00:00+00:00,118.26,118.49,118.1,118.35,21851
2026-04-17T18:05:00+00:00,118.34,118.36,117.99,118.04,21450
2026-04-17T18:10:00+00:00,118.12,118.15,117.89,117.95,28280
2026-04-17T18:15:00+00:00,117.94,118.23,117.92,118.01,21886
2026-04-17T18:20:00+00:00,117.97,118.25,117.82,118.14,35288
2026-04-17T18:25:00+00:00,118.195,118.4,117.97,118.05,22553
2026-04-17T18:30:00+00:00,118.06,118.28,117.87,117.96,25470
2026-04-17T18:35:00+00:00,118.02,118.26,117.99,118.2,26183
2026-04-17T18:40:00+00:00,118.15,118.24,118.0,118.2,17674
2026-04-17T18:45:00+00:00,118.22,118.67,118.22,118.42,50404
2026-04-17T18:50:00+00:00,118.47,118.65,118.2,118.39,50582
2026-04-17T18:55:00+00:00,118.37,118.53,118.27,118.48,19710
2026-04-17T19:00:00+00:00,118.5,118.68,118.2,118.2,35287
2026-04-17T19:05:00+00:00,118.2,118.2,117.65,117.67,52272
2026-04-17T19:10:00+00:00,117.7,117.73,117.23,117.56,48948
2026-04-17T19:15:00+00:00,117.57,117.85,117.55,117.805,30079
2026-04-17T19:20:00+00:00,117.84,117.99,117.7,117.86,27385
2026-04-17T19:25:00+00:00,117.84,118.14,117.8,117.86,40087
2026-04-17T19:30:00+00:00,117.92,117.92,117.56,117.62,37491
2026-04-17T19:35:00+00:00,117.64,117.71,117.35,117.45,51264
2026-04-17T19:40:00+00:00,117.46,117.46,117.1,117.17,56494
2026-04-17T19:45:00+00:00,117.15,117.16,116.84,116.93,68545
2026-04-17T19:50:00+00:00,116.97,117.01,116.62,116.8,110857
2026-04-17T19:55:00+00:00,116.83,117.04,116.72,116.8,251011
2026-04-17T20:00:00+00:00,116.95,117.02,116.39,116.65,21004
2026-04-17T20:05:00+00:00,116.72,116.85,116.72,116.85,2002
2026-04-17T20:10:00+00:00,116.9,117.0,116.85,116.95,3051
2026-04-17T20:15:00+00:00,116.99,116.99,116.99,116.99,969
2026-04-17T20:20:00+00:00,116.99,116.99,116.95,116.95,772
2026-04-17T20:25:00+00:00,116.97,117.0,116.87,117.0,1737
2026-04-17T20:30:00+00:00,117.0,117.0,117.0,117.0,3
2026-04-17T20:35:00+00:00,117.0,117.05,117.0,117.05,323
2026-04-17T20:40:00+00:00,117.05,117.05,116.95,116.95,250
2026-04-17T20:45:00+00:00,116.94,116.95,116.94,116.95,423
2026-04-17T20:50:00+00:00,116.95,116.95,116.95,116.95,74
2026-04-17T20:55:00+00:00,116.95,116.95,116.95,116.95,152
2026-04-17T21:00:00+00:00,116.95,116.96,116.95,116.96,672
2026-04-17T21:05:00+00:00,116.96,117.03,116.96,117.03,524
2026-04-17T21:10:00+00:00,117.03,117.03,116.95,117.0,925
2026-04-17T21:15:00+00:00,116.96,116.96,116.87,116.95,3950
2026-04-17T21:20:00+00:00,116.95,116.96,116.95,116.95,625
2026-04-17T21:25:00+00:00,116.95,116.95,116.95,116.95,145
2026-04-17T21:30:00+00:00,116.95,116.95,116.95,116.95,59
2026-04-17T21:35:00+00:00,116.95,116.95,116.95,116.95,124
2026-04-17T21:40:00+00:00,116.95,116.95,116.95,116.95,151
2026-04-17T21:45:00+00:00,116.95,116.95,116.95,116.95,242
2026-04-17T21:50:00+00:00,116.95,116.95,116.95,116.95,285
2026-04-17T21:55:00+00:00,116.95,116.95,116.95,116.95,350
2026-04-17T22:00:00+00:00,116.95,116.95,116.95,116.95,160
2026-04-17T22:05:00+00:00,116.95,116.95,116.95,116.95,741
2026-04-17T22:10:00+00:00,116.95,116.95,116.95,116.95,28
2026-04-17T22:15:00+00:00,116.95,116.95,116.95,116.95,843
2026-04-17T22:20:00+00:00,116.95,116.95,116.95,116.95,690
2026-04-17T22:25:00+00:00,116.95,116.95,116.95,116.95,598
2026-04-17T22:30:00+00:00,116.95,116.95,116.95,116.95,255
2026-04-17T22:35:00+00:00,116.95,116.95,116.95,116.95,1142
2026-04-17T22:40:00+00:00,116.95,116.95,116.95,116.95,637
2026-04-17T22:45:00+00:00,116.95,116.98,116.95,116.98,282
2026-04-17T22:50:00+00:00,116.98,116.98,116.95,116.95,1465
2026-04-17T22:55:00+00:00,116.95,116.95,116.95,116.95,150
2026-04-17T23:00:00+00:00,116.95,117.0,116.95,117.0,562
2026-04-17T23:05:00+00:00,117.0,117.0,117.0,117.0,497
2026-04-17T23:10:00+00:00,117.0,117.0,117.0,117.0,270
2026-04-17T23:15:00+00:00,117.0,117.0,117.0,117.0,154
2026-04-17T23:20:00+00:00,116.99,117.0,116.99,117.0,799
2026-04-17T23:25:00+00:00,117.0,117.06,117.0,117.06,644
2026-04-17T23:30:00+00:00,117.06,117.06,117.06,117.06,42
2026-04-17T23:35:00+00:00,117.06,117.06,117.06,117.06,1289
2026-04-17T23:40:00+00:00,117.06,117.06,117.06,117.06,48
2026-04-17T23:45:00+00:00,117.0,117.0,117.0,117.0,667
2026-04-17T23:50:00+00:00,117.0,117.0,116.95,116.95,149
2026-04-17T23:55:00+00:00,116.95,116.99,116.95,116.99,671
2026-04-20T08:00:00+00:00,114.71,114.71,114.05,114.05,6036
2026-04-20T08:05:00+00:00,114.0,114.0,113.84,113.84,2391
2026-04-20T08:10:00+00:00,113.8,114.03,113.8,113.94,2416
2026-04-20T08:15:00+00:00,113.94,114.01,113.94,114.01,1077
2026-04-20T08:20:00+00:00,114.01,114.1,114.01,114.05,1715
2026-04-20T08:25:00+00:00,114.05,114.44,114.05,114.44,1111
2026-04-20T08:30:00+00:00,114.5,114.5,114.49,114.49,639
2026-04-20T08:35:00+00:00,114.49,114.49,114.49,114.49,89
2026-04-20T08:40:00+00:00,114.49,114.49,114.22,114.23,2269
2026-04-20T08:45:00+00:00,114.23,114.23,114.23,114.23,77
2026-04-20T08:50:00+00:00,114.45,114.45,114.4,114.4,1413
2026-04-20T08:55:00+00:00,114.4,114.4,114.35,114.4,2267
2026-04-20T09:00:00+00:00,114.4,114.4,114.32,114.33,896
2026-04-20T09:05:00+00:00,114.33,114.69,114.33,114.69,1520
2026-04-20T09:10:00+00:00,114.69,114.72,114.69,114.72,409
2026-04-20T09:15:00+00:00,114.72,114.72,114.72,114.72,649
2026-04-20T09:20:00+00:00,114.42,114.7,114.42,114.7,854
2026-04-20T09:25:00+00:00,114.7,114.7,114.6,114.6,2610
2026-04-20T09:30:00+00:00,114.6,114.6,114.55,114.55,387
2026-04-20T09:35:00+00:00,114.55,114.55,114.55,114.55,245
2026-04-20T09:40:00+00:00,114.55,114.55,114.55,114.55,210
2026-04-20T09:45:00+00:00,114.55,114.55,114.4,114.4,433
2026-04-20T09:50:00+00:00,114.4,114.4,114.4,114.4,498
2026-04-20T09:55:00+00:00,114.4,114.4,114.4,114.4,0
2026-04-20T10:00:00+00:00,114.4,114.5,114.35,114.5,1419
2026-04-20T10:05:00+00:00,114.5,114.99,114.5,114.9,3479
2026-04-20T10:10:00+00:00,114.8,114.94,114.8,114.88,1349
2026-04-20T10:15:00+00:00,114.88,114.88,114.71,114.88,2603
2026-04-20T10:20:00+00:00,114.88,114.88,114.88,114.88,391
2026-04-20T10:25:00+00:00,114.88,114.88,114.6,114.6,420
2026-04-20T10:30:00+00:00,114.6,114.75,114.6,114.75,212
2026-04-20T10:35:00+00:00,114.5,114.5,114.5,114.5,302
2026-04-20T10:40:00+00:00,114.5,114.5,114.5,114.5,35
2026-04-20T10:45:00+00:00,114.5,114.5,114.5,114.5,231
2026-04-20T10:50:00+00:00,114.5,114.6,114.5,114.6,1168
2026-04-20T10:55:00+00:00,114.6,114.6,114.6,114.6,304
2026-04-20T11:00:00+00:00,114.8,114.85,114.5,114.5,3699
2026-04-20T11:05:00+00:00,114.45,114.67,114.4,114.67,8849
2026-04-20T11:10:00+00:00,114.67,114.67,114.52,114.52,2606
2026-04-20T11:15:00+00:00,114.52,114.52,114.43,114.47,931
2026-04-20T11:20:00+00:00,114.47,114.5,114.46,114.46,2121
2026-04-20T11:25:00+00:00,114.46,114.47,114.46,114.47,523
2026-04-20T11:30:00+00:00,114.38,114.38,114.03,114.07,5694
2026-04-20T11:35:00+00:00,114.07,114.33,114.07,114.31,1716
2026-04-20T11:40:00+00:00,114.2,114.33,114.2,114.33,3646
2026-04-20T11:45:00+00:00,114.48,114.78,114.48,114.57,16786
2026-04-20T11:50:00+00:00,114.57,114.57,114.42,114.42,626
2026-04-20T11:55:00+00:00,114.321,114.5,114.28,114.5,816
2026-04-20T12:00:00+00:00,114.5,114.5,114.4,114.5,2152
2026-04-20T12:05:00+00:00,114.5,114.5,114.43,114.43,505
2026-04-20T12:10:00+00:00,114.6,114.65,114.6,114.63,2345
2026-04-20T12:15:00+00:00,114.52,114.92,114.52,114.92,2287
2026-04-20T12:20:00+00:00,114.92,114.92,114.73,114.73,1441
2026-04-20T12:25:00+00:00,114.65,114.8,114.5,114.8,2223
2026-04-20T12:30:00+00:00,114.85,115.0,114.85,114.92,3140
2026-04-20T12:35:00+00:00,115.05,115.1,114.91,115.0,3199
2026-04-20T12:40:00+00:00,115.07,115.3,115.07,115.18,1183
2026-04-20T12:45:00+00:00,115.18,115.25,114.9,115.05,9356
2026-04-20T12:50:00+00:00,115.3,115.43,115.15,115.15,2084
2026-04-20T12:55:00+00:00,115.2,115.2,115.2,115.2,668
2026-04-20T13:00:00+00:00,115.2,115.42,115.2,115.42,2511
2026-04-20T13:05:00+00:00,115.41,115.6,115.1,115.38,4409
2026-04-20T13:10:00+00:00,115.38,115.5,115.2,115.23,2244
2026-04-20T13:15:00+00:00,115.33,115.35,115.3,115.3,1890
2026-04-20T13:20:00+00:00,115.3,115.3,115.1,115.3,3544
2026-04-20T13:25:00+00:00,115.1,116.15,114.99,116.15,8569
2026-04-20T13:30:00+00:00,116.5,117.95,112.65,113.42,690675
2026-04-20T13:35:00+00:00,113.39,113.8,112.8,112.82,242094
2026-04-20T13:40:00+00:00,112.81,113.0,112.09,112.39,209548
2026-04-20T13:45:00+00:00,112.395,112.395,110.63,111.26,534105
2026-04-20T13:50:00+00:00,111.3,112.6,111.19,112.33,224561
2026-04-20T13:55:00+00:00,112.32,113.12,111.97,112.78,476568
2026-04-20T14:00:00+00:00,112.78,114.38,112.65,113.87,155248
2026-04-20T14:05:00+00:00,113.88,113.96,113.275,113.96,88866
2026-04-20T14:10:00+00:00,113.99,114.57,113.89,114.3,98683
2026-04-20T14:15:00+00:00,114.25,114.35,113.97,114.3,66552
2026-04-20T14:20:00+00:00,114.34,114.77,114.08,114.53,62170
2026-04-20T14:25:00+00:00,114.54,114.54,113.45,113.57,74759
2026-04-20T14:30:00+00:00,113.525,114.29,113.43,114.0,46279
2026-04-20T14:35:00+00:00,114.01,114.52,113.8,113.93,47729
2026-04-20T14:40:00+00:00,113.905,114.1,113.41,113.85,62586
2026-04-20T14:45:00+00:00,113.84,115.14,113.84,115.13,163889
2026-04-20T14:50:00+00:00,115.15,115.21,113.96,114.18,101127
2026-04-20T14:55:00+00:00,114.18,114.18,113.48,113.55,66277
2026-04-20T15:00:00+00:00,113.6,113.91,113.1,113.405,83105
2026-04-20T15:05:00+00:00,113.36,113.6,112.82,113.55,106331
2026-04-20T15:10:00+00:00,113.5,115.22,113.48,115.2,132676
2026-04-20T15:15:00+00:00,115.21,116.01,115.07,115.8,163328
2026-04-20T15:20:00+00:00,115.8,117.4,115.77,116.975,142253
2026-04-20T15:25:00+00:00,116.961,117.585,116.77,117.5,108287
2026-04-20T15:30:00+00:00,117.5,117.61,117.13,117.24,76767
2026-04-20T15:35:00+00:00,117.23,117.78,117.14,117.64,85538
2026-04-20T15:40:00+00:00,117.64,118.08,117.42,117.74,116929
2026-04-20T15:45:00+00:00,117.77,117.96,117.15,117.83,106722
2026-04-20T15:50:00+00:00,117.82,117.84,117.33,117.66,59840
2026-04-20T15:55:00+00:00,117.63,117.91,117.48,117.79,57452
2026-04-20T16:00:00+00:00,117.84,118.08,117.43,117.43,53783
2026-04-20T16:05:00+00:00,117.4,117.99,117.33,117.82,30733
2026-04-20T16:10:00+00:00,117.87,118.06,117.76,117.89,32757
2026-04-20T16:15:00+00:00,117.89,117.94,117.33,117.39,53558
2026-04-20T16:20:00+00:00,117.37,117.96,117.24,117.67,62548
2026-04-20T16:25:00+00:00,117.65,117.655,117.35,117.4,40512
2026-04-20T16:30:00+00:00,117.39,117.4,117.03,117.105,46859
2026-04-20T16:35:00+00:00,117.09,117.09,115.82,115.91,75347
2026-04-20T16:40:00+00:00,115.91,116.33,115.7,116.11,76150
2026-04-20T16:45:00+00:00,116.08,116.08,115.62,115.77,37362
2026-04-20T16:50:00+00:00,115.74,115.85,115.01,115.18,50708
2026-04-20T16:55:00+00:00,115.18,115.38,114.93,115.31,67420
2026-04-20T17:00:00+00:00,115.36,116.48,115.08,116.3,118285
2026-04-20T17:05:00+00:00,116.3,116.6,116.16,116.3,48823
2026-04-20T17:10:00+00:00,116.31,117.54,116.31,117.0,106386
2026-04-20T17:15:00+00:00,116.96,117.2,116.8,117.08,50666
2026-04-20T17:20:00+00:00,117.06,117.06,116.71,116.93,21610
2026-04-20T17:25:00+00:00,116.925,117.155,116.64,116.77,51558
2026-04-20T17:30:00+00:00,116.78,116.86,116.43,116.65,29389
2026-04-20T17:35:00+00:00,116.61,116.68,116.39,116.53,25459
2026-04-20T17:40:00+00:00,116.44,116.63,116.4,116.49,19729
2026-04-20T17:45:00+00:00,116.53,116.6,116.375,116.53,18347
2026-04-20T17:50:00+00:00,116.54,116.75,116.42,116.56,22497
2026-04-20T17:55:00+00:00,116.51,116.7,116.51,116.62,50462
2026-04-20T18:00:00+00:00,116.64,117.09,116.56,117.09,58501
2026-04-20T18:05:00+00:00,117.1,117.29,116.94,117.15,38470
2026-04-20T18:10:00+00:00,117.2,117.2,116.75,116.88,38029
2026-04-20T18:15:00+00:00,116.94,117.1,116.91,117.03,27899
2026-04-20T18:20:00+00:00,117.05,117.1,116.9,117.1,35006
2026-04-20T18:25:00+00:00,117.08,117.35,116.99,117.09,53138
2026-04-20T18:30:00+00:00,117.13,117.53,116.92,117.41,52468
2026-04-20T18:35:00+00:00,117.4,117.58,117.28,117.33,19681
2026-04-20T18:40:00+00:00,117.34,117.53,117.28,117.46,25535
2026-04-20T18:45:00+00:00,117.4,117.66,117.4,117.47,34910
2026-04-20T18:50:00+00:00,117.44,117.56,117.32,117.43,44014
2026-04-20T18:55:00+00:00,117.47,117.47,117.04,117.11,46980
2026-04-20T19:00:00+00:00,117.1,117.38,117.1,117.19,27456
2026-04-20T19:05:00+00:00,117.19,117.28,117.06,117.16,26605
2026-04-20T19:10:00+00:00,117.19,117.39,117.03,117.33,30790
2026-04-20T19:15:00+00:00,117.27,117.55,117.26,117.5,34571
2026-04-20T19:20:00+00:00,117.54,117.665,117.37,117.62,38869
2026-04-20T19:25:00+00:00,117.65,117.65,117.09,117.12,37016
2026-04-20T19:30:00+00:00,117.11,117.36,116.96,116.96,37032
2026-04-20T19:35:00+00:00,116.99,117.15,116.83,116.92,43619
2026-04-20T19:40:00+00:00,116.94,116.94,116.44,116.58,44314
2026-04-20T19:45:00+00:00,116.59,116.79,116.53,116.73,45528
2026-04-20T19:50:00+00:00,116.72,117.35,116.72,117.3,123520
2026-04-20T19:55:00+00:00,117.28,117.45,116.82,117.42,379018
2026-04-20T20:00:00+00:00,117.4,117.4,117.24,117.28,2494
2026-04-20T20:05:00+00:00,117.11,117.13,117.02,117.13,4503
2026-04-20T20:10:00+00:00,117.13,117.13,117.02,117.02,1254
2026-04-20T20:15:00+00:00,117.02,117.13,117.02,117.13,392
2026-04-20T20:20:00+00:00,117.1,117.11,117.1,117.11,838
2026-04-20T20:25:00+00:00,117.11,117.11,117.04,117.04,1036
2026-04-20T20:30:00+00:00,117.0,117.15,116.96,117.15,5406
2026-04-20T20:35:00+00:00,117.34,117.35,117.29,117.34,1019
2026-04-20T20:40:00+00:00,117.34,117.34,117.34,117.34,292
2026-04-20T20:45:00+00:00,117.34,117.34,117.0,117.0,1710
2026-04-20T20:50:00+00:00,117.0,117.0,117.0,117.0,413
2026-04-20T20:55:00+00:00,116.94,116.94,116.94,116.94,896
2026-04-20T21:00:00+00:00,116.95,116.95,116.95,116.95,153
2026-04-20T21:05:00+00:00,116.95,116.95,116.88,116.88,343
2026-04-20T21:10:00+00:00,116.88,116.99,116.87,116.88,2751
2026-04-20T21:15:00+00:00,116.87,116.87,116.87,116.87,974
2026-04-20T21:20:00+00:00,116.95,116.95,116.81,116.81,408
2026-04-20T21:25:00+00:00,116.81,116.81,116.81,116.81,2259
2026-04-20T21:30:00+00:00,116.81,116.96,116.81,116.96,119
2026-04-20T21:35:00+00:00,117.0,117.0,117.0,117.0,132
2026-04-20T21:40:00+00:00,117.0,117.08,117.0,117.08,221
2026-04-20T21:45:00+00:00,117.08,117.08,117.08,117.08,1365
2026-04-20T21:50:00+00:00,117.09,117.09,117.09,117.09,534
2026-04-20T21:55:00+00:00,117.09,117.09,117.07,117.07,123
2026-04-20T22:00:00+00:00,117.05,117.08,117.05,117.07,2622
2026-04-20T22:05:00+00:00,117.07,117.07,117.07,117.07,115
2026-04-20T22:10:00+00:00,117.23,117.24,117.11,117.15,1170
2026-04-20T22:15:00+00:00,117.15,117.15,117.15,117.15,13
2026-04-20T22:20:00+00:00,117.15,117.15,117.15,117.15,150
2026-04-20T22:25:00+00:00,117.15,117.15,116.96,116.96,1313
2026-04-20T22:30:00+00:00,116.96,117.01,116.96,117.01,1655
2026-04-20T22:35:00+00:00,117.01,117.11,117.01,117.11,746
2026-04-20T22:40:00+00:00,117.11,117.11,117.11,117.11,115
2026-04-20T22:45:00+00:00,117.11,117.11,117.11,117.11,131
2026-04-20T22:50:00+00:00,117.11,117.11,117.11,117.11,109
2026-04-20T22:55:00+00:00,117.11,117.11,117.11,117.11,0
2026-04-20T23:00:00+00:00,117.2,117.2,117.17,117.17,481
2026-04-20T23:05:00+00:00,117.17,117.17,117.17,117.17,100
2026-04-20T23:10:00+00:00,117.17,117.17,117.17,117.17,22
2026-04-20T23:15:00+00:00,117.17,117.18,117.17,117.17,919
2026-04-20T23:20:00+00:00,117.17,117.27,117.17,117.27,440
2026-04-20T23:25:00+00:00,117.27,117.29,117.27,117.29,614
2026-04-20T23:30:00+00:00,117.29,117.29,117.29,117.29,61
2026-04-20T23:35:00+00:00,117.25,117.25,117.25,117.25,101
2026-04-20T23:40:00+00:00,117.11,117.11,117.11,117.11,127
2026-04-20T23:45:00+00:00,117.11,117.24,117.11,117.24,214
2026-04-20T23:50:00+00:00,117.24,117.24,117.24,117.24,52
2026-04-20T23:55:00+00:00,117.24,117.3,117.24,117.3,1701
2026-04-21T08:00:00+00:00,118.3,118.3,118.3,118.3,595
2026-04-21T08:05:00+00:00,118.65,118.65,118.39,118.39,963
2026-04-21T08:10:00+00:00,118.39,118.5,118.39,118.5,1398
2026-04-21T08:15:00+00:00,118.5,118.69,118.21,118.5,4399
2026-04-21T08:20:00+00:00,118.5,118.92,118.5,118.92,1505
2026-04-21T08:25:00+00:00,118.92,119.0,118.87,119.0,790
2026-04-21T08:30:00+00:00,119.0,119.0,118.87,118.93,2452
2026-04-21T08:35:00+00:00,118.93,119.0,118.93,119.0,650
2026-04-21T08:40:00+00:00,119.08,119.18,119.08,119.18,1839
2026-04-21T08:45:00+00:00,119.18,119.41,119.15,119.4,5809
2026-04-21T08:50:00+00:00,119.32,119.47,119.15,119.47,3102
2026-04-21T08:55:00+00:00,119.47,119.47,119.41,119.41,844
2026-04-21T09:00:00+00:00,119.3,119.3,119.17,119.17,1018
2026-04-21T09:05:00+00:00,119.17,119.17,119.01,119.01,858
2026-04-21T09:10:00+00:00,119.01,119.01,118.75,118.75,3631
2026-04-21T09:15:00+00:00,118.75,118.75,118.75,118.75,108
2026-04-21T09:20:00+00:00,118.75,118.75,118.75,118.75,26
2026-04-21T09:25:00+00:00,119.0,119.11,119.0,119.1,1915
2026-04-21T09:30:00+00:00,119.1,119.1,119.0,119.0,666
2026-04-21T09:35:00+00:00,119.06,119.06,119.06,119.06,514
2026-04-21T09:40:00+00:00,119.06,119.14,119.06,119.14,247
2026-04-21T09:45:00+00:00,119.14,119.14,119.14,119.14,74
2026-04-21T09:50:00+00:00,119.14,119.21,119.14,119.21,825
2026-04-21T09:55:00+00:00,119.21,119.21,119.21,119.21,282
2026-04-21T10:00:00+00:00,119.21,119.21,119.21,119.21,62
2026-04-21T10:05:00+00:00,119.47,119.48,119.47,119.48,409
2026-04-21T10:10:00+00:00,119.46,119.48,119.46,119.48,1155
2026-04-21T10:15:00+00:00,119.48,119.48,119.35,119.35,1092
2026-04-21T10:20:00+00:00,119.35,119.35,119.35,119.35,347
2026-04-21T10:25:00+00:00,119.35,119.35,119.35,119.35,345
2026-04-21T10:30:00+00:00,119.39,119.46,119.39,119.46,1668
2026-04-21T10:35:00+00:00,119.46,119.46,119.46,119.46,93
2026-04-21T10:40:00+00:00,119.46,119.46,119.46,119.46,184
2026-04-21T10:45:00+00:00,119.46,119.46,119.42,119.42,432
2026-04-21T10:50:00+00:00,119.42,119.43,119.3,119.3,2089
2026-04-21T10:55:00+00:00,119.12,119.22,119.12,119.21,2255
2026-04-21T11:00:00+00:00,119.18,119.42,119.17,119.42,3036
2026-04-21T11:05:00+00:00,119.43,119.43,119.25,119.25,1735
2026-04-21T11:10:00+00:00,119.3,119.35,119.23,119.23,1123
2026-04-21T11:15:00+00:00,119.25,119.3,119.18,119.3,1693
2026-04-21T11:20:00+00:00,119.3,119.3,119.21,119.21,649
2026-04-21T11:25:00+00:00,119.23,119.4,119.1,119.4,2397
2026-04-21T11:30:00+00:00,119.42,119.56,119.42,119.56,4548
2026-04-21T11:35:00+00:00,119.53,119.56,119.43,119.45,2509
2026-04-21T11:40:00+00:00,119.45,119.55,119.45,119.5,1230
2026-04-21T11:45:00+00:00,119.5,120.0,119.5,119.99,8671
2026-04-21T11:50:00+00:00,119.99,119.99,119.77,119.8,4424
2026-04-21T11:55:00+00:00,119.85,119.96,119.85,119.88,3034
2026-04-21T12:00:00+00:00,119.85,119.94,119.85,119.85,3543
2026-04-21T12:05:00+00:00,119.85,119.85,119.64,119.7,4346
2026-04-21T12:10:00+00:00,119.71,119.82,119.7,119.7,2225
2026-04-21T12:15:00+00:00,119.7,119.7,119.5,119.51,7177
2026-04-21T12:20:00+00:00,119.5,119.55,119.5,119.55,2876
2026-04-21T12:25:00+00:00,119.52,119.8,119.5,119.8,2468
2026-04-21T12:30:00+00:00,119.85,119.85,119.76,119.76,1176
2026-04-21T12:35:00+00:00,119.76,119.76,119.4,119.4,4509
2026-04-21T12:40:00+00:00,119.4,119.4,119.1,119.1,1790
2026-04-21T12:45:00+00:00,119.1,119.28,119.08,119.18,3946
2026-04-21T12:50:00+00:00,119.18,119.18,118.71,118.8,12766
2026-04-21T12:55:00+00:00,118.97,118.97,118.79,118.8,1660
2026-04-21T13:00:00+00:00,118.88,118.97,118.88,118.97,878
2026-04-21T13:05:00+00:00,118.8,118.8,118.5,118.5,3182
2026-04-21T13:10:00+00:00,118.5,118.5,118.29,118.4,6661
2026-04-21T13:15:00+00:00,118.4,118.4,118.27,118.27,1181
2026-04-21T13:20:00+00:00,118.27,118.5,118.22,118.44,4328
2026-04-21T13:25:00+00:00,118.46,118.5,117.97,118.36,10602
2026-04-21T13:30:00+00:00,118.28,120.77,118.0,119.16,541693
2026-04-21T13:35:00+00:00,119.32,119.72,118.51,119.03,139313
2026-04-21T13:40:00+00:00,119.0,119.75,118.5,118.6,154193
2026-04-21T13:45:00+00:00,118.61,118.71,117.16,117.39,136029
2026-04-21T13:50:00+00:00,117.4,117.715,116.47,117.48,76522
2026-04-21T13:55:00+00:00,117.41,118.26,117.4,118.26,40307
2026-04-21T14:00:00+00:00,118.28,118.385,117.7,117.87,52887
2026-04-21T14:05:00+00:00,117.9,118.33,117.73,118.06,100962
2026-04-21T14:10:00+00:00,117.99,118.2,117.5,118.2,56922
2026-04-21T14:15:00+00:00,118.2,118.46,117.9,117.9,53832
2026-04-21T14:20:00+00:00,117.9,118.21,117.77,118.09,20529
2026-04-21T14:25:00+00:00,118.1,118.35,117.8,117.91,39293
2026-04-21T14:30:00+00:00,117.95,118.17,117.3,118.03,64911
2026-04-21T14:35:00+00:00,118.02,118.38,117.95,118.32,47952
2026-04-21T14:40:00+00:00,118.39,118.75,118.21,118.59,85248
2026-04-21T14:45:00+00:00,118.55,118.55,117.9,117.9,36102
2026-04-21T14:50:00+00:00,117.91,118.13,117.65,117.98,52184
2026-04-21T14:55:00+00:00,117.89,117.89,116.53,116.65,91411
2026-04-21T15:00:00+00:00,116.71,116.93,116.1,116.2,117577
2026-04-21T15:05:00+00:00,116.175,117.06,115.76,117.06,83782
2026-04-21T15:10:00+00:00,117.05,117.68,117.0,117.3,48284
2026-04-21T15:15:00+00:00,117.33,117.9,117.1,117.82,36882
2026-04-21T15:20:00+00:00,117.9,117.9,116.97,117.02,60938
2026-04-21T15:25:00+00:00,117.01,117.01,116.35,116.43,39272
2026-04-21T15:30:00+00:00,116.48,116.82,116.35,116.45,32808
2026-04-21T15:35:00+00:00,116.36,116.36,115.59,116.29,49365
2026-04-21T15:40:00+00:00,116.3,116.55,116.17,116.47,25062
2026-04-21T15:45:00+00:00,116.47,116.63,116.31,116.39,16244
2026-04-21T15:50:00+00:00,116.3,116.3,115.67,115.7,28909
2026-04-21T15:55:00+00:00,115.72,115.91,115.52,115.83,31806
2026-04-21T16:00:00+00:00,115.83,116.57,115.83,116.31,45645
2026-04-21T16:05:00+00:00,116.33,116.6,116.33,116.51,21078
2026-04-21T16:10:00+00:00,116.46,116.47,115.78,115.88,26037
2026-04-21T16:15:00+00:00,115.95,116.25,115.9,116.21,11174
2026-04-21T16:20:00+00:00,116.21,116.26,115.91,115.94,18330
2026-04-21T16:25:00+00:00,115.92,115.97,115.51,115.53,29885
2026-04-21T16:30:00+00:00,115.52,116.23,115.52,116.145,43632
2026-04-21T16:35:00+00:00,116.18,116.43,115.75,115.81,28482
2026-04-21T16:40:00+00:00,115.89,115.98,115.47,115.75,39714
2026-04-21T16:45:00+00:00,115.72,116.67,115.72,116.66,40979
2026-04-21T16:50:00+00:00,116.64,116.65,116.28,116.28,20998
2026-04-21T16:55:00+00:00,116.25,116.25,115.78,115.87,39323
2026-04-21T17:00:00+00:00,116.0,116.58,116.0,116.515,22241
2026-04-21T17:05:00+00:00,116.51,116.51,115.65,116.0,33689
2026-04-21T17:10:00+00:00,115.9,115.94,115.47,115.89,37287
2026-04-21T17:15:00+00:00,115.7,116.0,115.28,115.49,36946
2026-04-21T17:20:00+00:00,115.39,115.68,115.2,115.49,42083
2026-04-21T17:25:00+00:00,115.49,115.8,115.11,115.25,37330
2026-04-21T17:30:00+00:00,115.24,115.8,115.21,115.64,28294
2026-04-21T17:35:00+00:00,115.71,116.6,115.58,116.46,41304
2026-04-21T17:40:00+00:00,116.44,116.75,116.24,116.3,27577
2026-04-21T17:45:00+00:00,116.22,116.451,116.14,116.24,20628
2026-04-21T17:50:00+00:00,116.26,116.57,115.97,116.12,16126
2026-04-21T17:55:00+00:00,115.98,116.09,115.74,116.09,17982
2026-04-21T18:00:00+00:00,116.09,116.31,116.09,116.23,16494
2026-04-21T18:05:00+00:00,116.18,116.18,115.96,116.04,19712
2026-04-21T18:10:00+00:00,116.0,116.2,115.86,116.2,14234
2026-04-21T18:15:00+00:00,116.23,116.34,115.52,115.91,35404
2026-04-21T18:20:00+00:00,115.86,116.06,115.74,115.79,16910
2026-04-21T18:25:00+00:00,115.68,115.81,115.25,115.43,38189
2026-04-21T18:30:00+00:00,115.42,115.85,115.42,115.62,16379
2026-04-21T18:35:00+00:00,115.62,115.73,115.42,115.51,14417
2026-04-21T18:40:00+00:00,115.51,115.54,115.25,115.45,20558
2026-04-21T18:45:00+00:00,115.45,115.67,115.44,115.45,14577
2026-04-21T18:50:00+00:00,115.4,116.04,115.26,116.0,26365
2026-04-21T18:55:00+00:00,115.89,115.97,115.54,115.77,18087
2026-04-21T19:00:00+00:00,115.78,116.0,115.67,115.8,18481
2026-04-21T19:05:00+00:00,115.86,115.92,115.46,115.6,23599
2026-04-21T19:10:00+00:00,115.61,115.82,115.18,115.2,37149
2026-04-21T19:15:00+00:00,115.28,115.43,115.05,115.25,50671
2026-04-21T19:20:00+00:00,115.28,115.57,115.28,115.33,21639
2026-04-21T19:25:00+00:00,115.35,115.83,115.35,115.81,39236
2026-04-21T19:30:00+00:00,115.76,116.11,115.7,115.77,50329
2026-04-21T19:35:00+00:00,115.7,115.8,115.3,115.74,47617
2026-04-21T19:40:00+00:00,115.75,115.88,113.81,114.24,125803
2026-04-21T19:45:00+00:00,114.28,115.18,114.2,115.05,99774
2026-04-21T19:50:00+00:00,115.07,115.21,114.56,115.06,74845
2026-04-21T19:55:00+00:00,115.07,115.4,114.92,115.15,198447
2026-04-21T20:00:00+00:00,115.2,115.35,114.95,114.97,10315
2026-04-21T20:05:00+00:00,114.97,115.4,114.9,114.9,5913
2026-04-21T20:10:00+00:00,115.15,116.27,115.15,116.15,17652
2026-04-21T20:15:00+00:00,116.0,116.5,116.0,116.0,10847
2026-04-21T20:20:00+00:00,116.0,116.65,116.0,116.6,3657
2026-04-21T20:25:00+00:00,116.56,116.57,116.2,116.2,1761
2026-04-21T20:30:00+00:00,116.2,116.38,116.2,116.38,4731
2026-04-21T20:35:00+00:00,116.38,116.4,116.22,116.4,340
2026-04-21T20:40:00+00:00,116.4,116.4,116.3,116.3,1108
2026-04-21T20:45:00+00:00,116.3,116.4,116.15,116.4,1010
2026-04-21T20:50:00+00:00,116.39,116.4,116.39,116.4,389
2026-04-21T20:55:00+00:00,116.4,116.4,116.26,116.26,1177
2026-04-21T21:00:00+00:00,116.21,116.21,116.21,116.21,426
2026-04-21T21:05:00+00:00,116.4,116.4,116.4,116.4,315
2026-04-21T21:10:00+00:00,116.25,116.31,116.25,116.31,327
2026-04-21T21:15:00+00:00,116.3,116.3,116.3,116.3,435
2026-04-21T21:20:00+00:00,116.3,116.39,116.3,116.39,724
2026-04-21T21:25:00+00:00,116.27,116.27,116.22,116.22,535
2026-04-21T21:30:00+00:00,116.22,116.28,116.22,116.28,163
2026-04-21T21:35:00+00:00,116.28,116.28,116.28,116.28,7
2026-04-21T21:40:00+00:00,116.28,116.28,116.28,116.28,700
2026-04-21T21:45:00+00:00,116.28,116.38,116.28,116.379,806
2026-04-21T21:50:00+00:00,116.4,116.45,116.4,116.45,3042
2026-04-21T21:55:00+00:00,116.45,116.45,116.4,116.4,488
2026-04-21T22:00:00+00:00,116.4,116.64,116.4,116.64,2249
2026-04-21T22:05:00+00:00,116.64,116.68,116.64,116.68,680
2026-04-21T22:10:00+00:00,116.68,116.7,116.68,116.69,2205
2026-04-21T22:15:00+00:00,116.69,116.69,116.69,116.69,92
2026-04-21T22:20:00+00:00,116.69,116.9,116.69,116.9,3427
2026-04-21T22:25:00+00:00,116.69,116.7,116.69,116.7,398
2026-04-21T22:30:00+00:00,116.73,116.73,116.73,116.73,150
2026-04-21T22:35:00+00:00,116.73,116.73,116.73,116.73,215
2026-04-21T22:40:00+00:00,116.73,116.73,116.73,116.73,55
2026-04-21T22:45:00+00:00,116.73,116.81,116.73,116.77,1409
2026-04-21T22:50:00+00:00,116.77,116.77,116.7,116.7,564
2026-04-21T22:55:00+00:00,116.7,116.7,116.65,116.65,264
2026-04-21T23:00:00+00:00,116.65,116.65,116.65,116.65,47
2026-04-21T23:05:00+00:00,116.6,116.6,116.5,116.5,4631
2026-04-21T23:10:00+00:00,116.5,116.5,116.49,116.49,588
2026-04-21T23:15:00+00:00,116.6,116.61,116.6,116.61,595
2026-04-21T23:20:00+00:00,116.61,116.68,116.61,116.68,347
2026-04-21T23:25:00+00:00,116.68,116.68,116.68,116.68,250
2026-04-21T23:30:00+00:00,116.68,116.86,116.68,116.86,1654
2026-04-21T23:35:00+00:00,116.84,116.89,116.81,116.81,1104
2026-04-21T23:40:00+00:00,116.81,116.81,116.81,116.81,250
2026-04-21T23:45:00+00:00,116.72,116.85,116.72,116.85,1366
2026-04-21T23:50:00+00:00,116.85,117.0,116.84,117.0,6841
2026-04-21T23:55:00+00:00,117.0,117.0,116.88,116.88,1264
2026-04-22T08:00:00+00:00,118.2,118.25,118.2,118.25,1469
2026-04-22T08:05:00+00:00,118.0,118.06,117.97,117.97,1456
2026-04-22T08:10:00+00:00,118.0,118.03,118.0,118.0,1242
2026-04-22T08:15:00+00:00,118.0,118.01,117.93,117.93,2189
2026-04-22T08:20:00+00:00,117.93,117.93,117.93,117.93,431
2026-04-22T08:25:00+00:00,117.9,117.97,117.9,117.95,2475
2026-04-22T08:30:00+00:00,117.94,117.94,117.89,117.89,2240
2026-04-22T08:35:00+00:00,117.89,117.89,117.66,117.67,2720
2026-04-22T08:40:00+00:00,117.5,117.74,117.28,117.74,1779
2026-04-22T08:45:00+00:00,117.74,117.89,117.57,117.57,1246
2026-04-22T08:50:00+00:00,117.57,117.59,117.5,117.5,1864
2026-04-22T08:55:00+00:00,117.5,117.69,117.5,117.69,1243
2026-04-22T09:00:00+00:00,117.79,117.8,117.5,117.5,2106
2026-04-22T09:05:00+00:00,117.5,117.5,117.5,117.5,185
2026-04-22T09:10:00+00:00,117.5,117.89,117.5,117.65,3454
2026-04-22T09:15:00+00:00,117.78,117.78,117.78,117.78,340
2026-04-22T09:20:00+00:00,117.78,117.78,117.69,117.69,2181
2026-04-22T09:25:00+00:00,117.69,117.8,117.69,117.8,1586
2026-04-22T09:30:00+00:00,117.8,117.8,117.8,117.8,9690
2026-04-22T09:35:00+00:00,117.8,117.8,117.8,117.8,198
2026-04-22T09:40:00+00:00,117.8,117.8,117.8,117.8,1
2026-04-22T09:45:00+00:00,117.8,117.9,117.8,117.9,1249
2026-04-22T09:50:00+00:00,117.9,117.9,117.9,117.9,65
2026-04-22T09:55:00+00:00,117.9,117.9,117.9,117.9,117
2026-04-22T10:00:00+00:00,117.9,117.9,117.66,117.66,1872
2026-04-22T10:05:00+00:00,117.73,117.73,117.65,117.65,925
2026-04-22T10:10:00+00:00,117.65,117.65,117.65,117.65,40
2026-04-22T10:15:00+00:00,117.6,117.7,117.6,117.7,1274
2026-04-22T10:20:00+00:00,117.7,117.7,117.65,117.7,1685
2026-04-22T10:25:00+00:00,117.7,117.8,117.7,117.8,2343
2026-04-22T10:30:00+00:00,117.95,119.0,117.85,118.92,16521
2026-04-22T10:35:00+00:00,118.91,118.91,118.5,118.5,1673
2026-04-22T10:40:00+00:00,118.5,118.5,118.48,118.48,1731
2026-04-22T10:45:00+00:00,118.4,118.5,118.4,118.5,1641
2026-04-22T10:50:00+00:00,118.42,118.7,118.41,118.7,1788
2026-04-22T10:55:00+00:00,118.7,118.7,118.28,118.45,2571
2026-04-22T11:00:00+00:00,118.1,118.34,118.0,118.34,3021
2026-04-22T11:05:00+00:00,118.3,118.36,118.03,118.03,4923
2026-04-22T11:10:00+00:00,118.15,118.3,118.15,118.24,3709
2026-04-22T11:15:00+00:00,118.25,118.3,118.23,118.3,2211
2026-04-22T11:20:00+00:00,118.3,118.47,118.3,118.47,679
2026-04-22T11:25:00+00:00,118.3,118.3,118.2,118.2,716
2026-04-22T11:30:00+00:00,118.16,118.22,118.1,118.1,1242
2026-04-22T11:35:00+00:00,118.1,118.35,118.1,118.31,3302
2026-04-22T11:40:00+00:00,118.38,118.38,118.24,118.24,1985
2026-04-22T11:45:00+00:00,118.3,118.4,118.21,118.28,1844
2026-04-22T11:50:00+00:00,118.37,118.4,118.37,118.4,1716
2026-04-22T11:55:00+00:00,118.36,118.4,118.35,118.35,4010
2026-04-22T12:00:00+00:00,118.35,118.47,118.29,118.47,3790
2026-04-22T12:05:00+00:00,118.39,118.5,118.39,118.5,1699
2026-04-22T12:10:00+00:00,118.5,118.7,118.4,118.67,7439
2026-04-22T12:15:00+00:00,118.59,118.6,118.38,118.38,12572
2026-04-22T12:20:00+00:00,118.4,118.4,118.32,118.32,2745
2026-04-22T12:25:00+00:00,118.32,118.32,118.19,118.19,2287
2026-04-22T12:30:00+00:00,118.04,118.3,118.0,118.3,11844
2026-04-22T12:35:00+00:00,118.29,118.29,118.1,118.1,5344
2026-04-22T12:40:00+00:00,118.1,118.1,118.1,118.1,213
2026-04-22T12:45:00+00:00,118.01,118.01,117.93,117.93,5433
2026-04-22T12:50:00+00:00,117.93,117.98,117.93,117.98,272
2026-04-22T12:55:00+00:00,118.05,118.23,118.05,118.23,2164
2026-04-22T13:00:00+00:00,118.09,118.3,118.08,118.12,4742
2026-04-22T13:05:00+00:00,118.1,118.16,117.91,118.08,10386
2026-04-22T13:10:00+00:00,118.08,118.08,118.08,118.08,588
2026-04-22T13:15:00+00:00,118.19,118.19,117.8,118.0,2221
2026-04-22T13:20:00+00:00,118.0,118.0,117.79,117.79,1391
2026-04-22T13:25:00+00:00,117.79,118.5,117.79,118.37,14733
2026-04-22T13:30:00+00:00,118.25,120.45,118.2,120.22,716229
2026-04-22T13:35:00+00:00,120.24,121.0,119.5,119.9,423065
2026-04-22T13:40:00+00:00,119.94,120.06,118.98,119.68,124600
2026-04-22T13:45:00+00:00,119.57,119.9,118.39,118.51,135325
2026-04-22T13:50:00+00:00,118.57,118.82,117.58,118.69,92690
2026-04-22T13:55:00+00:00,118.67,119.01,118.05,118.79,72437
2026-04-22T14:00:00+00:00,118.76,119.075,118.52,118.62,77176
2026-04-22T14:05:00+00:00,118.5,118.7,118.23,118.47,73436
2026-04-22T14:10:00+00:00,118.62,119.65,118.57,119.49,119740
2026-04-22T14:15:00+00:00,119.59,120.0,119.32,119.8,137046
2026-04-22T14:20:00+00:00,119.77,120.07,119.19,119.21,77811
2026-04-22T14:25:00+00:00,119.18,119.18,118.09,118.46,79220
2026-04-22T14:30:00+00:00,118.46,118.72,118.04,118.67,69616
2026-04-22T14:35:00+00:00,118.71,119.57,118.59,119.54,67548
2026-04-22T14:40:00+00:00,119.55,119.92,119.55,119.75,84662
2026-04-22T14:45:00+00:00,119.71,120.0,119.59,119.64,92859
2026-04-22T14:50:00+00:00,119.59,119.84,119.4,119.84,51262
2026-04-22T14:55:00+00:00,119.86,120.12,119.8,119.975,79094
2026-04-22T15:00:00+00:00,119.96,120.5,119.85,120.01,74938
2026-04-22T15:05:00+00:00,120.07,120.88,120.015,120.69,157124
2026-04-22T15:10:00+00:00,120.73,121.6,120.42,121.54,222354
2026-04-22T15:15:00+00:00,121.56,121.87,120.94,121.35,127389
2026-04-22T15:20:00+00:00,121.29,121.56,121.27,121.42,55726
2026-04-22T15:25:00+00:00,121.44,123.12,121.31,123.1,262819
2026-04-22T15:30:00+00:00,123.15,123.98,123.15,123.2,151456
2026-04-22T15:35:00+00:00,123.26,123.88,122.9,123.865,135256
2026-04-22T15:40:00+00:00,123.86,124.8,123.69,123.81,350304
2026-04-22T15:45:00+00:00,123.81,124.04,123.33,123.46,127915
2026-04-22T15:50:00+00:00,123.43,123.6,123.16,123.3,64867
2026-04-22T15:55:00+00:00,123.35,123.52,123.12,123.28,40201
2026-04-22T16:00:00+00:00,123.32,123.76,122.93,123.665,76882
2026-04-22T16:05:00+00:00,123.64,123.75,123.36,123.6,64936
2026-04-22T16:10:00+00:00,123.6,123.75,123.28,123.58,74253
2026-04-22T16:15:00+00:00,123.68,123.7,123.44,123.47,45778
2026-04-22T16:20:00+00:00,123.54,123.6,123.35,123.51,73724
2026-04-22T16:25:00+00:00,123.515,123.72,123.29,123.45,43158
2026-04-22T16:30:00+00:00,123.44,123.65,123.17,123.61,40011
2026-04-22T16:35:00+00:00,123.66,124.34,123.66,124.22,116364
2026-04-22T16:40:00+00:00,124.22,124.58,124.0,124.35,112050
2026-04-22T16:45:00+00:00,124.36,124.47,124.17,124.32,69427
2026-04-22T16:50:00+00:00,124.3,124.38,123.75,123.825,61183
2026-04-22T16:55:00+00:00,123.79,124.0,123.71,123.74,35522
2026-04-22T17:00:00+00:00,123.85,124.51,123.82,124.32,52481
2026-04-22T17:05:00+00:00,124.33,124.49,123.93,124.07,49855
2026-04-22T17:10:00+00:00,124.09,124.35,123.52,123.76,55672
2026-04-22T17:15:00+00:00,123.8,123.84,123.5,123.78,32192
2026-04-22T17:20:00+00:00,123.81,124.23,123.81,124.21,64373
2026-04-22T17:25:00+00:00,124.22,124.75,124.22,124.43,70528
2026-04-22T17:30:00+00:00,124.46,124.56,124.16,124.17,26039
2026-04-22T17:35:00+00:00,124.14,124.21,124.0,124.06,29110
2026-04-22T17:40:00+00:00,124.11,124.2,123.81,124.16,33246
2026-04-22T17:45:00+00:00,124.19,124.53,124.0,124.475,81729
2026-04-22T17:50:00+00:00,124.5,124.67,124.3,124.43,28799
2026-04-22T17:55:00+00:00,124.5,124.51,124.25,124.41,25722
2026-04-22T18:00:00+00:00,124.39,124.95,124.35,124.86,66688
2026-04-22T18:05:00+00:00,124.84,124.85,124.45,124.49,26093
2026-04-22T18:10:00+00:00,124.47,124.71,124.4,124.65,22248
2026-04-22T18:15:00+00:00,124.63,124.67,124.27,124.36,70266
2026-04-22T18:20:00+00:00,124.37,124.37,123.81,124.26,67304
2026-04-22T18:25:00+00:00,124.24,124.4,123.86,123.94,49911
2026-04-22T18:30:00+00:00,123.93,124.35,123.9,124.25,28735
2026-04-22T18:35:00+00:00,124.225,124.29,124.08,124.17,21191
2026-04-22T18:40:00+00:00,124.2,124.35,124.18,124.27,24868
2026-04-22T18:45:00+00:00,124.28,124.3,124.09,124.22,23850
2026-04-22T18:50:00+00:00,124.21,124.34,124.1,124.14,18467
2026-04-22T18:55:00+00:00,124.17,124.17,123.95,123.95,36803
2026-04-22T19:00:00+00:00,123.97,123.97,123.47,123.78,56489
2026-04-22T19:05:00+00:00,123.82,124.35,123.77,124.18,73631
2026-04-22T19:10:00+00:00,124.185,124.5,124.035,124.44,65507
2026-04-22T19:15:00+00:00,124.43,124.75,124.3,124.68,50071
2026-04-22T19:20:00+00:00,124.71,124.75,124.43,124.55,46120
2026-04-22T19:25:00+00:00,124.58,124.58,124.31,124.33,30029
2026-04-22T19:30:00+00:00,124.31,124.44,124.18,124.18,34659
2026-04-22T19:35:00+00:00,124.14,124.19,123.91,124.11,58371
2026-04-22T19:40:00+00:00,124.09,124.1,123.62,123.62,56087
2026-04-22T19:45:00+00:00,123.6,123.6,122.8,122.8,145398
2026-04-22T19:50:00+00:00,122.9,123.0,122.18,122.34,169262
2026-04-22T19:55:00+00:00,122.39,122.59,122.1,122.5,645271
2026-04-22T20:00:00+00:00,122.56,122.56,122.03,122.1,12925
2026-04-22T20:05:00+00:00,122.36,122.72,122.36,122.7,12030
2026-04-22T20:10:00+00:00,122.72,122.95,122.38,122.38,5463
2026-04-22T20:15:00+00:00,122.38,122.38,122.1,122.1,2934
2026-04-22T20:20:00+00:00,122.1,122.1,121.65,121.9,14586
2026-04-22T20:25:00+00:00,121.89,122.2,121.89,122.06,11493
2026-04-22T20:30:00+00:00,122.06,123.0,122.03,122.99,4633
2026-04-22T20:35:00+00:00,122.56,123.05,122.52,122.85,4076
2026-04-22T20:40:00+00:00,122.68,123.0,122.68,123.0,2474
2026-04-22T20:45:00+00:00,122.8,122.85,122.63,122.63,2008
2026-04-22T20:50:00+00:00,122.63,122.75,122.63,122.7,2195
2026-04-22T20:55:00+00:00,122.82,123.69,122.82,123.56,6874
2026-04-22T21:00:00+00:00,123.74,123.82,123.47,123.79,5125
2026-04-22T21:05:00+00:00,123.65,123.78,123.28,123.35,4304
2026-04-22T21:10:00+00:00,123.35,123.72,123.33,123.42,1788
2026-04-22T21:15:00+00:00,123.3,123.31,123.0,123.0,2725
2026-04-22T21:20:00+00:00,123.0,123.0,122.94,122.94,1398
2026-04-22T21:25:00+00:00,122.94,123.0,122.94,123.0,3032
2026-04-22T21:30:00+00:00,123.0,123.0,122.82,122.82,8377
2026-04-22T21:35:00+00:00,122.82,122.82,122.2,122.2,15204
2026-04-22T21:40:00+00:00,122.2,123.0,122.2,122.42,6185
2026-04-22T21:45:00+00:00,122.53,122.53,122.52,122.52,1682
2026-04-22T21:50:00+00:00,122.52,122.52,122.35,122.42,1978
2026-04-22T21:55:00+00:00,122.42,122.42,122.32,122.32,461
2026-04-22T22:00:00+00:00,122.34,122.34,122.0,122.0,2465
2026-04-22T22:05:00+00:00,121.94,121.99,121.94,121.99,831
2026-04-22T22:10:00+00:00,121.99,121.99,121.91,121.91,293
2026-04-22T22:15:00+00:00,121.91,121.91,121.91,121.91,287
2026-04-22T22:20:00+00:00,122.11,122.11,121.98,122.0,1155
2026-04-22T22:25:00+00:00,122.0,122.0,121.8,121.99,4049
2026-04-22T22:30:00+00:00,121.99,121.99,121.78,121.9,925
2026-04-22T22:35:00+00:00,121.9,121.9,121.9,121.9,183
2026-04-22T22:40:00+00:00,121.9,122.03,121.9,122.03,1395
2026-04-22T22:45:00+00:00,122.03,122.03,122.0,122.03,1546
2026-04-22T22:50:00+00:00,122.03,122.13,122.03,122.13,609
2026-04-22T22:55:00+00:00,122.13,122.13,122.06,122.06,190
2026-04-22T23:00:00+00:00,122.06,122.06,122.06,122.06,280
2026-04-22T23:05:00+00:00,122.06,122.06,122.06,122.06,40
2026-04-22T23:10:00+00:00,122.06,122.06,122.06,122.06,59
2026-04-22T23:15:00+00:00,122.06,122.16,122.06,122.16,515
2026-04-22T23:20:00+00:00,122.16,122.22,122.16,122.22,243
2026-04-22T23:25:00+00:00,122.24,122.42,122.24,122.4,841
2026-04-22T23:30:00+00:00,122.4,122.4,122.29,122.3,1659
2026-04-22T23:35:00+00:00,122.45,122.45,122.45,122.45,230
2026-04-22T23:40:00+00:00,122.45,122.45,122.2,122.2,562
2026-04-22T23:45:00+00:00,122.2,122.2,122.2,122.2,190
2026-04-22T23:50:00+00:00,122.15,122.15,122.15,122.15,444
2026-04-22T23:55:00+00:00,122.01,122.3,122.01,122.3,3363
2026-04-23T08:00:00+00:00,122.1,122.1,121.2,121.2,725
2026-04-23T08:05:00+00:00,121.2,121.21,120.58,120.58,1659
2026-04-23T08:10:00+00:00,120.7,120.7,120.66,120.66,1097
2026-04-23T08:15:00+00:00,120.66,120.66,120.66,120.66,28
2026-04-23T08:20:00+00:00,120.66,120.99,120.66,120.99,420
2026-04-23T08:25:00+00:00,120.99,120.99,120.99,120.99,482
2026-04-23T08:30:00+00:00,120.99,120.99,120.97,120.97,338
2026-04-23T08:35:00+00:00,120.97,120.97,120.97,120.97,89
2026-04-23T08:40:00+00:00,120.97,120.97,120.97,120.97,252
2026-04-23T08:45:00+00:00,120.52,120.54,120.5,120.54,1129
2026-04-23T08:50:00+00:00,120.54,120.54,120.54,120.54,252
2026-04-23T08:55:00+00:00,120.54,120.54,120.54,120.54,78
2026-04-23T09:00:00+00:00,120.5,120.53,120.2,120.22,2986
2026-04-23T09:05:00+00:00,120.08,120.1,120.08,120.09,2223
2026-04-23T09:10:00+00:00,120.28,120.3,120.28,120.3,709
2026-04-23T09:15:00+00:00,120.3,120.51,120.3,120.51,1664
2026-04-23T09:20:00+00:00,120.51,120.51,120.51,120.51,0
2026-04-23T09:25:00+00:00,120.51,120.51,120.51,120.51,51
2026-04-23T09:30:00+00:00,120.51,120.54,120.51,120.54,1872
2026-04-23T09:35:00+00:00,120.54,120.54,120.54,120.54,182
2026-04-23T09:40:00+00:00,120.54,120.54,120.54,120.54,204
2026-04-23T09:45:00+00:00,120.54,120.54,120.54,120.54,32
2026-04-23T09:50:00+00:00,120.54,120.75,120.54,120.63,708
2026-04-23T09:55:00+00:00,120.63,120.86,120.63,120.72,3697
2026-04-23T10:00:00+00:00,120.72,120.72,120.72,120.72,152
2026-04-23T10:05:00+00:00,120.72,120.72,120.62,120.62,314
2026-04-23T10:10:00+00:00,120.62,120.62,120.62,120.62,182
2026-04-23T10:15:00+00:00,120.62,120.62,120.54,120.54,631
2026-04-23T10:20:00+00:00,120.54,120.54,120.54,120.54,107
2026-04-23T10:25:00+00:00,120.54,120.54,120.54,120.54,75
2026-04-23T10:30:00+00:00,120.54,121.0,120.54,121.0,394
2026-04-23T10:35:00+00:00,121.15,121.15,120.9,120.9,1997
2026-04-23T10:40:00+00:00,120.92,120.95,120.82,120.95,874
2026-04-23T10:45:00+00:00,120.95,120.95,120.85,120.85,1314
2026-04-23T10:50:00+00:00,120.85,120.85,120.85,120.85,139
2026-04-23T10:55:00+00:00,120.85,121.0,120.85,120.98,1537
2026-04-23T11:00:00+00:00,120.98,120.98,120.98,120.98,566
2026-04-23T11:05:00+00:00,120.88,120.89,120.76,120.8,2869
2026-04-23T11:10:00+00:00,121.2,121.5,121.0,121.05,12402
2026-04-23T11:15:00+00:00,121.05,121.05,121.0,121.0,1238
2026-04-23T11:20:00+00:00,120.97,121.05,120.95,121.05,2455
2026-04-23T11:25:00+00:00,121.29,121.3,121.2,121.22,4680
2026-04-23T11:30:00+00:00,121.2,121.2,121.01,121.18,1821
2026-04-23T11:35:00+00:00,121.18,121.18,121.18,121.18,427
2026-04-23T11:40:00+00:00,121.18,121.29,121.18,121.29,1109
2026-04-23T11:45:00+00:00,121.4,121.82,121.4,121.65,2702
2026-04-23T11:50:00+00:00,121.65,121.88,121.65,121.88,977
2026-04-23T11:55:00+00:00,121.88,121.88,121.77,121.87,6863
2026-04-23T12:00:00+00:00,122.0,122.75,122.0,122.75,12802
2026-04-23T12:05:00+00:00,122.66,123.15,122.66,123.1,9315
2026-04-23T12:10:00+00:00,123.0,123.16,122.65,122.65,6483
2026-04-23T12:15:00+00:00,122.9,122.9,122.6,122.7,4066
2026-04-23T12:20:00+00:00,122.7,122.7,122.32,122.44,2451
2026-04-23T12:25:00+00:00,122.44,122.45,122.33,122.43,2946
2026-04-23T12:30:00+00:00,122.43,122.43,122.38,122.4,1444
2026-04-23T12:35:00+00:00,122.4,122.69,122.4,122.69,2045
2026-04-23T12:40:00+00:00,122.94,123.05,122.65,122.65,2877
2026-04-23T12:45:00+00:00,122.55,122.55,121.6,121.6,14208
2026-04-23T12:50:00+00:00,121.6,122.0,121.59,122.0,1705
2026-04-23T12:55:00+00:00,122.0,122.0,121.7,121.7,1003
2026-04-23T13:00:00+00:00,121.66,121.66,121.42,121.63,4588
2026-04-23T13:05:00+00:00,121.63,121.63,121.55,121.58,2330
2026-04-23T13:10:00+00:00,121.47,121.58,121.21,121.21,2826
2026-04-23T13:15:00+00:00,121.32,121.4,121.32,121.37,1598
2026-04-23T13:20:00+00:00,121.37,121.59,121.37,121.5,895
2026-04-23T13:25:00+00:00,121.71,122.0,121.52,122.0,3845
2026-04-23T13:30:00+00:00,122.0,124.2,121.53,123.01,318213
2026-04-23T13:35:00+00:00,122.98,123.94,122.38,122.91,131535
2026-04-23T13:40:00+00:00,123.01,123.32,122.25,122.3,98284
2026-04-23T13:45:00+00:00,122.32,123.13,122.17,122.84,70932
2026-04-23T13:50:00+00:00,122.73,123.16,122.33,122.39,64036
2026-04-23T13:55:00+00:00,122.4,122.49,121.16,121.41,146834
2026-04-23T14:00:00+00:00,121.39,121.4,119.84,120.71,186791
2026-04-23T14:05:00+00:00,120.72,121.5,120.67,121.38,99508
2026-04-23T14:10:00+00:00,121.38,121.43,120.04,120.15,95530
2026-04-23T14:15:00+00:00,120.14,120.98,120.095,120.65,77513
2026-04-23T14:20:00+00:00,120.655,121.3,120.555,121.06,48132
2026-04-23T14:25:00+00:00,121.1,121.8,120.99,121.56,64636
2026-04-23T14:30:00+00:00,121.59,122.32,121.59,122.06,65844
2026-04-23T14:35:00+00:00,122.03,123.22,121.95,122.63,80272
2026-04-23T14:40:00+00:00,122.61,122.8,121.71,121.97,75072
2026-04-23T14:45:00+00:00,121.95,122.69,121.95,122.44,54423
2026-04-23T14:50:00+00:00,122.4,122.46,122.11,122.14,42826
2026-04-23T14:55:00+00:00,122.15,123.04,122.15,123.0,55173
2026-04-23T15:00:00+00:00,123.0,123.2,122.4,123.13,62028
2026-04-23T15:05:00+00:00,123.11,123.38,122.475,122.865,74775
2026-04-23T15:10:00+00:00,122.865,123.155,122.8,123.08,58321
2026-04-23T15:15:00+00:00,123.09,123.63,122.8,123.24,97422
2026-04-23T15:20:00+00:00,123.29,123.59,122.9,123.35,40491
2026-04-23T15:25:00+00:00,123.35,123.35,122.72,122.8,45308
2026-04-23T15:30:00+00:00,122.88,122.91,122.415,122.65,34834
2026-04-23T15:35:00+00:00,122.62,122.74,122.27,122.32,30582
2026-04-23T15:40:00+00:00,122.26,122.43,122.05,122.25,21704
2026-04-23T15:45:00+00:00,122.18,122.18,121.4,121.445,46330
2026-04-23T15:50:00+00:00,121.41,121.6,121.09,121.32,40659
2026-04-23T15:55:00+00:00,121.37,121.77,121.35,121.7,31835
2026-04-23T16:00:00+00:00,121.73,121.83,121.27,121.285,36591
2026-04-23T16:05:00+00:00,121.27,121.41,120.95,121.0,52801
2026-04-23T16:10:00+00:00,120.98,121.3,120.95,121.12,34128
2026-04-23T16:15:00+00:00,121.14,121.19,120.6,120.71,36057
2026-04-23T16:20:00+00:00,120.65,120.65,120.06,120.39,59892
2026-04-23T16:25:00+00:00,120.36,120.59,119.79,119.82,80128
2026-04-23T16:30:00+00:00,119.8,120.24,119.68,120.18,44771
2026-04-23T16:35:00+00:00,120.23,120.52,120.04,120.18,34955
2026-04-23T16:40:00+00:00,120.2,120.48,120.15,120.48,17829
2026-04-23T16:45:00+00:00,120.49,120.76,120.305,120.7,26698
2026-04-23T16:50:00+00:00,120.63,120.94,120.58,120.65,19678
2026-04-23T16:55:00+00:00,120.73,120.95,120.55,120.84,35854
2026-04-23T17:00:00+00:00,120.8,121.23,119.81,119.92,84941
2026-04-23T17:05:00+00:00,119.95,120.21,119.5,119.57,48816
2026-04-23T17:10:00+00:00,119.54,119.56,119.01,119.07,77740
2026-04-23T17:15:00+00:00,119.07,119.07,118.42,118.56,148242
2026-04-23T17:20:00+00:00,118.545,118.85,118.25,118.5,40019
2026-04-23T17:25:00+00:00,118.46,118.99,118.25,118.34,46036
2026-04-23T17:30:00+00:00,118.29,119.17,118.26,119.14,29934
2026-04-23T17:35:00+00:00,119.12,119.26,118.15,118.52,52186
2026-04-23T17:40:00+00:00,118.32,118.32,116.67,116.71,134682
2026-04-23T17:45:00+00:00,116.77,117.0,116.15,116.84,58020
2026-04-23T17:50:00+00:00,116.82,118.36,116.36,118.1,107804
2026-04-23T17:55:00+00:00,118.16,119.0,118.08,118.89,61579
2026-04-23T18:00:00+00:00,118.84,119.67,118.75,119.17,98907
2026-04-23T18:05:00+00:00,119.16,119.7,118.98,119.26,62906
2026-04-23T18:10:00+00:00,119.3,119.73,119.13,119.64,49028
2026-04-23T18:15:00+00:00,119.6,119.68,119.12,119.21,38728
2026-04-23T18:20:00+00:00,119.21,119.3,118.89,119.12,17225
2026-04-23T18:25:00+00:00,119.09,119.12,118.74,118.95,23356
2026-04-23T18:30:00+00:00,119.0,119.19,118.94,118.99,17204
2026-04-23T18:35:00+00:00,118.95,119.27,118.8,118.9,24390
2026-04-23T18:40:00+00:00,118.895,119.06,118.66,119.035,16805
2026-04-23T18:45:00+00:00,118.98,119.04,118.76,118.81,14733
2026-04-23T18:50:00+00:00,118.76,118.76,118.42,118.64,37024
2026-04-23T18:55:00+00:00,118.6,118.6,117.755,117.88,38481
2026-04-23T19:00:00+00:00,117.8,118.22,117.8,118.15,28371
2026-04-23T19:05:00+00:00,118.15,118.35,117.87,117.88,29845
2026-04-23T19:10:00+00:00,117.89,117.92,117.33,117.75,29907
2026-04-23T19:15:00+00:00,117.765,117.9,117.1,117.14,52152
2026-04-23T19:20:00+00:00,117.16,117.28,116.91,117.24,54942
2026-04-23T19:25:00+00:00,117.2,117.61,117.11,117.52,46261
2026-04-23T19:30:00+00:00,117.49,117.49,116.84,116.91,67346
2026-04-23T19:35:00+00:00,116.9,116.99,116.59,116.65,32005
2026-04-23T19:40:00+00:00,116.74,117.1,116.74,116.93,34410
2026-04-23T19:45:00+00:00,116.9,117.58,116.89,117.58,38818
2026-04-23T19:50:00+00:00,117.52,117.55,117.0,117.07,85063
2026-04-23T19:55:00+00:00,117.1,117.49,116.97,117.43,307199
2026-04-23T20:00:00+00:00,117.49,117.93,117.15,117.39,13371
2026-04-23T20:05:00+00:00,117.45,118.0,117.38,118.0,2776
2026-04-23T20:10:00+00:00,118.0,118.0,117.82,117.82,2731
2026-04-23T20:15:00+00:00,117.75,117.76,117.62,117.62,2469
2026-04-23T20:20:00+00:00,117.62,117.92,117.62,117.9,1704
2026-04-23T20:25:00+00:00,117.94,118.08,117.94,117.99,1786
2026-04-23T20:30:00+00:00,117.99,118.15,117.99,118.15,2411
2026-04-23T20:35:00+00:00,118.15,118.15,118.1,118.15,2642
2026-04-23T20:40:00+00:00,118.15,118.3,118.15,118.26,2229
2026-04-23T20:45:00+00:00,118.26,118.26,118.1,118.1,1158
2026-04-23T20:50:00+00:00,118.1,118.1,118.1,118.1,100
2026-04-23T20:55:00+00:00,118.1,118.1,118.1,118.1,480
2026-04-23T21:00:00+00:00,118.1,118.1,117.8,117.95,765
2026-04-23T21:05:00+00:00,117.95,117.95,117.83,117.83,233
2026-04-23T21:10:00+00:00,118.09,118.1,118.09,118.1,595
2026-04-23T21:15:00+00:00,118.1,118.17,118.1,118.17,388
2026-04-23T21:20:00+00:00,118.17,118.28,118.17,118.28,2023
2026-04-23T21:25:00+00:00,118.22,118.4,118.22,118.4,4912
2026-04-23T21:30:00+00:00,118.4,118.5,118.4,118.5,659
2026-04-23T21:35:00+00:00,118.5,118.8,118.5,118.79,1569
2026-04-23T21:40:00+00:00,118.79,118.85,118.77,118.85,1995
2026-04-23T21:45:00+00:00,118.93,118.97,118.88,118.88,1815
2026-04-23T21:50:00+00:00,118.88,118.88,118.55,118.55,213
2026-04-23T21:55:00+00:00,118.55,118.71,118.55,118.71,376
2026-04-23T22:00:00+00:00,118.71,118.71,118.71,118.71,328
2026-04-23T22:05:00+00:00,118.75,118.98,118.74,118.74,1523
2026-04-23T22:10:00+00:00,118.8,118.8,118.8,118.8,1007
2026-04-23T22:15:00+00:00,118.8,119.01,118.8,119.0,3375
2026-04-23T22:20:00+00:00,119.0,119.2,119.0,119.14,1052
2026-04-23T22:25:00+00:00,119.14,119.14,119.08,119.08,195
2026-04-23T22:30:00+00:00,119.08,119.2,119.08,119.2,555
2026-04-23T22:35:00+00:00,119.2,119.2,119.14,119.14,345
2026-04-23T22:40:00+00:00,119.06,119.2,119.06,119.2,607
2026-04-23T22:45:00+00:00,119.2,119.25,119.2,119.25,951
2026-04-23T22:50:00+00:00,119.25,119.25,118.94,118.94,1033
2026-04-23T22:55:00+00:00,118.96,118.98,118.61,118.98,6116
2026-04-23T23:00:00+00:00,118.98,118.98,118.89,118.89,682
2026-04-23T23:05:00+00:00,118.72,118.74,118.7,118.72,1556
2026-04-23T23:10:00+00:00,118.72,118.91,118.7,118.91,7218
2026-04-23T23:15:00+00:00,118.64,118.64,118.64,118.64,276
2026-04-23T23:20:00+00:00,118.64,118.64,118.64,118.64,234
2026-04-23T23:25:00+00:00,118.99,119.0,118.99,119.0,1162
2026-04-23T23:30:00+00:00,119.0,119.1,119.0,119.1,6336
2026-04-23T23:35:00+00:00,119.13,119.13,119.13,119.13,259
2026-04-23T23:40:00+00:00,119.13,119.13,119.13,119.13,111
2026-04-23T23:45:00+00:00,119.13,119.17,119.13,119.17,356
2026-04-23T23:50:00+00:00,119.06,119.22,119.06,119.22,568
2026-04-23T23:55:00+00:00,119.05,119.05,119.05,119.05,169
2026-04-24T08:00:00+00:00,120.97,120.97,120.97,120.97,253
2026-04-24T08:05:00+00:00,118.97,119.0,118.8,118.8,3427
2026-04-24T08:10:00+00:00,118.8,119.0,118.8,119.0,689
2026-04-24T08:15:00+00:00,119.0,119.35,119.0,119.35,574
2026-04-24T08:20:00+00:00,119.35,119.64,119.35,119.64,700
2026-04-24T08:25:00+00:00,119.64,119.64,119.47,119.5,2911
2026-04-24T08:30:00+00:00,119.4,119.82,119.37,119.78,2996
2026-04-24T08:35:00+00:00,119.76,119.76,119.5,119.5,1406
2026-04-24T08:40:00+00:00,119.59,119.59,119.59,119.59,575
2026-04-24T08:45:00+00:00,119.59,119.59,119.59,119.59,56
2026-04-24T08:50:00+00:00,119.59,119.59,119.5,119.5,300
2026-04-24T08:55:00+00:00,119.5,119.51,119.5,119.5,350
2026-04-24T09:00:00+00:00,119.5,119.5,119.5,119.5,152
2026-04-24T09:05:00+00:00,119.5,119.5,119.5,119.5,132
2026-04-24T09:10:00+00:00,119.13,119.6,119.13,119.6,1180
2026-04-24T09:15:00+00:00,119.64,119.64,119.6,119.6,440
2026-04-24T09:20:00+00:00,119.6,119.6,119.42,119.42,1346
2026-04-24T09:25:00+00:00,119.43,119.43,119.42,119.42,609
2026-04-24T09:30:00+00:00,119.5,119.5,119.5,119.5,144
2026-04-24T09:35:00+00:00,119.5,119.5,119.5,119.5,69
2026-04-24T09:40:00+00:00,119.5,119.78,119.5,119.78,848
2026-04-24T09:45:00+00:00,119.78,119.84,119.78,119.84,1216
2026-04-24T09:50:00+00:00,119.71,119.71,119.5,119.5,610
2026-04-24T09:55:00+00:00,119.5,119.5,119.5,119.5,619
2026-04-24T10:00:00+00:00,119.5,119.8,119.5,119.8,3099
2026-04-24T10:05:00+00:00,119.75,119.8,119.71,119.71,1291
2026-04-24T10:10:00+00:00,119.7,119.76,119.69,119.76,1299
2026-04-24T10:15:00+00:00,119.76,120.22,119.76,120.22,1820
2026-04-24T10:20:00+00:00,120.34,120.48,120.2,120.2,3002
2026-04-24T10:25:00+00:00,120.2,120.5,120.2,120.5,3057
2026-04-24T10:30:00+00:00,120.5,120.5,120.28,120.28,888
2026-04-24T10:35:00+00:00,120.28,120.4,120.19,120.19,2886
2026-04-24T10:40:00+00:00,120.19,120.3,120.17,120.17,1035
2026-04-24T10:45:00+00:00,120.1,120.1,120.04,120.1,533
2026-04-24T10:50:00+00:00,120.1,120.1,119.9,120.05,1171
2026-04-24T10:55:00+00:00,120.0,120.0,120.0,120.0,859
2026-04-24T11:00:00+00:00,120.0,120.32,120.0,120.32,3107
2026-04-24T11:05:00+00:00,120.42,120.6,120.42,120.6,3686
2026-04-24T11:10:00+00:00,120.6,120.75,120.47,120.75,4191
2026-04-24T11:15:00+00:00,120.66,120.75,120.57,120.6,11169
2026-04-24T11:20:00+00:00,120.6,120.91,120.6,120.91,2818
2026-04-24T11:25:00+00:00,120.91,121.25,120.91,121.0,19566
2026-04-24T11:30:00+00:00,121.2,121.2,120.94,120.94,5733
2026-04-24T11:35:00+00:00,120.94,120.94,120.5,120.5,4401
2026-04-24T11:40:00+00:00,120.5,120.5,120.25,120.4,4952
2026-04-24T11:45:00+00:00,120.27,120.27,119.98,120.25,18819
2026-04-24T11:50:00+00:00,120.1,120.48,120.1,120.48,1294
2026-04-24T11:55:00+00:00,120.48,120.48,120.18,120.18,843
2026-04-24T12:00:00+00:00,120.31,120.35,120.2,120.2,1367
2026-04-24T12:05:00+00:00,120.45,120.5,120.45,120.5,1550
2026-04-24T12:10:00+00:00,120.5,120.5,120.4,120.4,3351
2026-04-24T12:15:00+00:00,120.4,120.49,120.01,120.25,5404
2026-04-24T12:20:00+00:00,120.25,120.25,119.85,119.85,4545
2026-04-24T12:25:00+00:00,119.85,120.2,119.85,120.2,1140
2026-04-24T12:30:00+00:00,119.99,120.07,119.85,119.89,3131
2026-04-24T12:35:00+00:00,119.75,119.75,119.5,119.5,4423
2026-04-24T12:40:00+00:00,119.5,119.81,119.5,119.65,7994
2026-04-24T12:45:00+00:00,119.64,119.9,119.52,119.52,1796
2026-04-24T12:50:00+00:00,119.52,119.52,118.97,119.05,3768
2026-04-24T12:55:00+00:00,119.21,119.72,119.21,119.69,25988
2026-04-24T13:00:00+00:00,119.65,119.8,119.65,119.8,863
2026-04-24T13:05:00+00:00,119.8,119.96,119.8,119.87,3589
2026-04-24T13:10:00+00:00,119.87,120.0,119.8,120.0,1149
2026-04-24T13:15:00+00:00,120.15,120.19,120.11,120.19,976
2026-04-24T13:20:00+00:00,120.4,120.44,120.2,120.29,3750
2026-04-24T13:25:00+00:00,120.28,120.98,119.75,120.97,20921
2026-04-24T13:30:00+00:00,120.97,121.0,117.25,117.415,299460
2026-04-24T13:35:00+00:00,117.34,117.41,115.74,116.31,193722
2026-04-24T13:40:00+00:00,116.47,116.76,115.54,116.34,162294
2026-04-24T13:45:00+00:00,116.5,117.225,116.195,116.64,100694
2026-04-24T13:50:00+00:00,116.715,117.0,115.43,115.6,107744
2026-04-24T13:55:00+00:00,115.59,116.62,114.77,116.55,110637
2026-04-24T14:00:00+00:00,116.5,116.96,115.26,115.5,67077
2026-04-24T14:05:00+00:00,115.56,116.4,115.54,116.31,66218
2026-04-24T14:10:00+00:00,116.25,116.71,115.92,115.97,40786
2026-04-24T14:15:00+00:00,115.9,116.0,115.0,115.23,101268
2026-04-24T14:20:00+00:00,115.24,115.31,114.45,114.67,74135
2026-04-24T14:25:00+00:00,114.61,114.77,113.44,113.65,118737
2026-04-24T14:30:00+00:00,113.7,113.84,112.52,113.28,136667
2026-04-24T14:35:00+00:00,113.35,113.68,112.8,113.42,76203
2026-04-24T14:40:00+00:00,113.47,114.64,113.47,114.47,93141
2026-04-24T14:45:00+00:00,114.4,114.43,113.75,114.11,61928
2026-04-24T14:50:00+00:00,114.04,114.26,113.4,113.43,68964
2026-04-24T14:55:00+00:00,113.5,113.9,113.42,113.72,41250
2026-04-24T15:00:00+00:00,113.75,114.17,113.45,113.75,49605
2026-04-24T15:05:00+00:00,113.78,113.85,112.28,112.33,351555
2026-04-24T15:10:00+00:00,112.325,112.85,111.53,112.85,380329
2026-04-24T15:15:00+00:00,112.87,113.14,112.65,112.795,59082
2026-04-24T15:20:00+00:00,112.75,113.13,112.55,112.995,50809
2026-04-24T15:25:00+00:00,112.97,113.1,112.55,113.03,43496
2026-04-24T15:30:00+00:00,113.01,113.37,112.61,112.61,78221
2026-04-24T15:35:00+00:00,112.6,112.61,112.1,112.25,66208
2026-04-24T15:40:00+00:00,112.32,113.15,112.21,113.03,95447
2026-04-24T15:45:00+00:00,112.99,113.62,112.8,113.095,62721
2026-04-24T15:50:00+00:00,113.19,113.51,112.97,113.24,55690
2026-04-24T15:55:00+00:00,113.29,113.46,112.871,112.871,34829
2026-04-24T16:00:00+00:00,112.89,112.89,111.89,112.18,68152
2026-04-24T16:05:00+00:00,112.12,112.26,111.59,112.05,49153
2026-04-24T16:10:00+00:00,112.09,112.23,111.29,111.29,73091
2026-04-24T16:15:00+00:00,111.27,111.27,108.88,109.5,821907
2026-04-24T16:20:00+00:00,109.56,110.29,109.47,110.28,92640
2026-04-24T16:25:00+00:00,110.3,110.57,109.55,109.82,97977
2026-04-24T16:30:00+00:00,109.9,110.76,109.9,110.61,71984
2026-04-24T16:35:00+00:00,110.63,110.77,109.335,109.975,553411
2026-04-24T16:40:00+00:00,109.97,110.14,109.16,109.26,53763
2026-04-24T16:45:00+00:00,109.3,109.36,108.1,108.21,113092
2026-04-24T16:50:00+00:00,108.25,108.3,107.14,107.61,144168
2026-04-24T16:55:00+00:00,107.625,108.24,107.41,107.41,123985
2026-04-24T17:00:00+00:00,107.41,107.45,106.695,106.95,131876
2026-04-24T17:05:00+00:00,106.92,107.36,106.51,106.93,167895
2026-04-24T17:10:00+00:00,106.96,108.27,106.54,108.16,114427
2026-04-24T17:15:00+00:00,108.13,108.57,107.93,108.22,78979
2026-04-24T17:20:00+00:00,108.295,108.67,108.14,108.66,59634
2026-04-24T17:25:00+00:00,108.63,108.82,108.44,108.6,100033
2026-04-24T17:30:00+00:00,108.6,108.61,107.93,108.49,66886
2026-04-24T17:35:00+00:00,108.47,108.65,107.6,107.66,58500
2026-04-24T17:40:00+00:00,107.69,109.29,107.68,109.29,75043
2026-04-24T17:45:00+00:00,109.33,110.15,109.2,109.86,95052
2026-04-24T17:50:00+00:00,109.9,111.01,109.9,110.93,75508
2026-04-24T17:55:00+00:00,110.835,111.0,110.61,110.85,43488
2026-04-24T18:00:00+00:00,110.9,111.39,110.67,111.27,76062
2026-04-24T18:05:00+00:00,111.26,111.53,111.1,111.45,65423
2026-04-24T18:10:00+00:00,111.5,112.2,111.45,112.18,70460
2026-04-24T18:15:00+00:00,112.17,112.31,111.19,111.8,96418
2026-04-24T18:20:00+00:00,111.83,112.21,111.72,112.15,40111
2026-04-24T18:25:00+00:00,112.21,112.68,112.17,112.68,55514
2026-04-24T18:30:00+00:00,112.7,113.16,112.7,112.77,71137
2026-04-24T18:35:00+00:00,112.76,112.96,112.45,112.96,42941
2026-04-24T18:40:00+00:00,112.96,113.04,112.5,112.8,37929
2026-04-24T18:45:00+00:00,112.75,112.75,112.23,112.29,37171
2026-04-24T18:50:00+00:00,112.28,112.28,111.63,111.68,40116
2026-04-24T18:55:00+00:00,111.68,111.855,111.17,111.5,40382
2026-04-24T19:00:00+00:00,111.52,112.05,111.4,111.67,58168
2026-04-24T19:05:00+00:00,111.58,111.64,111.35,111.54,24040
2026-04-24T19:10:00+00:00,111.54,111.54,110.87,110.98,45708
2026-04-24T19:15:00+00:00,111.0,111.15,110.74,110.9,53441
2026-04-24T19:20:00+00:00,110.88,110.88,110.53,110.71,29673
2026-04-24T19:25:00+00:00,110.7,110.83,110.2,110.78,54899
2026-04-24T19:30:00+00:00,110.755,110.89,109.8,109.89,69749
2026-04-24T19:35:00+00:00,109.9,109.95,108.93,109.25,53210
2026-04-24T19:40:00+00:00,109.33,109.8,109.25,109.41,107746
2026-04-24T19:45:00+00:00,109.44,109.79,109.26,109.73,53003
2026-04-24T19:50:00+00:00,109.72,110.01,109.33,109.81,95560
2026-04-24T19:55:00+00:00,109.86,110.21,109.77,110.13,283546
2026-04-24T20:00:00+00:00,110.17,110.44,109.91,110.0,15224
2026-04-24T20:05:00+00:00,110.0,110.14,110.0,110.0,1846
2026-04-24T20:10:00+00:00,110.0,110.1,110.0,110.1,2023
2026-04-24T20:15:00+00:00,110.1,110.24,110.09,110.24,2230
2026-04-24T20:20:00+00:00,110.24,110.41,110.24,110.37,1125
2026-04-24T20:25:00+00:00,110.37,110.44,110.37,110.44,844
2026-04-24T20:30:00+00:00,110.44,110.59,110.44,110.59,3306
2026-04-24T20:35:00+00:00,110.59,110.59,110.5,110.5,754
2026-04-24T20:40:00+00:00,110.5,110.5,110.46,110.5,669
2026-04-24T20:45:00+00:00,110.5,110.54,110.44,110.54,515
2026-04-24T20:50:00+00:00,110.54,110.54,110.25,110.39,767
2026-04-24T20:55:00+00:00,110.39,110.39,110.39,110.39,197
2026-04-24T21:00:00+00:00,110.39,110.39,110.3,110.3,676
2026-04-24T21:05:00+00:00,110.3,110.33,110.3,110.32,488
2026-04-24T21:10:00+00:00,110.32,110.32,110.32,110.32,3
2026-04-24T21:15:00+00:00,110.32,110.32,110.31,110.31,137
2026-04-24T21:20:00+00:00,110.31,110.31,110.2,110.2,1910
2026-04-24T21:25:00+00:00,110.2,110.2,110.2,110.2,465
2026-04-24T21:30:00+00:00,110.2,110.2,110.02,110.02,1487
2026-04-24T21:35:00+00:00,110.02,110.1,109.99,110.0,2260
2026-04-24T21:40:00+00:00,110.0,110.01,110.0,110.01,2049
2026-04-24T21:45:00+00:00,110.01,110.01,110.01,110.01,345
2026-04-24T21:50:00+00:00,109.91,109.91,109.85,109.85,815
2026-04-24T21:55:00+00:00,109.85,109.98,109.85,109.94,1216
2026-04-24T22:00:00+00:00,109.94,109.94,109.92,109.92,539
2026-04-24T22:05:00+00:00,109.85,109.94,109.75,109.75,1953
2026-04-24T22:10:00+00:00,109.85,109.85,109.85,109.85,408
2026-04-24T22:15:00+00:00,109.85,109.86,109.85,109.86,331
2026-04-24T22:20:00+00:00,109.86,109.86,109.85,109.85,362
2026-04-24T22:25:00+00:00,109.85,109.89,109.85,109.89,295
2026-04-24T22:30:00+00:00,109.89,109.94,109.89,109.94,1188
2026-04-24T22:35:00+00:00,109.94,110.01,109.94,110.01,892
2026-04-24T22:40:00+00:00,110.01,110.14,110.01,110.07,430
2026-04-24T22:45:00+00:00,110.07,110.07,110.07,110.07,14
2026-04-24T22:50:00+00:00,110.07,110.12,110.07,110.07,236
2026-04-24T22:55:00+00:00,110.05,110.05,109.96,110.04,1154
2026-04-24T23:00:00+00:00,110.04,110.04,109.9,109.9,381
2026-04-24T23:05:00+00:00,109.9,109.9,109.9,109.9,19
2026-04-24T23:10:00+00:00,109.9,109.9,109.9,109.9,243
2026-04-24T23:15:00+00:00,109.9,109.9,109.9,109.9,175
2026-04-24T23:20:00+00:00,109.9,109.9,109.9,109.9,887
2026-04-24T23:25:00+00:00,109.9,109.9,109.9,109.9,57
2026-04-24T23:30:00+00:00,109.86,109.86,109.86,109.86,2075
2026-04-24T23:35:00+00:00,109.86,109.86,109.86,109.86,156
2026-04-24T23:40:00+00:00,109.86,109.86,109.81,109.81,167
2026-04-24T23:45:00+00:00,109.8,109.8,109.8,109.8,248
2026-04-24T23:50:00+00:00,109.8,109.81,109.8,109.81,483
2026-04-24T23:55:00+00:00,109.81,109.81,109.75,109.75,541
2026-04-27T08:00:00+00:00,109.87,109.87,108.6,108.6,11233
2026-04-27T08:05:00+00:00,108.69,109.09,108.5,108.68,4117
2026-04-27T08:10:00+00:00,108.68,108.68,108.68,108.68,18
2026-04-27T08:15:00+00:00,108.68,109.26,108.68,109.26,682
2026-04-27T08:20:00+00:00,109.27,109.27,109.27,109.27,503
2026-04-27T08:25:00+00:00,109.27,109.27,109.27,109.27,429
2026-04-27T08:30:00+00:00,109.4,109.4,109.4,109.4,574
2026-04-27T08:35:00+00:00,109.4,109.5,109.12,109.12,1661
2026-04-27T08:40:00+00:00,109.12,109.3,109.12,109.3,352
2026-04-27T08:45:00+00:00,109.3,109.3,109.3,109.3,5
2026-04-27T08:50:00+00:00,109.3,109.99,109.3,109.99,1445
2026-04-27T08:55:00+00:00,109.99,109.99,109.71,109.71,504
2026-04-27T09:00:00+00:00,109.71,109.71,109.71,109.71,0
2026-04-27T09:05:00+00:00,109.71,109.71,109.71,109.71,65
2026-04-27T09:10:00+00:00,109.62,109.62,109.31,109.4,1481
2026-04-27T09:15:00+00:00,109.4,109.4,109.4,109.4,151
2026-04-27T09:20:00+00:00,109.4,109.4,109.4,109.4,47
2026-04-27T09:25:00+00:00,109.4,109.4,109.4,109.4,173
2026-04-27T09:30:00+00:00,109.4,109.4,109.4,109.4,2
2026-04-27T09:35:00+00:00,109.4,109.4,109.4,109.4,161
2026-04-27T09:40:00+00:00,109.4,109.4,109.4,109.4,8
2026-04-27T09:45:00+00:00,109.4,109.6,109.4,109.6,401
2026-04-27T09:50:00+00:00,109.59,109.6,109.59,109.6,952
2026-04-27T09:55:00+00:00,109.6,109.95,109.6,109.77,1800
2026-04-27T10:00:00+00:00,109.77,109.77,109.55,109.55,660
2026-04-27T10:05:00+00:00,109.37,109.37,109.36,109.36,852
2026-04-27T10:10:00+00:00,109.36,109.36,109.36,109.36,40
2026-04-27T10:15:00+00:00,109.36,109.54,109.36,109.54,186
2026-04-27T10:20:00+00:00,109.54,109.54,109.54,109.54,203
2026-04-27T10:25:00+00:00,109.54,109.54,109.54,109.54,40
2026-04-27T10:30:00+00:00,109.54,109.54,109.4,109.4,838
2026-04-27T10:35:00+00:00,109.4,109.4,109.4,109.4,65
2026-04-27T10:40:00+00:00,109.4,109.7,109.4,109.7,244
2026-04-27T10:45:00+00:00,109.7,109.84,109.7,109.84,383
2026-04-27T10:50:00+00:00,109.84,109.84,109.84,109.84,328
2026-04-27T10:55:00+00:00,109.84,109.84,109.84,109.84,564
2026-04-27T11:00:00+00:00,109.85,110.06,109.85,110.0,3351
2026-04-27T11:05:00+00:00,110.14,110.29,110.1,110.29,1442
2026-04-27T11:10:00+00:00,110.3,110.43,110.3,110.43,2342
2026-04-27T11:15:00+00:00,110.5,111.15,110.5,111.15,4957
2026-04-27T11:20:00+00:00,111.42,111.83,111.42,111.78,4353
2026-04-27T11:25:00+00:00,111.7,111.82,111.62,111.62,3078
2026-04-27T11:30:00+00:00,111.5,111.52,111.41,111.41,2751
2026-04-27T11:35:00+00:00,111.32,111.47,111.3,111.43,3803
2026-04-27T11:40:00+00:00,111.43,111.6,111.4,111.4,2617
2026-04-27T11:45:00+00:00,111.4,111.7,111.3,111.7,3720
2026-04-27T11:50:00+00:00,111.7,111.74,111.55,111.55,659
2026-04-27T11:55:00+00:00,111.55,111.55,111.36,111.36,601
2026-04-27T12:00:00+00:00,111.36,111.43,111.2,111.21,2353
2026-04-27T12:05:00+00:00,111.17,111.21,110.87,110.87,2864
2026-04-27T12:10:00+00:00,110.87,111.4,110.87,111.28,1669
2026-04-27T12:15:00+00:00,111.28,111.28,111.28,111.28,119
2026-04-27T12:20:00+00:00,111.28,111.28,110.7,110.7,4604
2026-04-27T12:25:00+00:00,110.7,110.75,110.6,110.75,2481
2026-04-27T12:30:00+00:00,110.75,110.8,110.75,110.8,632
2026-04-27T12:35:00+00:00,110.8,110.8,110.35,110.35,2183
2026-04-27T12:40:00+00:00,110.35,110.35,110.35,110.35,363
2026-04-27T12:45:00+00:00,110.35,110.38,110.3,110.3,1909
2026-04-27T12:50:00+00:00,110.3,110.3,109.75,110.0,21090
2026-04-27T12:55:00+00:00,109.65,109.65,109.5,109.52,5350
2026-04-27T13:00:00+00:00,109.47,110.34,109.0,109.48,24371
2026-04-27T13:05:00+00:00,109.45,109.45,109.4,109.45,1145
2026-04-27T13:10:00+00:00,109.45,110.01,109.45,109.98,2360
2026-04-27T13:15:00+00:00,109.98,109.98,109.55,109.66,2886
2026-04-27T13:20:00+00:00,109.54,109.55,109.4,109.5,7647
2026-04-27T13:25:00+00:00,109.4,109.92,109.0,109.77,7057
2026-04-27T13:30:00+00:00,109.88,110.14,107.46,107.75,376521
2026-04-27T13:35:00+00:00,107.76,107.945,106.4,106.42,181668
2026-04-27T13:40:00+00:00,106.47,107.04,105.4,106.45,263884
2026-04-27T13:45:00+00:00,106.38,106.575,105.64,106.085,124302
2026-04-27T13:50:00+00:00,106.02,107.37,105.1,107.23,122451
2026-04-27T13:55:00+00:00,107.32,107.71,106.87,107.43,74067
2026-04-27T14:00:00+00:00,107.47,107.73,106.78,107.645,66091
2026-04-27T14:05:00+00:00,107.59,108.2,107.2,107.2,57350
2026-04-27T14:10:00+00:00,107.215,107.745,106.99,107.585,28793
2026-04-27T14:15:00+00:00,107.54,108.06,107.2,108.0,45505
2026-04-27T14:20:00+00:00,107.99,107.99,107.19,107.57,29566
2026-04-27T14:25:00+00:00,107.57,107.69,107.23,107.59,32907
2026-04-27T14:30:00+00:00,107.52,107.6,106.98,107.6,34857
2026-04-27T14:35:00+00:00,107.7,108.17,107.39,107.75,34803
2026-04-27T14:40:00+00:00,107.79,107.99,107.52,107.99,22642
2026-04-27T14:45:00+00:00,107.8,107.9,107.5,107.625,25248
2026-04-27T14:50:00+00:00,107.63,107.68,106.485,106.51,43725
2026-04-27T14:55:00+00:00,106.58,106.93,106.45,106.81,17780
2026-04-27T15:00:00+00:00,106.835,106.94,105.78,105.78,49712
2026-04-27T15:05:00+00:00,105.88,106.51,105.8,106.33,68092
2026-04-27T15:10:00+00:00,106.3,106.525,105.8,105.8,67235
2026-04-27T15:15:00+00:00,105.81,105.88,105.51,105.56,81052
2026-04-27T15:20:00+00:00,105.61,105.82,105.04,105.15,127615
2026-04-27T15:25:00+00:00,105.19,105.59,104.94,105.49,108681
2026-04-27T15:30:00+00:00,105.6,106.23,105.5,106.16,114440
2026-04-27T15:35:00+00:00,106.16,107.38,106.04,107.375,65077
2026-04-27T15:40:00+00:00,107.375,107.44,107.04,107.3,41753
2026-04-27T15:45:00+00:00,107.4,107.46,106.88,107.01,31111
2026-04-27T15:50:00+00:00,107.02,107.23,106.74,106.83,22048
2026-04-27T15:55:00+00:00,106.79,107.3,106.71,107.21,22447
2026-04-27T16:00:00+00:00,107.22,107.38,106.99,107.31,32305
2026-04-27T16:05:00+00:00,107.29,107.35,107.11,107.3,15578
2026-04-27T16:10:00+00:00,107.28,107.84,107.28,107.79,35806
2026-04-27T16:15:00+00:00,107.8,107.86,107.52,107.6,25251
2026-04-27T16:20:00+00:00,107.59,107.66,107.41,107.54,17760
2026-04-27T16:25:00+00:00,107.515,107.84,107.515,107.82,21822
2026-04-27T16:30:00+00:00,107.86,108.61,107.85,108.53,56651
2026-04-27T16:35:00+00:00,108.6,108.84,108.52,108.78,29559
2026-04-27T16:40:00+00:00,108.72,108.86,108.5,108.68,29235
2026-04-27T16:45:00+00:00,108.64,109.11,108.56,109.04,40238
2026-04-27T16:50:00+00:00,109.05,109.33,108.7,108.75,31653
2026-04-27T16:55:00+00:00,108.7,108.94,108.65,108.91,20910
2026-04-27T17:00:00+00:00,108.95,109.825,108.95,109.76,46399
2026-04-27T17:05:00+00:00,109.78,110.0,109.32,109.345,36489
2026-04-27T17:10:00+00:00,109.33,110.29,109.25,110.25,52738
2026-04-27T17:15:00+00:00,110.23,110.3,109.78,110.12,48646
2026-04-27T17:20:00+00:00,110.05,110.835,109.89,110.82,52942
2026-04-27T17:25:00+00:00,110.835,111.23,110.81,111.16,48208
2026-04-27T17:30:00+00:00,111.2,111.55,111.17,111.5,61201
2026-04-27T17:35:00+00:00,111.51,112.03,111.43,111.71,60308
2026-04-27T17:40:00+00:00,111.66,111.66,111.05,111.22,37510
2026-04-27T17:45:00+00:00,111.15,111.2,110.83,111.1,35612
2026-04-27T17:50:00+00:00,111.11,111.11,110.71,110.71,22155
2026-04-27T17:55:00+00:00,110.74,110.94,110.4,110.41,36068
2026-04-27T18:00:00+00:00,110.4,110.72,110.32,110.62,19802
2026-04-27T18:05:00+00:00,110.56,110.9,110.56,110.82,25872
2026-04-27T18:10:00+00:00,110.85,111.015,110.59,110.59,25932
2026-04-27T18:15:00+00:00,110.6,110.84,110.58,110.69,21101
2026-04-27T18:20:00+00:00,110.69,111.15,110.64,111.14,22278
2026-04-27T18:25:00+00:00,111.07,111.3,111.03,111.25,43075
2026-04-27T18:30:00+00:00,111.225,111.24,110.88,110.88,27129
2026-04-27T18:35:00+00:00,110.87,111.21,110.83,111.21,18670
2026-04-27T18:40:00+00:00,111.21,111.37,111.11,111.225,35937
2026-04-27T18:45:00+00:00,111.25,111.465,111.19,111.27,23835
2026-04-27T18:50:00+00:00,111.22,111.22,110.7,110.72,24321
2026-04-27T18:55:00+00:00,110.705,111.175,110.65,111.14,30387
2026-04-27T19:00:00+00:00,111.18,111.51,111.11,111.18,46203
2026-04-27T19:05:00+00:00,111.2,111.27,110.92,110.95,24055
2026-04-27T19:10:00+00:00,110.95,111.54,110.815,111.54,33988
2026-04-27T19:15:00+00:00,111.59,111.8,111.32,111.77,33843
2026-04-27T19:20:00+00:00,111.735,112.01,111.59,111.76,78353
2026-04-27T19:25:00+00:00,111.78,111.83,111.41,111.41,32313
2026-04-27T19:30:00+00:00,111.39,111.41,110.945,111.1,36434
2026-04-27T19:35:00+00:00,111.15,111.19,110.68,111.08,26717
2026-04-27T19:40:00+00:00,111.14,111.32,110.83,110.9,32738
2026-04-27T19:45:00+00:00,110.89,111.5,110.79,111.5,43307
2026-04-27T19:50:00+00:00,111.52,112.77,111.52,112.69,160055
2026-04-27T19:55:00+00:00,112.645,112.8,111.92,112.07,563307
2026-04-27T20:00:00+00:00,112.0,112.32,111.72,111.72,5766
2026-04-27T20:05:00+00:00,111.71,111.71,110.85,111.0,69013
2026-04-27T20:10:00+00:00,111.0,111.2,110.39,110.39,99981
2026-04-27T20:15:00+00:00,110.41,110.72,110.4,110.5,109938
2026-04-27T20:20:00+00:00,110.45,110.45,110.12,110.12,6254
2026-04-27T20:25:00+00:00,110.14,110.81,110.14,110.8,70379
2026-04-27T20:30:00+00:00,110.8,110.85,110.71,110.8,946
2026-04-27T20:35:00+00:00,110.83,111.01,110.75,111.0,4963
2026-04-27T20:40:00+00:00,111.1,111.21,111.1,111.14,843
2026-04-27T20:45:00+00:00,111.14,111.14,111.05,111.06,939
2026-04-27T20:50:00+00:00,111.08,111.08,111.08,111.08,725
2026-04-27T20:55:00+00:00,110.98,110.98,110.98,110.98,1658
2026-04-27T21:00:00+00:00,110.98,111.0,110.98,111.0,2135
2026-04-27T21:05:00+00:00,111.0,111.0,110.99,111.0,1471
2026-04-27T21:10:00+00:00,111.05,111.2,111.05,111.19,6442
2026-04-27T21:15:00+00:00,111.19,111.19,111.13,111.13,553
2026-04-27T21:20:00+00:00,111.13,111.13,111.13,111.13,511
2026-04-27T21:25:00+00:00,111.13,111.13,111.13,111.13,85
2026-04-27T21:30:00+00:00,111.13,111.13,111.13,111.13,202
2026-04-27T21:35:00+00:00,111.13,111.13,111.13,111.13,116
2026-04-27T21:40:00+00:00,111.13,111.19,111.13,111.19,152
2026-04-27T21:45:00+00:00,111.11,111.11,111.11,111.11,211
2026-04-27T21:50:00+00:00,111.11,111.11,111.11,111.11,113
2026-04-27T21:55:00+00:00,111.11,111.11,111.0,111.0,352
2026-04-27T22:00:00+00:00,111.0,111.15,111.0,111.03,1145
2026-04-27T22:05:00+00:00,111.03,111.14,111.03,111.14,364
2026-04-27T22:10:00+00:00,111.14,111.14,111.14,111.14,122
2026-04-27T22:15:00+00:00,111.19,111.34,111.16,111.16,1766
2026-04-27T22:20:00+00:00,111.19,111.21,111.19,111.21,4283
2026-04-27T22:25:00+00:00,111.3,111.3,111.3,111.3,172
2026-04-27T22:30:00+00:00,111.3,111.3,111.3,111.3,325
2026-04-27T22:35:00+00:00,111.3,111.33,111.3,111.33,257
2026-04-27T22:40:00+00:00,111.33,111.33,111.33,111.33,176
2026-04-27T22:45:00+00:00,111.33,111.33,111.33,111.33,175
2026-04-27T22:50:00+00:00,111.34,111.34,111.23,111.23,499
2026-04-27T22:55:00+00:00,111.23,111.23,111.23,111.23,177
2026-04-27T23:00:00+00:00,111.23,111.23,111.12,111.12,325
2026-04-27T23:05:00+00:00,111.12,111.12,111.12,111.12,149
2026-04-27T23:10:00+00:00,111.12,111.12,111.12,111.12,121
2026-04-27T23:15:00+00:00,111.12,111.12,111.12,111.12,4
2026-04-27T23:20:00+00:00,111.12,111.12,111.12,111.12,48
2026-04-27T23:25:00+00:00,111.12,111.12,111.12,111.12,35
2026-04-27T23:30:00+00:00,111.12,111.12,111.12,111.12,46
2026-04-27T23:35:00+00:00,111.12,111.12,111.12,111.12,15
2026-04-27T23:40:00+00:00,111.12,111.12,111.1,111.1,699
2026-04-27T23:45:00+00:00,111.1,111.1,111.08,111.1,586
2026-04-27T23:50:00+00:00,111.18,111.22,111.18,111.19,1016
2026-04-27T23:55:00+00:00,111.19,111.19,111.19,111.19,58
2026-04-28T08:00:00+00:00,103.6,109.04,103.6,108.76,2231
2026-04-28T08:05:00+00:00,108.75,108.8,108.56,108.79,6992
2026-04-28T08:10:00+00:00,108.65,108.65,107.85,108.07,7699
2026-04-28T08:15:00+00:00,108.14,108.18,108.04,108.04,6690
2026-04-28T08:20:00+00:00,108.1,108.41,108.04,108.41,4099
2026-04-28T08:25:00+00:00,108.09,108.5,108.09,108.5,2098
2026-04-28T08:30:00+00:00,108.5,108.81,108.5,108.81,1582
2026-04-28T08:35:00+00:00,108.58,108.8,108.55,108.8,1727
2026-04-28T08:40:00+00:00,108.7,108.78,108.56,108.56,1868
2026-04-28T08:45:00+00:00,108.53,108.53,108.04,108.22,2452
2026-04-28T08:50:00+00:00,108.08,108.2,108.04,108.2,1414
2026-04-28T08:55:00+00:00,108.2,108.2,108.02,108.15,1667
2026-04-28T09:00:00+00:00,108.01,108.18,108.0,108.0,3359
2026-04-28T09:05:00+00:00,107.75,108.02,107.75,108.02,2201
2026-04-28T09:10:00+00:00,108.02,108.02,107.69,108.0,4250
2026-04-28T09:15:00+00:00,108.0,108.0,107.9,107.9,906
2026-04-28T09:20:00+00:00,107.83,107.95,107.41,107.5,5941
2026-04-28T09:25:00+00:00,107.33,107.34,106.93,107.13,4830
2026-04-28T09:30:00+00:00,107.13,107.24,106.89,107.24,2112
2026-04-28T09:35:00+00:00,107.24,107.24,106.97,106.97,5045
2026-04-28T09:40:00+00:00,106.88,106.88,106.0,106.59,8384
2026-04-28T09:45:00+00:00,106.55,106.71,106.14,106.31,2898
2026-04-28T09:50:00+00:00,106.45,106.85,106.25,106.85,8257
2026-04-28T09:55:00+00:00,106.7,106.87,106.5,106.7,4493
2026-04-28T10:00:00+00:00,106.65,107.0,106.65,106.79,2309
2026-04-28T10:05:00+00:00,106.79,106.79,106.45,106.48,2428
2026-04-28T10:10:00+00:00,106.64,106.64,105.8,105.91,8070
2026-04-28T10:15:00+00:00,105.91,106.51,105.88,106.51,4169
2026-04-28T10:20:00+00:00,106.41,106.52,106.4,106.4,2483
2026-04-28T10:25:00+00:00,106.29,106.53,106.0,106.46,3253
2026-04-28T10:30:00+00:00,106.45,106.98,106.45,106.5,4528
2026-04-28T10:35:00+00:00,106.5,106.5,106.03,106.03,3404
2026-04-28T10:40:00+00:00,106.05,106.05,106.0,106.0,1201
2026-04-28T10:45:00+00:00,106.0,106.04,105.8,105.81,2275
2026-04-28T10:50:00+00:00,105.93,106.17,105.45,105.45,8326
2026-04-28T10:55:00+00:00,105.43,105.88,105.25,105.88,6019
2026-04-28T11:00:00+00:00,105.91,105.97,104.4,104.4,27532
2026-04-28T11:05:00+00:00,104.1,104.71,104.1,104.31,16350
2026-04-28T11:10:00+00:00,104.34,105.06,103.87,104.17,45497
2026-04-28T11:15:00+00:00,104.14,104.46,103.38,104.26,25134
2026-04-28T11:20:00+00:00,104.5,104.6,103.7,103.98,19726
2026-04-28T11:25:00+00:00,103.99,104.15,103.45,104.09,17221
2026-04-28T11:30:00+00:00,103.93,104.25,103.45,103.45,25586
2026-04-28T11:35:00+00:00,103.6,104.0,103.4,104.0,18725
2026-04-28T11:40:00+00:00,103.95,104.61,103.95,104.61,25016
2026-04-28T11:45:00+00:00,104.71,104.87,103.99,103.99,21371
2026-04-28T11:50:00+00:00,104.5,104.5,102.5,103.8,53189
2026-04-28T11:55:00+00:00,103.78,104.23,103.49,103.75,23678
2026-04-28T12:00:00+00:00,104.22,104.22,103.7,104.05,7896
2026-04-28T12:05:00+00:00,104.45,105.0,104.0,104.24,37171
2026-04-28T12:10:00+00:00,104.25,104.48,103.92,104.33,9434
2026-04-28T12:15:00+00:00,104.4,104.49,103.67,103.7,13960
2026-04-28T12:20:00+00:00,103.9,104.49,103.85,103.88,12641
2026-04-28T12:25:00+00:00,103.95,103.99,103.43,103.43,14818
2026-04-28T12:30:00+00:00,103.68,103.89,103.4,103.75,21750
2026-04-28T12:35:00+00:00,103.75,104.27,103.26,103.26,17539
2026-04-28T12:40:00+00:00,103.48,103.75,102.66,103.42,78870
2026-04-28T12:45:00+00:00,103.33,103.98,103.0,103.9,38630
2026-04-28T12:50:00+00:00,103.99,104.5,103.52,103.6,44315
2026-04-28T12:55:00+00:00,103.61,103.61,102.82,103.54,14890
2026-04-28T13:00:00+00:00,103.5,104.1,103.18,104.03,34465
2026-04-28T13:05:00+00:00,104.03,104.03,103.29,103.53,28481
2026-04-28T13:10:00+00:00,103.58,104.64,103.46,104.53,62919
2026-04-28T13:15:00+00:00,104.56,104.66,103.65,103.8,39108
2026-04-28T13:20:00+00:00,103.86,103.88,103.23,103.47,27249
2026-04-28T13:25:00+00:00,103.48,103.6,102.91,103.52,53009
2026-04-28T13:30:00+00:00,103.63,105.75,103.1,105.0,626155
2026-04-28T13:35:00+00:00,105.02,105.94,104.42,105.28,166469
2026-04-28T13:40:00+00:00,105.28,108.65,104.93,107.78,335157
2026-04-28T13:45:00+00:00,107.72,108.105,106.93,107.93,183352
2026-04-28T13:50:00+00:00,107.93,108.9,107.52,108.31,159093
2026-04-28T13:55:00+00:00,108.24,109.9,107.82,109.14,138660
2026-04-28T14:00:00+00:00,109.1,109.24,108.63,108.83,82877
2026-04-28T14:05:00+00:00,108.91,109.96,108.91,109.82,86419
2026-04-28T14:10:00+00:00,109.83,109.95,109.2,109.9,48949
2026-04-28T14:15:00+00:00,109.95,110.0,108.82,109.04,83110
2026-04-28T14:20:00+00:00,109.1,109.33,108.78,108.8,47725
2026-04-28T14:25:00+00:00,108.88,108.89,107.72,107.725,63686
2026-04-28T14:30:00+00:00,107.7,108.0,106.7,107.54,69643
2026-04-28T14:35:00+00:00,107.45,107.52,106.1,106.45,88346
2026-04-28T14:40:00+00:00,106.39,107.06,105.63,107.06,72807
2026-04-28T14:45:00+00:00,107.11,107.18,105.58,105.58,86218
2026-04-28T14:50:00+00:00,105.57,105.57,104.68,104.78,140135
2026-04-28T14:55:00+00:00,104.77,106.18,104.56,106.12,114886
2026-04-28T15:00:00+00:00,106.16,106.32,105.42,105.72,84039
2026-04-28T15:05:00+00:00,105.72,105.885,105.14,105.29,101833
2026-04-28T15:10:00+00:00,105.33,106.33,105.16,106.13,69496
2026-04-28T15:15:00+00:00,106.07,106.42,105.48,106.42,62743
2026-04-28T15:20:00+00:00,106.45,106.48,105.58,105.62,36649
2026-04-28T15:25:00+00:00,105.62,105.93,105.46,105.69,48350
2026-04-28T15:30:00+00:00,105.69,105.8,105.13,105.27,40661
2026-04-28T15:35:00+00:00,105.255,105.54,104.85,105.37,58013
2026-04-28T15:40:00+00:00,105.38,105.555,105.23,105.39,28557
2026-04-28T15:45:00+00:00,105.31,105.39,105.06,105.25,31492
2026-04-28T15:50:00+00:00,105.31,105.6,105.14,105.395,30894
2026-04-28T15:55:00+00:00,105.29,105.98,105.17,105.98,37370
2026-04-28T16:00:00+00:00,105.98,106.15,105.7,105.7,57939
2026-04-28T16:05:00+00:00,105.69,105.76,105.2,105.45,35040
2026-04-28T16:10:00+00:00,105.48,105.69,105.29,105.35,24543
2026-04-28T16:15:00+00:00,105.34,105.34,104.9,105.12,38823
2026-04-28T16:20:00+00:00,105.14,105.3,105.03,105.19,26314
2026-04-28T16:25:00+00:00,105.16,105.84,105.05,105.76,24707
2026-04-28T16:30:00+00:00,105.79,106.38,105.79,106.16,38780
2026-04-28T16:35:00+00:00,106.07,106.53,105.99,106.17,41750
2026-04-28T16:40:00+00:00,106.23,106.52,106.04,106.06,37677
2026-04-28T16:45:00+00:00,106.02,106.32,105.71,105.9,29477
2026-04-28T16:50:00+00:00,105.97,106.95,105.97,106.94,24657
2026-04-28T16:55:00+00:00,106.94,106.97,106.5,106.5,31250
2026-04-28T17:00:00+00:00,106.54,106.59,105.41,105.57,47819
2026-04-28T17:05:00+00:00,105.59,106.14,105.59,105.96,34007
2026-04-28T17:10:00+00:00,105.95,106.15,105.72,106.09,17761
2026-04-28T17:15:00+00:00,106.11,106.45,106.11,106.36,26957
2026-04-28T17:20:00+00:00,106.335,106.51,106.18,106.49,31065
2026-04-28T17:25:00+00:00,106.49,106.75,106.39,106.61,17132
2026-04-28T17:30:00+00:00,106.64,107.0,106.64,106.895,19002
2026-04-28T17:35:00+00:00,107.0,107.6,107.0,107.6,34132
2026-04-28T17:40:00+00:00,107.625,107.84,107.05,107.05,30857
2026-04-28T17:45:00+00:00,107.07,107.36,107.04,107.33,18824
2026-04-28T17:50:00+00:00,107.29,107.49,107.21,107.32,19219
2026-04-28T17:55:00+00:00,107.3,107.4,107.27,107.3,34274
2026-04-28T18:00:00+00:00,107.35,107.48,107.21,107.35,21216
2026-04-28T18:05:00+00:00,107.36,107.4,106.53,106.705,42772
2026-04-28T18:10:00+00:00,106.75,106.76,106.28,106.72,47485
2026-04-28T18:15:00+00:00,106.76,107.32,106.68,107.24,20884
2026-04-28T18:20:00+00:00,107.33,107.63,107.3,107.62,36025
2026-04-28T18:25:00+00:00,107.59,107.6,107.34,107.47,16088
2026-04-28T18:30:00+00:00,107.44,107.62,107.36,107.45,23100
2026-04-28T18:35:00+00:00,107.44,107.6,107.35,107.54,17258
2026-04-28T18:40:00+00:00,107.52,107.66,107.43,107.66,18908
2026-04-28T18:45:00+00:00,107.61,107.63,107.39,107.57,11194
2026-04-28T18:50:00+00:00,107.6,108.07,107.58,108.0,36914
2026-04-28T18:55:00+00:00,107.995,108.19,107.83,108.1,20439
2026-04-28T19:00:00+00:00,108.01,108.05,107.55,107.7,32802
2026-04-28T19:05:00+00:00,107.72,107.85,107.25,107.4,30080
2026-04-28T19:10:00+00:00,107.39,107.56,107.07,107.07,27233
2026-04-28T19:15:00+00:00,107.1,107.13,106.42,106.75,40682
2026-04-28T19:20:00+00:00,106.72,106.99,106.62,106.83,42944
2026-04-28T19:25:00+00:00,106.835,107.51,106.77,107.49,43788
2026-04-28T19:30:00+00:00,107.5,107.5,107.11,107.25,40553
2026-04-28T19:35:00+00:00,107.16,107.19,106.79,107.16,39622
2026-04-28T19:40:00+00:00,107.21,107.26,107.08,107.13,39803
2026-04-28T19:45:00+00:00,107.09,107.22,106.81,106.81,42089
2026-04-28T19:50:00+00:00,106.84,107.01,105.85,105.89,101220
2026-04-28T19:55:00+00:00,105.83,105.85,105.41,105.51,377190
2026-04-28T20:00:00+00:00,105.52,105.52,104.43,105.47,26437
2026-04-28T20:05:00+00:00,105.0,105.08,104.5,105.06,39882
2026-04-28T20:10:00+00:00,105.1,105.49,105.1,105.49,1628
2026-04-28T20:15:00+00:00,105.49,105.49,105.22,105.25,1423
2026-04-28T20:20:00+00:00,105.4,105.5,105.4,105.5,1228
2026-04-28T20:25:00+00:00,105.7,105.75,105.7,105.75,2137
2026-04-28T20:30:00+00:00,105.79,105.79,105.68,105.68,384
2026-04-28T20:35:00+00:00,105.69,105.69,105.69,105.69,737
2026-04-28T20:40:00+00:00,105.69,105.69,105.5,105.51,1098
2026-04-28T20:45:00+00:00,105.51,105.51,105.4,105.4,1580
2026-04-28T20:50:00+00:00,105.4,105.4,105.4,105.4,145
2026-04-28T20:55:00+00:00,105.4,105.4,105.4,105.4,439
2026-04-28T21:00:00+00:00,105.4,105.4,105.33,105.33,355
2026-04-28T21:05:00+00:00,105.3,105.31,104.9,104.95,8262
2026-04-28T21:10:00+00:00,104.95,105.01,104.95,105.0,5784
2026-04-28T21:15:00+00:00,105.0,105.0,104.96,104.96,195
2026-04-28T21:20:00+00:00,104.96,104.96,104.94,104.94,295
2026-04-28T21:25:00+00:00,104.94,104.94,104.94,104.94,265
2026-04-28T21:30:00+00:00,105.05,105.22,105.05,105.2,920
2026-04-28T21:35:00+00:00,105.08,105.08,105.08,105.08,342
2026-04-28T21:40:00+00:00,105.08,105.12,105.08,105.12,420
2026-04-28T21:45:00+00:00,105.28,105.3,105.28,105.3,653
2026-04-28T21:50:00+00:00,105.3,105.3,105.12,105.12,438
2026-04-28T21:55:00+00:00,105.12,105.12,105.12,105.12,70
2026-04-28T22:00:00+00:00,105.12,105.22,105.12,105.22,267
2026-04-28T22:05:00+00:00,105.29,105.29,105.29,105.29,375
2026-04-28T22:10:00+00:00,105.29,105.29,105.29,105.29,7
2026-04-28T22:15:00+00:00,105.29,105.33,105.29,105.33,570
2026-04-28T22:20:00+00:00,105.24,105.27,105.24,105.25,1236
2026-04-28T22:25:00+00:00,105.25,105.25,105.25,105.25,7
2026-04-28T22:30:00+00:00,105.25,105.25,105.25,105.25,81
2026-04-28T22:35:00+00:00,105.25,105.25,105.25,105.25,29
2026-04-28T22:40:00+00:00,105.25,105.25,105.25,105.25,169
2026-04-28T22:45:00+00:00,105.25,105.25,105.25,105.25,129
2026-04-28T22:50:00+00:00,105.25,105.25,105.15,105.15,1226
2026-04-28T22:55:00+00:00,105.15,105.15,105.15,105.15,146
2026-04-28T23:00:00+00:00,105.15,105.15,105.15,105.15,62
2026-04-28T23:05:00+00:00,105.15,105.19,105.15,105.19,829
2026-04-28T23:10:00+00:00,105.18,105.18,105.06,105.08,1376
2026-04-28T23:15:00+00:00,105.19,105.19,105.19,105.19,360
2026-04-28T23:20:00+00:00,105.19,105.19,105.0,105.0,2043
2026-04-28T23:25:00+00:00,104.9,104.92,104.9,104.92,561
2026-04-28T23:30:00+00:00,104.89,104.89,104.85,104.85,825
2026-04-28T23:35:00+00:00,104.91,104.94,104.91,104.94,782
2026-04-28T23:40:00+00:00,104.94,105.0,104.88,104.88,1655
2026-04-28T23:45:00+00:00,104.88,104.88,104.88,104.88,255
2026-04-28T23:50:00+00:00,104.88,105.0,104.88,105.0,1273
2026-04-28T23:55:00+00:00,104.91,104.91,104.91,104.91,581
2026-04-29T08:00:00+00:00,108.195,108.195,105.49,105.5,10449
2026-04-29T08:05:00+00:00,105.82,106.0,105.82,106.0,2181
2026-04-29T08:10:00+00:00,106.0,106.0,105.85,105.85,617
2026-04-29T08:15:00+00:00,105.85,106.02,105.85,106.0,1161
2026-04-29T08:20:00+00:00,106.0,106.0,106.0,106.0,303
2026-04-29T08:25:00+00:00,106.0,106.21,106.0,106.21,909
2026-04-29T08:30:00+00:00,106.21,106.21,105.7,105.7,1264
2026-04-29T08:35:00+00:00,105.7,105.7,105.7,105.7,202
2026-04-29T08:40:00+00:00,105.7,105.7,105.7,105.7,141
2026-04-29T08:45:00+00:00,105.7,106.1,105.7,106.1,297
2026-04-29T08:50:00+00:00,106.1,106.2,106.1,106.2,771
2026-04-29T08:55:00+00:00,106.2,106.2,106.2,106.2,198
2026-04-29T09:00:00+00:00,106.2,106.2,106.2,106.2,219
2026-04-29T09:05:00+00:00,106.2,106.2,106.2,106.2,132
2026-04-29T09:10:00+00:00,106.33,106.33,106.33,106.33,536
2026-04-29T09:15:00+00:00,106.33,106.33,106.33,106.33,212
2026-04-29T09:20:00+00:00,106.33,106.33,106.33,106.33,424
2026-04-29T09:25:00+00:00,106.33,106.5,106.21,106.21,764
2026-04-29T09:30:00+00:00,106.21,106.38,106.21,106.38,943
2026-04-29T09:35:00+00:00,106.38,106.38,106.38,106.38,230
2026-04-29T09:40:00+00:00,106.38,106.6,106.28,106.28,1010
2026-04-29T09:45:00+00:00,106.28,106.3,106.28,106.3,582
2026-04-29T09:50:00+00:00,106.25,106.25,106.25,106.25,543
2026-04-29T09:55:00+00:00,106.4,106.4,106.4,106.4,727
2026-04-29T10:00:00+00:00,106.4,106.4,106.4,106.4,73
2026-04-29T10:05:00+00:00,106.4,106.4,106.4,106.4,181
2026-04-29T10:10:00+00:00,106.33,106.33,106.3,106.3,931
2026-04-29T10:15:00+00:00,106.3,106.68,106.3,106.68,3648
2026-04-29T10:20:00+00:00,106.62,107.25,106.62,107.25,2010
2026-04-29T10:25:00+00:00,107.25,107.25,107.25,107.25,247
2026-04-29T10:30:00+00:00,107.2,107.2,107.2,107.2,520
2026-04-29T10:35:00+00:00,107.2,107.2,106.94,106.98,1456
2026-04-29T10:40:00+00:00,106.8,106.98,106.8,106.87,666
2026-04-29T10:45:00+00:00,106.87,107.59,106.87,107.59,3312
2026-04-29T10:50:00+00:00,107.68,107.75,107.68,107.75,2141
2026-04-29T10:55:00+00:00,107.75,107.75,106.99,106.99,1035
2026-04-29T11:00:00+00:00,106.85,107.14,106.85,107.14,1454
2026-04-29T11:05:00+00:00,107.01,107.01,106.86,107.0,2244
2026-04-29T11:10:00+00:00,107.0,107.9,107.0,107.9,4727
2026-04-29T11:15:00+00:00,108.0,108.65,108.0,108.27,8185
2026-04-29T11:20:00+00:00,108.27,108.39,108.25,108.38,6477
2026-04-29T11:25:00+00:00,108.38,108.75,108.26,108.75,3269
2026-04-29T11:30:00+00:00,108.75,108.75,108.75,108.75,1021
2026-04-29T11:35:00+00:00,108.75,108.76,108.5,108.5,2206
2026-04-29T11:40:00+00:00,108.4,108.4,108.24,108.3,2689
2026-04-29T11:45:00+00:00,108.3,108.3,108.11,108.11,1099
2026-04-29T11:50:00+00:00,108.11,108.64,108.11,108.25,4006
2026-04-29T11:55:00+00:00,108.05,108.1,108.05,108.1,1089
2026-04-29T12:00:00+00:00,107.88,107.88,107.73,107.73,3520
2026-04-29T12:05:00+00:00,107.73,107.98,107.69,107.75,3788
2026-04-29T12:10:00+00:00,107.75,107.79,107.73,107.73,1663
2026-04-29T12:15:00+00:00,107.58,107.7,107.5,107.5,3059
2026-04-29T12:20:00+00:00,107.4,107.75,107.4,107.63,2824
2026-04-29T12:25:00+00:00,107.63,107.7,107.61,107.61,1366
2026-04-29T12:30:00+00:00,107.6,107.6,107.25,107.27,1639
2026-04-29T12:35:00+00:00,107.27,107.3,107.27,107.3,870
2026-04-29T12:40:00+00:00,107.3,107.48,107.3,107.47,2037
2026-04-29T12:45:00+00:00,107.38,107.38,107.27,107.27,1292
2026-04-29T12:50:00+00:00,107.27,107.29,107.17,107.17,1750
2026-04-29T12:55:00+00:00,107.11,107.19,107.11,107.19,1335
2026-04-29T13:00:00+00:00,107.19,107.49,107.19,107.43,2848
2026-04-29T13:05:00+00:00,107.43,107.94,107.42,107.94,19624
2026-04-29T13:10:00+00:00,107.94,108.1,107.94,108.09,5756
2026-04-29T13:15:00+00:00,108.16,108.47,108.16,108.22,17572
2026-04-29T13:20:00+00:00,108.11,108.14,107.98,108.11,11056
2026-04-29T13:25:00+00:00,108.32,108.51,108.01,108.21,7187
2026-04-29T13:30:00+00:00,107.98,109.55,107.16,109.38,359091
2026-04-29T13:35:00+00:00,109.32,109.89,108.25,109.0,190261
2026-04-29T13:40:00+00:00,108.98,109.37,107.74,108.35,94825
2026-04-29T13:45:00+00:00,108.23,109.4,107.89,109.11,109686
2026-04-29T13:50:00+00:00,109.18,110.5,109.165,110.25,180846
2026-04-29T13:55:00+00:00,110.26,111.7,109.93,110.8,157678
2026-04-29T14:00:00+00:00,110.78,111.1,109.5,111.1,116560
2026-04-29T14:05:00+00:00,111.05,112.0,110.93,111.2,218005
2026-04-29T14:10:00+00:00,111.14,111.58,110.58,111.24,104466
2026-04-29T14:15:00+00:00,111.22,112.63,111.06,112.56,150093
2026-04-29T14:20:00+00:00,112.58,113.5,112.4,113.5,170139
2026-04-29T14:25:00+00:00,113.51,114.71,113.29,114.26,171687
2026-04-29T14:30:00+00:00,114.16,114.99,113.73,113.8,119898
2026-04-29T14:35:00+00:00,113.72,114.86,113.65,114.56,78690
2026-04-29T14:40:00+00:00,114.43,115.04,113.64,113.675,85141
2026-04-29T14:45:00+00:00,113.81,114.15,112.9,112.9,90364
2026-04-29T14:50:00+00:00,112.98,113.1,112.56,113.03,74497
2026-04-29T14:55:00+00:00,113.05,113.5,112.77,113.5,49879
2026-04-29T15:00:00+00:00,113.57,113.7,112.8,112.815,50170
2026-04-29T15:05:00+00:00,112.79,112.9,112.05,112.07,45761
2026-04-29T15:10:00+00:00,112.02,112.54,111.52,112.34,66178
2026-04-29T15:15:00+00:00,112.3,112.9,112.3,112.8,47266
2026-04-29T15:20:00+00:00,112.92,112.95,112.34,112.52,34563
2026-04-29T15:25:00+00:00,112.47,112.8,112.275,112.8,23378
2026-04-29T15:30:00+00:00,112.775,112.9,112.36,112.45,36087
2026-04-29T15:35:00+00:00,112.5,112.51,112.07,112.26,23268
2026-04-29T15:40:00+00:00,112.34,112.61,112.05,112.39,20964
2026-04-29T15:45:00+00:00,112.4,112.69,112.13,112.42,24861
2026-04-29T15:50:00+00:00,112.44,112.51,111.18,111.31,68238
2026-04-29T15:55:00+00:00,111.31,111.56,111.0,111.48,43095
2026-04-29T16:00:00+00:00,111.49,111.85,111.45,111.61,34292
2026-04-29T16:05:00+00:00,111.59,112.24,111.545,112.18,23228
2026-04-29T16:10:00+00:00,112.18,112.48,112.1,112.18,28590
2026-04-29T16:15:00+00:00,112.21,112.31,111.93,111.97,25597
2026-04-29T16:20:00+00:00,112.045,112.35,111.99,112.04,18664
2026-04-29T16:25:00+00:00,112.0,112.18,111.79,111.82,16617
2026-04-29T16:30:00+00:00,111.74,111.9,111.6,111.62,20035
2026-04-29T16:35:00+00:00,111.64,111.67,111.08,111.55,44826
2026-04-29T16:40:00+00:00,111.6,111.8,111.42,111.72,12811
2026-04-29T16:45:00+00:00,111.79,112.04,111.66,112.0,15687
2026-04-29T16:50:00+00:00,111.9,112.55,111.9,112.37,45091
2026-04-29T16:55:00+00:00,112.4,112.4,111.72,111.74,27496
2026-04-29T17:00:00+00:00,111.89,112.55,111.75,112.55,22648
2026-04-29T17:05:00+00:00,112.535,112.89,112.36,112.86,24553
2026-04-29T17:10:00+00:00,112.89,113.26,112.89,113.09,41576
2026-04-29T17:15:00+00:00,113.13,113.13,112.77,112.9,14583
2026-04-29T17:20:00+00:00,113.02,113.55,113.02,113.42,34454
2026-04-29T17:25:00+00:00,113.47,113.47,113.16,113.34,29999
2026-04-29T17:30:00+00:00,113.31,113.42,112.95,113.0,22842
2026-04-29T17:35:00+00:00,112.97,113.07,112.75,113.02,13796
2026-04-29T17:40:00+00:00,113.0,113.57,112.89,113.53,22588
2026-04-29T17:45:00+00:00,113.57,113.87,113.47,113.87,28301
2026-04-29T17:50:00+00:00,113.87,114.2,113.82,113.94,31207
2026-04-29T17:55:00+00:00,113.94,114.3,113.75,114.3,24157
2026-04-29T18:00:00+00:00,114.245,114.35,113.81,114.01,21407
2026-04-29T18:05:00+00:00,114.01,114.18,113.82,113.87,45372
2026-04-29T18:10:00+00:00,113.86,114.0,113.68,113.87,29051
2026-04-29T18:15:00+00:00,113.88,114.5,113.88,114.4,69648
2026-04-29T18:20:00+00:00,114.47,114.55,114.31,114.55,32244
2026-04-29T18:25:00+00:00,114.55,114.59,114.26,114.42,19564
2026-04-29T18:30:00+00:00,114.5,114.61,114.04,114.56,30819
2026-04-29T18:35:00+00:00,114.565,114.89,114.42,114.81,56278
2026-04-29T18:40:00+00:00,114.77,114.89,114.61,114.84,37236
2026-04-29T18:45:00+00:00,114.83,115.37,114.72,115.31,94531
2026-04-29T18:50:00+00:00,115.34,115.47,114.99,114.99,40708
2026-04-29T18:55:00+00:00,114.92,115.01,114.57,114.57,46836
2026-04-29T19:00:00+00:00,114.57,114.7,114.42,114.55,32419
2026-04-29T19:05:00+00:00,114.47,114.75,114.14,114.7,49246
2026-04-29T19:10:00+00:00,114.72,115.13,114.64,115.0,43327
2026-04-29T19:15:00+00:00,115.06,115.38,114.83,115.25,38113
2026-04-29T19:20:00+00:00,115.21,115.25,114.66,115.16,44161
2026-04-29T19:25:00+00:00,115.18,115.21,114.42,114.5,41524
2026-04-29T19:30:00+00:00,114.49,114.49,113.64,113.99,57120
2026-04-29T19:35:00+00:00,114.07,114.14,113.78,113.92,45506
2026-04-29T19:40:00+00:00,114.0,114.02,113.53,113.84,67434
2026-04-29T19:45:00+00:00,113.91,114.28,113.67,114.25,89822
2026-04-29T19:50:00+00:00,114.19,114.73,114.02,114.32,102509
2026-04-29T19:55:00+00:00,114.33,114.58,114.05,114.21,455521
2026-04-29T20:00:00+00:00,114.18,115.4,113.44,114.58,23001
2026-04-29T20:05:00+00:00,114.58,114.58,113.55,113.55,7782
2026-04-29T20:10:00+00:00,113.55,113.55,111.54,111.54,26150
2026-04-29T20:15:00+00:00,111.53,112.14,110.75,111.61,15432
2026-04-29T20:20:00+00:00,112.34,112.95,112.11,112.95,6337
2026-04-29T20:25:00+00:00,113.18,114.43,113.0,113.75,7314
2026-04-29T20:30:00+00:00,113.98,113.99,113.53,113.71,2212
2026-04-29T20:35:00+00:00,113.71,113.71,113.62,113.71,662
2026-04-29T20:40:00+00:00,113.65,113.65,113.12,113.2,797
2026-04-29T20:45:00+00:00,113.49,113.58,113.44,113.58,1332
2026-04-29T20:50:00+00:00,113.58,113.58,113.39,113.4,1413
2026-04-29T20:55:00+00:00,113.4,113.4,113.1,113.1,3816
2026-04-29T21:00:00+00:00,112.7,113.0,112.7,113.0,1732
2026-04-29T21:05:00+00:00,113.0,113.0,112.66,112.74,1837
2026-04-29T21:10:00+00:00,112.74,113.17,112.74,113.15,873
2026-04-29T21:15:00+00:00,113.15,113.8,113.06,113.8,2949
2026-04-29T21:20:00+00:00,113.8,113.8,113.64,113.64,418
2026-04-29T21:25:00+00:00,113.64,113.79,113.64,113.79,163
2026-04-29T21:30:00+00:00,113.79,113.79,113.79,113.79,285
2026-04-29T21:35:00+00:00,113.5,113.56,113.5,113.53,1022
2026-04-29T21:40:00+00:00,113.81,114.27,113.5,114.27,3370
2026-04-29T21:45:00+00:00,114.27,114.4,114.27,114.4,1559
2026-04-29T21:50:00+00:00,114.4,114.4,114.0,114.0,2420
2026-04-29T21:55:00+00:00,114.0,114.95,114.0,114.9,5912
2026-04-29T22:00:00+00:00,114.9,115.16,114.84,114.84,3342
2026-04-29T22:05:00+00:00,115.11,116.8,115.11,116.75,32093
2026-04-29T22:10:00+00:00,116.75,117.7,116.48,117.7,24145
2026-04-29T22:15:00+00:00,117.71,118.82,117.68,118.3,54670
2026-04-29T22:20:00+00:00,118.19,118.19,116.95,117.2,14196
2026-04-29T22:25:00+00:00,117.25,117.37,116.77,117.37,12733
2026-04-29T22:30:00+00:00,117.38,117.38,116.6,116.71,3528
2026-04-29T22:35:00+00:00,116.77,117.02,116.6,117.0,6581
2026-04-29T22:40:00+00:00,116.76,117.0,116.65,117.0,4308
2026-04-29T22:45:00+00:00,117.01,117.5,117.01,117.5,5850
2026-04-29T22:50:00+00:00,117.5,117.5,117.15,117.18,1327
2026-04-29T22:55:00+00:00,117.18,117.3,117.15,117.15,2336
2026-04-29T23:00:00+00:00,117.17,117.24,117.15,117.15,5080
2026-04-29T23:05:00+00:00,117.19,117.2,117.13,117.2,5143
2026-04-29T23:10:00+00:00,117.2,117.21,116.65,116.65,5889
2026-04-29T23:15:00+00:00,116.65,116.99,116.65,116.82,970
2026-04-29T23:20:00+00:00,117.1,117.1,116.9,116.9,972
2026-04-29T23:25:00+00:00,116.9,117.38,116.9,117.38,4233
2026-04-29T23:30:00+00:00,117.23,117.26,117.1,117.11,6277
2026-04-29T23:35:00+00:00,117.11,117.11,116.99,117.02,1001
2026-04-29T23:40:00+00:00,117.12,117.14,117.03,117.14,3696
2026-04-29T23:45:00+00:00,117.14,117.14,116.98,116.98,1588
2026-04-29T23:50:00+00:00,116.88,117.06,116.88,117.06,1760
2026-04-29T23:55:00+00:00,117.1,117.24,117.09,117.09,4745
2026-04-30T08:00:00+00:00,114.69,115.5,114.69,115.5,1206
2026-04-30T08:05:00+00:00,115.35,115.35,114.78,114.78,4578
2026-04-30T08:10:00+00:00,114.78,114.78,114.62,114.62,2594
2026-04-30T08:15:00+00:00,114.7,114.94,114.7,114.8,3305
2026-04-30T08:20:00+00:00,114.62,114.62,114.44,114.48,4367
2026-04-30T08:25:00+00:00,114.59,114.61,114.59,114.61,644
2026-04-30T08:30:00+00:00,114.61,114.61,114.61,114.61,443
2026-04-30T08:35:00+00:00,114.61,114.61,114.61,114.61,265
2026-04-30T08:40:00+00:00,114.61,114.61,114.61,114.61,1027
2026-04-30T08:45:00+00:00,114.61,115.4,114.61,115.4,880
2026-04-30T08:50:00+00:00,115.4,115.5,115.39,115.39,3497
2026-04-30T08:55:00+00:00,115.7,115.8,115.66,115.66,4797
2026-04-30T09:00:00+00:00,115.87,116.24,115.87,116.24,4213
2026-04-30T09:05:00+00:00,116.24,116.24,115.79,115.79,2757
2026-04-30T09:10:00+00:00,115.88,115.95,115.88,115.95,1146
2026-04-30T09:15:00+00:00,115.95,116.03,115.79,115.79,755
2026-04-30T09:20:00+00:00,115.79,115.79,115.6,115.7,954
2026-04-30T09:25:00+00:00,115.7,115.7,115.7,115.7,214
2026-04-30T09:30:00+00:00,115.7,115.7,115.7,115.7,449
2026-04-30T09:35:00+00:00,115.77,116.0,115.77,115.96,1130
2026-04-30T09:40:00+00:00,115.96,116.2,115.96,116.2,3617
2026-04-30T09:45:00+00:00,116.2,116.2,116.0,116.19,1119
2026-04-30T09:50:00+00:00,116.04,116.04,115.75,115.75,722
2026-04-30T09:55:00+00:00,115.75,115.75,115.5,115.5,653
2026-04-30T10:00:00+00:00,115.5,115.8,115.5,115.8,643
2026-04-30T10:05:00+00:00,115.8,115.8,115.8,115.8,283
2026-04-30T10:10:00+00:00,115.8,115.85,115.7,115.7,662
2026-04-30T10:15:00+00:00,115.7,116.0,115.7,116.0,637
2026-04-30T10:20:00+00:00,116.0,116.3,115.9,116.2,2788
2026-04-30T10:25:00+00:00,116.2,116.26,116.2,116.2,2008
2026-04-30T10:30:00+00:00,116.2,116.2,116.2,116.2,17
2026-04-30T10:35:00+00:00,116.09,116.09,116.05,116.05,749
2026-04-30T10:40:00+00:00,116.05,116.12,115.9,115.9,1910
2026-04-30T10:45:00+00:00,115.9,116.2,115.9,116.2,447
2026-04-30T10:50:00+00:00,116.2,116.2,115.61,115.61,2095
2026-04-30T10:55:00+00:00,115.63,115.63,115.55,115.55,1088
2026-04-30T11:00:00+00:00,115.98,116.3,115.98,116.3,2753
2026-04-30T11:05:00+00:00,116.54,116.83,116.5,116.83,5926
2026-04-30T11:10:00+00:00,116.7,117.06,116.68,117.0,6111
2026-04-30T11:15:00+00:00,117.21,117.6,117.21,117.55,9880
2026-04-30T11:20:00+00:00,117.55,117.55,117.15,117.3,2398
2026-04-30T11:25:00+00:00,117.5,117.8,117.5,117.6,7732
2026-04-30T11:30:00+00:00,117.5,117.5,117.3,117.3,2082
2026-04-30T11:35:00+00:00,117.3,117.3,117.14,117.2,2429
2026-04-30T11:40:00+00:00,117.03,117.03,116.88,116.94,7659
2026-04-30T11:45:00+00:00,116.94,117.0,116.94,117.0,782
2026-04-30T11:50:00+00:00,117.0,117.1,117.0,117.1,726
2026-04-30T11:55:00+00:00,117.07,117.09,116.8,116.8,6822
2026-04-30T12:00:00+00:00,116.8,116.96,116.8,116.96,1077
2026-04-30T12:05:00+00:00,117.2,117.5,117.2,117.5,2542
2026-04-30T12:10:00+00:00,117.5,117.5,117.5,117.5,718
2026-04-30T12:15:00+00:00,117.5,117.8,117.47,117.8,5340
2026-04-30T12:20:00+00:00,117.8,117.8,117.56,117.56,1047
2026-04-30T12:25:00+00:00,117.85,118.0,117.85,117.9,5211
2026-04-30T12:30:00+00:00,117.85,117.85,117.6,117.6,15707
2026-04-30T12:35:00+00:00,117.65,118.13,117.65,118.02,31076
2026-04-30T12:40:00+00:00,117.92,118.2,117.83,118.0,10731
2026-04-30T12:45:00+00:00,118.02,118.08,117.9,117.9,9400
2026-04-30T12:50:00+00:00,117.84,118.03,117.8,118.03,2888
2026-04-30T12:55:00+00:00,118.02,118.02,118.0,118.0,1908
2026-04-30T13:00:00+00:00,117.75,117.75,117.62,117.75,2893
2026-04-30T13:05:00+00:00,117.75,118.1,117.75,117.9,6521
2026-04-30T13:10:00+00:00,117.8,117.8,117.69,117.79,3810
2026-04-30T13:15:00+00:00,117.79,118.15,117.79,118.15,1767
2026-04-30T13:20:00+00:00,118.15,118.15,117.81,117.81,1176
2026-04-30T13:25:00+00:00,117.8,117.8,116.48,117.15,27982
2026-04-30T13:30:00+00:00,117.29,118.25,116.3,116.69,359779
2026-04-30T13:35:00+00:00,116.67,116.83,115.48,115.48,204731
2026-04-30T13:40:00+00:00,115.5,117.53,115.35,117.17,162695
2026-04-30T13:45:00+00:00,117.13,117.3,115.43,116.16,106361
2026-04-30T13:50:00+00:00,116.14,116.6,113.51,113.555,163108
2026-04-30T13:55:00+00:00,113.6,114.54,113.39,113.82,107061
2026-04-30T14:00:00+00:00,113.81,115.36,113.6,115.03,154297
2026-04-30T14:05:00+00:00,115.085,116.06,115.085,115.5,112820
2026-04-30T14:10:00+00:00,115.45,115.69,114.87,115.24,59877
2026-04-30T14:15:00+00:00,115.17,115.17,113.75,114.46,53916
2026-04-30T14:20:00+00:00,114.4,114.62,113.93,114.2,51126
2026-04-30T14:25:00+00:00,114.11,114.11,112.8,113.57,114968
2026-04-30T14:30:00+00:00,113.56,113.75,112.35,112.44,78199
2026-04-30T14:35:00+00:00,112.45,112.5,111.54,111.68,94570
2026-04-30T14:40:00+00:00,111.62,113.0,111.51,112.89,42699
2026-04-30T14:45:00+00:00,112.9,113.3,112.66,112.73,32742
2026-04-30T14:50:00+00:00,112.67,113.96,112.5,113.955,63284
2026-04-30T14:55:00+00:00,113.925,114.43,113.79,114.29,74068
2026-04-30T15:00:00+00:00,114.21,114.85,114.13,114.655,57506
2026-04-30T15:05:00+00:00,114.6,114.83,113.87,114.75,60640
2026-04-30T15:10:00+00:00,114.73,115.01,114.46,114.87,28538
2026-04-30T15:15:00+00:00,114.81,115.1,114.68,114.74,35394
2026-04-30T15:20:00+00:00,114.73,114.73,114.26,114.52,43318
2026-04-30T15:25:00+00:00,114.45,115.15,114.45,114.915,43578
2026-04-30T15:30:00+00:00,114.97,115.81,114.96,115.63,62106
2026-04-30T15:35:00+00:00,115.6,115.6,114.84,114.84,44158
2026-04-30T15:40:00+00:00,114.89,115.03,114.68,114.84,27183
2026-04-30T15:45:00+00:00,114.79,115.0,114.54,114.96,22249
2026-04-30T15:50:00+00:00,114.9,115.55,114.75,115.55,27255
2026-04-30T15:55:00+00:00,115.58,115.89,115.21,115.26,38301
2026-04-30T16:00:00+00:00,115.22,115.42,114.95,115.33,23839
2026-04-30T16:05:00+00:00,115.33,115.9,115.3,115.73,31491
2026-04-30T16:10:00+00:00,115.8,116.31,115.77,116.03,62068
2026-04-30T16:15:00+00:00,116.05,116.09,115.45,115.77,28802
2026-04-30T16:20:00+00:00,115.73,116.44,115.64,115.95,61455
2026-04-30T16:25:00+00:00,115.9,116.24,115.83,116.22,24231
2026-04-30T16:30:00+00:00,116.17,116.49,115.98,116.12,33821
2026-04-30T16:35:00+00:00,116.12,116.45,115.9,116.45,25504
2026-04-30T16:40:00+00:00,116.46,116.72,116.29,116.4,59967
2026-04-30T16:45:00+00:00,116.33,116.53,116.17,116.17,29104
2026-04-30T16:50:00+00:00,116.16,116.28,115.9,115.96,25733
2026-04-30T16:55:00+00:00,115.91,115.98,115.545,115.88,25475
2026-04-30T17:00:00+00:00,115.91,116.25,115.89,116.13,15625
2026-04-30T17:05:00+00:00,116.1,116.14,115.33,115.42,27741
2026-04-30T17:10:00+00:00,115.4,115.74,115.37,115.6,14186
2026-04-30T17:15:00+00:00,115.57,115.7,115.38,115.6,22038
2026-04-30T17:20:00+00:00,115.53,115.74,115.46,115.46,19247
2026-04-30T17:25:00+00:00,115.4,115.46,115.13,115.38,25222
2026-04-30T17:30:00+00:00,115.46,116.15,115.46,115.82,44929
2026-04-30T17:35:00+00:00,115.825,115.825,115.31,115.49,37683
2026-04-30T17:40:00+00:00,115.5,115.8,115.44,115.57,17825
2026-04-30T17:45:00+00:00,115.61,116.02,115.58,116.02,24495
2026-04-30T17:50:00+00:00,116.05,116.38,116.05,116.35,23151
2026-04-30T17:55:00+00:00,116.33,116.44,115.99,116.02,24216
2026-04-30T18:00:00+00:00,115.98,116.23,115.61,115.68,29961
2026-04-30T18:05:00+00:00,115.69,115.69,114.6,114.85,40205
2026-04-30T18:10:00+00:00,114.82,115.25,114.7,115.2,20288
2026-04-30T18:15:00+00:00,115.28,115.53,115.21,115.36,40881
2026-04-30T18:20:00+00:00,115.36,115.55,115.23,115.51,24886
2026-04-30T18:25:00+00:00,115.47,115.59,115.3,115.45,21708
2026-04-30T18:30:00+00:00,115.5,115.76,115.27,115.68,27911
2026-04-30T18:35:00+00:00,115.73,116.06,115.73,116.02,40991
2026-04-30T18:40:00+00:00,116.04,116.04,115.34,115.34,35337
2026-04-30T18:45:00+00:00,115.32,115.73,115.18,115.59,27110
2026-04-30T18:50:00+00:00,115.57,115.57,115.1,115.1,23721
2026-04-30T18:55:00+00:00,115.07,115.07,114.78,114.92,37553
2026-04-30T19:00:00+00:00,114.89,114.9,114.5,114.54,27131
2026-04-30T19:05:00+00:00,114.52,114.94,114.39,114.86,35406
2026-04-30T19:10:00+00:00,114.9,115.03,114.6,114.6,24517
2026-04-30T19:15:00+00:00,114.56,114.6,114.12,114.27,27471
2026-04-30T19:20:00+00:00,114.23,114.23,113.67,113.85,47765
2026-04-30T19:25:00+00:00,113.85,114.17,113.58,113.6,35390
2026-04-30T19:30:00+00:00,113.52,114.18,113.37,114.02,57931
2026-04-30T19:35:00+00:00,114.05,114.14,113.75,114.11,43174
2026-04-30T19:40:00+00:00,114.1,114.14,113.21,113.28,56614
2026-04-30T19:45:00+00:00,113.24,113.36,112.72,112.94,93891
2026-04-30T19:50:00+00:00,112.93,113.25,112.13,112.59,176683
2026-04-30T19:55:00+00:00,112.55,112.55,111.35,111.59,555301
2026-04-30T20:00:00+00:00,111.52,112.0,111.0,111.6,37094
2026-04-30T20:05:00+00:00,111.6,111.66,111.4,111.49,4742
2026-04-30T20:10:00+00:00,111.51,111.56,111.45,111.56,1200
2026-04-30T20:15:00+00:00,111.85,111.9,111.65,111.8,2448
2026-04-30T20:20:00+00:00,111.8,111.8,111.6,111.6,2246
2026-04-30T20:25:00+00:00,111.6,111.9,111.6,111.86,4437
2026-04-30T20:30:00+00:00,111.85,111.89,111.75,111.75,1449
2026-04-30T20:35:00+00:00,111.75,111.75,111.55,111.56,2116
2026-04-30T20:40:00+00:00,111.56,111.56,111.56,111.56,221
2026-04-30T20:45:00+00:00,111.56,111.83,111.56,111.79,903
2026-04-30T20:50:00+00:00,111.8,111.97,111.8,111.97,1349
2026-04-30T20:55:00+00:00,111.78,111.93,111.78,111.93,803
2026-04-30T21:00:00+00:00,111.93,111.93,111.93,111.93,541
2026-04-30T21:05:00+00:00,111.65,111.65,111.6,111.65,4481
2026-04-30T21:10:00+00:00,111.65,111.75,111.55,111.55,2185
2026-04-30T21:15:00+00:00,111.55,111.554,111.54,111.54,425
2026-04-30T21:20:00+00:00,111.54,111.54,111.54,111.54,131
2026-04-30T21:25:00+00:00,111.54,111.54,111.53,111.53,293
2026-04-30T21:30:00+00:00,111.51,111.6,111.44,111.6,3428
2026-04-30T21:35:00+00:00,111.6,112.01,111.6,112.0,4625
2026-04-30T21:40:00+00:00,111.9,111.92,111.9,111.92,346
2026-04-30T21:45:00+00:00,111.87,111.87,111.79,111.79,1898
2026-04-30T21:50:00+00:00,111.79,111.79,111.79,111.79,75
2026-04-30T21:55:00+00:00,111.79,111.79,111.75,111.75,415
2026-04-30T22:00:00+00:00,111.75,111.75,111.75,111.75,47
2026-04-30T22:05:00+00:00,111.6,111.76,111.6,111.76,11751
2026-04-30T22:10:00+00:00,111.76,111.76,111.7,111.7,2213
2026-04-30T22:15:00+00:00,111.7,111.7,111.69,111.69,1092
2026-04-30T22:20:00+00:00,111.69,111.69,111.55,111.62,804
2026-04-30T22:25:00+00:00,111.6,111.6,111.6,111.6,282
2026-04-30T22:30:00+00:00,111.57,111.68,111.55,111.6,2448
2026-04-30T22:35:00+00:00,111.65,111.65,111.65,111.65,646
2026-04-30T22:40:00+00:00,111.65,111.65,111.65,111.65,384
2026-04-30T22:45:00+00:00,111.65,111.65,111.4,111.42,941
2026-04-30T22:50:00+00:00,111.42,111.42,111.301,111.301,660
2026-04-30T22:55:00+00:00,111.36,111.36,111.23,111.23,786
2026-04-30T23:00:00+00:00,111.23,111.26,111.23,111.26,433
2026-04-30T23:05:00+00:00,111.31,111.31,111.31,111.31,220
2026-04-30T23:10:00+00:00,111.37,111.37,111.3,111.3,2948
2026-04-30T23:15:00+00:00,111.24,111.31,111.23,111.23,1648
2026-04-30T23:20:00+00:00,111.23,111.23,111.23,111.23,75
2026-04-30T23:25:00+00:00,111.23,111.23,111.23,111.23,4
2026-04-30T23:30:00+00:00,111.23,111.5,111.23,111.5,319
2026-04-30T23:35:00+00:00,111.5,111.5,111.45,111.5,1420
2026-04-30T23:40:00+00:00,111.43,111.43,111.39,111.39,564
2026-04-30T23:45:00+00:00,111.39,111.39,111.39,111.39,285
2026-04-30T23:50:00+00:00,111.39,111.49,111.39,111.49,567
2026-04-30T23:55:00+00:00,111.49,111.6,111.49,111.6,703
2026-05-01T08:00:00+00:00,112.923,113.39,112.58,113.082,16159
2026-05-01T08:05:00+00:00,113.1,113.58,112.59,113.41,5941
2026-05-01T08:10:00+00:00,113.427,114.13,113.427,114.03,3819
2026-05-01T08:15:00+00:00,113.87,114.14,113.84,114.0,2179
2026-05-01T08:20:00+00:00,114.13,114.22,114.105,114.22,749
2026-05-01T08:25:00+00:00,114.19,114.21,114.0,114.14,447
2026-05-01T08:30:00+00:00,113.96,114.0,113.8,113.807,1071
2026-05-01T08:35:00+00:00,113.69,113.7,113.4,113.61,1868
2026-05-01T08:40:00+00:00,113.6,113.6,113.45,113.45,1204
2026-05-01T08:45:00+00:00,113.48,113.48,113.3,113.48,504
2026-05-01T08:50:00+00:00,113.48,113.5,113.36,113.4,778
2026-05-01T08:55:00+00:00,113.495,113.5,113.4,113.41,1166
2026-05-01T09:00:00+00:00,113.32,113.41,112.8,112.914,1038
2026-05-01T09:05:00+00:00,112.9,113.253,112.81,113.25,1608
2026-05-01T09:10:00+00:00,113.3,113.3,113.0,113.0,305
2026-05-01T09:15:00+00:00,112.99,112.99,112.89,112.89,48
2026-05-01T09:20:00+00:00,112.89,112.98,112.89,112.89,211
2026-05-01T09:25:00+00:00,113.0,113.0,112.89,112.99,438
2026-05-01T09:30:00+00:00,113.3,113.3,113.0,113.11,615
2026-05-01T09:35:00+00:00,113.07,113.291,113.07,113.291,780
2026-05-01T09:40:00+00:00,113.29,113.32,112.969,112.969,411
2026-05-01T09:45:00+00:00,113.13,113.376,113.0,113.376,248
2026-05-01T09:50:00+00:00,113.35,113.65,113.283,113.48,2704
2026-05-01T09:55:00+00:00,113.38,113.69,113.21,113.44,1016
2026-05-01T10:00:00+00:00,113.69,113.69,113.208,113.208,1143
2026-05-01T10:05:00+00:00,113.41,113.41,113.28,113.35,266
2026-05-01T10:10:00+00:00,113.202,113.4,113.2,113.4,1007
2026-05-01T10:15:00+00:00,113.44,114.25,113.363,113.867,2666
2026-05-01T10:20:00+00:00,113.867,113.89,113.42,113.42,232
2026-05-01T10:25:00+00:00,113.322,113.72,113.322,113.322,583
2026-05-01T10:30:00+00:00,113.48,113.94,113.48,113.94,684
2026-05-01T10:35:00+00:00,113.96,113.96,113.263,113.263,704
2026-05-01T10:40:00+00:00,113.75,113.75,113.26,113.32,1015
2026-05-01T10:45:00+00:00,113.5,113.5,113.5,113.5,6
2026-05-01T10:50:00+00:00,113.33,113.51,113.32,113.403,774
2026-05-01T10:55:00+00:00,113.44,113.44,113.3,113.3,271
2026-05-01T11:00:00+00:00,113.42,113.42,112.96,113.28,5202
2026-05-01T11:05:00+00:00,113.044,113.34,113.02,113.15,2436
2026-05-01T11:10:00+00:00,113.015,113.33,112.79,112.97,4648
2026-05-01T11:15:00+00:00,112.99,113.55,112.97,113.46,4946
2026-05-01T11:20:00+00:00,113.46,113.7,113.32,113.43,3280
2026-05-01T11:25:00+00:00,113.51,113.55,113.3,113.3,2643
2026-05-01T11:30:00+00:00,113.55,113.55,113.41,113.45,427
2026-05-01T11:35:00+00:00,113.33,113.5,113.33,113.45,1136
2026-05-01T11:40:00+00:00,113.45,113.5,113.33,113.41,3900
2026-05-01T11:45:00+00:00,113.4,113.5,113.4,113.5,1267
2026-05-01T11:50:00+00:00,113.49,113.55,113.42,113.55,1838
2026-05-01T11:55:00+00:00,113.526,113.69,113.5,113.68,1273
2026-05-01T12:00:00+00:00,113.6,114.14,113.588,114.05,4266
2026-05-01T12:05:00+00:00,114.02,114.48,114.0,114.0,21546
2026-05-01T12:10:00+00:00,114.05,114.8,113.89,114.642,31689
2026-05-01T12:15:00+00:00,114.6,114.8,114.43,114.52,6689
2026-05-01T12:20:00+00:00,114.476,114.65,114.35,114.35,1896
2026-05-01T12:25:00+00:00,114.61,114.8,114.35,114.71,29196
2026-05-01T12:30:00+00:00,114.71,114.76,114.41,114.51,3105
2026-05-01T12:35:00+00:00,114.45,114.6,114.4,114.57,2408
2026-05-01T12:40:00+00:00,114.59,114.6,114.35,114.475,3537
2026-05-01T12:45:00+00:00,114.37,114.65,114.37,114.65,3375
2026-05-01T12:50:00+00:00,114.7,114.9,114.55,114.595,12200
2026-05-01T12:55:00+00:00,114.69,114.69,114.4,114.406,5600
2026-05-01T13:00:00+00:00,114.49,114.6,114.27,114.55,12672
2026-05-01T13:05:00+00:00,114.53,114.76,114.38,114.76,23078
2026-05-01T13:10:00+00:00,114.65,114.765,114.22,114.38,7395
2026-05-01T13:15:00+00:00,114.268,114.5,114.15,114.5,3772
2026-05-01T13:20:00+00:00,114.494,114.75,114.49,114.62,9789
2026-05-01T13:25:00+00:00,114.51,114.63,113.997,114.08,5931
2026-05-01T13:30:00+00:00,114.11,115.5,113.19,115.38,356508
2026-05-01T13:35:00+00:00,115.27,118.2,115.27,118.2,771063
2026-05-01T13:40:00+00:00,118.11,119.19,117.92,119.064,783510
2026-05-01T13:45:00+00:00,119.14,120.74,117.69,119.925,951600
2026-05-01T13:50:00+00:00,119.88,120.7,119.55,120.5,878023
2026-05-01T13:55:00+00:00,120.45,121.22,120.11,120.925,716792
2026-05-01T14:00:00+00:00,120.88,121.38,119.46,119.625,645520
2026-05-01T14:05:00+00:00,119.52,120.03,119.1,119.505,281180
2026-05-01T14:10:00+00:00,119.51,120.72,119.26,120.385,406210
2026-05-01T14:15:00+00:00,120.37,121.855,120.21,121.755,715764
2026-05-01T14:20:00+00:00,121.72,121.8,120.43,120.77,432422
2026-05-01T14:25:00+00:00,120.748,120.87,119.54,119.91,520733
2026-05-01T14:30:00+00:00,119.93,120.12,119.02,119.485,277415
2026-05-01T14:35:00+00:00,119.43,120.1,118.91,119.53,352771
2026-05-01T14:40:00+00:00,119.6,120.6,119.42,120.435,656292
2026-05-01T14:45:00+00:00,120.41,121.0,120.32,120.95,267722
2026-05-01T14:50:00+00:00,120.9,121.52,120.16,121.09,324586
2026-05-01T14:55:00+00:00,121.17,121.3,120.46,120.88,180672
2026-05-01T15:00:00+00:00,120.89,121.069,119.97,120.385,191105
2026-05-01T15:05:00+00:00,120.385,120.9,120.09,120.63,128015
2026-05-01T15:10:00+00:00,120.59,120.86,120.08,120.395,175613
2026-05-01T15:15:00+00:00,120.395,121.05,120.26,121.01,211449
2026-05-01T15:20:00+00:00,121.01,121.2,120.53,120.59,171518
2026-05-01T15:25:00+00:00,120.585,120.695,120.04,120.245,267533
2026-05-01T15:30:00+00:00,120.28,120.5,120.13,120.35,148101
2026-05-01T15:35:00+00:00,120.35,120.857,120.11,120.645,135021
2026-05-01T15:40:00+00:00,120.69,120.95,120.6,120.61,89272
2026-05-01T15:45:00+00:00,120.61,120.78,120.5,120.735,75951
2026-05-01T15:50:00+00:00,120.77,120.835,119.55,119.78,253966
2026-05-01T15:55:00+00:00,119.74,120.2,119.7,120.2,266113
2026-05-01T16:00:00+00:00,120.16,120.42,119.98,120.34,131420
2026-05-01T16:05:00+00:00,120.31,120.56,120.048,120.12,178581
2026-05-01T16:10:00+00:00,120.125,120.82,120.07,120.82,140840
2026-05-01T16:15:00+00:00,120.815,121.35,120.7,120.722,264956
2026-05-01T16:20:00+00:00,120.74,120.84,119.58,119.8,221722
2026-05-01T16:25:00+00:00,119.845,120.05,119.14,119.85,193725
2026-05-01T16:30:00+00:00,119.85,120.2,119.66,119.91,109158
2026-05-01T16:35:00+00:00,119.82,120.1,119.7,119.7,86950
2026-05-01T16:40:00+00:00,119.75,119.79,119.22,119.38,102222
2026-05-01T16:45:00+00:00,119.35,119.78,119.161,119.7,90974
2026-05-01T16:50:00+00:00,119.65,120.18,119.65,119.85,109903
2026-05-01T16:55:00+00:00,119.85,120.1,119.58,119.87,166480
2026-05-01T17:00:00+00:00,119.87,120.075,119.68,119.75,85799
2026-05-01T17:05:00+00:00,119.68,119.915,119.55,119.82,75353
2026-05-01T17:10:00+00:00,119.84,120.0,119.618,119.775,88955
2026-05-01T17:15:00+00:00,119.73,119.773,119.35,119.435,151039
2026-05-01T17:20:00+00:00,119.46,119.99,119.459,119.67,127681
2026-05-01T17:25:00+00:00,119.68,119.725,119.38,119.52,86131
2026-05-01T17:30:00+00:00,119.5,119.59,119.36,119.43,73340
2026-05-01T17:35:00+00:00,119.43,119.54,119.23,119.329,145440
2026-05-01T17:40:00+00:00,119.34,119.46,119.19,119.355,107622
2026-05-01T17:45:00+00:00,119.4,119.44,118.93,119.0,130697
2026-05-01T17:50:00+00:00,118.96,119.02,118.85,118.9,94880
2026-05-01T17:55:00+00:00,119.02,119.35,118.94,119.11,141213
2026-05-01T18:00:00+00:00,119.11,119.14,118.35,118.65,215686
2026-05-01T18:05:00+00:00,118.695,118.695,118.435,118.45,97469
2026-05-01T18:10:00+00:00,118.53,119.0,118.27,118.37,171610
2026-05-01T18:15:00+00:00,118.37,118.49,118.12,118.19,150791
2026-05-01T18:20:00+00:00,118.19,118.6,118.02,118.515,124675
2026-05-01T18:25:00+00:00,118.52,118.85,118.39,118.67,98817
2026-05-01T18:30:00+00:00,118.675,118.81,118.47,118.63,89236
2026-05-01T18:35:00+00:00,118.64,118.64,118.2,118.38,103440
2026-05-01T18:40:00+00:00,118.36,118.88,118.22,118.77,103773
2026-05-01T18:45:00+00:00,118.81,118.84,118.5,118.77,95260
2026-05-01T18:50:00+00:00,118.7,118.85,118.53,118.57,73215
2026-05-01T18:55:00+00:00,118.54,119.0,118.5,118.82,78649
2026-05-01T19:00:00+00:00,118.81,118.95,118.63,118.86,70158
2026-05-01T19:05:00+00:00,118.875,119.32,118.85,119.32,88848
2026-05-01T19:10:00+00:00,119.28,119.36,119.028,119.11,101629
2026-05-01T19:15:00+00:00,119.08,119.3,119.0,119.295,72500
2026-05-01T19:20:00+00:00,119.295,119.5,119.15,119.32,112972
2026-05-01T19:25:00+00:00,119.29,119.5,119.123,119.17,132061
2026-05-01T19:30:00+00:00,119.21,119.44,119.15,119.33,105624
2026-05-01T19:35:00+00:00,119.31,119.38,119.12,119.263,149108
2026-05-01T19:40:00+00:00,119.2,119.31,119.01,119.09,114879
2026-05-01T19:45:00+00:00,119.105,119.25,118.88,119.225,206513
2026-05-01T19:50:00+00:00,119.24,119.5,118.75,118.84,323335
2026-05-01T19:55:00+00:00,118.81,119.1,118.747,119.01,603697
2026-05-01T20:00:00+00:00,119.07,119.09,118.57,119.01,305449
2026-05-01T20:05:00+00:00,118.86,118.95,118.5,118.8,21086
2026-05-01T20:10:00+00:00,118.84,119.08,118.75,118.92,9883
2026-05-01T20:15:00+00:00,118.92,119.3,118.76,118.94,4357
2026-05-01T20:20:00+00:00,119.29,119.29,118.76,118.84,2665
2026-05-01T20:25:00+00:00,118.84,119.0,118.8,118.85,1275
2026-05-01T20:30:00+00:00,118.85,119.0,118.8,118.9,16572
2026-05-01T20:35:00+00:00,118.81,119.0,118.8,118.851,26380
2026-05-01T20:40:00+00:00,118.89,119.0,118.766,118.95,9730
2026-05-01T20:45:00+00:00,118.95,119.0,118.8,119.0,584
2026-05-01T20:50:00+00:00,118.98,118.994,118.82,118.92,587
2026-05-01T20:55:00+00:00,118.92,118.92,118.665,118.85,1193
2026-05-01T21:00:00+00:00,118.85,119.0,118.63,119.0,1397
2026-05-01T21:05:00+00:00,118.63,119.0,118.63,118.75,6084
2026-05-01T21:10:00+00:00,118.8,118.99,118.785,118.9,606
2026-05-01T21:15:00+00:00,118.92,118.989,118.87,118.9,651
2026-05-01T21:20:00+00:00,118.96,118.97,118.8,118.8,1993
2026-05-01T21:25:00+00:00,118.82,118.93,118.8,118.81,662
2026-05-01T21:30:00+00:00,118.85,118.96,118.82,118.91,1557
2026-05-01T21:35:00+00:00,118.94,118.99,118.84,118.96,171
2026-05-01T21:40:00+00:00,118.86,118.971,118.84,118.91,830
2026-05-01T21:45:00+00:00,118.91,118.91,118.84,118.84,1159
2026-05-01T21:50:00+00:00,118.82,118.9,118.76,118.857,693
2026-05-01T21:55:00+00:00,118.8,118.88,118.8,118.8,1717
2026-05-01T22:00:00+00:00,118.8,118.88,118.8,118.81,90
2026-05-01T22:05:00+00:00,118.82,118.98,118.8,118.98,1132
2026-05-01T22:10:00+00:00,118.89,119.238,118.89,119.238,1330
2026-05-01T22:15:00+00:00,119.099,119.13,118.917,119.05,401
2026-05-01T22:20:00+00:00,119.129,119.14,119.08,119.08,761
2026-05-01T22:25:00+00:00,119.08,119.29,119.06,119.06,1573
2026-05-01T22:30:00+00:00,119.05,119.19,119.05,119.05,3805
2026-05-01T22:35:00+00:00,119.05,119.08,118.9,119.0,1010
2026-05-01T22:40:00+00:00,119.05,119.05,118.9,118.9,1290
2026-05-01T22:45:00+00:00,118.987,119.0,118.822,118.822,339
2026-05-01T22:50:00+00:00,118.89,119.0,118.8,118.9,797
2026-05-01T22:55:00+00:00,118.84,118.97,118.79,118.855,1915
2026-05-01T23:00:00+00:00,118.87,119.0,118.85,118.988,1971
2026-05-01T23:05:00+00:00,119.0,119.35,118.88,119.25,15734
2026-05-01T23:10:00+00:00,119.3,119.35,119.1,119.24,879
2026-05-01T23:15:00+00:00,119.25,119.33,119.173,119.173,1291
2026-05-01T23:20:00+00:00,119.3,119.3,119.126,119.2,1476
2026-05-01T23:25:00+00:00,119.1,119.3,119.1,119.17,2157
2026-05-01T23:30:00+00:00,119.17,119.283,119.11,119.11,853
2026-05-01T23:35:00+00:00,119.11,119.27,119.1,119.248,316
2026-05-01T23:40:00+00:00,119.101,119.27,119.1,119.15,157
2026-05-01T23:45:00+00:00,119.245,119.245,119.03,119.1,1524
2026-05-01T23:50:00+00:00,119.06,119.15,119.0,119.095,2651
2026-05-01T23:55:00+00:00,119.05,119.42,119.05,119.26,7694
2026-05-04T08:00:00+00:00,121.06,122.442,121.06,121.92,22453
2026-05-04T08:05:00+00:00,121.92,122.37,121.3,121.74,5928
2026-05-04T08:10:00+00:00,121.63,121.77,121.3,121.77,3383
2026-05-04T08:15:00+00:00,121.75,121.75,121.23,121.499,676
2026-05-04T08:20:00+00:00,121.38,121.77,121.28,121.5,2724
2026-05-04T08:25:00+00:00,121.5,121.75,121.43,121.746,854
2026-05-04T08:30:00+00:00,121.52,121.749,121.31,121.585,474
2026-05-04T08:35:00+00:00,121.65,121.75,121.55,121.75,1987
2026-05-04T08:40:00+00:00,121.75,121.77,121.55,121.75,1754
2026-05-04T08:45:00+00:00,121.503,121.75,121.4,121.41,611
2026-05-04T08:50:00+00:00,121.41,121.74,121.3,121.44,780
2026-05-04T08:55:00+00:00,121.57,121.725,121.53,121.69,745
2026-05-04T09:00:00+00:00,121.57,121.75,121.44,121.75,5124
2026-05-04T09:05:00+00:00,121.93,122.38,121.756,122.17,4746
2026-05-04T09:10:00+00:00,122.06,122.38,122.06,122.3,285
2026-05-04T09:15:00+00:00,122.367,122.4,121.924,122.4,597
2026-05-04T09:20:00+00:00,122.31,122.58,122.083,122.48,942
2026-05-04T09:25:00+00:00,122.48,122.67,122.42,122.62,3167
2026-05-04T09:30:00+00:00,122.62,122.75,122.4,122.654,1228
2026-05-04T09:35:00+00:00,122.65,122.871,122.65,122.81,1454
2026-05-04T09:40:00+00:00,122.812,122.99,122.7,122.78,6689
2026-05-04T09:45:00+00:00,122.78,123.0,122.754,122.9,5188
2026-05-04T09:50:00+00:00,122.97,123.0,122.9,122.99,2749
2026-05-04T09:55:00+00:00,122.98,122.98,122.5,122.68,1833
2026-05-04T10:00:00+00:00,122.61,122.63,121.14,121.42,9375
2026-05-04T10:05:00+00:00,121.5,121.5,120.1,120.54,10141
2026-05-04T10:10:00+00:00,120.656,121.884,119.91,120.17,10991
2026-05-04T10:15:00+00:00,120.21,121.0,119.45,119.946,9368
2026-05-04T10:20:00+00:00,119.5,120.49,119.18,120.37,11501
2026-05-04T10:25:00+00:00,120.25,121.0,120.0,120.5,6243
2026-05-04T10:30:00+00:00,120.54,121.37,120.11,121.16,6293
2026-05-04T10:35:00+00:00,121.2,121.7,121.0,121.21,24384
2026-05-04T10:40:00+00:00,121.2,122.15,121.05,122.13,3328
2026-05-04T10:45:00+00:00,122.214,122.22,121.52,121.863,9203
2026-05-04T10:50:00+00:00,122.02,122.1,121.37,121.42,2387
2026-05-04T10:55:00+00:00,121.42,121.8,121.42,121.69,3013
2026-05-04T11:00:00+00:00,121.45,121.75,121.016,121.19,29316
2026-05-04T11:05:00+00:00,121.262,121.75,121.02,121.36,3252
2026-05-04T11:10:00+00:00,121.36,121.75,121.36,121.51,6013
2026-05-04T11:15:00+00:00,121.4,121.85,121.359,121.843,6990
2026-05-04T11:20:00+00:00,121.8,121.85,121.781,121.814,6148
2026-05-04T11:25:00+00:00,121.73,121.79,121.5,121.53,3952
2026-05-04T11:30:00+00:00,121.56,121.63,121.3,121.574,4269
2026-05-04T11:35:00+00:00,121.57,121.72,121.23,121.475,1131
2026-05-04T11:40:00+00:00,121.55,121.723,121.0,121.435,8695
2026-05-04T11:45:00+00:00,121.44,121.74,121.08,121.51,4833
2026-05-04T11:50:00+00:00,121.5,121.8,121.3,121.76,3923
2026-05-04T11:55:00+00:00,121.74,121.93,121.55,121.86,4384
2026-05-04T12:00:00+00:00,121.9,122.21,121.6,121.92,11535
2026-05-04T12:05:00+00:00,122.0,122.22,121.61,122.0,8152
2026-05-04T12:10:00+00:00,121.9,122.1,121.35,121.81,18658
2026-05-04T12:15:00+00:00,121.4,121.81,121.35,121.77,7198
2026-05-04T12:20:00+00:00,121.723,121.85,121.52,121.804,7594
2026-05-04T12:25:00+00:00,121.74,121.81,121.55,121.78,7117
2026-05-04T12:30:00+00:00,121.78,121.8,121.626,121.77,3695
2026-05-04T12:35:00+00:00,121.7,121.81,121.55,121.8,6559
2026-05-04T12:40:00+00:00,121.8,121.89,121.5,121.79,3514
2026-05-04T12:45:00+00:00,121.8,121.82,121.55,121.71,2366
2026-05-04T12:50:00+00:00,121.59,121.771,121.55,121.56,1699
2026-05-04T12:55:00+00:00,121.6,121.77,121.35,121.35,3120
2026-05-04T13:00:00+00:00,121.439,121.446,120.66,121.0,13439
2026-05-04T13:05:00+00:00,121.0,121.37,120.88,120.96,5897
2026-05-04T13:10:00+00:00,120.97,121.0,120.5,120.92,9407
2026-05-04T13:15:00+00:00,120.95,121.0,120.6,120.95,6467
2026-05-04T13:20:00+00:00,120.61,121.0,120.61,120.946,7263
2026-05-04T13:25:00+00:00,121.0,121.6,120.62,121.32,29418
2026-05-04T13:30:00+00:00,121.18,125.498,121.18,125.315,1121593
2026-05-04T13:35:00+00:00,125.38,126.611,124.975,126.29,904653
2026-05-04T13:40:00+00:00,126.3,128.52,125.68,127.05,1165652
2026-05-04T13:45:00+00:00,127.055,129.0,126.58,128.5,728699
2026-05-04T13:50:00+00:00,128.53,129.25,127.9,128.24,704345
2026-05-04T13:55:00+00:00,128.32,129.97,127.74,129.46,640528
2026-05-04T14:00:00+00:00,129.44,129.68,128.14,128.44,470019
2026-05-04T14:05:00+00:00,128.44,128.75,127.12,127.74,467334
2026-05-04T14:10:00+00:00,127.785,128.41,127.7,127.96,410966
2026-05-04T14:15:00+00:00,128.01,128.41,127.41,128.4,326656
2026-05-04T14:20:00+00:00,128.385,128.48,127.36,127.74,326798
2026-05-04T14:25:00+00:00,127.735,128.61,127.44,127.75,320007
2026-05-04T14:30:00+00:00,127.825,128.39,127.59,127.59,291960
2026-05-04T14:35:00+00:00,127.59,128.19,127.55,128.01,239586
2026-05-04T14:40:00+00:00,128.015,128.58,128.015,128.13,306079
2026-05-04T14:45:00+00:00,128.15,128.24,127.65,127.94,151060
2026-05-04T14:50:00+00:00,127.9,128.8,127.9,128.76,248543
2026-05-04T14:55:00+00:00,128.73,129.19,127.51,127.56,378868
2026-05-04T15:00:00+00:00,127.58,128.17,127.17,127.99,240800
2026-05-04T15:05:00+00:00,127.93,128.29,127.82,128.06,137668
2026-05-04T15:10:00+00:00,128.01,128.07,127.17,127.94,189080
2026-05-04T15:15:00+00:00,127.89,128.25,126.25,126.37,305329
2026-05-04T15:20:00+00:00,126.35,126.46,125.17,125.34,427873
2026-05-04T15:25:00+00:00,125.32,126.3,125.31,126.068,310878
2026-05-04T15:30:00+00:00,126.12,126.23,125.12,125.86,263537
2026-05-04T15:35:00+00:00,125.9,125.9,125.0,125.3,170465
2026-05-04T15:40:00+00:00,125.285,126.0,124.681,125.75,272414
2026-05-04T15:45:00+00:00,125.74,126.175,125.47,125.53,128757
2026-05-04T15:50:00+00:00,125.485,125.71,124.745,125.325,238255
2026-05-04T15:55:00+00:00,125.39,125.74,125.16,125.38,135707
2026-05-04T16:00:00+00:00,125.39,125.54,124.88,125.101,140556
2026-05-04T16:05:00+00:00,125.13,125.25,124.06,124.46,200382
2026-05-04T16:10:00+00:00,124.405,124.46,124.05,124.28,294165
2026-05-04T16:15:00+00:00,124.25,125.59,123.71,125.51,301969
2026-05-04T16:20:00+00:00,125.491,126.0,125.37,125.86,222480
2026-05-04T16:25:00+00:00,125.84,126.0,125.56,125.96,110574
2026-05-04T16:30:00+00:00,126.0,126.25,125.68,126.25,185914
2026-05-04T16:35:00+00:00,126.21,126.61,125.75,125.84,161223
2026-05-04T16:40:00+00:00,125.89,126.34,125.62,126.133,316899
2026-05-04T16:45:00+00:00,126.126,126.34,126.04,126.28,110110
2026-05-04T16:50:00+00:00,126.3,126.5,126.07,126.41,127250
2026-05-04T16:55:00+00:00,126.42,127.0,126.38,126.795,153412
2026-05-04T17:00:00+00:00,126.76,127.01,126.66,126.955,200650
2026-05-04T17:05:00+00:00,126.91,127.06,126.53,126.715,154271
2026-05-04T17:10:00+00:00,126.73,126.93,126.38,126.405,84199
2026-05-04T17:15:00+00:00,126.39,126.85,126.04,126.66,110824
2026-05-04T17:20:00+00:00,126.66,127.1,126.62,126.972,117058
2026-05-04T17:25:00+00:00,126.97,127.3,126.86,127.29,121952
2026-05-04T17:30:00+00:00,127.265,127.5,126.95,126.995,130470
2026-05-04T17:35:00+00:00,126.98,127.19,126.715,127.0,86295
2026-05-04T17:40:00+00:00,127.04,127.49,127.04,127.44,77379
2026-05-04T17:45:00+00:00,127.44,127.46,127.23,127.305,79873
2026-05-04T17:50:00+00:00,127.305,127.51,127.23,127.455,136150
2026-05-04T17:55:00+00:00,127.42,127.86,127.4,127.66,126077
2026-05-04T18:00:00+00:00,127.62,127.73,127.31,127.53,119174
2026-05-04T18:05:00+00:00,127.55,127.55,126.95,126.95,101704
2026-05-04T18:10:00+00:00,126.95,127.15,126.69,127.09,103726
2026-05-04T18:15:00+00:00,127.07,127.24,127.01,127.085,58308
2026-05-04T18:20:00+00:00,127.05,127.23,126.825,127.12,75461
2026-05-04T18:25:00+00:00,127.125,127.34,126.77,127.335,87203
2026-05-04T18:30:00+00:00,127.38,127.44,127.1,127.365,139598
2026-05-04T18:35:00+00:00,127.365,127.42,127.19,127.25,115084
2026-05-04T18:40:00+00:00,127.25,127.32,126.9,126.955,71447
2026-05-04T18:45:00+00:00,126.963,127.025,126.7,127.025,80945
2026-05-04T18:50:00+00:00,127.05,127.33,126.95,127.28,87598
2026-05-04T18:55:00+00:00,127.2,127.7,127.17,127.7,154225
2026-05-04T19:00:00+00:00,127.72,127.82,127.48,127.66,179825
2026-05-04T19:05:00+00:00,127.71,128.0,127.58,127.869,220692
2026-05-04T19:10:00+00:00,127.84,127.89,127.58,127.74,87004
2026-05-04T19:15:00+00:00,127.7,127.82,127.525,127.65,101425
2026-05-04T19:20:00+00:00,127.71,127.76,127.33,127.64,112730
2026-05-04T19:25:00+00:00,127.55,127.66,127.13,127.33,158987
2026-05-04T19:30:00+00:00,127.34,127.72,127.34,127.59,112876
2026-05-04T19:35:00+00:00,127.58,127.835,127.51,127.58,133378
2026-05-04T19:40:00+00:00,127.57,127.57,126.9,126.955,213546
2026-05-04T19:45:00+00:00,126.955,127.45,126.74,127.45,203203
2026-05-04T19:50:00+00:00,127.44,127.46,126.18,126.235,289103
2026-05-04T19:55:00+00:00,126.32,126.32,125.21,125.43,854120
2026-05-04T20:00:00+00:00,125.43,125.7,124.01,125.1,159440
2026-05-04T20:05:00+00:00,125.1,125.33,124.75,125.18,23307
2026-05-04T20:10:00+00:00,125.0,125.98,124.891,125.529,71092
2026-05-04T20:15:00+00:00,125.519,125.73,125.3,125.55,5703
2026-05-04T20:20:00+00:00,125.43,125.5,125.3,125.42,2525
2026-05-04T20:25:00+00:00,125.4,125.557,125.27,125.35,48875
2026-05-04T20:30:00+00:00,125.471,125.49,125.28,125.46,1954
2026-05-04T20:35:00+00:00,125.41,125.5,125.28,125.376,3133
2026-05-04T20:40:00+00:00,125.5,125.5,125.28,125.37,1348
2026-05-04T20:45:00+00:00,125.35,125.5,125.35,125.454,2030
2026-05-04T20:50:00+00:00,125.429,125.5,125.413,125.46,2591
2026-05-04T20:55:00+00:00,125.47,125.5,125.35,125.47,829
2026-05-04T21:00:00+00:00,125.45,125.5,125.4,125.487,1241
2026-05-04T21:05:00+00:00,125.48,125.8,125.45,125.8,1477
2026-05-04T21:10:00+00:00,125.75,125.75,125.63,125.7,983
2026-05-04T21:15:00+00:00,125.692,125.88,125.692,125.75,10452
2026-05-04T21:20:00+00:00,125.7,125.9,125.65,125.8,3891
2026-05-04T21:25:00+00:00,125.76,125.997,125.71,125.99,6413
2026-05-04T21:30:00+00:00,125.95,126.16,125.769,126.004,1030
2026-05-04T21:35:00+00:00,126.0,126.16,125.75,126.16,4770
2026-05-04T21:40:00+00:00,126.16,126.16,125.85,126.11,3719
2026-05-04T21:45:00+00:00,126.011,126.078,125.85,125.9,4870
2026-05-04T21:50:00+00:00,126.06,126.06,125.85,125.9,2637
2026-05-04T21:55:00+00:00,125.9,126.144,125.9,126.091,6020
2026-05-04T22:00:00+00:00,126.088,126.15,125.96,126.15,1796
2026-05-04T22:05:00+00:00,126.1,126.15,126.0,126.085,387
2026-05-04T22:10:00+00:00,126.133,126.133,126.001,126.07,762
2026-05-04T22:15:00+00:00,126.07,126.15,126.0,126.07,1327
2026-05-04T22:20:00+00:00,126.1,126.15,126.0,126.069,827
2026-05-04T22:25:00+00:00,126.09,126.42,126.0,126.42,5650
2026-05-04T22:30:00+00:00,126.389,126.389,126.0,126.02,490
2026-05-04T22:35:00+00:00,126.01,126.24,125.95,126.1,1834
2026-05-04T22:40:00+00:00,125.97,126.1,125.96,125.962,360
2026-05-04T22:45:00+00:00,125.95,126.09,125.75,125.773,10449
2026-05-04T22:50:00+00:00,125.67,126.09,125.51,125.8,4286
2026-05-04T22:55:00+00:00,125.6,126.1,125.6,125.83,542
2026-05-04T23:00:00+00:00,125.9,126.0,125.8,125.87,844
2026-05-04T23:05:00+00:00,125.96,126.0,125.6,125.78,2506
2026-05-04T23:10:00+00:00,125.84,125.94,125.6,125.909,1534
2026-05-04T23:15:00+00:00,125.73,125.84,125.73,125.83,2033
2026-05-04T23:20:00+00:00,125.75,125.84,125.7,125.84,491
2026-05-04T23:25:00+00:00,125.84,125.95,125.791,125.828,1889
2026-05-04T23:30:00+00:00,125.9,125.9,125.62,125.74,2457
2026-05-04T23:35:00+00:00,125.72,125.82,125.69,125.819,800
2026-05-04T23:40:00+00:00,125.82,125.82,125.6,125.82,1777
2026-05-04T23:45:00+00:00,125.6,125.94,125.6,125.9,1352
2026-05-04T23:50:00+00:00,125.81,125.81,125.5,125.583,2076
2026-05-04T23:55:00+00:00,125.6,125.7,125.6,125.7,3388
2026-05-05T08:00:00+00:00,124.18,126.89,124.18,126.77,22046
2026-05-05T08:05:00+00:00,126.72,126.83,125.99,126.51,1514
2026-05-05T08:10:00+00:00,126.84,126.84,126.57,126.8,989
2026-05-05T08:15:00+00:00,126.77,126.86,126.5,126.76,1451
2026-05-05T08:20:00+00:00,126.7,127.47,126.64,127.47,3254
2026-05-05T08:25:00+00:00,127.33,127.43,127.02,127.1,2445
2026-05-05T08:30:00+00:00,127.1,127.43,126.668,127.0,4105
2026-05-05T08:35:00+00:00,127.32,127.38,127.03,127.24,1135
2026-05-05T08:40:00+00:00,127.33,127.4,127.11,127.3,1737
2026-05-05T08:45:00+00:00,127.31,127.39,127.0,127.0,1662
2026-05-05T08:50:00+00:00,127.0,127.12,126.5,127.0,1537
2026-05-05T08:55:00+00:00,127.15,127.17,126.97,127.12,462
2026-05-05T09:00:00+00:00,126.99,127.09,126.77,127.09,948
2026-05-05T09:05:00+00:00,127.065,127.38,126.61,127.16,80
2026-05-05T09:10:00+00:00,127.24,127.24,127.0,127.24,2718
2026-05-05T09:15:00+00:00,127.21,127.376,127.0,127.0,8878
2026-05-05T09:20:00+00:00,127.05,127.43,127.05,127.26,2667
2026-05-05T09:25:00+00:00,127.4,127.4,127.26,127.28,1080
2026-05-05T09:30:00+00:00,127.31,127.49,127.25,127.45,2062
2026-05-05T09:35:00+00:00,127.45,127.45,127.3,127.36,1509
2026-05-05T09:40:00+00:00,127.35,127.49,127.35,127.37,514
2026-05-05T09:45:00+00:00,127.38,127.51,127.3,127.47,5708
2026-05-05T09:50:00+00:00,127.45,127.52,126.96,127.11,7319
2026-05-05T09:55:00+00:00,127.12,127.55,127.0,127.0,2794
2026-05-05T10:00:00+00:00,127.08,127.14,126.77,126.77,1323
2026-05-05T10:05:00+00:00,126.78,126.972,126.2,126.22,9391
2026-05-05T10:10:00+00:00,126.26,126.55,125.7,126.19,4268
2026-05-05T10:15:00+00:00,126.0,126.5,125.77,126.48,1684
2026-05-05T10:20:00+00:00,125.98,126.44,125.91,126.0,2961
2026-05-05T10:25:00+00:00,125.98,126.21,125.53,125.7,2894
2026-05-05T10:30:00+00:00,125.6,125.646,124.8,125.25,7453
2026-05-05T10:35:00+00:00,125.51,125.77,125.187,125.6,1401
2026-05-05T10:40:00+00:00,125.634,125.78,125.5,125.5,3101
2026-05-05T10:45:00+00:00,125.76,126.44,125.76,125.921,1237
2026-05-05T10:50:00+00:00,126.19,126.28,125.9,125.99,1537
2026-05-05T10:55:00+00:00,125.89,126.09,125.844,125.914,2430
2026-05-05T11:00:00+00:00,126.29,126.34,125.88,126.248,8879
2026-05-05T11:05:00+00:00,126.299,126.34,126.16,126.24,6521
2026-05-05T11:10:00+00:00,126.212,126.6,126.21,126.469,22432
2026-05-05T11:15:00+00:00,126.47,126.47,125.84,125.967,5446
2026-05-05T11:20:00+00:00,125.98,127.22,125.81,126.426,57293
2026-05-05T11:25:00+00:00,126.11,126.53,125.85,125.99,7806
2026-05-05T11:30:00+00:00,125.93,126.38,125.83,126.129,18046
2026-05-05T11:35:00+00:00,126.15,126.357,125.97,126.0,4278
2026-05-05T11:40:00+00:00,126.001,126.149,125.82,125.89,4131
2026-05-05T11:45:00+00:00,126.0,126.0,125.67,125.9,3929
2026-05-05T11:50:00+00:00,125.91,126.0,125.9,125.99,11894
2026-05-05T11:55:00+00:00,125.99,126.156,125.9,126.14,11478
2026-05-05T12:00:00+00:00,126.1,126.38,125.939,126.04,5243
2026-05-05T12:05:00+00:00,126.313,126.43,126.0,126.25,2846
2026-05-05T12:10:00+00:00,126.35,126.75,126.3,126.55,6846
2026-05-05T12:15:00+00:00,126.51,126.55,125.8,126.08,19850
2026-05-05T12:20:00+00:00,125.95,126.005,125.62,125.636,2562
2026-05-05T12:25:00+00:00,125.726,125.98,125.65,125.98,4024
2026-05-05T12:30:00+00:00,125.95,126.1,125.85,126.018,12963
2026-05-05T12:35:00+00:00,125.95,125.993,125.6,125.63,2682
2026-05-05T12:40:00+00:00,125.89,125.96,125.632,125.845,3286
2026-05-05T12:45:00+00:00,125.882,126.0,125.73,125.92,9829
2026-05-05T12:50:00+00:00,125.8,125.98,125.7,125.7,4920
2026-05-05T12:55:00+00:00,125.7,126.0,125.7,125.894,17799
2026-05-05T13:00:00+00:00,125.91,126.17,125.78,126.17,5090
2026-05-05T13:05:00+00:00,126.17,126.17,126.0,126.098,4046
2026-05-05T13:10:00+00:00,126.09,126.25,125.88,126.077,13704
2026-05-05T13:15:00+00:00,126.09,126.25,125.92,126.201,11950
2026-05-05T13:20:00+00:00,126.25,126.5,126.0,126.3,14932
2026-05-05T13:25:00+00:00,126.25,126.36,125.0,125.1,32974
2026-05-05T13:30:00+00:00,125.0,125.0,122.524,123.79,793219
2026-05-05T13:35:00+00:00,123.85,126.31,123.29,125.98,550655
2026-05-05T13:40:00+00:00,126.0,126.28,125.37,126.14,387753
2026-05-05T13:45:00+00:00,126.1,126.55,125.832,126.18,343882
2026-05-05T13:50:00+00:00,126.2,126.54,125.01,125.19,325881
2026-05-05T13:55:00+00:00,125.105,126.29,125.047,125.845,219221
2026-05-05T14:00:00+00:00,125.81,126.22,125.18,126.015,203443
2026-05-05T14:05:00+00:00,126.075,126.505,125.785,126.33,254422
2026-05-05T14:10:00+00:00,126.325,127.35,126.08,126.58,346300
2026-05-05T14:15:00+00:00,126.52,127.15,125.75,126.885,369481
2026-05-05T14:20:00+00:00,126.93,127.5,126.84,127.02,288220
2026-05-05T14:25:00+00:00,127.05,127.7,127.04,127.48,409652
2026-05-05T14:30:00+00:00,127.48,127.87,127.05,127.17,241678
2026-05-05T14:35:00+00:00,127.195,127.5,126.82,127.06,207177
2026-05-05T14:40:00+00:00,127.02,127.06,126.5,126.58,196649
2026-05-05T14:45:00+00:00,126.6,127.74,126.55,127.385,206884
2026-05-05T14:50:00+00:00,127.37,127.45,126.62,126.99,170735
2026-05-05T14:55:00+00:00,126.98,127.415,126.64,126.65,182582
2026-05-05T15:00:00+00:00,126.645,127.0,126.56,126.915,173021
2026-05-05T15:05:00+00:00,126.915,127.29,126.56,126.59,210764
2026-05-05T15:10:00+00:00,126.59,126.9,126.3,126.575,185877
2026-05-05T15:15:00+00:00,126.61,127.0,126.5,126.945,162326
2026-05-05T15:20:00+00:00,126.97,126.985,126.4,126.855,175418
2026-05-05T15:25:00+00:00,126.89,127.24,126.87,127.2,125953
2026-05-05T15:30:00+00:00,127.21,127.25,126.68,126.78,103758
2026-05-05T15:35:00+00:00,126.76,127.25,126.76,127.22,89816
2026-05-05T15:40:00+00:00,127.22,127.65,127.18,127.6,150213
2026-05-05T15:45:00+00:00,127.6,128.0,127.59,127.92,157336
2026-05-05T15:50:00+00:00,127.92,128.2,127.75,128.18,170243
2026-05-05T15:55:00+00:00,128.196,128.47,127.66,128.435,245375
2026-05-05T16:00:00+00:00,128.46,129.0,128.46,128.89,177067
2026-05-05T16:05:00+00:00,128.885,129.0,128.56,128.575,194010
2026-05-05T16:10:00+00:00,128.575,129.02,128.53,128.95,131737
2026-05-05T16:15:00+00:00,128.93,128.99,128.38,128.845,107016
2026-05-05T16:20:00+00:00,128.9,129.13,128.32,128.42,158151
2026-05-05T16:25:00+00:00,128.375,128.62,127.76,128.1,121094
2026-05-05T16:30:00+00:00,128.206,128.206,127.77,127.83,88953
2026-05-05T16:35:00+00:00,127.8,128.0,127.45,127.45,262965
2026-05-05T16:40:00+00:00,127.45,127.99,127.1,127.92,116583
2026-05-05T16:45:00+00:00,127.88,128.31,127.86,128.27,80904
2026-05-05T16:50:00+00:00,128.27,128.46,128.162,128.34,88390
2026-05-05T16:55:00+00:00,128.35,128.76,128.33,128.63,98862
2026-05-05T17:00:00+00:00,128.63,128.83,128.49,128.685,61881
2026-05-05T17:05:00+00:00,128.715,128.819,128.486,128.535,52121
2026-05-05T17:10:00+00:00,128.58,128.98,128.47,128.79,72692
2026-05-05T17:15:00+00:00,128.79,128.9,128.74,128.89,48413
2026-05-05T17:20:00+00:00,128.89,129.0,128.67,128.67,106091
2026-05-05T17:25:00+00:00,128.69,128.82,128.48,128.6,97600
2026-05-05T17:30:00+00:00,128.6,128.6,128.04,128.075,104888
2026-05-05T17:35:00+00:00,128.09,128.43,128.01,128.19,84631
2026-05-05T17:40:00+00:00,128.19,128.81,128.15,128.81,103802
2026-05-05T17:45:00+00:00,128.68,128.765,128.26,128.28,81677
2026-05-05T17:50:00+00:00,128.27,128.75,128.158,128.36,132350
2026-05-05T17:55:00+00:00,128.332,128.39,127.8,127.8,204275
2026-05-05T18:00:00+00:00,127.87,128.02,127.588,127.93,103997
2026-05-05T18:05:00+00:00,127.92,128.13,127.79,127.93,110933
2026-05-05T18:10:00+00:00,127.87,128.35,127.85,128.31,94639
2026-05-05T18:15:00+00:00,128.345,128.5,128.13,128.445,107195
2026-05-05T18:20:00+00:00,128.46,128.75,128.37,128.5,121134
2026-05-05T18:25:00+00:00,128.5,128.63,128.42,128.455,69521
2026-05-05T18:30:00+00:00,128.44,128.75,128.37,128.705,113177
2026-05-05T18:35:00+00:00,128.705,129.0,128.62,128.855,131866
2026-05-05T18:40:00+00:00,128.86,129.19,128.67,128.96,154821
2026-05-05T18:45:00+00:00,128.96,129.04,128.63,128.71,115389
2026-05-05T18:50:00+00:00,128.7,129.06,128.64,129.0,102745
2026-05-05T18:55:00+00:00,129.01,129.18,128.9,129.14,189844
2026-05-05T19:00:00+00:00,129.14,129.25,128.75,128.82,171309
2026-05-05T19:05:00+00:00,128.82,129.25,128.64,129.2,167323
2026-05-05T19:10:00+00:00,129.235,129.52,129.17,129.17,255041
2026-05-05T19:15:00+00:00,129.12,129.17,128.525,128.535,182074
2026-05-05T19:20:00+00:00,128.54,128.54,127.915,128.08,157030
2026-05-05T19:25:00+00:00,128.08,128.14,127.78,127.89,90528
2026-05-05T19:30:00+00:00,127.86,128.24,127.59,128.2,123495
2026-05-05T19:35:00+00:00,128.21,128.25,127.97,128.18,121956
2026-05-05T19:40:00+00:00,128.195,128.21,127.65,127.78,122647
2026-05-05T19:45:00+00:00,127.775,128.148,127.74,127.78,138263
2026-05-05T19:50:00+00:00,127.77,127.875,127.38,127.65,299932
2026-05-05T19:55:00+00:00,127.66,128.0,127.6,127.89,650189
2026-05-05T20:00:00+00:00,127.89,128.25,127.81,128.2,274209
2026-05-05T20:05:00+00:00,128.2,128.5,128.01,128.01,9847
2026-05-05T20:10:00+00:00,127.89,128.3,127.89,128.11,4086
2026-05-05T20:15:00+00:00,128.0,128.3,127.5,128.023,6527
2026-05-05T20:20:00+00:00,128.1,129.0,127.998,128.52,14044
2026-05-05T20:25:00+00:00,128.51,129.2,128.51,129.19,19270
2026-05-05T20:30:00+00:00,129.14,129.2,128.75,128.9,8307
2026-05-05T20:35:00+00:00,129.0,129.01,128.52,128.8,1969
2026-05-05T20:40:00+00:00,128.79,128.79,128.52,128.64,12944
2026-05-05T20:45:00+00:00,128.75,128.75,128.25,128.46,2410
2026-05-05T20:50:00+00:00,128.59,128.66,128.0,128.58,32211
2026-05-05T20:55:00+00:00,128.51,128.81,128.18,128.803,5346
2026-05-05T21:00:00+00:00,128.73,128.92,128.35,128.92,3909
2026-05-05T21:05:00+00:00,128.92,128.92,128.275,128.6,7038
2026-05-05T21:10:00+00:00,128.6,128.92,128.25,128.322,1225
2026-05-05T21:15:00+00:00,128.43,128.52,128.25,128.5,4502
2026-05-05T21:20:00+00:00,128.45,128.75,128.3,128.75,1172
2026-05-05T21:25:00+00:00,128.52,128.75,128.52,128.7,2699
2026-05-05T21:30:00+00:00,128.55,128.8,128.5,128.69,772
2026-05-05T21:35:00+00:00,128.7,128.8,128.5,128.549,1020
2026-05-05T21:40:00+00:00,128.513,128.69,128.35,128.62,8641
2026-05-05T21:45:00+00:00,128.567,128.69,128.5,128.52,3084
2026-05-05T21:50:00+00:00,128.57,128.57,128.35,128.5,1966
2026-05-05T21:55:00+00:00,128.47,128.62,128.35,128.35,697
2026-05-05T22:00:00+00:00,128.45,128.5,128.1,128.276,5760
2026-05-05T22:05:00+00:00,128.3,128.5,128.3,128.48,1088
2026-05-05T22:10:00+00:00,128.48,128.9,128.451,128.87,5686
2026-05-05T22:15:00+00:00,128.89,128.9,128.57,128.71,1678
2026-05-05T22:20:00+00:00,128.7,128.71,128.522,128.55,3025
2026-05-05T22:25:00+00:00,128.59,128.686,128.52,128.6,2337
2026-05-05T22:30:00+00:00,128.6,128.8,128.6,128.79,2259
2026-05-05T22:35:00+00:00,128.72,128.86,128.72,128.83,3951
2026-05-05T22:40:00+00:00,128.77,128.77,128.4,128.68,3650
2026-05-05T22:45:00+00:00,128.68,128.68,128.55,128.66,1045
2026-05-05T22:50:00+00:00,128.57,129.15,128.57,129.076,5352
2026-05-05T22:55:00+00:00,129.15,129.25,129.034,129.163,6225
2026-05-05T23:00:00+00:00,129.2,129.24,128.62,128.62,5698
2026-05-05T23:05:00+00:00,129.0,129.0,128.62,128.96,2519
2026-05-05T23:10:00+00:00,129.0,129.0,128.8,128.97,1272
2026-05-05T23:15:00+00:00,128.871,129.0,128.871,129.0,3160
2026-05-05T23:20:00+00:00,129.0,129.2,128.96,129.02,3224
2026-05-05T23:25:00+00:00,129.026,129.2,129.0,129.0,3575
2026-05-05T23:30:00+00:00,128.95,129.1,128.817,129.1,967
2026-05-05T23:35:00+00:00,129.05,129.19,128.9,129.14,3518
2026-05-05T23:40:00+00:00,129.114,129.184,128.91,129.13,4788
2026-05-05T23:45:00+00:00,129.0,129.45,128.99,129.38,11952
2026-05-05T23:50:00+00:00,129.26,129.45,129.01,129.1,5771
2026-05-05T23:55:00+00:00,129.0,129.09,128.6,128.99,5258
2026-05-06T08:00:00+00:00,130.1,131.24,130.0,130.58,41312
2026-05-06T08:05:00+00:00,130.62,131.0,130.17,130.952,3694
2026-05-06T08:10:00+00:00,130.95,131.03,130.85,130.9,2070
2026-05-06T08:15:00+00:00,130.9,131.0,130.67,131.0,6276
2026-05-06T08:20:00+00:00,130.97,130.97,130.76,130.9,1977
2026-05-06T08:25:00+00:00,130.91,131.24,130.6,131.04,7380
2026-05-06T08:30:00+00:00,131.006,131.5,131.0,131.5,2855
2026-05-06T08:35:00+00:00,131.36,131.5,131.148,131.43,1570
2026-05-06T08:40:00+00:00,131.28,131.8,131.22,131.42,3161
2026-05-06T08:45:00+00:00,131.44,131.8,131.44,131.8,636
2026-05-06T08:50:00+00:00,131.52,132.67,131.52,132.4,4384
2026-05-06T08:55:00+00:00,132.58,133.0,132.25,132.487,10151
2026-05-06T09:00:00+00:00,132.32,132.524,131.7,131.79,4299
2026-05-06T09:05:00+00:00,131.6,132.5,131.6,131.99,2829
2026-05-06T09:10:00+00:00,131.75,132.39,131.74,132.1,2020
2026-05-06T09:15:00+00:00,132.1,132.55,132.1,132.26,1874
2026-05-06T09:20:00+00:00,132.26,132.6,132.06,132.534,1898
2026-05-06T09:25:00+00:00,132.64,132.7,132.15,132.22,4192
2026-05-06T09:30:00+00:00,132.18,132.49,131.988,132.47,1958
2026-05-06T09:35:00+00:00,132.48,132.5,131.999,132.33,1756
2026-05-06T09:40:00+00:00,132.14,132.5,131.9,132.0,2425
2026-05-06T09:45:00+00:00,132.37,132.37,131.7,132.0,2771
2026-05-06T09:50:00+00:00,131.85,132.13,131.6,131.76,4689
2026-05-06T09:55:00+00:00,131.79,132.0,131.63,132.0,1682
2026-05-06T10:00:00+00:00,131.68,132.41,131.678,132.2,1996
2026-05-06T10:05:00+00:00,132.24,132.41,132.0,132.06,2173
2026-05-06T10:10:00+00:00,132.06,132.4,132.06,132.2,1220
2026-05-06T10:15:00+00:00,132.4,132.72,132.3,132.66,5735
2026-05-06T10:20:00+00:00,132.71,132.72,132.5,132.6,2766
2026-05-06T10:25:00+00:00,132.64,132.71,132.3,132.51,3649
2026-05-06T10:30:00+00:00,132.3,134.12,132.3,133.99,11306
2026-05-06T10:35:00+00:00,133.97,134.1,133.5,133.69,8963
2026-05-06T10:40:00+00:00,133.69,134.2,133.6,134.18,8863
2026-05-06T10:45:00+00:00,134.009,134.18,133.3,133.65,7441
2026-05-06T10:50:00+00:00,133.43,133.86,133.4,133.64,2888
2026-05-06T10:55:00+00:00,133.715,133.715,132.318,132.94,6413
2026-05-06T11:00:00+00:00,132.55,134.57,132.52,134.5,50602
2026-05-06T11:05:00+00:00,134.44,135.39,134.0,135.29,34621
2026-05-06T11:10:00+00:00,135.25,136.66,135.25,136.1,46369
2026-05-06T11:15:00+00:00,136.25,136.3,135.0,135.07,21348
2026-05-06T11:20:00+00:00,135.23,135.43,135.0,135.17,20304
2026-05-06T11:25:00+00:00,135.32,135.88,135.112,135.71,11407
2026-05-06T11:30:00+00:00,135.569,135.7,135.32,135.51,17672
2026-05-06T11:35:00+00:00,135.42,135.88,135.07,135.281,14631
2026-05-06T11:40:00+00:00,135.186,135.4,133.527,133.9,22323
2026-05-06T11:45:00+00:00,133.9,134.6,133.5,134.5,16846
2026-05-06T11:50:00+00:00,134.54,135.0,134.21,135.0,19402
2026-05-06T11:55:00+00:00,134.75,134.93,134.3,134.43,20391
2026-05-06T12:00:00+00:00,134.401,134.93,134.4,134.74,25464
2026-05-06T12:05:00+00:00,134.53,134.93,134.1,134.85,29313
2026-05-06T12:10:00+00:00,134.85,135.08,134.6,134.6,15842
2026-05-06T12:15:00+00:00,134.6,134.77,134.2,134.4,32536
2026-05-06T12:20:00+00:00,134.4,134.93,134.4,134.82,15627
2026-05-06T12:25:00+00:00,134.87,135.08,134.8,134.84,28509
2026-05-06T12:30:00+00:00,134.86,134.9,134.25,134.26,31990
2026-05-06T12:35:00+00:00,134.49,134.5,133.35,133.42,18604
2026-05-06T12:40:00+00:00,133.4,133.5,132.5,133.02,24490
2026-05-06T12:45:00+00:00,133.0,133.392,132.61,132.87,45552
2026-05-06T12:50:00+00:00,132.76,133.19,132.61,132.71,12749
2026-05-06T12:55:00+00:00,132.75,133.55,132.33,133.45,17571
2026-05-06T13:00:00+00:00,133.4,133.6,132.75,132.8,15035
2026-05-06T13:05:00+00:00,132.96,132.99,132.31,132.5,6078
2026-05-06T13:10:00+00:00,132.4,132.99,132.2,132.467,19052
2026-05-06T13:15:00+00:00,132.45,133.0,132.4,132.401,4481
2026-05-06T13:20:00+00:00,132.5,132.84,132.4,132.44,11269
2026-05-06T13:25:00+00:00,132.44,132.8,131.04,131.11,16535
2026-05-06T13:30:00+00:00,131.075,136.6,130.41,136.48,1422541
2026-05-06T13:35:00+00:00,136.58,138.2,134.93,135.29,978835
2026-05-06T13:40:00+00:00,135.273,136.13,134.22,134.305,868092
2026-05-06T13:45:00+00:00,134.41,135.029,131.825,132.1,598351
2026-05-06T13:50:00+00:00,132.045,133.94,131.11,133.73,682027
2026-05-06T13:55:00+00:00,133.787,134.69,133.42,133.7,380187
2026-05-06T14:00:00+00:00,133.695,135.0,133.51,134.695,406183
2026-05-06T14:05:00+00:00,134.72,135.46,134.1,135.03,350857
2026-05-06T14:10:00+00:00,135.04,135.85,134.5,135.19,325473
2026-05-06T14:15:00+00:00,135.19,135.65,134.422,134.82,315987
2026-05-06T14:20:00+00:00,134.79,135.5,134.11,135.38,240998
2026-05-06T14:25:00+00:00,135.327,136.0,134.86,134.93,258865
2026-05-06T14:30:00+00:00,134.985,136.29,134.92,135.82,314812
2026-05-06T14:35:00+00:00,135.86,136.62,135.73,135.94,336028
2026-05-06T14:40:00+00:00,135.916,136.99,135.8,136.792,218060
2026-05-06T14:45:00+00:00,136.82,136.99,136.44,136.49,488108
2026-05-06T14:50:00+00:00,136.51,136.9,136.08,136.78,191526
2026-05-06T14:55:00+00:00,136.71,137.0,136.5,136.71,139328
2026-05-06T15:00:00+00:00,136.82,137.0,136.45,136.71,167698
2026-05-06T15:05:00+00:00,136.735,137.4,136.735,136.9,217917
2026-05-06T15:10:00+00:00,136.835,137.2,136.52,136.615,391174
2026-05-06T15:15:00+00:00,136.61,137.27,136.27,137.22,149826
2026-05-06T15:20:00+00:00,137.29,137.37,136.72,136.745,135309
2026-05-06T15:25:00+00:00,136.745,136.79,136.08,136.35,200271
2026-05-06T15:30:00+00:00,136.42,136.965,136.21,136.75,129557
2026-05-06T15:35:00+00:00,136.71,136.99,136.64,136.75,114650
2026-05-06T15:40:00+00:00,136.8,137.0,136.16,136.755,220251
2026-05-06T15:45:00+00:00,136.8,137.25,136.63,136.97,177733
2026-05-06T15:50:00+00:00,137.0,137.9,137.0,137.825,213879
2026-05-06T15:55:00+00:00,137.845,137.9,137.4,137.64,185829
2026-05-06T16:00:00+00:00,137.645,138.18,137.52,138.03,223209
2026-05-06T16:05:00+00:00,138.03,138.2,137.55,137.77,146896
2026-05-06T16:10:00+00:00,137.74,137.97,137.44,137.64,116662
2026-05-06T16:15:00+00:00,137.67,137.74,136.3,136.36,148982
2026-05-06T16:20:00+00:00,136.4,136.9,136.25,136.83,162699
2026-05-06T16:25:00+00:00,136.855,137.27,136.85,136.993,129320
2026-05-06T16:30:00+00:00,136.95,137.415,136.945,137.365,105684
2026-05-06T16:35:00+00:00,137.34,137.49,137.09,137.31,94894
2026-05-06T16:40:00+00:00,137.31,137.51,137.12,137.29,111563
2026-05-06T16:45:00+00:00,137.32,137.4,136.625,136.74,135078
2026-05-06T16:50:00+00:00,136.736,137.31,136.7,136.975,118228
2026-05-06T16:55:00+00:00,136.96,137.17,136.61,136.65,131408
2026-05-06T17:00:00+00:00,136.64,137.17,136.355,137.0,175620
2026-05-06T17:05:00+00:00,137.0,137.25,136.87,137.1,95532
2026-05-06T17:10:00+00:00,137.14,137.47,137.1,137.1,99652
2026-05-06T17:15:00+00:00,137.134,137.15,136.87,137.02,78085
2026-05-06T17:20:00+00:00,136.985,137.02,136.25,136.29,120629
2026-05-06T17:25:00+00:00,136.27,136.666,136.138,136.32,96249
2026-05-06T17:30:00+00:00,136.36,136.75,136.35,136.73,81964
2026-05-06T17:35:00+00:00,136.72,137.1,136.43,136.44,123497
2026-05-06T17:40:00+00:00,136.42,137.02,136.42,136.92,86484
2026-05-06T17:45:00+00:00,136.93,137.06,136.48,136.56,88863
2026-05-06T17:50:00+00:00,136.52,136.85,136.47,136.653,81541
2026-05-06T17:55:00+00:00,136.611,136.83,136.15,136.15,112400
2026-05-06T18:00:00+00:00,136.18,136.48,136.18,136.41,101082
2026-05-06T18:05:00+00:00,136.4,136.85,136.37,136.79,193703
2026-05-06T18:10:00+00:00,136.78,136.85,136.53,136.82,107236
2026-05-06T18:15:00+00:00,136.85,137.11,136.82,137.1,106291
2026-05-06T18:20:00+00:00,137.1,137.48,137.01,137.35,355516
2026-05-06T18:25:00+00:00,137.31,137.48,137.25,137.33,129998
2026-05-06T18:30:00+00:00,137.38,138.0,137.3,138.0,227240
2026-05-06T18:35:00+00:00,137.985,138.08,137.7,137.84,150924
2026-05-06T18:40:00+00:00,137.785,137.92,137.675,137.68,79440
2026-05-06T18:45:00+00:00,137.7,138.02,137.58,137.87,115023
2026-05-06T18:50:00+00:00,137.875,138.05,137.78,137.915,71343
2026-05-06T18:55:00+00:00,137.93,138.05,137.62,137.8,461516
2026-05-06T19:00:00+00:00,137.81,138.01,137.75,137.82,697702
2026-05-06T19:05:00+00:00,137.82,138.0,137.5,137.56,140412
2026-05-06T19:10:00+00:00,137.545,137.71,137.28,137.32,124216
2026-05-06T19:15:00+00:00,137.33,137.405,136.33,136.42,211030
2026-05-06T19:20:00+00:00,136.42,137.25,136.25,137.22,261774
2026-05-06T19:25:00+00:00,137.18,138.21,137.175,137.86,532419
2026-05-06T19:30:00+00:00,137.84,138.09,137.68,137.98,381001
2026-05-06T19:35:00+00:00,137.99,138.25,137.84,138.055,177008
2026-05-06T19:40:00+00:00,138.07,138.2,137.78,137.83,270057
2026-05-06T19:45:00+00:00,137.865,138.21,137.825,137.995,313555
2026-05-06T19:50:00+00:00,138.03,138.09,137.46,137.57,342701
2026-05-06T19:55:00+00:00,137.57,138.1,137.25,137.98,746241
2026-05-06T20:00:00+00:00,137.98,138.541,137.6,138.26,134388
2026-05-06T20:05:00+00:00,138.44,138.68,137.98,138.5,80901
2026-05-06T20:10:00+00:00,138.44,138.5,137.98,138.48,225467
2026-05-06T20:15:00+00:00,138.37,138.5,138.14,138.4,7903
2026-05-06T20:20:00+00:00,138.4,138.5,137.64,137.77,9362
2026-05-06T20:25:00+00:00,137.73,138.0,137.45,137.961,6087
2026-05-06T20:30:00+00:00,138.0,138.0,136.9,136.942,14404
2026-05-06T20:35:00+00:00,136.9,137.56,136.5,136.99,5676
2026-05-06T20:40:00+00:00,136.98,137.0,136.55,136.88,9301
2026-05-06T20:45:00+00:00,136.88,137.37,136.8,136.95,4644
2026-05-06T20:50:00+00:00,136.852,137.0,136.57,136.66,10353
2026-05-06T20:55:00+00:00,136.71,137.37,136.71,137.05,4620
2026-05-06T21:00:00+00:00,137.05,137.188,136.74,137.03,4831
2026-05-06T21:05:00+00:00,137.0,137.5,136.96,137.12,6782
2026-05-06T21:10:00+00:00,137.21,137.22,136.85,136.898,4752
2026-05-06T21:15:00+00:00,136.87,137.22,136.74,136.93,9690
2026-05-06T21:20:00+00:00,136.94,136.99,136.61,136.632,6511
2026-05-06T21:25:00+00:00,136.75,136.78,136.5,136.78,7873
2026-05-06T21:30:00+00:00,136.95,136.99,136.51,136.51,2238
2026-05-06T21:35:00+00:00,136.5,136.89,136.4,136.813,9720
2026-05-06T21:40:00+00:00,136.78,137.98,135.86,136.11,81203
2026-05-06T21:45:00+00:00,135.92,136.2,135.01,135.58,13218
2026-05-06T21:50:00+00:00,136.0,136.0,135.24,135.6,8453
2026-05-06T21:55:00+00:00,135.6,135.9,135.5,135.55,10202
2026-05-06T22:00:00+00:00,135.63,136.21,135.61,136.19,9415
2026-05-06T22:05:00+00:00,136.16,136.48,135.8,135.9,1983
2026-05-06T22:10:00+00:00,135.9,136.28,135.9,136.0,1253
2026-05-06T22:15:00+00:00,136.27,136.28,136.0,136.21,2781
2026-05-06T22:20:00+00:00,136.25,136.5,136.06,136.1,5636
2026-05-06T22:25:00+00:00,136.47,136.75,136.1,136.67,5886
2026-05-06T22:30:00+00:00,136.65,136.65,135.75,135.9,5107
2026-05-06T22:35:00+00:00,135.9,136.15,135.7,136.15,1679
2026-05-06T22:40:00+00:00,136.02,136.46,136.0,136.0,1878
2026-05-06T22:45:00+00:00,136.0,136.4,136.0,136.11,3063
2026-05-06T22:50:00+00:00,136.27,136.5,136.1,136.5,2708
2026-05-06T22:55:00+00:00,136.501,136.6,136.1,136.4,2104
2026-05-06T23:00:00+00:00,136.535,136.55,136.1,136.38,1342
2026-05-06T23:05:00+00:00,136.37,136.45,136.2,136.239,857
2026-05-06T23:10:00+00:00,136.21,136.6,136.2,136.51,537
2026-05-06T23:15:00+00:00,136.55,136.89,136.5,136.89,3062
2026-05-06T23:20:00+00:00,136.89,136.99,136.65,136.75,4160
2026-05-06T23:25:00+00:00,136.99,136.99,136.8,136.99,4013
2026-05-06T23:30:00+00:00,136.99,136.99,136.5,136.65,5554
2026-05-06T23:35:00+00:00,136.65,136.81,136.6,136.7,3733
2026-05-06T23:40:00+00:00,136.69,136.83,136.6,136.83,2686
2026-05-06T23:45:00+00:00,136.8,136.98,136.7,136.91,4971
2026-05-06T23:50:00+00:00,136.71,136.98,136.7,136.85,3534
2026-05-06T23:55:00+00:00,136.88,136.98,136.71,136.75,4451
2026-05-07T08:00:00+00:00,137.91,138.6,137.1,138.2,50573
2026-05-07T08:05:00+00:00,138.13,138.53,137.16,137.83,6663
2026-05-07T08:10:00+00:00,137.87,138.21,137.12,137.3,3447
2026-05-07T08:15:00+00:00,137.49,137.66,137.024,137.6,1987
2026-05-07T08:20:00+00:00,137.605,137.89,137.605,137.77,835
2026-05-07T08:25:00+00:00,137.74,137.9,137.05,137.08,8190
2026-05-07T08:30:00+00:00,137.05,137.64,137.05,137.33,3552
2026-05-07T08:35:00+00:00,137.33,137.5,137.13,137.35,291
2026-05-07T08:40:00+00:00,137.35,137.45,137.11,137.217,245
2026-05-07T08:45:00+00:00,137.21,137.3,137.056,137.1,1783
2026-05-07T08:50:00+00:00,137.1,137.3,137.062,137.16,1363
2026-05-07T08:55:00+00:00,137.2,137.39,136.81,137.08,2919
2026-05-07T09:00:00+00:00,137.1,137.3,136.64,136.64,1609
2026-05-07T09:05:00+00:00,136.7,136.7,136.0,136.22,2957
2026-05-07T09:10:00+00:00,136.03,136.49,136.02,136.49,17008
2026-05-07T09:15:00+00:00,136.5,136.9,136.4,136.65,1884
2026-05-07T09:20:00+00:00,136.7,136.9,136.15,136.745,1181
2026-05-07T09:25:00+00:00,136.74,136.79,136.187,136.55,1522
2026-05-07T09:30:00+00:00,136.43,136.58,136.37,136.5,972
2026-05-07T09:35:00+00:00,136.579,136.58,136.278,136.58,1764
2026-05-07T09:40:00+00:00,136.43,136.43,135.813,136.11,3326
2026-05-07T09:45:00+00:00,136.12,136.38,135.8,136.2,2248
2026-05-07T09:50:00+00:00,136.0,136.332,135.81,135.95,1222
2026-05-07T09:55:00+00:00,135.833,136.08,135.51,136.0,3949
2026-05-07T10:00:00+00:00,135.699,136.04,135.68,135.958,550
2026-05-07T10:05:00+00:00,135.88,136.0,135.25,135.5,8323
2026-05-07T10:10:00+00:00,135.5,135.69,135.111,135.47,4777
2026-05-07T10:15:00+00:00,135.47,135.7,135.117,135.34,4135
2026-05-07T10:20:00+00:00,135.096,135.66,135.09,135.44,3684
2026-05-07T10:25:00+00:00,135.41,135.76,135.23,135.75,1985
2026-05-07T10:30:00+00:00,135.66,136.05,135.4,135.96,3657
2026-05-07T10:35:00+00:00,135.96,136.34,135.9,136.02,6932
2026-05-07T10:40:00+00:00,136.15,136.4,136.12,136.2,2883
2026-05-07T10:45:00+00:00,136.2,136.2,135.855,136.04,2067
2026-05-07T10:50:00+00:00,136.113,136.38,136.1,136.27,3187
2026-05-07T10:55:00+00:00,136.27,136.58,136.108,136.31,2064
2026-05-07T11:00:00+00:00,136.445,136.9,136.1,136.5,16768
2026-05-07T11:05:00+00:00,136.38,136.9,136.38,136.54,11019
2026-05-07T11:10:00+00:00,136.5,136.89,136.01,136.06,8280
2026-05-07T11:15:00+00:00,136.06,136.5,136.0,136.084,9309
2026-05-07T11:20:00+00:00,136.3,136.5,136.02,136.239,3434
2026-05-07T11:25:00+00:00,136.44,136.5,136.008,136.05,5042
2026-05-07T11:30:00+00:00,136.05,136.34,135.95,136.11,6165
2026-05-07T11:35:00+00:00,136.063,136.3,135.7,135.91,7185
2026-05-07T11:40:00+00:00,136.0,136.48,135.7,136.24,10061
2026-05-07T11:45:00+00:00,136.24,136.49,135.6,135.806,8246
2026-05-07T11:50:00+00:00,136.0,136.21,135.75,135.95,844657
2026-05-07T11:55:00+00:00,136.06,136.06,135.54,135.673,7464
2026-05-07T12:00:00+00:00,135.83,135.95,135.3,135.37,11776
2026-05-07T12:05:00+00:00,135.405,135.5,135.3,135.48,10215
2026-05-07T12:10:00+00:00,135.48,135.8,135.12,135.79,7009
2026-05-07T12:15:00+00:00,135.79,135.79,135.34,135.42,3009
2026-05-07T12:20:00+00:00,135.615,135.615,134.75,134.811,20480
2026-05-07T12:25:00+00:00,134.82,135.12,134.18,135.0,19363
2026-05-07T12:30:00+00:00,135.12,135.15,134.5,134.95,25218
2026-05-07T12:35:00+00:00,134.899,135.0,134.53,134.913,12021
2026-05-07T12:40:00+00:00,134.91,135.63,134.75,135.38,19152
2026-05-07T12:45:00+00:00,135.33,135.63,135.0,135.2,10465
2026-05-07T12:50:00+00:00,135.22,135.59,135.046,135.45,13169
2026-05-07T12:55:00+00:00,135.44,135.5,135.1,135.372,5412
2026-05-07T13:00:00+00:00,135.3,135.4,134.97,135.4,7768
2026-05-07T13:05:00+00:00,135.25,135.3,134.18,134.22,25294
2026-05-07T13:10:00+00:00,134.2,134.75,134.2,134.66,13929
2026-05-07T13:15:00+00:00,134.67,135.328,134.67,135.0,10199
2026-05-07T13:20:00+00:00,134.962,135.06,134.67,134.934,13635
2026-05-07T13:25:00+00:00,134.99,135.0,131.76,132.09,73212
2026-05-07T13:30:00+00:00,132.055,132.36,129.5,131.615,1129733
2026-05-07T13:35:00+00:00,131.598,133.41,131.01,132.73,746889
2026-05-07T13:40:00+00:00,132.73,133.589,131.11,131.21,553301
2026-05-07T13:45:00+00:00,131.22,131.67,129.91,131.395,556848
2026-05-07T13:50:00+00:00,131.415,132.58,131.26,132.35,352179
2026-05-07T13:55:00+00:00,132.335,132.93,131.41,131.41,294002
2026-05-07T14:00:00+00:00,131.48,132.0,131.14,131.62,279040
2026-05-07T14:05:00+00:00,131.61,133.03,131.3,133.0,334543
2026-05-07T14:10:00+00:00,132.98,133.26,132.53,133.24,270189
2026-05-07T14:15:00+00:00,133.175,133.58,132.44,133.24,333870
2026-05-07T14:20:00+00:00,133.2,133.55,132.64,132.84,280653
2026-05-07T14:25:00+00:00,132.91,133.03,132.0,132.2,322577
2026-05-07T14:30:00+00:00,132.2,132.59,131.01,131.4,358628
2026-05-07T14:35:00+00:00,131.39,132.57,131.33,132.57,257711
2026-05-07T14:40:00+00:00,132.53,132.94,132.28,132.35,245980
2026-05-07T14:45:00+00:00,132.33,132.74,131.44,131.6,276827
2026-05-07T14:50:00+00:00,131.65,132.12,131.5,131.75,229803
2026-05-07T14:55:00+00:00,131.79,131.89,131.55,131.86,144775
2026-05-07T15:00:00+00:00,131.86,131.889,131.0,131.255,248745
2026-05-07T15:05:00+00:00,131.23,131.36,130.5,130.99,267163
2026-05-07T15:10:00+00:00,130.99,131.03,130.02,130.4,247109
2026-05-07T15:15:00+00:00,130.36,130.57,130.04,130.04,197106
2026-05-07T15:20:00+00:00,130.02,130.1,129.496,129.84,305487
2026-05-07T15:25:00+00:00,129.815,130.23,129.56,129.77,188338
2026-05-07T15:30:00+00:00,129.8,130.38,129.795,130.08,192882
2026-05-07T15:35:00+00:00,130.07,130.28,129.54,129.58,223774
2026-05-07T15:40:00+00:00,129.59,129.59,128.526,129.19,403303
2026-05-07T15:45:00+00:00,129.2,129.428,128.2,128.22,293963
2026-05-07T15:50:00+00:00,128.2,128.46,127.6,128.345,346986
2026-05-07T15:55:00+00:00,128.34,128.34,127.354,127.5,294791
2026-05-07T16:00:00+00:00,127.58,127.83,127.05,127.58,323119
2026-05-07T16:05:00+00:00,127.57,127.67,126.812,127.34,301399
2026-05-07T16:10:00+00:00,127.32,127.43,126.96,127.02,176091
2026-05-07T16:15:00+00:00,127.02,127.02,125.75,125.8,499305
2026-05-07T16:20:00+00:00,125.813,126.3,125.43,126.293,349733
2026-05-07T16:25:00+00:00,126.308,126.96,126.24,126.73,264575
2026-05-07T16:30:00+00:00,126.75,126.82,126.11,126.71,216360
2026-05-07T16:35:00+00:00,126.71,126.71,125.7,125.96,184017
2026-05-07T16:40:00+00:00,125.92,126.42,125.782,126.24,164661
2026-05-07T16:45:00+00:00,126.22,126.821,126.18,126.29,158423
2026-05-07T16:50:00+00:00,126.36,127.52,126.298,127.335,294795
2026-05-07T16:55:00+00:00,127.31,127.54,126.82,127.38,180855
2026-05-07T17:00:00+00:00,127.42,127.86,127.1,127.84,149771
2026-05-07T17:05:00+00:00,127.8,128.32,127.7,128.06,214037
2026-05-07T17:10:00+00:00,128.09,128.11,126.93,127.14,201926
2026-05-07T17:15:00+00:00,127.11,127.47,126.84,127.0,162396
2026-05-07T17:20:00+00:00,127.07,127.95,126.66,127.9,190454
2026-05-07T17:25:00+00:00,127.94,128.11,126.71,127.24,202260
2026-05-07T17:30:00+00:00,127.34,127.54,126.87,127.285,130184
2026-05-07T17:35:00+00:00,127.285,128.135,127.16,127.845,132475
2026-05-07T17:40:00+00:00,127.815,128.34,127.66,128.1,175309
2026-05-07T17:45:00+00:00,128.1,128.25,127.93,128.15,122599
2026-05-07T17:50:00+00:00,128.15,128.55,127.918,128.26,145024
2026-05-07T17:55:00+00:00,128.245,129.13,128.11,129.095,224739
2026-05-07T18:00:00+00:00,129.14,129.63,129.02,129.39,187629
2026-05-07T18:05:00+00:00,129.4,129.88,128.68,128.795,232024
2026-05-07T18:10:00+00:00,128.805,129.4,128.47,128.98,182727
2026-05-07T18:15:00+00:00,128.975,128.98,128.26,128.59,252170
2026-05-07T18:20:00+00:00,128.58,128.69,127.72,127.83,168333
2026-05-07T18:25:00+00:00,127.88,128.0,127.09,127.47,191652
2026-05-07T18:30:00+00:00,127.376,128.05,127.33,127.91,129638
2026-05-07T18:35:00+00:00,127.925,128.09,127.55,128.04,119644
2026-05-07T18:40:00+00:00,128.005,128.05,127.25,127.485,180455
2026-05-07T18:45:00+00:00,127.46,127.68,126.89,127.01,128042
2026-05-07T18:50:00+00:00,127.01,127.82,126.8,127.82,133975
2026-05-07T18:55:00+00:00,127.77,128.73,127.52,128.21,220915
2026-05-07T19:00:00+00:00,128.25,128.39,127.9,127.98,160983
2026-05-07T19:05:00+00:00,128.01,128.09,127.35,127.53,132042
2026-05-07T19:10:00+00:00,127.515,127.94,127.4,127.79,167029
2026-05-07T19:15:00+00:00,127.71,128.103,127.57,127.61,148003
2026-05-07T19:20:00+00:00,127.61,128.02,127.44,127.875,128736
2026-05-07T19:25:00+00:00,127.86,128.1,127.661,127.93,203237
2026-05-07T19:30:00+00:00,127.93,128.49,127.93,128.075,234797
2026-05-07T19:35:00+00:00,128.12,128.59,127.93,128.36,246784
2026-05-07T19:40:00+00:00,128.4,128.63,128.13,128.42,245783
2026-05-07T19:45:00+00:00,128.47,128.625,127.88,128.025,226520
2026-05-07T19:50:00+00:00,128.07,128.2,127.22,127.75,424061
2026-05-07T19:55:00+00:00,127.75,129.0,127.75,128.84,959618
2026-05-07T20:00:00+00:00,128.84,131.4,128.5,129.71,311200
2026-05-07T20:05:00+00:00,129.71,134.99,128.839,131.422,378007
2026-05-07T20:10:00+00:00,131.5,132.0,121.55,123.5,454437
2026-05-07T20:15:00+00:00,123.49,126.89,121.1,126.29,277862
2026-05-07T20:20:00+00:00,126.41,130.1,125.56,128.22,225141
2026-05-07T20:25:00+00:00,128.16,133.77,127.5,128.64,378591
2026-05-07T20:30:00+00:00,128.64,132.0,127.66,131.65,187254
2026-05-07T20:35:00+00:00,131.5,133.56,128.7,128.76,179239
2026-05-07T20:40:00+00:00,128.968,131.3,128.2,130.939,82890
2026-05-07T20:45:00+00:00,130.651,130.98,127.53,128.79,236316
2026-05-07T20:50:00+00:00,129.0,129.0,127.53,128.0,37109
2026-05-07T20:55:00+00:00,128.3,129.5,127.65,128.27,45291
2026-05-07T21:00:00+00:00,128.3,128.99,127.53,128.06,38588
2026-05-07T21:05:00+00:00,128.14,129.99,127.75,128.24,51307
2026-05-07T21:10:00+00:00,128.11,128.4,124.25,126.18,126698
2026-05-07T21:15:00+00:00,126.18,128.21,125.05,126.755,43103
2026-05-07T21:20:00+00:00,126.56,127.0,126.0,126.41,20742
2026-05-07T21:25:00+00:00,126.41,128.28,126.4,127.77,35957
2026-05-07T21:30:00+00:00,127.472,129.42,120.67,120.75,330749
2026-05-07T21:35:00+00:00,120.98,121.05,115.6,116.45,405099
2026-05-07T21:40:00+00:00,116.35,117.65,115.43,117.0,242760
2026-05-07T21:45:00+00:00,116.896,117.75,115.43,117.33,176193
2026-05-07T21:50:00+00:00,117.2,117.4,115.66,117.19,97977
2026-05-07T21:55:00+00:00,117.24,117.6,115.2,115.8,157929
2026-05-07T22:00:00+00:00,115.8,117.24,115.75,116.79,96142
2026-05-07T22:05:00+00:00,116.75,117.0,115.8,116.5,102708
2026-05-07T22:10:00+00:00,116.5,116.5,115.39,115.74,98799
2026-05-07T22:15:00+00:00,115.76,117.87,115.7,117.8,89216
2026-05-07T22:20:00+00:00,117.79,119.0,117.15,117.731,86813
2026-05-07T22:25:00+00:00,117.75,117.76,116.54,117.39,44034
2026-05-07T22:30:00+00:00,117.3,117.39,116.1,116.49,30310
2026-05-07T22:35:00+00:00,116.3,116.5,115.65,116.5,54036
2026-05-07T22:40:00+00:00,116.425,116.95,115.85,116.01,33300
2026-05-07T22:45:00+00:00,116.19,117.276,116.0,117.15,21233
2026-05-07T22:50:00+00:00,117.0,117.7,117.0,117.61,28399
2026-05-07T22:55:00+00:00,117.609,117.78,117.037,117.613,40213
2026-05-07T23:00:00+00:00,117.61,118.49,117.6,118.06,40645
2026-05-07T23:05:00+00:00,118.099,118.9,118.06,118.74,29521
2026-05-07T23:10:00+00:00,118.751,119.7,118.75,119.251,44598
2026-05-07T23:15:00+00:00,119.29,119.39,118.454,119.19,20979
2026-05-07T23:20:00+00:00,119.1,119.65,119.02,119.24,23324
2026-05-07T23:25:00+00:00,119.4,119.49,117.55,118.5,53215
2026-05-07T23:30:00+00:00,118.72,119.3,118.25,119.172,17268
2026-05-07T23:35:00+00:00,119.2,119.5,118.9,119.005,10013
2026-05-07T23:40:00+00:00,119.0,119.11,118.1,118.24,11609
2026-05-07T23:45:00+00:00,118.361,118.48,117.31,117.73,25336
2026-05-07T23:50:00+00:00,117.8,118.21,117.51,117.74,10298
2026-05-07T23:55:00+00:00,117.9,117.9,116.67,116.9,28345
2026-05-08T08:00:00+00:00,115.9,117.28,115.72,117.25,79286
2026-05-08T08:05:00+00:00,117.2,117.778,115.85,117.24,11269
2026-05-08T08:10:00+00:00,117.24,117.7,117.24,117.44,3328
2026-05-08T08:15:00+00:00,117.5,118.44,117.36,118.34,13442
2026-05-08T08:20:00+00:00,118.34,119.23,118.15,119.09,16675
2026-05-08T08:25:00+00:00,119.09,119.38,118.164,118.55,14846
2026-05-08T08:30:00+00:00,118.55,120.34,118.43,120.1,25153
2026-05-08T08:35:00+00:00,120.2,122.45,120.1,122.37,27076
2026-05-08T08:40:00+00:00,122.29,122.4,121.2,122.2,26410
2026-05-08T08:45:00+00:00,122.17,122.18,121.124,121.715,12652
2026-05-08T08:50:00+00:00,121.6,122.42,121.4,122.42,9628
2026-05-08T08:55:00+00:00,122.29,122.6,121.83,122.46,9725
2026-05-08T09:00:00+00:00,122.48,123.69,122.41,123.65,20251
2026-05-08T09:05:00+00:00,123.69,124.43,122.32,122.833,20725
2026-05-08T09:10:00+00:00,122.55,122.85,122.0,122.841,12202
2026-05-08T09:15:00+00:00,122.61,122.61,121.8,122.16,8311
2026-05-08T09:20:00+00:00,122.0,122.53,122.0,122.52,4677
2026-05-08T09:25:00+00:00,122.39,122.56,121.87,121.93,5270
2026-05-08T09:30:00+00:00,121.93,122.4,121.7,122.07,7972
2026-05-08T09:35:00+00:00,122.07,122.39,120.99,121.03,14670
2026-05-08T09:40:00+00:00,120.85,121.12,119.55,119.67,13231
2026-05-08T09:45:00+00:00,119.71,120.5,119.67,120.02,5756
2026-05-08T09:50:00+00:00,120.01,120.961,119.8,120.8,2089
2026-05-08T09:55:00+00:00,120.9,120.956,120.51,120.92,2062
2026-05-08T10:00:00+00:00,120.584,121.0,120.21,120.58,4824
2026-05-08T10:05:00+00:00,120.49,120.78,120.245,120.245,1848
2026-05-08T10:10:00+00:00,120.4,120.76,120.2,120.3,1148
2026-05-08T10:15:00+00:00,120.31,120.8,120.0,120.6,2996
2026-05-08T10:20:00+00:00,120.74,121.21,120.65,120.95,2161
2026-05-08T10:25:00+00:00,120.95,121.5,120.85,121.35,3377
2026-05-08T10:30:00+00:00,121.4,121.4,120.4,121.13,6224
2026-05-08T10:35:00+00:00,121.13,121.45,120.88,121.44,1982
2026-05-08T10:40:00+00:00,121.427,121.44,120.9,121.0,1203
2026-05-08T10:45:00+00:00,121.0,121.4,120.6,120.91,7569
2026-05-08T10:50:00+00:00,120.75,120.954,120.6,120.72,6923
2026-05-08T10:55:00+00:00,120.6,120.92,120.4,120.4,3369
2026-05-08T11:00:00+00:00,120.54,120.87,119.3,119.68,40993
2026-05-08T11:05:00+00:00,119.5,120.0,119.16,119.31,31911
2026-05-08T11:10:00+00:00,119.5,119.71,118.93,119.416,20165
2026-05-08T11:15:00+00:00,119.46,120.0,118.85,118.85,32280
2026-05-08T11:20:00+00:00,118.89,119.5,118.57,119.47,27122
2026-05-08T11:25:00+00:00,119.47,119.86,119.25,119.5,12110
2026-05-08T11:30:00+00:00,119.45,119.6,118.52,118.99,20672
2026-05-08T11:35:00+00:00,118.78,119.4,118.68,119.4,25357
2026-05-08T11:40:00+00:00,119.361,120.0,119.27,119.514,351041
2026-05-08T11:45:00+00:00,119.55,119.8,119.01,119.27,22721
2026-05-08T11:50:00+00:00,119.03,119.42,118.82,119.29,16473
2026-05-08T11:55:00+00:00,119.37,119.37,118.336,118.58,27686
2026-05-08T12:00:00+00:00,118.5,118.73,118.07,118.37,43053
2026-05-08T12:05:00+00:00,118.399,118.99,118.305,118.99,26559
2026-05-08T12:10:00+00:00,118.99,119.6,118.98,119.44,29061
2026-05-08T12:15:00+00:00,119.498,119.59,118.8,119.26,20706
2026-05-08T12:20:00+00:00,119.332,119.35,118.66,119.22,22081
2026-05-08T12:25:00+00:00,119.24,119.7,119.15,119.44,10747
2026-05-08T12:30:00+00:00,119.1,120.0,119.1,119.8,63878
2026-05-08T12:35:00+00:00,119.865,120.96,119.75,120.948,65098
2026-05-08T12:40:00+00:00,120.95,121.2,120.5,120.56,32184
2026-05-08T12:45:00+00:00,120.77,120.77,119.83,120.061,47787
2026-05-08T12:50:00+00:00,120.0,120.85,119.67,120.49,16454
2026-05-08T12:55:00+00:00,120.374,120.75,120.09,120.2,22889
2026-05-08T13:00:00+00:00,120.22,120.4,119.41,119.41,22097
2026-05-08T13:05:00+00:00,119.466,120.0,118.95,119.6,133361
2026-05-08T13:10:00+00:00,119.62,120.5,119.42,120.01,90508
2026-05-08T13:15:00+00:00,120.19,120.61,120.0,120.016,67668
2026-05-08T13:20:00+00:00,120.29,121.55,120.247,121.23,115143
2026-05-08T13:25:00+00:00,121.13,121.13,118.18,118.24,140968
2026-05-08T13:30:00+00:00,118.46,123.75,116.5,117.01,2018940
2026-05-08T13:35:00+00:00,117.0,117.82,115.2,116.38,1488100
2026-05-08T13:40:00+00:00,116.25,117.9,115.2,115.54,1006346
2026-05-08T13:45:00+00:00,115.57,116.85,114.2,114.49,1116724
2026-05-08T13:50:00+00:00,114.5,115.77,114.01,115.26,898215
2026-05-08T13:55:00+00:00,115.23,115.5,114.61,115.325,612515
2026-05-08T14:00:00+00:00,115.368,117.607,115.18,117.37,979685
2026-05-08T14:05:00+00:00,117.32,118.98,117.07,117.745,870683
2026-05-08T14:10:00+00:00,117.71,117.97,116.51,116.91,557360
2026-05-08T14:15:00+00:00,116.9,117.44,116.56,116.71,404269
2026-05-08T14:20:00+00:00,116.69,116.7,115.37,115.53,595397
2026-05-08T14:25:00+00:00,115.51,115.55,113.385,113.53,738581
2026-05-08T14:30:00+00:00,113.48,114.12,113.0,113.36,747835
2026-05-08T14:35:00+00:00,113.4,113.452,112.66,113.085,562236
2026-05-08T14:40:00+00:00,113.115,113.64,112.952,113.255,475355
2026-05-08T14:45:00+00:00,113.255,113.5,112.51,112.64,516446
2026-05-08T14:50:00+00:00,112.67,113.21,112.23,113.2,458038
2026-05-08T14:55:00+00:00,113.165,113.78,112.5,113.165,408450
2026-05-08T15:00:00+00:00,113.17,113.66,112.645,113.1,331985
2026-05-08T15:05:00+00:00,113.16,113.98,112.96,113.58,370432
2026-05-08T15:10:00+00:00,113.54,114.08,113.251,114.05,324801
2026-05-08T15:15:00+00:00,114.05,114.05,112.85,112.905,311695
2026-05-08T15:20:00+00:00,112.91,113.14,112.36,112.375,284666
2026-05-08T15:25:00+00:00,112.33,112.399,111.681,112.07,525947
2026-05-08T15:30:00+00:00,112.11,112.17,111.8,111.92,305048
2026-05-08T15:35:00+00:00,111.96,112.75,111.891,112.3,269345
2026-05-08T15:40:00+00:00,112.285,112.3,111.805,111.93,252733
2026-05-08T15:45:00+00:00,111.92,112.275,111.691,111.691,243355
2026-05-08T15:50:00+00:00,111.68,111.73,111.051,111.11,363780
2026-05-08T15:55:00+00:00,111.14,111.14,110.63,110.675,364010
2026-05-08T16:00:00+00:00,110.675,111.76,110.55,111.739,405828
2026-05-08T16:05:00+00:00,111.68,111.88,111.15,111.355,212297
2026-05-08T16:10:00+00:00,111.345,111.38,110.9,110.92,207141
2026-05-08T16:15:00+00:00,110.94,111.11,110.85,110.857,224016
2026-05-08T16:20:00+00:00,110.85,111.18,110.7,110.97,265404
2026-05-08T16:25:00+00:00,110.97,111.53,110.95,111.465,303532
2026-05-08T16:30:00+00:00,111.52,111.62,111.18,111.41,201589
2026-05-08T16:35:00+00:00,111.37,111.73,111.2,111.61,316488
2026-05-08T16:40:00+00:00,111.61,111.72,111.1,111.28,205379
2026-05-08T16:45:00+00:00,111.17,111.66,111.15,111.36,154997
2026-05-08T16:50:00+00:00,111.34,111.45,111.17,111.285,144676
2026-05-08T16:55:00+00:00,111.285,111.54,111.165,111.33,142905
2026-05-08T17:00:00+00:00,111.325,111.6,111.055,111.48,233061
2026-05-08T17:05:00+00:00,111.44,112.504,111.21,112.42,227239
2026-05-08T17:10:00+00:00,112.41,112.41,111.68,111.76,192347
2026-05-08T17:15:00+00:00,111.725,111.97,111.56,111.85,178746
2026-05-08T17:20:00+00:00,111.77,113.41,111.64,113.19,338178
2026-05-08T17:25:00+00:00,113.21,113.68,113.1,113.1,234996
2026-05-08T17:30:00+00:00,113.06,113.7,112.931,113.63,182450
2026-05-08T17:35:00+00:00,113.655,113.85,113.03,113.062,180213
2026-05-08T17:40:00+00:00,113.11,113.11,112.595,112.92,251880
2026-05-08T17:45:00+00:00,112.905,113.48,112.86,113.35,139492
2026-05-08T17:50:00+00:00,113.34,113.71,112.94,113.695,175534
2026-05-08T17:55:00+00:00,113.69,113.78,113.31,113.44,224226
2026-05-08T18:00:00+00:00,113.425,114.1,113.22,113.27,345259
2026-05-08T18:05:00+00:00,113.34,113.74,113.2,113.57,210664
2026-05-08T18:10:00+00:00,113.575,113.98,113.555,113.86,212447
2026-05-08T18:15:00+00:00,113.885,113.92,113.36,113.5,125476
2026-05-08T18:20:00+00:00,113.525,113.82,113.224,113.67,144065
2026-05-08T18:25:00+00:00,113.69,113.85,113.54,113.715,114004
2026-05-08T18:30:00+00:00,113.69,113.82,113.32,113.6,147135
2026-05-08T18:35:00+00:00,113.582,113.92,113.48,113.58,130425
2026-05-08T18:40:00+00:00,113.58,113.86,113.43,113.48,130953
2026-05-08T18:45:00+00:00,113.455,113.54,112.8,112.985,218939
2026-05-08T18:50:00+00:00,113.01,113.73,112.93,113.52,178465
2026-05-08T18:55:00+00:00,113.491,113.66,112.93,112.95,175624
2026-05-08T19:00:00+00:00,112.97,113.79,112.95,113.65,197808
2026-05-08T19:05:00+00:00,113.63,113.71,113.261,113.45,144670
2026-05-08T19:10:00+00:00,113.45,113.7,113.07,113.465,174931
2026-05-08T19:15:00+00:00,113.46,113.88,113.38,113.55,233059
2026-05-08T19:20:00+00:00,113.555,113.69,113.2,113.45,193146
2026-05-08T19:25:00+00:00,113.43,113.66,113.16,113.36,183893
2026-05-08T19:30:00+00:00,113.25,113.58,113.125,113.255,281804
2026-05-08T19:35:00+00:00,113.28,113.46,112.81,112.86,255612
2026-05-08T19:40:00+00:00,112.866,113.72,112.866,113.68,267156
2026-05-08T19:45:00+00:00,113.7,114.04,113.18,113.19,310494
2026-05-08T19:50:00+00:00,113.18,113.76,112.73,113.71,479493
2026-05-08T19:55:00+00:00,113.73,114.2,113.73,114.15,1016413
2026-05-08T20:00:00+00:00,114.11,114.9,113.73,114.34,28713
2026-05-08T20:05:00+00:00,114.328,114.5,114.14,114.3,68703
2026-05-08T20:10:00+00:00,114.3,114.47,114.15,114.38,54215
2026-05-08T20:15:00+00:00,114.25,114.47,114.25,114.26,52987
2026-05-08T20:20:00+00:00,114.26,114.26,114.0,114.1,60802
2026-05-08T20:25:00+00:00,114.01,114.1,113.85,113.97,53622
2026-05-08T20:30:00+00:00,113.95,114.15,113.85,114.07,63242
2026-05-08T20:35:00+00:00,113.95,114.15,113.8,113.85,8366
2026-05-08T20:40:00+00:00,113.82,114.1,113.8,113.95,1699
2026-05-08T20:45:00+00:00,113.994,114.141,113.93,114.141,6154
2026-05-08T20:50:00+00:00,114.13,114.15,113.95,113.958,70735
2026-05-08T20:55:00+00:00,113.96,113.99,113.8,113.971,3505
2026-05-08T21:00:00+00:00,113.94,114.0,113.75,113.92,2906
2026-05-08T21:05:00+00:00,113.868,113.99,113.868,113.96,1622
2026-05-08T21:10:00+00:00,113.951,114.0,113.9,114.0,1382
2026-05-08T21:15:00+00:00,114.0,114.15,113.989,114.0,2766
2026-05-08T21:20:00+00:00,114.069,114.25,114.0,114.0,3566
2026-05-08T21:25:00+00:00,114.013,114.1,114.0,114.1,5957
2026-05-08T21:30:00+00:00,114.1,114.15,114.03,114.1,2528
2026-05-08T21:35:00+00:00,114.09,114.15,114.03,114.1,3950
2026-05-08T21:40:00+00:00,114.1,114.14,114.1,114.1,2212
2026-05-08T21:45:00+00:00,114.11,114.12,114.0,114.06,3078
2026-05-08T21:50:00+00:00,114.05,114.06,114.0,114.02,3646
2026-05-08T21:55:00+00:00,114.05,114.12,114.0,114.1,3080
2026-05-08T22:00:00+00:00,114.12,114.12,114.1,114.11,58408
2026-05-08T22:05:00+00:00,114.1,114.11,114.0,114.08,3553
2026-05-08T22:10:00+00:00,114.06,114.07,113.91,114.05,3284
2026-05-08T22:15:00+00:00,113.98,114.0,113.9,114.0,2564
2026-05-08T22:20:00+00:00,114.05,114.05,113.92,114.04,2416
2026-05-08T22:25:00+00:00,114.04,114.04,113.9,113.95,3110
2026-05-08T22:30:00+00:00,113.95,114.0,113.91,113.98,2210
2026-05-08T22:35:00+00:00,113.92,113.999,113.92,113.93,1661
2026-05-08T22:40:00+00:00,113.92,113.93,113.75,113.83,3818
2026-05-08T22:45:00+00:00,113.83,113.98,113.71,113.801,2040
2026-05-08T22:50:00+00:00,114.0,114.0,113.777,113.99,8107
2026-05-08T22:55:00+00:00,113.96,113.99,113.775,113.84,1011
2026-05-08T23:00:00+00:00,113.84,113.97,113.75,113.97,1246
2026-05-08T23:05:00+00:00,113.92,113.97,113.87,113.9,3485
2026-05-08T23:10:00+00:00,113.9,113.905,113.55,113.79,6595
2026-05-08T23:15:00+00:00,113.72,113.877,113.637,113.77,8251
2026-05-08T23:20:00+00:00,113.77,113.8,113.67,113.7,1778
2026-05-08T23:25:00+00:00,113.7,113.8,113.62,113.75,3552
2026-05-08T23:30:00+00:00,113.75,113.75,113.65,113.75,1496
2026-05-08T23:35:00+00:00,113.74,113.74,113.65,113.7,3043
2026-05-08T23:40:00+00:00,113.7,113.75,113.65,113.74,5022
2026-05-08T23:45:00+00:00,113.74,113.75,113.7,113.74,2588
2026-05-08T23:50:00+00:00,113.75,113.9,113.7,113.89,6408
2026-05-08T23:55:00+00:00,113.89,113.9,113.76,113.86,4290
2026-05-11T08:00:00+00:00,112.1,114.385,112.1,113.96,26248
2026-05-11T08:05:00+00:00,113.9,114.18,113.0,113.288,3606
2026-05-11T08:10:00+00:00,113.1,113.24,112.79,112.79,6850
2026-05-11T08:15:00+00:00,113.02,113.02,112.52,112.7,4277
2026-05-11T08:20:00+00:00,112.97,113.45,112.7,113.45,3231
2026-05-11T08:25:00+00:00,113.4,113.99,113.0,113.42,1265
2026-05-11T08:30:00+00:00,113.42,113.5,113.2,113.2,211
2026-05-11T08:35:00+00:00,113.3,113.653,113.02,113.298,591
2026-05-11T08:40:00+00:00,113.26,113.5,113.0,113.5,2510
2026-05-11T08:45:00+00:00,113.5,113.64,113.29,113.45,383
2026-05-11T08:50:00+00:00,113.55,113.66,113.32,113.484,1107
2026-05-11T08:55:00+00:00,113.5,113.67,113.32,113.53,1209
2026-05-11T09:00:00+00:00,113.53,113.67,113.344,113.62,1644
2026-05-11T09:05:00+00:00,113.63,113.9,113.6,113.8,721
2026-05-11T09:10:00+00:00,113.682,113.9,113.67,113.71,961
2026-05-11T09:15:00+00:00,113.85,113.85,113.7,113.74,2943
2026-05-11T09:20:00+00:00,113.75,114.35,113.72,114.34,2216
2026-05-11T09:25:00+00:00,114.149,114.5,114.08,114.31,2134
2026-05-11T09:30:00+00:00,114.31,114.76,114.15,114.75,3095
2026-05-11T09:35:00+00:00,114.69,114.98,114.53,114.78,5695
2026-05-11T09:40:00+00:00,114.71,114.89,114.7,114.8,1862
2026-05-11T09:45:00+00:00,114.78,115.06,114.75,115.0,12579
2026-05-11T09:50:00+00:00,115.0,115.0,114.789,114.97,2544
2026-05-11T09:55:00+00:00,114.92,115.04,114.46,114.636,17052
2026-05-11T10:00:00+00:00,114.61,114.95,114.6,114.6,1744
2026-05-11T10:05:00+00:00,114.55,115.0,114.55,114.83,3433
2026-05-11T10:10:00+00:00,114.87,114.96,114.5,114.8,1835
2026-05-11T10:15:00+00:00,114.8,114.891,114.53,114.65,842
2026-05-11T10:20:00+00:00,114.6,114.7,114.35,114.7,4246
2026-05-11T10:25:00+00:00,114.7,114.89,114.4,114.599,5173
2026-05-11T10:30:00+00:00,114.55,114.7,114.45,114.5,2319
2026-05-11T10:35:00+00:00,114.5,114.6,114.229,114.229,4632
2026-05-11T10:40:00+00:00,114.35,114.567,114.23,114.35,856
2026-05-11T10:45:00+00:00,114.36,114.36,114.0,114.26,2221
2026-05-11T10:50:00+00:00,114.26,114.3,114.02,114.06,346
2026-05-11T10:55:00+00:00,114.1,114.3,113.886,113.886,2756
2026-05-11T11:00:00+00:00,113.99,114.45,113.75,114.02,48291
2026-05-11T11:05:00+00:00,114.1,114.5,114.02,114.5,18480
2026-05-11T11:10:00+00:00,114.296,114.59,114.15,114.468,5243
2026-05-11T11:15:00+00:00,114.47,114.48,114.25,114.439,6791
2026-05-11T11:20:00+00:00,114.439,114.55,114.287,114.35,4759
2026-05-11T11:25:00+00:00,114.348,114.64,114.348,114.64,5726
2026-05-11T11:30:00+00:00,114.61,115.0,114.55,114.687,9401
2026-05-11T11:35:00+00:00,114.7,114.86,114.55,114.55,10081
2026-05-11T11:40:00+00:00,114.55,114.7,114.2,114.25,6334
2026-05-11T11:45:00+00:00,114.243,114.45,114.0,114.24,5713
2026-05-11T11:50:00+00:00,114.29,114.44,113.88,113.95,3393
2026-05-11T11:55:00+00:00,113.9,114.15,113.845,114.025,9605
2026-05-11T12:00:00+00:00,113.988,114.15,113.6,113.6,9404
2026-05-11T12:05:00+00:00,113.6,113.7,113.35,113.498,9663
2026-05-11T12:10:00+00:00,113.5,113.7,113.38,113.48,11363
2026-05-11T12:15:00+00:00,113.48,113.9,113.404,113.802,9705
2026-05-11T12:20:00+00:00,113.8,113.9,113.4,113.68,3347
2026-05-11T12:25:00+00:00,113.65,114.0,113.45,114.0,3833
2026-05-11T12:30:00+00:00,113.8,114.0,113.598,113.709,4786
2026-05-11T12:35:00+00:00,113.713,114.0,113.7,113.96,7148
2026-05-11T12:40:00+00:00,113.97,114.2,113.85,113.9,6489
2026-05-11T12:45:00+00:00,113.93,114.0,113.52,113.69,7237
2026-05-11T12:50:00+00:00,113.51,114.0,113.51,113.71,8760
2026-05-11T12:55:00+00:00,113.79,114.0,113.52,113.6,15151
2026-05-11T13:00:00+00:00,113.6,113.63,113.33,113.43,6956
2026-05-11T13:05:00+00:00,113.44,113.5,113.22,113.23,13810
2026-05-11T13:10:00+00:00,113.303,113.303,112.81,112.94,18316
2026-05-11T13:15:00+00:00,112.928,113.61,112.907,113.53,18461
2026-05-11T13:20:00+00:00,113.529,113.75,113.37,113.66,9362
2026-05-11T13:25:00+00:00,113.4,113.48,112.0,112.001,48044
2026-05-11T13:30:00+00:00,112.02,114.3,111.5,112.04,868179
2026-05-11T13:35:00+00:00,112.055,116.46,112.0,116.425,785721
2026-05-11T13:40:00+00:00,116.4,117.5,116.2,116.575,960198
2026-05-11T13:45:00+00:00,116.555,117.99,115.593,117.615,743521
2026-05-11T13:50:00+00:00,117.59,118.05,117.1,117.52,566957
2026-05-11T13:55:00+00:00,117.475,117.53,116.01,116.44,399595
2026-05-11T14:00:00+00:00,116.44,117.85,116.44,117.78,396686
2026-05-11T14:05:00+00:00,117.74,118.54,117.62,118.16,565416
2026-05-11T14:10:00+00:00,118.15,119.09,118.01,118.99,384780
2026-05-11T14:15:00+00:00,119.025,119.4,118.67,119.14,378535
2026-05-11T14:20:00+00:00,119.091,119.41,118.58,118.62,265509
2026-05-11T14:25:00+00:00,118.62,118.66,117.8,117.815,291774
2026-05-11T14:30:00+00:00,117.815,118.75,117.26,118.57,324534
2026-05-11T14:35:00+00:00,118.72,119.0,118.15,118.582,223239
2026-05-11T14:40:00+00:00,118.55,119.23,118.42,118.78,202831
2026-05-11T14:45:00+00:00,118.87,118.95,118.38,118.595,195197
2026-05-11T14:50:00+00:00,118.59,119.27,118.59,118.87,313013
2026-05-11T14:55:00+00:00,118.89,119.48,118.75,119.38,230088
2026-05-11T15:00:00+00:00,119.375,119.45,118.42,118.92,179925
2026-05-11T15:05:00+00:00,118.92,119.345,118.53,118.555,137949
2026-05-11T15:10:00+00:00,118.59,118.63,118.11,118.365,193113
2026-05-11T15:15:00+00:00,118.37,118.62,118.02,118.433,155466
2026-05-11T15:20:00+00:00,118.43,118.43,117.28,117.69,171991
2026-05-11T15:25:00+00:00,117.68,117.88,117.11,117.335,161958
2026-05-11T15:30:00+00:00,117.345,117.345,116.55,116.805,171742
2026-05-11T15:35:00+00:00,116.805,117.35,116.4,117.32,177467
2026-05-11T15:40:00+00:00,117.295,117.729,117.22,117.53,159220
2026-05-11T15:45:00+00:00,117.536,117.75,117.2,117.639,112834
2026-05-11T15:50:00+00:00,117.595,117.595,117.32,117.4,84324
2026-05-11T15:55:00+00:00,117.4,117.45,117.01,117.17,102499
2026-05-11T16:00:00+00:00,117.155,117.4,116.75,116.91,125292
2026-05-11T16:05:00+00:00,116.85,117.21,116.76,116.82,137408
2026-05-11T16:10:00+00:00,116.83,117.22,116.32,117.19,143731
2026-05-11T16:15:00+00:00,117.1,117.48,116.8,116.95,176697
2026-05-11T16:20:00+00:00,116.97,117.05,116.58,116.58,91830
2026-05-11T16:25:00+00:00,116.575,116.69,116.1,116.23,172299
2026-05-11T16:30:00+00:00,116.18,116.21,115.85,115.999,153048
2026-05-11T16:35:00+00:00,115.985,116.12,115.44,115.55,151494
2026-05-11T16:40:00+00:00,115.53,115.93,115.13,115.895,183532
2026-05-11T16:45:00+00:00,115.89,116.08,115.61,115.85,152251
2026-05-11T16:50:00+00:00,115.865,115.92,115.61,115.78,107496
2026-05-11T16:55:00+00:00,115.75,115.762,115.17,115.22,119675
2026-05-11T17:00:00+00:00,115.24,115.5,115.0,115.13,121432
2026-05-11T17:05:00+00:00,115.145,115.16,114.59,114.64,121808
2026-05-11T17:10:00+00:00,114.6,114.65,114.155,114.26,172203
2026-05-11T17:15:00+00:00,114.23,114.34,114.05,114.13,201618
2026-05-11T17:20:00+00:00,114.18,115.35,114.15,114.96,177580
2026-05-11T17:25:00+00:00,114.92,115.23,114.77,114.93,165873
2026-05-11T17:30:00+00:00,114.89,114.98,114.21,114.39,235861
2026-05-11T17:35:00+00:00,114.43,114.91,114.395,114.45,146577
2026-05-11T17:40:00+00:00,114.45,114.52,114.1,114.125,117791
2026-05-11T17:45:00+00:00,114.125,114.5,114.09,114.335,154414
2026-05-11T17:50:00+00:00,114.3,114.58,114.24,114.313,131955
2026-05-11T17:55:00+00:00,114.315,114.52,113.65,113.835,140924
2026-05-11T18:00:00+00:00,113.88,114.2,113.77,114.1,129563
2026-05-11T18:05:00+00:00,114.13,114.53,114.07,114.53,107754
2026-05-11T18:10:00+00:00,114.54,114.58,114.25,114.258,76049
2026-05-11T18:15:00+00:00,114.31,114.37,114.06,114.22,107344
2026-05-11T18:20:00+00:00,114.23,114.61,114.05,114.335,117262
2026-05-11T18:25:00+00:00,114.32,114.416,114.1,114.195,95388
2026-05-11T18:30:00+00:00,114.22,114.32,114.02,114.125,101154
2026-05-11T18:35:00+00:00,114.125,114.64,114.1,114.445,94132
2026-05-11T18:40:00+00:00,114.445,114.6,114.27,114.27,159336
2026-05-11T18:45:00+00:00,114.275,114.59,114.21,114.475,88301
2026-05-11T18:50:00+00:00,114.47,114.73,114.36,114.425,105746
2026-05-11T18:55:00+00:00,114.41,114.81,113.92,113.97,159392
2026-05-11T19:00:00+00:00,113.99,114.33,113.935,114.05,119383
2026-05-11T19:05:00+00:00,114.03,114.6,114.0,114.35,147994
2026-05-11T19:10:00+00:00,114.35,114.58,114.31,114.58,101743
2026-05-11T19:15:00+00:00,114.57,114.619,113.958,113.99,112106
2026-05-11T19:20:00+00:00,113.95,114.197,113.5,113.55,169032
2026-05-11T19:25:00+00:00,113.55,113.59,112.56,112.73,939759
2026-05-11T19:30:00+00:00,112.72,113.52,112.55,113.28,524930
2026-05-11T19:35:00+00:00,113.28,113.93,113.26,113.93,186698
2026-05-11T19:40:00+00:00,113.9,114.45,113.76,114.26,222004
2026-05-11T19:45:00+00:00,114.22,114.48,114.02,114.125,171287
2026-05-11T19:50:00+00:00,114.09,114.44,114.09,114.25,244053
2026-05-11T19:55:00+00:00,114.29,114.785,114.29,114.7,721550
2026-05-11T20:00:00+00:00,114.7,115.0,114.2,114.5,284116
2026-05-11T20:05:00+00:00,114.59,114.7,114.39,114.4,15343
2026-05-11T20:10:00+00:00,114.7,114.7,114.0,114.45,5628
2026-05-11T20:15:00+00:00,114.39,114.45,114.2,114.3,143845
2026-05-11T20:20:00+00:00,114.26,114.3,114.02,114.02,7674
2026-05-11T20:25:00+00:00,114.05,114.47,114.01,114.47,7393
2026-05-11T20:30:00+00:00,114.5,114.7,114.43,114.5,1789
2026-05-11T20:35:00+00:00,114.52,114.58,114.379,114.501,3774
2026-05-11T20:40:00+00:00,114.5,114.69,114.45,114.64,2340
2026-05-11T20:45:00+00:00,114.64,114.69,114.4,114.46,1715
2026-05-11T20:50:00+00:00,114.46,114.5,114.42,114.487,2554
2026-05-11T20:55:00+00:00,114.46,114.54,114.4,114.48,3420
2026-05-11T21:00:00+00:00,114.54,114.6,114.42,114.46,1424
2026-05-11T21:05:00+00:00,114.47,114.47,114.2,114.4,5240
2026-05-11T21:10:00+00:00,114.48,114.59,114.4,114.5,3481
2026-05-11T21:15:00+00:00,114.5,114.6,114.45,114.45,927
2026-05-11T21:20:00+00:00,114.46,114.55,114.414,114.54,1671
2026-05-11T21:25:00+00:00,114.55,114.55,114.37,114.47,1356
2026-05-11T21:30:00+00:00,114.392,114.54,114.37,114.41,1362
2026-05-11T21:35:00+00:00,114.412,114.54,114.37,114.54,2135
2026-05-11T21:40:00+00:00,114.488,114.548,114.48,114.54,953
2026-05-11T21:45:00+00:00,114.499,114.541,114.49,114.526,208
2026-05-11T21:50:00+00:00,114.54,114.7,114.48,114.7,3234
2026-05-11T21:55:00+00:00,114.61,114.7,114.501,114.58,1055
2026-05-11T22:00:00+00:00,114.589,114.75,114.57,114.58,1726
2026-05-11T22:05:00+00:00,114.6,114.75,114.6,114.75,1028
2026-05-11T22:10:00+00:00,114.73,114.88,114.73,114.83,2781
2026-05-11T22:15:00+00:00,114.829,114.92,114.819,114.89,1561
2026-05-11T22:20:00+00:00,114.92,114.99,114.9,114.97,4105
2026-05-11T22:25:00+00:00,114.96,114.96,114.78,114.89,6288
2026-05-11T22:30:00+00:00,114.79,114.9,114.78,114.898,1166
2026-05-11T22:35:00+00:00,114.9,114.9,114.78,114.89,2320
2026-05-11T22:40:00+00:00,114.887,114.9,114.8,114.89,1652
2026-05-11T22:45:00+00:00,114.89,114.9,114.81,114.9,448
2026-05-11T22:50:00+00:00,114.85,114.9,114.7,114.7,1999
2026-05-11T22:55:00+00:00,114.66,114.75,114.6,114.65,1556
2026-05-11T23:00:00+00:00,114.602,114.7,114.6,114.68,3047
2026-05-11T23:05:00+00:00,114.68,114.7,114.66,114.69,2564
2026-05-11T23:10:00+00:00,114.7,114.7,114.68,114.68,935
2026-05-11T23:15:00+00:00,114.697,114.7,114.6,114.68,4009
2026-05-11T23:20:00+00:00,114.65,114.7,114.62,114.68,1419
2026-05-11T23:25:00+00:00,114.7,114.88,114.67,114.81,4652
2026-05-11T23:30:00+00:00,114.8,114.88,114.8,114.8,4654
2026-05-11T23:35:00+00:00,114.75,114.83,114.69,114.8,2227
2026-05-11T23:40:00+00:00,114.83,114.88,114.75,114.88,1150
2026-05-11T23:45:00+00:00,114.88,114.95,114.84,114.94,3366
2026-05-11T23:50:00+00:00,114.94,115.2,114.931,115.17,6807
2026-05-11T23:55:00+00:00,115.19,115.2,115.01,115.119,2715
2026-05-12T08:00:00+00:00,113.85,114.1,112.51,113.5,24381
2026-05-12T08:05:00+00:00,113.49,114.0,112.64,113.26,9738
2026-05-12T08:10:00+00:00,113.24,113.341,113.0,113.06,1129
2026-05-12T08:15:00+00:00,113.06,113.35,112.912,113.1,5146
2026-05-12T08:20:00+00:00,113.1,113.5,113.1,113.5,1953
2026-05-12T08:25:00+00:00,113.5,113.51,113.234,113.5,1771
2026-05-12T08:30:00+00:00,113.59,113.6,113.22,113.56,2216
2026-05-12T08:35:00+00:00,113.56,113.6,113.22,113.599,1850
2026-05-12T08:40:00+00:00,113.59,113.65,113.51,113.51,736
2026-05-12T08:45:00+00:00,113.56,113.68,113.38,113.66,814
2026-05-12T08:50:00+00:00,113.65,113.65,113.203,113.3,2042
2026-05-12T08:55:00+00:00,113.23,113.41,113.21,113.25,1182
2026-05-12T09:00:00+00:00,113.25,113.5,113.23,113.26,523
2026-05-12T09:05:00+00:00,113.273,113.55,113.26,113.29,1228
2026-05-12T09:10:00+00:00,113.34,113.59,113.29,113.59,194
2026-05-12T09:15:00+00:00,113.29,113.679,113.26,113.27,487
2026-05-12T09:20:00+00:00,113.3,113.69,113.3,113.35,717
2026-05-12T09:25:00+00:00,113.47,113.679,113.3,113.44,74
2026-05-12T09:30:00+00:00,113.48,113.7,113.47,113.7,539
2026-05-12T09:35:00+00:00,113.6,113.86,113.45,113.6,2026
2026-05-12T09:40:00+00:00,113.6,113.6,113.45,113.45,292
2026-05-12T09:45:00+00:00,113.48,113.71,113.45,113.45,748
2026-05-12T09:50:00+00:00,113.6,113.64,113.4,113.53,710
2026-05-12T09:55:00+00:00,113.4,113.698,113.35,113.51,590
2026-05-12T10:00:00+00:00,113.32,113.62,113.26,113.62,565
2026-05-12T10:05:00+00:00,113.15,113.55,113.15,113.27,1156
2026-05-12T10:10:00+00:00,113.53,113.9,113.53,113.53,1452
2026-05-12T10:15:00+00:00,113.71,113.87,113.551,113.63,911
2026-05-12T10:20:00+00:00,113.71,113.83,113.553,113.67,1830
2026-05-12T10:25:00+00:00,113.55,113.69,113.31,113.49,1072
2026-05-12T10:30:00+00:00,113.38,113.4,113.2,113.2,1971
2026-05-12T10:35:00+00:00,113.15,113.47,113.105,113.24,2501
2026-05-12T10:40:00+00:00,113.3,113.479,113.08,113.08,287
2026-05-12T10:45:00+00:00,113.38,113.38,112.82,112.9,1652
2026-05-12T10:50:00+00:00,112.97,113.0,112.85,112.99,616
2026-05-12T10:55:00+00:00,112.99,113.22,112.9,113.22,1904
2026-05-12T11:00:00+00:00,113.23,113.3,112.9,113.017,11861
2026-05-12T11:05:00+00:00,113.05,113.05,112.82,113.05,14025
2026-05-12T11:10:00+00:00,113.05,113.25,112.87,112.87,8121
2026-05-12T11:15:00+00:00,112.93,113.19,112.75,112.826,7710
2026-05-12T11:20:00+00:00,112.8,113.1,112.8,113.085,3785
2026-05-12T11:25:00+00:00,112.96,113.25,112.82,113.1,1810
2026-05-12T11:30:00+00:00,113.1,113.25,112.85,112.85,6063
2026-05-12T11:35:00+00:00,113.0,113.081,112.84,112.89,3618
2026-05-12T11:40:00+00:00,112.9,113.0,112.85,112.9,4429
2026-05-12T11:45:00+00:00,112.94,113.0,112.75,112.88,5137
2026-05-12T11:50:00+00:00,112.94,112.971,112.6,112.62,8035
2026-05-12T11:55:00+00:00,112.65,112.66,112.51,112.56,4599
2026-05-12T12:00:00+00:00,112.572,112.62,112.38,112.478,9600
2026-05-12T12:05:00+00:00,112.38,112.58,112.38,112.46,9714
2026-05-12T12:10:00+00:00,112.5,112.55,112.02,112.08,14050
2026-05-12T12:15:00+00:00,112.26,112.3,112.1,112.195,5390
2026-05-12T12:20:00+00:00,112.11,112.2,112.11,112.14,3777
2026-05-12T12:25:00+00:00,112.124,112.5,111.9,112.05,19105
2026-05-12T12:30:00+00:00,112.1,112.25,111.66,112.15,24927
2026-05-12T12:35:00+00:00,112.19,112.433,111.99,112.43,49742
2026-05-12T12:40:00+00:00,112.3,112.6,112.14,112.43,52619
2026-05-12T12:45:00+00:00,112.43,112.643,112.4,112.6,7137
2026-05-12T12:50:00+00:00,112.542,112.92,112.531,112.64,12299
2026-05-12T12:55:00+00:00,112.67,112.72,112.15,112.35,8862
2026-05-12T13:00:00+00:00,112.35,112.71,112.3,112.64,11060
2026-05-12T13:05:00+00:00,112.54,112.65,112.31,112.47,50884
2026-05-12T13:10:00+00:00,112.449,112.69,112.449,112.552,4258
2026-05-12T13:15:00+00:00,112.52,112.53,112.13,112.18,17045
2026-05-12T13:20:00+00:00,112.15,112.2,112.0,112.196,12805
2026-05-12T13:25:00+00:00,112.15,112.18,110.63,110.78,118643
2026-05-12T13:30:00+00:00,110.79,110.98,108.54,109.373,899715
2026-05-12T13:35:00+00:00,109.35,110.23,108.83,109.455,506141
2026-05-12T13:40:00+00:00,109.44,110.15,109.08,109.47,432863
2026-05-12T13:45:00+00:00,109.53,110.198,108.3,108.39,809921
2026-05-12T13:50:00+00:00,108.44,108.5,107.42,107.75,761769
2026-05-12T13:55:00+00:00,107.78,107.839,105.75,105.955,907022
2026-05-12T14:00:00+00:00,105.955,106.28,105.29,105.91,537559
2026-05-12T14:05:00+00:00,105.928,107.03,105.89,106.71,538405
2026-05-12T14:10:00+00:00,106.8,107.13,105.81,107.0,509036
2026-05-12T14:15:00+00:00,107.025,107.06,106.1,106.61,335870
2026-05-12T14:20:00+00:00,106.52,106.64,105.64,105.79,292956
2026-05-12T14:25:00+00:00,105.79,105.96,105.11,105.23,361232
2026-05-12T14:30:00+00:00,105.18,105.4,104.48,104.81,519129
2026-05-12T14:35:00+00:00,104.81,105.46,104.301,105.46,313517
2026-05-12T14:40:00+00:00,105.41,105.48,104.9,105.04,394703
2026-05-12T14:45:00+00:00,105.07,105.16,104.5,104.665,242141
2026-05-12T14:50:00+00:00,104.625,105.13,104.1,105.12,262169
2026-05-12T14:55:00+00:00,105.11,105.2,104.5,105.02,259201
2026-05-12T15:00:00+00:00,105.01,105.2,104.51,104.68,302228
2026-05-12T15:05:00+00:00,104.71,105.28,104.342,105.01,249868
2026-05-12T15:10:00+00:00,105.01,105.064,104.05,104.125,232877
2026-05-12T15:15:00+00:00,104.15,104.25,103.21,103.37,462299
2026-05-12T15:20:00+00:00,103.33,103.97,102.761,102.86,504656
2026-05-12T15:25:00+00:00,102.9,103.46,102.81,103.0,296314
2026-05-12T15:30:00+00:00,103.015,103.76,102.97,103.729,241951
2026-05-12T15:35:00+00:00,103.73,103.96,103.5,103.81,172888
2026-05-12T15:40:00+00:00,103.84,103.99,103.34,103.8,175022
2026-05-12T15:45:00+00:00,103.8,104.1,103.39,103.4,137050
2026-05-12T15:50:00+00:00,103.36,103.653,103.01,103.05,194881
2026-05-12T15:55:00+00:00,103.07,103.07,102.53,102.62,252556
2026-05-12T16:00:00+00:00,102.64,103.3,102.42,103.24,220003
2026-05-12T16:05:00+00:00,103.24,103.3,102.88,102.975,150888
2026-05-12T16:10:00+00:00,102.93,103.31,102.835,103.29,124055
2026-05-12T16:15:00+00:00,103.28,103.36,103.015,103.09,115747
2026-05-12T16:20:00+00:00,103.08,103.23,102.55,102.725,158433
2026-05-12T16:25:00+00:00,102.73,102.74,102.22,102.28,267584
2026-05-12T16:30:00+00:00,102.32,102.48,102.015,102.12,218252
2026-05-12T16:35:00+00:00,102.13,102.37,102.02,102.04,190189
2026-05-12T16:40:00+00:00,102.049,102.16,101.45,101.615,262858
2026-05-12T16:45:00+00:00,101.59,101.76,101.3,101.43,196231
2026-05-12T16:50:00+00:00,101.42,101.7,101.12,101.27,204563
2026-05-12T16:55:00+00:00,101.27,101.725,101.15,101.7,166760
2026-05-12T17:00:00+00:00,101.77,102.71,101.77,102.52,136313
2026-05-12T17:05:00+00:00,102.525,103.23,102.525,103.23,179727
2026-05-12T17:10:00+00:00,103.21,103.87,103.14,103.84,177501
2026-05-12T17:15:00+00:00,103.785,104.558,103.7,104.451,215268
2026-05-12T17:20:00+00:00,104.48,105.18,104.43,105.03,195014
2026-05-12T17:25:00+00:00,105.01,105.35,104.77,105.26,201813
2026-05-12T17:30:00+00:00,105.27,105.69,105.16,105.42,166643
2026-05-12T17:35:00+00:00,105.43,105.67,104.67,105.001,208383
2026-05-12T17:40:00+00:00,105.065,105.25,104.81,105.14,90029
2026-05-12T17:45:00+00:00,105.12,105.24,104.9,105.03,104714
2026-05-12T17:50:00+00:00,105.07,105.35,104.69,105.05,120394
2026-05-12T17:55:00+00:00,105.08,105.18,104.86,104.94,68527
2026-05-12T18:00:00+00:00,104.94,105.72,104.94,105.71,139228
2026-05-12T18:05:00+00:00,105.72,105.89,105.33,105.445,135275
2026-05-12T18:10:00+00:00,105.42,105.83,105.301,105.823,104142
2026-05-12T18:15:00+00:00,105.825,106.15,105.82,106.095,150778
2026-05-12T18:20:00+00:00,106.1,106.26,105.715,105.78,124414
2026-05-12T18:25:00+00:00,105.79,106.05,105.32,105.64,139837
2026-05-12T18:30:00+00:00,105.57,106.0,105.57,105.735,79682
2026-05-12T18:35:00+00:00,105.69,105.95,105.65,105.862,68760
2026-05-12T18:40:00+00:00,105.85,106.09,105.8,105.8,102464
2026-05-12T18:45:00+00:00,105.8,106.189,105.43,106.15,103384
2026-05-12T18:50:00+00:00,106.16,106.17,105.69,105.735,79442
2026-05-12T18:55:00+00:00,105.71,105.91,104.8,104.9,126688
2026-05-12T19:00:00+00:00,104.92,105.06,104.79,104.885,87388
2026-05-12T19:05:00+00:00,104.91,105.59,104.91,105.51,104010
2026-05-12T19:10:00+00:00,105.51,105.83,105.495,105.66,96588
2026-05-12T19:15:00+00:00,105.66,105.98,105.66,105.98,106248
2026-05-12T19:20:00+00:00,105.98,106.15,105.844,105.911,142080
2026-05-12T19:25:00+00:00,105.922,106.0,105.59,105.61,147217
2026-05-12T19:30:00+00:00,105.61,107.0,105.61,106.98,265181
2026-05-12T19:35:00+00:00,106.98,107.21,106.84,107.178,214842
2026-05-12T19:40:00+00:00,107.18,107.66,107.0,107.61,267677
2026-05-12T19:45:00+00:00,107.6,107.7,107.44,107.515,263883
2026-05-12T19:50:00+00:00,107.55,107.84,107.44,107.563,314238
2026-05-12T19:55:00+00:00,107.58,107.85,107.555,107.75,936025
2026-05-12T20:00:00+00:00,107.81,107.85,107.0,107.389,81273
2026-05-12T20:05:00+00:00,107.25,107.74,106.9,107.0,137302
2026-05-12T20:10:00+00:00,107.0,107.75,106.8,107.11,5707
2026-05-12T20:15:00+00:00,107.177,107.4,107.01,107.1,3366
2026-05-12T20:20:00+00:00,107.0,107.1,106.801,107.09,5404
2026-05-12T20:25:00+00:00,107.09,107.2,106.81,107.2,12069
2026-05-12T20:30:00+00:00,107.24,107.29,107.04,107.17,2292
2026-05-12T20:35:00+00:00,107.17,107.357,107.0,107.29,4547
2026-05-12T20:40:00+00:00,107.21,107.4,107.21,107.362,978
2026-05-12T20:45:00+00:00,107.34,107.45,107.26,107.26,3666
2026-05-12T20:50:00+00:00,107.47,107.47,107.26,107.39,4713
2026-05-12T20:55:00+00:00,107.33,107.4,107.07,107.2,3261
2026-05-12T21:00:00+00:00,107.21,107.399,107.07,107.2,3034
2026-05-12T21:05:00+00:00,107.15,107.25,107.15,107.22,3132
2026-05-12T21:10:00+00:00,107.24,107.25,107.171,107.23,3428
2026-05-12T21:15:00+00:00,107.22,107.4,107.2,107.4,1935
2026-05-12T21:20:00+00:00,107.4,107.4,107.2,107.21,1088
2026-05-12T21:25:00+00:00,107.4,107.4,107.2,107.21,1383
2026-05-12T21:30:00+00:00,107.21,109.08,107.2,107.45,5788
2026-05-12T21:35:00+00:00,107.6,107.6,107.05,107.45,2972
2026-05-12T21:40:00+00:00,107.45,107.6,107.3,107.4,7048
2026-05-12T21:45:00+00:00,107.35,107.6,107.22,107.45,427
2026-05-12T21:50:00+00:00,107.47,107.5,107.22,107.45,895
2026-05-12T21:55:00+00:00,107.38,107.6,107.37,107.52,5684
2026-05-12T22:00:00+00:00,107.585,107.75,107.37,107.54,2466
2026-05-12T22:05:00+00:00,107.45,107.724,107.4,107.4,4397
2026-05-12T22:10:00+00:00,107.49,107.49,107.22,107.28,1364
2026-05-12T22:15:00+00:00,107.22,107.56,107.22,107.43,3469
2026-05-12T22:20:00+00:00,107.41,107.42,107.24,107.3,1673
2026-05-12T22:25:00+00:00,107.37,107.42,107.22,107.22,697
2026-05-12T22:30:00+00:00,107.324,107.34,107.222,107.302,2692
2026-05-12T22:35:00+00:00,107.3,107.34,107.05,107.2,6622
2026-05-12T22:40:00+00:00,107.2,107.2,107.1,107.16,1188
2026-05-12T22:45:00+00:00,107.2,107.58,107.15,107.56,12205
2026-05-12T22:50:00+00:00,107.56,107.67,107.31,107.31,7971
2026-05-12T22:55:00+00:00,107.3,107.5,107.3,107.45,1097
2026-05-12T23:00:00+00:00,107.31,107.45,107.3,107.31,4795
2026-05-12T23:05:00+00:00,107.3,107.39,107.2,107.3,12322
2026-05-12T23:10:00+00:00,107.301,107.5,107.3,107.44,2530
2026-05-12T23:15:00+00:00,107.44,107.5,107.3,107.439,18457
2026-05-12T23:20:00+00:00,107.41,107.41,106.5,106.84,10257
2026-05-12T23:25:00+00:00,106.84,106.95,106.59,106.773,11639
2026-05-12T23:30:00+00:00,106.76,106.93,106.7,106.738,8648
2026-05-12T23:35:00+00:00,106.74,107.0,106.7,106.95,10502
2026-05-12T23:40:00+00:00,106.89,107.0,106.0,106.3,3997
2026-05-12T23:45:00+00:00,106.065,106.5,106.0,106.49,4152
2026-05-12T23:50:00+00:00,106.43,106.9,106.2,106.694,4697
2026-05-12T23:55:00+00:00,106.5,106.65,106.3,106.53,1573
2026-05-13T08:00:00+00:00,109.9,109.9,108.2,108.88,39026
2026-05-13T08:05:00+00:00,108.88,109.5,108.23,109.4,4927
2026-05-13T08:10:00+00:00,109.44,109.65,109.44,109.65,4867
2026-05-13T08:15:00+00:00,109.56,109.85,109.56,109.7,6207
2026-05-13T08:20:00+00:00,109.65,109.9,109.63,109.74,3316
2026-05-13T08:25:00+00:00,109.81,109.895,109.572,109.79,3380
2026-05-13T08:30:00+00:00,109.785,109.8,109.4,109.51,3674
2026-05-13T08:35:00+00:00,109.51,109.78,109.322,109.78,2238
2026-05-13T08:40:00+00:00,109.82,109.9,109.72,109.9,2983
2026-05-13T08:45:00+00:00,109.9,109.9,109.69,109.7,1123
2026-05-13T08:50:00+00:00,109.7,109.883,109.51,109.81,1705
2026-05-13T08:55:00+00:00,109.81,109.81,109.59,109.64,821
2026-05-13T09:00:00+00:00,109.66,109.66,109.124,109.35,2741
2026-05-13T09:05:00+00:00,109.17,109.5,109.02,109.2,1852
2026-05-13T09:10:00+00:00,109.19,109.5,109.17,109.212,1503
2026-05-13T09:15:00+00:00,109.21,109.37,109.11,109.37,1668
2026-05-13T09:20:00+00:00,109.49,109.49,109.11,109.25,3437
2026-05-13T09:25:00+00:00,109.25,109.5,109.11,109.4,646
2026-05-13T09:30:00+00:00,109.38,109.49,109.3,109.43,1185
2026-05-13T09:35:00+00:00,109.43,109.49,109.33,109.33,754
2026-05-13T09:40:00+00:00,109.44,109.68,109.432,109.61,2820
2026-05-13T09:45:00+00:00,109.784,109.8,109.52,109.74,1934
2026-05-13T09:50:00+00:00,109.74,109.74,109.6,109.66,623
2026-05-13T09:55:00+00:00,109.8,109.8,109.65,109.78,642
2026-05-13T10:00:00+00:00,109.72,109.89,109.43,109.53,2611
2026-05-13T10:05:00+00:00,109.52,109.6,109.4,109.6,1558
2026-05-13T10:10:00+00:00,109.6,109.64,109.43,109.51,1206
2026-05-13T10:15:00+00:00,109.47,109.58,109.4,109.4,3429
2026-05-13T10:20:00+00:00,109.54,109.54,109.2,109.2,1486
2026-05-13T10:25:00+00:00,109.28,109.3,109.2,109.24,955
2026-05-13T10:30:00+00:00,109.24,109.54,109.0,109.41,2835
2026-05-13T10:35:00+00:00,109.0,109.018,108.82,109.0,693
2026-05-13T10:40:00+00:00,108.93,109.21,108.8,108.8,1493
2026-05-13T10:45:00+00:00,108.98,109.04,108.8,108.908,1831
2026-05-13T10:50:00+00:00,108.85,109.0,108.82,109.0,783
2026-05-13T10:55:00+00:00,109.0,109.4,108.93,109.1,2304
2026-05-13T11:00:00+00:00,108.92,110.66,108.8,109.6,56385
2026-05-13T11:05:00+00:00,109.5,111.08,109.5,110.939,55318
2026-05-13T11:10:00+00:00,110.998,111.3,110.69,111.15,61374
2026-05-13T11:15:00+00:00,111.19,111.52,111.0,111.2,44742
2026-05-13T11:20:00+00:00,111.35,112.0,111.2,111.7,38388
2026-05-13T11:25:00+00:00,111.62,112.5,111.61,112.4,57794
2026-05-13T11:30:00+00:00,112.31,112.48,111.5,111.84,26516
2026-05-13T11:35:00+00:00,111.7,112.5,111.57,112.48,26831
2026-05-13T11:40:00+00:00,112.48,112.79,112.06,112.2,31531
2026-05-13T11:45:00+00:00,112.27,112.7,112.21,112.43,26300
2026-05-13T11:50:00+00:00,112.39,112.8,112.28,112.7,30879
2026-05-13T11:55:00+00:00,112.7,112.8,112.238,112.238,27501
2026-05-13T12:00:00+00:00,112.238,112.9,112.0,112.9,21996
2026-05-13T12:05:00+00:00,112.9,113.22,112.62,112.64,60320
2026-05-13T12:10:00+00:00,112.6,112.99,112.5,112.62,22792
2026-05-13T12:15:00+00:00,112.69,113.33,112.55,112.92,27914
2026-05-13T12:20:00+00:00,112.8,112.93,112.3,112.54,26919
2026-05-13T12:25:00+00:00,112.5,112.67,112.29,112.3,22655
2026-05-13T12:30:00+00:00,112.31,112.49,111.14,111.731,37949
2026-05-13T12:35:00+00:00,111.65,111.85,111.16,111.25,62525
2026-05-13T12:40:00+00:00,111.15,111.77,111.01,111.611,35374
2026-05-13T12:45:00+00:00,111.64,112.04,111.33,111.33,31845
2026-05-13T12:50:00+00:00,111.391,111.9,111.2,111.421,25400
2026-05-13T12:55:00+00:00,111.42,111.45,111.0,111.371,23557
2026-05-13T13:00:00+00:00,111.31,111.9,111.31,111.9,20830
2026-05-13T13:05:00+00:00,111.85,112.25,111.77,111.87,35607
2026-05-13T13:10:00+00:00,111.86,112.25,111.7,112.163,17963
2026-05-13T13:15:00+00:00,112.15,112.25,111.5,111.77,18937
2026-05-13T13:20:00+00:00,111.767,112.43,111.696,112.29,19941
2026-05-13T13:25:00+00:00,112.38,113.5,112.37,112.99,43792
2026-05-13T13:30:00+00:00,112.95,112.98,110.38,110.58,936664
2026-05-13T13:35:00+00:00,110.59,111.14,109.43,110.09,636070
2026-05-13T13:40:00+00:00,110.13,111.26,108.53,108.755,473131
2026-05-13T13:45:00+00:00,108.845,108.867,107.0,108.2,420320
2026-05-13T13:50:00+00:00,108.195,108.88,107.37,108.84,378531
2026-05-13T13:55:00+00:00,108.855,109.48,107.95,108.093,392389
2026-05-13T14:00:00+00:00,108.12,108.255,107.36,107.5,314834
2026-05-13T14:05:00+00:00,107.505,107.544,106.75,107.165,237473
2026-05-13T14:10:00+00:00,107.18,107.965,106.8,106.9,223190
2026-05-13T14:15:00+00:00,106.88,106.906,106.35,106.65,302561
2026-05-13T14:20:00+00:00,106.67,108.71,106.64,108.37,313858
2026-05-13T14:25:00+00:00,108.414,108.8,107.83,107.95,302112
2026-05-13T14:30:00+00:00,107.97,108.35,107.76,107.82,147386
2026-05-13T14:35:00+00:00,107.82,108.56,107.63,108.25,190688
2026-05-13T14:40:00+00:00,108.21,108.929,108.09,108.9,178637
2026-05-13T14:45:00+00:00,108.86,109.95,108.685,109.5,272638
2026-05-13T14:50:00+00:00,109.525,109.87,109.25,109.62,215919
2026-05-13T14:55:00+00:00,109.63,109.85,109.475,109.575,159005
2026-05-13T15:00:00+00:00,109.62,109.95,108.76,108.795,206049
2026-05-13T15:05:00+00:00,108.855,109.47,108.5,109.272,185566
2026-05-13T15:10:00+00:00,109.23,109.36,108.8,109.035,155035
2026-05-13T15:15:00+00:00,109.049,109.38,108.66,109.28,143243
2026-05-13T15:20:00+00:00,109.27,109.55,109.14,109.38,113360
2026-05-13T15:25:00+00:00,109.4,109.96,109.03,109.96,137036
2026-05-13T15:30:00+00:00,109.955,110.872,109.7,110.695,275430
2026-05-13T15:35:00+00:00,110.67,110.89,110.53,110.86,175340
2026-05-13T15:40:00+00:00,110.85,110.955,110.1,110.65,153283
2026-05-13T15:45:00+00:00,110.641,110.89,110.37,110.8,103839
2026-05-13T15:50:00+00:00,110.8,110.85,110.32,110.36,108165
2026-05-13T15:55:00+00:00,110.38,110.38,109.65,109.765,125162
2026-05-13T16:00:00+00:00,109.78,110.64,109.71,110.575,96592
2026-05-13T16:05:00+00:00,110.57,111.089,110.57,111.0,166404
2026-05-13T16:10:00+00:00,111.07,111.25,110.95,111.09,138752
2026-05-13T16:15:00+00:00,111.145,111.18,110.94,111.045,91908
2026-05-13T16:20:00+00:00,111.045,111.74,110.72,111.72,133572
2026-05-13T16:25:00+00:00,111.73,111.87,111.351,111.57,148989
2026-05-13T16:30:00+00:00,111.565,112.105,111.5,111.855,151352
2026-05-13T16:35:00+00:00,111.85,112.09,111.55,111.75,97122
2026-05-13T16:40:00+00:00,111.73,112.0,111.7,111.885,105186
2026-05-13T16:45:00+00:00,111.86,112.0,111.11,111.265,114936
2026-05-13T16:50:00+00:00,111.27,111.62,111.2,111.53,75054
2026-05-13T16:55:00+00:00,111.53,111.62,111.11,111.22,59908
2026-05-13T17:00:00+00:00,111.22,111.78,111.22,111.28,83382
2026-05-13T17:05:00+00:00,111.27,111.645,111.1,111.18,82230
2026-05-13T17:10:00+00:00,111.175,111.37,110.94,111.03,92035
2026-05-13T17:15:00+00:00,111.01,111.37,111.01,111.25,120275
2026-05-13T17:20:00+00:00,111.22,111.58,111.17,111.515,105341
2026-05-13T17:25:00+00:00,111.515,112.03,111.515,111.76,125396
2026-05-13T17:30:00+00:00,111.745,111.77,111.37,111.57,94207
2026-05-13T17:35:00+00:00,111.55,111.765,111.46,111.75,80435
2026-05-13T17:40:00+00:00,111.73,111.81,111.57,111.58,74708
2026-05-13T17:45:00+00:00,111.585,111.585,111.06,111.225,122746
2026-05-13T17:50:00+00:00,111.2,111.59,111.2,111.46,85246
2026-05-13T17:55:00+00:00,111.456,111.67,111.07,111.1,102808
2026-05-13T18:00:00+00:00,111.09,111.52,110.945,111.43,83356
2026-05-13T18:05:00+00:00,111.44,111.64,111.25,111.55,85013
2026-05-13T18:10:00+00:00,111.57,111.61,111.4,111.54,64152
2026-05-13T18:15:00+00:00,111.55,112.215,111.53,112.184,155758
2026-05-13T18:20:00+00:00,112.185,112.28,111.9,112.155,146935
2026-05-13T18:25:00+00:00,112.175,112.449,112.12,112.22,130856
2026-05-13T18:30:00+00:00,112.225,112.58,112.18,112.393,121153
2026-05-13T18:35:00+00:00,112.43,112.458,112.01,112.39,85557
2026-05-13T18:40:00+00:00,112.385,112.592,112.235,112.44,87595
2026-05-13T18:45:00+00:00,112.51,112.51,111.82,111.995,137196
2026-05-13T18:50:00+00:00,112.03,112.18,111.55,111.685,113290
2026-05-13T18:55:00+00:00,111.75,111.755,110.93,110.95,145281
2026-05-13T19:00:00+00:00,110.925,111.48,110.84,111.225,130143
2026-05-13T19:05:00+00:00,111.239,112.0,111.18,111.99,93633
2026-05-13T19:10:00+00:00,111.98,112.24,111.74,111.78,174694
2026-05-13T19:15:00+00:00,111.78,111.88,111.5,111.61,94723
2026-05-13T19:20:00+00:00,111.62,111.825,111.11,111.19,86706
2026-05-13T19:25:00+00:00,111.159,111.59,111.031,111.11,145409
2026-05-13T19:30:00+00:00,111.13,111.84,111.13,111.81,144442
2026-05-13T19:35:00+00:00,111.82,112.0,111.62,111.68,145094
2026-05-13T19:40:00+00:00,111.69,111.87,111.38,111.695,101834
2026-05-13T19:45:00+00:00,111.68,111.97,111.5,111.95,132822
2026-05-13T19:50:00+00:00,111.94,111.95,111.35,111.4,249993
2026-05-13T19:55:00+00:00,111.4,111.68,111.22,111.31,551431
2026-05-13T20:00:00+00:00,111.48,111.66,110.15,111.45,498666
2026-05-13T20:05:00+00:00,111.498,111.59,111.12,111.38,11007
2026-05-13T20:10:00+00:00,111.31,111.446,111.15,111.338,1670
2026-05-13T20:15:00+00:00,111.39,111.45,111.16,111.25,6922
2026-05-13T20:20:00+00:00,111.4,111.4,111.2,111.37,3996
2026-05-13T20:25:00+00:00,111.37,111.49,111.25,111.48,2085
2026-05-13T20:30:00+00:00,111.49,111.9,111.45,111.78,4711
2026-05-13T20:35:00+00:00,111.6,111.89,111.4,111.654,6731
2026-05-13T20:40:00+00:00,111.65,111.75,111.5,111.52,5000
2026-05-13T20:45:00+00:00,111.52,111.75,111.5,111.61,2264
2026-05-13T20:50:00+00:00,111.56,111.75,111.5,111.5,2654
2026-05-13T20:55:00+00:00,111.6,111.65,111.52,111.52,1150
2026-05-13T21:00:00+00:00,111.65,112.0,111.57,111.99,2866
2026-05-13T21:05:00+00:00,112.0,112.05,111.82,111.85,10592
2026-05-13T21:10:00+00:00,111.9,112.04,111.85,111.9,2121
2026-05-13T21:15:00+00:00,112.015,112.02,111.85,111.88,171
2026-05-13T21:20:00+00:00,111.89,112.04,111.88,111.902,988
2026-05-13T21:25:00+00:00,111.89,111.98,111.89,111.97,1046
2026-05-13T21:30:00+00:00,111.97,112.05,111.97,112.05,3045
2026-05-13T21:35:00+00:00,112.02,112.05,112.0,112.04,1660
2026-05-13T21:40:00+00:00,112.03,112.1,112.0,112.0,16075
2026-05-13T21:45:00+00:00,112.04,112.07,111.803,111.88,7408
2026-05-13T21:50:00+00:00,111.9,111.943,111.774,111.789,1505
2026-05-13T21:55:00+00:00,111.88,112.0,111.79,111.79,1946
2026-05-13T22:00:00+00:00,111.9,111.9,111.79,111.9,1419
2026-05-13T22:05:00+00:00,111.9,111.96,111.9,111.96,1486
2026-05-13T22:10:00+00:00,111.953,112.1,111.95,112.05,4563
2026-05-13T22:15:00+00:00,112.007,112.33,112.0,112.25,4673
2026-05-13T22:20:00+00:00,112.25,112.33,112.1,112.33,8196
2026-05-13T22:25:00+00:00,112.3,112.31,112.1,112.2,4582
2026-05-13T22:30:00+00:00,112.102,112.25,112.1,112.14,1268
2026-05-13T22:35:00+00:00,112.15,112.3,112.1,112.2,1315
2026-05-13T22:40:00+00:00,112.24,112.33,112.164,112.3,2188
2026-05-13T22:45:00+00:00,112.29,112.33,112.29,112.3,1139
2026-05-13T22:50:00+00:00,112.307,112.4,112.3,112.39,2703
2026-05-13T22:55:00+00:00,112.4,112.4,112.33,112.39,5705
2026-05-13T23:00:00+00:00,112.354,112.47,112.34,112.37,841
2026-05-13T23:05:00+00:00,112.45,112.47,112.382,112.4,879
2026-05-13T23:10:00+00:00,112.42,112.593,112.4,112.593,5334
2026-05-13T23:15:00+00:00,112.593,112.65,112.53,112.61,2986
2026-05-13T23:20:00+00:00,112.63,112.65,112.4,112.44,4198
2026-05-13T23:25:00+00:00,112.49,112.55,112.4,112.45,2441
2026-05-13T23:30:00+00:00,112.5,112.55,112.46,112.46,1067
2026-05-13T23:35:00+00:00,112.45,112.7,112.45,112.6,2275
2026-05-13T23:40:00+00:00,112.59,112.6,112.401,112.45,3490
2026-05-13T23:45:00+00:00,112.45,112.53,112.4,112.53,1423
2026-05-13T23:50:00+00:00,112.52,112.53,112.4,112.41,6777
2026-05-13T23:55:00+00:00,112.49,112.53,112.4,112.521,10378
2026-05-14T08:00:00+00:00,111.695,112.28,110.63,111.4,32136
2026-05-14T08:05:00+00:00,111.4,112.17,110.67,111.56,3384
2026-05-14T08:10:00+00:00,111.53,111.786,111.31,111.786,566
2026-05-14T08:15:00+00:00,111.762,111.87,111.54,111.8,139
2026-05-14T08:20:00+00:00,111.77,111.9,111.7,111.8,1476
2026-05-14T08:25:00+00:00,111.825,111.84,111.7,111.774,1011
2026-05-14T08:30:00+00:00,111.78,111.9,111.78,111.86,1503
2026-05-14T08:35:00+00:00,111.859,112.04,111.8,112.03,3491
2026-05-14T08:40:00+00:00,112.03,112.12,111.68,111.68,3450
2026-05-14T08:45:00+00:00,111.55,111.799,111.5,111.55,1557
2026-05-14T08:50:00+00:00,111.1,111.65,111.1,111.6,812
2026-05-14T08:55:00+00:00,111.5,111.59,111.1,111.28,366
2026-05-14T09:00:00+00:00,111.564,111.65,111.5,111.5,1315
2026-05-14T09:05:00+00:00,111.49,111.49,111.22,111.324,1256
2026-05-14T09:10:00+00:00,111.35,111.35,111.13,111.31,1986
2026-05-14T09:15:00+00:00,111.31,111.31,111.01,111.09,848
2026-05-14T09:20:00+00:00,111.1,111.13,110.8,110.8,1205
2026-05-14T09:25:00+00:00,110.86,110.9,110.7,110.82,805
2026-05-14T09:30:00+00:00,110.82,110.99,110.6,110.8,368
2026-05-14T09:35:00+00:00,110.8,110.8,110.13,110.51,1015
2026-05-14T09:40:00+00:00,110.49,110.49,110.06,110.2,9344
2026-05-14T09:45:00+00:00,110.443,110.49,110.12,110.28,766
2026-05-14T09:50:00+00:00,110.28,110.5,110.05,110.25,1509
2026-05-14T09:55:00+00:00,110.25,110.5,110.01,110.28,3530
2026-05-14T10:00:00+00:00,110.1,110.5,109.522,110.0,7293
2026-05-14T10:05:00+00:00,110.37,110.43,110.24,110.38,330
2026-05-14T10:10:00+00:00,110.39,110.7,110.36,110.6,8227
2026-05-14T10:15:00+00:00,110.6,111.0,110.51,110.9,3777
2026-05-14T10:20:00+00:00,110.99,111.19,110.51,110.51,900
2026-05-14T10:25:00+00:00,110.51,110.94,110.51,110.828,266
2026-05-14T10:30:00+00:00,110.6,110.68,110.6,110.67,351
2026-05-14T10:35:00+00:00,110.76,111.168,110.76,110.85,27
2026-05-14T10:40:00+00:00,110.983,111.0,110.67,110.67,804
2026-05-14T10:45:00+00:00,110.67,111.0,110.67,110.693,530
2026-05-14T10:50:00+00:00,110.79,110.9,110.79,110.87,700
2026-05-14T10:55:00+00:00,110.83,111.0,110.72,110.85,444
2026-05-14T11:00:00+00:00,110.85,111.5,110.835,111.288,7166
2026-05-14T11:05:00+00:00,111.2,111.4,111.0,111.01,4053
2026-05-14T11:10:00+00:00,111.21,111.4,111.041,111.13,1326
2026-05-14T11:15:00+00:00,111.06,111.25,111.017,111.25,2649
2026-05-14T11:20:00+00:00,111.2,111.49,111.0,111.4,3488
2026-05-14T11:25:00+00:00,111.264,111.4,110.9,111.002,2585
2026-05-14T11:30:00+00:00,111.17,111.4,111.0,111.2,1185
2026-05-14T11:35:00+00:00,111.1,111.2,111.0,111.0,2135
2026-05-14T11:40:00+00:00,111.2,111.3,111.0,111.125,1320
2026-05-14T11:45:00+00:00,111.19,111.53,111.1,111.53,5127
2026-05-14T11:50:00+00:00,111.6,111.66,111.48,111.52,4797
2026-05-14T11:55:00+00:00,111.52,111.74,111.42,111.701,2339
2026-05-14T12:00:00+00:00,111.681,111.8,111.55,111.695,3170
2026-05-14T12:05:00+00:00,111.7,111.95,111.6,111.887,7776
2026-05-14T12:10:00+00:00,111.8,112.48,111.8,112.2,9730
2026-05-14T12:15:00+00:00,112.2,112.25,112.0,112.13,10073
2026-05-14T12:20:00+00:00,112.1,112.65,112.03,112.394,7497
2026-05-14T12:25:00+00:00,112.25,112.5,112.07,112.44,13811
2026-05-14T12:30:00+00:00,112.4,112.44,112.07,112.39,5331
2026-05-14T12:35:00+00:00,112.398,112.5,112.1,112.31,7415
2026-05-14T12:40:00+00:00,112.29,112.31,112.07,112.09,4530
2026-05-14T12:45:00+00:00,112.08,112.284,111.77,112.0,4064
2026-05-14T12:50:00+00:00,111.851,112.0,111.77,111.79,5681
2026-05-14T12:55:00+00:00,111.79,112.0,111.72,111.9,3352
2026-05-14T13:00:00+00:00,111.86,112.0,111.75,111.961,3072
2026-05-14T13:05:00+00:00,111.93,111.93,111.43,111.6,8730
2026-05-14T13:10:00+00:00,111.6,111.8,111.25,111.25,10982
2026-05-14T13:15:00+00:00,111.26,111.48,111.26,111.4,7066
2026-05-14T13:20:00+00:00,111.357,111.7,111.31,111.5,10769
2026-05-14T13:25:00+00:00,111.44,112.0,111.31,111.31,3720
2026-05-14T13:30:00+00:00,111.53,111.6,110.06,110.81,445495
2026-05-14T13:35:00+00:00,110.8,112.25,110.59,111.9,366448
2026-05-14T13:40:00+00:00,111.8,112.63,111.64,112.38,377325
2026-05-14T13:45:00+00:00,112.355,114.48,112.323,113.945,525641
2026-05-14T13:50:00+00:00,113.76,113.96,112.25,112.8,424263
2026-05-14T13:55:00+00:00,112.65,113.22,111.92,112.305,435805
2026-05-14T14:00:00+00:00,112.23,113.6,112.145,113.4,506934
2026-05-14T14:05:00+00:00,113.455,113.93,112.97,113.77,313079
2026-05-14T14:10:00+00:00,113.82,114.75,113.74,114.63,403808
2026-05-14T14:15:00+00:00,114.57,116.67,114.51,116.48,650188
2026-05-14T14:20:00+00:00,116.536,116.73,115.7,116.03,518186
2026-05-14T14:25:00+00:00,116.055,117.48,115.8,116.7,636277
2026-05-14T14:30:00+00:00,116.63,117.0,115.86,116.935,388733
2026-05-14T14:35:00+00:00,116.93,117.61,116.45,117.0,361366
2026-05-14T14:40:00+00:00,117.0,117.8,116.8,117.235,352622
2026-05-14T14:45:00+00:00,117.214,117.38,116.75,117.25,242745
2026-05-14T14:50:00+00:00,117.29,117.85,117.02,117.73,259933
2026-05-14T14:55:00+00:00,117.73,117.92,116.01,116.16,272652
2026-05-14T15:00:00+00:00,116.21,116.82,116.05,116.221,136698
2026-05-14T15:05:00+00:00,116.18,116.85,116.063,116.84,196065
2026-05-14T15:10:00+00:00,116.84,117.289,116.57,117.255,143621
2026-05-14T15:15:00+00:00,117.255,117.44,116.65,117.23,705477
2026-05-14T15:20:00+00:00,117.23,117.7,117.08,117.285,235419
2026-05-14T15:25:00+00:00,117.235,117.63,116.86,117.54,239031
2026-05-14T15:30:00+00:00,117.52,118.05,117.04,117.27,297980
2026-05-14T15:35:00+00:00,117.245,117.5,116.84,117.09,101963
2026-05-14T15:40:00+00:00,117.0,117.1,116.43,116.865,160772
2026-05-14T15:45:00+00:00,116.86,117.1,116.75,117.03,110838
2026-05-14T15:50:00+00:00,116.99,117.0,116.333,116.52,116578
2026-05-14T15:55:00+00:00,116.54,116.87,116.445,116.64,102189
2026-05-14T16:00:00+00:00,116.67,116.735,115.4,116.42,252624
2026-05-14T16:05:00+00:00,116.42,116.75,116.29,116.69,161422
2026-05-14T16:10:00+00:00,116.69,117.1,116.525,117.1,180172
2026-05-14T16:15:00+00:00,117.11,117.175,116.37,116.41,185882
2026-05-14T16:20:00+00:00,116.37,116.55,116.24,116.405,100870
2026-05-14T16:25:00+00:00,116.405,116.58,115.65,116.251,186739
2026-05-14T16:30:00+00:00,116.34,117.156,116.27,116.99,186528
2026-05-14T16:35:00+00:00,116.953,117.105,116.76,116.895,81558
2026-05-14T16:40:00+00:00,116.82,116.96,116.42,116.72,142204
2026-05-14T16:45:00+00:00,116.62,117.43,116.135,117.43,264750
2026-05-14T16:50:00+00:00,117.41,117.535,116.86,117.08,148025
2026-05-14T16:55:00+00:00,117.13,118.125,116.89,118.091,273795
2026-05-14T17:00:00+00:00,118.1,118.21,117.67,117.69,188334
2026-05-14T17:05:00+00:00,117.685,117.72,117.0,117.115,110317
2026-05-14T17:10:00+00:00,117.115,117.115,115.906,115.98,139159
2026-05-14T17:15:00+00:00,115.98,116.25,114.82,114.991,268784
2026-05-14T17:20:00+00:00,115.02,115.21,114.5,114.6,205585
2026-05-14T17:25:00+00:00,114.541,114.93,113.701,113.9,309369
2026-05-14T17:30:00+00:00,113.88,114.37,113.795,114.16,165233
2026-05-14T17:35:00+00:00,114.19,114.96,114.13,114.55,194013
2026-05-14T17:40:00+00:00,114.55,114.89,114.4,114.47,139507
2026-05-14T17:45:00+00:00,114.42,114.74,114.35,114.63,96371
2026-05-14T17:50:00+00:00,114.625,114.66,114.15,114.54,132444
2026-05-14T17:55:00+00:00,114.58,114.58,113.713,113.73,99729
2026-05-14T18:00:00+00:00,113.72,114.02,113.21,113.42,126283
2026-05-14T18:05:00+00:00,113.42,113.64,112.81,112.93,140616
2026-05-14T18:10:00+00:00,112.97,113.68,112.76,113.575,227535
2026-05-14T18:15:00+00:00,113.57,114.12,113.39,114.07,125202
2026-05-14T18:20:00+00:00,114.07,114.25,113.505,113.6,138331
2026-05-14T18:25:00+00:00,113.65,113.98,113.55,113.775,88322
2026-05-14T18:30:00+00:00,113.775,114.2,113.775,114.13,65422
2026-05-14T18:35:00+00:00,114.19,114.4,113.945,114.01,91947
2026-05-14T18:40:00+00:00,114.06,114.43,113.68,114.43,102182
2026-05-14T18:45:00+00:00,114.42,115.385,114.14,115.21,187891
2026-05-14T18:50:00+00:00,115.18,115.34,114.84,115.03,94462
2026-05-14T18:55:00+00:00,115.04,115.31,114.46,115.0,175814
2026-05-14T19:00:00+00:00,115.0,115.28,114.61,114.68,143975
2026-05-14T19:05:00+00:00,114.68,115.08,114.65,114.93,90927
2026-05-14T19:10:00+00:00,114.9,114.9,114.23,114.42,149252
2026-05-14T19:15:00+00:00,114.41,114.66,114.27,114.35,76837
2026-05-14T19:20:00+00:00,114.331,114.62,114.0,114.12,168233
2026-05-14T19:25:00+00:00,114.11,114.3,113.57,113.68,185149
2026-05-14T19:30:00+00:00,113.67,114.42,113.6,114.305,141302
2026-05-14T19:35:00+00:00,114.27,114.36,114.02,114.06,117905
2026-05-14T19:40:00+00:00,114.075,114.255,113.74,114.03,167439
2026-05-14T19:45:00+00:00,114.05,114.05,113.595,113.97,217588
2026-05-14T19:50:00+00:00,113.87,113.87,113.12,113.65,242822
2026-05-14T19:55:00+00:00,113.65,114.4,113.65,114.215,765632
2026-05-14T20:00:00+00:00,114.215,115.05,114.0,114.215,155576
2026-05-14T20:05:00+00:00,114.033,114.3,113.85,114.29,14263
2026-05-14T20:10:00+00:00,114.215,114.375,114.1,114.32,4363
2026-05-14T20:15:00+00:00,114.32,114.5,114.07,114.12,6381
2026-05-14T20:20:00+00:00,114.25,114.25,114.07,114.2,832
2026-05-14T20:25:00+00:00,114.19,114.2,113.82,113.82,2080
2026-05-14T20:30:00+00:00,113.95,114.1,113.82,114.01,831
2026-05-14T20:35:00+00:00,114.087,114.47,114.0,114.19,6632
2026-05-14T20:40:00+00:00,114.0,114.2,113.85,114.07,3584
2026-05-14T20:45:00+00:00,113.96,114.35,113.85,114.142,2398
2026-05-14T20:50:00+00:00,114.0,114.3,114.0,114.06,876
2026-05-14T20:55:00+00:00,114.3,114.35,114.05,114.35,651618
2026-05-14T21:00:00+00:00,114.3,114.592,113.98,114.175,2723
2026-05-14T21:05:00+00:00,113.85,114.5,113.85,114.0,823
2026-05-14T21:10:00+00:00,114.2,114.5,114.0,114.0,3235
2026-05-14T21:15:00+00:00,114.0,114.488,114.0,114.21,1509
2026-05-14T21:20:00+00:00,114.2,114.65,114.0,114.36,2102
2026-05-14T21:25:00+00:00,114.299,114.65,114.18,114.21,1116
2026-05-14T21:30:00+00:00,114.3,114.65,114.22,114.65,2313
2026-05-14T21:35:00+00:00,114.65,114.65,114.25,114.31,1214
2026-05-14T21:40:00+00:00,114.28,114.54,114.25,114.39,19312
2026-05-14T21:45:00+00:00,114.35,114.5,114.31,114.45,3035
2026-05-14T21:50:00+00:00,114.4,114.49,114.25,114.49,1379
2026-05-14T21:55:00+00:00,114.48,114.49,114.35,114.434,284
2026-05-14T22:00:00+00:00,114.46,114.46,114.26,114.46,897
2026-05-14T22:05:00+00:00,114.49,114.49,114.4,114.43,622
2026-05-14T22:10:00+00:00,114.3,114.49,114.3,114.44,2165
2026-05-14T22:15:00+00:00,114.44,114.68,114.44,114.65,3843
2026-05-14T22:20:00+00:00,114.489,114.67,114.38,114.65,8351
2026-05-14T22:25:00+00:00,114.58,114.7,114.58,114.7,2991
2026-05-14T22:30:00+00:00,114.66,114.8,114.6,114.75,527
2026-05-14T22:35:00+00:00,114.676,114.77,114.51,114.578,983
2026-05-14T22:40:00+00:00,114.5,114.61,114.38,114.53,3230
2026-05-14T22:45:00+00:00,114.5,114.58,114.38,114.561,1598
2026-05-14T22:50:00+00:00,114.5,114.58,114.372,114.372,790
2026-05-14T22:55:00+00:00,114.514,114.56,114.277,114.47,784
2026-05-14T23:00:00+00:00,114.5,114.5,114.29,114.29,1653
2026-05-14T23:05:00+00:00,114.4,114.48,114.29,114.46,610
2026-05-14T23:10:00+00:00,114.39,114.58,114.3,114.3,617
2026-05-14T23:15:00+00:00,114.548,114.55,114.39,114.42,707
2026-05-14T23:20:00+00:00,114.42,114.49,114.4,114.41,277
2026-05-14T23:25:00+00:00,114.49,114.5,114.2,114.31,6145
2026-05-14T23:30:00+00:00,114.298,114.4,114.1,114.39,3413
2026-05-14T23:35:00+00:00,114.39,114.4,114.226,114.3,421
2026-05-14T23:40:00+00:00,114.4,114.4,114.214,114.4,1574
2026-05-14T23:45:00+00:00,114.4,114.4,114.25,114.251,388
2026-05-14T23:50:00+00:00,114.299,114.4,114.25,114.34,4807
2026-05-14T23:55:00+00:00,114.27,114.377,114.1,114.199,2977
2026-05-15T08:00:00+00:00,112.015,112.97,109.06,111.4,54996
2026-05-15T08:05:00+00:00,111.5,112.26,110.0,110.8,7867
2026-05-15T08:10:00+00:00,110.82,111.478,110.8,110.97,3700
2026-05-15T08:15:00+00:00,111.0,111.1,110.1,110.52,2497
2026-05-15T08:20:00+00:00,110.622,111.78,110.6,111.0,1197
2026-05-15T08:25:00+00:00,110.88,111.05,110.1,110.1,3594
2026-05-15T08:30:00+00:00,110.1,110.75,110.1,110.75,813
2026-05-15T08:35:00+00:00,110.64,110.64,110.3,110.5,1837
2026-05-15T08:40:00+00:00,110.5,111.0,110.5,111.0,420
2026-05-15T08:45:00+00:00,110.96,110.97,110.5,110.5,3523
2026-05-15T08:50:00+00:00,110.5,110.9,110.3,110.5,637
2026-05-15T08:55:00+00:00,110.3,110.6,110.28,110.41,1164
2026-05-15T09:00:00+00:00,110.5,110.6,110.315,110.49,703
2026-05-15T09:05:00+00:00,110.4,110.75,110.282,110.44,1062
2026-05-15T09:10:00+00:00,110.44,110.77,110.22,110.229,1595
2026-05-15T09:15:00+00:00,110.3,110.64,110.1,110.3,1444
2026-05-15T09:20:00+00:00,110.24,110.3,109.8,110.18,9583
2026-05-15T09:25:00+00:00,109.8,110.36,109.8,110.25,2998
2026-05-15T09:30:00+00:00,110.2,110.49,109.8,110.49,2986
2026-05-15T09:35:00+00:00,110.23,110.948,110.23,110.25,1661
2026-05-15T09:40:00+00:00,110.299,110.953,110.263,110.953,2089
2026-05-15T09:45:00+00:00,110.38,110.46,110.0,110.0,9673
2026-05-15T09:50:00+00:00,110.02,110.02,109.6,109.88,6861
2026-05-15T09:55:00+00:00,109.99,110.0,109.532,109.72,7308
2026-05-15T10:00:00+00:00,109.87,110.0,109.63,109.63,1995
2026-05-15T10:05:00+00:00,109.62,110.0,109.55,109.6,2720
2026-05-15T10:10:00+00:00,109.85,110.49,109.82,110.49,1188
2026-05-15T10:15:00+00:00,110.44,110.64,110.28,110.282,904
2026-05-15T10:20:00+00:00,110.278,110.67,110.01,110.34,2064
2026-05-15T10:25:00+00:00,110.64,110.73,110.21,110.53,683
2026-05-15T10:30:00+00:00,110.6,111.31,110.6,111.31,6905
2026-05-15T10:35:00+00:00,111.04,111.243,110.6,111.17,1323
2026-05-15T10:40:00+00:00,111.15,111.17,110.87,110.87,2069
2026-05-15T10:45:00+00:00,110.97,111.6,110.75,111.44,1824
2026-05-15T10:50:00+00:00,111.38,111.8,111.23,111.68,3298
2026-05-15T10:55:00+00:00,111.6,111.76,111.5,111.5,1737
2026-05-15T11:00:00+00:00,111.585,111.75,111.3,111.6,10765
2026-05-15T11:05:00+00:00,111.46,111.65,111.35,111.605,8775
2026-05-15T11:10:00+00:00,111.49,111.64,111.24,111.579,3524
2026-05-15T11:15:00+00:00,111.334,111.61,111.2,111.5,4021
2026-05-15T11:20:00+00:00,111.5,111.661,111.02,111.25,14386
2026-05-15T11:25:00+00:00,111.296,111.35,111.12,111.26,1391
2026-05-15T11:30:00+00:00,111.26,111.5,111.22,111.23,1315
2026-05-15T11:35:00+00:00,111.235,111.4,111.011,111.011,3493
2026-05-15T11:40:00+00:00,111.01,111.15,110.5,111.066,14173
2026-05-15T11:45:00+00:00,110.7,111.15,110.5,110.81,6658
2026-05-15T11:50:00+00:00,110.83,111.0,110.71,110.71,4848
2026-05-15T11:55:00+00:00,110.76,110.99,110.71,110.71,5420
2026-05-15T12:00:00+00:00,110.72,111.0,110.6,110.68,9236
2026-05-15T12:05:00+00:00,110.68,110.774,110.52,110.63,5621
2026-05-15T12:10:00+00:00,110.63,110.75,110.25,110.32,6970
2026-05-15T12:15:00+00:00,110.27,110.8,110.2,110.35,12497
2026-05-15T12:20:00+00:00,110.35,110.5,110.21,110.3,4013
2026-05-15T12:25:00+00:00,110.35,110.44,110.15,110.257,4490
2026-05-15T12:30:00+00:00,110.17,110.25,110.01,110.21,8870
2026-05-15T12:35:00+00:00,110.15,110.19,109.89,110.0,7204
2026-05-15T12:40:00+00:00,109.95,110.35,109.8,110.0,9772
2026-05-15T12:45:00+00:00,109.91,110.27,109.81,109.9,8364
2026-05-15T12:50:00+00:00,109.902,110.27,109.89,110.25,11070
2026-05-15T12:55:00+00:00,110.18,110.27,109.961,109.998,8573
2026-05-15T13:00:00+00:00,109.97,110.0,109.63,109.89,15980
2026-05-15T13:05:00+00:00,109.79,109.89,109.4,109.5,14096
2026-05-15T13:10:00+00:00,109.49,109.6,109.38,109.5,11885
2026-05-15T13:15:00+00:00,109.58,109.6,109.3,109.45,12777
2026-05-15T13:20:00+00:00,109.51,109.6,108.97,109.2,31583
2026-05-15T13:25:00+00:00,109.32,109.6,109.02,109.5,11101
2026-05-15T13:30:00+00:00,109.415,110.325,107.6,108.34,528190
2026-05-15T13:35:00+00:00,108.32,108.88,107.6,107.74,379732
2026-05-15T13:40:00+00:00,107.68,108.84,107.45,108.47,352661
2026-05-15T13:45:00+00:00,108.46,109.27,107.71,109.255,299889
2026-05-15T13:50:00+00:00,109.24,109.5,108.3,109.245,236369
2026-05-15T13:55:00+00:00,109.245,109.843,107.23,107.31,420273
2026-05-15T14:00:00+00:00,107.4,107.91,107.22,107.85,278415
2026-05-15T14:05:00+00:00,107.9,109.12,107.758,109.03,232007
2026-05-15T14:10:00+00:00,109.1,109.67,108.6,109.395,260833
2026-05-15T14:15:00+00:00,109.41,109.88,108.93,109.17,227130
2026-05-15T14:20:00+00:00,109.175,109.27,108.42,108.475,189676
2026-05-15T14:25:00+00:00,108.485,108.62,107.79,108.21,247624
2026-05-15T14:30:00+00:00,108.22,108.6,108.0,108.375,172172
2026-05-15T14:35:00+00:00,108.32,108.49,107.77,107.86,161192
2026-05-15T14:40:00+00:00,107.916,108.2,107.76,108.19,134716
2026-05-15T14:45:00+00:00,108.18,108.39,107.51,107.53,157781
2026-05-15T14:50:00+00:00,107.54,107.8,107.06,107.635,244623
2026-05-15T14:55:00+00:00,107.69,107.84,107.07,107.107,129169
2026-05-15T15:00:00+00:00,107.115,107.8,106.97,107.55,239611
2026-05-15T15:05:00+00:00,107.57,107.63,106.83,107.24,161800
2026-05-15T15:10:00+00:00,107.3,107.38,106.44,106.59,254755
2026-05-15T15:15:00+00:00,106.59,106.84,106.46,106.535,109806
2026-05-15T15:20:00+00:00,106.57,107.18,106.555,106.88,131073
2026-05-15T15:25:00+00:00,106.88,108.17,106.82,108.14,209195
2026-05-15T15:30:00+00:00,108.18,108.68,108.18,108.31,166571
2026-05-15T15:35:00+00:00,108.3,109.22,108.3,108.855,197557
2026-05-15T15:40:00+00:00,108.845,109.24,108.6,109.09,181855
2026-05-15T15:45:00+00:00,109.06,109.4,108.7,108.76,156561
2026-05-15T15:50:00+00:00,108.78,108.92,108.57,108.7,117567
2026-05-15T15:55:00+00:00,108.65,108.65,108.175,108.45,137445
2026-05-15T16:00:00+00:00,108.45,108.5,107.64,107.73,102534
2026-05-15T16:05:00+00:00,107.705,107.8,107.48,107.57,140654
2026-05-15T16:10:00+00:00,107.57,107.74,107.36,107.63,88048
2026-05-15T16:15:00+00:00,107.63,107.69,107.25,107.33,68284
2026-05-15T16:20:00+00:00,107.43,107.65,107.33,107.41,63604
2026-05-15T16:25:00+00:00,107.42,107.61,107.0,107.31,119832
2026-05-15T16:30:00+00:00,107.31,107.5,107.21,107.245,81547
2026-05-15T16:35:00+00:00,107.21,107.43,107.07,107.43,61528
2026-05-15T16:40:00+00:00,107.43,107.49,107.15,107.47,41056
2026-05-15T16:45:00+00:00,107.47,107.47,107.15,107.29,49347
2026-05-15T16:50:00+00:00,107.27,107.31,106.82,106.95,119587
2026-05-15T16:55:00+00:00,106.975,107.575,106.973,107.005,114448
2026-05-15T17:00:00+00:00,107.005,107.2,106.945,107.12,97526
2026-05-15T17:05:00+00:00,107.1,107.62,107.03,107.62,59684
2026-05-15T17:10:00+00:00,107.64,107.71,107.25,107.335,127357
2026-05-15T17:15:00+00:00,107.39,107.41,107.1,107.15,46000
2026-05-15T17:20:00+00:00,107.12,107.56,107.05,107.485,54087
2026-05-15T17:25:00+00:00,107.5,107.72,107.43,107.715,61851
2026-05-15T17:30:00+00:00,107.69,107.89,107.69,107.88,100876
2026-05-15T17:35:00+00:00,107.86,108.07,107.71,107.96,145381
2026-05-15T17:40:00+00:00,107.98,108.15,107.76,107.99,99012
2026-05-15T17:45:00+00:00,107.98,108.07,107.81,107.965,97643
2026-05-15T17:50:00+00:00,107.99,108.4,107.88,108.38,76816
2026-05-15T17:55:00+00:00,108.38,108.64,108.36,108.6,115446
2026-05-15T18:00:00+00:00,108.63,109.26,108.63,109.23,169256
2026-05-15T18:05:00+00:00,109.25,109.69,109.21,109.39,155510
2026-05-15T18:10:00+00:00,109.42,109.75,109.31,109.45,148519
2026-05-15T18:15:00+00:00,109.46,109.67,108.92,109.01,166982
2026-05-15T18:20:00+00:00,109.06,109.65,109.06,109.455,135413
2026-05-15T18:25:00+00:00,109.458,109.469,108.8,108.88,137212
2026-05-15T18:30:00+00:00,108.87,109.04,108.53,108.965,122587
2026-05-15T18:35:00+00:00,108.96,109.44,108.91,109.375,88706
2026-05-15T18:40:00+00:00,109.345,109.429,108.91,109.28,114587
2026-05-15T18:45:00+00:00,109.31,109.41,109.0,109.34,69334
2026-05-15T18:50:00+00:00,109.39,109.71,109.21,109.57,139264
2026-05-15T18:55:00+00:00,109.54,109.75,108.54,108.54,206030
2026-05-15T19:00:00+00:00,108.52,108.89,108.42,108.46,106075
2026-05-15T19:05:00+00:00,108.46,108.6,108.03,108.14,87799
2026-05-15T19:10:00+00:00,108.105,108.28,107.93,108.19,145149
2026-05-15T19:15:00+00:00,108.195,108.37,108.01,108.245,72594
2026-05-15T19:20:00+00:00,108.19,108.235,107.7,107.775,80391
2026-05-15T19:25:00+00:00,107.75,107.98,107.7,107.97,92177
2026-05-15T19:30:00+00:00,107.905,108.18,107.75,107.84,99173
2026-05-15T19:35:00+00:00,107.87,108.4,107.79,108.4,104594
2026-05-15T19:40:00+00:00,108.4,108.6,107.97,108.0,126798
2026-05-15T19:45:00+00:00,107.99,108.02,107.42,107.615,222390
2026-05-15T19:50:00+00:00,107.61,107.61,107.18,107.21,314248
2026-05-15T19:55:00+00:00,107.22,107.4,106.71,107.3,802017
2026-05-15T20:00:00+00:00,107.3,107.5,106.7,107.0,100464
2026-05-15T20:05:00+00:00,107.28,107.28,106.47,106.61,54010
2026-05-15T20:10:00+00:00,107.3,107.44,106.48,107.2,22432
2026-05-15T20:15:00+00:00,107.37,107.37,106.8,107.2,28601
2026-05-15T20:20:00+00:00,107.3,107.3,106.8,106.99,13187
2026-05-15T20:25:00+00:00,107.0,107.2,106.85,107.2,31368
2026-05-15T20:30:00+00:00,107.156,107.28,107.05,107.13,5303
2026-05-15T20:35:00+00:00,107.148,107.15,107.0,107.15,2492
2026-05-15T20:40:00+00:00,107.15,107.269,107.05,107.17,140376
2026-05-15T20:45:00+00:00,107.13,107.18,107.0,107.179,7680
2026-05-15T20:50:00+00:00,107.13,107.29,107.12,107.29,620410
2026-05-15T20:55:00+00:00,107.2,107.29,107.1,107.289,610
2026-05-15T21:00:00+00:00,107.275,107.28,107.02,107.19,1518
2026-05-15T21:05:00+00:00,107.19,107.2,107.0,107.184,922
2026-05-15T21:10:00+00:00,107.15,107.2,107.14,107.18,1406
2026-05-15T21:15:00+00:00,107.151,107.18,107.0,107.11,1414
2026-05-15T21:20:00+00:00,107.1,107.14,107.007,107.118,972
2026-05-15T21:25:00+00:00,107.12,107.18,107.0,107.15,2751
2026-05-15T21:30:00+00:00,107.1,107.18,107.03,107.15,848
2026-05-15T21:35:00+00:00,107.18,107.18,107.04,107.11,4414
2026-05-15T21:40:00+00:00,107.18,107.18,107.08,107.17,2084
2026-05-15T21:45:00+00:00,107.17,107.28,107.09,107.21,1930
2026-05-15T21:50:00+00:00,107.258,107.28,107.11,107.19,535
2026-05-15T21:55:00+00:00,107.19,107.2,107.09,107.09,1502
2026-05-15T22:00:00+00:00,107.134,107.28,107.091,107.1,611
2026-05-15T22:05:00+00:00,107.15,107.28,107.15,107.25,1417
2026-05-15T22:10:00+00:00,107.254,107.28,107.14,107.15,10862
2026-05-15T22:15:00+00:00,107.14,107.15,107.09,107.09,4526
2026-05-15T22:20:00+00:00,107.1,107.14,106.9,107.0,3647
2026-05-15T22:25:00+00:00,107.14,107.14,107.0,107.018,702
2026-05-15T22:30:00+00:00,107.01,107.14,107.0,107.0,837
2026-05-15T22:35:00+00:00,107.1,107.14,107.0,107.13,2344
2026-05-15T22:40:00+00:00,107.07,107.1,106.93,106.99,941
2026-05-15T22:45:00+00:00,107.0,107.0,106.97,106.99,928
2026-05-15T22:50:00+00:00,106.971,107.13,106.971,107.13,738
2026-05-15T22:55:00+00:00,107.05,107.13,106.9,107.05,3325
2026-05-15T23:00:00+00:00,107.1,107.13,106.9,107.08,2041
2026-05-15T23:05:00+00:00,107.07,107.07,106.8,106.89,3400
2026-05-15T23:10:00+00:00,106.83,106.9,106.82,106.89,1216
2026-05-15T23:15:00+00:00,106.9,107.09,106.82,107.02,618
2026-05-15T23:20:00+00:00,107.02,107.07,107.02,107.06,942
2026-05-15T23:25:00+00:00,107.04,107.07,106.9,106.98,770
2026-05-15T23:30:00+00:00,106.93,106.94,106.83,106.86,4185
2026-05-15T23:35:00+00:00,106.89,106.93,106.82,106.91,1500
2026-05-15T23:40:00+00:00,106.89,106.93,106.77,106.77,1650
2026-05-15T23:45:00+00:00,106.79,106.92,106.73,106.79,3212
2026-05-15T23:50:00+00:00,106.76,106.93,106.75,106.92,3268
2026-05-15T23:55:00+00:00,106.83,106.93,106.74,106.81,2578
2026-05-18T08:00:00+00:00,106.49,107.598,106.034,107.598,18153
2026-05-18T08:05:00+00:00,107.3,107.75,106.3,107.75,4257
2026-05-18T08:10:00+00:00,107.75,108.5,107.75,108.5,3472
2026-05-18T08:15:00+00:00,108.479,108.594,108.03,108.37,2386
2026-05-18T08:20:00+00:00,108.37,109.244,108.23,109.24,11326
2026-05-18T08:25:00+00:00,109.12,109.41,108.77,108.79,4027
2026-05-18T08:30:00+00:00,108.993,109.0,108.23,108.98,3825
2026-05-18T08:35:00+00:00,108.959,109.0,108.49,108.98,1052
2026-05-18T08:40:00+00:00,108.5,109.0,108.422,108.68,775
2026-05-18T08:45:00+00:00,108.5,109.41,108.45,109.02,6980
2026-05-18T08:50:00+00:00,109.05,109.6,109.0,109.39,5559
2026-05-18T08:55:00+00:00,109.57,109.6,109.052,109.46,2672
2026-05-18T09:00:00+00:00,109.4,109.6,109.02,109.25,1825
2026-05-18T09:05:00+00:00,109.02,109.49,109.0,109.0,1401
2026-05-18T09:10:00+00:00,109.11,109.49,108.97,109.09,3639
2026-05-18T09:15:00+00:00,109.02,109.49,108.97,109.29,2077
2026-05-18T09:20:00+00:00,109.29,109.29,108.75,109.02,960
2026-05-18T09:25:00+00:00,109.228,109.228,108.77,108.81,591
2026-05-18T09:30:00+00:00,108.77,109.03,108.75,108.89,1351
2026-05-18T09:35:00+00:00,108.9,108.9,108.6,108.6,3206
2026-05-18T09:40:00+00:00,108.75,108.76,108.6,108.608,954
2026-05-18T09:45:00+00:00,108.71,108.734,108.54,108.63,3595
2026-05-18T09:50:00+00:00,108.66,108.66,108.0,108.01,7385
2026-05-18T09:55:00+00:00,108.001,108.09,107.76,108.08,2285
2026-05-18T10:00:00+00:00,108.08,108.084,107.689,108.033,2308
2026-05-18T10:05:00+00:00,107.88,107.95,106.6,106.7,10281
2026-05-18T10:10:00+00:00,106.663,107.703,106.2,106.84,9410
2026-05-18T10:15:00+00:00,106.6,107.279,105.5,106.51,9959
2026-05-18T10:20:00+00:00,107.3,107.3,106.02,106.45,2749
2026-05-18T10:25:00+00:00,106.45,107.0,106.29,106.52,3288
2026-05-18T10:30:00+00:00,106.8,106.8,106.36,106.36,3258
2026-05-18T10:35:00+00:00,106.46,106.74,106.23,106.38,2540
2026-05-18T10:40:00+00:00,106.68,106.968,106.5,106.63,641
2026-05-18T10:45:00+00:00,106.63,107.06,106.5,106.63,4387
2026-05-18T10:50:00+00:00,107.5,107.5,106.5,106.931,2203
2026-05-18T10:55:00+00:00,106.62,107.0,106.5,106.69,449
2026-05-18T11:00:00+00:00,106.75,106.98,106.25,106.38,6795
2026-05-18T11:05:00+00:00,106.22,106.75,105.7,106.0,10993
2026-05-18T11:10:00+00:00,106.135,106.6,105.92,106.59,4952
2026-05-18T11:15:00+00:00,106.478,106.6,106.25,106.3,2075
2026-05-18T11:20:00+00:00,106.3,106.69,106.3,106.57,6311
2026-05-18T11:25:00+00:00,106.68,106.68,106.1,106.6,5994
2026-05-18T11:30:00+00:00,106.59,106.98,106.15,106.9,3743
2026-05-18T11:35:00+00:00,106.7,107.35,106.21,107.35,4434
2026-05-18T11:40:00+00:00,107.35,107.68,107.17,107.201,6665
2026-05-18T11:45:00+00:00,107.299,107.3,106.8,107.1,6789
2026-05-18T11:50:00+00:00,107.005,107.2,106.9,107.1,14357
2026-05-18T11:55:00+00:00,107.0,107.2,106.75,106.75,26662
2026-05-18T12:00:00+00:00,107.0,107.38,106.9,107.3,5252
2026-05-18T12:05:00+00:00,107.41,107.74,107.25,107.5,5703
2026-05-18T12:10:00+00:00,107.4,107.69,107.3,107.499,9518
2026-05-18T12:15:00+00:00,107.35,107.59,107.1,107.1,6541
2026-05-18T12:20:00+00:00,107.569,107.59,107.15,107.43,3037
2026-05-18T12:25:00+00:00,107.58,107.8,107.27,107.8,6299
2026-05-18T12:30:00+00:00,107.796,107.98,107.44,107.98,8048
2026-05-18T12:35:00+00:00,107.98,108.45,107.9,108.0,12505
2026-05-18T12:40:00+00:00,108.07,108.415,107.91,108.17,15955
2026-05-18T12:45:00+00:00,108.34,108.9,108.08,108.41,21896
2026-05-18T12:50:00+00:00,108.7,108.8,108.3,108.658,20254
2026-05-18T12:55:00+00:00,108.6,108.85,108.47,108.686,14973
2026-05-18T13:00:00+00:00,108.72,108.83,108.08,108.28,17752
2026-05-18T13:05:00+00:00,108.514,109.16,108.48,109.05,27359
2026-05-18T13:10:00+00:00,109.0,109.04,108.4,108.61,27521
2026-05-18T13:15:00+00:00,108.62,108.88,108.18,108.24,20273
2026-05-18T13:20:00+00:00,108.28,108.69,108.225,108.324,7357
2026-05-18T13:25:00+00:00,108.31,108.348,106.4,106.56,54591
2026-05-18T13:30:00+00:00,106.785,106.81,102.95,103.18,1250581
2026-05-18T13:35:00+00:00,103.245,103.245,101.7,102.245,885987
2026-05-18T13:40:00+00:00,102.27,102.32,100.66,100.8,1018039
2026-05-18T13:45:00+00:00,100.816,102.98,100.71,102.13,727490
2026-05-18T13:50:00+00:00,102.099,103.4,102.05,103.0,460705
2026-05-18T13:55:00+00:00,103.0,103.47,102.4,102.575,380145
2026-05-18T14:00:00+00:00,102.6,102.68,101.4,102.195,413185
2026-05-18T14:05:00+00:00,102.195,103.11,101.81,102.8,283056
2026-05-18T14:10:00+00:00,102.76,102.83,102.2,102.405,249887
2026-05-18T14:15:00+00:00,102.43,102.83,101.59,102.13,282704
2026-05-18T14:20:00+00:00,102.13,102.32,101.71,101.71,234004
2026-05-18T14:25:00+00:00,101.73,101.75,101.15,101.38,324477
2026-05-18T14:30:00+00:00,101.38,101.6,99.79,100.105,639216
2026-05-18T14:35:00+00:00,100.09,101.488,99.78,101.305,369742
2026-05-18T14:40:00+00:00,101.3,101.55,101.04,101.17,203215
2026-05-18T14:45:00+00:00,101.1,101.18,100.0,100.15,248340
2026-05-18T14:50:00+00:00,100.19,101.07,100.07,100.5,298033
2026-05-18T14:55:00+00:00,100.53,101.35,100.35,100.9,233470
2026-05-18T15:00:00+00:00,101.009,101.54,100.88,101.28,246236
2026-05-18T15:05:00+00:00,101.25,101.35,100.34,100.54,250094
2026-05-18T15:10:00+00:00,100.56,101.33,100.4,100.87,218161
2026-05-18T15:15:00+00:00,100.84,101.44,100.61,100.64,247814
2026-05-18T15:20:00+00:00,100.62,101.13,100.44,100.6,241888
2026-05-18T15:25:00+00:00,100.605,100.9,100.2,100.265,224754
2026-05-18T15:30:00+00:00,100.245,100.59,100.1,100.58,189164
2026-05-18T15:35:00+00:00,100.59,100.97,100.46,100.49,165562
2026-05-18T15:40:00+00:00,100.49,100.615,100.06,100.175,189661
2026-05-18T15:45:00+00:00,100.175,100.46,100.05,100.12,204734
2026-05-18T15:50:00+00:00,100.11,100.51,99.8,100.36,261050
2026-05-18T15:55:00+00:00,100.33,100.55,100.0,100.03,155954
2026-05-18T16:00:00+00:00,100.06,100.119,99.84,99.95,162501
2026-05-18T16:05:00+00:00,99.93,100.17,99.9,100.095,150448
2026-05-18T16:10:00+00:00,100.095,100.388,100.01,100.14,123708
2026-05-18T16:15:00+00:00,100.135,100.24,100.0,100.153,141157
2026-05-18T16:20:00+00:00,100.16,100.55,99.83,99.91,226573
2026-05-18T16:25:00+00:00,99.94,99.94,98.9,99.165,507847
2026-05-18T16:30:00+00:00,99.165,99.25,98.65,98.985,308911
2026-05-18T16:35:00+00:00,98.93,99.4,98.815,98.88,210633
2026-05-18T16:40:00+00:00,98.88,99.23,98.85,99.09,141227
2026-05-18T16:45:00+00:00,99.09,99.41,99.0,99.355,122230
2026-05-18T16:50:00+00:00,99.32,100.465,99.26,100.465,227580
2026-05-18T16:55:00+00:00,100.465,100.78,100.36,100.481,159331
2026-05-18T17:00:00+00:00,100.46,100.49,99.82,100.14,175505
2026-05-18T17:05:00+00:00,100.13,100.57,100.11,100.21,92470
2026-05-18T17:10:00+00:00,100.245,100.333,99.81,99.92,121016
2026-05-18T17:15:00+00:00,99.935,100.18,99.9,100.12,81935
2026-05-18T17:20:00+00:00,100.07,100.2,99.88,99.93,101106
2026-05-18T17:25:00+00:00,99.93,100.65,99.65,100.6,158274
2026-05-18T17:30:00+00:00,100.545,100.95,100.2,100.615,212175
2026-05-18T17:35:00+00:00,100.58,100.58,100.12,100.22,88499
2026-05-18T17:40:00+00:00,100.25,100.74,100.22,100.52,92705
2026-05-18T17:45:00+00:00,100.57,100.67,100.441,100.468,105600
2026-05-18T17:50:00+00:00,100.46,101.199,100.41,101.18,185103
2026-05-18T17:55:00+00:00,101.15,101.19,100.905,100.92,87753
2026-05-18T18:00:00+00:00,100.95,100.957,100.45,100.575,116227
2026-05-18T18:05:00+00:00,100.575,100.83,100.55,100.64,67336
2026-05-18T18:10:00+00:00,100.62,100.74,100.48,100.65,76768
2026-05-18T18:15:00+00:00,100.65,100.65,99.89,99.96,125292
2026-05-18T18:20:00+00:00,99.98,100.05,99.5,99.6,206025
2026-05-18T18:25:00+00:00,99.6,99.67,99.14,99.515,180738
2026-05-18T18:30:00+00:00,99.48,101.5,99.43,99.725,148977
2026-05-18T18:35:00+00:00,99.738,99.8,99.56,99.63,101582
2026-05-18T18:40:00+00:00,99.61,99.79,99.5,99.63,118908
2026-05-18T18:45:00+00:00,99.63,99.82,99.4,99.505,112064
2026-05-18T18:50:00+00:00,99.525,99.74,99.36,99.48,222292
2026-05-18T18:55:00+00:00,99.485,100.7,99.43,99.9,127866
2026-05-18T19:00:00+00:00,99.865,101.875,99.82,100.98,319383
2026-05-18T19:05:00+00:00,100.93,101.34,100.28,100.88,165940
2026-05-18T19:10:00+00:00,100.91,101.5,100.78,101.08,184374
2026-05-18T19:15:00+00:00,101.08,101.21,100.72,100.72,152298
2026-05-18T19:20:00+00:00,100.76,101.12,100.7,101.005,168859
2026-05-18T19:25:00+00:00,101.015,101.44,100.93,101.4,254309
2026-05-18T19:30:00+00:00,101.4,102.2,101.3,101.92,317867
2026-05-18T19:35:00+00:00,101.95,102.67,101.83,102.59,272155
2026-05-18T19:40:00+00:00,102.55,103.2,102.55,103.11,353841
2026-05-18T19:45:00+00:00,103.12,103.8,103.03,103.58,483894
2026-05-18T19:50:00+00:00,103.59,103.95,103.42,103.87,479307
2026-05-18T19:55:00+00:00,103.87,103.87,103.29,103.77,842759
2026-05-18T20:00:00+00:00,103.77,103.78,102.78,103.4,1364472
2026-05-18T20:05:00+00:00,103.26,103.77,103.25,103.41,837854
2026-05-18T20:10:00+00:00,103.4,103.77,103.26,103.499,13491
2026-05-18T20:15:00+00:00,103.4,103.7,103.32,103.5,5269
2026-05-18T20:20:00+00:00,103.77,103.77,103.25,103.34,13213
2026-05-18T20:25:00+00:00,103.39,103.5,103.25,103.474,2367
2026-05-18T20:30:00+00:00,103.5,103.58,103.36,103.58,2879
2026-05-18T20:35:00+00:00,103.526,103.58,103.39,103.58,2986
2026-05-18T20:40:00+00:00,103.4,103.56,103.4,103.554,4191
2026-05-18T20:45:00+00:00,103.55,103.77,103.55,103.7,6240
2026-05-18T20:50:00+00:00,103.729,103.75,103.6,103.63,1106
2026-05-18T20:55:00+00:00,103.65,103.687,103.6,103.64,4121
2026-05-18T21:00:00+00:00,103.63,103.77,103.5,103.55,1474784
2026-05-18T21:05:00+00:00,103.587,103.7,103.5,103.59,3048
2026-05-18T21:10:00+00:00,103.59,103.7,103.5,103.7,981
2026-05-18T21:15:00+00:00,103.55,103.7,103.5,103.61,2427
2026-05-18T21:20:00+00:00,103.61,104.28,103.51,103.7,760
2026-05-18T21:25:00+00:00,103.55,103.7,103.51,103.68,396
2026-05-18T21:30:00+00:00,103.68,103.69,103.59,103.612,615
2026-05-18T21:35:00+00:00,103.68,103.69,103.59,103.61,1453
2026-05-18T21:40:00+00:00,103.65,103.65,103.51,103.51,139244
2026-05-18T21:45:00+00:00,103.65,103.65,103.52,103.6,316
2026-05-18T21:50:00+00:00,103.6,103.65,103.533,103.64,4731
2026-05-18T21:55:00+00:00,103.65,103.789,103.55,103.77,17181
2026-05-18T22:00:00+00:00,103.75,103.8,103.65,103.79,1805
2026-05-18T22:05:00+00:00,103.79,104.0,103.75,103.998,7118
2026-05-18T22:10:00+00:00,104.0,104.0,103.77,103.9,3702
2026-05-18T22:15:00+00:00,104.0,104.0,103.91,103.95,1012
2026-05-18T22:20:00+00:00,103.965,104.04,103.948,104.0,2639
2026-05-18T22:25:00+00:00,104.095,104.2,104.0,104.0,1621
2026-05-18T22:30:00+00:00,104.1,104.2,104.057,104.19,2199
2026-05-18T22:35:00+00:00,104.2,104.2,104.0,104.01,3206
2026-05-18T22:40:00+00:00,104.05,104.119,103.942,103.942,2195
2026-05-18T22:45:00+00:00,103.99,104.1,103.771,103.9,2279
2026-05-18T22:50:00+00:00,103.782,103.95,103.772,103.88,790
2026-05-18T22:55:00+00:00,103.88,104.0,103.77,103.908,2281
2026-05-18T23:00:00+00:00,103.95,104.0,103.89,103.95,508
2026-05-18T23:05:00+00:00,103.95,104.0,103.89,103.95,2144
2026-05-18T23:10:00+00:00,103.913,104.11,103.913,104.1,2442
2026-05-18T23:15:00+00:00,104.001,104.08,103.95,104.0,1873
2026-05-18T23:20:00+00:00,104.0,104.0,103.901,103.94,1559
2026-05-18T23:25:00+00:00,103.948,104.0,103.9,104.0,999
2026-05-18T23:30:00+00:00,103.92,104.0,103.8,103.85,719
2026-05-18T23:35:00+00:00,103.81,104.0,103.81,103.85,1402
2026-05-18T23:40:00+00:00,103.98,103.999,103.94,103.98,1374
2026-05-18T23:45:00+00:00,103.99,104.0,103.91,103.999,5043
2026-05-18T23:50:00+00:00,103.97,104.08,103.792,103.85,10866
2026-05-18T23:55:00+00:00,104.08,104.14,103.85,103.95,5856
2026-05-19T08:00:00+00:00,101.4,102.61,101.0,101.31,34938
2026-05-19T08:05:00+00:00,101.31,102.26,100.5,101.0,5757
2026-05-19T08:10:00+00:00,100.773,100.95,100.2,100.3,6057
2026-05-19T08:15:00+00:00,100.42,101.0,100.42,100.88,1178
2026-05-19T08:20:00+00:00,100.8,101.0,100.33,100.333,2960
2026-05-19T08:25:00+00:00,100.6,100.8,100.25,100.8,1222
2026-05-19T08:30:00+00:00,100.8,101.0,100.8,100.95,714
2026-05-19T08:35:00+00:00,100.99,101.0,100.44,101.0,844
2026-05-19T08:40:00+00:00,100.89,101.2,100.89,100.99,1018
2026-05-19T08:45:00+00:00,101.0,101.19,100.77,101.11,1386
2026-05-19T08:50:00+00:00,101.11,101.11,100.796,101.0,1212
2026-05-19T08:55:00+00:00,100.95,101.15,100.82,100.82,5383
2026-05-19T09:00:00+00:00,100.72,101.14,100.08,100.2,7700
2026-05-19T09:05:00+00:00,100.202,100.44,100.18,100.27,9678
2026-05-19T09:10:00+00:00,100.27,100.41,100.2,100.23,3014
2026-05-19T09:15:00+00:00,100.3,100.47,99.97,100.08,7881
2026-05-19T09:20:00+00:00,100.22,100.27,100.0,100.26,668
2026-05-19T09:25:00+00:00,100.39,100.49,100.0,100.19,5104
2026-05-19T09:30:00+00:00,100.0,100.2,99.75,99.88,7798
2026-05-19T09:35:00+00:00,99.88,100.05,99.75,99.96,2475
2026-05-19T09:40:00+00:00,99.87,100.04,99.7,99.89,6278
2026-05-19T09:45:00+00:00,99.89,100.25,99.85,100.202,5047
2026-05-19T09:50:00+00:00,100.24,100.24,100.0,100.08,5088
2026-05-19T09:55:00+00:00,100.19,100.4,100.0,100.0,3318
2026-05-19T10:00:00+00:00,100.35,100.35,99.98,100.0,1501
2026-05-19T10:05:00+00:00,100.01,100.01,99.68,99.68,4612
2026-05-19T10:10:00+00:00,99.77,100.0,99.77,100.0,1262
2026-05-19T10:15:00+00:00,99.969,100.0,99.8,100.0,702
2026-05-19T10:20:00+00:00,99.9,99.9,99.52,99.9,1052
2026-05-19T10:25:00+00:00,99.85,100.0,99.85,99.91,690
2026-05-19T10:30:00+00:00,99.99,100.25,99.84,100.25,4443
2026-05-19T10:35:00+00:00,100.2,100.25,99.7,99.95,1613
2026-05-19T10:40:00+00:00,99.9,100.23,99.75,99.76,1568
2026-05-19T10:45:00+00:00,100.02,100.15,99.75,100.13,2853
2026-05-19T10:50:00+00:00,100.1,100.2,99.89,100.16,1983
2026-05-19T10:55:00+00:00,100.19,100.43,100.19,100.2,2759
2026-05-19T11:00:00+00:00,100.39,100.95,100.25,100.31,10165
2026-05-19T11:05:00+00:00,100.42,100.78,100.29,100.399,14300
2026-05-19T11:10:00+00:00,100.35,100.7,100.0,100.14,9420
2026-05-19T11:15:00+00:00,100.0,100.44,99.82,99.95,8028
2026-05-19T11:20:00+00:00,100.25,100.49,100.0,100.3,6649
2026-05-19T11:25:00+00:00,100.07,100.1,98.97,98.999,29909
2026-05-19T11:30:00+00:00,98.95,99.3,98.95,99.22,15339
2026-05-19T11:35:00+00:00,99.132,99.22,98.96,99.148,20005
2026-05-19T11:40:00+00:00,99.14,99.465,99.1,99.19,8420
2026-05-19T11:45:00+00:00,99.16,99.273,98.81,99.01,12784
2026-05-19T11:50:00+00:00,99.02,99.3,98.8,98.863,14334
2026-05-19T11:55:00+00:00,98.8,98.96,98.7,98.81,10401
2026-05-19T12:00:00+00:00,98.75,98.96,98.52,98.66,17186
2026-05-19T12:05:00+00:00,98.56,99.0,98.56,98.99,8978
2026-05-19T12:10:00+00:00,98.98,99.47,98.92,99.33,7013
2026-05-19T12:15:00+00:00,99.33,99.33,98.89,99.03,7501
2026-05-19T12:20:00+00:00,98.96,99.249,98.87,99.2,6862
2026-05-19T12:25:00+00:00,99.2,99.2,98.9,99.2,2871
2026-05-19T12:30:00+00:00,99.18,99.48,98.9,99.434,4987
2026-05-19T12:35:00+00:00,99.4,99.48,99.1,99.31,6941
2026-05-19T12:40:00+00:00,99.388,99.4,99.08,99.35,6037
2026-05-19T12:45:00+00:00,99.39,99.4,99.08,99.145,5751
2026-05-19T12:50:00+00:00,99.13,99.33,99.0,99.13,8949
2026-05-19T12:55:00+00:00,99.16,99.191,98.9,99.0,10385
2026-05-19T13:00:00+00:00,99.0,99.0,98.8,98.915,11270
2026-05-19T13:05:00+00:00,98.922,98.95,97.9,98.36,33575
2026-05-19T13:10:00+00:00,98.35,98.82,98.13,98.67,20621
2026-05-19T13:15:00+00:00,98.62,98.67,98.3,98.46,10894
2026-05-19T13:20:00+00:00,98.308,98.4,98.01,98.33,36480
2026-05-19T13:25:00+00:00,98.38,98.709,97.94,98.56,38214
2026-05-19T13:30:00+00:00,98.53,100.84,98.0,99.315,753704
2026-05-19T13:35:00+00:00,99.22,101.3,99.03,99.809,582440
2026-05-19T13:40:00+00:00,99.77,99.825,98.02,98.085,574889
2026-05-19T13:45:00+00:00,98.14,99.78,97.63,99.31,685687
2026-05-19T13:50:00+00:00,99.37,99.37,98.46,98.9,367437
2026-05-19T13:55:00+00:00,98.952,99.455,98.1,98.605,372545
2026-05-19T14:00:00+00:00,98.6,98.78,97.6,98.211,373000
2026-05-19T14:05:00+00:00,98.26,98.32,96.06,96.29,653692
2026-05-19T14:10:00+00:00,96.29,96.81,95.95,96.0,526913
2026-05-19T14:15:00+00:00,96.0,96.14,95.41,95.56,530042
2026-05-19T14:20:00+00:00,95.56,95.74,94.82,95.56,839206
2026-05-19T14:25:00+00:00,95.565,95.95,95.2,95.545,375822
2026-05-19T14:30:00+00:00,95.59,96.34,95.34,95.375,335675
2026-05-19T14:35:00+00:00,95.38,96.55,95.29,96.175,300099
2026-05-19T14:40:00+00:00,96.19,96.41,95.42,95.42,227757
2026-05-19T14:45:00+00:00,95.43,95.77,95.07,95.305,193892
2026-05-19T14:50:00+00:00,95.305,95.67,95.11,95.44,236591
2026-05-19T14:55:00+00:00,95.4,95.76,94.94,95.71,309427
2026-05-19T15:00:00+00:00,95.66,96.29,95.66,95.74,200421
2026-05-19T15:05:00+00:00,95.76,95.86,95.15,95.56,212490
2026-05-19T15:10:00+00:00,95.565,96.198,95.55,96.17,184707
2026-05-19T15:15:00+00:00,96.2,96.58,95.605,95.605,271657
2026-05-19T15:20:00+00:00,95.641,95.92,95.34,95.34,243790
2026-05-19T15:25:00+00:00,95.36,96.69,95.27,96.635,208937
2026-05-19T15:30:00+00:00,96.57,97.21,96.49,97.025,305340
2026-05-19T15:35:00+00:00,97.025,97.34,96.64,97.205,165413
2026-05-19T15:40:00+00:00,97.185,97.6,97.0,97.6,209018
2026-05-19T15:45:00+00:00,97.62,97.77,97.22,97.51,205290
2026-05-19T15:50:00+00:00,97.54,97.725,97.24,97.39,157880
2026-05-19T15:55:00+00:00,97.36,97.68,97.2,97.66,152118
2026-05-19T16:00:00+00:00,97.7,98.28,97.673,98.14,293128
2026-05-19T16:05:00+00:00,98.16,98.17,97.53,97.56,174337
2026-05-19T16:10:00+00:00,97.57,97.76,97.26,97.54,150290
2026-05-19T16:15:00+00:00,97.6,97.87,97.16,97.227,117480
2026-05-19T16:20:00+00:00,97.26,97.65,97.0,97.64,160585
2026-05-19T16:25:00+00:00,97.69,98.1,97.57,97.98,152994
2026-05-19T16:30:00+00:00,97.96,98.655,97.92,98.6,157388
2026-05-19T16:35:00+00:00,98.605,98.65,98.0,98.19,161853
2026-05-19T16:40:00+00:00,98.15,98.45,98.12,98.3,82208
2026-05-19T16:45:00+00:00,98.37,98.47,97.81,97.81,99344
2026-05-19T16:50:00+00:00,97.81,98.26,97.61,98.185,168748
2026-05-19T16:55:00+00:00,98.22,98.33,98.12,98.25,97583
2026-05-19T17:00:00+00:00,98.31,98.93,98.26,98.85,196134
2026-05-19T17:05:00+00:00,98.85,99.15,98.72,99.15,152574
2026-05-19T17:10:00+00:00,99.15,99.55,99.0,99.4,151627
2026-05-19T17:15:00+00:00,99.425,100.1,99.31,99.93,269098
2026-05-19T17:20:00+00:00,99.93,100.3,99.85,100.146,217059
2026-05-19T17:25:00+00:00,100.16,100.19,99.521,99.9,175114
2026-05-19T17:30:00+00:00,99.9,100.06,99.8,99.95,101128
2026-05-19T17:35:00+00:00,99.99,100.45,99.95,100.3,122925
2026-05-19T17:40:00+00:00,100.215,100.41,99.844,99.985,114059
2026-05-19T17:45:00+00:00,100.01,100.03,99.53,99.825,137144
2026-05-19T17:50:00+00:00,99.79,100.0,99.26,99.46,136089
2026-05-19T17:55:00+00:00,99.48,100.49,99.465,100.455,181161
2026-05-19T18:00:00+00:00,100.49,100.82,100.34,100.68,139018
2026-05-19T18:05:00+00:00,100.68,101.08,100.61,101.04,134511
2026-05-19T18:10:00+00:00,101.07,101.28,100.98,101.075,190494
2026-05-19T18:15:00+00:00,101.065,101.31,100.91,101.215,132217
2026-05-19T18:20:00+00:00,101.215,101.215,100.5,100.585,188786
2026-05-19T18:25:00+00:00,100.59,100.59,99.92,100.24,208043
2026-05-19T18:30:00+00:00,100.26,100.29,99.58,99.695,242628
2026-05-19T18:35:00+00:00,99.71,99.98,99.35,99.42,186217
2026-05-19T18:40:00+00:00,99.42,99.42,99.02,99.22,130695
2026-05-19T18:45:00+00:00,99.18,99.22,99.0,99.1,137968
2026-05-19T18:50:00+00:00,99.14,99.455,99.03,99.21,151442
2026-05-19T18:55:00+00:00,99.31,99.36,98.94,99.15,104131
2026-05-19T19:00:00+00:00,99.11,99.39,98.95,99.23,210689
2026-05-19T19:05:00+00:00,99.21,99.44,98.77,99.38,156395
2026-05-19T19:10:00+00:00,99.38,99.819,99.15,99.49,124532
2026-05-19T19:15:00+00:00,99.49,99.585,98.35,98.385,190852
2026-05-19T19:20:00+00:00,98.36,98.49,98.05,98.06,212233
2026-05-19T19:25:00+00:00,98.06,98.3,97.92,98.3,170406
2026-05-19T19:30:00+00:00,98.28,98.72,98.151,98.28,164580
2026-05-19T19:35:00+00:00,98.275,98.48,97.85,98.47,210779
2026-05-19T19:40:00+00:00,98.48,99.18,98.15,99.12,184025
2026-05-19T19:45:00+00:00,99.15,99.599,99.04,99.59,430744
2026-05-19T19:50:00+00:00,99.53,99.85,99.3,99.55,378646
2026-05-19T19:55:00+00:00,99.51,99.99,99.22,99.81,696502
2026-05-19T20:00:00+00:00,99.7,100.25,99.4,99.83,121582
2026-05-19T20:05:00+00:00,99.83,100.0,99.5,99.79,33153
2026-05-19T20:10:00+00:00,99.7,99.81,99.5,99.72,1868
2026-05-19T20:15:00+00:00,99.77,99.9,99.55,99.8,36792
2026-05-19T20:20:00+00:00,99.73,99.9,99.56,99.76,2736
2026-05-19T20:25:00+00:00,99.77,99.9,99.65,99.65,1111
2026-05-19T20:30:00+00:00,99.71,99.8,99.5,99.68,1560
2026-05-19T20:35:00+00:00,99.64,99.75,99.4,99.4,1718
2026-05-19T20:40:00+00:00,99.47,99.75,99.22,99.289,2488
2026-05-19T20:45:00+00:00,99.51,99.7,99.22,99.54,86646
2026-05-19T20:50:00+00:00,99.68,99.7,99.47,99.7,18446
2026-05-19T20:55:00+00:00,99.55,99.7,99.55,99.57,317
2026-05-19T21:00:00+00:00,99.64,99.7,99.54,99.58,805
2026-05-19T21:05:00+00:00,99.54,99.64,99.54,99.54,1788
2026-05-19T21:10:00+00:00,99.6,99.64,99.46,99.53,780
2026-05-19T21:15:00+00:00,99.54,99.6,99.33,99.58,530
2026-05-19T21:20:00+00:00,99.6,99.6,99.4,99.5,268
2026-05-19T21:25:00+00:00,99.47,99.7,99.4,99.693,1874
2026-05-19T21:30:00+00:00,99.54,99.63,99.4,99.63,59948
2026-05-19T21:35:00+00:00,99.69,99.75,99.4,99.4,412
2026-05-19T21:40:00+00:00,99.75,99.75,99.7,99.7,440
2026-05-19T21:45:00+00:00,99.74,99.74,99.58,99.602,228
2026-05-19T21:50:00+00:00,99.6,99.73,99.6,99.7,2795
2026-05-19T21:55:00+00:00,99.7,99.73,99.6,99.73,724
2026-05-19T22:00:00+00:00,99.75,99.77,99.712,99.72,535
2026-05-19T22:05:00+00:00,99.72,99.79,99.58,99.79,1156
2026-05-19T22:10:00+00:00,99.748,99.8,99.604,99.74,953
2026-05-19T22:15:00+00:00,99.506,99.75,99.5,99.7,4261
2026-05-19T22:20:00+00:00,99.75,99.75,99.51,99.7,226
2026-05-19T22:25:00+00:00,99.666,99.72,99.47,99.59,6620
2026-05-19T22:30:00+00:00,99.57,99.72,99.4,99.5,260
2026-05-19T22:35:00+00:00,99.72,99.72,99.4,99.6,540
2026-05-19T22:40:00+00:00,99.7,99.7,99.44,99.57,660
2026-05-19T22:45:00+00:00,99.54,99.7,99.444,99.45,474
2026-05-19T22:50:00+00:00,99.5,99.7,99.5,99.7,1621
2026-05-19T22:55:00+00:00,99.55,99.7,99.549,99.7,731
2026-05-19T23:00:00+00:00,99.7,99.7,99.51,99.62,2111
2026-05-19T23:05:00+00:00,99.7,99.7,99.62,99.65,899
2026-05-19T23:10:00+00:00,99.65,99.88,99.62,99.88,34432
2026-05-19T23:15:00+00:00,99.815,99.97,99.81,99.94,986
2026-05-19T23:20:00+00:00,99.97,100.01,99.94,99.999,3419
2026-05-19T23:25:00+00:00,99.99,100.0,99.9,99.963,1384
2026-05-19T23:30:00+00:00,99.75,100.0,99.75,99.92,1626
2026-05-19T23:35:00+00:00,99.92,100.0,99.75,99.99,1134
2026-05-19T23:40:00+00:00,100.0,100.05,99.85,100.04,15941
2026-05-19T23:45:00+00:00,100.09,100.23,100.0,100.17,3184
2026-05-19T23:50:00+00:00,100.16,100.23,99.99,100.0,1402
2026-05-19T23:55:00+00:00,100.12,100.15,99.9,99.9,5351
2026-05-20T08:00:00+00:00,100.723,101.0,99.52,101.0,20516
2026-05-20T08:05:00+00:00,100.55,101.48,99.84,101.0,4132
2026-05-20T08:10:00+00:00,100.86,101.16,100.73,100.94,795
2026-05-20T08:15:00+00:00,100.91,101.49,100.91,101.32,2740
2026-05-20T08:20:00+00:00,101.46,101.5,101.0,101.46,2934
2026-05-20T08:25:00+00:00,101.3,101.7,101.3,101.58,4085
2026-05-20T08:30:00+00:00,101.58,101.88,101.46,101.88,1955
2026-05-20T08:35:00+00:00,101.7,102.4,101.7,102.248,4668
2026-05-20T08:40:00+00:00,102.39,102.4,101.717,102.1,3277
2026-05-20T08:45:00+00:00,102.08,102.38,101.975,102.18,1773
2026-05-20T08:50:00+00:00,102.18,102.24,101.76,102.05,6141
2026-05-20T08:55:00+00:00,102.18,102.18,101.8,101.95,1302
2026-05-20T09:00:00+00:00,101.95,102.15,101.55,101.96,1492
2026-05-20T09:05:00+00:00,101.81,101.95,101.7,101.76,1112
2026-05-20T09:10:00+00:00,101.75,102.0,101.596,101.681,5037
2026-05-20T09:15:00+00:00,101.67,101.98,101.62,101.97,1058
2026-05-20T09:20:00+00:00,101.98,101.98,101.55,101.728,1181
2026-05-20T09:25:00+00:00,101.72,101.74,101.4,101.4,3934
2026-05-20T09:30:00+00:00,101.431,101.63,101.431,101.617,1761
2026-05-20T09:35:00+00:00,101.6,101.63,101.5,101.6,1842
2026-05-20T09:40:00+00:00,101.6,101.7,101.4,101.53,1184
2026-05-20T09:45:00+00:00,101.53,101.55,101.32,101.55,2241
2026-05-20T09:50:00+00:00,101.4,101.7,101.4,101.55,3269
2026-05-20T09:55:00+00:00,101.62,101.7,101.5,101.59,1111
2026-05-20T10:00:00+00:00,101.59,101.84,101.396,101.78,2394
2026-05-20T10:05:00+00:00,101.77,101.89,101.75,101.85,2056
2026-05-20T10:10:00+00:00,101.876,101.876,101.51,101.659,5324
2026-05-20T10:15:00+00:00,101.66,101.69,101.5,101.5,1509
2026-05-20T10:20:00+00:00,101.468,101.58,101.43,101.571,1025
2026-05-20T10:25:00+00:00,101.489,101.6,101.426,101.6,5580
2026-05-20T10:30:00+00:00,101.58,101.74,101.45,101.67,949
2026-05-20T10:35:00+00:00,101.682,101.75,101.5,101.75,3815
2026-05-20T10:40:00+00:00,101.6,101.738,101.5,101.6,939
2026-05-20T10:45:00+00:00,101.55,101.7,101.5,101.5,423
2026-05-20T10:50:00+00:00,101.54,101.54,101.21,101.42,3196
2026-05-20T10:55:00+00:00,101.33,101.33,101.15,101.15,4865
2026-05-20T11:00:00+00:00,101.09,101.78,101.05,101.573,25716
2026-05-20T11:05:00+00:00,101.46,101.64,101.441,101.5,10371
2026-05-20T11:10:00+00:00,101.5,101.8,101.45,101.69,4918
2026-05-20T11:15:00+00:00,101.77,101.77,101.52,101.77,11686
2026-05-20T11:20:00+00:00,101.75,101.98,101.67,101.92,2980
2026-05-20T11:25:00+00:00,101.9,102.1,101.84,101.84,5983
2026-05-20T11:30:00+00:00,101.92,101.92,101.7,101.8,8356
2026-05-20T11:35:00+00:00,101.9,101.9,101.54,101.7,2519
2026-05-20T11:40:00+00:00,101.6,101.8,101.43,101.52,4702
2026-05-20T11:45:00+00:00,101.65,101.65,101.21,101.25,12438
2026-05-20T11:50:00+00:00,101.26,101.49,101.01,101.32,9657
2026-05-20T11:55:00+00:00,101.105,101.4,101.0,101.2,8479
2026-05-20T12:00:00+00:00,101.19,101.47,101.0,101.411,5838
2026-05-20T12:05:00+00:00,101.41,101.56,101.35,101.497,3289
2026-05-20T12:10:00+00:00,101.5,101.57,101.23,101.5,3730
2026-05-20T12:15:00+00:00,101.53,101.7,101.23,101.7,6518
2026-05-20T12:20:00+00:00,101.53,101.61,101.25,101.56,1209
2026-05-20T12:25:00+00:00,101.57,101.89,101.517,101.8,8832
2026-05-20T12:30:00+00:00,101.82,101.88,101.6,101.879,6475
2026-05-20T12:35:00+00:00,101.88,101.94,101.58,101.64,5168
2026-05-20T12:40:00+00:00,101.58,101.78,101.58,101.75,2415
2026-05-20T12:45:00+00:00,101.68,101.85,101.65,101.72,8312
2026-05-20T12:50:00+00:00,101.71,101.8,101.65,101.75,13408
2026-05-20T12:55:00+00:00,101.8,101.93,101.76,101.87,6919
2026-05-20T13:00:00+00:00,101.78,101.96,101.78,101.939,5816
2026-05-20T13:05:00+00:00,101.939,102.209,101.7,102.09,15038
2026-05-20T13:10:00+00:00,102.04,102.15,101.8,101.9,8171
2026-05-20T13:15:00+00:00,101.84,102.23,101.84,101.97,7883
2026-05-20T13:20:00+00:00,101.91,102.15,101.77,101.8,4134
2026-05-20T13:25:00+00:00,101.95,102.18,101.52,101.63,23317
2026-05-20T13:30:00+00:00,101.5,101.79,98.76,98.92,511882
2026-05-20T13:35:00+00:00,98.9,99.25,98.1,98.99,444790
2026-05-20T13:40:00+00:00,98.98,99.55,98.62,99.475,401948
2026-05-20T13:45:00+00:00,99.475,99.98,98.82,99.54,423832
2026-05-20T13:50:00+00:00,99.44,100.42,98.95,99.565,387886
2026-05-20T13:55:00+00:00,99.575,100.49,99.21,100.38,274707
2026-05-20T14:00:00+00:00,100.43,101.25,100.425,100.815,342066
2026-05-20T14:05:00+00:00,100.815,100.83,100.01,100.525,225966
2026-05-20T14:10:00+00:00,100.55,101.246,99.78,100.82,283079
2026-05-20T14:15:00+00:00,100.824,102.196,100.59,101.3,376023
2026-05-20T14:20:00+00:00,101.33,101.741,101.07,101.07,207149
2026-05-20T14:25:00+00:00,101.09,101.165,100.46,100.735,189223
2026-05-20T14:30:00+00:00,100.79,101.32,99.8,100.203,184098
2026-05-20T14:35:00+00:00,100.11,100.39,99.6,100.195,186394
2026-05-20T14:40:00+00:00,100.17,100.861,100.08,100.861,137144
2026-05-20T14:45:00+00:00,100.92,101.17,100.47,100.6,142088
2026-05-20T14:50:00+00:00,100.59,100.87,100.42,100.72,130969
2026-05-20T14:55:00+00:00,100.7,101.06,100.56,100.6,163051
2026-05-20T15:00:00+00:00,100.5,100.86,100.27,100.61,121457
2026-05-20T15:05:00+00:00,100.595,100.83,100.375,100.7,166772
2026-05-20T15:10:00+00:00,100.7,100.89,100.54,100.675,125023
2026-05-20T15:15:00+00:00,100.75,101.88,100.65,101.534,250783
2026-05-20T15:20:00+00:00,101.52,101.78,101.23,101.24,261724
2026-05-20T15:25:00+00:00,101.27,101.96,101.16,101.7,207091
2026-05-20T15:30:00+00:00,101.713,102.18,101.51,101.615,215820
2026-05-20T15:35:00+00:00,101.615,101.7,101.22,101.34,102437
2026-05-20T15:40:00+00:00,101.325,101.437,100.955,101.07,140029
2026-05-20T15:45:00+00:00,101.09,101.61,101.0,101.51,124354
2026-05-20T15:50:00+00:00,101.57,101.62,101.3,101.44,91880
2026-05-20T15:55:00+00:00,101.405,101.798,101.27,101.75,125227
2026-05-20T16:00:00+00:00,101.73,102.18,101.7,101.97,118753
2026-05-20T16:05:00+00:00,101.95,102.505,101.95,102.385,181485
2026-05-20T16:10:00+00:00,102.385,102.65,102.05,102.3,234498
2026-05-20T16:15:00+00:00,102.28,102.406,101.5,101.5,135115
2026-05-20T16:20:00+00:00,101.5,102.74,101.3,101.37,219068
2026-05-20T16:25:00+00:00,101.3,101.5,100.87,101.37,199780
2026-05-20T16:30:00+00:00,101.42,101.87,101.222,101.56,86894
2026-05-20T16:35:00+00:00,101.585,101.69,101.2,101.2,63919
2026-05-20T16:40:00+00:00,101.215,101.62,101.17,101.585,85066
2026-05-20T16:45:00+00:00,101.65,101.75,101.15,101.475,110072
2026-05-20T16:50:00+00:00,101.475,101.619,101.35,101.5,68801
2026-05-20T16:55:00+00:00,101.51,101.81,101.26,101.732,102540
2026-05-20T17:00:00+00:00,101.73,101.9,101.49,101.525,87054
2026-05-20T17:05:00+00:00,101.525,101.79,101.45,101.675,81254
2026-05-20T17:10:00+00:00,101.7,102.15,101.58,102.06,85449
2026-05-20T17:15:00+00:00,102.055,102.055,101.43,101.721,126425
2026-05-20T17:20:00+00:00,101.74,101.99,101.68,101.79,78124
2026-05-20T17:25:00+00:00,101.74,101.91,101.62,101.83,68717
2026-05-20T17:30:00+00:00,101.85,101.99,101.74,101.89,75610
2026-05-20T17:35:00+00:00,101.93,102.09,101.63,101.75,109692
2026-05-20T17:40:00+00:00,101.73,101.73,101.45,101.6,71739
2026-05-20T17:45:00+00:00,101.61,101.73,101.44,101.6,100583
2026-05-20T17:50:00+00:00,101.57,101.668,101.36,101.41,84235
2026-05-20T17:55:00+00:00,101.445,101.53,101.37,101.523,70115
2026-05-20T18:00:00+00:00,101.49,102.02,101.4,102.02,112517
2026-05-20T18:05:00+00:00,102.005,102.28,101.96,102.14,140817
2026-05-20T18:10:00+00:00,102.16,102.26,101.62,101.62,98802
2026-05-20T18:15:00+00:00,101.64,101.83,101.57,101.74,82200
2026-05-20T18:20:00+00:00,101.74,101.82,101.28,101.44,84915
2026-05-20T18:25:00+00:00,101.45,101.48,101.18,101.43,93239
2026-05-20T18:30:00+00:00,101.46,101.661,101.33,101.55,114782
2026-05-20T18:35:00+00:00,101.55,101.56,101.32,101.52,64511
2026-05-20T18:40:00+00:00,101.518,101.62,101.15,101.15,86558
2026-05-20T18:45:00+00:00,101.149,101.39,101.05,101.37,85342
2026-05-20T18:50:00+00:00,101.36,101.645,101.25,101.455,101724
2026-05-20T18:55:00+00:00,101.43,101.44,100.76,101.065,149266
2026-05-20T19:00:00+00:00,101.13,101.39,100.915,100.94,90774
2026-05-20T19:05:00+00:00,100.92,101.02,100.58,100.66,118010
2026-05-20T19:10:00+00:00,100.66,101.0,100.63,100.97,108216
2026-05-20T19:15:00+00:00,100.966,101.23,100.845,101.18,117925
2026-05-20T19:20:00+00:00,101.2,101.384,101.05,101.358,95663
2026-05-20T19:25:00+00:00,101.4,101.48,101.01,101.345,131201
2026-05-20T19:30:00+00:00,101.36,101.56,101.07,101.42,112033
2026-05-20T19:35:00+00:00,101.44,101.79,101.2,101.676,157533
2026-05-20T19:40:00+00:00,101.68,101.96,101.49,101.56,224523
2026-05-20T19:45:00+00:00,101.535,101.636,101.17,101.495,154516
2026-05-20T19:50:00+00:00,101.47,101.523,100.951,100.98,296757
2026-05-20T19:55:00+00:00,100.985,101.4,100.725,101.28,852913
2026-05-20T20:00:00+00:00,101.28,101.4,100.58,101.315,207062
2026-05-20T20:05:00+00:00,101.365,101.5,101.3,101.46,16676
2026-05-20T20:10:00+00:00,101.28,101.5,100.68,100.68,433489
2026-05-20T20:15:00+00:00,100.86,101.42,100.47,101.16,21492
2026-05-20T20:20:00+00:00,101.1,101.3,99.58,101.01,25532
2026-05-20T20:25:00+00:00,100.96,102.15,100.59,102.05,25879
2026-05-20T20:30:00+00:00,102.1,102.56,101.45,101.55,52753
2026-05-20T20:35:00+00:00,101.61,101.65,101.19,101.48,19210
2026-05-20T20:40:00+00:00,101.5,102.0,101.13,101.99,7754
2026-05-20T20:45:00+00:00,101.9,102.1,101.6,102.0,9674
2026-05-20T20:50:00+00:00,102.162,102.2,101.51,101.75,785192
2026-05-20T20:55:00+00:00,101.76,102.0,101.75,101.92,7392
2026-05-20T21:00:00+00:00,101.88,102.0,101.75,101.9,29670
2026-05-20T21:05:00+00:00,101.9,101.926,101.098,101.75,5319
2026-05-20T21:10:00+00:00,101.23,101.75,101.0,101.2,2577
2026-05-20T21:15:00+00:00,101.2,101.69,101.11,101.3,3640
2026-05-20T21:20:00+00:00,101.49,101.71,101.3,101.5,2136
2026-05-20T21:25:00+00:00,101.69,101.97,101.55,101.75,9197
2026-05-20T21:30:00+00:00,101.83,101.92,101.5,101.69,2722
2026-05-20T21:35:00+00:00,101.65,101.79,101.5,101.5,37672
2026-05-20T21:40:00+00:00,101.599,101.77,101.38,101.7,4256
2026-05-20T21:45:00+00:00,101.57,101.79,101.396,101.7,752
2026-05-20T21:50:00+00:00,101.5,101.79,101.33,101.42,20447
2026-05-20T21:55:00+00:00,101.35,101.7,101.313,101.34,3990
2026-05-20T22:00:00+00:00,101.34,101.46,101.0,101.01,7749
2026-05-20T22:05:00+00:00,101.0,101.01,100.28,100.29,10715
2026-05-20T22:10:00+00:00,100.31,100.91,100.25,100.45,3973
2026-05-20T22:15:00+00:00,100.43,101.46,100.339,100.5,12830
2026-05-20T22:20:00+00:00,101.39,101.6,100.565,101.0,9044
2026-05-20T22:25:00+00:00,101.18,101.496,100.71,100.83,2423
2026-05-20T22:30:00+00:00,101.07,101.25,100.61,100.748,1427
2026-05-20T22:35:00+00:00,100.74,101.12,100.55,100.77,3481
2026-05-20T22:40:00+00:00,100.55,101.12,100.55,100.99,640
2026-05-20T22:45:00+00:00,100.67,101.47,100.67,101.025,1903
2026-05-20T22:50:00+00:00,101.2,101.26,100.615,101.0,2952
2026-05-20T22:55:00+00:00,100.97,101.2,100.628,101.035,3461
2026-05-20T23:00:00+00:00,100.985,101.17,100.76,101.126,2003
2026-05-20T23:05:00+00:00,101.0,101.37,100.82,101.09,17567
2026-05-20T23:10:00+00:00,101.37,101.37,101.0,101.15,1678
2026-05-20T23:15:00+00:00,101.17,101.29,100.94,101.25,1596
2026-05-20T23:20:00+00:00,101.22,101.22,101.0,101.2,1304
2026-05-20T23:25:00+00:00,101.064,101.08,100.845,101.08,896
2026-05-20T23:30:00+00:00,101.079,101.45,100.81,101.35,3846
2026-05-20T23:35:00+00:00,101.15,101.45,100.9,101.25,1087
2026-05-20T23:40:00+00:00,101.11,101.4,101.0,101.17,1581
2026-05-20T23:45:00+00:00,101.0,101.2,100.93,101.076,17421
2026-05-20T23:50:00+00:00,101.06,101.25,101.05,101.15,373
2026-05-20T23:55:00+00:00,101.13,101.17,101.0,101.139,3657
2026-05-21T08:00:00+00:00,104.96,105.25,102.98,103.99,69221
2026-05-21T08:05:00+00:00,103.99,105.26,103.2,104.5,5832
2026-05-21T08:10:00+00:00,104.54,104.9,104.344,104.88,5203
2026-05-21T08:15:00+00:00,104.88,105.13,104.72,104.99,6996
2026-05-21T08:20:00+00:00,104.76,104.99,104.28,104.86,3395
2026-05-21T08:25:00+00:00,104.8,104.992,104.55,104.872,1834
2026-05-21T08:30:00+00:00,104.83,104.98,104.57,104.7,2049
2026-05-21T08:35:00+00:00,104.61,104.73,104.6,104.72,1802
2026-05-21T08:40:00+00:00,104.73,105.0,104.531,104.9,8017
2026-05-21T08:45:00+00:00,104.84,105.0,104.57,104.95,3468
2026-05-21T08:50:00+00:00,104.83,104.98,104.52,104.863,896
2026-05-21T08:55:00+00:00,104.88,104.9,104.52,104.9,700
2026-05-21T09:00:00+00:00,104.91,105.13,104.9,105.08,2263
2026-05-21T09:05:00+00:00,105.09,105.5,105.059,105.4,3790
2026-05-21T09:10:00+00:00,105.382,105.5,105.121,105.5,1200
2026-05-21T09:15:00+00:00,105.28,105.5,105.168,105.469,2993
2026-05-21T09:20:00+00:00,105.47,105.49,105.3,105.429,3443
2026-05-21T09:25:00+00:00,105.38,105.63,105.05,105.6,5462
2026-05-21T09:30:00+00:00,105.6,105.8,105.5,105.74,6516
2026-05-21T09:35:00+00:00,105.67,105.803,105.5,105.59,5325
2026-05-21T09:40:00+00:00,105.5,105.68,105.2,105.422,4396
2026-05-21T09:45:00+00:00,105.4,105.68,105.2,105.504,928
2026-05-21T09:50:00+00:00,105.66,106.37,105.55,106.31,12683
2026-05-21T09:55:00+00:00,106.37,106.39,106.11,106.3,9498
2026-05-21T10:00:00+00:00,106.24,107.6,106.15,107.51,8434
2026-05-21T10:05:00+00:00,107.59,107.6,106.99,107.15,11950
2026-05-21T10:10:00+00:00,107.1,107.31,107.0,107.1,6666
2026-05-21T10:15:00+00:00,107.13,107.52,107.0,107.25,18194
2026-05-21T10:20:00+00:00,107.32,107.5,107.064,107.18,5751
2026-05-21T10:25:00+00:00,107.2,107.25,105.75,106.16,15496
2026-05-21T10:30:00+00:00,106.16,106.26,105.81,106.25,7608
2026-05-21T10:35:00+00:00,106.49,106.49,105.32,105.38,6182
2026-05-21T10:40:00+00:00,105.2,106.139,105.06,105.77,5639
2026-05-21T10:45:00+00:00,105.82,106.15,105.4,105.51,4496
2026-05-21T10:50:00+00:00,105.5,105.66,105.0,105.55,5380
2026-05-21T10:55:00+00:00,105.69,106.0,105.0,105.021,3103
2026-05-21T11:00:00+00:00,105.275,105.38,104.44,104.6,34358
2026-05-21T11:05:00+00:00,104.554,104.86,104.1,104.1,13249
2026-05-21T11:10:00+00:00,104.215,104.79,103.78,104.0,9842
2026-05-21T11:15:00+00:00,104.39,105.18,104.39,104.989,19014
2026-05-21T11:20:00+00:00,105.0,105.8,105.0,105.65,17590
2026-05-21T11:25:00+00:00,105.61,105.7,105.35,105.35,6538
2026-05-21T11:30:00+00:00,105.65,105.7,105.0,105.056,13839
2026-05-21T11:35:00+00:00,105.09,105.496,104.99,105.4,17542
2026-05-21T11:40:00+00:00,105.48,105.549,105.0,105.247,7282
2026-05-21T11:45:00+00:00,105.2,105.8,105.0,105.67,5126
2026-05-21T11:50:00+00:00,105.8,105.8,105.417,105.63,9527
2026-05-21T11:55:00+00:00,105.64,105.7,105.42,105.55,5209
2026-05-21T12:00:00+00:00,105.707,105.8,105.55,105.77,23714
2026-05-21T12:05:00+00:00,105.8,105.9,105.48,105.75,18705
2026-05-21T12:10:00+00:00,105.77,106.11,105.743,106.11,13503
2026-05-21T12:15:00+00:00,106.09,106.33,105.87,106.32,14195
2026-05-21T12:20:00+00:00,106.23,106.33,105.9,106.063,22145
2026-05-21T12:25:00+00:00,106.05,106.15,105.9,106.0,9735
2026-05-21T12:30:00+00:00,106.13,106.74,106.0,106.7,23732
2026-05-21T12:35:00+00:00,106.75,106.8,105.95,106.0,9762
2026-05-21T12:40:00+00:00,106.03,106.25,105.75,106.01,38878
2026-05-21T12:45:00+00:00,105.849,107.19,105.82,107.0,34965
2026-05-21T12:50:00+00:00,106.99,107.39,106.81,107.3,53026
2026-05-21T12:55:00+00:00,107.3,107.77,106.9,107.1,72040
2026-05-21T13:00:00+00:00,107.2,107.48,106.97,107.24,35521
2026-05-21T13:05:00+00:00,107.32,107.7,107.014,107.1,1762608
2026-05-21T13:10:00+00:00,107.1,107.25,106.7,106.91,46982
2026-05-21T13:15:00+00:00,106.91,106.95,106.2,106.36,20019
2026-05-21T13:20:00+00:00,106.51,106.56,106.0,106.15,21031
2026-05-21T13:25:00+00:00,106.05,106.56,105.62,106.34,48957
2026-05-21T13:30:00+00:00,106.56,106.63,104.02,104.72,867873
2026-05-21T13:35:00+00:00,104.66,104.969,103.6,103.85,618735
2026-05-21T13:40:00+00:00,103.85,105.0,103.725,104.4,564132
2026-05-21T13:45:00+00:00,104.25,105.53,104.24,104.81,582721
2026-05-21T13:50:00+00:00,104.76,105.08,104.14,104.34,416198
2026-05-21T13:55:00+00:00,104.4,104.59,103.2,104.225,550535
2026-05-21T14:00:00+00:00,104.225,105.835,104.02,105.0,524457
2026-05-21T14:05:00+00:00,104.965,106.03,104.9,105.965,308470
2026-05-21T14:10:00+00:00,105.965,106.14,105.02,105.67,387499
2026-05-21T14:15:00+00:00,105.73,105.968,104.39,104.499,535236
2026-05-21T14:20:00+00:00,104.395,104.8,103.25,104.59,327455
2026-05-21T14:25:00+00:00,104.58,105.26,104.45,104.585,307503
2026-05-21T14:30:00+00:00,104.52,105.07,104.5,104.805,157975
2026-05-21T14:35:00+00:00,104.77,106.0,104.77,105.81,288630
2026-05-21T14:40:00+00:00,105.83,106.8,105.483,106.18,476014
2026-05-21T14:45:00+00:00,106.248,106.515,105.52,105.93,223992
2026-05-21T14:50:00+00:00,105.8,106.1,105.5,105.635,115131
2026-05-21T14:55:00+00:00,105.668,106.45,105.6,106.22,154129
2026-05-21T15:00:00+00:00,106.22,106.22,105.57,105.82,169277
2026-05-21T15:05:00+00:00,105.83,105.99,105.33,105.9,152790
2026-05-21T15:10:00+00:00,105.88,105.95,105.15,105.153,171221
2026-05-21T15:15:00+00:00,105.22,106.01,105.2,105.59,183602
2026-05-21T15:20:00+00:00,105.66,105.85,105.05,105.22,133118
2026-05-21T15:25:00+00:00,105.14,105.58,105.01,105.2,117334
2026-05-21T15:30:00+00:00,105.225,105.23,104.7,104.8,170363
2026-05-21T15:35:00+00:00,104.81,105.18,104.73,105.01,100074
2026-05-21T15:40:00+00:00,105.03,105.46,105.01,105.34,105311
2026-05-21T15:45:00+00:00,105.4,105.94,105.132,105.83,156507
2026-05-21T15:50:00+00:00,105.79,106.27,105.67,106.255,146411
2026-05-21T15:55:00+00:00,106.255,106.27,105.81,106.0,170128
2026-05-21T16:00:00+00:00,105.96,107.42,105.96,107.295,378153
2026-05-21T16:05:00+00:00,107.33,107.66,107.08,107.4,268981
2026-05-21T16:10:00+00:00,107.375,108.44,107.375,108.045,526178
2026-05-21T16:15:00+00:00,108.08,108.255,107.3,107.31,268799
2026-05-21T16:20:00+00:00,107.31,108.26,107.255,107.95,385011
2026-05-21T16:25:00+00:00,108.02,108.16,107.4,107.535,232820
2026-05-21T16:30:00+00:00,107.535,107.83,107.38,107.65,167572
2026-05-21T16:35:00+00:00,107.68,107.779,107.02,107.155,142875
2026-05-21T16:40:00+00:00,107.16,107.16,106.8,106.9,218019
2026-05-21T16:45:00+00:00,106.93,106.99,106.61,106.825,241961
2026-05-21T16:50:00+00:00,106.78,106.83,106.28,106.65,117547
2026-05-21T16:55:00+00:00,106.64,106.998,106.335,106.5,125622
2026-05-21T17:00:00+00:00,106.505,106.82,106.505,106.81,101064
2026-05-21T17:05:00+00:00,106.772,106.86,106.5,106.53,104061
2026-05-21T17:10:00+00:00,106.53,107.51,106.51,106.965,236381
2026-05-21T17:15:00+00:00,106.955,107.52,106.83,107.03,171113
2026-05-21T17:20:00+00:00,107.05,107.535,106.66,107.27,298689
2026-05-21T17:25:00+00:00,107.23,107.44,107.07,107.12,180913
2026-05-21T17:30:00+00:00,107.12,107.789,106.94,107.675,190086
2026-05-21T17:35:00+00:00,107.625,107.858,107.03,107.44,156051
2026-05-21T17:40:00+00:00,107.405,107.65,107.34,107.53,105416
2026-05-21T17:45:00+00:00,107.525,107.54,107.24,107.31,96518
2026-05-21T17:50:00+00:00,107.27,107.55,107.25,107.495,94871
2026-05-21T17:55:00+00:00,107.51,107.77,106.9,106.95,163506
2026-05-21T18:00:00+00:00,106.925,107.42,106.9,107.28,92714
2026-05-21T18:05:00+00:00,107.24,107.409,106.94,107.245,94274
2026-05-21T18:10:00+00:00,107.24,107.48,107.06,107.19,90214
2026-05-21T18:15:00+00:00,107.25,107.45,107.06,107.29,200343
2026-05-21T18:20:00+00:00,107.295,107.69,107.06,107.575,147701
2026-05-21T18:25:00+00:00,107.575,107.74,107.24,107.51,227342
2026-05-21T18:30:00+00:00,107.54,108.11,107.5,108.087,175569
2026-05-21T18:35:00+00:00,108.106,108.4,107.83,108.31,270717
2026-05-21T18:40:00+00:00,108.26,108.35,107.84,107.925,168155
2026-05-21T18:45:00+00:00,107.92,108.01,107.202,107.44,141354
2026-05-21T18:50:00+00:00,107.3,107.45,106.52,106.52,165888
2026-05-21T18:55:00+00:00,106.555,106.92,106.28,106.89,175122
2026-05-21T19:00:00+00:00,106.88,106.97,106.53,106.655,117686
2026-05-21T19:05:00+00:00,106.655,106.91,106.58,106.77,104770
2026-05-21T19:10:00+00:00,106.73,106.85,106.58,106.755,168063
2026-05-21T19:15:00+00:00,106.79,107.07,106.71,106.96,625996
2026-05-21T19:20:00+00:00,107.01,107.09,106.71,106.94,109765
2026-05-21T19:25:00+00:00,106.945,106.97,106.55,106.67,114895
2026-05-21T19:30:00+00:00,106.72,107.2,106.67,106.94,159027
2026-05-21T19:35:00+00:00,107.05,107.16,106.75,106.815,120860
2026-05-21T19:40:00+00:00,106.815,106.94,106.69,106.862,119522
2026-05-21T19:45:00+00:00,106.84,107.14,106.73,107.095,224579
2026-05-21T19:50:00+00:00,107.13,107.33,106.64,107.095,597475
2026-05-21T19:55:00+00:00,107.12,107.67,107.12,107.58,769124
2026-05-21T20:00:00+00:00,107.58,108.44,106.3,108.44,330633
2026-05-21T20:05:00+00:00,108.12,108.44,107.8,107.8,32851
2026-05-21T20:10:00+00:00,107.58,108.09,107.58,108.0,9883
2026-05-21T20:15:00+00:00,108.0,108.4,107.45,108.4,4511
2026-05-21T20:20:00+00:00,108.4,108.45,107.45,107.85,18406
2026-05-21T20:25:00+00:00,107.87,108.35,107.72,107.97,30905
2026-05-21T20:30:00+00:00,108.016,108.35,107.9,108.277,9650
2026-05-21T20:35:00+00:00,108.12,108.3,108.0,108.042,2786
2026-05-21T20:40:00+00:00,108.03,108.1,108.0,108.05,7156
2026-05-21T20:45:00+00:00,108.1,108.2,108.0,108.095,6028
2026-05-21T20:50:00+00:00,108.14,108.18,108.09,108.14,5158
2026-05-21T20:55:00+00:00,108.105,108.14,107.95,107.998,2925
2026-05-21T21:00:00+00:00,107.981,107.985,107.9,107.96,75227
2026-05-21T21:05:00+00:00,107.95,107.98,107.82,107.98,1963
2026-05-21T21:10:00+00:00,107.97,107.98,107.82,107.95,2033
2026-05-21T21:15:00+00:00,107.94,108.14,107.93,107.93,1212
2026-05-21T21:20:00+00:00,107.93,108.14,107.93,108.018,2201
2026-05-21T21:25:00+00:00,108.002,108.25,107.96,108.1,1634
2026-05-21T21:30:00+00:00,108.12,108.14,108.06,108.138,63029
2026-05-21T21:35:00+00:00,108.14,108.2,107.36,108.06,9269
2026-05-21T21:40:00+00:00,108.0,108.3,107.94,108.3,7811
2026-05-21T21:45:00+00:00,108.16,108.34,107.9,108.244,1606
2026-05-21T21:50:00+00:00,108.35,108.85,107.9,108.33,3880
2026-05-21T21:55:00+00:00,108.43,108.43,108.212,108.33,1353
2026-05-21T22:00:00+00:00,108.33,108.44,108.21,108.428,1740
2026-05-21T22:05:00+00:00,108.35,108.44,108.35,108.41,2008
2026-05-21T22:10:00+00:00,108.44,108.52,108.4,108.52,8535
2026-05-21T22:15:00+00:00,108.52,108.67,108.21,108.67,9940
2026-05-21T22:20:00+00:00,108.66,108.74,108.55,108.65,4202
2026-05-21T22:25:00+00:00,108.632,108.65,108.5,108.62,4051
2026-05-21T22:30:00+00:00,108.56,108.65,108.5,108.517,4144
2026-05-21T22:35:00+00:00,108.59,108.68,108.552,108.64,2901
2026-05-21T22:40:00+00:00,108.672,108.75,108.52,108.56,2339
2026-05-21T22:45:00+00:00,108.68,108.72,108.56,108.72,3239
2026-05-21T22:50:00+00:00,108.65,108.74,108.56,108.709,1821
2026-05-21T22:55:00+00:00,108.647,108.709,108.6,108.69,1708
2026-05-21T23:00:00+00:00,108.69,108.69,108.56,108.56,2541
2026-05-21T23:05:00+00:00,108.529,108.69,108.52,108.633,3724
2026-05-21T23:10:00+00:00,108.62,108.656,108.52,108.55,2576
2026-05-21T23:15:00+00:00,108.6,108.69,108.52,108.66,3975
2026-05-21T23:20:00+00:00,108.55,108.69,108.55,108.66,1417
2026-05-21T23:25:00+00:00,108.618,108.69,108.57,108.642,1308
2026-05-21T23:30:00+00:00,108.666,108.68,108.25,108.49,3999
2026-05-21T23:35:00+00:00,108.5,108.55,108.25,108.43,4605
2026-05-21T23:40:00+00:00,108.43,108.5,108.4,108.49,8487
2026-05-21T23:45:00+00:00,108.49,108.5,108.4,108.489,1541
2026-05-21T23:50:00+00:00,108.49,108.73,108.4,108.73,11287
2026-05-21T23:55:00+00:00,108.75,108.75,108.4,108.7,3281
2026-05-22T08:00:00+00:00,110.0,111.23,109.9,110.45,43087
2026-05-22T08:05:00+00:00,110.41,111.17,109.92,110.635,4465
2026-05-22T08:10:00+00:00,110.632,110.77,110.58,110.68,3757
2026-05-22T08:15:00+00:00,110.68,110.99,110.66,110.96,2363
2026-05-22T08:20:00+00:00,110.96,111.2,110.89,111.11,4193
2026-05-22T08:25:00+00:00,111.0,111.0,110.71,110.935,2827
2026-05-22T08:30:00+00:00,110.94,110.988,110.591,110.591,3010
2026-05-22T08:35:00+00:00,110.565,110.88,110.28,110.88,3329
2026-05-22T08:40:00+00:00,110.69,110.69,110.42,110.55,1679
2026-05-22T08:45:00+00:00,110.55,110.66,110.28,110.43,1968
2026-05-22T08:50:00+00:00,110.49,110.641,110.1,110.1,1726
2026-05-22T08:55:00+00:00,110.299,110.441,109.56,109.563,5592
2026-05-22T09:00:00+00:00,109.61,109.95,109.2,109.22,10208
2026-05-22T09:05:00+00:00,109.13,109.13,108.36,108.87,15242
2026-05-22T09:10:00+00:00,108.7,108.978,108.5,108.978,5077
2026-05-22T09:15:00+00:00,108.9,109.35,108.58,109.18,2794
2026-05-22T09:20:00+00:00,109.15,109.8,109.15,109.52,4553
2026-05-22T09:25:00+00:00,109.52,109.778,109.0,109.05,1368
2026-05-22T09:30:00+00:00,109.05,109.24,108.602,108.98,1980
2026-05-22T09:35:00+00:00,108.8,109.16,108.8,109.0,1851
2026-05-22T09:40:00+00:00,109.24,109.75,109.0,109.17,2239
2026-05-22T09:45:00+00:00,109.29,109.75,109.022,109.45,429
2026-05-22T09:50:00+00:00,109.46,109.5,109.0,109.498,952
2026-05-22T09:55:00+00:00,109.46,109.5,109.3,109.4,1528
2026-05-22T10:00:00+00:00,109.4,109.5,109.0,109.0,2375
2026-05-22T10:05:00+00:00,109.0,109.09,108.88,109.02,3196
2026-05-22T10:10:00+00:00,109.06,109.17,108.71,108.776,1906
2026-05-22T10:15:00+00:00,108.6,108.81,108.3,108.35,10489
2026-05-22T10:20:00+00:00,108.348,108.348,107.68,108.14,11398
2026-05-22T10:25:00+00:00,108.003,108.5,108.0,108.195,1259
2026-05-22T10:30:00+00:00,108.2,108.2,107.651,107.72,1297
2026-05-22T10:35:00+00:00,107.73,108.15,107.58,108.15,3221
2026-05-22T10:40:00+00:00,108.11,108.5,107.95,108.5,1305
2026-05-22T10:45:00+00:00,108.3,108.6,108.033,108.49,1426
2026-05-22T10:50:00+00:00,108.5,108.75,108.04,108.75,4671
2026-05-22T10:55:00+00:00,108.6,108.63,108.25,108.63,3256
2026-05-22T11:00:00+00:00,108.745,108.75,108.01,108.31,14019
2026-05-22T11:05:00+00:00,108.5,109.0,107.94,108.52,24720
2026-05-22T11:10:00+00:00,108.52,108.52,107.75,107.78,4820
2026-05-22T11:15:00+00:00,107.55,108.1,107.1,107.48,14863
2026-05-22T11:20:00+00:00,107.58,108.2,107.42,108.1,4279
2026-05-22T11:25:00+00:00,108.19,108.338,107.88,108.3,6023
2026-05-22T11:30:00+00:00,108.2,108.25,107.81,107.843,2492
2026-05-22T11:35:00+00:00,108.25,108.25,107.83,107.86,3209
2026-05-22T11:40:00+00:00,108.13,108.13,107.83,108.129,2383
2026-05-22T11:45:00+00:00,107.951,108.3,107.95,108.0,4309
2026-05-22T11:50:00+00:00,108.18,108.3,107.95,108.27,6028
2026-05-22T11:55:00+00:00,108.166,108.17,108.0,108.1,1965
2026-05-22T12:00:00+00:00,108.1,108.218,107.86,107.9,5828
2026-05-22T12:05:00+00:00,107.93,108.0,107.8,107.96,4685
2026-05-22T12:10:00+00:00,107.96,108.44,107.81,108.43,3624
2026-05-22T12:15:00+00:00,108.37,108.5,108.12,108.39,5602
2026-05-22T12:20:00+00:00,108.45,109.1,106.84,108.26,992602
2026-05-22T12:25:00+00:00,108.18,108.7,107.41,108.3,22827
2026-05-22T12:30:00+00:00,108.37,108.6,108.28,108.6,6657
2026-05-22T12:35:00+00:00,108.56,108.72,108.4,108.72,5841
2026-05-22T12:40:00+00:00,108.65,108.65,108.44,108.44,2837
2026-05-22T12:45:00+00:00,108.6,108.73,108.413,108.7,3668
2026-05-22T12:50:00+00:00,108.73,109.15,108.7,109.0,16958
2026-05-22T12:55:00+00:00,109.1,109.1,108.75,109.0,4094
2026-05-22T13:00:00+00:00,108.99,108.999,108.62,108.72,2735
2026-05-22T13:05:00+00:00,108.82,108.889,108.5,108.793,7530
2026-05-22T13:10:00+00:00,108.743,108.8,108.5,108.52,4472
2026-05-22T13:15:00+00:00,108.65,108.93,108.51,108.7,7229
2026-05-22T13:20:00+00:00,108.7,108.94,108.6,108.877,19877
2026-05-22T13:25:00+00:00,108.88,109.5,108.88,109.33,27927
2026-05-22T13:30:00+00:00,109.32,109.82,107.12,107.45,534012
2026-05-22T13:35:00+00:00,107.57,108.97,107.14,108.615,334854
2026-05-22T13:40:00+00:00,108.62,108.806,107.0,107.765,373549
2026-05-22T13:45:00+00:00,107.765,108.42,107.35,107.52,255352
2026-05-22T13:50:00+00:00,107.565,107.89,106.52,107.19,369875
2026-05-22T13:55:00+00:00,107.19,107.41,106.61,107.28,180814
2026-05-22T14:00:00+00:00,107.15,107.32,106.15,106.34,238752
2026-05-22T14:05:00+00:00,106.36,106.79,105.22,105.76,381851
2026-05-22T14:10:00+00:00,105.79,106.36,105.5,106.186,199484
2026-05-22T14:15:00+00:00,106.25,106.44,105.88,106.05,175200
2026-05-22T14:20:00+00:00,106.05,106.15,105.1,105.25,233401
2026-05-22T14:25:00+00:00,105.27,105.8,105.06,105.8,176919
2026-05-22T14:30:00+00:00,105.8,106.0,105.48,105.82,169857
2026-05-22T14:35:00+00:00,105.76,105.96,105.021,105.09,179703
2026-05-22T14:40:00+00:00,105.125,105.881,105.08,105.51,159164
2026-05-22T14:45:00+00:00,105.53,105.79,105.27,105.555,177566
2026-05-22T14:50:00+00:00,105.54,106.4,105.31,106.22,166239
2026-05-22T14:55:00+00:00,106.22,106.91,106.22,106.805,211160
2026-05-22T15:00:00+00:00,106.78,107.03,106.7,106.92,182095
2026-05-22T15:05:00+00:00,106.97,107.0,106.43,106.65,121695
2026-05-22T15:10:00+00:00,106.65,106.82,106.42,106.75,162234
2026-05-22T15:15:00+00:00,106.82,106.96,106.65,106.78,117587
2026-05-22T15:20:00+00:00,106.855,106.9,106.47,106.75,128374
2026-05-22T15:25:00+00:00,106.77,106.96,106.64,106.915,95015
2026-05-22T15:30:00+00:00,106.915,107.415,106.86,107.24,125223
2026-05-22T15:35:00+00:00,107.28,107.303,107.01,107.16,81357
2026-05-22T15:40:00+00:00,107.08,107.28,107.05,107.17,93993
2026-05-22T15:45:00+00:00,107.14,107.2,106.92,106.92,56929
2026-05-22T15:50:00+00:00,106.94,107.26,106.92,107.11,82205
2026-05-22T15:55:00+00:00,107.16,107.23,106.97,107.068,50170
2026-05-22T16:00:00+00:00,107.08,107.169,106.94,107.01,79280
2026-05-22T16:05:00+00:00,106.96,107.04,106.66,106.69,62490
2026-05-22T16:10:00+00:00,106.69,106.84,106.53,106.74,77923
2026-05-22T16:15:00+00:00,106.75,106.775,106.01,106.12,136872
2026-05-22T16:20:00+00:00,106.095,106.29,106.01,106.02,143595
2026-05-22T16:25:00+00:00,106.02,106.49,106.02,106.4,92200
2026-05-22T16:30:00+00:00,106.4,106.487,106.28,106.45,125378
2026-05-22T16:35:00+00:00,106.45,106.75,106.37,106.7,102352
2026-05-22T16:40:00+00:00,106.7,106.83,106.43,106.54,94612
2026-05-22T16:45:00+00:00,106.535,106.74,106.49,106.5,52736
2026-05-22T16:50:00+00:00,106.5,106.63,106.43,106.53,54915
2026-05-22T16:55:00+00:00,106.5,106.715,106.4,106.505,107293
2026-05-22T17:00:00+00:00,106.505,106.66,106.39,106.5,79830
2026-05-22T17:05:00+00:00,106.505,106.9,106.32,106.702,141907
2026-05-22T17:10:00+00:00,106.705,106.81,106.58,106.74,61048
2026-05-22T17:15:00+00:00,106.73,106.75,106.33,106.5,77974
2026-05-22T17:20:00+00:00,106.49,106.78,106.42,106.72,75232
2026-05-22T17:25:00+00:00,106.72,107.18,106.69,107.11,143954
2026-05-22T17:30:00+00:00,107.13,107.21,106.44,106.53,228327
2026-05-22T17:35:00+00:00,106.515,106.92,106.33,106.92,118539
2026-05-22T17:40:00+00:00,106.86,107.63,106.77,107.52,190601
2026-05-22T17:45:00+00:00,107.53,107.53,107.05,107.11,140650
2026-05-22T17:50:00+00:00,107.115,107.17,106.84,106.95,59958
2026-05-22T17:55:00+00:00,106.9,107.01,106.71,106.87,145054
2026-05-22T18:00:00+00:00,106.89,107.34,106.66,107.15,94608
2026-05-22T18:05:00+00:00,107.05,107.29,106.935,106.98,372670
2026-05-22T18:10:00+00:00,106.985,107.09,106.88,106.93,45154
2026-05-22T18:15:00+00:00,106.9,106.92,106.435,106.47,74472
2026-05-22T18:20:00+00:00,106.49,106.59,106.34,106.52,70151
2026-05-22T18:25:00+00:00,106.52,106.65,106.46,106.6,38073
2026-05-22T18:30:00+00:00,106.57,106.595,106.35,106.465,43888
2026-05-22T18:35:00+00:00,106.43,106.48,106.1,106.395,75300
2026-05-22T18:40:00+00:00,106.36,106.47,106.13,106.18,38036
2026-05-22T18:45:00+00:00,106.199,106.25,105.92,106.02,93413
2026-05-22T18:50:00+00:00,106.08,106.13,105.85,106.08,72706
2026-05-22T18:55:00+00:00,106.1,106.11,105.9,105.935,48214
2026-05-22T19:00:00+00:00,105.93,106.33,105.87,105.921,83325
2026-05-22T19:05:00+00:00,105.95,106.18,105.79,105.85,54887
2026-05-22T19:10:00+00:00,105.85,106.08,105.695,105.77,65968
2026-05-22T19:15:00+00:00,105.74,105.86,105.31,105.38,111963
2026-05-22T19:20:00+00:00,105.385,105.39,105.085,105.19,117036
2026-05-22T19:25:00+00:00,105.19,105.235,104.88,105.073,147535
2026-05-22T19:30:00+00:00,105.04,105.25,104.93,104.965,115812
2026-05-22T19:35:00+00:00,105.0,105.545,105.0,105.545,130580
2026-05-22T19:40:00+00:00,105.545,105.59,105.195,105.42,95844
2026-05-22T19:45:00+00:00,105.41,105.48,105.17,105.42,199538
2026-05-22T19:50:00+00:00,105.49,105.57,104.95,104.975,247385
2026-05-22T19:55:00+00:00,104.975,105.72,104.89,105.49,492953
2026-05-22T20:00:00+00:00,105.49,106.01,105.0,105.3,319044
2026-05-22T20:05:00+00:00,105.15,105.36,104.35,105.2,3619
2026-05-22T20:10:00+00:00,105.49,105.5,105.14,105.5,167975
2026-05-22T20:15:00+00:00,105.2,105.5,105.2,105.5,1217
2026-05-22T20:20:00+00:00,105.35,105.35,105.0,105.09,5884
2026-05-22T20:25:00+00:00,105.1,105.22,105.0,105.19,1289
2026-05-22T20:30:00+00:00,105.19,105.19,105.01,105.16,1409
2026-05-22T20:35:00+00:00,105.151,105.19,105.0,105.19,974
2026-05-22T20:40:00+00:00,105.06,105.19,105.04,105.117,2260
2026-05-22T20:45:00+00:00,104.54,105.45,104.54,105.16,18597
2026-05-22T20:50:00+00:00,105.16,105.46,104.4,105.03,7070
2026-05-22T20:55:00+00:00,105.068,105.15,104.85,105.15,18832
2026-05-22T21:00:00+00:00,105.15,105.19,105.03,105.19,933
2026-05-22T21:05:00+00:00,105.19,105.19,104.95,105.11,312726
2026-05-22T21:10:00+00:00,105.11,105.19,105.003,105.14,3809
2026-05-22T21:15:00+00:00,105.06,105.2,105.026,105.2,360
2026-05-22T21:20:00+00:00,105.035,105.2,104.95,105.096,1284
2026-05-22T21:25:00+00:00,104.98,105.22,104.98,105.093,3023
2026-05-22T21:30:00+00:00,105.1,105.19,105.05,105.105,686
2026-05-22T21:35:00+00:00,105.11,105.19,105.03,105.09,31838
2026-05-22T21:40:00+00:00,105.09,105.19,104.9,105.0,2330
2026-05-22T21:45:00+00:00,104.99,105.0,104.9,105.0,565
2026-05-22T21:50:00+00:00,105.0,105.0,104.9,104.991,371
2026-05-22T21:55:00+00:00,104.9,105.0,104.9,104.99,1700
2026-05-22T22:00:00+00:00,104.99,105.19,104.99,105.1,2649
2026-05-22T22:05:00+00:00,105.1,105.2,104.9,105.1,2396
2026-05-22T22:10:00+00:00,105.0,105.1,104.9,104.95,1786
2026-05-22T22:15:00+00:00,104.91,105.0,104.8,104.86,5010
2026-05-22T22:20:00+00:00,104.86,104.95,104.675,104.7,4206
2026-05-22T22:25:00+00:00,104.7,104.78,103.7,104.041,32860
2026-05-22T22:30:00+00:00,104.19,104.5,103.8,104.44,2837
2026-05-22T22:35:00+00:00,104.494,104.5,104.02,104.15,10571
2026-05-22T22:40:00+00:00,104.3,104.477,104.213,104.32,2244
2026-05-22T22:45:00+00:00,104.32,104.49,104.3,104.37,2013
2026-05-22T22:50:00+00:00,104.324,104.49,104.29,104.45,2664
2026-05-22T22:55:00+00:00,104.44,104.48,104.31,104.47,1668
2026-05-22T23:00:00+00:00,104.31,104.47,104.31,104.468,2614
2026-05-22T23:05:00+00:00,104.47,104.47,104.4,104.42,1512
2026-05-22T23:10:00+00:00,104.4,104.47,104.37,104.39,1935
2026-05-22T23:15:00+00:00,104.4,104.47,104.371,104.449,725
2026-05-22T23:20:00+00:00,104.45,104.47,104.42,104.47,2660
2026-05-22T23:25:00+00:00,104.47,104.79,104.445,104.75,3507
2026-05-22T23:30:00+00:00,104.68,104.77,104.42,104.432,1257
2026-05-22T23:35:00+00:00,104.5,104.78,104.45,104.6,1011
2026-05-22T23:40:00+00:00,104.53,104.7,104.5,104.7,969
2026-05-22T23:45:00+00:00,104.62,104.7,104.535,104.675,670
2026-05-22T23:50:00+00:00,104.65,104.67,104.169,104.404,3386
2026-05-22T23:55:00+00:00,104.4,104.5,104.2,104.45,12816
2026-05-26T08:00:00+00:00,107.0,108.09,107.0,107.23,26224
2026-05-26T08:05:00+00:00,107.3,108.08,107.23,107.889,5173
2026-05-26T08:10:00+00:00,107.879,107.9,107.5,107.89,2117
2026-05-26T08:15:00+00:00,107.89,107.9,107.56,107.63,1579
2026-05-26T08:20:00+00:00,107.75,107.9,107.6,107.9,973
2026-05-26T08:25:00+00:00,107.9,107.99,107.85,107.95,1338
2026-05-26T08:30:00+00:00,107.99,107.99,107.61,107.95,473
2026-05-26T08:35:00+00:00,107.95,107.97,107.86,107.948,384
2026-05-26T08:40:00+00:00,107.95,108.12,107.92,108.01,1087
2026-05-26T08:45:00+00:00,108.1,108.1,107.67,107.67,771
2026-05-26T08:50:00+00:00,107.85,108.08,107.85,107.9,518
2026-05-26T08:55:00+00:00,108.0,108.0,107.61,107.84,770
2026-05-26T09:00:00+00:00,107.8,107.85,107.74,107.74,1392
2026-05-26T09:05:00+00:00,107.821,107.84,107.64,107.74,2398
2026-05-26T09:10:00+00:00,107.74,107.8,107.69,107.77,1497
2026-05-26T09:15:00+00:00,107.71,107.84,107.61,107.835,452
2026-05-26T09:20:00+00:00,107.84,107.84,107.5,107.5,6293
2026-05-26T09:25:00+00:00,107.5,107.72,107.38,107.38,559
2026-05-26T09:30:00+00:00,107.5,107.5,107.26,107.413,789
2026-05-26T09:35:00+00:00,107.41,107.41,107.05,107.1,4017
2026-05-26T09:40:00+00:00,107.25,107.479,107.01,107.2,1359
2026-05-26T09:45:00+00:00,107.126,107.49,107.11,107.4,1166
2026-05-26T09:50:00+00:00,107.4,107.72,107.4,107.6,2511
2026-05-26T09:55:00+00:00,107.75,107.75,107.51,107.63,500
2026-05-26T10:00:00+00:00,107.75,107.75,107.54,107.59,636
2026-05-26T10:05:00+00:00,107.63,107.75,107.5,107.72,1266
2026-05-26T10:10:00+00:00,107.68,107.75,107.37,107.73,872
2026-05-26T10:15:00+00:00,107.75,107.75,107.51,107.73,933
2026-05-26T10:20:00+00:00,107.73,107.84,107.69,107.84,2361
2026-05-26T10:25:00+00:00,107.84,107.99,107.79,107.99,2904
2026-05-26T10:30:00+00:00,107.99,108.67,107.87,108.67,13228
2026-05-26T10:35:00+00:00,108.67,108.67,108.5,108.56,2632
2026-05-26T10:40:00+00:00,108.55,109.07,108.5,109.0,13155
2026-05-26T10:45:00+00:00,109.0,109.0,108.51,108.64,4180
2026-05-26T10:50:00+00:00,108.65,108.84,108.45,108.54,1730
2026-05-26T10:55:00+00:00,108.554,108.79,108.5,108.5,9295
2026-05-26T11:00:00+00:00,108.27,108.544,108.0,108.54,29123
2026-05-26T11:05:00+00:00,108.5,108.6,108.24,108.6,10352
2026-05-26T11:10:00+00:00,108.472,108.65,108.24,108.498,5303
2026-05-26T11:15:00+00:00,108.36,108.625,108.36,108.59,3962
2026-05-26T11:20:00+00:00,108.53,108.77,108.5,108.7,15611
2026-05-26T11:25:00+00:00,108.5,108.59,108.3,108.52,13982
2026-05-26T11:30:00+00:00,108.372,108.55,108.372,108.546,15036
2026-05-26T11:35:00+00:00,108.37,108.6,108.36,108.55,4189
2026-05-26T11:40:00+00:00,108.55,108.6,108.43,108.498,5387
2026-05-26T11:45:00+00:00,108.5,108.8,108.46,108.605,44783
2026-05-26T11:50:00+00:00,108.7,108.8,108.61,108.675,5315
2026-05-26T11:55:00+00:00,108.7,108.8,108.57,108.63,6937
2026-05-26T12:00:00+00:00,108.55,108.8,108.5,108.7,767516
2026-05-26T12:05:00+00:00,108.713,108.87,108.51,108.51,6503
2026-05-26T12:10:00+00:00,108.7,108.79,108.51,108.79,8830
2026-05-26T12:15:00+00:00,108.76,108.765,108.5,108.75,3394
2026-05-26T12:20:00+00:00,108.736,108.75,108.5,108.66,9409
2026-05-26T12:25:00+00:00,108.56,108.746,108.51,108.6,8392
2026-05-26T12:30:00+00:00,108.6,108.74,108.37,108.6,6466
2026-05-26T12:35:00+00:00,108.49,108.6,108.25,108.37,4021
2026-05-26T12:40:00+00:00,108.37,108.47,108.2,108.25,9629
2026-05-26T12:45:00+00:00,108.225,108.48,108.2,108.25,14742
2026-05-26T12:50:00+00:00,108.3,108.5,108.21,108.462,10623
2026-05-26T12:55:00+00:00,108.46,108.7,108.25,108.68,15021
2026-05-26T13:00:00+00:00,108.7,108.749,108.5,108.5,10329
2026-05-26T13:05:00+00:00,108.501,108.61,108.5,108.55,7882
2026-05-26T13:10:00+00:00,108.55,108.65,108.5,108.55,4049
2026-05-26T13:15:00+00:00,108.55,108.65,108.5,108.62,26002
2026-05-26T13:20:00+00:00,108.5,108.64,108.5,108.6,5254
2026-05-26T13:25:00+00:00,108.52,108.64,108.0,108.22,23777
2026-05-26T13:30:00+00:00,108.24,108.8,106.02,108.14,510716
2026-05-26T13:35:00+00:00,108.03,108.9,107.51,108.79,396999
2026-05-26T13:40:00+00:00,108.91,109.2,107.0,107.13,593442
2026-05-26T13:45:00+00:00,107.245,107.97,106.11,107.545,375309
2026-05-26T13:50:00+00:00,107.54,108.14,107.26,107.445,331055
2026-05-26T13:55:00+00:00,107.48,108.6,107.41,108.36,261979
2026-05-26T14:00:00+00:00,108.41,108.96,108.12,108.52,236452
2026-05-26T14:05:00+00:00,108.54,108.54,107.64,107.96,253631
2026-05-26T14:10:00+00:00,107.98,108.09,107.56,107.65,126931
2026-05-26T14:15:00+00:00,107.6,107.655,106.85,107.1,201929
2026-05-26T14:20:00+00:00,107.05,107.12,106.61,106.94,249613
2026-05-26T14:25:00+00:00,106.88,107.3,106.84,107.0,209756
2026-05-26T14:30:00+00:00,107.0,107.23,106.1,106.25,262912
2026-05-26T14:35:00+00:00,106.3,106.72,106.2,106.35,139815
2026-05-26T14:40:00+00:00,106.37,107.2,106.2,106.95,186066
2026-05-26T14:45:00+00:00,107.025,107.31,106.73,106.86,138210
2026-05-26T14:50:00+00:00,106.821,108.11,106.715,107.88,283956
2026-05-26T14:55:00+00:00,107.92,108.53,107.57,108.12,254583
2026-05-26T15:00:00+00:00,108.12,108.26,107.12,107.81,225637
2026-05-26T15:05:00+00:00,107.78,108.32,107.58,107.64,161999
2026-05-26T15:10:00+00:00,107.64,107.655,107.01,107.255,218113
2026-05-26T15:15:00+00:00,107.25,107.41,106.89,107.29,160445
2026-05-26T15:20:00+00:00,107.25,107.7,107.21,107.48,114498
2026-05-26T15:25:00+00:00,107.49,108.09,107.39,107.51,147240
2026-05-26T15:30:00+00:00,107.51,108.08,107.28,107.96,148791
2026-05-26T15:35:00+00:00,107.95,107.95,107.2,107.39,130273
2026-05-26T15:40:00+00:00,107.41,107.95,107.23,107.91,85237
2026-05-26T15:45:00+00:00,107.92,108.11,107.64,107.91,140993
2026-05-26T15:50:00+00:00,107.96,108.27,106.75,106.875,182255
2026-05-26T15:55:00+00:00,106.852,107.43,106.83,107.39,121672
2026-05-26T16:00:00+00:00,107.35,107.48,107.08,107.16,89051
2026-05-26T16:05:00+00:00,107.16,107.27,106.59,106.6,106782
2026-05-26T16:10:00+00:00,106.665,106.88,106.36,106.65,141077
2026-05-26T16:15:00+00:00,106.62,107.12,106.595,106.96,107255
2026-05-26T16:20:00+00:00,106.945,106.99,106.805,106.88,58000
2026-05-26T16:25:00+00:00,106.9,107.09,106.67,107.055,90114
2026-05-26T16:30:00+00:00,107.09,107.287,106.82,107.035,168190
2026-05-26T16:35:00+00:00,107.01,107.2,106.53,106.54,96640
2026-05-26T16:40:00+00:00,106.585,106.75,106.23,106.66,128375
2026-05-26T16:45:00+00:00,106.665,107.01,106.61,106.89,140232
2026-05-26T16:50:00+00:00,106.89,107.22,106.58,106.68,103624
2026-05-26T16:55:00+00:00,106.65,106.659,106.4,106.4,96107
2026-05-26T17:00:00+00:00,106.38,107.16,106.315,107.095,100012
2026-05-26T17:05:00+00:00,107.12,107.56,107.01,107.45,149634
2026-05-26T17:10:00+00:00,107.45,107.455,107.19,107.41,68631
2026-05-26T17:15:00+00:00,107.39,107.58,107.14,107.14,67322
2026-05-26T17:20:00+00:00,107.11,107.18,106.82,106.84,89765
2026-05-26T17:25:00+00:00,106.845,106.999,106.643,106.643,68328
2026-05-26T17:30:00+00:00,106.639,107.091,106.565,106.97,117149
2026-05-26T17:35:00+00:00,107.046,107.39,107.0,107.375,113395
2026-05-26T17:40:00+00:00,107.35,107.46,106.825,107.085,101932
2026-05-26T17:45:00+00:00,107.1,107.17,106.83,106.955,52408
2026-05-26T17:50:00+00:00,106.988,107.22,106.82,106.84,58727
2026-05-26T17:55:00+00:00,106.81,107.21,106.81,106.93,107083
2026-05-26T18:00:00+00:00,106.91,106.93,106.6,106.66,97464
2026-05-26T18:05:00+00:00,106.655,106.75,106.28,106.55,88059
2026-05-26T18:10:00+00:00,106.55,106.7,106.48,106.585,48626
2026-05-26T18:15:00+00:00,106.62,106.735,106.14,106.32,105923
2026-05-26T18:20:00+00:00,106.385,106.61,106.32,106.324,116127
2026-05-26T18:25:00+00:00,106.29,106.36,105.86,106.02,109126
2026-05-26T18:30:00+00:00,106.026,106.14,105.84,105.92,63274
2026-05-26T18:35:00+00:00,105.92,106.04,105.77,105.86,119748
2026-05-26T18:40:00+00:00,105.85,106.07,105.7,105.7,80810
2026-05-26T18:45:00+00:00,105.73,105.828,105.6,105.725,73243
2026-05-26T18:50:00+00:00,105.715,105.75,105.42,105.59,88634
2026-05-26T18:55:00+00:00,105.56,105.6,105.03,105.08,141540
2026-05-26T19:00:00+00:00,105.08,105.375,105.0,105.28,120641
2026-05-26T19:05:00+00:00,105.29,105.525,105.17,105.38,69772
2026-05-26T19:10:00+00:00,105.34,105.54,105.262,105.54,91952
2026-05-26T19:15:00+00:00,105.49,105.775,105.36,105.4,107413
2026-05-26T19:20:00+00:00,105.42,105.559,105.25,105.44,88207
2026-05-26T19:25:00+00:00,105.45,105.62,105.35,105.48,105661
2026-05-26T19:30:00+00:00,105.47,105.76,105.38,105.465,112245
2026-05-26T19:35:00+00:00,105.465,105.74,105.44,105.565,87236
2026-05-26T19:40:00+00:00,105.6,105.7,105.47,105.65,171013
2026-05-26T19:45:00+00:00,105.66,106.03,105.6,105.88,347532
2026-05-26T19:50:00+00:00,105.89,106.02,105.51,105.545,172975
2026-05-26T19:55:00+00:00,105.56,106.07,105.56,105.89,595929
2026-05-26T20:00:00+00:00,105.89,106.15,105.75,106.14,139130
2026-05-26T20:05:00+00:00,106.115,106.2,105.904,106.0,8674
2026-05-26T20:10:00+00:00,105.89,106.2,105.89,106.0,10460
2026-05-26T20:15:00+00:00,105.97,106.15,105.93,106.14,4603
2026-05-26T20:20:00+00:00,106.05,106.2,106.05,106.15,2817
2026-05-26T20:25:00+00:00,106.13,106.16,106.0,106.0,4759
2026-05-26T20:30:00+00:00,106.05,106.1,106.01,106.09,812
2026-05-26T20:35:00+00:00,106.15,106.25,106.02,106.188,2636
2026-05-26T20:40:00+00:00,106.199,106.2,106.06,106.19,2029
2026-05-26T20:45:00+00:00,106.2,106.2,106.077,106.1,670
2026-05-26T20:50:00+00:00,106.1,106.22,106.07,106.19,229335
2026-05-26T20:55:00+00:00,106.21,106.246,106.093,106.246,2610
2026-05-26T21:00:00+00:00,106.18,106.25,106.07,106.17,7287
2026-05-26T21:05:00+00:00,106.13,106.16,106.01,106.02,20420
2026-05-26T21:10:00+00:00,106.07,106.17,106.01,106.149,1860
2026-05-26T21:15:00+00:00,106.11,106.17,106.01,106.11,1706
2026-05-26T21:20:00+00:00,106.154,106.17,106.01,106.01,1191
2026-05-26T21:25:00+00:00,106.08,106.16,106.01,106.06,928
2026-05-26T21:30:00+00:00,106.159,106.16,106.01,106.1,4541
2026-05-26T21:35:00+00:00,106.05,106.2,106.01,106.17,1288
2026-05-26T21:40:00+00:00,106.2,106.2,106.08,106.08,552
2026-05-26T21:45:00+00:00,106.125,106.2,106.05,106.13,837
2026-05-26T21:50:00+00:00,105.89,106.25,105.89,106.15,1728
2026-05-26T21:55:00+00:00,106.07,106.2,106.05,106.148,720
2026-05-26T22:00:00+00:00,106.14,106.2,106.05,106.18,1081
2026-05-26T22:05:00+00:00,106.05,106.192,106.05,106.102,685
2026-05-26T22:10:00+00:00,106.1,106.15,106.05,106.06,2863
2026-05-26T22:15:00+00:00,106.061,106.2,106.061,106.149,1577
2026-05-26T22:20:00+00:00,106.149,106.2,106.06,106.06,1950
2026-05-26T22:25:00+00:00,106.25,106.48,106.06,106.225,10802
2026-05-26T22:30:00+00:00,106.24,106.45,106.112,106.241,539
2026-05-26T22:35:00+00:00,106.201,106.52,106.2,106.43,2651
2026-05-26T22:40:00+00:00,106.337,106.5,106.24,106.3,618
2026-05-26T22:45:00+00:00,106.25,106.326,106.12,106.32,1667
2026-05-26T22:50:00+00:00,106.3,106.3,106.17,106.298,727
2026-05-26T22:55:00+00:00,106.25,106.33,106.19,106.249,2418
2026-05-26T23:00:00+00:00,106.25,106.33,106.2,106.32,1219
2026-05-26T23:05:00+00:00,106.32,106.33,106.15,106.25,4629
2026-05-26T23:10:00+00:00,106.25,106.33,106.154,106.2,1466
2026-05-26T23:15:00+00:00,106.2,106.32,106.15,106.172,360
2026-05-26T23:20:00+00:00,106.32,106.33,106.19,106.32,1335
2026-05-26T23:25:00+00:00,106.33,106.33,106.24,106.29,1923
2026-05-26T23:30:00+00:00,106.32,106.35,106.29,106.34,2169
2026-05-26T23:35:00+00:00,106.35,106.4,106.29,106.4,1545
2026-05-26T23:40:00+00:00,106.34,106.46,106.34,106.41,1431
2026-05-26T23:45:00+00:00,106.35,106.46,106.3,106.45,6582
2026-05-26T23:50:00+00:00,106.4,106.45,106.35,106.45,2572
2026-05-26T23:55:00+00:00,106.45,106.55,106.4,106.459,5350
2026-05-27T08:00:00+00:00,105.961,106.0,104.94,105.99,19451
2026-05-27T08:05:00+00:00,105.55,106.51,104.99,106.38,2916
2026-05-27T08:10:00+00:00,106.25,106.5,106.1,106.2,1253
2026-05-27T08:15:00+00:00,106.29,106.75,106.29,106.51,2435
2026-05-27T08:20:00+00:00,106.549,106.889,106.34,106.595,2004
2026-05-27T08:25:00+00:00,106.75,106.96,106.628,106.8,1738
2026-05-27T08:30:00+00:00,106.83,107.184,106.7,107.184,3413
2026-05-27T08:35:00+00:00,107.18,107.19,106.75,106.87,4270
2026-05-27T08:40:00+00:00,106.8,106.99,106.763,106.79,537
2026-05-27T08:45:00+00:00,106.81,107.03,106.81,106.99,2236
2026-05-27T08:50:00+00:00,106.87,107.07,106.81,107.07,2348
2026-05-27T08:55:00+00:00,107.1,107.18,107.0,107.02,741
2026-05-27T09:00:00+00:00,106.87,107.15,106.87,107.0,1622
2026-05-27T09:05:00+00:00,107.0,107.02,106.76,106.772,1331
2026-05-27T09:10:00+00:00,106.99,107.08,106.91,107.0,1172
2026-05-27T09:15:00+00:00,107.02,107.1,106.849,107.1,183
2026-05-27T09:20:00+00:00,107.15,107.18,106.855,107.136,2008
2026-05-27T09:25:00+00:00,107.136,107.136,106.75,107.0,8050
2026-05-27T09:30:00+00:00,107.0,107.034,106.8,106.81,1890
2026-05-27T09:35:00+00:00,106.81,107.15,106.81,107.146,475
2026-05-27T09:40:00+00:00,107.1,107.15,106.99,106.99,627
2026-05-27T09:45:00+00:00,107.0,107.1,106.8,106.99,135
2026-05-27T09:50:00+00:00,106.82,107.1,106.82,106.98,931
2026-05-27T09:55:00+00:00,106.973,106.98,106.65,106.65,4117
2026-05-27T10:00:00+00:00,106.65,106.98,106.65,106.97,399
2026-05-27T10:05:00+00:00,106.97,106.98,106.77,106.88,360
2026-05-27T10:10:00+00:00,106.85,106.975,106.77,106.88,312
2026-05-27T10:15:00+00:00,106.79,106.94,106.75,106.75,1027
2026-05-27T10:20:00+00:00,106.81,106.91,106.65,106.87,694
2026-05-27T10:25:00+00:00,106.8,106.8,106.7,106.8,1059
2026-05-27T10:30:00+00:00,106.66,106.8,106.55,106.6,1735
2026-05-27T10:35:00+00:00,106.6,106.62,106.36,106.516,1668
2026-05-27T10:40:00+00:00,106.5,106.65,106.3,106.42,1072
2026-05-27T10:45:00+00:00,106.5,106.584,106.3,106.367,648
2026-05-27T10:50:00+00:00,106.789,106.789,106.35,106.59,434
2026-05-27T10:55:00+00:00,106.6,106.6,106.364,106.364,709
2026-05-27T11:00:00+00:00,106.47,106.77,106.39,106.73,5703
2026-05-27T11:05:00+00:00,106.66,106.8,106.554,106.79,2765
2026-05-27T11:10:00+00:00,106.774,106.89,106.6,106.89,3780
2026-05-27T11:15:00+00:00,106.8,106.98,106.6,106.8,3493
2026-05-27T11:20:00+00:00,106.812,106.99,106.64,106.85,4064
2026-05-27T11:25:00+00:00,106.85,106.98,106.74,106.79,2517
2026-05-27T11:30:00+00:00,106.795,106.94,106.55,106.84,1584
2026-05-27T11:35:00+00:00,106.84,106.92,106.833,106.842,3282
2026-05-27T11:40:00+00:00,106.916,106.92,106.7,106.916,3192
2026-05-27T11:45:00+00:00,106.82,107.0,106.749,106.82,13504
2026-05-27T11:50:00+00:00,106.99,106.99,106.77,106.85,1628
2026-05-27T11:55:00+00:00,106.81,106.89,106.68,106.743,9252
2026-05-27T12:00:00+00:00,106.72,106.75,106.51,106.65,6034
2026-05-27T12:05:00+00:00,106.58,106.84,106.58,106.66,16333
2026-05-27T12:10:00+00:00,106.7,106.7,106.51,106.65,3045
2026-05-27T12:15:00+00:00,106.8,106.93,106.5,106.661,4373
2026-05-27T12:20:00+00:00,106.9,107.0,106.65,106.65,5080
2026-05-27T12:25:00+00:00,106.94,107.05,106.86,106.962,3564
2026-05-27T12:30:00+00:00,107.0,107.0,106.72,106.88,3091
2026-05-27T12:35:00+00:00,106.8,107.05,106.72,106.98,4399
2026-05-27T12:40:00+00:00,106.97,107.03,106.8,106.9,6980
2026-05-27T12:45:00+00:00,106.9,106.99,106.79,106.79,3957
2026-05-27T12:50:00+00:00,106.79,106.88,106.3,106.38,10003
2026-05-27T12:55:00+00:00,106.27,106.4,106.0,106.0,9576
2026-05-27T13:00:00+00:00,106.35,106.4,106.1,106.27,4411
2026-05-27T13:05:00+00:00,106.331,106.35,105.957,105.99,5729
2026-05-27T13:10:00+00:00,105.98,106.18,105.787,105.89,4059
2026-05-27T13:15:00+00:00,105.89,106.15,105.75,105.75,7919
2026-05-27T13:20:00+00:00,105.77,105.98,105.75,105.84,4120
2026-05-27T13:25:00+00:00,105.88,106.07,105.01,105.05,9338
2026-05-27T13:30:00+00:00,105.11,105.475,101.75,101.875,641479
2026-05-27T13:35:00+00:00,101.85,102.13,100.69,101.49,629920
2026-05-27T13:40:00+00:00,101.365,101.48,100.6,100.98,422654
2026-05-27T13:45:00+00:00,100.9,101.19,100.2,100.87,447289
2026-05-27T13:50:00+00:00,100.93,102.24,100.865,101.428,439181
2026-05-27T13:55:00+00:00,101.35,102.37,101.29,102.02,319760
2026-05-27T14:00:00+00:00,102.11,102.66,101.85,102.26,193009
2026-05-27T14:05:00+00:00,102.24,102.45,101.39,101.585,236340
2026-05-27T14:10:00+00:00,101.635,101.8,101.16,101.585,208663
2026-05-27T14:15:00+00:00,101.585,102.17,101.39,101.84,178999
2026-05-27T14:20:00+00:00,101.855,101.855,101.21,101.27,153317
2026-05-27T14:25:00+00:00,101.25,101.265,100.42,100.805,315759
2026-05-27T14:30:00+00:00,100.77,101.35,100.72,101.34,171482
2026-05-27T14:35:00+00:00,101.349,101.599,100.83,100.95,203056
2026-05-27T14:40:00+00:00,100.95,101.41,100.9,101.165,169977
2026-05-27T14:45:00+00:00,101.17,101.37,100.485,100.58,214425
2026-05-27T14:50:00+00:00,100.62,100.965,100.53,100.94,148062
2026-05-27T14:55:00+00:00,100.94,100.98,100.21,100.34,171522
2026-05-27T15:00:00+00:00,100.31,100.7,100.02,100.58,281131
2026-05-27T15:05:00+00:00,100.56,100.99,100.536,100.78,152142
2026-05-27T15:10:00+00:00,100.76,101.045,100.42,100.53,175603
2026-05-27T15:15:00+00:00,100.53,100.53,100.12,100.25,178468
2026-05-27T15:20:00+00:00,100.26,100.43,100.06,100.305,185915
2026-05-27T15:25:00+00:00,100.305,100.35,100.06,100.305,100747
2026-05-27T15:30:00+00:00,100.35,100.59,100.25,100.37,132620
2026-05-27T15:35:00+00:00,100.31,100.33,99.8,99.83,490229
2026-05-27T15:40:00+00:00,99.858,100.04,99.6,99.85,256878
2026-05-27T15:45:00+00:00,99.863,100.13,99.8,100.055,134338
2026-05-27T15:50:00+00:00,100.1,100.348,99.84,100.225,118035
2026-05-27T15:55:00+00:00,100.21,100.69,100.11,100.45,184856
2026-05-27T16:00:00+00:00,100.5,101.09,100.32,100.99,164874
2026-05-27T16:05:00+00:00,101.0,101.42,100.97,101.33,233047
2026-05-27T16:10:00+00:00,101.35,101.41,101.16,101.33,149032
2026-05-27T16:15:00+00:00,101.32,101.625,101.0,101.34,197812
2026-05-27T16:20:00+00:00,101.38,102.099,101.19,102.06,182926
2026-05-27T16:25:00+00:00,102.06,102.14,101.87,102.095,130842
2026-05-27T16:30:00+00:00,102.095,102.89,102.07,102.74,215813
2026-05-27T16:35:00+00:00,102.71,102.94,102.48,102.915,118018
2026-05-27T16:40:00+00:00,102.94,103.56,102.84,103.53,226458
2026-05-27T16:45:00+00:00,103.53,103.96,103.27,103.61,217201
2026-05-27T16:50:00+00:00,103.639,103.7,103.14,103.405,167618
2026-05-27T16:55:00+00:00,103.34,103.64,103.07,103.27,163943
2026-05-27T17:00:00+00:00,103.28,103.36,102.935,103.0,206673
2026-05-27T17:05:00+00:00,103.025,103.08,102.044,102.09,162951
2026-05-27T17:10:00+00:00,102.09,102.4,101.82,102.215,171023
2026-05-27T17:15:00+00:00,102.18,102.48,102.17,102.44,79842
2026-05-27T17:20:00+00:00,102.45,102.589,102.34,102.53,95679
2026-05-27T17:25:00+00:00,102.54,102.82,102.32,102.65,138288
2026-05-27T17:30:00+00:00,102.64,102.76,102.55,102.66,59918
2026-05-27T17:35:00+00:00,102.64,102.77,102.55,102.567,56983
2026-05-27T17:40:00+00:00,102.595,102.6,102.01,102.05,90594
2026-05-27T17:45:00+00:00,102.05,102.26,101.95,102.2,93321
2026-05-27T17:50:00+00:00,102.23,102.28,102.01,102.05,45397
2026-05-27T17:55:00+00:00,102.07,102.22,101.87,102.05,69013
2026-05-27T18:00:00+00:00,102.07,102.24,101.85,102.03,117692
2026-05-27T18:05:00+00:00,102.0,102.37,101.93,102.255,72994
2026-05-27T18:10:00+00:00,102.255,102.42,102.25,102.38,69745
2026-05-27T18:15:00+00:00,102.42,102.5,102.35,102.38,66288
2026-05-27T18:20:00+00:00,102.36,102.89,102.36,102.87,82456
2026-05-27T18:25:00+00:00,102.87,103.336,102.87,103.26,107727
2026-05-27T18:30:00+00:00,103.32,103.78,103.315,103.65,123383
2026-05-27T18:35:00+00:00,103.65,103.67,103.19,103.425,121976
2026-05-27T18:40:00+00:00,103.4,103.79,103.27,103.74,103339
2026-05-27T18:45:00+00:00,103.74,103.92,103.7,103.702,100550
2026-05-27T18:50:00+00:00,103.725,103.8,103.38,103.465,147903
2026-05-27T18:55:00+00:00,103.47,103.48,103.26,103.34,78374
2026-05-27T19:00:00+00:00,103.36,103.53,103.15,103.23,78591
2026-05-27T19:05:00+00:00,103.22,103.41,103.06,103.14,116194
2026-05-27T19:10:00+00:00,103.14,103.3,102.9,102.97,84533
2026-05-27T19:15:00+00:00,102.95,103.25,102.87,103.25,79648
2026-05-27T19:20:00+00:00,103.245,103.27,102.99,103.13,207331
2026-05-27T19:25:00+00:00,103.12,103.2,102.8,103.05,102086
2026-05-27T19:30:00+00:00,103.05,103.9,103.04,103.79,381320
2026-05-27T19:35:00+00:00,103.79,104.15,103.76,103.945,179442
2026-05-27T19:40:00+00:00,103.945,103.945,103.5,103.55,158771
2026-05-27T19:45:00+00:00,103.58,104.08,103.52,104.028,212312
2026-05-27T19:50:00+00:00,104.01,104.25,103.75,104.06,271144
2026-05-27T19:55:00+00:00,104.07,104.33,103.8,104.27,585788
2026-05-27T20:00:00+00:00,104.27,104.51,103.8,104.1,730213
2026-05-27T20:05:00+00:00,104.08,104.4,103.8,104.13,12831
2026-05-27T20:10:00+00:00,104.27,104.27,103.86,104.1,2286
2026-05-27T20:15:00+00:00,104.1,104.5,104.1,104.47,5516
2026-05-27T20:20:00+00:00,104.452,104.49,104.2,104.27,1318
2026-05-27T20:25:00+00:00,104.27,104.476,104.22,104.337,21965
2026-05-27T20:30:00+00:00,104.34,104.48,104.32,104.36,1545
2026-05-27T20:35:00+00:00,104.44,104.542,104.13,104.35,10352
2026-05-27T20:40:00+00:00,104.4,104.5,104.35,104.351,2155
2026-05-27T20:45:00+00:00,104.43,104.5,104.25,104.48,2928
2026-05-27T20:50:00+00:00,104.32,104.43,104.24,104.28,1212
2026-05-27T20:55:00+00:00,104.46,104.47,104.27,104.4,43707
2026-05-27T21:00:00+00:00,104.311,104.75,104.1,104.75,6634
2026-05-27T21:05:00+00:00,104.56,104.97,104.073,104.96,28930
2026-05-27T21:10:00+00:00,104.97,106.34,104.9,106.34,50293
2026-05-27T21:15:00+00:00,106.34,106.34,105.5,105.6,33374
2026-05-27T21:20:00+00:00,105.51,105.79,105.1,105.36,10539
2026-05-27T21:25:00+00:00,105.31,105.5,105.1,105.298,6102
2026-05-27T21:30:00+00:00,105.2,106.1,105.1,105.919,11773
2026-05-27T21:35:00+00:00,105.76,105.95,105.4,105.85,5687
2026-05-27T21:40:00+00:00,105.773,106.75,105.77,106.208,48497
2026-05-27T21:45:00+00:00,106.21,106.5,105.8,105.98,8818
2026-05-27T21:50:00+00:00,105.89,106.3,105.8,106.25,3634
2026-05-27T21:55:00+00:00,106.18,106.49,105.82,106.43,9227
2026-05-27T22:00:00+00:00,106.45,106.65,106.07,106.07,17641
2026-05-27T22:05:00+00:00,106.31,106.6,106.12,106.49,16694
2026-05-27T22:10:00+00:00,106.38,106.5,106.156,106.28,8585
2026-05-27T22:15:00+00:00,106.32,106.4,106.03,106.1,6605
2026-05-27T22:20:00+00:00,106.1,106.3,106.0,106.25,6016
2026-05-27T22:25:00+00:00,106.12,106.2,105.86,106.01,2911
2026-05-27T22:30:00+00:00,106.09,106.25,105.84,106.003,3247
2026-05-27T22:35:00+00:00,106.04,106.31,105.99,106.31,3219
2026-05-27T22:40:00+00:00,106.31,106.31,106.05,106.2,3886
2026-05-27T22:45:00+00:00,106.2,106.2,105.88,106.01,5695
2026-05-27T22:50:00+00:00,106.2,106.2,105.82,106.0,3361
2026-05-27T22:55:00+00:00,106.0,106.11,105.92,106.05,3522
2026-05-27T23:00:00+00:00,106.0,106.25,105.98,106.2,2332
2026-05-27T23:05:00+00:00,106.19,106.2,106.03,106.19,3556
2026-05-27T23:10:00+00:00,106.2,106.2,106.09,106.17,7411
2026-05-27T23:15:00+00:00,106.15,106.36,106.1,106.2,6309
2026-05-27T23:20:00+00:00,106.23,106.35,106.0,106.0,4820
2026-05-27T23:25:00+00:00,106.13,106.175,105.99,106.008,4478
2026-05-27T23:30:00+00:00,106.07,106.19,105.98,105.98,8009
2026-05-27T23:35:00+00:00,106.15,106.15,105.82,105.82,5623
2026-05-27T23:40:00+00:00,105.855,105.95,105.82,105.826,1602
2026-05-27T23:45:00+00:00,105.85,105.85,105.7,105.79,4017
2026-05-27T23:50:00+00:00,105.7,105.75,105.35,105.41,8363
2026-05-27T23:55:00+00:00,105.47,105.69,105.35,105.543,4699
2026-05-28T08:00:00+00:00,103.17,104.809,102.86,104.31,52884
2026-05-28T08:05:00+00:00,104.41,104.84,103.59,104.772,9596
2026-05-28T08:10:00+00:00,104.84,105.29,104.75,105.1,4095
2026-05-28T08:15:00+00:00,105.1,105.5,104.531,105.43,4146
2026-05-28T08:20:00+00:00,105.45,105.6,104.79,105.2,11441
2026-05-28T08:25:00+00:00,105.23,105.46,104.7,104.9,2642
2026-05-28T08:30:00+00:00,104.9,105.3,104.9,105.1,10418
2026-05-28T08:35:00+00:00,105.1,105.3,105.07,105.2,4637
2026-05-28T08:40:00+00:00,105.11,105.2,104.86,104.973,754
2026-05-28T08:45:00+00:00,104.9,105.0,104.9,104.991,1490
2026-05-28T08:50:00+00:00,104.9,105.31,104.863,105.31,3016
2026-05-28T08:55:00+00:00,105.25,105.6,105.25,105.51,2136
2026-05-28T09:00:00+00:00,105.48,106.0,105.48,105.86,6186
2026-05-28T09:05:00+00:00,105.8,106.352,105.8,105.96,11118
2026-05-28T09:10:00+00:00,105.96,105.97,105.68,105.83,2470
2026-05-28T09:15:00+00:00,105.83,106.6,105.76,106.34,6835
2026-05-28T09:20:00+00:00,106.25,106.52,106.1,106.15,4531
2026-05-28T09:25:00+00:00,106.22,106.33,106.0,106.0,5413
2026-05-28T09:30:00+00:00,106.11,106.235,105.51,106.12,3972
2026-05-28T09:35:00+00:00,106.15,106.25,105.7,105.7,2358
2026-05-28T09:40:00+00:00,105.82,105.99,105.36,105.9,986
2026-05-28T09:45:00+00:00,105.8,106.15,105.8,106.142,1554
2026-05-28T09:50:00+00:00,106.15,106.15,105.99,106.05,3217
2026-05-28T09:55:00+00:00,106.03,106.199,105.99,106.15,3823
2026-05-28T10:00:00+00:00,106.15,106.18,106.03,106.17,402
2026-05-28T10:05:00+00:00,106.09,106.2,105.858,106.1,2400
2026-05-28T10:10:00+00:00,106.14,106.14,105.9,105.9,878
2026-05-28T10:15:00+00:00,106.06,106.1,105.8,105.8,3926
2026-05-28T10:20:00+00:00,105.81,106.0,105.66,105.67,4473
2026-05-28T10:25:00+00:00,105.67,106.0,105.55,105.92,1888
2026-05-28T10:30:00+00:00,105.8,105.98,105.61,105.67,3130
2026-05-28T10:35:00+00:00,105.94,105.94,105.7,105.8,569
2026-05-28T10:40:00+00:00,105.88,106.1,105.78,105.99,1287
2026-05-28T10:45:00+00:00,105.83,106.55,105.8,106.5,11198
2026-05-28T10:50:00+00:00,106.53,106.6,106.0,106.21,4491
2026-05-28T10:55:00+00:00,106.21,106.3,105.75,105.75,3982
2026-05-28T11:00:00+00:00,105.8,106.1,105.61,106.0,24168
2026-05-28T11:05:00+00:00,106.0,106.08,105.36,105.697,11517
2026-05-28T11:10:00+00:00,105.53,105.65,105.22,105.35,9560
2026-05-28T11:15:00+00:00,105.38,106.0,105.27,105.66,4640
2026-05-28T11:20:00+00:00,105.94,106.0,105.58,105.9,3765
2026-05-28T11:25:00+00:00,105.8,105.844,105.47,105.645,4433
2026-05-28T11:30:00+00:00,105.714,105.74,105.5,105.6,1843
2026-05-28T11:35:00+00:00,105.5,105.86,105.5,105.83,2611
2026-05-28T11:40:00+00:00,105.83,106.09,105.65,106.069,6577
2026-05-28T11:45:00+00:00,106.069,106.09,105.7,105.988,7447
2026-05-28T11:50:00+00:00,105.93,106.0,105.8,105.82,3055
2026-05-28T11:55:00+00:00,105.94,105.94,105.7,105.883,1087
2026-05-28T12:00:00+00:00,105.85,106.05,105.77,106.0,4686
2026-05-28T12:05:00+00:00,105.92,106.05,105.87,105.98,474171
2026-05-28T12:10:00+00:00,106.0,106.42,105.77,106.01,14980
2026-05-28T12:15:00+00:00,106.1,106.1,105.79,105.9,6542
2026-05-28T12:20:00+00:00,105.82,106.0,105.5,105.649,11389
2026-05-28T12:25:00+00:00,105.57,105.75,105.5,105.5,5645
2026-05-28T12:30:00+00:00,105.51,106.4,105.5,106.249,8962
2026-05-28T12:35:00+00:00,106.25,106.66,106.05,106.3,23918
2026-05-28T12:40:00+00:00,106.46,107.19,106.2,107.049,53119
2026-05-28T12:45:00+00:00,107.05,108.39,107.05,108.04,71647
2026-05-28T12:50:00+00:00,108.03,108.25,107.78,108.07,53181
2026-05-28T12:55:00+00:00,108.1,108.2,107.61,108.1,52132
2026-05-28T13:00:00+00:00,108.07,108.798,107.6,108.72,28284
2026-05-28T13:05:00+00:00,108.8,109.14,107.98,108.032,50662
2026-05-28T13:10:00+00:00,108.03,108.27,107.65,107.88,25466
2026-05-28T13:15:00+00:00,107.79,107.99,107.38,107.68,21994
2026-05-28T13:20:00+00:00,107.55,107.8,107.15,107.24,17957
2026-05-28T13:25:00+00:00,107.24,108.1,107.22,108.0,15560
2026-05-28T13:30:00+00:00,107.95,108.49,104.11,105.33,945136
2026-05-28T13:35:00+00:00,105.27,105.94,104.49,104.98,566814
2026-05-28T13:40:00+00:00,104.955,105.3,103.63,103.959,434299
2026-05-28T13:45:00+00:00,103.925,105.04,103.896,104.86,364465
2026-05-28T13:50:00+00:00,104.83,105.67,104.64,105.36,400578
2026-05-28T13:55:00+00:00,105.385,105.85,104.81,105.13,309847
2026-05-28T14:00:00+00:00,105.13,105.49,104.79,104.955,246196
2026-05-28T14:05:00+00:00,104.955,105.405,104.55,104.98,221945
2026-05-28T14:10:00+00:00,104.94,105.94,104.06,105.855,359242
2026-05-28T14:15:00+00:00,105.855,107.0,105.41,106.695,432446
2026-05-28T14:20:00+00:00,106.7,106.8,105.39,105.79,243802
2026-05-28T14:25:00+00:00,105.79,105.79,104.7,104.96,198138
2026-05-28T14:30:00+00:00,104.95,105.59,104.87,105.07,170665
2026-05-28T14:35:00+00:00,105.07,105.41,105.02,105.35,83428
2026-05-28T14:40:00+00:00,105.37,106.5,105.37,106.47,199894
2026-05-28T14:45:00+00:00,106.44,106.61,106.044,106.12,141835
2026-05-28T14:50:00+00:00,106.17,107.4,106.11,106.97,291983
2026-05-28T14:55:00+00:00,107.03,107.47,106.95,107.15,241315
2026-05-28T15:00:00+00:00,107.15,109.49,107.13,108.855,649146
2026-05-28T15:05:00+00:00,108.865,109.56,108.81,109.125,509544
2026-05-28T15:10:00+00:00,109.18,109.65,108.54,108.69,297300
2026-05-28T15:15:00+00:00,108.66,108.73,108.03,108.13,178963
2026-05-28T15:20:00+00:00,108.155,109.37,108.12,109.27,202774
2026-05-28T15:25:00+00:00,109.27,110.33,109.23,109.845,452886
2026-05-28T15:30:00+00:00,109.801,109.885,109.21,109.21,190033
2026-05-28T15:35:00+00:00,109.21,109.25,108.76,109.065,304456
2026-05-28T15:40:00+00:00,109.01,109.114,108.56,108.661,150735
2026-05-28T15:45:00+00:00,108.63,108.635,107.77,107.77,271410
2026-05-28T15:50:00+00:00,107.69,107.9,107.5,107.72,176701
2026-05-28T15:55:00+00:00,107.715,108.2,107.598,107.692,142339
2026-05-28T16:00:00+00:00,107.6,107.7,107.22,107.55,159742
2026-05-28T16:05:00+00:00,107.58,107.72,107.46,107.54,104159
2026-05-28T16:10:00+00:00,107.5,108.47,107.5,108.34,185169
2026-05-28T16:15:00+00:00,108.36,108.583,108.1,108.1,158838
2026-05-28T16:20:00+00:00,108.14,108.24,107.79,107.87,126961
2026-05-28T16:25:00+00:00,107.865,108.109,107.8,107.95,74731
2026-05-28T16:30:00+00:00,107.94,107.945,107.52,107.675,79225
2026-05-28T16:35:00+00:00,107.7,107.865,107.52,107.6,59165
2026-05-28T16:40:00+00:00,107.57,107.67,107.31,107.56,89928
2026-05-28T16:45:00+00:00,107.59,107.61,107.15,107.16,82600
2026-05-28T16:50:00+00:00,107.17,107.67,107.16,107.585,108647
2026-05-28T16:55:00+00:00,107.55,107.84,107.42,107.84,74166
2026-05-28T17:00:00+00:00,107.81,107.81,106.8,107.07,166800
2026-05-28T17:05:00+00:00,107.095,107.51,107.04,107.04,119922
2026-05-28T17:10:00+00:00,107.07,107.26,106.95,107.0,86151
2026-05-28T17:15:00+00:00,107.0,107.23,106.8,106.89,104945
2026-05-28T17:20:00+00:00,106.89,106.98,106.68,106.845,74272
2026-05-28T17:25:00+00:00,106.85,107.065,106.845,106.93,63303
2026-05-28T17:30:00+00:00,106.925,107.075,106.56,106.571,99104
2026-05-28T17:35:00+00:00,106.56,106.952,106.5,106.885,78120
2026-05-28T17:40:00+00:00,106.9,106.92,106.71,106.71,58171
2026-05-28T17:45:00+00:00,106.75,106.84,106.61,106.805,45219
2026-05-28T17:50:00+00:00,106.8,107.0,106.76,106.93,70923
2026-05-28T17:55:00+00:00,106.93,107.07,106.8,106.855,71906
2026-05-28T18:00:00+00:00,106.855,106.99,106.76,106.91,43112
2026-05-28T18:05:00+00:00,106.945,107.19,106.82,107.14,65039
2026-05-28T18:10:00+00:00,107.1,107.31,107.03,107.25,86102
2026-05-28T18:15:00+00:00,107.25,107.25,106.9,106.935,80037
2026-05-28T18:20:00+00:00,106.935,107.06,106.82,107.03,71034
2026-05-28T18:25:00+00:00,107.05,107.11,106.77,106.95,56854
2026-05-28T18:30:00+00:00,106.945,107.04,106.535,106.575,81762
2026-05-28T18:35:00+00:00,106.57,106.82,106.528,106.64,58659
2026-05-28T18:40:00+00:00,106.64,106.8,106.4,106.475,79000
2026-05-28T18:45:00+00:00,106.45,106.45,106.22,106.32,77198
2026-05-28T18:50:00+00:00,106.335,106.47,106.23,106.39,67226
2026-05-28T18:55:00+00:00,106.395,106.5,106.2,106.2,73762
2026-05-28T19:00:00+00:00,106.26,106.26,106.05,106.075,116486
2026-05-28T19:05:00+00:00,106.1,106.1,105.71,105.773,157639
2026-05-28T19:10:00+00:00,105.77,106.03,105.62,105.7,140001
2026-05-28T19:15:00+00:00,105.68,105.85,105.25,105.395,151314
2026-05-28T19:20:00+00:00,105.38,105.6,105.3,105.505,128651
2026-05-28T19:25:00+00:00,105.505,105.76,105.5,105.59,88938
2026-05-28T19:30:00+00:00,105.58,105.99,105.53,105.89,100240
2026-05-28T19:35:00+00:00,105.9,106.175,105.765,106.14,90823
2026-05-28T19:40:00+00:00,106.165,106.81,106.14,106.78,186929
2026-05-28T19:45:00+00:00,106.78,107.13,106.76,106.91,194152
2026-05-28T19:50:00+00:00,106.9,107.05,106.71,106.8,248610
2026-05-28T19:55:00+00:00,106.8,107.0,106.76,106.86,618219
2026-05-28T20:00:00+00:00,106.86,106.86,106.0,106.1,225516
2026-05-28T20:05:00+00:00,106.051,106.5,105.81,106.094,20093
2026-05-28T20:10:00+00:00,106.09,106.86,106.07,106.42,13882
2026-05-28T20:15:00+00:00,106.42,106.5,106.32,106.48,10604
2026-05-28T20:20:00+00:00,106.48,106.6,106.4,106.57,7783
2026-05-28T20:25:00+00:00,106.55,106.96,106.5,106.8,5525
2026-05-28T20:30:00+00:00,106.86,106.9,106.66,106.794,10091
2026-05-28T20:35:00+00:00,106.87,106.88,106.5,106.546,4165
2026-05-28T20:40:00+00:00,106.68,106.85,106.56,106.75,3330
2026-05-28T20:45:00+00:00,106.8,107.0,106.75,106.92,8693
2026-05-28T20:50:00+00:00,106.95,107.1,106.79,107.072,8221
2026-05-28T20:55:00+00:00,107.09,107.09,106.86,106.89,31976
2026-05-28T21:00:00+00:00,106.83,106.94,106.7,106.791,10584
2026-05-28T21:05:00+00:00,106.79,106.93,106.72,106.72,942
2026-05-28T21:10:00+00:00,106.911,106.94,106.7,106.8,2621
2026-05-28T21:15:00+00:00,106.731,106.94,106.69,106.9,1297
2026-05-28T21:20:00+00:00,106.94,107.08,106.87,107.08,6795
2026-05-28T21:25:00+00:00,107.03,107.07,106.94,106.99,4795
2026-05-28T21:30:00+00:00,106.986,107.19,106.84,107.0,8988
2026-05-28T21:35:00+00:00,107.0,107.02,106.7,106.7,8315
2026-05-28T21:40:00+00:00,106.85,106.85,106.6,106.82,2583
2026-05-28T21:45:00+00:00,106.83,107.07,106.6,106.889,5095
2026-05-28T21:50:00+00:00,106.96,107.06,106.83,106.971,3416
2026-05-28T21:55:00+00:00,107.02,107.06,106.8,106.8,2420
2026-05-28T22:00:00+00:00,106.88,107.06,106.8,107.029,1154
2026-05-28T22:05:00+00:00,107.0,107.03,106.9,106.93,3679
2026-05-28T22:10:00+00:00,106.93,106.93,106.83,106.917,2625
2026-05-28T22:15:00+00:00,106.919,106.93,106.85,106.93,3868
2026-05-28T22:20:00+00:00,106.957,107.41,106.957,107.35,17807
2026-05-28T22:25:00+00:00,107.42,107.42,107.0,107.37,4512
2026-05-28T22:30:00+00:00,107.22,107.39,107.0,107.261,4004
2026-05-28T22:35:00+00:00,107.297,107.43,107.297,107.43,2211
2026-05-28T22:40:00+00:00,107.41,107.43,107.273,107.29,1473
2026-05-28T22:45:00+00:00,107.42,107.45,107.29,107.29,8441
2026-05-28T22:50:00+00:00,107.429,107.45,107.36,107.4,1561
2026-05-28T22:55:00+00:00,107.4,107.49,107.3,107.3,2682
2026-05-28T23:00:00+00:00,107.34,107.48,107.29,107.428,2337
2026-05-28T23:05:00+00:00,107.38,107.43,107.307,107.378,1688
2026-05-28T23:10:00+00:00,107.429,107.5,107.37,107.5,8124
2026-05-28T23:15:00+00:00,107.54,107.74,107.51,107.74,4453
2026-05-28T23:20:00+00:00,107.7,107.95,107.6,107.89,2097
2026-05-28T23:25:00+00:00,107.85,107.89,107.75,107.77,4938
2026-05-28T23:30:00+00:00,107.798,107.8,107.65,107.8,4059
2026-05-28T23:35:00+00:00,107.8,107.8,107.7,107.71,4158
2026-05-28T23:40:00+00:00,107.72,107.78,107.7,107.78,3919
2026-05-28T23:45:00+00:00,107.71,107.78,107.6,107.6,2897
2026-05-28T23:50:00+00:00,107.6,107.64,107.5,107.59,1931
2026-05-28T23:55:00+00:00,107.64,107.75,107.562,107.65,2011
2026-05-29T08:00:00+00:00,107.27,108.49,107.19,107.9,34555
2026-05-29T08:05:00+00:00,107.89,108.39,107.22,107.99,3745
2026-05-29T08:10:00+00:00,107.9,108.351,107.76,108.24,1262
2026-05-29T08:15:00+00:00,108.24,108.591,108.07,108.24,1478
2026-05-29T08:20:00+00:00,108.47,108.59,108.214,108.25,740
2026-05-29T08:25:00+00:00,108.3,108.39,108.062,108.302,867
2026-05-29T08:30:00+00:00,108.3,108.593,108.081,108.593,11888
2026-05-29T08:35:00+00:00,108.5,108.6,108.33,108.55,2647
2026-05-29T08:40:00+00:00,108.583,108.6,107.822,107.92,13429
2026-05-29T08:45:00+00:00,107.9,108.32,107.72,107.88,8364
2026-05-29T08:50:00+00:00,107.78,108.2,107.78,107.994,53
2026-05-29T08:55:00+00:00,108.2,108.2,107.888,107.97,3255
2026-05-29T09:00:00+00:00,107.982,108.2,107.982,108.0,561
2026-05-29T09:05:00+00:00,108.01,108.195,107.95,108.14,5157
2026-05-29T09:10:00+00:00,108.0,108.2,107.9,108.2,530
2026-05-29T09:15:00+00:00,108.1,108.2,108.02,108.19,385
2026-05-29T09:20:00+00:00,108.02,108.2,107.945,108.0,1122
2026-05-29T09:25:00+00:00,107.99,108.13,107.872,107.872,395
2026-05-29T09:30:00+00:00,108.2,108.37,108.1,108.33,7061
2026-05-29T09:35:00+00:00,108.31,108.5,108.2,108.3,1571
2026-05-29T09:40:00+00:00,108.33,108.35,108.2,108.21,1067
2026-05-29T09:45:00+00:00,108.25,108.59,108.2,108.285,2397
2026-05-29T09:50:00+00:00,108.6,108.68,108.25,108.52,1476
2026-05-29T09:55:00+00:00,108.53,108.75,108.52,108.75,8151
2026-05-29T10:00:00+00:00,108.7,108.72,108.2,108.2,2668
2026-05-29T10:05:00+00:00,108.27,108.425,108.15,108.4,2772
2026-05-29T10:10:00+00:00,108.4,108.6,108.32,108.59,693
2026-05-29T10:15:00+00:00,108.569,108.6,108.15,108.15,3709
2026-05-29T10:20:00+00:00,108.6,108.6,108.4,108.52,1005
2026-05-29T10:25:00+00:00,108.15,108.95,108.15,108.73,6161
2026-05-29T10:30:00+00:00,108.8,109.0,108.8,108.92,3499
2026-05-29T10:35:00+00:00,108.92,109.0,108.82,108.95,4680
2026-05-29T10:40:00+00:00,108.94,108.95,108.52,108.81,1242
2026-05-29T10:45:00+00:00,108.81,108.95,108.72,108.94,914
2026-05-29T10:50:00+00:00,108.8,108.85,108.68,108.83,779
2026-05-29T10:55:00+00:00,108.67,108.72,108.57,108.64,864
2026-05-29T11:00:00+00:00,108.58,109.26,108.52,109.201,13503
2026-05-29T11:05:00+00:00,109.3,109.7,109.25,109.45,24880
2026-05-29T11:10:00+00:00,109.43,109.47,109.01,109.4,6405
2026-05-29T11:15:00+00:00,109.27,109.78,109.264,109.56,6777
2026-05-29T11:20:00+00:00,109.65,109.65,109.2,109.45,9485
2026-05-29T11:25:00+00:00,109.44,109.5,109.02,109.177,5397
2026-05-29T11:30:00+00:00,109.177,109.2,108.75,108.9,8498
2026-05-29T11:35:00+00:00,108.907,109.0,108.8,108.94,3360
2026-05-29T11:40:00+00:00,108.95,109.2,108.85,109.15,12361
2026-05-29T11:45:00+00:00,108.9,109.14,108.9,109.01,3235
2026-05-29T11:50:00+00:00,109.02,109.15,108.75,108.826,5239
2026-05-29T11:55:00+00:00,108.95,109.0,108.77,108.84,3640
2026-05-29T12:00:00+00:00,108.87,108.88,108.68,108.7,9474
2026-05-29T12:05:00+00:00,108.695,108.7,108.53,108.65,3701
2026-05-29T12:10:00+00:00,108.53,108.65,108.53,108.55,3241
2026-05-29T12:15:00+00:00,108.65,108.69,108.42,108.57,8130
2026-05-29T12:20:00+00:00,108.57,108.6,108.42,108.47,4745
2026-05-29T12:25:00+00:00,108.44,108.6,108.33,108.33,12142
2026-05-29T12:30:00+00:00,108.39,108.42,108.2,108.34,6340
2026-05-29T12:35:00+00:00,108.201,108.39,108.201,108.35,2593
2026-05-29T12:40:00+00:00,108.34,108.41,108.21,108.4,5314
2026-05-29T12:45:00+00:00,108.45,108.47,108.28,108.362,5418
2026-05-29T12:50:00+00:00,108.44,108.62,108.35,108.43,22537
2026-05-29T12:55:00+00:00,108.48,108.48,108.21,108.324,8130
2026-05-29T13:00:00+00:00,108.34,108.45,108.22,108.29,3661
2026-05-29T13:05:00+00:00,108.253,108.325,108.1,108.12,10027
2026-05-29T13:10:00+00:00,108.2,108.614,108.1,108.424,20648
2026-05-29T13:15:00+00:00,108.39,108.49,108.28,108.36,7566
2026-05-29T13:20:00+00:00,108.35,108.62,108.28,108.46,19000
2026-05-29T13:25:00+00:00,108.45,108.9,108.01,108.07,19598
2026-05-29T13:30:00+00:00,108.02,109.0,105.7,105.915,786220
2026-05-29T13:35:00+00:00,105.915,107.16,105.793,106.72,355323
2026-05-29T13:40:00+00:00,106.765,106.92,106.05,106.6,232960
2026-05-29T13:45:00+00:00,106.639,107.41,106.595,106.85,276428
2026-05-29T13:50:00+00:00,106.85,107.34,106.55,107.24,505869
2026-05-29T13:55:00+00:00,107.25,107.73,106.76,106.95,403602
2026-05-29T14:00:00+00:00,107.04,107.245,106.23,106.35,342489
2026-05-29T14:05:00+00:00,106.365,106.53,106.0,106.1,266330
2026-05-29T14:10:00+00:00,106.1,106.34,105.57,105.59,327801
2026-05-29T14:15:00+00:00,105.58,105.69,103.77,103.939,581171
2026-05-29T14:20:00+00:00,103.89,104.15,103.05,103.085,491589
2026-05-29T14:25:00+00:00,103.078,103.55,102.45,103.52,436687
2026-05-29T14:30:00+00:00,103.495,104.12,103.38,103.82,348742
2026-05-29T14:35:00+00:00,103.82,103.85,102.73,102.75,339080
2026-05-29T14:40:00+00:00,102.76,103.1,102.3,102.37,408734
2026-05-29T14:45:00+00:00,102.345,103.32,102.3,103.28,237429
2026-05-29T14:50:00+00:00,103.205,104.02,103.175,103.62,290682
2026-05-29T14:55:00+00:00,103.59,104.15,103.59,103.865,219081
2026-05-29T15:00:00+00:00,103.88,104.59,103.855,104.56,267375
2026-05-29T15:05:00+00:00,104.555,105.1,104.182,104.81,192647
2026-05-29T15:10:00+00:00,104.85,105.5,104.85,105.345,210344
2026-05-29T15:15:00+00:00,105.38,105.615,105.06,105.36,132177
2026-05-29T15:20:00+00:00,105.28,105.46,104.88,105.38,180258
2026-05-29T15:25:00+00:00,105.39,105.45,105.1,105.125,142609
2026-05-29T15:30:00+00:00,105.1,105.27,104.96,105.09,195544
2026-05-29T15:35:00+00:00,105.16,105.35,105.071,105.21,64046
2026-05-29T15:40:00+00:00,105.18,105.27,104.78,104.9,152090
2026-05-29T15:45:00+00:00,104.91,105.08,104.61,105.035,101736
2026-05-29T15:50:00+00:00,105.035,105.105,104.762,104.86,182558
2026-05-29T15:55:00+00:00,104.878,105.03,104.52,104.583,108097
2026-05-29T16:00:00+00:00,104.6,105.44,104.56,105.27,99727
2026-05-29T16:05:00+00:00,105.275,105.78,105.275,105.71,113578
2026-05-29T16:10:00+00:00,105.74,105.75,105.55,105.67,86114
2026-05-29T16:15:00+00:00,105.65,105.779,105.253,105.28,100111
2026-05-29T16:20:00+00:00,105.31,105.32,104.78,104.78,106913
2026-05-29T16:25:00+00:00,104.78,104.79,104.45,104.64,178058
2026-05-29T16:30:00+00:00,104.655,105.08,104.28,105.08,147427
2026-05-29T16:35:00+00:00,105.078,106.1,105.01,106.08,146433
2026-05-29T16:40:00+00:00,106.055,106.5,105.752,105.835,202275
2026-05-29T16:45:00+00:00,105.835,106.07,105.7,105.81,102732
2026-05-29T16:50:00+00:00,105.855,106.08,105.71,105.935,160834
2026-05-29T16:55:00+00:00,105.935,106.48,105.88,106.265,95075
2026-05-29T17:00:00+00:00,106.265,106.48,106.2,106.365,104017
2026-05-29T17:05:00+00:00,106.365,106.55,106.24,106.32,142932
2026-05-29T17:10:00+00:00,106.36,106.38,106.03,106.04,110542
2026-05-29T17:15:00+00:00,106.075,106.29,105.9,106.04,150237
2026-05-29T17:20:00+00:00,106.055,106.24,105.83,106.21,109250
2026-05-29T17:25:00+00:00,106.21,106.24,105.85,105.905,89143
2026-05-29T17:30:00+00:00,105.905,106.17,105.82,106.17,60536
2026-05-29T17:35:00+00:00,106.17,106.37,105.99,106.07,91124
2026-05-29T17:40:00+00:00,106.09,106.19,105.75,105.815,97226
2026-05-29T17:45:00+00:00,105.82,105.85,105.5,105.5,85635
2026-05-29T17:50:00+00:00,105.5,105.71,105.34,105.43,86284
2026-05-29T17:55:00+00:00,105.35,105.42,105.181,105.21,69156
2026-05-29T18:00:00+00:00,105.22,105.48,105.1,105.4,116545
2026-05-29T18:05:00+00:00,105.43,105.72,105.31,105.67,92292
2026-05-29T18:10:00+00:00,105.66,105.94,105.63,105.85,119660
2026-05-29T18:15:00+00:00,105.84,105.965,105.73,105.955,61056
2026-05-29T18:20:00+00:00,105.93,105.94,105.5,105.76,66689
2026-05-29T18:25:00+00:00,105.73,106.01,105.66,105.975,57403
2026-05-29T18:30:00+00:00,105.975,106.15,105.8,105.965,94756
2026-05-29T18:35:00+00:00,105.965,106.07,105.7,105.8,65844
2026-05-29T18:40:00+00:00,105.8,105.84,105.67,105.83,78361
2026-05-29T18:45:00+00:00,105.81,105.815,105.46,105.49,64690
2026-05-29T18:50:00+00:00,105.485,105.61,105.42,105.47,93582
2026-05-29T18:55:00+00:00,105.44,105.44,105.12,105.185,96742
2026-05-29T19:00:00+00:00,105.185,105.22,104.91,105.065,95096
2026-05-29T19:05:00+00:00,105.074,105.35,105.04,105.311,142426
2026-05-29T19:10:00+00:00,105.335,105.56,105.17,105.425,91349
2026-05-29T19:15:00+00:00,105.425,105.73,105.402,105.64,84603
2026-05-29T19:20:00+00:00,105.68,106.18,105.67,106.042,109687
2026-05-29T19:25:00+00:00,106.02,106.13,105.73,105.76,138750
2026-05-29T19:30:00+00:00,105.77,106.66,105.75,106.465,213917
2026-05-29T19:35:00+00:00,106.46,106.97,106.36,106.95,186167
2026-05-29T19:40:00+00:00,106.94,107.68,106.87,107.62,298516
2026-05-29T19:45:00+00:00,107.595,108.38,107.44,108.31,453984
2026-05-29T19:50:00+00:00,108.31,110.05,108.28,109.9,801339
2026-05-29T19:55:00+00:00,109.91,110.25,109.3,109.53,1294412
2026-05-29T20:00:00+00:00,109.53,109.53,108.53,109.53,628086
2026-05-29T20:05:00+00:00,109.37,109.87,109.109,109.4,667850
2026-05-29T20:10:00+00:00,109.3,109.53,108.93,109.09,64311
2026-05-29T20:15:00+00:00,109.0,109.1,108.62,108.99,5405
2026-05-29T20:20:00+00:00,108.99,109.53,108.73,108.8,5050
2026-05-29T20:25:00+00:00,109.0,109.0,108.8,108.8,6284
2026-05-29T20:30:00+00:00,108.851,109.53,108.654,108.71,15896
2026-05-29T20:35:00+00:00,108.78,108.88,108.7,108.75,4834
2026-05-29T20:40:00+00:00,108.75,108.88,108.7,108.854,6223
2026-05-29T20:45:00+00:00,108.79,109.2,108.73,109.03,31604
2026-05-29T20:50:00+00:00,109.03,109.2,108.84,109.2,13692
2026-05-29T20:55:00+00:00,109.2,109.2,108.7,108.8,28947
2026-05-29T21:00:00+00:00,108.82,108.88,108.6,108.85,7259
2026-05-29T21:05:00+00:00,108.85,108.85,108.1,108.6,2888
2026-05-29T21:10:00+00:00,108.6,108.74,108.26,108.68,2778
2026-05-29T21:15:00+00:00,108.66,108.87,108.66,108.7,4866
2026-05-29T21:20:00+00:00,108.7,108.73,108.56,108.561,2404
2026-05-29T21:25:00+00:00,108.6,108.711,108.56,108.56,1100
2026-05-29T21:30:00+00:00,108.73,108.73,108.56,108.7,8267
2026-05-29T21:35:00+00:00,108.7,108.7,108.313,108.45,7248
2026-05-29T21:40:00+00:00,108.46,108.55,108.36,108.54,3739
2026-05-29T21:45:00+00:00,108.55,108.55,108.4,108.413,1568
2026-05-29T21:50:00+00:00,108.434,108.5,108.36,108.5,2233
2026-05-29T21:55:00+00:00,108.378,108.559,108.378,108.489,2714
2026-05-29T22:00:00+00:00,108.401,108.55,108.4,108.5,1258
2026-05-29T22:05:00+00:00,108.54,108.56,108.45,108.49,2848
2026-05-29T22:10:00+00:00,108.5,108.5,108.45,108.499,2130
2026-05-29T22:15:00+00:00,108.49,108.5,108.3,108.474,6377
2026-05-29T22:20:00+00:00,108.399,108.47,108.125,108.125,4683
2026-05-29T22:25:00+00:00,108.17,108.2,107.75,107.99,10850
2026-05-29T22:30:00+00:00,107.97,107.97,107.51,107.731,6804
2026-05-29T22:35:00+00:00,107.76,107.8,107.609,107.8,1048
2026-05-29T22:40:00+00:00,107.8,107.9,107.58,107.852,7429
2026-05-29T22:45:00+00:00,107.89,108.3,107.87,108.3,1413
2026-05-29T22:50:00+00:00,108.224,108.25,108.05,108.2,2668
2026-05-29T22:55:00+00:00,108.25,108.3,108.25,108.27,4475
2026-05-29T23:00:00+00:00,108.27,108.29,108.01,108.24,360
2026-05-29T23:05:00+00:00,108.24,108.24,108.06,108.19,966
2026-05-29T23:10:00+00:00,108.2,108.21,108.01,108.01,1085
2026-05-29T23:15:00+00:00,108.2,108.2,108.01,108.15,521
2026-05-29T23:20:00+00:00,108.15,108.2,108.01,108.1,354
2026-05-29T23:25:00+00:00,108.07,108.15,108.01,108.14,706
2026-05-29T23:30:00+00:00,108.03,108.14,108.01,108.05,1750
2026-05-29T23:35:00+00:00,108.099,108.1,108.06,108.1,1279
2026-05-29T23:40:00+00:00,108.077,108.631,108.06,108.631,3083
2026-05-29T23:45:00+00:00,108.3,108.75,108.3,108.5,1917
2026-05-29T23:50:00+00:00,108.5,108.75,108.16,108.16,8995
2026-05-29T23:55:00+00:00,108.122,108.5,108.11,108.33,3883
2026-06-01T08:00:00+00:00,112.84,114.0,111.873,112.98,98669
2026-06-01T08:05:00+00:00,112.8,113.98,112.0,113.0,24176
2026-06-01T08:10:00+00:00,113.06,114.2,112.98,114.07,24288
2026-06-01T08:15:00+00:00,114.0,114.49,114.0,114.43,13658
2026-06-01T08:20:00+00:00,114.45,114.8,114.2,114.21,13283
2026-06-01T08:25:00+00:00,114.26,114.48,113.54,113.54,4961
2026-06-01T08:30:00+00:00,113.91,114.28,113.71,114.26,12374
2026-06-01T08:35:00+00:00,114.22,114.29,113.85,113.9,4411
2026-06-01T08:40:00+00:00,114.02,114.32,113.84,114.2,7565
2026-06-01T08:45:00+00:00,114.345,114.5,114.14,114.15,8362
2026-06-01T08:50:00+00:00,114.4,114.5,114.11,114.39,3847
2026-06-01T08:55:00+00:00,114.35,114.48,114.02,114.37,4805
2026-06-01T09:00:00+00:00,114.14,114.3,114.0,114.0,4356
2026-06-01T09:05:00+00:00,114.02,114.38,114.02,114.167,2159
2026-06-01T09:10:00+00:00,114.21,114.47,114.17,114.29,2560
2026-06-01T09:15:00+00:00,114.29,116.23,114.15,116.039,30574
2026-06-01T09:20:00+00:00,116.02,116.95,116.02,116.95,34896
2026-06-01T09:25:00+00:00,116.95,117.0,116.425,116.8,18718
2026-06-01T09:30:00+00:00,116.736,116.93,116.3,116.85,16794
2026-06-01T09:35:00+00:00,116.851,116.9,116.51,116.63,11391
2026-06-01T09:40:00+00:00,116.61,116.85,116.48,116.8,14332
2026-06-01T09:45:00+00:00,116.78,116.78,116.3,116.42,5448
2026-06-01T09:50:00+00:00,116.536,116.65,116.15,116.35,9888
2026-06-01T09:55:00+00:00,116.482,116.5,116.0,116.25,12312
2026-06-01T10:00:00+00:00,116.26,116.48,115.82,115.9,3598
2026-06-01T10:05:00+00:00,115.9,116.46,115.85,116.34,5893
2026-06-01T10:10:00+00:00,116.2,116.48,116.2,116.395,3709
2026-06-01T10:15:00+00:00,116.39,116.5,116.26,116.26,10756
2026-06-01T10:20:00+00:00,116.38,116.5,116.2,116.39,3743
2026-06-01T10:25:00+00:00,116.36,116.4,116.197,116.197,2723
2026-06-01T10:30:00+00:00,116.19,116.3,115.71,115.82,9811
2026-06-01T10:35:00+00:00,115.9,116.15,115.8,115.84,11538
2026-06-01T10:40:00+00:00,115.85,116.06,115.81,116.06,5992
2026-06-01T10:45:00+00:00,116.06,116.1,115.573,115.985,4669
2026-06-01T10:50:00+00:00,116.0,116.0,115.6,115.7,3336
2026-06-01T10:55:00+00:00,115.7,115.86,115.62,115.69,6396
2026-06-01T11:00:00+00:00,115.6,115.72,115.0,115.388,45797
2026-06-01T11:05:00+00:00,115.38,115.5,115.07,115.2,21043
2026-06-01T11:10:00+00:00,115.18,115.48,115.02,115.34,11164
2026-06-01T11:15:00+00:00,115.39,115.4,114.68,114.87,17743
2026-06-01T11:20:00+00:00,114.81,115.0,114.44,114.56,24126
2026-06-01T11:25:00+00:00,114.44,115.0,114.44,114.716,16994
2026-06-01T11:30:00+00:00,114.83,115.29,114.523,115.241,19736
2026-06-01T11:35:00+00:00,115.24,115.45,115.24,115.35,16851
2026-06-01T11:40:00+00:00,115.39,115.47,115.25,115.38,12454
2026-06-01T11:45:00+00:00,115.286,115.4,114.85,115.05,15868
2026-06-01T11:50:00+00:00,114.96,115.1,114.79,114.959,11550
2026-06-01T11:55:00+00:00,114.97,115.2,114.83,114.999,11427
2026-06-01T12:00:00+00:00,115.0,115.15,114.8,115.11,11993
2026-06-01T12:05:00+00:00,115.14,115.3,115.0,115.1,13040
2026-06-01T12:10:00+00:00,115.093,115.3,114.79,114.79,14741
2026-06-01T12:15:00+00:00,114.75,115.05,114.75,115.05,17965
2026-06-01T12:20:00+00:00,115.154,115.49,114.95,115.253,19350
2026-06-01T12:25:00+00:00,115.27,115.49,115.013,115.111,16111
2026-06-01T12:30:00+00:00,115.17,115.2,114.75,114.97,13456
2026-06-01T12:35:00+00:00,114.99,115.25,114.9,115.082,9451
2026-06-01T12:40:00+00:00,114.99,115.61,114.9,115.55,23782
2026-06-01T12:45:00+00:00,115.551,115.75,115.5,115.67,19409
2026-06-01T12:50:00+00:00,115.67,115.75,115.5,115.549,25695
2026-06-01T12:55:00+00:00,115.55,115.69,115.5,115.69,11457
2026-06-01T13:00:00+00:00,115.683,115.72,115.5,115.71,10433
2026-06-01T13:05:00+00:00,115.65,116.2,115.62,116.046,39501
2026-06-01T13:10:00+00:00,116.026,116.05,114.27,114.467,49017
2026-06-01T13:15:00+00:00,114.32,114.75,114.0,114.53,30668
2026-06-01T13:20:00+00:00,114.6,114.81,113.77,113.82,37277
2026-06-01T13:25:00+00:00,113.83,114.85,113.2,114.81,74697
2026-06-01T13:30:00+00:00,114.775,120.65,114.775,117.21,2076185
2026-06-01T13:35:00+00:00,117.27,118.24,115.61,117.845,1026523
2026-06-01T13:40:00+00:00,117.77,120.51,117.43,119.12,1094105
2026-06-01T13:45:00+00:00,119.175,121.3,118.66,119.21,1074533
2026-06-01T13:50:00+00:00,119.215,119.98,117.7,118.34,843370
2026-06-01T13:55:00+00:00,118.32,119.51,118.11,118.5,612102
2026-06-01T14:00:00+00:00,118.456,121.65,118.22,121.61,856847
2026-06-01T14:05:00+00:00,121.67,123.79,121.66,123.549,1214930
2026-06-01T14:10:00+00:00,123.595,123.75,122.21,122.86,668459
2026-06-01T14:15:00+00:00,122.86,125.03,122.8,123.69,921652
2026-06-01T14:20:00+00:00,123.66,125.58,123.59,125.06,740780
2026-06-01T14:25:00+00:00,125.06,125.83,124.28,125.46,679193
2026-06-01T14:30:00+00:00,125.43,126.97,125.31,125.61,749294
2026-06-01T14:35:00+00:00,125.56,126.26,125.34,125.57,601552
2026-06-01T14:40:00+00:00,125.472,126.14,124.93,125.625,572437
2026-06-01T14:45:00+00:00,125.64,126.15,125.02,125.54,556669
2026-06-01T14:50:00+00:00,125.6,125.76,124.7,125.65,363429
2026-06-01T14:55:00+00:00,125.655,126.56,125.51,126.525,391948
2026-06-01T15:00:00+00:00,126.57,127.0,124.585,124.625,642230
2026-06-01T15:05:00+00:00,124.58,125.0,123.8,124.05,691292
2026-06-01T15:10:00+00:00,124.03,124.38,123.41,124.245,392460
2026-06-01T15:15:00+00:00,124.21,124.795,123.95,124.21,370424
2026-06-01T15:20:00+00:00,124.16,124.18,122.59,122.61,432024
2026-06-01T15:25:00+00:00,122.63,122.96,121.685,122.9,447167
2026-06-01T15:30:00+00:00,122.86,124.4,122.85,123.69,301168
2026-06-01T15:35:00+00:00,123.672,124.97,123.573,124.81,341045
2026-06-01T15:40:00+00:00,124.74,125.0,124.37,124.545,357919
2026-06-01T15:45:00+00:00,124.625,124.905,124.231,124.485,228344
2026-06-01T15:50:00+00:00,124.455,124.69,124.22,124.365,148404
2026-06-01T15:55:00+00:00,124.4,124.47,123.22,123.27,255870
2026-06-01T16:00:00+00:00,123.305,123.82,123.28,123.66,264255
2026-06-01T16:05:00+00:00,123.69,123.73,123.4,123.41,142056
2026-06-01T16:10:00+00:00,123.32,123.373,122.64,123.18,352399
2026-06-01T16:15:00+00:00,123.18,123.24,122.8,123.09,193292
2026-06-01T16:20:00+00:00,123.09,123.55,122.85,123.31,152264
2026-06-01T16:25:00+00:00,123.35,123.62,122.921,123.185,161723
2026-06-01T16:30:00+00:00,123.19,124.29,122.85,124.22,207376
2026-06-01T16:35:00+00:00,124.16,124.57,124.08,124.485,184686
2026-06-01T16:40:00+00:00,124.44,124.71,124.21,124.26,163890
2026-06-01T16:45:00+00:00,124.23,124.35,123.81,123.84,181810
2026-06-01T16:50:00+00:00,123.9,124.7,123.75,124.64,178480
2026-06-01T16:55:00+00:00,124.6,125.25,124.55,125.07,273316
2026-06-01T17:00:00+00:00,125.095,125.2,124.82,124.965,140144
2026-06-01T17:05:00+00:00,124.96,125.13,124.67,124.955,203922
2026-06-01T17:10:00+00:00,124.93,125.3,124.62,125.075,172747
2026-06-01T17:15:00+00:00,125.075,125.25,124.86,124.938,113755
2026-06-01T17:20:00+00:00,124.9,125.65,124.84,125.46,239212
2026-06-01T17:25:00+00:00,125.5,125.64,125.04,125.29,210966
2026-06-01T17:30:00+00:00,125.34,125.62,124.83,125.56,352747
2026-06-01T17:35:00+00:00,125.56,126.4,125.43,126.15,270141
2026-06-01T17:40:00+00:00,126.08,126.4,125.37,126.255,238743
2026-06-01T17:45:00+00:00,126.255,126.628,126.14,126.505,201081
2026-06-01T17:50:00+00:00,126.505,126.87,126.495,126.82,185305
2026-06-01T17:55:00+00:00,126.82,127.27,126.8,127.1,300917
2026-06-01T18:00:00+00:00,127.15,127.5,126.68,127.48,221244
2026-06-01T18:05:00+00:00,127.485,127.849,127.41,127.51,267044
2026-06-01T18:10:00+00:00,127.55,127.68,126.82,126.88,258553
2026-06-01T18:15:00+00:00,126.86,127.06,126.41,126.71,235812
2026-06-01T18:20:00+00:00,126.695,126.91,126.6,126.845,118533
2026-06-01T18:25:00+00:00,126.81,127.41,126.81,127.13,290118
2026-06-01T18:30:00+00:00,127.155,127.17,125.73,125.81,332222
2026-06-01T18:35:00+00:00,125.78,125.95,125.5,125.72,285204
2026-06-01T18:40:00+00:00,125.745,125.79,125.09,125.41,171695
2026-06-01T18:45:00+00:00,125.45,125.695,125.15,125.15,205105
2026-06-01T18:50:00+00:00,125.16,125.2,124.7,124.88,208226
2026-06-01T18:55:00+00:00,124.84,125.12,124.76,124.81,165077
2026-06-01T19:00:00+00:00,124.81,125.58,124.41,125.19,421358
2026-06-01T19:05:00+00:00,125.22,125.355,124.414,125.17,261626
2026-06-01T19:10:00+00:00,125.15,125.68,124.83,125.68,313583
2026-06-01T19:15:00+00:00,125.66,125.66,124.65,124.83,243515
2026-06-01T19:20:00+00:00,124.84,125.45,124.452,124.6,278125
2026-06-01T19:25:00+00:00,124.58,124.64,123.72,124.46,396036
2026-06-01T19:30:00+00:00,124.44,124.74,124.07,124.38,222132
2026-06-01T19:35:00+00:00,124.345,124.42,123.8,124.34,327389
2026-06-01T19:40:00+00:00,124.32,124.61,124.09,124.26,293785
2026-06-01T19:45:00+00:00,124.24,124.57,123.32,123.9,342066
2026-06-01T19:50:00+00:00,123.89,125.29,123.81,124.69,485280
2026-06-01T19:55:00+00:00,124.7,125.55,124.23,124.82,1257682
2026-06-01T20:00:00+00:00,124.82,125.5,124.47,125.4,441029
2026-06-01T20:05:00+00:00,125.21,125.9,125.2,125.22,1346876
2026-06-01T20:10:00+00:00,125.5,126.49,124.82,126.35,112216
2026-06-01T20:15:00+00:00,126.35,126.5,126.0,126.01,14008
2026-06-01T20:20:00+00:00,126.01,126.2,126.0,126.09,13070
2026-06-01T20:25:00+00:00,126.11,126.192,125.97,126.05,16026
2026-06-01T20:30:00+00:00,126.05,126.1,126.0,126.05,20936
2026-06-01T20:35:00+00:00,126.033,126.05,125.56,125.68,24636
2026-06-01T20:40:00+00:00,125.56,125.776,125.01,125.75,10243
2026-06-01T20:45:00+00:00,125.79,125.86,125.26,125.31,18873
2026-06-01T20:50:00+00:00,125.51,125.81,125.26,125.5,4473
2026-06-01T20:55:00+00:00,125.48,125.5,125.0,125.06,3700
2026-06-01T21:00:00+00:00,125.02,125.9,124.74,124.9,1784677
2026-06-01T21:05:00+00:00,124.78,125.9,124.5,124.62,8208
2026-06-01T21:10:00+00:00,124.6,125.3,123.6,125.0,22717
2026-06-01T21:15:00+00:00,125.3,125.3,124.82,125.0,16728
2026-06-01T21:20:00+00:00,125.0,125.22,124.9,124.93,5330
2026-06-01T21:25:00+00:00,124.93,125.1,124.82,124.82,2081
2026-06-01T21:30:00+00:00,124.987,125.214,124.82,125.1,4459
2026-06-01T21:35:00+00:00,125.11,125.2,125.0,125.0,7130
2026-06-01T21:40:00+00:00,125.0,125.18,125.0,125.12,14860
2026-06-01T21:45:00+00:00,125.176,125.5,125.13,125.25,4534
2026-06-01T21:50:00+00:00,125.26,125.5,125.26,125.4,7636
2026-06-01T21:55:00+00:00,125.42,125.9,125.22,125.76,6572
2026-06-01T22:00:00+00:00,125.7,125.9,125.3,125.8,6224
2026-06-01T22:05:00+00:00,125.44,125.8,125.21,125.41,6102
2026-06-01T22:10:00+00:00,125.5,125.8,125.4,125.8,5831
2026-06-01T22:15:00+00:00,125.6,125.8,125.4,125.7,2693
2026-06-01T22:20:00+00:00,125.7,125.8,125.2,125.33,9183
2026-06-01T22:25:00+00:00,125.36,125.75,125.36,125.64,7625
2026-06-01T22:30:00+00:00,125.7,125.72,125.18,125.609,3876
2026-06-01T22:35:00+00:00,125.4,125.62,125.2,125.2,8533
2026-06-01T22:40:00+00:00,125.513,125.57,125.0,125.12,12527
2026-06-01T22:45:00+00:00,125.18,125.5,125.1,125.49,3696
2026-06-01T22:50:00+00:00,125.35,125.49,125.1,125.1,3527
2026-06-01T22:55:00+00:00,125.01,125.25,124.81,125.1,4171
2026-06-01T23:00:00+00:00,125.0,125.24,124.8,125.19,3625
2026-06-01T23:05:00+00:00,125.18,125.19,124.81,125.0,1653
2026-06-01T23:10:00+00:00,124.9,125.1,124.71,124.98,5333
2026-06-01T23:15:00+00:00,125.1,125.1,124.67,124.86,8599
2026-06-01T23:20:00+00:00,124.93,125.21,124.8,125.186,6650
2026-06-01T23:25:00+00:00,125.2,125.2,125.0,125.2,3958
2026-06-01T23:30:00+00:00,125.13,125.22,125.01,125.22,5398
2026-06-01T23:35:00+00:00,125.18,125.5,125.18,125.25,4876
2026-06-01T23:40:00+00:00,125.36,125.79,125.25,125.78,12172
2026-06-01T23:45:00+00:00,125.75,125.79,125.65,125.69,7195
2026-06-01T23:50:00+00:00,125.69,125.9,125.67,125.891,5508
2026-06-01T23:55:00+00:00,125.9,126.35,125.84,126.35,16527
2026-06-02T08:00:00+00:00,125.2,129.8,125.13,129.8,93988
2026-06-02T08:05:00+00:00,128.85,130.72,128.57,130.51,33629
2026-06-02T08:10:00+00:00,130.72,130.87,129.89,130.34,16751
2026-06-02T08:15:00+00:00,130.51,130.7,129.35,129.5,10973
2026-06-02T08:20:00+00:00,129.5,129.796,128.31,129.04,8094
2026-06-02T08:25:00+00:00,129.04,129.13,128.63,128.63,5908
2026-06-02T08:30:00+00:00,128.63,129.8,128.41,129.5,11943
2026-06-02T08:35:00+00:00,129.8,130.0,129.3,129.456,4236
2026-06-02T08:40:00+00:00,129.08,129.548,128.88,129.11,4617
2026-06-02T08:45:00+00:00,128.91,129.69,128.86,129.51,6845
2026-06-02T08:50:00+00:00,129.5,130.0,129.38,129.55,11442
2026-06-02T08:55:00+00:00,129.413,129.6,129.15,129.46,6803
2026-06-02T09:00:00+00:00,129.437,129.66,128.98,128.98,4764
2026-06-02T09:05:00+00:00,128.95,129.41,128.409,128.45,14689
2026-06-02T09:10:00+00:00,128.78,128.9,128.1,128.27,4546
2026-06-02T09:15:00+00:00,128.32,128.81,128.142,128.44,5005
2026-06-02T09:20:00+00:00,128.44,128.687,128.0,128.58,8536
2026-06-02T09:25:00+00:00,128.725,128.725,128.35,128.36,1487
2026-06-02T09:30:00+00:00,128.36,128.9,128.36,128.69,2338
2026-06-02T09:35:00+00:00,128.9,128.9,128.425,128.65,5813
2026-06-02T09:40:00+00:00,128.47,129.494,128.34,129.494,10705
2026-06-02T09:45:00+00:00,129.3,129.61,129.1,129.53,1979
2026-06-02T09:50:00+00:00,129.55,129.8,129.35,129.45,1809
2026-06-02T09:55:00+00:00,129.67,129.8,129.2,129.2,2769
2026-06-02T10:00:00+00:00,129.25,129.41,128.93,129.03,6690
2026-06-02T10:05:00+00:00,129.0,129.45,128.98,129.14,5048
2026-06-02T10:10:00+00:00,129.1,129.5,128.89,129.03,3310
2026-06-02T10:15:00+00:00,129.0,129.189,128.6,128.6,3133
2026-06-02T10:20:00+00:00,128.61,128.88,127.714,128.05,12990
2026-06-02T10:25:00+00:00,128.0,128.334,127.76,128.2,4531
2026-06-02T10:30:00+00:00,128.1,128.38,127.8,127.8,4199
2026-06-02T10:35:00+00:00,128.0,128.0,127.3,127.59,4643
2026-06-02T10:40:00+00:00,127.522,127.7,127.3,127.404,2385
2026-06-02T10:45:00+00:00,127.3,127.52,126.76,127.5,6978
2026-06-02T10:50:00+00:00,127.34,127.93,127.3,127.93,6062
2026-06-02T10:55:00+00:00,127.79,127.8,127.4,127.4,3010
2026-06-02T11:00:00+00:00,127.425,127.6,126.366,126.43,22854
2026-06-02T11:05:00+00:00,126.55,127.4,126.2,127.4,39015
2026-06-02T11:10:00+00:00,127.5,127.66,127.4,127.6,13803
2026-06-02T11:15:00+00:00,127.57,127.81,127.5,127.55,10279
2026-06-02T11:20:00+00:00,127.5,129.25,127.22,129.0,22221
2026-06-02T11:25:00+00:00,129.25,130.445,128.89,130.15,66515
2026-06-02T11:30:00+00:00,130.12,130.56,129.75,130.42,53857
2026-06-02T11:35:00+00:00,130.48,130.561,130.1,130.306,45699
2026-06-02T11:40:00+00:00,130.537,130.545,129.5,129.8,31336
2026-06-02T11:45:00+00:00,129.8,130.1,129.55,129.7,18752
2026-06-02T11:50:00+00:00,129.6,129.88,129.2,129.382,17079
2026-06-02T11:55:00+00:00,129.33,129.46,128.9,129.02,25112
2026-06-02T12:00:00+00:00,129.04,129.16,128.8,128.99,13406
2026-06-02T12:05:00+00:00,128.98,129.18,128.5,129.18,18098
2026-06-02T12:10:00+00:00,129.16,129.97,129.1,129.7,27062
2026-06-02T12:15:00+00:00,129.865,130.0,129.63,129.73,15541
2026-06-02T12:20:00+00:00,129.67,130.11,129.2,130.06,46122
2026-06-02T12:25:00+00:00,130.049,130.06,129.47,129.74,15259
2026-06-02T12:30:00+00:00,129.7,129.9,129.45,129.77,15804
2026-06-02T12:35:00+00:00,129.75,130.12,129.56,129.77,25355
2026-06-02T12:40:00+00:00,129.701,130.67,129.7,130.604,36402
2026-06-02T12:45:00+00:00,130.68,132.0,130.27,131.9,51815
2026-06-02T12:50:00+00:00,131.9,133.17,131.9,132.91,115683
2026-06-02T12:55:00+00:00,132.92,133.149,132.2,132.311,59518
2026-06-02T13:00:00+00:00,132.312,132.35,131.59,131.76,58554
2026-06-02T13:05:00+00:00,131.85,132.29,131.25,131.25,46487
2026-06-02T13:10:00+00:00,131.22,132.19,131.13,131.833,34422
2026-06-02T13:15:00+00:00,131.77,131.9,131.51,131.61,37288
2026-06-02T13:20:00+00:00,131.61,132.2,131.505,132.088,34238
2026-06-02T13:25:00+00:00,132.01,132.01,129.91,129.91,94823
2026-06-02T13:30:00+00:00,129.96,132.13,127.2,128.67,1542939
2026-06-02T13:35:00+00:00,128.73,130.0,126.48,126.61,1049413
2026-06-02T13:40:00+00:00,126.61,126.87,125.11,125.48,925454
2026-06-02T13:45:00+00:00,125.505,126.58,124.48,126.48,729161
2026-06-02T13:50:00+00:00,126.49,126.95,125.45,125.89,568231
2026-06-02T13:55:00+00:00,125.89,126.7,125.2,126.54,429521
2026-06-02T14:00:00+00:00,126.6,126.62,123.73,124.48,735148
2026-06-02T14:05:00+00:00,124.48,126.17,124.44,125.77,528552
2026-06-02T14:10:00+00:00,125.75,126.95,125.11,126.28,366024
2026-06-02T14:15:00+00:00,126.295,126.575,125.53,125.74,391528
2026-06-02T14:20:00+00:00,125.78,126.27,124.22,124.26,375766
2026-06-02T14:25:00+00:00,124.26,124.29,122.801,123.09,578970
2026-06-02T14:30:00+00:00,123.27,123.68,122.5,122.62,369616
2026-06-02T14:35:00+00:00,122.638,123.19,122.26,123.11,288486
2026-06-02T14:40:00+00:00,123.11,123.15,122.11,122.56,292480
2026-06-02T14:45:00+00:00,122.495,123.83,122.24,123.45,1157119
2026-06-02T14:50:00+00:00,123.5,123.84,122.74,122.86,211766
2026-06-02T14:55:00+00:00,122.89,123.19,122.02,122.59,293685
2026-06-02T15:00:00+00:00,122.59,123.27,122.5,122.58,275152
2026-06-02T15:05:00+00:00,122.65,122.98,122.1,122.794,173146
2026-06-02T15:10:00+00:00,122.765,123.86,122.58,123.78,324040
2026-06-02T15:15:00+00:00,123.79,124.46,123.45,124.215,349338
2026-06-02T15:20:00+00:00,124.15,124.255,123.61,124.21,171282
2026-06-02T15:25:00+00:00,124.29,124.53,123.9,124.04,196372
2026-06-02T15:30:00+00:00,123.995,123.995,123.4,123.9,141339
2026-06-02T15:35:00+00:00,123.92,124.5,123.4,123.82,171952
2026-06-02T15:40:00+00:00,123.96,123.96,123.5,123.65,87783
2026-06-02T15:45:00+00:00,123.66,124.31,123.64,123.64,115282
2026-06-02T15:50:00+00:00,123.65,123.732,123.25,123.565,114791
2026-06-02T15:55:00+00:00,123.575,123.94,123.5,123.81,78236
2026-06-02T16:00:00+00:00,123.84,123.91,123.38,123.455,99554
2026-06-02T16:05:00+00:00,123.46,123.51,123.12,123.19,113836
2026-06-02T16:10:00+00:00,123.19,123.59,122.81,123.56,134183
2026-06-02T16:15:00+00:00,123.5,123.65,123.18,123.46,80688
2026-06-02T16:20:00+00:00,123.47,123.58,122.4,123.19,160565
2026-06-02T16:25:00+00:00,123.09,123.12,122.6,122.785,93121
2026-06-02T16:30:00+00:00,122.8,122.895,122.51,122.59,69492
2026-06-02T16:35:00+00:00,122.54,122.59,121.79,121.98,240863
2026-06-02T16:40:00+00:00,121.99,122.67,121.975,122.57,108478
2026-06-02T16:45:00+00:00,122.575,122.62,122.152,122.44,78532
2026-06-02T16:50:00+00:00,122.39,122.839,122.39,122.605,86887
2026-06-02T16:55:00+00:00,122.54,122.575,122.24,122.33,71797
2026-06-02T17:00:00+00:00,122.33,122.4,122.0,122.01,82225
2026-06-02T17:05:00+00:00,122.05,122.25,121.0,121.26,263290
2026-06-02T17:10:00+00:00,121.27,121.63,121.24,121.435,186625
2026-06-02T17:15:00+00:00,121.447,121.447,120.61,121.0,217650
2026-06-02T17:20:00+00:00,120.99,121.18,120.81,121.06,142958
2026-06-02T17:25:00+00:00,121.105,121.57,121.105,121.52,125955
2026-06-02T17:30:00+00:00,121.44,121.99,121.44,121.765,136343
2026-06-02T17:35:00+00:00,121.785,122.46,121.78,122.11,158664
2026-06-02T17:40:00+00:00,122.105,122.52,122.07,122.34,115228
2026-06-02T17:45:00+00:00,122.33,122.34,121.7,121.88,128979
2026-06-02T17:50:00+00:00,121.9,122.09,121.75,121.96,78893
2026-06-02T17:55:00+00:00,121.97,121.98,121.16,121.205,123071
2026-06-02T18:00:00+00:00,121.16,121.17,120.8,121.08,152052
2026-06-02T18:05:00+00:00,121.044,121.288,120.831,121.288,86622
2026-06-02T18:10:00+00:00,121.25,121.33,121.03,121.09,81791
2026-06-02T18:15:00+00:00,121.1,121.13,120.51,120.745,141364
2026-06-02T18:20:00+00:00,120.74,120.74,120.2,120.44,184999
2026-06-02T18:25:00+00:00,120.44,120.46,120.08,120.28,191403
2026-06-02T18:30:00+00:00,120.28,120.91,120.045,120.85,141769
2026-06-02T18:35:00+00:00,120.88,121.178,120.57,120.57,180923
2026-06-02T18:40:00+00:00,120.555,120.73,120.03,120.045,115371
2026-06-02T18:45:00+00:00,120.045,120.08,119.55,120.065,245758
2026-06-02T18:50:00+00:00,120.07,120.23,119.82,119.98,114520
2026-06-02T18:55:00+00:00,119.94,120.23,119.82,119.88,111052
2026-06-02T19:00:00+00:00,119.93,119.93,119.49,119.57,129223
2026-06-02T19:05:00+00:00,119.56,119.921,119.19,119.415,160588
2026-06-02T19:10:00+00:00,119.4,119.6,119.1,119.58,181760
2026-06-02T19:15:00+00:00,119.55,119.66,118.88,119.155,164522
2026-06-02T19:20:00+00:00,119.2,119.48,119.03,119.395,127677
2026-06-02T19:25:00+00:00,119.4,119.58,119.19,119.58,145834
2026-06-02T19:30:00+00:00,119.47,120.13,119.43,119.58,200314
2026-06-02T19:35:00+00:00,119.61,119.94,119.36,119.785,129734
2026-06-02T19:40:00+00:00,119.77,120.16,119.615,120.025,142754
2026-06-02T19:45:00+00:00,120.025,120.28,119.92,120.19,149288
2026-06-02T19:50:00+00:00,120.15,120.43,119.135,119.185,574949
2026-06-02T19:55:00+00:00,119.185,119.36,118.82,119.27,777735
2026-06-02T20:00:00+00:00,119.27,119.49,118.1,118.988,1161118
2026-06-02T20:05:00+00:00,119.0,119.29,118.5,119.07,40180
2026-06-02T20:10:00+00:00,119.29,119.74,119.14,119.56,30100
2026-06-02T20:15:00+00:00,119.45,119.8,119.27,119.699,30071
2026-06-02T20:20:00+00:00,119.62,119.94,119.62,119.79,7681
2026-06-02T20:25:00+00:00,119.79,119.8,119.55,119.68,3994
2026-06-02T20:30:00+00:00,119.62,119.79,119.55,119.78,2002
2026-06-02T20:35:00+00:00,119.79,120.12,119.76,120.0,990895
2026-06-02T20:40:00+00:00,120.11,120.11,119.85,120.0,5835
2026-06-02T20:45:00+00:00,120.098,120.42,120.0,120.4,156619
2026-06-02T20:50:00+00:00,120.299,120.7,120.299,120.6,21765
2026-06-02T20:55:00+00:00,120.53,120.6,120.3,120.34,224724
2026-06-02T21:00:00+00:00,120.422,120.422,120.16,120.26,6478
2026-06-02T21:05:00+00:00,120.25,120.25,120.02,120.2,7000
2026-06-02T21:10:00+00:00,120.1,120.44,120.02,120.39,2362
2026-06-02T21:15:00+00:00,120.4,120.4,120.17,120.25,2178
2026-06-02T21:20:00+00:00,120.338,120.39,120.16,120.29,5635
2026-06-02T21:25:00+00:00,120.34,120.34,120.16,120.19,2621
2026-06-02T21:30:00+00:00,120.17,120.3,120.02,120.2,3770
2026-06-02T21:35:00+00:00,120.2,120.2,120.0,120.13,4930
2026-06-02T21:40:00+00:00,120.2,120.39,120.088,120.33,6341
2026-06-02T21:45:00+00:00,120.36,120.39,120.0,120.37,1122
2026-06-02T21:50:00+00:00,120.29,120.38,120.0,120.3,2548
2026-06-02T21:55:00+00:00,120.29,120.35,120.25,120.29,3259
2026-06-02T22:00:00+00:00,120.29,120.35,120.0,120.089,2196
2026-06-02T22:05:00+00:00,120.14,120.38,120.08,120.3,1759
2026-06-02T22:10:00+00:00,120.3,120.37,120.2,120.256,747
2026-06-02T22:15:00+00:00,120.31,120.37,120.02,120.02,3988
2026-06-02T22:20:00+00:00,120.18,120.3,120.14,120.2,2390
2026-06-02T22:25:00+00:00,120.22,120.37,120.14,120.34,1571
2026-06-02T22:30:00+00:00,120.34,120.38,120.08,120.09,7581
2026-06-02T22:35:00+00:00,120.182,120.19,119.99,120.04,4564
2026-06-02T22:40:00+00:00,119.9,120.071,119.71,119.987,3839
2026-06-02T22:45:00+00:00,120.0,120.05,119.77,119.87,2811
2026-06-02T22:50:00+00:00,119.84,119.89,119.5,119.55,3662
2026-06-02T22:55:00+00:00,119.589,119.68,119.5,119.5,2705
2026-06-02T23:00:00+00:00,119.51,119.67,119.4,119.49,7021
2026-06-02T23:05:00+00:00,119.4,119.68,119.28,119.5,7522
2026-06-02T23:10:00+00:00,119.68,119.68,119.3,119.5,4524
2026-06-02T23:15:00+00:00,119.5,119.68,119.01,119.01,10581
2026-06-02T23:20:00+00:00,119.05,119.1,118.29,118.39,25690
2026-06-02T23:25:00+00:00,118.348,118.62,117.851,117.9,29886
2026-06-02T23:30:00+00:00,117.792,118.69,117.792,118.55,12679
2026-06-02T23:35:00+00:00,118.68,118.97,118.384,118.96,6820
2026-06-02T23:40:00+00:00,118.96,119.5,118.63,119.4,5497
2026-06-02T23:45:00+00:00,119.5,119.5,119.0,119.28,2130
2026-06-02T23:50:00+00:00,119.28,119.3,119.05,119.1,6446
2026-06-02T23:55:00+00:00,119.2,119.38,119.05,119.05,4072
2026-06-03T08:00:00+00:00,119.766,120.43,118.72,120.14,26380
2026-06-03T08:05:00+00:00,120.25,120.49,119.01,120.4,3800
2026-06-03T08:10:00+00:00,120.3,122.0,120.23,121.5,9740
2026-06-03T08:15:00+00:00,121.5,122.45,121.41,122.2,12219
2026-06-03T08:20:00+00:00,122.017,122.261,121.4,121.553,5277
2026-06-03T08:25:00+00:00,121.79,122.4,121.6,122.4,6931
2026-06-03T08:30:00+00:00,122.24,122.5,121.8,122.24,7852
2026-06-03T08:35:00+00:00,122.24,122.4,121.6,121.9,7082
2026-06-03T08:40:00+00:00,121.7,121.87,121.3,121.46,5198
2026-06-03T08:45:00+00:00,121.45,121.5,120.9,121.14,5585
2026-06-03T08:50:00+00:00,121.14,121.23,120.75,120.77,3269
2026-06-03T08:55:00+00:00,120.9,121.2,120.6,121.14,3539
2026-06-03T09:00:00+00:00,121.05,121.2,120.73,120.73,1918
2026-06-03T09:05:00+00:00,120.85,120.99,120.22,120.94,5156
2026-06-03T09:10:00+00:00,120.94,120.94,120.1,120.49,2788
2026-06-03T09:15:00+00:00,120.33,120.51,119.7,119.95,3619
2026-06-03T09:20:00+00:00,119.96,120.34,119.84,120.273,3340
2026-06-03T09:25:00+00:00,120.22,120.77,120.0,120.77,2247
2026-06-03T09:30:00+00:00,120.67,120.74,120.276,120.35,1969
2026-06-03T09:35:00+00:00,120.27,120.5,120.19,120.19,2436
2026-06-03T09:40:00+00:00,120.19,120.27,119.5,119.68,10315
2026-06-03T09:45:00+00:00,119.681,119.95,119.08,119.167,7903
2026-06-03T09:50:00+00:00,119.17,119.67,119.0,119.0,3235
2026-06-03T09:55:00+00:00,119.12,119.27,119.01,119.12,1615
2026-06-03T10:00:00+00:00,119.03,119.13,118.38,118.47,8664
2026-06-03T10:05:00+00:00,118.442,119.56,118.4,119.1,10077
2026-06-03T10:10:00+00:00,119.222,119.961,119.222,119.79,13051
2026-06-03T10:15:00+00:00,119.76,119.97,119.35,119.45,4068
2026-06-03T10:20:00+00:00,119.45,119.5,119.24,119.5,3854
2026-06-03T10:25:00+00:00,119.7,119.866,119.376,119.79,489
2026-06-03T10:30:00+00:00,119.61,120.08,119.52,119.9,3288
2026-06-03T10:35:00+00:00,120.02,120.08,119.56,119.78,2073
2026-06-03T10:40:00+00:00,119.75,119.95,119.38,119.39,4849
2026-06-03T10:45:00+00:00,119.7,119.7,119.35,119.46,915
2026-06-03T10:50:00+00:00,119.35,119.454,119.018,119.37,3435
2026-06-03T10:55:00+00:00,119.37,119.55,119.37,119.55,673
2026-06-03T11:00:00+00:00,119.5,120.25,119.36,120.199,5565
2026-06-03T11:05:00+00:00,120.13,120.5,120.1,120.47,27529
2026-06-03T11:10:00+00:00,120.479,120.98,120.41,120.8,12094
2026-06-03T11:15:00+00:00,120.86,121.5,120.6,121.38,14905
2026-06-03T11:20:00+00:00,121.38,121.8,121.28,121.28,11482
2026-06-03T11:25:00+00:00,121.328,121.99,120.8,121.1,9624
2026-06-03T11:30:00+00:00,121.01,121.75,120.8,120.9,11575
2026-06-03T11:35:00+00:00,121.0,121.2,120.3,120.7,14057
2026-06-03T11:40:00+00:00,120.7,120.95,120.51,120.82,2748
2026-06-03T11:45:00+00:00,120.8,121.35,120.7,121.18,4953
2026-06-03T11:50:00+00:00,121.19,121.8,121.05,121.749,5804
2026-06-03T11:55:00+00:00,121.63,121.8,121.5,121.64,15591
2026-06-03T12:00:00+00:00,121.52,122.5,121.3,122.3,19281
2026-06-03T12:05:00+00:00,122.29,122.37,121.93,122.0,26184
2026-06-03T12:10:00+00:00,122.033,122.3,121.55,121.59,8469
2026-06-03T12:15:00+00:00,121.6,121.6,121.07,121.49,6391
2026-06-03T12:20:00+00:00,121.487,121.83,121.37,121.78,18040
2026-06-03T12:25:00+00:00,121.75,121.78,121.5,121.55,6582
2026-06-03T12:30:00+00:00,121.7,121.7,121.48,121.48,12178
2026-06-03T12:35:00+00:00,121.48,121.6,121.0,121.04,8287
2026-06-03T12:40:00+00:00,121.06,121.5,121.06,121.46,6343
2026-06-03T12:45:00+00:00,121.44,121.5,120.999,121.0,10099
2026-06-03T12:50:00+00:00,121.2,121.2,120.8,120.813,6133
2026-06-03T12:55:00+00:00,120.8,121.27,120.6,121.05,5936
2026-06-03T13:00:00+00:00,121.01,121.25,120.7,120.85,8443
2026-06-03T13:05:00+00:00,120.82,121.7,120.7,120.99,11363
2026-06-03T13:10:00+00:00,120.956,121.1,120.7,121.1,6107
2026-06-03T13:15:00+00:00,121.098,121.52,120.76,121.34,11610
2026-06-03T13:20:00+00:00,121.34,121.5,121.0,121.2,8899
2026-06-03T13:25:00+00:00,121.11,121.33,119.67,119.94,22021
2026-06-03T13:30:00+00:00,119.915,121.96,115.87,116.545,1030189
2026-06-03T13:35:00+00:00,116.39,117.16,115.28,115.725,586473
2026-06-03T13:40:00+00:00,115.725,115.91,112.49,112.8,882807
2026-06-03T13:45:00+00:00,112.89,113.15,111.05,111.2,829393
2026-06-03T13:50:00+00:00,111.2,112.58,111.04,111.47,747502
2026-06-03T13:55:00+00:00,111.49,112.03,110.7,111.365,657042
2026-06-03T14:00:00+00:00,111.365,113.5,111.35,113.2,528620
2026-06-03T14:05:00+00:00,113.23,113.681,112.44,112.57,490798
2026-06-03T14:10:00+00:00,112.63,112.78,111.71,112.445,374005
2026-06-03T14:15:00+00:00,112.46,112.96,112.21,112.455,331303
2026-06-03T14:20:00+00:00,112.455,113.12,112.2,112.87,254995
2026-06-03T14:25:00+00:00,112.87,113.99,112.83,113.935,365962
2026-06-03T14:30:00+00:00,113.99,114.63,113.77,114.28,345117
2026-06-03T14:35:00+00:00,114.275,114.56,114.08,114.165,210411
2026-06-03T14:40:00+00:00,114.1,114.36,113.3,113.32,180597
2026-06-03T14:45:00+00:00,113.31,114.689,113.31,114.46,176929
2026-06-03T14:50:00+00:00,114.46,114.74,114.12,114.32,140516
2026-06-03T14:55:00+00:00,114.35,114.7,114.23,114.673,161491
2026-06-03T15:00:00+00:00,114.675,114.76,114.06,114.3,187240
2026-06-03T15:05:00+00:00,114.272,114.34,113.25,113.3,216725
2026-06-03T15:10:00+00:00,113.307,114.2,113.25,113.57,172344
2026-06-03T15:15:00+00:00,113.57,113.7,112.89,112.961,242175
2026-06-03T15:20:00+00:00,113.005,113.17,112.24,112.32,171486
2026-06-03T15:25:00+00:00,112.335,112.79,111.901,112.635,237006
2026-06-03T15:30:00+00:00,112.7,112.88,112.13,112.25,131558
2026-06-03T15:35:00+00:00,112.265,112.69,112.265,112.39,111326
2026-06-03T15:40:00+00:00,112.44,112.61,112.0,112.05,122510
2026-06-03T15:45:00+00:00,112.055,112.29,111.88,112.09,141709
2026-06-03T15:50:00+00:00,112.14,112.6,112.12,112.541,108928
2026-06-03T15:55:00+00:00,112.48,112.59,112.38,112.395,76043
2026-06-03T16:00:00+00:00,112.46,112.6,111.83,111.92,151615
2026-06-03T16:05:00+00:00,111.958,112.3,111.9,112.25,111473
2026-06-03T16:10:00+00:00,112.23,112.39,111.71,111.74,84560
2026-06-03T16:15:00+00:00,111.71,111.88,111.28,111.53,153610
2026-06-03T16:20:00+00:00,111.53,111.557,110.95,110.97,225572
2026-06-03T16:25:00+00:00,110.96,111.28,110.81,111.25,179068
2026-06-03T16:30:00+00:00,111.23,111.62,111.165,111.425,104790
2026-06-03T16:35:00+00:00,111.39,111.431,110.91,110.97,123317
2026-06-03T16:40:00+00:00,110.995,111.189,110.55,111.165,186198
2026-06-03T16:45:00+00:00,111.171,112.04,111.109,111.775,196471
2026-06-03T16:50:00+00:00,111.77,111.97,111.65,111.855,140462
2026-06-03T16:55:00+00:00,111.8,112.69,111.72,112.455,165995
2026-06-03T17:00:00+00:00,112.455,112.48,111.79,111.805,113152
2026-06-03T17:05:00+00:00,111.83,112.25,111.75,112.12,91901
2026-06-03T17:10:00+00:00,112.13,112.21,111.44,111.575,91641
2026-06-03T17:15:00+00:00,111.575,111.72,111.43,111.58,79595
2026-06-03T17:20:00+00:00,111.6,111.77,111.47,111.77,82000
2026-06-03T17:25:00+00:00,111.765,111.87,111.56,111.87,144598
2026-06-03T17:30:00+00:00,111.82,112.09,111.59,112.04,65280
2026-06-03T17:35:00+00:00,112.04,112.55,111.96,112.425,110453
2026-06-03T17:40:00+00:00,112.424,112.545,112.2,112.32,87120
2026-06-03T17:45:00+00:00,112.34,112.38,112.03,112.1,57607
2026-06-03T17:50:00+00:00,112.1,112.19,111.89,111.9,78586
2026-06-03T17:55:00+00:00,111.935,111.978,111.82,111.86,69904
2026-06-03T18:00:00+00:00,111.879,112.22,111.75,112.17,77882
2026-06-03T18:05:00+00:00,112.15,112.21,111.98,111.98,42004
2026-06-03T18:10:00+00:00,111.975,112.01,111.52,111.74,120091
2026-06-03T18:15:00+00:00,111.68,111.85,111.555,111.82,68764
2026-06-03T18:20:00+00:00,111.825,112.04,111.69,112.04,78597
2026-06-03T18:25:00+00:00,112.05,113.1,111.98,113.055,205260
2026-06-03T18:30:00+00:00,113.09,113.25,112.67,112.855,136622
2026-06-03T18:35:00+00:00,112.84,113.148,112.76,112.82,94052
2026-06-03T18:40:00+00:00,112.86,113.11,112.65,113.1,72438
2026-06-03T18:45:00+00:00,113.105,113.37,112.785,112.82,128532
2026-06-03T18:50:00+00:00,112.81,112.93,112.58,112.64,89787
2026-06-03T18:55:00+00:00,112.61,112.685,112.26,112.65,108569
2026-06-03T19:00:00+00:00,112.705,112.705,111.945,111.98,104715
2026-06-03T19:05:00+00:00,111.99,112.03,111.8,111.94,86642
2026-06-03T19:10:00+00:00,111.98,112.52,111.91,112.46,105221
2026-06-03T19:15:00+00:00,112.475,112.55,112.1,112.295,85010
2026-06-03T19:20:00+00:00,112.27,112.29,111.8,111.86,92950
2026-06-03T19:25:00+00:00,111.89,111.99,111.8,111.985,84831
2026-06-03T19:30:00+00:00,111.99,112.13,111.81,112.115,97564
2026-06-03T19:35:00+00:00,112.13,112.41,112.12,112.29,135520
2026-06-03T19:40:00+00:00,112.308,112.41,111.95,111.95,97091
2026-06-03T19:45:00+00:00,111.95,111.97,111.06,111.45,306145
2026-06-03T19:50:00+00:00,111.42,111.84,111.24,111.24,251713
2026-06-03T19:55:00+00:00,111.22,111.22,110.69,110.93,713374
2026-06-03T20:00:00+00:00,110.93,111.0,110.1,110.879,171844
2026-06-03T20:05:00+00:00,110.879,110.93,110.5,110.79,315050
2026-06-03T20:10:00+00:00,110.8,110.97,110.35,110.47,43892
2026-06-03T20:15:00+00:00,110.36,110.93,109.56,110.2,345322
2026-06-03T20:20:00+00:00,110.3,110.93,110.0,110.5,18764
2026-06-03T20:25:00+00:00,110.3,110.6,110.26,110.39,6376
2026-06-03T20:30:00+00:00,110.36,110.4,109.8,109.95,11670
2026-06-03T20:35:00+00:00,110.0,110.03,109.38,109.75,18900
2026-06-03T20:40:00+00:00,109.75,109.83,108.55,108.61,110809
2026-06-03T20:45:00+00:00,108.56,109.5,108.5,108.81,45739
2026-06-03T20:50:00+00:00,108.87,109.5,108.6,109.26,10372
2026-06-03T20:55:00+00:00,109.25,109.287,108.6,109.2,93055
2026-06-03T21:00:00+00:00,109.198,109.87,109.02,109.02,9946
2026-06-03T21:05:00+00:00,109.35,109.64,108.8,108.8,7577
2026-06-03T21:10:00+00:00,108.85,109.28,108.6,108.85,10012
2026-06-03T21:15:00+00:00,108.73,109.0,108.54,108.8,7785
2026-06-03T21:20:00+00:00,108.7,108.99,108.54,108.8,5324
2026-06-03T21:25:00+00:00,108.659,109.1,108.6,108.99,3230
2026-06-03T21:30:00+00:00,109.0,109.0,108.02,108.16,16936
2026-06-03T21:35:00+00:00,108.4,108.8,108.02,108.15,11711
2026-06-03T21:40:00+00:00,108.24,108.8,108.1,108.65,10066
2026-06-03T21:45:00+00:00,108.33,108.92,108.33,108.5,9299
2026-06-03T21:50:00+00:00,108.6,109.0,108.59,108.8,2796
2026-06-03T21:55:00+00:00,108.75,109.09,108.75,108.8,5161
2026-06-03T22:00:00+00:00,108.8,109.56,108.76,109.3,5374
2026-06-03T22:05:00+00:00,109.4,109.4,108.8,109.05,1040
2026-06-03T22:10:00+00:00,109.05,109.3,108.75,108.878,3051
2026-06-03T22:15:00+00:00,108.88,108.88,108.3,108.4,5079
2026-06-03T22:20:00+00:00,108.5,108.69,108.02,108.5,7070
2026-06-03T22:25:00+00:00,108.4,108.49,108.02,108.25,3731
2026-06-03T22:30:00+00:00,108.25,108.69,108.08,108.4,4593
2026-06-03T22:35:00+00:00,108.5,108.5,108.02,108.09,11763
2026-06-03T22:40:00+00:00,108.02,108.68,108.02,108.68,5586
2026-06-03T22:45:00+00:00,108.121,108.51,108.03,108.03,4382
2026-06-03T22:50:00+00:00,108.03,108.15,106.5,106.56,22365
2026-06-03T22:55:00+00:00,106.53,108.0,106.45,107.6,22251
2026-06-03T23:00:00+00:00,107.6,107.77,107.2,107.69,10295
2026-06-03T23:05:00+00:00,107.66,107.77,107.26,107.49,6157
2026-06-03T23:10:00+00:00,107.49,107.5,107.19,107.5,4673
2026-06-03T23:15:00+00:00,107.35,107.7,107.3,107.32,3793
2026-06-03T23:20:00+00:00,107.51,107.7,106.7,107.002,12893
2026-06-03T23:25:00+00:00,107.088,107.32,106.8,107.25,20261
2026-06-03T23:30:00+00:00,107.0,107.5,107.0,107.23,4804
2026-06-03T23:35:00+00:00,107.11,107.4,106.25,106.802,14032
2026-06-03T23:40:00+00:00,106.9,107.26,106.0,106.39,26917
2026-06-03T23:45:00+00:00,106.41,106.63,106.01,106.35,11823
2026-06-03T23:50:00+00:00,106.35,106.98,106.2,106.6,10901
2026-06-03T23:55:00+00:00,106.6,106.77,106.3,106.4,7636
2026-06-04T08:00:00+00:00,106.35,110.0,106.35,108.8,25887
2026-06-04T08:05:00+00:00,108.64,109.8,108.078,108.4,4872
2026-06-04T08:10:00+00:00,108.4,108.4,107.72,108.0,2888
2026-06-04T08:15:00+00:00,107.95,108.5,107.93,108.44,1725
2026-06-04T08:20:00+00:00,108.18,108.3,107.8,108.3,1936
2026-06-04T08:25:00+00:00,108.18,108.479,107.8,108.2,4691
2026-06-04T08:30:00+00:00,108.43,108.79,108.21,108.3,989
2026-06-04T08:35:00+00:00,108.4,108.59,108.1,108.21,4669
2026-06-04T08:40:00+00:00,108.35,108.38,108.15,108.2,2117
2026-06-04T08:45:00+00:00,108.2,108.32,107.4,107.4,2673
2026-06-04T08:50:00+00:00,107.4,107.6,107.29,107.52,1774
2026-06-04T08:55:00+00:00,107.45,107.81,107.29,107.5,2476
2026-06-04T09:00:00+00:00,107.41,107.43,106.82,106.82,6843
2026-06-04T09:05:00+00:00,106.83,107.09,106.6,106.86,2800
2026-06-04T09:10:00+00:00,106.81,107.08,106.35,106.4,5480
2026-06-04T09:15:00+00:00,106.4,106.99,106.08,106.08,9369
2026-06-04T09:20:00+00:00,106.29,106.62,105.57,106.45,18153
2026-06-04T09:25:00+00:00,106.5,106.89,106.5,106.83,1271
2026-06-04T09:30:00+00:00,106.7,107.45,106.7,107.32,13107
2026-06-04T09:35:00+00:00,107.31,107.38,106.92,107.0,2175
2026-06-04T09:40:00+00:00,106.96,107.07,106.59,106.7,3732
2026-06-04T09:45:00+00:00,106.8,107.39,106.7,107.17,3042
2026-06-04T09:50:00+00:00,107.17,107.4,107.0,107.35,3667
2026-06-04T09:55:00+00:00,107.4,107.45,107.25,107.4,1665
2026-06-04T10:00:00+00:00,107.38,107.45,107.2,107.2,2013
2026-06-04T10:05:00+00:00,107.44,107.44,107.0,107.0,2290
2026-06-04T10:10:00+00:00,107.0,107.4,106.81,107.4,5983
2026-06-04T10:15:00+00:00,107.28,107.33,106.67,106.67,1262
2026-06-04T10:20:00+00:00,106.7,107.1,106.61,106.8,1775
2026-06-04T10:25:00+00:00,107.15,107.15,106.8,106.8,1956
2026-06-04T10:30:00+00:00,106.81,107.1,106.733,107.1,1840
2026-06-04T10:35:00+00:00,106.9,107.0,106.9,106.9,1297
2026-06-04T10:40:00+00:00,106.9,107.0,106.6,106.73,2304
2026-06-04T10:45:00+00:00,106.61,106.97,106.61,106.97,2507
2026-06-04T10:50:00+00:00,106.78,106.78,106.079,106.58,26026
2026-06-04T10:55:00+00:00,106.45,106.8,106.06,106.43,5988
2026-06-04T11:00:00+00:00,106.71,107.0,106.25,107.0,26235
2026-06-04T11:05:00+00:00,107.1,107.32,106.65,106.75,10639
2026-06-04T11:10:00+00:00,106.939,106.939,106.5,106.75,2506
2026-06-04T11:15:00+00:00,106.926,107.405,106.52,107.3,5064
2026-06-04T11:20:00+00:00,107.45,107.55,107.03,107.32,17970
2026-06-04T11:25:00+00:00,107.543,107.99,107.35,107.61,2803
2026-06-04T11:30:00+00:00,107.74,108.0,107.342,107.82,6180
2026-06-04T11:35:00+00:00,107.67,107.67,106.89,107.11,4748
2026-06-04T11:40:00+00:00,107.4,107.53,106.82,107.1,2988
2026-06-04T11:45:00+00:00,107.38,107.77,107.05,107.3,4949
2026-06-04T11:50:00+00:00,107.31,108.0,107.3,107.69,7124
2026-06-04T11:55:00+00:00,107.49,108.09,107.345,107.512,5793
2026-06-04T12:00:00+00:00,107.91,107.99,107.45,107.65,2468
2026-06-04T12:05:00+00:00,107.9,108.4,107.45,107.978,8390
2026-06-04T12:10:00+00:00,107.949,108.0,107.17,107.31,7316
2026-06-04T12:15:00+00:00,107.4,107.7,107.3,107.4,7669
2026-06-04T12:20:00+00:00,107.45,108.0,107.4,107.82,6631
2026-06-04T12:25:00+00:00,107.82,108.0,107.5,107.94,5797
2026-06-04T12:30:00+00:00,107.95,108.42,107.8,108.2,12864
2026-06-04T12:35:00+00:00,108.03,108.42,107.85,108.4,13370
2026-06-04T12:40:00+00:00,108.334,108.4,107.8,108.4,6400
2026-06-04T12:45:00+00:00,108.4,108.42,107.857,108.0,7999
2026-06-04T12:50:00+00:00,108.24,108.42,107.853,108.278,1094661
2026-06-04T12:55:00+00:00,108.42,108.42,108.0,108.051,8152
2026-06-04T13:00:00+00:00,108.2,108.2,107.49,107.53,12795
2026-06-04T13:05:00+00:00,107.53,108.0,107.475,107.816,4074
2026-06-04T13:10:00+00:00,107.8,108.1,107.56,107.698,5589
2026-06-04T13:15:00+00:00,107.8,108.15,107.668,108.0,9416
2026-06-04T13:20:00+00:00,108.0,108.15,107.9,108.0,4251
2026-06-04T13:25:00+00:00,107.9,108.15,107.3,107.44,9760
2026-06-04T13:30:00+00:00,107.49,108.21,105.7,107.33,741986
2026-06-04T13:35:00+00:00,107.27,108.82,107.01,108.21,441476
2026-06-04T13:40:00+00:00,108.27,108.39,106.72,107.08,322522
2026-06-04T13:45:00+00:00,106.94,107.31,106.39,106.72,302584
2026-06-04T13:50:00+00:00,106.84,106.88,105.84,106.37,335318
2026-06-04T13:55:00+00:00,106.409,107.07,105.975,106.06,282396
2026-06-04T14:00:00+00:00,105.95,106.67,105.66,105.745,318113
2026-06-04T14:05:00+00:00,105.71,105.82,105.04,105.38,339236
2026-06-04T14:10:00+00:00,105.322,106.46,105.275,106.425,347413
2026-06-04T14:15:00+00:00,106.38,106.69,105.5,105.63,326638
2026-06-04T14:20:00+00:00,105.61,106.1,105.05,106.07,314984
2026-06-04T14:25:00+00:00,106.06,106.93,105.875,106.875,278437
2026-06-04T14:30:00+00:00,106.8,107.1,106.04,107.01,191897
2026-06-04T14:35:00+00:00,106.985,107.23,106.63,107.0,249310
2026-06-04T14:40:00+00:00,106.86,107.25,106.81,106.89,172498
2026-06-04T14:45:00+00:00,106.86,106.98,106.19,106.5,158210
2026-06-04T14:50:00+00:00,106.485,107.0,106.3,106.93,132930
2026-06-04T14:55:00+00:00,106.81,107.38,106.78,107.335,167261
2026-06-04T15:00:00+00:00,107.335,107.52,106.66,106.75,179004
2026-06-04T15:05:00+00:00,106.75,107.78,106.35,107.43,212792
2026-06-04T15:10:00+00:00,107.455,107.505,106.84,107.128,123356
2026-06-04T15:15:00+00:00,107.125,107.25,106.95,107.145,133568
2026-06-04T15:20:00+00:00,107.145,107.33,106.95,107.3,196551
2026-06-04T15:25:00+00:00,107.3,107.41,107.05,107.25,99663
2026-06-04T15:30:00+00:00,107.27,107.65,107.1,107.48,143174
2026-06-04T15:35:00+00:00,107.51,107.55,106.85,107.05,126142
2026-06-04T15:40:00+00:00,107.075,107.45,107.0,107.357,93071
2026-06-04T15:45:00+00:00,107.32,107.35,106.61,106.75,197611
2026-06-04T15:50:00+00:00,106.77,107.35,106.66,107.259,108042
2026-06-04T15:55:00+00:00,107.29,107.78,106.8,106.92,155759
2026-06-04T16:00:00+00:00,106.94,106.98,106.3,106.34,199947
2026-06-04T16:05:00+00:00,106.3,106.74,106.2,106.335,165906
2026-06-04T16:10:00+00:00,106.355,106.45,106.11,106.17,139429
2026-06-04T16:15:00+00:00,106.17,107.41,106.14,107.385,290315
2026-06-04T16:20:00+00:00,107.39,107.6,107.2,107.6,180876
2026-06-04T16:25:00+00:00,107.57,107.69,107.26,107.455,93151
2026-06-04T16:30:00+00:00,107.49,107.82,107.17,107.77,93064
2026-06-04T16:35:00+00:00,107.84,108.5,107.69,108.39,216152
2026-06-04T16:40:00+00:00,108.42,108.75,108.35,108.535,176472
2026-06-04T16:45:00+00:00,108.54,108.71,108.28,108.62,113520
2026-06-04T16:50:00+00:00,108.66,108.91,108.36,108.5,118793
2026-06-04T16:55:00+00:00,108.51,108.575,108.15,108.268,68932
2026-06-04T17:00:00+00:00,108.245,108.38,108.09,108.25,50312
2026-06-04T17:05:00+00:00,108.2,108.38,107.94,108.3,77704
2026-06-04T17:10:00+00:00,108.34,108.665,108.34,108.595,98770
2026-06-04T17:15:00+00:00,108.58,108.628,108.2,108.35,70654
2026-06-04T17:20:00+00:00,108.37,108.48,107.93,108.28,59944
2026-06-04T17:25:00+00:00,108.27,108.68,108.27,108.62,78182
2026-06-04T17:30:00+00:00,108.5,108.72,108.07,108.36,68646
2026-06-04T17:35:00+00:00,108.33,108.73,108.32,108.47,101668
2026-06-04T17:40:00+00:00,108.49,108.68,108.376,108.45,92558
2026-06-04T17:45:00+00:00,108.45,108.49,108.16,108.37,56005
2026-06-04T17:50:00+00:00,108.43,108.8,108.4,108.7,84662
2026-06-04T17:55:00+00:00,108.74,109.16,108.68,108.99,67935
2026-06-04T18:00:00+00:00,108.99,109.295,108.945,109.24,107066
2026-06-04T18:05:00+00:00,109.15,109.26,108.83,108.965,95770
2026-06-04T18:10:00+00:00,108.98,109.2,108.9,108.95,76405
2026-06-04T18:15:00+00:00,108.92,109.34,108.871,109.15,61186
2026-06-04T18:20:00+00:00,109.1,109.399,109.03,109.387,72058
2026-06-04T18:25:00+00:00,109.34,109.79,109.34,109.58,118659
2026-06-04T18:30:00+00:00,109.54,110.44,109.43,110.07,447669
2026-06-04T18:35:00+00:00,110.07,110.39,109.594,109.95,204775
2026-06-04T18:40:00+00:00,109.91,109.93,109.105,109.3,162913
2026-06-04T18:45:00+00:00,109.28,109.4,109.0,109.135,72215
2026-06-04T18:50:00+00:00,109.22,109.22,108.875,108.99,65593
2026-06-04T18:55:00+00:00,109.01,109.03,108.52,108.6,122408
2026-06-04T19:00:00+00:00,108.51,108.9,108.5,108.815,92285
2026-06-04T19:05:00+00:00,108.82,109.13,108.64,108.81,116324
2026-06-04T19:10:00+00:00,108.845,109.5,108.6,109.37,122513
2026-06-04T19:15:00+00:00,109.43,109.79,109.2,109.55,133020
2026-06-04T19:20:00+00:00,109.565,109.78,109.25,109.6,201851
2026-06-04T19:25:00+00:00,109.59,109.73,109.4,109.665,96320
2026-06-04T19:30:00+00:00,109.7,109.8,109.5,109.79,116240
2026-06-04T19:35:00+00:00,109.785,109.81,108.7,108.7,129549
2026-06-04T19:40:00+00:00,108.68,108.685,108.12,108.18,154971
2026-06-04T19:45:00+00:00,108.17,108.19,107.685,107.94,246890
2026-06-04T19:50:00+00:00,107.9,108.28,107.43,107.945,252072
2026-06-04T19:55:00+00:00,107.92,108.36,107.825,108.03,604798
2026-06-04T20:00:00+00:00,108.03,108.99,107.76,108.0,307606
2026-06-04T20:05:00+00:00,107.9,108.088,107.27,107.49,32343
2026-06-04T20:10:00+00:00,108.03,108.03,107.563,107.69,11909
2026-06-04T20:15:00+00:00,107.62,107.8,107.5,107.6,65106
2026-06-04T20:20:00+00:00,107.5,107.8,107.5,107.67,3461
2026-06-04T20:25:00+00:00,107.6,107.959,107.51,107.66,1382
2026-06-04T20:30:00+00:00,107.83,107.9,107.66,107.7,5881
2026-06-04T20:35:00+00:00,107.705,107.8,107.5,107.65,6120
2026-06-04T20:40:00+00:00,107.66,107.66,107.6,107.66,19775
2026-06-04T20:45:00+00:00,107.64,107.66,107.4,107.56,2407
2026-06-04T20:50:00+00:00,107.56,107.66,107.36,107.66,367275
2026-06-04T20:55:00+00:00,107.66,107.66,107.407,107.6,1819
2026-06-04T21:00:00+00:00,107.658,107.66,107.5,107.659,1404137
2026-06-04T21:05:00+00:00,107.648,107.66,107.6,107.66,2507
2026-06-04T21:10:00+00:00,107.66,107.85,107.6,107.65,2304
2026-06-04T21:15:00+00:00,107.65,107.66,107.6,107.66,1599
2026-06-04T21:20:00+00:00,107.65,108.03,107.5,107.55,836
2026-06-04T21:25:00+00:00,107.64,107.66,107.5,107.65,604
2026-06-04T21:30:00+00:00,107.65,107.66,107.55,107.66,1805
2026-06-04T21:35:00+00:00,107.63,107.66,107.601,107.65,1699
2026-06-04T21:40:00+00:00,107.66,107.85,107.55,107.831,1574
2026-06-04T21:45:00+00:00,107.83,107.85,107.79,107.82,2421
2026-06-04T21:50:00+00:00,107.81,107.85,107.8,107.823,1254
2026-06-04T21:55:00+00:00,107.8,107.85,107.697,107.841,1143
2026-06-04T22:00:00+00:00,107.83,107.85,107.67,107.693,2012
2026-06-04T22:05:00+00:00,107.72,107.85,107.62,107.78,736
2026-06-04T22:10:00+00:00,107.78,107.8,107.57,107.6,1608
2026-06-04T22:15:00+00:00,107.85,107.85,107.3,107.5,2283
2026-06-04T22:20:00+00:00,107.5,107.5,107.31,107.5,2776
2026-06-04T22:25:00+00:00,107.33,107.5,107.05,107.16,8550
2026-06-04T22:30:00+00:00,107.17,107.8,107.16,107.8,469
2026-06-04T22:35:00+00:00,107.39,107.8,107.11,107.8,2241
2026-06-04T22:40:00+00:00,107.497,107.8,107.17,107.32,589
2026-06-04T22:45:00+00:00,107.32,107.5,107.17,107.5,2206
2026-06-04T22:50:00+00:00,107.49,107.5,107.2,107.43,798
2026-06-04T22:55:00+00:00,107.3,107.5,107.2,107.4,829
2026-06-04T23:00:00+00:00,107.4,107.48,107.2,107.47,671
2026-06-04T23:05:00+00:00,107.48,107.48,107.2,107.394,2326
2026-06-04T23:10:00+00:00,107.38,107.394,107.202,107.3,2270
2026-06-04T23:15:00+00:00,107.36,107.4,107.22,107.34,609
2026-06-04T23:20:00+00:00,107.38,107.4,107.2,107.3,1011
2026-06-04T23:25:00+00:00,107.22,107.55,107.18,107.29,3027
2026-06-04T23:30:00+00:00,107.41,107.54,107.2,107.4,548
2026-06-04T23:35:00+00:00,107.3,107.55,107.17,107.23,2035
2026-06-04T23:40:00+00:00,107.31,107.39,107.01,107.01,4612
2026-06-04T23:45:00+00:00,107.06,107.15,106.9,106.902,5885
2026-06-04T23:50:00+00:00,106.9,107.02,106.55,106.99,4194
2026-06-04T23:55:00+00:00,106.99,107.0,106.55,106.74,3991
2026-06-05T08:00:00+00:00,106.212,107.0,105.01,105.745,22386
2026-06-05T08:05:00+00:00,105.69,106.56,105.01,105.609,7358
2026-06-05T08:10:00+00:00,105.8,105.87,105.117,105.2,4280
2026-06-05T08:15:00+00:00,105.25,105.4,105.1,105.39,570
2026-06-05T08:20:00+00:00,105.16,105.8,105.16,105.72,690
2026-06-05T08:25:00+00:00,105.8,106.01,105.65,106.01,1916
2026-06-05T08:30:00+00:00,105.99,106.13,105.69,105.69,3453
2026-06-05T08:35:00+00:00,105.75,106.2,105.75,105.99,319
2026-06-05T08:40:00+00:00,106.0,106.167,105.8,105.8,518
2026-06-05T08:45:00+00:00,105.8,105.84,105.54,105.54,1451
2026-06-05T08:50:00+00:00,105.54,105.9,105.5,105.76,663
2026-06-05T08:55:00+00:00,105.7,105.79,105.49,105.53,2001
2026-06-05T09:00:00+00:00,105.7,106.0,105.7,105.716,930
2026-06-05T09:05:00+00:00,105.8,105.96,105.7,105.71,198
2026-06-05T09:10:00+00:00,105.96,106.5,105.7,106.5,2263
2026-06-05T09:15:00+00:00,106.49,106.49,106.15,106.3,139
2026-06-05T09:20:00+00:00,106.5,106.5,106.12,106.44,1065
2026-06-05T09:25:00+00:00,106.4,106.4,105.99,105.99,2534
2026-06-05T09:30:00+00:00,106.0,106.2,106.0,106.01,311
2026-06-05T09:35:00+00:00,106.15,106.15,105.75,105.85,318
2026-06-05T09:40:00+00:00,105.85,106.2,105.85,106.19,1718
2026-06-05T09:45:00+00:00,106.2,106.5,106.2,106.3,1120
2026-06-05T09:50:00+00:00,106.4,106.4,106.3,106.3,123
2026-06-05T09:55:00+00:00,106.3,106.3,106.15,106.29,626
2026-06-05T10:00:00+00:00,106.3,106.5,106.3,106.493,1697
2026-06-05T10:05:00+00:00,106.38,106.5,106.38,106.49,431
2026-06-05T10:10:00+00:00,106.5,106.5,106.28,106.3,1247
2026-06-05T10:15:00+00:00,106.493,106.5,106.25,106.25,677
2026-06-05T10:20:00+00:00,106.5,106.5,106.363,106.5,328
2026-06-05T10:25:00+00:00,106.5,106.5,106.21,106.42,273
2026-06-05T10:30:00+00:00,106.5,106.8,106.5,106.71,2064
2026-06-05T10:35:00+00:00,106.8,106.85,106.46,106.7,711
2026-06-05T10:40:00+00:00,106.6,106.939,106.0,106.5,9355
2026-06-05T10:45:00+00:00,106.5,106.5,106.4,106.49,351
2026-06-05T10:50:00+00:00,106.42,106.5,106.1,106.47,701
2026-06-05T10:55:00+00:00,106.1,106.5,106.07,106.25,854
2026-06-05T11:00:00+00:00,106.235,106.381,105.87,105.973,5164
2026-06-05T11:05:00+00:00,106.1,106.4,105.75,106.0,3593
2026-06-05T11:10:00+00:00,105.87,106.35,105.85,106.2,7186
2026-06-05T11:15:00+00:00,106.37,106.37,105.87,105.91,3569
2026-06-05T11:20:00+00:00,106.0,106.35,105.75,106.14,5278
2026-06-05T11:25:00+00:00,105.808,106.18,105.808,106.05,1854
2026-06-05T11:30:00+00:00,106.03,106.18,105.89,106.18,1183
2026-06-05T11:35:00+00:00,106.13,106.13,105.81,105.98,1051
2026-06-05T11:40:00+00:00,105.85,106.1,105.81,105.951,2841
2026-06-05T11:45:00+00:00,105.96,106.04,105.9,105.98,1396
2026-06-05T11:50:00+00:00,106.13,106.13,105.9,105.94,1612
2026-06-05T11:55:00+00:00,106.04,106.044,105.6,105.71,1972
2026-06-05T12:00:00+00:00,105.75,105.75,105.2,105.5,13507
2026-06-05T12:05:00+00:00,105.25,105.55,105.17,105.335,2934
2026-06-05T12:10:00+00:00,105.4,105.55,105.2,105.31,12073
2026-06-05T12:15:00+00:00,105.37,105.79,105.19,105.75,14383
2026-06-05T12:20:00+00:00,105.78,105.88,105.6,105.73,4073
2026-06-05T12:25:00+00:00,105.76,105.83,105.4,105.49,3422
2026-06-05T12:30:00+00:00,105.358,106.5,105.11,105.11,13821
2026-06-05T12:35:00+00:00,105.13,105.64,104.84,105.0,39979
2026-06-05T12:40:00+00:00,105.07,105.6,105.07,105.52,5741
2026-06-05T12:45:00+00:00,105.52,105.81,105.385,105.78,14273
2026-06-05T12:50:00+00:00,105.76,105.78,105.02,105.25,5673
2026-06-05T12:55:00+00:00,105.08,105.2,104.8,104.85,15200
2026-06-05T13:00:00+00:00,104.88,105.3,104.77,104.9,14705
2026-06-05T13:05:00+00:00,104.98,105.19,104.5,104.76,15644
2026-06-05T13:10:00+00:00,104.7,104.97,104.53,104.67,9275
2026-06-05T13:15:00+00:00,104.62,104.82,104.3,104.675,12990
2026-06-05T13:20:00+00:00,104.55,104.81,103.9,104.2,35387
2026-06-05T13:25:00+00:00,104.25,105.3,104.05,104.81,50099
2026-06-05T13:30:00+00:00,104.635,104.75,103.03,104.19,657791
2026-06-05T13:35:00+00:00,104.12,104.43,102.836,102.97,486387
2026-06-05T13:40:00+00:00,102.935,102.935,101.88,101.9,469651
2026-06-05T13:45:00+00:00,101.9,102.59,101.5,101.62,421716
2026-06-05T13:50:00+00:00,101.62,102.67,101.49,102.595,325206
2026-06-05T13:55:00+00:00,102.6,102.667,100.76,100.77,465492
2026-06-05T14:00:00+00:00,100.815,102.19,100.71,101.815,341346
2026-06-05T14:05:00+00:00,101.76,102.49,101.3,101.755,522416
2026-06-05T14:10:00+00:00,101.755,102.49,101.38,102.46,249020
2026-06-05T14:15:00+00:00,102.48,103.6,102.1,103.58,342186
2026-06-05T14:20:00+00:00,103.582,103.6,102.2,102.35,287844
2026-06-05T14:25:00+00:00,102.39,102.42,101.3,101.65,247679
2026-06-05T14:30:00+00:00,101.65,102.495,101.56,102.495,222459
2026-06-05T14:35:00+00:00,102.495,103.16,102.36,102.72,201645
2026-06-05T14:40:00+00:00,102.71,102.83,102.26,102.665,153072
2026-06-05T14:45:00+00:00,102.675,103.18,102.472,102.795,95605
2026-06-05T14:50:00+00:00,102.77,103.2,102.61,102.78,101761
2026-06-05T14:55:00+00:00,102.805,103.12,102.55,103.015,97551
2026-06-05T15:00:00+00:00,102.95,102.95,102.27,102.43,128331
2026-06-05T15:05:00+00:00,102.39,102.435,101.72,101.87,237319
2026-06-05T15:10:00+00:00,101.815,101.815,101.32,101.345,150877
2026-06-05T15:15:00+00:00,101.355,101.796,101.2,101.74,189645
2026-06-05T15:20:00+00:00,101.75,101.79,100.75,100.935,263306
2026-06-05T15:25:00+00:00,100.95,101.27,100.9,101.145,235789
2026-06-05T15:30:00+00:00,101.09,101.26,100.54,100.67,295965
2026-06-05T15:35:00+00:00,100.67,100.73,99.99,100.145,458853
2026-06-05T15:40:00+00:00,100.17,100.475,99.66,100.1,449000
2026-06-05T15:45:00+00:00,100.115,100.664,100.08,100.473,173502
2026-06-05T15:50:00+00:00,100.52,100.94,100.44,100.772,302916
2026-06-05T15:55:00+00:00,100.76,100.85,100.55,100.82,89428
2026-06-05T16:00:00+00:00,100.795,100.82,100.33,100.39,138746
2026-06-05T16:05:00+00:00,100.41,100.435,99.95,100.0,128255
2026-06-05T16:10:00+00:00,100.0,100.256,99.785,100.15,375190
2026-06-05T16:15:00+00:00,100.11,100.25,99.8,99.87,123689
2026-06-05T16:20:00+00:00,99.86,100.0,99.54,99.86,302078
2026-06-05T16:25:00+00:00,99.84,99.923,99.2,99.24,240510
2026-06-05T16:30:00+00:00,99.26,99.26,98.75,99.06,392631
2026-06-05T16:35:00+00:00,99.075,99.27,98.87,99.0,186174
2026-06-05T16:40:00+00:00,98.99,99.13,98.43,98.53,194323
2026-06-05T16:45:00+00:00,98.52,98.72,98.0,98.72,231769
2026-06-05T16:50:00+00:00,98.7,99.41,98.435,99.375,298223
2026-06-05T16:55:00+00:00,99.37,99.405,98.91,99.31,144692
2026-06-05T17:00:00+00:00,99.3,99.48,98.57,98.76,149736
2026-06-05T17:05:00+00:00,98.7,98.805,98.33,98.475,145019
2026-06-05T17:10:00+00:00,98.55,98.58,98.3,98.405,135489
2026-06-05T17:15:00+00:00,98.405,98.45,98.16,98.445,127394
2026-06-05T17:20:00+00:00,98.445,98.959,98.2,98.86,130255
2026-06-05T17:25:00+00:00,98.91,98.91,98.3,98.74,116998
2026-06-05T17:30:00+00:00,98.71,98.88,98.46,98.79,101649
2026-06-05T17:35:00+00:00,98.79,99.2,98.73,99.133,133929
2026-06-05T17:40:00+00:00,99.115,99.2,98.05,98.215,214414
2026-06-05T17:45:00+00:00,98.21,98.365,98.05,98.25,124636
2026-06-05T17:50:00+00:00,98.25,98.67,98.19,98.39,117997
2026-06-05T17:55:00+00:00,98.43,98.526,98.23,98.39,115952
2026-06-05T18:00:00+00:00,98.39,98.5,97.53,97.615,235438
2026-06-05T18:05:00+00:00,97.59,97.7,97.236,97.3,261986
2026-06-05T18:10:00+00:00,97.3,97.46,96.9,97.02,178746
2026-06-05T18:15:00+00:00,97.05,97.08,96.65,96.7,197909
2026-06-05T18:20:00+00:00,96.715,97.0,96.64,96.8,177236
2026-06-05T18:25:00+00:00,96.75,96.86,96.55,96.665,141150
2026-06-05T18:30:00+00:00,96.665,96.75,96.4,96.59,195251
2026-06-05T18:35:00+00:00,96.62,96.63,96.05,96.29,196150
2026-06-05T18:40:00+00:00,96.3,96.33,95.905,96.165,228290
2026-06-05T18:45:00+00:00,96.16,96.16,95.54,96.055,368098
2026-06-05T18:50:00+00:00,96.03,96.625,95.81,96.625,235732
2026-06-05T18:55:00+00:00,96.6,97.62,96.39,97.59,253668
2026-06-05T19:00:00+00:00,97.61,98.32,97.16,98.31,232342
2026-06-05T19:05:00+00:00,98.32,98.52,97.38,97.88,342136
2026-06-05T19:10:00+00:00,97.88,97.98,97.36,97.97,226755
2026-06-05T19:15:00+00:00,97.98,98.54,97.7,98.34,273132
2026-06-05T19:20:00+00:00,98.37,98.9,98.01,98.88,286556
2026-06-05T19:25:00+00:00,98.88,100.02,98.82,100.015,361982
2026-06-05T19:30:00+00:00,100.02,100.04,99.125,99.51,245732
2026-06-05T19:35:00+00:00,99.54,100.0,99.45,99.96,298718
2026-06-05T19:40:00+00:00,99.96,100.08,99.26,99.783,304818
2026-06-05T19:45:00+00:00,99.77,100.46,99.62,100.13,324827
2026-06-05T19:50:00+00:00,100.14,100.6,100.075,100.57,440566
2026-06-05T19:55:00+00:00,100.55,100.78,100.175,100.39,680383
2026-06-05T20:00:00+00:00,100.479,101.0,99.45,99.72,191539
2026-06-05T20:05:00+00:00,99.83,99.83,98.22,99.3,20360
2026-06-05T20:10:00+00:00,99.3,99.65,98.63,98.63,19715
2026-06-05T20:15:00+00:00,98.82,99.5,98.63,98.826,1160957
2026-06-05T20:20:00+00:00,99.0,99.39,98.88,99.16,11001
2026-06-05T20:25:00+00:00,99.001,99.24,98.711,99.2,10784
2026-06-05T20:30:00+00:00,99.16,99.16,98.23,98.49,18641
2026-06-05T20:35:00+00:00,98.45,99.0,98.37,98.94,6052
2026-06-05T20:40:00+00:00,98.8,99.5,96.27,97.86,53317
2026-06-05T20:45:00+00:00,97.86,98.06,96.8,97.16,24320
2026-06-05T20:50:00+00:00,97.03,98.82,97.03,98.31,9039
2026-06-05T20:55:00+00:00,98.0,99.553,98.0,99.0,8733
2026-06-05T21:00:00+00:00,99.0,99.5,98.13,98.4,11748
2026-06-05T21:05:00+00:00,98.5,98.99,98.13,98.29,38323
2026-06-05T21:10:00+00:00,98.44,98.74,98.0,98.41,8132
2026-06-05T21:15:00+00:00,98.77,99.5,98.77,99.25,11478
2026-06-05T21:20:00+00:00,99.15,99.68,99.15,99.35,490534
2026-06-05T21:25:00+00:00,99.662,99.68,99.32,99.32,1972
2026-06-05T21:30:00+00:00,99.32,99.5,99.0,99.19,3864
2026-06-05T21:35:00+00:00,99.189,99.5,98.8,98.8,3201
2026-06-05T21:40:00+00:00,98.808,99.5,98.8,99.0,1737
2026-06-05T21:45:00+00:00,99.048,99.37,99.0,99.064,1611
2026-06-05T21:50:00+00:00,99.3,99.5,99.05,99.3,3597
2026-06-05T21:55:00+00:00,99.4,99.5,99.0,99.38,5351
2026-06-05T22:00:00+00:00,99.33,99.45,99.08,99.13,4923
2026-06-05T22:05:00+00:00,99.35,99.45,99.0,99.3,3562
2026-06-05T22:10:00+00:00,99.3,99.406,98.8,98.975,5186
2026-06-05T22:15:00+00:00,99.0,99.39,98.95,99.31,1493
2026-06-05T22:20:00+00:00,99.046,99.35,99.027,99.12,1994
2026-06-05T22:25:00+00:00,99.12,99.33,99.0,99.19,2770
2026-06-05T22:30:00+00:00,99.19,99.35,99.0,99.002,8254
2026-06-05T22:35:00+00:00,99.0,99.21,98.6,98.8,2208
2026-06-05T22:40:00+00:00,98.7,98.98,98.5,98.65,1782
2026-06-05T22:45:00+00:00,98.8,99.18,98.75,99.18,1725
2026-06-05T22:50:00+00:00,98.91,99.18,98.8,98.8,3421
2026-06-05T22:55:00+00:00,98.8,99.11,98.6,98.85,3711
2026-06-05T23:00:00+00:00,98.9,98.9,98.61,98.79,1479
2026-06-05T23:05:00+00:00,98.75,98.9,98.6,98.6,2450
2026-06-05T23:10:00+00:00,98.79,98.9,98.66,98.701,2067
2026-06-05T23:15:00+00:00,98.86,98.89,98.63,98.75,3135
2026-06-05T23:20:00+00:00,98.63,98.8,98.21,98.29,3861
2026-06-05T23:25:00+00:00,98.4,98.4,98.21,98.399,4437
2026-06-05T23:30:00+00:00,98.4,98.5,98.3,98.35,6133
2026-06-05T23:35:00+00:00,98.448,98.456,98.004,98.004,3144
2026-06-05T23:40:00+00:00,98.09,98.3,97.862,97.996,5980
2026-06-05T23:45:00+00:00,97.999,98.0,97.28,97.75,7711
2026-06-05T23:50:00+00:00,97.72,98.01,97.32,97.94,9148
2026-06-05T23:55:00+00:00,98.01,98.29,97.91,98.06,12585
2026-06-08T08:00:00+00:00,100.337,100.337,97.96,100.05,36365
2026-06-08T08:05:00+00:00,100.095,101.5,99.71,101.468,8215
2026-06-08T08:10:00+00:00,101.4,101.5,101.07,101.07,1953
2026-06-08T08:15:00+00:00,101.4,101.7,101.22,101.368,6206
2026-06-08T08:20:00+00:00,101.7,101.8,101.35,101.7,2359
2026-06-08T08:25:00+00:00,101.7,101.7,101.12,101.3,1782
2026-06-08T08:30:00+00:00,101.3,101.81,101.08,101.8,8166
2026-06-08T08:35:00+00:00,101.8,101.8,101.168,101.168,1706
2026-06-08T08:40:00+00:00,101.11,101.16,100.7,100.86,1313
2026-06-08T08:45:00+00:00,100.71,100.99,100.2,100.7,3245
2026-06-08T08:50:00+00:00,100.39,100.7,100.1,100.13,507
2026-06-08T08:55:00+00:00,100.13,100.34,99.65,99.9,9215
2026-06-08T09:00:00+00:00,99.98,100.0,99.85,99.95,1175
2026-06-08T09:05:00+00:00,99.95,100.0,99.66,99.66,1907
2026-06-08T09:10:00+00:00,99.66,99.95,99.6,99.8,1383
2026-06-08T09:15:00+00:00,99.71,100.0,99.71,99.997,7210
2026-06-08T09:20:00+00:00,100.33,100.89,99.91,100.87,7506
2026-06-08T09:25:00+00:00,100.75,100.8,100.5,100.66,3692
2026-06-08T09:30:00+00:00,100.76,100.76,100.21,100.68,1372
2026-06-08T09:35:00+00:00,100.4,101.1,100.382,100.71,1992
2026-06-08T09:40:00+00:00,101.19,101.19,100.73,100.83,171
2026-06-08T09:45:00+00:00,100.83,101.11,100.73,101.1,1764
2026-06-08T09:50:00+00:00,100.9,101.19,100.849,100.9,736
2026-06-08T09:55:00+00:00,101.0,101.2,100.8,100.8,457
2026-06-08T10:00:00+00:00,100.9,100.9,100.5,100.817,806
2026-06-08T10:05:00+00:00,100.7,100.87,100.45,100.77,213
2026-06-08T10:10:00+00:00,100.77,100.81,100.65,100.77,88
2026-06-08T10:15:00+00:00,100.681,100.69,100.454,100.5,322
2026-06-08T10:20:00+00:00,100.5,100.69,100.46,100.65,1288
2026-06-08T10:25:00+00:00,100.63,100.67,100.39,100.39,509
2026-06-08T10:30:00+00:00,100.38,100.9,100.223,100.81,2170
2026-06-08T10:35:00+00:00,100.8,100.97,100.5,100.68,1051
2026-06-08T10:40:00+00:00,100.68,100.95,100.5,100.93,394
2026-06-08T10:45:00+00:00,100.93,100.95,100.541,100.91,1161
2026-06-08T10:50:00+00:00,100.79,101.0,100.76,101.0,932
2026-06-08T10:55:00+00:00,100.82,100.993,100.75,100.9,605
2026-06-08T11:00:00+00:00,100.8,100.97,100.39,100.92,28680
2026-06-08T11:05:00+00:00,100.91,101.49,100.91,101.38,11472
2026-06-08T11:10:00+00:00,101.38,101.85,101.3,101.85,13862
2026-06-08T11:15:00+00:00,101.9,101.99,101.77,101.97,5702
2026-06-08T11:20:00+00:00,101.97,102.88,101.96,102.57,30880
2026-06-08T11:25:00+00:00,102.57,102.68,102.29,102.68,9376
2026-06-08T11:30:00+00:00,102.68,102.88,102.5,102.88,11324
2026-06-08T11:35:00+00:00,102.5,102.88,102.48,102.7,9569
2026-06-08T11:40:00+00:00,102.69,102.88,102.5,102.7,25220
2026-06-08T11:45:00+00:00,102.526,102.61,102.0,102.0,9862
2026-06-08T11:50:00+00:00,102.22,102.32,101.99,102.3,18714
2026-06-08T11:55:00+00:00,102.3,102.48,102.07,102.264,3721
2026-06-08T12:00:00+00:00,102.399,102.55,102.23,102.36,6020
2026-06-08T12:05:00+00:00,102.5,102.77,102.32,102.76,7004
2026-06-08T12:10:00+00:00,102.745,102.85,102.55,102.75,5998
2026-06-08T12:15:00+00:00,102.75,102.8,102.6,102.72,6794
2026-06-08T12:20:00+00:00,102.72,102.84,102.65,102.84,10893
2026-06-08T12:25:00+00:00,102.84,102.98,102.808,102.86,22013
2026-06-08T12:30:00+00:00,102.95,103.2,102.817,102.817,18971
2026-06-08T12:35:00+00:00,102.82,103.19,102.8,102.9,12835
2026-06-08T12:40:00+00:00,102.94,103.37,102.84,103.21,7336
2026-06-08T12:45:00+00:00,103.2,103.3,103.0,103.18,9548
2026-06-08T12:50:00+00:00,103.136,103.5,102.9,103.37,15226
2026-06-08T12:55:00+00:00,103.32,103.75,103.13,103.25,28649
2026-06-08T13:00:00+00:00,103.26,104.3,103.26,104.0,27555
2026-06-08T13:05:00+00:00,104.1,104.24,103.9,104.025,12875
2026-06-08T13:10:00+00:00,104.082,104.25,103.9,104.03,28972
2026-06-08T13:15:00+00:00,104.077,104.13,103.75,103.92,16042
2026-06-08T13:20:00+00:00,103.93,104.25,103.89,104.01,15377
2026-06-08T13:25:00+00:00,104.0,104.06,102.01,102.01,30103
2026-06-08T13:30:00+00:00,102.03,102.03,98.5,98.58,633432
2026-06-08T13:35:00+00:00,98.59,100.29,98.4,99.57,529571
2026-06-08T13:40:00+00:00,99.6,100.21,99.17,99.72,341259
2026-06-08T13:45:00+00:00,99.69,100.05,99.1,99.91,247337
2026-06-08T13:50:00+00:00,99.86,100.51,99.6,100.08,259400
2026-06-08T13:55:00+00:00,100.09,100.31,98.9,99.36,307240
2026-06-08T14:00:00+00:00,99.36,99.961,99.21,99.23,154671
2026-06-08T14:05:00+00:00,99.23,99.645,98.83,99.39,230511
2026-06-08T14:10:00+00:00,99.39,99.52,98.8,99.26,206509
2026-06-08T14:15:00+00:00,99.26,99.38,98.67,99.055,169495
2026-06-08T14:20:00+00:00,99.07,99.559,98.7,99.46,180520
2026-06-08T14:25:00+00:00,99.445,100.08,99.282,99.98,179034
2026-06-08T14:30:00+00:00,99.961,100.6,99.86,100.395,205239
2026-06-08T14:35:00+00:00,100.4,101.22,100.28,101.22,222680
2026-06-08T14:40:00+00:00,101.18,101.4,100.84,101.33,222064
2026-06-08T14:45:00+00:00,101.325,102.47,101.325,102.295,283354
2026-06-08T14:50:00+00:00,102.295,102.57,102.04,102.16,226867
2026-06-08T14:55:00+00:00,102.205,102.39,101.81,101.84,175089
2026-06-08T15:00:00+00:00,101.82,102.24,101.41,101.74,155297
2026-06-08T15:05:00+00:00,101.75,102.315,101.6,102.315,138271
2026-06-08T15:10:00+00:00,102.31,102.85,102.28,102.41,200572
2026-06-08T15:15:00+00:00,102.42,102.75,102.22,102.39,129780
2026-06-08T15:20:00+00:00,102.38,102.49,102.06,102.235,153279
2026-06-08T15:25:00+00:00,102.24,102.56,101.8,102.11,106173
2026-06-08T15:30:00+00:00,102.1,102.21,101.48,101.745,125733
2026-06-08T15:35:00+00:00,101.745,102.296,101.71,102.24,105105
2026-06-08T15:40:00+00:00,102.24,102.6,102.24,102.6,146904
2026-06-08T15:45:00+00:00,102.61,102.99,102.335,102.89,394637
2026-06-08T15:50:00+00:00,102.9,103.33,102.75,102.78,231691
2026-06-08T15:55:00+00:00,102.8,103.18,102.51,102.65,252290
2026-06-08T16:00:00+00:00,102.65,103.03,102.59,102.905,95439
2026-06-08T16:05:00+00:00,102.92,102.98,102.526,102.6,106871
2026-06-08T16:10:00+00:00,102.61,103.23,102.51,103.115,125033
2026-06-08T16:15:00+00:00,103.13,103.45,103.11,103.38,99152
2026-06-08T16:20:00+00:00,103.41,103.701,102.89,103.035,137998
2026-06-08T16:25:00+00:00,103.1,103.42,102.94,103.2,100295
2026-06-08T16:30:00+00:00,103.245,103.8,103.23,103.7,103822
2026-06-08T16:35:00+00:00,103.7,103.93,103.41,103.43,135140
2026-06-08T16:40:00+00:00,103.4,103.64,103.11,103.57,115102
2026-06-08T16:45:00+00:00,103.585,103.93,103.48,103.712,118193
2026-06-08T16:50:00+00:00,103.74,104.3,103.73,104.15,173881
2026-06-08T16:55:00+00:00,104.18,104.25,103.34,103.365,121704
2026-06-08T17:00:00+00:00,103.365,103.39,102.76,102.88,163566
2026-06-08T17:05:00+00:00,102.88,103.05,102.71,102.83,95030
2026-06-08T17:10:00+00:00,102.835,102.89,102.34,102.575,122223
2026-06-08T17:15:00+00:00,102.59,102.805,102.22,102.221,112320
2026-06-08T17:20:00+00:00,102.22,102.46,102.12,102.35,106074
2026-06-08T17:25:00+00:00,102.36,102.865,102.26,102.855,119104
2026-06-08T17:30:00+00:00,102.85,103.01,102.29,102.535,130335
2026-06-08T17:35:00+00:00,102.55,102.6,102.28,102.46,62049
2026-06-08T17:40:00+00:00,102.46,102.67,102.32,102.476,55914
2026-06-08T17:45:00+00:00,102.55,102.99,102.5,102.71,81010
2026-06-08T17:50:00+00:00,102.72,102.95,102.514,102.74,78904
2026-06-08T17:55:00+00:00,102.73,102.74,102.341,102.56,101474
2026-06-08T18:00:00+00:00,102.57,102.85,102.57,102.81,68873
2026-06-08T18:05:00+00:00,102.77,103.3,102.741,103.175,123899
2026-06-08T18:10:00+00:00,103.2,103.31,103.06,103.16,73479
2026-06-08T18:15:00+00:00,103.14,103.375,103.1,103.25,69077
2026-06-08T18:20:00+00:00,103.25,103.32,102.905,103.095,93857
2026-06-08T18:25:00+00:00,103.08,103.37,103.06,103.325,61335
2026-06-08T18:30:00+00:00,103.31,103.475,103.05,103.06,89701
2026-06-08T18:35:00+00:00,103.05,103.115,102.59,102.635,143641
2026-06-08T18:40:00+00:00,102.64,102.8,102.54,102.68,89575
2026-06-08T18:45:00+00:00,102.67,102.76,102.56,102.585,57269
2026-06-08T18:50:00+00:00,102.585,102.6,102.35,102.46,85436
2026-06-08T18:55:00+00:00,102.432,102.46,102.07,102.14,102597
2026-06-08T19:00:00+00:00,102.135,102.217,101.83,102.01,139160
2026-06-08T19:05:00+00:00,102.0,102.19,101.82,101.885,95768
2026-06-08T19:10:00+00:00,101.81,101.9,101.55,101.655,115381
2026-06-08T19:15:00+00:00,101.69,101.91,101.48,101.61,124324
2026-06-08T19:20:00+00:00,101.61,101.83,101.45,101.58,160456
2026-06-08T19:25:00+00:00,101.605,101.999,101.35,101.98,158576
2026-06-08T19:30:00+00:00,102.02,102.36,101.81,101.935,149578
2026-06-08T19:35:00+00:00,101.955,102.07,101.5,101.56,129581
2026-06-08T19:40:00+00:00,101.56,102.06,101.4,101.585,147699
2026-06-08T19:45:00+00:00,101.585,102.13,101.56,102.005,301790
2026-06-08T19:50:00+00:00,102.01,102.64,102.01,102.48,313461
2026-06-08T19:55:00+00:00,102.49,102.5,101.77,102.37,664505
2026-06-08T20:00:00+00:00,102.37,102.9,102.15,102.631,621264
2026-06-08T20:05:00+00:00,102.631,102.631,102.0,102.15,33202
2026-06-08T20:10:00+00:00,102.25,102.37,101.86,101.9,3755
2026-06-08T20:15:00+00:00,102.0,102.0,101.78,101.78,80950
2026-06-08T20:20:00+00:00,101.85,102.3,101.8,102.2,6464
2026-06-08T20:25:00+00:00,102.2,102.361,102.1,102.361,238647
2026-06-08T20:30:00+00:00,102.35,102.37,102.3,102.35,10602
2026-06-08T20:35:00+00:00,102.3,102.51,102.3,102.51,78175
2026-06-08T20:40:00+00:00,102.52,102.71,102.4,102.458,1377
2026-06-08T20:45:00+00:00,102.5,102.5,102.3,102.43,6759
2026-06-08T20:50:00+00:00,102.29,102.579,102.23,102.52,4341
2026-06-08T20:55:00+00:00,102.53,102.57,102.18,102.33,2489
2026-06-08T21:00:00+00:00,102.45,102.45,102.33,102.41,652
2026-06-08T21:05:00+00:00,102.46,102.5,102.33,102.49,2495
2026-06-08T21:10:00+00:00,102.33,102.5,102.33,102.5,4418
2026-06-08T21:15:00+00:00,102.58,102.6,102.53,102.54,1589
2026-06-08T21:20:00+00:00,102.53,102.58,102.4,102.465,6398
2026-06-08T21:25:00+00:00,102.5,102.58,102.47,102.476,5771
2026-06-08T21:30:00+00:00,102.5,102.58,102.46,102.46,668
2026-06-08T21:35:00+00:00,102.53,102.53,102.46,102.52,1240
2026-06-08T21:40:00+00:00,102.49,102.528,102.46,102.49,1232
2026-06-08T21:45:00+00:00,102.46,102.53,102.46,102.469,496
2026-06-08T21:50:00+00:00,102.5,102.578,102.4,102.4,2476
2026-06-08T21:55:00+00:00,102.402,102.47,102.4,102.402,1458
2026-06-08T22:00:00+00:00,102.4,102.47,102.1,102.33,2628
2026-06-08T22:05:00+00:00,102.1,102.33,102.0,102.0,1334
2026-06-08T22:10:00+00:00,102.318,102.318,102.0,102.0,2256
2026-06-08T22:15:00+00:00,102.04,102.22,101.75,101.779,6987
2026-06-08T22:20:00+00:00,101.887,102.0,101.75,101.789,2599
2026-06-08T22:25:00+00:00,101.783,102.0,101.783,101.84,1653
2026-06-08T22:30:00+00:00,101.85,102.05,101.832,101.95,1584
2026-06-08T22:35:00+00:00,102.13,102.22,101.92,102.2,1272
2026-06-08T22:40:00+00:00,102.1,102.19,101.95,102.15,1565
2026-06-08T22:45:00+00:00,102.16,102.22,101.95,101.95,433
2026-06-08T22:50:00+00:00,102.21,102.22,101.95,101.95,2588
2026-06-08T22:55:00+00:00,102.1,102.39,102.0,102.31,3492
2026-06-08T23:00:00+00:00,102.057,102.47,102.057,102.47,8264
2026-06-08T23:05:00+00:00,102.47,102.47,102.0,102.28,899
2026-06-08T23:10:00+00:00,102.28,102.45,102.05,102.19,1189
2026-06-08T23:15:00+00:00,102.422,102.47,102.19,102.19,483
2026-06-08T23:20:00+00:00,102.41,102.45,102.059,102.174,1916
2026-06-08T23:25:00+00:00,102.346,102.37,102.02,102.3,532
2026-06-08T23:30:00+00:00,102.17,102.3,102.15,102.29,1558
2026-06-08T23:35:00+00:00,102.29,102.45,102.15,102.42,886
2026-06-08T23:40:00+00:00,102.32,102.45,102.15,102.2,1507
2026-06-08T23:45:00+00:00,102.2,102.3,102.2,102.214,1115
2026-06-08T23:50:00+00:00,102.201,102.3,102.15,102.15,1819
2026-06-08T23:55:00+00:00,102.18,102.3,102.156,102.212,1930
2026-06-09T08:00:00+00:00,104.86,105.268,103.45,104.9,43064
2026-06-09T08:05:00+00:00,104.8,105.2,103.52,104.85,6411
2026-06-09T08:10:00+00:00,104.83,105.48,104.82,105.41,2079
2026-06-09T08:15:00+00:00,105.41,105.41,105.14,105.154,2587
2026-06-09T08:20:00+00:00,105.2,105.4,105.01,105.3,1283
2026-06-09T08:25:00+00:00,105.3,105.44,105.24,105.29,1588
2026-06-09T08:30:00+00:00,105.41,105.48,105.26,105.44,5399
2026-06-09T08:35:00+00:00,105.5,105.5,105.15,105.3,1483
2026-06-09T08:40:00+00:00,105.44,105.6,105.35,105.6,5083
2026-06-09T08:45:00+00:00,105.6,105.65,105.4,105.4,3179
2026-06-09T08:50:00+00:00,105.46,105.5,105.08,105.15,2673
2026-06-09T08:55:00+00:00,105.15,105.23,104.985,105.03,1773
2026-06-09T09:00:00+00:00,105.03,105.4,104.89,105.36,3203
2026-06-09T09:05:00+00:00,105.36,105.493,105.3,105.45,687
2026-06-09T09:10:00+00:00,105.45,105.5,105.2,105.5,2400
2026-06-09T09:15:00+00:00,105.49,105.583,105.4,105.555,2019
2026-06-09T09:20:00+00:00,105.5,105.7,105.5,105.69,1523
2026-06-09T09:25:00+00:00,105.7,105.99,105.62,105.99,1880
2026-06-09T09:30:00+00:00,105.93,106.18,105.7,105.7,10718
2026-06-09T09:35:00+00:00,105.7,106.23,105.7,106.115,3968
2026-06-09T09:40:00+00:00,106.305,106.32,106.05,106.13,1906
2026-06-09T09:45:00+00:00,106.295,106.3,106.1,106.17,440
2026-06-09T09:50:00+00:00,106.25,106.381,106.13,106.25,1604
2026-06-09T09:55:00+00:00,106.28,106.38,106.13,106.17,1957
2026-06-09T10:00:00+00:00,106.16,106.24,106.05,106.197,1868
2026-06-09T10:05:00+00:00,106.304,106.304,105.7,105.7,2934
2026-06-09T10:10:00+00:00,105.69,106.01,105.601,105.93,930
2026-06-09T10:15:00+00:00,105.74,106.0,105.74,105.77,613
2026-06-09T10:20:00+00:00,105.76,105.93,105.65,105.65,1666
2026-06-09T10:25:00+00:00,105.65,105.98,105.65,105.85,1054
2026-06-09T10:30:00+00:00,105.8,106.0,105.75,105.97,911
2026-06-09T10:35:00+00:00,105.75,106.0,105.45,105.45,2503
2026-06-09T10:40:00+00:00,105.43,105.48,105.3,105.42,1740
2026-06-09T10:45:00+00:00,105.41,105.43,105.25,105.35,5387
2026-06-09T10:50:00+00:00,105.45,105.85,105.27,105.8,1240
2026-06-09T10:55:00+00:00,105.5,105.5,105.26,105.3,1562
2026-06-09T11:00:00+00:00,105.3,105.36,105.0,105.03,12389
2026-06-09T11:05:00+00:00,105.03,105.36,105.0,105.25,9961
2026-06-09T11:10:00+00:00,105.1,105.69,105.1,105.5,7982
2026-06-09T11:15:00+00:00,105.55,105.639,105.0,105.17,1742
2026-06-09T11:20:00+00:00,105.3,105.5,105.0,105.06,26998
2026-06-09T11:25:00+00:00,105.02,105.3,105.02,105.145,4256
2026-06-09T11:30:00+00:00,105.1,105.25,105.04,105.19,3193
2026-06-09T11:35:00+00:00,105.15,105.2,104.95,105.0,11156
2026-06-09T11:40:00+00:00,105.174,105.65,105.0,105.5,14163
2026-06-09T11:45:00+00:00,105.49,105.75,105.25,105.42,3119
2026-06-09T11:50:00+00:00,105.5,106.0,105.5,105.8,9475
2026-06-09T11:55:00+00:00,105.84,105.84,105.22,105.309,5932
2026-06-09T12:00:00+00:00,105.33,105.5,105.05,105.38,3552
2026-06-09T12:05:00+00:00,105.1,105.49,105.1,105.49,11686
2026-06-09T12:10:00+00:00,105.377,105.45,105.1,105.1,4123
2026-06-09T12:15:00+00:00,105.2,105.35,105.0,105.0,6508
2026-06-09T12:20:00+00:00,105.0,105.2,104.78,104.8,6544
2026-06-09T12:25:00+00:00,104.85,105.0,104.7,104.87,9591
2026-06-09T12:30:00+00:00,104.9,105.4,104.85,105.2,9376
2026-06-09T12:35:00+00:00,105.1,105.2,104.966,104.966,4508
2026-06-09T12:40:00+00:00,105.0,105.07,104.748,104.82,5340
2026-06-09T12:45:00+00:00,104.71,104.97,104.6,104.86,7611
2026-06-09T12:50:00+00:00,104.8,105.0,104.75,104.897,3174
2026-06-09T12:55:00+00:00,105.0,105.2,104.8,105.2,3812
2026-06-09T13:00:00+00:00,105.2,105.4,105.0,105.169,3357
2026-06-09T13:05:00+00:00,105.033,105.36,105.0,105.06,2714
2026-06-09T13:10:00+00:00,105.148,105.17,104.61,104.68,15467
2026-06-09T13:15:00+00:00,104.874,104.874,104.5,104.59,8523
2026-06-09T13:20:00+00:00,104.55,104.7,104.5,104.5,13604
2026-06-09T13:25:00+00:00,104.68,104.87,103.96,104.0,32602
2026-06-09T13:30:00+00:00,103.99,105.38,102.48,104.265,443813
2026-06-09T13:35:00+00:00,104.27,104.55,103.27,103.305,279609
2026-06-09T13:40:00+00:00,103.335,104.16,102.97,104.0,269440
2026-06-09T13:45:00+00:00,103.94,104.5,103.76,104.435,413169
2026-06-09T13:50:00+00:00,104.39,104.5,102.9,102.955,308401
2026-06-09T13:55:00+00:00,102.9,103.15,101.94,102.055,584648
2026-06-09T14:00:00+00:00,102.055,103.22,102.0,103.19,191734
2026-06-09T14:05:00+00:00,103.18,103.64,102.62,102.765,227718
2026-06-09T14:10:00+00:00,102.8,102.8,101.4,101.55,218753
2026-06-09T14:15:00+00:00,101.52,102.0,100.54,101.025,337964
2026-06-09T14:20:00+00:00,100.96,102.2,100.65,102.11,253920
2026-06-09T14:25:00+00:00,102.115,102.63,101.461,101.805,243704
2026-06-09T14:30:00+00:00,101.77,101.89,100.6,101.79,243878
2026-06-09T14:35:00+00:00,101.66,102.36,101.3,101.935,116888
2026-06-09T14:40:00+00:00,101.99,102.42,100.33,100.345,167047
2026-06-09T14:45:00+00:00,100.345,100.53,99.12,99.28,445576
2026-06-09T14:50:00+00:00,99.27,100.59,99.17,100.5,305297
2026-06-09T14:55:00+00:00,100.45,100.665,99.53,100.665,207584
2026-06-09T15:00:00+00:00,100.71,100.82,100.16,100.2,154909
2026-06-09T15:05:00+00:00,100.23,101.07,99.95,101.035,132834
2026-06-09T15:10:00+00:00,101.16,101.19,100.19,100.329,92194
2026-06-09T15:15:00+00:00,100.2,100.405,99.565,99.615,117119
2026-06-09T15:20:00+00:00,99.635,99.97,98.501,98.535,233855
2026-06-09T15:25:00+00:00,98.53,98.65,97.14,97.16,348289
2026-06-09T15:30:00+00:00,97.22,97.77,97.11,97.369,280243
2026-06-09T15:35:00+00:00,97.345,97.686,97.16,97.57,190097
2026-06-09T15:40:00+00:00,97.55,98.25,97.47,97.975,169637
2026-06-09T15:45:00+00:00,97.995,98.43,97.945,98.12,122960
2026-06-09T15:50:00+00:00,98.15,98.7,97.85,97.905,132040
2026-06-09T15:55:00+00:00,97.82,97.99,96.4,96.585,351815
2026-06-09T16:00:00+00:00,96.54,97.18,96.54,96.64,199936
2026-06-09T16:05:00+00:00,96.64,96.72,95.76,95.99,277986
2026-06-09T16:10:00+00:00,95.95,96.55,95.77,96.05,169287
2026-06-09T16:15:00+00:00,96.01,96.135,94.41,94.56,473095
2026-06-09T16:20:00+00:00,94.49,95.49,94.25,95.465,324972
2026-06-09T16:25:00+00:00,95.44,95.94,95.14,95.395,191007
2026-06-09T16:30:00+00:00,95.36,95.54,94.76,94.975,267573
2026-06-09T16:35:00+00:00,94.978,95.58,93.69,93.83,302780
2026-06-09T16:40:00+00:00,93.83,94.78,93.62,94.686,274321
2026-06-09T16:45:00+00:00,94.655,95.12,94.11,94.655,165710
2026-06-09T16:50:00+00:00,94.6,94.8,94.03,94.085,123871
2026-06-09T16:55:00+00:00,94.085,95.445,94.01,95.395,188529
2026-06-09T17:00:00+00:00,95.46,96.525,95.02,96.24,266109
2026-06-09T17:05:00+00:00,96.12,96.175,95.734,96.12,152550
2026-06-09T17:10:00+00:00,96.08,96.22,95.595,96.11,371201
2026-06-09T17:15:00+00:00,96.13,97.25,96.07,97.25,245647
2026-06-09T17:20:00+00:00,97.15,97.48,96.8,97.1,170415
2026-06-09T17:25:00+00:00,97.09,97.41,96.8,97.28,102231
2026-06-09T17:30:00+00:00,97.29,97.82,97.05,97.59,114888
2026-06-09T17:35:00+00:00,97.61,98.11,97.33,97.96,97269
2026-06-09T17:40:00+00:00,97.995,98.25,97.7,97.81,132744
2026-06-09T17:45:00+00:00,97.77,97.87,96.31,96.515,170826
2026-06-09T17:50:00+00:00,96.52,97.228,96.52,97.05,113334
2026-06-09T17:55:00+00:00,97.03,97.48,96.95,97.16,92697
2026-06-09T18:00:00+00:00,97.19,97.27,96.86,97.11,75055
2026-06-09T18:05:00+00:00,97.1,97.71,97.1,97.64,99568
2026-06-09T18:10:00+00:00,97.67,97.67,97.321,97.6,58061
2026-06-09T18:15:00+00:00,97.57,98.14,97.4,98.085,83211
2026-06-09T18:20:00+00:00,98.11,98.48,97.86,98.35,99342
2026-06-09T18:25:00+00:00,98.4,98.5,97.964,98.2,105834
2026-06-09T18:30:00+00:00,98.21,98.75,98.18,98.62,139093
2026-06-09T18:35:00+00:00,98.63,98.73,98.33,98.405,112025
2026-06-09T18:40:00+00:00,98.405,98.41,97.59,97.64,95776
2026-06-09T18:45:00+00:00,97.593,98.15,97.51,98.145,99223
2026-06-09T18:50:00+00:00,98.169,98.39,97.9,98.135,106336
2026-06-09T18:55:00+00:00,98.135,98.46,98.042,98.21,89784
2026-06-09T19:00:00+00:00,98.2,98.47,97.96,98.46,121858
2026-06-09T19:05:00+00:00,98.41,98.5,97.758,97.77,87518
2026-06-09T19:10:00+00:00,97.785,97.87,97.43,97.43,90476
2026-06-09T19:15:00+00:00,97.47,97.475,96.9,97.085,141573
2026-06-09T19:20:00+00:00,97.05,97.504,96.88,97.04,204763
2026-06-09T19:25:00+00:00,97.01,97.77,96.91,97.61,110220
2026-06-09T19:30:00+00:00,97.61,98.255,97.53,98.255,188053
2026-06-09T19:35:00+00:00,98.255,98.255,97.7,97.8,129950
2026-06-09T19:40:00+00:00,97.76,98.28,97.31,98.08,161440
2026-06-09T19:45:00+00:00,98.09,98.169,97.45,97.62,170199
2026-06-09T19:50:00+00:00,97.66,98.165,97.66,98.145,265983
2026-06-09T19:55:00+00:00,98.11,98.49,98.11,98.45,593596
2026-06-09T20:00:00+00:00,98.45,99.44,98.25,99.2,1438952
2026-06-09T20:05:00+00:00,99.0,99.2,98.51,98.7,518789
2026-06-09T20:10:00+00:00,98.45,99.01,98.43,98.71,53944
2026-06-09T20:15:00+00:00,98.89,99.01,98.71,98.8,7890
2026-06-09T20:20:00+00:00,98.8,98.9,98.722,98.9,92763
2026-06-09T20:25:00+00:00,98.9,99.0,98.71,98.72,2144
2026-06-09T20:30:00+00:00,98.97,99.09,98.71,99.04,1705
2026-06-09T20:35:00+00:00,99.09,99.25,98.986,99.04,3160
2026-06-09T20:40:00+00:00,99.09,99.25,99.002,99.105,2857
2026-06-09T20:45:00+00:00,99.15,99.25,98.98,99.05,34931
2026-06-09T20:50:00+00:00,99.14,99.14,98.81,98.91,2725
2026-06-09T20:55:00+00:00,98.9,99.02,98.9,98.994,338479
2026-06-09T21:00:00+00:00,98.95,99.15,98.9,99.11,2362
2026-06-09T21:05:00+00:00,99.05,99.11,98.76,98.8,2529
2026-06-09T21:10:00+00:00,99.11,99.11,98.72,98.72,536
2026-06-09T21:15:00+00:00,98.8,99.0,98.56,98.71,2358
2026-06-09T21:20:00+00:00,98.65,98.67,98.09,98.29,2318
2026-06-09T21:25:00+00:00,98.299,98.51,98.05,98.448,1286
2026-06-09T21:30:00+00:00,98.25,98.5,98.05,98.05,3034
2026-06-09T21:35:00+00:00,98.12,98.28,98.05,98.25,2351
2026-06-09T21:40:00+00:00,98.2,98.4,98.06,98.19,600
2026-06-09T21:45:00+00:00,98.19,98.5,98.06,98.5,810
2026-06-09T21:50:00+00:00,98.2,98.5,98.01,98.196,1484
2026-06-09T21:55:00+00:00,98.2,98.4,98.125,98.4,1250
2026-06-09T22:00:00+00:00,98.4,98.5,98.2,98.44,4276
2026-06-09T22:05:00+00:00,98.446,98.45,98.2,98.29,1282
2026-06-09T22:10:00+00:00,98.2,98.43,98.2,98.24,572
2026-06-09T22:15:00+00:00,98.28,98.43,98.04,98.15,4191
2026-06-09T22:20:00+00:00,98.15,98.19,98.0,98.02,1056
2026-06-09T22:25:00+00:00,98.13,98.13,97.01,97.5,25271
2026-06-09T22:30:00+00:00,97.729,97.729,97.344,97.56,3002
2026-06-09T22:35:00+00:00,97.62,97.62,97.11,97.43,1319
2026-06-09T22:40:00+00:00,97.27,97.39,97.0,97.35,2300
2026-06-09T22:45:00+00:00,97.253,97.35,97.1,97.12,1433
2026-06-09T22:50:00+00:00,97.21,97.21,97.0,97.01,7614
2026-06-09T22:55:00+00:00,97.17,97.308,97.0,97.295,1920
2026-06-09T23:00:00+00:00,97.16,97.75,97.11,97.45,1950
2026-06-09T23:05:00+00:00,97.42,97.74,97.3,97.5,426
2026-06-09T23:10:00+00:00,97.5,97.71,97.28,97.58,1216
2026-06-09T23:15:00+00:00,97.58,97.684,97.17,97.33,1113
2026-06-09T23:20:00+00:00,97.26,97.59,97.25,97.5,1360
2026-06-09T23:25:00+00:00,97.48,97.48,97.18,97.346,416
2026-06-09T23:30:00+00:00,97.28,97.51,97.201,97.4,1960
2026-06-09T23:35:00+00:00,97.381,97.5,97.25,97.32,1846
2026-06-09T23:40:00+00:00,97.55,97.55,97.31,97.376,4183
2026-06-09T23:45:00+00:00,97.376,97.74,97.376,97.682,8623
2026-06-09T23:50:00+00:00,97.6,97.6,97.283,97.482,2599
2026-06-09T23:55:00+00:00,97.6,97.75,97.533,97.7,2969
2026-06-10T08:00:00+00:00,96.48,97.47,95.3,96.3,21981
2026-06-10T08:05:00+00:00,95.91,97.32,95.35,96.4,3075
2026-06-10T08:10:00+00:00,96.5,96.67,96.2,96.3,974
2026-06-10T08:15:00+00:00,96.17,96.37,96.086,96.27,1522
2026-06-10T08:20:00+00:00,96.11,96.293,96.0,96.06,469
2026-06-10T08:25:00+00:00,96.1,96.22,95.8,95.83,3928
2026-06-10T08:30:00+00:00,95.78,96.05,95.78,95.88,1123
2026-06-10T08:35:00+00:00,95.9,96.2,95.8,96.05,754
2026-06-10T08:40:00+00:00,96.102,96.23,95.5,95.5,1184
2026-06-10T08:45:00+00:00,95.5,95.83,95.4,95.83,2004
2026-06-10T08:50:00+00:00,95.63,96.15,95.53,95.56,1455
2026-06-10T08:55:00+00:00,95.55,95.95,95.39,95.45,360
2026-06-10T09:00:00+00:00,95.55,95.55,95.21,95.389,1594
2026-06-10T09:05:00+00:00,95.5,95.86,95.43,95.43,307
2026-06-10T09:10:00+00:00,95.43,95.861,95.2,95.24,331
2026-06-10T09:15:00+00:00,95.2,95.55,95.09,95.53,2008
2026-06-10T09:20:00+00:00,95.5,95.5,95.22,95.277,2691
2026-06-10T09:25:00+00:00,95.28,96.0,95.28,96.0,2482
2026-06-10T09:30:00+00:00,95.81,95.99,95.61,95.73,100
2026-06-10T09:35:00+00:00,95.82,96.14,95.61,96.14,651
2026-06-10T09:40:00+00:00,96.0,96.1,95.4,95.7,475
2026-06-10T09:45:00+00:00,95.8,95.91,95.5,95.5,1562
2026-06-10T09:50:00+00:00,95.7,96.0,95.53,95.62,677
2026-06-10T09:55:00+00:00,95.7,96.251,95.7,96.19,3083
2026-06-10T10:00:00+00:00,95.8,96.0,95.56,95.56,3683
2026-06-10T10:05:00+00:00,95.68,96.0,95.61,96.0,1598
2026-06-10T10:10:00+00:00,96.0,96.0,95.64,95.85,1060
2026-06-10T10:15:00+00:00,95.8,96.0,95.8,95.86,92
2026-06-10T10:20:00+00:00,95.59,96.018,95.5,95.96,4226
2026-06-10T10:25:00+00:00,95.69,96.0,95.659,96.0,296
2026-06-10T10:30:00+00:00,95.94,96.2,95.93,96.02,1772
2026-06-10T10:35:00+00:00,96.009,96.18,95.81,96.003,1437
2026-06-10T10:40:00+00:00,96.0,96.48,95.99,96.12,693
2026-06-10T10:45:00+00:00,96.22,96.45,96.12,96.12,2181
2026-06-10T10:50:00+00:00,96.152,96.44,96.14,96.382,174
2026-06-10T10:55:00+00:00,96.3,96.56,96.3,96.35,4717
2026-06-10T11:00:00+00:00,96.35,96.75,95.81,95.81,7616
2026-06-10T11:05:00+00:00,95.8,96.021,95.38,95.523,4561
2026-06-10T11:10:00+00:00,95.51,95.96,95.5,95.74,2216
2026-06-10T11:15:00+00:00,95.76,96.11,95.55,95.99,2623
2026-06-10T11:20:00+00:00,95.75,96.2,95.56,95.8,2084
2026-06-10T11:25:00+00:00,95.86,95.86,94.73,94.86,16661
2026-06-10T11:30:00+00:00,95.0,95.0,94.58,94.64,6290
2026-06-10T11:35:00+00:00,94.6,94.83,94.35,94.5,10784
2026-06-10T11:40:00+00:00,94.37,94.79,94.37,94.45,4949
2026-06-10T11:45:00+00:00,94.37,94.7,94.32,94.45,3110
2026-06-10T11:50:00+00:00,94.45,94.94,94.4,94.74,7452
2026-06-10T11:55:00+00:00,94.94,95.0,94.7,94.88,2683
2026-06-10T12:00:00+00:00,94.96,95.0,94.71,95.0,12610
2026-06-10T12:05:00+00:00,95.0,95.0,94.69,94.93,4128
2026-06-10T12:10:00+00:00,94.84,95.0,94.71,94.75,5457
2026-06-10T12:15:00+00:00,94.853,94.99,94.5,94.55,8400
2026-06-10T12:20:00+00:00,94.53,94.99,94.53,94.81,3256
2026-06-10T12:25:00+00:00,94.92,95.15,94.5,94.822,15831
2026-06-10T12:30:00+00:00,94.65,97.69,94.5,96.31,93813
2026-06-10T12:35:00+00:00,96.67,97.0,96.0,96.48,17683
2026-06-10T12:40:00+00:00,96.5,96.92,96.2,96.5,7748
2026-06-10T12:45:00+00:00,96.54,97.1,96.39,97.06,19961
2026-06-10T12:50:00+00:00,97.099,97.19,96.25,96.83,5126
2026-06-10T12:55:00+00:00,96.74,96.74,95.87,96.0,10178
2026-06-10T13:00:00+00:00,95.95,96.4,95.87,95.87,10311
2026-06-10T13:05:00+00:00,95.94,96.2,95.64,96.16,8615
2026-06-10T13:10:00+00:00,96.16,96.41,95.9,96.19,16425
2026-06-10T13:15:00+00:00,95.89,96.25,95.77,96.1,1540
2026-06-10T13:20:00+00:00,96.16,96.33,95.84,96.15,4285
2026-06-10T13:25:00+00:00,96.18,96.18,95.13,95.32,10735
2026-06-10T13:30:00+00:00,95.39,97.4,95.35,95.72,566722
2026-06-10T13:35:00+00:00,95.79,98.45,95.71,98.005,314245
2026-06-10T13:40:00+00:00,98.075,99.49,98.0,99.14,322015
2026-06-10T13:45:00+00:00,99.22,100.5,99.1,100.135,292759
2026-06-10T13:50:00+00:00,100.135,100.19,98.34,98.67,263468
2026-06-10T13:55:00+00:00,98.675,98.93,98.1,98.51,169261
2026-06-10T14:00:00+00:00,98.56,99.38,98.0,99.38,199522
2026-06-10T14:05:00+00:00,99.375,99.97,99.07,99.76,168499
2026-06-10T14:10:00+00:00,99.765,99.87,99.05,99.12,176403
2026-06-10T14:15:00+00:00,99.09,99.4,98.7,99.2,171868
2026-06-10T14:20:00+00:00,99.22,99.74,98.85,99.555,109889
2026-06-10T14:25:00+00:00,99.685,99.685,99.04,99.55,124247
2026-06-10T14:30:00+00:00,99.51,99.78,98.835,99.705,124863
2026-06-10T14:35:00+00:00,99.68,99.89,98.94,99.225,127369
2026-06-10T14:40:00+00:00,99.238,99.52,98.57,98.57,109004
2026-06-10T14:45:00+00:00,98.66,98.7,97.91,98.24,152883
2026-06-10T14:50:00+00:00,98.24,98.66,97.995,98.255,92171
2026-06-10T14:55:00+00:00,98.31,98.38,96.75,97.146,178858
2026-06-10T15:00:00+00:00,97.15,97.79,96.62,97.2,144182
2026-06-10T15:05:00+00:00,97.24,97.285,96.349,96.465,141409
2026-06-10T15:10:00+00:00,96.44,96.52,95.55,95.63,186170
2026-06-10T15:15:00+00:00,95.65,96.16,95.34,96.02,273104
2026-06-10T15:20:00+00:00,96.01,96.73,95.72,96.55,234464
2026-06-10T15:25:00+00:00,96.5,96.776,95.87,95.905,259711
2026-06-10T15:30:00+00:00,95.88,96.48,95.8,95.99,156713
2026-06-10T15:35:00+00:00,95.955,96.08,95.5,95.675,135195
2026-06-10T15:40:00+00:00,95.66,96.62,95.5,96.49,173941
2026-06-10T15:45:00+00:00,96.455,97.05,95.725,95.95,192018
2026-06-10T15:50:00+00:00,96.0,96.9,95.1,96.55,215332
2026-06-10T15:55:00+00:00,96.51,97.29,96.214,97.07,117636
2026-06-10T16:00:00+00:00,97.14,97.156,96.31,96.56,104785
2026-06-10T16:05:00+00:00,96.57,96.88,96.04,96.205,76396
2026-06-10T16:10:00+00:00,96.13,96.17,95.6,95.868,82021
2026-06-10T16:15:00+00:00,95.89,96.17,95.725,96.035,65320
2026-06-10T16:20:00+00:00,96.02,96.13,95.78,95.84,72024
2026-06-10T16:25:00+00:00,95.815,96.34,95.815,96.315,65566
2026-06-10T16:30:00+00:00,96.315,96.64,96.01,96.615,91515
2026-06-10T16:35:00+00:00,96.58,96.95,96.29,96.78,178324
2026-06-10T16:40:00+00:00,96.795,96.85,96.17,96.22,51048
2026-06-10T16:45:00+00:00,96.24,96.24,95.5,95.89,110481
2026-06-10T16:50:00+00:00,95.9,96.36,95.84,96.06,85228
2026-06-10T16:55:00+00:00,96.03,96.17,95.8,96.155,43897
2026-06-10T17:00:00+00:00,96.155,96.74,95.95,96.725,97613
2026-06-10T17:05:00+00:00,96.7,96.81,96.075,96.175,132133
2026-06-10T17:10:00+00:00,96.17,96.275,95.85,96.17,67574
2026-06-10T17:15:00+00:00,96.17,96.41,96.1,96.15,64898
2026-06-10T17:20:00+00:00,96.15,96.26,95.9,96.215,139962
2026-06-10T17:25:00+00:00,96.23,96.36,95.98,96.18,66088
2026-06-10T17:30:00+00:00,96.15,96.155,95.77,96.015,53932
2026-06-10T17:35:00+00:00,95.98,95.99,95.63,95.69,60667
2026-06-10T17:40:00+00:00,95.69,96.25,95.675,95.79,108072
2026-06-10T17:45:00+00:00,95.79,96.78,95.78,96.7,201880
2026-06-10T17:50:00+00:00,96.665,96.78,96.17,96.49,105529
2026-06-10T17:55:00+00:00,96.52,97.1,96.417,96.99,81671
2026-06-10T18:00:00+00:00,97.02,97.735,97.02,97.735,186046
2026-06-10T18:05:00+00:00,97.67,97.928,97.43,97.435,142398
2026-06-10T18:10:00+00:00,97.435,97.92,97.39,97.88,83447
2026-06-10T18:15:00+00:00,97.88,98.05,97.25,97.535,100299
2026-06-10T18:20:00+00:00,97.56,97.74,97.31,97.65,67824
2026-06-10T18:25:00+00:00,97.605,97.715,97.44,97.57,55486
2026-06-10T18:30:00+00:00,97.56,97.56,97.17,97.375,60633
2026-06-10T18:35:00+00:00,97.33,97.33,96.78,97.01,109315
2026-06-10T18:40:00+00:00,96.95,97.1,96.61,96.83,86660
2026-06-10T18:45:00+00:00,96.825,96.86,96.64,96.73,53548
2026-06-10T18:50:00+00:00,96.69,96.86,96.41,96.775,91659
2026-06-10T18:55:00+00:00,96.75,96.75,96.446,96.56,72948
2026-06-10T19:00:00+00:00,96.58,96.86,96.26,96.635,92804
2026-06-10T19:05:00+00:00,96.6,97.01,96.46,96.715,118743
2026-06-10T19:10:00+00:00,96.676,96.76,96.05,96.185,117686
2026-06-10T19:15:00+00:00,96.17,96.28,95.9,95.945,92012
2026-06-10T19:20:00+00:00,95.935,96.0,95.58,95.8,177280
2026-06-10T19:25:00+00:00,95.785,95.85,95.42,95.71,168386
2026-06-10T19:30:00+00:00,95.7,96.4,95.58,96.25,148810
2026-06-10T19:35:00+00:00,96.24,96.585,96.155,96.25,137818
2026-06-10T19:40:00+00:00,96.24,96.445,96.1,96.305,140883
2026-06-10T19:45:00+00:00,96.28,96.335,95.86,95.99,139698
2026-06-10T19:50:00+00:00,95.99,96.41,95.77,96.405,237139
2026-06-10T19:55:00+00:00,96.38,96.42,95.53,95.61,581672
2026-06-10T20:00:00+00:00,95.61,96.28,95.58,95.62,171036
2026-06-10T20:05:00+00:00,95.99,96.25,93.26,94.98,108221
2026-06-10T20:10:00+00:00,94.85,95.61,94.1,94.88,26432
2026-06-10T20:15:00+00:00,95.083,95.5,94.2,95.0,20901
2026-06-10T20:20:00+00:00,95.25,95.3,94.62,95.19,10165
2026-06-10T20:25:00+00:00,94.96,95.2,94.276,94.276,7333
2026-06-10T20:30:00+00:00,94.34,94.99,94.0,94.98,50561
2026-06-10T20:35:00+00:00,94.8,95.0,94.64,94.95,7581
2026-06-10T20:40:00+00:00,95.0,95.0,94.34,94.71,28564
2026-06-10T20:45:00+00:00,94.48,94.91,94.03,94.37,8406
2026-06-10T20:50:00+00:00,94.241,94.54,94.11,94.39,12443
2026-06-10T20:55:00+00:00,94.88,94.93,94.4,94.651,3347
2026-06-10T21:00:00+00:00,94.809,94.85,94.25,94.25,7707
2026-06-10T21:05:00+00:00,94.35,94.4,93.99,94.12,11368
2026-06-10T21:10:00+00:00,93.9,94.25,93.74,94.0,21621
2026-06-10T21:15:00+00:00,94.19,94.5,93.98,94.128,5243
2026-06-10T21:20:00+00:00,94.45,94.76,93.75,93.76,6910
2026-06-10T21:25:00+00:00,93.891,94.34,93.891,94.31,2546
2026-06-10T21:30:00+00:00,94.5,94.5,94.2,94.26,2990
2026-06-10T21:35:00+00:00,94.25,94.5,94.22,94.486,2542
2026-06-10T21:40:00+00:00,94.49,94.5,94.4,94.401,1277
2026-06-10T21:45:00+00:00,94.4,94.5,94.314,94.5,11779
2026-06-10T21:50:00+00:00,94.474,94.7,94.4,94.4,3661
2026-06-10T21:55:00+00:00,94.5,94.6,94.4,94.6,4375
2026-06-10T22:00:00+00:00,94.5,94.68,93.9,93.9,10017
2026-06-10T22:05:00+00:00,93.88,93.92,93.31,93.47,5032
2026-06-10T22:10:00+00:00,93.52,93.8,93.52,93.65,5407
2026-06-10T22:15:00+00:00,93.65,93.8,93.6,93.66,2125
2026-06-10T22:20:00+00:00,93.66,93.76,93.4,93.439,3606
2026-06-10T22:25:00+00:00,93.5,93.5,93.15,93.23,7475
2026-06-10T22:30:00+00:00,93.17,93.52,93.17,93.31,5854
2026-06-10T22:35:00+00:00,93.26,93.4,93.21,93.21,2830
2026-06-10T22:40:00+00:00,93.16,93.23,93.0,93.04,8169
2026-06-10T22:45:00+00:00,93.01,93.05,92.88,92.88,12010
2026-06-10T22:50:00+00:00,92.92,92.92,92.25,92.74,55748
2026-06-10T22:55:00+00:00,92.73,92.92,92.43,92.452,3637
2026-06-10T23:00:00+00:00,92.482,92.75,92.22,92.41,20647
2026-06-10T23:05:00+00:00,92.429,92.7,92.2,92.32,3109
2026-06-10T23:10:00+00:00,92.22,92.38,92.0,92.098,5601
2026-06-10T23:15:00+00:00,92.1,92.33,91.47,92.0,11889
2026-06-10T23:20:00+00:00,91.99,92.69,91.99,92.69,10371
2026-06-10T23:25:00+00:00,92.6,93.22,92.5,93.161,3398
2026-06-10T23:30:00+00:00,93.2,93.2,92.61,93.0,6501
2026-06-10T23:35:00+00:00,92.98,93.3,92.8,92.8,7583
2026-06-10T23:40:00+00:00,92.99,93.4,92.86,93.19,6206
2026-06-10T23:45:00+00:00,93.2,93.3,92.8,93.083,5147
2026-06-10T23:50:00+00:00,93.06,93.31,92.8,92.8,5851
2026-06-10T23:55:00+00:00,93.19,93.19,92.7,92.9,4121
2026-06-11T08:00:00+00:00,93.11,95.768,93.11,94.71,37905
2026-06-11T08:05:00+00:00,94.75,95.6,93.79,95.567,6632
2026-06-11T08:10:00+00:00,95.76,96.77,95.68,96.35,21638
2026-06-11T08:15:00+00:00,96.55,96.8,96.06,96.68,6077
2026-06-11T08:20:00+00:00,96.72,96.8,96.34,96.38,8457
2026-06-11T08:25:00+00:00,96.64,96.74,96.38,96.39,7523
2026-06-11T08:30:00+00:00,96.45,96.68,96.38,96.5,4171
2026-06-11T08:35:00+00:00,96.45,96.9,96.45,96.83,4234
2026-06-11T08:40:00+00:00,96.4,96.83,96.4,96.67,8958
2026-06-11T08:45:00+00:00,96.67,96.67,96.3,96.37,6732
2026-06-11T08:50:00+00:00,96.37,96.4,96.14,96.25,4947
2026-06-11T08:55:00+00:00,96.25,96.39,96.06,96.31,1886
2026-06-11T09:00:00+00:00,96.35,96.79,96.31,96.77,2849
2026-06-11T09:05:00+00:00,96.77,96.77,96.29,96.302,2034
2026-06-11T09:10:00+00:00,96.3,96.382,95.9,96.2,1822
2026-06-11T09:15:00+00:00,96.14,96.31,95.854,95.94,4262
2026-06-11T09:20:00+00:00,96.24,96.24,95.65,95.96,682
2026-06-11T09:25:00+00:00,95.928,96.23,95.7,95.95,900
2026-06-11T09:30:00+00:00,96.06,96.142,95.82,95.88,1102
2026-06-11T09:35:00+00:00,95.84,96.16,95.828,95.95,1148
2026-06-11T09:40:00+00:00,95.823,96.0,95.823,95.9,329
2026-06-11T09:45:00+00:00,95.92,96.2,95.92,96.2,687
2026-06-11T09:50:00+00:00,96.18,96.18,95.89,95.928,246
2026-06-11T09:55:00+00:00,96.06,96.341,95.93,96.341,675
2026-06-11T10:00:00+00:00,96.24,96.461,96.1,96.24,410
2026-06-11T10:05:00+00:00,96.13,96.45,96.05,96.376,868
2026-06-11T10:10:00+00:00,96.15,96.3,95.949,96.009,850
2026-06-11T10:15:00+00:00,96.223,96.31,95.939,96.03,931
2026-06-11T10:20:00+00:00,96.2,96.4,96.15,96.384,1629
2026-06-11T10:25:00+00:00,96.1,96.384,96.1,96.26,250
2026-06-11T10:30:00+00:00,96.4,96.41,96.1,96.41,922
2026-06-11T10:35:00+00:00,96.36,96.68,96.36,96.65,1173
2026-06-11T10:40:00+00:00,96.61,96.684,96.35,96.47,8857
2026-06-11T10:45:00+00:00,96.6,96.6,96.15,96.15,1191
2026-06-11T10:50:00+00:00,96.15,96.43,96.15,96.404,459
2026-06-11T10:55:00+00:00,96.21,96.21,95.8,95.93,8649
2026-06-11T11:00:00+00:00,95.85,96.05,95.41,95.43,10031
2026-06-11T11:05:00+00:00,95.4,95.59,95.01,95.19,8473
2026-06-11T11:10:00+00:00,95.0,95.5,95.0,95.489,8647
2026-06-11T11:15:00+00:00,95.49,95.68,95.3,95.4,2481
2026-06-11T11:20:00+00:00,95.375,95.579,95.2,95.331,12490
2026-06-11T11:25:00+00:00,95.33,95.66,95.0,95.66,4579
2026-06-11T11:30:00+00:00,95.7,95.98,95.6,95.912,6986
2026-06-11T11:35:00+00:00,95.8,95.95,95.629,95.774,3266
2026-06-11T11:40:00+00:00,95.79,95.82,95.15,95.575,576961
2026-06-11T11:45:00+00:00,95.79,95.8,95.65,95.787,1088
2026-06-11T11:50:00+00:00,95.76,95.85,95.61,95.7,5171
2026-06-11T11:55:00+00:00,95.73,95.85,95.62,95.818,1965
2026-06-11T12:00:00+00:00,95.825,96.0,95.67,95.784,7603
2026-06-11T12:05:00+00:00,95.75,95.81,95.5,95.63,3607
2026-06-11T12:10:00+00:00,95.51,95.768,95.5,95.666,1663
2026-06-11T12:15:00+00:00,95.75,95.75,95.2,95.2,6300
2026-06-11T12:20:00+00:00,95.35,95.35,93.9,94.5,14488
2026-06-11T12:25:00+00:00,94.38,95.0,94.03,94.45,7031
2026-06-11T12:30:00+00:00,94.51,95.22,93.75,94.15,36601
2026-06-11T12:35:00+00:00,94.31,94.42,93.8,94.0,12523
2026-06-11T12:40:00+00:00,94.0,94.25,93.55,94.2,19238
2026-06-11T12:45:00+00:00,94.05,94.42,93.81,94.316,12308
2026-06-11T12:50:00+00:00,94.333,94.5,94.1,94.25,3038
2026-06-11T12:55:00+00:00,94.2,94.38,93.8,93.895,6058
2026-06-11T13:00:00+00:00,93.988,94.0,93.4,93.84,18193
2026-06-11T13:05:00+00:00,93.83,93.83,93.5,93.58,9568
2026-06-11T13:10:00+00:00,93.6,93.99,93.5,93.56,8983
2026-06-11T13:15:00+00:00,93.5,94.0,93.5,93.9,16129
2026-06-11T13:20:00+00:00,93.99,94.23,93.8,94.13,15933
2026-06-11T13:25:00+00:00,93.88,94.199,92.41,92.51,34315
2026-06-11T13:30:00+00:00,92.635,94.71,91.02,91.48,652691
2026-06-11T13:35:00+00:00,91.45,92.897,91.35,92.2,409446
2026-06-11T13:40:00+00:00,92.225,92.79,91.572,92.49,313304
2026-06-11T13:45:00+00:00,92.59,93.715,92.26,93.025,320266
2026-06-11T13:50:00+00:00,93.01,94.4,93.01,93.91,447903
2026-06-11T13:55:00+00:00,93.85,94.46,93.65,93.84,235961
2026-06-11T14:00:00+00:00,93.955,94.97,93.82,94.505,247312
2026-06-11T14:05:00+00:00,94.505,94.505,93.385,93.69,140048
2026-06-11T14:10:00+00:00,93.685,93.69,92.29,92.4,209287
2026-06-11T14:15:00+00:00,92.39,93.12,91.985,92.06,220833
2026-06-11T14:20:00+00:00,92.055,93.35,92.055,93.035,134710
2026-06-11T14:25:00+00:00,92.995,93.319,92.46,92.88,216109
2026-06-11T14:30:00+00:00,92.95,93.05,92.3,92.88,112991
2026-06-11T14:35:00+00:00,92.816,93.45,92.72,93.165,167519
2026-06-11T14:40:00+00:00,93.22,93.43,92.77,92.81,116334
2026-06-11T14:45:00+00:00,92.81,93.345,92.7,93.08,121655
2026-06-11T14:50:00+00:00,93.0,93.669,92.85,93.13,117402
2026-06-11T14:55:00+00:00,93.105,93.19,92.28,92.456,118168
2026-06-11T15:00:00+00:00,92.46,92.92,91.585,92.685,189566
2026-06-11T15:05:00+00:00,92.685,93.48,92.501,93.225,196230
2026-06-11T15:10:00+00:00,93.27,93.67,93.1,93.211,93242
2026-06-11T15:15:00+00:00,93.28,93.76,93.15,93.3,130153
2026-06-11T15:20:00+00:00,93.27,93.71,93.02,93.36,83338
2026-06-11T15:25:00+00:00,93.3,93.325,92.5,92.56,129770
2026-06-11T15:30:00+00:00,92.51,93.26,92.43,93.26,118091
2026-06-11T15:35:00+00:00,93.26,93.57,93.16,93.25,87399
2026-06-11T15:40:00+00:00,93.21,93.55,92.87,93.005,110488
2026-06-11T15:45:00+00:00,93.17,93.33,92.89,93.205,60934
2026-06-11T15:50:00+00:00,93.2,93.32,92.79,92.955,58969
2026-06-11T15:55:00+00:00,92.9,93.25,92.66,92.8,80276
2026-06-11T16:00:00+00:00,92.845,93.19,92.6,92.795,60743
2026-06-11T16:05:00+00:00,92.88,93.15,92.68,92.88,60265
2026-06-11T16:10:00+00:00,92.87,93.13,92.74,93.07,102115
2026-06-11T16:15:00+00:00,93.14,93.33,92.88,93.24,72190
2026-06-11T16:20:00+00:00,93.27,93.315,92.68,92.826,90834
2026-06-11T16:25:00+00:00,92.9,93.04,92.3,92.315,152792
2026-06-11T16:30:00+00:00,92.355,92.85,91.67,92.418,250838
2026-06-11T16:35:00+00:00,92.475,92.71,91.98,92.08,119880
2026-06-11T16:40:00+00:00,92.09,92.22,91.68,92.13,162758
2026-06-11T16:45:00+00:00,92.125,92.4,91.86,92.135,92146
2026-06-11T16:50:00+00:00,92.18,92.19,91.62,91.76,95441
2026-06-11T16:55:00+00:00,91.77,91.86,91.25,91.28,128942
2026-06-11T17:00:00+00:00,91.3,91.85,91.224,91.35,220064
2026-06-11T17:05:00+00:00,91.34,91.78,91.307,91.71,95161
2026-06-11T17:10:00+00:00,91.68,91.86,91.2,91.41,107099
2026-06-11T17:15:00+00:00,91.35,91.622,91.245,91.499,58792
2026-06-11T17:20:00+00:00,91.5,91.9,91.27,91.78,79278
2026-06-11T17:25:00+00:00,91.78,93.25,91.71,93.11,181387
2026-06-11T17:30:00+00:00,93.22,94.0,93.09,93.6,290680
2026-06-11T17:35:00+00:00,93.61,93.94,93.04,93.46,249058
2026-06-11T17:40:00+00:00,93.41,93.7,93.14,93.59,178667
2026-06-11T17:45:00+00:00,93.637,93.85,93.27,93.57,176399
2026-06-11T17:50:00+00:00,93.561,93.68,92.91,93.635,105555
2026-06-11T17:55:00+00:00,93.635,94.36,93.33,94.29,116899
2026-06-11T18:00:00+00:00,94.325,94.55,93.102,93.16,192013
2026-06-11T18:05:00+00:00,93.06,93.44,92.7,93.23,135243
2026-06-11T18:10:00+00:00,93.24,93.645,93.225,93.5,71880
2026-06-11T18:15:00+00:00,93.465,93.695,93.175,93.36,76793
2026-06-11T18:20:00+00:00,93.34,93.55,92.85,93.52,132835
2026-06-11T18:25:00+00:00,93.52,93.62,93.165,93.32,73042
2026-06-11T18:30:00+00:00,93.35,93.92,93.112,93.705,119025
2026-06-11T18:35:00+00:00,93.725,94.059,93.565,93.86,94088
2026-06-11T18:40:00+00:00,93.775,93.95,93.53,93.79,75553
2026-06-11T18:45:00+00:00,93.785,94.11,93.09,93.95,184954
2026-06-11T18:50:00+00:00,94.0,94.1,93.42,93.535,92873
2026-06-11T18:55:00+00:00,93.52,93.66,93.25,93.51,88020
2026-06-11T19:00:00+00:00,93.475,94.09,93.45,93.89,128315
2026-06-11T19:05:00+00:00,93.93,93.99,93.375,93.89,116035
2026-06-11T19:10:00+00:00,93.85,94.435,93.795,94.11,138666
2026-06-11T19:15:00+00:00,94.15,95.0,94.15,94.935,342136
2026-06-11T19:20:00+00:00,94.935,95.0,94.65,94.9,251342
2026-06-11T19:25:00+00:00,94.89,95.32,94.75,95.25,190042
2026-06-11T19:30:00+00:00,95.23,96.45,95.23,96.41,397933
2026-06-11T19:35:00+00:00,96.44,96.5,95.33,95.385,397080
2026-06-11T19:40:00+00:00,95.35,96.16,95.19,95.82,250421
2026-06-11T19:45:00+00:00,95.8,95.93,95.43,95.68,244726
2026-06-11T19:50:00+00:00,95.69,96.29,95.69,96.25,310836
2026-06-11T19:55:00+00:00,96.245,96.245,95.42,95.74,764221
2026-06-11T20:00:00+00:00,95.74,96.2,95.06,95.99,51284
2026-06-11T20:05:00+00:00,95.85,96.35,95.74,96.23,14389
2026-06-11T20:10:00+00:00,95.74,96.27,95.74,96.18,67130
2026-06-11T20:15:00+00:00,96.05,96.25,95.88,96.0,11449
2026-06-11T20:20:00+00:00,95.958,95.98,95.76,95.899,9759
2026-06-11T20:25:00+00:00,95.84,96.09,95.75,95.76,8219
2026-06-11T20:30:00+00:00,95.8,96.05,95.55,95.95,7359
2026-06-11T20:35:00+00:00,95.95,96.0,95.65,95.882,5793
2026-06-11T20:40:00+00:00,95.88,95.95,95.4,95.55,12682
2026-06-11T20:45:00+00:00,95.51,95.8,95.51,95.66,19986
2026-06-11T20:50:00+00:00,95.67,95.67,95.5,95.65,2712
2026-06-11T20:55:00+00:00,95.649,95.8,95.457,95.65,26945
2026-06-11T21:00:00+00:00,95.52,95.899,95.52,95.899,201080
2026-06-11T21:05:00+00:00,95.8,96.19,95.8,95.999,2307
2026-06-11T21:10:00+00:00,96.0,96.0,95.9,95.95,1855
2026-06-11T21:15:00+00:00,95.96,96.2,95.89,96.2,8663
2026-06-11T21:20:00+00:00,96.13,96.2,96.03,96.2,3674
2026-06-11T21:25:00+00:00,96.146,96.2,96.09,96.2,4103
2026-06-11T21:30:00+00:00,96.15,96.2,96.1,96.18,2318
2026-06-11T21:35:00+00:00,96.134,96.185,95.9,95.95,3166
2026-06-11T21:40:00+00:00,96.0,96.0,95.9,96.0,2235
2026-06-11T21:45:00+00:00,96.0,96.2,95.913,96.1,3323
2026-06-11T21:50:00+00:00,96.13,96.25,96.13,96.25,2804
2026-06-11T21:55:00+00:00,96.244,96.25,96.2,96.23,2299
2026-06-11T22:00:00+00:00,96.23,96.54,96.143,96.538,7307
2026-06-11T22:05:00+00:00,96.52,96.7,96.42,96.698,4522
2026-06-11T22:10:00+00:00,96.69,96.9,96.55,96.9,11149
2026-06-11T22:15:00+00:00,96.899,96.9,96.65,96.793,11478
2026-06-11T22:20:00+00:00,96.8,96.8,95.74,96.63,10131
2026-06-11T22:25:00+00:00,96.644,96.67,96.51,96.65,8043
2026-06-11T22:30:00+00:00,96.6,96.8,96.13,96.39,8754
2026-06-11T22:35:00+00:00,96.39,96.4,96.13,96.27,1905
2026-06-11T22:40:00+00:00,96.2,96.6,96.2,96.578,2606
2026-06-11T22:45:00+00:00,96.6,96.77,96.33,96.69,2097
2026-06-11T22:50:00+00:00,96.607,96.75,96.34,96.69,1638
2026-06-11T22:55:00+00:00,96.59,96.75,96.4,96.405,5902
2026-06-11T23:00:00+00:00,96.48,96.48,96.33,96.38,2830
2026-06-11T23:05:00+00:00,96.34,96.408,96.33,96.408,3473
2026-06-11T23:10:00+00:00,96.42,96.48,96.35,96.47,1877
2026-06-11T23:15:00+00:00,96.35,96.8,96.35,96.79,32756
2026-06-11T23:20:00+00:00,96.75,96.8,96.5,96.69,4455
2026-06-11T23:25:00+00:00,96.7,96.7,96.5,96.56,4681
2026-06-11T23:30:00+00:00,96.6,96.7,96.55,96.635,2109
2026-06-11T23:35:00+00:00,96.7,96.74,96.61,96.69,2272
2026-06-11T23:40:00+00:00,96.695,96.78,96.523,96.78,4097
2026-06-11T23:45:00+00:00,96.72,97.2,96.72,97.1,5212
2026-06-11T23:50:00+00:00,97.2,97.2,97.0,97.089,3703
2026-06-11T23:55:00+00:00,97.05,97.47,97.013,97.47,7337
2026-06-12T08:00:00+00:00,99.0,102.6,98.34,99.55,79567
2026-06-12T08:05:00+00:00,99.5,100.34,98.69,98.967,17810
2026-06-12T08:10:00+00:00,98.957,99.261,98.8,99.1,12388
2026-06-12T08:15:00+00:00,99.13,99.5,98.95,99.37,8689
2026-06-12T08:20:00+00:00,99.37,99.7,99.2,99.68,7150
2026-06-12T08:25:00+00:00,99.67,99.67,99.44,99.667,5694
2026-06-12T08:30:00+00:00,99.67,99.7,99.4,99.546,6979
2026-06-12T08:35:00+00:00,99.54,99.54,99.178,99.53,3712
2026-06-12T08:40:00+00:00,99.51,99.621,99.3,99.35,1755
2026-06-12T08:45:00+00:00,99.5,99.5,98.57,98.838,3651
2026-06-12T08:50:00+00:00,98.84,99.15,98.65,99.0,3952
2026-06-12T08:55:00+00:00,99.0,99.3,98.85,98.9,4943
2026-06-12T09:00:00+00:00,98.99,99.0,98.6,98.79,2387
2026-06-12T09:05:00+00:00,98.79,99.0,98.78,99.0,2155
2026-06-12T09:10:00+00:00,99.0,99.0,98.87,99.0,751
2026-06-12T09:15:00+00:00,99.0,99.36,99.0,99.32,3595
2026-06-12T09:20:00+00:00,99.32,99.36,99.1,99.35,3354
2026-06-12T09:25:00+00:00,99.25,99.5,99.25,99.48,4099
2026-06-12T09:30:00+00:00,99.48,99.9,99.44,99.69,7501
2026-06-12T09:35:00+00:00,99.83,99.9,99.74,99.8,4279
2026-06-12T09:40:00+00:00,99.71,99.89,99.65,99.86,4788
2026-06-12T09:45:00+00:00,99.72,99.91,99.72,99.85,4519
2026-06-12T09:50:00+00:00,99.9,99.9,99.4,99.6,4747
2026-06-12T09:55:00+00:00,99.6,99.99,99.6,99.86,6212
2026-06-12T10:00:00+00:00,99.873,100.49,99.83,100.41,11390
2026-06-12T10:05:00+00:00,100.3,100.8,100.11,100.7,8937
2026-06-12T10:10:00+00:00,100.7,100.72,100.3,100.42,3307
2026-06-12T10:15:00+00:00,100.38,100.39,100.1,100.2,4146
2026-06-12T10:20:00+00:00,100.26,100.26,99.93,100.0,3443
2026-06-12T10:25:00+00:00,100.28,100.28,99.58,99.71,3928
2026-06-12T10:30:00+00:00,99.703,100.08,99.703,100.0,1825
2026-06-12T10:35:00+00:00,100.0,100.0,99.3,99.44,8386
2026-06-12T10:40:00+00:00,99.316,99.62,99.316,99.62,9421
2026-06-12T10:45:00+00:00,99.418,99.8,99.418,99.7,5561
2026-06-12T10:50:00+00:00,99.66,99.72,99.12,99.461,8072
2026-06-12T10:55:00+00:00,99.465,99.896,99.3,99.75,6851
2026-06-12T11:00:00+00:00,99.75,100.58,99.52,100.405,31189
2026-06-12T11:05:00+00:00,100.55,100.6,100.0,100.17,24604
2026-06-12T11:10:00+00:00,100.2,100.61,100.07,100.56,9796
2026-06-12T11:15:00+00:00,100.5,100.75,100.3,100.59,24982
2026-06-12T11:20:00+00:00,100.6,101.0,100.6,101.0,28298
2026-06-12T11:25:00+00:00,100.94,101.4,100.8,101.051,16884
2026-06-12T11:30:00+00:00,100.88,101.33,100.65,101.16,19093
2026-06-12T11:35:00+00:00,101.14,101.33,100.82,101.016,8170
2026-06-12T11:40:00+00:00,101.04,101.3,100.91,101.092,8144
2026-06-12T11:45:00+00:00,100.99,101.1,100.642,100.642,11127
2026-06-12T11:50:00+00:00,100.77,100.94,100.676,100.898,6236
2026-06-12T11:55:00+00:00,100.9,100.976,100.6,100.69,11419
2026-06-12T12:00:00+00:00,100.68,100.75,100.24,100.37,18427
2026-06-12T12:05:00+00:00,100.43,100.5,100.1,100.41,6519
2026-06-12T12:10:00+00:00,100.41,100.5,99.83,99.89,10818
2026-06-12T12:15:00+00:00,99.82,100.19,99.51,100.09,21304
2026-06-12T12:20:00+00:00,100.01,100.17,99.85,99.85,12743
2026-06-12T12:25:00+00:00,99.83,100.0,99.5,99.75,10736
2026-06-12T12:30:00+00:00,99.73,99.91,99.25,99.46,9592
2026-06-12T12:35:00+00:00,99.44,99.7,99.25,99.3,8999
2026-06-12T12:40:00+00:00,99.287,99.63,98.98,99.3,23394
2026-06-12T12:45:00+00:00,99.04,99.49,98.89,99.26,17432
2026-06-12T12:50:00+00:00,99.5,99.5,98.5,98.5,22656
2026-06-12T12:55:00+00:00,98.6,98.99,98.25,98.46,31920
2026-06-12T13:00:00+00:00,98.52,98.66,97.583,98.4,38571
2026-06-12T13:05:00+00:00,98.65,99.25,98.4,99.24,26072
2026-06-12T13:10:00+00:00,99.03,99.19,98.61,99.17,21367
2026-06-12T13:15:00+00:00,99.18,99.45,99.0,99.35,10225
2026-06-12T13:20:00+00:00,99.35,99.58,99.001,99.23,21877
2026-06-12T13:25:00+00:00,99.23,100.5,99.2,99.31,83474
2026-06-12T13:30:00+00:00,99.12,99.77,98.1,99.47,723894
2026-06-12T13:35:00+00:00,99.49,99.82,98.38,99.135,501924
2026-06-12T13:40:00+00:00,99.083,99.19,97.22,97.685,459486
2026-06-12T13:45:00+00:00,97.66,98.75,97.525,98.235,363034
2026-06-12T13:50:00+00:00,98.23,99.454,97.875,98.155,332281
2026-06-12T13:55:00+00:00,98.22,98.36,97.615,98.165,286029
2026-06-12T14:00:00+00:00,98.25,99.97,98.125,98.25,442494
2026-06-12T14:05:00+00:00,98.25,99.006,97.93,98.5,291723
2026-06-12T14:10:00+00:00,98.52,99.23,98.363,99.12,279314
2026-06-12T14:15:00+00:00,99.13,100.62,99.03,100.33,668044
2026-06-12T14:20:00+00:00,100.29,100.88,99.795,99.965,430276
2026-06-12T14:25:00+00:00,99.99,101.33,99.793,101.124,464294
2026-06-12T14:30:00+00:00,101.16,102.15,101.14,102.01,484703
2026-06-12T14:35:00+00:00,102.02,102.866,101.98,102.26,571878
2026-06-12T14:40:00+00:00,102.22,102.45,101.34,101.475,444368
2026-06-12T14:45:00+00:00,101.43,101.94,100.051,100.785,671316
2026-06-12T14:50:00+00:00,100.76,102.652,100.75,102.64,466549
2026-06-12T14:55:00+00:00,102.58,103.61,102.51,103.13,961268
2026-06-12T15:00:00+00:00,103.18,104.26,102.9,103.36,689405
2026-06-12T15:05:00+00:00,103.42,103.75,103.08,103.09,280116
2026-06-12T15:10:00+00:00,103.09,104.18,102.98,104.04,287940
2026-06-12T15:15:00+00:00,104.06,105.11,103.85,104.905,687822
2026-06-12T15:20:00+00:00,104.94,105.09,104.48,104.83,352975
2026-06-12T15:25:00+00:00,104.8,105.55,104.73,105.06,430680
2026-06-12T15:30:00+00:00,105.06,105.06,104.25,104.593,344681
2026-06-12T15:35:00+00:00,104.525,104.869,103.92,104.46,325643
2026-06-12T15:40:00+00:00,104.47,104.58,103.12,103.215,376168
2026-06-12T15:45:00+00:00,103.2,103.955,102.3,102.62,365136
2026-06-12T15:50:00+00:00,102.68,103.05,102.3,102.59,221096
2026-06-12T15:55:00+00:00,102.56,102.56,101.39,101.99,461351
2026-06-12T16:00:00+00:00,102.0,102.55,101.63,102.37,217473
2026-06-12T16:05:00+00:00,102.305,102.9,101.99,102.68,180064
2026-06-12T16:10:00+00:00,102.65,103.72,102.39,103.25,258472
2026-06-12T16:15:00+00:00,103.2,103.97,103.16,103.932,196516
2026-06-12T16:20:00+00:00,103.93,104.42,103.4,104.181,240485
2026-06-12T16:25:00+00:00,104.11,104.39,103.765,104.02,187812
2026-06-12T16:30:00+00:00,104.04,104.73,103.94,104.67,200613
2026-06-12T16:35:00+00:00,104.6,104.99,104.39,104.7,169283
2026-06-12T16:40:00+00:00,104.72,104.99,104.35,104.365,191444
2026-06-12T16:45:00+00:00,104.38,104.86,104.34,104.385,139066
2026-06-12T16:50:00+00:00,104.37,104.78,104.28,104.28,171349
2026-06-12T16:55:00+00:00,104.31,104.795,104.14,104.72,139610
2026-06-12T17:00:00+00:00,104.76,104.96,104.34,104.82,156224
2026-06-12T17:05:00+00:00,104.81,105.35,104.77,104.98,236158
2026-06-12T17:10:00+00:00,105.01,105.09,104.2,104.6,159317
2026-06-12T17:15:00+00:00,104.595,104.91,104.497,104.9,106128
2026-06-12T17:20:00+00:00,104.89,104.97,104.52,104.68,108351
2026-06-12T17:25:00+00:00,104.67,104.75,104.345,104.52,94605
2026-06-12T17:30:00+00:00,104.55,104.69,104.32,104.35,128481
2026-06-12T17:35:00+00:00,104.33,104.69,104.33,104.46,103076
2026-06-12T17:40:00+00:00,104.42,104.88,104.2,104.62,166617
2026-06-12T17:45:00+00:00,104.59,104.72,104.27,104.505,109679
2026-06-12T17:50:00+00:00,104.55,104.75,104.34,104.37,193729
2026-06-12T17:55:00+00:00,104.34,104.38,103.92,104.03,139616
2026-06-12T18:00:00+00:00,104.03,104.1,103.15,103.195,301671
2026-06-12T18:05:00+00:00,103.23,103.543,103.16,103.32,136053
2026-06-12T18:10:00+00:00,103.31,103.68,103.235,103.49,144988
2026-06-12T18:15:00+00:00,103.47,103.68,103.28,103.38,121560
2026-06-12T18:20:00+00:00,103.36,103.41,103.07,103.27,128735
2026-06-12T18:25:00+00:00,103.23,103.6,103.172,103.443,127370
2026-06-12T18:30:00+00:00,103.45,103.99,103.294,103.55,139107
2026-06-12T18:35:00+00:00,103.53,103.76,103.36,103.66,115167
2026-06-12T18:40:00+00:00,103.68,103.88,103.66,103.765,99314
2026-06-12T18:45:00+00:00,103.75,103.75,103.36,103.42,96216
2026-06-12T18:50:00+00:00,103.47,103.65,103.29,103.45,83752
2026-06-12T18:55:00+00:00,103.41,103.57,102.785,102.785,149710
2026-06-12T19:00:00+00:00,102.78,103.4,102.77,103.155,123657
2026-06-12T19:05:00+00:00,103.16,103.51,103.155,103.435,94539
2026-06-12T19:10:00+00:00,103.45,103.56,102.81,103.017,142877
2026-06-12T19:15:00+00:00,103.03,103.186,102.66,103.05,195272
2026-06-12T19:20:00+00:00,103.035,103.04,102.25,102.38,137012
2026-06-12T19:25:00+00:00,102.37,102.46,101.82,101.99,189013
2026-06-12T19:30:00+00:00,101.97,102.195,101.61,101.88,238083
2026-06-12T19:35:00+00:00,101.94,102.6,101.77,101.865,194520
2026-06-12T19:40:00+00:00,101.865,102.015,101.51,101.575,225483
2026-06-12T19:45:00+00:00,101.55,101.65,100.83,100.95,336260
2026-06-12T19:50:00+00:00,100.99,101.29,100.51,100.64,462280
2026-06-12T19:55:00+00:00,100.58,100.68,100.16,100.55,857627
2026-06-12T20:00:00+00:00,100.55,100.99,100.1,100.42,106459
2026-06-12T20:05:00+00:00,100.43,100.9,100.2,100.5,17983
2026-06-12T20:10:00+00:00,100.75,100.9,100.5,100.804,5123
2026-06-12T20:15:00+00:00,100.8,101.25,100.8,100.9,27552
2026-06-12T20:20:00+00:00,100.944,100.95,100.63,100.9,6427
2026-06-12T20:25:00+00:00,100.6,101.1,100.6,100.67,14225
2026-06-12T20:30:00+00:00,100.609,100.7,100.55,100.682,3762
2026-06-12T20:35:00+00:00,100.7,101.0,100.55,100.55,4787
2026-06-12T20:40:00+00:00,100.94,101.0,100.8,100.93,2423
2026-06-12T20:45:00+00:00,100.932,101.0,100.8,100.99,87597
2026-06-12T20:50:00+00:00,100.99,101.2,100.86,101.143,4835
2026-06-12T20:55:00+00:00,101.14,101.15,101.0,101.03,63605
2026-06-12T21:00:00+00:00,101.07,101.25,101.0,101.25,2595
2026-06-12T21:05:00+00:00,101.233,101.25,101.05,101.25,1785
2026-06-12T21:10:00+00:00,101.25,101.25,101.023,101.165,3596
2026-06-12T21:15:00+00:00,101.025,101.19,100.984,101.015,3197
2026-06-12T21:20:00+00:00,101.05,101.19,101.0,101.165,547
2026-06-12T21:25:00+00:00,101.0,101.167,101.0,101.137,2846
2026-06-12T21:30:00+00:00,101.024,101.19,101.0,101.18,1430
2026-06-12T21:35:00+00:00,101.19,101.19,101.09,101.19,2212
2026-06-12T21:40:00+00:00,101.176,101.41,101.11,101.15,2491
2026-06-12T21:45:00+00:00,101.28,101.35,101.15,101.28,987
2026-06-12T21:50:00+00:00,101.166,101.25,101.12,101.12,6189
2026-06-12T21:55:00+00:00,101.15,101.2,101.043,101.06,6632
2026-06-12T22:00:00+00:00,101.178,101.2,101.14,101.19,2061
2026-06-12T22:05:00+00:00,101.07,101.25,101.05,101.2,2023
2026-06-12T22:10:00+00:00,101.245,101.35,101.1,101.35,1972
2026-06-12T22:15:00+00:00,101.25,101.41,101.096,101.39,3231
2026-06-12T22:20:00+00:00,101.31,101.448,101.25,101.4,1471
2026-06-12T22:25:00+00:00,101.4,101.5,101.29,101.449,5392
2026-06-12T22:30:00+00:00,101.431,101.48,101.29,101.4,1180
2026-06-12T22:35:00+00:00,101.4,101.5,101.31,101.4,3513
2026-06-12T22:40:00+00:00,101.38,101.38,101.2,101.26,2298
2026-06-12T22:45:00+00:00,101.27,101.55,101.24,101.5,17758
2026-06-12T22:50:00+00:00,101.55,101.55,101.4,101.45,1302
2026-06-12T22:55:00+00:00,101.45,101.55,101.413,101.522,1316
2026-06-12T23:00:00+00:00,101.5,101.55,101.5,101.52,1416
2026-06-12T23:05:00+00:00,101.54,101.65,101.53,101.65,3441
2026-06-12T23:10:00+00:00,101.65,101.8,101.5,101.75,6121
2026-06-12T23:15:00+00:00,101.65,101.8,101.64,101.8,3512
2026-06-12T23:20:00+00:00,101.8,101.9,101.72,101.87,1732
2026-06-12T23:25:00+00:00,101.87,102.24,101.84,102.0,15513
2026-06-12T23:30:00+00:00,101.999,102.011,101.82,101.82,4319
2026-06-12T23:35:00+00:00,101.989,102.18,101.88,102.07,2301
2026-06-12T23:40:00+00:00,102.09,102.1,102.0,102.1,1963
2026-06-12T23:45:00+00:00,102.05,102.231,102.0,102.09,6280
2026-06-12T23:50:00+00:00,102.02,102.25,102.0,102.18,4492
2026-06-12T23:55:00+00:00,102.01,102.25,102.01,102.25,6515
2026-06-15T08:00:00+00:00,106.092,106.513,105.886,106.4,30292
2026-06-15T08:05:00+00:00,106.36,106.51,106.03,106.437,9569
2026-06-15T08:10:00+00:00,106.433,106.5,106.01,106.4,2531
2026-06-15T08:15:00+00:00,106.4,106.52,106.27,106.39,4624
2026-06-15T08:20:00+00:00,106.39,106.96,106.3,106.81,6828
2026-06-15T08:25:00+00:00,106.89,107.0,106.79,106.85,6123
2026-06-15T08:30:00+00:00,106.8,106.85,106.54,106.76,2610
2026-06-15T08:35:00+00:00,106.76,106.88,106.37,106.87,4567
2026-06-15T08:40:00+00:00,106.99,107.57,106.9,107.332,5222
2026-06-15T08:45:00+00:00,107.15,107.442,106.9,106.99,4250
2026-06-15T08:50:00+00:00,106.99,107.1,106.72,106.81,9026
2026-06-15T08:55:00+00:00,106.82,106.966,106.63,106.7,2590
2026-06-15T09:00:00+00:00,106.979,107.0,106.63,106.95,1518
2026-06-15T09:05:00+00:00,106.784,107.0,106.626,106.8,9030
2026-06-15T09:10:00+00:00,106.9,107.0,106.8,106.845,2450
2026-06-15T09:15:00+00:00,106.85,106.88,106.75,106.77,2185
2026-06-15T09:20:00+00:00,106.75,106.784,106.5,106.75,4173
2026-06-15T09:25:00+00:00,106.59,106.74,106.5,106.7,525
2026-06-15T09:30:00+00:00,106.7,106.7,106.5,106.69,2741
2026-06-15T09:35:00+00:00,106.65,107.05,106.65,106.855,3372
2026-06-15T09:40:00+00:00,107.0,107.3,106.95,107.0,5168
2026-06-15T09:45:00+00:00,106.89,107.191,106.8,107.01,1290
2026-06-15T09:50:00+00:00,107.17,107.2,106.95,107.03,3111
2026-06-15T09:55:00+00:00,107.03,107.165,106.8,107.0,1243
2026-06-15T10:00:00+00:00,106.857,107.1,106.839,107.0,1196
2026-06-15T10:05:00+00:00,107.02,107.02,106.71,106.97,740
2026-06-15T10:10:00+00:00,106.956,106.995,106.7,106.96,1247
2026-06-15T10:15:00+00:00,106.92,106.92,106.7,106.79,1933
2026-06-15T10:20:00+00:00,106.88,106.88,106.7,106.7,594
2026-06-15T10:25:00+00:00,106.804,106.83,106.76,106.819,550
2026-06-15T10:30:00+00:00,106.81,106.81,106.65,106.77,1071
2026-06-15T10:35:00+00:00,106.77,106.826,106.41,106.41,4405
2026-06-15T10:40:00+00:00,106.46,106.56,106.235,106.56,4084
2026-06-15T10:45:00+00:00,106.56,106.83,106.56,106.68,2209
2026-06-15T10:50:00+00:00,106.65,106.76,106.58,106.58,3205
2026-06-15T10:55:00+00:00,106.58,106.737,106.32,106.32,2444
2026-06-15T11:00:00+00:00,106.3,106.7,106.0,106.44,34329
2026-06-15T11:05:00+00:00,106.358,106.62,106.06,106.381,20527
2026-06-15T11:10:00+00:00,106.38,106.47,105.75,105.84,21518
2026-06-15T11:15:00+00:00,105.84,106.19,105.75,106.19,39052
2026-06-15T11:20:00+00:00,106.19,106.2,106.0,106.101,9595
2026-06-15T11:25:00+00:00,106.17,106.49,106.1,106.4,13169
2026-06-15T11:30:00+00:00,106.4,106.5,106.171,106.26,11563
2026-06-15T11:35:00+00:00,106.2,106.31,105.91,106.1,9896
2026-06-15T11:40:00+00:00,106.1,106.2,105.9,105.9,5949
2026-06-15T11:45:00+00:00,106.06,106.06,105.78,105.913,8314
2026-06-15T11:50:00+00:00,105.99,106.31,105.972,106.27,8820
2026-06-15T11:55:00+00:00,106.21,106.26,106.0,106.052,5566
2026-06-15T12:00:00+00:00,106.0,106.09,105.8,105.981,6857
2026-06-15T12:05:00+00:00,105.87,106.0,105.86,105.95,9268
2026-06-15T12:10:00+00:00,105.95,105.99,105.8,105.885,6830
2026-06-15T12:15:00+00:00,105.9,105.98,105.25,105.41,19051
2026-06-15T12:20:00+00:00,105.48,105.8,105.31,105.51,7646
2026-06-15T12:25:00+00:00,105.62,105.68,105.25,105.56,13798
2026-06-15T12:30:00+00:00,105.432,105.6,105.3,105.4,3553
2026-06-15T12:35:00+00:00,105.46,105.48,105.25,105.48,8427
2026-06-15T12:40:00+00:00,105.454,105.6,105.25,105.5,6475
2026-06-15T12:45:00+00:00,105.3,105.5,105.3,105.43,3963
2026-06-15T12:50:00+00:00,105.43,105.59,105.35,105.4,6752
2026-06-15T12:55:00+00:00,105.55,105.55,105.36,105.44,13655
2026-06-15T13:00:00+00:00,105.44,105.44,105.01,105.38,10185
2026-06-15T13:05:00+00:00,105.38,105.49,105.01,105.367,9201
2026-06-15T13:10:00+00:00,105.37,105.932,105.25,105.7,19810
2026-06-15T13:15:00+00:00,105.73,105.8,105.37,105.5,12919
2026-06-15T13:20:00+00:00,105.5,105.89,105.5,105.64,8304
2026-06-15T13:25:00+00:00,105.71,105.8,103.58,103.97,74047
2026-06-15T13:30:00+00:00,104.0,107.75,103.8,107.75,966259
2026-06-15T13:35:00+00:00,107.77,107.95,106.2,106.32,562269
2026-06-15T13:40:00+00:00,106.33,107.27,105.62,106.32,404709
2026-06-15T13:45:00+00:00,106.33,106.635,105.7,106.43,352300
2026-06-15T13:50:00+00:00,106.415,106.65,106.0,106.24,252377
2026-06-15T13:55:00+00:00,106.28,106.54,105.82,106.145,400119
2026-06-15T14:00:00+00:00,106.13,106.94,106.01,106.86,224705
2026-06-15T14:05:00+00:00,106.86,106.92,106.02,106.285,270617
2026-06-15T14:10:00+00:00,106.32,106.79,105.51,106.73,293738
2026-06-15T14:15:00+00:00,106.73,106.74,106.27,106.685,175917
2026-06-15T14:20:00+00:00,106.66,106.87,106.27,106.27,162728
2026-06-15T14:25:00+00:00,106.315,107.365,106.27,107.33,207656
2026-06-15T14:30:00+00:00,107.37,107.399,106.575,107.16,164799
2026-06-15T14:35:00+00:00,107.165,107.21,106.39,106.543,169160
2026-06-15T14:40:00+00:00,106.52,106.58,106.12,106.21,135534
2026-06-15T14:45:00+00:00,106.23,106.34,105.71,105.88,280219
2026-06-15T14:50:00+00:00,105.88,106.37,105.8,106.129,143874
2026-06-15T14:55:00+00:00,106.11,107.17,105.97,107.14,200329
2026-06-15T15:00:00+00:00,107.11,107.435,106.49,106.545,178137
2026-06-15T15:05:00+00:00,106.59,106.96,106.46,106.83,127378
2026-06-15T15:10:00+00:00,106.84,106.91,106.617,106.7,111487
2026-06-15T15:15:00+00:00,106.68,107.32,106.68,106.895,123900
2026-06-15T15:20:00+00:00,106.91,107.02,106.782,107.02,90739
2026-06-15T15:25:00+00:00,107.0,107.5,106.95,107.3,197817
2026-06-15T15:30:00+00:00,107.3,107.86,107.23,107.663,164964
2026-06-15T15:35:00+00:00,107.66,107.9,107.56,107.816,109399
2026-06-15T15:40:00+00:00,107.86,107.95,107.76,107.919,113093
2026-06-15T15:45:00+00:00,107.905,108.46,107.9,108.32,243942
2026-06-15T15:50:00+00:00,108.29,108.32,107.78,107.87,142935
2026-06-15T15:55:00+00:00,107.86,107.98,107.49,107.6,131639
2026-06-15T16:00:00+00:00,107.625,108.09,107.625,107.745,148234
2026-06-15T16:05:00+00:00,107.75,108.38,107.685,108.37,125391
2026-06-15T16:10:00+00:00,108.38,108.5,108.08,108.33,146034
2026-06-15T16:15:00+00:00,108.32,108.33,107.85,107.995,143534
2026-06-15T16:20:00+00:00,107.98,108.11,107.9,108.09,97927
2026-06-15T16:25:00+00:00,108.08,108.268,107.97,108.24,81790
2026-06-15T16:30:00+00:00,108.26,108.31,108.04,108.24,71505
2026-06-15T16:35:00+00:00,108.215,108.215,107.85,107.9,87782
2026-06-15T16:40:00+00:00,107.925,108.0,107.78,107.825,82665
2026-06-15T16:45:00+00:00,107.825,107.935,107.63,107.89,98889
2026-06-15T16:50:00+00:00,107.89,107.98,107.65,107.89,106512
2026-06-15T16:55:00+00:00,107.91,108.15,107.82,108.04,74932
2026-06-15T17:00:00+00:00,108.06,108.77,108.04,108.73,251545
2026-06-15T17:05:00+00:00,108.69,108.8,108.11,108.15,190364
2026-06-15T17:10:00+00:00,108.15,108.32,108.03,108.214,92282
2026-06-15T17:15:00+00:00,108.225,108.39,108.01,108.18,108676
2026-06-15T17:20:00+00:00,108.16,108.3,107.78,107.98,92185
2026-06-15T17:25:00+00:00,107.98,108.065,107.87,108.06,81005
2026-06-15T17:30:00+00:00,108.07,108.246,107.89,108.07,84518
2026-06-15T17:35:00+00:00,108.07,108.26,108.03,108.11,66979
2026-06-15T17:40:00+00:00,108.075,108.17,107.984,108.01,56048
2026-06-15T17:45:00+00:00,108.0,108.2,107.96,108.02,84212
2026-06-15T17:50:00+00:00,108.02,108.115,107.88,108.03,59232
2026-06-15T17:55:00+00:00,108.01,108.02,107.65,107.69,98831
2026-06-15T18:00:00+00:00,107.71,108.38,107.71,107.96,160866
2026-06-15T18:05:00+00:00,107.965,108.12,107.84,107.87,81299
2026-06-15T18:10:00+00:00,107.89,108.08,107.8,107.934,107031
2026-06-15T18:15:00+00:00,107.96,108.29,107.88,108.15,80265
2026-06-15T18:20:00+00:00,108.18,108.21,107.98,108.11,60548
2026-06-15T18:25:00+00:00,108.08,108.175,107.88,108.025,70824
2026-06-15T18:30:00+00:00,108.04,108.26,107.98,108.01,91819
2026-06-15T18:35:00+00:00,108.02,108.175,107.83,108.1,84072
2026-06-15T18:40:00+00:00,108.09,108.285,107.88,107.94,91495
2026-06-15T18:45:00+00:00,108.0,108.25,108.0,108.1,65794
2026-06-15T18:50:00+00:00,108.09,108.16,107.83,107.84,62581
2026-06-15T18:55:00+00:00,107.83,108.01,107.61,107.665,105902
2026-06-15T19:00:00+00:00,107.68,107.93,107.4,107.52,86811
2026-06-15T19:05:00+00:00,107.557,107.72,107.25,107.65,126970
2026-06-15T19:10:00+00:00,107.65,107.83,107.55,107.625,86823
2026-06-15T19:15:00+00:00,107.63,107.78,107.41,107.43,78481
2026-06-15T19:20:00+00:00,107.43,107.52,107.07,107.14,109849
2026-06-15T19:25:00+00:00,107.14,107.295,107.0,107.125,225673
2026-06-15T19:30:00+00:00,107.13,107.47,106.77,106.88,168180
2026-06-15T19:35:00+00:00,106.87,107.41,106.795,107.4,163730
2026-06-15T19:40:00+00:00,107.36,107.59,107.17,107.555,127075
2026-06-15T19:45:00+00:00,107.57,108.078,107.56,107.78,190663
2026-06-15T19:50:00+00:00,107.76,107.77,107.273,107.303,319433
2026-06-15T19:55:00+00:00,107.22,107.29,106.27,106.71,896574
2026-06-15T20:00:00+00:00,106.71,107.24,106.0,106.81,259840
2026-06-15T20:05:00+00:00,106.95,107.15,106.51,106.83,7296
2026-06-15T20:10:00+00:00,106.71,107.2,106.71,107.19,79157
2026-06-15T20:15:00+00:00,107.02,107.19,106.8,107.02,3331
2026-06-15T20:20:00+00:00,107.02,107.13,106.8,106.8,11407
2026-06-15T20:25:00+00:00,106.832,107.0,106.75,107.0,2262
2026-06-15T20:30:00+00:00,106.85,107.11,106.75,106.9,10267
2026-06-15T20:35:00+00:00,106.85,106.93,106.71,106.76,3860
2026-06-15T20:40:00+00:00,106.75,106.93,106.6,106.75,2912
2026-06-15T20:45:00+00:00,106.8,106.93,106.65,106.67,1117
2026-06-15T20:50:00+00:00,106.65,106.93,106.65,106.78,2813
2026-06-15T20:55:00+00:00,106.78,106.93,106.69,106.91,2680
2026-06-15T21:00:00+00:00,106.93,106.93,106.7,106.92,35984
2026-06-15T21:05:00+00:00,106.816,107.11,106.8,107.07,4451
2026-06-15T21:10:00+00:00,107.0,107.1,106.7,106.99,5907
2026-06-15T21:15:00+00:00,107.0,107.08,106.81,106.99,417
2026-06-15T21:20:00+00:00,106.94,107.0,106.81,107.0,1636
2026-06-15T21:25:00+00:00,106.88,107.1,106.85,107.0,3570
2026-06-15T21:30:00+00:00,107.007,107.19,107.0,107.02,1112
2026-06-15T21:35:00+00:00,107.13,107.24,107.0,107.06,3401
2026-06-15T21:40:00+00:00,107.25,107.36,107.06,107.3,3697
2026-06-15T21:45:00+00:00,107.3,107.39,107.0,107.1,6003
2026-06-15T21:50:00+00:00,107.036,107.28,107.0,107.16,1721
2026-06-15T21:55:00+00:00,107.278,107.28,107.02,107.1,2249
2026-06-15T22:00:00+00:00,107.24,107.28,107.02,107.2,2100
2026-06-15T22:05:00+00:00,107.02,107.28,107.02,107.2,1097
2026-06-15T22:10:00+00:00,107.25,107.28,106.78,106.816,4139
2026-06-15T22:15:00+00:00,106.87,107.05,106.75,107.0,2210
2026-06-15T22:20:00+00:00,107.0,107.0,106.78,106.82,787
2026-06-15T22:25:00+00:00,106.75,107.0,106.55,106.62,4900
2026-06-15T22:30:00+00:00,106.91,106.92,106.6,106.8,2210
2026-06-15T22:35:00+00:00,106.75,106.99,106.66,106.75,2575
2026-06-15T22:40:00+00:00,106.99,107.05,106.75,107.05,984
2026-06-15T22:45:00+00:00,106.9,107.0,106.78,106.92,999
2026-06-15T22:50:00+00:00,106.92,107.0,106.8,106.97,1469
2026-06-15T22:55:00+00:00,106.91,107.05,106.789,107.001,1799
2026-06-15T23:00:00+00:00,107.05,107.25,107.001,107.23,3052
2026-06-15T23:05:00+00:00,107.125,107.25,107.122,107.15,1024
2026-06-15T23:10:00+00:00,107.2,107.25,107.11,107.23,5384
2026-06-15T23:15:00+00:00,107.25,107.5,107.11,107.5,2660
2026-06-15T23:20:00+00:00,107.23,107.5,107.166,107.44,3786
2026-06-15T23:25:00+00:00,107.44,107.64,107.342,107.64,3204
2026-06-15T23:30:00+00:00,107.64,107.8,107.4,107.45,8277
2026-06-15T23:35:00+00:00,107.525,107.699,107.45,107.55,3182
2026-06-15T23:40:00+00:00,107.665,107.69,107.45,107.548,4325
2026-06-15T23:45:00+00:00,107.501,107.99,107.501,107.7,7699
2026-06-15T23:50:00+00:00,107.61,107.85,107.55,107.75,3946
2026-06-15T23:55:00+00:00,107.7,107.85,107.6,107.85,4799
2026-06-16T08:00:00+00:00,107.556,107.556,106.51,107.49,18405
2026-06-16T08:05:00+00:00,107.45,107.7,106.51,107.7,3342
2026-06-16T08:10:00+00:00,107.778,107.86,107.41,107.5,4174
2026-06-16T08:15:00+00:00,107.67,107.88,107.35,107.403,4262
2026-06-16T08:20:00+00:00,107.732,107.732,107.207,107.43,5425
2026-06-16T08:25:00+00:00,107.42,107.744,107.3,107.64,3078
2026-06-16T08:30:00+00:00,107.75,107.76,107.45,107.64,1699
2026-06-16T08:35:00+00:00,107.41,107.64,107.1,107.3,3136
2026-06-16T08:40:00+00:00,107.14,107.293,106.85,107.018,923
2026-06-16T08:45:00+00:00,107.0,107.3,107.0,107.2,855
2026-06-16T08:50:00+00:00,107.23,107.442,107.111,107.4,2250
2026-06-16T08:55:00+00:00,107.3,107.489,107.05,107.3,1033
2026-06-16T09:00:00+00:00,107.3,107.3,107.12,107.2,203
2026-06-16T09:05:00+00:00,107.18,107.31,107.12,107.166,1226
2026-06-16T09:10:00+00:00,107.32,107.35,107.14,107.35,315
2026-06-16T09:15:00+00:00,107.34,107.34,107.0,107.008,608
2026-06-16T09:20:00+00:00,107.0,107.105,106.815,107.05,1721
2026-06-16T09:25:00+00:00,107.05,107.05,106.84,106.91,790
2026-06-16T09:30:00+00:00,106.91,107.29,106.91,107.12,576
2026-06-16T09:35:00+00:00,107.12,107.12,107.0,107.06,277
2026-06-16T09:40:00+00:00,106.94,107.0,106.8,107.0,262
2026-06-16T09:45:00+00:00,106.9,107.0,106.8,107.0,297
2026-06-16T09:50:00+00:00,106.9,107.0,106.9,107.0,627
2026-06-16T09:55:00+00:00,107.0,107.0,106.781,107.0,1505
2026-06-16T10:00:00+00:00,106.958,107.0,106.77,106.782,1488
2026-06-16T10:05:00+00:00,107.0,107.31,107.0,107.14,1941
2026-06-16T10:10:00+00:00,107.29,107.31,107.16,107.28,183
2026-06-16T10:15:00+00:00,107.26,107.4,107.15,107.4,981
2026-06-16T10:20:00+00:00,107.4,107.45,107.25,107.31,1449
2026-06-16T10:25:00+00:00,107.5,107.69,107.305,107.483,3845
2026-06-16T10:30:00+00:00,107.42,108.6,107.42,108.16,14137
2026-06-16T10:35:00+00:00,108.25,108.51,108.0,108.39,3625
2026-06-16T10:40:00+00:00,108.04,108.5,108.04,108.35,1484
2026-06-16T10:45:00+00:00,108.25,108.36,108.0,108.24,3686
2026-06-16T10:50:00+00:00,108.25,108.592,108.169,108.58,3810
2026-06-16T10:55:00+00:00,108.6,108.96,108.5,108.52,4959
2026-06-16T11:00:00+00:00,108.6,109.28,108.3,109.12,44350
2026-06-16T11:05:00+00:00,109.14,109.87,109.0,109.8,32850
2026-06-16T11:10:00+00:00,109.8,109.8,108.85,109.25,38755
2026-06-16T11:15:00+00:00,109.05,109.4,108.75,109.1,17034
2026-06-16T11:20:00+00:00,109.193,109.39,108.88,108.9,7936
2026-06-16T11:25:00+00:00,108.96,109.0,108.6,108.87,7473
2026-06-16T11:30:00+00:00,108.83,109.5,108.83,109.45,14495
2026-06-16T11:35:00+00:00,109.3,109.5,109.0,109.45,10562
2026-06-16T11:40:00+00:00,109.45,109.5,109.0,109.4,17470
2026-06-16T11:45:00+00:00,109.4,109.5,109.2,109.4,15799
2026-06-16T11:50:00+00:00,109.17,109.31,108.9,109.2,9810
2026-06-16T11:55:00+00:00,109.062,109.2,108.76,108.81,6527
2026-06-16T12:00:00+00:00,108.81,109.3,108.509,109.11,8649
2026-06-16T12:05:00+00:00,109.01,109.456,109.0,109.31,5480
2026-06-16T12:10:00+00:00,109.3,109.44,109.0,109.0,7257
2026-06-16T12:15:00+00:00,109.05,109.2,108.52,108.68,16789
2026-06-16T12:20:00+00:00,108.67,108.72,107.95,108.05,26012
2026-06-16T12:25:00+00:00,108.032,108.51,107.88,108.22,8335
2026-06-16T12:30:00+00:00,108.22,108.6,108.16,108.48,6321
2026-06-16T12:35:00+00:00,108.49,108.58,107.88,108.06,9136
2026-06-16T12:40:00+00:00,108.015,108.2,107.67,108.013,14198
2026-06-16T12:45:00+00:00,107.743,108.0,107.57,107.815,9091
2026-06-16T12:50:00+00:00,107.658,108.06,107.658,107.97,10673
2026-06-16T12:55:00+00:00,107.98,108.34,107.81,108.29,18786
2026-06-16T13:00:00+00:00,108.2,108.2,107.54,107.77,19184
2026-06-16T13:05:00+00:00,107.77,107.9,107.15,107.31,24785
2026-06-16T13:10:00+00:00,107.23,107.51,107.03,107.5,16129
2026-06-16T13:15:00+00:00,107.5,108.42,107.25,108.4,59101
2026-06-16T13:20:00+00:00,108.39,108.49,108.0,108.36,12757
2026-06-16T13:25:00+00:00,108.35,108.92,108.0,108.39,26673
2026-06-16T13:30:00+00:00,108.3,112.36,107.62,112.16,1272614
2026-06-16T13:35:00+00:00,112.113,114.8,112.113,114.61,1326144
2026-06-16T13:40:00+00:00,114.67,116.0,114.3,114.895,1302532
2026-06-16T13:45:00+00:00,114.9,116.8,114.9,116.7,860371
2026-06-16T13:50:00+00:00,116.81,116.95,115.52,116.05,624184
2026-06-16T13:55:00+00:00,116.08,117.69,116.0,117.055,821558
2026-06-16T14:00:00+00:00,117.1,117.83,116.549,116.91,575675
2026-06-16T14:05:00+00:00,116.91,117.28,115.85,117.09,578836
2026-06-16T14:10:00+00:00,117.105,117.45,116.18,116.365,472411
2026-06-16T14:15:00+00:00,116.313,117.02,114.68,114.795,564704
2026-06-16T14:20:00+00:00,114.75,115.1,113.82,115.01,580454
2026-06-16T14:25:00+00:00,115.02,116.42,114.74,115.02,644887
2026-06-16T14:30:00+00:00,115.055,115.2,113.34,114.6,676882
2026-06-16T14:35:00+00:00,114.58,116.5,114.52,116.5,444921
2026-06-16T14:40:00+00:00,116.48,118.11,116.27,118.03,711424
2026-06-16T14:45:00+00:00,117.93,118.0,116.43,116.43,447066
2026-06-16T14:50:00+00:00,116.46,117.25,115.33,115.62,397248
2026-06-16T14:55:00+00:00,115.62,115.62,114.36,115.195,319831
2026-06-16T15:00:00+00:00,115.16,115.89,114.82,115.8,314890
2026-06-16T15:05:00+00:00,115.855,116.515,115.39,116.42,235109
2026-06-16T15:10:00+00:00,116.44,116.891,116.09,116.565,221155
2026-06-16T15:15:00+00:00,116.565,116.65,115.71,115.983,137252
2026-06-16T15:20:00+00:00,115.962,116.09,114.76,114.956,297282
2026-06-16T15:25:00+00:00,114.96,115.545,114.82,115.44,305043
2026-06-16T15:30:00+00:00,115.5,116.1,115.5,115.88,229084
2026-06-16T15:35:00+00:00,115.88,116.26,115.32,115.805,413044
2026-06-16T15:40:00+00:00,115.79,116.0,114.69,115.19,419618
2026-06-16T15:45:00+00:00,115.02,115.18,114.04,114.36,243745
2026-06-16T15:50:00+00:00,114.3,116.54,114.16,116.5,291671
2026-06-16T15:55:00+00:00,116.5,116.97,115.63,115.815,247255
2026-06-16T16:00:00+00:00,115.815,117.27,115.695,117.0,260217
2026-06-16T16:05:00+00:00,117.0,117.419,116.81,117.31,179135
2026-06-16T16:10:00+00:00,117.33,118.26,117.21,118.0,395482
2026-06-16T16:15:00+00:00,117.99,118.76,117.85,118.645,404352
2026-06-16T16:20:00+00:00,118.645,118.92,118.24,118.47,366597
2026-06-16T16:25:00+00:00,118.47,118.49,118.11,118.38,179305
2026-06-16T16:30:00+00:00,118.37,118.425,117.41,117.48,206740
2026-06-16T16:35:00+00:00,117.45,117.61,116.78,117.035,212501
2026-06-16T16:40:00+00:00,117.035,117.52,116.7,117.04,239389
2026-06-16T16:45:00+00:00,117.11,117.28,116.9,117.025,137545
2026-06-16T16:50:00+00:00,117.04,117.29,116.5,116.71,121469
2026-06-16T16:55:00+00:00,116.688,117.32,116.41,117.3,163003
2026-06-16T17:00:00+00:00,117.355,117.39,116.88,117.045,140458
2026-06-16T17:05:00+00:00,117.045,117.115,116.745,117.07,180306
2026-06-16T17:10:00+00:00,117.02,117.34,117.01,117.191,92454
2026-06-16T17:15:00+00:00,117.17,117.61,117.12,117.35,128943
2026-06-16T17:20:00+00:00,117.39,117.82,117.24,117.66,222175
2026-06-16T17:25:00+00:00,117.68,117.73,117.35,117.5,101975
2026-06-16T17:30:00+00:00,117.49,117.815,117.34,117.67,107043
2026-06-16T17:35:00+00:00,117.64,117.789,117.13,117.22,157255
2026-06-16T17:40:00+00:00,117.21,117.92,117.12,117.87,123721
2026-06-16T17:45:00+00:00,117.905,118.49,117.545,118.46,199072
2026-06-16T17:50:00+00:00,118.465,118.71,118.105,118.66,210350
2026-06-16T17:55:00+00:00,118.69,118.88,118.294,118.661,189396
2026-06-16T18:00:00+00:00,118.64,119.4,118.6,119.08,375114
2026-06-16T18:05:00+00:00,119.083,119.13,118.54,118.89,185881
2026-06-16T18:10:00+00:00,118.855,119.45,118.855,119.19,177959
2026-06-16T18:15:00+00:00,119.15,119.21,118.81,118.93,192833
2026-06-16T18:20:00+00:00,118.9,119.06,118.55,118.74,159775
2026-06-16T18:25:00+00:00,118.735,118.88,118.5,118.835,130945
2026-06-16T18:30:00+00:00,118.835,118.9,118.37,118.51,170362
2026-06-16T18:35:00+00:00,118.517,118.825,118.36,118.42,180496
2026-06-16T18:40:00+00:00,118.4,118.87,118.21,118.4,124254
2026-06-16T18:45:00+00:00,118.42,118.78,118.3,118.4,124766
2026-06-16T18:50:00+00:00,118.385,118.58,117.74,118.075,246609
2026-06-16T18:55:00+00:00,118.05,118.16,117.54,117.77,137784
2026-06-16T19:00:00+00:00,117.74,118.03,117.56,117.98,135889
2026-06-16T19:05:00+00:00,118.0,118.1,117.35,117.44,155958
2026-06-16T19:10:00+00:00,117.45,117.52,116.732,116.79,301292
2026-06-16T19:15:00+00:00,116.75,116.77,116.19,116.41,310117
2026-06-16T19:20:00+00:00,116.47,117.08,116.34,116.44,262092
2026-06-16T19:25:00+00:00,116.415,117.04,116.25,116.764,290671
2026-06-16T19:30:00+00:00,116.805,117.32,116.64,116.75,215581
2026-06-16T19:35:00+00:00,116.8,116.99,116.36,116.86,246235
2026-06-16T19:40:00+00:00,116.86,117.28,116.395,117.16,258736
2026-06-16T19:45:00+00:00,117.16,117.68,117.06,117.275,276398
2026-06-16T19:50:00+00:00,117.34,117.68,116.62,117.17,496155
2026-06-16T19:55:00+00:00,117.12,117.4,116.86,117.03,1219424
2026-06-16T20:00:00+00:00,117.03,117.03,115.75,116.72,730596
2026-06-16T20:05:00+00:00,116.8,116.9,116.2,116.26,21284
2026-06-16T20:10:00+00:00,116.2,117.03,116.2,116.63,5022
2026-06-16T20:15:00+00:00,116.6,116.7,116.4,116.48,4337
2026-06-16T20:20:00+00:00,117.03,117.03,116.4,116.439,12198
2026-06-16T20:25:00+00:00,116.51,116.7,116.4,116.545,1909
2026-06-16T20:30:00+00:00,116.618,116.67,116.43,116.6,2539
2026-06-16T20:35:00+00:00,116.58,116.6,116.4,116.57,12657
2026-06-16T20:40:00+00:00,116.502,116.95,116.5,116.895,5834
2026-06-16T20:45:00+00:00,116.79,116.8,116.7,116.728,95496
2026-06-16T20:50:00+00:00,116.72,116.78,116.7,116.71,7129
2026-06-16T20:55:00+00:00,116.74,116.78,116.65,116.75,106585
2026-06-16T21:00:00+00:00,116.72,116.95,116.72,116.85,6682
2026-06-16T21:05:00+00:00,116.84,116.98,116.5,116.599,12914
2026-06-16T21:10:00+00:00,116.6,116.98,116.5,116.8,4929
2026-06-16T21:15:00+00:00,116.74,116.98,116.68,116.75,2372
2026-06-16T21:20:00+00:00,116.93,116.93,116.5,116.552,3697
2026-06-16T21:25:00+00:00,116.5,116.9,116.5,116.74,2075
2026-06-16T21:30:00+00:00,116.77,116.9,116.6,116.9,4116
2026-06-16T21:35:00+00:00,116.6,116.9,116.6,116.78,573
2026-06-16T21:40:00+00:00,116.78,116.9,116.7,116.71,2139
2026-06-16T21:45:00+00:00,116.71,116.8,116.7,116.74,3804
2026-06-16T21:50:00+00:00,116.76,116.8,116.7,116.78,3321
2026-06-16T21:55:00+00:00,116.768,116.8,116.7,116.8,3173
2026-06-16T22:00:00+00:00,116.8,117.14,116.8,117.14,9283
2026-06-16T22:05:00+00:00,117.1,117.368,117.1,117.34,4563
2026-06-16T22:10:00+00:00,117.34,117.8,117.25,117.69,12800
2026-06-16T22:15:00+00:00,117.601,117.85,117.5,117.6,2730
2026-06-16T22:20:00+00:00,117.85,117.85,117.5,117.6,2060
2026-06-16T22:25:00+00:00,117.7,117.97,117.64,117.9,9244
2026-06-16T22:30:00+00:00,117.94,117.94,117.6,117.6,5071
2026-06-16T22:35:00+00:00,117.6,117.73,117.5,117.72,6998
2026-06-16T22:40:00+00:00,117.72,117.95,117.55,117.8,3677
2026-06-16T22:45:00+00:00,117.59,117.86,117.59,117.8,4869
2026-06-16T22:50:00+00:00,117.8,117.87,117.7,117.761,4663
2026-06-16T22:55:00+00:00,117.8,117.9,117.278,117.38,4363
2026-06-16T23:00:00+00:00,117.39,117.7,117.24,117.3,2968
2026-06-16T23:05:00+00:00,117.425,117.7,117.286,117.5,493
2026-06-16T23:10:00+00:00,117.3,117.5,117.3,117.35,1799
2026-06-16T23:15:00+00:00,117.35,117.7,117.3,117.48,2711
2026-06-16T23:20:00+00:00,117.474,117.5,117.08,117.08,1587
2026-06-16T23:25:00+00:00,117.18,117.35,117.14,117.18,5058
2026-06-16T23:30:00+00:00,117.25,117.38,117.2,117.38,2159
2026-06-16T23:35:00+00:00,117.39,117.5,117.35,117.367,2485
2026-06-16T23:40:00+00:00,117.37,117.37,117.1,117.159,3168
2026-06-16T23:45:00+00:00,117.16,117.25,117.14,117.203,1266
2026-06-16T23:50:00+00:00,117.2,117.25,117.1,117.16,2814
2026-06-16T23:55:00+00:00,117.25,117.45,117.2,117.39,7029
2026-06-17T08:00:00+00:00,119.8,120.2,118.54,119.38,46918
2026-06-17T08:05:00+00:00,119.38,120.0,118.57,119.503,3909
2026-06-17T08:10:00+00:00,119.55,119.55,118.84,119.0,4666
2026-06-17T08:15:00+00:00,118.9,119.0,117.61,117.743,27791
2026-06-17T08:20:00+00:00,117.74,118.88,117.74,118.2,6099
2026-06-17T08:25:00+00:00,118.17,118.28,117.9,117.916,2087
2026-06-17T08:30:00+00:00,117.91,118.48,117.7,117.95,2043
2026-06-17T08:35:00+00:00,117.95,118.19,117.6,117.75,5707
2026-06-17T08:40:00+00:00,117.75,117.94,117.45,117.5,3833
2026-06-17T08:45:00+00:00,117.6,117.94,117.25,117.25,6911
2026-06-17T08:50:00+00:00,117.25,117.57,117.03,117.35,4088
2026-06-17T08:55:00+00:00,117.33,117.57,117.03,117.556,8272
2026-06-17T09:00:00+00:00,117.41,118.116,117.41,118.116,2596
2026-06-17T09:05:00+00:00,117.98,118.14,117.621,117.78,560
2026-06-17T09:10:00+00:00,117.74,118.16,117.6,118.12,1881
2026-06-17T09:15:00+00:00,117.94,118.18,117.6,117.92,637
2026-06-17T09:20:00+00:00,117.8,117.95,117.616,117.95,314
2026-06-17T09:25:00+00:00,117.793,118.166,117.6,117.92,1080
2026-06-17T09:30:00+00:00,117.87,118.1,117.7,117.86,347
2026-06-17T09:35:00+00:00,117.7,118.0,117.6,117.7,4835
2026-06-17T09:40:00+00:00,117.63,117.95,117.63,117.803,589
2026-06-17T09:45:00+00:00,117.83,118.15,117.7,118.0,5912
2026-06-17T09:50:00+00:00,117.81,117.99,117.68,117.7,961
2026-06-17T09:55:00+00:00,117.7,117.96,117.6,117.78,975
2026-06-17T10:00:00+00:00,117.8,117.8,117.57,117.609,961
2026-06-17T10:05:00+00:00,117.77,117.8,117.5,117.8,2185
2026-06-17T10:10:00+00:00,117.71,117.71,117.41,117.52,11325
2026-06-17T10:15:00+00:00,117.69,117.76,117.43,117.76,1751
2026-06-17T10:20:00+00:00,117.8,117.94,117.68,117.94,739
2026-06-17T10:25:00+00:00,117.928,118.0,117.7,117.75,511
2026-06-17T10:30:00+00:00,117.96,118.1,117.96,118.01,853
2026-06-17T10:35:00+00:00,118.025,118.13,118.0,118.0,736
2026-06-17T10:40:00+00:00,118.03,118.87,118.0,118.61,8941
2026-06-17T10:45:00+00:00,118.65,118.77,118.36,118.77,3096
2026-06-17T10:50:00+00:00,118.826,119.0,118.384,118.57,3342
2026-06-17T10:55:00+00:00,118.57,118.57,118.34,118.34,1338
2026-06-17T11:00:00+00:00,118.43,118.57,117.94,118.5,8608
2026-06-17T11:05:00+00:00,118.57,118.57,118.0,118.1,6674
2026-06-17T11:10:00+00:00,118.06,118.19,117.94,118.0,5293
2026-06-17T11:15:00+00:00,118.07,118.5,118.0,118.5,3932
2026-06-17T11:20:00+00:00,118.3,118.45,118.1,118.13,10141
2026-06-17T11:25:00+00:00,118.44,118.45,118.06,118.1,6273
2026-06-17T11:30:00+00:00,118.05,118.2,117.94,118.1,6585
2026-06-17T11:35:00+00:00,118.1,118.19,117.88,117.92,6146
2026-06-17T11:40:00+00:00,117.96,118.14,117.82,118.0,5525
2026-06-17T11:45:00+00:00,118.0,118.15,117.45,117.52,6216
2026-06-17T11:50:00+00:00,117.45,117.72,116.5,117.1,29135
2026-06-17T11:55:00+00:00,116.952,117.0,116.16,116.3,15943
2026-06-17T12:00:00+00:00,116.6,117.2,116.18,116.99,11528
2026-06-17T12:05:00+00:00,116.99,117.75,116.3,116.62,11791
2026-06-17T12:10:00+00:00,116.87,117.4,116.8,116.96,6847
2026-06-17T12:15:00+00:00,117.2,117.3,116.6,116.6,6456
2026-06-17T12:20:00+00:00,116.9,116.99,116.6,116.95,2869
2026-06-17T12:25:00+00:00,116.672,117.06,116.3,116.5,11419
2026-06-17T12:30:00+00:00,116.5,116.85,116.3,116.77,8107
2026-06-17T12:35:00+00:00,116.849,118.0,116.65,117.09,27473
2026-06-17T12:40:00+00:00,117.207,117.36,116.65,116.95,9380
2026-06-17T12:45:00+00:00,117.2,117.25,116.95,117.08,6039
2026-06-17T12:50:00+00:00,117.03,117.45,117.0,117.21,7621
2026-06-17T12:55:00+00:00,117.21,117.23,116.925,117.01,5793
2026-06-17T13:00:00+00:00,117.012,117.46,116.95,117.418,5909
2026-06-17T13:05:00+00:00,117.43,117.75,117.2,117.31,11426
2026-06-17T13:10:00+00:00,117.31,117.66,117.22,117.33,5514
2026-06-17T13:15:00+00:00,117.38,117.6,117.26,117.46,8992
2026-06-17T13:20:00+00:00,117.5,117.6,117.2,117.303,3361
2026-06-17T13:25:00+00:00,117.26,117.75,116.116,116.75,43166
2026-06-17T13:30:00+00:00,117.07,121.85,116.9,120.145,1047903
2026-06-17T13:35:00+00:00,120.12,121.53,119.75,120.41,632367
2026-06-17T13:40:00+00:00,120.33,122.0,120.07,121.065,492465
2026-06-17T13:45:00+00:00,121.022,121.73,118.68,119.51,593067
2026-06-17T13:50:00+00:00,119.47,119.92,117.63,117.82,346765
2026-06-17T13:55:00+00:00,117.825,118.68,117.5,117.605,334888
2026-06-17T14:00:00+00:00,117.68,119.3,117.57,118.86,322660
2026-06-17T14:05:00+00:00,118.93,119.91,118.35,119.32,390631
2026-06-17T14:10:00+00:00,119.27,120.01,119.04,119.2,401483
2026-06-17T14:15:00+00:00,119.185,120.26,118.65,119.46,291709
2026-06-17T14:20:00+00:00,119.43,120.1,119.01,120.045,194362
2026-06-17T14:25:00+00:00,120.045,120.22,119.455,119.94,221739
2026-06-17T14:30:00+00:00,119.94,120.0,119.1,119.56,155773
2026-06-17T14:35:00+00:00,119.525,119.85,118.82,118.89,195920
2026-06-17T14:40:00+00:00,118.89,119.47,118.06,119.12,203523
2026-06-17T14:45:00+00:00,119.125,119.61,118.1,118.77,196842
2026-06-17T14:50:00+00:00,118.88,120.5,118.79,120.455,235825
2026-06-17T14:55:00+00:00,120.455,120.89,120.01,120.12,287327
2026-06-17T15:00:00+00:00,120.14,120.21,119.55,119.955,168487
2026-06-17T15:05:00+00:00,119.99,120.05,118.73,118.89,154708
2026-06-17T15:10:00+00:00,118.885,119.17,118.63,118.97,137759
2026-06-17T15:15:00+00:00,118.94,119.23,118.35,118.59,140403
2026-06-17T15:20:00+00:00,118.64,119.71,118.55,119.35,117574
2026-06-17T15:25:00+00:00,119.36,119.38,118.69,118.81,88044
2026-06-17T15:30:00+00:00,118.79,119.05,118.665,118.815,89117
2026-06-17T15:35:00+00:00,118.829,119.18,118.67,118.775,98228
2026-06-17T15:40:00+00:00,118.71,119.35,118.5,119.18,115764
2026-06-17T15:45:00+00:00,119.26,119.96,118.985,119.865,152804
2026-06-17T15:50:00+00:00,119.84,119.959,119.32,119.915,130204
2026-06-17T15:55:00+00:00,119.925,120.005,119.32,119.43,142307
2026-06-17T16:00:00+00:00,119.5,119.79,119.401,119.485,129336
2026-06-17T16:05:00+00:00,119.5,119.843,119.39,119.67,90380
2026-06-17T16:10:00+00:00,119.66,119.97,119.47,119.87,82069
2026-06-17T16:15:00+00:00,119.87,119.93,119.44,119.52,76232
2026-06-17T16:20:00+00:00,119.485,119.6,119.22,119.26,68421
2026-06-17T16:25:00+00:00,119.26,119.69,119.1,119.54,74256
2026-06-17T16:30:00+00:00,119.54,119.945,119.48,119.93,122874
2026-06-17T16:35:00+00:00,119.97,120.0,119.6,119.655,103358
2026-06-17T16:40:00+00:00,119.62,119.93,119.37,119.86,74058
2026-06-17T16:45:00+00:00,119.88,119.88,119.35,119.44,74320
2026-06-17T16:50:00+00:00,119.47,119.87,119.35,119.76,79610
2026-06-17T16:55:00+00:00,119.815,120.0,119.7,119.93,73897
2026-06-17T17:00:00+00:00,119.94,120.49,119.905,120.2,133398
2026-06-17T17:05:00+00:00,120.2,120.59,120.09,120.37,102890
2026-06-17T17:10:00+00:00,120.37,120.46,120.05,120.185,96184
2026-06-17T17:15:00+00:00,120.11,120.2,119.85,119.925,102806
2026-06-17T17:20:00+00:00,119.891,120.29,119.65,120.11,125967
2026-06-17T17:25:00+00:00,120.16,120.4,119.9,120.365,61486
2026-06-17T17:30:00+00:00,120.34,120.34,119.63,119.807,92032
2026-06-17T17:35:00+00:00,119.72,120.24,119.62,120.085,65588
2026-06-17T17:40:00+00:00,120.075,120.12,119.89,120.0,62502
2026-06-17T17:45:00+00:00,119.975,120.065,119.65,119.895,63903
2026-06-17T17:50:00+00:00,119.895,120.23,119.67,120.065,54626
2026-06-17T17:55:00+00:00,120.1,120.47,120.0,120.338,85554
2026-06-17T18:00:00+00:00,120.35,120.35,118.504,118.512,277780
2026-06-17T18:05:00+00:00,118.57,119.68,117.54,119.605,339779
2026-06-17T18:10:00+00:00,119.58,119.89,118.96,119.56,152376
2026-06-17T18:15:00+00:00,119.475,120.17,119.3,119.41,105438
2026-06-17T18:20:00+00:00,119.326,119.42,118.7,118.84,99739
2026-06-17T18:25:00+00:00,118.78,119.1,118.55,119.07,88415
2026-06-17T18:30:00+00:00,119.02,120.3,118.9,119.63,204359
2026-06-17T18:35:00+00:00,119.62,121.05,119.6,120.76,259509
2026-06-17T18:40:00+00:00,120.75,121.98,120.75,121.71,261358
2026-06-17T18:45:00+00:00,121.69,121.95,121.5,121.71,168321
2026-06-17T18:50:00+00:00,121.71,121.85,121.29,121.44,152244
2026-06-17T18:55:00+00:00,121.44,121.44,119.8,120.41,211864
2026-06-17T19:00:00+00:00,120.41,121.16,120.24,120.39,176565
2026-06-17T19:05:00+00:00,120.39,120.65,119.365,119.475,135895
2026-06-17T19:10:00+00:00,119.45,120.595,118.944,119.94,180130
2026-06-17T19:15:00+00:00,119.93,120.0,118.65,119.02,174529
2026-06-17T19:20:00+00:00,118.95,119.01,117.92,118.21,213381
2026-06-17T19:25:00+00:00,118.21,118.799,117.79,117.905,167631
2026-06-17T19:30:00+00:00,117.82,118.6,116.972,117.01,331365
2026-06-17T19:35:00+00:00,117.006,117.7,115.6,115.83,420980
2026-06-17T19:40:00+00:00,115.81,116.38,115.7,116.06,330151
2026-06-17T19:45:00+00:00,116.07,116.8,115.69,116.43,382491
2026-06-17T19:50:00+00:00,116.48,116.68,115.8,116.085,311357
2026-06-17T19:55:00+00:00,116.03,116.03,114.9,115.21,875083
2026-06-17T20:00:00+00:00,115.21,116.0,114.75,114.85,528131
2026-06-17T20:05:00+00:00,115.0,115.5,114.63,115.14,14268
2026-06-17T20:10:00+00:00,115.21,115.5,115.0,115.5,9961
2026-06-17T20:15:00+00:00,115.5,116.0,115.3,115.77,78976
2026-06-17T20:20:00+00:00,115.21,117.0,115.21,116.36,44082
2026-06-17T20:25:00+00:00,116.49,116.5,116.15,116.418,3656
2026-06-17T20:30:00+00:00,116.3,117.45,116.29,117.2,29160
2026-06-17T20:35:00+00:00,117.38,118.05,117.2,117.7,21982
2026-06-17T20:40:00+00:00,117.53,117.616,117.04,117.49,9252
2026-06-17T20:45:00+00:00,117.2,117.49,117.04,117.04,3749
2026-06-17T20:50:00+00:00,117.139,117.5,116.8,117.01,242918
2026-06-17T20:55:00+00:00,117.11,117.5,117.0,117.23,1884
2026-06-17T21:00:00+00:00,117.25,117.5,116.85,117.35,5755
2026-06-17T21:05:00+00:00,117.4,117.5,117.22,117.44,2072
2026-06-17T21:10:00+00:00,117.37,117.5,117.37,117.37,7257
2026-06-17T21:15:00+00:00,117.37,117.4,117.37,117.37,8757
2026-06-17T21:20:00+00:00,117.37,117.5,117.37,117.37,2900
2026-06-17T21:25:00+00:00,117.39,117.452,117.0,117.3,1430
2026-06-17T21:30:00+00:00,117.24,117.25,116.61,116.8,9212
2026-06-17T21:35:00+00:00,116.82,117.25,116.64,117.2,9307
2026-06-17T21:40:00+00:00,117.2,117.23,116.65,116.76,2829
2026-06-17T21:45:00+00:00,116.95,117.23,116.65,116.891,316824
2026-06-17T21:50:00+00:00,116.8,116.95,116.51,116.51,2933
2026-06-17T21:55:00+00:00,116.51,116.97,116.14,116.53,4953
2026-06-17T22:00:00+00:00,116.27,116.66,116.25,116.271,1234
2026-06-17T22:05:00+00:00,116.62,116.85,116.45,116.74,4970
2026-06-17T22:10:00+00:00,116.73,117.2,116.53,116.68,2668
2026-06-17T22:15:00+00:00,116.859,116.9,116.53,116.53,4257
2026-06-17T22:20:00+00:00,116.62,117.25,116.53,117.11,5245
2026-06-17T22:25:00+00:00,117.23,117.45,117.0,117.02,5603
2026-06-17T22:30:00+00:00,117.039,117.3,117.0,117.266,4272
2026-06-17T22:35:00+00:00,117.15,117.4,117.0,117.22,4013
2026-06-17T22:40:00+00:00,117.15,117.4,117.01,117.2,4548
2026-06-17T22:45:00+00:00,117.28,117.77,117.15,117.5,7163
2026-06-17T22:50:00+00:00,117.5,117.71,117.3,117.3,1520
2026-06-17T22:55:00+00:00,117.3,117.75,117.3,117.48,4100
2026-06-17T23:00:00+00:00,117.3,117.6,117.3,117.56,3513
2026-06-17T23:05:00+00:00,117.75,117.75,117.49,117.75,2170
2026-06-17T23:10:00+00:00,117.71,117.77,117.49,117.76,2510
2026-06-17T23:15:00+00:00,117.77,117.9,117.72,117.88,5271
2026-06-17T23:20:00+00:00,117.85,117.95,117.8,117.8,4696
2026-06-17T23:25:00+00:00,117.818,118.0,117.8,117.94,3902
2026-06-17T23:30:00+00:00,117.93,118.0,117.79,117.83,4116
2026-06-17T23:35:00+00:00,117.83,117.93,117.79,117.84,2777
2026-06-17T23:40:00+00:00,117.84,117.96,117.8,117.84,16044
2026-06-17T23:45:00+00:00,117.825,118.0,117.581,118.0,12423
2026-06-17T23:50:00+00:00,118.0,118.5,117.92,118.42,11247
2026-06-17T23:55:00+00:00,118.259,119.0,118.25,118.96,11611
2026-06-18T08:00:00+00:00,119.13,119.49,117.74,119.172,23220
2026-06-18T08:05:00+00:00,119.5,119.81,118.31,119.72,4694
2026-06-18T08:10:00+00:00,119.85,119.95,119.72,119.75,11760
2026-06-18T08:15:00+00:00,119.75,119.9,119.65,119.65,9578
2026-06-18T08:20:00+00:00,119.5,119.9,119.32,119.642,2390
2026-06-18T08:25:00+00:00,119.42,119.65,119.27,119.28,2034
2026-06-18T08:30:00+00:00,119.2,119.66,118.78,119.66,14644
2026-06-18T08:35:00+00:00,119.46,119.46,119.04,119.26,911
2026-06-18T08:40:00+00:00,119.31,119.5,119.064,119.2,527
2026-06-18T08:45:00+00:00,119.2,119.4,118.95,119.28,3176
2026-06-18T08:50:00+00:00,119.0,119.4,118.81,119.12,2839
2026-06-18T08:55:00+00:00,119.12,119.4,118.65,118.78,1272
2026-06-18T09:00:00+00:00,118.79,118.98,118.63,118.98,334
2026-06-18T09:05:00+00:00,118.94,119.276,118.8,118.8,1402
2026-06-18T09:10:00+00:00,118.95,118.95,118.6,118.7,1274
2026-06-18T09:15:00+00:00,118.88,118.97,118.88,118.943,829
2026-06-18T09:20:00+00:00,118.95,119.1,118.8,119.0,843
2026-06-18T09:25:00+00:00,119.18,119.3,118.921,119.26,296
2026-06-18T09:30:00+00:00,119.1,119.291,119.1,119.1,346
2026-06-18T09:35:00+00:00,119.18,119.34,119.1,119.34,846
2026-06-18T09:40:00+00:00,119.5,119.5,119.14,119.4,251
2026-06-18T09:45:00+00:00,119.35,119.5,119.25,119.5,5193
2026-06-18T09:50:00+00:00,119.5,119.65,118.5,119.08,10655
2026-06-18T09:55:00+00:00,119.38,119.4,119.1,119.18,1441
2026-06-18T10:00:00+00:00,119.23,119.33,119.15,119.33,524
2026-06-18T10:05:00+00:00,119.25,119.56,119.0,119.0,1659
2026-06-18T10:10:00+00:00,118.99,119.11,118.8,119.11,728
2026-06-18T10:15:00+00:00,119.017,119.5,119.0,119.0,942
2026-06-18T10:20:00+00:00,119.5,119.5,118.94,118.964,2178
2026-06-18T10:25:00+00:00,119.0,119.31,118.94,119.2,6282
2026-06-18T10:30:00+00:00,119.02,119.17,118.95,119.05,269
2026-06-18T10:35:00+00:00,119.005,119.17,118.95,119.12,316
2026-06-18T10:40:00+00:00,118.96,119.1,118.7,118.7,21209
2026-06-18T10:45:00+00:00,118.61,118.93,118.55,118.89,2684
2026-06-18T10:50:00+00:00,118.71,118.95,118.51,118.71,875
2026-06-18T10:55:00+00:00,118.71,118.94,118.51,118.61,1328
2026-06-18T11:00:00+00:00,118.94,119.4,118.75,119.1,10426
2026-06-18T11:05:00+00:00,119.17,119.25,118.85,119.09,7575
2026-06-18T11:10:00+00:00,118.85,119.0,118.62,118.88,12214
2026-06-18T11:15:00+00:00,118.92,119.0,118.65,118.849,5496
2026-06-18T11:20:00+00:00,118.77,119.0,118.54,118.65,5687
2026-06-18T11:25:00+00:00,118.65,119.0,118.65,118.9,4320
2026-06-18T11:30:00+00:00,118.9,119.0,118.72,119.0,3552
2026-06-18T11:35:00+00:00,118.8,119.0,118.61,118.61,4211
2026-06-18T11:40:00+00:00,118.61,118.988,118.5,118.54,2248
2026-06-18T11:45:00+00:00,118.54,119.0,118.52,118.7,3131
2026-06-18T11:50:00+00:00,118.887,119.0,118.65,118.974,4681
2026-06-18T11:55:00+00:00,118.97,119.0,118.65,118.94,2960
2026-06-18T12:00:00+00:00,118.948,119.0,118.75,118.92,72747
2026-06-18T12:05:00+00:00,118.95,118.95,118.8,118.842,6468
2026-06-18T12:10:00+00:00,118.92,119.1,118.92,118.95,5828
2026-06-18T12:15:00+00:00,118.95,119.09,118.86,119.06,5863
2026-06-18T12:20:00+00:00,118.91,119.4,118.9,119.4,3794
2026-06-18T12:25:00+00:00,119.2,119.65,119.2,119.53,8815
2026-06-18T12:30:00+00:00,119.56,119.561,119.35,119.425,11842
2026-06-18T12:35:00+00:00,119.44,119.63,119.35,119.47,5855
2026-06-18T12:40:00+00:00,119.53,119.6,119.4,119.5,9878
2026-06-18T12:45:00+00:00,119.49,119.66,119.4,119.53,5424
2026-06-18T12:50:00+00:00,119.55,119.65,119.404,119.598,3993
2026-06-18T12:55:00+00:00,119.598,119.65,119.4,119.55,22003
2026-06-18T13:00:00+00:00,119.51,119.552,118.95,119.0,34159
2026-06-18T13:05:00+00:00,119.15,119.3,119.0,119.11,6024
2026-06-18T13:10:00+00:00,119.15,119.48,119.0,119.3,5935
2026-06-18T13:15:00+00:00,119.25,119.38,119.0,119.2,9180
2026-06-18T13:20:00+00:00,119.15,119.5,119.02,119.45,8564
2026-06-18T13:25:00+00:00,119.45,119.5,118.71,118.74,12469
2026-06-18T13:30:00+00:00,118.85,119.8,117.9,117.9,708631
2026-06-18T13:35:00+00:00,117.9,118.59,117.2,117.86,406387
2026-06-18T13:40:00+00:00,117.91,118.4,117.2,117.525,493538
2026-06-18T13:45:00+00:00,117.63,118.18,117.32,117.975,199550
2026-06-18T13:50:00+00:00,117.98,118.71,116.78,117.105,348262
2026-06-18T13:55:00+00:00,117.1,117.25,115.51,115.69,349979
2026-06-18T14:00:00+00:00,115.8,117.94,115.8,117.82,308139
2026-06-18T14:05:00+00:00,117.82,119.0,117.67,118.41,372992
2026-06-18T14:10:00+00:00,118.4,118.4,116.6,116.664,168619
2026-06-18T14:15:00+00:00,116.62,118.48,116.3,118.435,266235
2026-06-18T14:20:00+00:00,118.425,119.5,118.12,119.31,210685
2026-06-18T14:25:00+00:00,119.36,119.37,118.13,118.575,203823
2026-06-18T14:30:00+00:00,118.575,118.73,117.95,118.24,164101
2026-06-18T14:35:00+00:00,118.16,118.46,117.143,118.42,165208
2026-06-18T14:40:00+00:00,118.44,118.53,117.17,117.65,140710
2026-06-18T14:45:00+00:00,117.6,118.7,117.55,118.5,161372
2026-06-18T14:50:00+00:00,118.47,118.68,118.0,118.36,136409
2026-06-18T14:55:00+00:00,118.33,119.315,118.25,119.03,239179
2026-06-18T15:00:00+00:00,119.06,119.79,118.97,119.75,309433
2026-06-18T15:05:00+00:00,119.8,119.87,119.46,119.55,150136
2026-06-18T15:10:00+00:00,119.61,119.88,119.25,119.29,143008
2026-06-18T15:15:00+00:00,119.3,119.85,119.14,119.57,130098
2026-06-18T15:20:00+00:00,119.55,119.89,118.41,118.45,176600
2026-06-18T15:25:00+00:00,118.49,118.908,118.11,118.255,187528
2026-06-18T15:30:00+00:00,118.255,118.405,117.56,117.94,179205
2026-06-18T15:35:00+00:00,117.97,118.02,116.8,117.45,204616
2026-06-18T15:40:00+00:00,117.49,117.75,117.05,117.32,112567
2026-06-18T15:45:00+00:00,117.29,117.57,116.94,117.46,371230
2026-06-18T15:50:00+00:00,117.465,117.97,117.26,117.9,96962
2026-06-18T15:55:00+00:00,117.94,118.249,117.685,117.85,192877
2026-06-18T16:00:00+00:00,117.832,118.22,117.76,117.85,95044
2026-06-18T16:05:00+00:00,117.84,118.0,117.22,117.325,91179
2026-06-18T16:10:00+00:00,117.32,117.69,116.86,117.52,167941
2026-06-18T16:15:00+00:00,117.51,117.62,117.22,117.525,56258
2026-06-18T16:20:00+00:00,117.64,118.03,117.64,117.679,114695
2026-06-18T16:25:00+00:00,117.67,117.86,117.17,117.575,81889
2026-06-18T16:30:00+00:00,117.6,117.79,117.37,117.74,60711
2026-06-18T16:35:00+00:00,117.79,117.9,117.3,117.5,109567
2026-06-18T16:40:00+00:00,117.435,117.47,116.75,116.9,97250
2026-06-18T16:45:00+00:00,116.904,117.245,116.6,117.21,180686
2026-06-18T16:50:00+00:00,117.245,117.38,116.64,116.64,81321
2026-06-18T16:55:00+00:00,116.68,116.91,116.375,116.52,113687
2026-06-18T17:00:00+00:00,116.55,116.55,115.92,116.29,159468
2026-06-18T17:05:00+00:00,116.29,116.565,116.19,116.22,98594
2026-06-18T17:10:00+00:00,116.225,116.47,116.15,116.35,72030
2026-06-18T17:15:00+00:00,116.36,116.728,116.3,116.45,101493
2026-06-18T17:20:00+00:00,116.36,116.465,115.83,115.87,89761
2026-06-18T17:25:00+00:00,115.87,116.16,115.43,116.125,169154
2026-06-18T17:30:00+00:00,116.135,116.7,116.135,116.545,109280
2026-06-18T17:35:00+00:00,116.54,116.56,115.755,115.84,93163
2026-06-18T17:40:00+00:00,115.84,116.4,115.83,116.36,84313
2026-06-18T17:45:00+00:00,116.365,116.425,116.19,116.205,46789
2026-06-18T17:50:00+00:00,116.245,116.355,116.08,116.25,116017
2026-06-18T17:55:00+00:00,116.24,116.58,116.135,116.23,103466
2026-06-18T18:00:00+00:00,116.215,116.32,115.632,115.808,89506
2026-06-18T18:05:00+00:00,115.79,116.05,115.3,115.36,120329
2026-06-18T18:10:00+00:00,115.33,115.64,114.71,115.42,279585
2026-06-18T18:15:00+00:00,115.47,115.96,115.355,115.77,124833
2026-06-18T18:20:00+00:00,115.77,115.89,115.56,115.78,53631
2026-06-18T18:25:00+00:00,115.78,115.9,115.571,115.74,69278
2026-06-18T18:30:00+00:00,115.71,115.9,115.49,115.534,73473
2026-06-18T18:35:00+00:00,115.54,115.58,115.21,115.25,93169
2026-06-18T18:40:00+00:00,115.29,115.29,114.83,114.88,125628
2026-06-18T18:45:00+00:00,114.89,115.25,114.46,115.21,901488
2026-06-18T18:50:00+00:00,115.23,115.26,114.83,115.03,115845
2026-06-18T18:55:00+00:00,115.03,115.19,114.79,114.956,100014
2026-06-18T19:00:00+00:00,114.98,115.26,114.5,114.64,121840
2026-06-18T19:05:00+00:00,114.64,114.65,114.125,114.59,160903
2026-06-18T19:10:00+00:00,114.55,115.01,114.45,114.872,101893
2026-06-18T19:15:00+00:00,114.89,116.35,114.52,116.3,200680
2026-06-18T19:20:00+00:00,116.3,116.78,116.14,116.17,650166
2026-06-18T19:25:00+00:00,116.17,116.535,115.75,115.885,168723
2026-06-18T19:30:00+00:00,115.84,116.11,115.26,115.89,143540
2026-06-18T19:35:00+00:00,115.9,116.64,115.85,116.48,297652
2026-06-18T19:40:00+00:00,116.48,116.64,116.15,116.59,644652
2026-06-18T19:45:00+00:00,116.52,116.84,116.46,116.72,272062
2026-06-18T19:50:00+00:00,116.74,118.68,116.74,116.9,1590025
2026-06-18T19:55:00+00:00,117.09,118.7,116.92,117.95,1144329
2026-06-18T20:00:00+00:00,117.95,117.95,116.7,117.29,2229447
2026-06-18T20:05:00+00:00,117.274,117.95,117.0,117.25,154893
2026-06-18T20:10:00+00:00,117.95,117.95,117.05,117.47,293189
2026-06-18T20:15:00+00:00,117.285,117.5,117.147,117.301,146557
2026-06-18T20:20:00+00:00,117.45,117.75,117.26,117.55,11889283
2026-06-18T20:25:00+00:00,117.4,117.51,117.3,117.31,1111
2026-06-18T20:30:00+00:00,117.5,117.75,117.31,117.73,2343
2026-06-18T20:35:00+00:00,117.66,117.77,117.6,117.77,10074
2026-06-18T20:40:00+00:00,117.75,117.8,117.35,117.44,16950
2026-06-18T20:45:00+00:00,117.35,117.75,117.35,117.35,3384
2026-06-18T20:50:00+00:00,117.4,117.51,117.35,117.5,175308
2026-06-18T20:55:00+00:00,117.48,117.73,117.31,117.53,15557
2026-06-18T21:00:00+00:00,117.7,117.73,117.4,117.61,2090
2026-06-18T21:05:00+00:00,117.53,117.73,117.4,117.7,3164
2026-06-18T21:10:00+00:00,117.706,117.8,117.53,117.68,54296
2026-06-18T21:15:00+00:00,117.7,117.79,117.68,117.74,4727
2026-06-18T21:20:00+00:00,117.697,117.75,117.568,117.697,3457
2026-06-18T21:25:00+00:00,117.7,117.74,117.574,117.73,1089
2026-06-18T21:30:00+00:00,117.694,117.79,117.69,117.79,3709
2026-06-18T21:35:00+00:00,117.76,117.88,117.645,117.69,8725
2026-06-18T21:40:00+00:00,117.69,117.88,117.64,117.73,2110
2026-06-18T21:45:00+00:00,117.73,117.82,117.45,117.45,11532
2026-06-18T21:50:00+00:00,117.45,117.64,117.45,117.64,3493
2026-06-18T21:55:00+00:00,117.511,117.6,117.45,117.502,2188
2026-06-18T22:00:00+00:00,117.521,117.82,117.52,117.82,1182
2026-06-18T22:05:00+00:00,117.6,117.82,117.59,117.65,2839
2026-06-18T22:10:00+00:00,117.65,117.82,117.59,117.64,2030
2026-06-18T22:15:00+00:00,117.6,117.707,117.6,117.701,608
2026-06-18T22:20:00+00:00,117.729,117.79,117.7,117.7,1180
2026-06-18T22:25:00+00:00,117.701,117.88,117.7,117.87,6717
2026-06-18T22:30:00+00:00,117.88,117.88,117.8,117.82,1381
2026-06-18T22:35:00+00:00,117.82,117.88,117.8,117.8,5117
2026-06-18T22:40:00+00:00,117.8,117.8,117.6,117.6,1425
2026-06-18T22:45:00+00:00,117.6,117.7,117.6,117.69,237
2026-06-18T22:50:00+00:00,117.88,117.88,117.63,117.778,471
2026-06-18T22:55:00+00:00,117.77,117.8,117.63,117.69,1338
2026-06-18T23:00:00+00:00,117.84,117.84,117.6,117.606,516
2026-06-18T23:05:00+00:00,117.6,117.84,117.6,117.76,288
2026-06-18T23:10:00+00:00,117.79,117.88,117.6,117.88,2054
2026-06-18T23:15:00+00:00,117.857,117.88,117.66,117.71,4989
2026-06-18T23:20:00+00:00,117.71,117.79,117.6,117.77,311
2026-06-18T23:25:00+00:00,117.6,117.75,117.6,117.662,610
2026-06-18T23:30:00+00:00,117.69,117.7,117.6,117.6,790
2026-06-18T23:35:00+00:00,117.6,117.7,117.59,117.63,256
2026-06-18T23:40:00+00:00,117.698,117.7,117.6,117.65,1244
2026-06-18T23:45:00+00:00,117.62,117.7,117.6,117.7,3521
2026-06-18T23:50:00+00:00,117.683,117.77,117.6,117.77,2112
2026-06-18T23:55:00+00:00,117.701,117.75,117.59,117.61,11485
2026-06-22T08:00:00+00:00,118.182,118.182,115.6,117.59,29322
2026-06-22T08:05:00+00:00,117.59,117.87,116.32,117.55,8751
2026-06-22T08:10:00+00:00,117.492,117.85,117.3,117.7,1476
2026-06-22T08:15:00+00:00,117.7,117.7,117.35,117.35,780
2026-06-22T08:20:00+00:00,117.46,117.7,117.46,117.52,569
2026-06-22T08:25:00+00:00,117.68,117.68,117.35,117.52,582
2026-06-22T08:30:00+00:00,117.41,117.5,117.29,117.31,2628
2026-06-22T08:35:00+00:00,117.34,117.45,117.15,117.2,1074
2026-06-22T08:40:00+00:00,117.3,117.47,117.21,117.47,386
2026-06-22T08:45:00+00:00,117.505,117.68,117.43,117.67,2914
2026-06-22T08:50:00+00:00,117.67,117.85,117.65,117.85,448
2026-06-22T08:55:00+00:00,117.78,117.88,117.607,117.83,978
2026-06-22T09:00:00+00:00,117.82,117.95,117.6,117.61,155
2026-06-22T09:05:00+00:00,117.86,117.96,117.618,117.93,179
2026-06-22T09:10:00+00:00,117.94,117.99,117.806,117.95,668
2026-06-22T09:15:00+00:00,117.8,117.98,117.8,117.98,2022
2026-06-22T09:20:00+00:00,117.96,118.03,117.84,117.98,375
2026-06-22T09:25:00+00:00,118.0,118.25,117.93,118.06,976
2026-06-22T09:30:00+00:00,118.0,118.23,117.87,118.23,232
2026-06-22T09:35:00+00:00,117.98,117.98,117.8,117.95,215
2026-06-22T09:40:00+00:00,117.88,117.94,117.633,117.84,689
2026-06-22T09:45:00+00:00,117.75,117.81,117.66,117.66,515
2026-06-22T09:50:00+00:00,117.683,118.2,117.67,118.19,3331
2026-06-22T09:55:00+00:00,118.09,118.2,118.09,118.12,789
2026-06-22T10:00:00+00:00,118.12,118.49,118.12,118.139,1093
2026-06-22T10:05:00+00:00,118.3,118.45,118.09,118.28,628
2026-06-22T10:10:00+00:00,118.22,118.45,118.12,118.45,1431
2026-06-22T10:15:00+00:00,118.39,118.45,118.3,118.36,888
2026-06-22T10:20:00+00:00,118.34,118.8,118.3,118.8,5582
2026-06-22T10:25:00+00:00,118.8,118.8,118.51,118.598,1113
2026-06-22T10:30:00+00:00,118.53,118.78,118.22,118.22,585
2026-06-22T10:35:00+00:00,118.36,118.579,118.221,118.29,368
2026-06-22T10:40:00+00:00,118.216,118.6,118.216,118.49,4102
2026-06-22T10:45:00+00:00,118.1,118.6,118.1,118.4,218
2026-06-22T10:50:00+00:00,118.5,118.57,118.3,118.57,2643
2026-06-22T10:55:00+00:00,118.57,118.57,118.275,118.37,998
2026-06-22T11:00:00+00:00,118.28,118.6,118.2,118.542,8990
2026-06-22T11:05:00+00:00,118.59,118.9,118.53,118.8,9178
2026-06-22T11:10:00+00:00,118.747,118.8,118.05,118.25,7895
2026-06-22T11:15:00+00:00,118.26,118.41,118.05,118.25,2004
2026-06-22T11:20:00+00:00,118.25,118.41,118.1,118.2,9210
2026-06-22T11:25:00+00:00,118.273,118.41,118.188,118.41,3307
2026-06-22T11:30:00+00:00,118.348,118.6,118.1,118.6,2178
2026-06-22T11:35:00+00:00,118.521,118.6,118.124,118.5,1605
2026-06-22T11:40:00+00:00,118.46,118.55,118.3,118.35,2902
2026-06-22T11:45:00+00:00,118.38,118.4,118.1,118.4,2524
2026-06-22T11:50:00+00:00,118.177,118.35,118.1,118.1,1270
2026-06-22T11:55:00+00:00,118.38,118.38,118.1,118.345,1018
2026-06-22T12:00:00+00:00,118.35,118.377,118.2,118.28,8274
2026-06-22T12:05:00+00:00,118.2,118.3,118.2,118.22,1129
2026-06-22T12:10:00+00:00,118.22,118.55,118.2,118.5,3076
2026-06-22T12:15:00+00:00,118.52,118.6,118.35,118.41,9306
2026-06-22T12:20:00+00:00,118.5,118.6,118.43,118.438,1972
2026-06-22T12:25:00+00:00,118.457,118.59,118.4,118.567,2395
2026-06-22T12:30:00+00:00,118.57,118.6,118.41,118.59,2222
2026-06-22T12:35:00+00:00,118.599,118.6,118.12,118.12,6727
2026-06-22T12:40:00+00:00,118.29,118.29,118.0,118.289,4258
2026-06-22T12:45:00+00:00,118.168,118.371,118.12,118.37,7202
2026-06-22T12:50:00+00:00,118.35,118.38,118.063,118.26,2259
2026-06-22T12:55:00+00:00,118.11,118.49,118.1,118.49,1386
2026-06-22T13:00:00+00:00,118.376,118.49,118.1,118.382,5797
2026-06-22T13:05:00+00:00,118.43,118.49,118.0,118.2,2219
2026-06-22T13:10:00+00:00,118.4,118.4,118.11,118.237,6237
2026-06-22T13:15:00+00:00,118.25,118.4,118.2,118.392,6867
2026-06-22T13:20:00+00:00,118.25,118.75,118.25,118.66,8256
2026-06-22T13:25:00+00:00,118.75,119.99,118.75,119.04,38652
2026-06-22T13:30:00+00:00,119.085,119.085,114.42,114.905,605553
2026-06-22T13:35:00+00:00,114.905,116.3,113.57,113.95,558817
2026-06-22T13:40:00+00:00,114.071,115.62,113.84,115.1,377923
2026-06-22T13:45:00+00:00,115.14,116.89,114.96,116.52,374323
2026-06-22T13:50:00+00:00,116.55,116.701,115.8,116.69,222362
2026-06-22T13:55:00+00:00,116.74,117.3,115.78,116.01,232916
2026-06-22T14:00:00+00:00,116.05,117.2,115.8,116.28,247350
2026-06-22T14:05:00+00:00,116.375,116.73,115.11,115.205,271106
2026-06-22T14:10:00+00:00,115.21,115.28,113.18,113.4,391141
2026-06-22T14:15:00+00:00,113.41,113.595,112.56,112.73,407067
2026-06-22T14:20:00+00:00,112.79,113.49,111.88,111.958,386502
2026-06-22T14:25:00+00:00,111.987,112.36,111.51,111.92,383367
2026-06-22T14:30:00+00:00,111.94,112.19,111.43,112.1,245839
2026-06-22T14:35:00+00:00,112.03,112.62,111.59,111.825,293620
2026-06-22T14:40:00+00:00,111.89,112.263,111.2,111.28,206238
2026-06-22T14:45:00+00:00,111.31,111.88,110.823,111.13,278341
2026-06-22T14:50:00+00:00,111.16,111.47,110.35,110.73,317075
2026-06-22T14:55:00+00:00,110.71,110.84,110.165,110.58,373504
2026-06-22T15:00:00+00:00,110.63,110.95,110.09,110.1,284416
2026-06-22T15:05:00+00:00,110.15,110.15,109.55,109.975,360694
2026-06-22T15:10:00+00:00,110.0,110.16,109.3,109.393,239879
2026-06-22T15:15:00+00:00,109.42,109.63,108.582,108.79,420531
2026-06-22T15:20:00+00:00,108.8,109.92,108.715,109.795,228147
2026-06-22T15:25:00+00:00,109.795,110.16,109.66,110.005,264244
2026-06-22T15:30:00+00:00,110.02,110.19,109.59,109.64,150249
2026-06-22T15:35:00+00:00,109.67,109.94,109.21,109.285,148860
2026-06-22T15:40:00+00:00,109.32,109.94,109.02,109.52,197006
2026-06-22T15:45:00+00:00,109.57,109.85,108.85,109.07,166877
2026-06-22T15:50:00+00:00,109.12,109.17,108.87,109.04,139265
2026-06-22T15:55:00+00:00,109.035,109.09,108.35,108.665,189579
2026-06-22T16:00:00+00:00,108.7,108.77,108.28,108.365,121214
2026-06-22T16:05:00+00:00,108.35,108.57,108.19,108.45,156810
2026-06-22T16:10:00+00:00,108.45,108.52,107.9,107.9,209172
2026-06-22T16:15:00+00:00,107.89,107.92,107.3,107.62,245772
2026-06-22T16:20:00+00:00,107.65,107.86,107.12,107.349,140077
2026-06-22T16:25:00+00:00,107.295,107.3,106.67,107.055,221868
2026-06-22T16:30:00+00:00,107.07,107.08,106.61,106.955,208163
2026-06-22T16:35:00+00:00,106.88,107.0,106.64,106.94,174340
2026-06-22T16:40:00+00:00,106.96,107.09,106.71,106.895,110726
2026-06-22T16:45:00+00:00,106.92,107.65,106.73,107.54,234331
2026-06-22T16:50:00+00:00,107.54,108.13,107.45,107.865,185501
2026-06-22T16:55:00+00:00,107.91,108.31,107.88,108.2,148752
2026-06-22T17:00:00+00:00,108.26,108.6,108.1,108.575,118320
2026-06-22T17:05:00+00:00,108.57,108.87,108.26,108.555,236945
2026-06-22T17:10:00+00:00,108.54,109.38,108.5,109.25,184137
2026-06-22T17:15:00+00:00,109.28,109.89,109.19,109.86,263890
2026-06-22T17:20:00+00:00,109.9,109.98,109.48,109.69,172414
2026-06-22T17:25:00+00:00,109.72,110.34,109.72,110.23,200238
2026-06-22T17:30:00+00:00,110.23,110.57,110.12,110.28,182940
2026-06-22T17:35:00+00:00,110.275,110.47,109.94,110.305,132018
2026-06-22T17:40:00+00:00,110.32,110.97,110.24,110.705,139959
2026-06-22T17:45:00+00:00,110.72,111.18,110.62,111.145,128264
2026-06-22T17:50:00+00:00,111.12,111.43,111.12,111.27,178809
2026-06-22T17:55:00+00:00,111.29,111.64,111.22,111.52,146263
2026-06-22T18:00:00+00:00,111.578,111.85,111.485,111.7,153688
2026-06-22T18:05:00+00:00,111.69,111.95,111.31,111.38,153869
2026-06-22T18:10:00+00:00,111.38,111.95,111.29,111.905,86592
2026-06-22T18:15:00+00:00,111.87,112.2,111.675,112.079,149013
2026-06-22T18:20:00+00:00,112.07,112.86,112.035,112.859,214048
2026-06-22T18:25:00+00:00,112.86,112.96,112.01,112.099,204861
2026-06-22T18:30:00+00:00,112.1,112.929,112.055,112.735,156815
2026-06-22T18:35:00+00:00,112.76,112.9,112.43,112.5,120521
2026-06-22T18:40:00+00:00,112.49,112.7,112.12,112.18,142811
2026-06-22T18:45:00+00:00,112.19,112.25,111.8,111.97,159825
2026-06-22T18:50:00+00:00,111.99,112.0,111.41,111.68,188847
2026-06-22T18:55:00+00:00,111.625,111.7,111.06,111.14,93626
2026-06-22T19:00:00+00:00,111.145,111.85,111.035,111.65,151514
2026-06-22T19:05:00+00:00,111.65,111.69,110.54,110.55,142618
2026-06-22T19:10:00+00:00,110.58,110.76,110.33,110.555,111883
2026-06-22T19:15:00+00:00,110.6,111.02,110.42,110.86,104464
2026-06-22T19:20:00+00:00,110.865,110.98,110.585,110.61,122833
2026-06-22T19:25:00+00:00,110.59,110.69,110.32,110.38,154315
2026-06-22T19:30:00+00:00,110.37,110.932,110.35,110.66,120824
2026-06-22T19:35:00+00:00,110.66,110.66,110.29,110.54,111313
2026-06-22T19:40:00+00:00,110.555,110.72,110.42,110.42,130979
2026-06-22T19:45:00+00:00,110.435,110.77,110.31,110.37,170810
2026-06-22T19:50:00+00:00,110.39,111.0,110.39,110.915,310177
2026-06-22T19:55:00+00:00,110.915,111.7,110.915,111.29,884088
2026-06-22T20:00:00+00:00,111.29,112.6,110.82,111.243,1428230
2026-06-22T20:05:00+00:00,111.24,111.24,110.82,110.869,5066
2026-06-22T20:10:00+00:00,110.9,111.29,110.9,111.11,17590
2026-06-22T20:15:00+00:00,111.11,111.2,110.95,110.95,2330
2026-06-22T20:20:00+00:00,110.99,111.11,110.35,110.35,2815
2026-06-22T20:25:00+00:00,110.46,110.85,110.26,110.51,1593
2026-06-22T20:30:00+00:00,110.75,110.85,110.5,110.6,5218
2026-06-22T20:35:00+00:00,110.8,110.981,110.6,110.9,2477
2026-06-22T20:40:00+00:00,110.88,111.0,110.85,110.9,1045
2026-06-22T20:45:00+00:00,110.994,111.1,110.85,111.1,2372
2026-06-22T20:50:00+00:00,111.0,111.252,110.6,110.999,2225
2026-06-22T20:55:00+00:00,111.0,111.38,110.89,111.35,12856
2026-06-22T21:00:00+00:00,111.323,111.38,111.28,111.28,4866
2026-06-22T21:05:00+00:00,111.3,111.3,110.513,110.76,2072
2026-06-22T21:10:00+00:00,110.974,111.0,110.609,110.95,2455
2026-06-22T21:15:00+00:00,110.95,111.0,110.55,110.942,593
2026-06-22T21:20:00+00:00,110.911,111.0,110.55,110.8,1194
2026-06-22T21:25:00+00:00,110.9,110.95,110.55,110.94,1185
2026-06-22T21:30:00+00:00,110.94,110.95,110.75,110.87,507
2026-06-22T21:35:00+00:00,110.95,111.2,110.75,111.0,4065
2026-06-22T21:40:00+00:00,111.2,111.39,111.0,111.25,19253
2026-06-22T21:45:00+00:00,111.39,111.39,111.2,111.39,1963
2026-06-22T21:50:00+00:00,111.3,111.3,111.01,111.2,761
2026-06-22T21:55:00+00:00,111.2,111.29,111.01,111.29,3325
2026-06-22T22:00:00+00:00,111.15,111.39,111.15,111.329,118529
2026-06-22T22:05:00+00:00,111.33,111.33,111.2,111.33,1000
2026-06-22T22:10:00+00:00,111.3,111.33,111.2,111.281,1054
2026-06-22T22:15:00+00:00,111.29,111.3,111.17,111.25,1261
2026-06-22T22:20:00+00:00,111.22,111.292,111.2,111.21,858
2026-06-22T22:25:00+00:00,111.25,111.3,111.15,111.15,3139
2026-06-22T22:30:00+00:00,111.3,111.3,111.03,111.2,15913
2026-06-22T22:35:00+00:00,111.174,111.2,110.75,110.78,7652
2026-06-22T22:40:00+00:00,110.84,110.84,110.75,110.79,700
2026-06-22T22:45:00+00:00,110.76,110.9,110.75,110.85,4721
2026-06-22T22:50:00+00:00,110.836,110.85,110.75,110.75,1455
2026-06-22T22:55:00+00:00,110.85,110.85,110.75,110.75,1811
2026-06-22T23:00:00+00:00,110.752,110.76,110.3,110.32,3020
2026-06-22T23:05:00+00:00,110.31,110.38,110.11,110.21,2860
2026-06-22T23:10:00+00:00,110.18,110.35,110.11,110.2,4119
2026-06-22T23:15:00+00:00,110.6,110.6,110.11,110.27,1868
2026-06-22T23:20:00+00:00,110.31,110.35,109.83,110.03,18941
2026-06-22T23:25:00+00:00,110.31,110.31,110.0,110.31,3430
2026-06-22T23:30:00+00:00,110.1,110.31,110.05,110.132,1353
2026-06-22T23:35:00+00:00,110.31,110.31,110.12,110.3,457
2026-06-22T23:40:00+00:00,110.26,110.35,110.16,110.35,324
2026-06-22T23:45:00+00:00,110.35,110.5,110.13,110.24,304
2026-06-22T23:50:00+00:00,110.2,110.416,110.12,110.12,1516
2026-06-22T23:55:00+00:00,110.12,110.4,110.12,110.3,3485
2026-06-23T08:00:00+00:00,105.092,106.63,103.539,105.24,86867
2026-06-23T08:05:00+00:00,105.4,106.95,104.43,105.01,10724
2026-06-23T08:10:00+00:00,105.425,105.425,104.26,104.26,11265
2026-06-23T08:15:00+00:00,104.26,104.48,103.79,104.26,7692
2026-06-23T08:20:00+00:00,104.0,104.02,103.5,103.54,13402
2026-06-23T08:25:00+00:00,103.78,104.26,103.52,103.98,3300
2026-06-23T08:30:00+00:00,103.79,104.332,103.61,103.85,4321
2026-06-23T08:35:00+00:00,104.0,104.28,103.671,104.094,1546
2026-06-23T08:40:00+00:00,104.0,104.45,103.81,104.434,5057
2026-06-23T08:45:00+00:00,103.81,104.429,103.7,103.721,6379
2026-06-23T08:50:00+00:00,103.9,104.45,103.796,104.37,4104
2026-06-23T08:55:00+00:00,104.37,104.45,103.9,104.01,937
2026-06-23T09:00:00+00:00,104.02,104.73,103.9,104.71,16399
2026-06-23T09:05:00+00:00,104.7,104.9,103.9,104.61,1489
2026-06-23T09:10:00+00:00,104.62,105.56,104.6,105.3,7700
2026-06-23T09:15:00+00:00,105.39,105.691,105.05,105.05,662
2026-06-23T09:20:00+00:00,105.4,105.75,105.0,105.75,3171
2026-06-23T09:25:00+00:00,105.85,106.48,105.27,105.89,4295
2026-06-23T09:30:00+00:00,105.88,106.07,105.57,105.82,1890
2026-06-23T09:35:00+00:00,105.0,106.0,105.0,105.7,485
2026-06-23T09:40:00+00:00,105.64,105.755,105.43,105.43,381
2026-06-23T09:45:00+00:00,105.4,105.786,105.25,105.4,1149
2026-06-23T09:50:00+00:00,105.4,105.89,105.4,105.45,226
2026-06-23T09:55:00+00:00,105.45,105.48,105.0,105.072,2084
2026-06-23T10:00:00+00:00,105.36,105.82,105.0,105.82,855
2026-06-23T10:05:00+00:00,105.54,105.82,105.07,105.07,285
2026-06-23T10:10:00+00:00,105.5,105.5,105.0,105.0,928
2026-06-23T10:15:00+00:00,105.0,105.4,105.0,105.4,375
2026-06-23T10:20:00+00:00,105.044,105.4,104.9,104.9,2942
2026-06-23T10:25:00+00:00,104.9,105.0,104.66,104.708,1740
2026-06-23T10:30:00+00:00,104.72,104.8,104.08,104.08,10093
2026-06-23T10:35:00+00:00,104.48,104.48,104.0,104.3,1716
2026-06-23T10:40:00+00:00,104.3,104.4,104.0,104.15,5066
2026-06-23T10:45:00+00:00,104.3,104.904,104.3,104.75,701
2026-06-23T10:50:00+00:00,104.621,105.0,104.51,104.51,5214
2026-06-23T10:55:00+00:00,104.77,104.8,104.51,104.61,1033
2026-06-23T11:00:00+00:00,104.78,105.35,104.51,104.893,32797
2026-06-23T11:05:00+00:00,104.99,105.2,104.62,105.002,16834
2026-06-23T11:10:00+00:00,105.09,105.5,104.7,105.1,11548
2026-06-23T11:15:00+00:00,105.1,105.25,104.7,105.1,4925
2026-06-23T11:20:00+00:00,105.218,105.5,104.85,105.2,8673
2026-06-23T11:25:00+00:00,105.22,105.25,104.85,105.0,4103
2026-06-23T11:30:00+00:00,104.994,105.25,104.75,105.25,7067
2026-06-23T11:35:00+00:00,105.11,105.48,104.84,105.35,4642
2026-06-23T11:40:00+00:00,105.26,105.44,105.0,105.3,6924
2026-06-23T11:45:00+00:00,105.3,105.4,104.8,104.99,9171
2026-06-23T11:50:00+00:00,104.99,105.0,104.51,104.889,8008
2026-06-23T11:55:00+00:00,104.89,105.1,104.7,104.91,17591
2026-06-23T12:00:00+00:00,104.761,105.158,104.716,104.88,22520
2026-06-23T12:05:00+00:00,104.932,105.21,104.9,105.029,14673
2026-06-23T12:10:00+00:00,105.01,105.26,103.99,104.4,22286
2026-06-23T12:15:00+00:00,104.0,104.5,103.89,104.5,17225
2026-06-23T12:20:00+00:00,104.2,104.34,102.84,103.66,57941
2026-06-23T12:25:00+00:00,103.5,103.768,102.2,102.84,33040
2026-06-23T12:30:00+00:00,102.8,103.1,102.25,102.62,16909
2026-06-23T12:35:00+00:00,102.82,103.89,102.3,102.71,33381
2026-06-23T12:40:00+00:00,103.0,103.71,102.69,103.1,11093
2026-06-23T12:45:00+00:00,103.51,103.55,102.9,103.21,10865
2026-06-23T12:50:00+00:00,103.24,103.5,102.62,103.0,13176
2026-06-23T12:55:00+00:00,102.68,103.5,102.669,103.4,10772
2026-06-23T13:00:00+00:00,103.54,103.6,102.76,102.76,23520
2026-06-23T13:05:00+00:00,102.99,103.0,102.5,102.659,16996
2026-06-23T13:10:00+00:00,102.58,103.14,102.3,102.75,45534
2026-06-23T13:15:00+00:00,102.92,103.0,102.62,102.7,11711
2026-06-23T13:20:00+00:00,102.89,103.48,102.682,103.0,11640
2026-06-23T13:25:00+00:00,103.0,103.7,101.85,102.8,26848
2026-06-23T13:30:00+00:00,102.925,104.1,101.96,103.92,794469
2026-06-23T13:35:00+00:00,103.92,105.18,103.5,105.03,483953
2026-06-23T13:40:00+00:00,104.93,105.88,104.845,105.73,543379
2026-06-23T13:45:00+00:00,105.765,106.76,105.59,106.385,433014
2026-06-23T13:50:00+00:00,106.48,107.29,106.42,106.895,377107
2026-06-23T13:55:00+00:00,106.895,108.405,106.51,108.395,313380
2026-06-23T14:00:00+00:00,108.4,109.68,108.36,109.645,388088
2026-06-23T14:05:00+00:00,109.61,110.15,109.205,109.925,340631
2026-06-23T14:10:00+00:00,109.92,110.965,109.45,110.96,360677
2026-06-23T14:15:00+00:00,110.989,111.61,110.3,110.42,378188
2026-06-23T14:20:00+00:00,110.385,110.83,109.94,110.24,321128
2026-06-23T14:25:00+00:00,110.29,110.88,109.88,110.84,268493
2026-06-23T14:30:00+00:00,110.81,111.3,110.61,110.76,250039
2026-06-23T14:35:00+00:00,110.805,112.01,110.73,111.645,349204
2026-06-23T14:40:00+00:00,111.68,111.765,109.27,109.5,302186
2026-06-23T14:45:00+00:00,109.53,109.64,108.39,108.9,281199
2026-06-23T14:50:00+00:00,108.9,109.4,107.86,108.13,205463
2026-06-23T14:55:00+00:00,108.09,108.71,107.93,108.23,184712
2026-06-23T15:00:00+00:00,108.255,108.52,107.42,107.545,203418
2026-06-23T15:05:00+00:00,107.58,107.673,106.89,106.915,167446
2026-06-23T15:10:00+00:00,106.93,107.12,106.35,106.55,186020
2026-06-23T15:15:00+00:00,106.48,106.515,105.7,105.775,220279
2026-06-23T15:20:00+00:00,105.756,106.44,105.38,105.72,232692
2026-06-23T15:25:00+00:00,105.73,106.26,105.55,105.99,211869
2026-06-23T15:30:00+00:00,106.02,106.5,105.92,106.12,153901
2026-06-23T15:35:00+00:00,106.11,106.555,105.562,105.84,284221
2026-06-23T15:40:00+00:00,105.795,106.04,105.51,105.75,128905
2026-06-23T15:45:00+00:00,105.77,105.91,105.42,105.53,105932
2026-06-23T15:50:00+00:00,105.535,106.41,105.45,106.17,127765
2026-06-23T15:55:00+00:00,106.14,106.66,105.97,106.335,166888
2026-06-23T16:00:00+00:00,106.345,107.5,106.27,107.365,265130
2026-06-23T16:05:00+00:00,107.34,107.63,107.29,107.56,150847
2026-06-23T16:10:00+00:00,107.59,108.48,107.59,108.01,195663
2026-06-23T16:15:00+00:00,108.035,108.08,107.33,107.37,180882
2026-06-23T16:20:00+00:00,107.35,107.83,107.14,107.67,105555
2026-06-23T16:25:00+00:00,107.665,107.76,105.85,107.38,90914
2026-06-23T16:30:00+00:00,107.38,107.4,106.9,106.965,103844
2026-06-23T16:35:00+00:00,106.97,107.08,106.8,107.035,79173
2026-06-23T16:40:00+00:00,107.04,107.4,106.96,107.25,127385
2026-06-23T16:45:00+00:00,107.23,107.285,106.715,107.01,98798
2026-06-23T16:50:00+00:00,106.99,107.05,106.73,107.02,86523
2026-06-23T16:55:00+00:00,107.015,107.21,106.9,107.015,55534
2026-06-23T17:00:00+00:00,107.0,107.1,106.72,106.86,78492
2026-06-23T17:05:00+00:00,106.88,106.99,106.61,106.87,64167
2026-06-23T17:10:00+00:00,106.831,107.48,106.83,107.17,81240
2026-06-23T17:15:00+00:00,107.165,107.41,107.14,107.25,44761
2026-06-23T17:20:00+00:00,107.28,107.84,107.16,107.635,63483
2026-06-23T17:25:00+00:00,107.65,108.35,107.59,108.295,103353
2026-06-23T17:30:00+00:00,108.295,108.295,107.83,108.05,70168
2026-06-23T17:35:00+00:00,108.08,108.23,107.84,107.99,55172
2026-06-23T17:40:00+00:00,107.96,108.04,107.71,107.73,78639
2026-06-23T17:45:00+00:00,107.73,107.85,107.41,107.59,82116
2026-06-23T17:50:00+00:00,107.6,107.6,106.92,106.94,66578
2026-06-23T17:55:00+00:00,106.9,106.96,106.51,106.625,80589
2026-06-23T18:00:00+00:00,106.62,107.07,106.59,106.655,93462
2026-06-23T18:05:00+00:00,106.655,106.74,106.08,106.27,152199
2026-06-23T18:10:00+00:00,106.34,106.59,106.32,106.465,46050
2026-06-23T18:15:00+00:00,106.5,106.645,106.38,106.52,64485
2026-06-23T18:20:00+00:00,106.515,106.85,106.35,106.61,50102
2026-06-23T18:25:00+00:00,106.58,106.61,106.27,106.31,64090
2026-06-23T18:30:00+00:00,106.27,106.44,106.0,106.22,102412
2026-06-23T18:35:00+00:00,106.25,106.29,105.68,105.69,120706
2026-06-23T18:40:00+00:00,105.695,105.715,105.28,105.31,113198
2026-06-23T18:45:00+00:00,105.37,105.39,104.625,104.815,217973
2026-06-23T18:50:00+00:00,104.81,105.23,104.5,104.91,141777
2026-06-23T18:55:00+00:00,104.88,105.14,104.711,105.03,127459
2026-06-23T19:00:00+00:00,105.01,105.6,104.92,105.49,106014
2026-06-23T19:05:00+00:00,105.545,105.86,104.82,105.11,126166
2026-06-23T19:10:00+00:00,105.09,105.42,104.98,105.305,84818
2026-06-23T19:15:00+00:00,105.3,105.51,105.17,105.25,75339
2026-06-23T19:20:00+00:00,105.235,105.79,105.03,105.475,113683
2026-06-23T19:25:00+00:00,105.465,105.73,105.25,105.6,127527
2026-06-23T19:30:00+00:00,105.6,105.79,105.19,105.63,126967
2026-06-23T19:35:00+00:00,105.64,106.0,105.461,105.86,138774
2026-06-23T19:40:00+00:00,105.905,106.03,105.5,105.5,138204
2026-06-23T19:45:00+00:00,105.57,105.69,105.05,105.35,141029
2026-06-23T19:50:00+00:00,105.36,106.08,105.36,105.95,322996
2026-06-23T19:55:00+00:00,105.935,106.29,105.67,105.72,701611
2026-06-23T20:00:00+00:00,105.72,106.4,105.25,105.25,373482
2026-06-23T20:05:00+00:00,105.3,106.0,105.1,105.9,9411
2026-06-23T20:10:00+00:00,105.734,106.1,105.58,105.73,10217
2026-06-23T20:15:00+00:00,106.1,106.1,105.72,105.99,2441
2026-06-23T20:20:00+00:00,106.05,106.1,105.57,105.81,22506
2026-06-23T20:25:00+00:00,105.94,106.07,105.58,106.07,49841
2026-06-23T20:30:00+00:00,105.935,106.05,105.57,105.76,487
2026-06-23T20:35:00+00:00,105.9,105.99,105.8,105.89,1005
2026-06-23T20:40:00+00:00,105.89,105.97,105.8,105.88,1629
2026-06-23T20:45:00+00:00,105.927,105.97,105.0,105.41,20363
2026-06-23T20:50:00+00:00,105.435,105.51,105.0,105.51,309
2026-06-23T20:55:00+00:00,105.15,105.89,105.15,105.7,8615
2026-06-23T21:00:00+00:00,105.6,105.9,105.52,105.7,5084
2026-06-23T21:05:00+00:00,105.88,105.95,105.732,105.89,10962
2026-06-23T21:10:00+00:00,105.9,105.9,105.71,105.72,837
2026-06-23T21:15:00+00:00,105.72,105.85,105.7,105.75,413
2026-06-23T21:20:00+00:00,105.72,105.8,105.42,105.65,1765
2026-06-23T21:25:00+00:00,105.792,105.85,105.4,105.78,601
2026-06-23T21:30:00+00:00,105.75,105.79,105.558,105.567,250
2026-06-23T21:35:00+00:00,105.602,105.9,105.6,105.9,64431
2026-06-23T21:40:00+00:00,105.89,105.9,105.5,105.75,939
2026-06-23T21:45:00+00:00,105.87,106.0,105.751,105.933,3774
2026-06-23T21:50:00+00:00,105.981,106.0,105.85,105.85,1017
2026-06-23T21:55:00+00:00,105.85,105.99,105.85,105.979,1124
2026-06-23T22:00:00+00:00,105.87,105.956,105.7,105.94,11030
2026-06-23T22:05:00+00:00,105.78,105.94,105.78,105.799,282
2026-06-23T22:10:00+00:00,105.7,106.3,105.7,106.3,6115
2026-06-23T22:15:00+00:00,106.2,106.3,106.02,106.21,4053
2026-06-23T22:20:00+00:00,106.25,106.3,105.55,105.94,7650
2026-06-23T22:25:00+00:00,105.94,105.94,105.51,105.8,1631
2026-06-23T22:30:00+00:00,105.798,105.94,105.5,105.5,6639
2026-06-23T22:35:00+00:00,105.5,105.65,105.4,105.55,1705
2026-06-23T22:40:00+00:00,105.55,105.65,105.27,105.3,1603
2026-06-23T22:45:00+00:00,105.7,105.7,105.3,105.41,221
2026-06-23T22:50:00+00:00,105.5,105.59,105.33,105.54,1535
2026-06-23T22:55:00+00:00,105.55,105.7,105.4,105.53,4395
2026-06-23T23:00:00+00:00,105.65,105.8,105.43,105.64,553
2026-06-23T23:05:00+00:00,105.5,105.74,105.0,105.1,9374
2026-06-23T23:10:00+00:00,105.2,105.39,105.0,105.38,8208
2026-06-23T23:15:00+00:00,105.31,105.58,105.0,105.222,382
2026-06-23T23:20:00+00:00,105.23,105.58,105.1,105.58,4826
2026-06-23T23:25:00+00:00,105.58,105.58,105.26,105.26,3427
2026-06-23T23:30:00+00:00,105.457,105.51,105.245,105.25,925
2026-06-23T23:35:00+00:00,105.217,105.5,105.217,105.25,2505
2026-06-23T23:40:00+00:00,105.25,105.5,105.15,105.35,525
2026-06-23T23:45:00+00:00,105.38,105.58,105.15,105.56,3209
2026-06-23T23:50:00+00:00,105.54,105.58,105.4,105.56,2489
2026-06-23T23:55:00+00:00,105.53,105.931,105.4,105.836,1108
2026-06-24T08:00:00+00:00,106.2,107.07,105.9,107.07,13815
2026-06-24T08:05:00+00:00,107.04,107.256,106.02,107.06,3070
2026-06-24T08:10:00+00:00,106.92,107.0,106.9,106.92,5206
2026-06-24T08:15:00+00:00,107.33,107.33,107.2,107.3,362
2026-06-24T08:20:00+00:00,107.289,107.3,106.959,107.229,612
2026-06-24T08:25:00+00:00,107.23,107.3,107.0,107.03,790
2026-06-24T08:30:00+00:00,107.22,107.3,107.016,107.3,1415
2026-06-24T08:35:00+00:00,107.1,107.1,106.57,106.7,7458
2026-06-24T08:40:00+00:00,106.7,106.91,106.36,106.86,13280
2026-06-24T08:45:00+00:00,106.7,106.79,106.61,106.69,248
2026-06-24T08:50:00+00:00,106.65,106.65,106.58,106.6,56
2026-06-24T08:55:00+00:00,106.6,106.99,106.6,106.81,41
2026-06-24T09:00:00+00:00,106.8,107.222,106.45,106.45,942
2026-06-24T09:05:00+00:00,106.349,106.99,106.31,106.63,419
2026-06-24T09:10:00+00:00,106.63,106.99,106.63,106.98,1436
2026-06-24T09:15:00+00:00,106.78,106.78,106.5,106.71,1137
2026-06-24T09:20:00+00:00,106.75,106.77,106.49,106.49,19
2026-06-24T09:25:00+00:00,106.71,106.954,106.64,106.64,180
2026-06-24T09:30:00+00:00,106.67,106.976,106.48,106.79,1286
2026-06-24T09:35:00+00:00,106.79,106.79,106.4,106.692,60
2026-06-24T09:40:00+00:00,106.51,106.76,106.31,106.76,413
2026-06-24T09:45:00+00:00,106.66,106.66,106.56,106.56,62
2026-06-24T09:50:00+00:00,106.66,106.782,106.33,106.41,245
2026-06-24T09:55:00+00:00,106.6,106.8,106.42,106.68,1037
2026-06-24T10:00:00+00:00,106.47,106.68,106.405,106.663,765
2026-06-24T10:05:00+00:00,106.54,106.67,106.5,106.5,2038
2026-06-24T10:10:00+00:00,106.696,106.696,106.42,106.45,1010
2026-06-24T10:15:00+00:00,106.6,106.76,106.6,106.76,119
2026-06-24T10:20:00+00:00,106.51,106.693,106.5,106.51,39
2026-06-24T10:25:00+00:00,106.51,106.55,106.51,106.55,55
2026-06-24T10:30:00+00:00,106.55,106.6,106.428,106.44,89
2026-06-24T10:35:00+00:00,106.76,106.76,106.419,106.46,425
2026-06-24T10:40:00+00:00,106.41,106.76,106.41,106.698,71
2026-06-24T10:45:00+00:00,106.57,106.723,106.4,106.4,887
2026-06-24T10:50:00+00:00,106.39,106.39,106.34,106.34,124
2026-06-24T10:55:00+00:00,106.43,106.76,106.3,106.55,432
2026-06-24T11:00:00+00:00,106.42,106.76,106.4,106.45,1262
2026-06-24T11:05:00+00:00,106.5,106.72,106.2,106.25,3446
2026-06-24T11:10:00+00:00,106.21,106.7,106.11,106.384,2231
2026-06-24T11:15:00+00:00,106.4,106.7,106.1,106.1,886
2026-06-24T11:20:00+00:00,106.07,106.7,106.02,106.26,8252
2026-06-24T11:25:00+00:00,106.26,106.67,106.04,106.189,1784
2026-06-24T11:30:00+00:00,106.22,106.5,106.22,106.49,698
2026-06-24T11:35:00+00:00,106.38,106.67,106.28,106.468,2529
2026-06-24T11:40:00+00:00,106.628,106.628,106.2,106.39,4821
2026-06-24T11:45:00+00:00,106.39,106.8,106.3,106.75,6931
2026-06-24T11:50:00+00:00,106.72,106.79,106.62,106.761,2938
2026-06-24T11:55:00+00:00,106.76,106.76,106.5,106.71,2215
2026-06-24T12:00:00+00:00,106.68,106.76,106.51,106.51,2338
2026-06-24T12:05:00+00:00,106.69,106.69,106.51,106.523,2100
2026-06-24T12:10:00+00:00,106.52,106.69,106.51,106.61,1321
2026-06-24T12:15:00+00:00,106.532,106.8,106.51,106.79,944
2026-06-24T12:20:00+00:00,106.65,106.8,106.57,106.688,2186
2026-06-24T12:25:00+00:00,106.68,106.8,106.34,106.35,11816
2026-06-24T12:30:00+00:00,106.465,106.78,106.1,106.38,7468
2026-06-24T12:35:00+00:00,106.21,106.3,105.8,105.9,17561
2026-06-24T12:40:00+00:00,105.8,106.34,105.75,105.85,8697
2026-06-24T12:45:00+00:00,105.91,106.0,105.2,105.52,10385
2026-06-24T12:50:00+00:00,105.46,105.92,104.8,105.15,10579
2026-06-24T12:55:00+00:00,105.157,105.21,104.63,104.93,4152
2026-06-24T13:00:00+00:00,104.97,105.17,104.28,104.47,4558
2026-06-24T13:05:00+00:00,104.55,104.75,104.28,104.28,8293
2026-06-24T13:10:00+00:00,104.44,104.67,104.25,104.332,13719
2026-06-24T13:15:00+00:00,104.4,104.67,104.3,104.67,8333
2026-06-24T13:20:00+00:00,104.67,105.0,104.35,104.98,5408
2026-06-24T13:25:00+00:00,104.64,105.21,103.2,103.55,16454
2026-06-24T13:30:00+00:00,103.575,104.54,102.45,103.415,342935
2026-06-24T13:35:00+00:00,103.358,104.38,102.76,102.91,295356
2026-06-24T13:40:00+00:00,102.98,103.03,100.5,100.655,643202
2026-06-24T13:45:00+00:00,100.655,102.15,100.56,101.68,465983
2026-06-24T13:50:00+00:00,101.693,103.24,101.65,103.055,334590
2026-06-24T13:55:00+00:00,103.055,103.055,101.95,102.88,239773
2026-06-24T14:00:00+00:00,102.91,102.935,101.95,102.235,207911
2026-06-24T14:05:00+00:00,102.15,103.374,102.15,103.28,286654
2026-06-24T14:10:00+00:00,103.274,103.88,102.4,102.83,216493
2026-06-24T14:15:00+00:00,102.83,102.98,100.61,100.705,299199
2026-06-24T14:20:00+00:00,100.715,102.43,100.13,102.265,393030
2026-06-24T14:25:00+00:00,102.265,102.48,101.5,102.2,192750
2026-06-24T14:30:00+00:00,102.24,102.97,102.199,102.885,137214
2026-06-24T14:35:00+00:00,102.88,103.35,102.54,102.6,135971
2026-06-24T14:40:00+00:00,102.61,102.66,101.868,102.54,180398
2026-06-24T14:45:00+00:00,102.49,103.08,102.2,102.58,110908
2026-06-24T14:50:00+00:00,102.64,103.08,102.42,102.635,81343
2026-06-24T14:55:00+00:00,102.63,103.4,102.14,103.325,157784
2026-06-24T15:00:00+00:00,103.32,103.55,102.85,102.925,171159
2026-06-24T15:05:00+00:00,102.925,103.34,101.92,102.723,199565
2026-06-24T15:10:00+00:00,102.78,103.11,102.51,102.905,126372
2026-06-24T15:15:00+00:00,102.98,103.27,102.64,102.97,149203
2026-06-24T15:20:00+00:00,103.0,103.23,102.35,102.49,153990
2026-06-24T15:25:00+00:00,102.5,103.3,102.31,103.3,130075
2026-06-24T15:30:00+00:00,103.3,103.55,102.94,103.2,93451
2026-06-24T15:35:00+00:00,103.185,103.48,102.87,102.99,84457
2026-06-24T15:40:00+00:00,103.03,103.045,102.66,102.85,87511
2026-06-24T15:45:00+00:00,102.891,102.97,102.4,102.86,121249
2026-06-24T15:50:00+00:00,102.91,103.28,102.84,103.1,96584
2026-06-24T15:55:00+00:00,103.08,103.27,102.3,102.525,127837
2026-06-24T16:00:00+00:00,102.405,102.87,102.18,102.311,85050
2026-06-24T16:05:00+00:00,102.32,102.36,101.78,101.935,199798
2026-06-24T16:10:00+00:00,101.875,102.13,101.6,102.11,103385
2026-06-24T16:15:00+00:00,102.13,102.13,101.76,101.97,62321
2026-06-24T16:20:00+00:00,101.955,102.43,101.75,102.395,63146
2026-06-24T16:25:00+00:00,102.395,102.41,101.943,101.943,57494
2026-06-24T16:30:00+00:00,101.94,102.0,101.42,101.94,101291
2026-06-24T16:35:00+00:00,101.96,102.08,101.25,101.33,102983
2026-06-24T16:40:00+00:00,101.305,101.56,101.14,101.505,130314
2026-06-24T16:45:00+00:00,101.525,101.525,101.2,101.24,118722
2026-06-24T16:50:00+00:00,101.215,101.485,101.12,101.135,62967
2026-06-24T16:55:00+00:00,101.15,101.23,100.88,100.941,109397
2026-06-24T17:00:00+00:00,100.955,101.45,100.85,101.35,70479
2026-06-24T17:05:00+00:00,101.32,101.37,100.55,100.73,106595
2026-06-24T17:10:00+00:00,100.77,100.89,100.58,100.81,60887
2026-06-24T17:15:00+00:00,100.79,100.94,100.27,100.5,214095
2026-06-24T17:20:00+00:00,100.5,100.61,100.0,100.36,233971
2026-06-24T17:25:00+00:00,100.42,100.5,99.9,99.935,430527
2026-06-24T17:30:00+00:00,99.95,100.09,99.39,99.82,348728
2026-06-24T17:35:00+00:00,99.81,100.15,99.51,99.76,243456
2026-06-24T17:40:00+00:00,99.78,99.95,99.5,99.53,152635
2026-06-24T17:45:00+00:00,99.58,99.946,99.34,99.87,171571
2026-06-24T17:50:00+00:00,99.83,99.96,99.48,99.65,91966
2026-06-24T17:55:00+00:00,99.66,99.99,99.19,99.33,116140
2026-06-24T18:00:00+00:00,99.36,99.65,99.13,99.2,102790
2026-06-24T18:05:00+00:00,99.22,99.67,99.15,99.605,118861
2026-06-24T18:10:00+00:00,99.59,100.105,99.55,100.05,101969
2026-06-24T18:15:00+00:00,100.03,100.805,100.03,100.76,196780
2026-06-24T18:20:00+00:00,100.76,101.34,100.675,101.34,134881
2026-06-24T18:25:00+00:00,101.33,101.64,101.19,101.265,119080
2026-06-24T18:30:00+00:00,101.28,101.39,100.62,100.69,105287
2026-06-24T18:35:00+00:00,100.72,100.72,100.13,100.35,95555
2026-06-24T18:40:00+00:00,100.35,100.38,99.91,100.29,99447
2026-06-24T18:45:00+00:00,100.23,100.23,99.46,99.68,465521
2026-06-24T18:50:00+00:00,99.625,99.76,99.22,99.415,133386
2026-06-24T18:55:00+00:00,99.375,99.55,98.85,98.95,179568
2026-06-24T19:00:00+00:00,98.97,99.4,98.54,99.35,183321
2026-06-24T19:05:00+00:00,99.27,99.27,98.28,98.55,199397
2026-06-24T19:10:00+00:00,98.51,98.82,98.253,98.75,116946
2026-06-24T19:15:00+00:00,98.785,99.12,98.475,99.055,144469
2026-06-24T19:20:00+00:00,99.04,99.565,98.85,99.565,235282
2026-06-24T19:25:00+00:00,99.54,99.95,99.4,99.82,183249
2026-06-24T19:30:00+00:00,99.8,100.04,99.62,99.77,161772
2026-06-24T19:35:00+00:00,99.74,100.19,99.64,100.08,121857
2026-06-24T19:40:00+00:00,100.09,100.19,99.53,99.72,133524
2026-06-24T19:45:00+00:00,99.73,100.22,99.635,100.19,155794
2026-06-24T19:50:00+00:00,100.168,101.25,100.07,101.21,282644
2026-06-24T19:55:00+00:00,101.15,101.19,100.65,100.88,668102
2026-06-24T20:00:00+00:00,100.88,102.0,100.6,101.78,125688
2026-06-24T20:05:00+00:00,101.686,103.41,101.59,103.15,61288
2026-06-24T20:10:00+00:00,102.95,103.15,102.0,102.745,45511
2026-06-24T20:15:00+00:00,102.929,102.94,102.1,102.74,16455
2026-06-24T20:20:00+00:00,102.8,104.0,102.6,103.82,44969
2026-06-24T20:25:00+00:00,103.86,104.34,103.14,103.77,50730
2026-06-24T20:30:00+00:00,103.88,103.968,103.35,103.4,31629
2026-06-24T20:35:00+00:00,103.4,104.65,103.4,104.57,22206
2026-06-24T20:40:00+00:00,104.52,104.61,104.0,104.4,163100
2026-06-24T20:45:00+00:00,104.11,105.92,103.9,105.79,57760
2026-06-24T20:50:00+00:00,105.82,105.82,104.02,104.51,38780
2026-06-24T20:55:00+00:00,104.5,104.67,103.63,104.06,32925
2026-06-24T21:00:00+00:00,103.63,104.53,103.63,104.07,24488
2026-06-24T21:05:00+00:00,104.28,104.28,103.85,104.15,13711
2026-06-24T21:10:00+00:00,104.117,104.25,103.52,103.52,15718
2026-06-24T21:15:00+00:00,103.5,103.75,103.37,103.606,25553
2026-06-24T21:20:00+00:00,103.7,103.75,103.3,103.75,8167
2026-06-24T21:25:00+00:00,103.5,104.25,103.5,104.25,6865
2026-06-24T21:30:00+00:00,104.27,104.36,103.6,104.0,5661
2026-06-24T21:35:00+00:00,103.874,104.0,103.6,103.9,9505
2026-06-24T21:40:00+00:00,103.9,104.85,103.9,104.836,146701
2026-06-24T21:45:00+00:00,104.829,104.829,104.0,104.7,13904
2026-06-24T21:50:00+00:00,104.68,104.77,104.051,104.11,8543
2026-06-24T21:55:00+00:00,104.19,104.5,104.03,104.45,4197
2026-06-24T22:00:00+00:00,104.3,104.45,104.1,104.38,6895
2026-06-24T22:05:00+00:00,104.25,104.4,104.1,104.26,3200
2026-06-24T22:10:00+00:00,104.387,104.87,104.3,104.65,8475
2026-06-24T22:15:00+00:00,104.5,104.6,104.3,104.6,7086
2026-06-24T22:20:00+00:00,104.6,104.9,104.41,104.6,6810
2026-06-24T22:25:00+00:00,104.7,104.75,104.6,104.65,10206
2026-06-24T22:30:00+00:00,104.62,104.83,104.552,104.8,1367
2026-06-24T22:35:00+00:00,104.91,104.91,104.6,104.7,1311
2026-06-24T22:40:00+00:00,104.79,104.81,104.5,104.6,2217
2026-06-24T22:45:00+00:00,104.525,104.67,104.45,104.59,3148
2026-06-24T22:50:00+00:00,104.7,104.79,104.42,104.76,6385
2026-06-24T22:55:00+00:00,104.76,104.78,104.5,104.72,1094
2026-06-24T23:00:00+00:00,104.71,104.77,104.5,104.57,2224
2026-06-24T23:05:00+00:00,104.601,104.73,104.601,104.63,627
2026-06-24T23:10:00+00:00,104.63,104.71,104.42,104.55,2934
2026-06-24T23:15:00+00:00,104.55,104.79,104.43,104.64,9061
2026-06-24T23:20:00+00:00,104.549,104.75,104.54,104.65,1772
2026-06-24T23:25:00+00:00,104.718,104.72,104.65,104.71,1924
2026-06-24T23:30:00+00:00,104.7,104.98,104.69,104.85,7151
2026-06-24T23:35:00+00:00,104.9,104.98,104.7,104.96,1912
2026-06-24T23:40:00+00:00,104.99,105.15,104.86,105.13,15864
2026-06-24T23:45:00+00:00,105.05,105.25,105.0,105.09,3448
2026-06-24T23:50:00+00:00,105.19,105.25,104.7,105.07,3511
2026-06-24T23:55:00+00:00,105.0,105.2,105.0,105.139,5327
2026-06-25T08:00:00+00:00,105.19,105.19,104.0,104.79,23449
2026-06-25T08:05:00+00:00,104.82,105.0,104.27,104.95,7481
2026-06-25T08:10:00+00:00,104.95,105.0,104.56,104.9,931
2026-06-25T08:15:00+00:00,104.56,104.7,104.379,104.64,1668
2026-06-25T08:20:00+00:00,104.52,105.01,104.421,105.01,7936
2026-06-25T08:25:00+00:00,105.0,105.09,104.571,104.92,558
2026-06-25T08:30:00+00:00,104.76,105.0,104.76,104.77,1890
2026-06-25T08:35:00+00:00,104.68,104.99,104.55,104.55,1193
2026-06-25T08:40:00+00:00,104.8,104.971,104.42,104.43,919
2026-06-25T08:45:00+00:00,104.46,104.68,104.35,104.5,1905
2026-06-25T08:50:00+00:00,104.314,104.53,104.23,104.53,1488
2026-06-25T08:55:00+00:00,104.53,104.58,104.35,104.58,1545
2026-06-25T09:00:00+00:00,104.35,104.52,104.35,104.52,502
2026-06-25T09:05:00+00:00,104.52,104.6,104.45,104.48,576
2026-06-25T09:10:00+00:00,104.53,104.84,104.51,104.7,8894
2026-06-25T09:15:00+00:00,104.7,104.831,104.47,104.6,8624
2026-06-25T09:20:00+00:00,104.7,104.78,104.53,104.71,272
2026-06-25T09:25:00+00:00,104.51,104.72,104.51,104.68,217
2026-06-25T09:30:00+00:00,104.6,104.77,104.6,104.7,7372
2026-06-25T09:35:00+00:00,104.7,104.9,104.69,104.79,3875
2026-06-25T09:40:00+00:00,104.95,104.95,104.71,104.79,225
2026-06-25T09:45:00+00:00,104.79,104.795,104.6,104.77,3018
2026-06-25T09:50:00+00:00,104.73,104.74,104.61,104.74,43
2026-06-25T09:55:00+00:00,104.76,104.76,104.45,104.5,320
2026-06-25T10:00:00+00:00,104.447,104.45,104.4,104.44,6289
2026-06-25T10:05:00+00:00,104.4,104.45,104.36,104.4,343
2026-06-25T10:10:00+00:00,104.407,104.72,104.407,104.51,154
2026-06-25T10:15:00+00:00,104.5,104.7,104.5,104.7,58
2026-06-25T10:20:00+00:00,104.65,104.65,104.4,104.65,349
2026-06-25T10:25:00+00:00,104.67,104.79,104.55,104.67,1128
2026-06-25T10:30:00+00:00,104.78,104.78,104.556,104.66,1147
2026-06-25T10:35:00+00:00,104.7,104.749,104.55,104.58,1585
2026-06-25T10:40:00+00:00,104.56,104.749,104.312,104.72,827
2026-06-25T10:45:00+00:00,104.7,104.725,104.466,104.471,1862
2026-06-25T10:50:00+00:00,104.55,104.82,104.45,104.71,8854
2026-06-25T10:55:00+00:00,104.881,104.881,104.55,104.61,460
2026-06-25T11:00:00+00:00,104.89,105.35,104.61,105.35,22311
2026-06-25T11:05:00+00:00,105.11,105.349,105.0,105.19,3723
2026-06-25T11:10:00+00:00,105.11,105.35,105.0,105.15,2090
2026-06-25T11:15:00+00:00,105.01,105.34,105.01,105.24,4770
2026-06-25T11:20:00+00:00,105.24,105.24,104.71,104.76,12203
2026-06-25T11:25:00+00:00,104.85,104.98,104.6,104.9,928
2026-06-25T11:30:00+00:00,104.95,105.0,104.6,104.9,9071
2026-06-25T11:35:00+00:00,104.821,105.2,104.821,105.08,1992
2026-06-25T11:40:00+00:00,105.16,105.2,104.95,105.022,2210
2026-06-25T11:45:00+00:00,105.01,105.15,105.01,105.052,5130
2026-06-25T11:50:00+00:00,105.1,105.15,105.0,105.07,6703
2026-06-25T11:55:00+00:00,105.0,105.15,104.9,105.122,4049
2026-06-25T12:00:00+00:00,105.14,105.2,105.0,105.15,128073
2026-06-25T12:05:00+00:00,105.136,105.2,104.92,105.15,8283
2026-06-25T12:10:00+00:00,105.141,105.15,104.78,104.81,3627
2026-06-25T12:15:00+00:00,104.9,105.0,104.699,104.9,3199
2026-06-25T12:20:00+00:00,104.9,105.19,104.9,105.19,9352
2026-06-25T12:25:00+00:00,105.117,105.19,104.722,104.86,3778
2026-06-25T12:30:00+00:00,104.63,105.69,104.61,105.65,15238
2026-06-25T12:35:00+00:00,105.65,105.95,105.49,105.8,17867
2026-06-25T12:40:00+00:00,105.82,106.25,105.55,106.0,13218
2026-06-25T12:45:00+00:00,105.89,106.25,105.8,106.1,15553
2026-06-25T12:50:00+00:00,106.0,106.3,105.905,106.22,11293
2026-06-25T12:55:00+00:00,106.15,106.3,105.8,106.0,8286
2026-06-25T13:00:00+00:00,105.8,106.1,105.58,105.58,4871
2026-06-25T13:05:00+00:00,105.66,106.0,105.42,105.42,9482
2026-06-25T13:10:00+00:00,105.59,105.8,105.24,105.59,7206
2026-06-25T13:15:00+00:00,105.45,105.75,105.28,105.42,4660
2026-06-25T13:20:00+00:00,105.56,105.8,105.3,105.6,5715
2026-06-25T13:25:00+00:00,105.57,105.99,104.93,105.1,7252
2026-06-25T13:30:00+00:00,105.28,106.54,103.612,103.67,417784
2026-06-25T13:35:00+00:00,103.69,105.0,103.69,104.2,240089
2026-06-25T13:40:00+00:00,104.28,104.37,102.335,102.79,359114
2026-06-25T13:45:00+00:00,102.86,103.235,100.97,101.865,425444
2026-06-25T13:50:00+00:00,101.829,102.75,99.85,100.13,340162
2026-06-25T13:55:00+00:00,100.06,100.19,98.42,98.53,481144
2026-06-25T14:00:00+00:00,98.535,100.11,98.535,99.57,370005
2026-06-25T14:05:00+00:00,99.445,101.06,99.445,101.0,279371
2026-06-25T14:10:00+00:00,100.955,101.91,100.79,101.07,340614
2026-06-25T14:15:00+00:00,101.065,101.65,99.78,100.71,330196
2026-06-25T14:20:00+00:00,100.84,102.44,100.63,101.025,316023
2026-06-25T14:25:00+00:00,101.1,102.1,101.1,101.975,201327
2026-06-25T14:30:00+00:00,101.965,103.2,101.9,102.7,251368
2026-06-25T14:35:00+00:00,102.8,103.0,101.87,102.425,167097
2026-06-25T14:40:00+00:00,102.435,102.56,100.71,100.98,169078
2026-06-25T14:45:00+00:00,100.93,101.17,100.03,101.085,166181
2026-06-25T14:50:00+00:00,101.095,102.48,101.095,102.43,128356
2026-06-25T14:55:00+00:00,102.39,102.57,101.11,101.36,163666
2026-06-25T15:00:00+00:00,101.39,101.476,100.87,101.445,151352
2026-06-25T15:05:00+00:00,101.445,101.57,100.45,100.64,145502
2026-06-25T15:10:00+00:00,100.56,100.83,99.97,100.07,170963
2026-06-25T15:15:00+00:00,100.05,100.81,99.65,100.55,164299
2026-06-25T15:20:00+00:00,100.57,101.0,100.15,100.97,117272
2026-06-25T15:25:00+00:00,101.02,101.06,100.67,100.835,89834
2026-06-25T15:30:00+00:00,100.91,101.36,100.83,100.9,99138
2026-06-25T15:35:00+00:00,100.96,101.12,100.75,100.94,65277
2026-06-25T15:40:00+00:00,100.8,101.12,100.7,101.04,224913
2026-06-25T15:45:00+00:00,101.03,101.59,100.63,100.805,103786
2026-06-25T15:50:00+00:00,100.81,100.99,100.28,100.63,135359
2026-06-25T15:55:00+00:00,100.61,100.92,100.34,100.385,60216
2026-06-25T16:00:00+00:00,100.41,100.54,100.13,100.439,103915
2026-06-25T16:05:00+00:00,100.42,101.29,100.362,101.26,117068
2026-06-25T16:10:00+00:00,101.29,102.08,101.21,101.855,128910
2026-06-25T16:15:00+00:00,101.89,102.2,101.73,101.77,119651
2026-06-25T16:20:00+00:00,101.8,101.92,101.1,101.37,110981
2026-06-25T16:25:00+00:00,101.36,101.49,101.15,101.305,84982
2026-06-25T16:30:00+00:00,101.24,101.33,100.75,100.905,88961
2026-06-25T16:35:00+00:00,100.89,101.22,100.42,100.593,106657
2026-06-25T16:40:00+00:00,100.535,100.6,100.11,100.2,100168
2026-06-25T16:45:00+00:00,100.188,100.65,99.81,100.6,113058
2026-06-25T16:50:00+00:00,100.599,100.631,100.2,100.435,76784
2026-06-25T16:55:00+00:00,100.435,100.53,100.21,100.53,62643
2026-06-25T17:00:00+00:00,100.485,100.67,100.261,100.295,55524
2026-06-25T17:05:00+00:00,100.295,100.295,99.995,100.022,82539
2026-06-25T17:10:00+00:00,100.07,100.59,100.07,100.22,66028
2026-06-25T17:15:00+00:00,100.2,100.69,100.02,100.04,91436
2026-06-25T17:20:00+00:00,100.04,100.24,99.897,100.035,106289
2026-06-25T17:25:00+00:00,100.01,100.29,99.96,100.02,83473
2026-06-25T17:30:00+00:00,100.06,100.26,99.9,100.015,70152
2026-06-25T17:35:00+00:00,100.02,100.33,99.99,100.305,51598
2026-06-25T17:40:00+00:00,100.305,100.43,100.015,100.03,55060
2026-06-25T17:45:00+00:00,100.04,100.04,99.62,99.915,125462
2026-06-25T17:50:00+00:00,99.83,100.24,99.73,100.155,65456
2026-06-25T17:55:00+00:00,100.08,100.515,100.05,100.38,113424
2026-06-25T18:00:00+00:00,100.36,100.42,99.77,99.99,95735
2026-06-25T18:05:00+00:00,100.005,100.35,99.7,100.245,71524
2026-06-25T18:10:00+00:00,100.28,100.28,99.7,99.86,69740
2026-06-25T18:15:00+00:00,99.88,100.34,99.665,100.01,84172
2026-06-25T18:20:00+00:00,100.12,100.225,99.79,99.95,99508
2026-06-25T18:25:00+00:00,99.98,100.38,99.91,100.3,71515
2026-06-25T18:30:00+00:00,100.33,100.33,99.465,99.495,108941
2026-06-25T18:35:00+00:00,99.47,99.57,99.28,99.515,98413
2026-06-25T18:40:00+00:00,99.545,99.719,99.25,99.56,87123
2026-06-25T18:45:00+00:00,99.555,99.57,99.06,99.57,110326
2026-06-25T18:50:00+00:00,99.54,100.05,99.42,99.95,66579
2026-06-25T18:55:00+00:00,99.93,100.04,99.6,99.79,74044
2026-06-25T19:00:00+00:00,99.85,99.865,99.19,99.3,79161
2026-06-25T19:05:00+00:00,99.225,99.26,99.04,99.26,96524
2026-06-25T19:10:00+00:00,99.25,99.27,98.748,99.04,133597
2026-06-25T19:15:00+00:00,99.02,99.05,98.64,98.82,170244
2026-06-25T19:20:00+00:00,98.82,98.91,98.5,98.7,101538
2026-06-25T19:25:00+00:00,98.71,99.1,98.6,98.98,113698
2026-06-25T19:30:00+00:00,99.0,99.0,98.5,98.94,120037
2026-06-25T19:35:00+00:00,98.92,98.93,98.59,98.75,98829
2026-06-25T19:40:00+00:00,98.75,98.99,98.5,98.915,117643
2026-06-25T19:45:00+00:00,98.895,99.185,98.73,99.16,162812
2026-06-25T19:50:00+00:00,99.16,99.219,98.62,98.963,225239
2026-06-25T19:55:00+00:00,98.98,99.11,98.545,98.76,597424
2026-06-25T20:00:00+00:00,98.76,99.79,98.68,98.76,3274588
2026-06-25T20:05:00+00:00,99.134,99.3,98.7,98.95,23368
2026-06-25T20:10:00+00:00,98.76,99.04,98.76,98.96,8893
2026-06-25T20:15:00+00:00,98.953,99.3,98.943,99.25,3020
2026-06-25T20:20:00+00:00,99.29,99.71,99.14,99.32,32537
2026-06-25T20:25:00+00:00,99.6,99.6,99.3,99.35,1098
2026-06-25T20:30:00+00:00,99.4,99.4,99.02,99.25,1592
2026-06-25T20:35:00+00:00,99.25,99.25,98.76,99.2,3101
2026-06-25T20:40:00+00:00,99.2,99.2,99.01,99.1,2260
2026-06-25T20:45:00+00:00,99.02,99.4,98.99,99.07,7547
2026-06-25T20:50:00+00:00,99.02,99.09,99.0,99.08,1825
2026-06-25T20:55:00+00:00,98.76,99.4,98.76,99.159,1338
2026-06-25T21:00:00+00:00,99.2,99.4,99.02,99.17,1601
2026-06-25T21:05:00+00:00,99.2,99.41,99.12,99.15,1681
2026-06-25T21:10:00+00:00,99.29,99.3,99.158,99.25,702
2026-06-25T21:15:00+00:00,99.162,99.4,99.152,99.2,1890
2026-06-25T21:20:00+00:00,99.2,99.4,99.19,99.31,502
2026-06-25T21:25:00+00:00,99.4,99.4,99.06,99.1,6554
2026-06-25T21:30:00+00:00,99.12,99.3,99.0,99.3,7787
2026-06-25T21:35:00+00:00,99.02,99.41,99.02,99.03,212
2026-06-25T21:40:00+00:00,99.2,99.41,99.02,99.15,38
2026-06-25T21:45:00+00:00,99.13,99.23,98.99,99.203,47223
2026-06-25T21:50:00+00:00,99.1,99.1,98.8,98.88,8635
2026-06-25T21:55:00+00:00,98.881,99.3,98.881,99.1,4289
2026-06-25T22:00:00+00:00,99.14,99.22,98.8,99.17,3498
2026-06-25T22:05:00+00:00,99.173,99.25,98.8,98.84,5063
2026-06-25T22:10:00+00:00,98.8,98.88,98.542,98.73,4448
2026-06-25T22:15:00+00:00,98.6,98.857,98.6,98.729,2179
2026-06-25T22:20:00+00:00,98.92,98.95,98.6,98.6,4533
2026-06-25T22:25:00+00:00,98.8,98.88,98.52,98.52,1901
2026-06-25T22:30:00+00:00,98.5,98.76,98.24,98.34,6178
2026-06-25T22:35:00+00:00,98.31,98.76,98.24,98.55,3599
2026-06-25T22:40:00+00:00,98.6,98.728,98.35,98.35,3167
2026-06-25T22:45:00+00:00,98.52,98.76,98.36,98.4,4215
2026-06-25T22:50:00+00:00,98.35,98.76,98.35,98.76,809
2026-06-25T22:55:00+00:00,98.76,98.9,98.71,98.8,271
2026-06-25T23:00:00+00:00,99.0,99.22,98.8,98.99,1387
2026-06-25T23:05:00+00:00,98.82,99.05,98.8,98.826,2829
2026-06-25T23:10:00+00:00,98.89,99.22,98.84,99.21,2189
2026-06-25T23:15:00+00:00,99.11,99.55,99.0,99.48,5484
2026-06-25T23:20:00+00:00,99.3,99.66,99.3,99.55,6053
2026-06-25T23:25:00+00:00,99.56,99.6,99.421,99.5,2074
2026-06-25T23:30:00+00:00,99.44,99.5,99.2,99.48,2605
2026-06-25T23:35:00+00:00,99.48,99.48,99.12,99.393,1048
2026-06-25T23:40:00+00:00,99.236,99.24,99.15,99.19,970
2026-06-25T23:45:00+00:00,99.13,99.2,99.0,99.16,1880
2026-06-25T23:50:00+00:00,99.104,99.2,98.81,99.12,2466
2026-06-25T23:55:00+00:00,99.15,99.48,98.81,99.18,1715
2026-06-26T08:00:00+00:00,96.0,97.9,96.0,97.269,27928
2026-06-26T08:05:00+00:00,97.13,97.7,95.83,96.984,4418
2026-06-26T08:10:00+00:00,96.82,97.05,96.769,96.895,817
2026-06-26T08:15:00+00:00,96.9,96.99,96.537,96.55,4943
2026-06-26T08:20:00+00:00,96.58,96.81,96.58,96.65,113
2026-06-26T08:25:00+00:00,96.67,96.74,96.55,96.74,1558
2026-06-26T08:30:00+00:00,96.74,96.74,96.5,96.5,158
2026-06-26T08:35:00+00:00,96.53,96.7,96.5,96.53,930
2026-06-26T08:40:00+00:00,96.59,96.67,96.53,96.53,273
2026-06-26T08:45:00+00:00,96.53,96.53,96.35,96.35,1200
2026-06-26T08:50:00+00:00,96.49,96.7,96.27,96.3,455
2026-06-26T08:55:00+00:00,96.3,96.4,96.01,96.358,3455
2026-06-26T09:00:00+00:00,96.35,96.7,96.35,96.7,1755
2026-06-26T09:05:00+00:00,96.7,96.88,96.65,96.8,1187
2026-06-26T09:10:00+00:00,96.7,96.78,96.5,96.51,568
2026-06-26T09:15:00+00:00,96.9,96.932,96.4,96.672,2832
2026-06-26T09:20:00+00:00,96.4,96.78,96.25,96.37,420
2026-06-26T09:25:00+00:00,96.25,96.4,96.12,96.2,1139
2026-06-26T09:30:00+00:00,96.22,96.45,96.2,96.449,217
2026-06-26T09:35:00+00:00,96.4,96.444,96.28,96.32,3990
2026-06-26T09:40:00+00:00,96.204,96.5,96.204,96.388,316
2026-06-26T09:45:00+00:00,96.5,96.726,96.44,96.44,313
2026-06-26T09:50:00+00:00,96.42,96.6,96.23,96.3,987
2026-06-26T09:55:00+00:00,96.3,96.54,96.22,96.38,104
2026-06-26T10:00:00+00:00,96.34,96.52,96.05,96.11,6631
2026-06-26T10:05:00+00:00,96.06,96.51,96.05,96.51,374
2026-06-26T10:10:00+00:00,96.13,96.57,96.07,96.4,14153
2026-06-26T10:15:00+00:00,96.57,96.65,96.49,96.5,188
2026-06-26T10:20:00+00:00,96.35,96.56,96.07,96.46,435
2026-06-26T10:25:00+00:00,96.41,96.55,96.4,96.5,1801
2026-06-26T10:30:00+00:00,96.4,96.5,96.4,96.415,1968
2026-06-26T10:35:00+00:00,96.4,96.4,96.2,96.3,445
2026-06-26T10:40:00+00:00,96.2,96.34,96.2,96.25,758
2026-06-26T10:45:00+00:00,96.2,96.38,96.1,96.37,1216
2026-06-26T10:50:00+00:00,96.35,96.552,96.35,96.552,1817
2026-06-26T10:55:00+00:00,96.5,96.59,96.42,96.43,2781
2026-06-26T11:00:00+00:00,96.5,97.0,96.34,96.7,17423
2026-06-26T11:05:00+00:00,96.88,96.88,96.65,96.8,2121
2026-06-26T11:10:00+00:00,96.779,97.34,96.71,96.88,3175
2026-06-26T11:15:00+00:00,96.86,97.293,96.72,96.8,1624
2026-06-26T11:20:00+00:00,96.919,96.919,96.55,96.68,3523
2026-06-26T11:25:00+00:00,96.75,96.8,96.4,96.589,6683
2026-06-26T11:30:00+00:00,96.59,96.6,96.4,96.5,2355
2026-06-26T11:35:00+00:00,96.513,96.6,96.45,96.53,3193
2026-06-26T11:40:00+00:00,96.53,96.71,96.34,96.44,6810
2026-06-26T11:45:00+00:00,96.441,96.7,96.43,96.5,1632
2026-06-26T11:50:00+00:00,96.5,96.65,96.044,96.21,7638
2026-06-26T11:55:00+00:00,96.21,96.46,96.13,96.3,2315
2026-06-26T12:00:00+00:00,96.46,96.5,96.27,96.425,4840
2026-06-26T12:05:00+00:00,96.49,96.68,96.41,96.63,5393
2026-06-26T12:10:00+00:00,96.68,96.8,96.5,96.671,3346
2026-06-26T12:15:00+00:00,96.69,96.72,96.5,96.59,8678
2026-06-26T12:20:00+00:00,96.56,96.6,96.3,96.3,9985
2026-06-26T12:25:00+00:00,96.13,96.45,96.11,96.38,4198
2026-06-26T12:30:00+00:00,96.3,96.42,96.11,96.34,3119
2026-06-26T12:35:00+00:00,96.3,96.34,95.9,96.02,7447
2026-06-26T12:40:00+00:00,95.98,96.02,95.676,95.83,16970
2026-06-26T12:45:00+00:00,95.71,95.9,95.6,95.7,18787
2026-06-26T12:50:00+00:00,95.68,95.79,95.37,95.4,9361
2026-06-26T12:55:00+00:00,95.6,95.7,95.5,95.531,11312
2026-06-26T13:00:00+00:00,95.5,95.51,95.3,95.3,7941
2026-06-26T13:05:00+00:00,95.4,95.4,95.1,95.126,15315
2026-06-26T13:10:00+00:00,95.25,95.698,95.1,95.42,49345
2026-06-26T13:15:00+00:00,95.411,95.55,95.1,95.4,6913
2026-06-26T13:20:00+00:00,95.34,95.9,95.1,95.7,13632
2026-06-26T13:25:00+00:00,95.88,96.35,95.02,95.06,12595
2026-06-26T13:30:00+00:00,95.18,95.9,93.65,93.803,617173
2026-06-26T13:35:00+00:00,93.735,95.12,93.72,94.29,348322
2026-06-26T13:40:00+00:00,94.29,95.2,93.96,94.61,409655
2026-06-26T13:45:00+00:00,94.63,94.87,93.83,94.51,495299
2026-06-26T13:50:00+00:00,94.51,94.965,94.21,94.837,377546
2026-06-26T13:55:00+00:00,94.91,95.89,94.291,95.275,364511
2026-06-26T14:00:00+00:00,95.32,95.96,95.0,95.51,294570
2026-06-26T14:05:00+00:00,95.475,95.61,94.4,94.72,264206
2026-06-26T14:10:00+00:00,94.7,95.35,94.1,95.16,258277
2026-06-26T14:15:00+00:00,95.14,95.22,94.5,94.53,187453
2026-06-26T14:20:00+00:00,94.53,95.44,94.53,95.3,210911
2026-06-26T14:25:00+00:00,95.31,95.64,95.16,95.345,161276
2026-06-26T14:30:00+00:00,95.3,95.56,94.91,95.09,210502
2026-06-26T14:35:00+00:00,95.117,95.117,94.25,94.355,170261
2026-06-26T14:40:00+00:00,94.43,94.89,94.05,94.16,193810
2026-06-26T14:45:00+00:00,94.135,94.94,94.1,94.87,195485
2026-06-26T14:50:00+00:00,94.92,95.158,94.17,94.39,157038
2026-06-26T14:55:00+00:00,94.38,94.4,93.77,94.19,263465
2026-06-26T15:00:00+00:00,94.17,94.65,94.12,94.38,142185
2026-06-26T15:05:00+00:00,94.42,94.63,94.1,94.41,234717
2026-06-26T15:10:00+00:00,94.38,94.51,93.675,93.735,222408
2026-06-26T15:15:00+00:00,93.76,94.25,93.5,94.05,239924
2026-06-26T15:20:00+00:00,94.065,94.3,93.76,94.27,210215
2026-06-26T15:25:00+00:00,94.25,94.352,93.9,94.3,176651
2026-06-26T15:30:00+00:00,94.35,94.97,94.33,94.66,197167
2026-06-26T15:35:00+00:00,94.62,95.49,94.41,95.47,251994
2026-06-26T15:40:00+00:00,95.47,96.08,95.29,95.785,229702
2026-06-26T15:45:00+00:00,95.82,95.94,95.29,95.32,133926
2026-06-26T15:50:00+00:00,95.3,95.54,94.73,94.895,243152
2026-06-26T15:55:00+00:00,94.92,95.65,94.79,95.52,119879
2026-06-26T16:00:00+00:00,95.52,95.59,95.11,95.22,94547
2026-06-26T16:05:00+00:00,95.23,95.255,94.95,95.11,106332
2026-06-26T16:10:00+00:00,95.12,95.28,94.98,95.07,104651
2026-06-26T16:15:00+00:00,95.04,95.21,94.81,94.845,138899
2026-06-26T16:20:00+00:00,94.84,94.99,94.57,94.87,122447
2026-06-26T16:25:00+00:00,94.87,95.35,94.87,95.08,145235
2026-06-26T16:30:00+00:00,95.11,95.9,95.11,95.86,206845
2026-06-26T16:35:00+00:00,95.95,95.99,95.68,95.85,177825
2026-06-26T16:40:00+00:00,95.91,95.98,95.571,95.58,71193
2026-06-26T16:45:00+00:00,95.55,95.655,95.25,95.48,99656
2026-06-26T16:50:00+00:00,95.45,95.85,95.39,95.71,94529
2026-06-26T16:55:00+00:00,95.7,95.74,95.512,95.57,64376
2026-06-26T17:00:00+00:00,95.61,96.0,95.42,95.753,140146
2026-06-26T17:05:00+00:00,95.74,96.41,95.62,96.35,162721
2026-06-26T17:10:00+00:00,96.365,96.59,96.15,96.18,151909
2026-06-26T17:15:00+00:00,96.23,96.25,95.41,95.61,93114
2026-06-26T17:20:00+00:00,95.64,95.67,95.342,95.53,72740
2026-06-26T17:25:00+00:00,95.56,95.66,95.26,95.64,84878
2026-06-26T17:30:00+00:00,95.65,95.92,95.37,95.37,280288
2026-06-26T17:35:00+00:00,95.37,95.37,94.7,94.99,200569
2026-06-26T17:40:00+00:00,94.99,95.22,94.79,95.13,108715
2026-06-26T17:45:00+00:00,95.111,95.46,95.09,95.15,741396
2026-06-26T17:50:00+00:00,95.15,95.64,94.965,95.455,110860
2026-06-26T17:55:00+00:00,95.42,95.435,94.9,95.15,102877
2026-06-26T18:00:00+00:00,95.175,95.5,95.15,95.44,60466
2026-06-26T18:05:00+00:00,95.42,95.64,95.17,95.42,92003
2026-06-26T18:10:00+00:00,95.42,95.44,95.099,95.35,98399
2026-06-26T18:15:00+00:00,95.35,95.75,95.18,95.455,121127
2026-06-26T18:20:00+00:00,95.46,95.79,95.23,95.39,157494
2026-06-26T18:25:00+00:00,95.4,95.49,95.0,95.02,112241
2026-06-26T18:30:00+00:00,95.01,95.44,94.918,95.355,137434
2026-06-26T18:35:00+00:00,95.3,95.3,94.97,95.23,828424
2026-06-26T18:40:00+00:00,95.22,95.457,94.93,95.24,110728
2026-06-26T18:45:00+00:00,95.22,95.22,94.98,95.045,79395
2026-06-26T18:50:00+00:00,95.02,95.02,94.795,94.845,107579
2026-06-26T18:55:00+00:00,94.86,94.92,94.54,94.725,163603
2026-06-26T19:00:00+00:00,94.73,95.4,94.62,95.13,246351
2026-06-26T19:05:00+00:00,95.13,95.76,94.92,95.635,152600
2026-06-26T19:10:00+00:00,95.6,95.72,95.25,95.65,100672
2026-06-26T19:15:00+00:00,95.65,95.755,95.48,95.755,91259
2026-06-26T19:20:00+00:00,95.779,96.05,95.58,95.76,203074
2026-06-26T19:25:00+00:00,95.76,95.905,95.62,95.63,129736
2026-06-26T19:30:00+00:00,95.64,96.75,95.45,96.65,222910
2026-06-26T19:35:00+00:00,96.58,96.68,96.24,96.29,135616
2026-06-26T19:40:00+00:00,96.34,96.8,96.29,96.67,163701
2026-06-26T19:45:00+00:00,96.67,96.93,96.41,96.55,339773
2026-06-26T19:50:00+00:00,96.55,98.09,96.13,96.64,911942
2026-06-26T19:55:00+00:00,96.64,97.02,96.39,96.58,761711
2026-06-26T20:00:00+00:00,96.58,97.0,95.6,95.63,3186382
2026-06-26T20:05:00+00:00,95.6,96.35,95.52,96.17,783340
2026-06-26T20:10:00+00:00,96.2,96.58,96.06,96.51,3190925
2026-06-26T20:15:00+00:00,96.39,96.9,96.39,96.6,76128
2026-06-26T20:20:00+00:00,96.593,96.9,96.15,96.65,14382
2026-06-26T20:25:00+00:00,96.69,96.76,96.54,96.75,568700
2026-06-26T20:30:00+00:00,96.64,96.69,95.98,96.1,4685
2026-06-26T20:35:00+00:00,96.0,96.25,96.0,96.0,1204
2026-06-26T20:40:00+00:00,96.01,96.58,95.85,95.98,3394
2026-06-26T20:45:00+00:00,95.98,95.99,95.5,95.7,18280
2026-06-26T20:50:00+00:00,95.77,95.83,95.12,95.7,15654
2026-06-26T20:55:00+00:00,95.7,95.86,95.5,95.54,1215
2026-06-26T21:00:00+00:00,95.79,95.8,95.567,95.567,1021
2026-06-26T21:05:00+00:00,95.54,95.75,95.52,95.6,1575
2026-06-26T21:10:00+00:00,95.6,95.75,95.52,95.701,2998
2026-06-26T21:15:00+00:00,95.75,95.99,95.75,95.8,4979
2026-06-26T21:20:00+00:00,95.85,96.0,95.8,96.0,4428
2026-06-26T21:25:00+00:00,95.8,96.0,95.8,96.0,1755
2026-06-26T21:30:00+00:00,96.0,96.05,95.95,96.01,461
2026-06-26T21:35:00+00:00,96.14,96.35,95.81,96.0,716
2026-06-26T21:40:00+00:00,95.99,96.15,95.8,95.93,762
2026-06-26T21:45:00+00:00,96.0,96.0,95.8,95.81,47780
2026-06-26T21:50:00+00:00,95.95,96.0,95.8,95.8,1433
2026-06-26T21:55:00+00:00,95.88,95.9,95.7,95.9,1686
2026-06-26T22:00:00+00:00,95.9,96.25,95.76,96.25,6822
2026-06-26T22:05:00+00:00,95.91,96.25,95.845,96.08,801
2026-06-26T22:10:00+00:00,96.0,96.0,95.8,95.9,478
2026-06-26T22:15:00+00:00,95.9,96.03,95.9,95.96,484
2026-06-26T22:20:00+00:00,95.96,96.2,95.85,96.03,296
2026-06-26T22:25:00+00:00,96.156,96.2,96.0,96.14,236
2026-06-26T22:30:00+00:00,96.0,96.0,95.85,95.85,2375
2026-06-26T22:35:00+00:00,95.9,96.15,95.861,96.14,2142
2026-06-26T22:40:00+00:00,96.15,96.15,95.94,95.94,51
2026-06-26T22:45:00+00:00,95.8,96.15,95.8,96.08,872
2026-06-26T22:50:00+00:00,96.14,96.25,96.14,96.191,467
2026-06-26T22:55:00+00:00,96.19,96.2,96.08,96.093,1281
2026-06-26T23:00:00+00:00,96.18,96.2,96.1,96.146,681
2026-06-26T23:05:00+00:00,96.14,96.15,96.084,96.084,1376
2026-06-26T23:10:00+00:00,96.084,96.15,95.997,96.11,762
2026-06-26T23:15:00+00:00,96.11,96.131,96.0,96.025,1135
2026-06-26T23:20:00+00:00,96.016,96.25,96.0,96.131,2112
2026-06-26T23:25:00+00:00,96.16,96.25,96.03,96.15,1339
2026-06-26T23:30:00+00:00,96.18,96.25,96.051,96.06,455
2026-06-26T23:35:00+00:00,96.222,96.29,96.03,96.25,484
2026-06-26T23:40:00+00:00,96.21,96.35,96.106,96.21,699
2026-06-26T23:45:00+00:00,96.3,96.35,96.2,96.3,1992
2026-06-26T23:50:00+00:00,96.331,96.35,96.07,96.2,1703
2026-06-26T23:55:00+00:00,96.2,96.38,96.07,96.093,6240
2026-06-29T08:00:00+00:00,98.18,99.0,97.51,98.993,19078
2026-06-29T08:05:00+00:00,98.973,99.47,98.0,99.35,3184
2026-06-29T08:10:00+00:00,99.346,99.35,99.09,99.165,1119
2026-06-29T08:15:00+00:00,99.15,99.4,98.9,99.24,6483
2026-06-29T08:20:00+00:00,99.31,99.32,99.13,99.28,2491
2026-06-29T08:25:00+00:00,99.23,99.5,99.13,99.4,3928
2026-06-29T08:30:00+00:00,99.14,99.42,99.044,99.109,1050
2026-06-29T08:35:00+00:00,99.24,99.45,99.03,99.1,1259
2026-06-29T08:40:00+00:00,99.0,99.19,98.79,98.801,1192
2026-06-29T08:45:00+00:00,99.0,99.35,99.0,99.3,1168
2026-06-29T08:50:00+00:00,99.15,99.31,99.15,99.23,3223
2026-06-29T08:55:00+00:00,99.3,99.3,99.0,99.0,2365
2026-06-29T09:00:00+00:00,99.1,99.28,98.99,99.09,1247
2026-06-29T09:05:00+00:00,99.0,99.074,98.94,99.06,198
2026-06-29T09:10:00+00:00,99.1,99.1,98.9,99.1,639
2026-06-29T09:15:00+00:00,99.141,99.2,99.0,99.015,2282
2026-06-29T09:20:00+00:00,99.196,99.196,99.11,99.17,223
2026-06-29T09:25:00+00:00,99.17,99.2,99.03,99.11,1342
2026-06-29T09:30:00+00:00,99.1,99.35,99.1,99.35,288
2026-06-29T09:35:00+00:00,99.22,99.22,99.1,99.1,619
2026-06-29T09:40:00+00:00,99.07,99.13,99.0,99.09,984
2026-06-29T09:45:00+00:00,99.1,99.2,99.055,99.19,587
2026-06-29T09:50:00+00:00,99.19,99.19,98.88,98.88,631
2026-06-29T09:55:00+00:00,98.88,99.136,98.88,98.99,210
2026-06-29T10:00:00+00:00,99.1,99.35,98.98,99.23,3270
2026-06-29T10:05:00+00:00,99.2,99.35,99.0,99.35,1581
2026-06-29T10:10:00+00:00,99.437,99.437,99.11,99.11,1245
2026-06-29T10:15:00+00:00,99.39,99.39,99.2,99.33,387
2026-06-29T10:20:00+00:00,99.11,99.39,99.1,99.331,882
2026-06-29T10:25:00+00:00,99.3,99.3,99.14,99.288,184
2026-06-29T10:30:00+00:00,99.22,99.279,99.16,99.279,86
2026-06-29T10:35:00+00:00,99.25,99.31,99.146,99.3,1391
2026-06-29T10:40:00+00:00,99.294,99.3,99.19,99.28,1333
2026-06-29T10:45:00+00:00,99.28,99.29,99.15,99.25,1379
2026-06-29T10:50:00+00:00,99.25,99.25,99.05,99.1,222
2026-06-29T10:55:00+00:00,99.23,99.29,99.03,99.15,343
2026-06-29T11:00:00+00:00,99.18,99.29,98.95,99.142,10156
2026-06-29T11:05:00+00:00,99.2,99.28,99.04,99.1,6309
2026-06-29T11:10:00+00:00,99.168,99.175,98.72,98.78,8036
2026-06-29T11:15:00+00:00,98.77,98.9,98.67,98.67,2662
2026-06-29T11:20:00+00:00,98.68,98.88,98.5,98.77,3070
2026-06-29T11:25:00+00:00,98.77,98.88,98.68,98.78,4832
2026-06-29T11:30:00+00:00,98.79,99.1,98.65,98.979,2215
2026-06-29T11:35:00+00:00,98.956,98.99,98.69,98.8,3832
2026-06-29T11:40:00+00:00,98.98,98.99,98.7,98.89,8313
2026-06-29T11:45:00+00:00,98.98,98.985,98.73,98.9,2562
2026-06-29T11:50:00+00:00,98.916,99.0,98.7,98.76,4668
2026-06-29T11:55:00+00:00,98.87,99.0,98.67,98.677,7426
2026-06-29T12:00:00+00:00,98.71,99.0,98.71,98.85,2277
2026-06-29T12:05:00+00:00,99.0,99.0,98.75,98.9,3555
2026-06-29T12:10:00+00:00,98.881,98.98,98.881,98.978,3125
2026-06-29T12:15:00+00:00,98.952,99.23,98.9,98.9,7418
2026-06-29T12:20:00+00:00,99.0,99.05,98.8,98.9,7842
2026-06-29T12:25:00+00:00,98.989,99.0,98.67,98.75,14613
2026-06-29T12:30:00+00:00,98.672,98.75,98.5,98.69,1840
2026-06-29T12:35:00+00:00,98.7,98.75,98.4,98.426,5206
2026-06-29T12:40:00+00:00,98.52,98.52,98.22,98.374,4542
2026-06-29T12:45:00+00:00,98.59,98.59,98.191,98.21,2550
2026-06-29T12:50:00+00:00,98.27,98.39,98.2,98.389,3087
2026-06-29T12:55:00+00:00,98.33,98.59,98.28,98.5,7660
2026-06-29T13:00:00+00:00,98.511,98.712,98.51,98.712,4909
2026-06-29T13:05:00+00:00,98.7,98.73,98.5,98.64,3681
2026-06-29T13:10:00+00:00,98.55,98.88,98.55,98.86,7820
2026-06-29T13:15:00+00:00,98.86,98.86,98.625,98.68,9685
2026-06-29T13:20:00+00:00,98.751,98.82,98.4,98.5,10545
2026-06-29T13:25:00+00:00,98.57,98.73,98.34,98.34,8639
2026-06-29T13:30:00+00:00,98.38,98.47,96.301,96.58,404923
2026-06-29T13:35:00+00:00,96.585,96.95,95.25,96.0,367108
2026-06-29T13:40:00+00:00,95.82,97.0,95.71,96.91,283523
2026-06-29T13:45:00+00:00,96.81,96.93,94.833,94.97,413635
2026-06-29T13:50:00+00:00,94.93,95.57,94.02,94.055,415599
2026-06-29T13:55:00+00:00,94.055,94.14,92.95,93.535,421146
2026-06-29T14:00:00+00:00,93.59,93.6,91.2,91.215,552825
2026-06-29T14:05:00+00:00,91.2,91.2,89.89,90.481,896628
2026-06-29T14:10:00+00:00,90.51,90.74,89.64,89.77,625358
2026-06-29T14:15:00+00:00,89.745,90.67,89.56,90.55,433060
2026-06-29T14:20:00+00:00,90.46,90.82,89.97,90.765,352282
2026-06-29T14:25:00+00:00,90.765,91.82,90.74,91.7,351312
2026-06-29T14:30:00+00:00,91.71,92.2,91.4,91.92,322075
2026-06-29T14:35:00+00:00,91.95,92.12,91.52,91.9,244344
2026-06-29T14:40:00+00:00,91.9,92.17,91.53,91.61,171902
2026-06-29T14:45:00+00:00,91.61,91.85,91.01,91.76,200747
2026-06-29T14:50:00+00:00,91.763,92.18,91.763,91.89,197309
2026-06-29T14:55:00+00:00,91.81,92.329,91.75,92.295,201034
2026-06-29T15:00:00+00:00,92.26,92.39,91.771,91.925,192902
2026-06-29T15:05:00+00:00,91.9,92.09,91.45,91.85,151786
2026-06-29T15:10:00+00:00,91.88,92.01,91.45,91.9,158498
2026-06-29T15:15:00+00:00,91.94,92.24,91.722,91.77,122227
2026-06-29T15:20:00+00:00,91.755,92.17,91.402,91.65,111102
2026-06-29T15:25:00+00:00,91.68,92.39,91.61,92.27,113438
2026-06-29T15:30:00+00:00,92.32,92.45,92.125,92.325,146704
2026-06-29T15:35:00+00:00,92.3,92.9,92.17,92.865,200523
2026-06-29T15:40:00+00:00,92.9,93.215,92.625,93.03,187481
2026-06-29T15:45:00+00:00,93.045,93.45,92.92,93.065,175727
2026-06-29T15:50:00+00:00,93.04,93.34,92.96,93.27,119865
2026-06-29T15:55:00+00:00,93.26,93.8,93.06,93.75,148774
2026-06-29T16:00:00+00:00,93.79,94.05,93.73,93.84,199848
2026-06-29T16:05:00+00:00,93.865,94.53,93.865,94.335,223263
2026-06-29T16:10:00+00:00,94.335,94.39,94.01,94.11,120494
2026-06-29T16:15:00+00:00,94.17,94.58,94.14,94.36,112126
2026-06-29T16:20:00+00:00,94.38,94.57,94.18,94.315,107935
2026-06-29T16:25:00+00:00,94.315,94.34,93.8,93.985,114286
2026-06-29T16:30:00+00:00,94.0,94.1,93.8,93.945,85518
2026-06-29T16:35:00+00:00,93.935,94.47,93.88,94.18,89271
2026-06-29T16:40:00+00:00,94.16,94.53,94.01,94.24,129824
2026-06-29T16:45:00+00:00,94.225,94.95,94.22,94.929,104939
2026-06-29T16:50:00+00:00,94.93,95.4,94.93,95.385,211924
2026-06-29T16:55:00+00:00,95.332,95.65,95.3,95.365,101348
2026-06-29T17:00:00+00:00,95.38,95.55,95.3,95.54,114287
2026-06-29T17:05:00+00:00,95.56,95.768,95.54,95.55,76298
2026-06-29T17:10:00+00:00,95.53,95.98,95.51,95.95,111407
2026-06-29T17:15:00+00:00,95.96,96.11,95.76,95.87,108524
2026-06-29T17:20:00+00:00,95.88,95.88,95.44,95.55,114470
2026-06-29T17:25:00+00:00,95.55,95.92,95.47,95.54,104802
2026-06-29T17:30:00+00:00,95.55,95.68,95.36,95.59,132339
2026-06-29T17:35:00+00:00,95.545,95.62,95.14,95.22,89828
2026-06-29T17:40:00+00:00,95.22,95.59,95.2,95.55,114576
2026-06-29T17:45:00+00:00,95.52,95.57,95.395,95.53,82367
2026-06-29T17:50:00+00:00,95.53,95.56,95.28,95.51,55411
2026-06-29T17:55:00+00:00,95.5,95.565,95.355,95.46,91655
2026-06-29T18:00:00+00:00,95.45,95.46,95.0,95.025,143761
2026-06-29T18:05:00+00:00,95.025,95.165,94.83,94.84,122612
2026-06-29T18:10:00+00:00,94.855,94.97,94.73,94.93,104567
2026-06-29T18:15:00+00:00,94.91,94.92,94.67,94.72,79286
2026-06-29T18:20:00+00:00,94.73,94.998,94.6,94.82,86745
2026-06-29T18:25:00+00:00,94.78,94.85,94.67,94.77,71497
2026-06-29T18:30:00+00:00,94.76,95.24,94.74,95.12,82680
2026-06-29T18:35:00+00:00,95.125,95.37,94.84,95.145,97584
2026-06-29T18:40:00+00:00,95.18,95.415,95.1,95.33,78581
2026-06-29T18:45:00+00:00,95.32,95.58,95.17,95.17,89759
2026-06-29T18:50:00+00:00,95.17,95.305,95.01,95.27,103604
2026-06-29T18:55:00+00:00,95.255,95.28,94.96,95.2,102408
2026-06-29T19:00:00+00:00,95.24,95.4,95.0,95.002,144583
2026-06-29T19:05:00+00:00,95.016,95.016,94.7,94.93,100466
2026-06-29T19:10:00+00:00,94.9,95.09,94.8,95.07,117895
2026-06-29T19:15:00+00:00,95.04,95.5,95.005,95.44,79956
2026-06-29T19:20:00+00:00,95.445,95.865,95.445,95.54,176852
2026-06-29T19:25:00+00:00,95.53,95.92,95.52,95.577,222934
2026-06-29T19:30:00+00:00,95.57,95.57,95.18,95.34,95299
2026-06-29T19:35:00+00:00,95.32,95.8,95.31,95.67,117578
2026-06-29T19:40:00+00:00,95.68,95.89,95.636,95.85,98779
2026-06-29T19:45:00+00:00,95.84,96.07,95.7,96.07,161964
2026-06-29T19:50:00+00:00,96.08,96.15,95.455,95.535,237170
2026-06-29T19:55:00+00:00,95.57,95.75,95.22,95.51,500342
2026-06-29T20:00:00+00:00,95.51,95.7,94.5,95.51,193974
2026-06-29T20:05:00+00:00,95.508,95.6,95.24,95.6,35077
2026-06-29T20:10:00+00:00,95.55,95.69,95.46,95.68,4960
2026-06-29T20:15:00+00:00,95.545,95.545,95.15,95.25,2622
2026-06-29T20:20:00+00:00,95.51,95.69,95.16,95.61,3621
2026-06-29T20:25:00+00:00,95.65,95.69,95.1,95.15,26648
2026-06-29T20:30:00+00:00,95.15,95.3,95.0,95.186,584
2026-06-29T20:35:00+00:00,95.01,95.43,95.01,95.152,2261
2026-06-29T20:40:00+00:00,95.3,95.43,95.01,95.24,960
2026-06-29T20:45:00+00:00,95.24,95.4,95.15,95.2,3431
2026-06-29T20:50:00+00:00,95.2,95.43,95.2,95.4,1477
2026-06-29T20:55:00+00:00,95.43,95.43,95.293,95.36,2755
2026-06-29T21:00:00+00:00,95.3,95.36,95.25,95.36,3356
2026-06-29T21:05:00+00:00,95.36,95.5,95.321,95.47,6327
2026-06-29T21:10:00+00:00,95.47,95.6,95.35,95.6,1182
2026-06-29T21:15:00+00:00,95.475,95.6,95.44,95.6,1123
2026-06-29T21:20:00+00:00,95.6,95.65,95.35,95.5,2885
2026-06-29T21:25:00+00:00,95.51,95.7,95.48,95.7,5742
2026-06-29T21:30:00+00:00,95.64,95.75,95.4,95.75,475
2026-06-29T21:35:00+00:00,95.749,95.75,95.4,95.676,1812
2026-06-29T21:40:00+00:00,95.6,95.68,95.55,95.57,2500
2026-06-29T21:45:00+00:00,95.64,95.69,95.5,95.689,2126
2026-06-29T21:50:00+00:00,95.6,95.74,95.5,95.68,2879
2026-06-29T21:55:00+00:00,95.7,95.71,95.55,95.59,105185
2026-06-29T22:00:00+00:00,95.74,95.74,95.4,95.6,3294
2026-06-29T22:05:00+00:00,95.65,95.71,95.4,95.71,1252
2026-06-29T22:10:00+00:00,95.74,95.74,95.61,95.612,252
2026-06-29T22:15:00+00:00,95.61,95.74,95.56,95.68,4209
2026-06-29T22:20:00+00:00,95.679,95.679,95.58,95.6,616
2026-06-29T22:25:00+00:00,95.594,95.6,95.5,95.505,5598
2026-06-29T22:30:00+00:00,95.6,95.6,95.5,95.51,306
2026-06-29T22:35:00+00:00,95.5,95.6,95.5,95.542,434
2026-06-29T22:40:00+00:00,95.56,95.6,95.513,95.6,230
2026-06-29T22:45:00+00:00,95.57,95.6,95.55,95.58,3213
2026-06-29T22:50:00+00:00,95.58,95.7,95.56,95.64,1042
2026-06-29T22:55:00+00:00,95.74,95.74,95.58,95.597,3741
2026-06-29T23:00:00+00:00,95.64,95.64,95.51,95.63,2624
2026-06-29T23:05:00+00:00,95.53,95.71,95.47,95.62,307
2026-06-29T23:10:00+00:00,95.7,95.75,95.55,95.68,1571
2026-06-29T23:15:00+00:00,95.74,95.75,95.58,95.709,2337
2026-06-29T23:20:00+00:00,95.71,95.748,95.674,95.704,430
2026-06-29T23:25:00+00:00,95.701,95.75,95.701,95.75,1035
2026-06-29T23:30:00+00:00,95.75,95.75,95.7,95.73,979
2026-06-29T23:35:00+00:00,95.75,95.75,95.7,95.75,927
2026-06-29T23:40:00+00:00,95.749,95.85,95.74,95.85,1573
2026-06-29T23:45:00+00:00,95.85,95.89,95.75,95.8,2984
2026-06-29T23:50:00+00:00,95.8,95.87,95.51,95.63,3479
2026-06-29T23:55:00+00:00,95.62,95.85,95.6,95.75,4855
2026-06-30T08:00:00+00:00,96.77,96.95,95.98,96.49,17709
2026-06-30T08:05:00+00:00,96.5,96.79,96.0,96.5,3000
2026-06-30T08:10:00+00:00,96.45,96.67,96.38,96.55,2590
2026-06-30T08:15:00+00:00,96.39,96.65,96.2,96.65,773
2026-06-30T08:20:00+00:00,96.62,96.65,96.4,96.5,293
2026-06-30T08:25:00+00:00,96.497,96.63,96.41,96.63,4320
2026-06-30T08:30:00+00:00,96.64,96.65,96.119,96.119,5053
2026-06-30T08:35:00+00:00,96.5,96.52,96.14,96.27,1903
2026-06-30T08:40:00+00:00,96.27,96.5,96.0,96.5,1388
2026-06-30T08:45:00+00:00,96.05,96.25,95.89,95.89,1607
2026-06-30T08:50:00+00:00,95.89,96.383,95.8,95.95,1207
2026-06-30T08:55:00+00:00,95.94,96.15,95.92,96.12,183
2026-06-30T09:00:00+00:00,96.12,96.17,96.12,96.15,52
2026-06-30T09:05:00+00:00,96.15,96.18,96.15,96.17,67
2026-06-30T09:10:00+00:00,96.01,96.4,95.96,96.4,2525
2026-06-30T09:15:00+00:00,96.385,96.4,96.2,96.39,163
2026-06-30T09:20:00+00:00,96.36,96.36,96.21,96.27,108
2026-06-30T09:25:00+00:00,96.289,96.29,96.1,96.254,274
2026-06-30T09:30:00+00:00,96.17,96.488,96.019,96.488,586
2026-06-30T09:35:00+00:00,96.33,96.33,96.052,96.18,747
2026-06-30T09:40:00+00:00,96.0,96.1,95.78,95.78,9242
2026-06-30T09:45:00+00:00,96.0,96.2,95.9,96.14,854
2026-06-30T09:50:00+00:00,96.16,96.16,95.9,95.9,32
2026-06-30T09:55:00+00:00,96.12,96.2,96.06,96.06,1432
2026-06-30T10:00:00+00:00,96.25,96.25,96.25,96.25,1
2026-06-30T10:05:00+00:00,96.23,96.26,96.147,96.19,1134
2026-06-30T10:10:00+00:00,96.25,96.25,96.12,96.18,1397
2026-06-30T10:15:00+00:00,96.18,96.3,96.18,96.3,146
2026-06-30T10:20:00+00:00,96.3,96.3,96.25,96.27,604
2026-06-30T10:25:00+00:00,96.27,96.37,96.27,96.37,356
2026-06-30T10:30:00+00:00,96.37,96.44,96.086,96.086,395
2026-06-30T10:35:00+00:00,96.288,96.288,96.1,96.2,208
2026-06-30T10:40:00+00:00,96.195,96.6,96.12,96.58,7940
2026-06-30T10:45:00+00:00,96.59,96.59,96.36,96.55,1812
2026-06-30T10:50:00+00:00,96.5,96.6,96.42,96.6,1835
2026-06-30T10:55:00+00:00,96.6,96.684,96.425,96.58,492
2026-06-30T11:00:00+00:00,96.521,96.6,96.373,96.599,5501
2026-06-30T11:05:00+00:00,96.6,96.7,96.51,96.68,2917
2026-06-30T11:10:00+00:00,96.674,96.68,96.57,96.606,2389
2026-06-30T11:15:00+00:00,96.65,96.88,96.624,96.77,4457
2026-06-30T11:20:00+00:00,96.8,96.88,96.685,96.726,5001
2026-06-30T11:25:00+00:00,96.692,96.8,96.5,96.631,5680
2026-06-30T11:30:00+00:00,96.6,96.62,96.49,96.574,4106
2026-06-30T11:35:00+00:00,96.57,96.6,96.442,96.442,1988
2026-06-30T11:40:00+00:00,96.36,96.6,96.36,96.6,3489
2026-06-30T11:45:00+00:00,96.55,96.75,96.52,96.61,2521
2026-06-30T11:50:00+00:00,96.575,96.74,96.57,96.592,6511
2026-06-30T11:55:00+00:00,96.738,96.738,96.4,96.4,2098
2026-06-30T12:00:00+00:00,96.4,96.5,96.0,96.061,13223
2026-06-30T12:05:00+00:00,96.0,96.4,96.0,96.25,1270
2026-06-30T12:10:00+00:00,96.18,96.35,96.07,96.1,1897
2026-06-30T12:15:00+00:00,96.09,96.25,96.0,96.25,8264
2026-06-30T12:20:00+00:00,96.25,96.25,95.6,95.68,8302
2026-06-30T12:25:00+00:00,95.78,96.231,95.6,95.7,4756
2026-06-30T12:30:00+00:00,95.65,95.71,95.2,95.24,15637
2026-06-30T12:35:00+00:00,95.3,95.74,95.129,95.5,4258
2026-06-30T12:40:00+00:00,95.52,95.69,95.27,95.5,2945
2026-06-30T12:45:00+00:00,95.45,95.5,95.11,95.12,2733
2026-06-30T12:50:00+00:00,95.49,95.49,95.11,95.2,1425
2026-06-30T12:55:00+00:00,95.11,95.28,94.89,95.061,6938
2026-06-30T13:00:00+00:00,94.875,95.08,94.8,94.98,5144
2026-06-30T13:05:00+00:00,95.03,95.25,94.8,95.08,7282
2026-06-30T13:10:00+00:00,95.24,95.5,95.15,95.296,4049
2026-06-30T13:15:00+00:00,95.3,95.414,95.13,95.33,3547
2026-06-30T13:20:00+00:00,95.27,95.39,95.0,95.025,4115
2026-06-30T13:25:00+00:00,95.0,95.51,95.0,95.31,10929
2026-06-30T13:30:00+00:00,95.18,95.18,93.88,94.24,215824
2026-06-30T13:35:00+00:00,94.22,95.89,94.2,94.97,256012
2026-06-30T13:40:00+00:00,94.98,96.73,94.82,96.5,307300
2026-06-30T13:45:00+00:00,96.5,97.35,96.27,96.635,432528
2026-06-30T13:50:00+00:00,96.63,97.21,96.2,96.665,266670
2026-06-30T13:55:00+00:00,96.77,97.963,96.5,97.836,242367
2026-06-30T14:00:00+00:00,97.81,97.855,96.8,97.48,192034
2026-06-30T14:05:00+00:00,97.46,97.48,96.59,97.17,132400
2026-06-30T14:10:00+00:00,97.135,97.87,97.01,97.7,193938
2026-06-30T14:15:00+00:00,97.63,99.6,97.63,99.04,465951
2026-06-30T14:20:00+00:00,99.02,99.49,98.69,99.29,195605
2026-06-30T14:25:00+00:00,99.28,99.3,98.67,99.12,187533
2026-06-30T14:30:00+00:00,99.12,99.585,99.054,99.375,189587
2026-06-30T14:35:00+00:00,99.4,99.535,98.59,98.82,205906
2026-06-30T14:40:00+00:00,98.76,99.3,98.59,99.255,142142
2026-06-30T14:45:00+00:00,99.23,99.25,97.695,97.715,205769
2026-06-30T14:50:00+00:00,97.715,98.09,97.17,97.23,243670
2026-06-30T14:55:00+00:00,97.17,97.34,96.423,96.567,241760
2026-06-30T15:00:00+00:00,96.62,97.47,96.58,97.395,191948
2026-06-30T15:05:00+00:00,97.395,97.57,96.88,97.28,279400
2026-06-30T15:10:00+00:00,97.26,97.93,96.94,97.655,216237
2026-06-30T15:15:00+00:00,97.655,97.72,97.08,97.45,346636
2026-06-30T15:20:00+00:00,97.46,97.89,97.37,97.66,133452
2026-06-30T15:25:00+00:00,97.69,97.769,97.485,97.72,89498
2026-06-30T15:30:00+00:00,97.69,97.77,97.15,97.285,117164
2026-06-30T15:35:00+00:00,97.28,97.36,96.21,96.325,169605
2026-06-30T15:40:00+00:00,96.325,96.82,95.68,96.62,203291
2026-06-30T15:45:00+00:00,96.62,96.9,96.59,96.675,98243
2026-06-30T15:50:00+00:00,96.7,96.95,96.68,96.935,62672
2026-06-30T15:55:00+00:00,96.95,97.49,96.95,97.45,108212
2026-06-30T16:00:00+00:00,97.435,98.419,97.24,98.35,177767
2026-06-30T16:05:00+00:00,98.34,98.5,98.05,98.225,105377
2026-06-30T16:10:00+00:00,98.23,98.27,97.63,97.73,89618
2026-06-30T16:15:00+00:00,97.73,97.936,97.625,97.87,55458
2026-06-30T16:20:00+00:00,97.88,97.88,97.63,97.74,60361
2026-06-30T16:25:00+00:00,97.73,97.735,97.343,97.475,128421
2026-06-30T16:30:00+00:00,97.475,97.6,97.411,97.44,50936
2026-06-30T16:35:00+00:00,97.443,97.64,97.37,97.56,47543
2026-06-30T16:40:00+00:00,97.6,97.62,97.35,97.43,35366
2026-06-30T16:45:00+00:00,97.45,98.13,97.408,98.11,75426
2026-06-30T16:50:00+00:00,98.09,98.357,98.05,98.35,72675
2026-06-30T16:55:00+00:00,98.29,98.413,98.145,98.2,54378
2026-06-30T17:00:00+00:00,98.23,98.73,98.23,98.515,92667
2026-06-30T17:05:00+00:00,98.535,98.55,98.19,98.215,60140
2026-06-30T17:10:00+00:00,98.215,98.27,97.66,97.735,60990
2026-06-30T17:15:00+00:00,97.71,97.962,97.67,97.962,38979
2026-06-30T17:20:00+00:00,97.98,98.07,97.63,97.715,45225
2026-06-30T17:25:00+00:00,97.78,97.855,97.71,97.79,45592
2026-06-30T17:30:00+00:00,97.86,98.13,97.82,98.06,40960
2026-06-30T17:35:00+00:00,98.06,98.37,98.05,98.3,54263
2026-06-30T17:40:00+00:00,98.295,98.48,98.22,98.315,51054
2026-06-30T17:45:00+00:00,98.29,98.42,98.21,98.21,55153
2026-06-30T17:50:00+00:00,98.2,98.4,98.0,98.17,102708
2026-06-30T17:55:00+00:00,98.125,98.34,98.042,98.34,53145
2026-06-30T18:00:00+00:00,98.37,98.52,98.2,98.395,69478
2026-06-30T18:05:00+00:00,98.39,98.61,98.125,98.545,75534
2026-06-30T18:10:00+00:00,98.55,98.57,98.281,98.39,75276
2026-06-30T18:15:00+00:00,98.37,98.37,98.0,98.23,51134
2026-06-30T18:20:00+00:00,98.2,98.3,98.01,98.04,45592
2026-06-30T18:25:00+00:00,98.049,98.15,97.735,97.735,73904
2026-06-30T18:30:00+00:00,97.74,97.74,97.42,97.48,75196
2026-06-30T18:35:00+00:00,97.495,97.57,97.3,97.48,60661
2026-06-30T18:40:00+00:00,97.45,97.85,97.45,97.72,64825
2026-06-30T18:45:00+00:00,97.69,98.03,97.59,97.98,55104
2026-06-30T18:50:00+00:00,97.98,98.01,97.69,97.78,55636
2026-06-30T18:55:00+00:00,97.801,97.82,97.563,97.59,44043
2026-06-30T19:00:00+00:00,97.56,97.653,97.35,97.35,69039
2026-06-30T19:05:00+00:00,97.385,97.7,97.23,97.66,84278
2026-06-30T19:10:00+00:00,97.63,98.2,97.58,98.115,85399
2026-06-30T19:15:00+00:00,98.09,98.16,97.913,97.925,116381
2026-06-30T19:20:00+00:00,97.95,98.24,97.89,98.22,68260
2026-06-30T19:25:00+00:00,98.23,98.35,98.08,98.25,95249
2026-06-30T19:30:00+00:00,98.25,98.78,97.92,98.66,167524
2026-06-30T19:35:00+00:00,98.65,98.8,98.49,98.75,115095
2026-06-30T19:40:00+00:00,98.725,99.085,98.725,99.045,141900
2026-06-30T19:45:00+00:00,99.045,99.41,99.045,99.35,201766
2026-06-30T19:50:00+00:00,99.31,99.369,99.03,99.16,353863
2026-06-30T19:55:00+00:00,99.14,99.79,99.14,99.54,1064588
2026-06-30T20:00:00+00:00,99.54,99.98,99.3,99.85,184944
2026-06-30T20:05:00+00:00,99.85,100.6,99.77,100.6,57249
2026-06-30T20:10:00+00:00,100.6,100.96,99.54,100.42,26090
2026-06-30T20:15:00+00:00,100.4,100.58,100.04,100.35,13084
2026-06-30T20:20:00+00:00,100.4,101.37,100.301,101.16,49648
2026-06-30T20:25:00+00:00,101.22,101.4,100.9,101.32,9703
2026-06-30T20:30:00+00:00,101.25,101.4,100.71,100.8,16287
2026-06-30T20:35:00+00:00,101.0,101.25,100.8,100.924,9887
2026-06-30T20:40:00+00:00,101.1,101.1,100.85,100.98,3814
2026-06-30T20:45:00+00:00,100.894,100.899,100.0,100.53,36666
2026-06-30T20:50:00+00:00,100.4,100.69,100.148,100.412,2908
2026-06-30T20:55:00+00:00,100.5,100.75,100.5,100.522,46457
2026-06-30T21:00:00+00:00,100.5,100.8,100.25,100.25,2057
2026-06-30T21:05:00+00:00,100.43,100.6,100.25,100.263,1496
2026-06-30T21:10:00+00:00,100.267,100.5,100.25,100.36,1020
2026-06-30T21:15:00+00:00,100.36,100.5,100.2,100.25,3389
2026-06-30T21:20:00+00:00,100.24,100.352,100.02,100.25,2558
2026-06-30T21:25:00+00:00,100.351,100.4,100.13,100.4,2911
2026-06-30T21:30:00+00:00,100.3,100.4,100.25,100.3,4696
2026-06-30T21:35:00+00:00,100.226,100.4,100.226,100.398,1371
2026-06-30T21:40:00+00:00,100.3,100.4,100.2,100.4,2113
2026-06-30T21:45:00+00:00,100.388,100.4,100.24,100.34,1375
2026-06-30T21:50:00+00:00,100.3,100.6,100.2,100.56,10423
2026-06-30T21:55:00+00:00,100.56,100.8,100.3,100.44,81834
2026-06-30T22:00:00+00:00,100.44,100.7,100.3,100.58,1768
2026-06-30T22:05:00+00:00,100.56,100.7,100.35,100.41,4239
2026-06-30T22:10:00+00:00,100.5,100.7,100.4,100.68,1794
2026-06-30T22:15:00+00:00,100.65,101.0,100.6,101.0,13371
2026-06-30T22:20:00+00:00,101.0,101.0,100.6,100.8,1339
2026-06-30T22:25:00+00:00,100.84,100.912,100.6,100.88,2359
2026-06-30T22:30:00+00:00,100.88,100.88,100.666,100.84,879
2026-06-30T22:35:00+00:00,100.8,100.88,100.7,100.8,1882
2026-06-30T22:40:00+00:00,100.76,100.88,100.701,100.88,3128
2026-06-30T22:45:00+00:00,100.85,100.99,100.82,100.95,1842
2026-06-30T22:50:00+00:00,100.99,100.99,100.87,100.969,1086
2026-06-30T22:55:00+00:00,100.94,100.99,100.7,100.94,3409
2026-06-30T23:00:00+00:00,100.93,100.98,100.74,100.98,857
2026-06-30T23:05:00+00:00,100.96,101.17,100.79,101.15,6014
2026-06-30T23:10:00+00:00,101.02,101.15,101.0,101.11,2328
2026-06-30T23:15:00+00:00,101.11,101.3,101.11,101.25,4213
2026-06-30T23:20:00+00:00,101.3,101.35,101.25,101.349,4350
2026-06-30T23:25:00+00:00,101.3,101.35,101.27,101.35,3527
2026-06-30T23:30:00+00:00,101.25,101.38,101.15,101.38,3215
2026-06-30T23:35:00+00:00,101.37,101.49,101.25,101.38,6380
2026-06-30T23:40:00+00:00,101.48,101.48,101.24,101.24,2564
2026-06-30T23:45:00+00:00,101.25,101.45,101.19,101.42,7360
2026-06-30T23:50:00+00:00,101.44,101.44,101.18,101.25,3975
2026-06-30T23:55:00+00:00,101.28,101.35,101.18,101.32,8308
2026-07-01T08:00:00+00:00,99.731,99.994,98.68,99.2,14588
2026-07-01T08:05:00+00:00,99.05,99.9,98.68,99.17,3799
2026-07-01T08:10:00+00:00,99.11,99.21,99.027,99.2,1573
2026-07-01T08:15:00+00:00,99.2,99.49,99.2,99.41,228
2026-07-01T08:20:00+00:00,99.357,99.402,99.03,99.09,1334
2026-07-01T08:25:00+00:00,99.11,99.11,98.659,98.659,2229
2026-07-01T08:30:00+00:00,98.705,99.0,98.6,98.89,915
2026-07-01T08:35:00+00:00,98.7,98.9,98.6,98.7,1485
2026-07-01T08:40:00+00:00,98.69,98.87,98.69,98.8,2726
2026-07-01T08:45:00+00:00,98.89,98.94,98.8,98.94,2001
2026-07-01T08:50:00+00:00,98.9,99.0,98.828,98.85,464
2026-07-01T08:55:00+00:00,99.0,99.28,99.0,99.28,3347
2026-07-01T09:00:00+00:00,99.319,99.319,99.1,99.1,386
2026-07-01T09:05:00+00:00,99.06,99.28,99.06,99.25,245
2026-07-01T09:10:00+00:00,99.23,99.23,99.036,99.043,85
2026-07-01T09:15:00+00:00,99.18,99.238,99.12,99.191,82
2026-07-01T09:20:00+00:00,99.05,99.25,99.05,99.25,46
2026-07-01T09:25:00+00:00,99.237,99.25,99.06,99.06,296
2026-07-01T09:30:00+00:00,99.15,99.35,99.15,99.35,186
2026-07-01T09:35:00+00:00,99.35,99.947,99.15,99.947,3543
2026-07-01T09:40:00+00:00,99.96,99.99,99.8,99.99,871
2026-07-01T09:45:00+00:00,99.99,100.39,99.99,100.28,2087
2026-07-01T09:50:00+00:00,100.493,100.493,100.06,100.186,826
2026-07-01T09:55:00+00:00,100.5,100.5,100.1,100.172,674
2026-07-01T10:00:00+00:00,100.491,100.491,99.78,100.08,3355
2026-07-01T10:05:00+00:00,100.08,100.2,99.969,100.09,379
2026-07-01T10:10:00+00:00,100.03,100.09,99.89,99.989,513
2026-07-01T10:15:00+00:00,99.78,100.0,99.78,100.0,2901
2026-07-01T10:20:00+00:00,99.97,100.2,99.97,100.2,2164
2026-07-01T10:25:00+00:00,100.184,100.45,100.005,100.07,429
2026-07-01T10:30:00+00:00,100.2,100.33,100.03,100.312,1338
2026-07-01T10:35:00+00:00,100.31,100.43,100.038,100.2,483
2026-07-01T10:40:00+00:00,100.25,100.439,100.1,100.1,1743
2026-07-01T10:45:00+00:00,100.18,100.27,100.05,100.256,523
2026-07-01T10:50:00+00:00,100.26,100.27,100.1,100.109,239
2026-07-01T10:55:00+00:00,100.15,100.386,100.1,100.284,874
2026-07-01T11:00:00+00:00,100.15,100.3,100.01,100.15,2787
2026-07-01T11:05:00+00:00,100.26,100.38,100.21,100.27,3428
2026-07-01T11:10:00+00:00,100.268,100.49,100.2,100.287,6563
2026-07-01T11:15:00+00:00,100.34,100.45,100.28,100.38,2408
2026-07-01T11:20:00+00:00,100.36,100.48,100.25,100.295,5316
2026-07-01T11:25:00+00:00,100.45,100.48,100.31,100.32,11434
2026-07-01T11:30:00+00:00,100.41,100.48,100.25,100.25,12701
2026-07-01T11:35:00+00:00,100.25,100.4,100.12,100.15,2145
2026-07-01T11:40:00+00:00,100.2,100.34,100.01,100.11,2698
2026-07-01T11:45:00+00:00,100.23,100.4,100.06,100.11,2358
2026-07-01T11:50:00+00:00,100.07,100.4,99.99,100.0,5227
2026-07-01T11:55:00+00:00,99.99,100.0,99.81,99.99,5071
2026-07-01T12:00:00+00:00,100.0,100.02,99.72,99.72,4006
2026-07-01T12:05:00+00:00,99.73,99.95,99.6,99.73,5320
2026-07-01T12:10:00+00:00,99.82,100.0,99.74,99.93,6670
2026-07-01T12:15:00+00:00,99.901,100.32,99.9,100.2,3714
2026-07-01T12:20:00+00:00,100.192,100.2,100.04,100.19,2077
2026-07-01T12:25:00+00:00,100.2,100.2,99.9,99.905,4067
2026-07-01T12:30:00+00:00,99.81,99.876,95.02,96.0,77336
2026-07-01T12:35:00+00:00,95.94,96.55,93.01,93.07,106476
2026-07-01T12:40:00+00:00,93.68,95.77,92.99,94.25,91642
2026-07-01T12:45:00+00:00,94.36,94.5,90.75,91.172,187283
2026-07-01T12:50:00+00:00,91.11,91.85,89.22,90.921,240109
2026-07-01T12:55:00+00:00,90.908,91.75,90.33,90.46,183497
2026-07-01T13:00:00+00:00,90.5,91.49,90.275,91.07,105876
2026-07-01T13:05:00+00:00,91.09,91.75,89.64,90.0,168499
2026-07-01T13:10:00+00:00,89.81,90.11,89.5,89.99,123417
2026-07-01T13:15:00+00:00,89.853,90.5,88.8,89.15,216070
2026-07-01T13:20:00+00:00,89.29,89.3,88.61,88.749,161740
2026-07-01T13:25:00+00:00,88.71,89.99,88.2,88.9,263822
2026-07-01T13:30:00+00:00,88.865,88.96,86.0,87.823,2418850
2026-07-01T13:35:00+00:00,87.8,90.26,87.65,89.555,1364210
2026-07-01T13:40:00+00:00,89.56,89.89,88.88,88.88,942620
2026-07-01T13:45:00+00:00,88.88,89.184,88.0,88.52,896928
2026-07-01T13:50:00+00:00,88.47,89.59,88.145,89.085,692781
2026-07-01T13:55:00+00:00,89.085,89.48,88.605,88.73,601503
2026-07-01T14:00:00+00:00,88.72,89.11,88.353,88.5,626113
2026-07-01T14:05:00+00:00,88.505,89.49,88.41,88.55,473855
2026-07-01T14:10:00+00:00,88.52,89.63,88.5,88.85,609959
2026-07-01T14:15:00+00:00,88.82,89.0,88.15,88.49,616140
2026-07-01T14:20:00+00:00,88.49,88.682,87.8,87.93,810024
2026-07-01T14:25:00+00:00,87.91,88.27,87.27,87.43,619785
2026-07-01T14:30:00+00:00,87.43,87.8,86.3,86.53,827951
2026-07-01T14:35:00+00:00,86.505,86.78,86.22,86.41,666430
2026-07-01T14:40:00+00:00,86.4,86.513,86.08,86.25,624432
2026-07-01T14:45:00+00:00,86.235,86.4,85.53,86.18,954634
2026-07-01T14:50:00+00:00,86.18,86.4,85.3,85.38,808478
2026-07-01T14:55:00+00:00,85.371,85.599,85.05,85.51,722302
2026-07-01T15:00:00+00:00,85.52,86.39,85.41,86.29,683322
2026-07-01T15:05:00+00:00,86.315,86.73,85.92,85.975,518886
2026-07-01T15:10:00+00:00,85.97,86.045,85.6,85.75,484745
2026-07-01T15:15:00+00:00,85.77,86.91,85.75,86.805,570369
2026-07-01T15:20:00+00:00,86.79,87.19,86.54,86.65,486640
2026-07-01T15:25:00+00:00,86.655,87.47,86.5,87.45,590169
2026-07-01T15:30:00+00:00,87.445,87.83,87.351,87.705,472510
2026-07-01T15:35:00+00:00,87.7,87.76,87.1,87.13,469710
2026-07-01T15:40:00+00:00,87.101,87.41,86.93,87.0,335328
2026-07-01T15:45:00+00:00,87.0,87.08,86.62,86.79,359460
2026-07-01T15:50:00+00:00,86.79,86.805,86.28,86.5,297878
2026-07-01T15:55:00+00:00,86.5,86.98,86.34,86.79,334331
2026-07-01T16:00:00+00:00,86.795,87.32,86.795,87.035,237636
2026-07-01T16:05:00+00:00,87.04,87.23,86.78,86.891,200272
2026-07-01T16:10:00+00:00,86.9,87.24,86.78,87.145,227414
2026-07-01T16:15:00+00:00,87.145,87.18,86.82,87.14,190457
2026-07-01T16:20:00+00:00,87.115,87.18,86.81,86.84,300245
2026-07-01T16:25:00+00:00,86.84,86.84,86.51,86.635,230309
2026-07-01T16:30:00+00:00,86.605,86.98,86.42,86.66,355147
2026-07-01T16:35:00+00:00,86.66,86.775,86.34,86.728,553964
2026-07-01T16:40:00+00:00,86.695,86.8,86.25,86.7,318869
2026-07-01T16:45:00+00:00,86.7,86.7,86.445,86.58,208887
2026-07-01T16:50:00+00:00,86.59,86.8,86.148,86.22,346456
2026-07-01T16:55:00+00:00,86.22,86.47,86.2,86.27,160388
2026-07-01T17:00:00+00:00,86.27,86.501,86.065,86.303,260946
2026-07-01T17:05:00+00:00,86.3,86.35,85.88,86.325,350015
2026-07-01T17:10:00+00:00,86.33,86.64,86.25,86.258,203641
2026-07-01T17:15:00+00:00,86.255,86.93,86.185,86.92,223043
2026-07-01T17:20:00+00:00,86.913,87.2,86.805,87.09,324743
2026-07-01T17:25:00+00:00,87.09,87.39,86.88,87.21,309994
2026-07-01T17:30:00+00:00,87.2,87.59,87.16,87.53,255739
2026-07-01T17:35:00+00:00,87.56,87.68,87.3,87.52,224861
2026-07-01T17:40:00+00:00,87.54,87.63,87.32,87.455,199927
2026-07-01T17:45:00+00:00,87.455,87.62,87.02,87.09,253005
2026-07-01T17:50:00+00:00,87.1,87.81,87.06,87.655,223021
2026-07-01T17:55:00+00:00,87.655,87.82,87.225,87.24,210823
2026-07-01T18:00:00+00:00,87.24,87.74,87.2,87.71,244503
2026-07-01T18:05:00+00:00,87.71,87.83,87.165,87.41,342739
2026-07-01T18:10:00+00:00,87.42,87.63,87.26,87.32,273724
2026-07-01T18:15:00+00:00,87.325,88.175,87.32,88.16,319519
2026-07-01T18:20:00+00:00,88.16,88.24,87.83,88.185,237824
2026-07-01T18:25:00+00:00,88.185,88.33,88.095,88.28,221644
2026-07-01T18:30:00+00:00,88.26,88.267,87.775,88.16,257021
2026-07-01T18:35:00+00:00,88.165,88.72,87.915,87.92,372701
2026-07-01T18:40:00+00:00,87.93,88.04,87.15,87.39,275945
2026-07-01T18:45:00+00:00,87.41,87.41,86.89,86.98,236389
2026-07-01T18:50:00+00:00,86.98,87.03,86.54,86.61,275161
2026-07-01T18:55:00+00:00,86.605,86.67,86.435,86.535,256170
2026-07-01T19:00:00+00:00,86.53,86.78,86.35,86.665,237494
2026-07-01T19:05:00+00:00,86.68,86.87,86.45,86.825,240461
2026-07-01T19:10:00+00:00,86.81,87.1,86.57,86.66,217110
2026-07-01T19:15:00+00:00,86.67,87.3,86.65,87.275,237457
2026-07-01T19:20:00+00:00,87.28,87.83,87.2,87.735,406930
2026-07-01T19:25:00+00:00,87.73,87.73,86.905,87.05,289048
2026-07-01T19:30:00+00:00,87.04,87.565,87.03,87.525,338572
2026-07-01T19:35:00+00:00,87.55,87.55,86.755,86.795,329147
2026-07-01T19:40:00+00:00,86.795,86.795,85.9,85.91,514759
2026-07-01T19:45:00+00:00,85.92,85.96,85.25,85.265,955677
2026-07-01T19:50:00+00:00,85.27,85.97,85.01,85.93,943966
2026-07-01T19:55:00+00:00,85.91,85.91,85.63,85.685,936459
2026-07-01T20:00:00+00:00,85.685,86.47,85.5,85.6,231612
2026-07-01T20:05:00+00:00,85.6,85.89,85.26,85.85,45099
2026-07-01T20:10:00+00:00,85.89,85.95,85.685,85.788,32209
2026-07-01T20:15:00+00:00,85.789,85.8,85.05,85.18,54749
2026-07-01T20:20:00+00:00,85.2,85.2,85.08,85.15,29081
2026-07-01T20:25:00+00:00,85.148,85.15,85.0,85.05,32318
2026-07-01T20:30:00+00:00,85.05,85.05,85.0,85.01,38613
2026-07-01T20:35:00+00:00,85.01,85.5,85.0,85.434,53857
2026-07-01T20:40:00+00:00,85.49,85.773,85.317,85.773,12729
2026-07-01T20:45:00+00:00,85.8,85.95,85.658,85.91,24362
2026-07-01T20:50:00+00:00,85.88,85.93,85.62,85.89,18276
2026-07-01T20:55:00+00:00,85.801,85.96,85.75,85.95,8889
2026-07-01T21:00:00+00:00,85.96,86.12,85.942,86.108,7437
2026-07-01T21:05:00+00:00,86.11,86.34,85.96,86.34,14465
2026-07-01T21:10:00+00:00,86.35,86.44,86.16,86.25,19670
2026-07-01T21:15:00+00:00,86.23,86.25,86.0,86.15,5134
2026-07-01T21:20:00+00:00,86.198,86.45,85.68,86.398,19640
2026-07-01T21:25:00+00:00,86.4,86.5,86.34,86.448,4981
2026-07-01T21:30:00+00:00,86.45,86.5,86.37,86.489,5613
2026-07-01T21:35:00+00:00,86.45,86.5,86.26,86.36,8661
2026-07-01T21:40:00+00:00,86.36,86.5,86.3,86.5,8178
2026-07-01T21:45:00+00:00,86.49,86.7,86.49,86.52,19089
2026-07-01T21:50:00+00:00,86.52,86.7,86.52,86.675,3770
2026-07-01T21:55:00+00:00,86.65,86.68,86.45,86.536,7979
2026-07-01T22:00:00+00:00,86.645,86.65,86.52,86.53,7987
2026-07-01T22:05:00+00:00,86.56,86.65,86.52,86.65,2588
2026-07-01T22:10:00+00:00,86.52,86.7,86.52,86.59,2454
2026-07-01T22:15:00+00:00,86.52,86.65,86.45,86.5,14647
2026-07-01T22:20:00+00:00,86.55,86.75,86.5,86.75,4776
2026-07-01T22:25:00+00:00,86.75,86.85,86.65,86.8,7217
2026-07-01T22:30:00+00:00,86.85,86.88,86.75,86.81,6428
2026-07-01T22:35:00+00:00,86.87,86.95,86.75,86.9,9649
2026-07-01T22:40:00+00:00,86.9,86.98,86.75,86.95,7788
2026-07-01T22:45:00+00:00,86.95,86.98,86.75,86.94,4448
2026-07-01T22:50:00+00:00,86.85,86.94,86.5,86.8,8527
2026-07-01T22:55:00+00:00,86.78,86.9,86.65,86.85,4051
2026-07-01T23:00:00+00:00,86.9,86.9,86.64,86.75,3837
2026-07-01T23:05:00+00:00,86.65,86.79,86.6,86.6,4927
2026-07-01T23:10:00+00:00,86.7,86.76,86.5,86.62,4440
2026-07-01T23:15:00+00:00,86.52,86.7,86.5,86.6,8928
2026-07-01T23:20:00+00:00,86.62,86.65,86.5,86.633,10908
2026-07-01T23:25:00+00:00,86.53,86.65,86.5,86.6,7806
2026-07-01T23:30:00+00:00,86.62,86.65,86.5,86.6,5068
2026-07-01T23:35:00+00:00,86.55,86.6,86.5,86.539,4406
2026-07-01T23:40:00+00:00,86.59,86.65,86.53,86.64,2972
2026-07-01T23:45:00+00:00,86.64,86.64,86.53,86.533,6736
2026-07-01T23:50:00+00:00,86.54,86.6,86.5,86.5,8471
2026-07-01T23:55:00+00:00,86.572,86.59,86.4,86.4,18522
2026-07-02T08:00:00+00:00,84.26,86.64,83.907,84.01,55313
2026-07-02T08:05:00+00:00,84.24,85.0,83.38,83.61,21097
2026-07-02T08:10:00+00:00,83.7,83.87,83.5,83.6,8094
2026-07-02T08:15:00+00:00,83.65,83.83,83.442,83.5,3703
2026-07-02T08:20:00+00:00,83.54,83.7,83.403,83.51,4021
2026-07-02T08:25:00+00:00,83.6,83.89,83.518,83.58,4715
2026-07-02T08:30:00+00:00,83.65,84.2,83.56,84.2,9509
2026-07-02T08:35:00+00:00,84.2,84.483,84.16,84.2,2094
2026-07-02T08:40:00+00:00,84.15,84.48,84.09,84.48,2257
2026-07-02T08:45:00+00:00,84.4,84.75,84.4,84.5,3188
2026-07-02T08:50:00+00:00,84.55,84.75,84.5,84.61,7229
2026-07-02T08:55:00+00:00,84.71,85.18,84.65,85.18,5702
2026-07-02T09:00:00+00:00,85.17,85.2,84.58,84.58,1283
2026-07-02T09:05:00+00:00,84.58,84.829,84.51,84.51,2898
2026-07-02T09:10:00+00:00,84.71,84.9,84.52,84.52,145
2026-07-02T09:15:00+00:00,84.65,84.793,84.53,84.793,240
2026-07-02T09:20:00+00:00,84.6,84.75,84.41,84.51,542
2026-07-02T09:25:00+00:00,84.51,84.51,84.25,84.25,784
2026-07-02T09:30:00+00:00,84.4,85.08,84.2,84.81,10395
2026-07-02T09:35:00+00:00,84.632,85.04,84.632,85.02,1924
2026-07-02T09:40:00+00:00,84.978,85.02,84.8,84.98,1075
2026-07-02T09:45:00+00:00,84.954,84.961,84.64,84.89,2431
2026-07-02T09:50:00+00:00,84.82,85.0,84.75,84.83,271
2026-07-02T09:55:00+00:00,84.78,84.89,84.64,84.64,2821
2026-07-02T10:00:00+00:00,84.6,84.7,84.2,84.2,8201
2026-07-02T10:05:00+00:00,84.29,84.42,84.11,84.11,3892
2026-07-02T10:10:00+00:00,84.116,84.26,84.04,84.13,1481
2026-07-02T10:15:00+00:00,84.14,84.296,83.91,83.92,5454
2026-07-02T10:20:00+00:00,84.05,84.11,83.91,84.021,3975
2026-07-02T10:25:00+00:00,84.06,84.245,84.05,84.05,3179
2026-07-02T10:30:00+00:00,84.11,84.41,84.05,84.41,2324
2026-07-02T10:35:00+00:00,84.5,84.54,84.16,84.35,1492
2026-07-02T10:40:00+00:00,84.45,84.45,83.96,84.11,4932
2026-07-02T10:45:00+00:00,84.11,84.19,83.92,84.05,2489
2026-07-02T10:50:00+00:00,84.09,84.1,83.9,84.0,971
2026-07-02T10:55:00+00:00,84.0,84.2,83.95,84.0,3266
2026-07-02T11:00:00+00:00,84.07,84.74,84.055,84.51,27490
2026-07-02T11:05:00+00:00,84.51,84.8,84.43,84.701,11795
2026-07-02T11:10:00+00:00,84.75,85.19,84.75,85.19,14817
2026-07-02T11:15:00+00:00,85.199,85.2,84.67,84.67,10322
2026-07-02T11:20:00+00:00,84.8,85.0,84.54,84.81,7478
2026-07-02T11:25:00+00:00,84.8,84.95,84.7,84.75,7942
2026-07-02T11:30:00+00:00,84.75,84.95,84.71,84.859,4200
2026-07-02T11:35:00+00:00,84.91,85.05,84.7,85.04,7377
2026-07-02T11:40:00+00:00,85.0,85.35,84.86,85.35,8411
2026-07-02T11:45:00+00:00,85.3,85.53,85.2,85.4,16646
2026-07-02T11:50:00+00:00,85.413,85.75,85.402,85.55,12717
2026-07-02T11:55:00+00:00,85.55,85.9,85.43,85.74,9073
2026-07-02T12:00:00+00:00,85.74,86.28,85.45,86.1,14933
2026-07-02T12:05:00+00:00,86.1,86.88,86.02,86.86,46660
2026-07-02T12:10:00+00:00,86.69,87.29,86.5,87.2,39746
2026-07-02T12:15:00+00:00,87.2,87.48,87.0,87.0,58678
2026-07-02T12:20:00+00:00,87.0,87.23,87.0,87.005,32153
2026-07-02T12:25:00+00:00,87.042,87.43,86.91,87.43,24223
2026-07-02T12:30:00+00:00,87.429,88.0,87.1,87.49,70241
2026-07-02T12:35:00+00:00,87.5,88.47,87.4,88.01,60989
2026-07-02T12:40:00+00:00,88.05,88.1,87.7,87.7,37747
2026-07-02T12:45:00+00:00,87.7,87.71,87.25,87.385,42754
2026-07-02T12:50:00+00:00,87.39,87.48,87.2,87.202,29281
2026-07-02T12:55:00+00:00,87.2,87.25,86.51,87.002,32348
2026-07-02T13:00:00+00:00,87.16,87.3,86.8,87.108,13535
2026-07-02T13:05:00+00:00,87.096,87.11,86.75,86.79,15886
2026-07-02T13:10:00+00:00,86.8,87.24,86.76,87.01,17189
2026-07-02T13:15:00+00:00,87.02,87.48,87.0,87.44,20206
2026-07-02T13:20:00+00:00,87.4,87.47,87.2,87.44,19027
2026-07-02T13:25:00+00:00,87.3,87.42,86.2,86.26,36265
2026-07-02T13:30:00+00:00,86.27,86.27,84.36,85.37,1035166
2026-07-02T13:35:00+00:00,85.38,86.72,85.25,85.39,521692
2026-07-02T13:40:00+00:00,85.4,86.6,85.39,86.295,410211
2026-07-02T13:45:00+00:00,86.285,87.11,86.06,86.699,394657
2026-07-02T13:50:00+00:00,86.66,88.17,86.5,87.8,554638
2026-07-02T13:55:00+00:00,87.8,88.0,87.1,87.67,301786
2026-07-02T14:00:00+00:00,87.56,87.75,87.0,87.51,280506
2026-07-02T14:05:00+00:00,87.51,87.54,86.6,86.76,236882
2026-07-02T14:10:00+00:00,86.79,87.12,86.3,86.93,233505
2026-07-02T14:15:00+00:00,86.925,87.11,86.11,86.17,186106
2026-07-02T14:20:00+00:00,86.2,86.29,85.58,85.63,225358
2026-07-02T14:25:00+00:00,85.675,85.72,84.7,84.855,472594
2026-07-02T14:30:00+00:00,84.88,85.46,84.71,84.9,333633
2026-07-02T14:35:00+00:00,84.87,85.18,84.7,84.745,402229
2026-07-02T14:40:00+00:00,84.73,84.77,83.4,83.635,624798
2026-07-02T14:45:00+00:00,83.62,84.04,83.23,83.63,452515
2026-07-02T14:50:00+00:00,83.582,83.62,82.83,83.18,472942
2026-07-02T14:55:00+00:00,83.18,83.6,82.92,83.53,277813
2026-07-02T15:00:00+00:00,83.54,83.765,82.7,82.76,266540
2026-07-02T15:05:00+00:00,82.79,82.94,82.24,82.765,424522
2026-07-02T15:10:00+00:00,82.78,83.2,82.5,82.58,312845
2026-07-02T15:15:00+00:00,82.59,82.82,81.94,82.015,407257
2026-07-02T15:20:00+00:00,82.02,82.55,82.01,82.5,284870
2026-07-02T15:25:00+00:00,82.51,82.84,82.19,82.25,360948
2026-07-02T15:30:00+00:00,82.265,82.965,82.265,82.875,206217
2026-07-02T15:35:00+00:00,82.854,83.13,82.685,82.88,221003
2026-07-02T15:40:00+00:00,82.88,83.155,82.6,82.655,164509
2026-07-02T15:45:00+00:00,82.63,82.81,82.35,82.42,257025
2026-07-02T15:50:00+00:00,82.44,82.8,82.35,82.63,294413
2026-07-02T15:55:00+00:00,82.63,82.83,82.45,82.61,155123
2026-07-02T16:00:00+00:00,82.66,82.85,82.25,82.42,160292
2026-07-02T16:05:00+00:00,82.41,82.49,82.1,82.1,203794
2026-07-02T16:10:00+00:00,82.11,82.5,82.07,82.28,380140
2026-07-02T16:15:00+00:00,82.26,82.29,81.13,81.39,498845
2026-07-02T16:20:00+00:00,81.402,81.421,81.2,81.261,161324
2026-07-02T16:25:00+00:00,81.27,81.77,81.24,81.536,211486
2026-07-02T16:30:00+00:00,81.5,81.544,80.92,80.944,259199
2026-07-02T16:35:00+00:00,80.925,81.1,80.655,80.95,308211
2026-07-02T16:40:00+00:00,80.96,81.474,80.87,81.25,184961
2026-07-02T16:45:00+00:00,81.179,81.246,80.95,81.02,173935
2026-07-02T16:50:00+00:00,81.02,81.32,80.86,81.23,194904
2026-07-02T16:55:00+00:00,81.23,81.23,80.82,80.99,229918
2026-07-02T17:00:00+00:00,80.97,81.01,80.6,80.61,213323
2026-07-02T17:05:00+00:00,80.6,81.17,80.56,80.83,291377
2026-07-02T17:10:00+00:00,80.84,81.17,80.7,81.09,134808
2026-07-02T17:15:00+00:00,81.09,81.315,80.763,80.78,206303
2026-07-02T17:20:00+00:00,80.795,81.05,80.7,80.87,142740
2026-07-02T17:25:00+00:00,80.865,81.0,80.85,80.96,130073
2026-07-02T17:30:00+00:00,80.963,81.48,80.955,81.2,225695
2026-07-02T17:35:00+00:00,81.16,81.25,80.715,80.82,210212
2026-07-02T17:40:00+00:00,80.815,81.2,80.73,80.96,128852
2026-07-02T17:45:00+00:00,80.97,81.08,80.61,80.75,144895
2026-07-02T17:50:00+00:00,80.745,81.075,80.655,81.01,139638
2026-07-02T17:55:00+00:00,80.98,81.105,80.66,80.8,149065
2026-07-02T18:00:00+00:00,80.82,81.11,80.81,80.99,142050
2026-07-02T18:05:00+00:00,80.97,81.76,80.97,81.735,217233
2026-07-02T18:10:00+00:00,81.725,81.99,81.54,81.625,273419
2026-07-02T18:15:00+00:00,81.625,81.64,81.29,81.44,128356
2026-07-02T18:20:00+00:00,81.41,81.55,81.25,81.401,154894
2026-07-02T18:25:00+00:00,81.4,81.57,81.15,81.56,135291
2026-07-02T18:30:00+00:00,81.56,81.89,81.465,81.48,134238
2026-07-02T18:35:00+00:00,81.49,81.8,81.48,81.79,99739
2026-07-02T18:40:00+00:00,81.785,82.11,81.635,82.044,208106
2026-07-02T18:45:00+00:00,82.05,82.055,81.62,81.915,151935
2026-07-02T18:50:00+00:00,81.905,82.04,81.805,81.88,137787
2026-07-02T18:55:00+00:00,81.87,82.01,81.715,81.915,135312
2026-07-02T19:00:00+00:00,81.94,82.01,81.533,81.535,127863
2026-07-02T19:05:00+00:00,81.535,81.93,81.33,81.845,220188
2026-07-02T19:10:00+00:00,81.845,82.07,81.51,81.985,161434
2026-07-02T19:15:00+00:00,81.96,82.1,81.76,81.86,126053
2026-07-02T19:20:00+00:00,81.865,81.88,81.56,81.715,141483
2026-07-02T19:25:00+00:00,81.685,82.2,81.53,81.995,217897
2026-07-02T19:30:00+00:00,82.0,82.13,81.735,81.85,184528
2026-07-02T19:35:00+00:00,81.84,81.92,81.66,81.77,162489
2026-07-02T19:40:00+00:00,81.77,81.93,81.654,81.8,243703
2026-07-02T19:45:00+00:00,81.8,81.85,81.58,81.625,237635
2026-07-02T19:50:00+00:00,81.63,81.985,81.63,81.745,438972
2026-07-02T19:55:00+00:00,81.74,81.91,81.39,81.745,841873
2026-07-02T20:00:00+00:00,81.745,82.2,81.38,82.074,40031
2026-07-02T20:05:00+00:00,82.03,82.16,81.88,82.1,14644
2026-07-02T20:10:00+00:00,82.12,82.4,81.745,82.23,14201
2026-07-02T20:15:00+00:00,82.25,82.4,81.936,82.01,5903
2026-07-02T20:20:00+00:00,82.1,82.19,81.92,82.14,9550
2026-07-02T20:25:00+00:00,82.14,82.18,82.01,82.119,6276
2026-07-02T20:30:00+00:00,82.04,82.1,81.99,82.0,5252
2026-07-02T20:35:00+00:00,82.01,82.1,81.745,82.04,5219
2026-07-02T20:40:00+00:00,82.04,82.09,82.0,82.09,10409
2026-07-02T20:45:00+00:00,82.04,82.09,81.92,82.01,5723
2026-07-02T20:50:00+00:00,82.0,82.1,81.92,82.02,1902
2026-07-02T20:55:00+00:00,82.07,82.1,81.96,82.04,2397
2026-07-02T21:00:00+00:00,82.04,82.1,81.93,81.998,2849
2026-07-02T21:05:00+00:00,81.93,82.08,81.93,82.05,2153
2026-07-02T21:10:00+00:00,82.029,82.08,82.0,82.0,2246
2026-07-02T21:15:00+00:00,82.028,82.033,81.92,81.99,1669
2026-07-02T21:20:00+00:00,81.985,82.05,81.91,82.0,10916
2026-07-02T21:25:00+00:00,82.0,82.0,81.91,81.993,2270
2026-07-02T21:30:00+00:00,81.997,82.0,81.96,81.97,1005
2026-07-02T21:35:00+00:00,81.999,82.01,81.98,81.996,4268
2026-07-02T21:40:00+00:00,82.0,82.15,81.985,82.105,6851
2026-07-02T21:45:00+00:00,82.13,82.2,82.097,82.17,1705
2026-07-02T21:50:00+00:00,82.17,82.2,82.06,82.171,1031
2026-07-02T21:55:00+00:00,82.15,82.242,82.15,82.242,4681
2026-07-02T22:00:00+00:00,82.249,82.28,82.19,82.27,7555
2026-07-02T22:05:00+00:00,82.27,82.27,82.16,82.25,1873
2026-07-02T22:10:00+00:00,82.225,82.28,82.2,82.27,3231
2026-07-02T22:15:00+00:00,82.265,82.28,82.2,82.27,1262
2026-07-02T22:20:00+00:00,82.27,82.35,82.246,82.331,2665
2026-07-02T22:25:00+00:00,82.33,82.35,82.25,82.257,5495
2026-07-02T22:30:00+00:00,82.29,82.35,82.25,82.35,2044
2026-07-02T22:35:00+00:00,82.34,82.45,82.3,82.43,1972
2026-07-02T22:40:00+00:00,82.43,82.54,82.4,82.5,4142
2026-07-02T22:45:00+00:00,82.5,82.54,82.45,82.45,1622
2026-07-02T22:50:00+00:00,82.49,82.54,82.43,82.531,5846
2026-07-02T22:55:00+00:00,82.49,82.54,82.47,82.5,1311
2026-07-02T23:00:00+00:00,82.47,82.522,82.34,82.47,8736
2026-07-02T23:05:00+00:00,82.4,82.47,82.34,82.34,1345
2026-07-02T23:10:00+00:00,82.35,82.4,82.3,82.3,5184
2026-07-02T23:15:00+00:00,82.38,82.4,82.3,82.37,1818
2026-07-02T23:20:00+00:00,82.37,83.088,82.365,83.0,26662
2026-07-02T23:25:00+00:00,83.018,83.22,83.0,83.11,14087
2026-07-02T23:30:00+00:00,83.0,83.2,83.0,83.1,3203
2026-07-02T23:35:00+00:00,83.02,83.03,82.61,82.63,30947
2026-07-02T23:40:00+00:00,82.534,82.9,82.534,82.8,10107
2026-07-02T23:45:00+00:00,82.75,83.01,82.75,82.77,7371
2026-07-02T23:50:00+00:00,82.94,82.94,82.717,82.717,5750
2026-07-02T23:55:00+00:00,82.81,82.99,82.66,82.99,15654
2026-07-06T08:00:00+00:00,83.07,84.574,83.05,83.92,21583
2026-07-06T08:05:00+00:00,83.81,84.199,83.16,84.04,4114
2026-07-06T08:10:00+00:00,84.04,84.11,83.83,83.86,4806
2026-07-06T08:15:00+00:00,83.85,83.86,83.74,83.8,541
2026-07-06T08:20:00+00:00,83.84,84.0,83.763,83.9,578
2026-07-06T08:25:00+00:00,83.9,84.0,83.9,84.0,427
2026-07-06T08:30:00+00:00,84.08,84.19,83.842,83.842,1020
2026-07-06T08:35:00+00:00,83.913,84.0,83.913,84.0,200
2026-07-06T08:40:00+00:00,84.05,84.19,84.0,84.09,421
2026-07-06T08:45:00+00:00,84.09,84.14,84.0,84.0,939
2026-07-06T08:50:00+00:00,84.0,84.14,84.0,84.14,1392
2026-07-06T08:55:00+00:00,84.06,84.32,84.06,84.32,842
2026-07-06T09:00:00+00:00,84.23,84.342,84.14,84.23,700
2026-07-06T09:05:00+00:00,84.22,84.33,84.07,84.07,248
2026-07-06T09:10:00+00:00,84.05,84.06,83.9,83.9,1822
2026-07-06T09:15:00+00:00,84.1,84.1,83.87,83.89,547
2026-07-06T09:20:00+00:00,83.85,83.94,83.8,83.85,146
2026-07-06T09:25:00+00:00,83.85,83.99,83.8,83.86,1192
2026-07-06T09:30:00+00:00,83.82,83.82,83.71,83.75,494
2026-07-06T09:35:00+00:00,83.75,83.97,83.744,83.77,886
2026-07-06T09:40:00+00:00,83.77,83.97,83.77,83.945,1063
2026-07-06T09:45:00+00:00,83.962,83.98,83.813,83.94,117
2026-07-06T09:50:00+00:00,83.819,84.0,83.819,83.925,184
2026-07-06T09:55:00+00:00,83.915,84.0,83.9,83.91,1158
2026-07-06T10:00:00+00:00,83.9,84.0,83.82,83.849,1860
2026-07-06T10:05:00+00:00,83.85,84.0,83.82,83.85,945
2026-07-06T10:10:00+00:00,83.85,83.945,83.812,83.82,655
2026-07-06T10:15:00+00:00,83.85,83.95,83.76,83.89,679
2026-07-06T10:20:00+00:00,83.95,83.994,83.8,83.9,3153
2026-07-06T10:25:00+00:00,83.855,84.15,83.82,84.1,3411
2026-07-06T10:30:00+00:00,84.16,84.16,83.77,83.84,1695
2026-07-06T10:35:00+00:00,83.86,84.195,83.86,84.195,1146
2026-07-06T10:40:00+00:00,84.01,84.1,83.9,83.9,1391
2026-07-06T10:45:00+00:00,83.92,83.99,83.68,83.982,241
2026-07-06T10:50:00+00:00,83.88,83.9,83.75,83.81,132
2026-07-06T10:55:00+00:00,83.8,83.92,83.8,83.91,1831
2026-07-06T11:00:00+00:00,83.96,84.0,83.42,83.51,9231
2026-07-06T11:05:00+00:00,83.498,83.77,83.496,83.721,4398
2026-07-06T11:10:00+00:00,83.6,83.77,83.6,83.61,4320
2026-07-06T11:15:00+00:00,83.62,83.77,83.6,83.77,25325
2026-07-06T11:20:00+00:00,83.74,83.9,83.65,83.77,3962
2026-07-06T11:25:00+00:00,83.76,83.9,83.76,83.9,3018
2026-07-06T11:30:00+00:00,83.853,84.1,83.8,84.08,6861
2026-07-06T11:35:00+00:00,84.1,84.1,83.95,84.0,6828
2026-07-06T11:40:00+00:00,83.95,84.1,83.89,84.1,12882
2026-07-06T11:45:00+00:00,84.1,84.19,83.91,84.04,4708
2026-07-06T11:50:00+00:00,84.0,84.0,83.826,83.9,3071
2026-07-06T11:55:00+00:00,83.95,84.0,83.8,83.8,6031
2026-07-06T12:00:00+00:00,83.84,84.391,83.779,84.2,13282
2026-07-06T12:05:00+00:00,84.29,84.46,83.84,84.287,13318
2026-07-06T12:10:00+00:00,84.29,84.3,84.13,84.2,5560
2026-07-06T12:15:00+00:00,84.247,84.25,84.0,84.142,4197
2026-07-06T12:20:00+00:00,84.15,84.15,83.76,83.79,6986
2026-07-06T12:25:00+00:00,83.79,84.26,83.76,84.26,5831
2026-07-06T12:30:00+00:00,84.19,84.3,84.15,84.197,3043
2026-07-06T12:35:00+00:00,84.2,84.34,84.15,84.33,8409
2026-07-06T12:40:00+00:00,84.3,84.33,84.01,84.1,6926
2026-07-06T12:45:00+00:00,84.11,84.14,84.039,84.05,2739
2026-07-06T12:50:00+00:00,84.1,84.3,84.01,84.2,6903
2026-07-06T12:55:00+00:00,84.2,84.3,84.05,84.29,12860
2026-07-06T13:00:00+00:00,84.27,84.3,84.01,84.09,5845
2026-07-06T13:05:00+00:00,84.06,84.15,83.67,83.83,22057
2026-07-06T13:10:00+00:00,83.79,83.9,83.6,83.61,9688
2026-07-06T13:15:00+00:00,83.67,83.7,83.33,83.49,18288
2026-07-06T13:20:00+00:00,83.47,83.5,83.2,83.26,14076
2026-07-06T13:25:00+00:00,83.31,83.39,82.75,83.02,34999
2026-07-06T13:30:00+00:00,83.015,84.23,82.69,83.21,383471
2026-07-06T13:35:00+00:00,83.174,84.1,82.505,84.1,359056
2026-07-06T13:40:00+00:00,84.08,85.68,83.912,85.61,634967
2026-07-06T13:45:00+00:00,85.61,86.86,85.315,86.36,1163672
2026-07-06T13:50:00+00:00,86.37,86.45,85.5,86.25,629842
2026-07-06T13:55:00+00:00,86.25,86.56,85.73,86.04,305490
2026-07-06T14:00:00+00:00,86.08,86.18,85.36,85.492,260031
2026-07-06T14:05:00+00:00,85.43,86.07,85.18,85.95,237777
2026-07-06T14:10:00+00:00,85.82,86.45,85.705,86.07,209161
2026-07-06T14:15:00+00:00,86.06,86.3,85.85,86.03,194371
2026-07-06T14:20:00+00:00,86.01,86.79,86.0,86.3,183761
2026-07-06T14:25:00+00:00,86.28,86.609,86.08,86.15,145056
2026-07-06T14:30:00+00:00,86.1,86.45,85.99,86.185,138462
2026-07-06T14:35:00+00:00,86.16,86.45,85.9,85.932,129988
2026-07-06T14:40:00+00:00,85.93,86.25,85.57,86.03,150318
2026-07-06T14:45:00+00:00,86.03,86.16,85.835,85.96,268889
2026-07-06T14:50:00+00:00,85.94,86.12,85.7,85.8,122997
2026-07-06T14:55:00+00:00,85.77,85.932,85.535,85.878,102075
2026-07-06T15:00:00+00:00,85.84,86.124,85.66,85.9,83795
2026-07-06T15:05:00+00:00,85.9,86.05,85.62,85.728,96591
2026-07-06T15:10:00+00:00,85.78,86.08,85.305,85.765,151037
2026-07-06T15:15:00+00:00,85.73,85.86,85.36,85.86,119637
2026-07-06T15:20:00+00:00,85.79,85.93,85.55,85.88,94869
2026-07-06T15:25:00+00:00,85.81,85.98,85.73,85.91,79656
2026-07-06T15:30:00+00:00,85.86,86.125,85.786,86.07,97644
2026-07-06T15:35:00+00:00,86.03,86.28,85.736,86.03,230663
2026-07-06T15:40:00+00:00,86.0,86.28,85.84,86.09,163169
2026-07-06T15:45:00+00:00,86.11,86.78,86.07,86.625,197246
2026-07-06T15:50:00+00:00,86.61,86.99,86.6,86.905,158940
2026-07-06T15:55:00+00:00,86.86,87.15,86.74,86.867,143694
2026-07-06T16:00:00+00:00,86.84,86.88,86.4,86.43,117606
2026-07-06T16:05:00+00:00,86.45,86.94,86.383,86.873,131238
2026-07-06T16:10:00+00:00,86.84,87.3,86.73,87.095,143529
2026-07-06T16:15:00+00:00,87.06,87.13,86.82,87.02,87801
2026-07-06T16:20:00+00:00,87.065,87.075,86.92,87.0,99371
2026-07-06T16:25:00+00:00,86.99,87.09,86.77,87.03,90456
2026-07-06T16:30:00+00:00,87.02,87.53,86.9,87.46,181845
2026-07-06T16:35:00+00:00,87.39,87.54,87.15,87.205,103631
2026-07-06T16:40:00+00:00,87.166,87.3,86.97,87.08,86557
2026-07-06T16:45:00+00:00,87.03,87.23,86.95,87.22,74643
2026-07-06T16:50:00+00:00,87.228,87.28,86.8,86.82,98791
2026-07-06T16:55:00+00:00,86.84,86.84,86.43,86.51,107128
2026-07-06T17:00:00+00:00,86.47,86.89,86.22,86.79,156292
2026-07-06T17:05:00+00:00,86.78,87.22,86.71,87.2,121438
2026-07-06T17:10:00+00:00,87.21,87.26,86.84,87.04,94332
2026-07-06T17:15:00+00:00,87.04,87.07,86.7,86.79,69893
2026-07-06T17:20:00+00:00,86.77,86.77,86.46,86.64,96830
2026-07-06T17:25:00+00:00,86.6,86.9,86.53,86.825,99018
2026-07-06T17:30:00+00:00,86.8,86.95,86.52,86.65,101357
2026-07-06T17:35:00+00:00,86.62,86.86,86.54,86.75,83651
2026-07-06T17:40:00+00:00,86.75,86.75,86.33,86.345,119705
2026-07-06T17:45:00+00:00,86.31,86.52,86.14,86.25,91062
2026-07-06T17:50:00+00:00,86.27,86.4,85.95,85.995,120858
2026-07-06T17:55:00+00:00,85.995,86.065,85.615,85.635,79961
2026-07-06T18:00:00+00:00,85.65,85.67,85.4,85.47,161784
2026-07-06T18:05:00+00:00,85.48,85.68,85.35,85.68,119132
2026-07-06T18:10:00+00:00,85.69,86.03,85.53,85.96,105860
2026-07-06T18:15:00+00:00,85.96,86.36,85.96,86.225,72751
2026-07-06T18:20:00+00:00,86.24,86.35,86.2,86.34,50508
2026-07-06T18:25:00+00:00,86.315,86.38,86.17,86.2,80198
2026-07-06T18:30:00+00:00,86.18,86.39,86.09,86.32,64447
2026-07-06T18:35:00+00:00,86.3,86.45,86.21,86.25,60107
2026-07-06T18:40:00+00:00,86.23,86.33,86.16,86.26,48533
2026-07-06T18:45:00+00:00,86.2,86.63,86.18,86.54,54786
2026-07-06T18:50:00+00:00,86.535,86.579,86.35,86.49,74927
2026-07-06T18:55:00+00:00,86.5,86.52,86.28,86.33,55158
2026-07-06T19:00:00+00:00,86.38,86.59,86.28,86.38,68126
2026-07-06T19:05:00+00:00,86.33,86.49,86.17,86.34,79874
2026-07-06T19:10:00+00:00,86.335,86.39,85.96,86.04,90594
2026-07-06T19:15:00+00:00,85.99,86.035,85.811,85.995,96117
2026-07-06T19:20:00+00:00,85.98,86.02,85.84,85.91,75604
2026-07-06T19:25:00+00:00,85.89,86.13,85.86,86.03,86836
2026-07-06T19:30:00+00:00,86.0,86.015,85.72,85.98,110815
2026-07-06T19:35:00+00:00,85.96,86.149,85.9,86.08,89066
2026-07-06T19:40:00+00:00,86.065,86.64,86.0,86.57,135266
2026-07-06T19:45:00+00:00,86.55,86.78,86.55,86.57,148080
2026-07-06T19:50:00+00:00,86.52,86.62,86.29,86.32,430770
2026-07-06T19:55:00+00:00,86.35,86.77,86.35,86.46,665326
2026-07-06T20:00:00+00:00,86.46,86.7,86.31,86.65,430978
2026-07-06T20:05:00+00:00,86.68,86.85,86.46,86.713,146801
2026-07-06T20:10:00+00:00,86.46,86.8,86.46,86.72,2765
2026-07-06T20:15:00+00:00,86.69,86.79,86.65,86.736,1311
2026-07-06T20:20:00+00:00,86.746,86.8,86.466,86.78,16734
2026-07-06T20:25:00+00:00,86.7,86.8,86.7,86.787,2230
2026-07-06T20:30:00+00:00,86.8,86.8,86.7,86.758,2743
2026-07-06T20:35:00+00:00,86.76,86.77,86.72,86.75,4101
2026-07-06T20:40:00+00:00,86.74,86.8,86.7,86.79,6208
2026-07-06T20:45:00+00:00,86.75,86.8,86.65,86.8,2188
2026-07-06T20:50:00+00:00,86.75,86.85,86.75,86.85,138223
2026-07-06T20:55:00+00:00,86.85,86.95,86.85,86.92,3466
2026-07-06T21:00:00+00:00,86.92,86.948,86.85,86.94,746
2026-07-06T21:05:00+00:00,86.94,86.97,86.85,86.88,438
2026-07-06T21:10:00+00:00,86.929,87.09,86.92,86.95,6787
2026-07-06T21:15:00+00:00,86.95,87.09,86.95,87.078,3011
2026-07-06T21:20:00+00:00,87.02,87.09,86.95,87.044,2977
2026-07-06T21:25:00+00:00,87.06,87.09,86.95,87.0,5330
2026-07-06T21:30:00+00:00,87.08,87.19,86.95,87.11,2830
2026-07-06T21:35:00+00:00,87.178,87.178,87.01,87.032,2355
2026-07-06T21:40:00+00:00,87.05,87.08,86.96,87.023,3688
2026-07-06T21:45:00+00:00,87.08,87.08,87.0,87.04,2297
2026-07-06T21:50:00+00:00,87.08,87.08,87.0,87.002,455
2026-07-06T21:55:00+00:00,87.04,87.15,87.0,87.15,2064
2026-07-06T22:00:00+00:00,87.075,87.15,87.0,87.02,19337
2026-07-06T22:05:00+00:00,87.12,87.15,87.0,87.1,1655
2026-07-06T22:10:00+00:00,87.09,87.13,87.0,87.1,737
2026-07-06T22:15:00+00:00,87.119,87.13,87.025,87.12,464
2026-07-06T22:20:00+00:00,87.13,87.15,87.0,87.14,5264
2026-07-06T22:25:00+00:00,87.122,87.14,87.0,87.02,703
2026-07-06T22:30:00+00:00,87.02,87.14,87.0,87.1,793
2026-07-06T22:35:00+00:00,87.1,87.1,87.0,87.097,1179
2026-07-06T22:40:00+00:00,87.09,87.14,87.0,87.05,2428
2026-07-06T22:45:00+00:00,87.09,87.095,86.92,86.951,4991
2026-07-06T22:50:00+00:00,87.0,87.02,86.92,86.926,2376
2026-07-06T22:55:00+00:00,86.933,87.0,86.85,86.932,1666
2026-07-06T23:00:00+00:00,86.937,86.98,86.85,86.9,3483
2026-07-06T23:05:00+00:00,86.98,86.98,86.8,86.846,8005
2026-07-06T23:10:00+00:00,86.81,86.92,86.65,86.689,3059
2026-07-06T23:15:00+00:00,86.7,86.83,86.65,86.67,4472
2026-07-06T23:20:00+00:00,86.75,86.79,86.584,86.6,3109
2026-07-06T23:25:00+00:00,86.64,86.75,86.6,86.675,1283
2026-07-06T23:30:00+00:00,86.675,86.75,86.6,86.602,482
2026-07-06T23:35:00+00:00,86.7,86.75,86.5,86.59,580
2026-07-06T23:40:00+00:00,86.51,86.55,86.21,86.4,9177
2026-07-06T23:45:00+00:00,86.39,86.4,86.0,86.07,7366
2026-07-06T23:50:00+00:00,86.08,86.32,86.0,86.05,4579
2026-07-06T23:55:00+00:00,86.0,86.32,85.9,86.0,8597
2026-07-07T08:00:00+00:00,85.41,85.41,83.93,85.06,31331
2026-07-07T08:05:00+00:00,85.007,85.246,84.09,85.195,2063
2026-07-07T08:10:00+00:00,85.01,85.32,84.99,85.21,4052
2026-07-07T08:15:00+00:00,85.25,85.35,85.0,85.0,464
2026-07-07T08:20:00+00:00,85.2,85.35,85.2,85.35,171
2026-07-07T08:25:00+00:00,85.49,85.49,85.09,85.09,251
2026-07-07T08:30:00+00:00,85.23,85.5,85.064,85.39,2866
2026-07-07T08:35:00+00:00,85.38,85.38,85.24,85.24,37
2026-07-07T08:40:00+00:00,85.24,85.48,85.24,85.4,316
2026-07-07T08:45:00+00:00,85.4,85.4,85.4,85.4,0
2026-07-07T08:50:00+00:00,85.25,85.5,85.25,85.4,79
2026-07-07T08:55:00+00:00,85.25,85.41,85.2,85.2,290
2026-07-07T09:00:00+00:00,85.02,85.2,85.02,85.08,227
2026-07-07T09:05:00+00:00,85.017,85.4,85.017,85.251,280
2026-07-07T09:10:00+00:00,85.16,85.347,85.0,85.11,1356
2026-07-07T09:15:00+00:00,85.351,85.351,85.1,85.24,134
2026-07-07T09:20:00+00:00,85.22,85.24,85.2,85.2,316
2026-07-07T09:25:00+00:00,85.06,85.2,85.0,85.009,510
2026-07-07T09:30:00+00:00,85.007,85.02,84.97,85.01,862
2026-07-07T09:35:00+00:00,85.05,85.16,84.91,85.1,446
2026-07-07T09:40:00+00:00,85.07,85.12,85.01,85.12,64
2026-07-07T09:45:00+00:00,85.135,85.2,85.0,85.1,518
2026-07-07T09:50:00+00:00,85.0,85.12,85.0,85.12,746
2026-07-07T09:55:00+00:00,85.0,85.12,85.0,85.11,873
2026-07-07T10:00:00+00:00,85.1,85.29,85.1,85.29,122
2026-07-07T10:05:00+00:00,85.24,85.294,85.05,85.294,123
2026-07-07T10:10:00+00:00,85.294,85.294,85.0,85.0,1215
2026-07-07T10:15:00+00:00,85.0,85.55,85.0,85.479,2813
2026-07-07T10:20:00+00:00,85.45,85.52,85.322,85.46,307
2026-07-07T10:25:00+00:00,85.3,85.5,85.3,85.3,557
2026-07-07T10:30:00+00:00,85.3,85.44,85.03,85.03,1458
2026-07-07T10:35:00+00:00,85.21,85.45,85.18,85.18,91
2026-07-07T10:40:00+00:00,85.161,85.161,85.09,85.09,475
2026-07-07T10:45:00+00:00,85.15,85.2,85.06,85.08,564
2026-07-07T10:50:00+00:00,85.044,85.05,85.0,85.009,2403
2026-07-07T10:55:00+00:00,85.014,85.08,84.858,84.858,939
2026-07-07T11:00:00+00:00,84.99,85.0,84.5,84.69,12461
2026-07-07T11:05:00+00:00,84.68,84.68,84.4,84.48,6491
2026-07-07T11:10:00+00:00,84.34,84.5,84.09,84.44,2929
2026-07-07T11:15:00+00:00,84.25,84.5,84.23,84.3,3779
2026-07-07T11:20:00+00:00,84.38,84.84,84.301,84.553,15578
2026-07-07T11:25:00+00:00,84.64,84.832,84.31,84.421,2791
2026-07-07T11:30:00+00:00,84.44,84.55,84.19,84.464,7993
2026-07-07T11:35:00+00:00,84.3,84.55,84.25,84.3,2771
2026-07-07T11:40:00+00:00,84.26,84.79,84.16,84.66,6939
2026-07-07T11:45:00+00:00,84.79,84.8,84.5,84.5,3964
2026-07-07T11:50:00+00:00,84.5,84.5,84.3,84.306,1283
2026-07-07T11:55:00+00:00,84.31,84.5,84.27,84.467,3329
2026-07-07T12:00:00+00:00,84.5,84.9,84.45,84.84,6848
2026-07-07T12:05:00+00:00,84.9,85.4,84.89,85.1,7075
2026-07-07T12:10:00+00:00,85.266,85.5,85.24,85.4,5490
2026-07-07T12:15:00+00:00,85.39,85.4,85.2,85.2,7488
2026-07-07T12:20:00+00:00,85.27,85.38,85.109,85.187,1667
2026-07-07T12:25:00+00:00,85.2,85.3,85.1,85.13,5174
2026-07-07T12:30:00+00:00,85.268,85.3,84.9,84.9,1807
2026-07-07T12:35:00+00:00,85.02,85.45,84.89,85.45,1899
2026-07-07T12:40:00+00:00,85.45,85.45,85.1,85.23,2441
2026-07-07T12:45:00+00:00,85.32,85.42,84.71,84.76,2597
2026-07-07T12:50:00+00:00,84.86,84.9,84.5,84.6,5373
2026-07-07T12:55:00+00:00,84.51,84.79,84.51,84.623,2950
2026-07-07T13:00:00+00:00,84.63,84.63,84.3,84.31,6593
2026-07-07T13:05:00+00:00,84.31,84.65,84.2,84.46,4146
2026-07-07T13:10:00+00:00,84.46,84.64,84.25,84.53,3352
2026-07-07T13:15:00+00:00,84.526,84.53,84.0,84.096,10637
2026-07-07T13:20:00+00:00,84.16,84.16,83.8,83.99,7989
2026-07-07T13:25:00+00:00,83.99,84.57,83.481,83.7,17628
2026-07-07T13:30:00+00:00,83.74,85.293,83.42,85.0,559833
2026-07-07T13:35:00+00:00,85.0,85.18,83.13,83.625,424139
2026-07-07T13:40:00+00:00,83.58,84.73,83.49,84.457,213644
2026-07-07T13:45:00+00:00,84.34,84.355,83.05,83.2,297445
2026-07-07T13:50:00+00:00,83.19,83.35,82.49,82.6,305229
2026-07-07T13:55:00+00:00,82.57,82.65,81.67,82.42,438866
2026-07-07T14:00:00+00:00,82.42,82.51,81.64,81.73,360509
2026-07-07T14:05:00+00:00,81.72,82.29,81.38,81.6,264251
2026-07-07T14:10:00+00:00,81.64,81.645,80.8,80.879,295713
2026-07-07T14:15:00+00:00,80.865,80.93,80.39,80.695,532644
2026-07-07T14:20:00+00:00,80.685,80.868,80.01,80.05,450034
2026-07-07T14:25:00+00:00,80.055,80.66,79.79,80.38,454240
2026-07-07T14:30:00+00:00,80.385,80.7,80.11,80.11,243357
2026-07-07T14:35:00+00:00,80.1,80.27,79.79,79.91,241009
2026-07-07T14:40:00+00:00,79.9,79.98,79.456,79.93,253228
2026-07-07T14:45:00+00:00,79.9,80.8,79.85,80.75,293098
2026-07-07T14:50:00+00:00,80.76,81.2,80.665,80.97,188487
2026-07-07T14:55:00+00:00,80.98,81.39,80.919,81.13,153743
2026-07-07T15:00:00+00:00,81.15,81.411,81.04,81.185,136435
2026-07-07T15:05:00+00:00,81.2,81.82,81.015,81.805,149707
2026-07-07T15:10:00+00:00,81.8,82.11,81.7,81.74,189767
2026-07-07T15:15:00+00:00,81.695,81.82,81.39,81.59,162051
2026-07-07T15:20:00+00:00,81.555,82.13,81.52,81.97,173214
2026-07-07T15:25:00+00:00,81.96,82.31,81.83,82.29,146016
2026-07-07T15:30:00+00:00,82.308,82.49,82.12,82.185,167540
2026-07-07T15:35:00+00:00,82.15,82.22,81.63,81.66,137456
2026-07-07T15:40:00+00:00,81.64,82.04,81.38,81.98,148151
2026-07-07T15:45:00+00:00,82.026,82.42,81.93,81.95,125775
2026-07-07T15:50:00+00:00,81.92,82.36,81.92,82.26,80941
2026-07-07T15:55:00+00:00,82.21,82.685,82.08,82.588,122546
2026-07-07T16:00:00+00:00,82.555,82.94,82.53,82.7,190983
2026-07-07T16:05:00+00:00,82.7,83.081,82.63,82.83,137990
2026-07-07T16:10:00+00:00,82.79,83.07,82.64,83.035,140575
2026-07-07T16:15:00+00:00,83.035,83.145,82.845,83.07,141976
2026-07-07T16:20:00+00:00,83.06,83.65,83.06,83.28,149301
2026-07-07T16:25:00+00:00,83.29,83.65,83.259,83.4,121071
2026-07-07T16:30:00+00:00,83.38,83.65,83.2,83.545,111123
2026-07-07T16:35:00+00:00,83.58,83.67,83.23,83.636,114895
2026-07-07T16:40:00+00:00,83.645,83.68,83.32,83.48,123489
2026-07-07T16:45:00+00:00,83.46,83.64,83.33,83.56,89883
2026-07-07T16:50:00+00:00,83.55,83.67,83.1,83.11,132884
2026-07-07T16:55:00+00:00,83.12,83.12,82.69,82.89,138780
2026-07-07T17:00:00+00:00,82.84,83.22,82.82,83.185,81778
2026-07-07T17:05:00+00:00,83.185,83.46,83.147,83.2,92774
2026-07-07T17:10:00+00:00,83.23,83.24,82.92,82.93,67267
2026-07-07T17:15:00+00:00,82.925,83.16,82.79,83.06,75202
2026-07-07T17:20:00+00:00,83.1,83.34,82.95,83.17,76023
2026-07-07T17:25:00+00:00,83.16,83.205,83.01,83.095,64064
2026-07-07T17:30:00+00:00,83.13,83.48,83.0,83.47,227309
2026-07-07T17:35:00+00:00,83.48,83.6,83.23,83.39,189546
2026-07-07T17:40:00+00:00,83.369,83.47,83.27,83.435,64576
2026-07-07T17:45:00+00:00,83.44,83.45,83.23,83.31,67872
2026-07-07T17:50:00+00:00,83.3,83.53,83.17,83.45,71426
2026-07-07T17:55:00+00:00,83.465,83.6,83.36,83.45,90131
2026-07-07T18:00:00+00:00,83.45,84.55,82.92,83.92,506148
2026-07-07T18:05:00+00:00,83.92,83.98,83.17,83.32,205934
2026-07-07T18:10:00+00:00,83.3,83.32,82.995,83.06,141367
2026-07-07T18:15:00+00:00,83.08,83.43,83.06,83.43,120055
2026-07-07T18:20:00+00:00,83.455,83.5,83.274,83.3,78428
2026-07-07T18:25:00+00:00,83.3,83.3,82.825,82.85,90624
2026-07-07T18:30:00+00:00,82.865,82.99,82.74,82.86,95208
2026-07-07T18:35:00+00:00,82.86,82.96,82.72,82.82,97570
2026-07-07T18:40:00+00:00,82.79,82.84,82.325,82.47,112201
2026-07-07T18:45:00+00:00,82.47,82.54,82.13,82.215,129417
2026-07-07T18:50:00+00:00,82.215,82.25,81.93,82.13,139397
2026-07-07T18:55:00+00:00,82.125,82.205,81.94,81.94,101688
2026-07-07T19:00:00+00:00,81.95,82.02,81.73,81.95,114528
2026-07-07T19:05:00+00:00,81.97,82.248,81.77,81.882,110430
2026-07-07T19:10:00+00:00,81.85,81.94,81.62,81.78,119152
2026-07-07T19:15:00+00:00,81.78,81.869,81.54,81.76,130374
2026-07-07T19:20:00+00:00,81.74,82.225,81.6,82.105,229155
2026-07-07T19:25:00+00:00,82.088,82.35,81.84,82.23,160269
2026-07-07T19:30:00+00:00,82.22,83.125,82.17,83.052,198739
2026-07-07T19:35:00+00:00,83.09,83.49,83.01,83.25,231663
2026-07-07T19:40:00+00:00,83.23,83.41,83.1,83.305,288774
2026-07-07T19:45:00+00:00,83.32,83.76,83.17,83.182,221712
2026-07-07T19:50:00+00:00,83.22,83.45,83.08,83.25,348236
2026-07-07T19:55:00+00:00,83.25,83.77,83.25,83.53,991016
2026-07-07T20:00:00+00:00,83.53,84.21,83.37,83.93,117831
2026-07-07T20:05:00+00:00,83.582,83.92,83.48,83.49,117511
2026-07-07T20:10:00+00:00,83.53,83.8,83.46,83.57,1463
2026-07-07T20:15:00+00:00,83.53,83.68,83.37,83.443,964
2026-07-07T20:20:00+00:00,83.45,83.54,83.2,83.33,5715
2026-07-07T20:25:00+00:00,83.22,83.53,83.22,83.48,19501
2026-07-07T20:30:00+00:00,83.3,83.3,83.2,83.22,2213
2026-07-07T20:35:00+00:00,83.23,83.46,83.15,83.16,8135
2026-07-07T20:40:00+00:00,83.16,83.36,83.15,83.176,773
2026-07-07T20:45:00+00:00,83.333,83.36,83.15,83.339,5775
2026-07-07T20:50:00+00:00,83.33,83.53,83.2,83.23,146324
2026-07-07T20:55:00+00:00,83.244,83.25,82.91,83.0,21956
2026-07-07T21:00:00+00:00,82.995,83.25,82.82,83.0,13442
2026-07-07T21:05:00+00:00,82.998,83.0,82.9,82.95,5232
2026-07-07T21:10:00+00:00,82.995,83.0,82.75,82.82,4374
2026-07-07T21:15:00+00:00,82.82,82.82,82.704,82.704,4189
2026-07-07T21:20:00+00:00,82.7,82.82,82.6,82.61,4170
2026-07-07T21:25:00+00:00,82.56,82.57,82.25,82.5,7794
2026-07-07T21:30:00+00:00,82.45,82.82,82.22,82.746,1907
2026-07-07T21:35:00+00:00,82.82,82.82,82.25,82.59,2962
2026-07-07T21:40:00+00:00,82.8,82.82,82.323,82.6,1976
2026-07-07T21:45:00+00:00,82.5,82.7,82.26,82.5,2435
2026-07-07T21:50:00+00:00,82.657,82.68,82.48,82.64,1097
2026-07-07T21:55:00+00:00,82.64,82.64,82.5,82.5,1158
2026-07-07T22:00:00+00:00,82.45,82.68,82.26,82.68,12279
2026-07-07T22:05:00+00:00,82.68,82.68,82.48,82.65,4345
2026-07-07T22:10:00+00:00,82.62,82.68,82.512,82.571,1914
2026-07-07T22:15:00+00:00,82.6,82.68,82.5,82.523,2019
2026-07-07T22:20:00+00:00,82.65,82.68,82.46,82.65,1559
2026-07-07T22:25:00+00:00,82.59,82.68,82.55,82.68,3646
2026-07-07T22:30:00+00:00,82.68,82.82,82.58,82.794,7419
2026-07-07T22:35:00+00:00,82.67,82.82,82.67,82.819,1778
2026-07-07T22:40:00+00:00,82.81,82.82,82.66,82.68,955
2026-07-07T22:45:00+00:00,82.73,82.76,82.65,82.65,1443
2026-07-07T22:50:00+00:00,82.82,82.82,82.69,82.75,3834
2026-07-07T22:55:00+00:00,82.764,82.82,82.681,82.75,262
2026-07-07T23:00:00+00:00,82.75,82.82,82.48,82.48,5844
2026-07-07T23:05:00+00:00,82.46,82.46,82.37,82.37,1099
2026-07-07T23:10:00+00:00,82.371,82.39,82.35,82.364,2757
2026-07-07T23:15:00+00:00,82.36,82.75,82.36,82.6,7411
2026-07-07T23:20:00+00:00,82.58,82.58,82.36,82.434,1422
2026-07-07T23:25:00+00:00,82.45,82.6,82.38,82.5,1776
2026-07-07T23:30:00+00:00,82.487,82.5,82.396,82.5,959
2026-07-07T23:35:00+00:00,82.406,82.56,82.4,82.5,621
2026-07-07T23:40:00+00:00,82.5,82.5,82.38,82.391,5291
2026-07-07T23:45:00+00:00,82.45,82.5,82.27,82.27,2441
2026-07-07T23:50:00+00:00,82.28,82.34,81.83,81.99,32727
2026-07-07T23:55:00+00:00,81.97,82.15,81.85,82.11,8186
2026-07-08T08:00:00+00:00,82.42,83.8,82.31,82.85,14292
2026-07-08T08:05:00+00:00,82.83,83.8,82.41,82.91,1162
2026-07-08T08:10:00+00:00,83.116,83.116,83.116,83.116,156
2026-07-08T08:15:00+00:00,83.28,83.48,82.5,82.619,1068
2026-07-08T08:20:00+00:00,82.61,83.2,81.727,81.727,2037
2026-07-08T08:25:00+00:00,81.82,81.9,81.25,81.288,10906
2026-07-08T08:30:00+00:00,81.27,81.3,80.91,81.1,5328
2026-07-08T08:35:00+00:00,81.19,81.2,80.45,80.5,8087
2026-07-08T08:40:00+00:00,80.5,80.911,80.32,80.911,7104
2026-07-08T08:45:00+00:00,80.5,80.911,80.5,80.77,2621
2026-07-08T08:50:00+00:00,80.778,81.0,80.77,80.88,1977
2026-07-08T08:55:00+00:00,80.796,81.2,80.5,80.5,1337
2026-07-08T09:00:00+00:00,80.41,80.69,80.29,80.38,1672
2026-07-08T09:05:00+00:00,80.4,80.45,79.9,80.03,10091
2026-07-08T09:10:00+00:00,80.0,80.105,79.41,79.41,15797
2026-07-08T09:15:00+00:00,79.47,79.7,79.442,79.67,4870
2026-07-08T09:20:00+00:00,79.61,79.89,79.52,79.7,1855
2026-07-08T09:25:00+00:00,79.84,79.89,79.65,79.86,1200
2026-07-08T09:30:00+00:00,79.8,80.142,79.8,80.12,12884
2026-07-08T09:35:00+00:00,80.0,80.3,79.931,80.027,3960
2026-07-08T09:40:00+00:00,80.12,80.26,79.85,80.0,9801
2026-07-08T09:45:00+00:00,79.866,80.229,79.866,80.1,1665
2026-07-08T09:50:00+00:00,80.1,80.228,80.006,80.1,1133
2026-07-08T09:55:00+00:00,80.01,80.11,80.0,80.059,2418
2026-07-08T10:00:00+00:00,80.05,80.24,79.89,80.08,2389
2026-07-08T10:05:00+00:00,80.01,80.198,80.009,80.108,549
2026-07-08T10:10:00+00:00,80.21,80.24,80.09,80.19,1375
2026-07-08T10:15:00+00:00,80.2,80.3,80.096,80.3,4979
2026-07-08T10:20:00+00:00,80.33,80.541,80.2,80.33,799
2026-07-08T10:25:00+00:00,80.33,80.83,80.26,80.83,1615
2026-07-08T10:30:00+00:00,80.74,80.944,80.51,80.85,2368
2026-07-08T10:35:00+00:00,80.82,80.99,80.82,80.85,2681
2026-07-08T10:40:00+00:00,80.93,81.2,80.93,81.0,2156
2026-07-08T10:45:00+00:00,81.05,81.05,80.81,80.81,283
2026-07-08T10:50:00+00:00,80.96,81.0,80.78,80.78,6928
2026-07-08T10:55:00+00:00,80.78,80.985,80.78,80.9,827
2026-07-08T11:00:00+00:00,80.8,81.124,80.8,80.9,14346
2026-07-08T11:05:00+00:00,80.9,81.0,80.81,80.949,6689
2026-07-08T11:10:00+00:00,80.97,81.1,80.89,81.02,4426
2026-07-08T11:15:00+00:00,81.0,81.09,80.733,80.98,13979
2026-07-08T11:20:00+00:00,80.808,81.09,80.75,80.78,2073
2026-07-08T11:25:00+00:00,80.78,80.93,80.609,80.71,6907
2026-07-08T11:30:00+00:00,80.71,80.93,80.65,80.928,6793
2026-07-08T11:35:00+00:00,80.93,81.09,80.85,80.86,8405
2026-07-08T11:40:00+00:00,80.9,81.73,80.8,81.45,6377
2026-07-08T11:45:00+00:00,81.35,81.8,81.31,81.59,5054
2026-07-08T11:50:00+00:00,81.488,81.67,81.26,81.54,6679
2026-07-08T11:55:00+00:00,81.49,81.6,81.3,81.3,4191
2026-07-08T12:00:00+00:00,81.263,81.6,81.17,81.6,3543
2026-07-08T12:05:00+00:00,81.53,82.15,81.53,81.8,13753
2026-07-08T12:10:00+00:00,81.9,82.02,81.7,81.75,12561
2026-07-08T12:15:00+00:00,81.75,81.99,81.615,81.727,2324
2026-07-08T12:20:00+00:00,81.904,81.98,81.5,81.79,2436
2026-07-08T12:25:00+00:00,81.8,81.91,81.5,81.91,3846
2026-07-08T12:30:00+00:00,81.95,82.0,81.7,81.8,2293
2026-07-08T12:35:00+00:00,81.7,81.99,81.5,81.9,5820
2026-07-08T12:40:00+00:00,81.93,82.05,81.67,82.05,5596
2026-07-08T12:45:00+00:00,81.91,82.2,81.85,82.19,4697
2026-07-08T12:50:00+00:00,82.051,82.26,81.98,82.19,4016
2026-07-08T12:55:00+00:00,82.1,82.2,81.659,81.738,1121
2026-07-08T13:00:00+00:00,81.75,82.0,81.5,81.71,3592
2026-07-08T13:05:00+00:00,81.71,81.9,81.66,81.77,1185
2026-07-08T13:10:00+00:00,81.8,81.9,81.5,81.68,2146
2026-07-08T13:15:00+00:00,81.9,82.0,81.7,81.95,1857
2026-07-08T13:20:00+00:00,81.95,81.95,81.26,81.334,23637
2026-07-08T13:25:00+00:00,81.26,83.03,81.11,83.03,51812
2026-07-08T13:30:00+00:00,82.98,84.99,82.82,84.885,500983
2026-07-08T13:35:00+00:00,84.835,85.88,84.41,85.865,489281
2026-07-08T13:40:00+00:00,85.845,86.9,85.676,86.48,589407
2026-07-08T13:45:00+00:00,86.47,87.27,85.67,85.67,519794
2026-07-08T13:50:00+00:00,85.7,86.77,85.62,86.355,295437
2026-07-08T13:55:00+00:00,86.31,87.14,86.0,86.86,248508
2026-07-08T14:00:00+00:00,86.84,87.438,86.58,86.85,322306
2026-07-08T14:05:00+00:00,86.81,87.249,86.47,86.855,189049
2026-07-08T14:10:00+00:00,86.855,87.153,86.24,86.4,300565
2026-07-08T14:15:00+00:00,86.36,86.99,86.04,86.82,408815
2026-07-08T14:20:00+00:00,86.75,88.05,86.75,87.435,424042
2026-07-08T14:25:00+00:00,87.47,87.915,87.2,87.8,278521
2026-07-08T14:30:00+00:00,87.8,88.14,87.525,88.006,329239
2026-07-08T14:35:00+00:00,87.98,88.005,86.76,86.91,309087
2026-07-08T14:40:00+00:00,86.86,87.1,86.45,86.795,191794
2026-07-08T14:45:00+00:00,86.84,86.85,86.05,86.095,253614
2026-07-08T14:50:00+00:00,86.085,87.3,85.86,86.93,261356
2026-07-08T14:55:00+00:00,86.865,87.28,86.42,86.54,172213
2026-07-08T15:00:00+00:00,86.545,86.61,85.72,85.769,265250
2026-07-08T15:05:00+00:00,85.75,86.17,85.67,85.71,214161
2026-07-08T15:10:00+00:00,85.66,85.97,85.54,85.585,96097
2026-07-08T15:15:00+00:00,85.58,85.74,84.92,85.61,242207
2026-07-08T15:20:00+00:00,85.605,85.73,84.63,84.68,223355
2026-07-08T15:25:00+00:00,84.7,85.026,84.51,84.94,177457
2026-07-08T15:30:00+00:00,84.935,85.29,84.73,85.235,143306
2026-07-08T15:35:00+00:00,85.235,85.66,84.87,84.96,166519
2026-07-08T15:40:00+00:00,84.91,85.14,84.792,84.87,80531
2026-07-08T15:45:00+00:00,84.85,85.05,84.67,84.885,62052
2026-07-08T15:50:00+00:00,84.9,84.9,84.35,84.48,143292
2026-07-08T15:55:00+00:00,84.5,84.802,84.45,84.72,82327
2026-07-08T16:00:00+00:00,84.72,85.09,84.66,84.96,94039
2026-07-08T16:05:00+00:00,84.945,85.19,84.791,85.175,78687
2026-07-08T16:10:00+00:00,85.2,85.49,85.14,85.25,87559
2026-07-08T16:15:00+00:00,85.255,85.3,84.95,85.12,84871
2026-07-08T16:20:00+00:00,85.175,85.55,85.095,85.135,89986
2026-07-08T16:25:00+00:00,85.135,85.698,85.135,85.53,91894
2026-07-08T16:30:00+00:00,85.53,85.888,85.3,85.32,105109
2026-07-08T16:35:00+00:00,85.3,85.62,84.82,85.17,151468
2026-07-08T16:40:00+00:00,85.09,85.58,85.04,85.41,104249
2026-07-08T16:45:00+00:00,85.425,85.63,85.18,85.48,113044
2026-07-08T16:50:00+00:00,85.495,85.69,85.285,85.5,110375
2026-07-08T16:55:00+00:00,85.495,85.98,85.44,85.91,71374
2026-07-08T17:00:00+00:00,85.89,85.9,85.44,85.44,84247
2026-07-08T17:05:00+00:00,85.445,85.6,85.26,85.34,102907
2026-07-08T17:10:00+00:00,85.325,85.41,85.14,85.15,54012
2026-07-08T17:15:00+00:00,85.13,86.24,85.02,86.17,261501
2026-07-08T17:20:00+00:00,86.17,86.37,86.0,86.37,93238
2026-07-08T17:25:00+00:00,86.37,86.82,86.37,86.74,154077
2026-07-08T17:30:00+00:00,86.765,87.015,86.63,86.78,143041
2026-07-08T17:35:00+00:00,86.737,86.89,86.605,86.605,70026
2026-07-08T17:40:00+00:00,86.58,86.81,86.37,86.42,116012
2026-07-08T17:45:00+00:00,86.42,86.42,86.15,86.24,65595
2026-07-08T17:50:00+00:00,86.25,86.612,86.21,86.39,49413
2026-07-08T17:55:00+00:00,86.35,86.67,86.23,86.615,61384
2026-07-08T18:00:00+00:00,86.59,87.43,86.54,87.26,116641
2026-07-08T18:05:00+00:00,87.26,87.68,87.25,87.68,204137
2026-07-08T18:10:00+00:00,87.645,87.99,87.58,87.99,138413
2026-07-08T18:15:00+00:00,87.96,87.99,87.38,87.4,211320
2026-07-08T18:20:00+00:00,87.44,87.46,87.13,87.135,133033
2026-07-08T18:25:00+00:00,87.155,87.23,86.93,87.115,98720
2026-07-08T18:30:00+00:00,87.09,87.17,86.99,87.14,96216
2026-07-08T18:35:00+00:00,87.15,87.31,87.075,87.18,115794
2026-07-08T18:40:00+00:00,87.205,87.24,86.98,87.21,89211
2026-07-08T18:45:00+00:00,87.2,87.52,87.12,87.44,72325
2026-07-08T18:50:00+00:00,87.452,87.55,87.225,87.525,128118
2026-07-08T18:55:00+00:00,87.54,87.86,87.41,87.46,192382
2026-07-08T19:00:00+00:00,87.44,88.29,87.39,88.275,275638
2026-07-08T19:05:00+00:00,88.28,88.4,88.1,88.32,122493
2026-07-08T19:10:00+00:00,88.33,88.36,88.016,88.22,180391
2026-07-08T19:15:00+00:00,88.265,88.41,88.01,88.04,147575
2026-07-08T19:20:00+00:00,88.06,88.48,88.01,88.46,197496
2026-07-08T19:25:00+00:00,88.46,89.048,88.46,88.935,252016
2026-07-08T19:30:00+00:00,88.95,89.33,88.95,89.3,310942
2026-07-08T19:35:00+00:00,89.3,89.34,89.07,89.18,261631
2026-07-08T19:40:00+00:00,89.2,89.63,89.07,89.575,262039
2026-07-08T19:45:00+00:00,89.575,89.83,89.55,89.66,353269
2026-07-08T19:50:00+00:00,89.64,89.96,89.57,89.95,522675
2026-07-08T19:55:00+00:00,89.93,90.15,89.8,90.0,866884
2026-07-08T20:00:00+00:00,90.0,90.1,89.5,90.0,250384
2026-07-08T20:05:00+00:00,89.69,90.21,89.52,89.7,58431
2026-07-08T20:10:00+00:00,89.701,90.0,89.36,89.49,11696
2026-07-08T20:15:00+00:00,90.0,90.0,89.15,89.25,207174
2026-07-08T20:20:00+00:00,89.33,90.0,89.27,89.31,44012
2026-07-08T20:25:00+00:00,89.35,89.42,89.2,89.25,6796
2026-07-08T20:30:00+00:00,89.2,89.38,89.02,89.02,3993
2026-07-08T20:35:00+00:00,89.022,89.2,88.61,88.76,12804
2026-07-08T20:40:00+00:00,88.9,90.0,88.8,88.8,21722
2026-07-08T20:45:00+00:00,88.99,89.21,88.79,89.05,4646
2026-07-08T20:50:00+00:00,89.01,89.09,88.8,89.0,17262
2026-07-08T20:55:00+00:00,89.09,89.09,88.76,88.76,6031
2026-07-08T21:00:00+00:00,88.87,88.87,88.5,88.55,8739
2026-07-08T21:05:00+00:00,88.61,88.72,88.6,88.7,6028
2026-07-08T21:10:00+00:00,88.719,88.85,88.63,88.78,2157
2026-07-08T21:15:00+00:00,88.65,88.85,88.65,88.8,447
2026-07-08T21:20:00+00:00,88.78,89.04,88.76,88.94,1795
2026-07-08T21:25:00+00:00,88.75,89.0,88.75,88.93,3177
2026-07-08T21:30:00+00:00,88.91,89.0,88.9,88.94,4392
2026-07-08T21:35:00+00:00,89.0,89.0,88.94,88.95,2976
2026-07-08T21:40:00+00:00,89.072,89.09,88.95,89.03,894
2026-07-08T21:45:00+00:00,89.09,89.09,88.98,89.09,1928
2026-07-08T21:50:00+00:00,89.09,89.25,89.01,89.15,2635
2026-07-08T21:55:00+00:00,89.11,89.174,89.0,89.001,2736
2026-07-08T22:00:00+00:00,89.1,89.1,88.91,88.91,892
2026-07-08T22:05:00+00:00,88.98,89.08,88.73,88.81,21454
2026-07-08T22:10:00+00:00,88.84,89.0,88.8,88.999,543
2026-07-08T22:15:00+00:00,88.97,89.072,88.92,89.04,1135
2026-07-08T22:20:00+00:00,88.94,89.05,88.7,89.05,1511
2026-07-08T22:25:00+00:00,88.99,89.0,88.8,88.8,1292
2026-07-08T22:30:00+00:00,88.811,88.95,88.67,88.67,2237
2026-07-08T22:35:00+00:00,88.67,88.93,88.67,88.735,6900
2026-07-08T22:40:00+00:00,88.8,88.8,88.67,88.67,769
2026-07-08T22:45:00+00:00,88.75,88.8,88.67,88.784,398
2026-07-08T22:50:00+00:00,88.778,89.011,88.67,88.95,2278
2026-07-08T22:55:00+00:00,89.0,89.1,88.88,89.09,548
2026-07-08T23:00:00+00:00,88.85,89.06,88.84,88.97,3946
2026-07-08T23:05:00+00:00,88.97,88.97,88.74,88.87,3841
2026-07-08T23:10:00+00:00,88.83,89.03,88.7,88.87,2678
2026-07-08T23:15:00+00:00,88.97,89.0,88.8,88.93,8788
2026-07-08T23:20:00+00:00,88.883,88.883,88.67,88.8,2106
2026-07-08T23:25:00+00:00,88.75,88.9,88.75,88.85,4144
2026-07-08T23:30:00+00:00,88.85,88.894,88.7,88.839,2206
2026-07-08T23:35:00+00:00,88.83,88.97,88.67,88.85,3120
2026-07-08T23:40:00+00:00,88.87,89.0,88.71,88.9,2299
2026-07-08T23:45:00+00:00,88.98,89.1,88.9,89.1,4622
2026-07-08T23:50:00+00:00,89.15,89.36,88.87,89.2,5882
2026-07-08T23:55:00+00:00,89.25,89.25,89.25,89.25,0
2026-07-09T08:00:00+00:00,90.25,91.29,89.29,91.23,44597
2026-07-09T08:05:00+00:00,91.26,91.3,91.0,91.28,7663
2026-07-09T08:10:00+00:00,91.294,91.294,90.48,90.48,3291
2026-07-09T08:15:00+00:00,90.688,91.0,90.5,90.86,3152
2026-07-09T08:20:00+00:00,90.75,90.82,90.36,90.49,705
2026-07-09T08:25:00+00:00,90.53,90.74,90.35,90.4,1927
2026-07-09T08:30:00+00:00,90.35,90.48,90.063,90.063,1485
2026-07-09T08:35:00+00:00,90.132,90.35,90.12,90.35,2813
2026-07-09T08:40:00+00:00,90.31,90.58,90.18,90.354,674
2026-07-09T08:45:00+00:00,90.5,90.59,90.2,90.44,1105
2026-07-09T08:50:00+00:00,90.44,90.75,90.44,90.57,606
2026-07-09T08:55:00+00:00,90.75,90.886,90.601,90.62,940
2026-07-09T09:00:00+00:00,90.613,90.733,90.33,90.6,2529
2026-07-09T09:05:00+00:00,90.45,90.59,90.34,90.42,1821
2026-07-09T09:10:00+00:00,90.5,90.5,90.3,90.38,1998
2026-07-09T09:15:00+00:00,90.32,90.52,90.32,90.52,1637
2026-07-09T09:20:00+00:00,90.47,90.511,90.4,90.4,104
2026-07-09T09:25:00+00:00,90.406,90.74,90.406,90.66,440
2026-07-09T09:30:00+00:00,90.83,90.84,90.71,90.84,102
2026-07-09T09:35:00+00:00,90.75,90.81,90.56,90.56,1728
2026-07-09T09:40:00+00:00,90.8,90.8,90.8,90.8,1
2026-07-09T09:45:00+00:00,90.7,90.7,90.54,90.54,887
2026-07-09T09:50:00+00:00,90.79,90.79,90.508,90.7,170
2026-07-09T09:55:00+00:00,90.62,90.79,90.518,90.7,1024
2026-07-09T10:00:00+00:00,90.57,90.72,90.52,90.64,293
2026-07-09T10:05:00+00:00,90.64,90.72,90.63,90.72,171
2026-07-09T10:10:00+00:00,90.74,90.74,90.554,90.554,996
2026-07-09T10:15:00+00:00,90.56,90.7,90.52,90.52,1211
2026-07-09T10:20:00+00:00,90.534,90.84,90.534,90.82,940
2026-07-09T10:25:00+00:00,90.7,90.91,90.66,90.9,2196
2026-07-09T10:30:00+00:00,90.89,90.935,90.8,90.88,700
2026-07-09T10:35:00+00:00,90.88,90.98,90.82,90.98,387
2026-07-09T10:40:00+00:00,90.951,90.97,90.81,90.9,658
2026-07-09T10:45:00+00:00,90.89,90.98,90.7,90.75,884
2026-07-09T10:50:00+00:00,90.72,90.73,90.3,90.3,5910
2026-07-09T10:55:00+00:00,90.3,90.6,90.3,90.35,4728
2026-07-09T11:00:00+00:00,90.475,90.89,90.3,90.89,15506
2026-07-09T11:05:00+00:00,90.69,90.8,90.4,90.46,3413
2026-07-09T11:10:00+00:00,90.52,90.77,90.45,90.64,1348
2026-07-09T11:15:00+00:00,90.571,90.77,90.461,90.63,2392
2026-07-09T11:20:00+00:00,90.558,91.86,90.558,91.5,29291
2026-07-09T11:25:00+00:00,91.5,91.69,91.08,91.08,7483
2026-07-09T11:30:00+00:00,91.33,92.33,91.17,92.0,30795
2026-07-09T11:35:00+00:00,92.06,92.99,92.0,92.72,20719
2026-07-09T11:40:00+00:00,92.84,93.0,92.5,92.74,19377
2026-07-09T11:45:00+00:00,92.75,93.0,92.5,92.875,15686
2026-07-09T11:50:00+00:00,92.95,93.08,92.67,92.74,28311
2026-07-09T11:55:00+00:00,92.75,92.9,92.47,92.47,9045
2026-07-09T12:00:00+00:00,92.59,93.19,92.4,92.65,20382
2026-07-09T12:05:00+00:00,92.66,92.71,92.27,92.3,13029
2026-07-09T12:10:00+00:00,92.4,92.55,92.3,92.488,11742
2026-07-09T12:15:00+00:00,92.48,92.98,92.4,92.73,15106
2026-07-09T12:20:00+00:00,92.79,93.57,92.31,93.44,23389
2026-07-09T12:25:00+00:00,93.5,93.5,93.1,93.34,12566
2026-07-09T12:30:00+00:00,93.127,93.54,93.077,93.38,22402
2026-07-09T12:35:00+00:00,93.35,93.65,93.1,93.25,15833
2026-07-09T12:40:00+00:00,93.25,93.31,92.8,92.9,4827
2026-07-09T12:45:00+00:00,92.9,93.118,92.72,93.0,14957
2026-07-09T12:50:00+00:00,93.01,93.15,92.86,92.92,6325
2026-07-09T12:55:00+00:00,92.934,92.98,92.551,92.6,5671
2026-07-09T13:00:00+00:00,92.58,92.9,92.55,92.85,14193
2026-07-09T13:05:00+00:00,92.75,92.9,92.65,92.87,12823
2026-07-09T13:10:00+00:00,92.81,93.28,92.65,93.2,12849
2026-07-09T13:15:00+00:00,93.2,93.29,92.7,92.81,9629
2026-07-09T13:20:00+00:00,92.87,93.5,92.7,93.48,19706
2026-07-09T13:25:00+00:00,93.408,93.88,93.15,93.2,19988
2026-07-09T13:30:00+00:00,93.33,95.136,93.0,93.16,1183407
2026-07-09T13:35:00+00:00,93.16,93.56,92.4,93.505,542563
2026-07-09T13:40:00+00:00,93.53,93.82,92.84,93.47,331202
2026-07-09T13:45:00+00:00,93.41,93.72,91.77,92.54,423465
2026-07-09T13:50:00+00:00,92.55,93.64,92.38,93.43,263153
2026-07-09T13:55:00+00:00,93.441,93.67,93.18,93.495,196186
2026-07-09T14:00:00+00:00,93.485,93.93,93.33,93.755,268585
2026-07-09T14:05:00+00:00,93.76,93.966,93.2,93.3,243647
2026-07-09T14:10:00+00:00,93.26,93.33,92.745,92.85,156668
2026-07-09T14:15:00+00:00,92.78,92.91,91.22,91.34,403208
2026-07-09T14:20:00+00:00,91.335,91.44,90.21,91.0,380016
2026-07-09T14:25:00+00:00,91.04,91.45,90.63,91.265,226723
2026-07-09T14:30:00+00:00,91.23,91.75,91.13,91.6,138781
2026-07-09T14:35:00+00:00,91.57,92.44,91.32,92.395,302579
2026-07-09T14:40:00+00:00,92.395,93.01,92.14,92.685,312783
2026-07-09T14:45:00+00:00,92.75,93.35,92.609,92.85,197366
2026-07-09T14:50:00+00:00,92.8,92.8,92.02,92.4,148643
2026-07-09T14:55:00+00:00,92.41,92.78,92.17,92.65,90281
2026-07-09T15:00:00+00:00,92.71,92.901,92.3,92.515,96048
2026-07-09T15:05:00+00:00,92.54,92.815,92.42,92.76,67506
2026-07-09T15:10:00+00:00,92.8,92.878,92.52,92.63,94294
2026-07-09T15:15:00+00:00,92.58,92.845,92.35,92.415,97857
2026-07-09T15:20:00+00:00,92.411,92.8,92.3,92.8,89274
2026-07-09T15:25:00+00:00,92.81,93.05,92.76,92.98,157208
2026-07-09T15:30:00+00:00,92.93,93.06,92.78,92.87,92266
2026-07-09T15:35:00+00:00,92.84,93.11,92.795,92.96,88371
2026-07-09T15:40:00+00:00,92.94,93.3,92.91,93.045,93242
2026-07-09T15:45:00+00:00,93.06,93.19,92.71,92.865,86475
2026-07-09T15:50:00+00:00,92.84,93.11,92.76,92.922,77825
2026-07-09T15:55:00+00:00,92.88,93.015,92.78,92.78,88269
2026-07-09T16:00:00+00:00,92.83,93.119,92.63,92.68,91266
2026-07-09T16:05:00+00:00,92.65,93.0,92.645,92.84,117565
2026-07-09T16:10:00+00:00,92.84,92.96,92.35,92.35,94532
2026-07-09T16:15:00+00:00,92.325,92.575,92.3,92.5,106196
2026-07-09T16:20:00+00:00,92.485,92.485,92.11,92.275,86676
2026-07-09T16:25:00+00:00,92.275,92.275,91.868,91.915,108809
2026-07-09T16:30:00+00:00,91.94,92.099,91.82,91.915,70383
2026-07-09T16:35:00+00:00,91.86,91.99,91.58,91.94,106003
2026-07-09T16:40:00+00:00,91.935,92.08,91.84,92.01,54292
2026-07-09T16:45:00+00:00,91.96,91.963,91.71,91.875,56563
2026-07-09T16:50:00+00:00,91.88,92.17,91.85,92.0,73738
2026-07-09T16:55:00+00:00,91.955,92.02,91.77,91.81,45964
2026-07-09T17:00:00+00:00,91.84,91.91,91.558,91.668,97523
2026-07-09T17:05:00+00:00,91.67,91.73,91.47,91.62,118209
2026-07-09T17:10:00+00:00,91.62,91.963,91.56,91.94,66299
2026-07-09T17:15:00+00:00,91.97,92.13,91.96,92.08,66074
2026-07-09T17:20:00+00:00,92.09,92.13,91.762,91.91,99407
2026-07-09T17:25:00+00:00,91.89,91.89,91.45,91.53,100952
2026-07-09T17:30:00+00:00,91.52,91.65,91.27,91.44,129572
2026-07-09T17:35:00+00:00,91.44,91.6,91.4,91.45,75847
2026-07-09T17:40:00+00:00,91.435,91.68,91.34,91.425,81360
2026-07-09T17:45:00+00:00,91.435,91.82,91.365,91.82,88371
2026-07-09T17:50:00+00:00,91.82,92.2,91.76,92.12,92937
2026-07-09T17:55:00+00:00,92.14,92.53,92.09,92.45,105856
2026-07-09T18:00:00+00:00,92.435,92.49,92.11,92.19,68497
2026-07-09T18:05:00+00:00,92.2,92.86,92.13,92.13,163101
2026-07-09T18:10:00+00:00,92.13,92.13,90.56,90.7,272836
2026-07-09T18:15:00+00:00,90.69,91.52,90.31,91.385,183618
2026-07-09T18:20:00+00:00,91.36,91.36,90.99,91.08,110664
2026-07-09T18:25:00+00:00,91.067,91.33,90.735,90.94,154373
2026-07-09T18:30:00+00:00,90.96,91.11,90.8,90.96,100542
2026-07-09T18:35:00+00:00,90.96,91.24,90.94,91.095,80534
2026-07-09T18:40:00+00:00,91.07,91.295,90.88,90.89,89130
2026-07-09T18:45:00+00:00,90.9,91.105,90.71,90.775,133520
2026-07-09T18:50:00+00:00,90.78,90.88,90.725,90.725,102856
2026-07-09T18:55:00+00:00,90.7,90.74,90.39,90.6,196497
2026-07-09T19:00:00+00:00,90.6,90.6,90.25,90.26,152057
2026-07-09T19:05:00+00:00,90.26,90.39,90.1,90.38,150560
2026-07-09T19:10:00+00:00,90.37,90.48,89.651,89.835,364797
2026-07-09T19:15:00+00:00,89.84,90.06,89.475,89.96,198626
2026-07-09T19:20:00+00:00,89.95,90.06,89.8,89.82,130744
2026-07-09T19:25:00+00:00,89.82,89.893,89.56,89.62,145226
2026-07-09T19:30:00+00:00,89.615,89.8,89.372,89.75,216280
2026-07-09T19:35:00+00:00,89.74,89.96,89.71,89.74,122252
2026-07-09T19:40:00+00:00,89.74,89.77,89.45,89.68,227140
2026-07-09T19:45:00+00:00,89.67,89.89,89.65,89.83,213266
2026-07-09T19:50:00+00:00,89.825,89.89,89.57,89.69,263059
2026-07-09T19:55:00+00:00,89.7,89.9,89.55,89.7,804956
2026-07-09T20:00:00+00:00,89.64,89.7,88.95,89.16,3235988
2026-07-09T20:05:00+00:00,89.172,89.5,89.05,89.17,5284
2026-07-09T20:10:00+00:00,89.17,89.7,89.16,89.5,8893
2026-07-09T20:15:00+00:00,89.5,89.5,89.21,89.35,3900
2026-07-09T20:20:00+00:00,89.3,89.35,89.2,89.2,4752
2026-07-09T20:25:00+00:00,89.22,89.7,89.15,89.16,40065
2026-07-09T20:30:00+00:00,89.17,89.7,89.17,89.35,24270
2026-07-09T20:35:00+00:00,89.39,89.5,89.34,89.48,17476
2026-07-09T20:40:00+00:00,89.295,89.46,89.295,89.439,1659
2026-07-09T20:45:00+00:00,89.44,89.66,89.304,89.65,3584
2026-07-09T20:50:00+00:00,89.64,89.89,89.5,89.69,2469
2026-07-09T20:55:00+00:00,89.5,89.69,89.5,89.55,1211
2026-07-09T21:00:00+00:00,89.55,89.59,89.29,89.498,1766
2026-07-09T21:05:00+00:00,89.291,89.5,89.2,89.35,1303
2026-07-09T21:10:00+00:00,89.39,89.58,89.29,89.54,2294
2026-07-09T21:15:00+00:00,89.5,89.58,89.496,89.5,1850
2026-07-09T21:20:00+00:00,89.42,89.66,89.35,89.66,2769
2026-07-09T21:25:00+00:00,89.5,89.59,89.35,89.451,842
2026-07-09T21:30:00+00:00,89.46,89.5,89.35,89.5,1677
2026-07-09T21:35:00+00:00,89.5,89.5,89.35,89.46,1216
2026-07-09T21:40:00+00:00,89.35,89.5,89.35,89.35,2124
2026-07-09T21:45:00+00:00,89.35,89.5,89.35,89.5,141
2026-07-09T21:50:00+00:00,89.35,89.5,89.35,89.47,551
2026-07-09T21:55:00+00:00,89.604,89.61,89.45,89.47,24406
2026-07-09T22:00:00+00:00,89.69,89.69,89.35,89.51,443
2026-07-09T22:05:00+00:00,89.51,89.69,89.43,89.578,153
2026-07-09T22:10:00+00:00,89.473,89.66,89.44,89.55,2326
2026-07-09T22:15:00+00:00,89.55,89.6,89.5,89.5,1090
2026-07-09T22:20:00+00:00,89.45,89.54,89.45,89.53,774
2026-07-09T22:25:00+00:00,89.48,89.52,89.35,89.45,7110
2026-07-09T22:30:00+00:00,89.38,89.5,89.38,89.45,1542
2026-07-09T22:35:00+00:00,89.5,89.5,89.4,89.5,427
2026-07-09T22:40:00+00:00,89.5,89.581,89.45,89.58,1219
2026-07-09T22:45:00+00:00,89.58,89.58,89.45,89.52,485
2026-07-09T22:50:00+00:00,89.467,89.58,89.463,89.53,972
2026-07-09T22:55:00+00:00,89.49,89.65,89.47,89.65,2480
2026-07-09T23:00:00+00:00,89.647,89.68,89.62,89.62,837
2026-07-09T23:05:00+00:00,89.65,89.717,89.58,89.58,335
2026-07-09T23:10:00+00:00,89.68,89.7,89.62,89.62,392
2026-07-09T23:15:00+00:00,89.57,89.7,89.57,89.7,186
2026-07-09T23:20:00+00:00,89.7,89.7,89.6,89.608,902
2026-07-09T23:25:00+00:00,89.613,89.7,89.61,89.7,1915
2026-07-09T23:30:00+00:00,89.7,89.77,89.61,89.72,1507
2026-07-09T23:35:00+00:00,89.718,89.8,89.71,89.75,1985
2026-07-09T23:40:00+00:00,89.75,89.82,89.7,89.76,1424
2026-07-09T23:45:00+00:00,89.76,89.81,89.7,89.76,2233
2026-07-09T23:50:00+00:00,89.76,89.97,89.7,89.97,2583
2026-07-09T23:55:00+00:00,89.992,89.992,89.992,89.992,0
2026-07-10T08:00:00+00:00,88.95,90.3,87.894,89.0,21452
2026-07-10T08:05:00+00:00,88.85,90.01,88.61,88.8,4033
2026-07-10T08:10:00+00:00,88.86,89.1,88.7,88.85,2429
2026-07-10T08:15:00+00:00,88.84,88.91,88.81,88.81,353
2026-07-10T08:20:00+00:00,88.78,88.78,88.6,88.75,342
2026-07-10T08:25:00+00:00,88.68,88.81,88.57,88.8,430
2026-07-10T08:30:00+00:00,88.75,88.8,88.627,88.8,2562
2026-07-10T08:35:00+00:00,88.8,88.991,88.61,88.99,1036
2026-07-10T08:40:00+00:00,88.647,88.99,88.647,88.99,97
2026-07-10T08:45:00+00:00,89.0,89.2,89.0,89.2,582
2026-07-10T08:50:00+00:00,89.2,89.2,89.0,89.0,1125
2026-07-10T08:55:00+00:00,89.03,89.03,88.848,88.848,986
2026-07-10T09:00:00+00:00,89.0,89.0,88.659,89.0,1658
2026-07-10T09:05:00+00:00,88.99,89.23,88.99,89.07,1870
2026-07-10T09:10:00+00:00,89.07,89.395,89.07,89.395,1152
2026-07-10T09:15:00+00:00,89.3,89.35,89.24,89.26,462
2026-07-10T09:20:00+00:00,89.25,89.4,89.08,89.4,1248
2026-07-10T09:25:00+00:00,89.32,89.9,89.32,89.6,1806
2026-07-10T09:30:00+00:00,89.6,89.84,89.6,89.61,439
2026-07-10T09:35:00+00:00,89.87,89.87,89.66,89.66,217
2026-07-10T09:40:00+00:00,89.72,89.964,89.7,89.964,321
2026-07-10T09:45:00+00:00,89.946,89.99,89.61,89.8,957
2026-07-10T09:50:00+00:00,89.79,89.8,89.249,89.48,3346
2026-07-10T09:55:00+00:00,89.58,89.58,89.54,89.54,220
2026-07-10T10:00:00+00:00,89.27,89.7,89.27,89.5,4106
2026-07-10T10:05:00+00:00,89.517,89.63,89.517,89.63,200
2026-07-10T10:10:00+00:00,89.6,89.6,89.41,89.5,41
2026-07-10T10:15:00+00:00,89.418,89.64,89.36,89.64,1076
2026-07-10T10:20:00+00:00,89.54,89.65,89.54,89.65,222
2026-07-10T10:25:00+00:00,89.6,89.64,89.447,89.64,11
2026-07-10T10:30:00+00:00,89.6,89.75,89.6,89.75,2891
2026-07-10T10:35:00+00:00,89.715,89.715,89.71,89.71,62
2026-07-10T10:40:00+00:00,89.75,89.75,89.61,89.68,909
2026-07-10T10:45:00+00:00,89.68,89.712,89.43,89.712,1692
2026-07-10T10:50:00+00:00,89.598,89.69,89.51,89.66,796
2026-07-10T10:55:00+00:00,89.66,89.8,89.63,89.8,444
2026-07-10T11:00:00+00:00,89.82,90.42,89.75,90.3,9418
2026-07-10T11:05:00+00:00,90.3,90.4,90.0,90.2,9905
2026-07-10T11:10:00+00:00,90.042,90.39,90.04,90.32,3164
2026-07-10T11:15:00+00:00,90.398,90.59,90.355,90.568,7942
2026-07-10T11:20:00+00:00,90.55,90.714,90.47,90.626,7143
2026-07-10T11:25:00+00:00,90.53,90.59,90.24,90.31,9797
2026-07-10T11:30:00+00:00,90.3,90.31,89.8,89.9,4776
2026-07-10T11:35:00+00:00,89.91,89.94,89.56,89.587,1979
2026-07-10T11:40:00+00:00,89.673,90.01,89.673,89.92,6841
2026-07-10T11:45:00+00:00,90.0,90.05,89.735,89.735,1931
2026-07-10T11:50:00+00:00,89.91,90.0,89.85,89.87,1333
2026-07-10T11:55:00+00:00,89.91,89.97,89.786,89.786,454
2026-07-10T12:00:00+00:00,89.789,89.941,89.45,89.647,4321
2026-07-10T12:05:00+00:00,89.5,89.63,89.2,89.27,2839
2026-07-10T12:10:00+00:00,89.35,90.31,89.35,90.19,5537
2026-07-10T12:15:00+00:00,90.094,90.094,89.7,89.729,380
2026-07-10T12:20:00+00:00,89.8,89.98,89.5,89.89,1422
2026-07-10T12:25:00+00:00,89.755,89.89,89.65,89.89,3673
2026-07-10T12:30:00+00:00,89.68,90.0,89.68,89.85,817
2026-07-10T12:35:00+00:00,89.89,89.99,89.59,89.99,3299
2026-07-10T12:40:00+00:00,90.0,90.0,89.65,89.65,3998
2026-07-10T12:45:00+00:00,89.689,89.9,89.51,89.65,5417
2026-07-10T12:50:00+00:00,89.64,89.75,89.57,89.665,3260
2026-07-10T12:55:00+00:00,89.714,89.714,89.5,89.5,6219
2026-07-10T13:00:00+00:00,89.43,89.7,89.3,89.31,2590
2026-07-10T13:05:00+00:00,89.32,89.54,89.3,89.3,2042
2026-07-10T13:10:00+00:00,89.37,89.45,89.06,89.27,4420
2026-07-10T13:15:00+00:00,89.27,89.7,89.01,89.21,15096
2026-07-10T13:20:00+00:00,89.3,89.54,89.3,89.3,10659
2026-07-10T13:25:00+00:00,89.3,90.0,89.2,89.72,4905
2026-07-10T13:30:00+00:00,89.89,90.29,87.93,89.79,427082
2026-07-10T13:35:00+00:00,89.742,90.5,89.34,89.34,219048
2026-07-10T13:40:00+00:00,89.4,89.64,88.85,89.1,142473
2026-07-10T13:45:00+00:00,89.15,89.88,88.995,89.54,166476
2026-07-10T13:50:00+00:00,89.66,89.93,89.138,89.138,134974
2026-07-10T13:55:00+00:00,89.191,89.855,88.9,89.61,166375
2026-07-10T14:00:00+00:00,89.55,89.7,89.13,89.38,109512
2026-07-10T14:05:00+00:00,89.35,90.763,89.35,90.76,234722
2026-07-10T14:10:00+00:00,90.765,91.31,90.29,91.038,198396
2026-07-10T14:15:00+00:00,90.95,90.96,89.7,89.72,149454
2026-07-10T14:20:00+00:00,89.79,90.02,89.37,89.79,155557
2026-07-10T14:25:00+00:00,89.745,90.175,89.54,89.89,186193
2026-07-10T14:30:00+00:00,89.94,90.55,89.17,90.17,513877
2026-07-10T14:35:00+00:00,90.19,90.64,89.905,90.49,172916
2026-07-10T14:40:00+00:00,90.49,90.65,90.04,90.585,72588
2026-07-10T14:45:00+00:00,90.6,90.75,90.23,90.32,84269
2026-07-10T14:50:00+00:00,90.355,90.427,89.67,89.88,89587
2026-07-10T14:55:00+00:00,89.82,89.84,89.563,89.72,114002
2026-07-10T15:00:00+00:00,89.8,89.83,88.92,89.105,153249
2026-07-10T15:05:00+00:00,89.105,90.04,88.6,89.81,174898
2026-07-10T15:10:00+00:00,89.77,89.95,89.48,89.61,57165
2026-07-10T15:15:00+00:00,89.615,90.28,89.615,89.86,85513
2026-07-10T15:20:00+00:00,89.89,90.08,89.76,90.03,81009
2026-07-10T15:25:00+00:00,90.0,90.23,89.863,90.22,77980
2026-07-10T15:30:00+00:00,90.21,90.3,89.98,90.09,91475
2026-07-10T15:35:00+00:00,90.06,90.08,89.44,89.58,219699
2026-07-10T15:40:00+00:00,89.575,89.895,89.255,89.6,68618
2026-07-10T15:45:00+00:00,89.472,89.56,89.2,89.43,50816
2026-07-10T15:50:00+00:00,89.416,89.49,89.098,89.375,63201
2026-07-10T15:55:00+00:00,89.375,89.51,89.15,89.25,66025
2026-07-10T16:00:00+00:00,89.34,89.56,89.02,89.23,95206
2026-07-10T16:05:00+00:00,89.21,89.27,89.07,89.225,52294
2026-07-10T16:10:00+00:00,89.235,89.43,89.09,89.095,64660
2026-07-10T16:15:00+00:00,89.11,89.37,89.11,89.27,49311
2026-07-10T16:20:00+00:00,89.25,89.3,89.02,89.03,52484
2026-07-10T16:25:00+00:00,89.08,89.3,89.01,89.23,110144
2026-07-10T16:30:00+00:00,89.27,89.6,89.23,89.55,71504
2026-07-10T16:35:00+00:00,89.59,89.96,89.59,89.845,81857
2026-07-10T16:40:00+00:00,89.845,90.01,89.57,89.64,103284
2026-07-10T16:45:00+00:00,89.72,90.19,89.58,89.935,89702
2026-07-10T16:50:00+00:00,89.95,90.18,89.78,89.86,138290
2026-07-10T16:55:00+00:00,89.84,90.1,89.68,90.084,96564
2026-07-10T17:00:00+00:00,90.06,90.14,89.83,90.06,59417
2026-07-10T17:05:00+00:00,90.035,90.06,89.59,89.6,63821
2026-07-10T17:10:00+00:00,89.605,89.93,89.47,89.929,71826
2026-07-10T17:15:00+00:00,89.915,90.02,89.44,89.44,75157
2026-07-10T17:20:00+00:00,89.515,89.68,89.45,89.64,42142
2026-07-10T17:25:00+00:00,89.65,89.73,89.5,89.715,86892
2026-07-10T17:30:00+00:00,89.71,89.818,89.642,89.75,41535
2026-07-10T17:35:00+00:00,89.68,89.847,89.67,89.74,37118
2026-07-10T17:40:00+00:00,89.78,89.95,89.67,89.9,40261
2026-07-10T17:45:00+00:00,89.925,90.33,89.925,90.1,109211
2026-07-10T17:50:00+00:00,90.1,90.18,90.001,90.09,35751
2026-07-10T17:55:00+00:00,90.06,90.08,89.71,89.77,92867
2026-07-10T18:00:00+00:00,89.74,90.19,89.71,90.08,96616
2026-07-10T18:05:00+00:00,90.07,90.23,90.01,90.089,48428
2026-07-10T18:10:00+00:00,90.085,90.17,89.68,89.778,62775
2026-07-10T18:15:00+00:00,89.785,89.95,89.58,89.93,67208
2026-07-10T18:20:00+00:00,89.96,90.15,89.89,89.895,68059
2026-07-10T18:25:00+00:00,89.96,90.05,89.92,89.99,37252
2026-07-10T18:30:00+00:00,89.97,90.27,89.97,90.21,87354
2026-07-10T18:35:00+00:00,90.2,90.37,90.13,90.37,53075
2026-07-10T18:40:00+00:00,90.38,90.635,90.32,90.395,85277
2026-07-10T18:45:00+00:00,90.4,90.42,89.86,89.88,58279
2026-07-10T18:50:00+00:00,89.91,89.98,89.71,89.73,91431
2026-07-10T18:55:00+00:00,89.71,89.735,89.58,89.65,42645
2026-07-10T19:00:00+00:00,89.62,89.83,89.511,89.68,54680
2026-07-10T19:05:00+00:00,89.66,89.87,89.61,89.87,42641
2026-07-10T19:10:00+00:00,89.87,89.875,89.51,89.61,92755
2026-07-10T19:15:00+00:00,89.595,89.7,89.21,89.24,98074
2026-07-10T19:20:00+00:00,89.22,89.22,88.79,89.015,125677
2026-07-10T19:25:00+00:00,89.01,89.25,88.935,89.11,85613
2026-07-10T19:30:00+00:00,89.1,89.265,88.8,88.95,121918
2026-07-10T19:35:00+00:00,88.94,89.1,88.83,89.02,83873
2026-07-10T19:40:00+00:00,89.04,89.2,88.96,89.01,119911
2026-07-10T19:45:00+00:00,88.98,89.34,88.915,89.128,171397
2026-07-10T19:50:00+00:00,89.14,89.15,88.745,88.885,203673
2026-07-10T19:55:00+00:00,88.89,89.0,88.79,88.88,458281
2026-07-10T20:00:00+00:00,88.88,89.05,88.68,88.797,96534
2026-07-10T20:05:00+00:00,88.797,88.88,88.6,88.69,32511
2026-07-10T20:10:00+00:00,88.88,88.88,88.65,88.65,2690
2026-07-10T20:15:00+00:00,88.68,88.75,88.65,88.722,3176
2026-07-10T20:20:00+00:00,88.731,88.82,88.731,88.79,5139
2026-07-10T20:25:00+00:00,88.76,88.845,88.76,88.81,1023
2026-07-10T20:30:00+00:00,88.844,88.88,88.79,88.88,15124
2026-07-10T20:35:00+00:00,88.8,88.84,88.8,88.84,3058
2026-07-10T20:40:00+00:00,88.835,88.86,88.7,88.86,3161
2026-07-10T20:45:00+00:00,88.83,88.9,88.71,88.81,6712
2026-07-10T20:50:00+00:00,88.845,88.88,88.8,88.86,669
2026-07-10T20:55:00+00:00,88.86,88.882,88.82,88.82,1609
2026-07-10T21:00:00+00:00,88.847,88.85,88.8,88.807,1206
2026-07-10T21:05:00+00:00,88.83,88.85,88.8,88.811,1298
2026-07-10T21:10:00+00:00,88.85,88.85,88.81,88.844,1044
2026-07-10T21:15:00+00:00,88.84,88.85,88.807,88.85,1633
2026-07-10T21:20:00+00:00,88.84,88.847,88.8,88.8,1356
2026-07-10T21:25:00+00:00,88.84,88.84,88.801,88.835,1318
2026-07-10T21:30:00+00:00,88.837,88.85,88.82,88.846,1404
2026-07-10T21:35:00+00:00,88.85,88.85,88.84,88.84,208
2026-07-10T21:40:00+00:00,88.84,88.85,88.84,88.84,7556
2026-07-10T21:45:00+00:00,88.83,88.83,88.751,88.751,1072
2026-07-10T21:50:00+00:00,88.8,88.83,88.78,88.782,321
2026-07-10T21:55:00+00:00,88.82,88.83,88.71,88.71,2852
2026-07-10T22:00:00+00:00,88.75,88.84,88.71,88.84,2597
2026-07-10T22:05:00+00:00,88.721,88.844,88.721,88.8,1379
2026-07-10T22:10:00+00:00,88.79,88.8,88.72,88.74,418
2026-07-10T22:15:00+00:00,88.78,88.85,88.7,88.8,673
2026-07-10T22:20:00+00:00,88.78,88.85,88.75,88.8,381
2026-07-10T22:25:00+00:00,88.8,88.85,88.7,88.83,557
2026-07-10T22:30:00+00:00,88.79,88.85,88.72,88.831,925
2026-07-10T22:35:00+00:00,88.83,88.83,88.8,88.8,104
2026-07-10T22:40:00+00:00,88.84,88.85,88.76,88.799,937
2026-07-10T22:45:00+00:00,88.76,88.8,88.7,88.7,444
2026-07-10T22:50:00+00:00,88.8,88.85,88.738,88.85,4639
2026-07-10T22:55:00+00:00,88.849,88.85,88.815,88.85,1234
2026-07-10T23:00:00+00:00,88.846,88.85,88.81,88.81,2121
2026-07-10T23:05:00+00:00,88.85,88.85,88.81,88.824,2450
2026-07-10T23:10:00+00:00,88.83,88.83,88.76,88.8,5667
2026-07-10T23:15:00+00:00,88.8,88.81,88.749,88.749,2081
2026-07-10T23:20:00+00:00,88.73,88.75,88.7,88.75,374
2026-07-10T23:25:00+00:00,88.75,88.75,88.7,88.703,1714
2026-07-10T23:30:00+00:00,88.72,88.75,88.7,88.75,2554
2026-07-10T23:35:00+00:00,88.72,88.77,88.72,88.73,670
2026-07-10T23:40:00+00:00,88.75,88.75,88.722,88.733,550
2026-07-10T23:45:00+00:00,88.75,88.75,88.72,88.74,2210
2026-07-10T23:50:00+00:00,88.74,88.8,88.74,88.8,1340
2026-07-10T23:55:00+00:00,88.81,88.81,88.81,88.81,0
2026-07-13T08:00:00+00:00,84.68,86.65,84.68,86.316,18379
2026-07-13T08:05:00+00:00,86.318,86.34,85.81,86.34,3295
2026-07-13T08:10:00+00:00,86.31,86.501,86.28,86.45,3498
2026-07-13T08:15:00+00:00,86.51,86.69,86.33,86.68,3986
2026-07-13T08:20:00+00:00,86.48,86.8,86.48,86.72,2406
2026-07-13T08:25:00+00:00,86.72,86.8,86.67,86.74,3377
2026-07-13T08:30:00+00:00,86.72,86.797,86.63,86.73,1870
2026-07-13T08:35:00+00:00,86.65,86.7,86.51,86.54,1304
2026-07-13T08:40:00+00:00,86.76,86.8,86.49,86.75,697
2026-07-13T08:45:00+00:00,86.89,86.932,86.61,86.932,94
2026-07-13T08:50:00+00:00,86.567,86.86,86.567,86.8,522
2026-07-13T08:55:00+00:00,86.88,86.93,86.8,86.85,662
2026-07-13T09:00:00+00:00,86.907,86.93,86.72,86.72,299
2026-07-13T09:05:00+00:00,86.89,86.89,86.61,86.71,50
2026-07-13T09:10:00+00:00,86.75,86.75,86.7,86.73,198
2026-07-13T09:15:00+00:00,86.845,87.06,86.845,87.054,89
2026-07-13T09:20:00+00:00,86.95,87.07,86.95,87.07,107
2026-07-13T09:25:00+00:00,87.07,87.2,87.02,87.08,213
2026-07-13T09:30:00+00:00,87.08,87.17,87.0,87.17,970
2026-07-13T09:35:00+00:00,87.138,87.195,87.021,87.12,55
2026-07-13T09:40:00+00:00,87.15,87.2,87.14,87.2,179
2026-07-13T09:45:00+00:00,87.085,87.2,87.073,87.2,196
2026-07-13T09:50:00+00:00,87.11,87.11,87.0,87.0,501
2026-07-13T09:55:00+00:00,87.02,87.02,86.95,86.95,201
2026-07-13T10:00:00+00:00,87.19,87.19,87.01,87.06,2833
2026-07-13T10:05:00+00:00,87.09,87.17,86.7,86.7,669
2026-07-13T10:10:00+00:00,87.0,87.02,86.74,86.837,605
2026-07-13T10:15:00+00:00,87.0,87.19,87.0,87.19,13
2026-07-13T10:20:00+00:00,87.19,87.19,87.1,87.1,21
2026-07-13T10:25:00+00:00,87.057,87.057,86.93,86.96,448
2026-07-13T10:30:00+00:00,86.96,87.146,86.96,87.0,425
2026-07-13T10:35:00+00:00,87.05,87.15,87.05,87.138,98
2026-07-13T10:40:00+00:00,87.11,87.11,86.84,86.966,760
2026-07-13T10:45:00+00:00,86.94,86.98,86.9,86.98,3991
2026-07-13T10:50:00+00:00,86.96,86.96,86.905,86.909,1927
2026-07-13T10:55:00+00:00,86.93,86.96,86.868,86.9,1053
2026-07-13T11:00:00+00:00,86.99,87.45,86.87,87.243,9695
2026-07-13T11:05:00+00:00,87.42,87.51,87.25,87.362,9645
2026-07-13T11:10:00+00:00,87.344,87.48,87.25,87.42,2392
2026-07-13T11:15:00+00:00,87.41,87.41,87.25,87.31,3244
2026-07-13T11:20:00+00:00,87.31,87.56,87.23,87.36,2516
2026-07-13T11:25:00+00:00,87.38,87.587,87.36,87.36,2179
2026-07-13T11:30:00+00:00,87.4,87.508,87.23,87.44,4871
2026-07-13T11:35:00+00:00,87.45,87.61,87.28,87.409,3588
2026-07-13T11:40:00+00:00,87.52,87.53,87.36,87.43,2281
2026-07-13T11:45:00+00:00,87.38,87.38,87.23,87.38,648
2026-07-13T11:50:00+00:00,87.3,87.41,87.2,87.2,2701
2026-07-13T11:55:00+00:00,87.17,87.17,87.0,87.11,2260
2026-07-13T12:00:00+00:00,87.203,87.203,86.92,86.98,2985
2026-07-13T12:05:00+00:00,86.97,87.01,86.75,86.92,4156
2026-07-13T12:10:00+00:00,86.85,87.23,86.85,86.96,3798
2026-07-13T12:15:00+00:00,86.928,86.98,86.78,86.85,2192
2026-07-13T12:20:00+00:00,86.83,86.87,86.57,86.79,2757
2026-07-13T12:25:00+00:00,86.748,86.78,86.411,86.5,11093
2026-07-13T12:30:00+00:00,86.47,86.51,86.3,86.41,6643
2026-07-13T12:35:00+00:00,86.39,86.394,86.08,86.16,9313
2026-07-13T12:40:00+00:00,86.15,86.42,86.15,86.42,4472
2026-07-13T12:45:00+00:00,86.21,86.59,86.2,86.404,8741
2026-07-13T12:50:00+00:00,86.48,86.53,86.295,86.295,3669
2026-07-13T12:55:00+00:00,86.36,86.53,86.286,86.499,6210
2026-07-13T13:00:00+00:00,86.49,86.58,86.31,86.54,5891
2026-07-13T13:05:00+00:00,86.505,86.55,86.26,86.26,2006
2026-07-13T13:10:00+00:00,86.26,86.37,86.22,86.34,9314
2026-07-13T13:15:00+00:00,86.3,86.34,86.15,86.17,2720
2026-07-13T13:20:00+00:00,86.24,86.24,86.01,86.15,3482
2026-07-13T13:25:00+00:00,86.02,86.96,85.6,86.89,17115
2026-07-13T13:30:00+00:00,86.97,87.15,85.1,86.56,391791
2026-07-13T13:35:00+00:00,86.61,86.95,85.33,85.83,294090
2026-07-13T13:40:00+00:00,85.63,85.79,84.49,85.24,420476
2026-07-13T13:45:00+00:00,85.29,85.97,84.815,85.45,240675
2026-07-13T13:50:00+00:00,85.465,85.79,84.851,84.851,195176
2026-07-13T13:55:00+00:00,84.9,85.25,84.24,85.1,249358
2026-07-13T14:00:00+00:00,85.18,85.816,85.025,85.48,303183
2026-07-13T14:05:00+00:00,85.513,85.618,84.945,85.509,165860
2026-07-13T14:10:00+00:00,85.53,86.48,85.31,86.405,246694
2026-07-13T14:15:00+00:00,86.42,86.5,85.41,86.375,186393
2026-07-13T14:20:00+00:00,86.38,87.235,86.12,87.11,137220
2026-07-13T14:25:00+00:00,87.07,88.18,86.895,88.03,220737
2026-07-13T14:30:00+00:00,88.1,88.88,87.82,88.66,247601
2026-07-13T14:35:00+00:00,88.645,88.78,87.9,88.22,149382
2026-07-13T14:40:00+00:00,88.24,88.44,87.16,87.255,154955
2026-07-13T14:45:00+00:00,87.32,87.56,87.0,87.41,114218
2026-07-13T14:50:00+00:00,87.43,87.64,87.03,87.075,85943
2026-07-13T14:55:00+00:00,87.07,87.3,86.83,87.28,106471
2026-07-13T15:00:00+00:00,87.32,87.67,87.13,87.195,122065
2026-07-13T15:05:00+00:00,87.19,87.23,86.91,87.18,95915
2026-07-13T15:10:00+00:00,87.191,87.365,86.75,86.945,96508
2026-07-13T15:15:00+00:00,86.91,87.11,86.73,86.955,53056
2026-07-13T15:20:00+00:00,86.98,87.06,86.77,86.91,62405
2026-07-13T15:25:00+00:00,86.84,87.0,86.55,86.89,97925
2026-07-13T15:30:00+00:00,86.89,86.915,86.46,86.505,110732
2026-07-13T15:35:00+00:00,86.54,86.6,86.31,86.34,81305
2026-07-13T15:40:00+00:00,86.324,86.36,86.0,86.095,147515
2026-07-13T15:45:00+00:00,86.09,86.12,85.64,85.79,153842
2026-07-13T15:50:00+00:00,85.83,86.01,85.66,85.88,72840
2026-07-13T15:55:00+00:00,85.9,85.99,85.691,85.93,68198
2026-07-13T16:00:00+00:00,85.98,85.99,85.735,85.74,55116
2026-07-13T16:05:00+00:00,85.78,85.92,85.65,85.86,153815
2026-07-13T16:10:00+00:00,85.83,86.1,85.51,85.725,90681
2026-07-13T16:15:00+00:00,85.74,85.74,85.16,85.27,117297
2026-07-13T16:20:00+00:00,85.25,85.255,84.89,84.9,125813
2026-07-13T16:25:00+00:00,84.9,84.9,84.425,84.57,183104
2026-07-13T16:30:00+00:00,84.55,84.55,83.96,83.98,202402
2026-07-13T16:35:00+00:00,83.94,84.225,83.53,84.14,188241
2026-07-13T16:40:00+00:00,84.18,84.355,84.03,84.09,146644
2026-07-13T16:45:00+00:00,84.105,84.115,83.82,83.84,152646
2026-07-13T16:50:00+00:00,83.859,84.08,83.6,83.96,132760
2026-07-13T16:55:00+00:00,83.95,84.23,83.81,84.115,98079
2026-07-13T17:00:00+00:00,84.13,84.412,84.05,84.144,76155
2026-07-13T17:05:00+00:00,84.08,84.25,84.01,84.16,63485
2026-07-13T17:10:00+00:00,84.19,84.348,84.04,84.15,65805
2026-07-13T17:15:00+00:00,84.169,84.169,83.52,83.82,191103
2026-07-13T17:20:00+00:00,83.79,83.79,83.441,83.49,101618
2026-07-13T17:25:00+00:00,83.47,83.65,83.4,83.57,116185
2026-07-13T17:30:00+00:00,83.595,83.65,83.31,83.55,139591
2026-07-13T17:35:00+00:00,83.59,83.59,83.3,83.42,71711
2026-07-13T17:40:00+00:00,83.36,83.66,83.3,83.54,87860
2026-07-13T17:45:00+00:00,83.55,83.59,83.09,83.146,91328
2026-07-13T17:50:00+00:00,83.12,83.17,82.897,83.01,158480
2026-07-13T17:55:00+00:00,83.04,83.32,82.91,83.13,101061
2026-07-13T18:00:00+00:00,83.16,83.622,83.16,83.32,99802
2026-07-13T18:05:00+00:00,83.36,83.59,83.24,83.24,80664
2026-07-13T18:10:00+00:00,83.265,83.285,82.9,83.25,111867
2026-07-13T18:15:00+00:00,83.245,83.27,82.9,82.98,76727
2026-07-13T18:20:00+00:00,83.03,83.296,82.9,83.26,59731
2026-07-13T18:25:00+00:00,83.25,83.29,82.91,82.94,103961
2026-07-13T18:30:00+00:00,82.92,83.11,82.72,82.918,179245
2026-07-13T18:35:00+00:00,82.92,83.02,82.8,82.86,74999
2026-07-13T18:40:00+00:00,82.885,82.96,82.79,82.79,71629
2026-07-13T18:45:00+00:00,82.8,83.12,82.73,83.08,90322
2026-07-13T18:50:00+00:00,83.065,83.42,82.975,83.3,111515
2026-07-13T18:55:00+00:00,83.3,83.37,83.1,83.15,100312
2026-07-13T19:00:00+00:00,83.18,83.52,83.12,83.405,131671
2026-07-13T19:05:00+00:00,83.41,83.42,83.12,83.21,91495
2026-07-13T19:10:00+00:00,83.24,83.43,83.118,83.36,76419
2026-07-13T19:15:00+00:00,83.271,83.41,83.17,83.27,87393
2026-07-13T19:20:00+00:00,83.29,83.36,83.091,83.355,142143
2026-07-13T19:25:00+00:00,83.36,83.38,83.13,83.21,101453
2026-07-13T19:30:00+00:00,83.23,83.4,83.12,83.291,148374
2026-07-13T19:35:00+00:00,83.315,83.315,82.99,83.1,129226
2026-07-13T19:40:00+00:00,83.08,83.63,83.02,83.59,122934
2026-07-13T19:45:00+00:00,83.59,83.59,83.14,83.245,135863
2026-07-13T19:50:00+00:00,83.26,83.725,83.26,83.5,277619
2026-07-13T19:55:00+00:00,83.49,83.49,82.945,83.31,786199
2026-07-13T20:00:00+00:00,83.31,83.4,82.77,83.31,415477
2026-07-13T20:05:00+00:00,83.08,83.18,82.78,83.1,56241
2026-07-13T20:10:00+00:00,83.1,83.31,83.01,83.15,112564
2026-07-13T20:15:00+00:00,83.105,83.105,82.84,82.9,5933
2026-07-13T20:20:00+00:00,82.918,83.0,82.8,82.904,2461
2026-07-13T20:25:00+00:00,82.95,83.1,82.905,83.087,13061
2026-07-13T20:30:00+00:00,83.05,83.17,82.9,82.9,14883
2026-07-13T20:35:00+00:00,82.97,83.31,82.9,83.1,2149
2026-07-13T20:40:00+00:00,83.17,83.17,83.0,83.1,3993
2026-07-13T20:45:00+00:00,83.08,83.16,82.988,82.99,3618
2026-07-13T20:50:00+00:00,83.05,83.13,83.0,83.0,726
2026-07-13T20:55:00+00:00,83.17,83.17,83.01,83.15,406
2026-07-13T21:00:00+00:00,83.072,83.17,83.05,83.14,479
2026-07-13T21:05:00+00:00,83.14,83.17,83.11,83.14,887
2026-07-13T21:10:00+00:00,83.23,83.23,83.05,83.14,1068
2026-07-13T21:15:00+00:00,83.1,83.1,83.02,83.06,3918
2026-07-13T21:20:00+00:00,83.09,83.1,83.02,83.02,1844
2026-07-13T21:25:00+00:00,83.02,83.1,83.0,83.08,514
2026-07-13T21:30:00+00:00,83.09,83.23,83.0,83.19,617
2026-07-13T21:35:00+00:00,83.16,83.16,83.02,83.02,996
2026-07-13T21:40:00+00:00,83.1,83.23,83.04,83.06,173
2026-07-13T21:45:00+00:00,83.05,83.1,83.04,83.1,1992
2026-07-13T21:50:00+00:00,83.052,83.1,83.0,83.02,2546
2026-07-13T21:55:00+00:00,83.1,83.1,83.01,83.044,1915
2026-07-13T22:00:00+00:00,83.04,83.21,83.03,83.07,1183
2026-07-13T22:05:00+00:00,83.09,83.19,83.05,83.15,152
2026-07-13T22:10:00+00:00,83.15,83.15,83.04,83.09,1646
2026-07-13T22:15:00+00:00,83.085,83.15,83.0,83.12,4838
2026-07-13T22:20:00+00:00,83.11,83.21,83.04,83.21,682
2026-07-13T22:25:00+00:00,83.15,83.21,83.041,83.21,3524
2026-07-13T22:30:00+00:00,83.16,83.21,83.11,83.14,1448
2026-07-13T22:35:00+00:00,83.14,83.23,83.0,83.04,2103
2026-07-13T22:40:00+00:00,83.05,83.05,83.0,83.0,236
2026-07-13T22:45:00+00:00,83.041,83.1,83.01,83.08,2154
2026-07-13T22:50:00+00:00,83.05,83.093,82.98,82.98,708
2026-07-13T22:55:00+00:00,82.98,83.05,82.941,83.0,743
2026-07-13T23:00:00+00:00,82.94,83.02,82.81,82.87,3713
2026-07-13T23:05:00+00:00,82.849,82.92,82.72,82.74,5643
2026-07-13T23:10:00+00:00,82.71,82.75,82.52,82.522,10593
2026-07-13T23:15:00+00:00,82.57,82.68,82.57,82.64,1576
2026-07-13T23:20:00+00:00,82.67,82.68,82.62,82.62,2285
2026-07-13T23:25:00+00:00,82.655,82.66,82.594,82.599,3857
2026-07-13T23:30:00+00:00,82.57,82.61,82.52,82.55,2460
2026-07-13T23:35:00+00:00,82.53,82.632,82.45,82.49,8947
2026-07-13T23:40:00+00:00,82.4,82.5,82.22,82.37,5328
2026-07-13T23:45:00+00:00,82.31,82.4,82.21,82.21,5754
2026-07-13T23:50:00+00:00,82.21,82.35,82.05,82.231,6196
2026-07-13T23:55:00+00:00,82.39,82.4,82.15,82.374,2619
2026-07-14T08:00:00+00:00,84.31,84.31,82.81,84.04,48273
2026-07-14T08:05:00+00:00,84.15,84.2,82.91,83.74,2908
2026-07-14T08:10:00+00:00,83.79,83.81,83.66,83.8,2823
2026-07-14T08:15:00+00:00,83.8,84.0,83.678,83.87,9191
2026-07-14T08:20:00+00:00,83.87,83.98,83.87,83.98,24
2026-07-14T08:25:00+00:00,83.99,83.99,83.99,83.99,246
2026-07-14T08:30:00+00:00,84.06,84.118,84.01,84.118,749
2026-07-14T08:35:00+00:00,84.015,84.13,83.97,84.13,195
2026-07-14T08:40:00+00:00,83.94,84.12,83.76,83.95,900
2026-07-14T08:45:00+00:00,84.073,84.073,83.77,83.77,42
2026-07-14T08:50:00+00:00,83.8,83.97,83.67,83.67,1560
2026-07-14T08:55:00+00:00,83.75,83.9,83.75,83.9,81
2026-07-14T09:00:00+00:00,83.68,83.9,83.64,83.9,675
2026-07-14T09:05:00+00:00,83.89,83.89,83.7,83.86,672
2026-07-14T09:10:00+00:00,83.893,83.9,83.85,83.9,181
2026-07-14T09:15:00+00:00,83.9,83.9,83.868,83.89,672
2026-07-14T09:20:00+00:00,83.78,84.01,83.78,84.01,1328
2026-07-14T09:25:00+00:00,84.02,84.1,83.84,83.86,1083
2026-07-14T09:30:00+00:00,83.99,84.0,83.86,83.99,650
2026-07-14T09:35:00+00:00,83.977,84.0,83.9,83.9,550
2026-07-14T09:40:00+00:00,83.981,83.99,83.935,83.95,211
2026-07-14T09:45:00+00:00,83.91,83.991,83.85,83.95,358
2026-07-14T09:50:00+00:00,83.95,84.0,83.81,83.93,395
2026-07-14T09:55:00+00:00,83.974,84.0,83.974,83.975,10008
2026-07-14T10:00:00+00:00,84.0,85.3,83.965,85.0,25694
2026-07-14T10:05:00+00:00,85.0,85.0,84.48,84.48,4881
2026-07-14T10:10:00+00:00,84.35,84.52,84.2,84.2,176
2026-07-14T10:15:00+00:00,84.256,84.51,84.256,84.38,1626
2026-07-14T10:20:00+00:00,84.31,84.36,84.197,84.36,232
2026-07-14T10:25:00+00:00,84.123,84.36,84.1,84.19,327
2026-07-14T10:30:00+00:00,84.2,84.317,83.85,83.85,14551
2026-07-14T10:35:00+00:00,83.91,84.9,83.91,84.46,3723
2026-07-14T10:40:00+00:00,84.38,84.52,84.26,84.26,562
2026-07-14T10:45:00+00:00,84.483,84.483,84.04,84.26,457
2026-07-14T10:50:00+00:00,84.037,84.373,84.037,84.145,268
2026-07-14T10:55:00+00:00,84.06,84.35,83.98,84.2,1489
2026-07-14T11:00:00+00:00,84.0,84.7,83.81,83.95,8705
2026-07-14T11:05:00+00:00,83.92,84.14,83.615,83.615,6557
2026-07-14T11:10:00+00:00,83.7,84.0,83.5,84.0,5513
2026-07-14T11:15:00+00:00,83.92,84.299,83.72,84.299,4891
2026-07-14T11:20:00+00:00,84.262,84.3,84.0,84.29,7609
2026-07-14T11:25:00+00:00,84.3,84.47,84.22,84.3,8835
2026-07-14T11:30:00+00:00,84.32,84.55,84.18,84.499,4115
2026-07-14T11:35:00+00:00,84.35,84.51,84.21,84.25,2530
2026-07-14T11:40:00+00:00,84.26,84.5,84.26,84.3,2110
2026-07-14T11:45:00+00:00,84.39,84.55,84.3,84.55,3790
2026-07-14T11:50:00+00:00,84.414,84.95,84.38,84.86,11980
2026-07-14T11:55:00+00:00,84.86,84.95,84.69,84.69,7892
2026-07-14T12:00:00+00:00,84.64,84.86,84.54,84.75,19528
2026-07-14T12:05:00+00:00,84.76,84.76,84.55,84.597,5098
2026-07-14T12:10:00+00:00,84.65,84.65,84.35,84.41,5674
2026-07-14T12:15:00+00:00,84.401,84.64,84.4,84.626,3156
2026-07-14T12:20:00+00:00,84.51,84.7,84.51,84.6,1940
2026-07-14T12:25:00+00:00,84.65,84.82,84.64,84.82,18317
2026-07-14T12:30:00+00:00,84.711,86.33,84.711,85.95,42091
2026-07-14T12:35:00+00:00,85.9,85.95,85.16,85.419,30828
2026-07-14T12:40:00+00:00,85.57,85.57,85.21,85.4,8492
2026-07-14T12:45:00+00:00,85.395,85.5,85.2,85.38,14302
2026-07-14T12:50:00+00:00,85.38,85.39,85.12,85.22,3390
2026-07-14T12:55:00+00:00,85.3,85.37,85.12,85.13,12166
2026-07-14T13:00:00+00:00,85.269,85.35,85.13,85.3,26544
2026-07-14T13:05:00+00:00,85.293,85.5,85.23,85.39,4867
2026-07-14T13:10:00+00:00,85.4,85.467,85.23,85.3,6550
2026-07-14T13:15:00+00:00,85.35,85.35,85.01,85.01,5242
2026-07-14T13:20:00+00:00,85.021,85.35,84.871,85.22,7524
2026-07-14T13:25:00+00:00,85.15,85.3,84.5,84.523,22163
2026-07-14T13:30:00+00:00,84.66,85.91,84.645,84.973,358442
2026-07-14T13:35:00+00:00,84.9,85.45,84.62,84.69,226009
2026-07-14T13:40:00+00:00,84.76,85.19,83.45,83.63,214759
2026-07-14T13:45:00+00:00,83.59,83.89,82.44,83.09,302522
2026-07-14T13:50:00+00:00,83.265,84.099,83.185,83.9,267169
2026-07-14T13:55:00+00:00,83.88,83.95,83.154,83.455,183654
2026-07-14T14:00:00+00:00,83.41,83.535,82.0,82.18,216385
2026-07-14T14:05:00+00:00,82.2,82.47,81.819,82.11,292482
2026-07-14T14:10:00+00:00,82.02,82.3,81.46,81.92,270059
2026-07-14T14:15:00+00:00,81.91,81.97,81.349,81.51,205258
2026-07-14T14:20:00+00:00,81.51,82.15,81.37,81.46,220873
2026-07-14T14:25:00+00:00,81.43,82.41,81.36,81.82,184371
2026-07-14T14:30:00+00:00,81.86,82.61,81.44,82.16,221056
2026-07-14T14:35:00+00:00,82.12,82.37,81.81,81.85,189826
2026-07-14T14:40:00+00:00,81.83,82.25,81.78,82.25,120921
2026-07-14T14:45:00+00:00,82.199,82.33,81.6,81.81,112217
2026-07-14T14:50:00+00:00,81.82,82.3,81.7,82.3,94934
2026-07-14T14:55:00+00:00,82.295,82.5,82.13,82.14,110868
2026-07-14T15:00:00+00:00,82.2,82.305,81.94,82.066,125369
2026-07-14T15:05:00+00:00,82.06,82.2,81.8,82.16,98447
2026-07-14T15:10:00+00:00,82.17,82.284,81.92,81.92,111635
2026-07-14T15:15:00+00:00,81.94,82.19,81.577,81.715,120089
2026-07-14T15:20:00+00:00,81.715,82.05,81.63,81.9,154787
2026-07-14T15:25:00+00:00,81.93,81.93,81.64,81.69,114390
2026-07-14T15:30:00+00:00,81.695,81.905,81.21,81.235,176728
2026-07-14T15:35:00+00:00,81.235,81.26,80.96,81.22,267142
2026-07-14T15:40:00+00:00,81.239,81.34,81.06,81.155,160972
2026-07-14T15:45:00+00:00,81.15,81.365,81.06,81.07,128475
2026-07-14T15:50:00+00:00,81.08,81.189,80.3,80.36,345004
2026-07-14T15:55:00+00:00,80.31,80.58,80.3,80.48,223737
2026-07-14T16:00:00+00:00,80.46,80.594,80.29,80.5,199809
2026-07-14T16:05:00+00:00,80.51,80.66,80.325,80.37,138090
2026-07-14T16:10:00+00:00,80.33,80.35,79.95,80.11,306225
2026-07-14T16:15:00+00:00,80.07,80.16,79.76,80.05,192405
2026-07-14T16:20:00+00:00,80.05,80.2,79.936,79.95,149663
2026-07-14T16:25:00+00:00,79.99,80.18,79.99,80.17,141029
2026-07-14T16:30:00+00:00,80.15,80.34,80.05,80.2,120150
2026-07-14T16:35:00+00:00,80.24,80.41,80.01,80.14,107777
2026-07-14T16:40:00+00:00,80.13,80.28,80.09,80.14,95309
2026-07-14T16:45:00+00:00,80.12,80.28,79.88,80.03,199209
2026-07-14T16:50:00+00:00,80.04,80.1,79.57,79.57,195864
2026-07-14T16:55:00+00:00,79.56,79.65,79.33,79.49,243405
2026-07-14T17:00:00+00:00,79.47,79.62,79.27,79.338,148973
2026-07-14T17:05:00+00:00,79.325,79.33,79.06,79.162,196662
2026-07-14T17:10:00+00:00,79.17,79.33,79.034,79.035,171081
2026-07-14T17:15:00+00:00,79.04,79.08,78.4,78.55,456719
2026-07-14T17:20:00+00:00,78.582,79.11,78.54,79.01,255454
2026-07-14T17:25:00+00:00,79.039,79.24,79.0,79.205,131451
2026-07-14T17:30:00+00:00,79.21,79.47,79.111,79.266,128565
2026-07-14T17:35:00+00:00,79.27,79.45,79.225,79.445,132430
2026-07-14T17:40:00+00:00,79.445,79.5,79.22,79.23,98978
2026-07-14T17:45:00+00:00,79.25,79.63,79.22,79.62,122176
2026-07-14T17:50:00+00:00,79.58,79.88,79.56,79.799,127710
2026-07-14T17:55:00+00:00,79.78,79.88,79.52,79.639,141900
2026-07-14T18:00:00+00:00,79.637,79.76,79.36,79.68,121384
2026-07-14T18:05:00+00:00,79.74,79.885,79.64,79.76,92673
2026-07-14T18:10:00+00:00,79.77,79.83,79.59,79.65,95473
2026-07-14T18:15:00+00:00,79.648,79.78,79.591,79.74,89545
2026-07-14T18:20:00+00:00,79.74,79.77,79.61,79.645,86235
2026-07-14T18:25:00+00:00,79.634,79.795,79.58,79.65,112450
2026-07-14T18:30:00+00:00,79.66,79.71,79.47,79.656,94586
2026-07-14T18:35:00+00:00,79.66,79.7,79.43,79.49,125457
2026-07-14T18:40:00+00:00,79.48,79.48,79.23,79.29,101656
2026-07-14T18:45:00+00:00,79.29,79.5,79.244,79.36,84352
2026-07-14T18:50:00+00:00,79.36,79.94,79.3,79.886,117197
2026-07-14T18:55:00+00:00,79.88,80.09,79.76,79.88,139089
2026-07-14T19:00:00+00:00,79.9,80.27,79.84,80.24,151878
2026-07-14T19:05:00+00:00,80.245,80.26,79.92,79.96,128412
2026-07-14T19:10:00+00:00,79.93,80.49,79.87,80.49,212575
2026-07-14T19:15:00+00:00,80.47,80.65,80.27,80.4,217856
2026-07-14T19:20:00+00:00,80.4,80.56,80.31,80.37,98820
2026-07-14T19:25:00+00:00,80.345,80.5,80.14,80.14,103088
2026-07-14T19:30:00+00:00,80.16,80.17,79.95,80.02,115272
2026-07-14T19:35:00+00:00,80.0,80.12,79.76,79.83,174073
2026-07-14T19:40:00+00:00,79.86,80.015,79.78,79.98,117002
2026-07-14T19:45:00+00:00,79.98,80.09,79.859,79.98,127354
2026-07-14T19:50:00+00:00,79.94,79.94,79.615,79.905,248979
2026-07-14T19:55:00+00:00,79.94,80.0,79.705,79.94,617278
2026-07-14T20:00:00+00:00,79.94,80.35,79.88,79.99,4789829
2026-07-14T20:05:00+00:00,79.998,80.15,79.82,80.0,29985
2026-07-14T20:10:00+00:00,80.03,80.03,79.85,80.0,4494
2026-07-14T20:15:00+00:00,80.0,80.02,79.85,79.93,13273
2026-07-14T20:20:00+00:00,80.0,80.0,79.85,79.86,1437
2026-07-14T20:25:00+00:00,79.97,80.0,79.915,79.97,3118
2026-07-14T20:30:00+00:00,79.99,80.02,79.93,80.0,23092
2026-07-14T20:35:00+00:00,80.02,80.09,80.0,80.088,3337
2026-07-14T20:40:00+00:00,80.07,80.16,79.99,80.114,6423
2026-07-14T20:45:00+00:00,80.159,80.159,80.01,80.012,5145
2026-07-14T20:50:00+00:00,80.011,80.14,80.01,80.14,5797
2026-07-14T20:55:00+00:00,80.1,80.14,80.02,80.1,659
2026-07-14T21:00:00+00:00,80.1,80.14,80.02,80.07,3204
2026-07-14T21:05:00+00:00,80.07,80.07,80.01,80.01,4077
2026-07-14T21:10:00+00:00,80.07,80.1,80.01,80.03,1046
2026-07-14T21:15:00+00:00,80.088,80.1,80.01,80.1,4643
2026-07-14T21:20:00+00:00,80.08,80.14,80.05,80.05,5267
2026-07-14T21:25:00+00:00,80.1,80.14,80.01,80.13,2169
2026-07-14T21:30:00+00:00,80.11,80.12,80.04,80.07,1671
2026-07-14T21:35:00+00:00,80.09,80.14,80.066,80.13,2706
2026-07-14T21:40:00+00:00,80.06,80.14,80.06,80.1,1199
2026-07-14T21:45:00+00:00,80.1,80.15,80.05,80.085,3059
2026-07-14T21:50:00+00:00,80.15,80.16,80.05,80.13,1979
2026-07-14T21:55:00+00:00,80.13,80.16,80.08,80.085,2010
2026-07-14T22:00:00+00:00,80.08,80.15,80.05,80.06,1467
2026-07-14T22:05:00+00:00,80.06,80.15,80.0,80.14,3905
2026-07-14T22:10:00+00:00,80.07,80.14,79.92,79.93,6889
2026-07-14T22:15:00+00:00,79.95,80.06,79.9,80.06,1529
2026-07-14T22:20:00+00:00,80.05,80.14,80.0,80.13,2415
2026-07-14T22:25:00+00:00,80.14,80.14,80.0,80.11,7324
2026-07-14T22:30:00+00:00,80.05,80.1,80.04,80.06,2670
2026-07-14T22:35:00+00:00,80.06,80.08,80.007,80.007,2281
2026-07-14T22:40:00+00:00,80.049,80.08,80.0,80.04,619
2026-07-14T22:45:00+00:00,80.08,80.08,80.0,80.073,5193
2026-07-14T22:50:00+00:00,80.07,80.08,80.01,80.062,1531
2026-07-14T22:55:00+00:00,80.07,80.08,79.98,80.0,1626
2026-07-14T23:00:00+00:00,80.0,80.08,79.98,80.0,1380
2026-07-14T23:05:00+00:00,80.064,80.08,80.0,80.08,510
2026-07-14T23:10:00+00:00,80.05,80.14,80.05,80.11,1109
2026-07-14T23:15:00+00:00,80.1,80.11,80.06,80.1,3208
2026-07-14T23:20:00+00:00,80.1,80.1,80.05,80.08,1922
2026-07-14T23:25:00+00:00,80.07,80.25,80.069,80.213,18149
2026-07-14T23:30:00+00:00,80.37,80.5,80.25,80.43,1805
2026-07-14T23:35:00+00:00,80.42,80.43,80.3,80.38,2481
2026-07-14T23:40:00+00:00,80.38,80.42,80.3,80.38,2919
2026-07-14T23:45:00+00:00,80.37,80.38,80.21,80.38,3469
2026-07-14T23:50:00+00:00,80.34,80.54,80.21,80.495,4605
2026-07-14T23:55:00+00:00,80.489,80.52,80.46,80.484,2130
2026-07-15T08:00:00+00:00,80.92,81.144,80.5,80.756,21926
2026-07-15T08:05:00+00:00,80.65,81.02,80.26,80.51,5660
2026-07-15T08:10:00+00:00,80.5,80.68,80.29,80.39,931
2026-07-15T08:15:00+00:00,80.416,80.49,80.21,80.382,849
2026-07-15T08:20:00+00:00,80.33,80.6,80.12,80.2,1005
2026-07-15T08:25:00+00:00,80.24,80.38,80.18,80.24,918
2026-07-15T08:30:00+00:00,80.42,80.7,80.28,80.31,645
2026-07-15T08:35:00+00:00,80.34,80.63,80.3,80.63,16
2026-07-15T08:40:00+00:00,80.35,80.7,80.21,80.7,1262
2026-07-15T08:45:00+00:00,80.674,80.674,80.36,80.36,23
2026-07-15T08:50:00+00:00,80.36,80.36,80.18,80.25,372
2026-07-15T08:55:00+00:00,80.3,80.5,80.25,80.5,400
2026-07-15T09:00:00+00:00,80.45,80.49,80.34,80.39,526
2026-07-15T09:05:00+00:00,80.49,80.6,80.39,80.6,1290
2026-07-15T09:10:00+00:00,80.5,80.5,80.39,80.39,1441
2026-07-15T09:15:00+00:00,80.5,80.69,80.37,80.418,2613
2026-07-15T09:20:00+00:00,80.44,80.55,80.43,80.49,266
2026-07-15T09:25:00+00:00,80.45,80.66,80.45,80.5,94
2026-07-15T09:30:00+00:00,80.6,80.65,80.54,80.57,284
2026-07-15T09:35:00+00:00,80.57,80.684,80.5,80.62,1770
2026-07-15T09:40:00+00:00,80.68,80.68,80.52,80.52,1498
2026-07-15T09:45:00+00:00,80.55,80.68,80.46,80.54,231
2026-07-15T09:50:00+00:00,80.52,80.54,80.52,80.54,198
2026-07-15T09:55:00+00:00,80.45,80.45,80.45,80.45,250
2026-07-15T10:00:00+00:00,80.45,80.59,80.45,80.45,907
2026-07-15T10:05:00+00:00,80.44,80.534,80.4,80.4,132
2026-07-15T10:10:00+00:00,80.4,80.58,80.4,80.58,938
2026-07-15T10:15:00+00:00,80.46,80.53,80.43,80.53,44
2026-07-15T10:20:00+00:00,80.5,80.57,80.36,80.36,212
2026-07-15T10:25:00+00:00,80.36,80.4,80.2,80.259,119
2026-07-15T10:30:00+00:00,80.34,80.34,80.25,80.25,737
2026-07-15T10:35:00+00:00,80.42,80.42,80.32,80.42,1089
2026-07-15T10:40:00+00:00,80.42,80.42,80.3,80.3,1199
2026-07-15T10:45:00+00:00,80.3,80.44,80.3,80.44,4427
2026-07-15T10:50:00+00:00,80.44,80.51,80.3,80.51,680
2026-07-15T10:55:00+00:00,80.328,80.44,80.328,80.38,1950
2026-07-15T11:00:00+00:00,80.38,80.57,80.21,80.349,15093
2026-07-15T11:05:00+00:00,80.248,80.48,80.175,80.4,6446
2026-07-15T11:10:00+00:00,80.3,80.3,80.13,80.13,5952
2026-07-15T11:15:00+00:00,80.209,80.299,80.12,80.24,3837
2026-07-15T11:20:00+00:00,80.22,80.274,80.14,80.2,2408
2026-07-15T11:25:00+00:00,80.2,80.28,80.14,80.2,2116
2026-07-15T11:30:00+00:00,80.175,80.25,80.05,80.13,4283
2026-07-15T11:35:00+00:00,80.242,80.25,80.1,80.18,3660
2026-07-15T11:40:00+00:00,80.15,80.295,80.11,80.24,4740
2026-07-15T11:45:00+00:00,80.29,80.29,80.05,80.051,5888
2026-07-15T11:50:00+00:00,80.13,80.2,79.8,79.99,10004
2026-07-15T11:55:00+00:00,79.99,79.99,79.3,79.75,15673
2026-07-15T12:00:00+00:00,79.42,80.0,79.42,79.64,2623
2026-07-15T12:05:00+00:00,79.5,79.66,79.4,79.42,8021
2026-07-15T12:10:00+00:00,79.4,79.6,79.3,79.55,4765
2026-07-15T12:15:00+00:00,79.441,79.6,79.44,79.49,7459
2026-07-15T12:20:00+00:00,79.49,79.54,79.32,79.399,7955
2026-07-15T12:25:00+00:00,79.4,79.45,79.23,79.45,8136
2026-07-15T12:30:00+00:00,79.53,80.59,79.53,80.14,20080
2026-07-15T12:35:00+00:00,80.18,80.19,79.77,79.77,8153
2026-07-15T12:40:00+00:00,79.75,80.0,79.71,79.93,10763
2026-07-15T12:45:00+00:00,79.9,80.0,79.56,80.0,25272
2026-07-15T12:50:00+00:00,79.99,80.2,79.93,80.2,8713
2026-07-15T12:55:00+00:00,80.15,80.2,79.97,80.1,5281
2026-07-15T13:00:00+00:00,80.1,80.19,80.01,80.19,1003
2026-07-15T13:05:00+00:00,80.131,80.2,79.99,80.017,9224
2026-07-15T13:10:00+00:00,80.11,80.11,79.75,79.832,6096
2026-07-15T13:15:00+00:00,79.75,80.0,79.75,79.91,5364
2026-07-15T13:20:00+00:00,79.85,79.97,79.75,79.75,9472
2026-07-15T13:25:00+00:00,79.75,79.81,78.631,78.7,35912
2026-07-15T13:30:00+00:00,78.735,80.29,78.73,80.09,535425
2026-07-15T13:35:00+00:00,80.085,80.64,79.58,79.86,268968
2026-07-15T13:40:00+00:00,79.89,79.9,79.16,79.16,188131
2026-07-15T13:45:00+00:00,79.13,79.17,78.18,78.335,497273
2026-07-15T13:50:00+00:00,78.37,78.815,78.02,78.545,336537
2026-07-15T13:55:00+00:00,78.53,78.72,78.25,78.605,197170
2026-07-15T14:00:00+00:00,78.63,79.0,78.4,78.665,292691
2026-07-15T14:05:00+00:00,78.66,78.94,78.18,78.258,240714
2026-07-15T14:10:00+00:00,78.235,78.889,78.15,78.305,385075
2026-07-15T14:15:00+00:00,78.315,78.39,77.35,77.62,511734
2026-07-15T14:20:00+00:00,77.61,77.77,77.12,77.275,302840
2026-07-15T14:25:00+00:00,77.35,77.78,77.06,77.45,323629
2026-07-15T14:30:00+00:00,77.43,77.955,77.34,77.76,253564
2026-07-15T14:35:00+00:00,77.699,77.71,77.01,77.185,209676
2026-07-15T14:40:00+00:00,77.175,77.373,76.76,77.35,291921
2026-07-15T14:45:00+00:00,77.34,77.555,77.11,77.447,270802
2026-07-15T14:50:00+00:00,77.38,77.42,76.9,77.055,168658
2026-07-15T14:55:00+00:00,77.06,77.68,76.875,77.655,251708
2026-07-15T15:00:00+00:00,77.655,77.82,77.37,77.42,184646
2026-07-15T15:05:00+00:00,77.47,77.83,77.31,77.83,131348
2026-07-15T15:10:00+00:00,77.8,77.94,77.21,77.35,126811
2026-07-15T15:15:00+00:00,77.325,77.5,76.99,77.36,153927
2026-07-15T15:20:00+00:00,77.311,77.311,76.71,77.07,171723
2026-07-15T15:25:00+00:00,77.11,77.2,76.91,77.165,112563
2026-07-15T15:30:00+00:00,77.19,77.19,76.801,76.801,137375
2026-07-15T15:35:00+00:00,76.83,76.935,76.68,76.78,152738
2026-07-15T15:40:00+00:00,76.81,76.92,76.68,76.81,103437
2026-07-15T15:45:00+00:00,76.79,76.85,76.56,76.6,170834
2026-07-15T15:50:00+00:00,76.58,76.72,76.38,76.72,228882
2026-07-15T15:55:00+00:00,76.71,76.71,76.48,76.53,133835
2026-07-15T16:00:00+00:00,76.535,76.7,75.8,75.84,354036
2026-07-15T16:05:00+00:00,75.84,75.85,75.27,75.46,494285
2026-07-15T16:10:00+00:00,75.48,75.5,75.21,75.285,190685
2026-07-15T16:15:00+00:00,75.3,75.55,75.25,75.35,292275
2026-07-15T16:20:00+00:00,75.34,75.55,75.17,75.185,201531
2026-07-15T16:25:00+00:00,75.15,75.43,75.095,75.325,188762
2026-07-15T16:30:00+00:00,75.39,75.43,74.87,74.92,313327
2026-07-15T16:35:00+00:00,74.93,75.03,74.81,75.01,168535
2026-07-15T16:40:00+00:00,75.0,75.355,74.966,75.35,238944
2026-07-15T16:45:00+00:00,75.358,76.2,75.267,76.04,284270
2026-07-15T16:50:00+00:00,76.07,76.535,76.06,76.43,192464
2026-07-15T16:55:00+00:00,76.435,77.215,76.26,77.197,225319
2026-07-15T17:00:00+00:00,77.215,78.0,77.17,77.88,348609
2026-07-15T17:05:00+00:00,77.88,78.09,77.71,77.93,215667
2026-07-15T17:10:00+00:00,77.955,78.2,77.23,77.36,242146
2026-07-15T17:15:00+00:00,77.36,77.675,77.24,77.44,178403
2026-07-15T17:20:00+00:00,77.455,77.89,77.42,77.53,166972
2026-07-15T17:25:00+00:00,77.59,77.92,77.45,77.9,97476
2026-07-15T17:30:00+00:00,77.87,77.945,77.611,77.69,68594
2026-07-15T17:35:00+00:00,77.65,77.65,77.07,77.21,114715
2026-07-15T17:40:00+00:00,77.23,77.28,77.01,77.11,120292
2026-07-15T17:45:00+00:00,77.11,77.76,77.01,77.62,147419
2026-07-15T17:50:00+00:00,77.59,77.89,77.525,77.69,74233
2026-07-15T17:55:00+00:00,77.69,77.88,77.55,77.875,74130
2026-07-15T18:00:00+00:00,77.885,78.205,77.83,78.09,91130
2026-07-15T18:05:00+00:00,78.06,78.6,77.975,78.21,139111
2026-07-15T18:10:00+00:00,78.2,78.33,77.99,77.99,72505
2026-07-15T18:15:00+00:00,77.99,78.04,77.75,77.98,149210
2026-07-15T18:20:00+00:00,77.985,78.07,77.84,77.87,67342
2026-07-15T18:25:00+00:00,77.87,78.16,77.85,78.11,69220
2026-07-15T18:30:00+00:00,78.11,78.367,78.08,78.12,94932
2026-07-15T18:35:00+00:00,78.08,78.08,77.795,77.85,112567
2026-07-15T18:40:00+00:00,77.84,78.34,77.73,77.925,286947
2026-07-15T18:45:00+00:00,77.925,78.0,77.66,77.68,128789
2026-07-15T18:50:00+00:00,77.63,77.77,77.4,77.58,116134
2026-07-15T18:55:00+00:00,77.58,77.58,76.9,76.96,199096
2026-07-15T19:00:00+00:00,76.99,77.23,76.885,77.2,131979
2026-07-15T19:05:00+00:00,77.2,77.2,77.03,77.09,80341
2026-07-15T19:10:00+00:00,77.109,77.35,77.08,77.3,79214
2026-07-15T19:15:00+00:00,77.315,77.315,76.94,77.0,66856
2026-07-15T19:20:00+00:00,77.0,77.005,76.71,76.82,102555
2026-07-15T19:25:00+00:00,76.82,77.005,76.66,76.97,101248
2026-07-15T19:30:00+00:00,76.98,77.34,76.975,77.12,139773
2026-07-15T19:35:00+00:00,77.11,77.38,76.96,77.265,77006
2026-07-15T19:40:00+00:00,77.265,77.6,77.258,77.54,119953
2026-07-15T19:45:00+00:00,77.54,77.59,77.34,77.43,148745
2026-07-15T19:50:00+00:00,77.44,77.45,77.02,77.035,314505
2026-07-15T19:55:00+00:00,77.05,77.15,76.77,77.12,659723
2026-07-15T20:00:00+00:00,77.12,77.3,76.6,76.998,356105
2026-07-15T20:05:00+00:00,76.85,77.0,76.67,76.7,60429
2026-07-15T20:10:00+00:00,77.12,77.12,76.7,76.86,2765
2026-07-15T20:15:00+00:00,76.71,76.85,76.702,76.75,4463
2026-07-15T20:20:00+00:00,76.85,76.92,76.7,76.8,2300
2026-07-15T20:25:00+00:00,76.8,76.9,76.7,76.84,22505
2026-07-15T20:30:00+00:00,76.839,76.84,76.72,76.75,3363
2026-07-15T20:35:00+00:00,76.8,76.95,76.78,76.95,2826
2026-07-15T20:40:00+00:00,76.9,77.12,76.8,76.875,2060
2026-07-15T20:45:00+00:00,76.93,76.95,76.837,76.93,5549
2026-07-15T20:50:00+00:00,76.866,77.25,76.85,76.92,3920
2026-07-15T20:55:00+00:00,76.92,77.2,76.9,77.09,2490
2026-07-15T21:00:00+00:00,77.16,77.16,76.91,77.09,30240
2026-07-15T21:05:00+00:00,76.97,76.999,76.85,76.95,2265
2026-07-15T21:10:00+00:00,76.94,77.08,76.85,76.92,1148
2026-07-15T21:15:00+00:00,76.95,77.0,76.85,76.88,1350
2026-07-15T21:20:00+00:00,76.85,77.0,76.85,76.88,852
2026-07-15T21:25:00+00:00,76.901,77.0,76.9,76.9,486
2026-07-15T21:30:00+00:00,76.935,76.935,76.8,76.85,1023
2026-07-15T21:35:00+00:00,76.852,76.99,76.813,76.95,1341
2026-07-15T21:40:00+00:00,76.94,76.95,76.804,76.95,1272
2026-07-15T21:45:00+00:00,76.903,76.95,76.8,76.892,308
2026-07-15T21:50:00+00:00,77.0,77.0,76.85,76.92,1753
2026-07-15T21:55:00+00:00,76.91,76.91,76.8,76.84,2420
2026-07-15T22:00:00+00:00,76.84,76.969,76.8,76.84,826
2026-07-15T22:05:00+00:00,76.969,77.05,76.8,76.95,804
2026-07-15T22:10:00+00:00,76.95,77.05,76.9,77.0,671
2026-07-15T22:15:00+00:00,76.92,76.98,76.81,76.9,906
2026-07-15T22:20:00+00:00,76.9,76.98,76.816,76.899,1924
2026-07-15T22:25:00+00:00,76.9,77.0,76.9,76.99,284
2026-07-15T22:30:00+00:00,76.98,77.0,76.85,76.92,1404
2026-07-15T22:35:00+00:00,76.89,76.96,76.75,76.81,3422
2026-07-15T22:40:00+00:00,76.849,76.85,76.75,76.75,3137
2026-07-15T22:45:00+00:00,76.79,76.84,76.68,76.84,2307
2026-07-15T22:50:00+00:00,76.83,76.93,76.75,76.8,1974
2026-07-15T22:55:00+00:00,76.83,76.99,76.8,76.99,1307
2026-07-15T23:00:00+00:00,76.99,76.99,76.842,76.87,1170
2026-07-15T23:05:00+00:00,76.87,76.87,76.76,76.87,1488
2026-07-15T23:10:00+00:00,76.84,77.02,76.82,76.942,1255
2026-07-15T23:15:00+00:00,76.942,77.05,76.9,77.05,1531
2026-07-15T23:20:00+00:00,76.97,77.0,76.9,76.96,1473
2026-07-15T23:25:00+00:00,76.96,76.96,76.83,76.96,2209
2026-07-15T23:30:00+00:00,76.9,76.96,76.9,76.95,1252
2026-07-15T23:35:00+00:00,76.9,77.04,76.9,76.95,3703
2026-07-15T23:40:00+00:00,76.99,77.04,76.91,77.01,11965
2026-07-15T23:45:00+00:00,77.018,77.04,76.949,76.949,5627
2026-07-15T23:50:00+00:00,76.95,76.95,76.76,76.93,1445
2026-07-15T23:55:00+00:00,76.92,76.95,76.75,76.79,3037
2026-07-16T08:00:00+00:00,76.809,77.39,76.05,76.14,23718
2026-07-16T08:05:00+00:00,76.03,77.13,75.8,75.85,6818
2026-07-16T08:10:00+00:00,75.81,75.81,75.47,75.5,2399
2026-07-16T08:15:00+00:00,75.52,76.0,75.4,75.672,4392
2026-07-16T08:20:00+00:00,75.7,76.4,75.69,76.1,4094
2026-07-16T08:25:00+00:00,76.1,76.192,75.99,76.02,2102
2026-07-16T08:30:00+00:00,76.042,76.2,76.02,76.177,407
2026-07-16T08:35:00+00:00,76.1,76.2,76.02,76.06,880
2026-07-16T08:40:00+00:00,76.09,76.09,75.804,76.0,924
2026-07-16T08:45:00+00:00,75.806,76.19,75.806,76.19,964
2026-07-16T08:50:00+00:00,76.15,76.2,76.0,76.03,976
2026-07-16T08:55:00+00:00,76.061,76.31,75.924,76.31,577
2026-07-16T09:00:00+00:00,76.3,76.4,76.264,76.4,99
2026-07-16T09:05:00+00:00,76.25,76.26,76.1,76.1,383
2026-07-16T09:10:00+00:00,76.1,76.3,76.1,76.12,435
2026-07-16T09:15:00+00:00,76.05,76.28,76.05,76.15,622
2026-07-16T09:20:00+00:00,76.09,76.156,75.99,76.05,537
2026-07-16T09:25:00+00:00,76.05,76.243,76.0,76.23,543
2026-07-16T09:30:00+00:00,76.2,76.32,76.0,76.3,506
2026-07-16T09:35:00+00:00,76.22,76.305,76.22,76.25,47
2026-07-16T09:40:00+00:00,76.2,76.23,76.099,76.21,558
2026-07-16T09:45:00+00:00,76.17,76.25,76.0,76.1,1081
2026-07-16T09:50:00+00:00,76.25,76.25,75.85,75.88,4047
2026-07-16T09:55:00+00:00,76.07,76.1,75.855,75.855,817
2026-07-16T10:00:00+00:00,75.9,75.971,75.52,75.66,1237
2026-07-16T10:05:00+00:00,75.85,75.86,75.68,75.86,1568
2026-07-16T10:10:00+00:00,75.959,75.959,75.729,75.85,895
2026-07-16T10:15:00+00:00,75.85,75.96,75.67,75.721,291
2026-07-16T10:20:00+00:00,75.75,75.75,75.56,75.7,110
2026-07-16T10:25:00+00:00,75.72,75.8,75.6,75.8,2917
2026-07-16T10:30:00+00:00,75.8,75.94,75.8,75.9,855
2026-07-16T10:35:00+00:00,75.86,75.86,75.68,75.78,1479
2026-07-16T10:40:00+00:00,75.55,75.794,75.55,75.729,734
2026-07-16T10:45:00+00:00,75.83,75.86,75.73,75.841,1044
2026-07-16T10:50:00+00:00,75.787,75.83,75.68,75.83,751
2026-07-16T10:55:00+00:00,75.896,75.95,75.7,75.86,424
2026-07-16T11:00:00+00:00,75.865,75.91,75.51,75.68,9362
2026-07-16T11:05:00+00:00,75.75,75.8,75.43,75.61,12695
2026-07-16T11:10:00+00:00,75.66,76.2,75.5,76.2,15467
2026-07-16T11:15:00+00:00,76.055,76.19,75.789,75.884,1982
2026-07-16T11:20:00+00:00,75.88,76.09,75.815,76.012,1921
2026-07-16T11:25:00+00:00,76.0,76.15,75.9,75.95,1847
2026-07-16T11:30:00+00:00,76.0,76.0,75.55,75.77,4770
2026-07-16T11:35:00+00:00,75.71,75.82,75.53,75.66,1770
2026-07-16T11:40:00+00:00,75.589,75.78,75.4,75.4,5103
2026-07-16T11:45:00+00:00,75.45,75.73,75.2,75.27,2635
2026-07-16T11:50:00+00:00,75.306,75.54,75.14,75.526,4137
2026-07-16T11:55:00+00:00,75.513,75.6,75.35,75.5,3169
2026-07-16T12:00:00+00:00,75.49,75.74,75.35,75.35,1985
2026-07-16T12:05:00+00:00,75.398,75.45,75.25,75.262,8057
2026-07-16T12:10:00+00:00,75.33,75.398,75.21,75.38,7823
2026-07-16T12:15:00+00:00,75.399,75.51,75.21,75.338,5451
2026-07-16T12:20:00+00:00,75.51,75.51,75.08,75.15,3672
2026-07-16T12:25:00+00:00,75.17,75.35,75.0,75.3,3579
2026-07-16T12:30:00+00:00,75.3,75.4,75.1,75.25,7360
2026-07-16T12:35:00+00:00,75.2,75.35,75.0,75.1,9058
2026-07-16T12:40:00+00:00,75.063,75.15,75.001,75.06,5101
2026-07-16T12:45:00+00:00,75.06,75.28,74.98,75.28,9267
2026-07-16T12:50:00+00:00,75.15,75.5,75.12,75.45,3736
2026-07-16T12:55:00+00:00,75.41,75.45,75.3,75.368,4038
2026-07-16T13:00:00+00:00,75.38,75.6,75.35,75.55,13558
2026-07-16T13:05:00+00:00,75.549,75.78,75.44,75.62,4702
2026-07-16T13:10:00+00:00,75.58,75.68,75.45,75.65,3459
2026-07-16T13:15:00+00:00,75.6,75.92,75.53,75.76,6765
2026-07-16T13:20:00+00:00,75.8,75.86,75.63,75.66,7742
2026-07-16T13:25:00+00:00,75.67,75.74,75.3,75.58,4845
2026-07-16T13:30:00+00:00,75.57,75.62,74.66,74.915,315126
2026-07-16T13:35:00+00:00,74.96,75.459,74.45,74.47,318277
2026-07-16T13:40:00+00:00,74.49,74.94,73.96,74.11,327437
2026-07-16T13:45:00+00:00,74.12,74.23,73.02,73.28,347472
2026-07-16T13:50:00+00:00,73.305,74.14,73.05,73.05,418358
2026-07-16T13:55:00+00:00,73.095,73.6,72.8,73.47,326008
2026-07-16T14:00:00+00:00,73.4,73.97,73.38,73.677,202955
2026-07-16T14:05:00+00:00,73.69,74.33,73.475,74.205,164646
2026-07-16T14:10:00+00:00,74.16,74.95,74.0,74.6,260143
2026-07-16T14:15:00+00:00,74.59,74.9,74.412,74.693,149838
2026-07-16T14:20:00+00:00,74.695,74.721,74.0,74.195,175952
2026-07-16T14:25:00+00:00,74.11,74.25,73.76,74.1,228634
2026-07-16T14:30:00+00:00,74.1,74.125,73.43,73.63,151555
2026-07-16T14:35:00+00:00,73.605,73.96,73.532,73.83,210335
2026-07-16T14:40:00+00:00,73.865,74.13,73.62,73.98,116636
2026-07-16T14:45:00+00:00,73.99,74.08,73.68,73.725,119643
2026-07-16T14:50:00+00:00,73.725,73.85,73.41,73.57,304573
2026-07-16T14:55:00+00:00,73.535,73.9,73.31,73.88,159640
2026-07-16T15:00:00+00:00,73.83,73.9,73.28,73.331,121386
2026-07-16T15:05:00+00:00,73.29,73.43,72.95,73.39,220678
2026-07-16T15:10:00+00:00,73.42,73.42,73.03,73.205,103432
2026-07-16T15:15:00+00:00,73.152,73.55,73.05,73.325,184945
2026-07-16T15:20:00+00:00,73.315,73.42,73.12,73.38,135118
2026-07-16T15:25:00+00:00,73.38,73.66,73.07,73.215,133635
2026-07-16T15:30:00+00:00,73.175,73.699,73.05,73.528,105362
2026-07-16T15:35:00+00:00,73.515,73.515,73.19,73.27,128697
2026-07-16T15:40:00+00:00,73.26,73.28,72.75,72.95,249911
2026-07-16T15:45:00+00:00,72.94,72.94,72.38,72.813,265621
2026-07-16T15:50:00+00:00,72.81,73.05,72.74,72.9,249116
2026-07-16T15:55:00+00:00,72.89,72.89,72.46,72.845,148050
2026-07-16T16:00:00+00:00,72.855,72.89,72.54,72.6,136901
2026-07-16T16:05:00+00:00,72.57,72.76,72.43,72.74,141956
2026-07-16T16:10:00+00:00,72.72,72.72,72.34,72.57,168569
2026-07-16T16:15:00+00:00,72.52,72.63,72.37,72.51,283694
2026-07-16T16:20:00+00:00,72.502,72.56,72.26,72.55,153628
2026-07-16T16:25:00+00:00,72.53,72.91,72.33,72.83,234556
2026-07-16T16:30:00+00:00,72.855,73.02,72.68,72.76,264570
2026-07-16T16:35:00+00:00,72.775,72.94,72.64,72.79,314435
2026-07-16T16:40:00+00:00,72.775,73.125,72.745,72.95,114972
2026-07-16T16:45:00+00:00,72.97,73.21,72.75,73.044,128373
2026-07-16T16:50:00+00:00,73.05,73.57,72.86,73.55,134043
2026-07-16T16:55:00+00:00,73.53,73.87,73.53,73.805,129085
2026-07-16T17:00:00+00:00,73.8,73.807,73.12,73.265,143494
2026-07-16T17:05:00+00:00,73.265,73.37,72.955,73.26,173719
2026-07-16T17:10:00+00:00,73.25,73.43,72.87,72.876,129133
2026-07-16T17:15:00+00:00,72.905,73.13,72.89,73.04,106623
2026-07-16T17:20:00+00:00,73.065,73.24,73.0,73.15,108394
2026-07-16T17:25:00+00:00,73.16,73.42,73.04,73.28,107314
2026-07-16T17:30:00+00:00,73.28,73.33,72.83,72.88,91333
2026-07-16T17:35:00+00:00,72.849,72.87,72.43,72.58,135349
2026-07-16T17:40:00+00:00,72.565,72.567,72.35,72.443,169059
2026-07-16T17:45:00+00:00,72.455,72.55,72.152,72.26,201860
2026-07-16T17:50:00+00:00,72.28,72.376,72.1,72.25,142071
2026-07-16T17:55:00+00:00,72.25,72.25,72.08,72.2,102038
2026-07-16T18:00:00+00:00,72.17,72.555,72.1,72.15,207903
2026-07-16T18:05:00+00:00,72.15,72.71,72.09,72.625,180919
2026-07-16T18:10:00+00:00,72.625,72.68,72.21,72.24,136869
2026-07-16T18:15:00+00:00,72.24,72.69,72.1,72.63,190531
2026-07-16T18:20:00+00:00,72.63,72.9,72.62,72.78,107921
2026-07-16T18:25:00+00:00,72.75,73.31,72.75,72.9,168614
2026-07-16T18:30:00+00:00,72.87,73.105,72.77,72.93,116770
2026-07-16T18:35:00+00:00,72.89,72.905,72.66,72.9,93371
2026-07-16T18:40:00+00:00,72.84,73.05,72.68,73.03,108395
2026-07-16T18:45:00+00:00,72.995,73.51,72.92,73.4,84233
2026-07-16T18:50:00+00:00,73.38,73.55,72.98,73.1,130819
2026-07-16T18:55:00+00:00,73.08,73.1,72.955,73.045,67688
2026-07-16T19:00:00+00:00,73.04,73.35,73.0,73.27,86569
2026-07-16T19:05:00+00:00,73.26,73.485,73.1,73.275,138719
2026-07-16T19:10:00+00:00,73.265,73.47,73.18,73.3,187599
2026-07-16T19:15:00+00:00,73.27,73.5,73.19,73.25,150579
2026-07-16T19:20:00+00:00,73.285,73.4,73.15,73.26,191233
2026-07-16T19:25:00+00:00,73.26,73.46,73.2,73.37,152014
2026-07-16T19:30:00+00:00,73.36,73.55,72.77,72.861,204235
2026-07-16T19:35:00+00:00,72.83,72.87,72.45,72.61,219669
2026-07-16T19:40:00+00:00,72.61,72.825,72.45,72.71,162654
2026-07-16T19:45:00+00:00,72.73,72.91,72.44,72.47,245040
2026-07-16T19:50:00+00:00,72.44,72.98,72.37,72.925,335515
2026-07-16T19:55:00+00:00,72.93,73.05,72.71,72.91,904807
2026-07-16T20:00:00+00:00,73.02,73.5,72.75,72.78,648449
2026-07-16T20:05:00+00:00,72.761,73.01,72.64,72.93,19582
2026-07-16T20:10:00+00:00,72.91,73.0,72.614,72.637,3559
2026-07-16T20:15:00+00:00,72.91,72.91,72.54,72.811,8416
2026-07-16T20:20:00+00:00,72.761,72.99,72.761,72.99,14587
2026-07-16T20:25:00+00:00,72.945,73.2,72.9,73.11,9334
2026-07-16T20:30:00+00:00,73.1,73.11,72.83,72.9,18986
2026-07-16T20:35:00+00:00,72.9,73.25,72.85,73.25,3198
2026-07-16T20:40:00+00:00,73.22,73.25,73.0,73.1,4559
2026-07-16T20:45:00+00:00,73.1,73.17,72.95,73.01,8165
2026-07-16T20:50:00+00:00,73.02,73.2,73.02,73.13,2748
2026-07-16T20:55:00+00:00,73.1,73.2,73.1,73.2,29182
2026-07-16T21:00:00+00:00,73.2,73.25,73.09,73.151,3269
2026-07-16T21:05:00+00:00,73.25,73.25,73.05,73.06,1110
2026-07-16T21:10:00+00:00,73.032,73.1,73.03,73.03,2003
2026-07-16T21:15:00+00:00,73.09,73.1,73.02,73.097,4345
2026-07-16T21:20:00+00:00,73.05,73.08,73.0,73.012,2560
2026-07-16T21:25:00+00:00,73.05,73.08,73.002,73.06,2975
2026-07-16T21:30:00+00:00,73.01,73.08,73.0,73.08,5065
2026-07-16T21:35:00+00:00,73.116,73.2,73.101,73.16,1540
2026-07-16T21:40:00+00:00,73.154,73.2,73.1,73.2,2756
2026-07-16T21:45:00+00:00,73.2,73.2,73.006,73.03,1211
2026-07-16T21:50:00+00:00,73.19,73.19,73.08,73.13,1391
2026-07-16T21:55:00+00:00,73.19,73.2,73.024,73.04,2322
2026-07-16T22:00:00+00:00,73.18,73.37,73.1,73.35,2754
2026-07-16T22:05:00+00:00,73.2,73.34,73.13,73.3,4456
2026-07-16T22:10:00+00:00,73.33,73.4,73.2,73.4,3308
2026-07-16T22:15:00+00:00,73.37,73.37,72.907,73.08,3120
2026-07-16T22:20:00+00:00,72.92,73.13,72.92,73.067,1177
2026-07-16T22:25:00+00:00,73.05,73.05,72.82,72.84,2995
2026-07-16T22:30:00+00:00,72.82,73.05,72.82,73.05,1344
2026-07-16T22:35:00+00:00,72.85,73.06,72.82,72.85,344
2026-07-16T22:40:00+00:00,73.04,73.04,72.85,73.0,1048
2026-07-16T22:45:00+00:00,72.98,72.98,72.51,72.53,8088
2026-07-16T22:50:00+00:00,72.51,72.68,72.4,72.68,7585
2026-07-16T22:55:00+00:00,72.4,72.9,72.4,72.6,1790
2026-07-16T23:00:00+00:00,72.6,72.76,72.42,72.76,2602
2026-07-16T23:05:00+00:00,72.76,72.76,72.44,72.44,1587
2026-07-16T23:10:00+00:00,72.56,72.76,72.42,72.76,2695
2026-07-16T23:15:00+00:00,72.76,72.76,72.408,72.5,5608
2026-07-16T23:20:00+00:00,72.43,72.5,72.23,72.41,3441
2026-07-16T23:25:00+00:00,72.29,72.41,72.16,72.208,2802
2026-07-16T23:30:00+00:00,72.25,72.29,71.4,71.5,21266
2026-07-16T23:35:00+00:00,71.59,71.6,71.17,71.51,13879
2026-07-16T23:40:00+00:00,71.51,71.61,71.12,71.46,11668
2026-07-16T23:45:00+00:00,71.41,71.46,71.139,71.4,5055
2026-07-16T23:50:00+00:00,71.5,71.8,71.37,71.55,6830
2026-07-16T23:55:00+00:00,71.69,71.69,71.5,71.64,10979
2026-07-17T08:00:00+00:00,70.01,71.07,69.48,70.136,52147
2026-07-17T08:05:00+00:00,70.25,70.99,69.48,70.28,3122
2026-07-17T08:10:00+00:00,70.28,70.325,70.1,70.25,882
2026-07-17T08:15:00+00:00,70.15,70.19,69.67,69.7,4968
2026-07-17T08:20:00+00:00,69.74,70.373,69.69,70.3,7122
2026-07-17T08:25:00+00:00,70.1,70.2,69.98,70.15,1071
2026-07-17T08:30:00+00:00,70.03,70.195,69.75,69.75,868
2026-07-17T08:35:00+00:00,69.8,69.89,69.69,69.73,2583
2026-07-17T08:40:00+00:00,69.72,69.9,69.588,69.85,1669
2026-07-17T08:45:00+00:00,69.9,70.18,69.84,70.08,7685
2026-07-17T08:50:00+00:00,70.18,70.25,70.01,70.25,4172
2026-07-17T08:55:00+00:00,70.15,70.4,70.1,70.25,3032
2026-07-17T09:00:00+00:00,70.31,70.386,70.13,70.142,354
2026-07-17T09:05:00+00:00,70.19,70.29,70.13,70.27,799
2026-07-17T09:10:00+00:00,70.26,70.36,70.2,70.2,4718
2026-07-17T09:15:00+00:00,70.28,70.36,70.11,70.11,384
2026-07-17T09:20:00+00:00,70.17,70.4,70.17,70.28,4936
2026-07-17T09:25:00+00:00,70.28,70.85,70.28,70.71,15641
2026-07-17T09:30:00+00:00,70.79,70.94,70.61,70.7,2474
2026-07-17T09:35:00+00:00,70.97,71.5,70.7,71.47,4001
2026-07-17T09:40:00+00:00,71.22,71.261,70.87,71.0,2838
2026-07-17T09:45:00+00:00,71.0,71.28,71.0,71.1,1002
2026-07-17T09:50:00+00:00,71.0,71.35,71.0,71.35,1775
2026-07-17T09:55:00+00:00,71.368,71.368,70.91,70.98,4478
2026-07-17T10:00:00+00:00,71.0,71.19,70.9,70.9,406
2026-07-17T10:05:00+00:00,70.96,71.2,70.96,71.19,496
2026-07-17T10:10:00+00:00,71.19,71.57,71.113,71.57,5589
2026-07-17T10:15:00+00:00,71.64,71.96,71.55,71.588,7734
2026-07-17T10:20:00+00:00,71.8,71.88,71.39,71.49,6044
2026-07-17T10:25:00+00:00,71.461,71.6,71.23,71.502,2181
2026-07-17T10:30:00+00:00,71.53,71.85,71.4,71.85,3657
2026-07-17T10:35:00+00:00,71.9,71.96,71.79,71.79,566
2026-07-17T10:40:00+00:00,71.79,71.92,71.6,71.75,1778
2026-07-17T10:45:00+00:00,71.64,71.9,71.55,71.72,1351
2026-07-17T10:50:00+00:00,71.74,71.74,71.51,71.7,1579
2026-07-17T10:55:00+00:00,71.661,71.7,71.44,71.47,2583
2026-07-17T11:00:00+00:00,71.41,71.71,71.25,71.49,13081
2026-07-17T11:05:00+00:00,71.57,71.69,71.3,71.35,14171
2026-07-17T11:10:00+00:00,71.35,71.544,71.29,71.3,5952
2026-07-17T11:15:00+00:00,71.43,71.43,71.08,71.25,5653
2026-07-17T11:20:00+00:00,71.08,71.2,70.9,71.01,7240
2026-07-17T11:25:00+00:00,71.15,71.41,71.04,71.16,2732
2026-07-17T11:30:00+00:00,71.304,71.31,71.09,71.264,4846
2026-07-17T11:35:00+00:00,71.28,71.41,71.19,71.31,3257
2026-07-17T11:40:00+00:00,71.26,71.36,70.88,71.109,4122
2026-07-17T11:45:00+00:00,71.13,71.37,70.98,71.071,2807
2026-07-17T11:50:00+00:00,71.26,71.34,70.99,71.3,1575
2026-07-17T11:55:00+00:00,71.38,71.38,71.172,71.2,6169
2026-07-17T12:00:00+00:00,71.163,71.24,70.912,71.0,3788
2026-07-17T12:05:00+00:00,71.0,71.0,70.75,70.78,5160
2026-07-17T12:10:00+00:00,70.79,70.98,70.57,70.7,9268
2026-07-17T12:15:00+00:00,70.65,70.79,70.57,70.75,2496
2026-07-17T12:20:00+00:00,70.7,70.85,70.64,70.7,2333
2026-07-17T12:25:00+00:00,70.85,70.85,70.57,70.6,3442
2026-07-17T12:30:00+00:00,70.6,70.9,70.51,70.8,4195
2026-07-17T12:35:00+00:00,70.9,70.9,70.6,70.689,7744
2026-07-17T12:40:00+00:00,70.65,70.9,70.555,70.9,2691
2026-07-17T12:45:00+00:00,70.8,71.0,70.63,70.87,2884
2026-07-17T12:50:00+00:00,70.72,70.87,70.51,70.654,6749
2026-07-17T12:55:00+00:00,70.74,70.86,70.6,70.85,3187
2026-07-17T13:00:00+00:00,70.75,70.79,70.45,70.499,5789
2026-07-17T13:05:00+00:00,70.5,70.5,70.25,70.26,10309
2026-07-17T13:10:00+00:00,70.3,70.3,70.24,70.26,19054
2026-07-17T13:15:00+00:00,70.24,70.3,70.02,70.02,2002997
2026-07-17T13:20:00+00:00,70.025,70.2,69.92,70.044,643663
2026-07-17T13:25:00+00:00,70.08,70.73,70.03,70.72,14484
2026-07-17T13:30:00+00:00,70.71,71.22,69.33,69.35,683622
2026-07-17T13:35:00+00:00,69.35,69.53,68.731,68.8,655520
2026-07-17T13:40:00+00:00,68.78,69.58,68.64,68.79,393540
2026-07-17T13:45:00+00:00,68.745,69.2,68.51,69.082,738218
2026-07-17T13:50:00+00:00,69.08,70.535,69.045,70.37,702398
2026-07-17T13:55:00+00:00,70.3,70.8,70.0,70.395,387483
2026-07-17T14:00:00+00:00,70.36,71.255,70.27,70.85,438516
2026-07-17T14:05:00+00:00,70.8,71.62,70.71,71.45,369658
2026-07-17T14:10:00+00:00,71.45,72.23,71.3,71.8,468029
2026-07-17T14:15:00+00:00,71.795,72.8,71.49,72.666,485026
2026-07-17T14:20:00+00:00,72.645,72.9,72.41,72.535,487145
2026-07-17T14:25:00+00:00,72.535,72.976,71.8,72.9,424326
2026-07-17T14:30:00+00:00,72.865,73.75,72.565,73.395,424636
2026-07-17T14:35:00+00:00,73.4,74.198,73.4,74.12,386044
2026-07-17T14:40:00+00:00,74.09,74.33,73.25,73.57,316569
2026-07-17T14:45:00+00:00,73.565,74.33,73.22,74.04,290498
2026-07-17T14:50:00+00:00,74.05,74.47,73.64,73.69,248143
2026-07-17T14:55:00+00:00,73.69,74.15,73.2,73.24,221227
2026-07-17T15:00:00+00:00,73.26,73.55,72.875,72.91,630840
2026-07-17T15:05:00+00:00,72.93,73.03,72.44,72.965,173101
2026-07-17T15:10:00+00:00,72.965,73.19,72.38,72.595,179420
2026-07-17T15:15:00+00:00,72.56,72.83,72.3,72.64,174916
2026-07-17T15:20:00+00:00,72.68,72.97,72.52,72.67,87724
2026-07-17T15:25:00+00:00,72.73,73.11,72.555,72.98,1870362
2026-07-17T15:30:00+00:00,72.99,73.3,72.66,72.85,899313
2026-07-17T15:35:00+00:00,72.84,73.47,72.72,73.41,589216
2026-07-17T15:40:00+00:00,73.41,73.5,73.0,73.25,198175
2026-07-17T15:45:00+00:00,73.25,73.48,73.125,73.48,99207
2026-07-17T15:50:00+00:00,73.48,73.88,73.315,73.785,137485
2026-07-17T15:55:00+00:00,73.83,74.29,73.825,74.25,330167
2026-07-17T16:00:00+00:00,74.28,74.5,73.79,73.905,251610
2026-07-17T16:05:00+00:00,73.96,74.17,73.621,74.14,152894
2026-07-17T16:10:00+00:00,74.15,74.3,73.92,74.083,140061
2026-07-17T16:15:00+00:00,74.05,74.21,72.51,72.88,374656
2026-07-17T16:20:00+00:00,72.915,73.35,71.11,71.57,490569
2026-07-17T16:25:00+00:00,71.59,72.199,70.88,72.13,514134
2026-07-17T16:30:00+00:00,72.12,72.51,71.94,72.285,220311
2026-07-17T16:35:00+00:00,72.29,72.856,72.29,72.52,157300
2026-07-17T16:40:00+00:00,72.55,72.85,72.37,72.795,166752
2026-07-17T16:45:00+00:00,72.82,73.44,72.77,73.33,150771
2026-07-17T16:50:00+00:00,73.32,73.65,73.1,73.27,125551
2026-07-17T16:55:00+00:00,73.24,73.32,72.94,73.22,113679
2026-07-17T17:00:00+00:00,73.23,73.68,73.21,73.46,150780
2026-07-17T17:05:00+00:00,73.46,73.91,73.35,73.88,131324
2026-07-17T17:10:00+00:00,73.883,73.91,73.41,73.425,122011
2026-07-17T17:15:00+00:00,73.425,73.89,73.38,73.753,120946
2026-07-17T17:20:00+00:00,73.74,73.74,73.41,73.442,98586
2026-07-17T17:25:00+00:00,73.45,74.1,73.43,73.98,168114
2026-07-17T17:30:00+00:00,73.97,74.259,73.96,74.2,120064
2026-07-17T17:35:00+00:00,74.2,74.26,74.02,74.18,142399
2026-07-17T17:40:00+00:00,74.16,74.18,73.76,73.825,202392
2026-07-17T17:45:00+00:00,73.825,74.175,73.8,74.07,132466
2026-07-17T17:50:00+00:00,74.11,74.26,74.04,74.091,128585
2026-07-17T17:55:00+00:00,74.07,74.09,73.78,73.92,83943
2026-07-17T18:00:00+00:00,73.95,74.19,73.76,73.9,133552
2026-07-17T18:05:00+00:00,73.89,73.9,73.59,73.722,105162
2026-07-17T18:10:00+00:00,73.73,73.9,73.56,73.72,125611
2026-07-17T18:15:00+00:00,73.77,73.81,73.412,73.535,78405
2026-07-17T18:20:00+00:00,73.54,73.55,73.29,73.5,165654
2026-07-17T18:25:00+00:00,73.505,73.83,73.35,73.83,113592
2026-07-17T18:30:00+00:00,73.81,74.24,73.66,73.696,126271
2026-07-17T18:35:00+00:00,73.71,73.738,73.475,73.525,83471
2026-07-17T18:40:00+00:00,73.57,73.58,73.32,73.395,93276
2026-07-17T18:45:00+00:00,73.395,73.85,73.33,73.733,90501
2026-07-17T18:50:00+00:00,73.71,73.85,73.66,73.849,80479
2026-07-17T18:55:00+00:00,73.851,73.91,73.64,73.73,114039
2026-07-17T19:00:00+00:00,73.75,73.98,73.6,73.78,157433
2026-07-17T19:05:00+00:00,73.77,73.78,72.97,73.25,303579
2026-07-17T19:10:00+00:00,73.28,73.29,72.19,72.45,258160
2026-07-17T19:15:00+00:00,72.425,72.932,72.42,72.9,194615
2026-07-17T19:20:00+00:00,72.855,72.855,72.325,72.56,128088
2026-07-17T19:25:00+00:00,72.56,72.98,72.44,72.905,155372
2026-07-17T19:30:00+00:00,72.93,73.43,72.93,73.21,160288
2026-07-17T19:35:00+00:00,73.19,73.33,72.99,73.1,342446
2026-07-17T19:40:00+00:00,73.1,73.35,72.85,72.99,290611
2026-07-17T19:45:00+00:00,72.995,73.32,72.835,72.85,280793
2026-07-17T19:50:00+00:00,72.89,73.37,72.795,73.26,415874
2026-07-17T19:55:00+00:00,73.25,73.49,73.11,73.21,993893
2026-07-17T20:00:00+00:00,73.21,73.21,72.85,72.85,853621
2026-07-17T20:05:00+00:00,73.07,73.14,72.85,72.96,38084
2026-07-17T20:10:00+00:00,73.1,73.21,72.9,72.95,1830
2026-07-17T20:15:00+00:00,73.21,73.21,72.9,72.95,1017
2026-07-17T20:20:00+00:00,73.0,73.1,72.98,73.03,2433
2026-07-17T20:25:00+00:00,73.03,73.1,73.0,73.071,2840
2026-07-17T20:30:00+00:00,73.1,73.33,73.06,73.33,3712
2026-07-17T20:35:00+00:00,73.22,73.37,73.1,73.35,1168
2026-07-17T20:40:00+00:00,73.25,73.33,73.21,73.33,302
2026-07-17T20:45:00+00:00,73.31,73.46,73.28,73.4,372681
2026-07-17T20:50:00+00:00,73.46,74.0,73.4,73.62,14305
2026-07-17T20:55:00+00:00,73.579,73.58,73.42,73.46,1644
2026-07-17T21:00:00+00:00,73.475,73.5,73.36,73.48,1029
2026-07-17T21:05:00+00:00,73.44,73.49,73.36,73.49,904
2026-07-17T21:10:00+00:00,73.489,73.49,73.38,73.38,2053
2026-07-17T21:15:00+00:00,73.385,73.39,73.21,73.27,1233
2026-07-17T21:20:00+00:00,73.27,73.367,73.23,73.23,1054
2026-07-17T21:25:00+00:00,73.36,73.36,73.27,73.36,440
2026-07-17T21:30:00+00:00,73.3,73.36,73.25,73.36,2230
2026-07-17T21:35:00+00:00,73.34,73.387,73.31,73.387,595
2026-07-17T21:40:00+00:00,73.47,73.47,73.335,73.46,2718
2026-07-17T21:45:00+00:00,73.41,73.421,73.35,73.35,1099
2026-07-17T21:50:00+00:00,73.3,73.4,73.3,73.318,2107
2026-07-17T21:55:00+00:00,73.34,73.39,73.32,73.384,508
2026-07-17T22:00:00+00:00,73.39,73.39,73.35,73.37,2891
2026-07-17T22:05:00+00:00,73.379,73.38,73.32,73.38,1208
2026-07-17T22:10:00+00:00,73.38,73.38,73.35,73.355,1786
2026-07-17T22:15:00+00:00,73.35,73.49,73.35,73.49,754
2026-07-17T22:20:00+00:00,73.42,73.49,73.35,73.45,167
2026-07-17T22:25:00+00:00,73.38,73.47,73.38,73.42,909
2026-07-17T22:30:00+00:00,73.47,73.47,73.35,73.42,593
2026-07-17T22:35:00+00:00,73.41,73.43,73.37,73.42,84
2026-07-17T22:40:00+00:00,73.372,73.49,73.372,73.47,730
2026-07-17T22:45:00+00:00,73.47,73.49,73.4,73.489,645
2026-07-17T22:50:00+00:00,73.488,73.49,73.46,73.48,102
2026-07-17T22:55:00+00:00,73.48,73.49,73.42,73.48,775
2026-07-17T23:00:00+00:00,73.48,73.49,73.42,73.49,690
2026-07-17T23:05:00+00:00,73.49,73.49,73.35,73.45,388
2026-07-17T23:10:00+00:00,73.372,73.43,73.32,73.43,1270
2026-07-17T23:15:00+00:00,73.41,73.41,73.3,73.3,733
2026-07-17T23:20:00+00:00,73.3,73.38,73.22,73.28,1004
2026-07-17T23:25:00+00:00,73.28,73.38,73.28,73.35,732
2026-07-17T23:30:00+00:00,73.28,73.4,73.28,73.37,2901
2026-07-17T23:35:00+00:00,73.4,73.4,73.28,73.33,491
2026-07-17T23:40:00+00:00,73.34,73.34,73.269,73.3,669
2026-07-17T23:45:00+00:00,73.3,73.33,73.18,73.18,1420
2026-07-17T23:50:00+00:00,73.18,73.33,73.1,73.2,1934
2026-07-17T23:55:00+00:00,73.34,73.35,73.21,73.25,3013
