ts,o,h,l,c,v
2026-04-15T08:00:00+00:00,34.88,34.88,34.88,34.88,2222
2026-04-15T08:05:00+00:00,34.88,34.88,34.58,34.58,547
2026-04-15T08:10:00+00:00,34.58,34.58,34.58,34.58,84
2026-04-15T08:15:00+00:00,34.58,34.58,34.58,34.58,86
2026-04-15T08:20:00+00:00,34.58,34.58,34.5,34.5,282
2026-04-15T08:25:00+00:00,34.5,34.5,34.5,34.5,1
2026-04-15T08:30:00+00:00,34.5,34.5,34.5,34.5,13
2026-04-15T08:35:00+00:00,34.5,34.5,34.5,34.5,0
2026-04-15T08:40:00+00:00,34.68,34.68,34.68,34.68,100
2026-04-15T08:45:00+00:00,34.68,34.68,34.68,34.68,2
2026-04-15T08:50:00+00:00,34.68,34.68,34.68,34.68,19
2026-04-15T08:55:00+00:00,34.68,34.68,34.68,34.68,3
2026-04-15T09:00:00+00:00,34.68,34.68,34.68,34.68,63
2026-04-15T09:05:00+00:00,34.68,34.68,34.68,34.68,58
2026-04-15T09:10:00+00:00,34.68,34.7,34.68,34.7,450
2026-04-15T09:15:00+00:00,34.7,34.7,34.7,34.7,33
2026-04-15T09:20:00+00:00,34.7,34.7,34.7,34.7,0
2026-04-15T09:25:00+00:00,34.73,34.73,34.73,34.73,819
2026-04-15T09:30:00+00:00,34.73,34.73,34.73,34.73,4
2026-04-15T09:35:00+00:00,34.73,34.73,34.73,34.73,0
2026-04-15T09:40:00+00:00,34.73,34.73,34.73,34.73,0
2026-04-15T09:45:00+00:00,34.73,34.73,34.73,34.73,396
2026-04-15T09:50:00+00:00,34.73,34.73,34.73,34.73,114
2026-04-15T09:55:00+00:00,34.73,34.73,34.73,34.73,49
2026-04-15T10:00:00+00:00,34.73,34.73,34.73,34.73,0
2026-04-15T10:05:00+00:00,34.4,34.4,34.4,34.4,100
2026-04-15T10:10:00+00:00,34.4,34.4,34.4,34.4,1
2026-04-15T10:15:00+00:00,34.4,34.4,34.4,34.4,9
2026-04-15T10:20:00+00:00,34.4,34.4,34.4,34.4,33
2026-04-15T10:25:00+00:00,34.4,34.45,34.4,34.45,106
2026-04-15T10:30:00+00:00,34.4,34.4,34.25,34.25,2855
2026-04-15T10:35:00+00:00,34.25,34.28,34.25,34.28,175
2026-04-15T10:40:00+00:00,34.28,34.28,34.28,34.28,0
2026-04-15T10:45:00+00:00,34.28,34.28,34.28,34.28,21
2026-04-15T10:50:00+00:00,34.28,34.28,34.28,34.28,3
2026-04-15T10:55:00+00:00,34.28,34.28,34.28,34.28,111
2026-04-15T11:00:00+00:00,34.6,34.6,34.5,34.6,2156
2026-04-15T11:05:00+00:00,34.59,34.59,34.59,34.59,867
2026-04-15T11:10:00+00:00,34.59,34.59,34.58,34.58,298
2026-04-15T11:15:00+00:00,34.58,34.63,34.58,34.59,701
2026-04-15T11:20:00+00:00,34.59,34.59,34.59,34.59,262
2026-04-15T11:25:00+00:00,34.59,34.59,34.59,34.59,100
2026-04-15T11:30:00+00:00,34.5,34.5,34.5,34.5,364
2026-04-15T11:35:00+00:00,34.65,34.65,34.65,34.65,1070
2026-04-15T11:40:00+00:00,34.65,34.65,34.65,34.65,78
2026-04-15T11:45:00+00:00,34.65,34.65,34.65,34.65,39
2026-04-15T11:50:00+00:00,34.67,34.67,34.66,34.66,869
2026-04-15T11:55:00+00:00,34.67,34.67,34.66,34.66,478
2026-04-15T12:00:00+00:00,34.66,34.66,34.58,34.58,900
2026-04-15T12:05:00+00:00,34.59,34.59,34.54,34.54,594
2026-04-15T12:10:00+00:00,34.5,34.5,34.5,34.5,623
2026-04-15T12:15:00+00:00,34.5,34.5,34.48,34.5,1642
2026-04-15T12:20:00+00:00,34.5,34.5,34.49,34.49,962
2026-04-15T12:25:00+00:00,34.49,34.49,34.49,34.49,277
2026-04-15T12:30:00+00:00,34.49,34.49,34.49,34.49,63
2026-04-15T12:35:00+00:00,34.49,34.59,34.49,34.59,731
2026-04-15T12:40:00+00:00,34.68,34.68,34.64,34.64,453
2026-04-15T12:45:00+00:00,34.63,34.63,34.62,34.62,510
2026-04-15T12:50:00+00:00,34.62,34.62,34.62,34.62,182
2026-04-15T12:55:00+00:00,34.62,34.62,34.62,34.62,0
2026-04-15T13:00:00+00:00,34.61,34.61,34.61,34.61,1261
2026-04-15T13:05:00+00:00,34.61,34.61,34.61,34.61,2
2026-04-15T13:10:00+00:00,34.61,34.61,34.57,34.57,1144
2026-04-15T13:15:00+00:00,34.57,34.57,34.56,34.56,965
2026-04-15T13:20:00+00:00,34.56,34.59,34.56,34.58,10618
2026-04-15T13:25:00+00:00,34.58,34.58,34.58,34.58,25
2026-04-15T13:30:00+00:00,34.629,34.67,34.52,34.595,11928
2026-04-15T13:35:00+00:00,34.56,34.56,34.3,34.45,11249
2026-04-15T13:40:00+00:00,34.43,34.43,34.29,34.3,21191
2026-04-15T13:45:00+00:00,34.27,34.38,34.25,34.25,4066
2026-04-15T13:50:00+00:00,34.3,34.33,34.18,34.26,13406
2026-04-15T13:55:00+00:00,34.37,34.37,34.27,34.32,10009
2026-04-15T14:00:00+00:00,34.31,34.31,34.26,34.3,2016
2026-04-15T14:05:00+00:00,34.32,34.34,34.09,34.095,9339
2026-04-15T14:10:00+00:00,34.1,34.1,34.03,34.04,4056
2026-04-15T14:15:00+00:00,34.015,34.02,33.92,33.92,17276
2026-04-15T14:20:00+00:00,33.92,34.14,33.92,34.12,8198
2026-04-15T14:25:00+00:00,34.15,34.3,34.13,34.26,19300
2026-04-15T14:30:00+00:00,34.255,34.255,34.17,34.17,3201
2026-04-15T14:35:00+00:00,34.155,34.285,34.155,34.28,4277
2026-04-15T14:40:00+00:00,34.23,34.41,34.23,34.39,6158
2026-04-15T14:45:00+00:00,34.38,34.39,34.365,34.39,2153
2026-04-15T14:50:00+00:00,34.39,34.45,34.375,34.375,10115
2026-04-15T14:55:00+00:00,34.375,34.375,34.36,34.36,1244
2026-04-15T15:00:00+00:00,34.34,34.34,34.24,34.27,2823
2026-04-15T15:05:00+00:00,34.27,34.31,34.27,34.31,292
2026-04-15T15:10:00+00:00,34.31,34.33,34.29,34.33,1121
2026-04-15T15:15:00+00:00,34.36,34.36,34.3,34.3,6733
2026-04-15T15:20:00+00:00,34.3,34.33,34.3,34.31,2944
2026-04-15T15:25:00+00:00,34.32,34.33,34.32,34.33,1421
2026-04-15T15:30:00+00:00,34.33,34.33,34.245,34.245,2960
2026-04-15T15:35:00+00:00,34.235,34.235,34.165,34.185,2991
2026-04-15T15:40:00+00:00,34.18,34.23,34.18,34.22,2262
2026-04-15T15:45:00+00:00,34.22,34.28,34.2,34.24,1879
2026-04-15T15:50:00+00:00,34.24,34.24,34.1,34.16,25514
2026-04-15T15:55:00+00:00,34.12,34.12,34.04,34.075,11345
2026-04-15T16:00:00+00:00,34.075,34.12,34.065,34.11,15401
2026-04-15T16:05:00+00:00,34.11,34.2,34.11,34.17,1459
2026-04-15T16:10:00+00:00,34.17,34.18,34.155,34.18,1783
2026-04-15T16:15:00+00:00,34.185,34.185,34.185,34.185,985
2026-04-15T16:20:00+00:00,34.2,34.21,34.2,34.21,640
2026-04-15T16:25:00+00:00,34.21,34.21,34.17,34.17,3309
2026-04-15T16:30:00+00:00,34.17,34.17,34.07,34.07,1610
2026-04-15T16:35:00+00:00,34.08,34.12,34.08,34.08,2344
2026-04-15T16:40:00+00:00,34.075,34.075,33.95,33.95,11765
2026-04-15T16:45:00+00:00,33.95,33.95,33.84,33.845,10543
2026-04-15T16:50:00+00:00,33.86,33.87,33.695,33.75,13424
2026-04-15T16:55:00+00:00,33.71,33.88,33.71,33.87,3743
2026-04-15T17:00:00+00:00,33.87,33.99,33.86,33.99,1996
2026-04-15T17:05:00+00:00,33.985,34.04,33.985,34.03,1423
2026-04-15T17:10:00+00:00,34.005,34.005,33.98,33.98,816
2026-04-15T17:15:00+00:00,33.98,34.0,33.98,34.0,642
2026-04-15T17:20:00+00:00,34.0,34.0,34.0,34.0,278
2026-04-15T17:25:00+00:00,33.99,34.02,33.99,34.02,1175
2026-04-15T17:30:00+00:00,34.03,34.07,34.03,34.07,587
2026-04-15T17:35:00+00:00,34.07,34.085,34.07,34.07,704
2026-04-15T17:40:00+00:00,34.07,34.07,34.01,34.01,700
2026-04-15T17:45:00+00:00,34.01,34.01,34.01,34.01,183
2026-04-15T17:50:00+00:00,34.01,34.12,34.01,34.12,1407
2026-04-15T17:55:00+00:00,34.12,34.13,34.1,34.12,1450
2026-04-15T18:00:00+00:00,34.095,34.15,34.08,34.15,606
2026-04-15T18:05:00+00:00,34.16,34.195,34.16,34.195,3735
2026-04-15T18:10:00+00:00,34.2,34.25,34.16,34.25,443
2026-04-15T18:15:00+00:00,34.28,34.29,34.24,34.24,1852
2026-04-15T18:20:00+00:00,34.24,34.34,34.24,34.34,3324
2026-04-15T18:25:00+00:00,34.34,34.35,34.26,34.26,9617
2026-04-15T18:30:00+00:00,34.3,34.31,34.29,34.31,775
2026-04-15T18:35:00+00:00,34.31,34.34,34.31,34.34,1799
2026-04-15T18:40:00+00:00,34.34,34.34,34.285,34.3,18812
2026-04-15T18:45:00+00:00,34.31,34.315,34.275,34.315,4360
2026-04-15T18:50:00+00:00,34.35,34.39,34.35,34.35,8492
2026-04-15T18:55:00+00:00,34.37,34.39,34.37,34.39,11407
2026-04-15T19:00:00+00:00,34.385,34.385,34.33,34.379,1534
2026-04-15T19:05:00+00:00,34.38,34.41,34.38,34.41,3777
2026-04-15T19:10:00+00:00,34.42,34.435,34.39,34.43,13163
2026-04-15T19:15:00+00:00,34.42,34.45,34.29,34.35,13494
2026-04-15T19:20:00+00:00,34.385,34.43,34.35,34.38,4775
2026-04-15T19:25:00+00:00,34.4,34.4,34.35,34.38,1919
2026-04-15T19:30:00+00:00,34.39,34.5,34.39,34.41,17080
2026-04-15T19:35:00+00:00,34.49,34.49,34.41,34.41,4617
2026-04-15T19:40:00+00:00,34.4,34.5,34.36,34.36,8922
2026-04-15T19:45:00+00:00,34.35,34.42,34.35,34.37,3678
2026-04-15T19:50:00+00:00,34.4,34.47,34.385,34.42,19068
2026-04-15T19:55:00+00:00,34.46,34.46,34.39,34.44,4928
2026-04-15T20:00:00+00:00,34.47,34.47,34.47,34.47,200
2026-04-15T20:05:00+00:00,34.47,34.47,34.47,34.47,0
2026-04-15T20:10:00+00:00,34.47,34.47,34.44,34.44,906
2026-04-15T20:15:00+00:00,34.46,34.46,34.46,34.46,328
2026-04-15T20:20:00+00:00,34.46,34.46,34.46,34.46,0
2026-04-15T20:25:00+00:00,34.46,34.47,34.46,34.47,3381
2026-04-15T20:30:00+00:00,34.47,34.47,34.47,34.47,0
2026-04-15T20:35:00+00:00,34.47,34.47,34.47,34.47,0
2026-04-15T20:40:00+00:00,34.47,34.47,34.47,34.47,41
2026-04-15T20:45:00+00:00,34.5,34.5,34.5,34.5,399
2026-04-15T20:50:00+00:00,34.5,34.5,34.47,34.47,279
2026-04-15T20:55:00+00:00,34.5,34.5,34.5,34.5,220
2026-04-15T21:00:00+00:00,34.49,34.49,34.49,34.49,400
2026-04-15T21:05:00+00:00,34.49,34.49,34.49,34.49,27
2026-04-15T21:10:00+00:00,34.49,34.49,34.49,34.49,152
2026-04-15T21:15:00+00:00,34.49,34.49,34.49,34.49,24
2026-04-15T21:20:00+00:00,34.49,34.49,34.49,34.49,2
2026-04-15T21:25:00+00:00,34.49,34.49,34.49,34.49,0
2026-04-15T21:30:00+00:00,34.49,34.49,34.49,34.49,0
2026-04-15T21:35:00+00:00,34.49,34.49,34.49,34.49,0
2026-04-15T21:40:00+00:00,34.49,34.49,34.49,34.49,0
2026-04-15T21:45:00+00:00,34.49,34.49,34.49,34.49,0
2026-04-15T21:50:00+00:00,34.49,34.49,34.49,34.49,10
2026-04-15T21:55:00+00:00,34.49,34.49,34.49,34.49,272
2026-04-15T22:00:00+00:00,34.49,34.49,34.49,34.49,0
2026-04-15T22:05:00+00:00,34.49,34.49,34.49,34.49,70
2026-04-15T22:10:00+00:00,34.49,34.49,34.49,34.49,0
2026-04-15T22:15:00+00:00,34.49,34.49,34.49,34.49,3
2026-04-15T22:20:00+00:00,34.49,34.49,34.49,34.49,30
2026-04-15T22:25:00+00:00,34.49,34.49,34.49,34.49,20
2026-04-15T22:30:00+00:00,34.49,34.49,34.49,34.49,20
2026-04-15T22:35:00+00:00,34.49,34.49,34.49,34.49,175
2026-04-15T22:40:00+00:00,34.52,34.53,34.52,34.53,243
2026-04-15T22:45:00+00:00,34.53,34.53,34.53,34.53,50
2026-04-15T22:50:00+00:00,34.53,34.53,34.53,34.53,16
2026-04-15T22:55:00+00:00,34.53,34.53,34.53,34.53,21
2026-04-15T23:00:00+00:00,34.53,34.53,34.53,34.53,33
2026-04-15T23:05:00+00:00,34.65,34.66,34.65,34.66,5379
2026-04-15T23:10:00+00:00,34.66,34.66,34.66,34.66,50
2026-04-15T23:15:00+00:00,34.66,34.66,34.66,34.66,21
2026-04-15T23:20:00+00:00,34.66,34.66,34.66,34.66,0
2026-04-15T23:25:00+00:00,34.66,34.66,34.66,34.66,85
2026-04-15T23:30:00+00:00,34.66,34.66,34.64,34.64,471
2026-04-15T23:35:00+00:00,34.63,34.63,34.63,34.63,275
2026-04-15T23:40:00+00:00,34.63,34.63,34.63,34.63,0
2026-04-15T23:45:00+00:00,34.64,34.64,34.64,34.64,210
2026-04-15T23:50:00+00:00,34.64,34.64,34.6,34.6,246
2026-04-15T23:55:00+00:00,34.52,34.52,34.52,34.52,372
2026-04-16T08:00:00+00:00,35.36,35.36,35.36,35.36,456
2026-04-16T08:05:00+00:00,35.36,35.36,35.36,35.36,5
2026-04-16T08:10:00+00:00,35.36,35.36,35.36,35.36,105
2026-04-16T08:15:00+00:00,35.0,35.1,35.0,35.1,781
2026-04-16T08:20:00+00:00,35.1,35.1,35.1,35.1,5
2026-04-16T08:25:00+00:00,35.1,35.1,35.1,35.1,21
2026-04-16T08:30:00+00:00,35.1,35.1,34.99,34.99,559
2026-04-16T08:35:00+00:00,34.99,34.99,34.99,34.99,0
2026-04-16T08:40:00+00:00,34.99,34.99,34.99,34.99,23
2026-04-16T08:45:00+00:00,34.99,34.99,34.99,34.99,0
2026-04-16T08:50:00+00:00,34.99,34.99,34.99,34.99,0
2026-04-16T08:55:00+00:00,34.99,34.99,34.99,34.99,30
2026-04-16T09:00:00+00:00,34.99,34.99,34.99,34.99,0
2026-04-16T09:05:00+00:00,34.99,34.99,34.99,34.99,0
2026-04-16T09:10:00+00:00,34.99,34.99,34.99,34.99,0
2026-04-16T09:15:00+00:00,34.99,34.99,34.99,34.99,37
2026-04-16T09:20:00+00:00,34.99,34.99,34.99,34.99,7
2026-04-16T09:25:00+00:00,34.99,34.99,34.99,34.99,87
2026-04-16T09:30:00+00:00,35.14,35.14,35.1,35.1,257
2026-04-16T09:35:00+00:00,35.1,35.1,35.1,35.1,1644
2026-04-16T09:40:00+00:00,35.1,35.1,35.1,35.1,119
2026-04-16T09:45:00+00:00,35.1,35.1,35.1,35.1,0
2026-04-16T09:50:00+00:00,35.11,35.11,35.11,35.11,200
2026-04-16T09:55:00+00:00,35.11,35.11,35.1,35.1,512
2026-04-16T10:00:00+00:00,35.1,35.1,35.1,35.1,61
2026-04-16T10:05:00+00:00,35.1,35.1,35.1,35.1,54
2026-04-16T10:10:00+00:00,34.96,34.96,34.96,34.96,535
2026-04-16T10:15:00+00:00,34.96,34.96,34.96,34.96,0
2026-04-16T10:20:00+00:00,34.96,34.96,34.96,34.96,4
2026-04-16T10:25:00+00:00,34.96,34.96,34.86,34.86,421
2026-04-16T10:30:00+00:00,34.75,34.75,34.75,34.75,429
2026-04-16T10:35:00+00:00,34.45,34.45,34.45,34.45,163
2026-04-16T10:40:00+00:00,34.5,34.5,34.5,34.5,1171
2026-04-16T10:45:00+00:00,34.5,34.5,34.5,34.5,2
2026-04-16T10:50:00+00:00,34.5,34.5,34.5,34.5,0
2026-04-16T10:55:00+00:00,34.45,34.45,34.45,34.45,215
2026-04-16T11:00:00+00:00,34.45,34.86,34.45,34.86,345
2026-04-16T11:05:00+00:00,34.86,34.86,34.86,34.86,8
2026-04-16T11:10:00+00:00,34.66,34.66,34.66,34.66,632
2026-04-16T11:15:00+00:00,34.66,34.66,34.66,34.66,10
2026-04-16T11:20:00+00:00,34.78,34.78,34.68,34.68,450
2026-04-16T11:25:00+00:00,34.68,34.68,34.67,34.67,223
2026-04-16T11:30:00+00:00,34.67,34.67,34.67,34.67,31
2026-04-16T11:35:00+00:00,34.72,34.72,34.72,34.72,100
2026-04-16T11:40:00+00:00,34.72,34.72,34.72,34.72,56
2026-04-16T11:45:00+00:00,34.72,34.72,34.72,34.72,7
2026-04-16T11:50:00+00:00,34.72,34.72,34.7,34.7,101
2026-04-16T11:55:00+00:00,34.7,34.7,34.7,34.7,0
2026-04-16T12:00:00+00:00,34.7,34.8,34.7,34.8,1225
2026-04-16T12:05:00+00:00,34.76,34.76,34.75,34.75,284
2026-04-16T12:10:00+00:00,34.75,34.75,34.75,34.75,16
2026-04-16T12:15:00+00:00,34.75,34.75,34.75,34.75,15
2026-04-16T12:20:00+00:00,34.61,34.61,34.6,34.6,689
2026-04-16T12:25:00+00:00,34.65,34.65,34.65,34.65,225
2026-04-16T12:30:00+00:00,34.65,34.65,34.65,34.65,12
2026-04-16T12:35:00+00:00,34.65,34.65,34.65,34.65,305
2026-04-16T12:40:00+00:00,34.58,34.58,34.57,34.57,452
2026-04-16T12:45:00+00:00,34.57,34.57,34.45,34.45,175
2026-04-16T12:50:00+00:00,34.45,34.45,34.45,34.45,0
2026-04-16T12:55:00+00:00,34.45,34.45,34.45,34.45,10
2026-04-16T13:00:00+00:00,34.45,34.45,34.45,34.45,31
2026-04-16T13:05:00+00:00,34.45,34.61,34.45,34.61,2010
2026-04-16T13:10:00+00:00,34.65,34.65,34.65,34.65,445
2026-04-16T13:15:00+00:00,34.61,34.65,34.55,34.65,1632
2026-04-16T13:20:00+00:00,34.65,34.9,34.65,34.68,24097
2026-04-16T13:25:00+00:00,34.68,34.96,34.68,34.92,6343
2026-04-16T13:30:00+00:00,34.84,34.99,34.66,34.78,51269
2026-04-16T13:35:00+00:00,34.82,34.87,34.68,34.79,13574
2026-04-16T13:40:00+00:00,34.78,34.94,34.76,34.81,15573
2026-04-16T13:45:00+00:00,34.81,34.81,34.77,34.79,16091
2026-04-16T13:50:00+00:00,34.8,34.8,34.665,34.665,154390
2026-04-16T13:55:00+00:00,34.62,34.68,34.535,34.68,11756
2026-04-16T14:00:00+00:00,34.795,34.96,34.75,34.95,11113
2026-04-16T14:05:00+00:00,34.985,35.05,34.98,35.029,14548
2026-04-16T14:10:00+00:00,35.025,35.19,35.025,35.155,21374
2026-04-16T14:15:00+00:00,35.155,35.155,34.92,34.97,4667
2026-04-16T14:20:00+00:00,34.97,35.005,34.945,35.005,10900
2026-04-16T14:25:00+00:00,35.0,35.195,34.99,35.195,12894
2026-04-16T14:30:00+00:00,35.16,35.16,35.05,35.05,9273
2026-04-16T14:35:00+00:00,35.05,35.109,35.05,35.09,5685
2026-04-16T14:40:00+00:00,35.1,35.119,35.08,35.11,14499
2026-04-16T14:45:00+00:00,35.15,35.15,35.1,35.1,2338
2026-04-16T14:50:00+00:00,35.1,35.1,35.045,35.045,3543
2026-04-16T14:55:00+00:00,35.045,35.06,35.02,35.06,1852
2026-04-16T15:00:00+00:00,35.06,35.12,35.055,35.12,1648
2026-04-16T15:05:00+00:00,35.17,35.22,35.17,35.22,6158
2026-04-16T15:10:00+00:00,35.22,35.24,35.195,35.21,4215
2026-04-16T15:15:00+00:00,35.22,35.239,35.15,35.15,3491
2026-04-16T15:20:00+00:00,35.11,35.14,35.11,35.12,3411
2026-04-16T15:25:00+00:00,35.12,35.12,35.065,35.08,3093
2026-04-16T15:30:00+00:00,35.07,35.075,35.07,35.075,1032
2026-04-16T15:35:00+00:00,35.15,35.28,35.15,35.28,1511
2026-04-16T15:40:00+00:00,35.285,35.285,35.26,35.26,1478
2026-04-16T15:45:00+00:00,35.255,35.26,35.21,35.21,1781
2026-04-16T15:50:00+00:00,35.21,35.21,35.17,35.18,1140
2026-04-16T15:55:00+00:00,35.17,35.2,35.1,35.16,24614
2026-04-16T16:00:00+00:00,35.17,35.24,35.17,35.235,22913
2026-04-16T16:05:00+00:00,35.235,35.24,35.205,35.21,744
2026-04-16T16:10:00+00:00,35.215,35.28,35.215,35.28,1491
2026-04-16T16:15:00+00:00,35.3,35.32,35.29,35.32,5470
2026-04-16T16:20:00+00:00,35.32,35.32,35.17,35.17,8121
2026-04-16T16:25:00+00:00,35.17,35.2,35.17,35.17,968
2026-04-16T16:30:00+00:00,35.16,35.16,34.925,34.93,10304
2026-04-16T16:35:00+00:00,34.95,35.04,34.95,35.04,2131
2026-04-16T16:40:00+00:00,35.04,35.05,35.0,35.0,1917
2026-04-16T16:45:00+00:00,35.0,35.0,35.0,35.0,100
2026-04-16T16:50:00+00:00,35.0,35.12,35.0,35.09,478
2026-04-16T16:55:00+00:00,35.09,35.09,35.08,35.08,308
2026-04-16T17:00:00+00:00,35.08,35.08,34.98,34.98,3885
2026-04-16T17:05:00+00:00,34.985,35.02,34.96,35.02,1861
2026-04-16T17:10:00+00:00,35.025,35.025,34.93,34.93,1318
2026-04-16T17:15:00+00:00,34.91,34.92,34.9,34.92,1645
2026-04-16T17:20:00+00:00,34.94,35.03,34.94,35.03,1601
2026-04-16T17:25:00+00:00,35.04,35.08,35.04,35.04,2930
2026-04-16T17:30:00+00:00,35.04,35.08,35.04,35.06,2265
2026-04-16T17:35:00+00:00,35.06,35.06,35.019,35.02,2210
2026-04-16T17:40:00+00:00,35.02,35.075,35.02,35.075,764
2026-04-16T17:45:00+00:00,35.07,35.07,35.02,35.02,1308
2026-04-16T17:50:00+00:00,35.02,35.02,34.97,34.98,3416
2026-04-16T17:55:00+00:00,34.98,34.98,34.89,34.915,6092
2026-04-16T18:00:00+00:00,34.925,34.97,34.925,34.96,1673
2026-04-16T18:05:00+00:00,34.95,34.95,34.89,34.89,1967
2026-04-16T18:10:00+00:00,34.885,34.91,34.85,34.91,2039
2026-04-16T18:15:00+00:00,34.91,34.91,34.9,34.9,1276
2026-04-16T18:20:00+00:00,34.9,34.92,34.86,34.86,4002
2026-04-16T18:25:00+00:00,34.835,34.85,34.76,34.76,3653
2026-04-16T18:30:00+00:00,34.79,34.82,34.79,34.81,2999
2026-04-16T18:35:00+00:00,34.81,34.84,34.8,34.82,7109
2026-04-16T18:40:00+00:00,34.82,34.83,34.81,34.815,3479
2026-04-16T18:45:00+00:00,34.815,34.84,34.79,34.79,3808
2026-04-16T18:50:00+00:00,34.79,34.845,34.77,34.83,2598
2026-04-16T18:55:00+00:00,34.83,34.87,34.83,34.87,702
2026-04-16T19:00:00+00:00,34.91,35.005,34.91,35.0,2980
2026-04-16T19:05:00+00:00,35.0,35.01,34.995,35.0,2130
2026-04-16T19:10:00+00:00,35.009,35.025,35.009,35.025,1313
2026-04-16T19:15:00+00:00,35.03,35.1,35.03,35.1,3723
2026-04-16T19:20:00+00:00,35.11,35.12,35.1,35.11,4632
2026-04-16T19:25:00+00:00,35.11,35.11,35.09,35.09,3511
2026-04-16T19:30:00+00:00,35.055,35.17,35.055,35.15,8385
2026-04-16T19:35:00+00:00,35.14,35.15,35.12,35.12,2729
2026-04-16T19:40:00+00:00,35.12,35.12,35.07,35.07,5187
2026-04-16T19:45:00+00:00,35.04,35.08,35.03,35.08,2217
2026-04-16T19:50:00+00:00,35.085,35.089,35.0,35.03,7727
2026-04-16T19:55:00+00:00,35.03,35.15,35.0,35.1,7882
2026-04-16T20:00:00+00:00,34.815,34.815,34.815,34.815,56
2026-04-16T20:05:00+00:00,34.815,34.815,34.815,34.815,0
2026-04-16T20:10:00+00:00,34.815,34.815,34.815,34.815,0
2026-04-16T20:15:00+00:00,34.815,34.815,34.815,34.815,0
2026-04-16T20:20:00+00:00,34.815,34.815,34.815,34.815,5
2026-04-16T20:25:00+00:00,35.07,35.07,35.07,35.07,468
2026-04-16T20:30:00+00:00,35.07,35.07,35.07,35.07,1
2026-04-16T20:35:00+00:00,35.07,35.07,35.07,35.07,4
2026-04-16T20:40:00+00:00,35.07,35.07,35.07,35.07,0
2026-04-16T20:45:00+00:00,35.07,35.07,35.07,35.07,0
2026-04-16T20:50:00+00:00,35.07,35.07,35.07,35.07,0
2026-04-16T20:55:00+00:00,35.07,35.07,35.07,35.07,0
2026-04-16T21:00:00+00:00,35.07,35.07,35.07,35.07,0
2026-04-16T21:05:00+00:00,35.07,35.07,35.07,35.07,15
2026-04-16T21:10:00+00:00,35.07,35.07,35.07,35.07,0
2026-04-16T21:15:00+00:00,35.07,35.07,35.07,35.07,0
2026-04-16T21:20:00+00:00,35.07,35.07,35.07,35.07,520
2026-04-16T21:25:00+00:00,35.07,35.07,35.07,35.07,0
2026-04-16T21:30:00+00:00,35.07,35.07,35.07,35.07,0
2026-04-16T21:35:00+00:00,35.07,35.07,35.07,35.07,0
2026-04-16T21:40:00+00:00,35.07,35.07,35.07,35.07,0
2026-04-16T21:45:00+00:00,35.07,35.07,35.07,35.07,20
2026-04-16T21:50:00+00:00,35.07,35.07,35.07,35.07,0
2026-04-16T21:55:00+00:00,35.07,35.07,35.07,35.07,0
2026-04-16T22:00:00+00:00,35.07,35.07,35.07,35.07,10
2026-04-16T22:05:00+00:00,35.08,35.08,35.08,35.08,112
2026-04-16T22:10:00+00:00,35.08,35.08,35.08,35.08,0
2026-04-16T22:15:00+00:00,35.08,35.08,35.08,35.08,0
2026-04-16T22:20:00+00:00,35.08,35.08,35.08,35.08,0
2026-04-16T22:25:00+00:00,35.08,35.08,35.08,35.08,0
2026-04-16T22:30:00+00:00,35.08,35.08,35.08,35.08,0
2026-04-16T22:35:00+00:00,35.08,35.08,35.08,35.08,0
2026-04-16T22:40:00+00:00,35.08,35.08,35.08,35.08,2
2026-04-16T22:45:00+00:00,35.08,35.08,35.08,35.08,0
2026-04-16T22:50:00+00:00,35.08,35.08,35.08,35.08,0
2026-04-16T22:55:00+00:00,35.08,35.08,35.08,35.08,0
2026-04-16T23:00:00+00:00,35.08,35.08,35.08,35.08,0
2026-04-16T23:05:00+00:00,35.14,35.14,35.14,35.14,173
2026-04-16T23:10:00+00:00,35.14,35.14,35.14,35.14,170
2026-04-16T23:15:00+00:00,35.14,35.14,35.14,35.14,0
2026-04-16T23:20:00+00:00,35.14,35.14,35.14,35.14,0
2026-04-16T23:25:00+00:00,35.14,35.14,35.14,35.14,0
2026-04-16T23:30:00+00:00,35.14,35.14,35.14,35.14,2
2026-04-16T23:35:00+00:00,35.11,35.11,35.1,35.1,2605
2026-04-16T23:40:00+00:00,35.1,35.1,35.1,35.1,0
2026-04-16T23:45:00+00:00,35.1,35.1,35.1,35.1,12
2026-04-16T23:50:00+00:00,35.05,35.05,35.05,35.05,250
2026-04-16T23:55:00+00:00,35.05,35.05,35.05,35.05,0
2026-04-17T08:00:00+00:00,35.7,35.7,35.7,35.7,6
2026-04-17T08:05:00+00:00,35.7,35.7,34.61,34.61,253
2026-04-17T08:10:00+00:00,34.61,34.61,34.61,34.61,10
2026-04-17T08:15:00+00:00,34.58,34.59,34.58,34.59,300
2026-04-17T08:20:00+00:00,34.59,34.59,34.59,34.59,50
2026-04-17T08:25:00+00:00,34.59,34.59,34.59,34.59,0
2026-04-17T08:30:00+00:00,34.59,34.59,34.59,34.59,30
2026-04-17T08:35:00+00:00,34.59,34.59,34.59,34.59,0
2026-04-17T08:40:00+00:00,34.59,34.59,34.59,34.59,0
2026-04-17T08:45:00+00:00,34.59,34.59,34.59,34.59,11
2026-04-17T08:50:00+00:00,34.51,34.51,34.51,34.51,251
2026-04-17T08:55:00+00:00,34.53,34.53,34.53,34.53,310
2026-04-17T09:00:00+00:00,34.53,34.53,34.53,34.53,1
2026-04-17T09:05:00+00:00,34.53,34.53,34.53,34.53,27
2026-04-17T09:10:00+00:00,34.63,34.63,34.62,34.62,630
2026-04-17T09:15:00+00:00,34.62,34.62,34.62,34.62,0
2026-04-17T09:20:00+00:00,34.62,34.62,34.62,34.62,28
2026-04-17T09:25:00+00:00,34.65,34.65,34.65,34.65,458
2026-04-17T09:30:00+00:00,34.65,34.65,34.65,34.65,9
2026-04-17T09:35:00+00:00,34.65,34.65,34.65,34.65,0
2026-04-17T09:40:00+00:00,34.65,34.65,34.65,34.65,0
2026-04-17T09:45:00+00:00,34.65,34.65,34.65,34.65,0
2026-04-17T09:50:00+00:00,34.65,34.65,34.65,34.65,102
2026-04-17T09:55:00+00:00,34.65,34.65,34.65,34.65,0
2026-04-17T10:00:00+00:00,34.65,34.65,34.65,34.65,5
2026-04-17T10:05:00+00:00,34.65,34.65,34.65,34.65,0
2026-04-17T10:10:00+00:00,34.76,34.76,34.75,34.75,752
2026-04-17T10:15:00+00:00,34.67,34.67,34.67,34.67,625
2026-04-17T10:20:00+00:00,34.66,34.66,34.66,34.66,112
2026-04-17T10:25:00+00:00,34.66,34.66,34.66,34.66,0
2026-04-17T10:30:00+00:00,34.66,34.66,34.66,34.66,18
2026-04-17T10:35:00+00:00,34.66,34.66,34.66,34.66,0
2026-04-17T10:40:00+00:00,34.66,34.66,34.66,34.66,0
2026-04-17T10:45:00+00:00,34.66,34.66,34.66,34.66,0
2026-04-17T10:50:00+00:00,34.66,34.66,34.66,34.66,0
2026-04-17T10:55:00+00:00,34.66,34.66,34.66,34.66,18
2026-04-17T11:00:00+00:00,34.66,34.66,34.66,34.66,0
2026-04-17T11:05:00+00:00,34.66,34.66,34.66,34.66,0
2026-04-17T11:10:00+00:00,34.66,34.66,34.66,34.66,0
2026-04-17T11:15:00+00:00,34.66,34.73,34.66,34.73,357
2026-04-17T11:20:00+00:00,34.73,34.73,34.73,34.73,0
2026-04-17T11:25:00+00:00,34.83,34.83,34.83,34.83,401
2026-04-17T11:30:00+00:00,34.83,34.83,34.83,34.83,40
2026-04-17T11:35:00+00:00,34.82,34.82,34.82,34.82,401
2026-04-17T11:40:00+00:00,34.82,34.82,34.82,34.82,0
2026-04-17T11:45:00+00:00,34.82,34.82,34.82,34.82,10
2026-04-17T11:50:00+00:00,34.88,34.88,34.87,34.87,707
2026-04-17T11:55:00+00:00,34.88,34.89,34.88,34.89,1394
2026-04-17T12:00:00+00:00,34.88,34.88,34.88,34.88,237
2026-04-17T12:05:00+00:00,34.88,34.88,34.88,34.88,55
2026-04-17T12:10:00+00:00,34.88,34.97,34.88,34.97,292
2026-04-17T12:15:00+00:00,34.97,35.02,34.97,35.02,394
2026-04-17T12:20:00+00:00,35.02,35.02,35.0,35.0,414
2026-04-17T12:25:00+00:00,35.04,35.04,35.04,35.04,100
2026-04-17T12:30:00+00:00,35.04,35.04,35.04,35.04,19
2026-04-17T12:35:00+00:00,35.04,35.04,35.04,35.04,0
2026-04-17T12:40:00+00:00,35.04,35.07,35.04,35.07,115
2026-04-17T12:45:00+00:00,35.07,35.07,35.07,35.07,40
2026-04-17T12:50:00+00:00,35.07,35.6,35.07,35.6,424
2026-04-17T12:55:00+00:00,35.6,35.69,35.58,35.69,1619
2026-04-17T13:00:00+00:00,35.65,35.76,35.65,35.76,3505
2026-04-17T13:05:00+00:00,35.76,35.76,35.73,35.76,1332
2026-04-17T13:10:00+00:00,35.97,36.04,35.96,36.04,4223
2026-04-17T13:15:00+00:00,36.0,36.0,35.88,35.88,2552
2026-04-17T13:20:00+00:00,35.88,35.92,35.789,35.789,4424
2026-04-17T13:25:00+00:00,35.78,35.78,35.65,35.65,1155
2026-04-17T13:30:00+00:00,35.68,35.75,35.56,35.645,37384
2026-04-17T13:35:00+00:00,35.76,35.96,35.76,35.92,21017
2026-04-17T13:40:00+00:00,35.92,35.92,35.66,35.73,11228
2026-04-17T13:45:00+00:00,35.69,35.69,35.46,35.53,13420
2026-04-17T13:50:00+00:00,35.53,35.69,35.5,35.545,2015
2026-04-17T13:55:00+00:00,35.5,35.5,35.29,35.44,10996
2026-04-17T14:00:00+00:00,35.44,35.46,35.41,35.455,1547
2026-04-17T14:05:00+00:00,35.43,35.6,35.43,35.59,4349
2026-04-17T14:10:00+00:00,35.59,35.605,35.55,35.56,3981
2026-04-17T14:15:00+00:00,35.56,35.56,35.455,35.51,828
2026-04-17T14:20:00+00:00,35.42,35.56,35.42,35.56,3024
2026-04-17T14:25:00+00:00,35.615,35.65,35.59,35.62,9068
2026-04-17T14:30:00+00:00,35.62,35.75,35.62,35.75,2304
2026-04-17T14:35:00+00:00,35.74,35.74,35.685,35.74,4363
2026-04-17T14:40:00+00:00,35.76,35.89,35.76,35.87,8507
2026-04-17T14:45:00+00:00,35.86,35.95,35.85,35.95,4968
2026-04-17T14:50:00+00:00,35.94,35.94,35.79,35.79,6429
2026-04-17T14:55:00+00:00,35.75,35.78,35.74,35.75,7256
2026-04-17T15:00:00+00:00,35.74,35.78,35.73,35.75,1177
2026-04-17T15:05:00+00:00,35.75,35.875,35.75,35.875,5707
2026-04-17T15:10:00+00:00,35.88,35.89,35.79,35.79,5445
2026-04-17T15:15:00+00:00,35.79,35.83,35.79,35.79,1381
2026-04-17T15:20:00+00:00,35.79,35.79,35.67,35.67,5944
2026-04-17T15:25:00+00:00,35.67,35.76,35.67,35.76,818
2026-04-17T15:30:00+00:00,35.76,35.82,35.76,35.81,3194
2026-04-17T15:35:00+00:00,35.81,35.81,35.74,35.74,2436
2026-04-17T15:40:00+00:00,35.78,35.78,35.65,35.65,1753
2026-04-17T15:45:00+00:00,35.605,35.605,35.57,35.595,3016
2026-04-17T15:50:00+00:00,35.685,35.72,35.685,35.709,1985
2026-04-17T15:55:00+00:00,35.71,35.72,35.57,35.58,13252
2026-04-17T16:00:00+00:00,35.56,35.56,35.51,35.55,3408
2026-04-17T16:05:00+00:00,35.56,35.68,35.56,35.68,1869
2026-04-17T16:10:00+00:00,35.68,35.72,35.67,35.72,1128
2026-04-17T16:15:00+00:00,35.71,35.75,35.67,35.72,2704
2026-04-17T16:20:00+00:00,35.72,35.72,35.72,35.72,0
2026-04-17T16:25:00+00:00,35.759,35.759,35.73,35.73,783
2026-04-17T16:30:00+00:00,35.76,35.81,35.76,35.81,1480
2026-04-17T16:35:00+00:00,35.82,35.87,35.82,35.85,1855
2026-04-17T16:40:00+00:00,35.85,35.85,35.82,35.82,746
2026-04-17T16:45:00+00:00,35.86,35.87,35.849,35.849,1465
2026-04-17T16:50:00+00:00,35.849,35.855,35.83,35.83,1755
2026-04-17T16:55:00+00:00,35.81,35.81,35.785,35.8,1290
2026-04-17T17:00:00+00:00,35.8,35.8,35.8,35.8,100
2026-04-17T17:05:00+00:00,35.8,35.8,35.7,35.7,2319
2026-04-17T17:10:00+00:00,35.7,35.71,35.7,35.71,444
2026-04-17T17:15:00+00:00,35.71,35.72,35.7,35.7,476
2026-04-17T17:20:00+00:00,35.7,35.7,35.585,35.585,1165
2026-04-17T17:25:00+00:00,35.585,35.585,35.52,35.52,815
2026-04-17T17:30:00+00:00,35.55,35.6,35.55,35.6,412
2026-04-17T17:35:00+00:00,35.6,35.6,35.565,35.565,263
2026-04-17T17:40:00+00:00,35.565,35.565,35.52,35.52,398
2026-04-17T17:45:00+00:00,35.52,35.63,35.52,35.63,834
2026-04-17T17:50:00+00:00,35.66,35.67,35.66,35.67,1183
2026-04-17T17:55:00+00:00,35.67,35.7,35.67,35.7,310
2026-04-17T18:00:00+00:00,35.7,35.7,35.63,35.63,613
2026-04-17T18:05:00+00:00,35.63,35.63,35.63,35.63,5
2026-04-17T18:10:00+00:00,35.63,35.63,35.605,35.605,509
2026-04-17T18:15:00+00:00,35.605,35.63,35.605,35.63,399
2026-04-17T18:20:00+00:00,35.63,35.63,35.58,35.58,229
2026-04-17T18:25:00+00:00,35.58,35.63,35.58,35.63,1851
2026-04-17T18:30:00+00:00,35.665,35.7,35.665,35.7,1940
2026-04-17T18:35:00+00:00,35.7,35.7,35.65,35.65,407
2026-04-17T18:40:00+00:00,35.65,35.65,35.575,35.575,600
2026-04-17T18:45:00+00:00,35.599,35.639,35.599,35.62,966
2026-04-17T18:50:00+00:00,35.62,35.62,35.545,35.55,2270
2026-04-17T18:55:00+00:00,35.55,35.62,35.55,35.58,1354
2026-04-17T19:00:00+00:00,35.58,35.629,35.58,35.629,3517
2026-04-17T19:05:00+00:00,35.629,35.629,35.585,35.599,426
2026-04-17T19:10:00+00:00,35.599,35.599,35.505,35.51,1226
2026-04-17T19:15:00+00:00,35.51,35.6,35.51,35.6,5665
2026-04-17T19:20:00+00:00,35.54,35.54,35.47,35.47,2063
2026-04-17T19:25:00+00:00,35.445,35.46,35.44,35.46,2508
2026-04-17T19:30:00+00:00,35.48,35.49,35.48,35.48,1622
2026-04-17T19:35:00+00:00,35.48,35.54,35.44,35.53,6813
2026-04-17T19:40:00+00:00,35.51,35.545,35.51,35.53,6965
2026-04-17T19:45:00+00:00,35.52,35.52,35.47,35.47,895
2026-04-17T19:50:00+00:00,35.47,35.625,35.47,35.625,3346
2026-04-17T19:55:00+00:00,35.64,35.65,35.5,35.54,10185
2026-04-17T20:00:00+00:00,35.54,35.54,35.54,35.54,0
2026-04-17T20:05:00+00:00,35.54,35.54,35.54,35.54,0
2026-04-17T20:10:00+00:00,35.7,35.7,35.63,35.63,1290
2026-04-17T20:15:00+00:00,35.63,35.63,35.6,35.6,1225
2026-04-17T20:20:00+00:00,35.6,35.6,35.6,35.6,323
2026-04-17T20:25:00+00:00,35.6,35.6,35.6,35.6,1
2026-04-17T20:30:00+00:00,35.6,35.6,35.6,35.6,0
2026-04-17T20:35:00+00:00,35.6,35.6,35.6,35.6,89
2026-04-17T20:40:00+00:00,35.6,35.6,35.6,35.6,21
2026-04-17T20:45:00+00:00,35.55,35.55,35.55,35.55,502
2026-04-17T20:50:00+00:00,35.56,35.56,35.56,35.56,1005
2026-04-17T20:55:00+00:00,35.56,35.56,35.56,35.56,162
2026-04-17T21:00:00+00:00,35.56,35.56,35.56,35.56,0
2026-04-17T21:05:00+00:00,35.56,35.56,35.56,35.56,0
2026-04-17T21:10:00+00:00,35.56,35.56,35.56,35.56,27
2026-04-17T21:15:00+00:00,35.56,35.56,35.56,35.56,52
2026-04-17T21:20:00+00:00,35.56,35.56,35.56,35.56,0
2026-04-17T21:25:00+00:00,35.56,35.56,35.56,35.56,3
2026-04-17T21:30:00+00:00,35.56,35.64,35.56,35.64,224
2026-04-17T21:35:00+00:00,35.64,35.64,35.64,35.64,1
2026-04-17T21:40:00+00:00,35.64,35.64,35.64,35.64,0
2026-04-17T21:45:00+00:00,35.64,35.64,35.64,35.64,149
2026-04-17T21:50:00+00:00,35.6,35.6,35.6,35.6,200
2026-04-17T21:55:00+00:00,35.6,35.6,35.6,35.6,4
2026-04-17T22:00:00+00:00,35.6,35.6,35.6,35.6,23
2026-04-17T22:05:00+00:00,35.6,35.6,35.6,35.6,79
2026-04-17T22:10:00+00:00,35.6,35.6,35.6,35.6,16
2026-04-17T22:15:00+00:00,35.6,35.6,35.6,35.6,0
2026-04-17T22:20:00+00:00,35.6,35.6,35.6,35.6,41
2026-04-17T22:25:00+00:00,35.6,35.6,35.6,35.6,3
2026-04-17T22:30:00+00:00,35.6,35.6,35.6,35.6,0
2026-04-17T22:35:00+00:00,35.6,35.6,35.6,35.6,0
2026-04-17T22:40:00+00:00,35.6,35.6,35.6,35.6,119
2026-04-17T22:45:00+00:00,35.6,35.6,35.54,35.54,569
2026-04-17T22:50:00+00:00,35.54,35.54,35.54,35.54,53
2026-04-17T22:55:00+00:00,35.54,35.54,35.54,35.54,43
2026-04-17T23:00:00+00:00,35.54,35.54,35.54,35.54,0
2026-04-17T23:05:00+00:00,35.54,35.54,35.54,35.54,0
2026-04-17T23:10:00+00:00,35.54,35.54,35.54,35.54,0
2026-04-17T23:15:00+00:00,35.54,35.54,35.54,35.54,6
2026-04-17T23:20:00+00:00,35.54,35.54,35.54,35.54,0
2026-04-17T23:25:00+00:00,35.54,35.54,35.54,35.54,1
2026-04-17T23:30:00+00:00,35.74,35.74,35.74,35.74,214
2026-04-17T23:35:00+00:00,35.74,35.74,35.74,35.74,0
2026-04-17T23:40:00+00:00,35.74,35.74,35.74,35.74,0
2026-04-17T23:45:00+00:00,35.74,35.74,35.74,35.74,0
2026-04-17T23:50:00+00:00,35.74,35.74,35.74,35.74,0
2026-04-17T23:55:00+00:00,35.74,35.74,35.74,35.74,0
2026-04-20T08:00:00+00:00,35.0,35.0,35.0,35.0,2236
2026-04-20T08:05:00+00:00,35.0,35.0,35.0,35.0,101
2026-04-20T08:10:00+00:00,35.0,35.0,35.0,35.0,0
2026-04-20T08:15:00+00:00,35.0,35.0,35.0,35.0,6
2026-04-20T08:20:00+00:00,35.0,35.0,35.0,35.0,0
2026-04-20T08:25:00+00:00,35.0,35.0,34.96,34.96,1752
2026-04-20T08:30:00+00:00,34.96,34.96,34.96,34.96,10
2026-04-20T08:35:00+00:00,35.0,35.0,35.0,35.0,103
2026-04-20T08:40:00+00:00,35.0,35.0,35.0,35.0,94
2026-04-20T08:45:00+00:00,35.0,35.0,35.0,35.0,190
2026-04-20T08:50:00+00:00,35.0,35.0,35.0,35.0,10
2026-04-20T08:55:00+00:00,35.0,35.0,35.0,35.0,1
2026-04-20T09:00:00+00:00,35.0,35.0,35.0,35.0,100
2026-04-20T09:05:00+00:00,35.0,35.0,35.0,35.0,10
2026-04-20T09:10:00+00:00,35.0,35.0,35.0,35.0,0
2026-04-20T09:15:00+00:00,35.0,35.0,35.0,35.0,35
2026-04-20T09:20:00+00:00,35.0,35.0,35.0,35.0,0
2026-04-20T09:25:00+00:00,35.0,35.0,35.0,35.0,0
2026-04-20T09:30:00+00:00,35.0,35.0,35.0,35.0,0
2026-04-20T09:35:00+00:00,35.0,35.0,35.0,35.0,0
2026-04-20T09:40:00+00:00,35.0,35.0,35.0,35.0,0
2026-04-20T09:45:00+00:00,35.0,35.0,35.0,35.0,0
2026-04-20T09:50:00+00:00,35.0,35.0,35.0,35.0,1
2026-04-20T09:55:00+00:00,35.0,35.0,35.0,35.0,0
2026-04-20T10:00:00+00:00,35.0,35.0,35.0,35.0,4
2026-04-20T10:05:00+00:00,35.0,35.0,35.0,35.0,2
2026-04-20T10:10:00+00:00,35.0,35.0,35.0,35.0,32
2026-04-20T10:15:00+00:00,35.0,35.0,35.0,35.0,424
2026-04-20T10:20:00+00:00,35.0,35.0,35.0,35.0,30
2026-04-20T10:25:00+00:00,35.0,35.0,35.0,35.0,0
2026-04-20T10:30:00+00:00,35.0,35.0,35.0,35.0,1
2026-04-20T10:35:00+00:00,35.03,35.03,35.03,35.03,100
2026-04-20T10:40:00+00:00,35.03,35.03,35.03,35.03,0
2026-04-20T10:45:00+00:00,35.03,35.03,35.03,35.03,0
2026-04-20T10:50:00+00:00,35.03,35.03,35.03,35.03,38
2026-04-20T10:55:00+00:00,35.03,35.03,35.03,35.03,42
2026-04-20T11:00:00+00:00,35.03,35.03,35.03,35.03,0
2026-04-20T11:05:00+00:00,35.03,35.03,35.03,35.03,27
2026-04-20T11:10:00+00:00,35.03,35.03,35.03,35.03,139
2026-04-20T11:15:00+00:00,35.05,35.05,35.05,35.05,568
2026-04-20T11:20:00+00:00,35.05,35.05,35.05,35.05,0
2026-04-20T11:25:00+00:00,35.05,35.05,35.05,35.05,0
2026-04-20T11:30:00+00:00,35.05,35.05,35.05,35.05,15
2026-04-20T11:35:00+00:00,35.08,35.08,35.05,35.05,600
2026-04-20T11:40:00+00:00,35.08,35.08,35.08,35.08,4995
2026-04-20T11:45:00+00:00,35.17,35.2,35.17,35.2,592
2026-04-20T11:50:00+00:00,35.21,35.21,35.21,35.21,101
2026-04-20T11:55:00+00:00,35.21,35.21,35.21,35.21,220
2026-04-20T12:00:00+00:00,35.21,35.21,35.21,35.21,0
2026-04-20T12:05:00+00:00,35.21,35.21,35.21,35.21,0
2026-04-20T12:10:00+00:00,35.21,35.21,35.21,35.21,0
2026-04-20T12:15:00+00:00,35.21,35.21,35.21,35.21,0
2026-04-20T12:20:00+00:00,35.21,35.21,35.21,35.21,7
2026-04-20T12:25:00+00:00,35.2,35.2,35.2,35.2,1266
2026-04-20T12:30:00+00:00,35.22,35.22,35.22,35.22,110
2026-04-20T12:35:00+00:00,35.26,35.26,35.24,35.24,1443
2026-04-20T12:40:00+00:00,35.26,35.26,35.26,35.26,500
2026-04-20T12:45:00+00:00,35.26,35.28,35.26,35.28,111
2026-04-20T12:50:00+00:00,35.27,35.27,35.27,35.27,1073
2026-04-20T12:55:00+00:00,35.27,35.27,35.22,35.23,1319
2026-04-20T13:00:00+00:00,35.25,35.27,35.18,35.18,754
2026-04-20T13:05:00+00:00,35.2,35.3,35.2,35.3,3122
2026-04-20T13:10:00+00:00,35.3,35.3,35.3,35.3,50
2026-04-20T13:15:00+00:00,35.3,35.3,35.3,35.3,0
2026-04-20T13:20:00+00:00,35.3,35.3,35.3,35.3,0
2026-04-20T13:25:00+00:00,35.3,35.3,35.3,35.3,0
2026-04-20T13:30:00+00:00,35.425,35.65,35.19,35.575,56746
2026-04-20T13:35:00+00:00,35.56,35.56,35.23,35.3,53557
2026-04-20T13:40:00+00:00,35.3,35.36,35.229,35.36,12224
2026-04-20T13:45:00+00:00,35.35,35.415,35.3,35.36,31119
2026-04-20T13:50:00+00:00,35.33,35.33,35.22,35.295,6588
2026-04-20T13:55:00+00:00,35.3,35.33,35.25,35.26,8078
2026-04-20T14:00:00+00:00,35.26,35.26,35.05,35.05,15643
2026-04-20T14:05:00+00:00,35.06,35.11,35.0,35.08,9317
2026-04-20T14:10:00+00:00,35.13,35.24,35.1,35.19,6350
2026-04-20T14:15:00+00:00,35.13,35.15,35.12,35.14,1595
2026-04-20T14:20:00+00:00,35.14,35.27,35.14,35.245,3041
2026-04-20T14:25:00+00:00,35.24,35.24,35.21,35.21,1814
2026-04-20T14:30:00+00:00,35.2,35.2,35.19,35.2,1392
2026-04-20T14:35:00+00:00,35.19,35.24,35.19,35.23,2424
2026-04-20T14:40:00+00:00,35.225,35.225,35.13,35.145,1482
2026-04-20T14:45:00+00:00,35.145,35.145,35.05,35.05,1998
2026-04-20T14:50:00+00:00,35.08,35.08,34.83,34.92,19345
2026-04-20T14:55:00+00:00,34.91,34.91,34.72,34.72,9921
2026-04-20T15:00:00+00:00,34.82,34.84,34.675,34.675,7862
2026-04-20T15:05:00+00:00,34.67,34.725,34.56,34.69,16101
2026-04-20T15:10:00+00:00,34.69,34.84,34.69,34.75,1699
2026-04-20T15:15:00+00:00,34.84,34.89,34.81,34.87,3455
2026-04-20T15:20:00+00:00,34.87,35.08,34.87,35.065,2549
2026-04-20T15:25:00+00:00,35.06,35.065,34.985,35.065,1803
2026-04-20T15:30:00+00:00,35.03,35.06,34.95,34.95,7706
2026-04-20T15:35:00+00:00,34.98,35.015,34.935,34.935,968
2026-04-20T15:40:00+00:00,34.935,35.01,34.9,34.9,1128
2026-04-20T15:45:00+00:00,34.88,34.93,34.88,34.88,3528
2026-04-20T15:50:00+00:00,34.88,34.88,34.735,34.81,1631
2026-04-20T15:55:00+00:00,34.85,34.915,34.79,34.795,4160
2026-04-20T16:00:00+00:00,34.79,34.82,34.74,34.75,3718
2026-04-20T16:05:00+00:00,34.79,34.865,34.79,34.86,2725
2026-04-20T16:10:00+00:00,34.87,35.0,34.87,34.95,5302
2026-04-20T16:15:00+00:00,34.94,35.0,34.9,35.0,2831
2026-04-20T16:20:00+00:00,35.0,35.01,34.95,34.96,10857
2026-04-20T16:25:00+00:00,34.96,34.96,34.9,34.9,868
2026-04-20T16:30:00+00:00,34.92,34.935,34.92,34.935,854
2026-04-20T16:35:00+00:00,34.935,34.95,34.88,34.88,2479
2026-04-20T16:40:00+00:00,34.88,34.99,34.88,34.975,2139
2026-04-20T16:45:00+00:00,34.97,34.99,34.93,34.99,2036
2026-04-20T16:50:00+00:00,35.0,35.04,34.98,35.04,2222
2026-04-20T16:55:00+00:00,35.04,35.04,35.01,35.01,1052
2026-04-20T17:00:00+00:00,35.04,35.085,35.01,35.08,3306
2026-04-20T17:05:00+00:00,35.08,35.12,35.07,35.115,3156
2026-04-20T17:10:00+00:00,35.115,35.129,35.09,35.12,4204
2026-04-20T17:15:00+00:00,35.12,35.13,35.115,35.13,2194
2026-04-20T17:20:00+00:00,35.14,35.14,35.12,35.14,6708
2026-04-20T17:25:00+00:00,35.14,35.14,35.11,35.11,2386
2026-04-20T17:30:00+00:00,35.11,35.11,35.05,35.05,169
2026-04-20T17:35:00+00:00,35.08,35.08,35.08,35.08,254
2026-04-20T17:40:00+00:00,35.11,35.155,35.11,35.15,1983
2026-04-20T17:45:00+00:00,35.15,35.15,35.145,35.145,130
2026-04-20T17:50:00+00:00,35.14,35.16,35.13,35.16,2732
2026-04-20T17:55:00+00:00,35.16,35.19,35.16,35.18,1395
2026-04-20T18:00:00+00:00,35.18,35.185,35.17,35.17,771
2026-04-20T18:05:00+00:00,35.18,35.205,35.18,35.205,1330
2026-04-20T18:10:00+00:00,35.245,35.245,35.17,35.19,4778
2026-04-20T18:15:00+00:00,35.225,35.225,35.19,35.19,365
2026-04-20T18:20:00+00:00,35.19,35.22,35.19,35.22,247
2026-04-20T18:25:00+00:00,35.235,35.24,35.215,35.225,2523
2026-04-20T18:30:00+00:00,35.22,35.22,35.07,35.07,3116
2026-04-20T18:35:00+00:00,35.075,35.1,35.02,35.1,3261
2026-04-20T18:40:00+00:00,35.04,35.13,35.04,35.13,1200
2026-04-20T18:45:00+00:00,35.13,35.17,35.13,35.14,2355
2026-04-20T18:50:00+00:00,35.13,35.14,35.12,35.13,3416
2026-04-20T18:55:00+00:00,35.14,35.14,35.14,35.14,100
2026-04-20T19:00:00+00:00,35.15,35.175,35.14,35.14,1504
2026-04-20T19:05:00+00:00,35.13,35.14,35.08,35.14,9344
2026-04-20T19:10:00+00:00,35.14,35.14,35.12,35.12,1362
2026-04-20T19:15:00+00:00,35.11,35.11,35.08,35.1,1377
2026-04-20T19:20:00+00:00,35.04,35.09,35.03,35.09,2316
2026-04-20T19:25:00+00:00,35.06,35.06,35.0,35.03,1178
2026-04-20T19:30:00+00:00,35.05,35.11,35.05,35.05,2421
2026-04-20T19:35:00+00:00,35.05,35.1,35.05,35.08,2644
2026-04-20T19:40:00+00:00,35.08,35.09,35.02,35.07,3527
2026-04-20T19:45:00+00:00,35.03,35.12,35.03,35.115,4352
2026-04-20T19:50:00+00:00,35.12,35.13,35.05,35.11,19126
2026-04-20T19:55:00+00:00,35.11,35.12,35.07,35.1,5130
2026-04-20T20:00:00+00:00,35.44,35.44,35.44,35.44,12
2026-04-20T20:05:00+00:00,35.44,35.44,35.44,35.44,71
2026-04-20T20:10:00+00:00,35.44,35.44,35.44,35.44,241
2026-04-20T20:15:00+00:00,35.0,35.0,35.0,35.0,150
2026-04-20T20:20:00+00:00,35.0,35.0,35.0,35.0,30
2026-04-20T20:25:00+00:00,35.0,35.0,35.0,35.0,0
2026-04-20T20:30:00+00:00,35.0,35.0,35.0,35.0,12
2026-04-20T20:35:00+00:00,35.0,35.0,35.0,35.0,39
2026-04-20T20:40:00+00:00,35.0,35.0,35.0,35.0,4
2026-04-20T20:45:00+00:00,35.0,35.0,35.0,35.0,0
2026-04-20T20:50:00+00:00,35.0,35.0,35.0,35.0,0
2026-04-20T20:55:00+00:00,35.0,35.0,35.0,35.0,0
2026-04-20T21:00:00+00:00,35.0,35.0,35.0,35.0,0
2026-04-20T21:05:00+00:00,35.0,35.0,35.0,35.0,0
2026-04-20T21:10:00+00:00,35.0,35.0,35.0,35.0,0
2026-04-20T21:15:00+00:00,35.0,35.0,35.0,35.0,0
2026-04-20T21:20:00+00:00,35.0,35.0,35.0,35.0,0
2026-04-20T21:25:00+00:00,35.0,35.0,35.0,35.0,33
2026-04-20T21:30:00+00:00,35.0,35.0,35.0,35.0,5
2026-04-20T21:35:00+00:00,35.0,35.0,35.0,35.0,0
2026-04-20T21:40:00+00:00,35.0,35.0,35.0,35.0,0
2026-04-20T21:45:00+00:00,35.0,35.0,35.0,35.0,0
2026-04-20T21:50:00+00:00,35.0,35.0,35.0,35.0,0
2026-04-20T21:55:00+00:00,35.0,35.0,35.0,35.0,0
2026-04-20T22:00:00+00:00,35.0,35.0,35.0,35.0,0
2026-04-20T22:05:00+00:00,35.0,35.0,35.0,35.0,0
2026-04-20T22:10:00+00:00,35.0,35.0,35.0,35.0,0
2026-04-20T22:15:00+00:00,35.0,35.0,35.0,35.0,16
2026-04-20T22:20:00+00:00,35.0,35.0,35.0,35.0,8
2026-04-20T22:25:00+00:00,35.0,35.0,35.0,35.0,0
2026-04-20T22:30:00+00:00,35.1,35.1,35.1,35.1,406
2026-04-20T22:35:00+00:00,35.1,35.1,35.1,35.1,0
2026-04-20T22:40:00+00:00,35.1,35.1,35.1,35.1,0
2026-04-20T22:45:00+00:00,35.1,35.1,35.1,35.1,0
2026-04-20T22:50:00+00:00,35.1,35.1,35.1,35.1,0
2026-04-20T22:55:00+00:00,35.1,35.1,35.1,35.1,0
2026-04-20T23:00:00+00:00,35.1,35.1,35.1,35.1,0
2026-04-20T23:05:00+00:00,35.1,35.1,35.1,35.1,40
2026-04-20T23:10:00+00:00,35.1,35.1,35.1,35.1,0
2026-04-20T23:15:00+00:00,35.1,35.1,35.1,35.1,0
2026-04-20T23:20:00+00:00,35.13,35.13,35.13,35.13,324
2026-04-20T23:25:00+00:00,35.12,35.12,35.12,35.12,465
2026-04-20T23:30:00+00:00,35.12,35.12,35.12,35.12,18
2026-04-20T23:35:00+00:00,35.12,35.12,35.12,35.12,5
2026-04-20T23:40:00+00:00,35.12,35.12,35.12,35.12,17
2026-04-20T23:45:00+00:00,35.12,35.12,35.12,35.12,2
2026-04-20T23:50:00+00:00,35.11,35.11,35.11,35.11,1173
2026-04-20T23:55:00+00:00,35.11,35.11,35.11,35.11,201
2026-04-21T08:00:00+00:00,35.795,35.795,35.795,35.795,16
2026-04-21T08:05:00+00:00,35.795,35.795,35.795,35.795,54
2026-04-21T08:10:00+00:00,35.795,35.795,35.795,35.795,1
2026-04-21T08:15:00+00:00,35.75,35.75,35.75,35.75,121
2026-04-21T08:20:00+00:00,35.75,35.75,35.75,35.75,70
2026-04-21T08:25:00+00:00,35.75,35.75,35.75,35.75,36
2026-04-21T08:30:00+00:00,35.75,35.75,35.75,35.75,94
2026-04-21T08:35:00+00:00,35.75,35.75,35.75,35.75,0
2026-04-21T08:40:00+00:00,35.75,35.8,35.75,35.8,360
2026-04-21T08:45:00+00:00,35.8,35.97,35.8,35.9,955
2026-04-21T08:50:00+00:00,35.9,35.9,35.9,35.9,0
2026-04-21T08:55:00+00:00,35.9,35.9,35.9,35.9,0
2026-04-21T09:00:00+00:00,35.9,35.9,35.9,35.9,68
2026-04-21T09:05:00+00:00,35.9,35.9,35.9,35.9,0
2026-04-21T09:10:00+00:00,35.9,35.9,35.9,35.9,54
2026-04-21T09:15:00+00:00,35.9,35.9,35.9,35.9,15
2026-04-21T09:20:00+00:00,35.9,35.9,35.9,35.9,0
2026-04-21T09:25:00+00:00,35.9,35.9,35.9,35.9,14
2026-04-21T09:30:00+00:00,35.9,35.9,35.9,35.9,91
2026-04-21T09:35:00+00:00,35.93,35.93,35.92,35.92,575
2026-04-21T09:40:00+00:00,35.92,35.92,35.92,35.92,100
2026-04-21T09:45:00+00:00,35.92,35.92,35.92,35.92,17
2026-04-21T09:50:00+00:00,35.92,35.92,35.92,35.92,1
2026-04-21T09:55:00+00:00,35.92,35.92,35.92,35.92,0
2026-04-21T10:00:00+00:00,35.92,35.92,35.92,35.92,0
2026-04-21T10:05:00+00:00,35.92,35.92,35.92,35.92,1
2026-04-21T10:10:00+00:00,35.92,35.92,35.92,35.92,0
2026-04-21T10:15:00+00:00,35.92,35.92,35.92,35.92,5
2026-04-21T10:20:00+00:00,35.92,36.09,35.92,36.09,891
2026-04-21T10:25:00+00:00,36.09,36.09,36.09,36.09,40
2026-04-21T10:30:00+00:00,36.09,36.09,36.07,36.07,151
2026-04-21T10:35:00+00:00,36.07,36.07,36.07,36.07,111
2026-04-21T10:40:00+00:00,36.07,36.07,36.07,36.07,52
2026-04-21T10:45:00+00:00,36.05,36.05,36.05,36.05,100
2026-04-21T10:50:00+00:00,36.05,36.05,36.05,36.05,0
2026-04-21T10:55:00+00:00,36.05,36.05,36.05,36.05,38
2026-04-21T11:00:00+00:00,36.05,36.05,36.05,36.05,40
2026-04-21T11:05:00+00:00,36.05,36.1,36.05,36.1,723
2026-04-21T11:10:00+00:00,36.1,36.1,36.0,36.0,183
2026-04-21T11:15:00+00:00,36.0,36.0,36.0,36.0,144
2026-04-21T11:20:00+00:00,36.0,36.05,36.0,36.05,485
2026-04-21T11:25:00+00:00,36.05,36.05,36.05,36.05,12
2026-04-21T11:30:00+00:00,36.05,36.05,36.05,36.05,70
2026-04-21T11:35:00+00:00,36.08,36.08,36.08,36.08,101
2026-04-21T11:40:00+00:00,36.09,36.09,36.09,36.09,191
2026-04-21T11:45:00+00:00,36.09,36.09,36.07,36.07,1038
2026-04-21T11:50:00+00:00,36.07,36.07,36.07,36.07,46
2026-04-21T11:55:00+00:00,36.07,36.07,36.07,36.07,0
2026-04-21T12:00:00+00:00,36.05,36.05,36.05,36.05,676
2026-04-21T12:05:00+00:00,36.04,36.04,36.04,36.04,611
2026-04-21T12:10:00+00:00,36.01,36.01,35.97,35.97,4512
2026-04-21T12:15:00+00:00,35.92,35.98,35.9,35.9,40816
2026-04-21T12:20:00+00:00,35.9,35.9,35.9,35.9,1
2026-04-21T12:25:00+00:00,35.94,35.99,35.94,35.97,22758
2026-04-21T12:30:00+00:00,35.99,35.99,35.9,35.9,379
2026-04-21T12:35:00+00:00,35.9,35.93,35.9,35.9,3127
2026-04-21T12:40:00+00:00,35.9,35.9,35.83,35.83,41057
2026-04-21T12:45:00+00:00,35.83,35.83,35.83,35.83,110
2026-04-21T12:50:00+00:00,35.83,35.9,35.83,35.9,4358
2026-04-21T12:55:00+00:00,35.9,35.9,35.9,35.9,142
2026-04-21T13:00:00+00:00,35.92,35.92,35.92,35.92,100
2026-04-21T13:05:00+00:00,35.9,35.9,35.78,35.78,4845
2026-04-21T13:10:00+00:00,35.78,35.82,35.78,35.81,2706
2026-04-21T13:15:00+00:00,35.81,35.85,35.81,35.85,1793
2026-04-21T13:20:00+00:00,35.85,35.85,35.85,35.85,415
2026-04-21T13:25:00+00:00,35.92,35.95,35.78,35.78,1457
2026-04-21T13:30:00+00:00,35.785,36.0,35.785,35.91,29747
2026-04-21T13:35:00+00:00,35.93,35.96,35.8,35.88,19147
2026-04-21T13:40:00+00:00,35.88,35.88,35.73,35.77,36539
2026-04-21T13:45:00+00:00,35.78,35.8,35.73,35.769,26781
2026-04-21T13:50:00+00:00,35.73,35.85,35.7,35.81,39514
2026-04-21T13:55:00+00:00,35.83,35.83,35.76,35.76,9601
2026-04-21T14:00:00+00:00,35.77,35.77,35.7,35.71,5975
2026-04-21T14:05:00+00:00,35.75,35.81,35.75,35.8,16928
2026-04-21T14:10:00+00:00,35.75,35.79,35.74,35.75,9408
2026-04-21T14:15:00+00:00,35.73,35.75,35.7,35.75,7034
2026-04-21T14:20:00+00:00,35.73,35.73,35.64,35.655,43066
2026-04-21T14:25:00+00:00,35.68,35.685,35.605,35.66,7913
2026-04-21T14:30:00+00:00,35.679,35.68,35.545,35.61,30999
2026-04-21T14:35:00+00:00,35.58,35.67,35.58,35.67,4524
2026-04-21T14:40:00+00:00,35.66,35.7,35.61,35.65,10736
2026-04-21T14:45:00+00:00,35.58,35.58,35.475,35.48,5573
2026-04-21T14:50:00+00:00,35.48,35.54,35.43,35.52,18825
2026-04-21T14:55:00+00:00,35.5,35.53,35.365,35.37,19866
2026-04-21T15:00:00+00:00,35.34,35.36,35.18,35.269,15601
2026-04-21T15:05:00+00:00,35.22,35.39,35.12,35.39,16577
2026-04-21T15:10:00+00:00,35.43,35.49,35.43,35.44,6557
2026-04-21T15:15:00+00:00,35.45,35.45,35.22,35.45,22836
2026-04-21T15:20:00+00:00,35.47,35.47,35.38,35.41,5090
2026-04-21T15:25:00+00:00,35.38,35.38,35.24,35.24,2546
2026-04-21T15:30:00+00:00,35.29,35.34,35.27,35.28,3035
2026-04-21T15:35:00+00:00,35.26,35.26,35.16,35.25,4723
2026-04-21T15:40:00+00:00,35.27,35.305,35.23,35.29,4761
2026-04-21T15:45:00+00:00,35.28,35.35,35.24,35.35,7204
2026-04-21T15:50:00+00:00,35.3,35.305,35.29,35.305,1251
2026-04-21T15:55:00+00:00,35.31,35.39,35.31,35.38,3026
2026-04-21T16:00:00+00:00,35.4,35.57,35.4,35.47,8425
2026-04-21T16:05:00+00:00,35.415,35.43,35.365,35.365,2311
2026-04-21T16:10:00+00:00,35.365,35.4,35.36,35.39,1653
2026-04-21T16:15:00+00:00,35.375,35.45,35.375,35.44,6745
2026-04-21T16:20:00+00:00,35.445,35.47,35.39,35.39,8660
2026-04-21T16:25:00+00:00,35.4,35.42,35.38,35.38,2781
2026-04-21T16:30:00+00:00,35.41,35.45,35.41,35.43,2720
2026-04-21T16:35:00+00:00,35.43,35.43,35.3,35.305,1938
2026-04-21T16:40:00+00:00,35.305,35.31,35.27,35.27,2564
2026-04-21T16:45:00+00:00,35.28,35.37,35.28,35.37,4106
2026-04-21T16:50:00+00:00,35.37,35.37,35.32,35.32,665
2026-04-21T16:55:00+00:00,35.32,35.335,35.3,35.3,1326
2026-04-21T17:00:00+00:00,35.3,35.34,35.3,35.33,2706
2026-04-21T17:05:00+00:00,35.28,35.28,35.2,35.26,5701
2026-04-21T17:10:00+00:00,35.28,35.28,35.14,35.17,4330
2026-04-21T17:15:00+00:00,35.12,35.18,35.05,35.05,8288
2026-04-21T17:20:00+00:00,35.07,35.13,35.04,35.12,10481
2026-04-21T17:25:00+00:00,35.13,35.21,35.13,35.18,3080
2026-04-21T17:30:00+00:00,35.17,35.26,35.17,35.25,2711
2026-04-21T17:35:00+00:00,35.23,35.4,35.23,35.39,2876
2026-04-21T17:40:00+00:00,35.42,35.51,35.39,35.51,5654
2026-04-21T17:45:00+00:00,35.51,35.51,35.38,35.38,483
2026-04-21T17:50:00+00:00,35.38,35.42,35.38,35.42,855
2026-04-21T17:55:00+00:00,35.37,35.38,35.37,35.38,230
2026-04-21T18:00:00+00:00,35.385,35.44,35.385,35.44,2056
2026-04-21T18:05:00+00:00,35.44,35.45,35.42,35.42,1834
2026-04-21T18:10:00+00:00,35.36,35.41,35.35,35.41,5093
2026-04-21T18:15:00+00:00,35.4,35.42,35.28,35.28,993
2026-04-21T18:20:00+00:00,35.28,35.3,35.25,35.26,3946
2026-04-21T18:25:00+00:00,35.28,35.28,35.27,35.27,410
2026-04-21T18:30:00+00:00,35.29,35.39,35.29,35.39,4515
2026-04-21T18:35:00+00:00,35.39,35.39,35.35,35.35,1804
2026-04-21T18:40:00+00:00,35.33,35.33,35.315,35.32,1208
2026-04-21T18:45:00+00:00,35.32,35.32,35.3,35.31,1032
2026-04-21T18:50:00+00:00,35.31,35.41,35.29,35.41,8620
2026-04-21T18:55:00+00:00,35.43,35.45,35.375,35.395,4698
2026-04-21T19:00:00+00:00,35.43,35.48,35.42,35.48,7835
2026-04-21T19:05:00+00:00,35.49,35.505,35.47,35.505,3007
2026-04-21T19:10:00+00:00,35.5,35.57,35.49,35.5,6785
2026-04-21T19:15:00+00:00,35.5,35.5,35.48,35.48,590
2026-04-21T19:20:00+00:00,35.479,35.56,35.479,35.56,4637
2026-04-21T19:25:00+00:00,35.6,35.62,35.6,35.605,1622
2026-04-21T19:30:00+00:00,35.605,35.605,35.59,35.59,1337
2026-04-21T19:35:00+00:00,35.59,35.59,35.37,35.41,2055
2026-04-21T19:40:00+00:00,35.385,35.385,35.03,35.07,12241
2026-04-21T19:45:00+00:00,35.08,35.16,34.99,35.105,14533
2026-04-21T19:50:00+00:00,35.12,35.15,34.9,34.95,7373
2026-04-21T19:55:00+00:00,34.93,35.02,34.92,34.93,5124
2026-04-21T20:00:00+00:00,35.029,35.029,35.029,35.029,202
2026-04-21T20:05:00+00:00,35.029,35.029,35.029,35.029,0
2026-04-21T20:10:00+00:00,35.029,35.029,35.029,35.029,149
2026-04-21T20:15:00+00:00,35.029,35.029,35.029,35.029,1
2026-04-21T20:20:00+00:00,35.029,35.029,35.029,35.029,5
2026-04-21T20:25:00+00:00,35.029,35.029,35.029,35.029,0
2026-04-21T20:30:00+00:00,35.029,35.029,35.029,35.029,0
2026-04-21T20:35:00+00:00,35.029,35.029,35.029,35.029,0
2026-04-21T20:40:00+00:00,35.029,35.029,35.029,35.029,0
2026-04-21T20:45:00+00:00,35.029,35.029,35.029,35.029,0
2026-04-21T20:50:00+00:00,35.029,35.029,35.029,35.029,0
2026-04-21T20:55:00+00:00,35.32,35.32,35.32,35.32,943
2026-04-21T21:00:00+00:00,35.33,35.33,35.31,35.32,760
2026-04-21T21:05:00+00:00,35.32,35.32,35.32,35.32,30
2026-04-21T21:10:00+00:00,35.32,35.32,35.32,35.32,0
2026-04-21T21:15:00+00:00,35.32,35.32,35.32,35.32,70
2026-04-21T21:20:00+00:00,35.32,35.32,35.32,35.32,0
2026-04-21T21:25:00+00:00,35.32,35.32,35.32,35.32,0
2026-04-21T21:30:00+00:00,35.32,35.32,35.32,35.32,10
2026-04-21T21:35:00+00:00,35.32,35.32,35.32,35.32,0
2026-04-21T21:40:00+00:00,35.32,35.32,35.32,35.32,53
2026-04-21T21:45:00+00:00,35.32,35.32,35.32,35.32,0
2026-04-21T21:50:00+00:00,35.32,35.32,35.32,35.32,6
2026-04-21T21:55:00+00:00,35.32,35.32,35.32,35.32,0
2026-04-21T22:00:00+00:00,35.31,35.31,35.31,35.31,570
2026-04-21T22:05:00+00:00,35.31,35.31,35.31,35.31,65
2026-04-21T22:10:00+00:00,35.31,35.31,35.31,35.31,0
2026-04-21T22:15:00+00:00,35.31,35.36,35.31,35.36,102
2026-04-21T22:20:00+00:00,35.36,35.36,35.36,35.36,122
2026-04-21T22:25:00+00:00,35.36,35.36,35.36,35.36,0
2026-04-21T22:30:00+00:00,35.45,35.45,35.45,35.45,200
2026-04-21T22:35:00+00:00,35.45,35.45,35.45,35.45,393
2026-04-21T22:40:00+00:00,35.45,35.45,35.45,35.45,148
2026-04-21T22:45:00+00:00,35.45,35.45,35.45,35.45,348
2026-04-21T22:50:00+00:00,35.45,35.45,35.45,35.45,40
2026-04-21T22:55:00+00:00,35.45,35.45,35.45,35.45,0
2026-04-21T23:00:00+00:00,35.45,35.45,35.45,35.45,42
2026-04-21T23:05:00+00:00,35.45,35.45,35.45,35.45,0
2026-04-21T23:10:00+00:00,35.51,35.51,35.51,35.51,301
2026-04-21T23:15:00+00:00,35.51,35.51,35.51,35.51,0
2026-04-21T23:20:00+00:00,35.51,35.51,35.51,35.51,75
2026-04-21T23:25:00+00:00,35.51,35.51,35.51,35.51,0
2026-04-21T23:30:00+00:00,35.51,35.51,35.51,35.51,10
2026-04-21T23:35:00+00:00,35.51,35.51,35.51,35.51,0
2026-04-21T23:40:00+00:00,35.51,35.51,35.51,35.51,100
2026-04-21T23:45:00+00:00,35.51,35.66,35.51,35.66,760
2026-04-21T23:50:00+00:00,35.66,35.66,35.66,35.66,43
2026-04-21T23:55:00+00:00,35.66,35.66,35.66,35.66,0
2026-04-22T08:00:00+00:00,36.13,36.13,36.11,36.11,384
2026-04-22T08:05:00+00:00,36.08,36.08,36.08,36.08,357
2026-04-22T08:10:00+00:00,36.08,36.08,36.08,36.08,146
2026-04-22T08:15:00+00:00,36.04,36.04,36.03,36.04,3130
2026-04-22T08:20:00+00:00,36.04,36.08,36.04,36.04,1009
2026-04-22T08:25:00+00:00,36.04,36.04,36.04,36.04,678
2026-04-22T08:30:00+00:00,36.04,36.04,36.04,36.04,974
2026-04-22T08:35:00+00:00,36.04,36.04,36.04,36.04,50
2026-04-22T08:40:00+00:00,36.04,36.04,36.03,36.03,109
2026-04-22T08:45:00+00:00,36.03,36.03,36.03,36.03,1
2026-04-22T08:50:00+00:00,36.03,36.03,36.03,36.03,127
2026-04-22T08:55:00+00:00,36.03,36.03,35.98,35.98,1015
2026-04-22T09:00:00+00:00,36.03,36.03,36.03,36.03,574
2026-04-22T09:05:00+00:00,36.09,36.09,36.09,36.09,117
2026-04-22T09:10:00+00:00,36.09,36.09,36.09,36.09,110
2026-04-22T09:15:00+00:00,36.09,36.09,36.09,36.09,0
2026-04-22T09:20:00+00:00,36.09,36.09,36.09,36.09,2
2026-04-22T09:25:00+00:00,36.09,36.09,36.09,36.09,0
2026-04-22T09:30:00+00:00,36.08,36.08,36.08,36.08,100
2026-04-22T09:35:00+00:00,36.08,36.08,36.08,36.08,4
2026-04-22T09:40:00+00:00,36.08,36.08,36.08,36.08,35
2026-04-22T09:45:00+00:00,36.08,36.08,36.08,36.08,0
2026-04-22T09:50:00+00:00,36.09,36.09,36.09,36.09,316
2026-04-22T09:55:00+00:00,36.09,36.09,36.09,36.09,36
2026-04-22T10:00:00+00:00,36.09,36.09,36.09,36.09,101
2026-04-22T10:05:00+00:00,36.05,36.05,36.05,36.05,200
2026-04-22T10:10:00+00:00,36.05,36.05,36.03,36.03,290
2026-04-22T10:15:00+00:00,36.03,36.03,36.03,36.03,4
2026-04-22T10:20:00+00:00,36.03,36.03,36.03,36.03,0
2026-04-22T10:25:00+00:00,36.03,36.03,36.03,36.03,100
2026-04-22T10:30:00+00:00,36.03,36.03,36.03,36.03,57
2026-04-22T10:35:00+00:00,36.03,36.03,36.03,36.03,183
2026-04-22T10:40:00+00:00,36.03,36.03,36.03,36.03,0
2026-04-22T10:45:00+00:00,36.03,36.03,36.0,36.0,2206
2026-04-22T10:50:00+00:00,36.0,36.0,36.0,36.0,20
2026-04-22T10:55:00+00:00,36.0,36.0,36.0,36.0,3555
2026-04-22T11:00:00+00:00,36.0,36.0,36.0,36.0,9
2026-04-22T11:05:00+00:00,36.0,36.09,36.0,36.09,241
2026-04-22T11:10:00+00:00,36.09,36.09,36.09,36.09,25
2026-04-22T11:15:00+00:00,36.09,36.09,36.09,36.09,14
2026-04-22T11:20:00+00:00,36.09,36.09,36.05,36.05,1038
2026-04-22T11:25:00+00:00,36.05,36.05,36.03,36.03,3509
2026-04-22T11:30:00+00:00,36.05,36.05,36.04,36.04,202
2026-04-22T11:35:00+00:00,36.04,36.04,36.0,36.0,406
2026-04-22T11:40:00+00:00,36.0,36.0,35.99,36.0,706
2026-04-22T11:45:00+00:00,36.0,36.0,36.0,36.0,739
2026-04-22T11:50:00+00:00,36.0,36.03,36.0,36.03,2228
2026-04-22T11:55:00+00:00,36.03,36.03,36.03,36.03,65
2026-04-22T12:00:00+00:00,36.03,36.03,36.03,36.03,8
2026-04-22T12:05:00+00:00,36.09,36.09,36.09,36.09,1500
2026-04-22T12:10:00+00:00,36.11,36.12,36.11,36.12,2620
2026-04-22T12:15:00+00:00,36.12,36.12,36.12,36.12,851
2026-04-22T12:20:00+00:00,36.11,36.11,36.11,36.11,154
2026-04-22T12:25:00+00:00,36.11,36.11,36.11,36.11,84
2026-04-22T12:30:00+00:00,36.11,36.11,36.05,36.05,297
2026-04-22T12:35:00+00:00,36.05,36.05,36.0,36.0,4381
2026-04-22T12:40:00+00:00,36.0,36.0,35.98,35.98,689
2026-04-22T12:45:00+00:00,35.98,35.98,35.98,35.98,100
2026-04-22T12:50:00+00:00,35.98,35.98,35.98,35.98,0
2026-04-22T12:55:00+00:00,35.98,35.98,35.98,35.98,194
2026-04-22T13:00:00+00:00,35.94,35.94,35.94,35.94,202
2026-04-22T13:05:00+00:00,35.98,35.98,35.98,35.98,4500
2026-04-22T13:10:00+00:00,35.97,35.98,35.97,35.98,1994
2026-04-22T13:15:00+00:00,35.98,35.98,35.98,35.98,30
2026-04-22T13:20:00+00:00,36.03,36.03,36.03,36.03,955
2026-04-22T13:25:00+00:00,36.12,36.12,36.11,36.11,2551
2026-04-22T13:30:00+00:00,36.1,36.235,36.0,36.08,16725
2026-04-22T13:35:00+00:00,36.15,36.18,36.03,36.05,4877
2026-04-22T13:40:00+00:00,36.02,36.13,36.02,36.12,6064
2026-04-22T13:45:00+00:00,36.15,36.19,36.02,36.04,13216
2026-04-22T13:50:00+00:00,36.0,36.06,35.97,36.05,10266
2026-04-22T13:55:00+00:00,36.029,36.029,35.8,35.929,5428
2026-04-22T14:00:00+00:00,35.975,36.01,35.92,36.01,4157
2026-04-22T14:05:00+00:00,35.95,35.95,35.9,35.9,3055
2026-04-22T14:10:00+00:00,35.93,36.0,35.93,36.0,8073
2026-04-22T14:15:00+00:00,36.049,36.15,36.03,36.15,5548
2026-04-22T14:20:00+00:00,36.179,36.43,36.179,36.43,19250
2026-04-22T14:25:00+00:00,36.44,36.615,36.41,36.56,31009
2026-04-22T14:30:00+00:00,36.575,36.6,36.47,36.54,13879
2026-04-22T14:35:00+00:00,36.53,36.67,36.48,36.67,9787
2026-04-22T14:40:00+00:00,36.675,36.72,36.65,36.72,17557
2026-04-22T14:45:00+00:00,36.72,36.805,36.72,36.73,40612
2026-04-22T14:50:00+00:00,36.7,36.729,36.59,36.63,15825
2026-04-22T14:55:00+00:00,36.645,36.65,36.6,36.64,5823
2026-04-22T15:00:00+00:00,36.64,36.7,36.6,36.6,21269
2026-04-22T15:05:00+00:00,36.63,36.695,36.62,36.65,2197
2026-04-22T15:10:00+00:00,36.65,36.65,36.63,36.645,6184
2026-04-22T15:15:00+00:00,36.645,36.67,36.62,36.66,5621
2026-04-22T15:20:00+00:00,36.68,36.79,36.68,36.775,3568
2026-04-22T15:25:00+00:00,36.775,36.78,36.7,36.73,13198
2026-04-22T15:30:00+00:00,36.75,36.87,36.75,36.86,8039
2026-04-22T15:35:00+00:00,36.865,36.899,36.82,36.889,16961
2026-04-22T15:40:00+00:00,36.899,36.899,36.769,36.8,14654
2026-04-22T15:45:00+00:00,36.8,36.89,36.77,36.89,10785
2026-04-22T15:50:00+00:00,36.889,36.91,36.85,36.85,5836
2026-04-22T15:55:00+00:00,36.86,36.87,36.81,36.82,4785
2026-04-22T16:00:00+00:00,36.84,36.86,36.81,36.86,3124
2026-04-22T16:05:00+00:00,36.86,36.89,36.86,36.87,5221
2026-04-22T16:10:00+00:00,36.875,36.93,36.83,36.93,5678
2026-04-22T16:15:00+00:00,36.93,36.95,36.84,36.84,9956
2026-04-22T16:20:00+00:00,36.84,36.96,36.84,36.96,4413
2026-04-22T16:25:00+00:00,36.96,37.02,36.96,36.985,7817
2026-04-22T16:30:00+00:00,36.99,37.01,36.95,36.99,10445
2026-04-22T16:35:00+00:00,37.0,37.08,37.0,37.07,12849
2026-04-22T16:40:00+00:00,37.065,37.08,37.0,37.01,7425
2026-04-22T16:45:00+00:00,37.02,37.09,37.02,37.03,8252
2026-04-22T16:50:00+00:00,37.04,37.12,37.04,37.115,9515
2026-04-22T16:55:00+00:00,37.11,37.11,37.065,37.08,8116
2026-04-22T17:00:00+00:00,37.09,37.115,37.08,37.115,11327
2026-04-22T17:05:00+00:00,37.15,37.15,37.105,37.125,6088
2026-04-22T17:10:00+00:00,37.14,37.22,37.14,37.18,13949
2026-04-22T17:15:00+00:00,37.185,37.21,37.16,37.16,8799
2026-04-22T17:20:00+00:00,37.17,37.31,37.17,37.28,13558
2026-04-22T17:25:00+00:00,37.28,37.29,37.25,37.25,6578
2026-04-22T17:30:00+00:00,37.26,37.32,37.25,37.32,21938
2026-04-22T17:35:00+00:00,37.295,37.31,37.29,37.29,7821
2026-04-22T17:40:00+00:00,37.285,37.36,37.285,37.35,5930
2026-04-22T17:45:00+00:00,37.35,37.35,37.285,37.32,3784
2026-04-22T17:50:00+00:00,37.33,37.33,37.3,37.3,3545
2026-04-22T17:55:00+00:00,37.29,37.33,37.28,37.31,6410
2026-04-22T18:00:00+00:00,37.3,37.34,37.285,37.31,17416
2026-04-22T18:05:00+00:00,37.28,37.29,37.25,37.27,7927
2026-04-22T18:10:00+00:00,37.27,37.28,37.27,37.27,2121
2026-04-22T18:15:00+00:00,37.275,37.29,37.23,37.28,9040
2026-04-22T18:20:00+00:00,37.27,37.27,37.2,37.21,5158
2026-04-22T18:25:00+00:00,37.245,37.28,37.245,37.27,7447
2026-04-22T18:30:00+00:00,37.28,37.31,37.28,37.29,6198
2026-04-22T18:35:00+00:00,37.28,37.3,37.27,37.3,3012
2026-04-22T18:40:00+00:00,37.32,37.34,37.32,37.33,1402
2026-04-22T18:45:00+00:00,37.4,37.44,37.4,37.4,5551
2026-04-22T18:50:00+00:00,37.395,37.45,37.395,37.43,2212
2026-04-22T18:55:00+00:00,37.43,37.43,37.41,37.42,7156
2026-04-22T19:00:00+00:00,37.345,37.35,37.23,37.29,6921
2026-04-22T19:05:00+00:00,37.3,37.41,37.3,37.41,2391
2026-04-22T19:10:00+00:00,37.4,37.47,37.4,37.47,8124
2026-04-22T19:15:00+00:00,37.48,37.5,37.46,37.49,2338
2026-04-22T19:20:00+00:00,37.49,37.49,37.41,37.41,4935
2026-04-22T19:25:00+00:00,37.4,37.43,37.4,37.4,2730
2026-04-22T19:30:00+00:00,37.36,37.36,37.34,37.35,5507
2026-04-22T19:35:00+00:00,37.34,37.37,37.28,37.36,13993
2026-04-22T19:40:00+00:00,37.355,37.37,37.31,37.34,14877
2026-04-22T19:45:00+00:00,37.36,37.4,37.3,37.36,15380
2026-04-22T19:50:00+00:00,37.39,37.39,37.27,37.345,21770
2026-04-22T19:55:00+00:00,37.35,37.35,37.28,37.28,7079
2026-04-22T20:00:00+00:00,36.13,36.13,36.13,36.13,18
2026-04-22T20:05:00+00:00,36.13,37.5,36.13,37.5,122
2026-04-22T20:10:00+00:00,37.5,37.5,37.5,37.5,0
2026-04-22T20:15:00+00:00,37.71,37.71,37.59,37.59,472
2026-04-22T20:20:00+00:00,37.59,37.59,37.56,37.59,1058
2026-04-22T20:25:00+00:00,37.5,37.5,37.5,37.5,117
2026-04-22T20:30:00+00:00,37.5,37.5,37.5,37.5,67
2026-04-22T20:35:00+00:00,37.49,37.49,37.49,37.49,1255
2026-04-22T20:40:00+00:00,37.49,37.49,37.49,37.49,956
2026-04-22T20:45:00+00:00,37.49,37.59,37.49,37.59,1186
2026-04-22T20:50:00+00:00,37.59,37.6,37.59,37.6,223
2026-04-22T20:55:00+00:00,37.63,37.68,37.63,37.68,882
2026-04-22T21:00:00+00:00,37.68,37.68,37.68,37.68,129
2026-04-22T21:05:00+00:00,37.68,37.68,37.68,37.68,0
2026-04-22T21:10:00+00:00,37.89,37.89,37.88,37.88,277
2026-04-22T21:15:00+00:00,37.88,37.88,37.79,37.79,1353
2026-04-22T21:20:00+00:00,37.79,37.81,37.79,37.81,635
2026-04-22T21:25:00+00:00,37.81,37.84,37.8,37.84,699
2026-04-22T21:30:00+00:00,37.84,37.84,37.84,37.84,1229
2026-04-22T21:35:00+00:00,37.85,37.85,37.85,37.85,354
2026-04-22T21:40:00+00:00,37.85,37.85,37.85,37.85,44
2026-04-22T21:45:00+00:00,37.85,37.96,37.85,37.96,4640
2026-04-22T21:50:00+00:00,37.97,38.0,37.97,38.0,2557
2026-04-22T21:55:00+00:00,38.0,38.0,38.0,38.0,116
2026-04-22T22:00:00+00:00,37.96,37.96,37.96,37.96,102
2026-04-22T22:05:00+00:00,37.96,37.96,37.96,37.96,0
2026-04-22T22:10:00+00:00,38.03,38.03,37.99,38.0,3891
2026-04-22T22:15:00+00:00,38.0,38.0,38.0,38.0,13
2026-04-22T22:20:00+00:00,38.0,38.1,38.0,38.1,1018
2026-04-22T22:25:00+00:00,38.1,38.1,38.1,38.1,255
2026-04-22T22:30:00+00:00,38.1,38.1,38.03,38.03,580
2026-04-22T22:35:00+00:00,38.03,38.09,37.98,37.98,1158
2026-04-22T22:40:00+00:00,37.84,37.84,37.35,37.35,6630
2026-04-22T22:45:00+00:00,37.33,37.49,37.33,37.49,770
2026-04-22T22:50:00+00:00,37.47,37.65,37.47,37.64,4815
2026-04-22T22:55:00+00:00,37.64,37.65,37.64,37.65,10443
2026-04-22T23:00:00+00:00,37.65,37.77,37.65,37.7,2244
2026-04-22T23:05:00+00:00,37.53,37.53,37.53,37.53,572
2026-04-22T23:10:00+00:00,37.53,37.66,37.53,37.66,498
2026-04-22T23:15:00+00:00,37.66,37.66,37.66,37.66,0
2026-04-22T23:20:00+00:00,37.66,37.68,37.66,37.68,308
2026-04-22T23:25:00+00:00,37.68,37.68,37.65,37.65,739
2026-04-22T23:30:00+00:00,37.6,37.6,37.6,37.6,1536
2026-04-22T23:35:00+00:00,37.59,37.59,37.52,37.52,3149
2026-04-22T23:40:00+00:00,37.41,37.41,37.4,37.4,515
2026-04-22T23:45:00+00:00,37.4,37.42,37.4,37.42,533
2026-04-22T23:50:00+00:00,37.42,37.42,37.42,37.42,455
2026-04-22T23:55:00+00:00,37.59,37.68,37.59,37.66,1705
2026-04-23T08:00:00+00:00,36.735,36.82,36.735,36.82,356
2026-04-23T08:05:00+00:00,36.82,36.82,36.64,36.64,1263
2026-04-23T08:10:00+00:00,36.62,36.64,36.62,36.64,1088
2026-04-23T08:15:00+00:00,36.64,36.64,36.64,36.64,41
2026-04-23T08:20:00+00:00,36.64,36.64,36.64,36.64,140
2026-04-23T08:25:00+00:00,36.64,36.64,36.64,36.64,125
2026-04-23T08:30:00+00:00,36.64,36.7,36.64,36.7,280
2026-04-23T08:35:00+00:00,36.69,36.69,36.69,36.69,196
2026-04-23T08:40:00+00:00,36.69,36.69,36.55,36.55,842
2026-04-23T08:45:00+00:00,36.46,36.46,36.46,36.46,407
2026-04-23T08:50:00+00:00,36.46,36.55,36.46,36.55,297
2026-04-23T08:55:00+00:00,36.55,36.55,36.55,36.55,0
2026-04-23T09:00:00+00:00,36.55,36.55,36.42,36.42,975
2026-04-23T09:05:00+00:00,36.42,36.42,36.42,36.42,34
2026-04-23T09:10:00+00:00,36.42,36.5,36.42,36.5,345
2026-04-23T09:15:00+00:00,36.5,36.5,36.5,36.5,94
2026-04-23T09:20:00+00:00,36.5,36.5,36.5,36.5,0
2026-04-23T09:25:00+00:00,36.5,36.5,36.5,36.5,9
2026-04-23T09:30:00+00:00,36.69,36.69,36.68,36.68,1302
2026-04-23T09:35:00+00:00,36.68,36.68,36.68,36.68,46
2026-04-23T09:40:00+00:00,36.68,36.68,36.68,36.68,0
2026-04-23T09:45:00+00:00,36.68,36.68,36.66,36.66,465
2026-04-23T09:50:00+00:00,36.66,36.66,36.66,36.66,97
2026-04-23T09:55:00+00:00,36.66,36.66,36.66,36.66,11
2026-04-23T10:00:00+00:00,36.66,36.66,36.66,36.66,115
2026-04-23T10:05:00+00:00,36.59,36.59,36.59,36.59,509
2026-04-23T10:10:00+00:00,36.59,36.59,36.54,36.54,619
2026-04-23T10:15:00+00:00,36.54,36.54,36.54,36.54,3
2026-04-23T10:20:00+00:00,36.54,36.66,36.54,36.66,623
2026-04-23T10:25:00+00:00,36.66,36.66,36.63,36.63,833
2026-04-23T10:30:00+00:00,36.63,36.63,36.63,36.63,36
2026-04-23T10:35:00+00:00,36.68,36.68,36.68,36.68,4105
2026-04-23T10:40:00+00:00,36.68,36.68,36.68,36.68,165
2026-04-23T10:45:00+00:00,36.68,36.68,36.68,36.68,25
2026-04-23T10:50:00+00:00,36.68,36.68,36.68,36.68,3
2026-04-23T10:55:00+00:00,36.68,36.68,36.68,36.68,92
2026-04-23T11:00:00+00:00,36.68,36.68,36.68,36.68,0
2026-04-23T11:05:00+00:00,36.67,36.69,36.65,36.69,1154
2026-04-23T11:10:00+00:00,36.69,36.69,36.69,36.69,0
2026-04-23T11:15:00+00:00,36.7,36.7,36.68,36.68,7338
2026-04-23T11:20:00+00:00,36.68,36.68,36.66,36.66,1237
2026-04-23T11:25:00+00:00,36.6,36.61,36.58,36.6,1844
2026-04-23T11:30:00+00:00,36.58,36.58,36.58,36.58,27114
2026-04-23T11:35:00+00:00,36.66,36.66,36.66,36.66,310
2026-04-23T11:40:00+00:00,36.67,36.68,36.67,36.68,2710
2026-04-23T11:45:00+00:00,36.68,36.68,36.68,36.68,3915
2026-04-23T11:50:00+00:00,36.78,36.78,36.73,36.74,3456
2026-04-23T11:55:00+00:00,36.74,36.78,36.74,36.76,4576
2026-04-23T12:00:00+00:00,36.76,36.78,36.76,36.76,25867
2026-04-23T12:05:00+00:00,36.78,36.81,36.78,36.81,4227
2026-04-23T12:10:00+00:00,36.81,36.86,36.81,36.85,2863
2026-04-23T12:15:00+00:00,36.81,36.82,36.8,36.82,1692
2026-04-23T12:20:00+00:00,36.76,36.76,36.71,36.71,14733
2026-04-23T12:25:00+00:00,36.77,36.77,36.66,36.66,23522
2026-04-23T12:30:00+00:00,36.66,36.76,36.66,36.76,236
2026-04-23T12:35:00+00:00,36.76,36.76,36.76,36.76,724
2026-04-23T12:40:00+00:00,36.76,36.76,36.76,36.76,118
2026-04-23T12:45:00+00:00,36.76,36.76,36.66,36.66,1233
2026-04-23T12:50:00+00:00,36.66,36.73,36.66,36.73,220
2026-04-23T12:55:00+00:00,36.68,36.68,36.68,36.68,118
2026-04-23T13:00:00+00:00,36.7,36.75,36.7,36.75,500
2026-04-23T13:05:00+00:00,36.75,36.75,36.75,36.75,877
2026-04-23T13:10:00+00:00,36.75,36.75,36.75,36.75,106
2026-04-23T13:15:00+00:00,36.71,36.76,36.71,36.76,750
2026-04-23T13:20:00+00:00,36.76,36.79,36.76,36.79,5473
2026-04-23T13:25:00+00:00,36.79,36.79,36.79,36.79,291
2026-04-23T13:30:00+00:00,36.735,36.86,36.66,36.69,37452
2026-04-23T13:35:00+00:00,36.685,36.76,36.61,36.76,49833
2026-04-23T13:40:00+00:00,36.75,36.839,36.72,36.83,16727
2026-04-23T13:45:00+00:00,36.83,36.849,36.75,36.84,21331
2026-04-23T13:50:00+00:00,36.84,36.95,36.78,36.895,25464
2026-04-23T13:55:00+00:00,36.89,36.89,36.79,36.87,36118
2026-04-23T14:00:00+00:00,36.87,36.87,36.69,36.81,55166
2026-04-23T14:05:00+00:00,36.78,36.79,36.64,36.79,14236
2026-04-23T14:10:00+00:00,36.75,36.75,36.61,36.63,15567
2026-04-23T14:15:00+00:00,36.63,36.74,36.63,36.68,14550
2026-04-23T14:20:00+00:00,36.67,36.865,36.67,36.865,9521
2026-04-23T14:25:00+00:00,36.86,36.97,36.86,36.9,15142
2026-04-23T14:30:00+00:00,36.92,37.09,36.92,37.07,11849
2026-04-23T14:35:00+00:00,37.07,37.15,37.035,37.04,18527
2026-04-23T14:40:00+00:00,37.03,37.03,36.93,37.01,8923
2026-04-23T14:45:00+00:00,37.0,37.02,36.95,37.01,12118
2026-04-23T14:50:00+00:00,36.95,37.07,36.95,37.02,17288
2026-04-23T14:55:00+00:00,37.03,37.11,37.03,37.11,6035
2026-04-23T15:00:00+00:00,37.11,37.18,37.09,37.14,93476
2026-04-23T15:05:00+00:00,37.13,37.18,37.05,37.11,16122
2026-04-23T15:10:00+00:00,37.12,37.209,37.12,37.2,6110
2026-04-23T15:15:00+00:00,37.19,37.27,37.16,37.26,14866
2026-04-23T15:20:00+00:00,37.25,37.27,37.24,37.26,6776
2026-04-23T15:25:00+00:00,37.25,37.25,37.21,37.21,8351
2026-04-23T15:30:00+00:00,37.18,37.29,37.17,37.28,6520
2026-04-23T15:35:00+00:00,37.25,37.27,37.235,37.27,3324
2026-04-23T15:40:00+00:00,37.275,37.35,37.25,37.27,11391
2026-04-23T15:45:00+00:00,37.23,37.23,37.15,37.195,9901
2026-04-23T15:50:00+00:00,37.195,37.195,37.07,37.07,12425
2026-04-23T15:55:00+00:00,37.06,37.18,37.06,37.16,18488
2026-04-23T16:00:00+00:00,37.19,37.21,37.03,37.03,20793
2026-04-23T16:05:00+00:00,37.01,37.04,36.95,37.01,13656
2026-04-23T16:10:00+00:00,37.02,37.07,36.99,37.04,9449
2026-04-23T16:15:00+00:00,37.05,37.14,37.05,37.08,6428
2026-04-23T16:20:00+00:00,37.08,37.08,37.05,37.07,422
2026-04-23T16:25:00+00:00,37.09,37.11,37.04,37.07,2854
2026-04-23T16:30:00+00:00,37.08,37.26,37.08,37.26,11830
2026-04-23T16:35:00+00:00,37.26,37.29,37.23,37.28,19867
2026-04-23T16:40:00+00:00,37.29,37.29,37.26,37.275,12094
2026-04-23T16:45:00+00:00,37.28,37.3,37.24,37.25,6623
2026-04-23T16:50:00+00:00,37.25,37.31,37.24,37.24,5548
2026-04-23T16:55:00+00:00,37.22,37.23,37.15,37.15,4721
2026-04-23T17:00:00+00:00,37.15,37.205,36.91,36.91,10231
2026-04-23T17:05:00+00:00,36.9,36.9,36.64,36.64,35532
2026-04-23T17:10:00+00:00,36.61,36.66,36.54,36.6,27009
2026-04-23T17:15:00+00:00,36.6,36.6,36.37,36.385,39893
2026-04-23T17:20:00+00:00,36.385,36.41,36.26,36.35,27159
2026-04-23T17:25:00+00:00,36.36,36.55,36.35,36.4,28881
2026-04-23T17:30:00+00:00,36.41,36.54,36.39,36.54,21715
2026-04-23T17:35:00+00:00,36.55,36.6,36.35,36.37,7230
2026-04-23T17:40:00+00:00,36.325,36.325,35.96,35.98,67798
2026-04-23T17:45:00+00:00,35.98,36.05,35.81,35.97,36906
2026-04-23T17:50:00+00:00,35.97,36.29,35.93,36.24,15869
2026-04-23T17:55:00+00:00,36.3,36.49,36.245,36.47,34445
2026-04-23T18:00:00+00:00,36.48,36.58,36.47,36.58,4759
2026-04-23T18:05:00+00:00,36.51,36.55,36.51,36.55,2327
2026-04-23T18:10:00+00:00,36.51,36.58,36.45,36.48,6584
2026-04-23T18:15:00+00:00,36.45,36.51,36.45,36.48,1754
2026-04-23T18:20:00+00:00,36.48,36.48,36.4,36.45,2400
2026-04-23T18:25:00+00:00,36.4,36.435,36.38,36.435,3338
2026-04-23T18:30:00+00:00,36.48,36.49,36.44,36.45,3642
2026-04-23T18:35:00+00:00,36.46,36.51,36.44,36.45,4062
2026-04-23T18:40:00+00:00,36.45,36.47,36.37,36.47,6006
2026-04-23T18:45:00+00:00,36.41,36.455,36.37,36.38,2315
2026-04-23T18:50:00+00:00,36.315,36.36,36.29,36.36,2224
2026-04-23T18:55:00+00:00,36.36,36.36,36.13,36.15,3864
2026-04-23T19:00:00+00:00,36.16,36.17,36.08,36.1,8671
2026-04-23T19:05:00+00:00,36.12,36.26,36.12,36.24,4087
2026-04-23T19:10:00+00:00,36.24,36.24,36.19,36.22,1742
2026-04-23T19:15:00+00:00,36.24,36.28,36.24,36.25,2416
2026-04-23T19:20:00+00:00,36.23,36.27,36.23,36.27,6751
2026-04-23T19:25:00+00:00,36.28,36.285,36.27,36.28,1950
2026-04-23T19:30:00+00:00,36.24,36.3,36.2,36.2,5713
2026-04-23T19:35:00+00:00,36.21,36.21,36.11,36.15,4528
2026-04-23T19:40:00+00:00,36.15,36.21,36.15,36.17,2201
2026-04-23T19:45:00+00:00,36.19,36.25,36.19,36.245,8050
2026-04-23T19:50:00+00:00,36.24,36.27,36.17,36.24,8084
2026-04-23T19:55:00+00:00,36.25,36.39,36.25,36.36,6829
2026-04-23T20:00:00+00:00,36.735,36.735,36.735,36.735,3
2026-04-23T20:05:00+00:00,36.61,36.61,36.61,36.61,153
2026-04-23T20:10:00+00:00,36.61,36.69,36.61,36.69,360
2026-04-23T20:15:00+00:00,36.69,36.69,36.69,36.69,40
2026-04-23T20:20:00+00:00,36.69,36.69,36.65,36.65,565
2026-04-23T20:25:00+00:00,36.65,36.65,36.65,36.65,168
2026-04-23T20:30:00+00:00,36.6,36.64,36.6,36.64,1058
2026-04-23T20:35:00+00:00,36.64,36.64,36.64,36.64,117
2026-04-23T20:40:00+00:00,36.64,36.64,36.64,36.64,1135
2026-04-23T20:45:00+00:00,36.64,36.64,36.6,36.6,802
2026-04-23T20:50:00+00:00,36.6,36.6,36.57,36.57,850
2026-04-23T20:55:00+00:00,36.57,36.57,36.57,36.57,168
2026-04-23T21:00:00+00:00,36.57,36.57,36.57,36.57,17
2026-04-23T21:05:00+00:00,36.57,36.57,36.57,36.57,15
2026-04-23T21:10:00+00:00,36.57,36.57,36.57,36.57,32
2026-04-23T21:15:00+00:00,36.57,36.57,36.57,36.57,82
2026-04-23T21:20:00+00:00,36.57,36.57,36.57,36.57,149
2026-04-23T21:25:00+00:00,36.57,36.65,36.57,36.65,627
2026-04-23T21:30:00+00:00,36.64,36.64,36.64,36.64,121
2026-04-23T21:35:00+00:00,36.64,36.64,36.64,36.64,23
2026-04-23T21:40:00+00:00,36.64,36.64,36.64,36.64,33
2026-04-23T21:45:00+00:00,36.64,36.64,36.64,36.64,0
2026-04-23T21:50:00+00:00,36.64,36.64,36.64,36.64,0
2026-04-23T21:55:00+00:00,36.64,36.64,36.64,36.64,0
2026-04-23T22:00:00+00:00,36.64,36.67,36.64,36.67,170
2026-04-23T22:05:00+00:00,36.67,36.67,36.67,36.67,70
2026-04-23T22:10:00+00:00,36.67,36.76,36.67,36.76,221
2026-04-23T22:15:00+00:00,36.76,36.76,36.76,36.76,30
2026-04-23T22:20:00+00:00,36.76,36.76,36.68,36.68,214
2026-04-23T22:25:00+00:00,36.78,36.78,36.78,36.78,101
2026-04-23T22:30:00+00:00,36.78,36.78,36.78,36.78,5
2026-04-23T22:35:00+00:00,36.78,36.78,36.78,36.78,0
2026-04-23T22:40:00+00:00,36.7,36.74,36.68,36.74,2150
2026-04-23T22:45:00+00:00,36.74,36.74,36.74,36.74,51
2026-04-23T22:50:00+00:00,36.74,36.74,36.74,36.74,299
2026-04-23T22:55:00+00:00,36.74,36.74,36.74,36.74,8
2026-04-23T23:00:00+00:00,36.77,36.77,36.77,36.77,569
2026-04-23T23:05:00+00:00,36.77,36.77,36.77,36.77,0
2026-04-23T23:10:00+00:00,36.87,36.9,36.72,36.72,10802
2026-04-23T23:15:00+00:00,36.72,36.72,36.72,36.72,0
2026-04-23T23:20:00+00:00,36.72,36.72,36.72,36.72,49
2026-04-23T23:25:00+00:00,36.72,36.72,36.72,36.72,0
2026-04-23T23:30:00+00:00,36.72,36.72,36.72,36.72,0
2026-04-23T23:35:00+00:00,36.72,36.72,36.72,36.72,0
2026-04-23T23:40:00+00:00,36.72,36.72,36.72,36.72,188
2026-04-23T23:45:00+00:00,36.8,36.8,36.8,36.8,999
2026-04-23T23:50:00+00:00,36.8,36.8,36.8,36.8,0
2026-04-23T23:55:00+00:00,36.8,36.8,36.8,36.8,0
2026-04-24T08:00:00+00:00,36.6,36.6,36.6,36.6,451
2026-04-24T08:05:00+00:00,36.6,36.6,36.6,36.6,198
2026-04-24T08:10:00+00:00,36.57,36.64,36.51,36.55,2821
2026-04-24T08:15:00+00:00,36.55,36.55,36.51,36.51,167
2026-04-24T08:20:00+00:00,36.57,36.57,36.55,36.55,1300
2026-04-24T08:25:00+00:00,36.55,36.55,36.55,36.55,1
2026-04-24T08:30:00+00:00,36.55,36.55,36.55,36.55,11
2026-04-24T08:35:00+00:00,36.55,36.55,36.55,36.55,94
2026-04-24T08:40:00+00:00,36.63,36.69,36.63,36.67,488
2026-04-24T08:45:00+00:00,36.67,36.67,36.67,36.67,224
2026-04-24T08:50:00+00:00,36.67,36.67,36.67,36.67,390
2026-04-24T08:55:00+00:00,36.62,36.63,36.62,36.63,717
2026-04-24T09:00:00+00:00,36.63,36.63,36.6,36.6,705
2026-04-24T09:05:00+00:00,36.6,36.6,36.6,36.6,0
2026-04-24T09:10:00+00:00,36.6,36.6,36.6,36.6,0
2026-04-24T09:15:00+00:00,36.6,36.6,36.6,36.6,1
2026-04-24T09:20:00+00:00,36.6,36.6,36.57,36.57,553
2026-04-24T09:25:00+00:00,36.57,36.57,36.57,36.57,202
2026-04-24T09:30:00+00:00,36.5,36.5,36.36,36.36,804
2026-04-24T09:35:00+00:00,36.34,36.34,36.33,36.33,522
2026-04-24T09:40:00+00:00,36.33,36.33,36.33,36.33,154
2026-04-24T09:45:00+00:00,36.33,36.33,36.33,36.33,78
2026-04-24T09:50:00+00:00,36.33,36.5,36.33,36.5,536
2026-04-24T09:55:00+00:00,36.37,36.37,36.37,36.37,100
2026-04-24T10:00:00+00:00,36.37,36.37,36.37,36.37,0
2026-04-24T10:05:00+00:00,36.37,36.37,36.37,36.37,0
2026-04-24T10:10:00+00:00,36.37,36.37,36.37,36.37,100
2026-04-24T10:15:00+00:00,36.37,36.37,36.37,36.37,0
2026-04-24T10:20:00+00:00,36.37,36.37,36.37,36.37,29
2026-04-24T10:25:00+00:00,36.64,36.64,36.64,36.64,170
2026-04-24T10:30:00+00:00,36.64,36.7,36.64,36.7,667
2026-04-24T10:35:00+00:00,36.7,36.7,36.7,36.7,38
2026-04-24T10:40:00+00:00,36.7,36.7,36.7,36.7,4
2026-04-24T10:45:00+00:00,36.7,36.72,36.7,36.72,400
2026-04-24T10:50:00+00:00,36.7,36.7,36.7,36.7,102
2026-04-24T10:55:00+00:00,36.7,36.7,36.7,36.7,1
2026-04-24T11:00:00+00:00,36.67,36.67,36.67,36.67,583
2026-04-24T11:05:00+00:00,36.82,36.94,36.82,36.88,3122
2026-04-24T11:10:00+00:00,36.91,36.98,36.91,36.97,1352
2026-04-24T11:15:00+00:00,36.95,36.97,36.95,36.96,1718
2026-04-24T11:20:00+00:00,36.94,37.11,36.94,37.11,5756
2026-04-24T11:25:00+00:00,37.11,37.16,37.11,37.16,3032
2026-04-24T11:30:00+00:00,37.19,37.19,37.16,37.16,2000
2026-04-24T11:35:00+00:00,37.16,37.16,37.1,37.11,3058
2026-04-24T11:40:00+00:00,37.12,37.12,37.03,37.03,1455
2026-04-24T11:45:00+00:00,37.03,37.03,37.03,37.03,8
2026-04-24T11:50:00+00:00,37.03,37.1,37.03,37.1,151
2026-04-24T11:55:00+00:00,37.11,37.11,37.11,37.11,329
2026-04-24T12:00:00+00:00,37.11,37.11,37.11,37.11,1
2026-04-24T12:05:00+00:00,37.11,37.11,37.11,37.11,0
2026-04-24T12:10:00+00:00,37.15,37.22,37.09,37.22,3833
2026-04-24T12:15:00+00:00,37.25,37.27,37.24,37.26,1601
2026-04-24T12:20:00+00:00,37.26,37.26,37.26,37.26,103
2026-04-24T12:25:00+00:00,37.26,37.26,37.19,37.19,485
2026-04-24T12:30:00+00:00,37.19,37.19,37.19,37.19,7
2026-04-24T12:35:00+00:00,37.19,37.19,37.19,37.19,1
2026-04-24T12:40:00+00:00,37.19,37.19,37.12,37.12,391
2026-04-24T12:45:00+00:00,37.12,37.12,37.1,37.1,895
2026-04-24T12:50:00+00:00,37.05,37.07,37.0,37.0,1337
2026-04-24T12:55:00+00:00,37.0,37.0,36.89,36.89,363
2026-04-24T13:00:00+00:00,37.0,37.0,37.0,37.0,112
2026-04-24T13:05:00+00:00,37.0,37.06,37.0,37.06,523
2026-04-24T13:10:00+00:00,37.06,37.06,37.06,37.06,59
2026-04-24T13:15:00+00:00,37.0,37.0,37.0,37.0,570
2026-04-24T13:20:00+00:00,37.03,37.03,37.03,37.03,301
2026-04-24T13:25:00+00:00,37.03,37.03,37.0,37.0,521
2026-04-24T13:30:00+00:00,37.0,37.14,36.92,36.98,25639
2026-04-24T13:35:00+00:00,36.965,37.13,36.87,37.13,28375
2026-04-24T13:40:00+00:00,37.135,37.27,37.01,37.08,52415
2026-04-24T13:45:00+00:00,37.07,37.11,36.95,37.01,28206
2026-04-24T13:50:00+00:00,37.0,37.005,36.75,36.75,25600
2026-04-24T13:55:00+00:00,36.73,36.86,36.63,36.84,13257
2026-04-24T14:00:00+00:00,36.8,36.95,36.8,36.88,8653
2026-04-24T14:05:00+00:00,36.93,37.21,36.93,37.199,20781
2026-04-24T14:10:00+00:00,37.199,37.33,37.11,37.2,22906
2026-04-24T14:15:00+00:00,37.17,37.27,37.17,37.17,19494
2026-04-24T14:20:00+00:00,37.165,37.165,37.06,37.13,11204
2026-04-24T14:25:00+00:00,37.12,37.17,37.045,37.16,34507
2026-04-24T14:30:00+00:00,37.16,37.19,37.025,37.11,13706
2026-04-24T14:35:00+00:00,37.1,37.25,37.1,37.25,23810
2026-04-24T14:40:00+00:00,37.255,37.31,37.25,37.29,9717
2026-04-24T14:45:00+00:00,37.305,37.35,37.21,37.3,20767
2026-04-24T14:50:00+00:00,37.31,37.349,37.265,37.3,15584
2026-04-24T14:55:00+00:00,37.3,37.439,37.3,37.36,26167
2026-04-24T15:00:00+00:00,37.37,37.4,37.32,37.39,15313
2026-04-24T15:05:00+00:00,37.38,37.395,37.315,37.36,10822
2026-04-24T15:10:00+00:00,37.37,37.41,37.31,37.4,23412
2026-04-24T15:15:00+00:00,37.36,37.37,37.29,37.29,11593
2026-04-24T15:20:00+00:00,37.28,37.36,37.27,37.35,12756
2026-04-24T15:25:00+00:00,37.345,37.355,37.27,37.349,16076
2026-04-24T15:30:00+00:00,37.33,37.395,37.3,37.31,9245
2026-04-24T15:35:00+00:00,37.29,37.29,37.18,37.2,9958
2026-04-24T15:40:00+00:00,37.21,37.3,37.2,37.3,17194
2026-04-24T15:45:00+00:00,37.36,37.48,37.34,37.38,17822
2026-04-24T15:50:00+00:00,37.49,37.49,37.37,37.41,4289
2026-04-24T15:55:00+00:00,37.4,37.44,37.345,37.44,6273
2026-04-24T16:00:00+00:00,37.45,37.45,37.36,37.42,4777
2026-04-24T16:05:00+00:00,37.43,37.51,37.41,37.415,11307
2026-04-24T16:10:00+00:00,37.42,37.46,37.4,37.4,22884
2026-04-24T16:15:00+00:00,37.395,37.43,37.35,37.39,13246
2026-04-24T16:20:00+00:00,37.4,37.45,37.395,37.45,5573
2026-04-24T16:25:00+00:00,37.45,37.475,37.4,37.42,10985
2026-04-24T16:30:00+00:00,37.42,37.54,37.42,37.48,49848
2026-04-24T16:35:00+00:00,37.48,37.55,37.465,37.465,11155
2026-04-24T16:40:00+00:00,37.46,37.46,37.34,37.375,15013
2026-04-24T16:45:00+00:00,37.39,37.41,37.345,37.35,5822
2026-04-24T16:50:00+00:00,37.36,37.4,37.34,37.36,12111
2026-04-24T16:55:00+00:00,37.36,37.41,37.35,37.39,6482
2026-04-24T17:00:00+00:00,37.38,37.38,37.35,37.36,10453
2026-04-24T17:05:00+00:00,37.36,37.4,37.36,37.36,3454
2026-04-24T17:10:00+00:00,37.335,37.36,37.31,37.31,3429
2026-04-24T17:15:00+00:00,37.31,37.31,37.25,37.29,4038
2026-04-24T17:20:00+00:00,37.28,37.28,37.185,37.22,5308
2026-04-24T17:25:00+00:00,37.22,37.245,37.215,37.24,4630
2026-04-24T17:30:00+00:00,37.23,37.25,37.17,37.21,11917
2026-04-24T17:35:00+00:00,37.225,37.3,37.225,37.24,3991
2026-04-24T17:40:00+00:00,37.22,37.27,37.22,37.27,4887
2026-04-24T17:45:00+00:00,37.27,37.3,37.27,37.29,7934
2026-04-24T17:50:00+00:00,37.295,37.37,37.29,37.33,11200
2026-04-24T17:55:00+00:00,37.35,37.39,37.34,37.35,8319
2026-04-24T18:00:00+00:00,37.35,37.35,37.255,37.255,2363
2026-04-24T18:05:00+00:00,37.255,37.26,37.22,37.22,4145
2026-04-24T18:10:00+00:00,37.225,37.225,37.16,37.17,4843
2026-04-24T18:15:00+00:00,37.17,37.19,37.11,37.15,9291
2026-04-24T18:20:00+00:00,37.1,37.14,37.06,37.14,5492
2026-04-24T18:25:00+00:00,37.14,37.17,37.11,37.11,4950
2026-04-24T18:30:00+00:00,37.115,37.23,37.115,37.22,6605
2026-04-24T18:35:00+00:00,37.22,37.24,37.21,37.24,5471
2026-04-24T18:40:00+00:00,37.245,37.28,37.24,37.24,16955
2026-04-24T18:45:00+00:00,37.245,37.26,37.21,37.21,4078
2026-04-24T18:50:00+00:00,37.2,37.28,37.19,37.26,3338
2026-04-24T18:55:00+00:00,37.26,37.28,37.24,37.28,4011
2026-04-24T19:00:00+00:00,37.29,37.32,37.26,37.29,5152
2026-04-24T19:05:00+00:00,37.29,37.29,37.22,37.24,9207
2026-04-24T19:10:00+00:00,37.23,37.27,37.2,37.255,6644
2026-04-24T19:15:00+00:00,37.28,37.3,37.27,37.28,3030
2026-04-24T19:20:00+00:00,37.289,37.289,37.21,37.21,5415
2026-04-24T19:25:00+00:00,37.19,37.22,37.17,37.21,5276
2026-04-24T19:30:00+00:00,37.2,37.265,37.18,37.25,6059
2026-04-24T19:35:00+00:00,37.255,37.255,37.17,37.17,5100
2026-04-24T19:40:00+00:00,37.16,37.2,37.15,37.2,11848
2026-04-24T19:45:00+00:00,37.175,37.2,37.15,37.15,2943
2026-04-24T19:50:00+00:00,37.17,37.17,37.125,37.17,10437
2026-04-24T19:55:00+00:00,37.18,37.21,37.165,37.2,13869
2026-04-24T20:00:00+00:00,36.985,36.985,36.985,36.985,52
2026-04-24T20:05:00+00:00,36.985,36.985,36.985,36.985,10
2026-04-24T20:10:00+00:00,36.985,36.985,36.985,36.985,0
2026-04-24T20:15:00+00:00,36.985,36.985,36.985,36.985,4
2026-04-24T20:20:00+00:00,36.985,36.985,36.985,36.985,20
2026-04-24T20:25:00+00:00,36.985,36.985,36.985,36.985,5
2026-04-24T20:30:00+00:00,36.985,36.985,36.985,36.985,0
2026-04-24T20:35:00+00:00,36.985,36.985,36.985,36.985,7
2026-04-24T20:40:00+00:00,36.985,36.985,36.985,36.985,2
2026-04-24T20:45:00+00:00,36.985,37.2,36.985,37.2,160
2026-04-24T20:50:00+00:00,37.2,37.2,37.2,37.2,0
2026-04-24T20:55:00+00:00,37.2,37.2,37.2,37.2,149
2026-04-24T21:00:00+00:00,37.2,37.2,37.2,37.2,26
2026-04-24T21:05:00+00:00,37.2,37.2,37.2,37.2,200
2026-04-24T21:10:00+00:00,37.2,37.2,37.2,37.2,8
2026-04-24T21:15:00+00:00,37.2,37.2,37.2,37.2,0
2026-04-24T21:20:00+00:00,37.16,37.16,37.15,37.15,641
2026-04-24T21:25:00+00:00,37.15,37.15,37.15,37.15,0
2026-04-24T21:30:00+00:00,37.15,37.15,37.15,37.15,0
2026-04-24T21:35:00+00:00,37.15,37.15,37.15,37.15,53
2026-04-24T21:40:00+00:00,37.15,37.15,37.15,37.15,5
2026-04-24T21:45:00+00:00,37.15,37.15,37.15,37.15,2
2026-04-24T21:50:00+00:00,37.15,37.15,37.15,37.15,2
2026-04-24T21:55:00+00:00,37.18,37.18,37.18,37.18,109
2026-04-24T22:00:00+00:00,37.18,37.18,37.18,37.18,67
2026-04-24T22:05:00+00:00,37.18,37.18,37.18,37.18,20
2026-04-24T22:10:00+00:00,37.18,37.18,37.18,37.18,0
2026-04-24T22:15:00+00:00,37.18,37.18,37.18,37.18,0
2026-04-24T22:20:00+00:00,37.18,37.18,37.18,37.18,0
2026-04-24T22:25:00+00:00,37.18,37.18,37.18,37.18,89
2026-04-24T22:30:00+00:00,37.17,37.17,37.17,37.17,440
2026-04-24T22:35:00+00:00,37.17,37.17,37.17,37.17,23
2026-04-24T22:40:00+00:00,37.17,37.17,37.17,37.17,25
2026-04-24T22:45:00+00:00,37.17,37.17,37.17,37.17,1
2026-04-24T22:50:00+00:00,37.17,37.18,37.17,37.17,513
2026-04-24T22:55:00+00:00,37.13,37.13,37.12,37.12,1293
2026-04-24T23:00:00+00:00,37.12,37.12,37.12,37.12,4
2026-04-24T23:05:00+00:00,37.12,37.12,37.12,37.12,0
2026-04-24T23:10:00+00:00,37.12,37.12,37.12,37.12,60
2026-04-24T23:15:00+00:00,37.11,37.11,37.11,37.11,147
2026-04-24T23:20:00+00:00,37.11,37.11,37.11,37.11,0
2026-04-24T23:25:00+00:00,37.11,37.11,37.11,37.11,1
2026-04-24T23:30:00+00:00,37.11,37.11,37.11,37.11,13
2026-04-24T23:35:00+00:00,37.11,37.11,37.11,37.11,1
2026-04-24T23:40:00+00:00,37.13,37.13,37.13,37.13,108
2026-04-24T23:45:00+00:00,37.13,37.13,37.13,37.13,5
2026-04-24T23:50:00+00:00,37.13,37.13,37.13,37.13,17
2026-04-24T23:55:00+00:00,37.13,37.13,37.13,37.13,0
2026-04-27T08:00:00+00:00,38.32,38.32,38.07,38.08,2852
2026-04-27T08:05:00+00:00,38.08,38.08,38.08,38.08,361
2026-04-27T08:10:00+00:00,38.08,38.08,38.08,38.08,38
2026-04-27T08:15:00+00:00,38.0,38.01,37.99,37.99,2733
2026-04-27T08:20:00+00:00,37.99,37.99,37.99,37.99,0
2026-04-27T08:25:00+00:00,38.0,38.01,38.0,38.01,636
2026-04-27T08:30:00+00:00,38.01,38.01,37.99,37.99,170
2026-04-27T08:35:00+00:00,37.99,37.99,37.99,37.99,401
2026-04-27T08:40:00+00:00,37.99,38.06,37.99,38.06,448
2026-04-27T08:45:00+00:00,38.08,38.08,38.08,38.08,151
2026-04-27T08:50:00+00:00,38.08,38.08,38.08,38.08,0
2026-04-27T08:55:00+00:00,38.1,38.1,38.1,38.1,179
2026-04-27T09:00:00+00:00,38.1,38.1,38.1,38.1,183
2026-04-27T09:05:00+00:00,38.1,38.1,38.1,38.1,63
2026-04-27T09:10:00+00:00,38.1,38.19,38.1,38.19,535
2026-04-27T09:15:00+00:00,38.19,38.19,38.19,38.19,337
2026-04-27T09:20:00+00:00,38.19,38.19,38.19,38.19,70
2026-04-27T09:25:00+00:00,38.19,38.22,38.19,38.22,379
2026-04-27T09:30:00+00:00,38.22,38.22,38.22,38.22,123
2026-04-27T09:35:00+00:00,38.22,38.22,38.19,38.19,1291
2026-04-27T09:40:00+00:00,38.19,38.19,38.19,38.19,0
2026-04-27T09:45:00+00:00,38.19,38.19,38.16,38.16,260
2026-04-27T09:50:00+00:00,38.16,38.16,38.16,38.16,101
2026-04-27T09:55:00+00:00,38.16,38.16,38.16,38.16,61
2026-04-27T10:00:00+00:00,38.17,38.17,38.17,38.17,154
2026-04-27T10:05:00+00:00,38.1,38.1,38.1,38.1,131
2026-04-27T10:10:00+00:00,38.1,38.1,38.1,38.1,93
2026-04-27T10:15:00+00:00,38.15,38.15,38.15,38.15,100
2026-04-27T10:20:00+00:00,38.14,38.15,38.14,38.15,311
2026-04-27T10:25:00+00:00,38.15,38.19,38.15,38.19,265
2026-04-27T10:30:00+00:00,38.19,38.19,38.19,38.19,46
2026-04-27T10:35:00+00:00,38.2,38.2,38.2,38.2,1014
2026-04-27T10:40:00+00:00,38.2,38.2,38.2,38.2,67
2026-04-27T10:45:00+00:00,38.2,38.3,38.2,38.3,240
2026-04-27T10:50:00+00:00,38.3,38.3,38.3,38.3,180
2026-04-27T10:55:00+00:00,38.3,38.3,38.3,38.3,182
2026-04-27T11:00:00+00:00,38.27,38.28,38.27,38.27,1180
2026-04-27T11:05:00+00:00,38.27,38.27,38.27,38.27,10
2026-04-27T11:10:00+00:00,38.27,38.28,38.27,38.28,317
2026-04-27T11:15:00+00:00,38.28,38.28,38.28,38.28,71
2026-04-27T11:20:00+00:00,38.28,38.43,38.28,38.43,3363
2026-04-27T11:25:00+00:00,38.44,38.48,38.44,38.48,1389
2026-04-27T11:30:00+00:00,38.48,38.48,38.46,38.46,996
2026-04-27T11:35:00+00:00,38.46,38.46,38.42,38.42,765
2026-04-27T11:40:00+00:00,38.42,38.42,38.42,38.42,32
2026-04-27T11:45:00+00:00,38.42,38.45,38.42,38.45,1037
2026-04-27T11:50:00+00:00,38.43,38.45,38.43,38.45,1753
2026-04-27T11:55:00+00:00,38.45,38.45,38.4,38.4,749
2026-04-27T12:00:00+00:00,38.4,38.4,38.4,38.4,2499
2026-04-27T12:05:00+00:00,38.37,38.37,38.3,38.37,544
2026-04-27T12:10:00+00:00,38.37,38.37,38.37,38.37,2705
2026-04-27T12:15:00+00:00,38.37,38.37,38.27,38.27,911
2026-04-27T12:20:00+00:00,38.27,38.28,38.27,38.28,394
2026-04-27T12:25:00+00:00,38.28,38.28,38.18,38.18,1194
2026-04-27T12:30:00+00:00,38.18,38.19,38.18,38.19,952
2026-04-27T12:35:00+00:00,38.19,38.26,38.19,38.26,285
2026-04-27T12:40:00+00:00,38.25,38.25,38.25,38.25,471
2026-04-27T12:45:00+00:00,38.25,38.25,38.25,38.25,50
2026-04-27T12:50:00+00:00,38.34,38.34,38.33,38.33,4006
2026-04-27T12:55:00+00:00,38.33,38.33,38.29,38.29,1024
2026-04-27T13:00:00+00:00,38.29,38.29,38.2,38.2,1707
2026-04-27T13:05:00+00:00,38.15,38.16,38.11,38.16,1438
2026-04-27T13:10:00+00:00,38.16,38.35,38.16,38.34,2876
2026-04-27T13:15:00+00:00,38.34,38.35,38.34,38.35,2196
2026-04-27T13:20:00+00:00,38.31,38.35,38.26,38.35,1198
2026-04-27T13:25:00+00:00,38.35,38.38,38.34,38.36,3487
2026-04-27T13:30:00+00:00,38.28,38.445,38.16,38.43,13873
2026-04-27T13:35:00+00:00,38.45,38.705,38.37,38.49,38356
2026-04-27T13:40:00+00:00,38.5,38.53,38.35,38.43,24863
2026-04-27T13:45:00+00:00,38.36,38.37,38.06,38.2,23993
2026-04-27T13:50:00+00:00,38.17,38.26,38.01,38.24,24199
2026-04-27T13:55:00+00:00,38.26,38.665,38.26,38.57,21564
2026-04-27T14:00:00+00:00,38.599,38.599,38.42,38.5,37911
2026-04-27T14:05:00+00:00,38.49,38.6,38.44,38.5,41294
2026-04-27T14:10:00+00:00,38.48,38.63,38.44,38.59,16813
2026-04-27T14:15:00+00:00,38.61,38.61,38.49,38.569,15557
2026-04-27T14:20:00+00:00,38.56,38.57,38.47,38.48,34982
2026-04-27T14:25:00+00:00,38.49,38.51,38.39,38.39,21823
2026-04-27T14:30:00+00:00,38.39,38.42,38.18,38.42,33986
2026-04-27T14:35:00+00:00,38.41,38.55,38.38,38.5,21303
2026-04-27T14:40:00+00:00,38.51,38.56,38.45,38.5,36463
2026-04-27T14:45:00+00:00,38.46,38.46,38.36,38.45,17722
2026-04-27T14:50:00+00:00,38.47,38.57,38.34,38.38,13940
2026-04-27T14:55:00+00:00,38.36,38.42,38.31,38.39,8077
2026-04-27T15:00:00+00:00,38.41,38.439,38.33,38.349,12487
2026-04-27T15:05:00+00:00,38.34,38.5,38.33,38.48,3895
2026-04-27T15:10:00+00:00,38.5,38.519,38.41,38.41,5313
2026-04-27T15:15:00+00:00,38.41,38.49,38.4,38.43,16900
2026-04-27T15:20:00+00:00,38.44,38.45,38.33,38.34,12909
2026-04-27T15:25:00+00:00,38.35,38.43,38.34,38.42,8461
2026-04-27T15:30:00+00:00,38.43,38.53,38.43,38.51,7049
2026-04-27T15:35:00+00:00,38.519,38.56,38.49,38.56,9161
2026-04-27T15:40:00+00:00,38.57,38.69,38.559,38.67,16584
2026-04-27T15:45:00+00:00,38.69,38.75,38.64,38.7,13232
2026-04-27T15:50:00+00:00,38.705,38.735,38.679,38.68,13080
2026-04-27T15:55:00+00:00,38.685,38.7,38.65,38.7,7429
2026-04-27T16:00:00+00:00,38.69,38.7,38.54,38.58,8559
2026-04-27T16:05:00+00:00,38.585,38.59,38.57,38.575,2875
2026-04-27T16:10:00+00:00,38.569,38.61,38.559,38.569,12040
2026-04-27T16:15:00+00:00,38.57,38.61,38.56,38.6,4882
2026-04-27T16:20:00+00:00,38.6,38.6,38.53,38.54,8262
2026-04-27T16:25:00+00:00,38.51,38.53,38.49,38.51,7232
2026-04-27T16:30:00+00:00,38.52,38.58,38.52,38.58,8177
2026-04-27T16:35:00+00:00,38.56,38.56,38.53,38.53,3685
2026-04-27T16:40:00+00:00,38.52,38.535,38.5,38.5,5520
2026-04-27T16:45:00+00:00,38.5,38.54,38.46,38.54,3167
2026-04-27T16:50:00+00:00,38.52,38.52,38.47,38.47,5982
2026-04-27T16:55:00+00:00,38.45,38.45,38.419,38.45,6278
2026-04-27T17:00:00+00:00,38.45,38.469,38.45,38.45,4206
2026-04-27T17:05:00+00:00,38.45,38.48,38.45,38.48,3876
2026-04-27T17:10:00+00:00,38.49,38.53,38.48,38.5,7577
2026-04-27T17:15:00+00:00,38.51,38.51,38.36,38.39,8423
2026-04-27T17:20:00+00:00,38.39,38.439,38.33,38.439,7882
2026-04-27T17:25:00+00:00,38.439,38.47,38.4,38.4,12038
2026-04-27T17:30:00+00:00,38.44,38.51,38.44,38.49,8001
2026-04-27T17:35:00+00:00,38.51,38.51,38.46,38.48,5994
2026-04-27T17:40:00+00:00,38.46,38.51,38.45,38.5,5182
2026-04-27T17:45:00+00:00,38.529,38.55,38.529,38.53,10846
2026-04-27T17:50:00+00:00,38.535,38.535,38.41,38.43,23514
2026-04-27T17:55:00+00:00,38.42,38.43,38.4,38.405,4799
2026-04-27T18:00:00+00:00,38.4,38.41,38.38,38.4,4222
2026-04-27T18:05:00+00:00,38.39,38.44,38.39,38.44,2932
2026-04-27T18:10:00+00:00,38.45,38.46,38.41,38.41,1891
2026-04-27T18:15:00+00:00,38.4,38.41,38.39,38.39,1594
2026-04-27T18:20:00+00:00,38.38,38.43,38.37,38.43,2942
2026-04-27T18:25:00+00:00,38.42,38.43,38.39,38.4,7014
2026-04-27T18:30:00+00:00,38.41,38.43,38.4,38.41,9417
2026-04-27T18:35:00+00:00,38.42,38.445,38.41,38.42,12568
2026-04-27T18:40:00+00:00,38.419,38.419,38.315,38.315,7926
2026-04-27T18:45:00+00:00,38.32,38.35,38.32,38.35,6267
2026-04-27T18:50:00+00:00,38.349,38.365,38.32,38.32,4817
2026-04-27T18:55:00+00:00,38.33,38.4,38.33,38.35,3515
2026-04-27T19:00:00+00:00,38.36,38.37,38.31,38.34,11131
2026-04-27T19:05:00+00:00,38.35,38.41,38.32,38.41,3429
2026-04-27T19:10:00+00:00,38.41,38.51,38.39,38.51,1796
2026-04-27T19:15:00+00:00,38.52,38.52,38.5,38.51,4502
2026-04-27T19:20:00+00:00,38.51,38.52,38.44,38.44,3076
2026-04-27T19:25:00+00:00,38.46,38.46,38.44,38.46,3718
2026-04-27T19:30:00+00:00,38.45,38.5,38.44,38.46,5416
2026-04-27T19:35:00+00:00,38.46,38.49,38.46,38.49,4031
2026-04-27T19:40:00+00:00,38.49,38.5,38.45,38.475,9818
2026-04-27T19:45:00+00:00,38.5,38.56,38.48,38.56,8748
2026-04-27T19:50:00+00:00,38.575,38.625,38.57,38.58,16786
2026-04-27T19:55:00+00:00,38.6,38.63,38.52,38.57,11975
2026-04-27T20:00:00+00:00,38.68,38.68,38.68,38.68,269
2026-04-27T20:05:00+00:00,38.68,38.68,38.68,38.68,54
2026-04-27T20:10:00+00:00,38.68,38.68,38.68,38.68,0
2026-04-27T20:15:00+00:00,38.69,38.69,38.69,38.69,300
2026-04-27T20:20:00+00:00,38.69,38.69,38.69,38.69,5
2026-04-27T20:25:00+00:00,38.69,38.69,38.69,38.69,0
2026-04-27T20:30:00+00:00,38.63,38.63,38.63,38.63,282
2026-04-27T20:35:00+00:00,38.63,38.63,38.63,38.63,0
2026-04-27T20:40:00+00:00,38.63,38.63,38.63,38.63,0
2026-04-27T20:45:00+00:00,38.63,38.63,38.63,38.63,2
2026-04-27T20:50:00+00:00,38.63,38.63,38.63,38.63,91
2026-04-27T20:55:00+00:00,38.63,38.63,38.63,38.63,47
2026-04-27T21:00:00+00:00,38.63,38.63,38.63,38.63,1
2026-04-27T21:05:00+00:00,38.63,38.63,38.63,38.63,11
2026-04-27T21:10:00+00:00,38.63,38.63,38.63,38.63,0
2026-04-27T21:15:00+00:00,38.63,38.63,38.63,38.63,150
2026-04-27T21:20:00+00:00,38.79,38.79,38.79,38.79,102
2026-04-27T21:25:00+00:00,38.79,38.79,38.79,38.79,69
2026-04-27T21:30:00+00:00,38.79,38.79,38.79,38.79,9
2026-04-27T21:35:00+00:00,38.79,38.79,38.79,38.79,20
2026-04-27T21:40:00+00:00,38.79,38.79,38.79,38.79,0
2026-04-27T21:45:00+00:00,38.79,38.79,38.79,38.79,0
2026-04-27T21:50:00+00:00,38.79,38.79,38.79,38.79,0
2026-04-27T21:55:00+00:00,38.79,38.79,38.79,38.79,0
2026-04-27T22:00:00+00:00,38.78,38.78,38.78,38.78,347
2026-04-27T22:05:00+00:00,38.78,38.78,38.78,38.78,2
2026-04-27T22:10:00+00:00,38.78,38.78,38.78,38.78,22
2026-04-27T22:15:00+00:00,38.78,38.78,38.78,38.78,0
2026-04-27T22:20:00+00:00,38.78,38.78,38.78,38.78,2
2026-04-27T22:25:00+00:00,38.78,38.88,38.78,38.88,261
2026-04-27T22:30:00+00:00,38.88,38.99,38.88,38.99,471
2026-04-27T22:35:00+00:00,38.94,38.96,38.94,38.96,3161
2026-04-27T22:40:00+00:00,38.96,38.96,38.96,38.96,173
2026-04-27T22:45:00+00:00,38.96,38.96,38.96,38.96,14
2026-04-27T22:50:00+00:00,38.96,38.96,38.86,38.86,6476
2026-04-27T22:55:00+00:00,38.86,38.86,38.86,38.86,329
2026-04-27T23:00:00+00:00,38.92,38.92,38.91,38.91,409
2026-04-27T23:05:00+00:00,38.91,38.91,38.91,38.91,0
2026-04-27T23:10:00+00:00,38.91,38.91,38.91,38.91,53
2026-04-27T23:15:00+00:00,38.91,38.91,38.91,38.91,0
2026-04-27T23:20:00+00:00,38.91,38.91,38.91,38.91,0
2026-04-27T23:25:00+00:00,38.93,38.93,38.93,38.93,179
2026-04-27T23:30:00+00:00,38.93,38.93,38.93,38.93,293
2026-04-27T23:35:00+00:00,38.93,38.93,38.93,38.93,0
2026-04-27T23:40:00+00:00,38.93,38.93,38.93,38.93,162
2026-04-27T23:45:00+00:00,38.93,38.93,38.86,38.86,925
2026-04-27T23:50:00+00:00,38.86,38.86,38.83,38.83,179
2026-04-27T23:55:00+00:00,38.83,38.83,38.83,38.83,0
2026-04-28T08:00:00+00:00,38.83,38.83,38.83,38.83,0
2026-04-28T08:05:00+00:00,38.83,38.83,38.83,38.83,0
2026-04-28T08:10:00+00:00,37.35,37.35,37.35,37.35,51
2026-04-28T08:15:00+00:00,37.35,37.35,37.35,37.35,60
2026-04-28T08:20:00+00:00,37.35,37.35,37.35,37.35,248
2026-04-28T08:25:00+00:00,38.25,38.25,38.24,38.24,784
2026-04-28T08:30:00+00:00,38.24,38.24,38.24,38.24,127
2026-04-28T08:35:00+00:00,38.24,38.36,38.24,38.36,107
2026-04-28T08:40:00+00:00,38.36,38.36,38.36,38.36,27
2026-04-28T08:45:00+00:00,38.31,38.31,38.3,38.3,805
2026-04-28T08:50:00+00:00,38.3,38.3,38.3,38.3,74
2026-04-28T08:55:00+00:00,38.3,38.3,38.3,38.3,45
2026-04-28T09:00:00+00:00,38.31,38.31,38.3,38.3,1125
2026-04-28T09:05:00+00:00,38.3,38.3,38.15,38.21,5208
2026-04-28T09:10:00+00:00,38.24,38.25,38.24,38.25,200
2026-04-28T09:15:00+00:00,38.25,38.25,38.25,38.25,0
2026-04-28T09:20:00+00:00,38.25,38.25,38.25,38.25,42
2026-04-28T09:25:00+00:00,38.25,38.25,38.25,38.25,0
2026-04-28T09:30:00+00:00,38.25,38.25,38.0,38.01,779
2026-04-28T09:35:00+00:00,38.01,38.01,38.01,38.01,410
2026-04-28T09:40:00+00:00,38.01,38.01,37.9,37.9,564
2026-04-28T09:45:00+00:00,37.78,37.78,37.75,37.75,2267
2026-04-28T09:50:00+00:00,37.72,37.72,37.72,37.72,2063
2026-04-28T09:55:00+00:00,37.72,37.72,37.72,37.72,173
2026-04-28T10:00:00+00:00,37.72,37.72,37.72,37.72,28
2026-04-28T10:05:00+00:00,37.81,37.81,37.78,37.8,600
2026-04-28T10:10:00+00:00,37.8,37.82,37.8,37.82,289
2026-04-28T10:15:00+00:00,37.82,37.82,37.82,37.82,0
2026-04-28T10:20:00+00:00,37.86,37.86,37.86,37.86,402
2026-04-28T10:25:00+00:00,37.86,37.86,37.79,37.79,352
2026-04-28T10:30:00+00:00,37.79,37.79,37.79,37.79,56
2026-04-28T10:35:00+00:00,37.8,37.81,37.8,37.81,1517
2026-04-28T10:40:00+00:00,37.81,37.81,37.81,37.81,86
2026-04-28T10:45:00+00:00,37.81,37.81,37.7,37.7,231
2026-04-28T10:50:00+00:00,37.7,37.72,37.69,37.71,2404
2026-04-28T10:55:00+00:00,37.75,37.75,37.75,37.75,1059
2026-04-28T11:00:00+00:00,37.87,37.97,37.87,37.97,2115
2026-04-28T11:05:00+00:00,37.97,37.97,37.69,37.7,2030
2026-04-28T11:10:00+00:00,37.7,37.7,37.7,37.7,104
2026-04-28T11:15:00+00:00,37.69,37.7,37.69,37.7,716
2026-04-28T11:20:00+00:00,37.6,37.6,37.6,37.6,5132
2026-04-28T11:25:00+00:00,37.6,37.6,37.45,37.45,2407
2026-04-28T11:30:00+00:00,37.47,37.47,37.42,37.44,1673
2026-04-28T11:35:00+00:00,37.4,37.4,37.29,37.29,466
2026-04-28T11:40:00+00:00,37.31,37.35,37.27,37.27,937
2026-04-28T11:45:00+00:00,37.27,37.27,37.2,37.2,230
2026-04-28T11:50:00+00:00,37.2,37.2,37.16,37.16,346
2026-04-28T11:55:00+00:00,37.16,37.16,37.1,37.1,1135
2026-04-28T12:00:00+00:00,37.14,37.15,37.1,37.1,4792
2026-04-28T12:05:00+00:00,37.08,37.08,37.08,37.08,696
2026-04-28T12:10:00+00:00,37.08,37.08,37.05,37.08,3721
2026-04-28T12:15:00+00:00,37.08,37.12,37.08,37.12,145
2026-04-28T12:20:00+00:00,37.12,37.15,37.12,37.15,374
2026-04-28T12:25:00+00:00,37.15,37.15,37.15,37.15,56
2026-04-28T12:30:00+00:00,37.15,37.15,37.04,37.04,1050
2026-04-28T12:35:00+00:00,37.05,37.08,37.05,37.08,1627
2026-04-28T12:40:00+00:00,37.1,37.15,37.1,37.121,771
2026-04-28T12:45:00+00:00,37.12,37.23,37.12,37.23,2094
2026-04-28T12:50:00+00:00,37.23,37.349,37.23,37.349,408
2026-04-28T12:55:00+00:00,37.349,37.349,37.349,37.349,85
2026-04-28T13:00:00+00:00,37.349,37.349,37.349,37.349,401
2026-04-28T13:05:00+00:00,37.349,37.349,37.18,37.18,4703
2026-04-28T13:10:00+00:00,37.18,37.18,37.18,37.18,373
2026-04-28T13:15:00+00:00,37.18,37.22,37.18,37.22,497
2026-04-28T13:20:00+00:00,37.22,37.22,37.2,37.2,549
2026-04-28T13:25:00+00:00,37.2,37.2,37.2,37.2,319
2026-04-28T13:30:00+00:00,37.35,37.45,36.92,37.44,102389
2026-04-28T13:35:00+00:00,37.39,37.66,37.36,37.6,64777
2026-04-28T13:40:00+00:00,37.61,37.96,37.6,37.9,68093
2026-04-28T13:45:00+00:00,37.88,37.94,37.8,37.82,44349
2026-04-28T13:50:00+00:00,37.81,37.81,37.56,37.6,25352
2026-04-28T13:55:00+00:00,37.6,37.71,37.45,37.71,25025
2026-04-28T14:00:00+00:00,37.68,37.68,37.46,37.46,13511
2026-04-28T14:05:00+00:00,37.49,37.57,37.46,37.46,10884
2026-04-28T14:10:00+00:00,37.46,37.5,37.43,37.45,15738
2026-04-28T14:15:00+00:00,37.44,37.54,37.33,37.45,33350
2026-04-28T14:20:00+00:00,37.46,37.49,37.36,37.36,49532
2026-04-28T14:25:00+00:00,37.36,37.41,37.24,37.25,83380
2026-04-28T14:30:00+00:00,37.24,37.26,37.1,37.16,89787
2026-04-28T14:35:00+00:00,37.14,37.14,36.83,36.89,59696
2026-04-28T14:40:00+00:00,36.9,37.01,36.78,37.0,25701
2026-04-28T14:45:00+00:00,37.01,37.045,36.83,36.83,28031
2026-04-28T14:50:00+00:00,36.8,36.805,36.51,36.59,58451
2026-04-28T14:55:00+00:00,36.59,36.79,36.56,36.79,13070
2026-04-28T15:00:00+00:00,36.885,36.94,36.76,36.79,15857
2026-04-28T15:05:00+00:00,36.78,36.78,36.69,36.7,4195
2026-04-28T15:10:00+00:00,36.75,36.889,36.7,36.889,5275
2026-04-28T15:15:00+00:00,36.89,36.95,36.87,36.92,7880
2026-04-28T15:20:00+00:00,36.97,37.0,36.9,36.93,7115
2026-04-28T15:25:00+00:00,36.88,36.88,36.8,36.8,2103
2026-04-28T15:30:00+00:00,36.84,36.84,36.71,36.72,3943
2026-04-28T15:35:00+00:00,36.78,36.87,36.76,36.83,3839
2026-04-28T15:40:00+00:00,36.83,36.84,36.77,36.77,3290
2026-04-28T15:45:00+00:00,36.82,36.83,36.75,36.75,2375
2026-04-28T15:50:00+00:00,36.78,36.84,36.76,36.84,9144
2026-04-28T15:55:00+00:00,36.84,36.88,36.84,36.88,321
2026-04-28T16:00:00+00:00,36.88,36.94,36.86,36.94,7637
2026-04-28T16:05:00+00:00,36.93,36.98,36.93,36.95,5273
2026-04-28T16:10:00+00:00,36.95,36.95,36.92,36.95,5646
2026-04-28T16:15:00+00:00,36.92,36.92,36.89,36.89,921
2026-04-28T16:20:00+00:00,36.91,36.91,36.88,36.89,1165
2026-04-28T16:25:00+00:00,36.89,36.89,36.86,36.88,605
2026-04-28T16:30:00+00:00,36.88,36.88,36.75,36.75,5028
2026-04-28T16:35:00+00:00,36.74,36.809,36.74,36.8,1632
2026-04-28T16:40:00+00:00,36.815,36.815,36.75,36.75,577
2026-04-28T16:45:00+00:00,36.75,36.86,36.75,36.84,355
2026-04-28T16:50:00+00:00,36.89,37.0,36.85,37.0,6893
2026-04-28T16:55:00+00:00,36.99,37.025,36.99,37.02,1251
2026-04-28T17:00:00+00:00,37.04,37.04,37.0,37.0,2395
2026-04-28T17:05:00+00:00,37.0,37.0,36.97,36.97,755
2026-04-28T17:10:00+00:00,36.96,37.02,36.96,37.02,1830
2026-04-28T17:15:00+00:00,37.01,37.01,36.95,36.95,2752
2026-04-28T17:20:00+00:00,36.94,37.0,36.94,37.0,2958
2026-04-28T17:25:00+00:00,37.0,37.08,37.0,37.08,2668
2026-04-28T17:30:00+00:00,37.089,37.14,37.089,37.14,5879
2026-04-28T17:35:00+00:00,37.19,37.25,37.19,37.25,2081
2026-04-28T17:40:00+00:00,37.26,37.32,37.26,37.26,2435
2026-04-28T17:45:00+00:00,37.3,37.34,37.27,37.29,5213
2026-04-28T17:50:00+00:00,37.289,37.375,37.27,37.37,6719
2026-04-28T17:55:00+00:00,37.37,37.385,37.36,37.38,1681
2026-04-28T18:00:00+00:00,37.375,37.409,37.35,37.35,8222
2026-04-28T18:05:00+00:00,37.34,37.35,37.32,37.35,4371
2026-04-28T18:10:00+00:00,37.349,37.38,37.33,37.38,4176
2026-04-28T18:15:00+00:00,37.38,37.44,37.38,37.44,2188
2026-04-28T18:20:00+00:00,37.44,37.55,37.44,37.55,11492
2026-04-28T18:25:00+00:00,37.56,37.58,37.53,37.53,11533
2026-04-28T18:30:00+00:00,37.53,37.53,37.48,37.49,4631
2026-04-28T18:35:00+00:00,37.479,37.479,37.46,37.47,2612
2026-04-28T18:40:00+00:00,37.47,37.52,37.47,37.51,6983
2026-04-28T18:45:00+00:00,37.51,37.55,37.51,37.55,2052
2026-04-28T18:50:00+00:00,37.53,37.545,37.53,37.545,1321
2026-04-28T18:55:00+00:00,37.53,37.53,37.5,37.5,4328
2026-04-28T19:00:00+00:00,37.49,37.589,37.49,37.589,3981
2026-04-28T19:05:00+00:00,37.6,37.64,37.6,37.629,4713
2026-04-28T19:10:00+00:00,37.62,37.62,37.56,37.58,7635
2026-04-28T19:15:00+00:00,37.56,37.565,37.46,37.47,27630
2026-04-28T19:20:00+00:00,37.46,37.52,37.43,37.48,6383
2026-04-28T19:25:00+00:00,37.48,37.5,37.48,37.495,14304
2026-04-28T19:30:00+00:00,37.49,37.495,37.45,37.47,18395
2026-04-28T19:35:00+00:00,37.47,37.47,37.44,37.45,9061
2026-04-28T19:40:00+00:00,37.45,37.48,37.45,37.46,16701
2026-04-28T19:45:00+00:00,37.46,37.47,37.43,37.45,20169
2026-04-28T19:50:00+00:00,37.46,37.46,37.33,37.35,33518
2026-04-28T19:55:00+00:00,37.34,37.4,37.33,37.39,34645
2026-04-28T20:00:00+00:00,37.39,37.39,37.39,37.39,0
2026-04-28T20:05:00+00:00,37.35,37.85,37.35,37.85,706
2026-04-28T20:10:00+00:00,37.94,38.0,37.92,38.0,1069
2026-04-28T20:15:00+00:00,38.0,38.0,38.0,38.0,212
2026-04-28T20:20:00+00:00,38.0,38.22,38.0,38.21,4118
2026-04-28T20:25:00+00:00,38.18,38.23,38.18,38.23,852
2026-04-28T20:30:00+00:00,38.23,38.23,38.23,38.23,92
2026-04-28T20:35:00+00:00,38.26,38.26,38.16,38.16,667
2026-04-28T20:40:00+00:00,38.16,38.16,38.16,38.16,78
2026-04-28T20:45:00+00:00,38.16,38.16,38.16,38.16,0
2026-04-28T20:50:00+00:00,38.16,38.16,38.16,38.16,180
2026-04-28T20:55:00+00:00,38.16,38.16,38.16,38.16,312
2026-04-28T21:00:00+00:00,38.26,38.26,38.26,38.26,202
2026-04-28T21:05:00+00:00,38.12,38.32,38.12,38.3,52251
2026-04-28T21:10:00+00:00,38.29,38.3,38.29,38.3,5790
2026-04-28T21:15:00+00:00,38.3,38.3,38.29,38.3,14420
2026-04-28T21:20:00+00:00,38.3,38.3,38.2,38.27,4934
2026-04-28T21:25:00+00:00,38.27,38.49,38.27,38.49,16112
2026-04-28T21:30:00+00:00,38.41,38.41,38.36,38.36,1989
2026-04-28T21:35:00+00:00,38.36,38.36,38.36,38.36,212
2026-04-28T21:40:00+00:00,38.36,38.36,38.36,38.36,2
2026-04-28T21:45:00+00:00,38.36,38.36,38.36,38.36,0
2026-04-28T21:50:00+00:00,38.36,38.36,38.36,38.36,23
2026-04-28T21:55:00+00:00,38.36,38.36,38.36,38.36,91
2026-04-28T22:00:00+00:00,38.36,38.36,38.36,38.36,2
2026-04-28T22:05:00+00:00,38.36,38.36,38.36,38.36,0
2026-04-28T22:10:00+00:00,38.36,38.36,38.36,38.36,19
2026-04-28T22:15:00+00:00,38.36,38.36,38.36,38.36,0
2026-04-28T22:20:00+00:00,38.36,38.36,38.36,38.36,17
2026-04-28T22:25:00+00:00,38.36,38.36,38.27,38.27,489
2026-04-28T22:30:00+00:00,38.27,38.27,38.24,38.26,4372
2026-04-28T22:35:00+00:00,38.26,38.26,38.26,38.26,1
2026-04-28T22:40:00+00:00,38.26,38.26,38.26,38.26,66
2026-04-28T22:45:00+00:00,38.33,38.34,38.33,38.34,486
2026-04-28T22:50:00+00:00,38.34,38.36,38.34,38.35,523
2026-04-28T22:55:00+00:00,38.35,38.35,38.35,38.35,0
2026-04-28T23:00:00+00:00,38.33,38.33,38.33,38.33,172
2026-04-28T23:05:00+00:00,38.33,38.33,38.25,38.28,1020
2026-04-28T23:10:00+00:00,38.28,38.28,38.28,38.28,907
2026-04-28T23:15:00+00:00,38.28,38.35,38.28,38.35,271
2026-04-28T23:20:00+00:00,38.45,38.45,38.45,38.45,461
2026-04-28T23:25:00+00:00,38.46,38.46,38.46,38.46,2600
2026-04-28T23:30:00+00:00,38.46,38.46,38.46,38.46,0
2026-04-28T23:35:00+00:00,38.46,38.46,38.46,38.46,7
2026-04-28T23:40:00+00:00,38.5,38.53,38.5,38.53,236
2026-04-28T23:45:00+00:00,38.55,38.55,38.55,38.55,200
2026-04-28T23:50:00+00:00,38.55,38.55,38.46,38.46,320
2026-04-28T23:55:00+00:00,38.46,38.46,38.46,38.46,0
2026-04-29T08:00:00+00:00,38.69,38.82,38.69,38.73,642
2026-04-29T08:05:00+00:00,38.73,38.73,38.56,38.56,737
2026-04-29T08:10:00+00:00,38.66,38.69,38.66,38.69,310
2026-04-29T08:15:00+00:00,38.55,38.62,38.55,38.62,963
2026-04-29T08:20:00+00:00,38.62,38.66,38.62,38.66,1362
2026-04-29T08:25:00+00:00,38.69,38.75,38.69,38.75,6516
2026-04-29T08:30:00+00:00,38.78,38.8,38.71,38.71,864
2026-04-29T08:35:00+00:00,38.71,38.71,38.67,38.68,427
2026-04-29T08:40:00+00:00,38.68,38.7,38.68,38.7,175
2026-04-29T08:45:00+00:00,38.7,38.75,38.7,38.74,1027
2026-04-29T08:50:00+00:00,38.73,38.73,38.73,38.73,620
2026-04-29T08:55:00+00:00,38.73,38.73,38.73,38.73,15
2026-04-29T09:00:00+00:00,38.75,38.75,38.75,38.75,203
2026-04-29T09:05:00+00:00,38.74,38.78,38.74,38.78,1080
2026-04-29T09:10:00+00:00,38.8,38.8,38.76,38.76,225
2026-04-29T09:15:00+00:00,38.79,38.86,38.79,38.86,5196
2026-04-29T09:20:00+00:00,38.86,38.86,38.84,38.86,942
2026-04-29T09:25:00+00:00,38.85,38.86,38.85,38.86,1001
2026-04-29T09:30:00+00:00,38.86,38.86,38.86,38.86,16
2026-04-29T09:35:00+00:00,38.85,38.85,38.84,38.84,1495
2026-04-29T09:40:00+00:00,38.84,38.84,38.84,38.84,6
2026-04-29T09:45:00+00:00,38.75,38.75,38.75,38.75,256
2026-04-29T09:50:00+00:00,38.75,38.75,38.75,38.75,0
2026-04-29T09:55:00+00:00,38.69,38.69,38.66,38.68,1483
2026-04-29T10:00:00+00:00,38.68,38.69,38.68,38.69,434
2026-04-29T10:05:00+00:00,38.7,38.7,38.7,38.7,300
2026-04-29T10:10:00+00:00,38.7,38.7,38.7,38.7,161
2026-04-29T10:15:00+00:00,38.73,38.77,38.73,38.77,1869
2026-04-29T10:20:00+00:00,38.77,38.81,38.77,38.81,841
2026-04-29T10:25:00+00:00,38.81,38.9,38.81,38.9,950
2026-04-29T10:30:00+00:00,38.9,38.9,38.85,38.85,510
2026-04-29T10:35:00+00:00,38.85,38.85,38.85,38.85,32
2026-04-29T10:40:00+00:00,38.85,38.85,38.85,38.85,0
2026-04-29T10:45:00+00:00,38.85,38.85,38.81,38.82,1429
2026-04-29T10:50:00+00:00,38.83,38.83,38.83,38.83,735
2026-04-29T10:55:00+00:00,38.83,38.83,38.79,38.79,832
2026-04-29T11:00:00+00:00,38.81,38.96,38.79,38.94,10291
2026-04-29T11:05:00+00:00,38.92,38.96,38.92,38.95,1735
2026-04-29T11:10:00+00:00,38.97,38.97,38.95,38.95,458
2026-04-29T11:15:00+00:00,38.98,38.99,38.98,38.99,1019
2026-04-29T11:20:00+00:00,38.99,38.99,38.88,38.88,1342
2026-04-29T11:25:00+00:00,38.89,38.94,38.89,38.94,3297
2026-04-29T11:30:00+00:00,38.93,38.93,38.91,38.93,2377
2026-04-29T11:35:00+00:00,38.93,39.0,38.93,38.99,955
2026-04-29T11:40:00+00:00,38.99,38.99,38.99,38.99,232
2026-04-29T11:45:00+00:00,38.99,38.99,38.99,38.99,259
2026-04-29T11:50:00+00:00,39.02,39.03,39.02,39.02,749
2026-04-29T11:55:00+00:00,39.02,39.02,39.02,39.02,1082
2026-04-29T12:00:00+00:00,39.01,39.01,38.96,38.96,3007
2026-04-29T12:05:00+00:00,38.97,38.97,38.9,38.9,1761
2026-04-29T12:10:00+00:00,38.9,38.9,38.86,38.86,3757
2026-04-29T12:15:00+00:00,38.88,38.89,38.87,38.87,4075
2026-04-29T12:20:00+00:00,38.86,38.87,38.83,38.87,3904
2026-04-29T12:25:00+00:00,38.84,38.85,38.84,38.85,401
2026-04-29T12:30:00+00:00,38.8,38.8,38.71,38.71,904
2026-04-29T12:35:00+00:00,38.71,38.81,38.71,38.81,110
2026-04-29T12:40:00+00:00,38.82,38.87,38.82,38.84,1287
2026-04-29T12:45:00+00:00,38.84,38.84,38.77,38.77,454
2026-04-29T12:50:00+00:00,38.75,38.75,38.73,38.75,5862
2026-04-29T12:55:00+00:00,38.73,38.73,38.68,38.68,1447
2026-04-29T13:00:00+00:00,38.72,38.76,38.72,38.76,3613
2026-04-29T13:05:00+00:00,38.73,38.79,38.7,38.79,4123
2026-04-29T13:10:00+00:00,38.79,38.81,38.79,38.81,1996
2026-04-29T13:15:00+00:00,38.79,38.79,38.7,38.77,4111
2026-04-29T13:20:00+00:00,38.64,38.64,38.55,38.55,736
2026-04-29T13:25:00+00:00,38.55,38.68,38.55,38.68,1431
2026-04-29T13:30:00+00:00,38.61,38.725,38.47,38.67,73718
2026-04-29T13:35:00+00:00,38.64,38.995,38.57,38.85,63332
2026-04-29T13:40:00+00:00,38.86,38.98,38.8,38.84,32672
2026-04-29T13:45:00+00:00,38.78,38.78,38.38,38.4,29106
2026-04-29T13:50:00+00:00,38.41,38.63,38.37,38.59,19942
2026-04-29T13:55:00+00:00,38.58,38.78,38.58,38.67,80484
2026-04-29T14:00:00+00:00,38.68,38.77,38.63,38.67,49385
2026-04-29T14:05:00+00:00,38.68,38.71,38.43,38.49,43636
2026-04-29T14:10:00+00:00,38.5,38.56,38.42,38.5,34313
2026-04-29T14:15:00+00:00,38.5,38.67,38.5,38.56,15579
2026-04-29T14:20:00+00:00,38.64,38.76,38.63,38.76,14552
2026-04-29T14:25:00+00:00,38.749,38.829,38.73,38.73,12621
2026-04-29T14:30:00+00:00,38.72,38.859,38.67,38.84,23704
2026-04-29T14:35:00+00:00,38.82,38.9,38.81,38.895,24220
2026-04-29T14:40:00+00:00,38.89,38.89,38.77,38.78,20024
2026-04-29T14:45:00+00:00,38.8,38.87,38.79,38.84,4225
2026-04-29T14:50:00+00:00,38.84,38.92,38.83,38.91,4963
2026-04-29T14:55:00+00:00,38.91,38.91,38.8,38.83,19051
2026-04-29T15:00:00+00:00,38.84,38.89,38.74,38.74,29945
2026-04-29T15:05:00+00:00,38.71,38.75,38.63,38.63,11412
2026-04-29T15:10:00+00:00,38.62,38.649,38.53,38.59,10127
2026-04-29T15:15:00+00:00,38.555,38.63,38.55,38.61,3838
2026-04-29T15:20:00+00:00,38.615,38.66,38.595,38.6,8979
2026-04-29T15:25:00+00:00,38.6,38.63,38.55,38.62,3889
2026-04-29T15:30:00+00:00,38.62,38.715,38.62,38.69,3285
2026-04-29T15:35:00+00:00,38.71,38.71,38.65,38.69,2562
2026-04-29T15:40:00+00:00,38.675,38.7,38.65,38.67,2573
2026-04-29T15:45:00+00:00,38.65,38.71,38.62,38.65,4562
2026-04-29T15:50:00+00:00,38.64,38.64,38.32,38.36,50432
2026-04-29T15:55:00+00:00,38.35,38.5,38.35,38.48,23776
2026-04-29T16:00:00+00:00,38.48,38.5,38.46,38.5,7573
2026-04-29T16:05:00+00:00,38.51,38.59,38.49,38.59,9225
2026-04-29T16:10:00+00:00,38.54,38.54,38.45,38.46,1518
2026-04-29T16:15:00+00:00,38.46,38.46,38.3,38.3,2396
2026-04-29T16:20:00+00:00,38.28,38.35,38.26,38.35,12025
2026-04-29T16:25:00+00:00,38.35,38.35,38.27,38.3,2159
2026-04-29T16:30:00+00:00,38.25,38.26,38.19,38.23,4910
2026-04-29T16:35:00+00:00,38.22,38.24,38.15,38.24,7018
2026-04-29T16:40:00+00:00,38.26,38.29,38.24,38.26,2715
2026-04-29T16:45:00+00:00,38.26,38.27,38.2,38.23,19697
2026-04-29T16:50:00+00:00,38.19,38.26,38.19,38.19,6117
2026-04-29T16:55:00+00:00,38.17,38.17,38.09,38.09,9754
2026-04-29T17:00:00+00:00,38.09,38.09,38.03,38.06,6708
2026-04-29T17:05:00+00:00,38.06,38.18,38.06,38.14,2619
2026-04-29T17:10:00+00:00,38.125,38.16,38.08,38.1,7971
2026-04-29T17:15:00+00:00,38.1,38.16,38.09,38.14,1736
2026-04-29T17:20:00+00:00,38.12,38.15,38.1,38.1,4491
2026-04-29T17:25:00+00:00,38.1,38.1,37.98,38.03,18053
2026-04-29T17:30:00+00:00,38.03,38.04,38.0,38.03,7414
2026-04-29T17:35:00+00:00,38.05,38.06,38.0,38.02,2514
2026-04-29T17:40:00+00:00,38.01,38.03,37.96,38.01,1486
2026-04-29T17:45:00+00:00,38.03,38.09,38.01,38.07,13368
2026-04-29T17:50:00+00:00,38.1,38.14,38.08,38.115,3762
2026-04-29T17:55:00+00:00,38.12,38.14,38.11,38.13,3955
2026-04-29T18:00:00+00:00,38.15,38.16,38.0,38.0,4169
2026-04-29T18:05:00+00:00,38.03,38.1,38.02,38.02,12001
2026-04-29T18:10:00+00:00,38.03,38.04,37.99,38.04,4325
2026-04-29T18:15:00+00:00,38.03,38.11,38.03,38.08,5360
2026-04-29T18:20:00+00:00,38.09,38.14,38.09,38.14,1892
2026-04-29T18:25:00+00:00,38.19,38.19,38.12,38.12,1926
2026-04-29T18:30:00+00:00,38.11,38.11,38.03,38.04,3850
2026-04-29T18:35:00+00:00,38.05,38.2,38.045,38.07,6905
2026-04-29T18:40:00+00:00,38.03,38.03,37.94,37.94,4128
2026-04-29T18:45:00+00:00,37.91,38.09,37.87,38.07,11118
2026-04-29T18:50:00+00:00,38.12,38.19,38.12,38.16,1343
2026-04-29T18:55:00+00:00,38.19,38.31,38.19,38.3,3872
2026-04-29T19:00:00+00:00,38.3,38.3,38.27,38.28,3363
2026-04-29T19:05:00+00:00,38.27,38.29,38.22,38.26,8801
2026-04-29T19:10:00+00:00,38.26,38.32,38.26,38.32,4243
2026-04-29T19:15:00+00:00,38.34,38.375,38.25,38.25,2489
2026-04-29T19:20:00+00:00,38.2,38.2,38.1,38.2,4118
2026-04-29T19:25:00+00:00,38.21,38.24,38.21,38.22,8662
2026-04-29T19:30:00+00:00,38.22,38.22,38.139,38.16,1922
2026-04-29T19:35:00+00:00,38.16,38.16,38.12,38.16,1700
2026-04-29T19:40:00+00:00,38.13,38.15,38.12,38.13,7071
2026-04-29T19:45:00+00:00,38.13,38.14,38.08,38.11,3542
2026-04-29T19:50:00+00:00,38.09,38.2,38.05,38.19,13581
2026-04-29T19:55:00+00:00,38.19,38.2,38.115,38.14,16000
2026-04-29T20:00:00+00:00,38.69,38.69,38.2,38.2,599
2026-04-29T20:05:00+00:00,38.2,38.2,38.13,38.13,103
2026-04-29T20:10:00+00:00,38.13,38.13,37.99,37.99,1155
2026-04-29T20:15:00+00:00,37.82,37.88,37.82,37.88,324
2026-04-29T20:20:00+00:00,37.81,38.14,37.81,38.14,1320
2026-04-29T20:25:00+00:00,38.14,38.14,38.14,38.14,6
2026-04-29T20:30:00+00:00,38.14,38.14,38.14,38.14,26
2026-04-29T20:35:00+00:00,38.14,38.14,38.14,38.14,9
2026-04-29T20:40:00+00:00,38.14,38.14,38.14,38.14,1
2026-04-29T20:45:00+00:00,38.14,38.14,38.14,38.14,0
2026-04-29T20:50:00+00:00,38.15,38.15,38.14,38.14,1438
2026-04-29T20:55:00+00:00,38.14,38.14,38.14,38.14,186
2026-04-29T21:00:00+00:00,38.14,38.14,38.14,38.14,93
2026-04-29T21:05:00+00:00,38.14,38.14,38.14,38.14,3
2026-04-29T21:10:00+00:00,38.14,38.14,38.14,38.14,0
2026-04-29T21:15:00+00:00,38.14,38.14,38.14,38.14,0
2026-04-29T21:20:00+00:00,38.14,38.14,38.14,38.14,0
2026-04-29T21:25:00+00:00,38.14,38.14,38.14,38.14,4
2026-04-29T21:30:00+00:00,38.25,38.25,38.25,38.25,575
2026-04-29T21:35:00+00:00,38.25,38.25,38.25,38.25,39
2026-04-29T21:40:00+00:00,38.34,38.34,38.34,38.34,800
2026-04-29T21:45:00+00:00,38.4,38.4,38.4,38.4,2000
2026-04-29T21:50:00+00:00,38.4,38.4,38.4,38.4,80
2026-04-29T21:55:00+00:00,38.4,38.4,38.4,38.4,0
2026-04-29T22:00:00+00:00,38.49,38.49,38.49,38.49,102
2026-04-29T22:05:00+00:00,38.49,38.56,38.49,38.56,388
2026-04-29T22:10:00+00:00,38.56,38.72,38.56,38.72,800
2026-04-29T22:15:00+00:00,38.74,38.75,38.74,38.75,4217
2026-04-29T22:20:00+00:00,38.83,38.83,38.76,38.76,2157
2026-04-29T22:25:00+00:00,38.77,38.77,38.77,38.77,728
2026-04-29T22:30:00+00:00,38.77,38.85,38.77,38.85,1346
2026-04-29T22:35:00+00:00,38.85,38.85,38.84,38.84,141
2026-04-29T22:40:00+00:00,38.84,38.84,38.84,38.84,1648
2026-04-29T22:45:00+00:00,38.84,38.84,38.84,38.84,0
2026-04-29T22:50:00+00:00,38.84,38.84,38.84,38.84,20
2026-04-29T22:55:00+00:00,38.83,38.84,38.83,38.84,551
2026-04-29T23:00:00+00:00,38.84,38.84,38.83,38.83,1051
2026-04-29T23:05:00+00:00,38.83,38.9,38.83,38.9,170
2026-04-29T23:10:00+00:00,38.9,38.9,38.9,38.9,0
2026-04-29T23:15:00+00:00,38.95,38.95,38.95,38.95,548
2026-04-29T23:20:00+00:00,38.9,38.9,38.9,38.9,1573
2026-04-29T23:25:00+00:00,38.9,38.9,38.89,38.89,1266
2026-04-29T23:30:00+00:00,38.89,38.89,38.89,38.89,910
2026-04-29T23:35:00+00:00,38.89,38.89,38.87,38.87,481
2026-04-29T23:40:00+00:00,38.85,38.96,38.85,38.94,371
2026-04-29T23:45:00+00:00,38.92,39.0,38.92,38.99,2385
2026-04-29T23:50:00+00:00,38.99,39.06,38.99,39.06,3238
2026-04-29T23:55:00+00:00,38.99,39.6,38.99,39.44,25604
2026-04-30T08:00:00+00:00,39.21,39.21,39.21,39.21,228
2026-04-30T08:05:00+00:00,39.21,39.21,39.21,39.21,19
2026-04-30T08:10:00+00:00,38.58,38.7,38.58,38.7,635
2026-04-30T08:15:00+00:00,38.7,38.7,38.7,38.7,347
2026-04-30T08:20:00+00:00,38.6,38.6,38.6,38.6,497
2026-04-30T08:25:00+00:00,38.59,38.59,38.59,38.59,465
2026-04-30T08:30:00+00:00,38.59,38.63,38.59,38.63,1368
2026-04-30T08:35:00+00:00,38.63,38.84,38.63,38.84,700
2026-04-30T08:40:00+00:00,38.84,38.9,38.84,38.88,1029
2026-04-30T08:45:00+00:00,38.88,38.88,38.88,38.88,97
2026-04-30T08:50:00+00:00,38.77,38.77,38.77,38.77,101
2026-04-30T08:55:00+00:00,38.77,38.77,38.77,38.77,111
2026-04-30T09:00:00+00:00,38.77,38.77,38.77,38.77,4
2026-04-30T09:05:00+00:00,38.77,38.77,38.77,38.77,3
2026-04-30T09:10:00+00:00,38.7,38.7,38.67,38.67,1886
2026-04-30T09:15:00+00:00,38.67,38.69,38.67,38.67,2625
2026-04-30T09:20:00+00:00,38.67,38.67,38.65,38.65,328
2026-04-30T09:25:00+00:00,38.61,38.61,38.61,38.61,116
2026-04-30T09:30:00+00:00,38.61,38.61,38.61,38.61,137
2026-04-30T09:35:00+00:00,38.61,38.86,38.61,38.86,151
2026-04-30T09:40:00+00:00,38.86,38.86,38.8,38.8,441
2026-04-30T09:45:00+00:00,38.8,38.8,38.8,38.8,168
2026-04-30T09:50:00+00:00,38.8,38.8,38.69,38.69,132
2026-04-30T09:55:00+00:00,38.69,38.69,38.6,38.6,210
2026-04-30T10:00:00+00:00,38.6,38.6,38.6,38.6,37
2026-04-30T10:05:00+00:00,38.65,38.65,38.65,38.65,100
2026-04-30T10:10:00+00:00,38.65,38.65,38.65,38.65,118
2026-04-30T10:15:00+00:00,38.65,38.71,38.65,38.71,223
2026-04-30T10:20:00+00:00,38.71,38.71,38.71,38.71,1
2026-04-30T10:25:00+00:00,38.79,38.8,38.79,38.8,827
2026-04-30T10:30:00+00:00,38.8,38.81,38.8,38.81,297
2026-04-30T10:35:00+00:00,38.87,38.87,38.87,38.87,100
2026-04-30T10:40:00+00:00,38.82,38.85,38.82,38.85,226
2026-04-30T10:45:00+00:00,38.85,38.85,38.85,38.85,15
2026-04-30T10:50:00+00:00,38.78,38.79,38.78,38.79,292
2026-04-30T10:55:00+00:00,38.79,38.79,38.68,38.69,992
2026-04-30T11:00:00+00:00,38.82,38.83,38.8,38.83,1685
2026-04-30T11:05:00+00:00,38.8,38.8,38.8,38.8,159
2026-04-30T11:10:00+00:00,38.8,38.8,38.8,38.8,2310
2026-04-30T11:15:00+00:00,38.85,38.88,38.85,38.88,486
2026-04-30T11:20:00+00:00,38.96,38.96,38.96,38.96,300
2026-04-30T11:25:00+00:00,38.97,38.98,38.97,38.98,7303
2026-04-30T11:30:00+00:00,39.0,39.0,38.98,38.98,1907
2026-04-30T11:35:00+00:00,38.98,38.99,38.97,38.99,1002
2026-04-30T11:40:00+00:00,38.97,38.98,38.91,38.91,3265
2026-04-30T11:45:00+00:00,38.91,38.91,38.91,38.91,0
2026-04-30T11:50:00+00:00,38.96,38.98,38.96,38.97,1601
2026-04-30T11:55:00+00:00,38.97,38.97,38.93,38.93,844
2026-04-30T12:00:00+00:00,38.92,38.92,38.88,38.9,2062
2026-04-30T12:05:00+00:00,38.86,38.92,38.86,38.91,873
2026-04-30T12:10:00+00:00,38.91,38.91,38.91,38.91,43
2026-04-30T12:15:00+00:00,38.91,39.03,38.91,39.0,1528
2026-04-30T12:20:00+00:00,39.03,39.04,39.03,39.03,1082
2026-04-30T12:25:00+00:00,39.03,39.03,39.03,39.03,213
2026-04-30T12:30:00+00:00,39.03,39.03,39.0,39.0,356
2026-04-30T12:35:00+00:00,39.0,39.05,39.0,39.05,547
2026-04-30T12:40:00+00:00,39.08,39.19,39.08,39.14,4062
2026-04-30T12:45:00+00:00,39.12,39.12,39.12,39.12,928
2026-04-30T12:50:00+00:00,39.16,39.18,39.16,39.18,321
2026-04-30T12:55:00+00:00,39.18,39.18,39.14,39.179,784
2026-04-30T13:00:00+00:00,39.151,39.17,39.15,39.17,384
2026-04-30T13:05:00+00:00,39.179,39.179,39.12,39.141,11952
2026-04-30T13:10:00+00:00,39.15,39.17,39.081,39.081,3204
2026-04-30T13:15:00+00:00,39.081,39.18,39.081,39.18,2901
2026-04-30T13:20:00+00:00,39.26,39.27,39.18,39.18,3038
2026-04-30T13:25:00+00:00,39.23,39.23,39.14,39.16,1966
2026-04-30T13:30:00+00:00,39.13,39.18,38.9,39.03,34379
2026-04-30T13:35:00+00:00,39.035,39.04,38.78,38.89,29918
2026-04-30T13:40:00+00:00,38.89,38.98,38.81,38.95,19297
2026-04-30T13:45:00+00:00,38.92,39.0,38.8,38.98,22459
2026-04-30T13:50:00+00:00,39.04,39.1,38.84,38.84,15031
2026-04-30T13:55:00+00:00,38.84,38.85,38.68,38.74,13487
2026-04-30T14:00:00+00:00,38.7,38.81,38.69,38.8,8650
2026-04-30T14:05:00+00:00,38.76,38.76,38.38,38.405,83191
2026-04-30T14:10:00+00:00,38.4,38.6,38.27,38.59,68569
2026-04-30T14:15:00+00:00,38.53,38.54,38.36,38.465,14671
2026-04-30T14:20:00+00:00,38.54,38.68,38.46,38.6,8719
2026-04-30T14:25:00+00:00,38.57,38.59,38.47,38.47,5772
2026-04-30T14:30:00+00:00,38.46,38.61,38.4,38.4,10273
2026-04-30T14:35:00+00:00,38.425,38.48,38.21,38.21,26101
2026-04-30T14:40:00+00:00,38.23,38.44,38.23,38.415,8612
2026-04-30T14:45:00+00:00,38.43,38.61,38.4,38.53,6520
2026-04-30T14:50:00+00:00,38.51,38.63,38.505,38.61,2719
2026-04-30T14:55:00+00:00,38.66,38.67,38.57,38.57,3279
2026-04-30T15:00:00+00:00,38.63,38.67,38.49,38.51,8825
2026-04-30T15:05:00+00:00,38.48,38.6,38.47,38.6,2495
2026-04-30T15:10:00+00:00,38.6,38.635,38.44,38.54,8624
2026-04-30T15:15:00+00:00,38.535,38.62,38.48,38.61,7729
2026-04-30T15:20:00+00:00,38.65,38.67,38.6,38.66,8714
2026-04-30T15:25:00+00:00,38.65,38.78,38.64,38.73,5278
2026-04-30T15:30:00+00:00,38.72,38.85,38.72,38.83,10238
2026-04-30T15:35:00+00:00,38.79,38.82,38.73,38.74,11151
2026-04-30T15:40:00+00:00,38.75,38.76,38.71,38.71,6288
2026-04-30T15:45:00+00:00,38.7,38.7,38.62,38.68,14456
2026-04-30T15:50:00+00:00,38.68,38.82,38.68,38.8,2400
2026-04-30T15:55:00+00:00,38.8,38.81,38.7,38.7,10188
2026-04-30T16:00:00+00:00,38.7,38.7,38.59,38.65,5316
2026-04-30T16:05:00+00:00,38.65,38.69,38.65,38.68,2412
2026-04-30T16:10:00+00:00,38.68,38.77,38.67,38.76,8334
2026-04-30T16:15:00+00:00,38.76,38.76,38.69,38.72,2975
2026-04-30T16:20:00+00:00,38.76,38.779,38.72,38.75,5174
2026-04-30T16:25:00+00:00,38.73,38.77,38.68,38.76,4073
2026-04-30T16:30:00+00:00,38.78,38.785,38.76,38.77,1570
2026-04-30T16:35:00+00:00,38.79,38.83,38.79,38.82,5748
2026-04-30T16:40:00+00:00,38.84,38.84,38.8,38.8,3604
2026-04-30T16:45:00+00:00,38.8,38.8,38.7,38.72,2141
2026-04-30T16:50:00+00:00,38.72,38.73,38.63,38.63,5155
2026-04-30T16:55:00+00:00,38.63,38.64,38.58,38.605,5164
2026-04-30T17:00:00+00:00,38.62,38.725,38.62,38.71,2673
2026-04-30T17:05:00+00:00,38.71,38.73,38.7,38.73,1874
2026-04-30T17:10:00+00:00,38.7,38.75,38.69,38.75,2516
2026-04-30T17:15:00+00:00,38.75,38.75,38.7,38.7,681
2026-04-30T17:20:00+00:00,38.7,38.74,38.7,38.74,2045
2026-04-30T17:25:00+00:00,38.779,38.779,38.73,38.73,2170
2026-04-30T17:30:00+00:00,38.82,38.85,38.77,38.77,4119
2026-04-30T17:35:00+00:00,38.79,38.83,38.79,38.82,4470
2026-04-30T17:40:00+00:00,38.83,38.83,38.8,38.82,3938
2026-04-30T17:45:00+00:00,38.82,38.9,38.82,38.88,5517
2026-04-30T17:50:00+00:00,38.85,38.9,38.81,38.89,1993
2026-04-30T17:55:00+00:00,38.91,38.96,38.91,38.96,1560
2026-04-30T18:00:00+00:00,38.95,38.98,38.92,38.97,10003
2026-04-30T18:05:00+00:00,38.99,39.04,38.98,39.03,3560
2026-04-30T18:10:00+00:00,39.0,39.03,38.98,39.03,3059
2026-04-30T18:15:00+00:00,39.06,39.14,39.06,39.09,10215
2026-04-30T18:20:00+00:00,39.09,39.09,39.055,39.07,10938
2026-04-30T18:25:00+00:00,39.06,39.08,39.045,39.05,10336
2026-04-30T18:30:00+00:00,39.05,39.1,39.05,39.1,7831
2026-04-30T18:35:00+00:00,39.1,39.14,39.1,39.12,7276
2026-04-30T18:40:00+00:00,39.09,39.09,39.03,39.04,9109
2026-04-30T18:45:00+00:00,39.02,39.03,38.98,38.98,6764
2026-04-30T18:50:00+00:00,38.98,39.06,38.98,39.06,2027
2026-04-30T18:55:00+00:00,39.08,39.08,39.04,39.05,5893
2026-04-30T19:00:00+00:00,39.05,39.11,39.04,39.05,4689
2026-04-30T19:05:00+00:00,39.06,39.14,39.06,39.14,5078
2026-04-30T19:10:00+00:00,39.16,39.2,39.16,39.2,5959
2026-04-30T19:15:00+00:00,39.2,39.22,39.19,39.22,41091
2026-04-30T19:20:00+00:00,39.22,39.23,39.19,39.23,4127
2026-04-30T19:25:00+00:00,39.24,39.25,39.19,39.19,2494
2026-04-30T19:30:00+00:00,39.15,39.24,39.14,39.21,4997
2026-04-30T19:35:00+00:00,39.22,39.23,39.2,39.23,5323
2026-04-30T19:40:00+00:00,39.21,39.28,39.15,39.27,9163
2026-04-30T19:45:00+00:00,39.29,39.38,39.29,39.38,7522
2026-04-30T19:50:00+00:00,39.38,39.38,39.25,39.35,11575
2026-04-30T19:55:00+00:00,39.36,39.42,39.22,39.22,41220
2026-04-30T20:00:00+00:00,39.33,39.35,39.25,39.28,1017
2026-04-30T20:05:00+00:00,39.28,39.28,38.74,39.2,3311
2026-04-30T20:10:00+00:00,39.2,39.2,38.85,38.85,402
2026-04-30T20:15:00+00:00,38.85,38.85,38.61,38.7,3644
2026-04-30T20:20:00+00:00,38.7,38.75,38.7,38.75,2030
2026-04-30T20:25:00+00:00,38.75,39.0,38.75,39.0,2793
2026-04-30T20:30:00+00:00,38.76,38.76,38.6,38.6,1775
2026-04-30T20:35:00+00:00,38.58,38.58,38.3,38.3,4316
2026-04-30T20:40:00+00:00,38.21,38.48,38.21,38.48,643
2026-04-30T20:45:00+00:00,38.4,38.65,38.4,38.62,3962
2026-04-30T20:50:00+00:00,38.62,38.69,38.62,38.69,550
2026-04-30T20:55:00+00:00,38.66,38.67,38.66,38.66,1147
2026-04-30T21:00:00+00:00,38.66,38.74,38.55,38.55,2423
2026-04-30T21:05:00+00:00,38.55,38.55,38.55,38.55,194
2026-04-30T21:10:00+00:00,38.45,38.47,38.41,38.47,548
2026-04-30T21:15:00+00:00,38.41,38.41,38.41,38.41,256
2026-04-30T21:20:00+00:00,38.42,38.46,38.42,38.46,1042
2026-04-30T21:25:00+00:00,38.46,38.46,38.4,38.4,1807
2026-04-30T21:30:00+00:00,38.37,38.37,38.34,38.34,202
2026-04-30T21:35:00+00:00,38.34,38.34,38.34,38.34,25
2026-04-30T21:40:00+00:00,38.34,38.34,38.34,38.34,0
2026-04-30T21:45:00+00:00,38.34,38.44,38.34,38.44,181
2026-04-30T21:50:00+00:00,38.44,38.44,38.41,38.42,1911
2026-04-30T21:55:00+00:00,38.42,38.42,38.42,38.42,63
2026-04-30T22:00:00+00:00,38.42,38.42,38.41,38.41,149
2026-04-30T22:05:00+00:00,38.41,38.43,38.4,38.43,863
2026-04-30T22:10:00+00:00,38.43,38.43,38.43,38.43,84
2026-04-30T22:15:00+00:00,38.43,38.43,38.43,38.43,13
2026-04-30T22:20:00+00:00,38.43,38.43,38.39,38.39,286
2026-04-30T22:25:00+00:00,38.39,38.39,38.39,38.39,84
2026-04-30T22:30:00+00:00,38.39,38.39,38.39,38.39,2
2026-04-30T22:35:00+00:00,38.32,38.33,38.3,38.3,1000
2026-04-30T22:40:00+00:00,38.3,38.3,38.2,38.2,622
2026-04-30T22:45:00+00:00,38.2,38.2,38.2,38.2,887
2026-04-30T22:50:00+00:00,38.2,38.2,38.2,38.2,1205
2026-04-30T22:55:00+00:00,38.2,38.2,38.2,38.2,83
2026-04-30T23:00:00+00:00,38.2,38.2,38.2,38.2,49
2026-04-30T23:05:00+00:00,38.2,38.2,38.2,38.2,95
2026-04-30T23:10:00+00:00,38.2,38.3,38.2,38.3,935
2026-04-30T23:15:00+00:00,38.3,38.45,38.3,38.45,305
2026-04-30T23:20:00+00:00,38.5,38.5,38.5,38.5,155
2026-04-30T23:25:00+00:00,38.5,38.5,38.5,38.5,15
2026-04-30T23:30:00+00:00,38.5,38.65,38.5,38.65,184
2026-04-30T23:35:00+00:00,38.65,38.65,38.65,38.65,50
2026-04-30T23:40:00+00:00,38.65,38.65,38.6,38.6,278
2026-04-30T23:45:00+00:00,38.6,38.6,38.55,38.55,455
2026-04-30T23:50:00+00:00,38.55,38.56,38.55,38.55,352
2026-04-30T23:55:00+00:00,38.55,38.55,38.55,38.55,10
2026-05-01T08:00:00+00:00,38.54,38.74,38.5,38.68,1380
2026-05-01T08:05:00+00:00,38.62,38.73,38.5,38.66,708
2026-05-01T08:10:00+00:00,38.69,38.69,38.69,38.69,2
2026-05-01T08:15:00+00:00,38.7,38.7,38.7,38.7,7
2026-05-01T08:20:00+00:00,38.72,38.723,38.72,38.723,37
2026-05-01T08:25:00+00:00,38.723,38.73,38.72,38.72,29
2026-05-01T08:30:00+00:00,38.72,38.74,38.68,38.68,82
2026-05-01T08:35:00+00:00,38.66,38.66,38.62,38.62,26
2026-05-01T08:40:00+00:00,38.66,38.7,38.62,38.65,591
2026-05-01T08:45:00+00:00,38.62,38.62,38.57,38.57,82
2026-05-01T08:50:00+00:00,38.55,38.55,38.516,38.516,140
2026-05-01T08:55:00+00:00,38.54,38.55,38.54,38.54,97
2026-05-01T09:00:00+00:00,38.54,38.56,38.54,38.54,88
2026-05-01T09:05:00+00:00,38.54,38.54,38.5,38.5,27
2026-05-01T09:10:00+00:00,38.5,38.5,38.41,38.44,278
2026-05-01T09:15:00+00:00,38.44,38.46,38.44,38.46,37
2026-05-01T09:20:00+00:00,38.46,38.564,38.46,38.54,381
2026-05-01T09:25:00+00:00,38.55,38.6,38.55,38.6,192
2026-05-01T09:30:00+00:00,38.6,38.614,38.59,38.614,228
2026-05-01T09:35:00+00:00,38.543,38.543,38.543,38.543,10
2026-05-01T09:40:00+00:00,38.58,38.58,38.55,38.55,663
2026-05-01T09:45:00+00:00,38.54,38.62,38.506,38.62,346
2026-05-01T09:50:00+00:00,38.649,38.649,38.52,38.6,139
2026-05-01T09:55:00+00:00,38.63,38.65,38.605,38.61,337
2026-05-01T10:00:00+00:00,38.61,38.61,38.6,38.6,680
2026-05-01T10:05:00+00:00,38.595,38.595,38.58,38.58,6
2026-05-01T10:10:00+00:00,38.51,38.52,38.5,38.52,202
2026-05-01T10:15:00+00:00,38.56,38.69,38.56,38.69,2894
2026-05-01T10:20:00+00:00,38.69,38.7,38.69,38.7,136
2026-05-01T10:25:00+00:00,38.66,38.73,38.65,38.65,755
2026-05-01T10:30:00+00:00,38.65,38.65,38.63,38.63,97
2026-05-01T10:35:00+00:00,38.63,38.63,38.62,38.62,169
2026-05-01T10:40:00+00:00,38.6,38.64,38.6,38.64,11
2026-05-01T10:45:00+00:00,38.65,38.65,38.64,38.64,160
2026-05-01T10:50:00+00:00,38.66,38.66,38.66,38.66,5
2026-05-01T10:55:00+00:00,38.68,38.69,38.67,38.69,846
2026-05-01T11:00:00+00:00,38.67,38.74,38.6,38.619,7658
2026-05-01T11:05:00+00:00,38.649,38.66,38.55,38.6,2827
2026-05-01T11:10:00+00:00,38.59,38.59,38.55,38.57,1639
2026-05-01T11:15:00+00:00,38.57,38.59,38.55,38.57,616
2026-05-01T11:20:00+00:00,38.59,38.65,38.57,38.57,635
2026-05-01T11:25:00+00:00,38.57,38.6,38.53,38.55,2354
2026-05-01T11:30:00+00:00,38.54,38.62,38.48,38.51,2931
2026-05-01T11:35:00+00:00,38.519,38.52,38.46,38.49,3861
2026-05-01T11:40:00+00:00,38.5,38.5,38.46,38.46,4053
2026-05-01T11:45:00+00:00,38.462,38.52,38.46,38.49,1629
2026-05-01T11:50:00+00:00,38.62,38.62,38.49,38.591,711
2026-05-01T11:55:00+00:00,38.6,38.6,38.521,38.538,3882
2026-05-01T12:00:00+00:00,38.53,38.53,38.52,38.53,1748
2026-05-01T12:05:00+00:00,38.527,38.54,38.495,38.495,1797
2026-05-01T12:10:00+00:00,38.517,38.644,38.49,38.644,588
2026-05-01T12:15:00+00:00,38.65,38.65,38.54,38.65,1388
2026-05-01T12:20:00+00:00,38.66,38.73,38.66,38.69,2437
2026-05-01T12:25:00+00:00,38.662,38.96,38.66,38.886,7257
2026-05-01T12:30:00+00:00,38.784,38.9,38.78,38.88,9065
2026-05-01T12:35:00+00:00,38.94,38.94,38.809,38.809,5110
2026-05-01T12:40:00+00:00,38.84,38.84,38.6,38.69,6635
2026-05-01T12:45:00+00:00,38.676,38.79,38.676,38.78,653
2026-05-01T12:50:00+00:00,38.75,38.82,38.731,38.74,5485
2026-05-01T12:55:00+00:00,38.75,38.78,38.66,38.68,4148
2026-05-01T13:00:00+00:00,38.68,38.73,38.664,38.726,1896
2026-05-01T13:05:00+00:00,38.79,38.79,38.7,38.73,1045
2026-05-01T13:10:00+00:00,38.73,38.78,38.73,38.74,4343
2026-05-01T13:15:00+00:00,38.75,38.79,38.6,38.79,2102
2026-05-01T13:20:00+00:00,38.703,38.79,38.65,38.739,732
2026-05-01T13:25:00+00:00,38.83,38.86,38.79,38.86,2241
2026-05-01T13:30:00+00:00,38.9,39.25,38.75,39.07,118186
2026-05-01T13:35:00+00:00,39.095,39.48,39.052,39.439,152809
2026-05-01T13:40:00+00:00,39.43,39.92,39.43,39.92,187633
2026-05-01T13:45:00+00:00,39.91,39.99,39.73,39.95,290192
2026-05-01T13:50:00+00:00,39.95,40.17,39.92,40.115,213141
2026-05-01T13:55:00+00:00,40.12,40.58,40.115,40.58,238435
2026-05-01T14:00:00+00:00,40.61,40.8,40.485,40.774,301933
2026-05-01T14:05:00+00:00,40.78,40.78,40.55,40.65,156577
2026-05-01T14:10:00+00:00,40.65,40.72,40.52,40.625,273532
2026-05-01T14:15:00+00:00,40.63,40.7,40.45,40.48,128481
2026-05-01T14:20:00+00:00,40.48,40.66,40.41,40.555,102520
2026-05-01T14:25:00+00:00,40.555,40.59,40.44,40.44,78877
2026-05-01T14:30:00+00:00,40.43,40.44,40.1,40.153,130020
2026-05-01T14:35:00+00:00,40.12,40.21,39.93,40.138,416163
2026-05-01T14:40:00+00:00,40.125,40.34,40.08,40.185,367638
2026-05-01T14:45:00+00:00,40.18,40.28,40.15,40.16,168164
2026-05-01T14:50:00+00:00,40.14,40.14,39.922,40.04,108367
2026-05-01T14:55:00+00:00,40.02,40.12,39.72,39.86,66350
2026-05-01T15:00:00+00:00,39.855,39.855,39.66,39.84,96640
2026-05-01T15:05:00+00:00,39.815,39.9,39.73,39.87,39242
2026-05-01T15:10:00+00:00,39.87,40.05,39.8,39.96,113289
2026-05-01T15:15:00+00:00,39.98,40.1,39.96,40.07,114116
2026-05-01T15:20:00+00:00,40.07,40.17,40.04,40.063,97788
2026-05-01T15:25:00+00:00,40.06,40.11,39.99,39.99,49485
2026-05-01T15:30:00+00:00,39.99,40.1,39.97,40.06,44709
2026-05-01T15:35:00+00:00,40.06,40.13,40.02,40.12,51689
2026-05-01T15:40:00+00:00,40.11,40.16,39.995,40.055,37730
2026-05-01T15:45:00+00:00,40.045,40.07,39.975,40.051,30402
2026-05-01T15:50:00+00:00,40.06,40.11,39.88,40.11,49526
2026-05-01T15:55:00+00:00,40.16,40.17,40.06,40.13,49764
2026-05-01T16:00:00+00:00,40.12,40.18,40.1,40.1,40825
2026-05-01T16:05:00+00:00,40.11,40.14,40.075,40.09,26181
2026-05-01T16:10:00+00:00,40.04,40.139,40.03,40.04,24742
2026-05-01T16:15:00+00:00,40.03,40.12,40.025,40.07,42031
2026-05-01T16:20:00+00:00,40.07,40.105,39.93,40.022,38452
2026-05-01T16:25:00+00:00,40.03,40.04,39.95,39.975,19893
2026-05-01T16:30:00+00:00,39.955,40.054,39.95,40.0,24157
2026-05-01T16:35:00+00:00,40.015,40.121,40.0,40.12,48357
2026-05-01T16:40:00+00:00,40.11,40.15,40.068,40.12,31560
2026-05-01T16:45:00+00:00,40.11,40.14,40.08,40.13,24219
2026-05-01T16:50:00+00:00,40.13,40.15,40.07,40.09,21538
2026-05-01T16:55:00+00:00,40.09,40.134,40.02,40.02,44035
2026-05-01T17:00:00+00:00,40.02,40.07,39.98,40.035,28819
2026-05-01T17:05:00+00:00,40.035,40.05,39.935,39.995,63577
2026-05-01T17:10:00+00:00,40.0,40.03,39.96,40.03,20580
2026-05-01T17:15:00+00:00,40.038,40.085,40.01,40.085,26567
2026-05-01T17:20:00+00:00,40.08,40.09,40.05,40.08,23681
2026-05-01T17:25:00+00:00,40.05,40.08,40.02,40.055,20131
2026-05-01T17:30:00+00:00,40.07,40.07,40.01,40.025,16481
2026-05-01T17:35:00+00:00,40.025,40.03,39.98,39.98,30106
2026-05-01T17:40:00+00:00,40.0,40.06,40.0,40.06,12599
2026-05-01T17:45:00+00:00,40.07,40.16,40.055,40.15,38511
2026-05-01T17:50:00+00:00,40.14,40.18,40.13,40.15,38180
2026-05-01T17:55:00+00:00,40.145,40.2,40.145,40.175,40124
2026-05-01T18:00:00+00:00,40.17,40.215,40.119,40.12,14809
2026-05-01T18:05:00+00:00,40.12,40.271,40.1,40.259,15693
2026-05-01T18:10:00+00:00,40.25,40.26,40.18,40.19,19562
2026-05-01T18:15:00+00:00,40.199,40.28,40.175,40.25,12482
2026-05-01T18:20:00+00:00,40.25,40.36,40.25,40.36,59791
2026-05-01T18:25:00+00:00,40.355,40.38,40.3,40.34,105785
2026-05-01T18:30:00+00:00,40.34,40.45,40.3,40.418,50947
2026-05-01T18:35:00+00:00,40.4,40.418,40.31,40.35,53465
2026-05-01T18:40:00+00:00,40.335,40.35,40.264,40.28,38612
2026-05-01T18:45:00+00:00,40.27,40.28,40.105,40.179,77032
2026-05-01T18:50:00+00:00,40.172,40.22,40.15,40.22,226674
2026-05-01T18:55:00+00:00,40.23,40.301,40.23,40.29,39589
2026-05-01T19:00:00+00:00,40.29,40.34,40.24,40.28,39068
2026-05-01T19:05:00+00:00,40.29,40.31,40.245,40.3,26607
2026-05-01T19:10:00+00:00,40.296,40.4,40.28,40.355,19927
2026-05-01T19:15:00+00:00,40.35,40.38,40.31,40.36,51797
2026-05-01T19:20:00+00:00,40.36,40.4,40.34,40.38,23663
2026-05-01T19:25:00+00:00,40.4,40.44,40.4,40.405,52799
2026-05-01T19:30:00+00:00,40.4,40.4,40.32,40.39,78998
2026-05-01T19:35:00+00:00,40.39,40.41,40.355,40.36,25203
2026-05-01T19:40:00+00:00,40.36,40.43,40.35,40.42,82009
2026-05-01T19:45:00+00:00,40.41,40.41,40.35,40.4,48683
2026-05-01T19:50:00+00:00,40.41,40.48,40.31,40.43,259548
2026-05-01T19:55:00+00:00,40.425,40.565,40.41,40.41,285310
2026-05-01T20:00:00+00:00,40.55,40.58,40.41,40.41,4538
2026-05-01T20:05:00+00:00,40.531,40.6,40.51,40.6,2615
2026-05-01T20:10:00+00:00,40.41,40.6,40.41,40.56,1585
2026-05-01T20:15:00+00:00,40.56,40.6,40.45,40.46,1899
2026-05-01T20:20:00+00:00,40.6,40.6,40.5,40.5,410
2026-05-01T20:25:00+00:00,40.5,40.6,40.49,40.545,3217
2026-05-01T20:30:00+00:00,40.5,40.6,40.497,40.58,1236
2026-05-01T20:35:00+00:00,40.53,40.58,40.53,40.56,3016
2026-05-01T20:40:00+00:00,40.5,40.58,40.5,40.57,724
2026-05-01T20:45:00+00:00,40.57,40.6,40.5,40.58,2187
2026-05-01T20:50:00+00:00,40.58,40.6,40.58,40.6,836
2026-05-01T20:55:00+00:00,40.6,40.6,40.55,40.6,1029
2026-05-01T21:00:00+00:00,40.6,40.6,40.55,40.59,6539
2026-05-01T21:05:00+00:00,40.57,40.66,40.53,40.53,5603
2026-05-01T21:10:00+00:00,40.53,40.67,40.5,40.58,265
2026-05-01T21:15:00+00:00,40.585,40.67,40.58,40.6,380
2026-05-01T21:20:00+00:00,40.596,40.6,40.52,40.55,1072
2026-05-01T21:25:00+00:00,40.583,40.59,40.487,40.49,5278
2026-05-01T21:30:00+00:00,40.49,40.49,40.48,40.488,2228
2026-05-01T21:35:00+00:00,40.5,40.6,40.49,40.595,949
2026-05-01T21:40:00+00:00,40.6,40.6,40.56,40.59,777
2026-05-01T21:45:00+00:00,40.6,40.6,40.56,40.56,213
2026-05-01T21:50:00+00:00,40.593,40.6,40.58,40.6,2649
2026-05-01T21:55:00+00:00,40.6,40.6,40.513,40.6,621
2026-05-01T22:00:00+00:00,40.599,40.68,40.59,40.674,2275
2026-05-01T22:05:00+00:00,40.68,40.8,40.68,40.8,10703
2026-05-01T22:10:00+00:00,40.77,40.8,40.77,40.8,552
2026-05-01T22:15:00+00:00,40.8,40.9,40.8,40.8,22270
2026-05-01T22:20:00+00:00,40.92,40.92,40.709,40.8,638
2026-05-01T22:25:00+00:00,40.8,40.97,40.8,40.97,1899
2026-05-01T22:30:00+00:00,40.95,40.98,40.89,40.91,3138
2026-05-01T22:35:00+00:00,40.95,40.98,40.948,40.948,1713
2026-05-01T22:40:00+00:00,40.94,40.98,40.919,40.94,1629
2026-05-01T22:45:00+00:00,40.98,40.98,40.92,40.937,1955
2026-05-01T22:50:00+00:00,40.94,40.94,40.91,40.93,1241
2026-05-01T22:55:00+00:00,40.91,40.94,40.87,40.92,4250
2026-05-01T23:00:00+00:00,40.9,40.94,40.86,40.94,3466
2026-05-01T23:05:00+00:00,40.91,40.92,40.87,40.87,2149
2026-05-01T23:10:00+00:00,40.871,40.89,40.87,40.887,1614
2026-05-01T23:15:00+00:00,40.89,40.89,40.833,40.89,2059
2026-05-01T23:20:00+00:00,40.88,40.89,40.86,40.89,1111
2026-05-01T23:25:00+00:00,40.89,40.89,40.859,40.859,704
2026-05-01T23:30:00+00:00,40.86,40.86,40.8,40.85,1319
2026-05-01T23:35:00+00:00,40.85,40.85,40.71,40.73,2875
2026-05-01T23:40:00+00:00,40.68,40.84,40.602,40.8,1400
2026-05-01T23:45:00+00:00,40.82,40.82,40.69,40.702,1638
2026-05-01T23:50:00+00:00,40.69,40.73,40.61,40.67,621
2026-05-01T23:55:00+00:00,40.65,40.67,40.6,40.646,1748
2026-05-04T08:00:00+00:00,42.5,42.75,41.82,42.0,52181
2026-05-04T08:05:00+00:00,42.0,42.71,41.97,42.04,17957
2026-05-04T08:10:00+00:00,42.0,42.14,42.0,42.14,52912
2026-05-04T08:15:00+00:00,42.14,42.17,42.06,42.08,4833
2026-05-04T08:20:00+00:00,42.11,42.7,42.05,42.152,9038
2026-05-04T08:25:00+00:00,42.16,42.29,42.16,42.24,9093
2026-05-04T08:30:00+00:00,42.23,42.26,42.09,42.11,2268
2026-05-04T08:35:00+00:00,42.1,42.11,42.06,42.09,919
2026-05-04T08:40:00+00:00,42.1,42.11,42.08,42.08,306
2026-05-04T08:45:00+00:00,42.06,42.07,41.98,42.01,1512
2026-05-04T08:50:00+00:00,42.01,42.1,42.01,42.09,1556
2026-05-04T08:55:00+00:00,42.1,42.195,42.1,42.104,628
2026-05-04T09:00:00+00:00,42.1,42.11,42.09,42.1,408
2026-05-04T09:05:00+00:00,42.1,42.2,42.1,42.11,1147
2026-05-04T09:10:00+00:00,42.11,42.19,42.11,42.19,1106
2026-05-04T09:15:00+00:00,42.17,42.2,42.12,42.12,1884
2026-05-04T09:20:00+00:00,42.12,42.13,42.12,42.12,165
2026-05-04T09:25:00+00:00,42.12,42.16,42.11,42.12,614
2026-05-04T09:30:00+00:00,42.12,42.2,42.11,42.11,390
2026-05-04T09:35:00+00:00,42.18,42.21,42.17,42.21,486
2026-05-04T09:40:00+00:00,42.21,42.25,42.21,42.25,118
2026-05-04T09:45:00+00:00,42.25,42.26,42.22,42.222,675
2026-05-04T09:50:00+00:00,42.23,42.23,42.21,42.21,338
2026-05-04T09:55:00+00:00,42.21,42.21,42.15,42.15,939
2026-05-04T10:00:00+00:00,42.12,42.12,41.81,41.81,3559
2026-05-04T10:05:00+00:00,41.77,41.77,41.35,41.47,9870
2026-05-04T10:10:00+00:00,41.54,41.55,41.21,41.37,6102
2026-05-04T10:15:00+00:00,41.37,41.5,41.17,41.18,2163
2026-05-04T10:20:00+00:00,41.17,41.24,41.0,41.2,6092
2026-05-04T10:25:00+00:00,41.21,41.49,41.2,41.49,4342
2026-05-04T10:30:00+00:00,41.52,41.87,41.52,41.87,3803
2026-05-04T10:35:00+00:00,41.87,41.94,41.75,41.82,1786
2026-05-04T10:40:00+00:00,41.89,41.89,41.82,41.83,427
2026-05-04T10:45:00+00:00,41.84,41.84,41.71,41.81,646
2026-05-04T10:50:00+00:00,41.82,41.83,41.75,41.75,2034
2026-05-04T10:55:00+00:00,41.77,41.78,41.72,41.72,487
2026-05-04T11:00:00+00:00,41.77,41.98,41.768,41.78,25723
2026-05-04T11:05:00+00:00,41.78,41.96,41.78,41.95,5283
2026-05-04T11:10:00+00:00,41.95,42.0,41.95,41.971,6324
2026-05-04T11:15:00+00:00,42.0,42.1,41.98,42.04,11903
2026-05-04T11:20:00+00:00,42.05,42.068,42.0,42.05,10757
2026-05-04T11:25:00+00:00,42.05,42.05,41.97,41.98,6754
2026-05-04T11:30:00+00:00,41.99,42.0,41.95,41.95,6201
2026-05-04T11:35:00+00:00,41.96,41.98,41.88,41.93,2044
2026-05-04T11:40:00+00:00,41.94,41.98,41.92,41.97,15431
2026-05-04T11:45:00+00:00,41.96,42.02,41.96,42.0,6567
2026-05-04T11:50:00+00:00,41.95,42.0,41.94,42.0,2640
2026-05-04T11:55:00+00:00,41.99,42.04,41.99,42.02,3690
2026-05-04T12:00:00+00:00,42.05,42.158,42.01,42.158,8068
2026-05-04T12:05:00+00:00,42.13,42.18,42.12,42.179,13380
2026-05-04T12:10:00+00:00,42.19,42.207,42.1,42.15,15874
2026-05-04T12:15:00+00:00,42.15,42.2,42.06,42.18,9712
2026-05-04T12:20:00+00:00,42.18,42.21,42.09,42.167,10793
2026-05-04T12:25:00+00:00,42.2,42.26,42.17,42.23,8148
2026-05-04T12:30:00+00:00,42.23,42.25,42.16,42.19,19992
2026-05-04T12:35:00+00:00,42.19,42.23,42.169,42.211,9152
2026-05-04T12:40:00+00:00,42.21,42.23,42.15,42.188,20418
2026-05-04T12:45:00+00:00,42.16,42.19,42.07,42.07,16487
2026-05-04T12:50:00+00:00,42.07,42.07,41.929,41.929,11203
2026-05-04T12:55:00+00:00,41.94,41.95,41.89,41.918,6423
2026-05-04T13:00:00+00:00,41.9,41.91,41.78,41.785,10708
2026-05-04T13:05:00+00:00,41.79,41.92,41.79,41.88,3894
2026-05-04T13:10:00+00:00,41.879,41.88,41.8,41.83,3272
2026-05-04T13:15:00+00:00,41.83,42.01,41.81,42.0,18790
2026-05-04T13:20:00+00:00,42.0,42.1,41.99,42.089,9745
2026-05-04T13:25:00+00:00,42.08,42.17,42.05,42.11,9038
2026-05-04T13:30:00+00:00,42.15,42.37,41.91,42.309,722282
2026-05-04T13:35:00+00:00,42.31,42.89,42.205,42.89,625898
2026-05-04T13:40:00+00:00,42.89,43.109,42.775,43.005,723070
2026-05-04T13:45:00+00:00,43.02,43.38,42.985,43.27,583409
2026-05-04T13:50:00+00:00,43.27,43.34,43.04,43.3,373606
2026-05-04T13:55:00+00:00,43.295,43.31,43.17,43.305,256230
2026-05-04T14:00:00+00:00,43.305,43.43,43.27,43.32,384785
2026-05-04T14:05:00+00:00,43.29,43.41,43.18,43.202,280158
2026-05-04T14:10:00+00:00,43.215,43.36,43.17,43.32,276087
2026-05-04T14:15:00+00:00,43.32,43.365,43.22,43.32,189637
2026-05-04T14:20:00+00:00,43.32,43.34,43.12,43.145,368761
2026-05-04T14:25:00+00:00,43.145,43.25,42.97,43.02,190392
2026-05-04T14:30:00+00:00,43.015,43.15,42.99,43.05,211436
2026-05-04T14:35:00+00:00,43.04,43.1,42.88,43.05,215500
2026-05-04T14:40:00+00:00,43.045,43.265,43.03,43.24,163878
2026-05-04T14:45:00+00:00,43.25,43.29,43.14,43.145,159696
2026-05-04T14:50:00+00:00,43.16,43.21,43.08,43.125,94651
2026-05-04T14:55:00+00:00,43.125,43.21,42.99,43.01,252059
2026-05-04T15:00:00+00:00,42.98,43.06,42.86,43.01,199561
2026-05-04T15:05:00+00:00,43.005,43.09,42.95,43.07,74399
2026-05-04T15:10:00+00:00,43.065,43.08,42.88,42.92,103311
2026-05-04T15:15:00+00:00,42.93,43.03,42.74,42.74,264378
2026-05-04T15:20:00+00:00,42.74,42.74,42.42,42.52,255359
2026-05-04T15:25:00+00:00,42.47,42.82,42.46,42.72,181422
2026-05-04T15:30:00+00:00,42.74,42.77,42.54,42.74,133203
2026-05-04T15:35:00+00:00,42.74,42.827,42.563,42.72,212996
2026-05-04T15:40:00+00:00,42.72,42.886,42.61,42.88,130469
2026-05-04T15:45:00+00:00,42.88,42.895,42.57,42.635,125522
2026-05-04T15:50:00+00:00,42.64,42.72,42.37,42.71,137832
2026-05-04T15:55:00+00:00,42.73,42.77,42.61,42.645,107155
2026-05-04T16:00:00+00:00,42.645,42.68,42.54,42.585,118903
2026-05-04T16:05:00+00:00,42.594,42.6,42.18,42.3,162889
2026-05-04T16:10:00+00:00,42.32,42.34,42.17,42.27,147050
2026-05-04T16:15:00+00:00,42.268,42.38,42.07,42.38,123544
2026-05-04T16:20:00+00:00,42.36,42.54,42.355,42.536,123515
2026-05-04T16:25:00+00:00,42.535,42.56,42.362,42.445,99215
2026-05-04T16:30:00+00:00,42.44,42.52,42.41,42.48,108914
2026-05-04T16:35:00+00:00,42.48,42.5,42.31,42.32,189823
2026-05-04T16:40:00+00:00,42.32,42.43,42.315,42.348,119239
2026-05-04T16:45:00+00:00,42.345,42.425,42.33,42.425,177662
2026-05-04T16:50:00+00:00,42.425,42.425,42.26,42.33,147110
2026-05-04T16:55:00+00:00,42.34,42.41,42.3,42.36,99424
2026-05-04T17:00:00+00:00,42.36,42.48,42.335,42.475,75266
2026-05-04T17:05:00+00:00,42.475,42.55,42.41,42.497,97268
2026-05-04T17:10:00+00:00,42.485,42.51,42.4,42.475,106664
2026-05-04T17:15:00+00:00,42.475,42.64,42.44,42.545,97119
2026-05-04T17:20:00+00:00,42.545,42.57,42.48,42.52,75733
2026-05-04T17:25:00+00:00,42.51,42.56,42.5,42.559,76026
2026-05-04T17:30:00+00:00,42.55,42.55,42.38,42.38,103627
2026-05-04T17:35:00+00:00,42.38,42.39,42.3,42.38,120565
2026-05-04T17:40:00+00:00,42.385,42.46,42.31,42.36,71171
2026-05-04T17:45:00+00:00,42.36,42.42,42.31,42.41,262598
2026-05-04T17:50:00+00:00,42.4,42.49,42.4,42.425,71666
2026-05-04T17:55:00+00:00,42.43,42.5,42.42,42.5,94724
2026-05-04T18:00:00+00:00,42.5,42.53,42.44,42.49,65437
2026-05-04T18:05:00+00:00,42.485,42.485,42.27,42.28,68277
2026-05-04T18:10:00+00:00,42.285,42.38,42.23,42.23,69097
2026-05-04T18:15:00+00:00,42.23,42.3,42.21,42.27,50191
2026-05-04T18:20:00+00:00,42.27,42.3,42.175,42.21,86490
2026-05-04T18:25:00+00:00,42.21,42.31,42.12,42.31,68703
2026-05-04T18:30:00+00:00,42.35,42.37,42.28,42.32,46053
2026-05-04T18:35:00+00:00,42.33,42.405,42.32,42.4,32933
2026-05-04T18:40:00+00:00,42.38,42.42,42.26,42.31,65164
2026-05-04T18:45:00+00:00,42.305,42.38,42.27,42.38,45076
2026-05-04T18:50:00+00:00,42.38,42.43,42.355,42.41,41055
2026-05-04T18:55:00+00:00,42.41,42.52,42.41,42.515,78321
2026-05-04T19:00:00+00:00,42.52,42.54,42.48,42.53,51203
2026-05-04T19:05:00+00:00,42.53,42.63,42.53,42.615,85072
2026-05-04T19:10:00+00:00,42.61,42.64,42.56,42.597,87298
2026-05-04T19:15:00+00:00,42.6,42.68,42.59,42.59,73609
2026-05-04T19:20:00+00:00,42.59,42.62,42.54,42.61,121953
2026-05-04T19:25:00+00:00,42.615,42.67,42.58,42.65,197815
2026-05-04T19:30:00+00:00,42.655,42.73,42.65,42.72,295241
2026-05-04T19:35:00+00:00,42.72,42.73,42.63,42.64,223555
2026-05-04T19:40:00+00:00,42.65,42.7,42.64,42.69,295601
2026-05-04T19:45:00+00:00,42.7,42.76,42.65,42.75,372222
2026-05-04T19:50:00+00:00,42.76,42.78,42.61,42.61,168619
2026-05-04T19:55:00+00:00,42.59,42.65,42.47,42.47,234689
2026-05-04T20:00:00+00:00,42.47,42.71,42.37,42.5,31665
2026-05-04T20:05:00+00:00,42.481,42.698,42.481,42.63,2627
2026-05-04T20:10:00+00:00,42.47,42.63,42.47,42.57,830
2026-05-04T20:15:00+00:00,42.599,42.64,42.57,42.599,1563
2026-05-04T20:20:00+00:00,42.59,42.64,42.51,42.516,3730
2026-05-04T20:25:00+00:00,42.58,42.59,42.511,42.59,6544
2026-05-04T20:30:00+00:00,42.59,42.64,42.59,42.63,573
2026-05-04T20:35:00+00:00,42.63,42.64,42.59,42.64,986
2026-05-04T20:40:00+00:00,42.64,42.64,42.59,42.6,569
2026-05-04T20:45:00+00:00,42.6,42.63,42.55,42.593,885
2026-05-04T20:50:00+00:00,42.59,42.63,42.59,42.62,1724
2026-05-04T20:55:00+00:00,42.62,42.62,42.59,42.61,2071
2026-05-04T21:00:00+00:00,42.61,42.63,42.55,42.62,2731
2026-05-04T21:05:00+00:00,42.55,42.63,42.55,42.63,1818
2026-05-04T21:10:00+00:00,42.63,42.63,42.6,42.63,2904
2026-05-04T21:15:00+00:00,42.63,42.65,42.6,42.648,1891
2026-05-04T21:20:00+00:00,42.649,42.65,42.64,42.64,1675
2026-05-04T21:25:00+00:00,42.65,42.65,42.627,42.65,3274
2026-05-04T21:30:00+00:00,42.641,42.65,42.62,42.649,7709
2026-05-04T21:35:00+00:00,42.65,42.65,42.64,42.65,1527
2026-05-04T21:40:00+00:00,42.65,42.69,42.64,42.66,3877
2026-05-04T21:45:00+00:00,42.689,42.71,42.61,42.61,7025
2026-05-04T21:50:00+00:00,42.65,42.69,42.62,42.64,3954
2026-05-04T21:55:00+00:00,42.64,42.71,42.64,42.65,1593
2026-05-04T22:00:00+00:00,42.68,42.71,42.65,42.68,564
2026-05-04T22:05:00+00:00,42.67,42.704,42.66,42.68,1197
2026-05-04T22:10:00+00:00,42.67,42.71,42.66,42.7,2668
2026-05-04T22:15:00+00:00,42.67,42.7,42.66,42.7,2370
2026-05-04T22:20:00+00:00,42.71,42.8,42.709,42.8,2794
2026-05-04T22:25:00+00:00,42.79,42.8,42.77,42.8,1030
2026-05-04T22:30:00+00:00,42.8,42.9,42.8,42.81,2867
2026-05-04T22:35:00+00:00,42.9,42.9,42.8,42.891,1946
2026-05-04T22:40:00+00:00,42.83,43.0,42.826,42.95,734
2026-05-04T22:45:00+00:00,42.95,42.99,42.877,42.88,3695
2026-05-04T22:50:00+00:00,42.88,42.886,42.831,42.886,2138
2026-05-04T22:55:00+00:00,42.889,42.89,42.802,42.85,1646
2026-05-04T23:00:00+00:00,42.82,42.89,42.81,42.87,561
2026-05-04T23:05:00+00:00,42.87,42.87,42.81,42.81,892
2026-05-04T23:10:00+00:00,42.8,42.81,42.76,42.793,2204
2026-05-04T23:15:00+00:00,42.8,42.81,42.77,42.79,1302
2026-05-04T23:20:00+00:00,42.809,42.809,42.77,42.79,2317
2026-05-04T23:25:00+00:00,42.79,42.799,42.73,42.74,1167
2026-05-04T23:30:00+00:00,42.74,42.753,42.73,42.739,1266
2026-05-04T23:35:00+00:00,42.731,42.74,42.701,42.738,1386
2026-05-04T23:40:00+00:00,42.74,42.74,42.7,42.72,2366
2026-05-04T23:45:00+00:00,42.7,42.74,42.7,42.729,889
2026-05-04T23:50:00+00:00,42.73,42.796,42.7,42.72,1998
2026-05-04T23:55:00+00:00,42.72,42.729,42.65,42.65,14019
2026-05-05T08:00:00+00:00,43.13,43.53,43.1,43.35,51988
2026-05-05T08:05:00+00:00,43.35,43.53,43.12,43.45,14524
2026-05-05T08:10:00+00:00,43.45,43.47,43.42,43.43,1912
2026-05-05T08:15:00+00:00,43.43,43.547,43.43,43.53,789
2026-05-05T08:20:00+00:00,43.53,43.55,43.5,43.5,1031
2026-05-05T08:25:00+00:00,43.5,43.62,43.48,43.59,671
2026-05-05T08:30:00+00:00,43.6,43.6,43.55,43.595,1732
2026-05-05T08:35:00+00:00,43.6,43.676,43.6,43.64,571
2026-05-05T08:40:00+00:00,43.65,43.78,43.65,43.78,2850
2026-05-05T08:45:00+00:00,43.74,43.79,43.71,43.78,2010
2026-05-05T08:50:00+00:00,43.77,43.81,43.77,43.77,619
2026-05-05T08:55:00+00:00,43.79,43.79,43.67,43.7,571
2026-05-05T09:00:00+00:00,43.7,43.73,43.67,43.729,372
2026-05-05T09:05:00+00:00,43.72,43.75,43.71,43.73,1099
2026-05-05T09:10:00+00:00,43.75,43.78,43.67,43.67,794
2026-05-05T09:15:00+00:00,43.71,43.77,43.7,43.76,1442
2026-05-05T09:20:00+00:00,43.75,43.84,43.71,43.84,2962
2026-05-05T09:25:00+00:00,43.84,43.88,43.79,43.8,1366
2026-05-05T09:30:00+00:00,43.78,43.8,43.75,43.8,569
2026-05-05T09:35:00+00:00,43.792,43.792,43.76,43.77,211
2026-05-05T09:40:00+00:00,43.74,43.79,43.72,43.79,1282
2026-05-05T09:45:00+00:00,43.75,43.81,43.75,43.79,184
2026-05-05T09:50:00+00:00,43.79,43.79,43.71,43.71,138
2026-05-05T09:55:00+00:00,43.74,43.74,43.68,43.71,1102
2026-05-05T10:00:00+00:00,43.73,43.78,43.72,43.76,679
2026-05-05T10:05:00+00:00,43.76,43.762,43.76,43.76,176
2026-05-05T10:10:00+00:00,43.77,43.77,43.77,43.77,800
2026-05-05T10:15:00+00:00,43.79,43.8,43.76,43.76,1032
2026-05-05T10:20:00+00:00,43.74,43.76,43.74,43.76,402
2026-05-05T10:25:00+00:00,43.77,43.78,43.72,43.78,320
2026-05-05T10:30:00+00:00,43.76,43.82,43.75,43.82,1278
2026-05-05T10:35:00+00:00,43.82,43.86,43.82,43.83,289
2026-05-05T10:40:00+00:00,43.83,43.85,43.75,43.78,439
2026-05-05T10:45:00+00:00,43.79,43.79,43.74,43.77,336
2026-05-05T10:50:00+00:00,43.77,43.79,43.77,43.79,360
2026-05-05T10:55:00+00:00,43.79,43.8,43.79,43.8,161
2026-05-05T11:00:00+00:00,43.79,43.85,43.66,43.66,26191
2026-05-05T11:05:00+00:00,43.69,43.79,43.65,43.789,13463
2026-05-05T11:10:00+00:00,43.79,43.9,43.781,43.87,10967
2026-05-05T11:15:00+00:00,43.89,43.897,43.76,43.79,14310
2026-05-05T11:20:00+00:00,43.79,43.88,43.77,43.88,24203
2026-05-05T11:25:00+00:00,43.876,44.07,43.87,44.06,16053
2026-05-05T11:30:00+00:00,44.06,44.07,44.0,44.021,7227
2026-05-05T11:35:00+00:00,44.03,44.08,43.98,44.01,12007
2026-05-05T11:40:00+00:00,44.0,44.069,43.98,44.0,18190
2026-05-05T11:45:00+00:00,43.98,44.0,43.889,43.93,21855
2026-05-05T11:50:00+00:00,43.913,44.07,43.9,43.99,14026
2026-05-05T11:55:00+00:00,43.99,44.01,43.96,43.97,12789
2026-05-05T12:00:00+00:00,43.951,44.01,43.88,44.0,19263
2026-05-05T12:05:00+00:00,44.009,44.08,43.98,44.04,5400
2026-05-05T12:10:00+00:00,44.04,44.07,44.01,44.07,3974
2026-05-05T12:15:00+00:00,44.07,44.12,44.06,44.12,11603
2026-05-05T12:20:00+00:00,44.12,44.12,44.064,44.1,10451
2026-05-05T12:25:00+00:00,44.1,44.12,44.09,44.12,26483
2026-05-05T12:30:00+00:00,44.12,44.15,44.11,44.15,47769
2026-05-05T12:35:00+00:00,44.149,44.17,44.14,44.169,17357
2026-05-05T12:40:00+00:00,44.17,44.17,44.13,44.14,25773
2026-05-05T12:45:00+00:00,44.14,44.17,44.13,44.15,10151
2026-05-05T12:50:00+00:00,44.14,44.15,44.11,44.14,10998
2026-05-05T12:55:00+00:00,44.12,44.179,44.01,44.04,131187
2026-05-05T13:00:00+00:00,44.03,44.16,44.03,44.16,5728
2026-05-05T13:05:00+00:00,44.17,44.29,44.16,44.28,17933
2026-05-05T13:10:00+00:00,44.28,44.33,44.2,44.259,19453
2026-05-05T13:15:00+00:00,44.26,44.28,44.24,44.26,21953
2026-05-05T13:20:00+00:00,44.259,44.3,44.2,44.27,25713
2026-05-05T13:25:00+00:00,44.299,44.44,44.24,44.24,20746
2026-05-05T13:30:00+00:00,44.4,44.889,44.3,44.87,807701
2026-05-05T13:35:00+00:00,44.865,45.46,44.85,45.425,845818
2026-05-05T13:40:00+00:00,45.425,45.66,45.328,45.66,548152
2026-05-05T13:45:00+00:00,45.635,45.83,45.48,45.52,503012
2026-05-05T13:50:00+00:00,45.51,45.81,45.445,45.665,442579
2026-05-05T13:55:00+00:00,45.635,46.005,45.62,45.925,399776
2026-05-05T14:00:00+00:00,45.95,46.17,45.77,45.995,462806
2026-05-05T14:05:00+00:00,46.0,46.17,45.9,46.13,357122
2026-05-05T14:10:00+00:00,46.11,46.16,45.85,45.86,370739
2026-05-05T14:15:00+00:00,45.84,46.08,45.74,45.978,294683
2026-05-05T14:20:00+00:00,45.979,46.47,45.96,46.45,323933
2026-05-05T14:25:00+00:00,46.435,46.733,46.435,46.55,347020
2026-05-05T14:30:00+00:00,46.54,46.67,46.51,46.545,317099
2026-05-05T14:35:00+00:00,46.55,46.56,46.21,46.229,335535
2026-05-05T14:40:00+00:00,46.23,46.27,46.08,46.11,263428
2026-05-05T14:45:00+00:00,46.11,46.2,45.9,46.135,258787
2026-05-05T14:50:00+00:00,46.12,46.33,46.065,46.32,157584
2026-05-05T14:55:00+00:00,46.335,46.39,46.23,46.23,356223
2026-05-05T15:00:00+00:00,46.21,46.275,46.095,46.275,172718
2026-05-05T15:05:00+00:00,46.289,46.35,46.18,46.24,161429
2026-05-05T15:10:00+00:00,46.22,46.335,46.175,46.335,139282
2026-05-05T15:15:00+00:00,46.35,46.39,46.32,46.385,167964
2026-05-05T15:20:00+00:00,46.39,46.55,46.32,46.52,151664
2026-05-05T15:25:00+00:00,46.525,46.525,46.36,46.4,136437
2026-05-05T15:30:00+00:00,46.405,46.49,46.36,46.455,164715
2026-05-05T15:35:00+00:00,46.465,46.59,46.46,46.54,183946
2026-05-05T15:40:00+00:00,46.545,46.58,46.515,46.539,122281
2026-05-05T15:45:00+00:00,46.535,46.72,46.53,46.709,198947
2026-05-05T15:50:00+00:00,46.71,46.83,46.69,46.82,208627
2026-05-05T15:55:00+00:00,46.825,46.88,46.72,46.777,167048
2026-05-05T16:00:00+00:00,46.789,46.79,46.64,46.77,145247
2026-05-05T16:05:00+00:00,46.775,46.84,46.72,46.765,165280
2026-05-05T16:10:00+00:00,46.76,46.98,46.755,46.975,137287
2026-05-05T16:15:00+00:00,46.98,46.98,46.71,46.73,161914
2026-05-05T16:20:00+00:00,46.74,46.82,46.692,46.695,125150
2026-05-05T16:25:00+00:00,46.695,46.7,45.95,46.35,376504
2026-05-05T16:30:00+00:00,46.34,46.4,46.07,46.27,287400
2026-05-05T16:35:00+00:00,46.267,46.42,46.08,46.14,205212
2026-05-05T16:40:00+00:00,46.13,46.26,45.92,46.24,421707
2026-05-05T16:45:00+00:00,46.25,46.61,46.21,46.6,239157
2026-05-05T16:50:00+00:00,46.59,46.61,46.345,46.42,130700
2026-05-05T16:55:00+00:00,46.415,46.61,46.415,46.585,110814
2026-05-05T17:00:00+00:00,46.59,46.72,46.5,46.71,170942
2026-05-05T17:05:00+00:00,46.695,46.74,46.62,46.73,114113
2026-05-05T17:10:00+00:00,46.74,46.74,46.61,46.62,125095
2026-05-05T17:15:00+00:00,46.63,46.859,46.63,46.855,128718
2026-05-05T17:20:00+00:00,46.86,46.881,46.72,46.83,85175
2026-05-05T17:25:00+00:00,46.839,46.85,46.76,46.8,59817
2026-05-05T17:30:00+00:00,46.8,46.8,46.7,46.71,138913
2026-05-05T17:35:00+00:00,46.725,46.82,46.71,46.805,71488
2026-05-05T17:40:00+00:00,46.8,46.81,46.73,46.768,85774
2026-05-05T17:45:00+00:00,46.76,46.8,46.63,46.76,450215
2026-05-05T17:50:00+00:00,46.74,46.77,46.65,46.72,200834
2026-05-05T17:55:00+00:00,46.72,46.75,46.67,46.735,182056
2026-05-05T18:00:00+00:00,46.73,46.74,46.62,46.725,79193
2026-05-05T18:05:00+00:00,46.75,46.77,46.66,46.665,100996
2026-05-05T18:10:00+00:00,46.68,46.71,46.63,46.69,131545
2026-05-05T18:15:00+00:00,46.693,46.74,46.63,46.74,155148
2026-05-05T18:20:00+00:00,46.75,46.8,46.725,46.755,224168
2026-05-05T18:25:00+00:00,46.755,46.89,46.725,46.88,117468
2026-05-05T18:30:00+00:00,46.889,46.9,46.78,46.82,120328
2026-05-05T18:35:00+00:00,46.815,46.877,46.799,46.833,97032
2026-05-05T18:40:00+00:00,46.83,46.89,46.8,46.84,181439
2026-05-05T18:45:00+00:00,46.83,46.845,46.76,46.803,79501
2026-05-05T18:50:00+00:00,46.815,46.86,46.67,46.69,83484
2026-05-05T18:55:00+00:00,46.695,46.85,46.66,46.822,97499
2026-05-05T19:00:00+00:00,46.835,46.85,46.77,46.78,126817
2026-05-05T19:05:00+00:00,46.79,46.79,46.7,46.763,95649
2026-05-05T19:10:00+00:00,46.77,46.835,46.68,46.685,96229
2026-05-05T19:15:00+00:00,46.68,46.68,46.52,46.53,123342
2026-05-05T19:20:00+00:00,46.53,46.53,46.35,46.375,150787
2026-05-05T19:25:00+00:00,46.38,46.42,46.34,46.355,76155
2026-05-05T19:30:00+00:00,46.36,46.42,46.31,46.4,119212
2026-05-05T19:35:00+00:00,46.4,46.41,46.34,46.395,142454
2026-05-05T19:40:00+00:00,46.4,46.42,46.27,46.42,154535
2026-05-05T19:45:00+00:00,46.42,46.46,46.4,46.425,246211
2026-05-05T19:50:00+00:00,46.42,46.43,46.28,46.295,316967
2026-05-05T19:55:00+00:00,46.3,46.47,46.29,46.29,378366
2026-05-05T20:00:00+00:00,46.43,46.9,46.29,46.511,15917
2026-05-05T20:05:00+00:00,46.574,46.7,46.38,46.59,4028
2026-05-05T20:10:00+00:00,46.29,46.7,46.29,46.695,18027
2026-05-05T20:15:00+00:00,46.69,46.7,46.36,46.6,7084
2026-05-05T20:20:00+00:00,46.67,46.88,46.6,46.859,37026
2026-05-05T20:25:00+00:00,46.854,46.87,46.8,46.87,32973
2026-05-05T20:30:00+00:00,46.87,46.9,46.85,46.9,43747
2026-05-05T20:35:00+00:00,46.891,46.9,46.88,46.899,10803
2026-05-05T20:40:00+00:00,46.9,46.9,46.8,46.846,21726
2026-05-05T20:45:00+00:00,46.829,46.85,46.75,46.799,7356
2026-05-05T20:50:00+00:00,46.798,46.85,46.78,46.8,11071
2026-05-05T20:55:00+00:00,46.8,46.9,46.8,46.9,10201
2026-05-05T21:00:00+00:00,46.85,46.9,46.81,46.894,13797
2026-05-05T21:05:00+00:00,46.9,47.0,46.891,47.0,9379
2026-05-05T21:10:00+00:00,47.0,47.3,46.99,47.24,15877
2026-05-05T21:15:00+00:00,47.247,47.62,47.247,47.569,15271
2026-05-05T21:20:00+00:00,47.55,47.55,47.4,47.43,40304
2026-05-05T21:25:00+00:00,47.429,47.55,47.37,47.391,9301
2026-05-05T21:30:00+00:00,47.399,47.4,47.34,47.396,12959
2026-05-05T21:35:00+00:00,47.36,47.68,47.36,47.65,60158
2026-05-05T21:40:00+00:00,47.65,47.78,47.58,47.78,26798
2026-05-05T21:45:00+00:00,47.779,47.98,47.77,47.95,22175
2026-05-05T21:50:00+00:00,47.947,48.0,47.88,48.0,25467
2026-05-05T21:55:00+00:00,48.0,48.28,47.97,48.19,17170
2026-05-05T22:00:00+00:00,48.274,48.35,48.13,48.341,20581
2026-05-05T22:05:00+00:00,48.35,48.38,48.27,48.29,108134
2026-05-05T22:10:00+00:00,48.29,48.29,48.08,48.09,18587
2026-05-05T22:15:00+00:00,48.09,48.2,48.0,48.148,12367
2026-05-05T22:20:00+00:00,48.145,48.3,48.14,48.299,35391
2026-05-05T22:25:00+00:00,48.3,48.4,48.28,48.39,8992
2026-05-05T22:30:00+00:00,48.4,48.5,48.4,48.49,22329
2026-05-05T22:35:00+00:00,48.5,48.65,48.49,48.58,37566
2026-05-05T22:40:00+00:00,48.6,48.8,48.57,48.8,24404
2026-05-05T22:45:00+00:00,48.8,49.28,48.79,49.2,35749
2026-05-05T22:50:00+00:00,49.2,49.8,49.19,49.62,38144
2026-05-05T22:55:00+00:00,49.61,49.8,49.52,49.63,27689
2026-05-05T23:00:00+00:00,49.6,49.65,48.4,48.58,41097
2026-05-05T23:05:00+00:00,48.61,49.24,48.61,49.135,26856
2026-05-05T23:10:00+00:00,49.13,49.2,49.002,49.13,37971
2026-05-05T23:15:00+00:00,49.18,49.18,48.21,48.385,68719
2026-05-05T23:20:00+00:00,48.337,48.8,48.276,48.35,28857
2026-05-05T23:25:00+00:00,48.36,48.44,48.32,48.39,29399
2026-05-05T23:30:00+00:00,48.371,48.83,48.35,48.43,13942
2026-05-05T23:35:00+00:00,48.5,48.5,48.35,48.43,30708
2026-05-05T23:40:00+00:00,48.43,48.688,48.35,48.49,22092
2026-05-05T23:45:00+00:00,48.472,48.68,48.35,48.499,33720
2026-05-05T23:50:00+00:00,48.463,48.5,48.32,48.34,27505
2026-05-05T23:55:00+00:00,48.35,48.64,48.35,48.64,25671
2026-05-06T08:00:00+00:00,48.98,49.88,48.88,49.14,177763
2026-05-06T08:05:00+00:00,49.12,49.87,48.9,49.37,34452
2026-05-06T08:10:00+00:00,49.37,49.45,49.37,49.41,9107
2026-05-06T08:15:00+00:00,49.41,49.45,49.38,49.38,6435
2026-05-06T08:20:00+00:00,49.39,49.4,49.32,49.35,4527
2026-05-06T08:25:00+00:00,49.35,49.44,49.35,49.43,13880
2026-05-06T08:30:00+00:00,49.43,49.48,49.41,49.44,4799
2026-05-06T08:35:00+00:00,49.46,49.52,49.45,49.5,9842
2026-05-06T08:40:00+00:00,49.5,49.52,49.5,49.52,5413
2026-05-06T08:45:00+00:00,49.52,49.52,49.47,49.481,1339
2026-05-06T08:50:00+00:00,49.5,49.79,49.5,49.74,5029
2026-05-06T08:55:00+00:00,49.74,49.82,49.66,49.69,11109
2026-05-06T09:00:00+00:00,49.69,49.77,49.54,49.61,11236
2026-05-06T09:05:00+00:00,49.61,49.73,49.58,49.65,2932
2026-05-06T09:10:00+00:00,49.65,49.7,49.59,49.66,5331
2026-05-06T09:15:00+00:00,49.66,49.69,49.65,49.67,1971
2026-05-06T09:20:00+00:00,49.67,50.0,49.5,49.65,34995
2026-05-06T09:25:00+00:00,49.65,49.75,49.63,49.75,2839
2026-05-06T09:30:00+00:00,49.75,49.87,49.69,49.84,5802
2026-05-06T09:35:00+00:00,49.87,49.87,49.82,49.85,3876
2026-05-06T09:40:00+00:00,49.86,49.9,49.83,49.86,4309
2026-05-06T09:45:00+00:00,49.86,49.87,49.78,49.83,4222
2026-05-06T09:50:00+00:00,49.83,49.83,49.64,49.67,6043
2026-05-06T09:55:00+00:00,49.67,49.7,49.5,49.52,8984
2026-05-06T10:00:00+00:00,49.51,49.72,49.51,49.72,3554
2026-05-06T10:05:00+00:00,49.72,49.73,49.54,49.58,5284
2026-05-06T10:10:00+00:00,49.55,49.57,49.4,49.43,5707
2026-05-06T10:15:00+00:00,49.43,49.48,49.33,49.48,5062
2026-05-06T10:20:00+00:00,49.47,49.5,49.36,49.36,4954
2026-05-06T10:25:00+00:00,49.36,49.44,49.3,49.42,5646
2026-05-06T10:30:00+00:00,49.42,49.44,49.34,49.4,2153
2026-05-06T10:35:00+00:00,49.41,49.44,49.14,49.4,7920
2026-05-06T10:40:00+00:00,49.4,49.56,49.4,49.56,6654
2026-05-06T10:45:00+00:00,49.59,49.75,49.57,49.57,5489
2026-05-06T10:50:00+00:00,49.57,49.72,49.51,49.65,3641
2026-05-06T10:55:00+00:00,49.65,49.7,49.45,49.53,5613
2026-05-06T11:00:00+00:00,49.51,49.9,49.51,49.899,96543
2026-05-06T11:05:00+00:00,49.9,50.0,49.88,50.0,58670
2026-05-06T11:10:00+00:00,49.98,50.0,49.95,50.0,42125
2026-05-06T11:15:00+00:00,50.0,50.0,49.94,49.94,22102
2026-05-06T11:20:00+00:00,49.94,50.0,49.9,49.99,46316
2026-05-06T11:25:00+00:00,50.0,50.0,49.82,49.83,34425
2026-05-06T11:30:00+00:00,49.86,49.86,49.67,49.75,30591
2026-05-06T11:35:00+00:00,49.77,49.96,49.76,49.92,35468
2026-05-06T11:40:00+00:00,49.92,49.94,49.46,49.5,54476
2026-05-06T11:45:00+00:00,49.46,49.7,49.46,49.5,217340
2026-05-06T11:50:00+00:00,49.53,49.6,49.5,49.6,33891
2026-05-06T11:55:00+00:00,49.599,49.6,49.35,49.532,41978
2026-05-06T12:00:00+00:00,49.538,49.68,49.36,49.45,38415
2026-05-06T12:05:00+00:00,49.41,49.45,49.208,49.37,38403
2026-05-06T12:10:00+00:00,49.37,49.4,48.89,48.9,77184
2026-05-06T12:15:00+00:00,48.9,48.99,48.67,48.97,44673
2026-05-06T12:20:00+00:00,48.96,49.36,48.96,49.11,68840
2026-05-06T12:25:00+00:00,49.097,49.1,49.0,49.057,70771
2026-05-06T12:30:00+00:00,49.057,49.11,48.85,48.88,31135
2026-05-06T12:35:00+00:00,48.88,48.9,48.7,48.729,55791
2026-05-06T12:40:00+00:00,48.721,48.85,48.6,48.687,41380
2026-05-06T12:45:00+00:00,48.65,48.92,48.4,48.65,55938
2026-05-06T12:50:00+00:00,48.66,49.1,48.64,48.77,34484
2026-05-06T12:55:00+00:00,48.76,49.0,48.75,48.964,21403
2026-05-06T13:00:00+00:00,49.0,49.0,48.65,48.68,32962
2026-05-06T13:05:00+00:00,48.68,48.739,48.42,48.42,48610
2026-05-06T13:10:00+00:00,48.43,48.7,48.43,48.6,20348
2026-05-06T13:15:00+00:00,48.599,48.7,48.58,48.65,19250
2026-05-06T13:20:00+00:00,48.64,48.68,48.35,48.65,44789
2026-05-06T13:25:00+00:00,48.65,48.99,48.5,48.72,138721
2026-05-06T13:30:00+00:00,48.645,48.88,48.01,48.34,1460195
2026-05-06T13:35:00+00:00,48.38,48.38,47.2,47.72,1148031
2026-05-06T13:40:00+00:00,47.7,48.03,47.535,47.98,905245
2026-05-06T13:45:00+00:00,47.982,48.14,47.85,48.02,934468
2026-05-06T13:50:00+00:00,48.02,48.1,47.66,47.93,1094804
2026-05-06T13:55:00+00:00,47.94,48.03,47.65,47.66,568424
2026-05-06T14:00:00+00:00,47.66,47.67,47.05,47.105,937887
2026-05-06T14:05:00+00:00,47.105,47.38,46.8,47.31,1202483
2026-05-06T14:10:00+00:00,47.34,47.43,47.02,47.149,596957
2026-05-06T14:15:00+00:00,47.145,47.22,46.7,46.74,482963
2026-05-06T14:20:00+00:00,46.74,46.9,46.42,46.55,646406
2026-05-06T14:25:00+00:00,46.53,46.84,46.38,46.438,495464
2026-05-06T14:30:00+00:00,46.431,46.905,46.424,46.905,359465
2026-05-06T14:35:00+00:00,46.91,47.25,46.9,47.215,531069
2026-05-06T14:40:00+00:00,47.215,47.51,47.215,47.507,378085
2026-05-06T14:45:00+00:00,47.505,47.74,47.5,47.73,464967
2026-05-06T14:50:00+00:00,47.73,47.9,47.63,47.795,405575
2026-05-06T14:55:00+00:00,47.78,47.86,47.71,47.76,222398
2026-05-06T15:00:00+00:00,47.76,47.886,47.63,47.87,211740
2026-05-06T15:05:00+00:00,47.87,48.0,47.76,47.845,285765
2026-05-06T15:10:00+00:00,47.845,48.05,47.82,47.98,305352
2026-05-06T15:15:00+00:00,47.96,48.27,47.89,48.238,262210
2026-05-06T15:20:00+00:00,48.23,48.35,48.14,48.23,424656
2026-05-06T15:25:00+00:00,48.24,48.435,48.21,48.4,336183
2026-05-06T15:30:00+00:00,48.397,48.46,48.17,48.205,302748
2026-05-06T15:35:00+00:00,48.21,48.3,48.052,48.125,371127
2026-05-06T15:40:00+00:00,48.109,48.18,47.9,48.07,207565
2026-05-06T15:45:00+00:00,48.035,48.17,48.0,48.065,266395
2026-05-06T15:50:00+00:00,48.06,48.199,48.03,48.15,121583
2026-05-06T15:55:00+00:00,48.14,48.2,48.07,48.135,186759
2026-05-06T16:00:00+00:00,48.13,48.3,48.1,48.235,126436
2026-05-06T16:05:00+00:00,48.23,48.25,48.08,48.22,149434
2026-05-06T16:10:00+00:00,48.23,48.4,48.21,48.36,177708
2026-05-06T16:15:00+00:00,48.36,48.36,47.88,47.885,288877
2026-05-06T16:20:00+00:00,47.882,48.14,47.88,47.965,150142
2026-05-06T16:25:00+00:00,47.967,48.09,47.9,47.929,145458
2026-05-06T16:30:00+00:00,47.92,48.1,47.91,48.0,154959
2026-05-06T16:35:00+00:00,48.0,48.09,47.91,48.065,108245
2026-05-06T16:40:00+00:00,48.065,48.15,48.04,48.045,104779
2026-05-06T16:45:00+00:00,48.04,48.06,47.88,47.915,83665
2026-05-06T16:50:00+00:00,47.92,47.99,47.87,47.9,170414
2026-05-06T16:55:00+00:00,47.89,47.94,47.76,47.78,107296
2026-05-06T17:00:00+00:00,47.805,47.95,47.73,47.93,79463
2026-05-06T17:05:00+00:00,47.93,48.0,47.87,47.94,88539
2026-05-06T17:10:00+00:00,47.933,48.06,47.91,47.94,103576
2026-05-06T17:15:00+00:00,47.95,48.03,47.9,47.98,98872
2026-05-06T17:20:00+00:00,48.02,48.13,47.96,48.03,141098
2026-05-06T17:25:00+00:00,48.03,48.08,47.96,48.06,72590
2026-05-06T17:30:00+00:00,48.06,48.09,47.96,48.0,53926
2026-05-06T17:35:00+00:00,47.97,48.21,47.96,48.18,120385
2026-05-06T17:40:00+00:00,48.185,48.25,48.1,48.225,79763
2026-05-06T17:45:00+00:00,48.225,48.26,48.01,48.02,59873
2026-05-06T17:50:00+00:00,48.02,48.05,47.97,48.03,76563
2026-05-06T17:55:00+00:00,48.015,48.038,47.92,47.95,74980
2026-05-06T18:00:00+00:00,47.955,48.057,47.93,47.96,147970
2026-05-06T18:05:00+00:00,47.97,48.11,47.95,48.055,61211
2026-05-06T18:10:00+00:00,48.07,48.14,48.05,48.095,109976
2026-05-06T18:15:00+00:00,48.105,48.2,48.1,48.15,61318
2026-05-06T18:20:00+00:00,48.155,48.175,48.121,48.13,83610
2026-05-06T18:25:00+00:00,48.129,48.22,48.065,48.205,56383
2026-05-06T18:30:00+00:00,48.212,48.4,48.19,48.4,88654
2026-05-06T18:35:00+00:00,48.4,48.48,48.375,48.38,121116
2026-05-06T18:40:00+00:00,48.39,48.4,48.3,48.33,75160
2026-05-06T18:45:00+00:00,48.315,48.32,48.221,48.255,66556
2026-05-06T18:50:00+00:00,48.255,48.35,48.23,48.315,73998
2026-05-06T18:55:00+00:00,48.32,48.407,48.315,48.385,67976
2026-05-06T19:00:00+00:00,48.375,48.41,48.34,48.365,42528
2026-05-06T19:05:00+00:00,48.35,48.42,48.265,48.41,68532
2026-05-06T19:10:00+00:00,48.42,48.48,48.37,48.45,120100
2026-05-06T19:15:00+00:00,48.46,48.53,48.44,48.445,95483
2026-05-06T19:20:00+00:00,48.46,48.5,48.442,48.5,113524
2026-05-06T19:25:00+00:00,48.49,48.59,48.49,48.545,149260
2026-05-06T19:30:00+00:00,48.52,48.53,48.41,48.42,123795
2026-05-06T19:35:00+00:00,48.42,48.47,48.41,48.445,104885
2026-05-06T19:40:00+00:00,48.45,48.49,48.43,48.43,139478
2026-05-06T19:45:00+00:00,48.43,48.5,48.42,48.455,100254
2026-05-06T19:50:00+00:00,48.45,48.51,48.36,48.49,204558
2026-05-06T19:55:00+00:00,48.51,48.7,48.51,48.68,495960
2026-05-06T20:00:00+00:00,48.67,48.8,48.57,48.71,9884
2026-05-06T20:05:00+00:00,48.722,48.8,48.55,48.582,6496
2026-05-06T20:10:00+00:00,48.581,48.8,48.571,48.79,7029
2026-05-06T20:15:00+00:00,48.79,49.1,48.79,49.094,17129
2026-05-06T20:20:00+00:00,49.1,49.1,48.7,48.8,7892
2026-05-06T20:25:00+00:00,48.75,48.9,48.75,48.89,6995
2026-05-06T20:30:00+00:00,48.89,48.89,48.695,48.7,14595
2026-05-06T20:35:00+00:00,48.69,48.69,48.49,48.49,9910
2026-05-06T20:40:00+00:00,48.45,48.7,48.41,48.68,5311
2026-05-06T20:45:00+00:00,48.68,48.69,48.41,48.47,10407
2026-05-06T20:50:00+00:00,48.431,48.5,48.25,48.27,6378
2026-05-06T20:55:00+00:00,48.29,48.29,48.0,48.11,20893
2026-05-06T21:00:00+00:00,48.1,48.11,48.01,48.07,26509
2026-05-06T21:05:00+00:00,48.061,48.5,48.01,48.386,8377
2026-05-06T21:10:00+00:00,48.451,48.5,48.0,48.037,10108
2026-05-06T21:15:00+00:00,48.04,48.1,48.01,48.02,7975
2026-05-06T21:20:00+00:00,48.03,48.04,47.82,47.89,15586
2026-05-06T21:25:00+00:00,47.87,48.01,47.8,47.89,12189
2026-05-06T21:30:00+00:00,48.01,48.01,47.7,47.75,4713
2026-05-06T21:35:00+00:00,47.75,47.99,47.71,47.75,10802
2026-05-06T21:40:00+00:00,47.752,47.81,47.4,47.4,16938
2026-05-06T21:45:00+00:00,47.4,47.54,47.22,47.45,6126
2026-05-06T21:50:00+00:00,47.346,47.45,47.3,47.349,5958
2026-05-06T21:55:00+00:00,47.35,47.79,47.307,47.79,7092
2026-05-06T22:00:00+00:00,47.79,48.0,47.62,47.99,4013
2026-05-06T22:05:00+00:00,47.98,48.0,47.8,47.86,2498
2026-05-06T22:10:00+00:00,47.945,47.95,47.8,47.9,5024
2026-05-06T22:15:00+00:00,47.931,47.95,47.8,47.88,7026
2026-05-06T22:20:00+00:00,47.88,47.95,47.853,47.87,6390
2026-05-06T22:25:00+00:00,47.87,47.87,47.6,47.658,5939
2026-05-06T22:30:00+00:00,47.739,47.93,47.7,47.75,5152
2026-05-06T22:35:00+00:00,47.78,48.0,47.732,48.0,2120
2026-05-06T22:40:00+00:00,48.0,48.13,47.96,48.12,19997
2026-05-06T22:45:00+00:00,48.12,48.37,48.01,48.25,10971
2026-05-06T22:50:00+00:00,48.2,48.25,48.11,48.183,8678
2026-05-06T22:55:00+00:00,48.19,48.37,48.11,48.21,5336
2026-05-06T23:00:00+00:00,48.22,48.37,48.22,48.34,6145
2026-05-06T23:05:00+00:00,48.33,48.35,48.23,48.34,12587
2026-05-06T23:10:00+00:00,48.29,48.5,48.289,48.398,6840
2026-05-06T23:15:00+00:00,48.4,48.49,48.33,48.48,8648
2026-05-06T23:20:00+00:00,48.49,48.66,48.48,48.6,8583
2026-05-06T23:25:00+00:00,48.602,48.65,48.38,48.51,9612
2026-05-06T23:30:00+00:00,48.52,48.58,48.401,48.57,5132
2026-05-06T23:35:00+00:00,48.57,48.8,48.56,48.73,8505
2026-05-06T23:40:00+00:00,48.73,48.8,48.64,48.75,7019
2026-05-06T23:45:00+00:00,48.679,48.8,48.64,48.78,11061
2026-05-06T23:50:00+00:00,48.752,48.82,48.65,48.73,12287
2026-05-06T23:55:00+00:00,48.724,48.77,48.561,48.599,12051
2026-05-07T08:00:00+00:00,50.0,50.0,48.05,48.92,154954
2026-05-07T08:05:00+00:00,48.94,49.46,47.94,48.86,20521
2026-05-07T08:10:00+00:00,48.86,48.87,48.45,48.8,3003
2026-05-07T08:15:00+00:00,48.75,48.8,48.63,48.7,4874
2026-05-07T08:20:00+00:00,48.697,48.73,48.56,48.56,3375
2026-05-07T08:25:00+00:00,48.59,48.61,48.28,48.38,4318
2026-05-07T08:30:00+00:00,48.43,48.58,48.38,48.57,2375
2026-05-07T08:35:00+00:00,48.54,48.59,48.53,48.57,1274
2026-05-07T08:40:00+00:00,48.49,48.49,48.22,48.29,1582
2026-05-07T08:45:00+00:00,48.28,48.42,48.16,48.24,2358
2026-05-07T08:50:00+00:00,48.3,48.395,48.28,48.37,548
2026-05-07T08:55:00+00:00,48.32,48.45,48.31,48.36,1562
2026-05-07T09:00:00+00:00,48.35,48.35,48.2,48.21,1178
2026-05-07T09:05:00+00:00,48.19,48.198,48.05,48.13,2822
2026-05-07T09:10:00+00:00,48.13,48.13,48.07,48.07,5201
2026-05-07T09:15:00+00:00,48.05,48.1,48.02,48.1,1168
2026-05-07T09:20:00+00:00,48.1,48.21,48.1,48.1,1607
2026-05-07T09:25:00+00:00,48.09,48.13,48.03,48.1,552
2026-05-07T09:30:00+00:00,48.1,48.12,48.02,48.11,526
2026-05-07T09:35:00+00:00,48.08,48.16,48.04,48.13,722
2026-05-07T09:40:00+00:00,48.12,48.12,48.06,48.08,949
2026-05-07T09:45:00+00:00,48.11,48.2,48.08,48.2,1071
2026-05-07T09:50:00+00:00,48.2,48.21,48.08,48.12,1057
2026-05-07T09:55:00+00:00,48.07,48.08,47.8,47.92,3093
2026-05-07T10:00:00+00:00,47.82,47.9,47.6,47.6,3304
2026-05-07T10:05:00+00:00,47.6,47.62,47.5,47.5,4838
2026-05-07T10:10:00+00:00,47.5,47.56,47.42,47.56,3130
2026-05-07T10:15:00+00:00,47.56,47.78,47.56,47.74,389
2026-05-07T10:20:00+00:00,47.8,47.83,47.75,47.83,394
2026-05-07T10:25:00+00:00,47.83,47.9,47.83,47.84,346
2026-05-07T10:30:00+00:00,47.8,47.85,47.8,47.85,16
2026-05-07T10:35:00+00:00,47.85,47.96,47.85,47.96,320
2026-05-07T10:40:00+00:00,47.94,47.96,47.94,47.96,28
2026-05-07T10:45:00+00:00,48.01,48.07,48.0,48.03,647
2026-05-07T10:50:00+00:00,48.03,48.045,48.01,48.01,3141
2026-05-07T10:55:00+00:00,48.0,48.0,47.84,48.0,4185
2026-05-07T11:00:00+00:00,47.985,48.15,47.77,47.9,35842
2026-05-07T11:05:00+00:00,47.9,48.1,47.8,47.85,11930
2026-05-07T11:10:00+00:00,47.818,47.85,47.67,47.725,27604
2026-05-07T11:15:00+00:00,47.75,47.92,47.701,47.87,6798
2026-05-07T11:20:00+00:00,47.884,47.98,47.7,47.98,8986
2026-05-07T11:25:00+00:00,47.82,47.98,47.79,47.93,6789
2026-05-07T11:30:00+00:00,47.85,47.862,47.62,47.69,15048
2026-05-07T11:35:00+00:00,47.7,47.9,47.7,47.73,9239
2026-05-07T11:40:00+00:00,47.76,47.9,47.76,47.85,6330
2026-05-07T11:45:00+00:00,47.85,47.85,47.708,47.73,6309
2026-05-07T11:50:00+00:00,47.73,47.85,47.69,47.8,13710
2026-05-07T11:55:00+00:00,47.85,47.88,47.78,47.85,3092
2026-05-07T12:00:00+00:00,47.84,47.85,47.58,47.682,6146
2026-05-07T12:05:00+00:00,47.75,47.84,47.56,47.73,7533
2026-05-07T12:10:00+00:00,47.73,47.8,47.66,47.73,11921
2026-05-07T12:15:00+00:00,47.727,47.8,47.66,47.74,8554
2026-05-07T12:20:00+00:00,47.75,47.8,47.625,47.655,7952
2026-05-07T12:25:00+00:00,47.67,47.8,47.58,47.76,12142
2026-05-07T12:30:00+00:00,47.78,47.85,47.6,47.85,8966
2026-05-07T12:35:00+00:00,47.888,47.98,47.85,47.96,15087
2026-05-07T12:40:00+00:00,47.962,48.0,47.88,47.95,8140
2026-05-07T12:45:00+00:00,47.96,48.0,47.88,47.93,12261
2026-05-07T12:50:00+00:00,47.97,47.97,47.78,47.784,3957
2026-05-07T12:55:00+00:00,47.76,47.89,47.76,47.764,41166
2026-05-07T13:00:00+00:00,47.83,47.83,47.5,47.744,36886
2026-05-07T13:05:00+00:00,47.76,47.8,47.563,47.77,9937
2026-05-07T13:10:00+00:00,47.77,47.9,47.7,47.7,30417
2026-05-07T13:15:00+00:00,47.75,47.9,47.7,47.783,9371
2026-05-07T13:20:00+00:00,47.78,47.99,47.75,47.99,49023
2026-05-07T13:25:00+00:00,47.91,48.0,47.73,47.85,26401
2026-05-07T13:30:00+00:00,47.95,48.1,47.63,47.945,697351
2026-05-07T13:35:00+00:00,47.945,47.99,47.65,47.77,310477
2026-05-07T13:40:00+00:00,47.729,47.77,47.2,47.25,495682
2026-05-07T13:45:00+00:00,47.25,47.47,46.98,47.44,467895
2026-05-07T13:50:00+00:00,47.43,47.98,47.43,47.93,654942
2026-05-07T13:55:00+00:00,47.945,48.15,47.78,47.86,448527
2026-05-07T14:00:00+00:00,47.84,47.91,47.62,47.76,272741
2026-05-07T14:05:00+00:00,47.76,48.13,47.652,48.12,240606
2026-05-07T14:10:00+00:00,48.11,48.25,48.03,48.15,306840
2026-05-07T14:15:00+00:00,48.14,48.5,48.14,48.38,478076
2026-05-07T14:20:00+00:00,48.37,48.78,48.37,48.59,382558
2026-05-07T14:25:00+00:00,48.62,48.725,48.55,48.55,166540
2026-05-07T14:30:00+00:00,48.556,48.62,48.45,48.47,211070
2026-05-07T14:35:00+00:00,48.49,48.68,48.45,48.68,135456
2026-05-07T14:40:00+00:00,48.68,48.735,48.46,48.475,129288
2026-05-07T14:45:00+00:00,48.48,48.5,48.17,48.235,210496
2026-05-07T14:50:00+00:00,48.27,48.32,48.15,48.295,118025
2026-05-07T14:55:00+00:00,48.295,48.4,48.28,48.35,104929
2026-05-07T15:00:00+00:00,48.35,48.353,48.04,48.085,149343
2026-05-07T15:05:00+00:00,48.08,48.129,47.885,47.96,300852
2026-05-07T15:10:00+00:00,47.965,47.98,47.74,47.79,137647
2026-05-07T15:15:00+00:00,47.79,47.96,47.78,47.855,130233
2026-05-07T15:20:00+00:00,47.84,47.897,47.755,47.851,120208
2026-05-07T15:25:00+00:00,47.845,47.92,47.63,47.7,130191
2026-05-07T15:30:00+00:00,47.765,47.946,47.765,47.89,113452
2026-05-07T15:35:00+00:00,47.87,47.95,47.83,47.88,63426
2026-05-07T15:40:00+00:00,47.885,47.909,47.75,47.82,74024
2026-05-07T15:45:00+00:00,47.83,47.83,47.62,47.645,102283
2026-05-07T15:50:00+00:00,47.65,47.65,47.45,47.51,207844
2026-05-07T15:55:00+00:00,47.506,47.508,47.18,47.2,304079
2026-05-07T16:00:00+00:00,47.21,47.399,47.12,47.21,205944
2026-05-07T16:05:00+00:00,47.177,47.177,46.9,46.96,408386
2026-05-07T16:10:00+00:00,46.96,47.0,46.68,46.705,345920
2026-05-07T16:15:00+00:00,46.69,46.74,46.43,46.56,265846
2026-05-07T16:20:00+00:00,46.57,46.77,46.44,46.754,281653
2026-05-07T16:25:00+00:00,46.735,46.9,46.65,46.77,188191
2026-05-07T16:30:00+00:00,46.776,47.03,46.67,46.97,291348
2026-05-07T16:35:00+00:00,46.97,46.97,46.68,46.695,116151
2026-05-07T16:40:00+00:00,46.68,46.873,46.68,46.83,133168
2026-05-07T16:45:00+00:00,46.804,46.85,46.63,46.71,163355
2026-05-07T16:50:00+00:00,46.74,47.0,46.66,46.92,108871
2026-05-07T16:55:00+00:00,46.939,47.0,46.74,46.79,98582
2026-05-07T17:00:00+00:00,46.79,46.87,46.63,46.74,205852
2026-05-07T17:05:00+00:00,46.72,46.77,46.6,46.61,91727
2026-05-07T17:10:00+00:00,46.614,46.64,46.478,46.5,188415
2026-05-07T17:15:00+00:00,46.5,46.5,46.24,46.255,345047
2026-05-07T17:20:00+00:00,46.25,46.61,46.21,46.51,191022
2026-05-07T17:25:00+00:00,46.5,46.565,46.26,46.27,144421
2026-05-07T17:30:00+00:00,46.28,46.401,46.14,46.4,172683
2026-05-07T17:35:00+00:00,46.4,46.51,46.32,46.47,78337
2026-05-07T17:40:00+00:00,46.5,46.54,46.33,46.36,53438
2026-05-07T17:45:00+00:00,46.365,46.48,46.34,46.39,68051
2026-05-07T17:50:00+00:00,46.38,46.43,46.235,46.332,61915
2026-05-07T17:55:00+00:00,46.35,46.6,46.3,46.6,59612
2026-05-07T18:00:00+00:00,46.594,46.72,46.57,46.645,96404
2026-05-07T18:05:00+00:00,46.68,46.75,46.5,46.56,45559
2026-05-07T18:10:00+00:00,46.585,46.61,46.5,46.56,56847
2026-05-07T18:15:00+00:00,46.59,46.71,46.56,46.64,40528
2026-05-07T18:20:00+00:00,46.64,46.64,46.46,46.462,59512
2026-05-07T18:25:00+00:00,46.45,46.45,46.21,46.32,167323
2026-05-07T18:30:00+00:00,46.29,46.49,46.26,46.38,71049
2026-05-07T18:35:00+00:00,46.4,46.445,46.31,46.425,54729
2026-05-07T18:40:00+00:00,46.41,46.49,46.269,46.269,64258
2026-05-07T18:45:00+00:00,46.307,46.37,46.16,46.18,82239
2026-05-07T18:50:00+00:00,46.17,46.21,46.08,46.16,96286
2026-05-07T18:55:00+00:00,46.16,46.39,46.095,46.31,55313
2026-05-07T19:00:00+00:00,46.32,46.38,46.275,46.36,41382
2026-05-07T19:05:00+00:00,46.36,46.39,46.29,46.328,46990
2026-05-07T19:10:00+00:00,46.33,46.465,46.28,46.425,43170
2026-05-07T19:15:00+00:00,46.415,46.45,46.228,46.278,82584
2026-05-07T19:20:00+00:00,46.265,46.28,46.21,46.22,53821
2026-05-07T19:25:00+00:00,46.21,46.247,46.12,46.195,46443
2026-05-07T19:30:00+00:00,46.2,46.34,46.15,46.305,83591
2026-05-07T19:35:00+00:00,46.34,46.458,46.31,46.44,73380
2026-05-07T19:40:00+00:00,46.45,46.52,46.43,46.52,101923
2026-05-07T19:45:00+00:00,46.52,46.625,46.43,46.475,214252
2026-05-07T19:50:00+00:00,46.48,46.58,46.332,46.45,177468
2026-05-07T19:55:00+00:00,46.44,46.55,46.41,46.55,195070
2026-05-07T20:00:00+00:00,46.55,46.9,46.55,46.9,13582
2026-05-07T20:05:00+00:00,46.89,46.9,46.69,46.75,9292
2026-05-07T20:10:00+00:00,46.55,46.799,46.55,46.7,4226
2026-05-07T20:15:00+00:00,46.75,46.88,46.67,46.81,15669
2026-05-07T20:20:00+00:00,46.79,46.85,46.74,46.8,7450
2026-05-07T20:25:00+00:00,46.84,46.85,46.7,46.82,1665
2026-05-07T20:30:00+00:00,46.81,46.85,46.7,46.8,4069
2026-05-07T20:35:00+00:00,46.798,46.798,46.45,46.46,5997
2026-05-07T20:40:00+00:00,46.46,46.57,46.4,46.55,20249
2026-05-07T20:45:00+00:00,46.55,46.8,46.48,46.54,13636
2026-05-07T20:50:00+00:00,46.54,46.56,46.45,46.46,2089
2026-05-07T20:55:00+00:00,46.48,46.51,46.45,46.47,3261
2026-05-07T21:00:00+00:00,46.48,46.54,46.408,46.45,2210
2026-05-07T21:05:00+00:00,46.45,46.46,46.4,46.42,1562
2026-05-07T21:10:00+00:00,46.42,46.42,46.37,46.398,7266
2026-05-07T21:15:00+00:00,46.399,46.42,46.37,46.39,10118
2026-05-07T21:20:00+00:00,46.39,46.6,46.37,46.495,12447
2026-05-07T21:25:00+00:00,46.5,46.6,46.42,46.6,7851
2026-05-07T21:30:00+00:00,46.55,46.6,46.42,46.44,11261
2026-05-07T21:35:00+00:00,46.43,46.44,46.4,46.4,4310
2026-05-07T21:40:00+00:00,46.4,46.5,46.33,46.36,20555
2026-05-07T21:45:00+00:00,46.36,46.46,46.169,46.169,4096
2026-05-07T21:50:00+00:00,46.22,46.3,46.11,46.16,5802
2026-05-07T21:55:00+00:00,46.14,46.34,46.11,46.23,15291
2026-05-07T22:00:00+00:00,46.191,46.6,46.191,46.467,12257
2026-05-07T22:05:00+00:00,46.46,46.49,46.45,46.47,2016
2026-05-07T22:10:00+00:00,46.47,46.47,46.26,46.374,4249
2026-05-07T22:15:00+00:00,46.38,46.5,46.3,46.44,3877
2026-05-07T22:20:00+00:00,46.42,46.8,46.36,46.74,5112
2026-05-07T22:25:00+00:00,46.719,46.865,46.5,46.84,5139
2026-05-07T22:30:00+00:00,46.835,46.85,46.61,46.67,1893
2026-05-07T22:35:00+00:00,46.69,46.69,46.45,46.469,3547
2026-05-07T22:40:00+00:00,46.49,46.5,46.26,46.28,7264
2026-05-07T22:45:00+00:00,46.25,46.5,46.25,46.37,3902
2026-05-07T22:50:00+00:00,46.5,46.5,46.3,46.4,1004
2026-05-07T22:55:00+00:00,46.39,46.39,46.3,46.331,2473
2026-05-07T23:00:00+00:00,46.37,46.5,46.36,46.47,5202
2026-05-07T23:05:00+00:00,46.47,46.54,46.45,46.496,2778
2026-05-07T23:10:00+00:00,46.49,46.55,46.45,46.55,1755
2026-05-07T23:15:00+00:00,46.63,46.63,46.45,46.451,3153
2026-05-07T23:20:00+00:00,46.46,46.65,46.45,46.65,2603
2026-05-07T23:25:00+00:00,46.665,46.9,46.665,46.839,1285
2026-05-07T23:30:00+00:00,46.85,46.9,46.72,46.84,7931
2026-05-07T23:35:00+00:00,46.838,46.85,46.63,46.72,3959
2026-05-07T23:40:00+00:00,46.68,46.85,46.56,46.58,4370
2026-05-07T23:45:00+00:00,46.58,46.75,46.56,46.73,4661
2026-05-07T23:50:00+00:00,46.73,46.86,46.67,46.793,13671
2026-05-07T23:55:00+00:00,46.8,46.82,46.67,46.681,23536
2026-05-08T08:00:00+00:00,48.0,48.37,47.53,48.25,88584
2026-05-08T08:05:00+00:00,48.24,48.37,47.62,48.3,16905
2026-05-08T08:10:00+00:00,48.29,48.35,48.24,48.3,18901
2026-05-08T08:15:00+00:00,48.28,48.3,48.23,48.29,1044
2026-05-08T08:20:00+00:00,48.28,48.38,48.26,48.37,1517
2026-05-08T08:25:00+00:00,48.37,48.38,48.33,48.37,1445
2026-05-08T08:30:00+00:00,48.37,48.5,48.37,48.47,3532
2026-05-08T08:35:00+00:00,48.48,48.5,48.42,48.45,5198
2026-05-08T08:40:00+00:00,48.45,48.45,48.33,48.35,1606
2026-05-08T08:45:00+00:00,48.35,48.39,48.3,48.36,2588
2026-05-08T08:50:00+00:00,48.4,48.5,48.39,48.41,5129
2026-05-08T08:55:00+00:00,48.39,48.501,48.34,48.36,1656
2026-05-08T09:00:00+00:00,48.34,48.53,48.34,48.53,1432
2026-05-08T09:05:00+00:00,48.52,48.55,48.4,48.47,7506
2026-05-08T09:10:00+00:00,48.47,48.55,48.4,48.55,3161
2026-05-08T09:15:00+00:00,48.52,48.54,48.47,48.5,3553
2026-05-08T09:20:00+00:00,48.5,48.55,48.5,48.53,1545
2026-05-08T09:25:00+00:00,48.54,48.56,48.49,48.52,1057
2026-05-08T09:30:00+00:00,48.52,48.52,48.37,48.37,7425
2026-05-08T09:35:00+00:00,48.4,48.4,48.3,48.3,1478
2026-05-08T09:40:00+00:00,48.35,48.37,48.3,48.32,672
2026-05-08T09:45:00+00:00,48.32,48.36,48.26,48.26,3032
2026-05-08T09:50:00+00:00,48.25,48.3,48.1,48.21,2305
2026-05-08T09:55:00+00:00,48.23,48.3,48.23,48.29,797
2026-05-08T10:00:00+00:00,48.29,48.4,48.29,48.36,2789
2026-05-08T10:05:00+00:00,48.37,48.38,48.3,48.33,798
2026-05-08T10:10:00+00:00,48.3,48.36,48.26,48.31,837
2026-05-08T10:15:00+00:00,48.25,48.38,48.25,48.38,1358
2026-05-08T10:20:00+00:00,48.38,48.41,48.37,48.41,1759
2026-05-08T10:25:00+00:00,48.47,48.47,48.41,48.45,737
2026-05-08T10:30:00+00:00,48.45,48.45,48.4,48.42,4004
2026-05-08T10:35:00+00:00,48.43,48.43,48.41,48.42,1321
2026-05-08T10:40:00+00:00,48.42,48.42,48.41,48.42,511
2026-05-08T10:45:00+00:00,48.41,48.45,48.3,48.3,7745
2026-05-08T10:50:00+00:00,48.3,48.35,48.3,48.33,1467
2026-05-08T10:55:00+00:00,48.31,48.4,48.24,48.4,934
2026-05-08T11:00:00+00:00,48.31,48.345,48.25,48.306,30664
2026-05-08T11:05:00+00:00,48.31,48.37,48.26,48.307,21696
2026-05-08T11:10:00+00:00,48.31,48.31,48.27,48.29,17007
2026-05-08T11:15:00+00:00,48.29,48.37,48.28,48.298,11376
2026-05-08T11:20:00+00:00,48.28,48.39,48.25,48.385,8705
2026-05-08T11:25:00+00:00,48.388,48.46,48.353,48.45,14508
2026-05-08T11:30:00+00:00,48.45,48.46,48.36,48.4,14748
2026-05-08T11:35:00+00:00,48.36,48.45,48.36,48.45,6959
2026-05-08T11:40:00+00:00,48.45,48.47,48.43,48.438,10614
2026-05-08T11:45:00+00:00,48.44,48.49,48.41,48.49,12929
2026-05-08T11:50:00+00:00,48.489,48.55,48.48,48.55,47489
2026-05-08T11:55:00+00:00,48.54,48.54,48.5,48.5,16454
2026-05-08T12:00:00+00:00,48.523,48.53,48.44,48.47,21493
2026-05-08T12:05:00+00:00,48.48,48.54,48.47,48.539,7106
2026-05-08T12:10:00+00:00,48.54,48.54,48.42,48.48,17531
2026-05-08T12:15:00+00:00,48.5,48.54,48.48,48.53,9785
2026-05-08T12:20:00+00:00,48.54,48.57,48.53,48.56,16207
2026-05-08T12:25:00+00:00,48.544,48.57,48.53,48.56,10269
2026-05-08T12:30:00+00:00,48.56,48.78,48.56,48.78,62829
2026-05-08T12:35:00+00:00,48.78,48.92,48.752,48.801,40815
2026-05-08T12:40:00+00:00,48.84,48.974,48.8,48.83,23897
2026-05-08T12:45:00+00:00,48.83,48.94,48.81,48.88,14326
2026-05-08T12:50:00+00:00,48.87,48.89,48.82,48.85,21337
2026-05-08T12:55:00+00:00,48.85,48.98,48.84,48.89,23989
2026-05-08T13:00:00+00:00,48.89,48.99,48.855,48.855,47550
2026-05-08T13:05:00+00:00,48.87,48.9,48.75,48.88,32775
2026-05-08T13:10:00+00:00,48.86,48.88,48.7,48.84,21604
2026-05-08T13:15:00+00:00,48.81,48.84,48.7,48.83,12416
2026-05-08T13:20:00+00:00,48.82,48.9,48.82,48.89,33457
2026-05-08T13:25:00+00:00,48.84,49.0,48.838,48.89,11723
2026-05-08T13:30:00+00:00,49.0,49.71,48.915,49.675,943585
2026-05-08T13:35:00+00:00,49.67,50.15,49.67,50.052,708377
2026-05-08T13:40:00+00:00,50.07,50.17,49.86,50.04,685949
2026-05-08T13:45:00+00:00,50.05,50.42,50.05,50.36,680894
2026-05-08T13:50:00+00:00,50.355,50.6,50.15,50.52,634678
2026-05-08T13:55:00+00:00,50.53,50.81,50.46,50.81,558986
2026-05-08T14:00:00+00:00,50.83,50.95,50.7,50.73,482281
2026-05-08T14:05:00+00:00,50.735,50.78,50.58,50.67,319858
2026-05-08T14:10:00+00:00,50.67,50.67,50.35,50.4,436213
2026-05-08T14:15:00+00:00,50.405,50.705,50.38,50.66,348401
2026-05-08T14:20:00+00:00,50.665,50.85,50.625,50.795,252418
2026-05-08T14:25:00+00:00,50.81,50.96,50.6,50.625,240498
2026-05-08T14:30:00+00:00,50.615,50.88,50.512,50.88,283842
2026-05-08T14:35:00+00:00,50.89,50.9,50.53,50.78,428417
2026-05-08T14:40:00+00:00,50.77,50.809,50.639,50.789,232032
2026-05-08T14:45:00+00:00,50.785,50.93,50.71,50.87,219381
2026-05-08T14:50:00+00:00,50.89,50.96,50.815,50.94,208182
2026-05-08T14:55:00+00:00,50.94,51.23,50.88,51.225,662714
2026-05-08T15:00:00+00:00,51.215,51.31,51.04,51.14,533212
2026-05-08T15:05:00+00:00,51.14,51.32,51.135,51.22,335690
2026-05-08T15:10:00+00:00,51.215,51.37,51.12,51.198,317862
2026-05-08T15:15:00+00:00,51.19,51.27,51.05,51.23,255604
2026-05-08T15:20:00+00:00,51.23,51.465,51.225,51.37,289189
2026-05-08T15:25:00+00:00,51.387,51.51,51.365,51.41,246980
2026-05-08T15:30:00+00:00,51.41,51.41,51.23,51.39,260939
2026-05-08T15:35:00+00:00,51.385,51.44,51.27,51.3,211268
2026-05-08T15:40:00+00:00,51.315,51.36,51.08,51.19,191106
2026-05-08T15:45:00+00:00,51.155,51.4,51.1,51.385,382297
2026-05-08T15:50:00+00:00,51.39,51.59,51.34,51.54,322448
2026-05-08T15:55:00+00:00,51.54,51.69,51.45,51.515,242642
2026-05-08T16:00:00+00:00,51.52,51.71,51.52,51.595,182773
2026-05-08T16:05:00+00:00,51.592,51.73,51.58,51.65,153531
2026-05-08T16:10:00+00:00,51.64,51.78,51.57,51.735,215656
2026-05-08T16:15:00+00:00,51.735,51.89,51.7,51.841,290672
2026-05-08T16:20:00+00:00,51.845,52.01,51.83,51.995,445281
2026-05-08T16:25:00+00:00,51.999,52.3,51.99,52.28,365554
2026-05-08T16:30:00+00:00,52.28,52.36,52.16,52.295,317767
2026-05-08T16:35:00+00:00,52.28,52.28,51.94,52.06,299626
2026-05-08T16:40:00+00:00,52.05,52.08,51.705,51.72,342602
2026-05-08T16:45:00+00:00,51.711,51.98,51.62,51.695,329551
2026-05-08T16:50:00+00:00,51.69,51.72,51.58,51.61,288546
2026-05-08T16:55:00+00:00,51.61,51.9,51.61,51.71,190162
2026-05-08T17:00:00+00:00,51.715,52.01,51.695,51.92,215441
2026-05-08T17:05:00+00:00,51.925,52.0,51.75,52.0,140426
2026-05-08T17:10:00+00:00,51.98,52.01,51.92,51.98,143094
2026-05-08T17:15:00+00:00,51.98,51.98,51.83,51.852,93298
2026-05-08T17:20:00+00:00,51.86,52.19,51.86,52.11,283706
2026-05-08T17:25:00+00:00,52.12,52.225,52.09,52.17,136168
2026-05-08T17:30:00+00:00,52.17,52.22,52.08,52.175,184117
2026-05-08T17:35:00+00:00,52.18,52.27,52.165,52.19,133923
2026-05-08T17:40:00+00:00,52.18,52.22,52.11,52.2,120568
2026-05-08T17:45:00+00:00,52.21,52.24,52.02,52.075,132617
2026-05-08T17:50:00+00:00,52.085,52.09,51.96,52.055,139686
2026-05-08T17:55:00+00:00,52.07,52.113,51.88,51.94,136055
2026-05-08T18:00:00+00:00,51.95,52.07,51.82,51.9,128281
2026-05-08T18:05:00+00:00,51.89,52.05,51.85,51.921,127471
2026-05-08T18:10:00+00:00,51.93,52.11,51.91,52.09,133595
2026-05-08T18:15:00+00:00,52.09,52.11,51.922,51.99,89146
2026-05-08T18:20:00+00:00,51.99,52.19,51.99,52.19,117058
2026-05-08T18:25:00+00:00,52.185,52.23,52.105,52.16,127338
2026-05-08T18:30:00+00:00,52.18,52.18,52.095,52.13,217491
2026-05-08T18:35:00+00:00,52.13,52.2,52.11,52.145,136387
2026-05-08T18:40:00+00:00,52.15,52.345,52.095,52.32,120124
2026-05-08T18:45:00+00:00,52.3,52.35,52.235,52.315,99790
2026-05-08T18:50:00+00:00,52.315,52.53,52.28,52.47,153850
2026-05-08T18:55:00+00:00,52.46,52.47,52.22,52.25,144875
2026-05-08T19:00:00+00:00,52.245,52.37,52.14,52.32,107579
2026-05-08T19:05:00+00:00,52.315,52.575,52.31,52.555,155814
2026-05-08T19:10:00+00:00,52.555,52.63,52.45,52.49,225870
2026-05-08T19:15:00+00:00,52.495,52.58,52.422,52.48,139718
2026-05-08T19:20:00+00:00,52.475,52.53,52.4,52.41,107122
2026-05-08T19:25:00+00:00,52.405,52.405,52.2,52.225,153656
2026-05-08T19:30:00+00:00,52.22,52.32,52.16,52.28,191745
2026-05-08T19:35:00+00:00,52.27,52.467,52.26,52.45,137368
2026-05-08T19:40:00+00:00,52.45,52.56,52.43,52.55,204948
2026-05-08T19:45:00+00:00,52.555,52.61,52.482,52.57,225048
2026-05-08T19:50:00+00:00,52.57,52.65,52.505,52.62,405203
2026-05-08T19:55:00+00:00,52.61,52.8,52.57,52.8,1166813
2026-05-08T20:00:00+00:00,52.8,53.0,52.75,52.945,24637
2026-05-08T20:05:00+00:00,52.975,52.99,52.85,52.853,33371
2026-05-08T20:10:00+00:00,52.851,52.92,52.5,52.79,8339
2026-05-08T20:15:00+00:00,52.79,52.81,52.7,52.769,9576
2026-05-08T20:20:00+00:00,52.76,52.85,52.72,52.79,5172
2026-05-08T20:25:00+00:00,52.805,52.9,52.76,52.8,15617
2026-05-08T20:30:00+00:00,52.8,52.9,52.76,52.85,4322
2026-05-08T20:35:00+00:00,52.88,52.9,52.804,52.84,5839
2026-05-08T20:40:00+00:00,52.84,52.92,52.83,52.871,5598
2026-05-08T20:45:00+00:00,52.9,52.91,52.84,52.849,6246
2026-05-08T20:50:00+00:00,52.85,52.9,52.83,52.88,12173
2026-05-08T20:55:00+00:00,52.9,52.9,52.86,52.87,14279
2026-05-08T21:00:00+00:00,52.87,52.87,52.78,52.8,17258
2026-05-08T21:05:00+00:00,52.8,52.9,52.78,52.87,9928
2026-05-08T21:10:00+00:00,52.9,53.11,52.88,53.11,8186
2026-05-08T21:15:00+00:00,53.06,53.2,53.04,53.15,7323
2026-05-08T21:20:00+00:00,53.17,53.3,53.15,53.28,11535
2026-05-08T21:25:00+00:00,53.28,53.31,53.25,53.289,9737
2026-05-08T21:30:00+00:00,53.26,53.29,53.16,53.23,6072
2026-05-08T21:35:00+00:00,53.23,53.23,53.22,53.23,11295
2026-05-08T21:40:00+00:00,53.23,53.23,53.22,53.23,13223
2026-05-08T21:45:00+00:00,53.23,53.23,53.22,53.23,15513
2026-05-08T21:50:00+00:00,53.23,53.23,53.21,53.23,10610
2026-05-08T21:55:00+00:00,53.22,53.23,53.22,53.22,14096
2026-05-08T22:00:00+00:00,53.23,53.23,53.211,53.23,34501
2026-05-08T22:05:00+00:00,53.23,53.28,53.22,53.28,22099
2026-05-08T22:10:00+00:00,53.3,53.483,53.29,53.4,11712
2026-05-08T22:15:00+00:00,53.398,53.67,53.358,53.53,11617
2026-05-08T22:20:00+00:00,53.6,53.88,53.594,53.84,24052
2026-05-08T22:25:00+00:00,53.81,53.84,53.43,53.52,19241
2026-05-08T22:30:00+00:00,53.52,53.7,53.5,53.7,9255
2026-05-08T22:35:00+00:00,53.7,53.85,53.7,53.74,11689
2026-05-08T22:40:00+00:00,53.74,53.8,53.72,53.799,8574
2026-05-08T22:45:00+00:00,53.79,53.98,53.76,53.89,3922
2026-05-08T22:50:00+00:00,53.953,53.97,53.76,53.77,17265
2026-05-08T22:55:00+00:00,53.8,53.8,53.656,53.76,8711
2026-05-08T23:00:00+00:00,53.769,53.79,53.66,53.72,10740
2026-05-08T23:05:00+00:00,53.7,53.71,53.67,53.7,7565
2026-05-08T23:10:00+00:00,53.71,53.85,53.7,53.767,19274
2026-05-08T23:15:00+00:00,53.75,53.77,53.619,53.65,7950
2026-05-08T23:20:00+00:00,53.65,53.74,53.59,53.72,9418
2026-05-08T23:25:00+00:00,53.72,53.77,53.68,53.74,5078
2026-05-08T23:30:00+00:00,53.76,53.86,53.74,53.85,14702
2026-05-08T23:35:00+00:00,53.864,53.95,53.827,53.93,12375
2026-05-08T23:40:00+00:00,53.929,53.93,53.851,53.92,27701
2026-05-08T23:45:00+00:00,53.92,53.95,53.9,53.95,7568
2026-05-08T23:50:00+00:00,53.947,54.0,53.9,53.949,21171
2026-05-08T23:55:00+00:00,53.935,53.99,53.84,53.88,23238
2026-05-11T08:00:00+00:00,53.76,55.2,53.5,53.72,294575
2026-05-11T08:05:00+00:00,53.71,54.63,52.9,52.96,31139
2026-05-11T08:10:00+00:00,52.95,52.98,52.75,52.92,15946
2026-05-11T08:15:00+00:00,52.88,53.05,52.88,53.0,12344
2026-05-11T08:20:00+00:00,52.98,53.1,52.9,52.9,5029
2026-05-11T08:25:00+00:00,52.87,52.95,52.29,52.3,9814
2026-05-11T08:30:00+00:00,52.3,52.74,52.2,52.68,14300
2026-05-11T08:35:00+00:00,52.64,52.7,52.47,52.48,5824
2026-05-11T08:40:00+00:00,52.49,52.8,52.48,52.79,7915
2026-05-11T08:45:00+00:00,52.83,52.87,52.66,52.87,4485
2026-05-11T08:50:00+00:00,52.87,53.0,52.83,53.0,6005
2026-05-11T08:55:00+00:00,52.99,53.05,52.69,52.73,7973
2026-05-11T09:00:00+00:00,52.73,52.91,52.73,52.89,3741
2026-05-11T09:05:00+00:00,52.92,53.03,52.86,53.01,5695
2026-05-11T09:10:00+00:00,52.98,53.06,52.87,53.06,4879
2026-05-11T09:15:00+00:00,53.03,53.11,52.98,52.98,14862
2026-05-11T09:20:00+00:00,53.04,53.35,52.96,53.29,58182
2026-05-11T09:25:00+00:00,53.24,53.38,53.2,53.3,3405
2026-05-11T09:30:00+00:00,53.32,53.48,53.29,53.29,6463
2026-05-11T09:35:00+00:00,53.31,53.37,53.17,53.2,3916
2026-05-11T09:40:00+00:00,53.2,53.37,53.16,53.35,38467
2026-05-11T09:45:00+00:00,53.37,53.4,53.33,53.34,8849
2026-05-11T09:50:00+00:00,53.35,53.36,53.2,53.25,6323
2026-05-11T09:55:00+00:00,53.24,53.26,53.08,53.11,5739
2026-05-11T10:00:00+00:00,53.11,53.24,53.11,53.15,7642
2026-05-11T10:05:00+00:00,53.12,53.24,53.11,53.24,2030
2026-05-11T10:10:00+00:00,53.23,53.23,53.0,53.03,2555
2026-05-11T10:15:00+00:00,53.01,53.11,52.9,52.9,41234
2026-05-11T10:20:00+00:00,52.92,53.05,52.87,53.0,2214
2026-05-11T10:25:00+00:00,53.0,53.13,53.0,53.13,1732
2026-05-11T10:30:00+00:00,53.18,53.24,53.02,53.03,3029
2026-05-11T10:35:00+00:00,53.02,53.11,52.85,52.85,4579
2026-05-11T10:40:00+00:00,52.85,53.1,52.85,53.06,2164
2026-05-11T10:45:00+00:00,53.06,53.1,52.92,53.08,2255
2026-05-11T10:50:00+00:00,53.16,53.2,53.1,53.17,2570
2026-05-11T10:55:00+00:00,53.18,53.18,53.05,53.09,2579
2026-05-11T11:00:00+00:00,53.09,53.76,53.05,53.65,267078
2026-05-11T11:05:00+00:00,53.67,53.78,53.5,53.72,74370
2026-05-11T11:10:00+00:00,53.69,53.85,53.65,53.73,66530
2026-05-11T11:15:00+00:00,53.75,53.92,53.7,53.9,69996
2026-05-11T11:20:00+00:00,53.9,54.07,53.89,54.01,56852
2026-05-11T11:25:00+00:00,54.01,54.54,54.01,54.41,93476
2026-05-11T11:30:00+00:00,54.44,54.52,54.15,54.25,69590
2026-05-11T11:35:00+00:00,54.24,54.4,54.21,54.26,59905
2026-05-11T11:40:00+00:00,54.28,54.29,54.14,54.19,56682
2026-05-11T11:45:00+00:00,54.19,54.26,54.0,54.2,49505
2026-05-11T11:50:00+00:00,54.23,54.26,54.05,54.15,35650
2026-05-11T11:55:00+00:00,54.179,54.32,54.153,54.32,35299
2026-05-11T12:00:00+00:00,54.319,54.44,54.02,54.05,63010
2026-05-11T12:05:00+00:00,54.021,54.08,53.8,53.94,73218
2026-05-11T12:10:00+00:00,53.88,53.94,53.69,53.7,46099
2026-05-11T12:15:00+00:00,53.7,53.94,53.68,53.75,54058
2026-05-11T12:20:00+00:00,53.74,53.74,53.33,53.67,47261
2026-05-11T12:25:00+00:00,53.699,54.0,53.51,53.8,52219
2026-05-11T12:30:00+00:00,53.86,53.919,53.63,53.725,32155
2026-05-11T12:35:00+00:00,53.728,53.99,53.652,53.869,33726
2026-05-11T12:40:00+00:00,53.86,53.88,53.679,53.679,20045
2026-05-11T12:45:00+00:00,53.65,53.87,53.54,53.87,22504
2026-05-11T12:50:00+00:00,53.87,54.229,53.84,54.2,36669
2026-05-11T12:55:00+00:00,54.2,54.35,54.19,54.3,60989
2026-05-11T13:00:00+00:00,54.283,54.5,54.25,54.49,66046
2026-05-11T13:05:00+00:00,54.48,54.85,54.46,54.501,100520
2026-05-11T13:10:00+00:00,54.5,54.79,54.39,54.664,87149
2026-05-11T13:15:00+00:00,54.66,54.79,54.33,54.399,99060
2026-05-11T13:20:00+00:00,54.31,55.0,54.25,54.57,94392
2026-05-11T13:25:00+00:00,54.57,55.15,54.52,54.91,146582
2026-05-11T13:30:00+00:00,54.91,56.31,54.535,56.145,3201305
2026-05-11T13:35:00+00:00,56.145,56.16,54.36,54.78,2458010
2026-05-11T13:40:00+00:00,54.76,55.27,54.51,55.255,1842621
2026-05-11T13:45:00+00:00,55.255,55.3,54.63,54.695,1238595
2026-05-11T13:50:00+00:00,54.695,54.915,54.26,54.41,1382496
2026-05-11T13:55:00+00:00,54.405,54.54,54.01,54.1,1143673
2026-05-11T14:00:00+00:00,54.1,54.729,54.0,54.425,985423
2026-05-11T14:05:00+00:00,54.425,54.9,54.42,54.645,993880
2026-05-11T14:10:00+00:00,54.645,54.87,54.332,54.77,722695
2026-05-11T14:15:00+00:00,54.76,54.95,54.61,54.88,552535
2026-05-11T14:20:00+00:00,54.875,54.89,54.62,54.65,620580
2026-05-11T14:25:00+00:00,54.65,54.7,54.04,54.05,665595
2026-05-11T14:30:00+00:00,54.09,54.46,54.01,54.45,647503
2026-05-11T14:35:00+00:00,54.45,54.96,54.42,54.927,801694
2026-05-11T14:40:00+00:00,54.92,55.39,54.81,55.22,1286046
2026-05-11T14:45:00+00:00,55.23,55.35,54.98,55.245,891295
2026-05-11T14:50:00+00:00,55.245,55.35,54.82,55.25,639014
2026-05-11T14:55:00+00:00,55.25,55.29,55.065,55.25,458890
2026-05-11T15:00:00+00:00,55.25,55.5,55.18,55.33,838990
2026-05-11T15:05:00+00:00,55.321,55.36,54.98,55.16,455650
2026-05-11T15:10:00+00:00,55.163,55.23,54.91,54.96,355948
2026-05-11T15:15:00+00:00,54.955,55.02,54.8,54.909,706351
2026-05-11T15:20:00+00:00,54.91,55.15,54.87,55.14,349759
2026-05-11T15:25:00+00:00,55.133,55.2,55.025,55.1,235767
2026-05-11T15:30:00+00:00,55.1,55.3,55.075,55.3,272751
2026-05-11T15:35:00+00:00,55.29,55.39,55.11,55.36,357628
2026-05-11T15:40:00+00:00,55.355,55.47,55.269,55.325,442160
2026-05-11T15:45:00+00:00,55.3,55.4,55.27,55.39,253303
2026-05-11T15:50:00+00:00,55.4,55.61,55.3,55.61,371547
2026-05-11T15:55:00+00:00,55.62,55.69,55.55,55.67,576234
2026-05-11T16:00:00+00:00,55.671,55.87,55.66,55.86,308935
2026-05-11T16:05:00+00:00,55.86,55.89,55.62,55.79,500446
2026-05-11T16:10:00+00:00,55.78,55.9,55.7,55.84,404869
2026-05-11T16:15:00+00:00,55.82,55.84,55.38,55.44,327762
2026-05-11T16:20:00+00:00,55.44,55.44,55.24,55.44,397994
2026-05-11T16:25:00+00:00,55.435,55.53,55.35,55.41,219013
2026-05-11T16:30:00+00:00,55.41,55.6,55.39,55.485,222061
2026-05-11T16:35:00+00:00,55.49,55.579,55.33,55.409,278275
2026-05-11T16:40:00+00:00,55.409,55.43,55.09,55.37,376083
2026-05-11T16:45:00+00:00,55.39,55.605,55.32,55.475,308668
2026-05-11T16:50:00+00:00,55.475,55.611,55.42,55.55,309895
2026-05-11T16:55:00+00:00,55.559,55.65,55.535,55.605,226796
2026-05-11T17:00:00+00:00,55.605,55.88,55.605,55.87,422945
2026-05-11T17:05:00+00:00,55.865,55.94,55.71,55.785,398861
2026-05-11T17:10:00+00:00,55.79,55.79,55.48,55.61,320103
2026-05-11T17:15:00+00:00,55.58,55.63,55.45,55.55,240279
2026-05-11T17:20:00+00:00,55.55,55.78,55.54,55.76,279281
2026-05-11T17:25:00+00:00,55.76,55.84,55.72,55.8,250538
2026-05-11T17:30:00+00:00,55.8,55.88,55.66,55.78,270922
2026-05-11T17:35:00+00:00,55.78,55.97,55.773,55.92,272747
2026-05-11T17:40:00+00:00,55.92,56.02,55.88,55.9,301776
2026-05-11T17:45:00+00:00,55.89,56.08,55.8,56.005,309419
2026-05-11T17:50:00+00:00,56.0,56.02,55.85,55.86,232123
2026-05-11T17:55:00+00:00,55.885,55.94,55.64,55.849,274234
2026-05-11T18:00:00+00:00,55.82,55.91,55.53,55.825,340329
2026-05-11T18:05:00+00:00,55.83,55.92,55.74,55.9,263141
2026-05-11T18:10:00+00:00,55.895,55.93,55.81,55.84,248867
2026-05-11T18:15:00+00:00,55.84,55.89,55.79,55.89,165627
2026-05-11T18:20:00+00:00,55.89,55.939,55.773,55.89,356483
2026-05-11T18:25:00+00:00,55.92,56.07,55.91,56.06,239503
2026-05-11T18:30:00+00:00,56.058,56.18,56.04,56.13,464512
2026-05-11T18:35:00+00:00,56.133,56.38,56.13,56.2,363646
2026-05-11T18:40:00+00:00,56.185,56.28,56.08,56.26,228926
2026-05-11T18:45:00+00:00,56.265,56.29,56.11,56.115,210874
2026-05-11T18:50:00+00:00,56.115,56.22,56.1,56.19,150387
2026-05-11T18:55:00+00:00,56.195,56.3,55.86,55.9,323101
2026-05-11T19:00:00+00:00,55.905,55.97,55.81,55.895,312344
2026-05-11T19:05:00+00:00,55.87,56.205,55.87,56.085,372789
2026-05-11T19:10:00+00:00,56.085,56.1,55.83,55.97,221890
2026-05-11T19:15:00+00:00,55.97,55.98,55.79,55.85,210571
2026-05-11T19:20:00+00:00,55.85,55.89,55.7,55.705,341069
2026-05-11T19:25:00+00:00,55.7,55.72,55.33,55.34,603099
2026-05-11T19:30:00+00:00,55.36,55.6,55.25,55.261,408066
2026-05-11T19:35:00+00:00,55.25,55.31,55.1,55.21,400200
2026-05-11T19:40:00+00:00,55.2,55.36,55.05,55.22,424683
2026-05-11T19:45:00+00:00,55.21,55.37,55.19,55.29,393221
2026-05-11T19:50:00+00:00,55.27,55.54,55.23,55.35,459069
2026-05-11T19:55:00+00:00,55.33,55.39,55.08,55.08,668186
2026-05-11T20:00:00+00:00,55.269,55.27,55.08,55.19,11423
2026-05-11T20:05:00+00:00,55.18,55.4,55.18,55.4,14245
2026-05-11T20:10:00+00:00,55.41,55.5,55.0,55.3,17881
2026-05-11T20:15:00+00:00,55.33,55.344,55.1,55.16,7975
2026-05-11T20:20:00+00:00,55.18,55.2,55.099,55.19,12589
2026-05-11T20:25:00+00:00,55.2,55.2,55.11,55.189,11458
2026-05-11T20:30:00+00:00,55.17,55.38,55.17,55.35,13294
2026-05-11T20:35:00+00:00,55.347,55.47,55.32,55.42,45070
2026-05-11T20:40:00+00:00,55.41,55.44,55.39,55.41,21195
2026-05-11T20:45:00+00:00,55.42,55.44,55.25,55.25,45320
2026-05-11T20:50:00+00:00,55.26,55.4,55.09,55.29,15874
2026-05-11T20:55:00+00:00,55.28,55.4,55.28,55.357,4996
2026-05-11T21:00:00+00:00,55.36,55.36,55.09,55.09,4101
2026-05-11T21:05:00+00:00,55.1,55.14,54.95,55.0,15862
2026-05-11T21:10:00+00:00,54.98,55.0,54.73,54.73,12336
2026-05-11T21:15:00+00:00,54.74,54.89,54.74,54.81,24257
2026-05-11T21:20:00+00:00,54.81,55.14,54.8,55.06,5291
2026-05-11T21:25:00+00:00,55.054,55.15,54.97,55.146,9485
2026-05-11T21:30:00+00:00,55.146,55.15,55.0,55.0,11464
2026-05-11T21:35:00+00:00,55.008,55.06,55.008,55.049,6527
2026-05-11T21:40:00+00:00,55.05,55.12,55.04,55.09,12976
2026-05-11T21:45:00+00:00,55.08,55.12,55.03,55.06,4873
2026-05-11T21:50:00+00:00,55.06,55.19,55.05,55.15,14352
2026-05-11T21:55:00+00:00,55.15,55.15,55.14,55.15,7584
2026-05-11T22:00:00+00:00,55.14,55.35,55.14,55.34,13020
2026-05-11T22:05:00+00:00,55.33,55.35,55.3,55.34,14670
2026-05-11T22:10:00+00:00,55.331,55.34,55.26,55.33,34222
2026-05-11T22:15:00+00:00,55.32,55.33,55.267,55.29,14495
2026-05-11T22:20:00+00:00,55.28,55.49,55.28,55.45,42977
2026-05-11T22:25:00+00:00,55.45,55.46,55.4,55.46,10012
2026-05-11T22:30:00+00:00,55.46,55.72,55.45,55.699,17149
2026-05-11T22:35:00+00:00,55.7,55.8,55.68,55.78,22542
2026-05-11T22:40:00+00:00,55.778,55.8,55.75,55.79,47294
2026-05-11T22:45:00+00:00,55.79,55.88,55.75,55.81,14967
2026-05-11T22:50:00+00:00,55.86,55.88,55.71,55.733,17492
2026-05-11T22:55:00+00:00,55.78,55.78,55.641,55.66,36642
2026-05-11T23:00:00+00:00,55.64,55.66,55.5,55.516,22175
2026-05-11T23:05:00+00:00,55.487,55.54,55.3,55.502,18576
2026-05-11T23:10:00+00:00,55.54,55.68,55.51,55.66,12259
2026-05-11T23:15:00+00:00,55.66,55.72,55.624,55.67,9992
2026-05-11T23:20:00+00:00,55.67,55.7,55.64,55.699,12213
2026-05-11T23:25:00+00:00,55.68,55.696,55.62,55.65,8523
2026-05-11T23:30:00+00:00,55.637,55.69,55.61,55.67,9253
2026-05-11T23:35:00+00:00,55.65,55.67,55.6,55.66,7588
2026-05-11T23:40:00+00:00,55.63,55.651,55.62,55.64,9540
2026-05-11T23:45:00+00:00,55.65,55.68,55.58,55.648,14348
2026-05-11T23:50:00+00:00,55.633,55.65,55.58,55.65,17211
2026-05-11T23:55:00+00:00,55.65,55.65,55.452,55.529,18978
2026-05-12T08:00:00+00:00,55.08,55.08,51.86,52.67,123390
2026-05-12T08:05:00+00:00,52.707,53.03,51.88,52.37,28343
2026-05-12T08:10:00+00:00,52.4,52.46,52.23,52.23,3984
2026-05-12T08:15:00+00:00,52.2,52.5,52.16,52.39,2455
2026-05-12T08:20:00+00:00,52.39,52.54,52.37,52.53,1181
2026-05-12T08:25:00+00:00,52.53,52.75,52.45,52.728,5099
2026-05-12T08:30:00+00:00,52.71,52.8,52.58,52.71,5296
2026-05-12T08:35:00+00:00,52.66,52.85,52.6,52.8,6612
2026-05-12T08:40:00+00:00,52.79,52.8,52.58,52.6,2579
2026-05-12T08:45:00+00:00,52.59,52.645,52.52,52.56,3555
2026-05-12T08:50:00+00:00,52.55,52.598,52.5,52.5,1011
2026-05-12T08:55:00+00:00,52.5,52.59,52.42,52.55,2227
2026-05-12T09:00:00+00:00,52.55,52.6,52.43,52.43,1419
2026-05-12T09:05:00+00:00,52.43,52.59,52.2,52.23,2789
2026-05-12T09:10:00+00:00,52.23,52.46,52.23,52.39,1235
2026-05-12T09:15:00+00:00,52.39,52.46,52.2,52.2,1185
2026-05-12T09:20:00+00:00,52.2,52.2,52.1,52.2,2075
2026-05-12T09:25:00+00:00,52.19,52.21,52.12,52.17,2626
2026-05-12T09:30:00+00:00,52.19,52.42,52.15,52.31,4668
2026-05-12T09:35:00+00:00,52.31,52.35,52.31,52.31,1520
2026-05-12T09:40:00+00:00,52.31,52.46,52.31,52.35,881
2026-05-12T09:45:00+00:00,52.35,52.35,52.22,52.33,1595
2026-05-12T09:50:00+00:00,52.32,52.34,52.22,52.23,2141
2026-05-12T09:55:00+00:00,52.23,52.25,52.15,52.18,1497
2026-05-12T10:00:00+00:00,52.19,52.29,52.15,52.28,945
2026-05-12T10:05:00+00:00,52.28,52.29,52.25,52.28,1279
2026-05-12T10:10:00+00:00,52.29,52.4,52.29,52.37,1812
2026-05-12T10:15:00+00:00,52.37,52.38,52.15,52.2,1916
2026-05-12T10:20:00+00:00,52.15,52.26,52.15,52.26,887
2026-05-12T10:25:00+00:00,52.26,52.27,52.23,52.25,5984
2026-05-12T10:30:00+00:00,52.25,52.25,52.14,52.15,1707
2026-05-12T10:35:00+00:00,52.15,52.15,52.05,52.06,2177
2026-05-12T10:40:00+00:00,52.05,52.1,51.98,52.0,4444
2026-05-12T10:45:00+00:00,51.99,52.0,51.85,51.94,3171
2026-05-12T10:50:00+00:00,51.94,52.01,51.9,51.93,2345
2026-05-12T10:55:00+00:00,51.93,52.05,51.92,52.05,4245
2026-05-12T11:00:00+00:00,52.05,52.4,52.0,52.0,121308
2026-05-12T11:05:00+00:00,52.037,52.037,51.791,51.87,51922
2026-05-12T11:10:00+00:00,51.87,51.99,51.563,51.64,39884
2026-05-12T11:15:00+00:00,51.61,51.64,51.54,51.569,36246
2026-05-12T11:20:00+00:00,51.54,51.57,51.5,51.52,116625
2026-05-12T11:25:00+00:00,51.52,51.66,51.48,51.63,26795
2026-05-12T11:30:00+00:00,51.629,51.73,51.55,51.591,34501
2026-05-12T11:35:00+00:00,51.598,51.647,51.53,51.647,29675
2026-05-12T11:40:00+00:00,51.649,51.73,51.577,51.65,32042
2026-05-12T11:45:00+00:00,51.65,51.73,51.6,51.713,27168
2026-05-12T11:50:00+00:00,51.73,51.73,51.63,51.67,19469
2026-05-12T11:55:00+00:00,51.64,51.7,51.63,51.659,15859
2026-05-12T12:00:00+00:00,51.66,51.66,51.47,51.5,62150
2026-05-12T12:05:00+00:00,51.474,51.5,51.36,51.39,36705
2026-05-12T12:10:00+00:00,51.39,51.62,51.37,51.58,32414
2026-05-12T12:15:00+00:00,51.59,51.62,51.51,51.54,39940
2026-05-12T12:20:00+00:00,51.539,51.55,51.42,51.44,19258
2026-05-12T12:25:00+00:00,51.44,51.5,51.4,51.47,50075
2026-05-12T12:30:00+00:00,51.47,51.65,51.28,51.65,84595
2026-05-12T12:35:00+00:00,51.65,52.39,51.64,52.207,135442
2026-05-12T12:40:00+00:00,52.25,52.33,52.04,52.129,75235
2026-05-12T12:45:00+00:00,52.13,52.46,52.12,52.294,62088
2026-05-12T12:50:00+00:00,52.251,52.4,52.24,52.32,26440
2026-05-12T12:55:00+00:00,52.313,52.32,52.09,52.15,54089
2026-05-12T13:00:00+00:00,52.157,52.16,51.82,51.849,28406
2026-05-12T13:05:00+00:00,51.878,51.89,51.8,51.87,42314
2026-05-12T13:10:00+00:00,51.86,51.96,51.8,51.81,26337
2026-05-12T13:15:00+00:00,51.812,51.812,51.63,51.648,36439
2026-05-12T13:20:00+00:00,51.629,51.8,51.56,51.8,62384
2026-05-12T13:25:00+00:00,51.8,52.07,51.79,51.99,10015
2026-05-12T13:30:00+00:00,52.03,52.04,51.42,51.95,1449843
2026-05-12T13:35:00+00:00,51.941,52.56,51.52,52.52,1345135
2026-05-12T13:40:00+00:00,52.52,52.93,52.36,52.848,1419378
2026-05-12T13:45:00+00:00,52.87,52.965,52.421,52.565,1206039
2026-05-12T13:50:00+00:00,52.588,52.63,52.11,52.14,805197
2026-05-12T13:55:00+00:00,52.1,52.198,51.4,51.5,1116950
2026-05-12T14:00:00+00:00,51.51,51.98,51.35,51.59,885590
2026-05-12T14:05:00+00:00,51.59,51.89,51.52,51.83,507572
2026-05-12T14:10:00+00:00,51.84,52.0,51.56,51.9,371339
2026-05-12T14:15:00+00:00,51.88,51.99,51.461,51.815,938916
2026-05-12T14:20:00+00:00,51.82,51.85,51.49,51.51,401134
2026-05-12T14:25:00+00:00,51.505,51.585,51.0,51.02,697240
2026-05-12T14:30:00+00:00,51.025,51.09,50.58,50.745,942739
2026-05-12T14:35:00+00:00,50.76,51.26,50.61,51.19,570100
2026-05-12T14:40:00+00:00,51.185,51.44,50.99,51.12,481918
2026-05-12T14:45:00+00:00,51.18,51.18,50.9,50.915,430578
2026-05-12T14:50:00+00:00,50.93,51.11,50.7,50.976,306617
2026-05-12T14:55:00+00:00,50.965,51.039,50.55,50.721,268196
2026-05-12T15:00:00+00:00,50.76,50.83,50.42,50.43,438404
2026-05-12T15:05:00+00:00,50.423,50.68,50.35,50.64,339207
2026-05-12T15:10:00+00:00,50.635,50.65,50.1,50.11,466461
2026-05-12T15:15:00+00:00,50.12,50.138,49.71,49.955,839300
2026-05-12T15:20:00+00:00,49.94,50.05,49.5,49.6,787690
2026-05-12T15:25:00+00:00,49.6,49.75,49.38,49.463,702840
2026-05-12T15:30:00+00:00,49.5,49.96,49.465,49.96,536414
2026-05-12T15:35:00+00:00,49.951,50.17,49.75,49.97,618131
2026-05-12T15:40:00+00:00,49.97,50.09,49.68,49.9,325557
2026-05-12T15:45:00+00:00,49.943,49.985,49.58,49.75,258442
2026-05-12T15:50:00+00:00,49.74,49.76,49.12,49.135,614288
2026-05-12T15:55:00+00:00,49.1,49.14,48.88,48.965,633920
2026-05-12T16:00:00+00:00,48.965,49.45,48.81,49.312,491733
2026-05-12T16:05:00+00:00,49.28,49.4,49.04,49.095,573393
2026-05-12T16:10:00+00:00,49.07,49.59,49.05,49.532,271042
2026-05-12T16:15:00+00:00,49.55,49.58,49.2,49.235,237567
2026-05-12T16:20:00+00:00,49.209,49.44,48.96,49.032,262177
2026-05-12T16:25:00+00:00,49.06,49.09,48.79,48.81,263323
2026-05-12T16:30:00+00:00,48.826,48.95,48.5,48.57,307069
2026-05-12T16:35:00+00:00,48.58,48.876,48.55,48.82,499672
2026-05-12T16:40:00+00:00,48.815,48.82,48.5,48.67,449621
2026-05-12T16:45:00+00:00,48.688,48.74,48.5,48.57,303889
2026-05-12T16:50:00+00:00,48.561,48.655,48.32,48.42,391004
2026-05-12T16:55:00+00:00,48.415,48.77,48.4,48.665,401023
2026-05-12T17:00:00+00:00,48.665,48.95,48.62,48.875,341148
2026-05-12T17:05:00+00:00,48.89,49.32,48.875,49.135,478834
2026-05-12T17:10:00+00:00,49.125,49.47,49.125,49.46,411470
2026-05-12T17:15:00+00:00,49.46,49.8,49.38,49.7,579467
2026-05-12T17:20:00+00:00,49.72,49.99,49.55,49.81,464258
2026-05-12T17:25:00+00:00,49.828,49.83,49.41,49.68,331638
2026-05-12T17:30:00+00:00,49.7,50.03,49.62,49.93,383953
2026-05-12T17:35:00+00:00,49.9,49.94,49.66,49.82,313956
2026-05-12T17:40:00+00:00,49.823,49.9,49.71,49.79,156246
2026-05-12T17:45:00+00:00,49.8,49.925,49.775,49.925,227973
2026-05-12T17:50:00+00:00,49.906,49.98,49.712,49.95,197133
2026-05-12T17:55:00+00:00,49.96,50.14,49.8,50.115,330224
2026-05-12T18:00:00+00:00,50.115,50.42,50.1,50.305,607417
2026-05-12T18:05:00+00:00,50.305,50.44,50.13,50.13,378453
2026-05-12T18:10:00+00:00,50.14,50.4,50.07,50.39,175484
2026-05-12T18:15:00+00:00,50.399,50.48,50.13,50.25,260424
2026-05-12T18:20:00+00:00,50.23,50.4,50.205,50.26,277814
2026-05-12T18:25:00+00:00,50.25,50.7,50.25,50.56,326189
2026-05-12T18:30:00+00:00,50.57,50.8,50.51,50.58,290515
2026-05-12T18:35:00+00:00,50.58,50.8,50.51,50.62,312670
2026-05-12T18:40:00+00:00,50.62,50.75,50.51,50.53,204485
2026-05-12T18:45:00+00:00,50.54,50.55,50.17,50.285,317320
2026-05-12T18:50:00+00:00,50.3,50.61,50.27,50.595,298343
2026-05-12T18:55:00+00:00,50.595,50.65,50.12,50.22,269390
2026-05-12T19:00:00+00:00,50.22,50.55,50.211,50.466,157476
2026-05-12T19:05:00+00:00,50.43,50.594,50.3,50.355,147992
2026-05-12T19:10:00+00:00,50.36,50.93,50.36,50.815,265802
2026-05-12T19:15:00+00:00,50.81,50.96,50.732,50.81,306881
2026-05-12T19:20:00+00:00,50.829,50.86,50.48,50.67,285985
2026-05-12T19:25:00+00:00,50.675,50.72,50.52,50.6,191302
2026-05-12T19:30:00+00:00,50.605,51.005,50.605,50.98,244464
2026-05-12T19:35:00+00:00,50.977,51.08,50.901,51.07,239911
2026-05-12T19:40:00+00:00,51.07,51.15,51.002,51.07,238661
2026-05-12T19:45:00+00:00,51.06,51.37,51.01,51.255,689546
2026-05-12T19:50:00+00:00,51.26,51.48,51.12,51.399,599579
2026-05-12T19:55:00+00:00,51.395,51.5,51.21,51.3,567143
2026-05-12T20:00:00+00:00,51.27,51.31,51.1,51.12,19010
2026-05-12T20:05:00+00:00,51.12,51.15,51.1,51.139,29805
2026-05-12T20:10:00+00:00,51.13,51.55,51.13,51.55,16887
2026-05-12T20:15:00+00:00,51.5,51.6,51.5,51.55,28207
2026-05-12T20:20:00+00:00,51.53,51.54,51.45,51.46,30566
2026-05-12T20:25:00+00:00,51.46,51.55,51.41,51.47,26601
2026-05-12T20:30:00+00:00,51.47,51.5,51.42,51.48,12779
2026-05-12T20:35:00+00:00,51.5,51.55,51.47,51.55,62088
2026-05-12T20:40:00+00:00,51.548,51.55,51.5,51.54,14611
2026-05-12T20:45:00+00:00,51.535,51.55,51.53,51.55,16924
2026-05-12T20:50:00+00:00,51.55,51.56,51.5,51.54,20737
2026-05-12T20:55:00+00:00,51.539,51.54,51.52,51.54,17790
2026-05-12T21:00:00+00:00,51.54,51.54,51.53,51.54,11958
2026-05-12T21:05:00+00:00,51.53,51.58,51.53,51.58,12283
2026-05-12T21:10:00+00:00,51.58,51.68,51.56,51.65,13249
2026-05-12T21:15:00+00:00,51.66,51.76,51.66,51.75,10691
2026-05-12T21:20:00+00:00,51.75,51.77,51.72,51.76,20133
2026-05-12T21:25:00+00:00,51.76,51.76,51.74,51.744,24882
2026-05-12T21:30:00+00:00,51.75,51.75,51.689,51.69,21651
2026-05-12T21:35:00+00:00,51.69,51.74,51.6,51.737,15527
2026-05-12T21:40:00+00:00,51.73,51.75,51.72,51.75,20994
2026-05-12T21:45:00+00:00,51.75,51.87,51.73,51.87,19932
2026-05-12T21:50:00+00:00,51.89,51.97,51.871,51.92,21245
2026-05-12T21:55:00+00:00,51.93,51.93,51.909,51.92,16147
2026-05-12T22:00:00+00:00,51.92,51.99,51.92,51.98,22578
2026-05-12T22:05:00+00:00,51.98,51.98,51.954,51.98,41085
2026-05-12T22:10:00+00:00,51.98,51.98,51.95,51.98,19600
2026-05-12T22:15:00+00:00,51.98,52.0,51.95,51.98,26221
2026-05-12T22:20:00+00:00,51.99,51.99,51.95,51.95,34378
2026-05-12T22:25:00+00:00,51.96,51.96,51.95,51.96,16404
2026-05-12T22:30:00+00:00,51.96,51.96,51.9,51.9,7593
2026-05-12T22:35:00+00:00,51.9,51.9,51.88,51.88,15711
2026-05-12T22:40:00+00:00,51.89,51.89,51.85,51.859,16910
2026-05-12T22:45:00+00:00,51.86,51.86,51.79,51.85,12505
2026-05-12T22:50:00+00:00,51.846,51.85,51.79,51.82,13529
2026-05-12T22:55:00+00:00,51.81,51.82,51.741,51.741,18754
2026-05-12T23:00:00+00:00,51.75,51.75,51.51,51.57,32728
2026-05-12T23:05:00+00:00,51.512,51.75,51.51,51.55,15223
2026-05-12T23:10:00+00:00,51.59,51.6,51.399,51.399,19756
2026-05-12T23:15:00+00:00,51.38,51.44,51.3,51.43,27817
2026-05-12T23:20:00+00:00,51.43,51.43,51.25,51.25,11722
2026-05-12T23:25:00+00:00,51.244,51.25,51.0,51.0,20935
2026-05-12T23:30:00+00:00,51.0,51.0,50.8,50.8,29867
2026-05-12T23:35:00+00:00,50.8,50.855,50.42,50.47,37107
2026-05-12T23:40:00+00:00,50.509,50.51,50.2,50.32,41971
2026-05-12T23:45:00+00:00,50.323,50.6,50.323,50.49,16891
2026-05-12T23:50:00+00:00,50.52,50.58,50.4,50.426,17213
2026-05-12T23:55:00+00:00,50.4,50.4,50.0,50.01,35606
2026-05-13T08:00:00+00:00,53.61,54.72,53.58,54.57,108278
2026-05-13T08:05:00+00:00,54.57,54.73,53.59,54.55,9929
2026-05-13T08:10:00+00:00,54.55,54.65,54.53,54.6,3551
2026-05-13T08:15:00+00:00,54.6,54.81,54.59,54.8,4285
2026-05-13T08:20:00+00:00,54.74,54.79,54.602,54.602,1333
2026-05-13T08:25:00+00:00,54.61,54.83,54.61,54.83,1859
2026-05-13T08:30:00+00:00,54.84,54.86,54.76,54.78,1305
2026-05-13T08:35:00+00:00,54.81,54.96,54.76,54.76,844
2026-05-13T08:40:00+00:00,54.81,54.94,54.6,54.66,1616
2026-05-13T08:45:00+00:00,54.66,54.81,54.66,54.72,3073
2026-05-13T08:50:00+00:00,54.72,54.81,54.72,54.75,5150
2026-05-13T08:55:00+00:00,54.74,54.78,54.701,54.701,3841
2026-05-13T09:00:00+00:00,54.701,54.74,54.6,54.6,797
2026-05-13T09:05:00+00:00,54.59,54.59,54.5,54.51,2156
2026-05-13T09:10:00+00:00,54.53,54.59,54.47,54.57,692
2026-05-13T09:15:00+00:00,54.54,54.61,54.46,54.46,10711
2026-05-13T09:20:00+00:00,54.46,54.49,54.444,54.46,399
2026-05-13T09:25:00+00:00,54.47,54.65,54.47,54.62,1029
2026-05-13T09:30:00+00:00,54.6,54.68,54.58,54.67,1177
2026-05-13T09:35:00+00:00,54.68,54.72,54.68,54.7,153
2026-05-13T09:40:00+00:00,54.74,54.74,54.64,54.65,819
2026-05-13T09:45:00+00:00,54.68,54.69,54.66,54.67,312
2026-05-13T09:50:00+00:00,54.73,54.73,54.65,54.68,992
2026-05-13T09:55:00+00:00,54.69,54.85,54.69,54.85,442
2026-05-13T10:00:00+00:00,54.85,54.85,54.76,54.82,957
2026-05-13T10:05:00+00:00,54.82,54.84,54.81,54.84,196
2026-05-13T10:10:00+00:00,54.84,54.84,54.71,54.72,1800
2026-05-13T10:15:00+00:00,54.71,54.72,54.69,54.7,457
2026-05-13T10:20:00+00:00,54.7,54.72,54.66,54.66,225
2026-05-13T10:25:00+00:00,54.66,54.68,54.6,54.61,2171
2026-05-13T10:30:00+00:00,54.61,54.62,54.51,54.51,3788
2026-05-13T10:35:00+00:00,54.51,54.65,54.51,54.65,2439
2026-05-13T10:40:00+00:00,54.68,54.79,54.68,54.79,440
2026-05-13T10:45:00+00:00,54.79,54.8,54.76,54.76,9207
2026-05-13T10:50:00+00:00,54.73,54.73,54.72,54.73,2125
2026-05-13T10:55:00+00:00,54.73,54.76,54.72,54.76,453
2026-05-13T11:00:00+00:00,54.74,54.78,54.5,54.51,126351
2026-05-13T11:05:00+00:00,54.51,54.51,54.4,54.41,67640
2026-05-13T11:10:00+00:00,54.4,54.55,54.33,54.539,55308
2026-05-13T11:15:00+00:00,54.52,54.52,54.44,54.46,72618
2026-05-13T11:20:00+00:00,54.479,54.48,54.24,54.27,38737
2026-05-13T11:25:00+00:00,54.271,54.39,54.22,54.34,49964
2026-05-13T11:30:00+00:00,54.35,54.6,54.32,54.57,44633
2026-05-13T11:35:00+00:00,54.561,54.58,54.45,54.45,35936
2026-05-13T11:40:00+00:00,54.457,54.58,54.45,54.567,23262
2026-05-13T11:45:00+00:00,54.57,54.63,54.54,54.54,41875
2026-05-13T11:50:00+00:00,54.55,54.73,54.54,54.73,17203
2026-05-13T11:55:00+00:00,54.73,54.8,54.71,54.76,25587
2026-05-13T12:00:00+00:00,54.757,54.84,54.74,54.83,26188
2026-05-13T12:05:00+00:00,54.835,54.84,54.751,54.769,24536
2026-05-13T12:10:00+00:00,54.77,54.8,54.69,54.8,22300
2026-05-13T12:15:00+00:00,54.791,54.81,54.74,54.769,52406
2026-05-13T12:20:00+00:00,54.77,54.77,54.74,54.75,49472
2026-05-13T12:25:00+00:00,54.75,54.78,54.72,54.76,27566
2026-05-13T12:30:00+00:00,54.72,54.74,54.11,54.34,73421
2026-05-13T12:35:00+00:00,54.35,54.45,53.69,53.7,89073
2026-05-13T12:40:00+00:00,53.65,54.0,53.48,53.98,85144
2026-05-13T12:45:00+00:00,53.95,54.19,53.9,53.93,45606
2026-05-13T12:50:00+00:00,53.93,54.0,53.75,53.75,47530
2026-05-13T12:55:00+00:00,53.76,53.82,53.51,53.66,41557
2026-05-13T13:00:00+00:00,53.631,54.06,53.617,53.98,39632
2026-05-13T13:05:00+00:00,53.979,54.14,53.909,53.921,38183
2026-05-13T13:10:00+00:00,53.92,54.01,53.92,53.984,33384
2026-05-13T13:15:00+00:00,53.98,54.27,53.98,54.25,51679
2026-05-13T13:20:00+00:00,54.25,54.368,54.12,54.35,33621
2026-05-13T13:25:00+00:00,54.38,54.58,54.31,54.56,50165
2026-05-13T13:30:00+00:00,54.67,54.68,53.935,54.15,1316076
2026-05-13T13:35:00+00:00,54.14,54.15,53.1,53.355,1063906
2026-05-13T13:40:00+00:00,53.355,53.96,53.33,53.691,756815
2026-05-13T13:45:00+00:00,53.695,53.78,52.94,53.27,730471
2026-05-13T13:50:00+00:00,53.29,53.93,52.88,53.92,701942
2026-05-13T13:55:00+00:00,53.93,54.06,53.5,53.7,559876
2026-05-13T14:00:00+00:00,53.65,53.736,53.43,53.47,260341
2026-05-13T14:05:00+00:00,53.485,53.59,53.02,53.28,405526
2026-05-13T14:10:00+00:00,53.265,53.48,53.08,53.45,239640
2026-05-13T14:15:00+00:00,53.455,53.63,53.27,53.49,285217
2026-05-13T14:20:00+00:00,53.5,54.04,53.5,53.995,402890
2026-05-13T14:25:00+00:00,53.991,54.24,53.95,54.12,439546
2026-05-13T14:30:00+00:00,54.12,54.49,54.11,54.48,492299
2026-05-13T14:35:00+00:00,54.48,54.61,54.32,54.475,645029
2026-05-13T14:40:00+00:00,54.473,54.49,54.35,54.38,344168
2026-05-13T14:45:00+00:00,54.4,54.42,54.14,54.252,276409
2026-05-13T14:50:00+00:00,54.25,54.53,54.2,54.529,329907
2026-05-13T14:55:00+00:00,54.53,54.64,54.45,54.55,399781
2026-05-13T15:00:00+00:00,54.549,54.65,54.549,54.615,292245
2026-05-13T15:05:00+00:00,54.61,54.61,54.4,54.475,246247
2026-05-13T15:10:00+00:00,54.475,54.48,54.17,54.2,257335
2026-05-13T15:15:00+00:00,54.2,54.4,54.145,54.19,280258
2026-05-13T15:20:00+00:00,54.198,54.198,53.98,53.987,161488
2026-05-13T15:25:00+00:00,53.985,53.985,53.645,53.875,436070
2026-05-13T15:30:00+00:00,53.88,54.01,53.635,53.999,225804
2026-05-13T15:35:00+00:00,53.99,54.1,53.89,53.895,283388
2026-05-13T15:40:00+00:00,53.9,54.25,53.9,54.15,217089
2026-05-13T15:45:00+00:00,54.14,54.15,53.89,53.89,184891
2026-05-13T15:50:00+00:00,53.89,53.89,53.72,53.76,289738
2026-05-13T15:55:00+00:00,53.77,53.8,53.51,53.63,871598
2026-05-13T16:00:00+00:00,53.62,53.95,53.53,53.93,302288
2026-05-13T16:05:00+00:00,53.925,53.99,53.83,53.99,148652
2026-05-13T16:10:00+00:00,54.0,54.08,53.97,53.996,163515
2026-05-13T16:15:00+00:00,53.991,54.05,53.91,54.03,135032
2026-05-13T16:20:00+00:00,54.026,54.05,53.94,54.005,89120
2026-05-13T16:25:00+00:00,54.04,54.045,53.85,54.04,145175
2026-05-13T16:30:00+00:00,54.03,54.12,53.96,54.07,218878
2026-05-13T16:35:00+00:00,54.07,54.14,53.96,54.03,236324
2026-05-13T16:40:00+00:00,54.04,54.21,54.02,54.16,223122
2026-05-13T16:45:00+00:00,54.16,54.18,54.02,54.076,94889
2026-05-13T16:50:00+00:00,54.1,54.24,54.05,54.18,165046
2026-05-13T16:55:00+00:00,54.175,54.23,54.02,54.04,146769
2026-05-13T17:00:00+00:00,54.06,54.24,54.06,54.22,101783
2026-05-13T17:05:00+00:00,54.21,54.26,54.182,54.23,92121
2026-05-13T17:10:00+00:00,54.25,54.55,54.25,54.54,376464
2026-05-13T17:15:00+00:00,54.52,54.6,54.41,54.465,168490
2026-05-13T17:20:00+00:00,54.48,54.59,54.45,54.48,126756
2026-05-13T17:25:00+00:00,54.47,54.59,54.46,54.56,72227
2026-05-13T17:30:00+00:00,54.57,54.6,54.33,54.375,103164
2026-05-13T17:35:00+00:00,54.38,54.5,54.361,54.386,119010
2026-05-13T17:40:00+00:00,54.4,54.43,54.36,54.37,176172
2026-05-13T17:45:00+00:00,54.37,54.4,54.29,54.3,142974
2026-05-13T17:50:00+00:00,54.29,54.4,54.29,54.32,171137
2026-05-13T17:55:00+00:00,54.3,54.305,54.13,54.13,109125
2026-05-13T18:00:00+00:00,54.12,54.29,54.09,54.25,121606
2026-05-13T18:05:00+00:00,54.26,54.31,54.22,54.3,89382
2026-05-13T18:10:00+00:00,54.3,54.46,54.295,54.455,124266
2026-05-13T18:15:00+00:00,54.46,54.55,54.41,54.5,118565
2026-05-13T18:20:00+00:00,54.51,54.59,54.48,54.585,113436
2026-05-13T18:25:00+00:00,54.59,54.68,54.56,54.583,88711
2026-05-13T18:30:00+00:00,54.59,54.67,54.55,54.56,115954
2026-05-13T18:35:00+00:00,54.556,54.57,54.42,54.487,104590
2026-05-13T18:40:00+00:00,54.49,54.51,54.451,54.458,67326
2026-05-13T18:45:00+00:00,54.44,54.44,54.175,54.31,131336
2026-05-13T18:50:00+00:00,54.307,54.37,54.29,54.33,124060
2026-05-13T18:55:00+00:00,54.34,54.46,54.29,54.29,131306
2026-05-13T19:00:00+00:00,54.3,54.526,54.295,54.51,166376
2026-05-13T19:05:00+00:00,54.51,54.6,54.46,54.585,159550
2026-05-13T19:10:00+00:00,54.585,54.638,54.461,54.605,124369
2026-05-13T19:15:00+00:00,54.605,54.605,54.46,54.585,174857
2026-05-13T19:20:00+00:00,54.59,54.67,54.551,54.565,133228
2026-05-13T19:25:00+00:00,54.565,54.63,54.54,54.593,168890
2026-05-13T19:30:00+00:00,54.609,54.65,54.58,54.639,197114
2026-05-13T19:35:00+00:00,54.639,54.7,54.62,54.695,228496
2026-05-13T19:40:00+00:00,54.7,54.75,54.695,54.735,277721
2026-05-13T19:45:00+00:00,54.735,54.87,54.735,54.835,345063
2026-05-13T19:50:00+00:00,54.835,54.835,54.57,54.575,492858
2026-05-13T19:55:00+00:00,54.575,54.61,54.54,54.54,581686
2026-05-13T20:00:00+00:00,54.539,54.58,54.5,54.54,11874
2026-05-13T20:05:00+00:00,54.552,54.8,54.55,54.72,269075
2026-05-13T20:10:00+00:00,54.71,54.719,54.54,54.62,7481
2026-05-13T20:15:00+00:00,54.63,54.63,54.55,54.55,15119
2026-05-13T20:20:00+00:00,54.565,54.58,54.54,54.55,20843
2026-05-13T20:25:00+00:00,54.541,54.55,54.35,54.35,27664
2026-05-13T20:30:00+00:00,54.4,54.55,54.35,54.54,13194
2026-05-13T20:35:00+00:00,54.55,54.6,54.54,54.55,4768
2026-05-13T20:40:00+00:00,54.55,54.61,54.55,54.61,11659
2026-05-13T20:45:00+00:00,54.6,54.62,54.49,54.49,5884
2026-05-13T20:50:00+00:00,54.5,54.5,54.408,54.45,3231
2026-05-13T20:55:00+00:00,54.45,54.58,54.44,54.56,3470
2026-05-13T21:00:00+00:00,54.559,54.7,54.55,54.679,8643
2026-05-13T21:05:00+00:00,54.674,54.8,54.67,54.781,1651
2026-05-13T21:10:00+00:00,54.8,54.8,54.77,54.79,7846
2026-05-13T21:15:00+00:00,54.79,54.8,54.77,54.77,11233
2026-05-13T21:20:00+00:00,54.78,54.78,54.68,54.71,13540
2026-05-13T21:25:00+00:00,54.75,54.78,54.69,54.75,8482
2026-05-13T21:30:00+00:00,54.75,54.86,54.705,54.86,3304
2026-05-13T21:35:00+00:00,54.86,54.9,54.85,54.89,14376
2026-05-13T21:40:00+00:00,54.89,54.9,54.8,54.84,12322
2026-05-13T21:45:00+00:00,54.82,54.82,54.8,54.82,9081
2026-05-13T21:50:00+00:00,54.82,54.82,54.799,54.799,7753
2026-05-13T21:55:00+00:00,54.78,54.8,54.78,54.79,14669
2026-05-13T22:00:00+00:00,54.799,54.799,54.78,54.78,4618
2026-05-13T22:05:00+00:00,54.79,54.8,54.78,54.8,6512
2026-05-13T22:10:00+00:00,54.79,54.89,54.78,54.88,16651
2026-05-13T22:15:00+00:00,54.88,54.94,54.88,54.929,36485
2026-05-13T22:20:00+00:00,54.95,54.95,54.92,54.94,6345
2026-05-13T22:25:00+00:00,54.93,54.99,54.92,54.99,10975
2026-05-13T22:30:00+00:00,55.0,55.0,54.97,55.0,8311
2026-05-13T22:35:00+00:00,54.981,55.0,54.98,54.981,6336
2026-05-13T22:40:00+00:00,54.98,54.99,54.98,54.981,3903
2026-05-13T22:45:00+00:00,54.99,55.2,54.98,55.2,11108
2026-05-13T22:50:00+00:00,55.2,55.38,55.19,55.203,19619
2026-05-13T22:55:00+00:00,55.238,55.3,55.2,55.23,13596
2026-05-13T23:00:00+00:00,55.23,55.35,55.19,55.35,6894
2026-05-13T23:05:00+00:00,55.34,55.43,55.34,55.42,18600
2026-05-13T23:10:00+00:00,55.4,55.45,55.34,55.45,20812
2026-05-13T23:15:00+00:00,55.441,55.45,55.27,55.27,24006
2026-05-13T23:20:00+00:00,55.26,55.32,55.23,55.23,14968
2026-05-13T23:25:00+00:00,55.24,55.24,55.22,55.22,12619
2026-05-13T23:30:00+00:00,55.23,55.23,55.18,55.185,20560
2026-05-13T23:35:00+00:00,55.18,55.19,55.16,55.172,12857
2026-05-13T23:40:00+00:00,55.164,55.27,55.164,55.2,25171
2026-05-13T23:45:00+00:00,55.254,55.26,55.05,55.05,17457
2026-05-13T23:50:00+00:00,55.06,55.06,55.0,55.009,13438
2026-05-13T23:55:00+00:00,55.0,55.04,55.0,55.03,22723
2026-05-14T08:00:00+00:00,54.0,54.75,54.0,54.19,123978
2026-05-14T08:05:00+00:00,54.14,54.69,54.0,54.26,6838
2026-05-14T08:10:00+00:00,54.27,54.31,54.25,54.26,1011
2026-05-14T08:15:00+00:00,54.26,54.41,54.26,54.28,4211
2026-05-14T08:20:00+00:00,54.299,54.33,54.0,54.01,3641
2026-05-14T08:25:00+00:00,54.0,54.22,54.0,54.21,3881
2026-05-14T08:30:00+00:00,54.16,54.2,54.05,54.05,1010
2026-05-14T08:35:00+00:00,54.05,54.14,54.003,54.003,554
2026-05-14T08:40:00+00:00,54.01,54.06,53.72,53.78,4024
2026-05-14T08:45:00+00:00,53.8,53.82,53.65,53.76,6640
2026-05-14T08:50:00+00:00,53.75,53.9,53.72,53.84,1675
2026-05-14T08:55:00+00:00,53.85,53.91,53.79,53.9,1426
2026-05-14T09:00:00+00:00,53.9,53.94,53.84,53.86,2100
2026-05-14T09:05:00+00:00,53.84,53.98,53.8,53.96,1174
2026-05-14T09:10:00+00:00,53.95,53.98,53.77,53.79,829
2026-05-14T09:15:00+00:00,53.78,53.81,53.76,53.76,847
2026-05-14T09:20:00+00:00,53.76,53.76,53.64,53.65,1465
2026-05-14T09:25:00+00:00,53.64,53.65,53.6,53.6,1844
2026-05-14T09:30:00+00:00,53.53,53.6,53.52,53.59,1583
2026-05-14T09:35:00+00:00,53.6,53.6,53.39,53.42,2114
2026-05-14T09:40:00+00:00,53.42,53.6,53.42,53.55,3507
2026-05-14T09:45:00+00:00,53.6,53.71,53.42,53.65,1986
2026-05-14T09:50:00+00:00,53.65,53.8,53.6,53.62,2533
2026-05-14T09:55:00+00:00,53.62,53.68,53.62,53.65,349
2026-05-14T10:00:00+00:00,53.63,53.75,53.63,53.68,2208
2026-05-14T10:05:00+00:00,53.69,53.76,53.56,53.72,1594
2026-05-14T10:10:00+00:00,53.72,53.94,53.7,53.79,2337
2026-05-14T10:15:00+00:00,53.79,53.85,53.7,53.8,897
2026-05-14T10:20:00+00:00,53.85,53.85,53.69,53.7,1924
2026-05-14T10:25:00+00:00,53.84,53.94,53.81,53.94,1252
2026-05-14T10:30:00+00:00,53.94,53.94,53.83,53.88,853
2026-05-14T10:35:00+00:00,53.89,53.9,53.8,53.8,574
2026-05-14T10:40:00+00:00,53.84,53.84,53.79,53.79,264
2026-05-14T10:45:00+00:00,53.86,53.88,53.79,53.88,812
2026-05-14T10:50:00+00:00,53.9,53.96,53.82,53.94,1164
2026-05-14T10:55:00+00:00,53.94,53.98,53.93,53.94,2516
2026-05-14T11:00:00+00:00,53.95,54.2,53.93,54.14,39463
2026-05-14T11:05:00+00:00,54.16,54.2,54.05,54.15,15311
2026-05-14T11:10:00+00:00,54.15,54.19,54.063,54.07,21904
2026-05-14T11:15:00+00:00,54.08,54.1,53.95,54.005,19187
2026-05-14T11:20:00+00:00,54.0,54.14,53.96,54.08,5222
2026-05-14T11:25:00+00:00,54.08,54.08,53.85,53.95,14156
2026-05-14T11:30:00+00:00,53.95,54.14,53.92,54.12,13383
2026-05-14T11:35:00+00:00,54.12,54.23,54.1,54.22,7207
2026-05-14T11:40:00+00:00,54.21,54.22,54.134,54.14,6196
2026-05-14T11:45:00+00:00,54.16,54.21,54.12,54.21,3202
2026-05-14T11:50:00+00:00,54.15,54.21,54.11,54.14,12744
2026-05-14T11:55:00+00:00,54.14,54.2,54.1,54.1,6118
2026-05-14T12:00:00+00:00,54.11,54.16,53.99,54.099,6561
2026-05-14T12:05:00+00:00,54.098,54.3,54.04,54.3,5833
2026-05-14T12:10:00+00:00,54.3,54.3,54.1,54.21,18262
2026-05-14T12:15:00+00:00,54.24,54.31,54.15,54.28,15700
2026-05-14T12:20:00+00:00,54.244,54.27,54.15,54.16,16274
2026-05-14T12:25:00+00:00,54.173,54.22,53.88,53.93,12352
2026-05-14T12:30:00+00:00,53.9,54.0,53.838,54.0,18165
2026-05-14T12:35:00+00:00,53.895,54.0,53.89,53.99,11004
2026-05-14T12:40:00+00:00,53.99,54.03,53.84,53.89,17150
2026-05-14T12:45:00+00:00,53.85,53.97,53.81,53.91,11099
2026-05-14T12:50:00+00:00,53.91,53.97,53.75,53.751,11437
2026-05-14T12:55:00+00:00,53.751,53.8,53.7,53.74,12878
2026-05-14T13:00:00+00:00,53.75,53.85,53.54,53.814,34465
2026-05-14T13:05:00+00:00,53.849,53.85,53.65,53.65,15881
2026-05-14T13:10:00+00:00,53.65,53.8,53.6,53.79,38153
2026-05-14T13:15:00+00:00,53.755,53.79,53.6,53.69,17035
2026-05-14T13:20:00+00:00,53.71,53.84,53.67,53.84,15413
2026-05-14T13:25:00+00:00,53.84,53.84,53.4,53.47,22809
2026-05-14T13:30:00+00:00,53.47,54.02,53.15,53.925,908975
2026-05-14T13:35:00+00:00,53.936,54.47,53.905,54.47,552148
2026-05-14T13:40:00+00:00,54.45,54.79,54.35,54.68,691038
2026-05-14T13:45:00+00:00,54.675,55.09,54.666,54.985,472619
2026-05-14T13:50:00+00:00,54.968,54.99,54.49,54.49,374047
2026-05-14T13:55:00+00:00,54.48,54.64,54.086,54.155,314855
2026-05-14T14:00:00+00:00,54.145,54.45,54.07,54.205,276243
2026-05-14T14:05:00+00:00,54.215,54.25,53.86,53.86,276103
2026-05-14T14:10:00+00:00,53.86,54.145,53.61,54.09,339450
2026-05-14T14:15:00+00:00,54.08,54.47,54.08,54.435,206646
2026-05-14T14:20:00+00:00,54.43,54.59,54.275,54.31,252589
2026-05-14T14:25:00+00:00,54.31,54.36,54.161,54.33,171143
2026-05-14T14:30:00+00:00,54.35,54.37,54.2,54.34,153027
2026-05-14T14:35:00+00:00,54.34,54.45,54.24,54.4,300919
2026-05-14T14:40:00+00:00,54.37,54.4,54.172,54.26,254493
2026-05-14T14:45:00+00:00,54.28,54.35,54.166,54.33,223477
2026-05-14T14:50:00+00:00,54.325,54.4,54.02,54.1,164238
2026-05-14T14:55:00+00:00,54.105,54.21,53.98,54.035,143253
2026-05-14T15:00:00+00:00,54.01,54.3,53.98,54.164,129036
2026-05-14T15:05:00+00:00,54.15,54.25,54.13,54.21,108990
2026-05-14T15:10:00+00:00,54.215,54.22,54.01,54.1,235689
2026-05-14T15:15:00+00:00,54.105,54.3,54.07,54.22,200255
2026-05-14T15:20:00+00:00,54.25,54.26,54.09,54.185,113069
2026-05-14T15:25:00+00:00,54.185,54.37,54.17,54.27,302989
2026-05-14T15:30:00+00:00,54.264,54.32,53.985,54.01,230990
2026-05-14T15:35:00+00:00,54.02,54.04,53.91,53.93,523031
2026-05-14T15:40:00+00:00,53.925,53.966,53.7,53.75,206926
2026-05-14T15:45:00+00:00,53.75,53.785,53.65,53.745,538479
2026-05-14T15:50:00+00:00,53.74,53.914,53.7,53.905,460501
2026-05-14T15:55:00+00:00,53.9,53.92,53.78,53.88,234587
2026-05-14T16:00:00+00:00,53.885,53.94,53.751,53.93,145549
2026-05-14T16:05:00+00:00,53.93,53.96,53.87,53.9,104184
2026-05-14T16:10:00+00:00,53.89,54.07,53.89,53.986,142695
2026-05-14T16:15:00+00:00,53.985,54.15,53.93,53.955,136322
2026-05-14T16:20:00+00:00,53.955,54.1,53.94,54.06,117324
2026-05-14T16:25:00+00:00,54.07,54.11,53.92,53.97,148793
2026-05-14T16:30:00+00:00,53.96,54.09,53.92,53.95,92118
2026-05-14T16:35:00+00:00,53.94,54.0,53.92,53.95,129223
2026-05-14T16:40:00+00:00,53.957,54.075,53.91,53.985,75416
2026-05-14T16:45:00+00:00,53.985,54.13,53.91,54.115,89232
2026-05-14T16:50:00+00:00,54.119,54.2,54.08,54.2,128902
2026-05-14T16:55:00+00:00,54.19,54.23,54.05,54.115,90264
2026-05-14T17:00:00+00:00,54.12,54.31,54.12,54.22,291738
2026-05-14T17:05:00+00:00,54.24,54.25,54.07,54.08,118097
2026-05-14T17:10:00+00:00,54.081,54.17,53.92,53.93,145020
2026-05-14T17:15:00+00:00,53.93,53.99,53.69,53.75,253254
2026-05-14T17:20:00+00:00,53.75,53.96,53.73,53.815,172670
2026-05-14T17:25:00+00:00,53.815,53.83,53.62,53.83,137552
2026-05-14T17:30:00+00:00,53.782,53.94,53.775,53.88,68280
2026-05-14T17:35:00+00:00,53.9,54.0,53.875,53.97,60395
2026-05-14T17:40:00+00:00,53.968,54.065,53.965,54.065,63965
2026-05-14T17:45:00+00:00,54.07,54.19,54.06,54.14,110817
2026-05-14T17:50:00+00:00,54.16,54.21,54.081,54.19,103616
2026-05-14T17:55:00+00:00,54.18,54.29,54.12,54.149,179127
2026-05-14T18:00:00+00:00,54.135,54.135,53.87,53.92,119105
2026-05-14T18:05:00+00:00,53.9,53.95,53.85,53.92,116944
2026-05-14T18:10:00+00:00,53.94,54.081,53.891,54.045,56013
2026-05-14T18:15:00+00:00,54.043,54.18,54.043,54.095,94879
2026-05-14T18:20:00+00:00,54.115,54.13,53.96,53.99,60120
2026-05-14T18:25:00+00:00,53.995,54.06,53.96,54.03,89550
2026-05-14T18:30:00+00:00,54.035,54.14,54.015,54.065,125426
2026-05-14T18:35:00+00:00,54.065,54.13,53.98,54.021,140723
2026-05-14T18:40:00+00:00,54.03,54.07,53.93,53.955,66157
2026-05-14T18:45:00+00:00,53.955,54.059,53.9,54.02,111040
2026-05-14T18:50:00+00:00,54.02,54.18,54.02,54.141,161215
2026-05-14T18:55:00+00:00,54.14,54.17,54.09,54.115,97538
2026-05-14T19:00:00+00:00,54.12,54.21,54.08,54.135,107024
2026-05-14T19:05:00+00:00,54.15,54.15,54.04,54.075,80959
2026-05-14T19:10:00+00:00,54.075,54.12,54.01,54.06,90949
2026-05-14T19:15:00+00:00,54.06,54.11,54.015,54.045,54360
2026-05-14T19:20:00+00:00,54.032,54.11,54.03,54.05,85022
2026-05-14T19:25:00+00:00,54.05,54.065,53.911,53.923,80385
2026-05-14T19:30:00+00:00,53.92,54.02,53.919,53.98,102108
2026-05-14T19:35:00+00:00,53.98,53.99,53.9,53.95,137201
2026-05-14T19:40:00+00:00,53.94,54.1,53.92,54.03,230262
2026-05-14T19:45:00+00:00,54.025,54.025,53.94,53.965,355253
2026-05-14T19:50:00+00:00,53.96,54.1,53.86,54.07,614527
2026-05-14T19:55:00+00:00,54.0,54.0,53.77,53.79,408599
2026-05-14T20:00:00+00:00,53.74,54.0,53.74,53.79,4942
2026-05-14T20:05:00+00:00,53.999,54.0,53.84,53.9,19031
2026-05-14T20:10:00+00:00,53.9,53.93,53.79,53.87,5553
2026-05-14T20:15:00+00:00,53.85,53.92,53.73,53.8,6841
2026-05-14T20:20:00+00:00,53.85,53.92,53.8,53.86,2863
2026-05-14T20:25:00+00:00,53.83,53.89,53.8,53.828,4086
2026-05-14T20:30:00+00:00,53.842,54.02,53.82,53.914,9389
2026-05-14T20:35:00+00:00,53.945,53.945,53.75,53.8,3203
2026-05-14T20:40:00+00:00,53.758,53.84,53.65,53.72,4920
2026-05-14T20:45:00+00:00,53.77,53.84,53.65,53.72,2093
2026-05-14T20:50:00+00:00,53.721,53.772,53.687,53.725,4872
2026-05-14T20:55:00+00:00,53.729,53.78,53.67,53.78,2639
2026-05-14T21:00:00+00:00,53.76,53.9,53.76,53.9,2011
2026-05-14T21:05:00+00:00,53.899,53.9,53.86,53.89,2696
2026-05-14T21:10:00+00:00,53.89,53.9,53.85,53.87,2775
2026-05-14T21:15:00+00:00,53.87,53.87,53.78,53.78,4664
2026-05-14T21:20:00+00:00,53.79,53.79,53.73,53.77,3490
2026-05-14T21:25:00+00:00,53.76,53.79,53.76,53.79,2035
2026-05-14T21:30:00+00:00,53.79,53.835,53.78,53.831,2163
2026-05-14T21:35:00+00:00,53.83,53.88,53.8,53.84,2568
2026-05-14T21:40:00+00:00,53.84,53.87,53.82,53.87,45724
2026-05-14T21:45:00+00:00,53.87,53.9,53.84,53.897,2991
2026-05-14T21:50:00+00:00,53.899,53.94,53.88,53.939,1839
2026-05-14T21:55:00+00:00,53.95,53.95,53.9,53.9,2074
2026-05-14T22:00:00+00:00,53.94,54.0,53.902,53.991,8517
2026-05-14T22:05:00+00:00,53.99,54.09,53.99,54.09,11095
2026-05-14T22:10:00+00:00,54.09,54.09,53.9,53.95,3912
2026-05-14T22:15:00+00:00,54.0,54.0,53.9,53.957,3617
2026-05-14T22:20:00+00:00,53.96,54.0,53.93,53.95,4211
2026-05-14T22:25:00+00:00,54.0,54.0,53.95,53.999,2365
2026-05-14T22:30:00+00:00,54.0,54.0,53.98,54.0,2107
2026-05-14T22:35:00+00:00,54.0,54.02,53.95,53.96,13412
2026-05-14T22:40:00+00:00,54.0,54.0,53.89,53.89,3703
2026-05-14T22:45:00+00:00,53.9,54.02,53.89,53.952,844
2026-05-14T22:50:00+00:00,53.952,54.02,53.89,54.0,2606
2026-05-14T22:55:00+00:00,54.0,54.02,53.89,53.89,1302
2026-05-14T23:00:00+00:00,53.89,54.0,53.88,53.9,3479
2026-05-14T23:05:00+00:00,53.95,53.99,53.9,53.95,3892
2026-05-14T23:10:00+00:00,53.95,54.0,53.94,54.0,10550
2026-05-14T23:15:00+00:00,53.99,54.0,53.96,53.99,1769
2026-05-14T23:20:00+00:00,53.995,54.04,53.944,54.03,1162
2026-05-14T23:25:00+00:00,54.027,54.06,54.0,54.03,2835
2026-05-14T23:30:00+00:00,54.03,54.03,53.94,53.94,2708
2026-05-14T23:35:00+00:00,53.941,53.95,53.91,53.91,1210
2026-05-14T23:40:00+00:00,53.91,53.95,53.88,53.88,1703
2026-05-14T23:45:00+00:00,53.88,53.91,53.8,53.85,13176
2026-05-14T23:50:00+00:00,53.847,53.85,53.73,53.788,5238
2026-05-14T23:55:00+00:00,53.79,53.79,53.73,53.785,6186
2026-05-15T08:00:00+00:00,51.59,52.83,50.5,51.7,248226
2026-05-15T08:05:00+00:00,51.68,52.48,50.67,51.707,25524
2026-05-15T08:10:00+00:00,51.76,51.92,51.76,51.89,3229
2026-05-15T08:15:00+00:00,51.89,51.89,51.41,51.82,4592
2026-05-15T08:20:00+00:00,51.7,51.8,51.6,51.7,1973
2026-05-15T08:25:00+00:00,51.63,51.75,51.18,51.19,4158
2026-05-15T08:30:00+00:00,51.15,51.35,50.82,51.26,5751
2026-05-15T08:35:00+00:00,51.25,51.32,50.99,51.14,5040
2026-05-15T08:40:00+00:00,51.15,51.2,50.9,51.14,12512
2026-05-15T08:45:00+00:00,51.23,51.47,51.23,51.25,3218
2026-05-15T08:50:00+00:00,51.25,51.43,51.2,51.2,1457
2026-05-15T08:55:00+00:00,51.2,51.2,51.06,51.13,1106
2026-05-15T09:00:00+00:00,51.13,51.13,50.94,50.99,1075
2026-05-15T09:05:00+00:00,51.08,51.22,51.05,51.08,1698
2026-05-15T09:10:00+00:00,51.08,51.14,50.94,51.0,2172
2026-05-15T09:15:00+00:00,51.0,51.0,50.64,50.67,1151
2026-05-15T09:20:00+00:00,50.69,50.73,50.6,50.7,3174
2026-05-15T09:25:00+00:00,50.7,50.83,50.55,50.83,3001
2026-05-15T09:30:00+00:00,50.88,51.0,50.79,50.87,1267
2026-05-15T09:35:00+00:00,50.87,50.9,50.79,50.81,752
2026-05-15T09:40:00+00:00,50.82,50.84,50.6,50.76,5692
2026-05-15T09:45:00+00:00,50.73,50.74,50.5,50.59,8108
2026-05-15T09:50:00+00:00,50.58,50.62,50.42,50.6,4502
2026-05-15T09:55:00+00:00,50.65,50.72,50.4,50.69,10976
2026-05-15T10:00:00+00:00,50.72,50.75,50.64,50.75,3353
2026-05-15T10:05:00+00:00,50.7,50.97,50.61,50.83,3593
2026-05-15T10:10:00+00:00,50.86,51.08,50.86,51.03,6415
2026-05-15T10:15:00+00:00,51.03,51.08,50.88,50.92,2790
2026-05-15T10:20:00+00:00,50.93,51.21,50.93,51.14,1710
2026-05-15T10:25:00+00:00,51.19,51.19,51.0,51.1,676
2026-05-15T10:30:00+00:00,51.1,51.24,51.04,51.24,989
2026-05-15T10:35:00+00:00,51.2,51.3,51.01,51.05,1911
2026-05-15T10:40:00+00:00,51.01,51.15,51.01,51.11,13340
2026-05-15T10:45:00+00:00,51.24,51.5,51.24,51.43,3068
2026-05-15T10:50:00+00:00,51.43,51.62,51.37,51.49,3468
2026-05-15T10:55:00+00:00,51.6,51.8,51.54,51.54,6554
2026-05-15T11:00:00+00:00,51.59,51.76,51.34,51.459,103399
2026-05-15T11:05:00+00:00,51.46,51.5,51.4,51.479,16530
2026-05-15T11:10:00+00:00,51.463,51.64,51.39,51.47,53416
2026-05-15T11:15:00+00:00,51.47,51.59,51.4,51.4,24972
2026-05-15T11:20:00+00:00,51.4,51.52,51.3,51.37,17265
2026-05-15T11:25:00+00:00,51.39,51.48,51.33,51.43,7653
2026-05-15T11:30:00+00:00,51.38,51.44,51.18,51.2,23417
2026-05-15T11:35:00+00:00,51.2,51.329,51.01,51.1,27427
2026-05-15T11:40:00+00:00,51.05,51.2,51.0,51.177,32426
2026-05-15T11:45:00+00:00,51.15,51.3,51.15,51.254,10718
2026-05-15T11:50:00+00:00,51.28,51.3,51.1,51.15,9741
2026-05-15T11:55:00+00:00,51.174,51.2,51.0,51.01,19899
2026-05-15T12:00:00+00:00,50.99,51.04,50.84,50.99,19739
2026-05-15T12:05:00+00:00,50.99,50.99,50.9,50.99,19106
2026-05-15T12:10:00+00:00,50.99,51.0,50.8,50.81,16149
2026-05-15T12:15:00+00:00,50.81,51.1,50.76,51.047,34720
2026-05-15T12:20:00+00:00,51.05,51.219,50.945,50.97,30208
2026-05-15T12:25:00+00:00,50.927,51.0,50.85,50.96,11130
2026-05-15T12:30:00+00:00,50.984,50.99,50.8,50.81,13756
2026-05-15T12:35:00+00:00,50.81,50.84,50.5,50.56,147792
2026-05-15T12:40:00+00:00,50.57,50.876,50.552,50.74,26642
2026-05-15T12:45:00+00:00,50.689,50.74,50.54,50.54,27180
2026-05-15T12:50:00+00:00,50.559,50.85,50.527,50.735,40659
2026-05-15T12:55:00+00:00,50.74,50.84,50.7,50.76,12192
2026-05-15T13:00:00+00:00,50.76,50.79,50.6,50.79,21955
2026-05-15T13:05:00+00:00,50.76,50.8,50.64,50.65,17233
2026-05-15T13:10:00+00:00,50.64,50.75,50.6,50.676,15462
2026-05-15T13:15:00+00:00,50.677,50.87,50.6,50.78,24753
2026-05-15T13:20:00+00:00,50.72,51.0,50.72,50.889,22335
2026-05-15T13:25:00+00:00,50.83,50.89,50.63,50.65,8133
2026-05-15T13:30:00+00:00,50.69,51.0,50.4,50.88,894502
2026-05-15T13:35:00+00:00,50.935,50.978,50.08,50.185,751344
2026-05-15T13:40:00+00:00,50.185,50.66,50.14,50.55,564579
2026-05-15T13:45:00+00:00,50.53,50.59,50.1,50.54,551003
2026-05-15T13:50:00+00:00,50.54,50.8,50.25,50.62,462935
2026-05-15T13:55:00+00:00,50.6,50.84,50.16,50.16,421926
2026-05-15T14:00:00+00:00,50.17,50.295,49.85,50.05,531182
2026-05-15T14:05:00+00:00,50.04,50.45,49.84,50.265,452364
2026-05-15T14:10:00+00:00,50.3,50.89,50.25,50.89,354086
2026-05-15T14:15:00+00:00,50.89,51.49,50.72,51.29,531282
2026-05-15T14:20:00+00:00,51.282,51.42,51.15,51.28,345730
2026-05-15T14:25:00+00:00,51.28,51.32,50.86,50.945,315485
2026-05-15T14:30:00+00:00,50.97,51.15,50.92,51.115,192410
2026-05-15T14:35:00+00:00,51.1,51.18,50.995,51.13,132842
2026-05-15T14:40:00+00:00,51.11,51.2,51.035,51.13,141855
2026-05-15T14:45:00+00:00,51.145,51.145,50.6,50.84,216948
2026-05-15T14:50:00+00:00,50.87,50.87,50.628,50.835,105874
2026-05-15T14:55:00+00:00,50.85,50.95,50.73,50.735,99420
2026-05-15T15:00:00+00:00,50.735,50.9,50.68,50.81,144549
2026-05-15T15:05:00+00:00,50.869,51.02,50.7,51.0,106192
2026-05-15T15:10:00+00:00,51.005,51.035,50.79,50.825,87642
2026-05-15T15:15:00+00:00,50.817,51.15,50.816,51.04,101192
2026-05-15T15:20:00+00:00,51.04,51.35,51.02,51.22,139202
2026-05-15T15:25:00+00:00,51.22,51.35,51.14,51.33,84844
2026-05-15T15:30:00+00:00,51.33,51.56,51.33,51.485,183783
2026-05-15T15:35:00+00:00,51.47,51.52,51.31,51.36,212857
2026-05-15T15:40:00+00:00,51.37,51.41,51.154,51.17,135878
2026-05-15T15:45:00+00:00,51.175,51.26,51.01,51.04,242073
2026-05-15T15:50:00+00:00,51.03,51.03,50.88,50.97,95645
2026-05-15T15:55:00+00:00,50.92,51.08,50.815,51.08,150615
2026-05-15T16:00:00+00:00,51.095,51.14,50.975,51.04,97975
2026-05-15T16:05:00+00:00,51.02,51.1,50.92,50.99,96129
2026-05-15T16:10:00+00:00,50.99,51.05,50.82,51.01,105157
2026-05-15T16:15:00+00:00,51.001,51.01,50.82,50.94,112294
2026-05-15T16:20:00+00:00,50.95,51.08,50.87,51.05,170241
2026-05-15T16:25:00+00:00,51.08,51.12,51.02,51.12,80928
2026-05-15T16:30:00+00:00,51.135,51.26,51.11,51.255,94668
2026-05-15T16:35:00+00:00,51.255,51.26,51.1,51.2,112948
2026-05-15T16:40:00+00:00,51.21,51.41,51.158,51.39,90489
2026-05-15T16:45:00+00:00,51.37,51.39,51.285,51.32,93888
2026-05-15T16:50:00+00:00,51.32,51.34,51.07,51.07,142918
2026-05-15T16:55:00+00:00,51.07,51.23,51.07,51.22,66717
2026-05-15T17:00:00+00:00,51.21,51.34,51.16,51.25,104939
2026-05-15T17:05:00+00:00,51.24,51.44,51.23,51.35,259022
2026-05-15T17:10:00+00:00,51.355,51.41,51.29,51.365,100760
2026-05-15T17:15:00+00:00,51.4,51.4,51.257,51.272,66308
2026-05-15T17:20:00+00:00,51.272,51.46,51.25,51.455,101471
2026-05-15T17:25:00+00:00,51.462,51.69,51.455,51.677,198489
2026-05-15T17:30:00+00:00,51.66,51.77,51.61,51.69,115399
2026-05-15T17:35:00+00:00,51.7,51.82,51.68,51.815,138909
2026-05-15T17:40:00+00:00,51.82,51.85,51.64,51.695,99684
2026-05-15T17:45:00+00:00,51.699,51.75,51.5,51.525,109872
2026-05-15T17:50:00+00:00,51.55,51.79,51.55,51.79,69986
2026-05-15T17:55:00+00:00,51.77,51.788,51.63,51.73,79227
2026-05-15T18:00:00+00:00,51.74,51.93,51.74,51.93,90865
2026-05-15T18:05:00+00:00,51.918,51.93,51.764,51.786,101548
2026-05-15T18:10:00+00:00,51.775,51.9,51.73,51.75,149073
2026-05-15T18:15:00+00:00,51.75,51.87,51.45,51.496,151520
2026-05-15T18:20:00+00:00,51.495,51.75,51.495,51.702,156930
2026-05-15T18:25:00+00:00,51.7,51.71,51.46,51.5,160138
2026-05-15T18:30:00+00:00,51.5,51.55,51.252,51.385,106238
2026-05-15T18:35:00+00:00,51.385,51.5,51.32,51.485,62157
2026-05-15T18:40:00+00:00,51.485,51.485,51.3,51.45,76877
2026-05-15T18:45:00+00:00,51.45,51.46,51.35,51.405,49067
2026-05-15T18:50:00+00:00,51.395,51.558,51.38,51.55,60528
2026-05-15T18:55:00+00:00,51.55,51.645,51.42,51.639,68671
2026-05-15T19:00:00+00:00,51.63,51.635,51.503,51.51,99958
2026-05-15T19:05:00+00:00,51.52,51.52,51.355,51.41,94349
2026-05-15T19:10:00+00:00,51.38,51.415,51.25,51.36,106124
2026-05-15T19:15:00+00:00,51.35,51.35,51.13,51.28,123462
2026-05-15T19:20:00+00:00,51.29,51.38,51.23,51.28,169524
2026-05-15T19:25:00+00:00,51.275,51.32,51.265,51.3,304484
2026-05-15T19:30:00+00:00,51.31,51.43,51.3,51.43,169606
2026-05-15T19:35:00+00:00,51.425,51.48,51.3,51.45,287307
2026-05-15T19:40:00+00:00,51.47,51.505,51.213,51.29,275450
2026-05-15T19:45:00+00:00,51.27,51.3,51.14,51.243,293290
2026-05-15T19:50:00+00:00,51.23,51.25,51.05,51.06,458102
2026-05-15T19:55:00+00:00,51.05,51.37,50.95,51.1,650670
2026-05-15T20:00:00+00:00,51.1,51.15,50.86,50.863,1744409
2026-05-15T20:05:00+00:00,50.88,51.0,50.71,50.75,8761
2026-05-15T20:10:00+00:00,51.1,51.12,50.7,51.03,7841
2026-05-15T20:15:00+00:00,51.03,51.15,50.83,51.14,203834
2026-05-15T20:20:00+00:00,51.1,51.15,51.01,51.1,6610
2026-05-15T20:25:00+00:00,51.12,51.12,51.01,51.11,3098
2026-05-15T20:30:00+00:00,51.12,51.2,51.07,51.18,10290
2026-05-15T20:35:00+00:00,51.19,51.19,51.069,51.07,9397
2026-05-15T20:40:00+00:00,51.06,51.07,50.95,50.98,2752
2026-05-15T20:45:00+00:00,50.96,50.98,50.81,50.82,2078
2026-05-15T20:50:00+00:00,50.817,50.98,50.8,50.81,17754
2026-05-15T20:55:00+00:00,50.826,50.83,50.71,50.788,4199
2026-05-15T21:00:00+00:00,50.8,50.96,50.7,50.88,51144
2026-05-15T21:05:00+00:00,50.94,50.96,50.75,50.84,4861
2026-05-15T21:10:00+00:00,50.83,50.91,50.83,50.889,5669
2026-05-15T21:15:00+00:00,50.88,50.91,50.85,50.91,2141
2026-05-15T21:20:00+00:00,50.88,50.96,50.87,50.91,3695
2026-05-15T21:25:00+00:00,50.91,50.91,50.84,50.841,1806
2026-05-15T21:30:00+00:00,50.84,50.86,50.84,50.85,8479
2026-05-15T21:35:00+00:00,50.849,50.85,50.8,50.83,5758
2026-05-15T21:40:00+00:00,50.837,50.84,50.8,50.826,4777
2026-05-15T21:45:00+00:00,50.81,50.83,50.795,50.795,7981
2026-05-15T21:50:00+00:00,50.78,50.82,50.74,50.81,4664
2026-05-15T21:55:00+00:00,50.79,50.81,50.73,50.741,2101
2026-05-15T22:00:00+00:00,50.75,50.75,50.607,50.64,4297
2026-05-15T22:05:00+00:00,50.65,50.65,50.59,50.59,4661
2026-05-15T22:10:00+00:00,50.587,50.59,50.51,50.52,6852
2026-05-15T22:15:00+00:00,50.52,50.52,50.45,50.45,11213
2026-05-15T22:20:00+00:00,50.5,50.5,50.29,50.3,17555
2026-05-15T22:25:00+00:00,50.3,50.42,50.29,50.29,24753
2026-05-15T22:30:00+00:00,50.29,50.49,50.29,50.303,8779
2026-05-15T22:35:00+00:00,50.32,50.46,50.31,50.33,3633
2026-05-15T22:40:00+00:00,50.32,50.32,50.29,50.3,5533
2026-05-15T22:45:00+00:00,50.29,50.42,50.29,50.419,7490
2026-05-15T22:50:00+00:00,50.39,50.42,50.3,50.349,3534
2026-05-15T22:55:00+00:00,50.33,50.35,50.3,50.31,5143
2026-05-15T23:00:00+00:00,50.31,50.33,50.3,50.32,8031
2026-05-15T23:05:00+00:00,50.32,50.35,50.31,50.31,6234
2026-05-15T23:10:00+00:00,50.31,50.33,50.3,50.3,7074
2026-05-15T23:15:00+00:00,50.3,50.35,50.3,50.31,7734
2026-05-15T23:20:00+00:00,50.3,50.31,50.28,50.3,7119
2026-05-15T23:25:00+00:00,50.299,50.3,50.28,50.29,8824
2026-05-15T23:30:00+00:00,50.28,50.29,50.28,50.289,6640
2026-05-15T23:35:00+00:00,50.29,50.3,50.28,50.281,2778
2026-05-15T23:40:00+00:00,50.29,50.3,50.27,50.27,6905
2026-05-15T23:45:00+00:00,50.29,50.3,50.26,50.291,9960
2026-05-15T23:50:00+00:00,50.3,50.31,50.26,50.31,24022
2026-05-15T23:55:00+00:00,50.31,50.31,50.28,50.29,9444
2026-05-18T08:00:00+00:00,51.51,51.79,50.68,51.76,62746
2026-05-18T08:05:00+00:00,51.9,52.16,51.0,51.98,9033
2026-05-18T08:10:00+00:00,51.98,51.98,51.6,51.65,2253
2026-05-18T08:15:00+00:00,51.65,51.873,51.63,51.84,3312
2026-05-18T08:20:00+00:00,51.88,52.14,51.88,51.99,3265
2026-05-18T08:25:00+00:00,51.95,52.28,51.95,52.09,3526
2026-05-18T08:30:00+00:00,52.08,52.331,52.05,52.23,2243
2026-05-18T08:35:00+00:00,52.21,52.36,52.08,52.36,3475
2026-05-18T08:40:00+00:00,52.36,52.5,52.33,52.4,5251
2026-05-18T08:45:00+00:00,52.46,52.53,52.39,52.43,3331
2026-05-18T08:50:00+00:00,52.48,52.55,52.45,52.48,3647
2026-05-18T08:55:00+00:00,52.47,52.56,52.47,52.52,7117
2026-05-18T09:00:00+00:00,52.54,52.59,52.47,52.47,7855
2026-05-18T09:05:00+00:00,52.51,52.6,52.51,52.56,1766
2026-05-18T09:10:00+00:00,52.51,52.55,52.41,52.51,2406
2026-05-18T09:15:00+00:00,52.46,52.6,52.46,52.6,2268
2026-05-18T09:20:00+00:00,52.59,52.59,52.5,52.56,952
2026-05-18T09:25:00+00:00,52.5,52.56,52.4,52.46,1432
2026-05-18T09:30:00+00:00,52.45,52.5,52.4,52.44,878
2026-05-18T09:35:00+00:00,52.44,52.46,52.2,52.2,2447
2026-05-18T09:40:00+00:00,52.2,52.44,52.18,52.4,2785
2026-05-18T09:45:00+00:00,52.39,52.43,52.35,52.4,3058
2026-05-18T09:50:00+00:00,52.37,52.37,52.17,52.2,2591
2026-05-18T09:55:00+00:00,52.18,52.23,52.16,52.23,2212
2026-05-18T10:00:00+00:00,52.227,52.26,52.1,52.1,2173
2026-05-18T10:05:00+00:00,52.07,52.07,51.7,51.7,4449
2026-05-18T10:10:00+00:00,51.704,52.0,51.7,51.9,5048
2026-05-18T10:15:00+00:00,51.88,51.9,51.7,51.81,1418
2026-05-18T10:20:00+00:00,51.89,52.08,51.86,52.08,1035
2026-05-18T10:25:00+00:00,52.08,52.12,51.88,51.887,2106
2026-05-18T10:30:00+00:00,51.9,52.0,51.63,51.63,549
2026-05-18T10:35:00+00:00,51.61,51.7,51.5,51.65,2739
2026-05-18T10:40:00+00:00,51.64,51.88,51.64,51.84,3494
2026-05-18T10:45:00+00:00,51.84,52.0,51.82,51.99,2239
2026-05-18T10:50:00+00:00,51.98,52.0,51.81,51.85,1284
2026-05-18T10:55:00+00:00,51.91,51.91,51.8,51.85,1420
2026-05-18T11:00:00+00:00,51.905,51.905,51.5,51.54,28167
2026-05-18T11:05:00+00:00,51.54,51.65,51.45,51.45,22883
2026-05-18T11:10:00+00:00,51.4,51.7,51.33,51.537,11748
2026-05-18T11:15:00+00:00,51.601,51.8,51.551,51.76,11680
2026-05-18T11:20:00+00:00,51.773,51.9,51.65,51.687,30831
2026-05-18T11:25:00+00:00,51.666,51.7,51.53,51.55,7761
2026-05-18T11:30:00+00:00,51.539,51.88,51.539,51.88,3469
2026-05-18T11:35:00+00:00,51.811,52.25,51.81,52.06,9292
2026-05-18T11:40:00+00:00,52.25,52.5,52.06,52.27,29072
2026-05-18T11:45:00+00:00,52.28,52.3,52.041,52.3,51067
2026-05-18T11:50:00+00:00,52.3,52.3,52.05,52.13,10440
2026-05-18T11:55:00+00:00,52.127,52.18,52.0,52.18,13160
2026-05-18T12:00:00+00:00,52.05,52.19,52.04,52.15,11564
2026-05-18T12:05:00+00:00,52.15,52.35,52.15,52.326,14820
2026-05-18T12:10:00+00:00,52.33,52.38,52.18,52.228,17471
2026-05-18T12:15:00+00:00,52.22,52.22,52.08,52.1,10520
2026-05-18T12:20:00+00:00,52.063,52.24,52.04,52.2,8458
2026-05-18T12:25:00+00:00,52.216,52.23,52.16,52.197,8349
2026-05-18T12:30:00+00:00,52.18,52.29,52.1,52.29,5268
2026-05-18T12:35:00+00:00,52.254,52.5,52.254,52.498,18212
2026-05-18T12:40:00+00:00,52.5,52.95,52.47,52.813,48529
2026-05-18T12:45:00+00:00,52.87,53.12,52.84,53.12,55511
2026-05-18T12:50:00+00:00,53.069,53.159,52.9,53.1,97124
2026-05-18T12:55:00+00:00,53.11,53.45,53.09,53.392,48348
2026-05-18T13:00:00+00:00,53.41,53.41,52.95,53.17,24776
2026-05-18T13:05:00+00:00,53.169,53.6,53.13,53.53,40383
2026-05-18T13:10:00+00:00,53.55,53.55,53.29,53.46,36913
2026-05-18T13:15:00+00:00,53.456,53.458,53.15,53.299,17448
2026-05-18T13:20:00+00:00,53.28,53.42,53.2,53.393,19647
2026-05-18T13:25:00+00:00,53.4,53.44,53.001,53.12,14767
2026-05-18T13:30:00+00:00,53.14,53.15,52.18,52.83,911290
2026-05-18T13:35:00+00:00,52.84,52.84,52.3,52.334,485864
2026-05-18T13:40:00+00:00,52.34,52.34,51.522,51.549,866131
2026-05-18T13:45:00+00:00,51.53,51.82,51.379,51.48,853384
2026-05-18T13:50:00+00:00,51.43,51.977,51.4,51.865,373339
2026-05-18T13:55:00+00:00,51.9,52.02,51.52,51.54,286862
2026-05-18T14:00:00+00:00,51.61,51.61,50.86,50.88,624825
2026-05-18T14:05:00+00:00,50.885,51.25,50.7,51.16,475032
2026-05-18T14:10:00+00:00,51.12,51.26,50.966,51.18,297833
2026-05-18T14:15:00+00:00,51.155,51.34,50.79,50.91,327665
2026-05-18T14:20:00+00:00,50.94,51.0,50.69,50.69,184455
2026-05-18T14:25:00+00:00,50.69,50.75,50.38,50.42,501417
2026-05-18T14:30:00+00:00,50.41,50.48,49.84,49.86,673425
2026-05-18T14:35:00+00:00,49.853,50.21,49.7,50.05,605414
2026-05-18T14:40:00+00:00,50.02,50.32,49.86,50.2,298014
2026-05-18T14:45:00+00:00,50.145,50.18,49.54,49.58,439293
2026-05-18T14:50:00+00:00,49.572,50.0,49.42,49.71,453542
2026-05-18T14:55:00+00:00,49.735,49.99,49.695,49.93,253093
2026-05-18T15:00:00+00:00,49.94,50.19,49.88,50.125,234932
2026-05-18T15:05:00+00:00,50.105,50.18,49.9,49.91,337906
2026-05-18T15:10:00+00:00,49.91,50.24,49.81,50.12,270063
2026-05-18T15:15:00+00:00,50.1,50.12,49.81,49.84,94611
2026-05-18T15:20:00+00:00,49.84,50.0,49.695,49.765,146204
2026-05-18T15:25:00+00:00,49.76,49.98,49.65,49.75,145671
2026-05-18T15:30:00+00:00,49.7,49.89,49.61,49.89,123899
2026-05-18T15:35:00+00:00,49.86,50.18,49.79,49.97,223235
2026-05-18T15:40:00+00:00,49.97,50.04,49.9,49.9,115766
2026-05-18T15:45:00+00:00,49.92,50.0,49.8,49.8,92722
2026-05-18T15:50:00+00:00,49.81,49.9,49.72,49.859,112754
2026-05-18T15:55:00+00:00,49.86,49.92,49.67,49.67,155815
2026-05-18T16:00:00+00:00,49.7,49.74,49.53,49.635,180290
2026-05-18T16:05:00+00:00,49.635,49.72,49.61,49.7,110245
2026-05-18T16:10:00+00:00,49.7,49.815,49.64,49.71,140131
2026-05-18T16:15:00+00:00,49.72,49.77,49.6,49.66,79359
2026-05-18T16:20:00+00:00,49.66,49.87,49.46,49.51,394342
2026-05-18T16:25:00+00:00,49.52,49.52,49.05,49.12,394748
2026-05-18T16:30:00+00:00,49.11,49.16,48.88,48.995,670643
2026-05-18T16:35:00+00:00,48.99,49.175,48.965,49.01,236866
2026-05-18T16:40:00+00:00,49.025,49.052,48.88,48.94,280681
2026-05-18T16:45:00+00:00,48.97,49.04,48.82,48.876,189492
2026-05-18T16:50:00+00:00,48.863,49.34,48.8,49.32,236515
2026-05-18T16:55:00+00:00,49.315,49.41,49.2,49.225,113917
2026-05-18T17:00:00+00:00,49.23,49.298,49.09,49.18,130303
2026-05-18T17:05:00+00:00,49.189,49.29,49.08,49.135,80638
2026-05-18T17:10:00+00:00,49.125,49.23,49.03,49.047,115004
2026-05-18T17:15:00+00:00,49.05,49.15,48.98,49.085,132250
2026-05-18T17:20:00+00:00,49.085,49.14,48.91,48.94,117874
2026-05-18T17:25:00+00:00,48.94,49.0,48.81,48.85,195787
2026-05-18T17:30:00+00:00,48.84,48.93,48.72,48.755,141874
2026-05-18T17:35:00+00:00,48.75,48.78,48.68,48.73,171199
2026-05-18T17:40:00+00:00,48.75,49.04,48.706,48.975,178556
2026-05-18T17:45:00+00:00,48.965,48.99,48.73,48.76,119392
2026-05-18T17:50:00+00:00,48.712,48.95,48.712,48.83,83472
2026-05-18T17:55:00+00:00,48.825,48.91,48.76,48.83,145267
2026-05-18T18:00:00+00:00,48.8,48.83,48.58,48.64,252756
2026-05-18T18:05:00+00:00,48.62,48.698,48.5,48.545,251743
2026-05-18T18:10:00+00:00,48.545,48.589,48.46,48.465,157350
2026-05-18T18:15:00+00:00,48.46,48.485,48.25,48.27,290177
2026-05-18T18:20:00+00:00,48.274,48.36,48.165,48.21,303914
2026-05-18T18:25:00+00:00,48.215,48.348,48.04,48.308,426262
2026-05-18T18:30:00+00:00,48.305,48.43,48.14,48.3,197718
2026-05-18T18:35:00+00:00,48.29,48.36,48.11,48.17,126373
2026-05-18T18:40:00+00:00,48.15,48.3,48.12,48.3,155692
2026-05-18T18:45:00+00:00,48.3,48.355,48.08,48.11,166115
2026-05-18T18:50:00+00:00,48.083,48.16,48.01,48.05,252891
2026-05-18T18:55:00+00:00,48.07,48.25,48.04,48.24,232019
2026-05-18T19:00:00+00:00,48.245,48.99,48.2,48.75,251138
2026-05-18T19:05:00+00:00,48.735,48.86,48.39,48.67,157830
2026-05-18T19:10:00+00:00,48.72,48.87,48.64,48.68,144559
2026-05-18T19:15:00+00:00,48.66,48.749,48.48,48.503,167733
2026-05-18T19:20:00+00:00,48.5,48.65,48.49,48.515,156029
2026-05-18T19:25:00+00:00,48.515,48.55,48.37,48.47,171121
2026-05-18T19:30:00+00:00,48.46,48.745,48.43,48.665,206274
2026-05-18T19:35:00+00:00,48.67,49.05,48.66,49.015,230331
2026-05-18T19:40:00+00:00,49.015,49.19,49.0,49.18,310224
2026-05-18T19:45:00+00:00,49.175,49.41,49.16,49.36,253728
2026-05-18T19:50:00+00:00,49.35,49.55,49.295,49.52,373118
2026-05-18T19:55:00+00:00,49.49,49.52,49.23,49.32,305705
2026-05-18T20:00:00+00:00,49.32,49.35,49.13,49.29,6345
2026-05-18T20:05:00+00:00,49.285,49.29,49.01,49.06,8806
2026-05-18T20:10:00+00:00,49.06,49.32,49.01,49.04,16776
2026-05-18T20:15:00+00:00,49.04,49.12,49.01,49.04,515765
2026-05-18T20:20:00+00:00,49.06,49.12,49.01,49.042,15797
2026-05-18T20:25:00+00:00,49.04,49.12,49.04,49.08,1702
2026-05-18T20:30:00+00:00,49.07,49.12,49.03,49.04,5896
2026-05-18T20:35:00+00:00,49.04,49.09,49.01,49.08,3821
2026-05-18T20:40:00+00:00,49.08,49.09,49.027,49.08,6372
2026-05-18T20:45:00+00:00,49.08,49.12,49.057,49.12,1736
2026-05-18T20:50:00+00:00,49.12,49.2,49.108,49.18,3557
2026-05-18T20:55:00+00:00,49.2,49.2,49.122,49.13,3247
2026-05-18T21:00:00+00:00,49.13,49.2,49.08,49.18,2396
2026-05-18T21:05:00+00:00,49.18,49.18,49.108,49.16,2268
2026-05-18T21:10:00+00:00,49.14,49.15,49.08,49.14,4784
2026-05-18T21:15:00+00:00,49.11,49.14,49.08,49.12,2389
2026-05-18T21:20:00+00:00,49.13,49.3,49.1,49.3,4772
2026-05-18T21:25:00+00:00,49.25,49.3,49.15,49.22,1847
2026-05-18T21:30:00+00:00,49.254,49.28,49.19,49.27,4108
2026-05-18T21:35:00+00:00,49.28,49.49,49.27,49.309,2389
2026-05-18T21:40:00+00:00,49.306,49.5,49.28,49.49,75947
2026-05-18T21:45:00+00:00,49.45,49.5,49.35,49.491,6999
2026-05-18T21:50:00+00:00,49.49,49.5,49.43,49.5,2968
2026-05-18T21:55:00+00:00,49.499,49.6,49.47,49.6,5000
2026-05-18T22:00:00+00:00,49.51,49.6,49.51,49.6,2715
2026-05-18T22:05:00+00:00,49.63,49.76,49.607,49.754,7048
2026-05-18T22:10:00+00:00,49.72,49.76,49.67,49.701,10768
2026-05-18T22:15:00+00:00,49.7,49.74,49.69,49.71,11110
2026-05-18T22:20:00+00:00,49.732,49.78,49.68,49.75,11193
2026-05-18T22:25:00+00:00,49.75,49.78,49.72,49.74,9261
2026-05-18T22:30:00+00:00,49.74,49.86,49.726,49.86,5521
2026-05-18T22:35:00+00:00,49.86,49.87,49.745,49.79,11037
2026-05-18T22:40:00+00:00,49.79,49.79,49.749,49.77,2988
2026-05-18T22:45:00+00:00,49.77,49.78,49.72,49.75,7013
2026-05-18T22:50:00+00:00,49.761,49.8,49.76,49.77,4284
2026-05-18T22:55:00+00:00,49.77,49.85,48.66,49.83,5914
2026-05-18T23:00:00+00:00,49.82,49.9,49.8,49.89,4824
2026-05-18T23:05:00+00:00,49.89,49.99,49.84,49.96,7827
2026-05-18T23:10:00+00:00,49.964,50.0,49.93,49.99,6774
2026-05-18T23:15:00+00:00,50.0,50.09,49.99,50.07,10166
2026-05-18T23:20:00+00:00,50.08,50.09,50.05,50.089,4875
2026-05-18T23:25:00+00:00,50.089,50.2,50.05,50.16,3704
2026-05-18T23:30:00+00:00,50.2,50.2,50.1,50.149,5456
2026-05-18T23:35:00+00:00,50.14,50.23,50.048,50.05,10007
2026-05-18T23:40:00+00:00,50.05,50.05,49.902,49.91,8479
2026-05-18T23:45:00+00:00,49.94,50.0,49.67,49.699,3841
2026-05-18T23:50:00+00:00,49.7,49.8,49.63,49.63,7121
2026-05-18T23:55:00+00:00,49.7,49.76,49.58,49.76,10371
2026-05-19T08:00:00+00:00,48.2,49.2,48.052,49.03,81001
2026-05-19T08:05:00+00:00,49.03,49.06,48.05,48.85,16119
2026-05-19T08:10:00+00:00,48.747,49.0,48.73,48.77,4930
2026-05-19T08:15:00+00:00,48.78,48.89,48.75,48.89,1588
2026-05-19T08:20:00+00:00,48.87,48.892,48.608,48.626,1477
2026-05-19T08:25:00+00:00,48.55,48.566,48.38,48.41,1844
2026-05-19T08:30:00+00:00,48.34,48.78,48.34,48.76,1081
2026-05-19T08:35:00+00:00,48.753,48.76,48.522,48.67,1111
2026-05-19T08:40:00+00:00,48.75,48.78,48.55,48.78,1865
2026-05-19T08:45:00+00:00,48.8,48.9,48.7,48.7,916
2026-05-19T08:50:00+00:00,48.735,48.88,48.6,48.6,862
2026-05-19T08:55:00+00:00,48.69,48.89,48.6,48.7,1484
2026-05-19T09:00:00+00:00,48.7,48.7,48.5,48.5,431
2026-05-19T09:05:00+00:00,48.57,48.57,48.34,48.38,1550
2026-05-19T09:10:00+00:00,48.38,48.4,48.34,48.36,863
2026-05-19T09:15:00+00:00,48.352,48.48,48.117,48.29,41703
2026-05-19T09:20:00+00:00,48.29,48.345,48.15,48.23,1945
2026-05-19T09:25:00+00:00,48.22,48.23,48.0,48.0,2223
2026-05-19T09:30:00+00:00,48.02,48.11,47.81,47.814,2529
2026-05-19T09:35:00+00:00,47.817,48.0,47.817,47.95,3376
2026-05-19T09:40:00+00:00,47.927,47.93,47.68,47.79,2393
2026-05-19T09:45:00+00:00,47.73,47.94,47.7,47.9,2681
2026-05-19T09:50:00+00:00,47.9,47.93,47.84,47.92,2319
2026-05-19T09:55:00+00:00,47.95,48.2,47.94,48.07,3244
2026-05-19T10:00:00+00:00,48.01,48.15,47.91,47.93,1479
2026-05-19T10:05:00+00:00,47.92,48.0,47.83,47.83,1382
2026-05-19T10:10:00+00:00,47.82,47.85,47.66,47.83,6968
2026-05-19T10:15:00+00:00,47.83,47.9,47.6,47.69,1599
2026-05-19T10:20:00+00:00,47.721,47.9,47.66,47.85,3919
2026-05-19T10:25:00+00:00,47.85,47.91,47.72,47.823,1109
2026-05-19T10:30:00+00:00,47.78,48.21,47.78,48.21,1840
2026-05-19T10:35:00+00:00,48.15,48.2,47.75,47.85,1668
2026-05-19T10:40:00+00:00,47.85,48.03,47.68,47.71,1012
2026-05-19T10:45:00+00:00,47.86,47.88,47.71,47.88,1337
2026-05-19T10:50:00+00:00,47.93,48.0,47.9,47.91,1024
2026-05-19T10:55:00+00:00,47.92,48.1,47.92,47.982,628
2026-05-19T11:00:00+00:00,48.07,48.14,48.0,48.007,46230
2026-05-19T11:05:00+00:00,48.04,48.04,47.77,47.808,20239
2026-05-19T11:10:00+00:00,47.849,47.92,47.65,47.652,11335
2026-05-19T11:15:00+00:00,47.654,47.8,47.6,47.76,22366
2026-05-19T11:20:00+00:00,47.71,47.78,47.61,47.67,7144
2026-05-19T11:25:00+00:00,47.662,47.67,47.51,47.586,19788
2026-05-19T11:30:00+00:00,47.58,47.8,47.55,47.71,10278
2026-05-19T11:35:00+00:00,47.683,47.8,47.55,47.55,7976
2026-05-19T11:40:00+00:00,47.55,47.68,47.55,47.599,16508
2026-05-19T11:45:00+00:00,47.59,47.65,47.5,47.57,13375
2026-05-19T11:50:00+00:00,47.571,47.64,47.5,47.55,8441
2026-05-19T11:55:00+00:00,47.559,47.56,47.39,47.397,20597
2026-05-19T12:00:00+00:00,47.38,47.49,47.3,47.45,8045
2026-05-19T12:05:00+00:00,47.45,47.55,47.418,47.418,15578
2026-05-19T12:10:00+00:00,47.42,47.62,47.41,47.5,7595
2026-05-19T12:15:00+00:00,47.49,47.51,47.35,47.42,13483
2026-05-19T12:20:00+00:00,47.4,47.49,47.35,47.4,13172
2026-05-19T12:25:00+00:00,47.42,47.49,47.25,47.297,21834
2026-05-19T12:30:00+00:00,47.29,47.48,47.25,47.4,23221
2026-05-19T12:35:00+00:00,47.432,47.7,47.4,47.7,24229
2026-05-19T12:40:00+00:00,47.65,47.75,47.51,47.68,12408
2026-05-19T12:45:00+00:00,47.68,47.75,47.629,47.7,14848
2026-05-19T12:50:00+00:00,47.72,47.72,47.61,47.69,6540
2026-05-19T12:55:00+00:00,47.67,47.69,47.5,47.54,33379
2026-05-19T13:00:00+00:00,47.54,47.59,47.41,47.42,7636
2026-05-19T13:05:00+00:00,47.44,47.47,47.2,47.28,10047
2026-05-19T13:10:00+00:00,47.255,47.37,47.15,47.3,18019
2026-05-19T13:15:00+00:00,47.299,47.3,47.15,47.23,22403
2026-05-19T13:20:00+00:00,47.22,47.44,47.12,47.36,21046
2026-05-19T13:25:00+00:00,47.31,47.43,47.21,47.38,12782
2026-05-19T13:30:00+00:00,47.4,48.58,47.14,48.47,667953
2026-05-19T13:35:00+00:00,48.47,49.21,48.4,49.06,577805
2026-05-19T13:40:00+00:00,49.04,49.06,48.25,48.32,572737
2026-05-19T13:45:00+00:00,48.31,48.5,48.07,48.18,484761
2026-05-19T13:50:00+00:00,48.2,48.54,48.06,48.516,234106
2026-05-19T13:55:00+00:00,48.53,48.62,47.91,48.005,304575
2026-05-19T14:00:00+00:00,47.984,48.01,47.63,47.9,216008
2026-05-19T14:05:00+00:00,47.895,47.95,47.131,47.264,490615
2026-05-19T14:10:00+00:00,47.28,47.42,46.94,46.98,698492
2026-05-19T14:15:00+00:00,46.97,46.97,46.54,46.635,923881
2026-05-19T14:20:00+00:00,46.65,46.95,46.43,46.9,959632
2026-05-19T14:25:00+00:00,46.9,47.17,46.77,47.07,445727
2026-05-19T14:30:00+00:00,47.06,47.33,46.92,47.05,301875
2026-05-19T14:35:00+00:00,47.063,47.53,47.06,47.52,298230
2026-05-19T14:40:00+00:00,47.5,47.65,47.355,47.385,234091
2026-05-19T14:45:00+00:00,47.37,47.49,47.09,47.43,282725
2026-05-19T14:50:00+00:00,47.365,47.71,47.325,47.63,283085
2026-05-19T14:55:00+00:00,47.57,48.0,47.57,47.95,247687
2026-05-19T15:00:00+00:00,47.935,48.32,47.935,48.24,315840
2026-05-19T15:05:00+00:00,48.252,48.27,47.94,48.11,167414
2026-05-19T15:10:00+00:00,48.16,48.36,48.155,48.333,137543
2026-05-19T15:15:00+00:00,48.34,48.56,48.25,48.25,231082
2026-05-19T15:20:00+00:00,48.241,48.395,48.18,48.195,174447
2026-05-19T15:25:00+00:00,48.18,48.35,48.1,48.295,229808
2026-05-19T15:30:00+00:00,48.29,48.615,48.21,48.5,221250
2026-05-19T15:35:00+00:00,48.48,48.84,48.4,48.83,265471
2026-05-19T15:40:00+00:00,48.83,48.975,48.774,48.95,177346
2026-05-19T15:45:00+00:00,48.95,49.0,48.82,48.92,193147
2026-05-19T15:50:00+00:00,48.934,49.01,48.78,48.885,138895
2026-05-19T15:55:00+00:00,48.9,48.96,48.71,48.96,131445
2026-05-19T16:00:00+00:00,48.97,49.32,48.97,49.305,271444
2026-05-19T16:05:00+00:00,49.305,49.31,49.0,49.04,204571
2026-05-19T16:10:00+00:00,49.0,49.16,48.93,49.02,117596
2026-05-19T16:15:00+00:00,49.02,49.33,49.02,49.309,150567
2026-05-19T16:20:00+00:00,49.295,49.5,49.225,49.5,242784
2026-05-19T16:25:00+00:00,49.5,49.88,49.48,49.85,456414
2026-05-19T16:30:00+00:00,49.85,50.19,49.83,50.05,683871
2026-05-19T16:35:00+00:00,50.045,50.5,50.04,50.46,602113
2026-05-19T16:40:00+00:00,50.47,50.5,50.33,50.41,472693
2026-05-19T16:45:00+00:00,50.41,50.49,50.21,50.28,243763
2026-05-19T16:50:00+00:00,50.28,50.55,50.245,50.55,227265
2026-05-19T16:55:00+00:00,50.52,50.7,50.44,50.515,328136
2026-05-19T17:00:00+00:00,50.52,50.8,50.45,50.8,208170
2026-05-19T17:05:00+00:00,50.79,50.86,50.67,50.86,242483
2026-05-19T17:10:00+00:00,50.87,50.9,50.612,50.72,283440
2026-05-19T17:15:00+00:00,50.704,50.96,50.7,50.95,165796
2026-05-19T17:20:00+00:00,50.95,51.049,50.78,50.83,254754
2026-05-19T17:25:00+00:00,50.815,50.816,50.49,50.685,275037
2026-05-19T17:30:00+00:00,50.748,50.89,50.65,50.66,228051
2026-05-19T17:35:00+00:00,50.66,50.79,50.58,50.66,120535
2026-05-19T17:40:00+00:00,50.656,50.73,50.51,50.62,199286
2026-05-19T17:45:00+00:00,50.615,50.615,50.272,50.49,280609
2026-05-19T17:50:00+00:00,50.465,50.49,50.07,50.235,233892
2026-05-19T17:55:00+00:00,50.245,50.58,50.245,50.525,114278
2026-05-19T18:00:00+00:00,50.53,50.8,50.53,50.74,243956
2026-05-19T18:05:00+00:00,50.75,50.85,50.7,50.84,115423
2026-05-19T18:10:00+00:00,50.815,50.86,50.73,50.735,103506
2026-05-19T18:15:00+00:00,50.7,50.83,50.67,50.7,172403
2026-05-19T18:20:00+00:00,50.685,50.685,50.406,50.55,108608
2026-05-19T18:25:00+00:00,50.559,50.65,50.35,50.355,93187
2026-05-19T18:30:00+00:00,50.355,50.56,50.3,50.46,122754
2026-05-19T18:35:00+00:00,50.47,50.59,50.33,50.41,141816
2026-05-19T18:40:00+00:00,50.37,50.4,50.2,50.365,179541
2026-05-19T18:45:00+00:00,50.365,50.365,50.18,50.296,242654
2026-05-19T18:50:00+00:00,50.285,50.39,50.0,50.1,192749
2026-05-19T18:55:00+00:00,50.06,50.06,49.8,49.84,217993
2026-05-19T19:00:00+00:00,49.86,50.08,49.82,50.025,149501
2026-05-19T19:05:00+00:00,50.025,50.11,49.89,50.085,68697
2026-05-19T19:10:00+00:00,50.1,50.39,50.07,50.365,145982
2026-05-19T19:15:00+00:00,50.383,50.45,50.05,50.07,108643
2026-05-19T19:20:00+00:00,50.079,50.1,49.752,49.79,127086
2026-05-19T19:25:00+00:00,49.79,49.94,49.7,49.865,179768
2026-05-19T19:30:00+00:00,49.91,50.05,49.81,49.875,100014
2026-05-19T19:35:00+00:00,49.89,49.91,49.68,49.82,108964
2026-05-19T19:40:00+00:00,49.81,49.845,49.673,49.7,128156
2026-05-19T19:45:00+00:00,49.73,49.77,49.61,49.71,107659
2026-05-19T19:50:00+00:00,49.7,49.8,49.53,49.54,221306
2026-05-19T19:55:00+00:00,49.525,49.79,49.525,49.77,519712
2026-05-19T20:00:00+00:00,49.85,49.934,49.58,49.8,9039
2026-05-19T20:05:00+00:00,49.82,50.0,49.6,50.0,8549
2026-05-19T20:10:00+00:00,49.99,50.0,49.77,49.98,13448
2026-05-19T20:15:00+00:00,49.95,49.95,49.77,49.821,3651
2026-05-19T20:20:00+00:00,49.847,50.0,49.84,49.91,2548
2026-05-19T20:25:00+00:00,50.0,50.0,49.91,49.97,5395
2026-05-19T20:30:00+00:00,49.99,50.0,49.84,49.97,1617
2026-05-19T20:35:00+00:00,49.95,50.0,49.9,49.96,946
2026-05-19T20:40:00+00:00,49.95,49.96,49.81,49.85,1460
2026-05-19T20:45:00+00:00,49.85,49.89,49.8,49.826,2131
2026-05-19T20:50:00+00:00,49.82,49.94,49.8,49.88,7919
2026-05-19T20:55:00+00:00,49.938,49.94,49.818,49.93,807
2026-05-19T21:00:00+00:00,49.93,49.949,49.87,49.93,2398
2026-05-19T21:05:00+00:00,49.93,49.93,49.88,49.9,2573
2026-05-19T21:10:00+00:00,49.902,49.95,49.9,49.92,6188
2026-05-19T21:15:00+00:00,49.92,49.94,49.88,49.94,1485
2026-05-19T21:20:00+00:00,49.94,49.95,49.77,49.95,5039
2026-05-19T21:25:00+00:00,49.925,49.95,49.9,49.93,10171
2026-05-19T21:30:00+00:00,49.94,50.11,49.94,50.0,6786
2026-05-19T21:35:00+00:00,50.09,50.2,50.03,50.15,2482
2026-05-19T21:40:00+00:00,50.16,50.2,50.0,50.11,4102
2026-05-19T21:45:00+00:00,50.1,50.2,50.0,50.15,3226
2026-05-19T21:50:00+00:00,50.15,50.27,50.15,50.25,3195
2026-05-19T21:55:00+00:00,50.25,50.28,50.24,50.27,2381
2026-05-19T22:00:00+00:00,50.259,50.26,50.12,50.2,2358
2026-05-19T22:05:00+00:00,50.151,50.28,50.132,50.26,2317
2026-05-19T22:10:00+00:00,50.27,50.3,50.13,50.24,8884
2026-05-19T22:15:00+00:00,50.24,50.3,50.01,50.07,4894
2026-05-19T22:20:00+00:00,50.072,50.1,50.01,50.069,731
2026-05-19T22:25:00+00:00,50.01,50.049,49.8,49.85,1931
2026-05-19T22:30:00+00:00,49.839,49.9,49.8,49.898,1790
2026-05-19T22:35:00+00:00,49.85,49.99,49.85,49.96,5110
2026-05-19T22:40:00+00:00,49.959,49.98,49.85,49.921,10318
2026-05-19T22:45:00+00:00,49.9,49.99,49.86,49.9,2175
2026-05-19T22:50:00+00:00,49.9,49.99,49.86,49.99,745
2026-05-19T22:55:00+00:00,49.99,50.19,49.98,50.16,1061
2026-05-19T23:00:00+00:00,50.131,50.15,50.0,50.05,2348
2026-05-19T23:05:00+00:00,50.0,50.01,49.92,50.01,1682
2026-05-19T23:10:00+00:00,50.01,50.16,50.001,50.08,2697
2026-05-19T23:15:00+00:00,50.01,50.1,50.003,50.056,4648
2026-05-19T23:20:00+00:00,50.057,50.16,50.057,50.1,7104
2026-05-19T23:25:00+00:00,50.139,50.139,50.06,50.07,4281
2026-05-19T23:30:00+00:00,50.1,50.29,50.087,50.29,2302
2026-05-19T23:35:00+00:00,50.288,50.29,50.18,50.219,2128
2026-05-19T23:40:00+00:00,50.219,50.33,50.16,50.2,5360
2026-05-19T23:45:00+00:00,50.25,50.27,50.05,50.05,28837
2026-05-19T23:50:00+00:00,50.054,50.1,49.92,49.95,8730
2026-05-19T23:55:00+00:00,50.0,50.0,49.921,49.998,11285
2026-05-20T08:00:00+00:00,48.97,50.2,48.87,50.14,100688
2026-05-20T08:05:00+00:00,50.147,50.27,49.0,50.05,17302
2026-05-20T08:10:00+00:00,50.094,50.186,50.02,50.18,6527
2026-05-20T08:15:00+00:00,50.13,50.2,50.06,50.18,2680
2026-05-20T08:20:00+00:00,50.2,50.2,50.079,50.12,2406
2026-05-20T08:25:00+00:00,50.12,50.12,49.98,50.05,5527
2026-05-20T08:30:00+00:00,50.05,50.202,50.05,50.18,37529
2026-05-20T08:35:00+00:00,50.19,50.25,50.15,50.25,5661
2026-05-20T08:40:00+00:00,50.24,50.4,50.23,50.37,1932
2026-05-20T08:45:00+00:00,50.31,50.4,50.28,50.3,5586
2026-05-20T08:50:00+00:00,50.306,50.39,50.3,50.37,6861
2026-05-20T08:55:00+00:00,50.37,50.37,50.18,50.23,1846
2026-05-20T09:00:00+00:00,50.24,50.24,50.05,50.1,4201
2026-05-20T09:05:00+00:00,50.1,50.1,49.99,50.054,3000
2026-05-20T09:10:00+00:00,50.05,50.19,50.05,50.1,1382
2026-05-20T09:15:00+00:00,50.05,50.22,50.0,50.2,2269
2026-05-20T09:20:00+00:00,50.19,50.26,50.1,50.13,1650
2026-05-20T09:25:00+00:00,50.13,50.18,50.099,50.14,3672
2026-05-20T09:30:00+00:00,50.15,50.215,50.13,50.21,1898
2026-05-20T09:35:00+00:00,50.22,50.22,50.151,50.151,4449
2026-05-20T09:40:00+00:00,50.16,50.22,50.16,50.22,2233
2026-05-20T09:45:00+00:00,50.2,50.385,50.2,50.349,8090
2026-05-20T09:50:00+00:00,50.34,50.43,50.314,50.43,7094
2026-05-20T09:55:00+00:00,50.43,50.43,50.334,50.35,3580
2026-05-20T10:00:00+00:00,50.38,50.48,50.36,50.458,7554
2026-05-20T10:05:00+00:00,50.43,50.46,50.4,50.44,2385
2026-05-20T10:10:00+00:00,50.45,50.45,50.34,50.4,5434
2026-05-20T10:15:00+00:00,50.37,50.43,50.26,50.26,1323
2026-05-20T10:20:00+00:00,50.29,50.37,50.28,50.35,4325
2026-05-20T10:25:00+00:00,50.35,50.35,50.21,50.22,16894
2026-05-20T10:30:00+00:00,50.22,50.37,50.2,50.32,10758
2026-05-20T10:35:00+00:00,50.347,50.39,50.34,50.34,1591
2026-05-20T10:40:00+00:00,50.34,50.45,50.34,50.41,3778
2026-05-20T10:45:00+00:00,50.41,50.44,50.38,50.4,970
2026-05-20T10:50:00+00:00,50.4,50.4,50.351,50.353,1657
2026-05-20T10:55:00+00:00,50.36,50.388,50.23,50.23,1415
2026-05-20T11:00:00+00:00,50.22,50.4,50.22,50.32,42062
2026-05-20T11:05:00+00:00,50.3,50.39,50.26,50.37,7840
2026-05-20T11:10:00+00:00,50.351,50.41,50.277,50.28,17958
2026-05-20T11:15:00+00:00,50.28,50.33,50.26,50.27,3936
2026-05-20T11:20:00+00:00,50.27,50.41,50.27,50.41,12506
2026-05-20T11:25:00+00:00,50.411,50.411,50.28,50.349,27295
2026-05-20T11:30:00+00:00,50.34,50.37,50.22,50.27,15195
2026-05-20T11:35:00+00:00,50.26,50.28,50.13,50.131,8639
2026-05-20T11:40:00+00:00,50.13,50.14,50.0,50.08,10803
2026-05-20T11:45:00+00:00,50.05,50.18,50.01,50.15,19868
2026-05-20T11:50:00+00:00,50.15,50.19,50.03,50.126,17442
2026-05-20T11:55:00+00:00,50.14,50.21,50.12,50.16,3380
2026-05-20T12:00:00+00:00,50.19,50.25,50.131,50.24,15153
2026-05-20T12:05:00+00:00,50.221,50.36,50.22,50.26,8983
2026-05-20T12:10:00+00:00,50.279,50.35,50.24,50.35,7076
2026-05-20T12:15:00+00:00,50.35,50.394,50.3,50.35,11467
2026-05-20T12:20:00+00:00,50.32,50.4,50.3,50.36,16434
2026-05-20T12:25:00+00:00,50.364,50.45,50.34,50.45,10845
2026-05-20T12:30:00+00:00,50.45,50.48,50.38,50.45,13204
2026-05-20T12:35:00+00:00,50.45,50.47,50.38,50.4,10280
2026-05-20T12:40:00+00:00,50.39,50.66,50.3,50.362,14299
2026-05-20T12:45:00+00:00,50.36,50.75,50.36,50.744,20823
2026-05-20T12:50:00+00:00,50.73,50.89,50.58,50.89,27397
2026-05-20T12:55:00+00:00,50.889,50.93,50.5,50.5,15190
2026-05-20T13:00:00+00:00,50.513,50.84,50.513,50.613,118599
2026-05-20T13:05:00+00:00,50.63,50.82,50.629,50.749,23751
2026-05-20T13:10:00+00:00,50.74,50.82,50.59,50.691,11350
2026-05-20T13:15:00+00:00,50.699,50.699,50.61,50.67,23901
2026-05-20T13:20:00+00:00,50.663,50.92,50.63,50.86,28754
2026-05-20T13:25:00+00:00,50.83,51.06,50.78,51.0,56478
2026-05-20T13:30:00+00:00,51.0,51.015,50.5,50.663,562959
2026-05-20T13:35:00+00:00,50.685,50.72,50.23,50.54,519257
2026-05-20T13:40:00+00:00,50.555,50.96,50.494,50.93,384088
2026-05-20T13:45:00+00:00,50.93,51.01,50.62,50.66,605558
2026-05-20T13:50:00+00:00,50.66,50.79,50.41,50.485,355194
2026-05-20T13:55:00+00:00,50.5,50.54,50.28,50.506,248595
2026-05-20T14:00:00+00:00,50.518,50.64,50.37,50.39,351126
2026-05-20T14:05:00+00:00,50.39,50.59,50.33,50.4,299894
2026-05-20T14:10:00+00:00,50.4,50.45,49.73,50.115,366476
2026-05-20T14:15:00+00:00,50.135,50.68,50.05,50.412,320763
2026-05-20T14:20:00+00:00,50.47,50.77,50.42,50.55,196748
2026-05-20T14:25:00+00:00,50.572,50.735,50.44,50.735,305399
2026-05-20T14:30:00+00:00,50.73,50.96,50.72,50.82,292084
2026-05-20T14:35:00+00:00,50.79,50.885,50.622,50.815,192375
2026-05-20T14:40:00+00:00,50.82,50.9,50.674,50.78,193693
2026-05-20T14:45:00+00:00,50.79,50.81,50.58,50.65,256749
2026-05-20T14:50:00+00:00,50.64,50.96,50.63,50.91,202464
2026-05-20T14:55:00+00:00,50.9,51.15,50.85,51.12,237213
2026-05-20T15:00:00+00:00,51.06,51.21,50.895,50.97,179006
2026-05-20T15:05:00+00:00,50.953,51.1,50.91,51.075,125963
2026-05-20T15:10:00+00:00,51.09,51.159,51.005,51.045,106001
2026-05-20T15:15:00+00:00,51.06,51.541,51.04,51.535,253845
2026-05-20T15:20:00+00:00,51.505,51.6,51.31,51.335,284598
2026-05-20T15:25:00+00:00,51.31,51.389,51.122,51.2,144193
2026-05-20T15:30:00+00:00,51.2,51.48,51.15,51.435,204938
2026-05-20T15:35:00+00:00,51.445,51.56,51.439,51.455,114611
2026-05-20T15:40:00+00:00,51.46,51.55,51.36,51.38,108944
2026-05-20T15:45:00+00:00,51.41,51.49,51.378,51.49,103334
2026-05-20T15:50:00+00:00,51.5,51.63,51.38,51.52,261588
2026-05-20T15:55:00+00:00,51.515,51.59,51.41,51.455,132875
2026-05-20T16:00:00+00:00,51.44,51.455,51.2,51.232,86966
2026-05-20T16:05:00+00:00,51.265,51.34,51.2,51.21,123958
2026-05-20T16:10:00+00:00,51.225,51.253,51.09,51.12,252994
2026-05-20T16:15:00+00:00,51.115,51.13,50.89,50.93,331233
2026-05-20T16:20:00+00:00,50.915,50.99,50.76,50.795,242661
2026-05-20T16:25:00+00:00,50.78,50.89,50.685,50.8,113154
2026-05-20T16:30:00+00:00,50.8,51.07,50.79,50.93,305431
2026-05-20T16:35:00+00:00,50.93,50.98,50.825,50.9,49082
2026-05-20T16:40:00+00:00,50.9,51.14,50.865,51.13,78304
2026-05-20T16:45:00+00:00,51.14,51.2,51.01,51.05,53336
2026-05-20T16:50:00+00:00,51.09,51.2,51.01,51.123,58609
2026-05-20T16:55:00+00:00,51.135,51.16,50.88,51.015,56038
2026-05-20T17:00:00+00:00,51.015,51.15,50.94,51.035,29859
2026-05-20T17:05:00+00:00,51.01,51.1,50.95,51.02,46402
2026-05-20T17:10:00+00:00,51.015,51.15,50.986,51.15,31774
2026-05-20T17:15:00+00:00,51.125,51.2,51.06,51.128,37453
2026-05-20T17:20:00+00:00,51.1,51.15,50.955,51.014,56870
2026-05-20T17:25:00+00:00,51.035,51.19,51.035,51.175,50671
2026-05-20T17:30:00+00:00,51.18,51.25,51.05,51.17,62642
2026-05-20T17:35:00+00:00,51.19,51.27,51.133,51.19,55899
2026-05-20T17:40:00+00:00,51.17,51.2,51.11,51.15,35566
2026-05-20T17:45:00+00:00,51.145,51.2,51.12,51.2,73762
2026-05-20T17:50:00+00:00,51.22,51.27,51.15,51.27,63416
2026-05-20T17:55:00+00:00,51.24,51.4,51.22,51.375,85007
2026-05-20T18:00:00+00:00,51.35,51.49,51.3,51.42,87289
2026-05-20T18:05:00+00:00,51.42,51.45,51.33,51.41,81884
2026-05-20T18:10:00+00:00,51.42,51.45,51.35,51.375,42182
2026-05-20T18:15:00+00:00,51.37,51.4,51.3,51.32,53935
2026-05-20T18:20:00+00:00,51.31,51.38,51.22,51.22,43540
2026-05-20T18:25:00+00:00,51.215,51.35,51.211,51.325,84895
2026-05-20T18:30:00+00:00,51.32,51.4,51.3,51.365,52587
2026-05-20T18:35:00+00:00,51.365,51.5,51.34,51.46,89912
2026-05-20T18:40:00+00:00,51.47,51.48,51.36,51.36,45498
2026-05-20T18:45:00+00:00,51.38,51.5,51.33,51.36,50793
2026-05-20T18:50:00+00:00,51.33,51.413,51.309,51.345,44519
2026-05-20T18:55:00+00:00,51.33,51.44,51.31,51.32,69398
2026-05-20T19:00:00+00:00,51.325,51.48,51.32,51.425,103586
2026-05-20T19:05:00+00:00,51.423,51.58,51.42,51.56,106225
2026-05-20T19:10:00+00:00,51.55,51.61,51.55,51.58,115081
2026-05-20T19:15:00+00:00,51.58,51.63,51.435,51.445,92971
2026-05-20T19:20:00+00:00,51.47,51.49,51.4,51.436,60768
2026-05-20T19:25:00+00:00,51.45,51.47,51.34,51.435,54281
2026-05-20T19:30:00+00:00,51.44,51.44,51.37,51.42,85119
2026-05-20T19:35:00+00:00,51.41,51.55,51.28,51.45,191351
2026-05-20T19:40:00+00:00,51.45,51.45,51.35,51.38,105904
2026-05-20T19:45:00+00:00,51.366,51.52,51.36,51.43,169488
2026-05-20T19:50:00+00:00,51.43,51.52,51.34,51.44,147105
2026-05-20T19:55:00+00:00,51.46,51.593,51.39,51.51,186912
2026-05-20T20:00:00+00:00,51.53,51.63,51.5,51.61,18657
2026-05-20T20:05:00+00:00,51.629,51.75,51.6,51.7,7075
2026-05-20T20:10:00+00:00,51.7,51.7,51.51,51.63,5556
2026-05-20T20:15:00+00:00,51.63,51.68,51.56,51.59,15649
2026-05-20T20:20:00+00:00,51.638,51.649,50.88,51.39,22011
2026-05-20T20:25:00+00:00,51.39,51.88,51.34,51.88,23841
2026-05-20T20:30:00+00:00,51.9,51.9,51.13,51.3,76870
2026-05-20T20:35:00+00:00,51.39,51.4,51.15,51.16,15834
2026-05-20T20:40:00+00:00,51.235,51.47,51.2,51.45,9514
2026-05-20T20:45:00+00:00,51.46,51.6,51.41,51.6,19561
2026-05-20T20:50:00+00:00,51.58,51.58,51.33,51.39,8140
2026-05-20T20:55:00+00:00,51.35,51.57,51.35,51.57,3862
2026-05-20T21:00:00+00:00,51.54,51.57,51.4,51.57,6708
2026-05-20T21:05:00+00:00,51.54,51.57,51.25,51.42,6019
2026-05-20T21:10:00+00:00,51.42,51.51,51.3,51.43,4446
2026-05-20T21:15:00+00:00,51.4,51.54,51.4,51.456,2337
2026-05-20T21:20:00+00:00,51.441,51.56,51.441,51.5,5371
2026-05-20T21:25:00+00:00,51.509,51.95,51.5,51.95,15969
2026-05-20T21:30:00+00:00,51.94,51.95,51.75,51.88,41118
2026-05-20T21:35:00+00:00,51.88,51.89,51.72,51.818,4292
2026-05-20T21:40:00+00:00,51.828,51.83,51.63,51.76,8042
2026-05-20T21:45:00+00:00,51.764,51.89,51.75,51.88,14537
2026-05-20T21:50:00+00:00,51.879,51.9,51.71,51.798,13092
2026-05-20T21:55:00+00:00,51.8,51.98,51.71,51.8,22155
2026-05-20T22:00:00+00:00,51.75,51.81,51.56,51.61,5710
2026-05-20T22:05:00+00:00,51.687,51.687,51.12,51.129,26584
2026-05-20T22:10:00+00:00,51.12,51.4,51.01,51.18,21518
2026-05-20T22:15:00+00:00,51.119,51.2,51.1,51.129,6201
2026-05-20T22:20:00+00:00,51.12,51.18,51.01,51.108,9511
2026-05-20T22:25:00+00:00,51.09,51.2,51.09,51.2,5973
2026-05-20T22:30:00+00:00,51.2,51.3,51.16,51.3,4952
2026-05-20T22:35:00+00:00,51.29,51.3,51.151,51.288,7892
2026-05-20T22:40:00+00:00,51.3,51.5,51.25,51.39,3137
2026-05-20T22:45:00+00:00,51.39,51.45,51.27,51.45,1850
2026-05-20T22:50:00+00:00,51.446,51.5,51.41,51.45,2624
2026-05-20T22:55:00+00:00,51.45,51.5,51.41,51.5,11274
2026-05-20T23:00:00+00:00,51.5,51.77,51.5,51.64,47449
2026-05-20T23:05:00+00:00,51.59,51.8,51.59,51.798,6866
2026-05-20T23:10:00+00:00,51.8,51.8,51.7,51.75,11704
2026-05-20T23:15:00+00:00,51.763,51.84,51.71,51.771,4344
2026-05-20T23:20:00+00:00,51.77,51.8,51.688,51.699,6306
2026-05-20T23:25:00+00:00,51.69,51.8,51.68,51.794,37053
2026-05-20T23:30:00+00:00,51.74,51.8,51.51,51.6,17459
2026-05-20T23:35:00+00:00,51.6,51.67,51.54,51.6,8045
2026-05-20T23:40:00+00:00,51.6,51.625,51.51,51.52,2576
2026-05-20T23:45:00+00:00,51.51,51.69,51.5,51.61,9074
2026-05-20T23:50:00+00:00,51.6,51.7,51.52,51.677,7780
2026-05-20T23:55:00+00:00,51.68,51.75,51.527,51.535,12513
2026-05-21T08:00:00+00:00,52.82,53.64,51.7,52.7,236791
2026-05-21T08:05:00+00:00,52.747,53.64,51.84,52.853,31310
2026-05-21T08:10:00+00:00,52.86,53.15,52.86,53.09,38648
2026-05-21T08:15:00+00:00,53.12,53.19,52.87,52.962,31552
2026-05-21T08:20:00+00:00,52.96,52.98,52.89,52.96,2447
2026-05-21T08:25:00+00:00,52.962,52.98,52.82,52.918,7667
2026-05-21T08:30:00+00:00,52.91,52.91,52.74,52.74,1080
2026-05-21T08:35:00+00:00,52.747,52.771,52.64,52.74,5427
2026-05-21T08:40:00+00:00,52.682,52.8,52.682,52.771,9301
2026-05-21T08:45:00+00:00,52.772,52.772,52.72,52.75,2202
2026-05-21T08:50:00+00:00,52.75,52.77,52.68,52.756,2655
2026-05-21T08:55:00+00:00,52.759,52.9,52.75,52.799,2556
2026-05-21T09:00:00+00:00,52.8,52.89,52.78,52.848,3863
2026-05-21T09:05:00+00:00,52.86,52.99,52.84,52.99,1436
2026-05-21T09:10:00+00:00,52.94,53.022,52.94,53.01,1704
2026-05-21T09:15:00+00:00,53.01,53.048,52.99,53.014,1148
2026-05-21T09:20:00+00:00,53.023,53.1,53.023,53.04,1817
2026-05-21T09:25:00+00:00,53.1,53.11,53.04,53.11,777
2026-05-21T09:30:00+00:00,53.07,53.11,52.95,52.99,1381
2026-05-21T09:35:00+00:00,53.01,53.03,52.95,52.959,1451
2026-05-21T09:40:00+00:00,52.961,53.07,52.8,52.83,2899
2026-05-21T09:45:00+00:00,52.8,52.91,52.8,52.9,1840
2026-05-21T09:50:00+00:00,52.95,52.972,52.89,52.97,745
2026-05-21T09:55:00+00:00,52.95,53.0,52.94,52.98,675
2026-05-21T10:00:00+00:00,52.98,53.09,52.9,53.023,2648
2026-05-21T10:05:00+00:00,53.024,53.024,52.9,52.994,5083
2026-05-21T10:10:00+00:00,52.96,53.0,52.935,52.96,1063
2026-05-21T10:15:00+00:00,53.002,53.06,52.89,52.95,1876
2026-05-21T10:20:00+00:00,52.96,53.007,52.91,52.92,1312
2026-05-21T10:25:00+00:00,52.87,52.89,52.4,52.52,4341
2026-05-21T10:30:00+00:00,52.5,52.58,52.268,52.51,7802
2026-05-21T10:35:00+00:00,52.58,52.69,52.2,52.2,1566
2026-05-21T10:40:00+00:00,52.11,52.5,52.1,52.5,1782
2026-05-21T10:45:00+00:00,52.37,52.37,52.2,52.31,4349
2026-05-21T10:50:00+00:00,52.28,52.31,52.15,52.3,3436
2026-05-21T10:55:00+00:00,52.31,52.36,52.16,52.18,1905
2026-05-21T11:00:00+00:00,52.24,52.3,52.05,52.1,25676
2026-05-21T11:05:00+00:00,52.183,52.21,52.01,52.14,15435
2026-05-21T11:10:00+00:00,52.15,52.3,52.15,52.291,22914
2026-05-21T11:15:00+00:00,52.29,52.3,52.27,52.3,15660
2026-05-21T11:20:00+00:00,52.291,52.5,52.291,52.4,11514
2026-05-21T11:25:00+00:00,52.398,52.45,52.35,52.394,6297
2026-05-21T11:30:00+00:00,52.355,52.45,52.3,52.31,6423
2026-05-21T11:35:00+00:00,52.35,52.35,52.15,52.21,9588
2026-05-21T11:40:00+00:00,52.28,52.31,52.2,52.23,45151
2026-05-21T11:45:00+00:00,52.21,52.35,52.21,52.33,51067
2026-05-21T11:50:00+00:00,52.33,52.33,52.25,52.33,30365
2026-05-21T11:55:00+00:00,52.324,52.33,52.16,52.19,8511
2026-05-21T12:00:00+00:00,52.17,52.31,52.17,52.237,16415
2026-05-21T12:05:00+00:00,52.22,52.29,52.206,52.25,2949
2026-05-21T12:10:00+00:00,52.241,52.26,52.07,52.111,10302
2026-05-21T12:15:00+00:00,52.13,52.29,52.115,52.29,8798
2026-05-21T12:20:00+00:00,52.248,52.25,52.0,52.08,11064
2026-05-21T12:25:00+00:00,52.07,52.12,51.91,52.05,9775
2026-05-21T12:30:00+00:00,52.1,52.25,51.95,52.241,10209
2026-05-21T12:35:00+00:00,52.249,52.29,52.0,52.229,6724
2026-05-21T12:40:00+00:00,52.23,52.23,51.92,51.98,16441
2026-05-21T12:45:00+00:00,51.92,52.11,51.92,52.057,17351
2026-05-21T12:50:00+00:00,52.014,52.06,51.88,51.96,10008
2026-05-21T12:55:00+00:00,51.959,52.05,51.79,51.8,29401
2026-05-21T13:00:00+00:00,51.808,52.1,51.801,52.08,14044
2026-05-21T13:05:00+00:00,52.08,52.17,51.84,51.87,17594
2026-05-21T13:10:00+00:00,51.85,52.09,51.85,52.02,25552
2026-05-21T13:15:00+00:00,52.02,52.06,51.96,52.013,19757
2026-05-21T13:20:00+00:00,52.03,52.06,51.85,51.96,29006
2026-05-21T13:25:00+00:00,51.95,52.2,51.94,52.15,17297
2026-05-21T13:30:00+00:00,52.18,52.44,51.9,52.28,458652
2026-05-21T13:35:00+00:00,52.26,52.59,52.05,52.5,460289
2026-05-21T13:40:00+00:00,52.509,52.76,52.44,52.63,536944
2026-05-21T13:45:00+00:00,52.63,53.02,52.63,52.724,415631
2026-05-21T13:50:00+00:00,52.781,53.48,52.645,53.43,481825
2026-05-21T13:55:00+00:00,53.43,53.66,53.356,53.51,623120
2026-05-21T14:00:00+00:00,53.51,53.85,53.51,53.59,673596
2026-05-21T14:05:00+00:00,53.58,53.62,53.16,53.354,396562
2026-05-21T14:10:00+00:00,53.34,53.36,52.97,53.16,313883
2026-05-21T14:15:00+00:00,53.11,53.15,52.729,52.73,295858
2026-05-21T14:20:00+00:00,52.71,52.848,52.41,52.724,409322
2026-05-21T14:25:00+00:00,52.71,53.08,52.7,53.07,328231
2026-05-21T14:30:00+00:00,53.065,53.29,53.001,53.102,228017
2026-05-21T14:35:00+00:00,53.1,53.3,53.095,53.23,161731
2026-05-21T14:40:00+00:00,53.23,53.31,53.022,53.13,173978
2026-05-21T14:45:00+00:00,53.11,53.146,52.88,52.97,96134
2026-05-21T14:50:00+00:00,52.963,53.065,52.8,53.03,101806
2026-05-21T14:55:00+00:00,53.059,53.17,53.01,53.06,113467
2026-05-21T15:00:00+00:00,53.119,53.12,52.86,52.885,77358
2026-05-21T15:05:00+00:00,52.872,52.96,52.64,52.745,128886
2026-05-21T15:10:00+00:00,52.745,53.1,52.66,53.03,121435
2026-05-21T15:15:00+00:00,53.05,53.116,52.93,53.11,81803
2026-05-21T15:20:00+00:00,53.09,53.2,52.97,52.97,266698
2026-05-21T15:25:00+00:00,52.96,53.041,52.86,52.86,93843
2026-05-21T15:30:00+00:00,52.88,52.96,52.72,52.76,173016
2026-05-21T15:35:00+00:00,52.745,53.035,52.72,53.035,114099
2026-05-21T15:40:00+00:00,53.04,53.07,52.98,53.028,105422
2026-05-21T15:45:00+00:00,53.02,53.19,53.01,53.09,141938
2026-05-21T15:50:00+00:00,53.085,53.1,53.0,53.05,82727
2026-05-21T15:55:00+00:00,53.05,53.07,52.82,52.84,132014
2026-05-21T16:00:00+00:00,52.9,53.06,52.823,53.035,88572
2026-05-21T16:05:00+00:00,53.02,53.1,53.0,53.088,65111
2026-05-21T16:10:00+00:00,53.089,53.09,52.915,52.95,122550
2026-05-21T16:15:00+00:00,52.95,53.009,52.9,52.91,87424
2026-05-21T16:20:00+00:00,52.92,52.99,52.81,52.97,85100
2026-05-21T16:25:00+00:00,52.971,53.18,52.96,53.12,113726
2026-05-21T16:30:00+00:00,53.16,53.28,53.09,53.21,146657
2026-05-21T16:35:00+00:00,53.24,53.28,53.11,53.17,101927
2026-05-21T16:40:00+00:00,53.165,53.2,53.002,53.03,61776
2026-05-21T16:45:00+00:00,53.045,53.091,52.88,52.99,119386
2026-05-21T16:50:00+00:00,52.995,53.0,52.86,52.97,145128
2026-05-21T16:55:00+00:00,52.96,53.03,52.95,53.01,52359
2026-05-21T17:00:00+00:00,53.025,53.13,53.02,53.075,113927
2026-05-21T17:05:00+00:00,53.075,53.28,53.075,53.255,168712
2026-05-21T17:10:00+00:00,53.26,53.55,53.23,53.345,212606
2026-05-21T17:15:00+00:00,53.345,53.72,53.325,53.64,201061
2026-05-21T17:20:00+00:00,53.67,53.9,53.54,53.74,253147
2026-05-21T17:25:00+00:00,53.725,53.79,53.56,53.67,116331
2026-05-21T17:30:00+00:00,53.67,53.9,53.64,53.79,238125
2026-05-21T17:35:00+00:00,53.81,54.13,53.81,54.115,316619
2026-05-21T17:40:00+00:00,54.11,54.24,54.02,54.138,159947
2026-05-21T17:45:00+00:00,54.13,54.16,54.03,54.12,107709
2026-05-21T17:50:00+00:00,54.135,54.43,54.054,54.42,157820
2026-05-21T17:55:00+00:00,54.42,54.45,54.14,54.165,158472
2026-05-21T18:00:00+00:00,54.145,54.34,54.13,54.2,123994
2026-05-21T18:05:00+00:00,54.15,54.31,54.15,54.285,144374
2026-05-21T18:10:00+00:00,54.32,54.32,54.07,54.085,84496
2026-05-21T18:15:00+00:00,54.1,54.18,53.95,54.16,176533
2026-05-21T18:20:00+00:00,54.17,54.2,54.06,54.16,97058
2026-05-21T18:25:00+00:00,54.165,54.18,54.0,54.08,110026
2026-05-21T18:30:00+00:00,54.08,54.116,54.02,54.11,104268
2026-05-21T18:35:00+00:00,54.1,54.14,54.04,54.11,102597
2026-05-21T18:40:00+00:00,54.095,54.175,54.09,54.14,119735
2026-05-21T18:45:00+00:00,54.135,54.18,53.81,53.84,305736
2026-05-21T18:50:00+00:00,53.859,53.98,53.5,53.5,188813
2026-05-21T18:55:00+00:00,53.466,53.65,53.4,53.63,213957
2026-05-21T19:00:00+00:00,53.63,53.85,53.62,53.81,133098
2026-05-21T19:05:00+00:00,53.8,53.93,53.66,53.9,106607
2026-05-21T19:10:00+00:00,53.91,54.13,53.855,54.115,133455
2026-05-21T19:15:00+00:00,54.135,54.21,54.01,54.21,177609
2026-05-21T19:20:00+00:00,54.21,54.26,54.1,54.22,239254
2026-05-21T19:25:00+00:00,54.21,54.31,54.19,54.28,136382
2026-05-21T19:30:00+00:00,54.274,54.32,54.11,54.125,152129
2026-05-21T19:35:00+00:00,54.125,54.27,54.11,54.23,203577
2026-05-21T19:40:00+00:00,54.26,54.32,54.16,54.23,180206
2026-05-21T19:45:00+00:00,54.23,54.32,54.17,54.32,251525
2026-05-21T19:50:00+00:00,54.32,54.38,54.22,54.275,233118
2026-05-21T19:55:00+00:00,54.27,54.41,54.22,54.34,295611
2026-05-21T20:00:00+00:00,54.34,54.5,54.31,54.45,10615
2026-05-21T20:05:00+00:00,54.47,54.49,54.4,54.451,8522
2026-05-21T20:10:00+00:00,54.46,54.49,54.32,54.404,6825
2026-05-21T20:15:00+00:00,54.42,54.45,54.34,54.404,2552
2026-05-21T20:20:00+00:00,54.43,54.46,54.37,54.41,11370
2026-05-21T20:25:00+00:00,54.4,54.451,54.37,54.44,2911
2026-05-21T20:30:00+00:00,54.443,54.5,54.402,54.499,9525
2026-05-21T20:35:00+00:00,54.49,54.5,54.41,54.5,3261
2026-05-21T20:40:00+00:00,54.491,54.5,54.48,54.48,6054
2026-05-21T20:45:00+00:00,54.49,54.49,54.4,54.451,12544
2026-05-21T20:50:00+00:00,54.45,54.481,54.45,54.47,4363
2026-05-21T20:55:00+00:00,54.47,54.48,54.386,54.386,5376
2026-05-21T21:00:00+00:00,54.4,54.48,54.36,54.46,4167
2026-05-21T21:05:00+00:00,54.46,54.48,54.4,54.46,8294
2026-05-21T21:10:00+00:00,54.45,54.48,54.41,54.41,2192
2026-05-21T21:15:00+00:00,54.43,54.45,54.41,54.45,989
2026-05-21T21:20:00+00:00,54.45,54.45,54.41,54.45,5509
2026-05-21T21:25:00+00:00,54.46,54.49,54.44,54.47,4470
2026-05-21T21:30:00+00:00,54.46,54.5,54.46,54.46,2305
2026-05-21T21:35:00+00:00,54.46,54.5,54.46,54.462,3397
2026-05-21T21:40:00+00:00,54.48,54.5,54.46,54.49,6403
2026-05-21T21:45:00+00:00,54.47,54.51,54.46,54.5,5599
2026-05-21T21:50:00+00:00,54.52,54.53,54.44,54.44,3011
2026-05-21T21:55:00+00:00,54.45,54.49,54.41,54.49,2120
2026-05-21T22:00:00+00:00,54.49,54.53,54.45,54.53,3192
2026-05-21T22:05:00+00:00,54.53,54.67,54.52,54.62,6088
2026-05-21T22:10:00+00:00,54.62,54.68,54.607,54.67,4274
2026-05-21T22:15:00+00:00,54.62,54.75,54.62,54.71,12302
2026-05-21T22:20:00+00:00,54.72,54.72,54.6,54.61,4170
2026-05-21T22:25:00+00:00,54.56,54.71,54.53,54.628,2694
2026-05-21T22:30:00+00:00,54.69,54.69,54.53,54.61,7808
2026-05-21T22:35:00+00:00,54.61,54.66,54.61,54.63,1250
2026-05-21T22:40:00+00:00,54.56,54.65,54.56,54.64,4508
2026-05-21T22:45:00+00:00,54.619,54.7,54.619,54.7,3462
2026-05-21T22:50:00+00:00,54.691,54.691,54.6,54.65,6469
2026-05-21T22:55:00+00:00,54.66,54.67,54.6,54.63,4497
2026-05-21T23:00:00+00:00,54.631,54.65,54.6,54.63,11428
2026-05-21T23:05:00+00:00,54.64,54.65,54.6,54.624,6804
2026-05-21T23:10:00+00:00,54.64,54.65,54.6,54.63,3440
2026-05-21T23:15:00+00:00,54.65,54.65,54.6,54.62,5330
2026-05-21T23:20:00+00:00,54.61,54.61,54.49,54.49,2907
2026-05-21T23:25:00+00:00,54.49,54.57,54.43,54.56,3486
2026-05-21T23:30:00+00:00,54.54,54.58,54.53,54.57,7487
2026-05-21T23:35:00+00:00,54.58,54.65,54.57,54.634,4889
2026-05-21T23:40:00+00:00,54.66,54.7,54.6,54.7,4534
2026-05-21T23:45:00+00:00,54.689,54.79,54.65,54.77,6652
2026-05-21T23:50:00+00:00,54.745,54.8,54.71,54.76,4404
2026-05-21T23:55:00+00:00,54.74,54.8,54.7,54.75,8861
2026-05-22T08:00:00+00:00,53.36,53.98,53.36,53.84,66313
2026-05-22T08:05:00+00:00,53.83,53.845,53.59,53.67,7465
2026-05-22T08:10:00+00:00,53.663,53.79,53.66,53.74,3320
2026-05-22T08:15:00+00:00,53.73,53.85,53.702,53.77,1764
2026-05-22T08:20:00+00:00,53.76,53.85,53.701,53.76,2898
2026-05-22T08:25:00+00:00,53.74,53.74,53.6,53.6,3222
2026-05-22T08:30:00+00:00,53.62,53.67,53.56,53.56,7688
2026-05-22T08:35:00+00:00,53.56,53.59,53.48,53.56,10379
2026-05-22T08:40:00+00:00,53.52,53.68,53.508,53.6,7455
2026-05-22T08:45:00+00:00,53.619,53.65,53.51,53.538,3562
2026-05-22T08:50:00+00:00,53.538,53.65,53.503,53.65,2923
2026-05-22T08:55:00+00:00,53.62,53.62,53.27,53.34,70366
2026-05-22T09:00:00+00:00,53.3,53.36,53.23,53.28,5162
2026-05-22T09:05:00+00:00,53.21,53.25,53.1,53.19,5229
2026-05-22T09:10:00+00:00,53.2,53.33,53.17,53.25,4597
2026-05-22T09:15:00+00:00,53.227,53.26,53.095,53.219,2650
2026-05-22T09:20:00+00:00,53.21,53.21,52.993,53.126,5048
2026-05-22T09:25:00+00:00,53.12,53.16,52.9,52.95,6287
2026-05-22T09:30:00+00:00,52.96,53.14,52.9,53.1,4863
2026-05-22T09:35:00+00:00,53.1,53.24,53.1,53.2,1507
2026-05-22T09:40:00+00:00,53.21,53.232,53.11,53.2,2738
2026-05-22T09:45:00+00:00,53.2,53.235,53.113,53.2,1475
2026-05-22T09:50:00+00:00,53.21,53.25,53.2,53.23,2179
2026-05-22T09:55:00+00:00,53.227,53.23,53.083,53.1,1616
2026-05-22T10:00:00+00:00,53.1,53.19,53.03,53.03,1415
2026-05-22T10:05:00+00:00,53.03,53.144,52.98,53.062,2111
2026-05-22T10:10:00+00:00,53.09,53.12,53.04,53.04,1407
2026-05-22T10:15:00+00:00,53.05,53.11,52.95,52.95,3077
2026-05-22T10:20:00+00:00,52.99,53.0,52.91,53.0,3804
2026-05-22T10:25:00+00:00,53.09,53.12,52.93,52.93,3752
2026-05-22T10:30:00+00:00,52.95,53.04,52.81,52.86,7411
2026-05-22T10:35:00+00:00,52.86,52.976,52.83,52.976,3170
2026-05-22T10:40:00+00:00,52.93,53.0,52.87,52.95,10693
2026-05-22T10:45:00+00:00,52.95,53.02,52.9,53.02,5584
2026-05-22T10:50:00+00:00,53.02,53.09,53.02,53.09,2301
2026-05-22T10:55:00+00:00,53.0,53.12,53.0,53.05,2566
2026-05-22T11:00:00+00:00,53.12,53.27,53.05,53.19,28165
2026-05-22T11:05:00+00:00,53.199,53.25,53.11,53.14,8496
2026-05-22T11:10:00+00:00,53.13,53.213,53.1,53.18,9936
2026-05-22T11:15:00+00:00,53.148,53.154,53.06,53.09,5420
2026-05-22T11:20:00+00:00,53.079,53.23,53.06,53.21,8101
2026-05-22T11:25:00+00:00,53.21,53.25,53.16,53.236,4182
2026-05-22T11:30:00+00:00,53.23,53.25,53.15,53.18,4597
2026-05-22T11:35:00+00:00,53.18,53.29,53.18,53.29,4863
2026-05-22T11:40:00+00:00,53.287,53.32,53.246,53.3,4102
2026-05-22T11:45:00+00:00,53.318,53.38,53.29,53.37,6102
2026-05-22T11:50:00+00:00,53.37,53.38,53.31,53.35,3278
2026-05-22T11:55:00+00:00,53.36,53.36,53.26,53.27,4760
2026-05-22T12:00:00+00:00,53.279,53.39,53.27,53.37,8487
2026-05-22T12:05:00+00:00,53.35,53.39,53.207,53.21,9731
2026-05-22T12:10:00+00:00,53.23,53.6,53.18,53.546,29268
2026-05-22T12:15:00+00:00,53.54,53.57,53.357,53.463,17047
2026-05-22T12:20:00+00:00,53.44,53.54,53.364,53.529,8324
2026-05-22T12:25:00+00:00,53.518,53.54,53.35,53.36,8369
2026-05-22T12:30:00+00:00,53.37,53.49,53.37,53.48,6253
2026-05-22T12:35:00+00:00,53.479,53.49,53.38,53.461,8208
2026-05-22T12:40:00+00:00,53.46,53.46,53.38,53.387,7062
2026-05-22T12:45:00+00:00,53.39,53.49,53.38,53.487,5866
2026-05-22T12:50:00+00:00,53.463,53.55,53.46,53.53,8528
2026-05-22T12:55:00+00:00,53.55,53.56,53.46,53.55,9433
2026-05-22T13:00:00+00:00,53.548,53.55,53.35,53.35,13341
2026-05-22T13:05:00+00:00,53.38,53.55,53.35,53.55,8543
2026-05-22T13:10:00+00:00,53.55,53.55,53.42,53.55,5544
2026-05-22T13:15:00+00:00,53.55,53.584,53.39,53.479,12874
2026-05-22T13:20:00+00:00,53.43,53.45,53.4,53.409,19148
2026-05-22T13:25:00+00:00,53.401,53.74,53.4,53.73,11429
2026-05-22T13:30:00+00:00,53.67,53.718,53.04,53.22,412714
2026-05-22T13:35:00+00:00,53.216,53.71,53.205,53.62,466764
2026-05-22T13:40:00+00:00,53.64,53.75,53.04,53.335,344755
2026-05-22T13:45:00+00:00,53.356,53.48,53.04,53.05,255184
2026-05-22T13:50:00+00:00,53.04,53.29,52.88,53.21,314626
2026-05-22T13:55:00+00:00,53.22,53.3,53.09,53.294,134058
2026-05-22T14:00:00+00:00,53.28,53.28,52.74,52.945,356113
2026-05-22T14:05:00+00:00,52.895,52.99,52.72,52.94,298595
2026-05-22T14:10:00+00:00,52.93,53.13,52.92,53.025,258592
2026-05-22T14:15:00+00:00,53.01,53.218,53.01,53.075,200587
2026-05-22T14:20:00+00:00,53.1,53.15,52.8,52.865,211279
2026-05-22T14:25:00+00:00,52.87,53.125,52.84,53.11,174496
2026-05-22T14:30:00+00:00,53.09,53.37,53.06,53.355,191501
2026-05-22T14:35:00+00:00,53.355,53.53,53.23,53.5,155516
2026-05-22T14:40:00+00:00,53.529,53.74,53.45,53.72,209589
2026-05-22T14:45:00+00:00,53.705,53.74,53.55,53.6,195250
2026-05-22T14:50:00+00:00,53.6,53.62,53.4,53.49,110178
2026-05-22T14:55:00+00:00,53.5,53.62,53.465,53.475,243226
2026-05-22T15:00:00+00:00,53.5,53.7,53.495,53.595,198106
2026-05-22T15:05:00+00:00,53.61,53.71,53.54,53.71,88427
2026-05-22T15:10:00+00:00,53.69,53.76,53.62,53.68,123343
2026-05-22T15:15:00+00:00,53.68,53.81,53.645,53.795,165994
2026-05-22T15:20:00+00:00,53.795,53.81,53.6,53.635,103869
2026-05-22T15:25:00+00:00,53.64,53.81,53.6,53.805,108487
2026-05-22T15:30:00+00:00,53.81,53.96,53.765,53.765,132005
2026-05-22T15:35:00+00:00,53.76,53.82,53.67,53.77,93664
2026-05-22T15:40:00+00:00,53.77,53.78,53.675,53.71,86350
2026-05-22T15:45:00+00:00,53.7,53.72,53.54,53.545,87136
2026-05-22T15:50:00+00:00,53.545,53.66,53.54,53.62,86029
2026-05-22T15:55:00+00:00,53.62,53.65,53.54,53.59,88182
2026-05-22T16:00:00+00:00,53.6,53.68,53.517,53.65,143245
2026-05-22T16:05:00+00:00,53.64,53.71,53.62,53.625,77473
2026-05-22T16:10:00+00:00,53.64,53.73,53.61,53.71,88113
2026-05-22T16:15:00+00:00,53.705,53.71,53.59,53.6,71501
2026-05-22T16:20:00+00:00,53.59,53.65,53.57,53.59,68184
2026-05-22T16:25:00+00:00,53.59,53.66,53.56,53.655,63485
2026-05-22T16:30:00+00:00,53.66,53.74,53.606,53.606,41196
2026-05-22T16:35:00+00:00,53.63,53.65,53.575,53.58,43566
2026-05-22T16:40:00+00:00,53.59,53.67,53.53,53.59,84105
2026-05-22T16:45:00+00:00,53.595,53.73,53.595,53.69,60374
2026-05-22T16:50:00+00:00,53.69,53.75,53.62,53.705,69130
2026-05-22T16:55:00+00:00,53.705,53.8,53.67,53.78,57331
2026-05-22T17:00:00+00:00,53.78,53.95,53.77,53.905,113174
2026-05-22T17:05:00+00:00,53.91,54.0,53.86,53.892,83303
2026-05-22T17:10:00+00:00,53.895,53.91,53.81,53.835,89826
2026-05-22T17:15:00+00:00,53.84,53.88,53.692,53.692,84606
2026-05-22T17:20:00+00:00,53.695,53.86,53.694,53.85,54989
2026-05-22T17:25:00+00:00,53.84,53.94,53.769,53.89,80435
2026-05-22T17:30:00+00:00,53.92,53.99,53.83,53.86,160857
2026-05-22T17:35:00+00:00,53.85,53.98,53.815,53.91,65658
2026-05-22T17:40:00+00:00,53.925,53.93,53.84,53.85,63869
2026-05-22T17:45:00+00:00,53.85,53.99,53.85,53.9,61861
2026-05-22T17:50:00+00:00,53.905,54.07,53.85,54.05,167902
2026-05-22T17:55:00+00:00,54.05,54.29,54.05,54.19,151022
2026-05-22T18:00:00+00:00,54.185,54.2,54.06,54.13,138625
2026-05-22T18:05:00+00:00,54.14,54.14,54.05,54.065,82783
2026-05-22T18:10:00+00:00,54.065,54.09,53.929,53.975,154811
2026-05-22T18:15:00+00:00,53.98,54.03,53.9,53.97,76078
2026-05-22T18:20:00+00:00,53.97,53.985,53.862,53.945,64212
2026-05-22T18:25:00+00:00,53.95,53.97,53.88,53.92,53995
2026-05-22T18:30:00+00:00,53.915,53.93,53.815,53.83,79092
2026-05-22T18:35:00+00:00,53.829,53.94,53.77,53.9,74418
2026-05-22T18:40:00+00:00,53.91,54.04,53.91,53.92,64649
2026-05-22T18:45:00+00:00,53.93,53.95,53.85,53.87,51816
2026-05-22T18:50:00+00:00,53.86,53.98,53.85,53.94,62579
2026-05-22T18:55:00+00:00,53.94,53.95,53.83,53.854,49826
2026-05-22T19:00:00+00:00,53.88,53.88,53.65,53.68,109225
2026-05-22T19:05:00+00:00,53.7,53.72,53.6,53.64,105452
2026-05-22T19:10:00+00:00,53.63,53.67,53.52,53.56,87037
2026-05-22T19:15:00+00:00,53.553,53.59,53.49,53.53,148021
2026-05-22T19:20:00+00:00,53.52,53.54,53.38,53.42,144184
2026-05-22T19:25:00+00:00,53.411,53.42,53.24,53.27,210061
2026-05-22T19:30:00+00:00,53.27,53.28,53.16,53.21,204809
2026-05-22T19:35:00+00:00,53.215,53.325,53.177,53.276,175212
2026-05-22T19:40:00+00:00,53.27,53.31,52.98,53.03,416062
2026-05-22T19:45:00+00:00,53.02,53.05,52.96,53.03,269080
2026-05-22T19:50:00+00:00,53.02,53.08,52.81,52.81,322228
2026-05-22T19:55:00+00:00,52.8,52.93,52.74,52.82,317621
2026-05-22T20:00:00+00:00,52.829,52.91,52.66,52.66,9312
2026-05-22T20:05:00+00:00,52.69,52.92,52.66,52.92,196305
2026-05-22T20:10:00+00:00,52.82,52.99,52.82,52.87,6147
2026-05-22T20:15:00+00:00,52.909,52.98,52.8,52.851,4565
2026-05-22T20:20:00+00:00,52.86,52.9,52.85,52.89,3225
2026-05-22T20:25:00+00:00,52.88,52.97,52.871,52.95,2859
2026-05-22T20:30:00+00:00,52.97,52.97,52.873,52.91,841
2026-05-22T20:35:00+00:00,52.871,52.95,52.86,52.88,2606
2026-05-22T20:40:00+00:00,52.89,52.92,52.72,52.73,1922
2026-05-22T20:45:00+00:00,52.724,52.8,52.7,52.72,7168
2026-05-22T20:50:00+00:00,52.8,52.8,52.72,52.76,13640
2026-05-22T20:55:00+00:00,52.79,52.8,52.71,52.744,6262
2026-05-22T21:00:00+00:00,52.71,52.8,52.7,52.79,5091
2026-05-22T21:05:00+00:00,52.76,52.8,52.76,52.796,6564
2026-05-22T21:10:00+00:00,52.78,52.86,52.76,52.815,5962
2026-05-22T21:15:00+00:00,52.86,52.86,52.81,52.856,3784
2026-05-22T21:20:00+00:00,52.86,52.86,52.81,52.85,871
2026-05-22T21:25:00+00:00,52.82,52.86,52.8,52.82,1435
2026-05-22T21:30:00+00:00,52.85,52.85,52.82,52.84,3030
2026-05-22T21:35:00+00:00,52.83,52.86,52.83,52.84,11188
2026-05-22T21:40:00+00:00,52.84,52.91,52.84,52.885,1940
2026-05-22T21:45:00+00:00,52.91,52.95,52.867,52.92,4973
2026-05-22T21:50:00+00:00,52.92,52.95,52.92,52.949,3741
2026-05-22T21:55:00+00:00,52.95,52.97,52.94,52.96,2684
2026-05-22T22:00:00+00:00,52.96,52.97,52.94,52.97,1205
2026-05-22T22:05:00+00:00,52.94,52.97,52.94,52.95,2932
2026-05-22T22:10:00+00:00,52.95,52.97,52.94,52.95,2949
2026-05-22T22:15:00+00:00,52.94,52.94,52.91,52.93,2685
2026-05-22T22:20:00+00:00,52.92,52.94,52.92,52.937,2856
2026-05-22T22:25:00+00:00,52.93,52.94,52.9,52.921,4111
2026-05-22T22:30:00+00:00,52.93,52.93,52.86,52.89,1994
2026-05-22T22:35:00+00:00,52.87,52.89,52.82,52.836,9978
2026-05-22T22:40:00+00:00,52.837,52.84,52.8,52.81,3610
2026-05-22T22:45:00+00:00,52.805,52.81,52.75,52.75,2177
2026-05-22T22:50:00+00:00,52.75,52.79,52.7,52.72,4489
2026-05-22T22:55:00+00:00,52.72,52.72,52.7,52.719,5640
2026-05-22T23:00:00+00:00,52.72,52.72,52.65,52.66,3872
2026-05-22T23:05:00+00:00,52.66,52.68,52.631,52.649,2183
2026-05-22T23:10:00+00:00,52.64,52.64,52.6,52.61,6135
2026-05-22T23:15:00+00:00,52.642,52.67,52.606,52.61,1645
2026-05-22T23:20:00+00:00,52.619,52.65,52.6,52.611,6316
2026-05-22T23:25:00+00:00,52.62,52.68,52.62,52.68,2214
2026-05-22T23:30:00+00:00,52.66,52.7,52.65,52.68,5223
2026-05-22T23:35:00+00:00,52.665,52.68,52.61,52.647,4615
2026-05-22T23:40:00+00:00,52.648,52.65,52.57,52.59,2879
2026-05-22T23:45:00+00:00,52.581,52.59,52.5,52.51,7116
2026-05-22T23:50:00+00:00,52.53,52.59,52.5,52.57,8648
2026-05-22T23:55:00+00:00,52.59,52.6,52.55,52.56,6232
2026-05-26T08:00:00+00:00,55.28,55.82,55.22,55.533,99331
2026-05-26T08:05:00+00:00,55.54,55.75,55.37,55.62,7172
2026-05-26T08:10:00+00:00,55.622,55.68,55.58,55.67,1409
2026-05-26T08:15:00+00:00,55.661,55.79,55.62,55.77,6088
2026-05-26T08:20:00+00:00,55.78,55.88,55.77,55.773,2423
2026-05-26T08:25:00+00:00,55.79,55.88,55.73,55.86,7031
2026-05-26T08:30:00+00:00,55.86,55.88,55.77,55.77,3666
2026-05-26T08:35:00+00:00,55.8,55.84,55.74,55.81,1706
2026-05-26T08:40:00+00:00,55.8,55.88,55.78,55.85,1886
2026-05-26T08:45:00+00:00,55.85,55.88,55.81,55.857,2593
2026-05-26T08:50:00+00:00,55.82,55.89,55.82,55.86,894
2026-05-26T08:55:00+00:00,55.86,55.89,55.82,55.889,7569
2026-05-26T09:00:00+00:00,55.89,55.979,55.89,55.96,2227
2026-05-26T09:05:00+00:00,55.96,56.0,55.95,55.96,1945
2026-05-26T09:10:00+00:00,55.959,56.0,55.818,55.9,5785
2026-05-26T09:15:00+00:00,55.9,56.0,55.89,55.997,7677
2026-05-26T09:20:00+00:00,55.999,56.0,55.9,55.95,5223
2026-05-26T09:25:00+00:00,55.95,56.1,55.92,56.1,2785
2026-05-26T09:30:00+00:00,56.1,56.1,56.04,56.1,1835
2026-05-26T09:35:00+00:00,56.098,56.25,56.097,56.19,9373
2026-05-26T09:40:00+00:00,56.21,56.28,56.18,56.27,4625
2026-05-26T09:45:00+00:00,56.29,56.33,56.15,56.272,8433
2026-05-26T09:50:00+00:00,56.28,56.3,56.22,56.26,2349
2026-05-26T09:55:00+00:00,56.3,56.44,56.27,56.39,10302
2026-05-26T10:00:00+00:00,56.4,56.42,56.34,56.38,6884
2026-05-26T10:05:00+00:00,56.38,56.4,56.34,56.358,2499
2026-05-26T10:10:00+00:00,56.35,56.5,56.35,56.495,7938
2026-05-26T10:15:00+00:00,56.498,56.55,56.449,56.53,8211
2026-05-26T10:20:00+00:00,56.56,56.56,56.489,56.49,7285
2026-05-26T10:25:00+00:00,56.49,56.57,56.463,56.54,2368
2026-05-26T10:30:00+00:00,56.54,56.6,56.54,56.56,6228
2026-05-26T10:35:00+00:00,56.58,56.64,56.55,56.6,6084
2026-05-26T10:40:00+00:00,56.6,56.6,56.31,56.32,24342
2026-05-26T10:45:00+00:00,56.309,56.54,56.3,56.54,1483
2026-05-26T10:50:00+00:00,56.54,56.57,56.42,56.43,2289
2026-05-26T10:55:00+00:00,56.426,56.46,56.313,56.32,3507
2026-05-26T11:00:00+00:00,56.32,56.35,56.11,56.24,88501
2026-05-26T11:05:00+00:00,56.32,56.35,56.25,56.34,22644
2026-05-26T11:10:00+00:00,56.35,56.36,56.25,56.26,32222
2026-05-26T11:15:00+00:00,56.28,56.28,56.21,56.247,8204
2026-05-26T11:20:00+00:00,56.241,56.3,56.23,56.3,22109
2026-05-26T11:25:00+00:00,56.291,56.35,56.265,56.31,27960
2026-05-26T11:30:00+00:00,56.35,56.45,56.25,56.37,17897
2026-05-26T11:35:00+00:00,56.37,56.37,56.19,56.349,21986
2026-05-26T11:40:00+00:00,56.38,56.43,56.35,56.42,20801
2026-05-26T11:45:00+00:00,56.4,56.44,56.33,56.434,8011
2026-05-26T11:50:00+00:00,56.43,56.5,56.39,56.481,16784
2026-05-26T11:55:00+00:00,56.5,56.57,56.48,56.52,17583
2026-05-26T12:00:00+00:00,56.481,56.55,56.465,56.473,14297
2026-05-26T12:05:00+00:00,56.464,56.64,56.43,56.47,27174
2026-05-26T12:10:00+00:00,56.546,56.56,56.45,56.55,13259
2026-05-26T12:15:00+00:00,56.539,56.62,56.48,56.62,14561
2026-05-26T12:20:00+00:00,56.62,56.8,56.61,56.702,39952
2026-05-26T12:25:00+00:00,56.737,56.77,56.64,56.71,35624
2026-05-26T12:30:00+00:00,56.719,56.78,56.672,56.76,19424
2026-05-26T12:35:00+00:00,56.76,56.78,56.7,56.75,92273
2026-05-26T12:40:00+00:00,56.767,56.88,56.753,56.85,29321
2026-05-26T12:45:00+00:00,56.85,56.95,56.73,56.95,39032
2026-05-26T12:50:00+00:00,56.95,57.02,56.93,57.0,38403
2026-05-26T12:55:00+00:00,57.0,57.03,56.95,56.97,31402
2026-05-26T13:00:00+00:00,56.98,56.99,56.9,56.93,27122
2026-05-26T13:05:00+00:00,56.95,57.09,56.93,57.01,46988
2026-05-26T13:10:00+00:00,57.019,57.09,57.0,57.07,34185
2026-05-26T13:15:00+00:00,57.087,57.09,57.02,57.04,27065
2026-05-26T13:20:00+00:00,57.04,57.06,56.94,57.0,29197
2026-05-26T13:25:00+00:00,57.018,57.15,57.0,57.1,15214
2026-05-26T13:30:00+00:00,57.16,58.1,57.05,57.895,1396658
2026-05-26T13:35:00+00:00,57.87,58.47,57.6,58.47,894625
2026-05-26T13:40:00+00:00,58.48,58.95,58.465,58.845,809731
2026-05-26T13:45:00+00:00,58.89,59.25,58.72,58.937,767910
2026-05-26T13:50:00+00:00,58.96,59.11,58.601,58.865,716193
2026-05-26T13:55:00+00:00,58.89,59.285,58.76,59.18,598513
2026-05-26T14:00:00+00:00,59.19,59.22,58.71,58.755,464467
2026-05-26T14:05:00+00:00,58.765,58.956,58.4,58.88,635672
2026-05-26T14:10:00+00:00,58.892,59.0,58.743,59.0,510262
2026-05-26T14:15:00+00:00,59.0,59.32,58.87,59.319,355879
2026-05-26T14:20:00+00:00,59.34,59.61,59.155,59.6,532023
2026-05-26T14:25:00+00:00,59.615,59.84,59.58,59.751,575845
2026-05-26T14:30:00+00:00,59.73,60.05,59.71,60.04,411362
2026-05-26T14:35:00+00:00,60.04,60.32,59.97,60.0,435005
2026-05-26T14:40:00+00:00,60.01,60.283,59.835,59.914,512007
2026-05-26T14:45:00+00:00,59.91,60.0,59.6,59.745,379416
2026-05-26T14:50:00+00:00,59.748,59.99,59.72,59.78,335917
2026-05-26T14:55:00+00:00,59.78,59.88,59.61,59.63,220382
2026-05-26T15:00:00+00:00,59.63,59.775,59.4,59.491,317276
2026-05-26T15:05:00+00:00,59.495,59.56,59.215,59.435,300769
2026-05-26T15:10:00+00:00,59.43,59.741,59.3,59.74,232828
2026-05-26T15:15:00+00:00,59.725,59.725,59.22,59.505,175037
2026-05-26T15:20:00+00:00,59.51,59.519,59.31,59.48,193227
2026-05-26T15:25:00+00:00,59.49,59.624,59.4,59.505,276047
2026-05-26T15:30:00+00:00,59.53,59.74,59.44,59.725,270795
2026-05-26T15:35:00+00:00,59.72,59.77,59.5,59.63,220589
2026-05-26T15:40:00+00:00,59.625,59.73,59.505,59.69,240335
2026-05-26T15:45:00+00:00,59.69,59.73,59.46,59.5,300921
2026-05-26T15:50:00+00:00,59.51,59.6,59.33,59.38,261863
2026-05-26T15:55:00+00:00,59.36,59.66,59.33,59.62,292510
2026-05-26T16:00:00+00:00,59.65,59.98,59.62,59.93,408965
2026-05-26T16:05:00+00:00,59.935,60.05,59.79,59.82,234120
2026-05-26T16:10:00+00:00,59.84,59.885,59.732,59.805,138329
2026-05-26T16:15:00+00:00,59.805,59.9,59.75,59.838,133062
2026-05-26T16:20:00+00:00,59.83,60.02,59.76,60.01,157827
2026-05-26T16:25:00+00:00,60.01,60.05,59.93,60.02,181691
2026-05-26T16:30:00+00:00,60.015,60.18,60.015,60.17,221826
2026-05-26T16:35:00+00:00,60.165,60.2,60.05,60.08,151291
2026-05-26T16:40:00+00:00,60.08,60.116,59.855,59.88,168196
2026-05-26T16:45:00+00:00,59.86,59.97,59.635,59.7,518390
2026-05-26T16:50:00+00:00,59.68,59.86,59.665,59.821,110053
2026-05-26T16:55:00+00:00,59.815,59.95,59.79,59.9,91630
2026-05-26T17:00:00+00:00,59.92,60.1,59.885,60.05,117658
2026-05-26T17:05:00+00:00,60.05,60.1,59.88,59.94,199234
2026-05-26T17:10:00+00:00,59.935,60.16,59.895,60.135,149718
2026-05-26T17:15:00+00:00,60.14,60.22,60.06,60.095,136194
2026-05-26T17:20:00+00:00,60.08,60.2,60.02,60.08,113012
2026-05-26T17:25:00+00:00,60.08,60.17,60.01,60.17,127689
2026-05-26T17:30:00+00:00,60.16,60.31,60.09,60.304,293244
2026-05-26T17:35:00+00:00,60.31,60.43,60.25,60.4,240443
2026-05-26T17:40:00+00:00,60.39,60.44,60.25,60.42,156636
2026-05-26T17:45:00+00:00,60.425,60.53,60.4,60.485,194944
2026-05-26T17:50:00+00:00,60.485,60.54,60.42,60.51,149445
2026-05-26T17:55:00+00:00,60.51,60.58,60.452,60.5,231937
2026-05-26T18:00:00+00:00,60.5,60.64,60.36,60.6,191749
2026-05-26T18:05:00+00:00,60.6,60.62,60.45,60.465,142033
2026-05-26T18:10:00+00:00,60.47,60.595,60.465,60.57,146776
2026-05-26T18:15:00+00:00,60.57,60.73,60.55,60.73,215459
2026-05-26T18:20:00+00:00,60.73,60.8,60.66,60.75,144053
2026-05-26T18:25:00+00:00,60.745,60.95,60.745,60.945,269979
2026-05-26T18:30:00+00:00,60.95,61.04,60.9,61.02,212037
2026-05-26T18:35:00+00:00,61.023,61.04,60.78,60.875,177999
2026-05-26T18:40:00+00:00,60.875,61.01,60.81,60.87,165889
2026-05-26T18:45:00+00:00,60.867,60.93,60.77,60.83,134534
2026-05-26T18:50:00+00:00,60.83,61.0,60.82,60.94,182347
2026-05-26T18:55:00+00:00,60.95,60.98,60.83,60.88,215473
2026-05-26T19:00:00+00:00,60.87,60.909,60.72,60.85,256065
2026-05-26T19:05:00+00:00,60.87,61.07,60.83,61.05,187626
2026-05-26T19:10:00+00:00,61.05,61.16,61.02,61.155,290947
2026-05-26T19:15:00+00:00,61.16,61.22,61.095,61.105,179235
2026-05-26T19:20:00+00:00,61.105,61.31,61.0,61.03,350384
2026-05-26T19:25:00+00:00,61.03,61.06,60.815,60.945,285410
2026-05-26T19:30:00+00:00,60.94,61.07,60.92,61.04,224772
2026-05-26T19:35:00+00:00,61.04,61.16,60.98,61.105,227689
2026-05-26T19:40:00+00:00,61.08,61.08,60.91,60.92,236953
2026-05-26T19:45:00+00:00,60.92,60.98,60.68,60.93,348922
2026-05-26T19:50:00+00:00,60.93,61.03,60.75,60.76,368246
2026-05-26T19:55:00+00:00,60.74,60.84,60.51,60.51,959308
2026-05-26T20:00:00+00:00,60.56,60.8,60.51,60.77,17125
2026-05-26T20:05:00+00:00,60.778,61.12,60.46,60.88,33542
2026-05-26T20:10:00+00:00,60.976,60.99,60.51,60.7,10186
2026-05-26T20:15:00+00:00,60.67,60.87,60.6,60.87,8692
2026-05-26T20:20:00+00:00,60.87,60.87,60.72,60.81,27515
2026-05-26T20:25:00+00:00,60.78,60.82,60.65,60.75,10102
2026-05-26T20:30:00+00:00,60.74,60.92,60.53,60.62,28680
2026-05-26T20:35:00+00:00,60.62,60.82,60.61,60.78,24425
2026-05-26T20:40:00+00:00,60.78,60.87,59.53,59.53,11111
2026-05-26T20:45:00+00:00,59.52,60.87,59.52,60.71,8051
2026-05-26T20:50:00+00:00,60.72,60.74,60.644,60.73,8697
2026-05-26T20:55:00+00:00,60.681,60.85,60.681,60.846,12653
2026-05-26T21:00:00+00:00,60.85,60.98,60.83,60.95,15593
2026-05-26T21:05:00+00:00,60.95,61.03,60.9,61.02,21040
2026-05-26T21:10:00+00:00,61.021,61.05,60.85,61.0,15333
2026-05-26T21:15:00+00:00,60.999,61.0,60.86,60.95,15701
2026-05-26T21:20:00+00:00,60.939,61.09,60.9,61.04,42652
2026-05-26T21:25:00+00:00,61.039,61.1,61.03,61.041,20280
2026-05-26T21:30:00+00:00,61.05,61.07,61.04,61.054,14609
2026-05-26T21:35:00+00:00,61.05,61.07,61.0,61.04,17421
2026-05-26T21:40:00+00:00,61.049,61.07,61.03,61.06,53183
2026-05-26T21:45:00+00:00,61.03,61.25,61.03,61.17,16905
2026-05-26T21:50:00+00:00,61.17,61.17,61.14,61.17,17012
2026-05-26T21:55:00+00:00,61.161,61.25,61.16,61.24,30929
2026-05-26T22:00:00+00:00,61.24,61.32,61.16,61.17,11936
2026-05-26T22:05:00+00:00,61.17,61.22,61.03,61.07,7659
2026-05-26T22:10:00+00:00,61.1,61.21,61.05,61.21,10157
2026-05-26T22:15:00+00:00,61.23,61.38,61.21,61.38,19622
2026-05-26T22:20:00+00:00,61.38,61.42,61.311,61.33,10862
2026-05-26T22:25:00+00:00,61.38,61.41,61.33,61.36,6224
2026-05-26T22:30:00+00:00,61.36,61.44,61.35,61.421,11459
2026-05-26T22:35:00+00:00,61.45,61.5,61.415,61.479,16319
2026-05-26T22:40:00+00:00,61.45,61.5,61.32,61.32,8592
2026-05-26T22:45:00+00:00,61.32,61.35,61.06,61.29,15524
2026-05-26T22:50:00+00:00,61.31,61.36,61.282,61.35,10544
2026-05-26T22:55:00+00:00,61.422,61.47,61.34,61.42,9548
2026-05-26T23:00:00+00:00,61.42,61.42,61.2,61.301,15277
2026-05-26T23:05:00+00:00,61.31,61.31,61.25,61.27,6011
2026-05-26T23:10:00+00:00,61.293,61.3,61.27,61.3,5868
2026-05-26T23:15:00+00:00,61.3,61.3,61.2,61.3,12191
2026-05-26T23:20:00+00:00,61.3,61.31,61.28,61.3,7903
2026-05-26T23:25:00+00:00,61.29,61.5,61.29,61.479,8684
2026-05-26T23:30:00+00:00,61.48,61.6,61.29,61.34,15029
2026-05-26T23:35:00+00:00,61.42,61.48,61.31,61.48,6316
2026-05-26T23:40:00+00:00,61.44,61.8,61.44,61.8,16133
2026-05-26T23:45:00+00:00,61.8,61.94,61.701,61.81,24534
2026-05-26T23:50:00+00:00,61.809,61.88,61.53,61.841,22223
2026-05-26T23:55:00+00:00,61.841,62.19,61.84,62.19,31954
2026-05-27T08:00:00+00:00,60.75,62.66,60.15,61.2,327248
2026-05-27T08:05:00+00:00,61.2,62.47,60.18,61.048,17352
2026-05-27T08:10:00+00:00,61.029,61.38,61.029,61.379,6573
2026-05-27T08:15:00+00:00,61.38,61.65,61.38,61.604,6084
2026-05-27T08:20:00+00:00,61.6,61.605,61.53,61.547,8028
2026-05-27T08:25:00+00:00,61.53,61.65,61.53,61.61,4475
2026-05-27T08:30:00+00:00,61.61,61.65,61.6,61.63,5086
2026-05-27T08:35:00+00:00,61.63,61.639,61.4,61.495,6495
2026-05-27T08:40:00+00:00,61.49,61.55,61.47,61.55,1850
2026-05-27T08:45:00+00:00,61.548,61.55,61.473,61.5,3508
2026-05-27T08:50:00+00:00,61.498,61.53,61.35,61.36,7862
2026-05-27T08:55:00+00:00,61.358,61.359,61.265,61.31,2884
2026-05-27T09:00:00+00:00,61.3,61.328,61.012,61.11,4244
2026-05-27T09:05:00+00:00,61.145,61.278,61.11,61.268,1458
2026-05-27T09:10:00+00:00,61.269,61.448,61.245,61.44,5401
2026-05-27T09:15:00+00:00,61.44,61.48,61.406,61.419,2456
2026-05-27T09:20:00+00:00,61.461,61.461,61.33,61.37,1822
2026-05-27T09:25:00+00:00,61.404,61.5,61.39,61.46,2204
2026-05-27T09:30:00+00:00,61.46,61.55,61.44,61.532,5538
2026-05-27T09:35:00+00:00,61.5,61.55,61.44,61.547,804
2026-05-27T09:40:00+00:00,61.55,61.56,61.5,61.54,1595
2026-05-27T09:45:00+00:00,61.55,61.61,61.5,61.61,3229
2026-05-27T09:50:00+00:00,61.625,61.881,61.625,61.756,4639
2026-05-27T09:55:00+00:00,61.744,61.79,61.66,61.79,6955
2026-05-27T10:00:00+00:00,61.79,61.8,61.75,61.782,3704
2026-05-27T10:05:00+00:00,61.798,61.949,61.79,61.94,3302
2026-05-27T10:10:00+00:00,61.949,61.978,61.91,61.978,1915
2026-05-27T10:15:00+00:00,61.971,62.069,61.97,62.046,5352
2026-05-27T10:20:00+00:00,62.046,62.048,61.934,61.964,5819
2026-05-27T10:25:00+00:00,61.96,61.96,61.83,61.909,5500
2026-05-27T10:30:00+00:00,61.85,61.993,61.85,61.9,8463
2026-05-27T10:35:00+00:00,61.905,61.97,61.8,61.803,3892
2026-05-27T10:40:00+00:00,61.8,61.89,61.73,61.89,2767
2026-05-27T10:45:00+00:00,61.9,61.946,61.89,61.9,1885
2026-05-27T10:50:00+00:00,61.897,61.9,61.771,61.8,3596
2026-05-27T10:55:00+00:00,61.8,61.88,61.795,61.857,3159
2026-05-27T11:00:00+00:00,61.84,62.34,61.84,62.33,80297
2026-05-27T11:05:00+00:00,62.34,62.5,62.32,62.409,66177
2026-05-27T11:10:00+00:00,62.4,62.6,62.35,62.599,24118
2026-05-27T11:15:00+00:00,62.58,62.68,62.5,62.654,35660
2026-05-27T11:20:00+00:00,62.68,62.71,62.6,62.7,35412
2026-05-27T11:25:00+00:00,62.69,62.7,62.505,62.6,65544
2026-05-27T11:30:00+00:00,62.55,62.82,62.55,62.805,25455
2026-05-27T11:35:00+00:00,62.85,63.09,62.8,62.9,35473
2026-05-27T11:40:00+00:00,62.9,63.02,62.76,62.999,41508
2026-05-27T11:45:00+00:00,63.0,63.25,63.0,63.16,26503
2026-05-27T11:50:00+00:00,63.16,63.23,63.09,63.22,50477
2026-05-27T11:55:00+00:00,63.25,63.3,63.17,63.195,50820
2026-05-27T12:00:00+00:00,63.18,63.3,63.03,63.27,40819
2026-05-27T12:05:00+00:00,63.26,63.47,63.26,63.38,97625
2026-05-27T12:10:00+00:00,63.397,63.397,63.2,63.22,33385
2026-05-27T12:15:00+00:00,63.22,63.29,62.91,63.28,106197
2026-05-27T12:20:00+00:00,63.29,63.55,63.15,63.17,64361
2026-05-27T12:25:00+00:00,63.155,63.2,63.0,63.031,104678
2026-05-27T12:30:00+00:00,63.04,63.07,62.69,62.874,74483
2026-05-27T12:35:00+00:00,62.88,63.02,62.803,62.9,47745
2026-05-27T12:40:00+00:00,62.9,63.0,62.85,62.85,41872
2026-05-27T12:45:00+00:00,62.85,62.85,62.05,62.138,84347
2026-05-27T12:50:00+00:00,62.093,62.5,62.08,62.492,59241
2026-05-27T12:55:00+00:00,62.47,62.49,62.35,62.45,27199
2026-05-27T13:00:00+00:00,62.47,62.85,62.45,62.66,44513
2026-05-27T13:05:00+00:00,62.74,62.74,62.38,62.5,54781
2026-05-27T13:10:00+00:00,62.475,62.52,62.08,62.2,42130
2026-05-27T13:15:00+00:00,62.2,62.6,62.18,62.49,37531
2026-05-27T13:20:00+00:00,62.5,62.6,62.43,62.581,73201
2026-05-27T13:25:00+00:00,62.59,62.65,62.081,62.449,44666
2026-05-27T13:30:00+00:00,62.44,62.68,61.51,62.05,1373376
2026-05-27T13:35:00+00:00,62.0,62.14,60.44,61.046,1488124
2026-05-27T13:40:00+00:00,61.0,61.17,60.34,60.595,1004022
2026-05-27T13:45:00+00:00,60.53,61.08,59.9,60.82,1029429
2026-05-27T13:50:00+00:00,60.835,61.665,60.72,61.11,1136972
2026-05-27T13:55:00+00:00,61.125,61.39,60.93,61.35,545372
2026-05-27T14:00:00+00:00,61.31,61.405,61.06,61.31,513889
2026-05-27T14:05:00+00:00,61.305,61.46,60.86,61.06,512208
2026-05-27T14:10:00+00:00,61.06,61.15,60.34,60.62,414567
2026-05-27T14:15:00+00:00,60.62,60.95,60.565,60.66,281168
2026-05-27T14:20:00+00:00,60.65,60.735,60.0,60.02,519241
2026-05-27T14:25:00+00:00,60.0,60.03,59.31,59.44,786990
2026-05-27T14:30:00+00:00,59.42,59.76,59.05,59.42,638420
2026-05-27T14:35:00+00:00,59.48,59.95,59.355,59.87,406669
2026-05-27T14:40:00+00:00,59.85,60.09,59.68,59.88,279503
2026-05-27T14:45:00+00:00,59.9,60.273,59.77,59.9,319073
2026-05-27T14:50:00+00:00,59.89,60.2,59.89,60.115,293080
2026-05-27T14:55:00+00:00,60.11,60.11,59.563,59.685,182973
2026-05-27T15:00:00+00:00,59.69,59.75,59.42,59.635,197481
2026-05-27T15:05:00+00:00,59.62,59.888,59.52,59.859,165482
2026-05-27T15:10:00+00:00,59.87,60.02,59.81,59.88,233756
2026-05-27T15:15:00+00:00,59.87,59.87,59.26,59.3,212840
2026-05-27T15:20:00+00:00,59.32,59.51,59.17,59.38,222021
2026-05-27T15:25:00+00:00,59.38,59.62,59.36,59.62,193078
2026-05-27T15:30:00+00:00,59.66,59.89,59.62,59.885,181197
2026-05-27T15:35:00+00:00,59.88,59.93,59.4,59.4,123973
2026-05-27T15:40:00+00:00,59.41,59.505,59.35,59.46,92336
2026-05-27T15:45:00+00:00,59.431,59.6,59.37,59.53,104427
2026-05-27T15:50:00+00:00,59.485,59.74,59.402,59.72,131029
2026-05-27T15:55:00+00:00,59.66,59.94,59.585,59.91,134513
2026-05-27T16:00:00+00:00,59.92,60.26,59.764,60.09,196978
2026-05-27T16:05:00+00:00,60.05,60.46,60.04,60.17,243087
2026-05-27T16:10:00+00:00,60.17,60.45,60.145,60.45,219181
2026-05-27T16:15:00+00:00,60.46,60.54,60.3,60.43,218681
2026-05-27T16:20:00+00:00,60.44,60.588,60.395,60.55,157416
2026-05-27T16:25:00+00:00,60.54,60.599,60.28,60.315,161096
2026-05-27T16:30:00+00:00,60.315,60.405,60.15,60.27,106127
2026-05-27T16:35:00+00:00,60.264,60.38,60.22,60.28,93741
2026-05-27T16:40:00+00:00,60.3,60.48,60.3,60.385,110970
2026-05-27T16:45:00+00:00,60.4,60.6,60.39,60.55,141377
2026-05-27T16:50:00+00:00,60.56,60.57,60.185,60.28,128765
2026-05-27T16:55:00+00:00,60.265,60.27,60.04,60.13,132086
2026-05-27T17:00:00+00:00,60.13,60.21,60.105,60.12,129019
2026-05-27T17:05:00+00:00,60.14,60.17,59.66,59.66,152116
2026-05-27T17:10:00+00:00,59.69,59.89,59.69,59.77,107232
2026-05-27T17:15:00+00:00,59.74,59.87,59.74,59.81,79171
2026-05-27T17:20:00+00:00,59.781,60.15,59.781,60.15,137392
2026-05-27T17:25:00+00:00,60.14,60.21,59.99,59.99,108375
2026-05-27T17:30:00+00:00,59.99,60.15,59.92,60.02,160300
2026-05-27T17:35:00+00:00,60.02,60.14,60.0,60.06,115684
2026-05-27T17:40:00+00:00,60.079,60.08,59.895,59.96,113966
2026-05-27T17:45:00+00:00,59.95,60.12,59.93,60.11,103771
2026-05-27T17:50:00+00:00,60.115,60.279,60.06,60.246,112559
2026-05-27T17:55:00+00:00,60.23,60.29,60.1,60.115,184358
2026-05-27T18:00:00+00:00,60.115,60.225,60.07,60.16,67110
2026-05-27T18:05:00+00:00,60.165,60.25,60.072,60.155,104598
2026-05-27T18:10:00+00:00,60.16,60.17,60.01,60.13,55378
2026-05-27T18:15:00+00:00,60.109,60.19,60.089,60.157,54565
2026-05-27T18:20:00+00:00,60.155,60.4,60.13,60.398,109180
2026-05-27T18:25:00+00:00,60.39,60.59,60.39,60.59,124630
2026-05-27T18:30:00+00:00,60.59,60.665,60.56,60.625,155264
2026-05-27T18:35:00+00:00,60.63,60.7,60.42,60.57,103836
2026-05-27T18:40:00+00:00,60.53,60.745,60.53,60.7,123203
2026-05-27T18:45:00+00:00,60.68,60.7,60.6,60.63,120175
2026-05-27T18:50:00+00:00,60.63,60.71,60.55,60.585,103075
2026-05-27T18:55:00+00:00,60.59,60.75,60.5,60.58,139654
2026-05-27T19:00:00+00:00,60.58,60.74,60.495,60.68,122046
2026-05-27T19:05:00+00:00,60.68,60.82,60.62,60.68,127844
2026-05-27T19:10:00+00:00,60.68,60.8,60.65,60.735,121462
2026-05-27T19:15:00+00:00,60.735,60.87,60.72,60.72,136138
2026-05-27T19:20:00+00:00,60.75,61.02,60.75,60.96,144469
2026-05-27T19:25:00+00:00,60.97,61.0,60.55,60.647,199721
2026-05-27T19:30:00+00:00,60.65,60.86,60.65,60.778,181251
2026-05-27T19:35:00+00:00,60.78,61.01,60.78,60.93,211735
2026-05-27T19:40:00+00:00,60.96,60.97,60.79,60.9,165984
2026-05-27T19:45:00+00:00,60.905,60.95,60.825,60.84,219582
2026-05-27T19:50:00+00:00,60.82,60.92,60.79,60.835,258813
2026-05-27T19:55:00+00:00,60.835,60.9,60.68,60.73,382241
2026-05-27T20:00:00+00:00,60.73,60.9,60.7,60.89,3842
2026-05-27T20:05:00+00:00,60.895,60.97,60.82,60.896,19617
2026-05-27T20:10:00+00:00,60.88,60.95,60.72,60.79,10850
2026-05-27T20:15:00+00:00,60.75,61.06,60.7,61.02,11092
2026-05-27T20:20:00+00:00,61.06,61.2,60.77,60.95,9689
2026-05-27T20:25:00+00:00,60.84,61.0,60.79,60.89,4342
2026-05-27T20:30:00+00:00,60.93,61.0,60.85,60.987,3136
2026-05-27T20:35:00+00:00,60.91,61.0,60.91,60.97,7472
2026-05-27T20:40:00+00:00,60.997,61.0,60.92,60.92,7326
2026-05-27T20:45:00+00:00,60.98,60.99,60.912,60.986,5304
2026-05-27T20:50:00+00:00,60.989,61.15,60.98,61.099,29323
2026-05-27T20:55:00+00:00,61.1,61.1,61.0,61.07,12282
2026-05-27T21:00:00+00:00,61.065,61.07,60.82,60.857,4501
2026-05-27T21:05:00+00:00,60.971,60.977,60.425,60.433,6141
2026-05-27T21:10:00+00:00,60.432,60.65,60.15,60.65,28627
2026-05-27T21:15:00+00:00,60.65,60.92,60.62,60.894,6311
2026-05-27T21:20:00+00:00,60.74,60.9,60.68,60.871,10633
2026-05-27T21:25:00+00:00,60.87,60.87,60.76,60.799,3707
2026-05-27T21:30:00+00:00,60.787,60.787,60.66,60.66,4005
2026-05-27T21:35:00+00:00,60.71,60.79,60.65,60.65,5345
2026-05-27T21:40:00+00:00,60.69,60.75,60.658,60.7,2195
2026-05-27T21:45:00+00:00,60.7,60.71,60.65,60.67,9073
2026-05-27T21:50:00+00:00,60.7,60.7,60.29,60.3,6786
2026-05-27T21:55:00+00:00,60.29,60.638,60.209,60.501,3467
2026-05-27T22:00:00+00:00,60.64,60.7,60.48,60.569,3472
2026-05-27T22:05:00+00:00,60.68,60.68,60.15,60.15,2503
2026-05-27T22:10:00+00:00,60.27,60.5,60.0,60.2,5347
2026-05-27T22:15:00+00:00,60.5,60.52,60.2,60.35,1835
2026-05-27T22:20:00+00:00,60.32,60.5,60.25,60.326,3207
2026-05-27T22:25:00+00:00,60.35,60.4,60.03,60.238,4315
2026-05-27T22:30:00+00:00,60.25,60.25,60.1,60.22,12631
2026-05-27T22:35:00+00:00,60.17,60.48,60.12,60.39,1851
2026-05-27T22:40:00+00:00,60.39,60.4,60.3,60.4,2599
2026-05-27T22:45:00+00:00,60.312,60.312,60.1,60.191,3926
2026-05-27T22:50:00+00:00,60.131,60.4,60.131,60.4,1917
2026-05-27T22:55:00+00:00,60.44,60.5,60.4,60.5,1353
2026-05-27T23:00:00+00:00,60.498,60.65,60.49,60.65,3278
2026-05-27T23:05:00+00:00,60.67,60.7,60.521,60.68,1109
2026-05-27T23:10:00+00:00,60.67,60.69,60.519,60.519,3345
2026-05-27T23:15:00+00:00,60.51,60.66,60.51,60.53,3414
2026-05-27T23:20:00+00:00,60.55,60.55,60.22,60.261,1459
2026-05-27T23:25:00+00:00,60.29,60.3,60.13,60.14,11463
2026-05-27T23:30:00+00:00,60.1,60.148,59.98,59.98,7763
2026-05-27T23:35:00+00:00,59.98,60.13,59.639,59.65,10312
2026-05-27T23:40:00+00:00,59.65,59.94,59.64,59.76,4908
2026-05-27T23:45:00+00:00,59.8,59.94,59.6,59.6,8751
2026-05-27T23:50:00+00:00,59.613,59.87,59.3,59.8,17599
2026-05-27T23:55:00+00:00,59.8,59.83,59.517,59.7,7249
2026-05-28T08:00:00+00:00,58.17,60.48,57.588,60.295,306908
2026-05-28T08:05:00+00:00,60.29,60.6,59.48,60.45,10847
2026-05-28T08:10:00+00:00,60.48,60.5,60.26,60.26,881
2026-05-28T08:15:00+00:00,60.32,60.47,60.14,60.4,3259
2026-05-28T08:20:00+00:00,60.475,60.68,60.41,60.63,2863
2026-05-28T08:25:00+00:00,60.651,60.651,60.48,60.54,1373
2026-05-28T08:30:00+00:00,60.54,60.59,60.4,60.53,1435
2026-05-28T08:35:00+00:00,60.58,60.62,60.41,60.41,2022
2026-05-28T08:40:00+00:00,60.48,60.495,60.325,60.375,894
2026-05-28T08:45:00+00:00,60.365,60.45,60.3,60.3,899
2026-05-28T08:50:00+00:00,60.3,60.4,60.2,60.4,1334
2026-05-28T08:55:00+00:00,60.4,60.436,60.2,60.32,3022
2026-05-28T09:00:00+00:00,60.4,60.49,60.35,60.45,2208
2026-05-28T09:05:00+00:00,60.444,60.48,60.217,60.35,7602
2026-05-28T09:10:00+00:00,60.35,60.35,60.14,60.14,3065
2026-05-28T09:15:00+00:00,60.23,60.35,60.19,60.3,2232
2026-05-28T09:20:00+00:00,60.3,60.35,60.22,60.22,806
2026-05-28T09:25:00+00:00,60.22,60.38,60.22,60.28,4086
2026-05-28T09:30:00+00:00,60.28,60.288,60.17,60.269,2048
2026-05-28T09:35:00+00:00,60.24,60.24,59.97,60.0,4987
2026-05-28T09:40:00+00:00,59.984,60.1,59.96,60.04,2161
2026-05-28T09:45:00+00:00,60.087,60.34,60.072,60.3,375
2026-05-28T09:50:00+00:00,60.26,60.38,60.26,60.304,766
2026-05-28T09:55:00+00:00,60.31,60.38,60.3,60.3,1139
2026-05-28T10:00:00+00:00,60.298,60.3,60.1,60.26,1155
2026-05-28T10:05:00+00:00,60.26,60.26,60.01,60.01,706
2026-05-28T10:10:00+00:00,60.0,60.08,59.95,59.98,1899
2026-05-28T10:15:00+00:00,59.96,60.08,59.822,59.88,2789
2026-05-28T10:20:00+00:00,59.8,59.91,59.8,59.91,3107
2026-05-28T10:25:00+00:00,59.905,59.986,59.84,59.986,3354
2026-05-28T10:30:00+00:00,59.95,59.99,59.826,59.826,3635
2026-05-28T10:35:00+00:00,59.83,59.888,59.776,59.85,1066
2026-05-28T10:40:00+00:00,59.83,59.89,59.76,59.76,2341
2026-05-28T10:45:00+00:00,59.76,59.88,59.76,59.854,2215
2026-05-28T10:50:00+00:00,59.85,59.85,59.651,59.7,2036
2026-05-28T10:55:00+00:00,59.68,59.75,59.643,59.69,1222
2026-05-28T11:00:00+00:00,59.64,59.83,59.513,59.74,22642
2026-05-28T11:05:00+00:00,59.73,59.73,59.5,59.65,7509
2026-05-28T11:10:00+00:00,59.62,59.73,59.51,59.602,7537
2026-05-28T11:15:00+00:00,59.62,59.93,59.62,59.91,11910
2026-05-28T11:20:00+00:00,59.904,60.08,59.85,60.02,28676
2026-05-28T11:25:00+00:00,60.0,60.07,59.8,59.8,5746
2026-05-28T11:30:00+00:00,59.82,59.89,59.76,59.89,8055
2026-05-28T11:35:00+00:00,59.89,60.21,59.89,60.209,7851
2026-05-28T11:40:00+00:00,60.21,60.29,59.91,60.1,6733
2026-05-28T11:45:00+00:00,60.1,60.13,59.8,59.8,5267
2026-05-28T11:50:00+00:00,59.838,60.0,59.8,59.86,3924
2026-05-28T11:55:00+00:00,59.8,60.0,59.702,59.91,11939
2026-05-28T12:00:00+00:00,59.974,60.09,59.85,59.95,4078
2026-05-28T12:05:00+00:00,59.97,60.23,59.922,60.08,4086
2026-05-28T12:10:00+00:00,60.15,60.17,60.0,60.08,13587
2026-05-28T12:15:00+00:00,60.099,60.099,59.95,60.0,3977
2026-05-28T12:20:00+00:00,60.0,60.0,59.86,59.95,3876
2026-05-28T12:25:00+00:00,59.89,60.05,59.89,60.0,3750
2026-05-28T12:30:00+00:00,60.01,60.59,60.0,60.47,35914
2026-05-28T12:35:00+00:00,60.511,60.77,60.507,60.6,12639
2026-05-28T12:40:00+00:00,60.66,60.82,60.55,60.81,15994
2026-05-28T12:45:00+00:00,60.795,60.9,60.66,60.84,19297
2026-05-28T12:50:00+00:00,60.816,60.88,60.74,60.81,26358
2026-05-28T12:55:00+00:00,60.81,60.85,60.68,60.82,11473
2026-05-28T13:00:00+00:00,60.812,61.19,60.78,61.13,41012
2026-05-28T13:05:00+00:00,61.1,61.12,60.65,60.68,33669
2026-05-28T13:10:00+00:00,60.68,60.79,60.55,60.679,19542
2026-05-28T13:15:00+00:00,60.645,60.79,60.6,60.77,6204
2026-05-28T13:20:00+00:00,60.783,60.82,60.61,60.72,12411
2026-05-28T13:25:00+00:00,60.72,61.05,60.7,61.02,20542
2026-05-28T13:30:00+00:00,61.03,61.48,60.83,60.95,541602
2026-05-28T13:35:00+00:00,60.9,61.0,60.55,60.55,285537
2026-05-28T13:40:00+00:00,60.56,60.62,60.31,60.4,229725
2026-05-28T13:45:00+00:00,60.38,60.45,59.925,59.95,340568
2026-05-28T13:50:00+00:00,59.952,60.57,59.91,60.27,332225
2026-05-28T13:55:00+00:00,60.27,60.59,60.2,60.3,248867
2026-05-28T14:00:00+00:00,60.238,60.419,60.05,60.367,139460
2026-05-28T14:05:00+00:00,60.37,61.069,60.27,61.06,229962
2026-05-28T14:10:00+00:00,61.093,62.06,60.87,61.95,315802
2026-05-28T14:15:00+00:00,61.98,62.08,61.48,61.635,566210
2026-05-28T14:20:00+00:00,61.608,61.78,61.185,61.46,219232
2026-05-28T14:25:00+00:00,61.45,62.19,61.402,62.158,371223
2026-05-28T14:30:00+00:00,62.155,62.415,61.98,61.98,559635
2026-05-28T14:35:00+00:00,61.97,62.2,61.93,62.03,286515
2026-05-28T14:40:00+00:00,62.016,62.455,62.0,62.42,354885
2026-05-28T14:45:00+00:00,62.43,62.526,62.075,62.13,363908
2026-05-28T14:50:00+00:00,62.149,62.25,61.98,61.99,206260
2026-05-28T14:55:00+00:00,61.985,62.24,61.911,62.195,353280
2026-05-28T15:00:00+00:00,62.18,62.62,62.15,62.595,297037
2026-05-28T15:05:00+00:00,62.59,63.01,62.57,63.01,600546
2026-05-28T15:10:00+00:00,63.005,63.145,62.65,62.72,494907
2026-05-28T15:15:00+00:00,62.72,63.1,62.64,62.92,294611
2026-05-28T15:20:00+00:00,62.88,63.07,62.87,63.0,190936
2026-05-28T15:25:00+00:00,63.0,63.32,62.965,63.16,258018
2026-05-28T15:30:00+00:00,63.155,63.269,63.1,63.24,169025
2026-05-28T15:35:00+00:00,63.23,63.23,63.02,63.05,248120
2026-05-28T15:40:00+00:00,63.065,63.08,62.8,62.81,172439
2026-05-28T15:45:00+00:00,62.81,62.94,62.71,62.8,167854
2026-05-28T15:50:00+00:00,62.797,63.04,62.79,62.89,165183
2026-05-28T15:55:00+00:00,62.89,63.03,62.73,62.83,132043
2026-05-28T16:00:00+00:00,62.83,62.85,62.685,62.85,143563
2026-05-28T16:05:00+00:00,62.835,63.0,62.82,62.978,117320
2026-05-28T16:10:00+00:00,62.978,63.169,62.96,63.045,200536
2026-05-28T16:15:00+00:00,63.02,63.1,62.95,63.025,119457
2026-05-28T16:20:00+00:00,63.025,63.18,62.95,63.18,105962
2026-05-28T16:25:00+00:00,63.19,63.3,63.04,63.27,217314
2026-05-28T16:30:00+00:00,63.26,63.32,63.185,63.285,248644
2026-05-28T16:35:00+00:00,63.29,63.32,63.11,63.31,184524
2026-05-28T16:40:00+00:00,63.32,63.38,63.29,63.34,367395
2026-05-28T16:45:00+00:00,63.367,63.48,63.335,63.475,189017
2026-05-28T16:50:00+00:00,63.5,63.57,63.31,63.375,172203
2026-05-28T16:55:00+00:00,63.375,63.64,63.33,63.59,195114
2026-05-28T17:00:00+00:00,63.59,63.6,63.46,63.515,162370
2026-05-28T17:05:00+00:00,63.5,63.55,63.328,63.345,123932
2026-05-28T17:10:00+00:00,63.345,63.44,63.3,63.41,129568
2026-05-28T17:15:00+00:00,63.42,63.43,63.26,63.28,156109
2026-05-28T17:20:00+00:00,63.28,63.34,63.22,63.245,159376
2026-05-28T17:25:00+00:00,63.245,63.27,62.95,63.015,243605
2026-05-28T17:30:00+00:00,63.015,63.14,62.93,62.955,153408
2026-05-28T17:35:00+00:00,62.94,63.2,62.91,63.155,150539
2026-05-28T17:40:00+00:00,63.167,63.205,63.08,63.205,80633
2026-05-28T17:45:00+00:00,63.21,63.259,63.09,63.13,116111
2026-05-28T17:50:00+00:00,63.12,63.2,63.115,63.135,140790
2026-05-28T17:55:00+00:00,63.14,63.19,63.01,63.09,87952
2026-05-28T18:00:00+00:00,63.09,63.23,63.02,63.225,70302
2026-05-28T18:05:00+00:00,63.22,63.25,63.06,63.06,140492
2026-05-28T18:10:00+00:00,63.06,63.06,62.74,62.85,193209
2026-05-28T18:15:00+00:00,62.86,62.98,62.79,62.83,156692
2026-05-28T18:20:00+00:00,62.8,62.91,62.8,62.91,116878
2026-05-28T18:25:00+00:00,62.91,63.0,62.82,62.91,78298
2026-05-28T18:30:00+00:00,62.87,62.876,62.67,62.68,102995
2026-05-28T18:35:00+00:00,62.68,62.7,62.53,62.62,157584
2026-05-28T18:40:00+00:00,62.624,62.695,62.57,62.61,92547
2026-05-28T18:45:00+00:00,62.62,62.62,62.3,62.43,183353
2026-05-28T18:50:00+00:00,62.422,62.79,62.38,62.771,136750
2026-05-28T18:55:00+00:00,62.77,62.795,62.57,62.57,96039
2026-05-28T19:00:00+00:00,62.595,62.76,62.51,62.72,62464
2026-05-28T19:05:00+00:00,62.72,62.8,62.65,62.715,148575
2026-05-28T19:10:00+00:00,62.72,62.8,62.54,62.57,151603
2026-05-28T19:15:00+00:00,62.57,62.59,62.37,62.47,206669
2026-05-28T19:20:00+00:00,62.43,62.49,62.35,62.38,133950
2026-05-28T19:25:00+00:00,62.385,62.49,62.3,62.425,168656
2026-05-28T19:30:00+00:00,62.425,62.53,62.38,62.43,132635
2026-05-28T19:35:00+00:00,62.455,62.705,62.35,62.68,268754
2026-05-28T19:40:00+00:00,62.68,62.69,62.525,62.53,120123
2026-05-28T19:45:00+00:00,62.525,62.61,62.45,62.555,184988
2026-05-28T19:50:00+00:00,62.5,62.565,62.39,62.44,175023
2026-05-28T19:55:00+00:00,62.475,62.61,62.37,62.57,436666
2026-05-28T20:00:00+00:00,62.587,62.66,62.57,62.588,17085
2026-05-28T20:05:00+00:00,62.59,62.85,62.58,62.82,25574
2026-05-28T20:10:00+00:00,62.82,62.82,62.57,62.794,26030
2026-05-28T20:15:00+00:00,62.8,62.94,62.63,62.772,16446
2026-05-28T20:20:00+00:00,62.75,62.85,62.7,62.7,2167
2026-05-28T20:25:00+00:00,62.769,62.8,62.65,62.8,3535
2026-05-28T20:30:00+00:00,62.77,62.85,62.76,62.788,8095
2026-05-28T20:35:00+00:00,62.78,62.83,62.7,62.795,3481
2026-05-28T20:40:00+00:00,62.79,62.9,62.76,62.899,40559
2026-05-28T20:45:00+00:00,62.9,62.99,62.85,62.93,12920
2026-05-28T20:50:00+00:00,62.91,62.93,62.76,62.87,4134
2026-05-28T20:55:00+00:00,62.87,62.87,62.71,62.71,3035
2026-05-28T21:00:00+00:00,62.75,62.788,62.7,62.754,8600
2026-05-28T21:05:00+00:00,62.76,62.85,62.75,62.841,6559
2026-05-28T21:10:00+00:00,62.83,62.85,62.79,62.84,3986
2026-05-28T21:15:00+00:00,62.83,62.85,62.8,62.83,6216
2026-05-28T21:20:00+00:00,62.83,62.999,62.83,62.999,7351
2026-05-28T21:25:00+00:00,63.0,63.0,62.95,62.96,9179
2026-05-28T21:30:00+00:00,62.99,63.0,62.95,63.0,17650
2026-05-28T21:35:00+00:00,62.98,63.0,62.92,62.95,9878
2026-05-28T21:40:00+00:00,62.949,63.0,62.92,62.997,9614
2026-05-28T21:45:00+00:00,62.999,63.11,62.98,63.07,11083
2026-05-28T21:50:00+00:00,63.07,63.11,63.07,63.1,7283
2026-05-28T21:55:00+00:00,63.11,63.12,63.0,63.104,7345
2026-05-28T22:00:00+00:00,63.1,63.25,63.006,63.241,6045
2026-05-28T22:05:00+00:00,63.24,63.32,63.2,63.25,19286
2026-05-28T22:10:00+00:00,63.25,63.29,63.0,63.066,4219
2026-05-28T22:15:00+00:00,63.01,63.14,63.01,63.12,12325
2026-05-28T22:20:00+00:00,63.14,63.14,63.01,63.01,5292
2026-05-28T22:25:00+00:00,63.04,63.11,63.0,63.04,1906
2026-05-28T22:30:00+00:00,63.04,63.09,63.037,63.07,4238
2026-05-28T22:35:00+00:00,63.07,63.12,63.04,63.09,4019
2026-05-28T22:40:00+00:00,63.11,63.14,63.07,63.084,3959
2026-05-28T22:45:00+00:00,63.11,63.18,63.1,63.18,5519
2026-05-28T22:50:00+00:00,63.17,63.18,63.11,63.12,4873
2026-05-28T22:55:00+00:00,63.139,63.15,63.12,63.15,8139
2026-05-28T23:00:00+00:00,63.148,63.15,63.03,63.05,7503
2026-05-28T23:05:00+00:00,63.076,63.15,63.05,63.11,6189
2026-05-28T23:10:00+00:00,63.085,63.2,63.042,63.19,10695
2026-05-28T23:15:00+00:00,63.2,63.25,63.164,63.25,4357
2026-05-28T23:20:00+00:00,63.25,63.28,63.113,63.239,5262
2026-05-28T23:25:00+00:00,63.24,63.25,63.11,63.237,4692
2026-05-28T23:30:00+00:00,63.235,63.25,63.15,63.2,2679
2026-05-28T23:35:00+00:00,63.2,63.29,63.17,63.249,2300
2026-05-28T23:40:00+00:00,63.25,63.25,63.2,63.2,1945
2026-05-28T23:45:00+00:00,63.203,63.24,63.18,63.18,4618
2026-05-28T23:50:00+00:00,63.192,63.23,63.08,63.12,2762
2026-05-28T23:55:00+00:00,63.1,63.15,63.048,63.049,6628
2026-05-29T08:00:00+00:00,62.57,62.84,62.13,62.684,137101
2026-05-29T08:05:00+00:00,62.67,62.7,62.18,62.66,12911
2026-05-29T08:10:00+00:00,62.669,62.9,62.669,62.783,4207
2026-05-29T08:15:00+00:00,62.82,62.9,62.801,62.895,3838
2026-05-29T08:20:00+00:00,62.9,62.9,62.8,62.8,3985
2026-05-29T08:25:00+00:00,62.801,62.93,62.8,62.93,3720
2026-05-29T08:30:00+00:00,62.935,63.216,62.935,63.197,5306
2026-05-29T08:35:00+00:00,63.189,63.3,63.03,63.2,23707
2026-05-29T08:40:00+00:00,63.162,63.186,62.97,62.988,8305
2026-05-29T08:45:00+00:00,62.984,63.042,62.91,62.989,9376
2026-05-29T08:50:00+00:00,62.95,63.03,62.938,63.003,952
2026-05-29T08:55:00+00:00,63.004,63.024,62.98,63.0,937
2026-05-29T09:00:00+00:00,63.012,63.04,62.98,63.031,1050
2026-05-29T09:05:00+00:00,63.03,63.14,63.03,63.14,695
2026-05-29T09:10:00+00:00,63.14,63.48,63.14,63.43,2787
2026-05-29T09:15:00+00:00,63.44,63.48,63.41,63.471,3089
2026-05-29T09:20:00+00:00,63.471,63.5,63.33,63.334,2859
2026-05-29T09:25:00+00:00,63.31,63.49,63.28,63.49,937
2026-05-29T09:30:00+00:00,63.463,63.49,63.4,63.4,5398
2026-05-29T09:35:00+00:00,63.4,63.44,63.28,63.363,6753
2026-05-29T09:40:00+00:00,63.342,63.35,63.22,63.26,6425
2026-05-29T09:45:00+00:00,63.275,63.364,63.23,63.32,2948
2026-05-29T09:50:00+00:00,63.36,63.36,63.23,63.273,3251
2026-05-29T09:55:00+00:00,63.24,63.3,63.24,63.291,1459
2026-05-29T10:00:00+00:00,63.247,63.247,63.05,63.05,2204
2026-05-29T10:05:00+00:00,63.05,63.12,63.05,63.08,2912
2026-05-29T10:10:00+00:00,63.084,63.15,63.08,63.14,3396
2026-05-29T10:15:00+00:00,63.14,63.165,63.1,63.12,1350
2026-05-29T10:20:00+00:00,63.13,63.22,63.0,63.101,2889
2026-05-29T10:25:00+00:00,63.106,63.22,63.1,63.208,1036
2026-05-29T10:30:00+00:00,63.205,63.205,63.12,63.15,1601
2026-05-29T10:35:00+00:00,63.166,63.25,63.14,63.24,1072
2026-05-29T10:40:00+00:00,63.208,63.254,63.172,63.2,3084
2026-05-29T10:45:00+00:00,63.2,63.24,63.196,63.21,826
2026-05-29T10:50:00+00:00,63.18,63.24,63.16,63.18,1317
2026-05-29T10:55:00+00:00,63.18,63.184,63.152,63.162,224
2026-05-29T11:00:00+00:00,63.16,63.2,63.09,63.126,23431
2026-05-29T11:05:00+00:00,63.12,63.24,63.1,63.23,8170
2026-05-29T11:10:00+00:00,63.24,63.24,63.096,63.11,9262
2026-05-29T11:15:00+00:00,63.2,63.36,63.15,63.3,16513
2026-05-29T11:20:00+00:00,63.3,63.3,63.13,63.176,4778
2026-05-29T11:25:00+00:00,63.18,63.25,63.03,63.05,8974
2026-05-29T11:30:00+00:00,63.05,63.05,62.87,62.87,14143
2026-05-29T11:35:00+00:00,62.87,63.139,62.85,63.04,19270
2026-05-29T11:40:00+00:00,63.0,63.05,62.97,63.05,13155
2026-05-29T11:45:00+00:00,63.05,63.05,62.98,63.03,5240
2026-05-29T11:50:00+00:00,62.999,63.03,62.83,62.92,20728
2026-05-29T11:55:00+00:00,62.911,63.0,62.91,62.99,4591
2026-05-29T12:00:00+00:00,62.97,62.996,62.73,62.782,16359
2026-05-29T12:05:00+00:00,62.84,62.84,62.6,62.661,24603
2026-05-29T12:10:00+00:00,62.678,62.8,62.651,62.703,11909
2026-05-29T12:15:00+00:00,62.71,62.8,62.61,62.8,12175
2026-05-29T12:20:00+00:00,62.79,62.83,62.7,62.714,11967
2026-05-29T12:25:00+00:00,62.72,62.86,62.67,62.85,4766
2026-05-29T12:30:00+00:00,62.85,62.99,62.76,62.797,8077
2026-05-29T12:35:00+00:00,62.8,62.9,62.7,62.9,5547
2026-05-29T12:40:00+00:00,62.9,63.0,62.748,62.75,7007
2026-05-29T12:45:00+00:00,62.76,62.89,62.76,62.85,15801
2026-05-29T12:50:00+00:00,62.831,63.04,62.83,63.04,15442
2026-05-29T12:55:00+00:00,62.993,63.02,62.92,63.02,15124
2026-05-29T13:00:00+00:00,63.02,63.39,62.96,63.39,24773
2026-05-29T13:05:00+00:00,63.38,63.45,63.02,63.02,66581
2026-05-29T13:10:00+00:00,63.02,63.078,62.94,63.039,28108
2026-05-29T13:15:00+00:00,63.031,63.07,62.96,62.991,17395
2026-05-29T13:20:00+00:00,62.99,63.14,62.98,63.11,40855
2026-05-29T13:25:00+00:00,63.11,63.47,63.11,63.45,62653
2026-05-29T13:30:00+00:00,63.46,63.515,62.91,63.04,712881
2026-05-29T13:35:00+00:00,63.0,63.489,62.995,63.08,293736
2026-05-29T13:40:00+00:00,63.09,63.2,62.74,62.995,472314
2026-05-29T13:45:00+00:00,63.01,63.48,62.98,63.47,366409
2026-05-29T13:50:00+00:00,63.479,63.95,63.393,63.88,480507
2026-05-29T13:55:00+00:00,63.86,64.2,63.83,64.08,525855
2026-05-29T14:00:00+00:00,64.1,64.29,63.849,63.955,361238
2026-05-29T14:05:00+00:00,63.955,64.18,63.86,63.88,346182
2026-05-29T14:10:00+00:00,63.885,64.05,63.575,63.77,302089
2026-05-29T14:15:00+00:00,63.785,63.83,63.29,63.389,411583
2026-05-29T14:20:00+00:00,63.389,63.64,63.318,63.32,349497
2026-05-29T14:25:00+00:00,63.325,63.35,63.012,63.28,351321
2026-05-29T14:30:00+00:00,63.29,63.54,63.16,63.54,183476
2026-05-29T14:35:00+00:00,63.52,63.581,63.09,63.09,179578
2026-05-29T14:40:00+00:00,63.08,63.12,62.68,62.74,369775
2026-05-29T14:45:00+00:00,62.74,62.99,62.628,62.915,271519
2026-05-29T14:50:00+00:00,62.9,63.471,62.84,63.202,243155
2026-05-29T14:55:00+00:00,63.22,63.49,63.21,63.27,159127
2026-05-29T15:00:00+00:00,63.28,63.41,62.9,62.97,317405
2026-05-29T15:05:00+00:00,62.96,63.4,62.896,63.375,189946
2026-05-29T15:10:00+00:00,63.39,63.69,63.38,63.64,161555
2026-05-29T15:15:00+00:00,63.65,63.69,63.43,63.435,160357
2026-05-29T15:20:00+00:00,63.44,63.54,63.29,63.48,161688
2026-05-29T15:25:00+00:00,63.48,63.5,63.25,63.378,110290
2026-05-29T15:30:00+00:00,63.34,63.53,63.33,63.4,101715
2026-05-29T15:35:00+00:00,63.39,63.55,63.34,63.452,79075
2026-05-29T15:40:00+00:00,63.47,63.513,63.14,63.21,107764
2026-05-29T15:45:00+00:00,63.185,63.29,63.04,63.14,128493
2026-05-29T15:50:00+00:00,63.14,63.245,63.02,63.06,78090
2026-05-29T15:55:00+00:00,63.065,63.125,62.9,63.07,147515
2026-05-29T16:00:00+00:00,63.07,63.345,62.975,63.27,99006
2026-05-29T16:05:00+00:00,63.27,63.43,63.08,63.39,89207
2026-05-29T16:10:00+00:00,63.39,63.47,63.235,63.28,101263
2026-05-29T16:15:00+00:00,63.29,63.43,63.22,63.27,121717
2026-05-29T16:20:00+00:00,63.275,63.45,63.24,63.44,133766
2026-05-29T16:25:00+00:00,63.43,63.43,63.275,63.3,75910
2026-05-29T16:30:00+00:00,63.282,63.31,63.12,63.26,102078
2026-05-29T16:35:00+00:00,63.27,63.416,63.22,63.38,80437
2026-05-29T16:40:00+00:00,63.37,63.41,63.245,63.32,92721
2026-05-29T16:45:00+00:00,63.31,63.51,63.245,63.42,169642
2026-05-29T16:50:00+00:00,63.405,63.405,63.225,63.285,193570
2026-05-29T16:55:00+00:00,63.275,63.4,63.155,63.365,132299
2026-05-29T17:00:00+00:00,63.37,63.42,63.32,63.335,84736
2026-05-29T17:05:00+00:00,63.34,63.35,63.226,63.23,59103
2026-05-29T17:10:00+00:00,63.23,63.266,63.18,63.2,91051
2026-05-29T17:15:00+00:00,63.2,63.23,63.06,63.165,95805
2026-05-29T17:20:00+00:00,63.17,63.17,62.94,63.02,106994
2026-05-29T17:25:00+00:00,63.02,63.06,62.88,62.91,148010
2026-05-29T17:30:00+00:00,62.91,62.94,62.815,62.92,117854
2026-05-29T17:35:00+00:00,62.93,62.96,62.833,62.845,83436
2026-05-29T17:40:00+00:00,62.85,62.88,62.69,62.73,123808
2026-05-29T17:45:00+00:00,62.72,62.85,62.7,62.835,74939
2026-05-29T17:50:00+00:00,62.82,62.84,62.594,62.6,121081
2026-05-29T17:55:00+00:00,62.6,62.655,62.51,62.53,166537
2026-05-29T18:00:00+00:00,62.54,62.695,62.48,62.68,189669
2026-05-29T18:05:00+00:00,62.665,62.8,62.65,62.765,136378
2026-05-29T18:10:00+00:00,62.76,62.87,62.69,62.7,91776
2026-05-29T18:15:00+00:00,62.7,62.72,62.51,62.645,162877
2026-05-29T18:20:00+00:00,62.655,62.77,62.6,62.75,71579
2026-05-29T18:25:00+00:00,62.745,62.845,62.73,62.795,146687
2026-05-29T18:30:00+00:00,62.795,62.88,62.76,62.841,68322
2026-05-29T18:35:00+00:00,62.86,62.88,62.61,62.69,84136
2026-05-29T18:40:00+00:00,62.68,62.85,62.67,62.85,59164
2026-05-29T18:45:00+00:00,62.815,62.82,62.57,62.64,94416
2026-05-29T18:50:00+00:00,62.66,62.72,62.57,62.7,52640
2026-05-29T18:55:00+00:00,62.701,62.72,62.48,62.54,59182
2026-05-29T19:00:00+00:00,62.55,62.68,62.54,62.6,68348
2026-05-29T19:05:00+00:00,62.59,62.645,62.55,62.59,125378
2026-05-29T19:10:00+00:00,62.6,62.61,62.38,62.385,160991
2026-05-29T19:15:00+00:00,62.38,62.42,62.33,62.38,121791
2026-05-29T19:20:00+00:00,62.38,62.41,62.265,62.305,134025
2026-05-29T19:25:00+00:00,62.3,62.32,62.16,62.31,102943
2026-05-29T19:30:00+00:00,62.32,62.53,62.32,62.485,110922
2026-05-29T19:35:00+00:00,62.5,62.64,62.5,62.615,133961
2026-05-29T19:40:00+00:00,62.615,62.81,62.6,62.795,321507
2026-05-29T19:45:00+00:00,62.8,62.95,62.715,62.91,198238
2026-05-29T19:50:00+00:00,62.91,63.18,62.9,63.155,176022
2026-05-29T19:55:00+00:00,63.17,63.31,63.17,63.2,386405
2026-05-29T20:00:00+00:00,63.2,63.3,63.1,63.11,10489
2026-05-29T20:05:00+00:00,63.2,63.2,63.03,63.048,14723
2026-05-29T20:10:00+00:00,63.049,63.2,62.92,63.004,6696
2026-05-29T20:15:00+00:00,63.005,63.09,63.005,63.075,3769
2026-05-29T20:20:00+00:00,63.08,63.13,63.029,63.127,2886
2026-05-29T20:25:00+00:00,63.12,63.24,63.12,63.24,23600
2026-05-29T20:30:00+00:00,63.18,63.24,63.15,63.19,4763
2026-05-29T20:35:00+00:00,63.19,63.2,62.8,63.012,17154
2026-05-29T20:40:00+00:00,63.001,63.15,63.001,63.14,6839
2026-05-29T20:45:00+00:00,63.105,63.16,63.1,63.118,13358
2026-05-29T20:50:00+00:00,63.15,63.2,63.1,63.2,3473
2026-05-29T20:55:00+00:00,63.199,63.2,63.1,63.17,6101
2026-05-29T21:00:00+00:00,63.17,63.2,63.1,63.18,4902
2026-05-29T21:05:00+00:00,63.181,63.2,63.1,63.15,4262
2026-05-29T21:10:00+00:00,63.199,63.2,63.1,63.1,567
2026-05-29T21:15:00+00:00,63.2,63.2,63.1,63.15,4072
2026-05-29T21:20:00+00:00,63.111,63.18,63.1,63.14,2602
2026-05-29T21:25:00+00:00,63.15,63.15,63.129,63.15,1129
2026-05-29T21:30:00+00:00,63.15,63.18,63.1,63.129,26658
2026-05-29T21:35:00+00:00,63.12,63.24,63.12,63.24,1927
2026-05-29T21:40:00+00:00,63.18,63.24,63.17,63.2,6198
2026-05-29T21:45:00+00:00,63.23,63.24,63.19,63.21,2247
2026-05-29T21:50:00+00:00,63.19,63.2,63.18,63.183,7993
2026-05-29T21:55:00+00:00,63.19,63.2,63.17,63.19,9697
2026-05-29T22:00:00+00:00,63.197,63.2,63.17,63.179,7641
2026-05-29T22:05:00+00:00,63.196,63.2,63.18,63.19,3069
2026-05-29T22:10:00+00:00,63.189,63.19,63.17,63.18,1012
2026-05-29T22:15:00+00:00,63.18,63.19,63.13,63.13,1376
2026-05-29T22:20:00+00:00,63.14,63.15,63.13,63.13,5703
2026-05-29T22:25:00+00:00,63.14,63.14,63.1,63.12,7846
2026-05-29T22:30:00+00:00,63.106,63.12,63.06,63.06,21098
2026-05-29T22:35:00+00:00,63.08,63.1,63.05,63.08,2733
2026-05-29T22:40:00+00:00,63.08,63.08,63.05,63.07,3528
2026-05-29T22:45:00+00:00,63.08,63.08,63.05,63.06,3168
2026-05-29T22:50:00+00:00,63.06,63.06,63.024,63.039,1162
2026-05-29T22:55:00+00:00,63.04,63.04,62.9,62.94,4558
2026-05-29T23:00:00+00:00,62.98,62.99,62.94,62.98,1528
2026-05-29T23:05:00+00:00,62.978,63.0,62.95,62.998,2218
2026-05-29T23:10:00+00:00,63.0,63.0,62.95,62.99,1548
2026-05-29T23:15:00+00:00,63.0,63.0,62.974,62.99,5551
2026-05-29T23:20:00+00:00,63.0,63.0,62.95,62.997,1597
2026-05-29T23:25:00+00:00,63.0,63.0,62.97,63.0,5649
2026-05-29T23:30:00+00:00,62.999,63.0,62.981,63.0,4551
2026-05-29T23:35:00+00:00,63.0,63.0,62.94,63.0,6962
2026-05-29T23:40:00+00:00,63.0,63.0,62.94,62.98,5309
2026-05-29T23:45:00+00:00,62.981,63.13,62.96,63.13,33788
2026-05-29T23:50:00+00:00,63.127,63.15,63.1,63.15,3074
2026-05-29T23:55:00+00:00,63.15,63.3,63.13,63.26,7913
2026-06-01T08:00:00+00:00,65.7,66.52,65.54,66.11,135160
2026-06-01T08:05:00+00:00,66.11,66.53,65.77,66.16,15453
2026-06-01T08:10:00+00:00,66.157,66.3,66.063,66.294,5677
2026-06-01T08:15:00+00:00,66.253,66.35,66.2,66.3,5985
2026-06-01T08:20:00+00:00,66.26,66.54,66.26,66.38,4936
2026-06-01T08:25:00+00:00,66.356,66.6,66.356,66.45,9167
2026-06-01T08:30:00+00:00,66.43,66.492,66.22,66.37,4642
2026-06-01T08:35:00+00:00,66.44,66.528,66.31,66.528,6859
2026-06-01T08:40:00+00:00,66.53,66.61,66.48,66.55,6183
2026-06-01T08:45:00+00:00,66.57,66.59,66.31,66.58,3706
2026-06-01T08:50:00+00:00,66.55,66.6,66.309,66.38,6950
2026-06-01T08:55:00+00:00,66.47,66.51,66.38,66.42,5847
2026-06-01T09:00:00+00:00,66.49,66.64,66.45,66.64,5569
2026-06-01T09:05:00+00:00,66.653,66.762,66.6,66.67,5224
2026-06-01T09:10:00+00:00,66.7,66.77,66.6,66.7,3942
2026-06-01T09:15:00+00:00,66.725,66.93,66.678,66.928,4714
2026-06-01T09:20:00+00:00,66.927,66.989,66.81,66.87,4335
2026-06-01T09:25:00+00:00,66.87,66.94,66.79,66.81,6195
2026-06-01T09:30:00+00:00,66.826,66.982,66.8,66.936,4247
2026-06-01T09:35:00+00:00,66.944,66.95,66.7,66.75,4525
2026-06-01T09:40:00+00:00,66.923,66.923,66.55,66.704,4252
2026-06-01T09:45:00+00:00,66.7,66.8,66.52,66.598,2445
2026-06-01T09:50:00+00:00,66.59,66.91,66.57,66.9,17631
2026-06-01T09:55:00+00:00,66.87,66.95,66.77,66.77,4186
2026-06-01T10:00:00+00:00,66.804,67.089,66.804,66.94,8234
2026-06-01T10:05:00+00:00,66.964,67.0,66.87,67.0,5088
2026-06-01T10:10:00+00:00,67.01,67.1,66.92,67.08,8140
2026-06-01T10:15:00+00:00,67.06,67.163,67.0,67.07,5652
2026-06-01T10:20:00+00:00,67.1,67.1,67.0,67.037,2015
2026-06-01T10:25:00+00:00,67.04,67.191,67.019,67.17,5927
2026-06-01T10:30:00+00:00,67.161,67.3,67.16,67.22,7571
2026-06-01T10:35:00+00:00,67.23,67.25,67.15,67.157,6619
2026-06-01T10:40:00+00:00,67.158,67.21,67.09,67.19,3784
2026-06-01T10:45:00+00:00,67.199,67.3,67.16,67.23,2878
2026-06-01T10:50:00+00:00,67.23,67.3,67.09,67.09,4546
2026-06-01T10:55:00+00:00,67.01,67.17,67.01,67.08,1716
2026-06-01T11:00:00+00:00,67.05,67.1,66.81,66.85,83514
2026-06-01T11:05:00+00:00,66.95,66.95,66.81,66.89,15288
2026-06-01T11:10:00+00:00,66.89,66.89,66.53,66.6,21012
2026-06-01T11:15:00+00:00,66.593,66.593,66.34,66.431,67813
2026-06-01T11:20:00+00:00,66.469,66.486,66.136,66.374,22386
2026-06-01T11:25:00+00:00,66.38,66.47,66.176,66.176,21415
2026-06-01T11:30:00+00:00,66.16,66.58,66.16,66.568,31629
2026-06-01T11:35:00+00:00,66.572,66.7,66.5,66.59,21090
2026-06-01T11:40:00+00:00,66.59,66.68,66.44,66.59,23697
2026-06-01T11:45:00+00:00,66.56,66.62,66.43,66.48,15611
2026-06-01T11:50:00+00:00,66.51,66.52,66.315,66.38,17260
2026-06-01T11:55:00+00:00,66.399,66.55,66.301,66.338,12926
2026-06-01T12:00:00+00:00,66.338,66.35,66.21,66.35,16696
2026-06-01T12:05:00+00:00,66.35,66.35,66.11,66.143,16233
2026-06-01T12:10:00+00:00,66.14,66.27,66.045,66.058,29267
2026-06-01T12:15:00+00:00,66.05,66.23,65.93,66.23,23585
2026-06-01T12:20:00+00:00,66.161,66.48,66.16,66.47,12200
2026-06-01T12:25:00+00:00,66.48,66.53,66.39,66.53,14434
2026-06-01T12:30:00+00:00,66.51,66.53,66.361,66.42,9023
2026-06-01T12:35:00+00:00,66.42,66.79,66.42,66.78,22537
2026-06-01T12:40:00+00:00,66.779,66.78,66.45,66.497,13995
2026-06-01T12:45:00+00:00,66.5,66.6,66.49,66.6,14131
2026-06-01T12:50:00+00:00,66.6,66.64,66.304,66.369,7880
2026-06-01T12:55:00+00:00,66.43,66.47,66.28,66.383,12188
2026-06-01T13:00:00+00:00,66.376,66.45,66.31,66.39,19887
2026-06-01T13:05:00+00:00,66.36,66.69,66.3,66.46,135724
2026-06-01T13:10:00+00:00,66.46,66.52,65.61,66.0,36887
2026-06-01T13:15:00+00:00,65.989,66.12,65.788,65.95,30700
2026-06-01T13:20:00+00:00,65.95,65.95,65.53,65.53,22205
2026-06-01T13:25:00+00:00,65.56,66.14,65.53,66.109,28669
2026-06-01T13:30:00+00:00,65.74,66.91,65.74,66.2,857183
2026-06-01T13:35:00+00:00,66.19,66.9,66.12,66.749,638047
2026-06-01T13:40:00+00:00,66.75,66.92,66.42,66.59,673253
2026-06-01T13:45:00+00:00,66.55,67.13,66.55,66.81,597249
2026-06-01T13:50:00+00:00,66.78,67.07,66.22,66.225,595449
2026-06-01T13:55:00+00:00,66.21,66.24,65.46,65.48,697430
2026-06-01T14:00:00+00:00,65.52,65.863,65.48,65.71,378043
2026-06-01T14:05:00+00:00,65.71,66.358,65.67,66.16,442045
2026-06-01T14:10:00+00:00,66.16,66.42,66.03,66.19,283807
2026-06-01T14:15:00+00:00,66.19,66.31,65.83,66.22,289914
2026-06-01T14:20:00+00:00,66.245,66.47,66.13,66.395,287420
2026-06-01T14:25:00+00:00,66.4,66.4,66.08,66.265,205383
2026-06-01T14:30:00+00:00,66.27,66.627,66.2,66.55,296870
2026-06-01T14:35:00+00:00,66.545,66.75,66.5,66.6,458503
2026-06-01T14:40:00+00:00,66.6,66.86,66.6,66.72,251604
2026-06-01T14:45:00+00:00,66.72,66.85,66.55,66.805,186614
2026-06-01T14:50:00+00:00,66.81,67.0,66.73,66.91,275355
2026-06-01T14:55:00+00:00,66.895,67.04,66.755,66.835,292940
2026-06-01T15:00:00+00:00,66.835,66.87,66.49,66.525,230736
2026-06-01T15:05:00+00:00,66.53,66.75,66.45,66.57,173262
2026-06-01T15:10:00+00:00,66.58,66.76,66.53,66.685,148821
2026-06-01T15:15:00+00:00,66.71,66.95,66.7,66.94,209990
2026-06-01T15:20:00+00:00,66.94,67.0,66.75,66.768,268598
2026-06-01T15:25:00+00:00,66.76,67.0,66.76,66.89,173981
2026-06-01T15:30:00+00:00,66.92,67.24,66.9,67.19,233488
2026-06-01T15:35:00+00:00,67.173,67.25,66.96,67.02,181606
2026-06-01T15:40:00+00:00,67.02,67.27,66.98,67.18,263156
2026-06-01T15:45:00+00:00,67.2,67.255,66.98,66.99,204639
2026-06-01T15:50:00+00:00,67.005,67.32,66.995,67.3,155356
2026-06-01T15:55:00+00:00,67.31,67.32,67.09,67.14,171873
2026-06-01T16:00:00+00:00,67.145,67.33,67.145,67.25,191535
2026-06-01T16:05:00+00:00,67.233,67.31,67.175,67.285,119141
2026-06-01T16:10:00+00:00,67.29,67.33,67.06,67.16,128530
2026-06-01T16:15:00+00:00,67.17,67.255,67.05,67.239,137980
2026-06-01T16:20:00+00:00,67.237,67.35,67.12,67.35,180108
2026-06-01T16:25:00+00:00,67.36,67.446,67.3,67.438,228543
2026-06-01T16:30:00+00:00,67.45,67.54,67.45,67.47,168007
2026-06-01T16:35:00+00:00,67.48,67.54,67.4,67.5,141158
2026-06-01T16:40:00+00:00,67.495,67.53,67.42,67.46,105603
2026-06-01T16:45:00+00:00,67.46,67.59,67.42,67.575,168199
2026-06-01T16:50:00+00:00,67.59,67.88,67.58,67.871,150257
2026-06-01T16:55:00+00:00,67.88,68.0,67.775,68.0,179798
2026-06-01T17:00:00+00:00,68.0,68.12,67.87,67.875,241052
2026-06-01T17:05:00+00:00,67.895,68.0,67.83,67.875,119331
2026-06-01T17:10:00+00:00,67.885,68.03,67.845,67.86,316940
2026-06-01T17:15:00+00:00,67.86,68.01,67.84,67.85,127895
2026-06-01T17:20:00+00:00,67.87,67.92,67.79,67.91,67515
2026-06-01T17:25:00+00:00,67.915,68.16,67.83,68.15,166764
2026-06-01T17:30:00+00:00,68.145,68.35,68.09,68.24,174208
2026-06-01T17:35:00+00:00,68.25,68.33,68.175,68.29,151781
2026-06-01T17:40:00+00:00,68.28,68.44,68.215,68.415,218549
2026-06-01T17:45:00+00:00,68.42,68.58,68.4,68.5,269252
2026-06-01T17:50:00+00:00,68.5,68.64,68.48,68.575,160324
2026-06-01T17:55:00+00:00,68.585,68.76,68.55,68.614,262125
2026-06-01T18:00:00+00:00,68.64,68.675,68.55,68.595,149862
2026-06-01T18:05:00+00:00,68.585,68.59,68.44,68.47,226429
2026-06-01T18:10:00+00:00,68.48,68.48,68.32,68.35,161072
2026-06-01T18:15:00+00:00,68.35,68.36,68.166,68.35,400361
2026-06-01T18:20:00+00:00,68.355,68.405,68.24,68.33,250256
2026-06-01T18:25:00+00:00,68.325,68.33,68.17,68.28,119383
2026-06-01T18:30:00+00:00,68.3,68.41,68.22,68.395,94578
2026-06-01T18:35:00+00:00,68.398,68.42,68.23,68.24,145589
2026-06-01T18:40:00+00:00,68.23,68.28,68.085,68.165,136708
2026-06-01T18:45:00+00:00,68.165,68.17,67.91,67.935,231394
2026-06-01T18:50:00+00:00,67.93,67.965,67.845,67.925,201508
2026-06-01T18:55:00+00:00,67.93,68.01,67.9,67.9,141193
2026-06-01T19:00:00+00:00,67.92,68.099,67.825,68.07,138091
2026-06-01T19:05:00+00:00,68.09,68.115,67.93,68.05,117138
2026-06-01T19:10:00+00:00,68.04,68.14,67.925,67.93,114261
2026-06-01T19:15:00+00:00,67.945,68.035,67.85,67.99,122333
2026-06-01T19:20:00+00:00,68.01,68.07,67.97,68.04,117244
2026-06-01T19:25:00+00:00,68.04,68.1,67.96,68.03,88819
2026-06-01T19:30:00+00:00,68.0,68.02,67.82,67.826,177387
2026-06-01T19:35:00+00:00,67.825,67.938,67.781,67.927,180957
2026-06-01T19:40:00+00:00,67.905,67.939,67.85,67.895,213208
2026-06-01T19:45:00+00:00,67.89,67.96,67.87,67.915,289612
2026-06-01T19:50:00+00:00,67.92,68.07,67.78,68.01,473151
2026-06-01T19:55:00+00:00,68.01,68.09,67.82,68.0,653966
2026-06-01T20:00:00+00:00,68.0,68.3,67.992,68.22,2430681
2026-06-01T20:05:00+00:00,68.22,68.23,68.08,68.157,6692
2026-06-01T20:10:00+00:00,68.17,68.17,68.0,68.1,12659
2026-06-01T20:15:00+00:00,68.101,68.15,68.01,68.12,3971
2026-06-01T20:20:00+00:00,68.14,68.19,68.12,68.16,19926
2026-06-01T20:25:00+00:00,68.19,68.23,68.1,68.2,6568
2026-06-01T20:30:00+00:00,68.198,68.25,68.172,68.24,9294
2026-06-01T20:35:00+00:00,68.249,68.27,68.23,68.26,10298
2026-06-01T20:40:00+00:00,68.24,68.3,68.2,68.3,6646
2026-06-01T20:45:00+00:00,68.298,68.36,68.22,68.35,9604
2026-06-01T20:50:00+00:00,68.33,68.36,68.27,68.321,4079
2026-06-01T20:55:00+00:00,68.25,68.36,68.211,68.28,7123
2026-06-01T21:00:00+00:00,68.279,68.36,68.241,68.34,17097
2026-06-01T21:05:00+00:00,68.34,68.49,68.33,68.49,16723
2026-06-01T21:10:00+00:00,68.49,68.49,68.34,68.47,11525
2026-06-01T21:15:00+00:00,68.47,68.49,68.36,68.48,8240
2026-06-01T21:20:00+00:00,68.49,68.59,68.47,68.58,16591
2026-06-01T21:25:00+00:00,68.58,68.68,68.53,68.67,11062
2026-06-01T21:30:00+00:00,68.63,68.75,68.612,68.75,14101
2026-06-01T21:35:00+00:00,68.75,68.88,68.75,68.88,11211
2026-06-01T21:40:00+00:00,68.85,68.88,68.58,68.58,7613
2026-06-01T21:45:00+00:00,68.578,68.88,68.578,68.753,7671
2026-06-01T21:50:00+00:00,68.78,68.88,68.75,68.81,10541
2026-06-01T21:55:00+00:00,68.8,68.88,68.76,68.87,4135
2026-06-01T22:00:00+00:00,68.83,68.872,68.6,68.72,9989
2026-06-01T22:05:00+00:00,68.71,68.72,68.5,68.64,12613
2026-06-01T22:10:00+00:00,68.55,68.679,68.55,68.61,10462
2026-06-01T22:15:00+00:00,68.62,68.68,68.61,68.669,5649
2026-06-01T22:20:00+00:00,68.67,68.685,68.48,68.575,9284
2026-06-01T22:25:00+00:00,68.62,68.65,68.54,68.575,7542
2026-06-01T22:30:00+00:00,68.58,68.63,68.5,68.53,5658
2026-06-01T22:35:00+00:00,68.53,68.65,68.5,68.53,34527
2026-06-01T22:40:00+00:00,68.53,68.53,68.081,68.1,15078
2026-06-01T22:45:00+00:00,68.109,68.5,68.1,68.373,4782
2026-06-01T22:50:00+00:00,68.372,68.4,68.31,68.389,10836
2026-06-01T22:55:00+00:00,68.39,68.47,68.33,68.458,6615
2026-06-01T23:00:00+00:00,68.457,68.46,68.219,68.28,9454
2026-06-01T23:05:00+00:00,68.27,68.34,68.15,68.308,7206
2026-06-01T23:10:00+00:00,68.28,68.34,68.2,68.273,6229
2026-06-01T23:15:00+00:00,68.162,68.341,68.15,68.341,4912
2026-06-01T23:20:00+00:00,68.341,68.68,68.341,68.67,4442
2026-06-01T23:25:00+00:00,68.73,68.73,68.579,68.63,7473
2026-06-01T23:30:00+00:00,68.63,68.73,68.401,68.694,11874
2026-06-01T23:35:00+00:00,68.69,68.7,68.5,68.617,5485
2026-06-01T23:40:00+00:00,68.59,68.62,68.36,68.43,4777
2026-06-01T23:45:00+00:00,68.427,68.43,67.9,67.97,24446
2026-06-01T23:50:00+00:00,67.998,68.101,67.8,68.0,5477
2026-06-01T23:55:00+00:00,68.01,68.38,67.915,68.38,9381
2026-06-02T08:00:00+00:00,66.9,67.96,66.23,67.5,158527
2026-06-02T08:05:00+00:00,67.465,67.93,66.53,67.39,22031
2026-06-02T08:10:00+00:00,67.43,67.713,67.2,67.7,7027
2026-06-02T08:15:00+00:00,67.58,67.695,67.54,67.6,2461
2026-06-02T08:20:00+00:00,67.631,67.64,67.32,67.51,4650
2026-06-02T08:25:00+00:00,67.48,67.565,67.413,67.498,2553
2026-06-02T08:30:00+00:00,67.482,67.561,67.42,67.46,8378
2026-06-02T08:35:00+00:00,67.52,67.54,67.38,67.402,31485
2026-06-02T08:40:00+00:00,67.41,67.57,67.41,67.512,3331
2026-06-02T08:45:00+00:00,67.49,67.494,67.354,67.41,1750
2026-06-02T08:50:00+00:00,67.369,67.473,67.34,67.34,1912
2026-06-02T08:55:00+00:00,67.38,67.46,67.21,67.27,1896
2026-06-02T09:00:00+00:00,67.276,67.282,67.0,67.005,6573
2026-06-02T09:05:00+00:00,67.0,67.263,67.0,67.173,3463
2026-06-02T09:10:00+00:00,67.243,67.26,67.18,67.229,1959
2026-06-02T09:15:00+00:00,67.23,67.3,67.204,67.3,4792
2026-06-02T09:20:00+00:00,67.3,67.34,67.17,67.22,3254
2026-06-02T09:25:00+00:00,67.2,67.26,67.18,67.23,1275
2026-06-02T09:30:00+00:00,67.255,67.32,67.22,67.244,1653
2026-06-02T09:35:00+00:00,67.241,67.334,67.22,67.29,8717
2026-06-02T09:40:00+00:00,67.28,67.48,67.25,67.37,2045
2026-06-02T09:45:00+00:00,67.357,67.39,67.26,67.39,4401
2026-06-02T09:50:00+00:00,67.3,67.379,67.21,67.28,6578
2026-06-02T09:55:00+00:00,67.252,67.388,67.252,67.278,3807
2026-06-02T10:00:00+00:00,67.28,67.28,67.19,67.202,6751
2026-06-02T10:05:00+00:00,67.206,67.3,67.2,67.24,8007
2026-06-02T10:10:00+00:00,67.237,67.3,67.14,67.14,3029
2026-06-02T10:15:00+00:00,67.147,67.3,67.138,67.3,2960
2026-06-02T10:20:00+00:00,67.24,67.24,67.13,67.203,1338
2026-06-02T10:25:00+00:00,67.209,67.257,67.059,67.09,1335
2026-06-02T10:30:00+00:00,67.09,67.12,67.017,67.07,4349
2026-06-02T10:35:00+00:00,67.06,67.116,67.02,67.08,4970
2026-06-02T10:40:00+00:00,67.07,67.1,66.903,66.99,8671
2026-06-02T10:45:00+00:00,66.98,67.0,66.9,66.997,890
2026-06-02T10:50:00+00:00,66.99,67.12,66.99,67.11,2143
2026-06-02T10:55:00+00:00,67.108,67.192,67.06,67.192,2244
2026-06-02T11:00:00+00:00,67.26,67.47,67.2,67.39,22923
2026-06-02T11:05:00+00:00,67.31,67.45,67.31,67.38,26207
2026-06-02T11:10:00+00:00,67.37,67.52,67.37,67.52,22058
2026-06-02T11:15:00+00:00,67.6,67.79,67.598,67.71,6519
2026-06-02T11:20:00+00:00,67.69,67.73,67.539,67.594,13799
2026-06-02T11:25:00+00:00,67.59,67.95,67.59,67.9,22443
2026-06-02T11:30:00+00:00,67.928,68.089,67.87,68.05,31768
2026-06-02T11:35:00+00:00,68.049,68.09,67.92,67.987,25084
2026-06-02T11:40:00+00:00,67.98,68.01,67.8,67.838,7515
2026-06-02T11:45:00+00:00,67.84,67.88,67.72,67.794,19320
2026-06-02T11:50:00+00:00,67.82,68.0,67.81,67.98,21521
2026-06-02T11:55:00+00:00,67.92,67.98,67.81,67.85,14661
2026-06-02T12:00:00+00:00,67.88,67.96,67.81,67.96,21696
2026-06-02T12:05:00+00:00,68.0,68.0,67.9,67.94,4689
2026-06-02T12:10:00+00:00,67.96,67.99,67.8,67.816,5034
2026-06-02T12:15:00+00:00,67.821,67.92,67.76,67.771,15853
2026-06-02T12:20:00+00:00,67.8,67.94,67.753,67.94,14880
2026-06-02T12:25:00+00:00,67.94,68.03,67.92,67.99,6114
2026-06-02T12:30:00+00:00,67.99,68.03,67.87,68.01,17055
2026-06-02T12:35:00+00:00,68.01,68.01,67.92,68.01,11314
2026-06-02T12:40:00+00:00,68.01,68.21,68.0,68.138,18847
2026-06-02T12:45:00+00:00,68.13,68.15,68.0,68.027,24684
2026-06-02T12:50:00+00:00,68.06,68.07,67.953,67.98,5882
2026-06-02T12:55:00+00:00,67.98,68.07,67.95,67.97,16321
2026-06-02T13:00:00+00:00,67.97,68.1,67.9,68.1,16609
2026-06-02T13:05:00+00:00,68.1,68.1,67.83,67.849,15576
2026-06-02T13:10:00+00:00,67.82,67.97,67.78,67.85,13324
2026-06-02T13:15:00+00:00,67.85,67.93,67.761,67.88,20910
2026-06-02T13:20:00+00:00,67.84,68.13,67.84,68.099,29929
2026-06-02T13:25:00+00:00,68.1,68.2,67.91,68.16,63492
2026-06-02T13:30:00+00:00,68.15,68.29,67.09,67.27,595647
2026-06-02T13:35:00+00:00,67.26,67.69,67.05,67.67,704679
2026-06-02T13:40:00+00:00,67.66,68.12,67.53,68.075,794352
2026-06-02T13:45:00+00:00,68.09,68.47,68.03,68.47,570907
2026-06-02T13:50:00+00:00,68.48,68.71,68.445,68.555,577627
2026-06-02T13:55:00+00:00,68.56,68.82,68.278,68.77,455068
2026-06-02T14:00:00+00:00,68.76,68.85,68.561,68.82,261460
2026-06-02T14:05:00+00:00,68.82,69.25,68.695,69.18,457051
2026-06-02T14:10:00+00:00,69.17,69.51,68.952,69.39,399289
2026-06-02T14:15:00+00:00,69.39,69.43,68.83,68.91,401095
2026-06-02T14:20:00+00:00,68.92,68.95,68.02,68.05,426047
2026-06-02T14:25:00+00:00,68.04,68.094,67.46,67.81,789834
2026-06-02T14:30:00+00:00,67.82,68.145,67.81,67.905,417229
2026-06-02T14:35:00+00:00,67.895,68.19,67.83,68.18,217378
2026-06-02T14:40:00+00:00,68.17,68.29,67.96,68.28,229743
2026-06-02T14:45:00+00:00,68.255,68.255,67.92,68.09,252879
2026-06-02T14:50:00+00:00,68.095,68.19,67.97,68.11,187488
2026-06-02T14:55:00+00:00,68.11,68.185,68.05,68.165,138330
2026-06-02T15:00:00+00:00,68.17,68.325,68.1,68.16,225572
2026-06-02T15:05:00+00:00,68.125,68.41,67.98,68.4,213859
2026-06-02T15:10:00+00:00,68.398,68.62,68.37,68.62,230068
2026-06-02T15:15:00+00:00,68.62,68.68,68.55,68.625,270504
2026-06-02T15:20:00+00:00,68.63,68.63,68.41,68.45,168841
2026-06-02T15:25:00+00:00,68.45,68.69,68.45,68.65,120185
2026-06-02T15:30:00+00:00,68.64,68.81,68.51,68.78,158653
2026-06-02T15:35:00+00:00,68.77,68.88,68.725,68.76,207934
2026-06-02T15:40:00+00:00,68.76,68.805,68.6,68.63,159864
2026-06-02T15:45:00+00:00,68.665,68.735,68.58,68.635,144852
2026-06-02T15:50:00+00:00,68.64,68.82,68.6,68.78,116443
2026-06-02T15:55:00+00:00,68.78,68.88,68.73,68.845,183105
2026-06-02T16:00:00+00:00,68.865,68.875,68.715,68.79,161929
2026-06-02T16:05:00+00:00,68.79,68.93,68.765,68.915,153073
2026-06-02T16:10:00+00:00,68.915,68.915,68.684,68.69,137741
2026-06-02T16:15:00+00:00,68.68,68.74,68.37,68.49,212476
2026-06-02T16:20:00+00:00,68.5,68.641,68.4,68.595,136843
2026-06-02T16:25:00+00:00,68.6,68.605,68.44,68.535,123340
2026-06-02T16:30:00+00:00,68.53,68.595,68.475,68.5,96981
2026-06-02T16:35:00+00:00,68.49,68.49,68.2,68.26,213482
2026-06-02T16:40:00+00:00,68.28,68.49,68.28,68.36,91940
2026-06-02T16:45:00+00:00,68.351,68.54,68.28,68.53,81904
2026-06-02T16:50:00+00:00,68.57,68.66,68.57,68.65,117728
2026-06-02T16:55:00+00:00,68.647,68.72,68.592,68.695,95683
2026-06-02T17:00:00+00:00,68.705,68.878,68.65,68.83,130847
2026-06-02T17:05:00+00:00,68.845,68.855,68.671,68.7,81427
2026-06-02T17:10:00+00:00,68.69,68.74,68.655,68.68,74126
2026-06-02T17:15:00+00:00,68.675,68.675,68.43,68.44,108396
2026-06-02T17:20:00+00:00,68.44,68.58,68.44,68.505,89191
2026-06-02T17:25:00+00:00,68.49,68.63,68.46,68.595,80158
2026-06-02T17:30:00+00:00,68.607,68.67,68.54,68.56,101537
2026-06-02T17:35:00+00:00,68.56,68.58,68.465,68.525,87855
2026-06-02T17:40:00+00:00,68.53,68.63,68.51,68.63,104788
2026-06-02T17:45:00+00:00,68.63,68.69,68.595,68.685,140329
2026-06-02T17:50:00+00:00,68.69,68.76,68.585,68.7,225242
2026-06-02T17:55:00+00:00,68.69,68.825,68.68,68.825,367552
2026-06-02T18:00:00+00:00,68.825,68.88,68.65,68.7,195717
2026-06-02T18:05:00+00:00,68.7,68.86,68.7,68.845,167364
2026-06-02T18:10:00+00:00,68.845,69.169,68.84,69.155,390080
2026-06-02T18:15:00+00:00,69.15,69.15,68.99,68.995,267968
2026-06-02T18:20:00+00:00,68.995,69.175,68.96,69.17,298758
2026-06-02T18:25:00+00:00,69.17,69.265,69.132,69.215,179207
2026-06-02T18:30:00+00:00,69.205,69.26,69.145,69.2,147965
2026-06-02T18:35:00+00:00,69.19,69.195,68.94,68.94,165411
2026-06-02T18:40:00+00:00,68.94,68.95,68.73,68.875,747037
2026-06-02T18:45:00+00:00,68.875,69.04,68.81,69.025,291354
2026-06-02T18:50:00+00:00,69.025,69.095,68.95,69.07,217718
2026-06-02T18:55:00+00:00,69.06,69.22,68.99,69.195,352229
2026-06-02T19:00:00+00:00,69.21,69.38,69.19,69.345,257068
2026-06-02T19:05:00+00:00,69.345,69.42,69.33,69.405,359852
2026-06-02T19:10:00+00:00,69.405,69.575,69.4,69.499,422579
2026-06-02T19:15:00+00:00,69.5,69.635,69.473,69.52,317971
2026-06-02T19:20:00+00:00,69.51,69.587,69.48,69.575,232809
2026-06-02T19:25:00+00:00,69.575,69.64,69.45,69.485,235342
2026-06-02T19:30:00+00:00,69.48,69.62,69.47,69.555,230490
2026-06-02T19:35:00+00:00,69.56,69.74,69.56,69.695,283560
2026-06-02T19:40:00+00:00,69.695,69.93,69.6,69.81,545109
2026-06-02T19:45:00+00:00,69.815,70.15,69.81,70.08,406821
2026-06-02T19:50:00+00:00,70.04,70.07,69.855,69.878,358023
2026-06-02T19:55:00+00:00,69.875,69.875,68.44,69.57,529835
2026-06-02T20:00:00+00:00,69.57,69.8,69.501,69.69,19447
2026-06-02T20:05:00+00:00,69.7,69.98,69.7,69.83,1830871
2026-06-02T20:10:00+00:00,69.57,69.95,69.57,69.85,16165
2026-06-02T20:15:00+00:00,69.85,70.04,69.717,70.01,97508
2026-06-02T20:20:00+00:00,70.02,70.02,69.92,69.958,15963
2026-06-02T20:25:00+00:00,69.94,69.955,69.81,69.83,9339
2026-06-02T20:30:00+00:00,69.83,69.86,69.81,69.859,20714
2026-06-02T20:35:00+00:00,69.85,69.86,69.8,69.829,10742
2026-06-02T20:40:00+00:00,69.83,69.86,69.8,69.86,3113
2026-06-02T20:45:00+00:00,69.86,69.89,69.84,69.88,5264
2026-06-02T20:50:00+00:00,69.877,69.89,69.852,69.89,8201
2026-06-02T20:55:00+00:00,69.89,69.89,69.87,69.89,11378
2026-06-02T21:00:00+00:00,69.89,69.89,69.88,69.88,8837
2026-06-02T21:05:00+00:00,69.88,69.89,69.85,69.87,7775
2026-06-02T21:10:00+00:00,69.85,69.88,69.84,69.88,5068
2026-06-02T21:15:00+00:00,69.85,69.89,69.85,69.89,10419
2026-06-02T21:20:00+00:00,69.89,69.89,69.82,69.822,5395
2026-06-02T21:25:00+00:00,69.85,69.86,69.79,69.85,6138
2026-06-02T21:30:00+00:00,69.85,69.86,69.8,69.854,5417
2026-06-02T21:35:00+00:00,69.86,69.89,69.85,69.88,10114
2026-06-02T21:40:00+00:00,69.89,69.89,69.88,69.89,11941
2026-06-02T21:45:00+00:00,69.89,69.9,69.88,69.9,11318
2026-06-02T21:50:00+00:00,69.895,69.9,69.82,69.88,2540
2026-06-02T21:55:00+00:00,69.871,69.9,69.86,69.88,6038
2026-06-02T22:00:00+00:00,69.87,69.878,69.6,69.76,3120
2026-06-02T22:05:00+00:00,69.84,69.85,69.67,69.8,4308
2026-06-02T22:10:00+00:00,69.79,69.85,69.79,69.84,2673
2026-06-02T22:15:00+00:00,69.849,69.85,69.8,69.83,6550
2026-06-02T22:20:00+00:00,69.85,69.88,69.8,69.83,8303
2026-06-02T22:25:00+00:00,69.83,69.89,69.8,69.881,2347
2026-06-02T22:30:00+00:00,69.889,69.99,69.88,69.94,9684
2026-06-02T22:35:00+00:00,69.93,69.96,69.89,69.899,3226
2026-06-02T22:40:00+00:00,69.9,69.93,69.89,69.899,5740
2026-06-02T22:45:00+00:00,69.89,69.9,69.601,69.66,10407
2026-06-02T22:50:00+00:00,69.65,69.65,69.2,69.28,24263
2026-06-02T22:55:00+00:00,69.27,69.75,69.2,69.429,10994
2026-06-02T23:00:00+00:00,69.41,69.66,69.31,69.332,5363
2026-06-02T23:05:00+00:00,69.55,69.9,69.31,69.49,5762
2026-06-02T23:10:00+00:00,69.49,69.65,69.45,69.63,11776
2026-06-02T23:15:00+00:00,69.5,69.62,69.01,69.01,4953
2026-06-02T23:20:00+00:00,69.03,69.03,68.8,68.808,9506
2026-06-02T23:25:00+00:00,68.839,68.99,68.62,68.98,13016
2026-06-02T23:30:00+00:00,69.002,69.39,69.0,69.14,19163
2026-06-02T23:35:00+00:00,69.1,69.38,69.083,69.38,10573
2026-06-02T23:40:00+00:00,69.339,69.5,69.3,69.447,5560
2026-06-02T23:45:00+00:00,69.451,69.46,69.31,69.38,11630
2026-06-02T23:50:00+00:00,69.39,69.46,69.3,69.37,8629
2026-06-02T23:55:00+00:00,69.37,69.44,69.25,69.388,10846
2026-06-03T08:00:00+00:00,69.01,69.67,68.36,69.101,77289
2026-06-03T08:05:00+00:00,69.089,69.63,68.71,69.1,9084
2026-06-03T08:10:00+00:00,69.07,69.214,69.024,69.13,5407
2026-06-03T08:15:00+00:00,69.13,69.22,68.9,68.935,9341
2026-06-03T08:20:00+00:00,68.92,68.942,68.74,68.88,15634
2026-06-03T08:25:00+00:00,68.982,69.2,68.98,69.1,2430
2026-06-03T08:30:00+00:00,69.185,69.185,68.97,68.97,11237
2026-06-03T08:35:00+00:00,69.0,69.055,68.85,68.99,4672
2026-06-03T08:40:00+00:00,69.0,69.0,68.87,68.94,5499
2026-06-03T08:45:00+00:00,68.94,69.15,68.94,69.09,11312
2026-06-03T08:50:00+00:00,69.09,69.19,69.09,69.125,5393
2026-06-03T08:55:00+00:00,69.132,69.25,69.12,69.25,11179
2026-06-03T09:00:00+00:00,69.26,69.387,69.26,69.36,8414
2026-06-03T09:05:00+00:00,69.34,69.56,69.32,69.559,4711
2026-06-03T09:10:00+00:00,69.58,69.581,69.42,69.46,7427
2026-06-03T09:15:00+00:00,69.41,69.595,69.37,69.57,5277
2026-06-03T09:20:00+00:00,69.572,69.65,69.48,69.48,5322
2026-06-03T09:25:00+00:00,69.48,69.55,69.4,69.522,1899
2026-06-03T09:30:00+00:00,69.524,69.54,69.44,69.466,12027
2026-06-03T09:35:00+00:00,69.46,69.54,69.42,69.524,3148
2026-06-03T09:40:00+00:00,69.48,69.57,69.46,69.54,3615
2026-06-03T09:45:00+00:00,69.54,69.54,69.3,69.42,4394
2026-06-03T09:50:00+00:00,69.43,69.48,69.39,69.46,1722
2026-06-03T09:55:00+00:00,69.46,69.52,69.42,69.48,3409
2026-06-03T10:00:00+00:00,69.46,69.47,69.29,69.295,1520
2026-06-03T10:05:00+00:00,69.28,69.56,69.27,69.447,2919
2026-06-03T10:10:00+00:00,69.52,69.63,69.45,69.59,7317
2026-06-03T10:15:00+00:00,69.59,69.63,69.48,69.55,3323
2026-06-03T10:20:00+00:00,69.54,69.6,69.5,69.596,3063
2026-06-03T10:25:00+00:00,69.597,69.63,69.52,69.62,6237
2026-06-03T10:30:00+00:00,69.62,69.75,69.6,69.66,8676
2026-06-03T10:35:00+00:00,69.66,69.68,69.56,69.6,2897
2026-06-03T10:40:00+00:00,69.6,69.68,69.53,69.615,4065
2026-06-03T10:45:00+00:00,69.55,69.68,69.53,69.589,4591
2026-06-03T10:50:00+00:00,69.595,69.6,69.56,69.56,2718
2026-06-03T10:55:00+00:00,69.55,69.65,69.507,69.54,3355
2026-06-03T11:00:00+00:00,69.55,69.65,69.522,69.56,18647
2026-06-03T11:05:00+00:00,69.56,69.62,69.53,69.56,10950
2026-06-03T11:10:00+00:00,69.576,69.62,69.51,69.51,12280
2026-06-03T11:15:00+00:00,69.52,69.55,69.44,69.49,15325
2026-06-03T11:20:00+00:00,69.49,69.49,69.42,69.44,11039
2026-06-03T11:25:00+00:00,69.436,69.49,69.331,69.46,5747
2026-06-03T11:30:00+00:00,69.459,69.55,69.35,69.38,12089
2026-06-03T11:35:00+00:00,69.382,69.47,69.35,69.42,9804
2026-06-03T11:40:00+00:00,69.42,69.49,69.3,69.312,10551
2026-06-03T11:45:00+00:00,69.398,69.4,69.26,69.26,5360
2026-06-03T11:50:00+00:00,69.28,69.4,69.232,69.38,9382
2026-06-03T11:55:00+00:00,69.38,69.49,69.28,69.42,18045
2026-06-03T12:00:00+00:00,69.36,69.41,69.11,69.33,9254
2026-06-03T12:05:00+00:00,69.48,69.48,69.35,69.36,9927
2026-06-03T12:10:00+00:00,69.36,69.45,69.309,69.42,10827
2026-06-03T12:15:00+00:00,69.42,69.42,69.22,69.25,8912
2026-06-03T12:20:00+00:00,69.249,69.42,69.241,69.37,12191
2026-06-03T12:25:00+00:00,69.384,69.384,69.26,69.349,5808
2026-06-03T12:30:00+00:00,69.35,69.35,69.11,69.178,17245
2026-06-03T12:35:00+00:00,69.18,69.19,69.02,69.04,12168
2026-06-03T12:40:00+00:00,69.08,69.88,69.02,69.33,105888
2026-06-03T12:45:00+00:00,69.15,69.35,69.13,69.229,12197
2026-06-03T12:50:00+00:00,69.23,69.32,69.22,69.22,16994
2026-06-03T12:55:00+00:00,69.22,69.25,69.13,69.22,12536
2026-06-03T13:00:00+00:00,69.239,69.25,69.16,69.23,7274
2026-06-03T13:05:00+00:00,69.25,69.26,69.16,69.259,8108
2026-06-03T13:10:00+00:00,69.26,69.26,69.17,69.2,22179
2026-06-03T13:15:00+00:00,69.215,69.55,69.211,69.55,20069
2026-06-03T13:20:00+00:00,69.52,69.68,69.45,69.58,36712
2026-06-03T13:25:00+00:00,69.59,69.75,69.45,69.74,30519
2026-06-03T13:30:00+00:00,69.74,70.02,68.61,68.617,639358
2026-06-03T13:35:00+00:00,68.63,69.215,68.45,69.21,514363
2026-06-03T13:40:00+00:00,69.14,69.25,68.46,68.52,362952
2026-06-03T13:45:00+00:00,68.505,68.62,67.5,67.63,1020059
2026-06-03T13:50:00+00:00,67.62,68.64,67.51,68.19,657839
2026-06-03T13:55:00+00:00,68.15,68.33,67.62,67.75,339006
2026-06-03T14:00:00+00:00,67.665,68.2,67.658,67.78,268753
2026-06-03T14:05:00+00:00,67.775,68.079,67.602,67.925,237854
2026-06-03T14:10:00+00:00,67.97,68.33,67.935,68.283,295255
2026-06-03T14:15:00+00:00,68.305,68.7,68.29,68.535,286963
2026-06-03T14:20:00+00:00,68.525,68.67,68.36,68.55,202735
2026-06-03T14:25:00+00:00,68.545,69.02,68.4,69.015,240173
2026-06-03T14:30:00+00:00,69.015,69.29,68.81,69.27,236805
2026-06-03T14:35:00+00:00,69.28,69.485,68.88,69.44,312210
2026-06-03T14:40:00+00:00,69.44,69.52,69.12,69.17,219934
2026-06-03T14:45:00+00:00,69.22,69.38,69.095,69.15,192765
2026-06-03T14:50:00+00:00,69.145,69.33,68.94,69.183,145257
2026-06-03T14:55:00+00:00,69.23,69.28,68.97,69.11,126735
2026-06-03T15:00:00+00:00,69.105,69.62,69.1,69.525,191172
2026-06-03T15:05:00+00:00,69.53,69.6,69.225,69.23,200222
2026-06-03T15:10:00+00:00,69.25,69.46,69.194,69.35,106463
2026-06-03T15:15:00+00:00,69.34,69.46,69.27,69.38,120403
2026-06-03T15:20:00+00:00,69.39,69.456,69.01,69.04,226400
2026-06-03T15:25:00+00:00,69.022,69.136,68.9,69.13,154940
2026-06-03T15:30:00+00:00,69.12,69.31,68.981,69.04,104021
2026-06-03T15:35:00+00:00,69.01,69.245,68.97,69.17,124020
2026-06-03T15:40:00+00:00,69.15,69.16,68.72,68.73,223364
2026-06-03T15:45:00+00:00,68.735,68.77,68.47,68.65,227815
2026-06-03T15:50:00+00:00,68.64,68.8,68.609,68.735,116725
2026-06-03T15:55:00+00:00,68.74,68.815,68.66,68.745,67872
2026-06-03T16:00:00+00:00,68.745,68.82,68.52,68.65,80941
2026-06-03T16:05:00+00:00,68.73,68.89,68.62,68.84,66868
2026-06-03T16:10:00+00:00,68.825,69.095,68.825,69.045,132095
2026-06-03T16:15:00+00:00,69.04,69.06,68.81,68.91,71579
2026-06-03T16:20:00+00:00,68.87,68.961,68.62,68.625,85628
2026-06-03T16:25:00+00:00,68.61,68.76,68.56,68.72,84315
2026-06-03T16:30:00+00:00,68.728,68.948,68.69,68.763,58233
2026-06-03T16:35:00+00:00,68.77,68.78,68.54,68.59,94089
2026-06-03T16:40:00+00:00,68.58,68.678,68.37,68.435,176323
2026-06-03T16:45:00+00:00,68.44,68.725,68.44,68.66,67200
2026-06-03T16:50:00+00:00,68.676,68.78,68.63,68.69,51497
2026-06-03T16:55:00+00:00,68.7,68.989,68.66,68.96,92853
2026-06-03T17:00:00+00:00,68.966,68.966,68.78,68.78,46332
2026-06-03T17:05:00+00:00,68.8,68.83,68.52,68.74,62501
2026-06-03T17:10:00+00:00,68.73,68.75,68.53,68.56,53044
2026-06-03T17:15:00+00:00,68.54,68.687,68.5,68.5,59116
2026-06-03T17:20:00+00:00,68.518,68.69,68.46,68.68,80600
2026-06-03T17:25:00+00:00,68.69,68.9,68.66,68.87,70881
2026-06-03T17:30:00+00:00,68.78,68.89,68.675,68.89,58080
2026-06-03T17:35:00+00:00,68.889,68.921,68.82,68.83,54621
2026-06-03T17:40:00+00:00,68.835,69.02,68.81,69.02,44840
2026-06-03T17:45:00+00:00,69.02,69.22,69.02,69.174,90074
2026-06-03T17:50:00+00:00,69.145,69.289,69.12,69.289,150910
2026-06-03T17:55:00+00:00,69.29,69.33,69.22,69.23,71516
2026-06-03T18:00:00+00:00,69.222,69.31,69.18,69.31,58388
2026-06-03T18:05:00+00:00,69.31,69.349,69.2,69.27,113734
2026-06-03T18:10:00+00:00,69.265,69.27,69.06,69.105,53427
2026-06-03T18:15:00+00:00,69.111,69.144,68.975,69.13,69515
2026-06-03T18:20:00+00:00,69.125,69.15,69.05,69.14,70324
2026-06-03T18:25:00+00:00,69.16,69.23,69.08,69.2,70780
2026-06-03T18:30:00+00:00,69.22,69.26,69.15,69.17,52116
2026-06-03T18:35:00+00:00,69.175,69.175,68.87,68.905,126975
2026-06-03T18:40:00+00:00,68.905,69.23,68.88,69.09,58576
2026-06-03T18:45:00+00:00,69.085,69.21,69.06,69.06,47354
2026-06-03T18:50:00+00:00,69.065,69.15,69.055,69.11,48031
2026-06-03T18:55:00+00:00,69.1,69.13,68.95,69.08,60771
2026-06-03T19:00:00+00:00,69.06,69.16,68.98,69.12,63406
2026-06-03T19:05:00+00:00,69.118,69.331,69.1,69.215,100428
2026-06-03T19:10:00+00:00,69.225,69.26,69.085,69.24,52427
2026-06-03T19:15:00+00:00,69.24,69.27,69.135,69.26,59990
2026-06-03T19:20:00+00:00,69.27,69.28,69.11,69.215,66108
2026-06-03T19:25:00+00:00,69.25,69.361,69.17,69.357,66358
2026-06-03T19:30:00+00:00,69.33,69.505,69.289,69.44,130148
2026-06-03T19:35:00+00:00,69.43,69.751,69.4,69.7,186646
2026-06-03T19:40:00+00:00,69.67,69.805,69.655,69.701,178220
2026-06-03T19:45:00+00:00,69.69,69.87,69.67,69.805,232328
2026-06-03T19:50:00+00:00,69.84,69.84,69.53,69.69,505834
2026-06-03T19:55:00+00:00,69.665,69.75,69.56,69.71,719798
2026-06-03T20:00:00+00:00,69.66,69.71,69.6,69.652,15238
2026-06-03T20:05:00+00:00,69.65,69.77,69.64,69.73,12296
2026-06-03T20:10:00+00:00,69.73,69.76,69.67,69.709,1919
2026-06-03T20:15:00+00:00,69.64,69.679,69.1,69.18,14205
2026-06-03T20:20:00+00:00,69.17,69.48,69.13,69.35,17254
2026-06-03T20:25:00+00:00,69.336,69.4,69.05,69.13,20817
2026-06-03T20:30:00+00:00,69.07,69.2,68.92,69.0,9451
2026-06-03T20:35:00+00:00,68.94,69.08,68.84,68.841,23293
2026-06-03T20:40:00+00:00,68.842,68.9,68.55,68.59,18512
2026-06-03T20:45:00+00:00,68.59,69.05,68.59,68.72,5798
2026-06-03T20:50:00+00:00,68.7,68.72,68.45,68.52,18445
2026-06-03T20:55:00+00:00,68.456,68.68,68.39,68.63,14895
2026-06-03T21:00:00+00:00,68.61,68.86,68.51,68.51,20907
2026-06-03T21:05:00+00:00,68.53,68.689,68.35,68.4,7709
2026-06-03T21:10:00+00:00,68.43,68.51,67.5,67.8,43115
2026-06-03T21:15:00+00:00,67.788,68.2,67.63,67.64,26291
2026-06-03T21:20:00+00:00,67.63,67.745,67.5,67.59,16892
2026-06-03T21:25:00+00:00,67.52,67.65,67.5,67.57,24205
2026-06-03T21:30:00+00:00,67.57,67.59,67.0,67.03,103728
2026-06-03T21:35:00+00:00,67.099,67.29,67.02,67.1,35710
2026-06-03T21:40:00+00:00,67.11,67.5,67.05,67.21,28159
2026-06-03T21:45:00+00:00,67.2,67.29,67.2,67.23,10860
2026-06-03T21:50:00+00:00,67.23,67.6,67.2,67.59,10438
2026-06-03T21:55:00+00:00,67.58,68.0,67.56,67.89,13199
2026-06-03T22:00:00+00:00,67.89,67.95,67.58,67.9,12681
2026-06-03T22:05:00+00:00,67.847,68.0,67.76,67.92,7289
2026-06-03T22:10:00+00:00,68.0,68.2,67.658,67.88,9261
2026-06-03T22:15:00+00:00,67.87,68.0,67.55,67.68,5992
2026-06-03T22:20:00+00:00,67.664,67.8,67.5,67.593,4852
2026-06-03T22:25:00+00:00,67.68,67.75,67.4,67.401,7809
2026-06-03T22:30:00+00:00,67.401,67.89,67.4,67.76,6399
2026-06-03T22:35:00+00:00,67.78,67.78,67.43,67.44,8973
2026-06-03T22:40:00+00:00,67.5,67.65,67.44,67.561,11542
2026-06-03T22:45:00+00:00,67.65,67.65,67.38,67.39,6184
2026-06-03T22:50:00+00:00,67.4,67.5,67.2,67.43,22642
2026-06-03T22:55:00+00:00,67.43,67.95,67.38,67.79,8892
2026-06-03T23:00:00+00:00,67.8,67.81,67.21,67.27,8516
2026-06-03T23:05:00+00:00,67.37,67.63,67.21,67.55,14697
2026-06-03T23:10:00+00:00,67.55,67.57,67.03,67.03,11918
2026-06-03T23:15:00+00:00,67.18,67.18,67.0,67.05,16730
2026-06-03T23:20:00+00:00,67.06,67.15,67.0,67.01,10729
2026-06-03T23:25:00+00:00,67.01,67.23,67.0,67.1,14096
2026-06-03T23:30:00+00:00,67.11,67.3,66.9,66.903,11379
2026-06-03T23:35:00+00:00,66.92,66.96,66.61,66.89,20154
2026-06-03T23:40:00+00:00,66.92,67.14,66.79,66.82,10386
2026-06-03T23:45:00+00:00,66.82,66.99,66.64,66.68,13607
2026-06-03T23:50:00+00:00,66.69,66.87,66.51,66.801,41514
2026-06-03T23:55:00+00:00,66.87,66.96,66.7,66.73,31509
2026-06-04T08:00:00+00:00,66.98,67.37,65.96,66.525,74314
2026-06-04T08:05:00+00:00,66.54,67.35,66.28,66.323,11354
2026-06-04T08:10:00+00:00,66.444,66.448,66.22,66.26,4453
2026-06-04T08:15:00+00:00,66.26,66.395,66.22,66.328,4761
2026-06-04T08:20:00+00:00,66.3,66.3,66.1,66.22,3345
2026-06-04T08:25:00+00:00,66.226,66.286,66.0,66.19,5664
2026-06-04T08:30:00+00:00,66.215,66.38,66.12,66.14,8820
2026-06-04T08:35:00+00:00,66.14,66.27,66.02,66.2,7491
2026-06-04T08:40:00+00:00,66.2,66.29,66.0,66.0,5498
2026-06-04T08:45:00+00:00,66.02,66.1,65.76,65.76,9800
2026-06-04T08:50:00+00:00,65.79,65.89,65.7,65.72,11607
2026-06-04T08:55:00+00:00,65.72,65.75,65.6,65.69,7664
2026-06-04T09:00:00+00:00,65.65,65.69,65.05,65.166,33859
2026-06-04T09:05:00+00:00,65.15,65.21,64.899,65.13,16362
2026-06-04T09:10:00+00:00,65.1,65.18,64.29,64.29,11965
2026-06-04T09:15:00+00:00,64.34,64.481,64.0,64.155,21807
2026-06-04T09:20:00+00:00,64.18,64.99,64.18,64.65,16870
2026-06-04T09:25:00+00:00,64.757,65.14,64.738,65.085,9573
2026-06-04T09:30:00+00:00,65.02,65.29,64.895,65.29,5757
2026-06-04T09:35:00+00:00,65.274,65.3,64.9,64.9,7970
2026-06-04T09:40:00+00:00,64.93,64.95,64.768,64.84,9646
2026-06-04T09:45:00+00:00,64.817,65.2,64.817,65.125,7078
2026-06-04T09:50:00+00:00,65.14,65.35,65.1,65.35,7226
2026-06-04T09:55:00+00:00,65.31,65.36,65.1,65.16,5174
2026-06-04T10:00:00+00:00,65.18,65.29,65.0,65.009,5943
2026-06-04T10:05:00+00:00,65.002,65.03,64.75,64.76,7062
2026-06-04T10:10:00+00:00,64.814,64.998,64.71,64.828,7908
2026-06-04T10:15:00+00:00,64.81,64.84,64.67,64.686,3138
2026-06-04T10:20:00+00:00,64.69,64.93,64.587,64.88,6172
2026-06-04T10:25:00+00:00,64.82,64.91,64.58,64.64,2020
2026-06-04T10:30:00+00:00,64.62,64.93,64.56,64.78,3179
2026-06-04T10:35:00+00:00,64.77,64.83,64.561,64.561,2964
2026-06-04T10:40:00+00:00,64.573,64.676,64.35,64.469,5051
2026-06-04T10:45:00+00:00,64.468,64.68,64.33,64.365,3672
2026-06-04T10:50:00+00:00,64.33,64.49,64.2,64.472,6541
2026-06-04T10:55:00+00:00,64.48,64.56,64.3,64.45,5790
2026-06-04T11:00:00+00:00,64.48,64.68,64.3,64.6,154545
2026-06-04T11:05:00+00:00,64.68,64.68,64.31,64.46,15514
2026-06-04T11:10:00+00:00,64.497,64.66,64.33,64.58,21335
2026-06-04T11:15:00+00:00,64.51,64.65,64.38,64.46,20617
2026-06-04T11:20:00+00:00,64.49,64.659,64.3,64.51,29821
2026-06-04T11:25:00+00:00,64.52,64.87,64.52,64.72,20690
2026-06-04T11:30:00+00:00,64.74,64.87,64.5,64.52,18444
2026-06-04T11:35:00+00:00,64.52,64.55,64.26,64.41,58866
2026-06-04T11:40:00+00:00,64.43,64.45,64.02,64.14,82506
2026-06-04T11:45:00+00:00,64.119,64.3,64.05,64.248,35668
2026-06-04T11:50:00+00:00,64.259,64.49,64.21,64.41,23563
2026-06-04T11:55:00+00:00,64.41,64.64,64.3,64.59,21587
2026-06-04T12:00:00+00:00,64.639,64.68,64.3,64.385,33441
2026-06-04T12:05:00+00:00,64.4,64.68,64.25,64.533,10370
2026-06-04T12:10:00+00:00,64.54,64.569,64.27,64.35,6776
2026-06-04T12:15:00+00:00,64.35,64.53,64.33,64.35,17740
2026-06-04T12:20:00+00:00,64.366,64.59,64.27,64.47,18818
2026-06-04T12:25:00+00:00,64.508,64.68,64.46,64.671,13276
2026-06-04T12:30:00+00:00,64.68,65.0,64.63,64.688,28842
2026-06-04T12:35:00+00:00,64.68,64.9,64.639,64.78,27910
2026-06-04T12:40:00+00:00,64.78,64.98,64.7,64.979,14143
2026-06-04T12:45:00+00:00,64.97,65.0,64.84,65.0,50009
2026-06-04T12:50:00+00:00,65.0,65.25,64.94,65.25,68789
2026-06-04T12:55:00+00:00,65.25,65.3,65.001,65.139,31070
2026-06-04T13:00:00+00:00,65.1,65.3,64.95,65.07,31399
2026-06-04T13:05:00+00:00,65.08,65.31,65.08,65.23,56978
2026-06-04T13:10:00+00:00,65.24,65.3,65.1,65.218,35497
2026-06-04T13:15:00+00:00,65.2,65.56,65.18,65.489,25690
2026-06-04T13:20:00+00:00,65.52,65.61,65.3,65.54,59125
2026-06-04T13:25:00+00:00,65.556,65.57,64.66,64.71,17903
2026-06-04T13:30:00+00:00,64.725,65.41,64.17,65.39,1423820
2026-06-04T13:35:00+00:00,65.38,65.58,65.12,65.36,724147
2026-06-04T13:40:00+00:00,65.38,65.399,64.09,64.177,704311
2026-06-04T13:45:00+00:00,64.17,64.92,64.095,64.66,778910
2026-06-04T13:50:00+00:00,64.64,64.8,64.19,64.3,494173
2026-06-04T13:55:00+00:00,64.275,64.51,64.13,64.146,525624
2026-06-04T14:00:00+00:00,64.145,64.285,63.35,63.36,890962
2026-06-04T14:05:00+00:00,63.36,63.665,63.18,63.579,741157
2026-06-04T14:10:00+00:00,63.58,64.36,63.53,64.33,617279
2026-06-04T14:15:00+00:00,64.33,64.59,64.24,64.36,438681
2026-06-04T14:20:00+00:00,64.385,64.79,64.27,64.79,372577
2026-06-04T14:25:00+00:00,64.79,65.12,64.7,65.12,529400
2026-06-04T14:30:00+00:00,65.11,65.15,64.7,65.0,476586
2026-06-04T14:35:00+00:00,64.996,65.04,64.75,64.82,299685
2026-06-04T14:40:00+00:00,64.846,64.93,64.44,64.48,254381
2026-06-04T14:45:00+00:00,64.46,64.73,64.45,64.665,240960
2026-06-04T14:50:00+00:00,64.66,64.77,64.51,64.67,301265
2026-06-04T14:55:00+00:00,64.66,64.97,64.65,64.96,230684
2026-06-04T15:00:00+00:00,64.96,65.13,64.823,64.83,337843
2026-06-04T15:05:00+00:00,64.845,65.42,64.845,65.415,240885
2026-06-04T15:10:00+00:00,65.41,65.54,65.32,65.515,366859
2026-06-04T15:15:00+00:00,65.51,65.68,65.451,65.63,362461
2026-06-04T15:20:00+00:00,65.63,65.67,65.4,65.645,312279
2026-06-04T15:25:00+00:00,65.6,65.659,65.43,65.485,217436
2026-06-04T15:30:00+00:00,65.49,65.7,65.435,65.67,202848
2026-06-04T15:35:00+00:00,65.67,65.875,65.57,65.87,235643
2026-06-04T15:40:00+00:00,65.88,65.93,65.67,65.74,260594
2026-06-04T15:45:00+00:00,65.725,65.765,65.25,65.279,268697
2026-06-04T15:50:00+00:00,65.29,65.725,65.28,65.685,205338
2026-06-04T15:55:00+00:00,65.68,65.765,65.545,65.72,166776
2026-06-04T16:00:00+00:00,65.74,65.87,65.64,65.795,157157
2026-06-04T16:05:00+00:00,65.78,65.88,65.73,65.83,114744
2026-06-04T16:10:00+00:00,65.83,65.95,65.8,65.89,245311
2026-06-04T16:15:00+00:00,65.88,66.19,65.87,66.18,274219
2026-06-04T16:20:00+00:00,66.17,66.415,66.13,66.395,283286
2026-06-04T16:25:00+00:00,66.395,66.48,66.335,66.475,263217
2026-06-04T16:30:00+00:00,66.472,66.479,66.01,66.08,219061
2026-06-04T16:35:00+00:00,66.08,66.29,66.02,66.28,233774
2026-06-04T16:40:00+00:00,66.28,66.56,66.245,66.51,255071
2026-06-04T16:45:00+00:00,66.505,66.549,66.38,66.46,207850
2026-06-04T16:50:00+00:00,66.461,66.63,66.44,66.62,158494
2026-06-04T16:55:00+00:00,66.615,66.7,66.6,66.63,140128
2026-06-04T17:00:00+00:00,66.615,66.725,66.54,66.595,128024
2026-06-04T17:05:00+00:00,66.585,66.72,66.401,66.72,135408
2026-06-04T17:10:00+00:00,66.73,66.75,66.61,66.65,147480
2026-06-04T17:15:00+00:00,66.645,66.645,66.47,66.55,147087
2026-06-04T17:20:00+00:00,66.54,66.61,66.4,66.424,106500
2026-06-04T17:25:00+00:00,66.43,66.59,66.405,66.505,159097
2026-06-04T17:30:00+00:00,66.509,66.7,66.5,66.64,133694
2026-06-04T17:35:00+00:00,66.64,66.66,66.454,66.49,105829
2026-06-04T17:40:00+00:00,66.506,66.695,66.47,66.67,91136
2026-06-04T17:45:00+00:00,66.675,66.7,66.53,66.63,141319
2026-06-04T17:50:00+00:00,66.65,66.78,66.62,66.7,127482
2026-06-04T17:55:00+00:00,66.71,66.77,66.69,66.74,160623
2026-06-04T18:00:00+00:00,66.745,67.0,66.73,66.94,194833
2026-06-04T18:05:00+00:00,66.94,67.06,66.935,67.025,197047
2026-06-04T18:10:00+00:00,67.035,67.12,66.96,67.02,164160
2026-06-04T18:15:00+00:00,67.025,67.04,66.805,66.89,190814
2026-06-04T18:20:00+00:00,66.88,66.94,66.8,66.88,134249
2026-06-04T18:25:00+00:00,66.88,66.97,66.84,66.87,212883
2026-06-04T18:30:00+00:00,66.86,66.889,66.57,66.69,139060
2026-06-04T18:35:00+00:00,66.68,66.68,66.46,66.52,178704
2026-06-04T18:40:00+00:00,66.525,66.57,66.43,66.535,139403
2026-06-04T18:45:00+00:00,66.53,66.71,66.46,66.67,89967
2026-06-04T18:50:00+00:00,66.67,66.73,66.56,66.56,78768
2026-06-04T18:55:00+00:00,66.57,66.57,66.28,66.29,142666
2026-06-04T19:00:00+00:00,66.28,66.48,66.251,66.35,149614
2026-06-04T19:05:00+00:00,66.35,66.495,66.281,66.305,90004
2026-06-04T19:10:00+00:00,66.3,66.33,66.09,66.2,166417
2026-06-04T19:15:00+00:00,66.19,66.23,66.03,66.15,243352
2026-06-04T19:20:00+00:00,66.16,66.449,66.13,66.42,126516
2026-06-04T19:25:00+00:00,66.415,66.65,66.405,66.63,144657
2026-06-04T19:30:00+00:00,66.61,66.81,66.6,66.79,104358
2026-06-04T19:35:00+00:00,66.8,66.87,66.745,66.812,157821
2026-06-04T19:40:00+00:00,66.81,66.82,66.37,66.46,249677
2026-06-04T19:45:00+00:00,66.45,66.47,66.1,66.15,279946
2026-06-04T19:50:00+00:00,66.16,66.18,65.97,65.985,363247
2026-06-04T19:55:00+00:00,65.96,65.96,65.605,65.7,419827
2026-06-04T20:00:00+00:00,65.66,65.8,65.38,65.71,1117256
2026-06-04T20:05:00+00:00,65.695,65.9,65.26,65.37,34855
2026-06-04T20:10:00+00:00,65.37,65.7,65.17,65.277,17471
2026-06-04T20:15:00+00:00,65.23,65.49,65.23,65.36,1608
2026-06-04T20:20:00+00:00,65.36,65.4,65.16,65.38,10617
2026-06-04T20:25:00+00:00,65.33,65.38,65.11,65.185,11973
2026-06-04T20:30:00+00:00,65.2,65.36,65.17,65.3,15894
2026-06-04T20:35:00+00:00,65.3,65.3,65.18,65.219,7454
2026-06-04T20:40:00+00:00,65.219,65.22,65.16,65.2,6304
2026-06-04T20:45:00+00:00,65.2,65.27,65.15,65.19,5628
2026-06-04T20:50:00+00:00,65.17,65.27,65.15,65.25,4806
2026-06-04T20:55:00+00:00,65.247,65.49,65.21,65.489,8465
2026-06-04T21:00:00+00:00,65.484,65.49,65.25,65.25,7556
2026-06-04T21:05:00+00:00,65.251,65.28,65.112,65.14,13280
2026-06-04T21:10:00+00:00,65.14,65.17,65.03,65.05,8950
2026-06-04T21:15:00+00:00,65.048,65.15,65.03,65.05,4996
2026-06-04T21:20:00+00:00,65.15,65.15,65.05,65.14,7270
2026-06-04T21:25:00+00:00,65.06,65.14,65.05,65.1,4975
2026-06-04T21:30:00+00:00,65.09,65.1,65.05,65.05,6534
2026-06-04T21:35:00+00:00,65.05,65.24,65.05,65.11,6892
2026-06-04T21:40:00+00:00,65.116,65.23,65.11,65.17,1327
2026-06-04T21:45:00+00:00,65.17,65.24,65.15,65.2,1059
2026-06-04T21:50:00+00:00,65.2,65.2,64.93,64.96,12170
2026-06-04T21:55:00+00:00,64.98,65.0,64.92,64.94,4329
2026-06-04T22:00:00+00:00,64.93,65.2,64.93,65.0,2826
2026-06-04T22:05:00+00:00,65.0,65.1,64.93,65.013,8849
2026-06-04T22:10:00+00:00,65.085,65.085,64.81,64.85,1898
2026-06-04T22:15:00+00:00,64.8,64.85,64.58,64.58,10048
2026-06-04T22:20:00+00:00,64.59,64.6,64.38,64.39,13925
2026-06-04T22:25:00+00:00,64.41,64.9,64.35,64.75,9974
2026-06-04T22:30:00+00:00,64.73,64.8,64.51,64.53,6081
2026-06-04T22:35:00+00:00,64.527,64.57,64.4,64.4,5505
2026-06-04T22:40:00+00:00,64.399,64.78,64.35,64.65,7624
2026-06-04T22:45:00+00:00,64.65,64.78,64.49,64.701,10726
2026-06-04T22:50:00+00:00,64.7,64.9,64.57,64.619,8307
2026-06-04T22:55:00+00:00,64.618,64.69,64.5,64.65,10766
2026-06-04T23:00:00+00:00,64.65,64.69,64.1,64.29,7631
2026-06-04T23:05:00+00:00,64.161,64.32,64.15,64.16,10210
2026-06-04T23:10:00+00:00,64.16,64.25,64.0,64.01,5073
2026-06-04T23:15:00+00:00,64.01,64.1,64.0,64.0,5196
2026-06-04T23:20:00+00:00,64.02,64.08,63.88,63.924,9282
2026-06-04T23:25:00+00:00,63.911,64.09,63.82,63.9,10291
2026-06-04T23:30:00+00:00,63.86,64.0,63.6,63.85,7794
2026-06-04T23:35:00+00:00,63.82,64.0,63.55,63.607,3967
2026-06-04T23:40:00+00:00,63.59,63.65,63.5,63.55,14126
2026-06-04T23:45:00+00:00,63.501,63.544,63.11,63.14,27315
2026-06-04T23:50:00+00:00,63.112,63.45,63.112,63.36,14996
2026-06-04T23:55:00+00:00,63.36,63.464,63.22,63.22,26524
2026-06-05T08:00:00+00:00,62.51,63.18,61.0,61.542,118106
2026-06-05T08:05:00+00:00,61.544,63.03,61.03,61.92,31070
2026-06-05T08:10:00+00:00,61.922,62.0,61.65,61.71,11499
2026-06-05T08:15:00+00:00,61.73,62.091,61.6,62.083,4327
2026-06-05T08:20:00+00:00,62.08,62.26,61.82,62.18,14084
2026-06-05T08:25:00+00:00,62.12,62.254,62.07,62.238,3054
2026-06-05T08:30:00+00:00,62.3,62.3,62.06,62.07,2970
2026-06-05T08:35:00+00:00,62.01,62.152,62.01,62.03,1441
2026-06-05T08:40:00+00:00,62.04,62.05,61.898,61.99,18526
2026-06-05T08:45:00+00:00,61.993,62.05,61.88,62.044,2691
2026-06-05T08:50:00+00:00,62.004,62.08,61.804,61.92,11161
2026-06-05T08:55:00+00:00,61.87,61.97,61.78,61.815,1465
2026-06-05T09:00:00+00:00,61.815,62.0,61.79,62.0,1032
2026-06-05T09:05:00+00:00,61.96,62.08,61.832,61.911,2598
2026-06-05T09:10:00+00:00,61.85,62.444,61.83,62.394,7725
2026-06-05T09:15:00+00:00,62.41,62.6,62.4,62.487,3667
2026-06-05T09:20:00+00:00,62.48,62.48,62.162,62.31,2751
2026-06-05T09:25:00+00:00,62.302,62.31,62.14,62.14,1214
2026-06-05T09:30:00+00:00,62.14,62.249,62.14,62.22,1211
2026-06-05T09:35:00+00:00,62.2,62.227,62.026,62.1,1663
2026-06-05T09:40:00+00:00,62.097,62.1,61.89,62.1,6235
2026-06-05T09:45:00+00:00,62.145,62.2,62.1,62.187,1260
2026-06-05T09:50:00+00:00,62.2,62.26,62.15,62.167,4393
2026-06-05T09:55:00+00:00,62.172,62.213,62.03,62.04,1482
2026-06-05T10:00:00+00:00,62.08,62.18,62.06,62.175,2615
2026-06-05T10:05:00+00:00,62.15,62.25,62.096,62.218,5707
2026-06-05T10:10:00+00:00,62.21,62.38,62.15,62.38,6472
2026-06-05T10:15:00+00:00,62.38,62.4,62.3,62.339,2734
2026-06-05T10:20:00+00:00,62.34,62.58,62.32,62.48,1666
2026-06-05T10:25:00+00:00,62.502,62.62,62.44,62.62,5950
2026-06-05T10:30:00+00:00,62.63,62.7,62.61,62.69,3620
2026-06-05T10:35:00+00:00,62.69,62.7,62.41,62.574,1656
2026-06-05T10:40:00+00:00,62.574,62.68,62.56,62.67,1573
2026-06-05T10:45:00+00:00,62.67,62.7,62.544,62.588,3602
2026-06-05T10:50:00+00:00,62.56,62.59,62.26,62.42,17505
2026-06-05T10:55:00+00:00,62.44,62.45,62.304,62.32,8390
2026-06-05T11:00:00+00:00,62.45,62.45,62.27,62.39,87788
2026-06-05T11:05:00+00:00,62.37,62.42,62.19,62.2,35225
2026-06-05T11:10:00+00:00,62.213,62.4,62.213,62.3,14152
2026-06-05T11:15:00+00:00,62.27,62.3,62.06,62.1,15227
2026-06-05T11:20:00+00:00,62.12,62.15,61.96,62.01,23437
2026-06-05T11:25:00+00:00,62.05,62.3,62.011,62.2,9994
2026-06-05T11:30:00+00:00,62.176,62.21,61.712,61.92,22715
2026-06-05T11:35:00+00:00,61.92,61.92,61.72,61.77,12975
2026-06-05T11:40:00+00:00,61.769,61.92,61.67,61.919,14260
2026-06-05T11:45:00+00:00,61.86,61.9,61.65,61.786,15731
2026-06-05T11:50:00+00:00,61.785,61.99,61.73,61.99,13663
2026-06-05T11:55:00+00:00,61.954,61.97,61.62,61.621,19781
2026-06-05T12:00:00+00:00,61.67,61.74,61.55,61.7,22407
2026-06-05T12:05:00+00:00,61.73,61.9,61.65,61.8,12532
2026-06-05T12:10:00+00:00,61.8,61.81,61.54,61.59,20395
2026-06-05T12:15:00+00:00,61.63,61.84,61.59,61.72,15975
2026-06-05T12:20:00+00:00,61.72,61.78,61.55,61.7,20689
2026-06-05T12:25:00+00:00,61.701,61.77,61.43,61.5,10004
2026-06-05T12:30:00+00:00,61.49,61.69,61.0,61.06,49676
2026-06-05T12:35:00+00:00,61.06,61.41,61.03,61.369,26877
2026-06-05T12:40:00+00:00,61.367,61.76,61.367,61.62,39870
2026-06-05T12:45:00+00:00,61.647,61.79,61.5,61.61,34330
2026-06-05T12:50:00+00:00,61.608,61.608,61.2,61.29,17503
2026-06-05T12:55:00+00:00,61.251,61.26,61.02,61.02,25735
2026-06-05T13:00:00+00:00,61.02,61.17,61.0,61.13,64784
2026-06-05T13:05:00+00:00,61.12,61.2,61.0,61.1,53679
2026-06-05T13:10:00+00:00,61.1,61.23,61.0,61.019,34707
2026-06-05T13:15:00+00:00,61.018,61.07,60.79,60.89,31591
2026-06-05T13:20:00+00:00,60.89,61.0,60.81,60.9,39157
2026-06-05T13:25:00+00:00,60.9,60.9,60.62,60.83,51912
2026-06-05T13:30:00+00:00,60.82,61.16,60.23,60.89,1605444
2026-06-05T13:35:00+00:00,60.89,60.925,60.181,60.39,941452
2026-06-05T13:40:00+00:00,60.39,60.42,59.83,59.84,1199907
2026-06-05T13:45:00+00:00,59.84,59.99,59.28,59.315,874484
2026-06-05T13:50:00+00:00,59.315,60.04,59.26,59.98,1110907
2026-06-05T13:55:00+00:00,59.985,60.04,59.18,59.18,681155
2026-06-05T14:00:00+00:00,59.18,59.637,59.02,59.41,675097
2026-06-05T14:05:00+00:00,59.435,60.01,59.23,59.935,555289
2026-06-05T14:10:00+00:00,59.935,60.14,59.62,60.13,571481
2026-06-05T14:15:00+00:00,60.119,60.475,59.99,60.47,594451
2026-06-05T14:20:00+00:00,60.47,60.49,59.91,60.09,568259
2026-06-05T14:25:00+00:00,60.075,60.095,59.44,59.58,660611
2026-06-05T14:30:00+00:00,59.58,60.23,59.53,60.23,547812
2026-06-05T14:35:00+00:00,60.24,60.65,60.1,60.395,544959
2026-06-05T14:40:00+00:00,60.38,60.4,59.985,60.07,249997
2026-06-05T14:45:00+00:00,60.08,60.39,59.95,60.12,241032
2026-06-05T14:50:00+00:00,60.105,60.43,60.07,60.325,304104
2026-06-05T14:55:00+00:00,60.325,60.52,60.125,60.35,296612
2026-06-05T15:00:00+00:00,60.35,60.4,59.89,60.1,299846
2026-06-05T15:05:00+00:00,60.115,60.15,59.822,59.87,262985
2026-06-05T15:10:00+00:00,59.855,59.93,59.42,59.425,320391
2026-06-05T15:15:00+00:00,59.425,59.69,59.41,59.53,300096
2026-06-05T15:20:00+00:00,59.55,59.6,59.11,59.25,362149
2026-06-05T15:25:00+00:00,59.24,59.43,59.13,59.2,273220
2026-06-05T15:30:00+00:00,59.18,59.435,59.1,59.1,246042
2026-06-05T15:35:00+00:00,59.095,59.15,58.78,58.82,453391
2026-06-05T15:40:00+00:00,58.82,59.04,58.63,58.91,550950
2026-06-05T15:45:00+00:00,58.87,59.25,58.85,59.005,268736
2026-06-05T15:50:00+00:00,59.005,59.37,59.005,59.325,300248
2026-06-05T15:55:00+00:00,59.32,59.345,59.07,59.15,220046
2026-06-05T16:00:00+00:00,59.165,59.17,58.77,58.785,314627
2026-06-05T16:05:00+00:00,58.8,58.815,58.46,58.495,465353
2026-06-05T16:10:00+00:00,58.49,58.735,58.42,58.57,326374
2026-06-05T16:15:00+00:00,58.55,58.55,58.09,58.09,525205
2026-06-05T16:20:00+00:00,58.12,58.387,58.04,58.13,502929
2026-06-05T16:25:00+00:00,58.13,58.294,58.0,58.005,405743
2026-06-05T16:30:00+00:00,58.005,58.05,57.588,57.75,529979
2026-06-05T16:35:00+00:00,57.75,57.76,57.38,57.5,627444
2026-06-05T16:40:00+00:00,57.499,57.54,57.0,57.05,574865
2026-06-05T16:45:00+00:00,57.05,57.46,56.855,57.45,920512
2026-06-05T16:50:00+00:00,57.445,58.24,57.27,58.215,1049707
2026-06-05T16:55:00+00:00,58.209,58.209,57.83,58.14,524820
2026-06-05T17:00:00+00:00,58.15,58.17,57.71,57.81,469505
2026-06-05T17:05:00+00:00,57.768,57.79,57.28,57.565,381381
2026-06-05T17:10:00+00:00,57.58,57.61,57.12,57.3,311854
2026-06-05T17:15:00+00:00,57.3,57.375,57.06,57.375,367604
2026-06-05T17:20:00+00:00,57.37,57.63,57.09,57.595,382296
2026-06-05T17:25:00+00:00,57.58,57.615,57.301,57.56,344789
2026-06-05T17:30:00+00:00,57.55,57.685,57.43,57.685,532996
2026-06-05T17:35:00+00:00,57.7,57.84,57.55,57.82,319049
2026-06-05T17:40:00+00:00,57.825,57.92,57.325,57.39,636073
2026-06-05T17:45:00+00:00,57.41,57.6,57.38,57.465,426692
2026-06-05T17:50:00+00:00,57.465,57.637,57.4,57.611,195596
2026-06-05T17:55:00+00:00,57.615,57.731,57.505,57.685,172508
2026-06-05T18:00:00+00:00,57.7,57.755,57.3,57.31,234282
2026-06-05T18:05:00+00:00,57.3,57.37,57.185,57.2,233756
2026-06-05T18:10:00+00:00,57.2,57.275,56.871,56.911,457646
2026-06-05T18:15:00+00:00,56.91,56.92,56.7,56.705,376495
2026-06-05T18:20:00+00:00,56.705,56.81,56.66,56.677,399586
2026-06-05T18:25:00+00:00,56.675,56.73,56.42,56.6,425496
2026-06-05T18:30:00+00:00,56.59,56.68,56.353,56.441,280716
2026-06-05T18:35:00+00:00,56.43,56.45,56.13,56.211,377908
2026-06-05T18:40:00+00:00,56.21,56.221,55.67,55.97,619627
2026-06-05T18:45:00+00:00,55.96,55.975,55.5,55.825,557061
2026-06-05T18:50:00+00:00,55.82,55.98,55.63,55.945,436931
2026-06-05T18:55:00+00:00,55.945,56.41,55.775,56.37,566857
2026-06-05T19:00:00+00:00,56.369,56.44,55.955,56.44,397610
2026-06-05T19:05:00+00:00,56.435,56.54,55.903,56.09,441324
2026-06-05T19:10:00+00:00,56.07,56.1,55.64,55.8,374563
2026-06-05T19:15:00+00:00,55.79,55.8,55.38,55.52,596400
2026-06-05T19:20:00+00:00,55.525,55.82,55.42,55.765,483122
2026-06-05T19:25:00+00:00,55.765,56.375,55.765,56.37,459253
2026-06-05T19:30:00+00:00,56.38,56.41,55.95,56.3,444736
2026-06-05T19:35:00+00:00,56.3,56.45,56.125,56.4,445813
2026-06-05T19:40:00+00:00,56.4,56.46,55.865,56.11,512292
2026-06-05T19:45:00+00:00,56.11,56.39,56.03,56.195,541575
2026-06-05T19:50:00+00:00,56.18,56.64,56.01,56.025,767740
2026-06-05T19:55:00+00:00,56.02,56.095,55.66,55.79,680843
2026-06-05T20:00:00+00:00,55.71,55.82,55.4,55.43,47785
2026-06-05T20:05:00+00:00,55.429,55.49,55.28,55.366,46525
2026-06-05T20:10:00+00:00,55.368,55.79,55.16,55.169,46608
2026-06-05T20:15:00+00:00,55.16,55.4,55.01,55.06,30157
2026-06-05T20:20:00+00:00,55.06,55.44,55.02,55.332,25036
2026-06-05T20:25:00+00:00,55.36,55.52,55.25,55.49,21086
2026-06-05T20:30:00+00:00,55.46,55.49,55.0,55.087,60519
2026-06-05T20:35:00+00:00,55.04,55.49,55.0,55.33,34150
2026-06-05T20:40:00+00:00,55.329,55.33,55.1,55.16,18543
2026-06-05T20:45:00+00:00,55.16,55.19,55.05,55.14,19247
2026-06-05T20:50:00+00:00,55.18,55.47,55.169,55.32,31103
2026-06-05T20:55:00+00:00,55.32,55.44,55.25,55.34,26048
2026-06-05T21:00:00+00:00,55.34,55.52,55.34,55.51,12329
2026-06-05T21:05:00+00:00,55.51,55.55,55.501,55.52,28893
2026-06-05T21:10:00+00:00,55.52,56.086,55.5,56.07,30530
2026-06-05T21:15:00+00:00,56.099,56.48,55.85,56.01,58039
2026-06-05T21:20:00+00:00,56.01,56.58,56.0,56.57,54902
2026-06-05T21:25:00+00:00,56.57,56.75,56.05,56.29,24711
2026-06-05T21:30:00+00:00,56.31,56.66,56.3,56.46,19832
2026-06-05T21:35:00+00:00,56.44,56.44,56.2,56.25,17303
2026-06-05T21:40:00+00:00,56.23,56.47,56.23,56.45,13461
2026-06-05T21:45:00+00:00,56.46,56.95,56.35,56.44,17550
2026-06-05T21:50:00+00:00,56.32,56.44,56.25,56.299,16518
2026-06-05T21:55:00+00:00,56.298,56.9,56.298,56.9,23903
2026-06-05T22:00:00+00:00,56.9,57.33,56.88,57.29,22869
2026-06-05T22:05:00+00:00,57.29,57.4,57.09,57.09,32021
2026-06-05T22:10:00+00:00,57.02,57.19,56.49,56.55,25516
2026-06-05T22:15:00+00:00,56.5,56.88,56.31,56.708,8640
2026-06-05T22:20:00+00:00,56.75,57.23,56.7,56.939,20604
2026-06-05T22:25:00+00:00,56.931,57.14,56.93,57.02,12571
2026-06-05T22:30:00+00:00,57.06,57.28,56.94,56.985,16051
2026-06-05T22:35:00+00:00,56.986,57.0,56.5,56.7,15820
2026-06-05T22:40:00+00:00,56.809,56.81,56.15,56.33,23685
2026-06-05T22:45:00+00:00,56.28,56.63,56.28,56.318,10379
2026-06-05T22:50:00+00:00,56.3,56.374,56.02,56.344,15517
2026-06-05T22:55:00+00:00,56.35,56.69,56.26,56.6,6542
2026-06-05T23:00:00+00:00,56.6,56.64,56.22,56.3,11905
2026-06-05T23:05:00+00:00,56.337,56.35,56.05,56.07,11405
2026-06-05T23:10:00+00:00,56.05,56.1,55.97,55.97,17231
2026-06-05T23:15:00+00:00,55.9,56.003,55.5,55.51,9037
2026-06-05T23:20:00+00:00,55.52,55.54,55.381,55.42,20368
2026-06-05T23:25:00+00:00,55.44,55.44,55.08,55.141,19026
2026-06-05T23:30:00+00:00,55.05,55.15,54.99,55.0,50642
2026-06-05T23:35:00+00:00,55.0,55.11,54.087,54.99,62321
2026-06-05T23:40:00+00:00,54.981,55.19,54.6,54.77,14724
2026-06-05T23:45:00+00:00,54.766,55.5,54.67,55.41,32859
2026-06-05T23:50:00+00:00,55.5,55.59,54.9,55.589,15182
2026-06-05T23:55:00+00:00,55.552,55.68,55.01,55.436,21344
2026-06-08T08:00:00+00:00,56.54,58.62,56.35,57.94,366013
2026-06-08T08:05:00+00:00,57.946,58.33,57.23,58.147,27367
2026-06-08T08:10:00+00:00,58.154,58.16,57.65,57.781,15880
2026-06-08T08:15:00+00:00,57.81,58.248,57.8,58.248,21720
2026-06-08T08:20:00+00:00,58.246,58.25,58.018,58.19,6869
2026-06-08T08:25:00+00:00,58.158,58.3,58.08,58.23,7750
2026-06-08T08:30:00+00:00,58.254,58.47,58.254,58.47,11349
2026-06-08T08:35:00+00:00,58.478,58.5,58.3,58.33,9455
2026-06-08T08:40:00+00:00,58.3,58.34,58.0,58.202,5857
2026-06-08T08:45:00+00:00,58.22,58.24,57.8,58.086,7409
2026-06-08T08:50:00+00:00,58.066,58.07,57.9,57.957,11671
2026-06-08T08:55:00+00:00,57.95,58.05,57.91,57.98,10810
2026-06-08T09:00:00+00:00,57.982,58.08,57.91,57.99,5934
2026-06-08T09:05:00+00:00,58.02,58.02,57.75,57.751,8297
2026-06-08T09:10:00+00:00,57.751,57.944,57.75,57.77,3384
2026-06-08T09:15:00+00:00,57.778,57.95,57.74,57.89,3258
2026-06-08T09:20:00+00:00,57.92,58.07,57.91,57.987,4225
2026-06-08T09:25:00+00:00,57.951,58.02,57.9,57.939,1658
2026-06-08T09:30:00+00:00,57.94,57.94,57.759,57.759,5766
2026-06-08T09:35:00+00:00,57.75,57.989,57.703,57.892,5783
2026-06-08T09:40:00+00:00,57.92,58.05,57.89,58.047,2200
2026-06-08T09:45:00+00:00,58.044,58.17,58.042,58.13,8655
2026-06-08T09:50:00+00:00,58.14,58.141,58.02,58.141,2624
2026-06-08T09:55:00+00:00,58.15,58.2,58.06,58.16,5114
2026-06-08T10:00:00+00:00,58.185,58.19,57.85,58.07,5711
2026-06-08T10:05:00+00:00,58.05,58.22,58.04,58.188,1380
2026-06-08T10:10:00+00:00,58.187,58.3,58.12,58.19,2304
2026-06-08T10:15:00+00:00,58.16,58.202,58.03,58.03,3792
2026-06-08T10:20:00+00:00,58.028,58.11,57.95,58.0,1889
2026-06-08T10:25:00+00:00,58.0,58.05,57.95,58.0,2701
2026-06-08T10:30:00+00:00,58.047,58.27,58.0,58.27,1599
2026-06-08T10:35:00+00:00,58.282,58.3,58.13,58.17,3390
2026-06-08T10:40:00+00:00,58.24,58.3,58.2,58.26,3264
2026-06-08T10:45:00+00:00,58.272,58.3,58.11,58.23,3313
2026-06-08T10:50:00+00:00,58.229,58.35,58.203,58.348,2490
2026-06-08T10:55:00+00:00,58.34,58.358,58.19,58.21,1921
2026-06-08T11:00:00+00:00,58.19,58.278,57.98,58.251,68642
2026-06-08T11:05:00+00:00,58.26,58.34,58.13,58.269,50741
2026-06-08T11:10:00+00:00,58.33,59.0,58.291,59.0,51837
2026-06-08T11:15:00+00:00,59.02,59.2,58.898,59.122,58505
2026-06-08T11:20:00+00:00,59.13,59.25,59.04,59.1,58142
2026-06-08T11:25:00+00:00,59.1,59.5,59.04,59.5,40273
2026-06-08T11:30:00+00:00,59.499,59.61,59.41,59.58,77549
2026-06-08T11:35:00+00:00,59.59,59.75,59.53,59.71,44127
2026-06-08T11:40:00+00:00,59.71,59.88,59.59,59.71,56755
2026-06-08T11:45:00+00:00,59.73,59.89,59.6,59.6,63598
2026-06-08T11:50:00+00:00,59.61,59.8,59.46,59.73,93414
2026-06-08T11:55:00+00:00,59.751,59.78,59.48,59.524,38015
2026-06-08T12:00:00+00:00,59.49,59.6,59.35,59.45,24296
2026-06-08T12:05:00+00:00,59.45,59.58,59.4,59.565,19044
2026-06-08T12:10:00+00:00,59.57,59.58,59.4,59.54,19742
2026-06-08T12:15:00+00:00,59.5,59.54,59.4,59.46,10797
2026-06-08T12:20:00+00:00,59.459,59.75,59.41,59.72,38966
2026-06-08T12:25:00+00:00,59.73,59.86,59.681,59.86,72241
2026-06-08T12:30:00+00:00,59.86,59.95,59.81,59.87,181168
2026-06-08T12:35:00+00:00,59.86,59.98,59.82,59.92,50369
2026-06-08T12:40:00+00:00,59.92,60.122,59.92,60.02,56507
2026-06-08T12:45:00+00:00,60.02,60.09,59.97,60.079,53363
2026-06-08T12:50:00+00:00,60.08,60.1,59.84,59.96,26780
2026-06-08T12:55:00+00:00,59.96,60.13,59.9,60.13,27958
2026-06-08T13:00:00+00:00,60.15,60.5,60.13,60.34,70563
2026-06-08T13:05:00+00:00,60.34,60.73,60.34,60.69,116950
2026-06-08T13:10:00+00:00,60.69,60.789,60.58,60.74,95646
2026-06-08T13:15:00+00:00,60.74,60.76,60.34,60.45,102425
2026-06-08T13:20:00+00:00,60.5,60.58,60.29,60.49,67832
2026-06-08T13:25:00+00:00,60.52,60.81,60.48,60.73,60153
2026-06-08T13:30:00+00:00,60.715,61.24,59.82,59.822,1549940
2026-06-08T13:35:00+00:00,59.825,60.635,59.75,60.029,1106809
2026-06-08T13:40:00+00:00,60.025,60.71,59.912,60.42,752093
2026-06-08T13:45:00+00:00,60.42,60.7,60.21,60.33,694829
2026-06-08T13:50:00+00:00,60.32,60.565,60.12,60.27,436506
2026-06-08T13:55:00+00:00,60.25,60.36,59.299,59.299,882281
2026-06-08T14:00:00+00:00,59.3,59.625,59.205,59.205,468875
2026-06-08T14:05:00+00:00,59.21,59.79,58.95,59.726,547707
2026-06-08T14:10:00+00:00,59.73,59.857,59.475,59.61,300881
2026-06-08T14:15:00+00:00,59.61,59.61,59.16,59.26,328301
2026-06-08T14:20:00+00:00,59.25,59.74,59.205,59.655,257901
2026-06-08T14:25:00+00:00,59.658,60.1,59.64,60.05,333208
2026-06-08T14:30:00+00:00,60.045,60.35,60.0,60.345,271469
2026-06-08T14:35:00+00:00,60.355,60.53,60.23,60.39,302485
2026-06-08T14:40:00+00:00,60.405,60.52,60.03,60.18,311004
2026-06-08T14:45:00+00:00,60.19,60.53,60.19,60.37,262075
2026-06-08T14:50:00+00:00,60.36,60.69,60.36,60.6,288388
2026-06-08T14:55:00+00:00,60.6,60.885,60.47,60.885,373737
2026-06-08T15:00:00+00:00,60.885,60.94,60.77,60.935,274661
2026-06-08T15:05:00+00:00,60.93,61.095,60.91,61.07,350943
2026-06-08T15:10:00+00:00,61.08,61.26,61.063,61.19,367687
2026-06-08T15:15:00+00:00,61.185,61.595,61.185,61.565,476257
2026-06-08T15:20:00+00:00,61.57,61.61,61.225,61.34,524606
2026-06-08T15:25:00+00:00,61.34,61.34,60.77,60.8,354044
2026-06-08T15:30:00+00:00,60.8,60.845,60.56,60.605,310427
2026-06-08T15:35:00+00:00,60.609,61.04,60.595,61.005,247431
2026-06-08T15:40:00+00:00,61.0,61.14,60.9,61.14,228225
2026-06-08T15:45:00+00:00,61.15,61.21,60.912,60.925,375843
2026-06-08T15:50:00+00:00,60.94,61.16,60.93,60.975,101433
2026-06-08T15:55:00+00:00,60.975,60.98,60.8,60.93,171926
2026-06-08T16:00:00+00:00,60.94,61.13,60.8,61.07,146738
2026-06-08T16:05:00+00:00,61.08,61.16,60.886,60.95,100941
2026-06-08T16:10:00+00:00,60.945,61.18,60.845,61.065,124944
2026-06-08T16:15:00+00:00,61.06,61.22,61.06,61.22,114530
2026-06-08T16:20:00+00:00,61.215,61.32,60.961,60.995,220425
2026-06-08T16:25:00+00:00,61.0,61.16,60.88,60.885,118105
2026-06-08T16:30:00+00:00,60.89,61.13,60.89,60.96,120410
2026-06-08T16:35:00+00:00,60.96,61.13,60.95,60.95,141975
2026-06-08T16:40:00+00:00,60.95,61.12,60.85,60.979,162814
2026-06-08T16:45:00+00:00,60.98,61.11,60.93,61.025,115413
2026-06-08T16:50:00+00:00,61.04,61.14,61.02,61.091,100636
2026-06-08T16:55:00+00:00,61.09,61.115,60.942,61.01,110513
2026-06-08T17:00:00+00:00,60.99,61.02,60.57,60.645,290160
2026-06-08T17:05:00+00:00,60.65,60.83,60.62,60.675,193818
2026-06-08T17:10:00+00:00,60.68,60.725,60.46,60.705,228741
2026-06-08T17:15:00+00:00,60.71,60.775,60.521,60.54,275599
2026-06-08T17:20:00+00:00,60.56,60.74,60.525,60.7,165982
2026-06-08T17:25:00+00:00,60.69,60.99,60.68,60.974,187408
2026-06-08T17:30:00+00:00,60.975,61.035,60.7,60.82,152302
2026-06-08T17:35:00+00:00,60.82,60.825,60.65,60.778,85778
2026-06-08T17:40:00+00:00,60.785,60.79,60.544,60.555,63014
2026-06-08T17:45:00+00:00,60.575,60.89,60.56,60.805,114093
2026-06-08T17:50:00+00:00,60.85,60.95,60.82,60.86,78914
2026-06-08T17:55:00+00:00,60.86,60.88,60.735,60.75,62280
2026-06-08T18:00:00+00:00,60.8,60.95,60.783,60.92,96527
2026-06-08T18:05:00+00:00,60.925,61.1,60.9,61.012,84738
2026-06-08T18:10:00+00:00,61.03,61.07,60.813,60.9,53128
2026-06-08T18:15:00+00:00,60.89,60.97,60.825,60.835,85444
2026-06-08T18:20:00+00:00,60.855,60.89,60.775,60.84,44805
2026-06-08T18:25:00+00:00,60.83,60.99,60.83,60.945,73765
2026-06-08T18:30:00+00:00,60.945,61.07,60.915,60.98,73013
2026-06-08T18:35:00+00:00,60.98,61.03,60.75,60.77,62232
2026-06-08T18:40:00+00:00,60.765,60.78,60.63,60.71,75157
2026-06-08T18:45:00+00:00,60.705,60.78,60.655,60.68,54311
2026-06-08T18:50:00+00:00,60.7,60.73,60.64,60.645,82374
2026-06-08T18:55:00+00:00,60.64,60.69,60.53,60.58,112048
2026-06-08T19:00:00+00:00,60.59,60.61,60.32,60.455,154296
2026-06-08T19:05:00+00:00,60.445,60.489,60.16,60.16,96599
2026-06-08T19:10:00+00:00,60.155,60.19,60.0,60.03,189509
2026-06-08T19:15:00+00:00,60.02,60.09,59.935,60.03,131037
2026-06-08T19:20:00+00:00,60.01,60.15,59.83,59.84,118197
2026-06-08T19:25:00+00:00,59.85,60.19,59.83,60.18,145133
2026-06-08T19:30:00+00:00,60.18,60.53,60.17,60.335,217434
2026-06-08T19:35:00+00:00,60.335,60.41,60.18,60.18,102269
2026-06-08T19:40:00+00:00,60.185,60.27,60.1,60.155,138649
2026-06-08T19:45:00+00:00,60.145,60.328,60.06,60.177,142840
2026-06-08T19:50:00+00:00,60.23,60.625,60.23,60.6,240911
2026-06-08T19:55:00+00:00,60.6,60.62,60.41,60.52,321716
2026-06-08T20:00:00+00:00,60.558,60.8,60.51,60.774,14524
2026-06-08T20:05:00+00:00,60.71,60.75,60.3,60.421,48579
2026-06-08T20:10:00+00:00,60.52,60.52,60.42,60.49,21312
2026-06-08T20:15:00+00:00,60.52,60.65,60.42,60.42,5135
2026-06-08T20:20:00+00:00,60.42,60.59,60.42,60.546,9407
2026-06-08T20:25:00+00:00,60.547,60.547,60.43,60.52,2230
2026-06-08T20:30:00+00:00,60.52,60.7,60.52,60.64,10169
2026-06-08T20:35:00+00:00,60.62,60.7,60.604,60.68,5865
2026-06-08T20:40:00+00:00,60.68,60.733,60.67,60.71,6072
2026-06-08T20:45:00+00:00,60.71,60.739,60.5,60.65,6090
2026-06-08T20:50:00+00:00,60.65,60.71,60.58,60.71,1193
2026-06-08T20:55:00+00:00,60.64,60.76,60.572,60.72,6452
2026-06-08T21:00:00+00:00,60.71,60.8,60.593,60.8,51556
2026-06-08T21:05:00+00:00,60.8,60.8,60.72,60.79,4441
2026-06-08T21:10:00+00:00,60.75,60.8,60.67,60.7,1168
2026-06-08T21:15:00+00:00,60.66,60.8,60.66,60.752,7510
2026-06-08T21:20:00+00:00,60.77,60.82,60.75,60.79,3851
2026-06-08T21:25:00+00:00,60.79,60.79,60.7,60.765,55020
2026-06-08T21:30:00+00:00,60.75,60.88,60.68,60.868,5370
2026-06-08T21:35:00+00:00,60.83,60.88,60.8,60.804,2180
2026-06-08T21:40:00+00:00,60.84,60.84,60.701,60.78,8826
2026-06-08T21:45:00+00:00,60.79,60.88,60.79,60.81,2117
2026-06-08T21:50:00+00:00,60.8,60.8,60.73,60.752,3170
2026-06-08T21:55:00+00:00,60.758,60.86,60.75,60.76,2557
2026-06-08T22:00:00+00:00,60.85,60.87,60.62,60.63,4175
2026-06-08T22:05:00+00:00,60.63,60.63,60.309,60.344,3871
2026-06-08T22:10:00+00:00,60.47,60.54,60.35,60.449,4196
2026-06-08T22:15:00+00:00,60.449,60.56,60.35,60.468,3585
2026-06-08T22:20:00+00:00,60.415,60.48,60.36,60.45,7082
2026-06-08T22:25:00+00:00,60.448,60.48,60.35,60.38,13815
2026-06-08T22:30:00+00:00,60.37,60.44,60.26,60.37,2178
2026-06-08T22:35:00+00:00,60.44,60.69,60.4,60.65,13892
2026-06-08T22:40:00+00:00,60.649,60.649,60.54,60.59,5296
2026-06-08T22:45:00+00:00,60.57,60.66,60.54,60.619,1017
2026-06-08T22:50:00+00:00,60.62,60.62,60.54,60.55,4929
2026-06-08T22:55:00+00:00,60.549,60.99,60.54,60.66,3181
2026-06-08T23:00:00+00:00,60.66,60.69,60.4,60.52,6377
2026-06-08T23:05:00+00:00,60.599,60.99,60.501,60.64,2282
2026-06-08T23:10:00+00:00,60.55,60.99,60.55,60.94,2786
2026-06-08T23:15:00+00:00,60.916,61.19,60.916,61.03,13110
2026-06-08T23:20:00+00:00,61.03,61.19,61.01,61.08,5397
2026-06-08T23:25:00+00:00,61.08,61.18,60.89,61.18,1936
2026-06-08T23:30:00+00:00,61.122,61.19,60.901,60.979,21708
2026-06-08T23:35:00+00:00,60.95,61.225,60.91,61.223,9716
2026-06-08T23:40:00+00:00,61.25,61.384,61.06,61.188,13655
2026-06-08T23:45:00+00:00,61.18,61.18,60.63,60.8,18672
2026-06-08T23:50:00+00:00,60.8,60.9,60.55,60.88,5028
2026-06-08T23:55:00+00:00,60.88,60.918,60.8,60.86,10420
2026-06-09T08:00:00+00:00,62.47,63.85,62.0,63.06,218383
2026-06-09T08:05:00+00:00,63.0,63.81,61.87,63.089,15279
2026-06-09T08:10:00+00:00,63.088,63.17,63.003,63.17,3756
2026-06-09T08:15:00+00:00,63.17,63.24,63.105,63.173,5530
2026-06-09T08:20:00+00:00,63.173,63.29,63.13,63.25,1895
2026-06-09T08:25:00+00:00,63.26,63.34,63.213,63.27,7409
2026-06-09T08:30:00+00:00,63.27,63.32,63.25,63.29,2376
2026-06-09T08:35:00+00:00,63.29,63.367,63.21,63.36,4661
2026-06-09T08:40:00+00:00,63.34,63.42,63.327,63.4,4065
2026-06-09T08:45:00+00:00,63.41,63.41,63.32,63.381,2646
2026-06-09T08:50:00+00:00,63.37,63.37,63.3,63.36,3111
2026-06-09T08:55:00+00:00,63.36,63.36,63.25,63.257,1169
2026-06-09T09:00:00+00:00,63.25,63.39,63.25,63.35,1770
2026-06-09T09:05:00+00:00,63.35,63.4,63.32,63.37,2153
2026-06-09T09:10:00+00:00,63.379,63.5,63.35,63.45,2110
2026-06-09T09:15:00+00:00,63.47,63.52,63.36,63.42,6615
2026-06-09T09:20:00+00:00,63.37,63.41,63.33,63.388,1979
2026-06-09T09:25:00+00:00,63.35,63.42,63.331,63.39,1387
2026-06-09T09:30:00+00:00,63.36,63.385,63.224,63.23,2620
2026-06-09T09:35:00+00:00,63.24,63.38,63.24,63.3,1635
2026-06-09T09:40:00+00:00,63.262,63.32,63.262,63.3,1868
2026-06-09T09:45:00+00:00,63.3,63.39,63.29,63.37,2234
2026-06-09T09:50:00+00:00,63.333,63.391,63.333,63.391,1192
2026-06-09T09:55:00+00:00,63.4,63.47,63.4,63.4,2034
2026-06-09T10:00:00+00:00,63.41,63.51,63.41,63.5,1740
2026-06-09T10:05:00+00:00,63.53,63.57,63.2,63.25,14048
2026-06-09T10:10:00+00:00,63.28,63.44,63.2,63.44,35241
2026-06-09T10:15:00+00:00,63.44,63.49,63.273,63.33,2842
2026-06-09T10:20:00+00:00,63.29,63.35,63.22,63.245,2532
2026-06-09T10:25:00+00:00,63.256,63.36,63.23,63.3,9056
2026-06-09T10:30:00+00:00,63.306,63.38,63.28,63.316,3326
2026-06-09T10:35:00+00:00,63.315,63.33,63.18,63.2,4529
2026-06-09T10:40:00+00:00,63.18,63.26,63.12,63.26,3304
2026-06-09T10:45:00+00:00,63.23,63.269,63.153,63.189,2945
2026-06-09T10:50:00+00:00,63.18,63.43,63.18,63.42,3237
2026-06-09T10:55:00+00:00,63.42,63.49,63.36,63.47,3459
2026-06-09T11:00:00+00:00,63.43,63.75,63.4,63.68,38228
2026-06-09T11:05:00+00:00,63.67,63.87,63.61,63.87,13514
2026-06-09T11:10:00+00:00,63.83,64.04,63.77,64.039,20702
2026-06-09T11:15:00+00:00,64.0,64.06,63.75,63.89,52990
2026-06-09T11:20:00+00:00,63.9,63.9,63.75,63.849,37317
2026-06-09T11:25:00+00:00,63.849,64.1,63.83,64.07,16085
2026-06-09T11:30:00+00:00,64.06,64.12,64.0,64.067,34147
2026-06-09T11:35:00+00:00,64.09,64.1,63.87,63.95,29464
2026-06-09T11:40:00+00:00,63.93,64.14,63.89,64.078,25629
2026-06-09T11:45:00+00:00,64.17,64.17,63.86,63.99,28189
2026-06-09T11:50:00+00:00,63.99,64.009,63.85,63.892,37277
2026-06-09T11:55:00+00:00,63.91,63.91,63.75,63.799,21177
2026-06-09T12:00:00+00:00,63.78,63.83,63.75,63.76,8803
2026-06-09T12:05:00+00:00,63.82,63.83,63.54,63.69,54140
2026-06-09T12:10:00+00:00,63.67,63.79,63.63,63.63,27973
2026-06-09T12:15:00+00:00,63.65,63.654,63.4,63.48,17046
2026-06-09T12:20:00+00:00,63.47,63.5,63.35,63.36,9403
2026-06-09T12:25:00+00:00,63.35,63.63,63.33,63.53,13044
2026-06-09T12:30:00+00:00,63.53,63.78,63.44,63.62,31746
2026-06-09T12:35:00+00:00,63.604,63.7,63.5,63.67,17417
2026-06-09T12:40:00+00:00,63.62,63.74,63.52,63.58,10472
2026-06-09T12:45:00+00:00,63.55,63.6,63.27,63.4,41691
2026-06-09T12:50:00+00:00,63.48,63.55,63.411,63.52,6846
2026-06-09T12:55:00+00:00,63.529,63.69,63.52,63.684,8763
2026-06-09T13:00:00+00:00,63.685,63.69,63.56,63.639,10055
2026-06-09T13:05:00+00:00,63.64,63.78,63.6,63.72,11740
2026-06-09T13:10:00+00:00,63.72,63.74,63.53,63.592,19001
2026-06-09T13:15:00+00:00,63.551,63.6,63.44,63.52,9949
2026-06-09T13:20:00+00:00,63.48,63.61,63.48,63.57,24707
2026-06-09T13:25:00+00:00,63.57,63.594,63.42,63.53,18350
2026-06-09T13:30:00+00:00,63.62,63.63,62.33,62.34,782762
2026-06-09T13:35:00+00:00,62.355,62.85,62.355,62.48,559618
2026-06-09T13:40:00+00:00,62.521,63.015,62.265,62.999,416975
2026-06-09T13:45:00+00:00,63.0,63.59,62.9,63.49,727860
2026-06-09T13:50:00+00:00,63.508,63.51,62.69,62.765,461245
2026-06-09T13:55:00+00:00,62.78,62.836,62.22,62.26,448231
2026-06-09T14:00:00+00:00,62.23,62.69,62.0,62.411,369039
2026-06-09T14:05:00+00:00,62.415,62.78,62.09,62.12,314055
2026-06-09T14:10:00+00:00,62.12,62.12,61.38,61.43,824749
2026-06-09T14:15:00+00:00,61.42,61.68,60.82,61.09,1009112
2026-06-09T14:20:00+00:00,61.06,61.925,60.98,61.92,553141
2026-06-09T14:25:00+00:00,61.925,61.96,61.21,61.333,394562
2026-06-09T14:30:00+00:00,61.315,61.33,60.79,61.175,384348
2026-06-09T14:35:00+00:00,61.15,61.29,60.89,61.16,250151
2026-06-09T14:40:00+00:00,61.175,61.35,60.32,60.32,401927
2026-06-09T14:45:00+00:00,60.315,60.51,59.6,59.689,857593
2026-06-09T14:50:00+00:00,59.67,60.385,59.6,60.385,757667
2026-06-09T14:55:00+00:00,60.37,60.38,59.78,60.365,429225
2026-06-09T15:00:00+00:00,60.38,60.485,60.11,60.31,239159
2026-06-09T15:05:00+00:00,60.299,60.988,60.1,60.98,469522
2026-06-09T15:10:00+00:00,60.98,61.16,60.64,60.78,428967
2026-06-09T15:15:00+00:00,60.78,60.92,60.43,60.49,265282
2026-06-09T15:20:00+00:00,60.49,60.72,59.53,59.54,364078
2026-06-09T15:25:00+00:00,59.56,59.7,58.84,58.87,764922
2026-06-09T15:30:00+00:00,58.88,59.191,58.632,58.81,615438
2026-06-09T15:35:00+00:00,58.83,58.94,58.414,58.835,564711
2026-06-09T15:40:00+00:00,58.81,59.23,58.73,58.96,499638
2026-06-09T15:45:00+00:00,58.97,59.12,58.82,59.075,194232
2026-06-09T15:50:00+00:00,59.07,59.37,58.66,58.67,326176
2026-06-09T15:55:00+00:00,58.68,58.752,57.594,57.75,843841
2026-06-09T16:00:00+00:00,57.76,58.335,57.74,57.92,478619
2026-06-09T16:05:00+00:00,57.92,57.95,57.08,57.18,710668
2026-06-09T16:10:00+00:00,57.14,57.45,56.97,57.065,602487
2026-06-09T16:15:00+00:00,57.06,57.15,56.15,56.15,796192
2026-06-09T16:20:00+00:00,56.165,56.83,55.9,56.825,665027
2026-06-09T16:25:00+00:00,56.81,57.1,56.57,56.85,435487
2026-06-09T16:30:00+00:00,56.84,56.95,56.31,56.5,291899
2026-06-09T16:35:00+00:00,56.52,56.91,55.541,55.565,426090
2026-06-09T16:40:00+00:00,55.55,56.23,55.45,56.09,512525
2026-06-09T16:45:00+00:00,56.07,56.41,55.82,56.21,417346
2026-06-09T16:50:00+00:00,56.21,56.25,55.71,55.72,266446
2026-06-09T16:55:00+00:00,55.73,56.96,55.68,56.89,511509
2026-06-09T17:00:00+00:00,56.885,58.02,56.86,57.99,651648
2026-06-09T17:05:00+00:00,57.975,58.06,57.51,57.945,554204
2026-06-09T17:10:00+00:00,57.94,58.33,57.58,58.26,534971
2026-06-09T17:15:00+00:00,58.255,58.67,58.06,58.65,449743
2026-06-09T17:20:00+00:00,58.64,58.855,58.14,58.46,424733
2026-06-09T17:25:00+00:00,58.47,58.69,58.123,58.51,263460
2026-06-09T17:30:00+00:00,58.475,58.63,58.175,58.62,238842
2026-06-09T17:35:00+00:00,58.62,58.93,58.43,58.82,276576
2026-06-09T17:40:00+00:00,58.84,59.24,58.71,58.84,282973
2026-06-09T17:45:00+00:00,58.85,59.04,57.91,58.08,365991
2026-06-09T17:50:00+00:00,58.06,58.625,58.046,58.38,263585
2026-06-09T17:55:00+00:00,58.45,58.67,58.38,58.51,212127
2026-06-09T18:00:00+00:00,58.51,58.63,58.11,58.35,175238
2026-06-09T18:05:00+00:00,58.325,58.61,58.28,58.57,110530
2026-06-09T18:10:00+00:00,58.58,58.668,58.231,58.571,160279
2026-06-09T18:15:00+00:00,58.565,58.95,58.305,58.94,121162
2026-06-09T18:20:00+00:00,58.93,59.098,58.68,58.97,181380
2026-06-09T18:25:00+00:00,58.99,59.09,58.65,59.09,199141
2026-06-09T18:30:00+00:00,59.05,59.29,59.03,59.14,184622
2026-06-09T18:35:00+00:00,59.14,59.23,58.98,59.09,149288
2026-06-09T18:40:00+00:00,59.1,59.17,58.67,58.72,255850
2026-06-09T18:45:00+00:00,58.695,58.96,58.69,58.96,137387
2026-06-09T18:50:00+00:00,58.95,59.15,58.77,58.93,92493
2026-06-09T18:55:00+00:00,58.96,59.515,58.94,59.4,141728
2026-06-09T19:00:00+00:00,59.4,59.57,59.116,59.53,291556
2026-06-09T19:05:00+00:00,59.52,59.63,59.19,59.27,293439
2026-06-09T19:10:00+00:00,59.23,59.31,58.895,58.91,198220
2026-06-09T19:15:00+00:00,58.93,58.95,58.22,58.274,325667
2026-06-09T19:20:00+00:00,58.254,58.64,58.121,58.37,231422
2026-06-09T19:25:00+00:00,58.36,58.89,58.35,58.89,308937
2026-06-09T19:30:00+00:00,58.87,59.2,58.76,59.1,512930
2026-06-09T19:35:00+00:00,59.09,59.285,58.95,59.03,553283
2026-06-09T19:40:00+00:00,59.025,59.2,58.72,59.15,584972
2026-06-09T19:45:00+00:00,59.16,59.215,58.9,59.135,530271
2026-06-09T19:50:00+00:00,59.15,59.41,59.09,59.37,446832
2026-06-09T19:55:00+00:00,59.37,59.86,59.334,59.86,731688
2026-06-09T20:00:00+00:00,59.86,60.18,59.65,60.0,128183
2026-06-09T20:05:00+00:00,60.0,60.07,59.65,59.776,56034
2026-06-09T20:10:00+00:00,59.85,59.879,59.63,59.703,33246
2026-06-09T20:15:00+00:00,59.75,59.84,59.67,59.671,8145
2026-06-09T20:20:00+00:00,59.75,59.8,59.67,59.731,6876
2026-06-09T20:25:00+00:00,59.732,59.889,59.68,59.879,6768
2026-06-09T20:30:00+00:00,59.88,59.95,59.78,59.9,3283
2026-06-09T20:35:00+00:00,59.9,60.0,59.896,59.97,7754
2026-06-09T20:40:00+00:00,60.0,60.2,59.99,60.18,6037
2026-06-09T20:45:00+00:00,60.2,60.2,59.89,59.945,4980
2026-06-09T20:50:00+00:00,59.94,59.98,59.75,59.78,10021
2026-06-09T20:55:00+00:00,59.78,59.85,59.75,59.84,3824
2026-06-09T21:00:00+00:00,59.818,59.82,59.55,59.788,7487
2026-06-09T21:05:00+00:00,59.789,59.79,59.6,59.76,9191
2026-06-09T21:10:00+00:00,59.75,59.83,59.66,59.82,3482
2026-06-09T21:15:00+00:00,59.84,60.0,59.6,59.663,10191
2026-06-09T21:20:00+00:00,59.67,59.67,59.339,59.549,10605
2026-06-09T21:25:00+00:00,59.51,59.57,59.02,59.4,331701
2026-06-09T21:30:00+00:00,59.5,59.55,59.02,59.17,7401
2026-06-09T21:35:00+00:00,59.103,59.6,59.02,59.348,14930
2026-06-09T21:40:00+00:00,59.39,59.6,59.28,59.41,6134
2026-06-09T21:45:00+00:00,59.402,59.44,59.28,59.35,11779
2026-06-09T21:50:00+00:00,59.44,59.5,59.28,59.341,3006
2026-06-09T21:55:00+00:00,59.31,59.32,59.05,59.25,8785
2026-06-09T22:00:00+00:00,59.35,59.55,59.26,59.55,12431
2026-06-09T22:05:00+00:00,59.43,59.643,59.43,59.6,1329
2026-06-09T22:10:00+00:00,59.6,59.6,59.41,59.465,4598
2026-06-09T22:15:00+00:00,59.5,59.6,59.46,59.53,8164
2026-06-09T22:20:00+00:00,59.52,59.53,59.41,59.411,5211
2026-06-09T22:25:00+00:00,59.44,59.53,59.41,59.415,16196
2026-06-09T22:30:00+00:00,59.41,59.5,59.2,59.201,2347
2026-06-09T22:35:00+00:00,59.208,59.3,58.87,58.881,11877
2026-06-09T22:40:00+00:00,58.91,59.2,58.27,58.476,11940
2026-06-09T22:45:00+00:00,58.46,58.46,58.0,58.049,9078
2026-06-09T22:50:00+00:00,58.033,58.598,58.033,58.598,8247
2026-06-09T22:55:00+00:00,58.6,59.0,58.59,58.723,11970
2026-06-09T23:00:00+00:00,58.95,59.86,58.861,59.76,19855
2026-06-09T23:05:00+00:00,59.76,59.8,59.53,59.571,5081
2026-06-09T23:10:00+00:00,59.65,59.703,59.31,59.4,6280
2026-06-09T23:15:00+00:00,59.399,59.74,59.25,59.401,8440
2026-06-09T23:20:00+00:00,59.41,59.65,59.229,59.25,4061
2026-06-09T23:25:00+00:00,59.229,59.31,59.16,59.22,8499
2026-06-09T23:30:00+00:00,59.17,59.5,59.13,59.488,5250
2026-06-09T23:35:00+00:00,59.487,59.564,58.999,59.08,2109
2026-06-09T23:40:00+00:00,59.14,59.5,59.08,59.22,1953
2026-06-09T23:45:00+00:00,59.358,59.65,59.22,59.47,11556
2026-06-09T23:50:00+00:00,59.581,59.74,59.581,59.6,5160
2026-06-09T23:55:00+00:00,59.55,59.78,59.52,59.76,14724
2026-06-10T08:00:00+00:00,58.667,59.34,57.76,58.484,71265
2026-06-10T08:05:00+00:00,58.436,59.3,57.84,58.49,11489
2026-06-10T08:10:00+00:00,58.59,58.635,58.35,58.354,4763
2026-06-10T08:15:00+00:00,58.41,58.41,58.2,58.21,12873
2026-06-10T08:20:00+00:00,58.25,58.297,58.135,58.248,3042
2026-06-10T08:25:00+00:00,58.25,58.26,58.09,58.16,2361
2026-06-10T08:30:00+00:00,58.2,58.25,58.11,58.16,2919
2026-06-10T08:35:00+00:00,58.16,58.341,58.158,58.213,2079
2026-06-10T08:40:00+00:00,58.22,58.22,57.943,57.943,1894
2026-06-10T08:45:00+00:00,57.99,58.08,57.9,58.08,7487
2026-06-10T08:50:00+00:00,58.089,58.31,58.06,58.2,3335
2026-06-10T08:55:00+00:00,58.058,58.095,57.94,57.95,42320
2026-06-10T09:00:00+00:00,57.96,57.97,57.79,57.81,2905
2026-06-10T09:05:00+00:00,57.9,57.93,57.808,57.86,1375
2026-06-10T09:10:00+00:00,57.84,58.1,57.59,57.626,6417
2026-06-10T09:15:00+00:00,57.617,57.754,57.563,57.563,4784
2026-06-10T09:20:00+00:00,57.55,57.56,57.4,57.546,8733
2026-06-10T09:25:00+00:00,57.54,57.83,57.54,57.764,1181
2026-06-10T09:30:00+00:00,57.874,57.877,57.65,57.77,3329
2026-06-10T09:35:00+00:00,57.79,58.01,57.78,57.895,1723
2026-06-10T09:40:00+00:00,57.836,57.881,57.66,57.85,2622
2026-06-10T09:45:00+00:00,57.87,57.944,57.798,57.876,2592
2026-06-10T09:50:00+00:00,57.87,57.966,57.868,57.9,1404
2026-06-10T09:55:00+00:00,57.9,58.08,57.87,57.87,2170
2026-06-10T10:00:00+00:00,57.94,57.96,57.76,57.78,1861
2026-06-10T10:05:00+00:00,57.82,57.96,57.68,57.89,1687
2026-06-10T10:10:00+00:00,57.866,57.866,57.705,57.74,936
2026-06-10T10:15:00+00:00,57.701,57.74,57.51,57.553,6008
2026-06-10T10:20:00+00:00,57.55,57.73,57.5,57.73,3166
2026-06-10T10:25:00+00:00,57.724,57.78,57.573,57.78,2354
2026-06-10T10:30:00+00:00,57.773,57.95,57.68,57.917,1514
2026-06-10T10:35:00+00:00,57.753,58.0,57.753,57.825,1714
2026-06-10T10:40:00+00:00,57.87,58.04,57.87,58.03,2636
2026-06-10T10:45:00+00:00,58.03,58.16,58.03,58.1,2221
2026-06-10T10:50:00+00:00,58.093,58.1,57.918,57.969,1585
2026-06-10T10:55:00+00:00,57.946,58.109,57.9,58.065,2791
2026-06-10T11:00:00+00:00,58.09,58.19,57.55,57.559,10931
2026-06-10T11:05:00+00:00,57.531,57.79,57.411,57.61,22663
2026-06-10T11:10:00+00:00,57.659,57.79,57.5,57.689,13635
2026-06-10T11:15:00+00:00,57.68,57.8,57.5,57.57,13169
2026-06-10T11:20:00+00:00,57.57,57.72,57.25,57.25,45208
2026-06-10T11:25:00+00:00,57.39,57.42,57.09,57.378,9386
2026-06-10T11:30:00+00:00,57.31,57.44,57.06,57.44,10968
2026-06-10T11:35:00+00:00,57.42,57.42,56.93,56.93,12005
2026-06-10T11:40:00+00:00,56.929,57.15,56.8,56.84,40701
2026-06-10T11:45:00+00:00,56.86,56.999,56.68,56.82,36638
2026-06-10T11:50:00+00:00,56.9,57.17,56.82,56.91,25370
2026-06-10T11:55:00+00:00,56.91,57.0,56.8,56.831,15678
2026-06-10T12:00:00+00:00,56.86,57.0,56.82,56.94,16333
2026-06-10T12:05:00+00:00,56.9,57.07,56.82,56.979,9450
2026-06-10T12:10:00+00:00,56.97,57.05,56.82,57.0,11181
2026-06-10T12:15:00+00:00,56.998,57.07,56.8,56.97,13062
2026-06-10T12:20:00+00:00,56.97,57.2,56.87,56.93,13105
2026-06-10T12:25:00+00:00,56.939,57.48,56.92,57.44,28917
2026-06-10T12:30:00+00:00,57.35,60.2,57.35,59.52,251459
2026-06-10T12:35:00+00:00,59.53,59.65,58.61,59.285,88494
2026-06-10T12:40:00+00:00,59.309,59.39,57.85,59.0,109134
2026-06-10T12:45:00+00:00,58.97,59.4,58.8,59.232,38673
2026-06-10T12:50:00+00:00,59.239,59.239,58.74,58.91,28310
2026-06-10T12:55:00+00:00,58.91,58.93,58.15,58.18,30550
2026-06-10T13:00:00+00:00,58.2,58.5,58.126,58.3,15538
2026-06-10T13:05:00+00:00,58.202,58.58,58.17,58.51,25583
2026-06-10T13:10:00+00:00,58.58,58.73,58.43,58.479,38706
2026-06-10T13:15:00+00:00,58.481,58.93,58.481,58.93,14827
2026-06-10T13:20:00+00:00,58.85,58.91,58.5,58.54,20112
2026-06-10T13:25:00+00:00,58.5,58.57,58.16,58.21,6802
2026-06-10T13:30:00+00:00,58.11,58.78,57.885,57.885,456909
2026-06-10T13:35:00+00:00,57.85,59.36,57.76,58.87,718393
2026-06-10T13:40:00+00:00,58.855,59.625,58.311,59.625,395842
2026-06-10T13:45:00+00:00,59.63,60.45,59.6,60.44,690934
2026-06-10T13:50:00+00:00,60.45,60.469,59.51,59.699,517808
2026-06-10T13:55:00+00:00,59.725,59.73,59.15,59.22,343359
2026-06-10T14:00:00+00:00,59.245,59.59,58.85,59.47,411583
2026-06-10T14:05:00+00:00,59.44,60.0,59.18,59.98,269198
2026-06-10T14:10:00+00:00,59.98,60.235,59.73,59.745,410016
2026-06-10T14:15:00+00:00,59.751,59.91,59.5,59.82,231164
2026-06-10T14:20:00+00:00,59.8,60.64,59.62,60.64,322439
2026-06-10T14:25:00+00:00,60.613,60.8,60.353,60.745,517286
2026-06-10T14:30:00+00:00,60.68,61.23,60.281,61.215,424339
2026-06-10T14:35:00+00:00,61.215,61.245,60.56,60.7,559157
2026-06-10T14:40:00+00:00,60.66,60.775,60.26,60.27,300333
2026-06-10T14:45:00+00:00,60.27,60.353,59.7,59.814,318697
2026-06-10T14:50:00+00:00,59.81,60.186,59.782,59.98,345509
2026-06-10T14:55:00+00:00,59.99,60.07,59.03,59.27,393877
2026-06-10T15:00:00+00:00,59.301,59.66,59.031,59.25,210500
2026-06-10T15:05:00+00:00,59.3,59.315,58.91,58.95,249996
2026-06-10T15:10:00+00:00,58.94,59.04,58.54,58.56,255813
2026-06-10T15:15:00+00:00,58.52,58.625,58.07,58.34,645723
2026-06-10T15:20:00+00:00,58.34,58.915,58.31,58.755,257825
2026-06-10T15:25:00+00:00,58.765,58.955,58.37,58.396,180124
2026-06-10T15:30:00+00:00,58.44,58.7,58.105,58.22,177017
2026-06-10T15:35:00+00:00,58.23,58.46,58.08,58.249,187810
2026-06-10T15:40:00+00:00,58.22,58.62,58.17,58.52,141120
2026-06-10T15:45:00+00:00,58.52,58.59,57.65,57.92,353162
2026-06-10T15:50:00+00:00,57.88,58.44,57.45,58.37,258902
2026-06-10T15:55:00+00:00,58.29,58.748,58.1,58.72,289675
2026-06-10T16:00:00+00:00,58.71,58.89,58.46,58.74,174549
2026-06-10T16:05:00+00:00,58.68,58.79,58.39,58.5,129882
2026-06-10T16:10:00+00:00,58.49,58.5,58.05,58.109,139581
2026-06-10T16:15:00+00:00,58.145,58.35,58.09,58.27,165837
2026-06-10T16:20:00+00:00,58.248,58.39,58.06,58.125,77977
2026-06-10T16:25:00+00:00,58.15,58.36,58.12,58.234,89217
2026-06-10T16:30:00+00:00,58.19,58.48,58.05,58.45,61858
2026-06-10T16:35:00+00:00,58.49,58.655,58.28,58.62,169524
2026-06-10T16:40:00+00:00,58.62,58.64,58.2,58.26,79070
2026-06-10T16:45:00+00:00,58.2,58.23,57.87,58.05,107111
2026-06-10T16:50:00+00:00,58.06,58.25,57.97,58.08,89956
2026-06-10T16:55:00+00:00,58.08,58.18,57.92,58.175,50887
2026-06-10T17:00:00+00:00,58.16,58.411,58.06,58.31,74270
2026-06-10T17:05:00+00:00,58.32,58.32,57.88,57.94,296248
2026-06-10T17:10:00+00:00,57.92,57.965,57.72,57.78,108713
2026-06-10T17:15:00+00:00,57.785,57.835,57.64,57.745,80176
2026-06-10T17:20:00+00:00,57.735,57.9,57.64,57.86,197581
2026-06-10T17:25:00+00:00,57.84,57.93,57.67,57.81,67755
2026-06-10T17:30:00+00:00,57.81,57.84,57.56,57.77,83525
2026-06-10T17:35:00+00:00,57.787,57.89,57.7,57.73,45635
2026-06-10T17:40:00+00:00,57.765,57.77,57.53,57.57,126121
2026-06-10T17:45:00+00:00,57.55,58.4,57.55,58.293,166373
2026-06-10T17:50:00+00:00,58.29,58.33,57.99,58.22,66079
2026-06-10T17:55:00+00:00,58.257,58.48,58.21,58.319,69394
2026-06-10T18:00:00+00:00,58.34,58.72,58.27,58.7,63925
2026-06-10T18:05:00+00:00,58.7,58.7,58.31,58.33,82811
2026-06-10T18:10:00+00:00,58.33,58.57,58.32,58.44,80915
2026-06-10T18:15:00+00:00,58.44,58.502,58.03,58.19,225492
2026-06-10T18:20:00+00:00,58.195,58.427,58.05,58.265,94544
2026-06-10T18:25:00+00:00,58.26,58.34,58.139,58.21,36532
2026-06-10T18:30:00+00:00,58.19,58.28,57.98,58.085,45542
2026-06-10T18:35:00+00:00,58.08,58.14,57.845,57.92,124173
2026-06-10T18:40:00+00:00,57.921,57.99,57.74,57.86,69498
2026-06-10T18:45:00+00:00,57.855,57.94,57.755,57.78,90431
2026-06-10T18:50:00+00:00,57.76,57.84,57.54,57.708,92060
2026-06-10T18:55:00+00:00,57.685,57.86,57.569,57.78,84680
2026-06-10T19:00:00+00:00,57.76,58.01,57.64,57.835,107768
2026-06-10T19:05:00+00:00,57.8,58.02,57.75,57.83,88919
2026-06-10T19:10:00+00:00,57.82,57.82,57.42,57.519,156510
2026-06-10T19:15:00+00:00,57.52,57.53,57.13,57.24,534392
2026-06-10T19:20:00+00:00,57.245,57.31,57.065,57.275,139700
2026-06-10T19:25:00+00:00,57.27,57.52,57.12,57.48,186672
2026-06-10T19:30:00+00:00,57.401,57.78,57.32,57.68,172682
2026-06-10T19:35:00+00:00,57.69,57.87,57.56,57.82,119082
2026-06-10T19:40:00+00:00,57.83,57.91,57.58,57.68,138783
2026-06-10T19:45:00+00:00,57.66,57.7,57.42,57.66,197486
2026-06-10T19:50:00+00:00,57.66,57.935,57.5,57.73,274199
2026-06-10T19:55:00+00:00,57.715,57.795,57.36,57.37,306503
2026-06-10T20:00:00+00:00,57.35,57.48,57.03,57.48,8645
2026-06-10T20:05:00+00:00,57.47,57.47,56.75,56.938,14289
2026-06-10T20:10:00+00:00,57.37,57.4,56.962,57.1,18949
2026-06-10T20:15:00+00:00,57.06,57.2,57.0,57.19,9562
2026-06-10T20:20:00+00:00,57.108,57.19,57.06,57.18,6356
2026-06-10T20:25:00+00:00,57.17,57.18,56.83,56.88,5491
2026-06-10T20:30:00+00:00,56.998,57.03,56.75,57.029,5059
2026-06-10T20:35:00+00:00,57.06,57.15,57.0,57.061,2532
2026-06-10T20:40:00+00:00,57.11,57.2,56.8,56.9,11578
2026-06-10T20:45:00+00:00,56.95,56.95,56.51,56.75,15883
2026-06-10T20:50:00+00:00,56.73,56.99,56.65,56.968,15289
2026-06-10T20:55:00+00:00,56.866,56.97,56.8,56.89,4748
2026-06-10T21:00:00+00:00,56.83,56.9,56.76,56.875,2927
2026-06-10T21:05:00+00:00,56.84,56.88,56.52,56.52,5139
2026-06-10T21:10:00+00:00,56.55,56.76,56.521,56.74,7513
2026-06-10T21:15:00+00:00,56.66,56.9,56.66,56.89,2524
2026-06-10T21:20:00+00:00,56.89,56.978,56.8,56.9,3592
2026-06-10T21:25:00+00:00,56.88,56.9,56.88,56.898,5540
2026-06-10T21:30:00+00:00,56.899,56.9,56.71,56.73,3510
2026-06-10T21:35:00+00:00,56.83,56.83,56.67,56.78,4832
2026-06-10T21:40:00+00:00,56.81,56.89,56.7,56.71,2069
2026-06-10T21:45:00+00:00,56.77,56.78,56.62,56.683,6534
2026-06-10T21:50:00+00:00,56.73,56.78,56.62,56.744,4006
2026-06-10T21:55:00+00:00,56.74,56.89,56.601,56.641,2721
2026-06-10T22:00:00+00:00,56.64,56.68,56.35,56.36,16028
2026-06-10T22:05:00+00:00,56.35,56.36,56.009,56.19,9566
2026-06-10T22:10:00+00:00,56.24,56.36,56.01,56.26,18711
2026-06-10T22:15:00+00:00,56.35,56.443,56.0,56.18,26139
2026-06-10T22:20:00+00:00,56.101,56.14,55.87,55.94,14865
2026-06-10T22:25:00+00:00,55.91,56.08,55.91,56.02,8247
2026-06-10T22:30:00+00:00,56.03,56.44,56.0,56.2,16289
2026-06-10T22:35:00+00:00,56.2,56.39,56.2,56.39,6369
2026-06-10T22:40:00+00:00,56.39,56.5,56.28,56.28,5524
2026-06-10T22:45:00+00:00,56.33,56.39,56.2,56.28,6257
2026-06-10T22:50:00+00:00,56.25,56.25,55.92,56.0,9797
2026-06-10T22:55:00+00:00,55.95,56.1,55.8,55.864,11567
2026-06-10T23:00:00+00:00,55.82,55.9,55.59,55.79,17152
2026-06-10T23:05:00+00:00,55.82,56.04,55.59,55.716,7046
2026-06-10T23:10:00+00:00,55.73,55.81,55.55,55.57,26863
2026-06-10T23:15:00+00:00,55.59,55.9,55.55,55.9,30005
2026-06-10T23:20:00+00:00,55.711,56.1,55.711,56.06,23986
2026-06-10T23:25:00+00:00,56.089,56.7,56.08,56.54,11700
2026-06-10T23:30:00+00:00,56.54,56.6,56.2,56.279,14586
2026-06-10T23:35:00+00:00,56.28,56.55,56.202,56.21,7163
2026-06-10T23:40:00+00:00,56.28,56.69,56.216,56.499,9510
2026-06-10T23:45:00+00:00,56.4,56.49,56.298,56.344,3521
2026-06-10T23:50:00+00:00,56.37,56.44,56.297,56.299,4549
2026-06-10T23:55:00+00:00,56.29,56.491,56.22,56.4,13516
2026-06-11T08:00:00+00:00,59.0,60.0,58.79,59.886,63924
2026-06-11T08:05:00+00:00,59.797,60.197,58.93,60.16,9948
2026-06-11T08:10:00+00:00,60.195,60.426,60.123,60.37,11308
2026-06-11T08:15:00+00:00,60.3,60.344,60.135,60.3,34671
2026-06-11T08:20:00+00:00,60.3,60.339,60.086,60.26,21978
2026-06-11T08:25:00+00:00,60.26,60.35,60.16,60.197,8967
2026-06-11T08:30:00+00:00,60.194,60.29,60.194,60.233,7173
2026-06-11T08:35:00+00:00,60.29,60.45,60.27,60.35,5479
2026-06-11T08:40:00+00:00,60.358,60.45,60.284,60.284,12975
2026-06-11T08:45:00+00:00,60.35,60.384,60.193,60.193,12028
2026-06-11T08:50:00+00:00,60.149,60.208,60.07,60.1,4502
2026-06-11T08:55:00+00:00,60.15,60.2,60.0,60.2,4741
2026-06-11T09:00:00+00:00,60.183,60.47,60.18,60.443,5196
2026-06-11T09:05:00+00:00,60.47,60.47,60.15,60.284,3323
2026-06-11T09:10:00+00:00,60.15,60.18,60.03,60.067,4648
2026-06-11T09:15:00+00:00,60.067,60.078,59.99,60.03,5500
2026-06-11T09:20:00+00:00,60.06,60.066,59.706,59.756,4524
2026-06-11T09:25:00+00:00,59.82,59.99,59.767,59.944,5055
2026-06-11T09:30:00+00:00,59.936,59.936,59.7,59.88,5260
2026-06-11T09:35:00+00:00,59.826,60.06,59.82,59.989,3694
2026-06-11T09:40:00+00:00,60.01,60.097,59.95,60.007,2813
2026-06-11T09:45:00+00:00,60.09,60.25,60.01,60.05,2060
2026-06-11T09:50:00+00:00,60.138,60.14,59.98,60.017,1984
2026-06-11T09:55:00+00:00,60.03,60.07,60.01,60.06,1645
2026-06-11T10:00:00+00:00,60.1,60.21,60.0,60.09,5248
2026-06-11T10:05:00+00:00,60.09,60.27,60.09,60.222,3152
2026-06-11T10:10:00+00:00,60.26,60.29,60.13,60.2,1749
2026-06-11T10:15:00+00:00,60.286,60.29,60.096,60.096,2553
2026-06-11T10:20:00+00:00,60.063,60.272,60.063,60.21,2363
2026-06-11T10:25:00+00:00,60.2,60.2,60.13,60.17,589
2026-06-11T10:30:00+00:00,60.13,60.29,60.1,60.29,542
2026-06-11T10:35:00+00:00,60.4,60.4,60.21,60.269,2033
2026-06-11T10:40:00+00:00,60.27,60.27,60.15,60.16,3389
2026-06-11T10:45:00+00:00,60.21,60.27,60.16,60.27,2323
2026-06-11T10:50:00+00:00,60.18,60.25,60.12,60.188,11946
2026-06-11T10:55:00+00:00,60.14,60.16,60.005,60.037,2403
2026-06-11T11:00:00+00:00,60.04,60.07,59.83,59.91,54938
2026-06-11T11:05:00+00:00,59.903,60.08,59.768,59.773,10948
2026-06-11T11:10:00+00:00,59.749,59.909,59.718,59.838,10831
2026-06-11T11:15:00+00:00,59.89,59.94,59.842,59.88,6478
2026-06-11T11:20:00+00:00,59.83,59.94,59.829,59.862,11174
2026-06-11T11:25:00+00:00,59.92,59.99,59.77,59.97,12084
2026-06-11T11:30:00+00:00,59.98,60.15,59.95,60.071,22561
2026-06-11T11:35:00+00:00,60.078,60.11,59.93,60.01,19399
2026-06-11T11:40:00+00:00,60.0,60.09,59.87,60.043,21160
2026-06-11T11:45:00+00:00,60.03,60.09,59.97,60.021,15689
2026-06-11T11:50:00+00:00,60.05,60.1,59.994,60.09,19852
2026-06-11T11:55:00+00:00,60.08,60.09,60.0,60.078,13494
2026-06-11T12:00:00+00:00,60.057,60.18,60.0,60.13,13161
2026-06-11T12:05:00+00:00,60.13,60.13,59.96,60.0,11844
2026-06-11T12:10:00+00:00,59.95,60.16,59.94,60.05,5154
2026-06-11T12:15:00+00:00,60.048,60.05,59.8,59.8,12757
2026-06-11T12:20:00+00:00,59.819,59.85,59.12,59.34,23885
2026-06-11T12:25:00+00:00,59.3,59.51,59.05,59.2,29146
2026-06-11T12:30:00+00:00,59.28,59.49,58.53,58.86,22469
2026-06-11T12:35:00+00:00,58.86,59.28,58.8,59.22,38392
2026-06-11T12:40:00+00:00,59.152,59.392,59.0,59.31,25267
2026-06-11T12:45:00+00:00,59.22,59.67,59.22,59.37,45319
2026-06-11T12:50:00+00:00,59.42,59.58,59.33,59.48,28217
2026-06-11T12:55:00+00:00,59.514,59.65,59.36,59.449,16850
2026-06-11T13:00:00+00:00,59.44,59.8,59.264,59.8,15507
2026-06-11T13:05:00+00:00,59.76,59.79,59.56,59.6,40230
2026-06-11T13:10:00+00:00,59.7,59.88,59.5,59.71,11591
2026-06-11T13:15:00+00:00,59.73,59.76,59.63,59.72,16842
2026-06-11T13:20:00+00:00,59.71,59.82,59.63,59.82,8088
2026-06-11T13:25:00+00:00,59.74,59.79,59.46,59.7,18346
2026-06-11T13:30:00+00:00,59.61,60.08,59.29,59.615,424313
2026-06-11T13:35:00+00:00,59.62,60.02,59.339,59.56,370283
2026-06-11T13:40:00+00:00,59.546,59.66,59.16,59.635,396949
2026-06-11T13:45:00+00:00,59.66,60.51,59.58,60.03,550513
2026-06-11T13:50:00+00:00,60.025,60.88,60.025,60.69,584231
2026-06-11T13:55:00+00:00,60.7,60.89,60.17,60.275,447788
2026-06-11T14:00:00+00:00,60.295,61.22,60.24,61.14,518437
2026-06-11T14:05:00+00:00,61.149,61.2,60.86,60.98,387860
2026-06-11T14:10:00+00:00,60.995,61.04,60.24,60.29,343662
2026-06-11T14:15:00+00:00,60.315,60.493,59.83,59.86,363183
2026-06-11T14:20:00+00:00,59.85,60.598,59.85,60.305,218293
2026-06-11T14:25:00+00:00,60.28,60.558,60.04,60.28,153767
2026-06-11T14:30:00+00:00,60.32,60.4,60.06,60.19,149782
2026-06-11T14:35:00+00:00,60.235,60.62,60.2,60.37,197134
2026-06-11T14:40:00+00:00,60.395,60.5,60.15,60.15,117324
2026-06-11T14:45:00+00:00,60.18,60.365,60.033,60.17,165437
2026-06-11T14:50:00+00:00,60.185,60.35,60.02,60.08,91915
2026-06-11T14:55:00+00:00,60.1,60.1,59.39,59.57,290022
2026-06-11T15:00:00+00:00,59.595,59.9,59.23,59.786,309234
2026-06-11T15:05:00+00:00,59.71,60.07,59.623,59.82,134159
2026-06-11T15:10:00+00:00,59.91,60.297,59.825,60.235,246575
2026-06-11T15:15:00+00:00,60.23,60.53,60.1,60.204,184145
2026-06-11T15:20:00+00:00,60.2,60.51,60.168,60.36,162407
2026-06-11T15:25:00+00:00,60.35,60.48,60.07,60.15,141269
2026-06-11T15:30:00+00:00,60.18,60.44,60.16,60.42,105880
2026-06-11T15:35:00+00:00,60.42,60.77,60.409,60.58,140581
2026-06-11T15:40:00+00:00,60.575,60.93,60.52,60.605,132126
2026-06-11T15:45:00+00:00,60.63,60.96,60.53,60.752,149829
2026-06-11T15:50:00+00:00,60.765,60.85,60.57,60.67,102499
2026-06-11T15:55:00+00:00,60.71,61.0,60.585,60.88,107102
2026-06-11T16:00:00+00:00,60.897,61.07,60.695,60.793,111712
2026-06-11T16:05:00+00:00,60.86,61.125,60.76,61.035,129019
2026-06-11T16:10:00+00:00,61.045,61.38,61.012,61.34,146432
2026-06-11T16:15:00+00:00,61.37,61.4,61.13,61.29,224300
2026-06-11T16:20:00+00:00,61.29,61.39,61.076,61.12,124440
2026-06-11T16:25:00+00:00,61.12,61.18,60.91,60.93,111145
2026-06-11T16:30:00+00:00,60.9,61.295,60.83,61.125,130718
2026-06-11T16:35:00+00:00,61.1,61.295,60.94,60.98,106524
2026-06-11T16:40:00+00:00,61.02,61.13,60.901,61.07,87969
2026-06-11T16:45:00+00:00,61.06,61.12,60.915,60.962,67209
2026-06-11T16:50:00+00:00,60.995,61.03,60.661,60.661,90045
2026-06-11T16:55:00+00:00,60.71,60.8,60.58,60.59,70756
2026-06-11T17:00:00+00:00,60.56,60.78,60.41,60.515,72926
2026-06-11T17:05:00+00:00,60.515,60.74,60.495,60.7,76948
2026-06-11T17:10:00+00:00,60.71,60.77,60.495,60.525,77415
2026-06-11T17:15:00+00:00,60.51,60.65,60.34,60.41,107800
2026-06-11T17:20:00+00:00,60.41,60.58,60.34,60.52,45820
2026-06-11T17:25:00+00:00,60.5,61.76,60.5,61.73,218398
2026-06-11T17:30:00+00:00,61.76,62.83,61.76,62.715,482454
2026-06-11T17:35:00+00:00,62.715,62.792,62.22,62.56,362406
2026-06-11T17:40:00+00:00,62.58,63.0,62.51,62.958,354494
2026-06-11T17:45:00+00:00,62.99,63.08,62.63,62.77,363285
2026-06-11T17:50:00+00:00,62.77,62.86,62.38,62.768,330843
2026-06-11T17:55:00+00:00,62.76,62.95,62.53,62.925,268400
2026-06-11T18:00:00+00:00,62.92,64.0,62.32,62.415,370568
2026-06-11T18:05:00+00:00,62.39,62.495,62.16,62.4,230340
2026-06-11T18:10:00+00:00,62.43,62.78,62.4,62.78,148167
2026-06-11T18:15:00+00:00,62.77,63.11,62.765,63.08,315603
2026-06-11T18:20:00+00:00,63.08,63.09,62.64,62.89,290120
2026-06-11T18:25:00+00:00,62.875,63.078,62.84,63.03,253499
2026-06-11T18:30:00+00:00,63.04,63.275,62.98,63.089,254796
2026-06-11T18:35:00+00:00,63.07,63.265,63.02,63.11,290279
2026-06-11T18:40:00+00:00,63.127,63.35,63.12,63.345,138591
2026-06-11T18:45:00+00:00,63.339,63.64,63.325,63.64,322422
2026-06-11T18:50:00+00:00,63.64,63.745,63.51,63.52,262979
2026-06-11T18:55:00+00:00,63.55,63.74,63.42,63.65,189847
2026-06-11T19:00:00+00:00,63.63,63.935,63.63,63.87,320152
2026-06-11T19:05:00+00:00,63.87,63.915,63.421,63.8,277306
2026-06-11T19:10:00+00:00,63.79,64.1,63.68,64.06,287781
2026-06-11T19:15:00+00:00,64.075,64.21,63.96,64.173,287429
2026-06-11T19:20:00+00:00,64.185,64.32,64.122,64.315,340127
2026-06-11T19:25:00+00:00,64.31,64.74,64.25,64.6,354722
2026-06-11T19:30:00+00:00,64.63,65.05,64.59,65.03,459355
2026-06-11T19:35:00+00:00,65.04,65.09,64.52,64.54,561429
2026-06-11T19:40:00+00:00,64.56,64.94,64.515,64.845,403458
2026-06-11T19:45:00+00:00,64.84,64.93,64.61,64.61,425359
2026-06-11T19:50:00+00:00,64.61,65.0,64.5,64.965,562291
2026-06-11T19:55:00+00:00,64.97,65.15,64.9,65.12,703322
2026-06-11T20:00:00+00:00,65.122,65.18,64.79,64.979,138096
2026-06-11T20:05:00+00:00,64.98,65.1,64.84,64.85,65717
2026-06-11T20:10:00+00:00,64.841,65.12,64.6,65.1,13376
2026-06-11T20:15:00+00:00,65.098,65.18,64.87,64.89,20566
2026-06-11T20:20:00+00:00,64.889,64.89,64.7,64.87,16596
2026-06-11T20:25:00+00:00,64.82,64.88,64.7,64.86,9910
2026-06-11T20:30:00+00:00,64.87,64.989,64.8,64.802,60864
2026-06-11T20:35:00+00:00,64.83,64.86,64.37,64.534,64755
2026-06-11T20:40:00+00:00,64.544,64.61,64.27,64.411,14584
2026-06-11T20:45:00+00:00,64.419,64.7,64.328,64.52,85287
2026-06-11T20:50:00+00:00,64.6,64.7,64.5,64.52,11253
2026-06-11T20:55:00+00:00,64.548,64.67,64.53,64.67,10926
2026-06-11T21:00:00+00:00,64.66,64.8,64.62,64.725,10201
2026-06-11T21:05:00+00:00,64.73,64.95,64.73,64.95,15233
2026-06-11T21:10:00+00:00,64.932,64.97,64.83,64.909,51091
2026-06-11T21:15:00+00:00,64.883,65.05,64.88,65.02,16678
2026-06-11T21:20:00+00:00,65.02,65.05,64.94,64.989,8171
2026-06-11T21:25:00+00:00,64.99,65.1,64.94,65.05,15516
2026-06-11T21:30:00+00:00,65.1,65.18,65.052,65.08,12093
2026-06-11T21:35:00+00:00,65.08,65.09,64.94,64.94,8339
2026-06-11T21:40:00+00:00,64.95,65.09,64.94,65.06,49417
2026-06-11T21:45:00+00:00,65.039,65.06,65.0,65.051,5611
2026-06-11T21:50:00+00:00,65.05,65.144,65.05,65.089,14421
2026-06-11T21:55:00+00:00,65.085,65.12,65.05,65.12,10048
2026-06-11T22:00:00+00:00,65.12,65.24,65.06,65.239,33078
2026-06-11T22:05:00+00:00,65.204,65.42,65.201,65.4,15273
2026-06-11T22:10:00+00:00,65.4,65.7,65.35,65.68,42936
2026-06-11T22:15:00+00:00,65.67,65.84,65.46,65.62,14018
2026-06-11T22:20:00+00:00,65.686,65.84,65.62,65.83,13001
2026-06-11T22:25:00+00:00,65.83,65.96,65.72,65.959,8182
2026-06-11T22:30:00+00:00,65.92,66.082,65.86,66.017,16829
2026-06-11T22:35:00+00:00,66.074,66.074,65.861,65.99,10174
2026-06-11T22:40:00+00:00,66.0,66.27,65.99,66.22,22685
2026-06-11T22:45:00+00:00,66.218,66.35,66.082,66.12,16858
2026-06-11T22:50:00+00:00,66.125,66.5,66.125,66.4,26895
2026-06-11T22:55:00+00:00,66.39,66.5,66.08,66.11,22249
2026-06-11T23:00:00+00:00,66.1,66.2,65.37,65.63,36979
2026-06-11T23:05:00+00:00,65.73,65.94,65.509,65.61,21822
2026-06-11T23:10:00+00:00,65.61,65.93,65.59,65.895,16940
2026-06-11T23:15:00+00:00,65.9,65.9,65.07,65.606,18299
2026-06-11T23:20:00+00:00,65.603,65.67,65.0,65.07,27392
2026-06-11T23:25:00+00:00,65.1,65.21,64.49,65.14,15570
2026-06-11T23:30:00+00:00,65.163,65.98,65.16,65.387,16039
2026-06-11T23:35:00+00:00,65.4,65.65,65.3,65.609,17298
2026-06-11T23:40:00+00:00,65.6,65.88,65.6,65.721,14326
2026-06-11T23:45:00+00:00,65.72,66.55,65.607,66.502,8679
2026-06-11T23:50:00+00:00,66.523,66.7,65.79,66.01,19919
2026-06-11T23:55:00+00:00,66.04,66.06,65.81,66.011,34208
2026-06-12T08:00:00+00:00,61.24,65.6,61.24,63.41,355889
2026-06-12T08:05:00+00:00,63.39,65.25,62.35,63.399,37135
2026-06-12T08:10:00+00:00,63.48,63.69,63.39,63.6,13730
2026-06-12T08:15:00+00:00,63.62,64.116,63.4,64.115,10201
2026-06-12T08:20:00+00:00,64.1,64.35,63.9,64.228,9193
2026-06-12T08:25:00+00:00,64.255,64.34,63.913,63.97,6263
2026-06-12T08:30:00+00:00,63.91,63.99,63.67,63.749,3393
2026-06-12T08:35:00+00:00,63.62,63.87,63.5,63.841,43447
2026-06-12T08:40:00+00:00,63.839,63.839,63.565,63.655,4298
2026-06-12T08:45:00+00:00,63.69,63.909,63.539,63.909,1508
2026-06-12T08:50:00+00:00,63.805,63.9,63.8,63.891,2297
2026-06-12T08:55:00+00:00,63.9,63.9,63.656,63.656,2603
2026-06-12T09:00:00+00:00,63.657,63.94,63.65,63.821,2643
2026-06-12T09:05:00+00:00,63.81,63.891,63.7,63.866,7293
2026-06-12T09:10:00+00:00,63.836,63.85,63.75,63.83,11906
2026-06-12T09:15:00+00:00,63.87,64.1,63.85,64.01,6155
2026-06-12T09:20:00+00:00,64.09,64.09,63.9,63.974,2236
2026-06-12T09:25:00+00:00,63.955,64.3,63.95,64.29,2292
2026-06-12T09:30:00+00:00,64.295,64.37,64.085,64.37,7156
2026-06-12T09:35:00+00:00,64.47,64.47,64.19,64.2,7742
2026-06-12T09:40:00+00:00,64.25,64.35,64.147,64.35,12348
2026-06-12T09:45:00+00:00,64.27,64.37,64.25,64.255,3740
2026-06-12T09:50:00+00:00,64.25,64.36,64.21,64.325,3098
2026-06-12T09:55:00+00:00,64.32,64.44,64.256,64.35,4275
2026-06-12T10:00:00+00:00,64.3,64.45,64.281,64.45,2212
2026-06-12T10:05:00+00:00,64.41,64.45,64.29,64.395,4347
2026-06-12T10:10:00+00:00,64.327,64.39,64.08,64.091,824
2026-06-12T10:15:00+00:00,64.08,64.182,63.91,63.971,4377
2026-06-12T10:20:00+00:00,63.94,63.98,63.75,63.88,2943
2026-06-12T10:25:00+00:00,63.887,63.91,63.46,63.582,7628
2026-06-12T10:30:00+00:00,63.783,63.87,63.59,63.72,4680
2026-06-12T10:35:00+00:00,63.7,63.83,63.696,63.7,1790
2026-06-12T10:40:00+00:00,63.699,63.82,63.699,63.78,3982
2026-06-12T10:45:00+00:00,63.78,63.8,63.68,63.76,2789
2026-06-12T10:50:00+00:00,63.744,63.8,63.65,63.72,3087
2026-06-12T10:55:00+00:00,63.73,63.84,63.63,63.837,1764
2026-06-12T11:00:00+00:00,63.84,64.19,63.765,64.112,34231
2026-06-12T11:05:00+00:00,64.12,64.12,63.87,63.988,13765
2026-06-12T11:10:00+00:00,63.98,64.157,63.92,64.12,10066
2026-06-12T11:15:00+00:00,64.16,64.16,64.03,64.15,11626
2026-06-12T11:20:00+00:00,64.188,64.4,64.13,64.39,7194
2026-06-12T11:25:00+00:00,64.38,64.4,64.26,64.305,10309
2026-06-12T11:30:00+00:00,64.339,64.47,64.15,64.3,12488
2026-06-12T11:35:00+00:00,64.25,64.338,64.01,64.078,15539
2026-06-12T11:40:00+00:00,64.08,64.369,64.07,64.32,1916
2026-06-12T11:45:00+00:00,64.359,64.359,64.0,64.0,31193
2026-06-12T11:50:00+00:00,64.006,64.3,64.006,64.251,8905
2026-06-12T11:55:00+00:00,64.27,64.27,64.0,64.001,8871
2026-06-12T12:00:00+00:00,64.073,64.09,63.88,63.9,18274
2026-06-12T12:05:00+00:00,63.88,63.98,63.82,63.961,26616
2026-06-12T12:10:00+00:00,63.961,64.03,63.85,63.88,9783
2026-06-12T12:15:00+00:00,63.86,63.869,63.59,63.79,22682
2026-06-12T12:20:00+00:00,63.73,63.73,63.4,63.4,24142
2026-06-12T12:25:00+00:00,63.41,63.55,63.18,63.48,23452
2026-06-12T12:30:00+00:00,63.479,63.548,63.288,63.36,20543
2026-06-12T12:35:00+00:00,63.42,63.5,63.11,63.13,21231
2026-06-12T12:40:00+00:00,63.17,63.49,63.04,63.3,46051
2026-06-12T12:45:00+00:00,63.299,63.49,63.15,63.405,32260
2026-06-12T12:50:00+00:00,63.47,63.47,62.86,62.95,23135
2026-06-12T12:55:00+00:00,62.88,63.15,62.79,63.03,43031
2026-06-12T13:00:00+00:00,63.05,63.15,62.66,63.05,26146
2026-06-12T13:05:00+00:00,63.09,63.4,63.02,63.226,17963
2026-06-12T13:10:00+00:00,63.23,63.38,63.1,63.29,21808
2026-06-12T13:15:00+00:00,63.33,63.39,63.23,63.3,8876
2026-06-12T13:20:00+00:00,63.29,63.35,63.165,63.31,37859
2026-06-12T13:25:00+00:00,63.33,63.83,63.33,63.81,68851
2026-06-12T13:30:00+00:00,63.765,63.93,62.95,63.36,790394
2026-06-12T13:35:00+00:00,63.36,64.11,63.36,64.065,476361
2026-06-12T13:40:00+00:00,64.06,64.25,63.01,63.175,641811
2026-06-12T13:45:00+00:00,63.21,63.91,63.11,63.665,424768
2026-06-12T13:50:00+00:00,63.67,64.144,63.56,64.055,368573
2026-06-12T13:55:00+00:00,64.07,64.84,63.97,64.46,456120
2026-06-12T14:00:00+00:00,64.44,65.48,64.43,65.415,465445
2026-06-12T14:05:00+00:00,65.425,65.8,65.1,65.78,625507
2026-06-12T14:10:00+00:00,65.74,65.8,65.4,65.68,466672
2026-06-12T14:15:00+00:00,65.66,65.88,65.48,65.55,298568
2026-06-12T14:20:00+00:00,65.545,65.65,64.63,64.69,346582
2026-06-12T14:25:00+00:00,64.71,65.2,64.7,64.87,276442
2026-06-12T14:30:00+00:00,64.9,65.12,64.61,64.88,301637
2026-06-12T14:35:00+00:00,64.9,65.21,64.71,64.72,217964
2026-06-12T14:40:00+00:00,64.71,64.76,64.17,64.28,328829
2026-06-12T14:45:00+00:00,64.28,64.49,63.95,64.13,234130
2026-06-12T14:50:00+00:00,64.1,65.2,64.05,65.125,290876
2026-06-12T14:55:00+00:00,65.12,65.23,64.9,65.06,264950
2026-06-12T15:00:00+00:00,65.049,65.25,64.85,65.03,165299
2026-06-12T15:05:00+00:00,65.081,65.37,65.02,65.255,220133
2026-06-12T15:10:00+00:00,65.25,65.51,65.12,65.509,121782
2026-06-12T15:15:00+00:00,65.52,65.8,65.38,65.72,444294
2026-06-12T15:20:00+00:00,65.73,65.74,65.365,65.54,148223
2026-06-12T15:25:00+00:00,65.54,65.76,65.511,65.715,170433
2026-06-12T15:30:00+00:00,65.68,65.76,65.436,65.69,246881
2026-06-12T15:35:00+00:00,65.675,65.785,65.32,65.51,367693
2026-06-12T15:40:00+00:00,65.52,65.54,64.89,64.95,337327
2026-06-12T15:45:00+00:00,64.95,65.33,64.64,64.65,111566
2026-06-12T15:50:00+00:00,64.6,65.221,64.56,64.998,109468
2026-06-12T15:55:00+00:00,65.01,65.08,64.2,64.335,193240
2026-06-12T16:00:00+00:00,64.32,64.72,64.25,64.555,119030
2026-06-12T16:05:00+00:00,64.584,64.95,64.5,64.93,103984
2026-06-12T16:10:00+00:00,64.905,65.38,64.72,65.22,103825
2026-06-12T16:15:00+00:00,65.25,65.45,65.03,65.13,161772
2026-06-12T16:20:00+00:00,65.2,65.255,65.0,65.124,70529
2026-06-12T16:25:00+00:00,65.127,65.245,65.0,65.225,139733
2026-06-12T16:30:00+00:00,65.22,65.5,65.175,65.46,76400
2026-06-12T16:35:00+00:00,65.439,65.5,65.3,65.405,85352
2026-06-12T16:40:00+00:00,65.41,65.54,65.3,65.455,88139
2026-06-12T16:45:00+00:00,65.43,65.72,65.37,65.695,187868
2026-06-12T16:50:00+00:00,65.71,65.82,65.63,65.655,149576
2026-06-12T16:55:00+00:00,65.64,65.8,65.31,65.78,204639
2026-06-12T17:00:00+00:00,65.78,65.81,65.55,65.728,84860
2026-06-12T17:05:00+00:00,65.717,65.96,65.67,65.94,95799
2026-06-12T17:10:00+00:00,65.93,65.96,65.7,65.85,107362
2026-06-12T17:15:00+00:00,65.88,66.11,65.84,66.088,255875
2026-06-12T17:20:00+00:00,66.09,66.17,65.99,66.07,252587
2026-06-12T17:25:00+00:00,66.045,66.08,65.87,66.03,118929
2026-06-12T17:30:00+00:00,66.03,66.06,65.72,65.765,114338
2026-06-12T17:35:00+00:00,65.76,65.97,65.734,65.93,61069
2026-06-12T17:40:00+00:00,65.92,65.97,65.83,65.84,67303
2026-06-12T17:45:00+00:00,65.85,65.99,65.808,65.875,57825
2026-06-12T17:50:00+00:00,65.899,65.95,65.8,65.86,61019
2026-06-12T17:55:00+00:00,65.865,65.88,65.51,65.67,80960
2026-06-12T18:00:00+00:00,65.8,65.8,65.564,65.615,64552
2026-06-12T18:05:00+00:00,65.62,65.68,65.441,65.615,87310
2026-06-12T18:10:00+00:00,65.597,65.88,65.55,65.58,71158
2026-06-12T18:15:00+00:00,65.573,65.65,65.33,65.56,97857
2026-06-12T18:20:00+00:00,65.53,65.62,65.46,65.51,81483
2026-06-12T18:25:00+00:00,65.534,65.88,65.5,65.83,164540
2026-06-12T18:30:00+00:00,65.82,65.89,65.72,65.85,66012
2026-06-12T18:35:00+00:00,65.878,65.915,65.827,65.89,59134
2026-06-12T18:40:00+00:00,65.9,65.96,65.8,65.86,47349
2026-06-12T18:45:00+00:00,65.877,65.89,65.73,65.89,75092
2026-06-12T18:50:00+00:00,65.9,65.92,65.74,65.79,52717
2026-06-12T18:55:00+00:00,65.77,65.82,65.46,65.48,85669
2026-06-12T19:00:00+00:00,65.499,65.75,65.47,65.7,92478
2026-06-12T19:05:00+00:00,65.695,65.765,65.52,65.58,47737
2026-06-12T19:10:00+00:00,65.59,65.61,65.35,65.445,83841
2026-06-12T19:15:00+00:00,65.489,65.63,65.41,65.605,81633
2026-06-12T19:20:00+00:00,65.58,65.63,65.46,65.55,80434
2026-06-12T19:25:00+00:00,65.599,65.64,65.38,65.396,73187
2026-06-12T19:30:00+00:00,65.39,65.45,65.08,65.085,144769
2026-06-12T19:35:00+00:00,65.08,65.55,64.96,65.19,151473
2026-06-12T19:40:00+00:00,65.185,65.44,65.13,65.19,133950
2026-06-12T19:45:00+00:00,65.2,65.24,65.05,65.2,110497
2026-06-12T19:50:00+00:00,65.21,65.3,65.06,65.24,163386
2026-06-12T19:55:00+00:00,65.17,65.215,65.0,65.01,195276
2026-06-12T20:00:00+00:00,65.01,65.038,64.88,64.92,18610
2026-06-12T20:05:00+00:00,64.98,65.5,64.91,65.338,29860
2026-06-12T20:10:00+00:00,65.01,65.339,65.01,65.299,18337
2026-06-12T20:15:00+00:00,65.29,65.44,65.23,65.371,9521
2026-06-12T20:20:00+00:00,65.37,65.49,65.36,65.476,4169
2026-06-12T20:25:00+00:00,65.48,65.48,65.2,65.22,7630
2026-06-12T20:30:00+00:00,65.22,65.248,65.12,65.15,3581
2026-06-12T20:35:00+00:00,65.15,65.21,65.15,65.21,3065
2026-06-12T20:40:00+00:00,65.21,65.27,65.21,65.243,7392
2026-06-12T20:45:00+00:00,65.214,65.22,65.15,65.151,1838
2026-06-12T20:50:00+00:00,65.15,65.22,65.1,65.101,737
2026-06-12T20:55:00+00:00,65.15,65.16,65.0,65.0,1209
2026-06-12T21:00:00+00:00,65.12,65.12,65.0,65.049,4804
2026-06-12T21:05:00+00:00,65.05,65.11,65.01,65.11,1541
2026-06-12T21:10:00+00:00,65.1,65.11,65.05,65.11,1389
2026-06-12T21:15:00+00:00,65.15,65.17,65.11,65.12,466
2026-06-12T21:20:00+00:00,65.12,65.13,65.11,65.13,1143
2026-06-12T21:25:00+00:00,65.13,65.16,65.11,65.131,1454
2026-06-12T21:30:00+00:00,65.131,65.23,65.13,65.22,42731
2026-06-12T21:35:00+00:00,65.212,65.28,65.2,65.269,3672
2026-06-12T21:40:00+00:00,65.264,65.3,65.26,65.29,2124
2026-06-12T21:45:00+00:00,65.29,65.344,65.28,65.29,1184
2026-06-12T21:50:00+00:00,65.29,65.3,65.28,65.28,11493
2026-06-12T21:55:00+00:00,65.271,65.3,65.21,65.242,2972
2026-06-12T22:00:00+00:00,65.23,65.24,65.13,65.228,4520
2026-06-12T22:05:00+00:00,65.23,65.24,65.2,65.23,754
2026-06-12T22:10:00+00:00,65.229,65.23,65.171,65.186,1260
2026-06-12T22:15:00+00:00,65.2,65.2,65.11,65.11,3804
2026-06-12T22:20:00+00:00,65.12,65.15,65.11,65.13,3534
2026-06-12T22:25:00+00:00,65.12,65.19,65.11,65.16,3882
2026-06-12T22:30:00+00:00,65.12,65.21,65.12,65.19,2151
2026-06-12T22:35:00+00:00,65.2,65.21,65.13,65.13,1202
2026-06-12T22:40:00+00:00,65.21,65.25,65.12,65.18,2522
2026-06-12T22:45:00+00:00,65.17,65.26,65.15,65.233,5181
2026-06-12T22:50:00+00:00,65.196,65.25,65.15,65.245,1249
2026-06-12T22:55:00+00:00,65.24,65.296,65.2,65.28,2294
2026-06-12T23:00:00+00:00,65.3,65.35,65.25,65.33,9562
2026-06-12T23:05:00+00:00,65.33,65.35,65.3,65.3,1466
2026-06-12T23:10:00+00:00,65.34,65.37,65.3,65.35,4099
2026-06-12T23:15:00+00:00,65.332,65.5,65.33,65.5,3939
2026-06-12T23:20:00+00:00,65.49,65.519,65.46,65.519,3838
2026-06-12T23:25:00+00:00,65.51,65.6,65.43,65.477,5603
2026-06-12T23:30:00+00:00,65.44,65.56,65.424,65.56,2210
2026-06-12T23:35:00+00:00,65.56,65.643,65.505,65.64,3438
2026-06-12T23:40:00+00:00,65.65,65.69,65.58,65.68,3314
2026-06-12T23:45:00+00:00,65.678,65.687,65.599,65.599,4796
2026-06-12T23:50:00+00:00,65.586,65.6,65.22,65.4,10687
2026-06-12T23:55:00+00:00,65.45,65.55,65.39,65.5,5734
2026-06-15T08:00:00+00:00,67.92,68.31,67.71,68.3,41104
2026-06-15T08:05:00+00:00,68.296,68.45,67.77,68.438,18769
2026-06-15T08:10:00+00:00,68.436,68.69,68.336,68.65,9805
2026-06-15T08:15:00+00:00,68.67,68.705,68.524,68.55,9453
2026-06-15T08:20:00+00:00,68.58,68.65,68.494,68.495,8320
2026-06-15T08:25:00+00:00,68.434,68.79,68.434,68.772,3737
2026-06-15T08:30:00+00:00,68.777,68.95,68.704,68.93,5746
2026-06-15T08:35:00+00:00,68.892,68.98,68.86,68.917,3951
2026-06-15T08:40:00+00:00,68.92,68.98,68.85,68.92,5761
2026-06-15T08:45:00+00:00,68.92,68.95,68.75,68.787,38206
2026-06-15T08:50:00+00:00,68.76,68.95,68.66,68.739,9080
2026-06-15T08:55:00+00:00,68.75,68.82,68.66,68.775,4341
2026-06-15T09:00:00+00:00,68.78,68.93,68.78,68.833,3310
2026-06-15T09:05:00+00:00,68.85,68.878,68.76,68.878,1724
2026-06-15T09:10:00+00:00,68.877,68.877,68.711,68.742,6081
2026-06-15T09:15:00+00:00,68.75,68.75,68.6,68.602,3939
2026-06-15T09:20:00+00:00,68.62,68.666,68.57,68.66,6936
2026-06-15T09:25:00+00:00,68.63,68.67,68.55,68.57,1483
2026-06-15T09:30:00+00:00,68.555,68.57,68.4,68.405,4424
2026-06-15T09:35:00+00:00,68.455,68.54,68.405,68.48,16590
2026-06-15T09:40:00+00:00,68.485,68.538,68.42,68.47,1427
2026-06-15T09:45:00+00:00,68.42,68.49,68.31,68.45,8668
2026-06-15T09:50:00+00:00,68.48,68.6,68.427,68.58,1245
2026-06-15T09:55:00+00:00,68.599,68.61,68.556,68.58,2238
2026-06-15T10:00:00+00:00,68.56,68.62,68.54,68.54,1245
2026-06-15T10:05:00+00:00,68.51,68.59,68.48,68.59,1413
2026-06-15T10:10:00+00:00,68.59,68.68,68.56,68.68,1667
2026-06-15T10:15:00+00:00,68.68,68.7,68.65,68.65,1426
2026-06-15T10:20:00+00:00,68.653,68.673,68.574,68.61,1918
2026-06-15T10:25:00+00:00,68.63,68.68,68.623,68.663,4727
2026-06-15T10:30:00+00:00,68.68,68.68,68.54,68.54,1393
2026-06-15T10:35:00+00:00,68.58,68.678,68.58,68.62,1479
2026-06-15T10:40:00+00:00,68.64,68.75,68.608,68.75,636
2026-06-15T10:45:00+00:00,68.78,68.88,68.74,68.867,1114
2026-06-15T10:50:00+00:00,68.832,68.87,68.78,68.8,806
2026-06-15T10:55:00+00:00,68.83,68.85,68.75,68.75,3944
2026-06-15T11:00:00+00:00,68.75,68.88,68.65,68.83,65857
2026-06-15T11:05:00+00:00,68.87,68.87,68.8,68.82,29329
2026-06-15T11:10:00+00:00,68.82,68.99,68.79,68.947,27919
2026-06-15T11:15:00+00:00,68.95,69.0,68.93,68.981,24520
2026-06-15T11:20:00+00:00,68.982,69.12,68.981,69.09,27515
2026-06-15T11:25:00+00:00,69.1,69.18,69.03,69.165,38415
2026-06-15T11:30:00+00:00,69.16,69.3,69.14,69.16,23729
2026-06-15T11:35:00+00:00,69.17,69.28,69.13,69.28,15222
2026-06-15T11:40:00+00:00,69.299,69.33,69.11,69.18,24630
2026-06-15T11:45:00+00:00,69.131,69.25,69.12,69.24,27799
2026-06-15T11:50:00+00:00,69.23,69.33,69.23,69.3,13116
2026-06-15T11:55:00+00:00,69.3,69.31,69.03,69.1,20163
2026-06-15T12:00:00+00:00,69.1,69.2,69.0,69.18,13362
2026-06-15T12:05:00+00:00,69.175,69.26,69.11,69.168,14704
2026-06-15T12:10:00+00:00,69.19,69.28,69.17,69.24,6661
2026-06-15T12:15:00+00:00,69.241,69.27,69.04,69.089,12427
2026-06-15T12:20:00+00:00,69.05,69.14,69.001,69.1,16113
2026-06-15T12:25:00+00:00,69.12,69.16,69.04,69.12,5981
2026-06-15T12:30:00+00:00,69.11,69.23,69.06,69.17,21771
2026-06-15T12:35:00+00:00,69.176,69.27,69.15,69.269,23066
2026-06-15T12:40:00+00:00,69.27,69.31,69.2,69.216,25771
2026-06-15T12:45:00+00:00,69.22,69.25,69.11,69.24,10110
2026-06-15T12:50:00+00:00,69.24,69.28,69.2,69.24,21098
2026-06-15T12:55:00+00:00,69.22,69.27,69.15,69.191,21500
2026-06-15T13:00:00+00:00,69.24,69.26,69.11,69.16,26192
2026-06-15T13:05:00+00:00,69.15,69.249,69.1,69.22,20847
2026-06-15T13:10:00+00:00,69.22,69.32,69.21,69.26,26540
2026-06-15T13:15:00+00:00,69.26,69.32,69.24,69.24,54831
2026-06-15T13:20:00+00:00,69.24,69.31,69.22,69.309,47069
2026-06-15T13:25:00+00:00,69.31,69.82,69.31,69.64,97802
2026-06-15T13:30:00+00:00,69.64,70.41,69.4,69.44,1176376
2026-06-15T13:35:00+00:00,69.43,69.79,68.96,68.98,691356
2026-06-15T13:40:00+00:00,68.981,69.38,68.92,69.065,646905
2026-06-15T13:45:00+00:00,69.07,69.715,69.061,69.69,434463
2026-06-15T13:50:00+00:00,69.695,69.9,69.54,69.58,490154
2026-06-15T13:55:00+00:00,69.58,69.779,68.952,68.98,434935
2026-06-15T14:00:00+00:00,68.98,69.29,68.77,69.25,467381
2026-06-15T14:05:00+00:00,69.265,69.479,69.1,69.154,347860
2026-06-15T14:10:00+00:00,69.155,69.52,69.03,69.512,317220
2026-06-15T14:15:00+00:00,69.49,69.59,69.29,69.43,362069
2026-06-15T14:20:00+00:00,69.42,69.67,69.2,69.613,296307
2026-06-15T14:25:00+00:00,69.635,69.969,69.63,69.955,435353
2026-06-15T14:30:00+00:00,69.975,70.03,69.615,69.7,378311
2026-06-15T14:35:00+00:00,69.7,69.81,69.62,69.75,272305
2026-06-15T14:40:00+00:00,69.76,69.81,69.53,69.565,235175
2026-06-15T14:45:00+00:00,69.569,69.73,69.52,69.68,168568
2026-06-15T14:50:00+00:00,69.68,69.85,69.66,69.8,150126
2026-06-15T14:55:00+00:00,69.79,70.014,69.685,69.76,219105
2026-06-15T15:00:00+00:00,69.76,70.1,69.732,70.045,281592
2026-06-15T15:05:00+00:00,70.045,70.2,70.013,70.2,296533
2026-06-15T15:10:00+00:00,70.195,70.2,69.96,70.09,206014
2026-06-15T15:15:00+00:00,70.11,70.15,70.01,70.14,179610
2026-06-15T15:20:00+00:00,70.14,70.26,70.14,70.23,196542
2026-06-15T15:25:00+00:00,70.225,70.35,70.15,70.32,179944
2026-06-15T15:30:00+00:00,70.32,70.459,70.165,70.18,292298
2026-06-15T15:35:00+00:00,70.17,70.33,70.11,70.33,244241
2026-06-15T15:40:00+00:00,70.32,70.41,70.18,70.21,131971
2026-06-15T15:45:00+00:00,70.22,70.36,70.19,70.338,137402
2026-06-15T15:50:00+00:00,70.32,70.45,70.28,70.29,153095
2026-06-15T15:55:00+00:00,70.3,70.427,70.249,70.34,110779
2026-06-15T16:00:00+00:00,70.348,70.515,70.32,70.475,119005
2026-06-15T16:05:00+00:00,70.49,70.68,70.48,70.665,119497
2026-06-15T16:10:00+00:00,70.67,70.79,70.61,70.755,178972
2026-06-15T16:15:00+00:00,70.758,70.77,70.605,70.71,144517
2026-06-15T16:20:00+00:00,70.715,70.75,70.58,70.71,128450
2026-06-15T16:25:00+00:00,70.723,70.77,70.54,70.545,127086
2026-06-15T16:30:00+00:00,70.545,70.61,70.38,70.49,140363
2026-06-15T16:35:00+00:00,70.485,70.56,70.38,70.461,132874
2026-06-15T16:40:00+00:00,70.465,70.57,70.38,70.43,208321
2026-06-15T16:45:00+00:00,70.41,70.43,70.3,70.4,122792
2026-06-15T16:50:00+00:00,70.41,70.46,70.34,70.46,76840
2026-06-15T16:55:00+00:00,70.46,70.54,70.39,70.41,85882
2026-06-15T17:00:00+00:00,70.41,70.541,70.365,70.48,71723
2026-06-15T17:05:00+00:00,70.49,70.56,70.29,70.34,112138
2026-06-15T17:10:00+00:00,70.33,70.46,70.3,70.31,295111
2026-06-15T17:15:00+00:00,70.305,70.5,70.28,70.45,81807
2026-06-15T17:20:00+00:00,70.443,70.55,70.41,70.54,71440
2026-06-15T17:25:00+00:00,70.54,70.7,70.525,70.694,94941
2026-06-15T17:30:00+00:00,70.7,70.705,70.52,70.545,100150
2026-06-15T17:35:00+00:00,70.535,70.58,70.5,70.505,152097
2026-06-15T17:40:00+00:00,70.49,70.52,70.46,70.51,64333
2026-06-15T17:45:00+00:00,70.52,70.585,70.49,70.56,67630
2026-06-15T17:50:00+00:00,70.59,70.67,70.525,70.55,76891
2026-06-15T17:55:00+00:00,70.555,70.595,70.485,70.51,72927
2026-06-15T18:00:00+00:00,70.51,70.55,70.39,70.395,141403
2026-06-15T18:05:00+00:00,70.39,70.59,70.385,70.55,68493
2026-06-15T18:10:00+00:00,70.55,70.63,70.525,70.605,86333
2026-06-15T18:15:00+00:00,70.615,70.72,70.59,70.7,55637
2026-06-15T18:20:00+00:00,70.709,70.71,70.605,70.66,73439
2026-06-15T18:25:00+00:00,70.66,70.748,70.51,70.53,112629
2026-06-15T18:30:00+00:00,70.526,70.64,70.46,70.555,75592
2026-06-15T18:35:00+00:00,70.55,70.75,70.535,70.74,80619
2026-06-15T18:40:00+00:00,70.74,70.88,70.69,70.88,109957
2026-06-15T18:45:00+00:00,70.86,71.12,70.835,71.07,177737
2026-06-15T18:50:00+00:00,71.08,71.13,70.94,70.969,134663
2026-06-15T18:55:00+00:00,70.96,71.025,70.78,70.835,127370
2026-06-15T19:00:00+00:00,70.84,70.92,70.77,70.81,133552
2026-06-15T19:05:00+00:00,70.8,70.927,70.71,70.865,160703
2026-06-15T19:10:00+00:00,70.87,70.973,70.8,70.845,220213
2026-06-15T19:15:00+00:00,70.85,70.935,70.765,70.911,108992
2026-06-15T19:20:00+00:00,70.92,70.97,70.75,70.88,123981
2026-06-15T19:25:00+00:00,70.88,70.93,70.835,70.87,306541
2026-06-15T19:30:00+00:00,70.87,70.955,70.84,70.88,342246
2026-06-15T19:35:00+00:00,70.89,71.045,70.89,71.035,397284
2026-06-15T19:40:00+00:00,71.035,71.06,70.96,71.0,388560
2026-06-15T19:45:00+00:00,70.99,71.015,70.9,71.0,432406
2026-06-15T19:50:00+00:00,70.98,71.03,70.87,70.915,680985
2026-06-15T19:55:00+00:00,70.915,71.17,70.88,71.07,536076
2026-06-15T20:00:00+00:00,71.1,71.19,71.04,71.07,19489
2026-06-15T20:05:00+00:00,71.12,71.13,70.992,71.0,19948
2026-06-15T20:10:00+00:00,70.999,71.07,70.47,70.822,94876
2026-06-15T20:15:00+00:00,70.898,70.898,70.651,70.83,22239
2026-06-15T20:20:00+00:00,70.91,71.04,70.75,71.0,7827
2026-06-15T20:25:00+00:00,70.996,71.01,70.71,70.78,10726
2026-06-15T20:30:00+00:00,70.783,70.82,70.66,70.75,28420
2026-06-15T20:35:00+00:00,70.769,70.78,70.74,70.741,3877
2026-06-15T20:40:00+00:00,70.749,70.79,70.55,70.677,12210
2026-06-15T20:45:00+00:00,70.61,70.68,70.51,70.63,3611
2026-06-15T20:50:00+00:00,70.68,70.74,70.6,70.74,1602
2026-06-15T20:55:00+00:00,70.739,70.81,70.67,70.8,4723
2026-06-15T21:00:00+00:00,70.809,70.809,70.7,70.7,32915
2026-06-15T21:05:00+00:00,70.702,70.77,70.66,70.769,3959
2026-06-15T21:10:00+00:00,70.7,70.77,70.7,70.75,2966
2026-06-15T21:15:00+00:00,70.75,70.758,70.7,70.71,10799
2026-06-15T21:20:00+00:00,70.7,70.81,70.7,70.8,1983
2026-06-15T21:25:00+00:00,70.81,71.0,70.79,70.93,3917
2026-06-15T21:30:00+00:00,70.92,71.0,70.8,70.985,1313
2026-06-15T21:35:00+00:00,70.989,71.0,70.9,70.99,2438
2026-06-15T21:40:00+00:00,70.998,71.0,70.7,70.77,13003
2026-06-15T21:45:00+00:00,70.713,70.98,70.7,70.85,3349
2026-06-15T21:50:00+00:00,70.84,70.85,70.75,70.83,1371
2026-06-15T21:55:00+00:00,70.83,71.0,70.83,70.987,3914
2026-06-15T22:00:00+00:00,70.96,71.12,70.93,71.12,2978
2026-06-15T22:05:00+00:00,71.1,71.15,71.05,71.096,6415
2026-06-15T22:10:00+00:00,71.1,71.16,70.72,70.73,2393
2026-06-15T22:15:00+00:00,70.76,70.9,70.71,70.71,11420
2026-06-15T22:20:00+00:00,70.71,70.72,70.5,70.557,13337
2026-06-15T22:25:00+00:00,70.59,70.6,70.45,70.59,9236
2026-06-15T22:30:00+00:00,70.59,70.74,70.5,70.54,2455
2026-06-15T22:35:00+00:00,70.55,70.67,70.51,70.58,5586
2026-06-15T22:40:00+00:00,70.582,70.67,70.58,70.665,5617
2026-06-15T22:45:00+00:00,70.6,70.74,70.6,70.7,2257
2026-06-15T22:50:00+00:00,70.7,70.8,70.65,70.69,4352
2026-06-15T22:55:00+00:00,70.68,70.93,70.66,70.87,4135
2026-06-15T23:00:00+00:00,70.87,70.99,70.764,70.8,2952
2026-06-15T23:05:00+00:00,70.825,70.85,70.62,70.79,4040
2026-06-15T23:10:00+00:00,70.787,70.79,70.698,70.698,3405
2026-06-15T23:15:00+00:00,70.7,70.83,70.6,70.66,2541
2026-06-15T23:20:00+00:00,70.68,70.79,70.62,70.79,5339
2026-06-15T23:25:00+00:00,70.752,70.82,70.75,70.82,1923
2026-06-15T23:30:00+00:00,70.81,70.89,70.8,70.88,2287
2026-06-15T23:35:00+00:00,70.83,70.89,70.8,70.84,1586
2026-06-15T23:40:00+00:00,70.87,70.93,70.71,70.769,4177
2026-06-15T23:45:00+00:00,70.77,70.788,70.62,70.65,4284
2026-06-15T23:50:00+00:00,70.65,70.738,70.65,70.738,4253
2026-06-15T23:55:00+00:00,70.779,70.86,70.71,70.797,14743
2026-06-16T08:00:00+00:00,70.96,71.06,70.14,71.035,98153
2026-06-16T08:05:00+00:00,71.051,71.22,70.5,71.21,11117
2026-06-16T08:10:00+00:00,71.23,71.491,71.23,71.38,5079
2026-06-16T08:15:00+00:00,71.42,71.68,71.42,71.68,7502
2026-06-16T08:20:00+00:00,71.69,71.93,71.53,71.86,11803
2026-06-16T08:25:00+00:00,71.86,72.12,71.81,72.066,9850
2026-06-16T08:30:00+00:00,72.12,72.25,71.92,72.053,13387
2026-06-16T08:35:00+00:00,72.026,72.09,71.7,71.846,11945
2026-06-16T08:40:00+00:00,71.846,71.93,71.783,71.924,4969
2026-06-16T08:45:00+00:00,71.98,72.21,71.83,72.176,10921
2026-06-16T08:50:00+00:00,72.171,72.38,72.171,72.362,9160
2026-06-16T08:55:00+00:00,72.38,72.63,72.36,72.53,16704
2026-06-16T09:00:00+00:00,72.58,72.86,72.515,72.691,11337
2026-06-16T09:05:00+00:00,72.691,72.7,72.415,72.499,10919
2026-06-16T09:10:00+00:00,72.48,72.59,72.44,72.503,5518
2026-06-16T09:15:00+00:00,72.521,72.6,72.32,72.32,10782
2026-06-16T09:20:00+00:00,72.3,72.51,72.25,72.51,8086
2026-06-16T09:25:00+00:00,72.5,72.51,72.4,72.41,3843
2026-06-16T09:30:00+00:00,72.413,72.489,72.23,72.34,12591
2026-06-16T09:35:00+00:00,72.319,72.35,72.25,72.3,6750
2026-06-16T09:40:00+00:00,72.29,72.29,72.112,72.15,16740
2026-06-16T09:45:00+00:00,72.2,72.3,72.15,72.297,6271
2026-06-16T09:50:00+00:00,72.298,72.42,72.288,72.4,6723
2026-06-16T09:55:00+00:00,72.46,72.46,72.208,72.26,10153
2026-06-16T10:00:00+00:00,72.34,72.42,72.0,72.195,7525
2026-06-16T10:05:00+00:00,72.185,72.247,72.174,72.18,510
2026-06-16T10:10:00+00:00,72.2,72.256,72.18,72.256,507
2026-06-16T10:15:00+00:00,72.27,72.359,72.25,72.28,920
2026-06-16T10:20:00+00:00,72.28,72.35,72.22,72.311,1665
2026-06-16T10:25:00+00:00,72.303,72.46,72.303,72.35,8626
2026-06-16T10:30:00+00:00,72.41,72.45,72.34,72.44,4330
2026-06-16T10:35:00+00:00,72.46,72.7,72.437,72.582,10641
2026-06-16T10:40:00+00:00,72.59,72.6,72.55,72.56,3621
2026-06-16T10:45:00+00:00,72.55,72.67,72.501,72.58,5572
2026-06-16T10:50:00+00:00,72.599,72.6,72.49,72.493,1412
2026-06-16T10:55:00+00:00,72.48,72.57,72.453,72.512,5043
2026-06-16T11:00:00+00:00,72.49,72.67,72.4,72.626,42956
2026-06-16T11:05:00+00:00,72.661,72.68,72.6,72.65,30193
2026-06-16T11:10:00+00:00,72.65,72.86,72.63,72.84,23715
2026-06-16T11:15:00+00:00,72.79,72.85,72.702,72.8,18110
2026-06-16T11:20:00+00:00,72.8,72.83,72.7,72.79,10478
2026-06-16T11:25:00+00:00,72.79,72.879,72.61,72.86,19391
2026-06-16T11:30:00+00:00,72.85,72.85,72.51,72.52,20929
2026-06-16T11:35:00+00:00,72.55,72.55,72.38,72.406,55965
2026-06-16T11:40:00+00:00,72.46,72.61,72.4,72.52,25302
2026-06-16T11:45:00+00:00,72.62,72.66,72.48,72.64,15290
2026-06-16T11:50:00+00:00,72.64,72.84,72.5,72.76,24459
2026-06-16T11:55:00+00:00,72.76,72.81,72.686,72.7,17634
2026-06-16T12:00:00+00:00,72.69,72.78,72.59,72.67,25353
2026-06-16T12:05:00+00:00,72.73,72.81,72.64,72.81,21102
2026-06-16T12:10:00+00:00,72.8,72.84,72.39,72.408,28361
2026-06-16T12:15:00+00:00,72.41,72.41,72.08,72.17,28232
2026-06-16T12:20:00+00:00,72.18,72.19,71.58,71.6,35203
2026-06-16T12:25:00+00:00,71.6,72.0,71.57,71.8,29752
2026-06-16T12:30:00+00:00,71.8,72.0,71.7,71.88,30080
2026-06-16T12:35:00+00:00,71.88,72.0,71.81,71.96,13516
2026-06-16T12:40:00+00:00,71.96,71.96,71.55,71.65,24064
2026-06-16T12:45:00+00:00,71.602,71.68,71.43,71.53,19387
2026-06-16T12:50:00+00:00,71.5,71.67,71.47,71.53,21776
2026-06-16T12:55:00+00:00,71.52,71.83,71.52,71.7,42317
2026-06-16T13:00:00+00:00,71.74,71.749,71.51,71.66,37613
2026-06-16T13:05:00+00:00,71.656,71.66,71.161,71.194,17010
2026-06-16T13:10:00+00:00,71.17,71.381,71.1,71.338,20436
2026-06-16T13:15:00+00:00,71.338,71.7,71.307,71.68,23262
2026-06-16T13:20:00+00:00,71.7,71.87,71.6,71.8,26707
2026-06-16T13:25:00+00:00,71.75,71.87,71.41,71.42,43964
2026-06-16T13:30:00+00:00,71.72,71.72,71.18,71.66,830876
2026-06-16T13:35:00+00:00,71.67,72.578,71.65,72.06,1044151
2026-06-16T13:40:00+00:00,72.04,72.61,71.94,72.055,611848
2026-06-16T13:45:00+00:00,72.055,72.41,71.96,72.23,464955
2026-06-16T13:50:00+00:00,72.238,72.43,72.07,72.35,395376
2026-06-16T13:55:00+00:00,72.36,72.39,71.71,71.755,390805
2026-06-16T14:00:00+00:00,71.76,71.87,71.447,71.63,411709
2026-06-16T14:05:00+00:00,71.61,71.779,71.524,71.66,181287
2026-06-16T14:10:00+00:00,71.69,71.775,71.486,71.665,163245
2026-06-16T14:15:00+00:00,71.67,71.71,70.9,70.905,308815
2026-06-16T14:20:00+00:00,70.901,71.1,70.27,70.68,781238
2026-06-16T14:25:00+00:00,70.66,70.98,70.32,70.32,375766
2026-06-16T14:30:00+00:00,70.3,70.32,69.6,69.8,853999
2026-06-16T14:35:00+00:00,69.785,70.39,69.77,70.36,365643
2026-06-16T14:40:00+00:00,70.33,70.56,70.24,70.45,350672
2026-06-16T14:45:00+00:00,70.4,70.41,70.06,70.11,280124
2026-06-16T14:50:00+00:00,70.12,70.38,70.1,70.2,231103
2026-06-16T14:55:00+00:00,70.16,70.21,69.45,69.68,402524
2026-06-16T15:00:00+00:00,69.665,69.915,69.48,69.87,250907
2026-06-16T15:05:00+00:00,69.89,70.07,69.73,69.989,198774
2026-06-16T15:10:00+00:00,69.975,70.205,69.76,69.84,197054
2026-06-16T15:15:00+00:00,69.82,70.12,69.58,69.65,171541
2026-06-16T15:20:00+00:00,69.68,69.81,69.13,69.263,316334
2026-06-16T15:25:00+00:00,69.28,69.35,68.83,69.085,503331
2026-06-16T15:30:00+00:00,69.11,69.23,68.95,68.975,348949
2026-06-16T15:35:00+00:00,68.982,69.16,68.4,68.46,350613
2026-06-16T15:40:00+00:00,68.49,68.62,68.22,68.28,501456
2026-06-16T15:45:00+00:00,68.27,68.365,67.73,67.94,635118
2026-06-16T15:50:00+00:00,67.925,68.88,67.73,68.83,529194
2026-06-16T15:55:00+00:00,68.83,69.047,68.68,68.73,377388
2026-06-16T16:00:00+00:00,68.745,69.3,68.74,69.26,305746
2026-06-16T16:05:00+00:00,69.28,69.46,69.203,69.385,214485
2026-06-16T16:10:00+00:00,69.37,69.58,69.235,69.41,126802
2026-06-16T16:15:00+00:00,69.425,69.74,69.36,69.71,110705
2026-06-16T16:20:00+00:00,69.7,69.838,69.595,69.8,189621
2026-06-16T16:25:00+00:00,69.77,69.821,69.565,69.66,105859
2026-06-16T16:30:00+00:00,69.67,69.68,69.11,69.155,159901
2026-06-16T16:35:00+00:00,69.16,69.24,68.88,69.12,131436
2026-06-16T16:40:00+00:00,69.1,69.47,69.09,69.375,146721
2026-06-16T16:45:00+00:00,69.39,69.5,69.23,69.29,125882
2026-06-16T16:50:00+00:00,69.32,69.48,69.245,69.27,82309
2026-06-16T16:55:00+00:00,69.27,69.32,68.95,69.26,126581
2026-06-16T17:00:00+00:00,69.24,69.24,68.91,69.03,95616
2026-06-16T17:05:00+00:00,69.03,69.04,68.84,68.9,139075
2026-06-16T17:10:00+00:00,68.9,69.15,68.89,69.02,71991
2026-06-16T17:15:00+00:00,69.0,69.14,68.9,68.95,74918
2026-06-16T17:20:00+00:00,68.94,69.0,68.733,69.0,110836
2026-06-16T17:25:00+00:00,69.0,69.055,68.85,68.97,81866
2026-06-16T17:30:00+00:00,68.97,68.99,68.755,68.86,95910
2026-06-16T17:35:00+00:00,68.85,68.88,68.66,68.69,98660
2026-06-16T17:40:00+00:00,68.7,68.94,68.6,68.87,103993
2026-06-16T17:45:00+00:00,68.87,69.07,68.79,69.065,71091
2026-06-16T17:50:00+00:00,69.08,69.47,68.995,69.47,152223
2026-06-16T17:55:00+00:00,69.46,69.55,69.262,69.27,97762
2026-06-16T18:00:00+00:00,69.28,69.43,69.232,69.425,107556
2026-06-16T18:05:00+00:00,69.425,69.44,69.28,69.39,73789
2026-06-16T18:10:00+00:00,69.37,69.44,69.18,69.195,48485
2026-06-16T18:15:00+00:00,69.195,69.21,68.98,69.025,82312
2026-06-16T18:20:00+00:00,69.02,69.05,68.93,68.98,63430
2026-06-16T18:25:00+00:00,68.97,69.1,68.91,68.98,51443
2026-06-16T18:30:00+00:00,68.975,68.995,68.77,68.795,88130
2026-06-16T18:35:00+00:00,68.75,68.81,68.65,68.705,119463
2026-06-16T18:40:00+00:00,68.71,68.795,68.7,68.73,78521
2026-06-16T18:45:00+00:00,68.75,68.775,68.485,68.5,82620
2026-06-16T18:50:00+00:00,68.505,68.59,68.44,68.47,80676
2026-06-16T18:55:00+00:00,68.487,68.525,68.32,68.5,97325
2026-06-16T19:00:00+00:00,68.5,68.91,68.4,68.91,100829
2026-06-16T19:05:00+00:00,68.91,68.92,68.52,68.55,98377
2026-06-16T19:10:00+00:00,68.53,68.59,68.27,68.345,193804
2026-06-16T19:15:00+00:00,68.32,68.32,68.02,68.29,164222
2026-06-16T19:20:00+00:00,68.3,68.46,68.19,68.39,151271
2026-06-16T19:25:00+00:00,68.37,68.71,68.345,68.68,161695
2026-06-16T19:30:00+00:00,68.69,68.85,68.65,68.665,107373
2026-06-16T19:35:00+00:00,68.67,68.75,68.28,68.29,203970
2026-06-16T19:40:00+00:00,68.295,68.65,68.21,68.6,282129
2026-06-16T19:45:00+00:00,68.58,68.59,68.24,68.335,267147
2026-06-16T19:50:00+00:00,68.335,68.4,67.93,68.17,504285
2026-06-16T19:55:00+00:00,68.175,68.19,67.955,68.12,765827
2026-06-16T20:00:00+00:00,67.911,68.5,67.89,68.15,22396
2026-06-16T20:05:00+00:00,68.262,68.49,68.132,68.39,2930820
2026-06-16T20:10:00+00:00,68.329,68.46,68.12,68.41,7637
2026-06-16T20:15:00+00:00,68.448,68.46,68.11,68.148,20912
2026-06-16T20:20:00+00:00,68.15,68.33,68.14,68.27,21337
2026-06-16T20:25:00+00:00,68.26,68.26,68.2,68.251,6951
2026-06-16T20:30:00+00:00,68.25,68.3,68.25,68.261,16825
2026-06-16T20:35:00+00:00,68.26,68.27,68.2,68.24,8494
2026-06-16T20:40:00+00:00,68.27,68.37,68.23,68.36,15714
2026-06-16T20:45:00+00:00,68.29,68.36,68.288,68.288,8411
2026-06-16T20:50:00+00:00,68.29,68.29,68.16,68.17,4122
2026-06-16T20:55:00+00:00,68.17,68.29,68.16,68.278,3550
2026-06-16T21:00:00+00:00,68.24,68.29,68.2,68.29,7889
2026-06-16T21:05:00+00:00,68.29,68.33,68.23,68.291,32838
2026-06-16T21:10:00+00:00,68.3,68.46,68.29,68.45,19231
2026-06-16T21:15:00+00:00,68.45,68.59,68.44,68.55,21668
2026-06-16T21:20:00+00:00,68.55,68.55,68.45,68.545,5030
2026-06-16T21:25:00+00:00,68.55,68.59,68.502,68.58,25906
2026-06-16T21:30:00+00:00,68.57,68.7,68.559,68.69,6228
2026-06-16T21:35:00+00:00,68.689,68.7,68.62,68.68,5556
2026-06-16T21:40:00+00:00,68.69,68.69,68.506,68.59,23641
2026-06-16T21:45:00+00:00,68.58,68.65,68.5,68.59,4979
2026-06-16T21:50:00+00:00,68.606,68.606,68.5,68.549,7546
2026-06-16T21:55:00+00:00,68.54,68.54,68.45,68.46,10057
2026-06-16T22:00:00+00:00,68.46,68.46,68.27,68.3,29041
2026-06-16T22:05:00+00:00,68.31,68.46,68.25,68.46,6055
2026-06-16T22:10:00+00:00,68.36,68.69,68.36,68.6,13199
2026-06-16T22:15:00+00:00,68.61,68.77,68.56,68.69,1312
2026-06-16T22:20:00+00:00,68.69,68.73,68.599,68.68,8388
2026-06-16T22:25:00+00:00,68.7,68.71,68.551,68.7,8483
2026-06-16T22:30:00+00:00,68.69,68.88,68.67,68.86,3378
2026-06-16T22:35:00+00:00,68.87,68.88,68.78,68.879,8316
2026-06-16T22:40:00+00:00,68.88,68.95,68.82,68.916,10162
2026-06-16T22:45:00+00:00,68.86,68.97,68.81,68.95,3910
2026-06-16T22:50:00+00:00,68.947,69.12,68.933,69.11,4738
2026-06-16T22:55:00+00:00,69.11,69.24,68.99,69.12,4246
2026-06-16T23:00:00+00:00,69.12,69.38,69.015,69.1,5453
2026-06-16T23:05:00+00:00,69.1,69.114,69.0,69.04,3622
2026-06-16T23:10:00+00:00,69.0,69.02,68.69,68.811,7971
2026-06-16T23:15:00+00:00,68.76,68.85,68.69,68.77,2059
2026-06-16T23:20:00+00:00,68.808,68.81,68.6,68.65,5640
2026-06-16T23:25:00+00:00,68.72,68.81,68.66,68.701,2802
2026-06-16T23:30:00+00:00,68.771,69.37,68.77,68.98,1800
2026-06-16T23:35:00+00:00,68.98,68.98,68.64,68.64,11947
2026-06-16T23:40:00+00:00,68.7,68.88,68.61,68.75,5366
2026-06-16T23:45:00+00:00,68.75,68.879,68.67,68.86,3128
2026-06-16T23:50:00+00:00,68.84,68.84,68.7,68.74,3543
2026-06-16T23:55:00+00:00,68.722,68.9,68.702,68.9,14480
2026-06-17T08:00:00+00:00,70.43,72.17,70.12,71.95,214411
2026-06-17T08:05:00+00:00,71.99,72.17,71.05,72.107,27599
2026-06-17T08:10:00+00:00,72.15,72.23,71.51,72.046,10670
2026-06-17T08:15:00+00:00,72.04,72.046,71.732,71.732,7953
2026-06-17T08:20:00+00:00,71.749,71.89,71.695,71.82,7456
2026-06-17T08:25:00+00:00,71.816,71.816,71.44,71.506,6176
2026-06-17T08:30:00+00:00,71.504,71.678,71.44,71.54,8110
2026-06-17T08:35:00+00:00,71.604,71.604,71.219,71.28,11925
2026-06-17T08:40:00+00:00,71.323,71.514,71.227,71.4,5546
2026-06-17T08:45:00+00:00,71.348,71.44,71.228,71.29,6133
2026-06-17T08:50:00+00:00,71.28,71.36,71.08,71.33,13951
2026-06-17T08:55:00+00:00,71.307,71.47,71.307,71.36,4727
2026-06-17T09:00:00+00:00,71.39,71.68,71.39,71.55,3055
2026-06-17T09:05:00+00:00,71.58,71.68,71.5,71.58,4976
2026-06-17T09:10:00+00:00,71.56,71.66,71.5,71.64,8477
2026-06-17T09:15:00+00:00,71.6,71.61,71.37,71.37,809
2026-06-17T09:20:00+00:00,71.386,71.5,71.35,71.48,2060
2026-06-17T09:25:00+00:00,71.39,71.5,71.39,71.5,3271
2026-06-17T09:30:00+00:00,71.5,71.605,71.42,71.468,1708
2026-06-17T09:35:00+00:00,71.46,71.46,71.32,71.42,1320
2026-06-17T09:40:00+00:00,71.4,71.411,71.328,71.365,4377
2026-06-17T09:45:00+00:00,71.43,71.47,71.31,71.385,2836
2026-06-17T09:50:00+00:00,71.379,71.379,71.01,71.1,6391
2026-06-17T09:55:00+00:00,71.1,71.3,71.055,71.274,4946
2026-06-17T10:00:00+00:00,71.26,71.26,70.85,70.96,7177
2026-06-17T10:05:00+00:00,70.96,71.18,70.88,71.04,6656
2026-06-17T10:10:00+00:00,71.03,71.18,71.02,71.152,2082
2026-06-17T10:15:00+00:00,71.17,71.21,71.07,71.1,3510
2026-06-17T10:20:00+00:00,71.03,71.27,71.013,71.261,4919
2026-06-17T10:25:00+00:00,71.23,71.27,71.154,71.16,1922
2026-06-17T10:30:00+00:00,71.15,71.19,71.047,71.12,1621
2026-06-17T10:35:00+00:00,71.1,71.3,71.1,71.19,3928
2026-06-17T10:40:00+00:00,71.178,71.34,71.055,71.34,3430
2026-06-17T10:45:00+00:00,71.28,71.34,71.16,71.203,4817
2026-06-17T10:50:00+00:00,71.203,71.34,71.15,71.154,1013
2026-06-17T10:55:00+00:00,71.242,71.242,71.05,71.06,3007
2026-06-17T11:00:00+00:00,71.12,71.2,70.89,71.021,30117
2026-06-17T11:05:00+00:00,71.08,71.17,71.0,71.01,4724
2026-06-17T11:10:00+00:00,71.06,71.184,71.028,71.11,26028
2026-06-17T11:15:00+00:00,71.137,71.24,71.07,71.23,28330
2026-06-17T11:20:00+00:00,71.23,71.33,71.2,71.307,11832
2026-06-17T11:25:00+00:00,71.31,71.32,71.1,71.11,7285
2026-06-17T11:30:00+00:00,71.11,71.199,71.0,71.098,15384
2026-06-17T11:35:00+00:00,71.08,71.1,70.98,71.0,8008
2026-06-17T11:40:00+00:00,70.98,71.039,70.71,70.82,6349
2026-06-17T11:45:00+00:00,70.77,70.9,70.63,70.63,15594
2026-06-17T11:50:00+00:00,70.74,70.863,70.72,70.75,8958
2026-06-17T11:55:00+00:00,70.75,70.75,70.32,70.66,34215
2026-06-17T12:00:00+00:00,70.648,70.84,70.54,70.75,10630
2026-06-17T12:05:00+00:00,70.75,70.82,70.64,70.82,9252
2026-06-17T12:10:00+00:00,70.8,70.88,70.7,70.83,13922
2026-06-17T12:15:00+00:00,70.8,71.05,70.68,71.03,31508
2026-06-17T12:20:00+00:00,71.02,71.09,70.9,70.96,33067
2026-06-17T12:25:00+00:00,71.0,71.18,70.98,71.13,22664
2026-06-17T12:30:00+00:00,71.13,71.45,71.11,71.351,30917
2026-06-17T12:35:00+00:00,71.365,71.45,71.2,71.278,11155
2026-06-17T12:40:00+00:00,71.25,71.64,71.14,71.47,27832
2026-06-17T12:45:00+00:00,71.578,71.6,71.29,71.328,13030
2026-06-17T12:50:00+00:00,71.347,71.52,71.32,71.4,13756
2026-06-17T12:55:00+00:00,71.4,71.44,71.25,71.34,9402
2026-06-17T13:00:00+00:00,71.271,71.39,71.25,71.39,17219
2026-06-17T13:05:00+00:00,71.384,71.384,71.06,71.16,10596
2026-06-17T13:10:00+00:00,71.15,71.24,71.07,71.22,10353
2026-06-17T13:15:00+00:00,71.18,71.36,71.18,71.33,9232
2026-06-17T13:20:00+00:00,71.32,71.39,71.18,71.33,13981
2026-06-17T13:25:00+00:00,71.39,71.69,71.39,71.66,89225
2026-06-17T13:30:00+00:00,71.75,71.75,70.74,70.86,357019
2026-06-17T13:35:00+00:00,70.855,71.233,70.38,70.38,357285
2026-06-17T13:40:00+00:00,70.39,71.36,70.38,71.255,416513
2026-06-17T13:45:00+00:00,71.22,71.38,70.578,70.65,243905
2026-06-17T13:50:00+00:00,70.625,70.82,70.413,70.725,232515
2026-06-17T13:55:00+00:00,70.725,70.76,69.73,69.76,338854
2026-06-17T14:00:00+00:00,69.765,70.27,69.73,70.15,419102
2026-06-17T14:05:00+00:00,70.14,70.43,69.885,70.283,200596
2026-06-17T14:10:00+00:00,70.285,70.63,70.065,70.37,232979
2026-06-17T14:15:00+00:00,70.38,70.82,70.27,70.76,148207
2026-06-17T14:20:00+00:00,70.735,71.24,70.73,71.22,380318
2026-06-17T14:25:00+00:00,71.21,71.24,70.79,70.965,266989
2026-06-17T14:30:00+00:00,70.98,70.99,70.51,70.62,243053
2026-06-17T14:35:00+00:00,70.649,70.89,70.42,70.64,151588
2026-06-17T14:40:00+00:00,70.64,70.78,70.37,70.665,123870
2026-06-17T14:45:00+00:00,70.62,70.87,70.0,70.36,201856
2026-06-17T14:50:00+00:00,70.39,70.83,70.39,70.82,121873
2026-06-17T14:55:00+00:00,70.81,70.86,70.42,70.5,137699
2026-06-17T15:00:00+00:00,70.5,70.75,70.4,70.65,84964
2026-06-17T15:05:00+00:00,70.65,70.838,70.495,70.6,99220
2026-06-17T15:10:00+00:00,70.64,70.95,70.59,70.9,160440
2026-06-17T15:15:00+00:00,70.907,71.36,70.8,71.24,168561
2026-06-17T15:20:00+00:00,71.26,71.39,71.05,71.195,146087
2026-06-17T15:25:00+00:00,71.165,71.41,71.14,71.38,159624
2026-06-17T15:30:00+00:00,71.375,71.52,71.25,71.37,177595
2026-06-17T15:35:00+00:00,71.375,71.68,71.35,71.665,120691
2026-06-17T15:40:00+00:00,71.67,71.67,71.21,71.345,149338
2026-06-17T15:45:00+00:00,71.37,71.78,71.33,71.76,154734
2026-06-17T15:50:00+00:00,71.765,71.84,71.655,71.713,192487
2026-06-17T15:55:00+00:00,71.705,71.93,71.66,71.91,152162
2026-06-17T16:00:00+00:00,71.92,72.1,71.899,71.98,175348
2026-06-17T16:05:00+00:00,71.989,72.135,71.96,72.1,173196
2026-06-17T16:10:00+00:00,72.09,72.11,71.8,71.95,121376
2026-06-17T16:15:00+00:00,71.955,71.96,71.745,71.9,83452
2026-06-17T16:20:00+00:00,71.91,71.93,71.81,71.88,92220
2026-06-17T16:25:00+00:00,71.9,71.961,71.63,71.855,87239
2026-06-17T16:30:00+00:00,71.86,71.98,71.761,71.86,74952
2026-06-17T16:35:00+00:00,71.855,72.03,71.802,72.02,105098
2026-06-17T16:40:00+00:00,72.02,72.027,71.73,71.79,135705
2026-06-17T16:45:00+00:00,71.79,71.79,71.61,71.72,149041
2026-06-17T16:50:00+00:00,71.71,71.79,71.59,71.6,97001
2026-06-17T16:55:00+00:00,71.61,71.83,71.6,71.82,85333
2026-06-17T17:00:00+00:00,71.83,71.83,71.51,71.55,79880
2026-06-17T17:05:00+00:00,71.53,71.778,71.47,71.715,106146
2026-06-17T17:10:00+00:00,71.715,71.88,71.71,71.8,84188
2026-06-17T17:15:00+00:00,71.81,71.92,71.652,71.89,85627
2026-06-17T17:20:00+00:00,71.92,72.12,71.875,72.115,113472
2026-06-17T17:25:00+00:00,72.11,72.16,71.92,71.98,81087
2026-06-17T17:30:00+00:00,71.975,71.975,71.798,71.871,64888
2026-06-17T17:35:00+00:00,71.84,71.925,71.75,71.9,111563
2026-06-17T17:40:00+00:00,71.9,71.963,71.819,71.819,94757
2026-06-17T17:45:00+00:00,71.81,71.89,71.7,71.88,66532
2026-06-17T17:50:00+00:00,71.88,72.02,71.8,71.93,163792
2026-06-17T17:55:00+00:00,71.93,72.46,71.93,72.43,810234
2026-06-17T18:00:00+00:00,72.38,72.38,70.54,70.584,481544
2026-06-17T18:05:00+00:00,70.55,71.5,70.177,71.449,650429
2026-06-17T18:10:00+00:00,71.44,71.658,71.01,71.2,225717
2026-06-17T18:15:00+00:00,71.15,71.78,71.15,71.688,129908
2026-06-17T18:20:00+00:00,71.678,71.69,71.145,71.17,120658
2026-06-17T18:25:00+00:00,71.201,71.284,70.83,71.194,221260
2026-06-17T18:30:00+00:00,71.17,71.62,71.02,71.26,168062
2026-06-17T18:35:00+00:00,71.27,72.45,71.25,72.265,364711
2026-06-17T18:40:00+00:00,72.3,73.135,72.26,73.1,553056
2026-06-17T18:45:00+00:00,73.11,73.121,72.68,72.99,421243
2026-06-17T18:50:00+00:00,72.98,73.09,72.67,72.89,289447
2026-06-17T18:55:00+00:00,72.87,72.89,71.63,72.08,327011
2026-06-17T19:00:00+00:00,72.03,72.49,71.91,72.13,223914
2026-06-17T19:05:00+00:00,72.13,72.54,72.055,72.205,200379
2026-06-17T19:10:00+00:00,72.25,72.59,71.61,72.583,283028
2026-06-17T19:15:00+00:00,72.595,72.63,71.697,71.77,197801
2026-06-17T19:20:00+00:00,71.71,71.75,71.01,71.195,803665
2026-06-17T19:25:00+00:00,71.21,72.0,71.2,71.75,225154
2026-06-17T19:30:00+00:00,71.76,71.9,71.18,71.211,159977
2026-06-17T19:35:00+00:00,71.22,71.55,70.57,70.63,281915
2026-06-17T19:40:00+00:00,70.627,70.735,70.23,70.38,410078
2026-06-17T19:45:00+00:00,70.4,70.8,70.25,70.38,367542
2026-06-17T19:50:00+00:00,70.37,70.37,69.72,69.89,624735
2026-06-17T19:55:00+00:00,69.87,70.315,69.73,69.95,611699
2026-06-17T20:00:00+00:00,69.95,70.5,69.85,70.33,548757
2026-06-17T20:05:00+00:00,70.24,70.33,70.0,70.02,19524
2026-06-17T20:10:00+00:00,70.01,70.3,69.95,70.2,25411
2026-06-17T20:15:00+00:00,70.2,70.65,70.02,70.649,8646
2026-06-17T20:20:00+00:00,70.63,70.9,70.58,70.788,60267
2026-06-17T20:25:00+00:00,70.793,70.9,70.71,70.8,10552
2026-06-17T20:30:00+00:00,70.849,70.89,70.751,70.819,13762
2026-06-17T20:35:00+00:00,70.82,70.98,70.75,70.94,10697
2026-06-17T20:40:00+00:00,70.95,70.95,70.75,70.8,2714
2026-06-17T20:45:00+00:00,70.79,70.85,70.72,70.772,4992
2026-06-17T20:50:00+00:00,70.78,70.791,70.55,70.55,2395
2026-06-17T20:55:00+00:00,70.68,70.78,70.6,70.65,9418
2026-06-17T21:00:00+00:00,70.65,71.19,70.649,71.19,23193
2026-06-17T21:05:00+00:00,71.165,71.36,71.001,71.26,11151
2026-06-17T21:10:00+00:00,71.23,71.259,70.941,70.97,3408
2026-06-17T21:15:00+00:00,70.99,71.08,70.86,70.912,3984
2026-06-17T21:20:00+00:00,71.0,71.15,70.933,71.121,5278
2026-06-17T21:25:00+00:00,71.12,71.15,71.0,71.102,20852
2026-06-17T21:30:00+00:00,71.13,71.19,71.1,71.15,7395
2026-06-17T21:35:00+00:00,71.14,71.15,71.04,71.1,9095
2026-06-17T21:40:00+00:00,71.047,71.13,71.04,71.1,13698
2026-06-17T21:45:00+00:00,71.098,71.12,71.08,71.11,3121
2026-06-17T21:50:00+00:00,71.08,71.104,71.04,71.04,3252
2026-06-17T21:55:00+00:00,71.08,71.18,71.071,71.17,6868
2026-06-17T22:00:00+00:00,71.15,71.15,70.6,70.77,9450
2026-06-17T22:05:00+00:00,70.778,71.22,70.77,71.21,5172
2026-06-17T22:10:00+00:00,71.23,71.27,70.96,71.19,7236
2026-06-17T22:15:00+00:00,71.2,71.33,71.11,71.18,5536
2026-06-17T22:20:00+00:00,71.24,71.5,71.23,71.5,9079
2026-06-17T22:25:00+00:00,71.5,71.5,71.32,71.48,13325
2026-06-17T22:30:00+00:00,71.489,71.75,71.46,71.75,18895
2026-06-17T22:35:00+00:00,71.75,72.07,71.748,71.839,9232
2026-06-17T22:40:00+00:00,71.839,71.89,71.5,71.66,15306
2026-06-17T22:45:00+00:00,71.6,71.79,71.6,71.77,13331
2026-06-17T22:50:00+00:00,71.77,71.95,71.758,71.937,7278
2026-06-17T22:55:00+00:00,71.946,71.95,71.77,71.86,10066
2026-06-17T23:00:00+00:00,71.85,72.0,71.73,71.974,3570
2026-06-17T23:05:00+00:00,71.972,72.06,71.828,72.0,5914
2026-06-17T23:10:00+00:00,72.0,72.78,72.0,72.24,29418
2026-06-17T23:15:00+00:00,72.202,72.43,72.202,72.34,11192
2026-06-17T23:20:00+00:00,72.34,72.45,72.31,72.39,8627
2026-06-17T23:25:00+00:00,72.365,72.588,72.36,72.48,10211
2026-06-17T23:30:00+00:00,72.49,72.53,72.35,72.355,9499
2026-06-17T23:35:00+00:00,72.36,72.37,72.16,72.3,12550
2026-06-17T23:40:00+00:00,72.3,72.65,72.226,72.59,20784
2026-06-17T23:45:00+00:00,72.6,72.7,72.45,72.55,18218
2026-06-17T23:50:00+00:00,72.5,72.55,72.192,72.192,19602
2026-06-17T23:55:00+00:00,72.2,72.47,72.2,72.392,23207
2026-06-18T08:00:00+00:00,74.24,74.78,73.64,74.573,213489
2026-06-18T08:05:00+00:00,74.577,74.79,73.72,74.79,19852
2026-06-18T08:10:00+00:00,74.784,74.798,74.375,74.375,4338
2026-06-18T08:15:00+00:00,74.375,74.594,74.296,74.51,5276
2026-06-18T08:20:00+00:00,74.498,74.51,74.05,74.25,9304
2026-06-18T08:25:00+00:00,74.151,74.43,74.13,74.376,6323
2026-06-18T08:30:00+00:00,74.37,74.495,74.3,74.42,2402
2026-06-18T08:35:00+00:00,74.464,74.464,74.23,74.34,7428
2026-06-18T08:40:00+00:00,74.35,74.35,74.2,74.27,7373
2026-06-18T08:45:00+00:00,74.24,74.27,74.15,74.2,5015
2026-06-18T08:50:00+00:00,74.199,74.244,74.06,74.19,4303
2026-06-18T08:55:00+00:00,74.19,74.229,73.91,73.92,7910
2026-06-18T09:00:00+00:00,73.94,74.177,73.914,74.177,2424
2026-06-18T09:05:00+00:00,74.09,74.164,74.012,74.143,961
2026-06-18T09:10:00+00:00,74.09,74.15,73.93,74.05,4185
2026-06-18T09:15:00+00:00,74.07,74.36,74.07,74.338,6588
2026-06-18T09:20:00+00:00,74.345,74.345,74.2,74.3,1460
2026-06-18T09:25:00+00:00,74.26,74.3,74.213,74.3,3370
2026-06-18T09:30:00+00:00,74.282,74.32,74.14,74.156,1714
2026-06-18T09:35:00+00:00,74.152,74.26,74.1,74.255,12360
2026-06-18T09:40:00+00:00,74.19,74.354,74.17,74.346,2225
2026-06-18T09:45:00+00:00,74.344,74.41,74.33,74.41,5465
2026-06-18T09:50:00+00:00,74.4,74.527,74.353,74.436,6157
2026-06-18T09:55:00+00:00,74.44,74.545,74.22,74.24,5067
2026-06-18T10:00:00+00:00,74.31,74.45,74.2,74.39,3675
2026-06-18T10:05:00+00:00,74.39,74.39,74.2,74.264,4825
2026-06-18T10:10:00+00:00,74.264,74.3,74.16,74.24,5195
2026-06-18T10:15:00+00:00,74.3,74.3,74.212,74.27,2179
2026-06-18T10:20:00+00:00,74.27,74.276,74.151,74.18,3771
2026-06-18T10:25:00+00:00,74.182,74.3,74.18,74.25,1615
2026-06-18T10:30:00+00:00,74.25,74.25,74.09,74.18,4002
2026-06-18T10:35:00+00:00,74.146,74.21,74.146,74.17,1742
2026-06-18T10:40:00+00:00,74.207,74.207,73.98,73.99,5026
2026-06-18T10:45:00+00:00,73.99,74.196,73.99,74.14,4332
2026-06-18T10:50:00+00:00,74.09,74.22,74.09,74.2,3076
2026-06-18T10:55:00+00:00,74.2,74.23,74.11,74.11,1101
2026-06-18T11:00:00+00:00,74.09,74.58,73.995,74.52,63383
2026-06-18T11:05:00+00:00,74.48,74.55,74.15,74.22,34926
2026-06-18T11:10:00+00:00,74.22,74.3,74.03,74.221,8467
2026-06-18T11:15:00+00:00,74.28,74.3,74.02,74.09,41523
2026-06-18T11:20:00+00:00,74.1,74.2,74.05,74.19,8287
2026-06-18T11:25:00+00:00,74.19,74.32,74.11,74.24,10321
2026-06-18T11:30:00+00:00,74.24,74.32,74.18,74.319,6361
2026-06-18T11:35:00+00:00,74.3,74.31,74.08,74.11,11157
2026-06-18T11:40:00+00:00,74.105,74.2,74.0,74.19,21515
2026-06-18T11:45:00+00:00,74.19,74.2,74.11,74.15,10375
2026-06-18T11:50:00+00:00,74.14,74.38,74.08,74.34,15751
2026-06-18T11:55:00+00:00,74.34,74.4,74.3,74.383,5999
2026-06-18T12:00:00+00:00,74.399,74.429,74.32,74.323,40152
2026-06-18T12:05:00+00:00,74.35,74.35,74.2,74.26,58408
2026-06-18T12:10:00+00:00,74.25,74.45,74.25,74.441,16372
2026-06-18T12:15:00+00:00,74.44,74.49,74.36,74.42,33476
2026-06-18T12:20:00+00:00,74.4,74.57,74.37,74.57,44484
2026-06-18T12:25:00+00:00,74.57,74.64,74.502,74.52,10379
2026-06-18T12:30:00+00:00,74.52,74.6,74.48,74.514,22120
2026-06-18T12:35:00+00:00,74.55,74.75,74.5,74.7,15578
2026-06-18T12:40:00+00:00,74.709,74.84,74.64,74.751,74933
2026-06-18T12:45:00+00:00,74.796,74.94,74.77,74.89,21070
2026-06-18T12:50:00+00:00,74.92,74.93,74.7,74.731,13206
2026-06-18T12:55:00+00:00,74.73,74.98,74.72,74.91,17983
2026-06-18T13:00:00+00:00,74.909,74.91,74.68,74.737,34251
2026-06-18T13:05:00+00:00,74.732,74.91,74.732,74.86,21200
2026-06-18T13:10:00+00:00,74.86,74.98,74.72,74.98,20696
2026-06-18T13:15:00+00:00,74.979,75.01,74.865,74.94,49436
2026-06-18T13:20:00+00:00,74.94,75.0,74.9,74.945,29315
2026-06-18T13:25:00+00:00,74.97,75.38,74.915,75.21,45037
2026-06-18T13:30:00+00:00,75.245,76.05,75.14,75.346,1323639
2026-06-18T13:35:00+00:00,75.335,75.54,75.02,75.41,822629
2026-06-18T13:40:00+00:00,75.415,75.8,75.21,75.39,703455
2026-06-18T13:45:00+00:00,75.365,75.77,75.32,75.766,560946
2026-06-18T13:50:00+00:00,75.76,75.91,75.27,75.32,675137
2026-06-18T13:55:00+00:00,75.32,75.64,75.29,75.585,469910
2026-06-18T14:00:00+00:00,75.61,75.88,75.531,75.8,349938
2026-06-18T14:05:00+00:00,75.775,76.16,75.735,75.9,534299
2026-06-18T14:10:00+00:00,75.94,76.23,75.81,76.03,396212
2026-06-18T14:15:00+00:00,76.03,76.6,75.93,76.525,691557
2026-06-18T14:20:00+00:00,76.525,77.05,76.423,77.025,836920
2026-06-18T14:25:00+00:00,77.03,77.07,76.391,76.48,577936
2026-06-18T14:30:00+00:00,76.48,76.49,76.13,76.45,445752
2026-06-18T14:35:00+00:00,76.46,76.82,76.375,76.68,508615
2026-06-18T14:40:00+00:00,76.7,76.897,76.52,76.76,462432
2026-06-18T14:45:00+00:00,76.76,77.32,76.71,77.28,616185
2026-06-18T14:50:00+00:00,77.26,77.26,76.87,77.01,369995
2026-06-18T14:55:00+00:00,77.01,77.24,77.005,77.085,264583
2026-06-18T15:00:00+00:00,77.1,77.36,76.96,77.33,399983
2026-06-18T15:05:00+00:00,77.31,77.38,77.15,77.305,250934
2026-06-18T15:10:00+00:00,77.31,77.55,77.18,77.19,602411
2026-06-18T15:15:00+00:00,77.2,77.43,77.14,77.22,766414
2026-06-18T15:20:00+00:00,77.24,77.449,77.15,77.295,452199
2026-06-18T15:25:00+00:00,77.31,77.39,77.02,77.044,291629
2026-06-18T15:30:00+00:00,77.07,77.176,76.875,77.065,332803
2026-06-18T15:35:00+00:00,77.07,77.07,76.42,76.625,366042
2026-06-18T15:40:00+00:00,76.63,76.93,76.573,76.64,188183
2026-06-18T15:45:00+00:00,76.61,76.78,76.442,76.64,323325
2026-06-18T15:50:00+00:00,76.622,76.904,76.575,76.575,207775
2026-06-18T15:55:00+00:00,76.6,76.79,76.57,76.75,176209
2026-06-18T16:00:00+00:00,76.73,76.95,76.73,76.87,172435
2026-06-18T16:05:00+00:00,76.89,77.085,76.825,77.02,257683
2026-06-18T16:10:00+00:00,77.04,77.1,76.97,77.06,133220
2026-06-18T16:15:00+00:00,77.08,77.1,76.765,76.93,161653
2026-06-18T16:20:00+00:00,76.92,77.049,76.83,76.83,165349
2026-06-18T16:25:00+00:00,76.82,76.931,76.733,76.77,149353
2026-06-18T16:30:00+00:00,76.76,76.88,76.65,76.88,161491
2026-06-18T16:35:00+00:00,76.88,77.0,76.72,76.97,154408
2026-06-18T16:40:00+00:00,76.98,77.18,76.92,77.015,171794
2026-06-18T16:45:00+00:00,77.03,77.08,76.902,77.01,95335
2026-06-18T16:50:00+00:00,77.01,77.019,76.875,76.9,91857
2026-06-18T16:55:00+00:00,76.895,77.0,76.71,76.98,150373
2026-06-18T17:00:00+00:00,76.96,76.98,76.752,76.89,124137
2026-06-18T17:05:00+00:00,76.88,76.97,76.8,76.95,153029
2026-06-18T17:10:00+00:00,76.95,77.15,76.9,77.09,137815
2026-06-18T17:15:00+00:00,77.1,77.17,77.02,77.045,138450
2026-06-18T17:20:00+00:00,77.06,77.18,77.01,77.15,143911
2026-06-18T17:25:00+00:00,77.16,77.178,77.0,77.15,168369
2026-06-18T17:30:00+00:00,77.155,77.23,77.1,77.21,154542
2026-06-18T17:35:00+00:00,77.19,77.25,77.06,77.06,144365
2026-06-18T17:40:00+00:00,77.08,77.215,77.03,77.195,122872
2026-06-18T17:45:00+00:00,77.2,77.23,77.065,77.085,81516
2026-06-18T17:50:00+00:00,77.11,77.28,77.08,77.15,92814
2026-06-18T17:55:00+00:00,77.145,77.214,77.0,77.08,118431
2026-06-18T18:00:00+00:00,77.09,77.34,77.09,77.21,132500
2026-06-18T18:05:00+00:00,77.199,77.47,77.18,77.38,360082
2026-06-18T18:10:00+00:00,77.38,77.605,77.36,77.56,158485
2026-06-18T18:15:00+00:00,77.555,77.56,77.34,77.455,184443
2026-06-18T18:20:00+00:00,77.445,77.56,77.4,77.5,109442
2026-06-18T18:25:00+00:00,77.5,77.65,77.5,77.59,132179
2026-06-18T18:30:00+00:00,77.6,77.63,77.335,77.43,196320
2026-06-18T18:35:00+00:00,77.44,77.56,77.42,77.51,106331
2026-06-18T18:40:00+00:00,77.52,77.546,77.225,77.23,190883
2026-06-18T18:45:00+00:00,77.23,77.45,77.144,77.42,135524
2026-06-18T18:50:00+00:00,77.42,77.54,77.37,77.435,148077
2026-06-18T18:55:00+00:00,77.435,77.47,77.265,77.29,160347
2026-06-18T19:00:00+00:00,77.31,77.38,77.04,77.32,163454
2026-06-18T19:05:00+00:00,77.31,77.32,77.13,77.215,123442
2026-06-18T19:10:00+00:00,77.21,77.25,77.12,77.191,154040
2026-06-18T19:15:00+00:00,77.18,77.235,77.095,77.2,207614
2026-06-18T19:20:00+00:00,77.2,77.435,77.195,77.38,177040
2026-06-18T19:25:00+00:00,77.385,77.48,77.315,77.45,303542
2026-06-18T19:30:00+00:00,77.45,77.52,77.335,77.368,186128
2026-06-18T19:35:00+00:00,77.37,77.447,77.255,77.44,162063
2026-06-18T19:40:00+00:00,77.44,77.58,77.387,77.555,238890
2026-06-18T19:45:00+00:00,77.555,77.699,77.54,77.59,302664
2026-06-18T19:50:00+00:00,77.6,77.6,77.035,77.48,518030
2026-06-18T19:55:00+00:00,77.44,77.45,76.71,76.71,1258473
2026-06-18T20:00:00+00:00,76.86,77.3,76.57,77.16,43859
2026-06-18T20:05:00+00:00,77.19,77.21,76.71,76.9,886137
2026-06-18T20:10:00+00:00,76.85,77.0,76.71,76.77,39830
2026-06-18T20:15:00+00:00,76.814,76.98,76.76,76.965,35606
2026-06-18T20:20:00+00:00,76.97,77.2,76.87,77.17,34969
2026-06-18T20:25:00+00:00,77.179,77.2,77.05,77.2,11578
2026-06-18T20:30:00+00:00,77.199,77.3,77.15,77.22,24801
2026-06-18T20:35:00+00:00,77.21,77.27,77.16,77.25,5555
2026-06-18T20:40:00+00:00,77.24,77.27,77.11,77.25,4799
2026-06-18T20:45:00+00:00,77.22,77.25,77.15,77.21,9451
2026-06-18T20:50:00+00:00,77.21,77.22,77.16,77.19,8852
2026-06-18T20:55:00+00:00,77.2,77.3,77.16,77.297,15443
2026-06-18T21:00:00+00:00,77.262,77.4,77.25,77.39,15250
2026-06-18T21:05:00+00:00,77.4,77.5,77.35,77.5,7756
2026-06-18T21:10:00+00:00,77.499,77.55,77.43,77.44,6859
2026-06-18T21:15:00+00:00,77.43,77.45,77.3,77.3,12697
2026-06-18T21:20:00+00:00,77.347,77.46,77.3,77.42,8419
2026-06-18T21:25:00+00:00,77.43,77.48,77.4,77.48,102953
2026-06-18T21:30:00+00:00,77.48,77.55,77.46,77.53,24870
2026-06-18T21:35:00+00:00,77.53,77.69,77.53,77.69,12174
2026-06-18T21:40:00+00:00,77.69,77.75,77.69,77.749,33688
2026-06-18T21:45:00+00:00,77.75,77.99,77.74,77.89,10818
2026-06-18T21:50:00+00:00,77.9,77.9,77.85,77.86,27193
2026-06-18T21:55:00+00:00,77.86,77.93,77.83,77.84,26764
2026-06-18T22:00:00+00:00,77.85,78.0,77.85,77.97,18064
2026-06-18T22:05:00+00:00,77.97,78.0,77.83,77.98,19767
2026-06-18T22:10:00+00:00,77.99,78.11,77.95,78.11,15134
2026-06-18T22:15:00+00:00,78.1,78.32,78.02,78.25,30844
2026-06-18T22:20:00+00:00,78.248,78.27,77.849,77.898,19976
2026-06-18T22:25:00+00:00,77.899,78.12,77.83,78.01,11717
2026-06-18T22:30:00+00:00,77.9,78.5,77.9,78.04,14126
2026-06-18T22:35:00+00:00,78.04,78.1,77.78,77.78,10355
2026-06-18T22:40:00+00:00,77.73,77.9,77.611,77.88,26641
2026-06-18T22:45:00+00:00,77.885,77.95,77.77,77.858,13648
2026-06-18T22:50:00+00:00,77.85,78.0,77.85,77.94,16924
2026-06-18T22:55:00+00:00,77.94,77.99,77.85,77.937,15701
2026-06-18T23:00:00+00:00,77.97,77.98,77.559,77.73,17924
2026-06-18T23:05:00+00:00,77.69,77.97,77.56,77.698,7778
2026-06-18T23:10:00+00:00,77.689,77.99,77.59,77.66,9259
2026-06-18T23:15:00+00:00,77.69,77.78,77.6,77.68,24172
2026-06-18T23:20:00+00:00,77.689,77.88,77.651,77.86,14036
2026-06-18T23:25:00+00:00,77.853,77.99,77.81,77.935,10394
2026-06-18T23:30:00+00:00,77.978,78.0,77.83,77.99,15996
2026-06-18T23:35:00+00:00,78.0,78.0,77.934,78.0,26730
2026-06-18T23:40:00+00:00,78.0,78.0,77.9,77.937,14316
2026-06-18T23:45:00+00:00,77.9,78.029,77.83,78.01,21200
2026-06-18T23:50:00+00:00,78.01,78.09,77.95,77.98,26397
2026-06-18T23:55:00+00:00,77.991,78.25,77.991,78.149,19706
2026-06-22T08:00:00+00:00,77.76,79.25,77.69,78.79,205508
2026-06-22T08:05:00+00:00,78.784,79.21,77.77,78.75,15507
2026-06-22T08:10:00+00:00,78.75,78.96,78.68,78.91,10546
2026-06-22T08:15:00+00:00,78.926,78.99,78.85,78.93,6650
2026-06-22T08:20:00+00:00,78.92,79.0,78.85,78.998,2741
2026-06-22T08:25:00+00:00,78.998,79.08,78.937,78.997,6996
2026-06-22T08:30:00+00:00,78.96,79.02,78.94,79.002,8020
2026-06-22T08:35:00+00:00,79.1,79.143,79.009,79.047,8417
2026-06-22T08:40:00+00:00,79.048,79.1,79.021,79.072,5460
2026-06-22T08:45:00+00:00,79.1,79.119,79.03,79.072,5378
2026-06-22T08:50:00+00:00,79.085,79.19,79.07,79.18,5080
2026-06-22T08:55:00+00:00,79.17,79.201,79.14,79.19,5374
2026-06-22T09:00:00+00:00,79.16,79.24,79.03,79.24,5491
2026-06-22T09:05:00+00:00,79.25,79.36,79.24,79.33,4267
2026-06-22T09:10:00+00:00,79.33,79.37,79.24,79.24,4724
2026-06-22T09:15:00+00:00,79.26,79.26,79.19,79.2,4755
2026-06-22T09:20:00+00:00,79.21,79.23,79.17,79.201,3290
2026-06-22T09:25:00+00:00,79.21,79.3,79.17,79.27,2365
2026-06-22T09:30:00+00:00,79.28,79.35,79.22,79.3,5464
2026-06-22T09:35:00+00:00,79.3,79.31,79.22,79.246,4008
2026-06-22T09:40:00+00:00,79.222,79.297,79.193,79.196,10146
2026-06-22T09:45:00+00:00,79.2,79.24,79.19,79.237,3517
2026-06-22T09:50:00+00:00,79.237,79.24,79.19,79.221,1694
2026-06-22T09:55:00+00:00,79.22,79.287,79.18,79.24,2757
2026-06-22T10:00:00+00:00,79.24,79.39,79.18,79.38,6219
2026-06-22T10:05:00+00:00,79.381,79.51,79.381,79.5,8897
2026-06-22T10:10:00+00:00,79.5,79.63,79.495,79.58,4779
2026-06-22T10:15:00+00:00,79.61,79.63,79.6,79.61,5793
2026-06-22T10:20:00+00:00,79.61,79.628,79.42,79.59,10253
2026-06-22T10:25:00+00:00,79.59,79.627,79.53,79.61,8435
2026-06-22T10:30:00+00:00,79.59,79.608,79.458,79.54,8432
2026-06-22T10:35:00+00:00,79.55,79.56,79.46,79.5,14178
2026-06-22T10:40:00+00:00,79.5,79.65,79.5,79.647,7197
2026-06-22T10:45:00+00:00,79.648,79.839,79.64,79.73,7649
2026-06-22T10:50:00+00:00,79.72,79.808,79.5,79.61,10489
2026-06-22T10:55:00+00:00,79.63,79.63,79.54,79.63,4451
2026-06-22T11:00:00+00:00,79.6,79.9,79.54,79.881,72950
2026-06-22T11:05:00+00:00,79.9,80.25,79.88,80.1,79718
2026-06-22T11:10:00+00:00,80.09,80.1,79.69,79.79,44202
2026-06-22T11:15:00+00:00,79.78,79.89,79.73,79.889,18606
2026-06-22T11:20:00+00:00,79.871,79.95,79.822,79.85,20512
2026-06-22T11:25:00+00:00,79.88,79.95,79.82,79.92,28396
2026-06-22T11:30:00+00:00,79.92,79.99,79.83,79.902,26403
2026-06-22T11:35:00+00:00,79.96,80.09,79.92,80.05,36263
2026-06-22T11:40:00+00:00,80.03,80.089,79.87,79.91,40022
2026-06-22T11:45:00+00:00,79.92,79.93,79.79,79.85,58167
2026-06-22T11:50:00+00:00,79.85,79.85,79.66,79.789,57210
2026-06-22T11:55:00+00:00,79.76,79.85,79.67,79.8,11046
2026-06-22T12:00:00+00:00,79.78,79.8,79.59,79.769,34113
2026-06-22T12:05:00+00:00,79.77,79.8,79.7,79.76,33038
2026-06-22T12:10:00+00:00,79.76,79.96,79.7,79.918,21056
2026-06-22T12:15:00+00:00,79.92,79.92,79.78,79.83,25979
2026-06-22T12:20:00+00:00,79.82,79.99,79.8,79.98,21962
2026-06-22T12:25:00+00:00,79.98,80.11,79.91,80.109,64702
2026-06-22T12:30:00+00:00,80.12,80.15,79.97,80.09,46833
2026-06-22T12:35:00+00:00,80.11,80.12,79.98,80.05,64130
2026-06-22T12:40:00+00:00,80.05,80.1,79.88,79.93,48035
2026-06-22T12:45:00+00:00,79.92,80.01,79.9,80.0,13409
2026-06-22T12:50:00+00:00,80.01,80.01,79.917,79.954,24483
2026-06-22T12:55:00+00:00,79.954,80.0,79.88,79.944,21866
2026-06-22T13:00:00+00:00,79.98,80.6,79.96,80.38,59617
2026-06-22T13:05:00+00:00,80.39,80.44,80.08,80.33,36583
2026-06-22T13:10:00+00:00,80.36,80.49,80.31,80.46,53347
2026-06-22T13:15:00+00:00,80.49,80.68,80.38,80.619,62585
2026-06-22T13:20:00+00:00,80.604,80.72,80.45,80.63,63263
2026-06-22T13:25:00+00:00,80.58,80.79,80.4,80.4,124033
2026-06-22T13:30:00+00:00,80.675,81.25,79.975,80.2,1584841
2026-06-22T13:35:00+00:00,80.16,81.34,80.16,81.1,1048493
2026-06-22T13:40:00+00:00,81.09,81.179,79.53,79.57,1194170
2026-06-22T13:45:00+00:00,79.57,80.38,79.554,80.12,959454
2026-06-22T13:50:00+00:00,80.12,80.26,79.66,79.77,586900
2026-06-22T13:55:00+00:00,79.783,80.38,79.735,80.28,481528
2026-06-22T14:00:00+00:00,80.27,80.96,80.135,80.665,866071
2026-06-22T14:05:00+00:00,80.665,81.04,80.54,80.775,634199
2026-06-22T14:10:00+00:00,80.775,80.86,80.52,80.64,461434
2026-06-22T14:15:00+00:00,80.63,80.74,80.495,80.71,372725
2026-06-22T14:20:00+00:00,80.7,80.7,80.33,80.53,453563
2026-06-22T14:25:00+00:00,80.49,80.585,80.075,80.48,422530
2026-06-22T14:30:00+00:00,80.48,80.51,79.84,80.17,524303
2026-06-22T14:35:00+00:00,80.12,80.58,80.079,80.295,381251
2026-06-22T14:40:00+00:00,80.3,80.43,79.795,79.873,374416
2026-06-22T14:45:00+00:00,79.86,80.41,79.86,80.16,310686
2026-06-22T14:50:00+00:00,80.16,80.4,79.71,79.84,277296
2026-06-22T14:55:00+00:00,79.85,80.39,79.73,80.38,374374
2026-06-22T15:00:00+00:00,80.37,80.66,80.331,80.59,367058
2026-06-22T15:05:00+00:00,80.59,80.67,80.34,80.566,206896
2026-06-22T15:10:00+00:00,80.56,80.65,80.39,80.52,202562
2026-06-22T15:15:00+00:00,80.514,80.592,79.98,79.985,425937
2026-06-22T15:20:00+00:00,79.99,80.095,79.873,79.915,364224
2026-06-22T15:25:00+00:00,79.92,79.98,79.58,79.66,357662
2026-06-22T15:30:00+00:00,79.69,79.82,79.34,79.403,265020
2026-06-22T15:35:00+00:00,79.42,79.625,79.27,79.485,382228
2026-06-22T15:40:00+00:00,79.46,79.915,79.46,79.81,329282
2026-06-22T15:45:00+00:00,79.82,79.92,79.31,79.4,158768
2026-06-22T15:50:00+00:00,79.4,79.78,79.07,79.24,262246
2026-06-22T15:55:00+00:00,79.24,79.76,79.19,79.663,202196
2026-06-22T16:00:00+00:00,79.68,79.8,79.48,79.695,206306
2026-06-22T16:05:00+00:00,79.68,79.9,79.63,79.86,250355
2026-06-22T16:10:00+00:00,79.85,80.28,79.85,80.255,222473
2026-06-22T16:15:00+00:00,80.26,80.271,80.1,80.255,170552
2026-06-22T16:20:00+00:00,80.28,80.53,80.25,80.488,285754
2026-06-22T16:25:00+00:00,80.47,80.506,80.28,80.49,216898
2026-06-22T16:30:00+00:00,80.5,80.5,80.28,80.28,186904
2026-06-22T16:35:00+00:00,80.25,80.35,80.06,80.2,185625
2026-06-22T16:40:00+00:00,80.18,80.24,80.01,80.06,138945
2026-06-22T16:45:00+00:00,80.04,80.22,79.935,80.21,249887
2026-06-22T16:50:00+00:00,80.21,80.3,80.1,80.25,147945
2026-06-22T16:55:00+00:00,80.24,80.32,80.08,80.32,170705
2026-06-22T17:00:00+00:00,80.31,80.42,80.22,80.375,132221
2026-06-22T17:05:00+00:00,80.37,80.37,80.1,80.105,120490
2026-06-22T17:10:00+00:00,80.105,80.34,80.084,80.33,163069
2026-06-22T17:15:00+00:00,80.36,80.5,80.35,80.465,181168
2026-06-22T17:20:00+00:00,80.46,80.59,80.405,80.59,155047
2026-06-22T17:25:00+00:00,80.595,80.78,80.57,80.66,294714
2026-06-22T17:30:00+00:00,80.66,80.76,80.49,80.555,187567
2026-06-22T17:35:00+00:00,80.54,80.69,80.449,80.575,162841
2026-06-22T17:40:00+00:00,80.58,80.65,80.48,80.58,129487
2026-06-22T17:45:00+00:00,80.57,80.765,80.55,80.75,240470
2026-06-22T17:50:00+00:00,80.74,80.91,80.65,80.87,290682
2026-06-22T17:55:00+00:00,80.87,80.88,80.66,80.675,156568
2026-06-22T18:00:00+00:00,80.68,80.91,80.67,80.79,105720
2026-06-22T18:05:00+00:00,80.78,80.78,80.65,80.709,108060
2026-06-22T18:10:00+00:00,80.71,80.765,80.55,80.58,105742
2026-06-22T18:15:00+00:00,80.57,80.72,80.56,80.589,126483
2026-06-22T18:20:00+00:00,80.57,80.65,80.54,80.6,116915
2026-06-22T18:25:00+00:00,80.595,80.614,80.38,80.41,148473
2026-06-22T18:30:00+00:00,80.46,80.53,80.28,80.32,154023
2026-06-22T18:35:00+00:00,80.325,80.45,80.24,80.325,154961
2026-06-22T18:40:00+00:00,80.33,80.33,80.03,80.061,104044
2026-06-22T18:45:00+00:00,80.07,80.33,80.04,80.3,157247
2026-06-22T18:50:00+00:00,80.28,80.33,80.03,80.13,105061
2026-06-22T18:55:00+00:00,80.13,80.16,80.01,80.08,105148
2026-06-22T19:00:00+00:00,80.09,80.44,80.08,80.4,106523
2026-06-22T19:05:00+00:00,80.41,80.469,80.17,80.295,174881
2026-06-22T19:10:00+00:00,80.29,80.39,80.2,80.285,102283
2026-06-22T19:15:00+00:00,80.28,80.33,80.16,80.29,77230
2026-06-22T19:20:00+00:00,80.305,80.346,80.0,80.02,168460
2026-06-22T19:25:00+00:00,80.04,80.056,79.855,79.855,186196
2026-06-22T19:30:00+00:00,79.855,80.2,79.85,80.03,202607
2026-06-22T19:35:00+00:00,80.04,80.2,79.96,80.064,195904
2026-06-22T19:40:00+00:00,80.07,80.18,79.98,80.176,216872
2026-06-22T19:45:00+00:00,80.18,80.29,80.09,80.195,247507
2026-06-22T19:50:00+00:00,80.18,80.435,80.074,80.21,471328
2026-06-22T19:55:00+00:00,80.22,80.87,80.2,80.72,899544
2026-06-22T20:00:00+00:00,80.72,80.84,80.0,80.51,59220
2026-06-22T20:05:00+00:00,80.51,80.768,80.47,80.768,22750
2026-06-22T20:10:00+00:00,80.758,81.01,80.72,80.97,35683
2026-06-22T20:15:00+00:00,80.95,81.2,80.95,81.19,32136
2026-06-22T20:20:00+00:00,81.2,81.3,81.0,81.19,28975
2026-06-22T20:25:00+00:00,81.18,81.25,80.75,81.099,36309
2026-06-22T20:30:00+00:00,81.07,81.27,81.03,81.26,16866
2026-06-22T20:35:00+00:00,81.25,81.4,81.06,81.32,19653
2026-06-22T20:40:00+00:00,81.36,81.58,81.32,81.58,35531
2026-06-22T20:45:00+00:00,81.58,81.58,81.35,81.48,24432
2026-06-22T20:50:00+00:00,81.495,81.54,81.43,81.52,12203
2026-06-22T20:55:00+00:00,81.53,81.8,81.42,81.8,22950
2026-06-22T21:00:00+00:00,81.82,81.88,81.6,81.676,23067
2026-06-22T21:05:00+00:00,81.67,81.78,81.5,81.505,16753
2026-06-22T21:10:00+00:00,81.51,81.55,81.35,81.45,29805
2026-06-22T21:15:00+00:00,81.456,81.506,81.18,81.4,14110
2026-06-22T21:20:00+00:00,81.39,81.65,81.3,81.6,9022
2026-06-22T21:25:00+00:00,81.6,81.6,81.3,81.43,35832
2026-06-22T21:30:00+00:00,81.43,81.498,81.3,81.44,5040
2026-06-22T21:35:00+00:00,81.403,81.64,81.4,81.58,6809
2026-06-22T21:40:00+00:00,81.56,81.64,81.42,81.639,28429
2026-06-22T21:45:00+00:00,81.62,81.7,81.6,81.7,10652
2026-06-22T21:50:00+00:00,81.663,81.7,81.6,81.62,5905
2026-06-22T21:55:00+00:00,81.62,81.74,81.52,81.53,7471
2026-06-22T22:00:00+00:00,81.62,81.75,81.52,81.75,9414
2026-06-22T22:05:00+00:00,81.75,81.8,81.62,81.66,7140
2026-06-22T22:10:00+00:00,81.76,81.76,81.6,81.61,11202
2026-06-22T22:15:00+00:00,81.61,81.69,81.607,81.69,5093
2026-06-22T22:20:00+00:00,81.68,81.69,81.61,81.67,11318
2026-06-22T22:25:00+00:00,81.67,81.69,81.35,81.39,12278
2026-06-22T22:30:00+00:00,81.4,81.4,81.07,81.07,14342
2026-06-22T22:35:00+00:00,81.081,81.24,80.8,80.898,74194
2026-06-22T22:40:00+00:00,80.897,80.95,80.73,80.79,12878
2026-06-22T22:45:00+00:00,80.77,81.23,80.73,81.19,18024
2026-06-22T22:50:00+00:00,81.12,81.19,81.0,81.13,12038
2026-06-22T22:55:00+00:00,81.13,81.23,81.1,81.218,16247
2026-06-22T23:00:00+00:00,81.228,81.354,81.0,81.19,6914
2026-06-22T23:05:00+00:00,81.189,81.22,81.0,81.149,6669
2026-06-22T23:10:00+00:00,81.119,81.15,80.73,80.77,24096
2026-06-22T23:15:00+00:00,80.8,80.8,80.51,80.6,14396
2026-06-22T23:20:00+00:00,80.591,80.6,80.5,80.55,20565
2026-06-22T23:25:00+00:00,80.548,80.93,80.5,80.93,27812
2026-06-22T23:30:00+00:00,80.96,80.96,80.75,80.759,11300
2026-06-22T23:35:00+00:00,80.76,80.86,80.6,80.685,3123
2026-06-22T23:40:00+00:00,80.68,80.8,80.55,80.662,6215
2026-06-22T23:45:00+00:00,80.662,80.67,80.35,80.59,9077
2026-06-22T23:50:00+00:00,80.546,80.546,80.25,80.5,18294
2026-06-22T23:55:00+00:00,80.46,80.59,80.31,80.45,23753
2026-06-23T08:00:00+00:00,72.0,75.692,70.5,71.0,231905
2026-06-23T08:05:00+00:00,70.98,72.08,70.52,70.817,86144
2026-06-23T08:10:00+00:00,70.87,70.87,70.59,70.6,28834
2026-06-23T08:15:00+00:00,70.64,70.745,70.01,70.2,35205
2026-06-23T08:20:00+00:00,70.21,70.4,70.009,70.156,22044
2026-06-23T08:25:00+00:00,70.17,70.4,70.03,70.4,14764
2026-06-23T08:30:00+00:00,70.389,70.744,70.31,70.566,13989
2026-06-23T08:35:00+00:00,70.618,70.618,70.3,70.3,10429
2026-06-23T08:40:00+00:00,70.329,70.69,70.3,70.66,10564
2026-06-23T08:45:00+00:00,70.63,70.655,70.256,70.335,9749
2026-06-23T08:50:00+00:00,70.41,70.66,70.34,70.6,11208
2026-06-23T08:55:00+00:00,70.603,70.76,70.5,70.57,11269
2026-06-23T09:00:00+00:00,70.595,70.98,70.595,70.95,14366
2026-06-23T09:05:00+00:00,70.95,71.13,70.82,70.982,17618
2026-06-23T09:10:00+00:00,70.9,71.5,70.855,71.45,15874
2026-06-23T09:15:00+00:00,71.45,71.7,71.35,71.57,13344
2026-06-23T09:20:00+00:00,71.63,71.7,71.39,71.652,19166
2026-06-23T09:25:00+00:00,71.64,71.74,71.453,71.62,16235
2026-06-23T09:30:00+00:00,71.645,71.67,71.46,71.479,16383
2026-06-23T09:35:00+00:00,71.49,71.55,71.273,71.32,25863
2026-06-23T09:40:00+00:00,71.29,71.87,71.208,71.334,21480
2026-06-23T09:45:00+00:00,71.31,71.87,71.12,71.26,33792
2026-06-23T09:50:00+00:00,71.25,71.45,71.2,71.43,8386
2026-06-23T09:55:00+00:00,71.43,71.61,71.4,71.44,5762
2026-06-23T10:00:00+00:00,71.42,71.69,71.4,71.564,9015
2026-06-23T10:05:00+00:00,71.57,71.6,71.24,71.31,8680
2026-06-23T10:10:00+00:00,71.3,71.305,70.95,70.99,12105
2026-06-23T10:15:00+00:00,70.98,71.22,70.94,71.11,11514
2026-06-23T10:20:00+00:00,71.1,71.14,70.77,70.77,6612
2026-06-23T10:25:00+00:00,70.77,70.77,70.6,70.757,10417
2026-06-23T10:30:00+00:00,70.73,70.76,70.407,70.464,8666
2026-06-23T10:35:00+00:00,70.54,70.598,70.42,70.538,9608
2026-06-23T10:40:00+00:00,70.52,70.52,70.165,70.42,10939
2026-06-23T10:45:00+00:00,70.47,70.56,70.32,70.44,18347
2026-06-23T10:50:00+00:00,70.45,70.5,70.36,70.48,13907
2026-06-23T10:55:00+00:00,70.48,70.73,70.32,70.68,25683
2026-06-23T11:00:00+00:00,70.7,71.1,70.63,70.776,188431
2026-06-23T11:05:00+00:00,70.779,71.23,70.63,71.1,60426
2026-06-23T11:10:00+00:00,71.07,71.32,71.0,71.31,37863
2026-06-23T11:15:00+00:00,71.28,71.34,71.1,71.3,47334
2026-06-23T11:20:00+00:00,71.25,71.41,71.03,71.41,43482
2026-06-23T11:25:00+00:00,71.4,71.438,70.851,70.93,68602
2026-06-23T11:30:00+00:00,70.939,71.16,70.86,70.96,37669
2026-06-23T11:35:00+00:00,70.95,71.25,70.85,71.239,32870
2026-06-23T11:40:00+00:00,71.28,71.61,71.2,71.55,34652
2026-06-23T11:45:00+00:00,71.54,71.85,71.5,71.728,57355
2026-06-23T11:50:00+00:00,71.73,71.8,71.48,71.761,36189
2026-06-23T11:55:00+00:00,71.78,71.85,71.65,71.75,26450
2026-06-23T12:00:00+00:00,71.749,72.17,71.65,71.9,72458
2026-06-23T12:05:00+00:00,71.959,71.96,71.47,71.54,76444
2026-06-23T12:10:00+00:00,71.5,71.65,71.15,71.3,33968
2026-06-23T12:15:00+00:00,71.27,71.35,70.97,71.23,53651
2026-06-23T12:20:00+00:00,71.14,71.14,70.75,70.981,74806
2026-06-23T12:25:00+00:00,70.99,71.1,70.89,71.05,32071
2026-06-23T12:30:00+00:00,71.068,71.1,70.83,70.83,27001
2026-06-23T12:35:00+00:00,70.79,71.0,70.77,70.89,37036
2026-06-23T12:40:00+00:00,70.91,71.0,70.75,70.75,43023
2026-06-23T12:45:00+00:00,70.76,70.77,70.55,70.64,46590
2026-06-23T12:50:00+00:00,70.59,70.68,70.53,70.56,34731
2026-06-23T12:55:00+00:00,70.551,70.64,70.34,70.41,47256
2026-06-23T13:00:00+00:00,70.43,70.5,70.15,70.151,59405
2026-06-23T13:05:00+00:00,70.15,70.2,69.74,69.75,92649
2026-06-23T13:10:00+00:00,69.76,69.99,69.5,69.84,96391
2026-06-23T13:15:00+00:00,69.8,69.88,69.5,69.848,73527
2026-06-23T13:20:00+00:00,69.82,70.19,69.82,69.94,53476
2026-06-23T13:25:00+00:00,69.9,69.91,69.35,69.57,45518
2026-06-23T13:30:00+00:00,69.52,70.33,68.59,70.31,2243163
2026-06-23T13:35:00+00:00,70.31,70.35,69.4,70.235,1503410
2026-06-23T13:40:00+00:00,70.24,70.33,69.85,69.98,1275611
2026-06-23T13:45:00+00:00,70.01,70.56,69.8,70.27,1179501
2026-06-23T13:50:00+00:00,70.29,71.47,70.29,71.04,1342411
2026-06-23T13:55:00+00:00,71.025,71.19,70.55,70.935,1026147
2026-06-23T14:00:00+00:00,70.94,71.65,70.91,71.43,893328
2026-06-23T14:05:00+00:00,71.43,71.598,71.1,71.51,761141
2026-06-23T14:10:00+00:00,71.52,72.06,71.38,72.04,957458
2026-06-23T14:15:00+00:00,72.035,72.79,71.95,72.75,1304472
2026-06-23T14:20:00+00:00,72.74,73.068,72.107,72.33,1391627
2026-06-23T14:25:00+00:00,72.34,72.4,71.24,71.813,1043904
2026-06-23T14:30:00+00:00,71.82,71.85,71.04,71.376,757112
2026-06-23T14:35:00+00:00,71.345,71.73,70.94,70.975,596244
2026-06-23T14:40:00+00:00,70.98,71.108,70.58,70.659,563943
2026-06-23T14:45:00+00:00,70.7,70.836,70.41,70.791,539621
2026-06-23T14:50:00+00:00,70.79,71.35,70.575,70.795,520230
2026-06-23T14:55:00+00:00,70.788,71.12,70.621,71.11,303509
2026-06-23T15:00:00+00:00,71.15,71.47,71.03,71.165,466365
2026-06-23T15:05:00+00:00,71.165,71.21,70.67,70.87,286160
2026-06-23T15:10:00+00:00,70.9,70.95,70.64,70.78,240963
2026-06-23T15:15:00+00:00,70.79,70.84,70.33,70.379,384126
2026-06-23T15:20:00+00:00,70.38,70.666,70.221,70.42,308360
2026-06-23T15:25:00+00:00,70.43,70.55,70.22,70.25,347792
2026-06-23T15:30:00+00:00,70.25,70.766,70.21,70.628,247966
2026-06-23T15:35:00+00:00,70.62,70.915,70.39,70.49,250101
2026-06-23T15:40:00+00:00,70.49,70.642,70.439,70.55,133626
2026-06-23T15:45:00+00:00,70.578,70.75,70.465,70.49,251093
2026-06-23T15:50:00+00:00,70.49,71.01,70.47,70.865,575857
2026-06-23T15:55:00+00:00,70.86,70.91,70.54,70.82,199151
2026-06-23T16:00:00+00:00,70.83,71.34,70.785,71.3,240994
2026-06-23T16:05:00+00:00,71.305,71.45,70.96,71.27,348408
2026-06-23T16:10:00+00:00,71.27,71.589,71.255,71.43,302070
2026-06-23T16:15:00+00:00,71.43,71.47,71.12,71.17,208265
2026-06-23T16:20:00+00:00,71.15,71.177,70.84,71.08,264232
2026-06-23T16:25:00+00:00,71.04,71.11,70.838,71.0,131842
2026-06-23T16:30:00+00:00,71.01,71.1,70.82,70.87,350957
2026-06-23T16:35:00+00:00,70.87,71.03,70.811,70.97,165828
2026-06-23T16:40:00+00:00,70.94,71.218,70.93,71.17,187250
2026-06-23T16:45:00+00:00,71.17,71.19,70.784,70.87,205382
2026-06-23T16:50:00+00:00,70.87,70.88,70.552,70.6,194698
2026-06-23T16:55:00+00:00,70.61,70.829,70.46,70.67,164191
2026-06-23T17:00:00+00:00,70.67,70.72,70.25,70.29,193120
2026-06-23T17:05:00+00:00,70.27,70.35,70.18,70.3,207286
2026-06-23T17:10:00+00:00,70.308,70.765,70.295,70.475,149712
2026-06-23T17:15:00+00:00,70.475,70.59,70.36,70.45,147833
2026-06-23T17:20:00+00:00,70.43,70.74,70.38,70.636,124760
2026-06-23T17:25:00+00:00,70.6,70.71,70.46,70.5,155542
2026-06-23T17:30:00+00:00,70.5,70.6,70.34,70.539,141608
2026-06-23T17:35:00+00:00,70.54,70.649,70.44,70.47,93925
2026-06-23T17:40:00+00:00,70.465,70.51,70.3,70.32,101408
2026-06-23T17:45:00+00:00,70.34,70.395,70.195,70.27,141559
2026-06-23T17:50:00+00:00,70.26,70.28,70.0,70.005,279210
2026-06-23T17:55:00+00:00,70.009,70.02,69.61,69.61,337837
2026-06-23T18:00:00+00:00,69.62,70.0,69.61,69.82,213381
2026-06-23T18:05:00+00:00,69.83,69.87,69.52,69.63,289392
2026-06-23T18:10:00+00:00,69.63,69.83,69.6,69.81,229944
2026-06-23T18:15:00+00:00,69.8,69.9,69.57,69.72,224504
2026-06-23T18:20:00+00:00,69.71,69.92,69.57,69.815,148898
2026-06-23T18:25:00+00:00,69.81,69.86,69.66,69.803,165739
2026-06-23T18:30:00+00:00,69.8,69.82,69.631,69.635,131708
2026-06-23T18:35:00+00:00,69.64,69.71,69.5,69.53,206542
2026-06-23T18:40:00+00:00,69.53,69.53,69.0,69.015,668472
2026-06-23T18:45:00+00:00,69.02,69.26,69.0,69.23,580223
2026-06-23T18:50:00+00:00,69.23,69.55,69.008,69.11,301365
2026-06-23T18:55:00+00:00,69.12,69.55,69.021,69.43,182071
2026-06-23T19:00:00+00:00,69.45,70.08,69.325,70.015,403990
2026-06-23T19:05:00+00:00,70.015,70.21,69.41,69.5,340352
2026-06-23T19:10:00+00:00,69.465,69.81,69.365,69.745,292493
2026-06-23T19:15:00+00:00,69.74,69.86,69.35,69.36,259643
2026-06-23T19:20:00+00:00,69.39,69.98,69.29,69.825,359782
2026-06-23T19:25:00+00:00,69.825,69.99,69.631,69.835,304568
2026-06-23T19:30:00+00:00,69.84,70.08,69.78,70.03,326193
2026-06-23T19:35:00+00:00,70.037,70.137,69.848,69.965,274360
2026-06-23T19:40:00+00:00,69.97,70.028,69.55,69.73,342164
2026-06-23T19:45:00+00:00,69.75,69.82,69.36,69.505,523704
2026-06-23T19:50:00+00:00,69.5,69.855,69.365,69.615,767757
2026-06-23T19:55:00+00:00,69.6,69.9,69.22,69.22,850866
2026-06-23T20:00:00+00:00,69.22,69.45,69.02,69.37,93458
2026-06-23T20:05:00+00:00,69.361,69.88,69.1,69.55,70753
2026-06-23T20:10:00+00:00,69.544,70.0,69.22,69.9,16260
2026-06-23T20:15:00+00:00,69.9,70.36,69.8,70.277,20763
2026-06-23T20:20:00+00:00,70.29,70.55,70.122,70.5,30449
2026-06-23T20:25:00+00:00,70.5,70.591,70.47,70.52,39269
2026-06-23T20:30:00+00:00,70.5,70.53,70.21,70.37,32782
2026-06-23T20:35:00+00:00,70.38,70.39,70.14,70.16,25076
2026-06-23T20:40:00+00:00,70.16,70.35,70.07,70.27,18650
2026-06-23T20:45:00+00:00,70.29,70.29,70.0,70.001,15743
2026-06-23T20:50:00+00:00,70.009,70.08,70.0,70.05,17044
2026-06-23T20:55:00+00:00,70.079,70.3,70.05,70.22,7928
2026-06-23T21:00:00+00:00,70.22,70.46,70.21,70.46,15881
2026-06-23T21:05:00+00:00,70.402,70.49,70.39,70.48,10943
2026-06-23T21:10:00+00:00,70.48,70.48,70.252,70.42,5740
2026-06-23T21:15:00+00:00,70.419,70.6,70.38,70.6,15017
2026-06-23T21:20:00+00:00,70.601,70.78,70.56,70.69,27382
2026-06-23T21:25:00+00:00,70.68,70.95,70.598,70.89,15474
2026-06-23T21:30:00+00:00,70.88,70.95,70.77,70.77,17504
2026-06-23T21:35:00+00:00,70.77,70.96,70.7,70.96,24307
2026-06-23T21:40:00+00:00,70.96,71.1,70.959,71.1,20016
2026-06-23T21:45:00+00:00,71.1,71.18,71.08,71.18,23058
2026-06-23T21:50:00+00:00,71.18,71.4,71.16,71.29,28635
2026-06-23T21:55:00+00:00,71.27,71.4,71.22,71.35,21044
2026-06-23T22:00:00+00:00,71.324,71.34,71.04,71.2,16831
2026-06-23T22:05:00+00:00,71.19,71.399,71.18,71.39,18976
2026-06-23T22:10:00+00:00,71.39,71.54,71.32,71.4,23615
2026-06-23T22:15:00+00:00,71.48,71.75,71.4,71.65,17427
2026-06-23T22:20:00+00:00,71.65,71.7,71.04,71.155,28732
2026-06-23T22:25:00+00:00,71.07,71.139,70.8,70.98,22926
2026-06-23T22:30:00+00:00,70.99,71.399,70.8,70.86,11626
2026-06-23T22:35:00+00:00,70.9,71.0,70.655,70.99,12901
2026-06-23T22:40:00+00:00,70.87,70.93,70.52,70.62,16162
2026-06-23T22:45:00+00:00,70.62,70.91,70.6,70.817,7039
2026-06-23T22:50:00+00:00,70.9,71.149,70.85,70.92,8396
2026-06-23T22:55:00+00:00,70.93,70.95,70.665,70.697,8523
2026-06-23T23:00:00+00:00,70.66,70.72,70.0,70.0,21631
2026-06-23T23:05:00+00:00,70.01,70.01,69.28,69.9,31867
2026-06-23T23:10:00+00:00,69.89,70.7,69.8,70.4,13673
2026-06-23T23:15:00+00:00,70.25,70.86,70.0,70.2,41311
2026-06-23T23:20:00+00:00,70.2,70.74,70.1,70.559,14092
2026-06-23T23:25:00+00:00,70.56,70.7,70.2,70.43,11294
2026-06-23T23:30:00+00:00,70.45,70.5,69.86,69.86,5334
2026-06-23T23:35:00+00:00,69.86,70.15,69.796,69.799,12974
2026-06-23T23:40:00+00:00,69.75,70.12,69.71,70.12,15107
2026-06-23T23:45:00+00:00,70.101,70.7,70.1,70.62,22448
2026-06-23T23:50:00+00:00,70.56,70.64,70.248,70.38,10553
2026-06-23T23:55:00+00:00,70.38,70.7,70.25,70.58,66572
2026-06-24T08:00:00+00:00,71.5,72.5,69.15,71.76,239985
2026-06-24T08:05:00+00:00,71.878,72.42,70.98,72.41,30217
2026-06-24T08:10:00+00:00,72.402,72.71,72.38,72.676,28875
2026-06-24T08:15:00+00:00,72.654,72.689,72.38,72.44,24235
2026-06-24T08:20:00+00:00,72.46,72.52,72.22,72.299,10439
2026-06-24T08:25:00+00:00,72.271,72.549,72.231,72.51,13209
2026-06-24T08:30:00+00:00,72.547,72.72,72.46,72.615,10224
2026-06-24T08:35:00+00:00,72.647,72.649,72.101,72.17,34540
2026-06-24T08:40:00+00:00,72.18,72.439,72.16,72.369,9759
2026-06-24T08:45:00+00:00,72.32,72.369,72.015,72.12,10318
2026-06-24T08:50:00+00:00,72.141,72.298,72.071,72.179,2561
2026-06-24T08:55:00+00:00,72.17,72.3,72.143,72.226,2351
2026-06-24T09:00:00+00:00,72.25,72.28,71.85,71.85,15032
2026-06-24T09:05:00+00:00,71.82,72.2,71.801,72.098,4843
2026-06-24T09:10:00+00:00,72.032,72.39,72.032,72.35,8829
2026-06-24T09:15:00+00:00,72.34,72.358,71.89,71.94,10546
2026-06-24T09:20:00+00:00,71.94,72.0,71.87,71.911,6157
2026-06-24T09:25:00+00:00,71.95,72.0,71.741,71.741,6211
2026-06-24T09:30:00+00:00,71.769,71.829,71.722,71.78,3361
2026-06-24T09:35:00+00:00,71.79,71.799,71.73,71.741,7377
2026-06-24T09:40:00+00:00,71.789,71.789,71.512,71.58,6118
2026-06-24T09:45:00+00:00,71.52,71.67,71.5,71.602,4259
2026-06-24T09:50:00+00:00,71.61,71.968,71.61,71.876,3287
2026-06-24T09:55:00+00:00,71.88,71.929,71.8,71.865,8022
2026-06-24T10:00:00+00:00,71.873,71.873,71.7,71.78,3513
2026-06-24T10:05:00+00:00,71.77,71.914,71.701,71.914,5105
2026-06-24T10:10:00+00:00,71.86,72.038,71.783,72.038,5048
2026-06-24T10:15:00+00:00,71.952,72.04,71.95,71.99,3828
2026-06-24T10:20:00+00:00,71.97,71.99,71.85,71.852,3535
2026-06-24T10:25:00+00:00,71.9,71.99,71.85,71.989,1235
2026-06-24T10:30:00+00:00,71.97,72.103,71.932,72.034,2799
2026-06-24T10:35:00+00:00,72.05,72.099,72.0,72.059,6319
2026-06-24T10:40:00+00:00,72.05,72.194,72.007,72.137,4108
2026-06-24T10:45:00+00:00,72.138,72.138,71.953,72.0,7591
2026-06-24T10:50:00+00:00,71.999,72.0,71.831,71.868,21039
2026-06-24T10:55:00+00:00,71.86,71.919,71.8,71.85,2720
2026-06-24T11:00:00+00:00,71.8,72.03,71.77,71.84,69999
2026-06-24T11:05:00+00:00,71.85,71.85,71.61,71.732,28823
2026-06-24T11:10:00+00:00,71.732,71.81,71.64,71.643,15873
2026-06-24T11:15:00+00:00,71.64,71.757,71.52,71.54,29742
2026-06-24T11:20:00+00:00,71.53,71.68,71.4,71.571,44151
2026-06-24T11:25:00+00:00,71.599,71.7,71.52,71.679,12920
2026-06-24T11:30:00+00:00,71.641,71.88,71.631,71.869,10354
2026-06-24T11:35:00+00:00,71.831,72.1,71.831,71.952,14044
2026-06-24T11:40:00+00:00,71.99,72.06,71.871,72.021,14857
2026-06-24T11:45:00+00:00,72.05,72.29,71.97,72.29,42408
2026-06-24T11:50:00+00:00,72.25,72.6,72.25,72.55,51816
2026-06-24T11:55:00+00:00,72.55,72.6,72.33,72.58,29565
2026-06-24T12:00:00+00:00,72.58,72.64,72.36,72.39,39445
2026-06-24T12:05:00+00:00,72.428,72.6,72.37,72.6,33676
2026-06-24T12:10:00+00:00,72.58,72.68,72.5,72.549,28572
2026-06-24T12:15:00+00:00,72.54,72.65,72.35,72.62,14703
2026-06-24T12:20:00+00:00,72.621,72.74,72.5,72.521,19678
2026-06-24T12:25:00+00:00,72.55,72.56,72.421,72.431,25853
2026-06-24T12:30:00+00:00,72.44,72.5,72.26,72.26,22539
2026-06-24T12:35:00+00:00,72.26,72.37,72.17,72.332,25937
2026-06-24T12:40:00+00:00,72.34,72.379,72.13,72.2,19950
2026-06-24T12:45:00+00:00,72.181,72.27,71.94,72.061,22049
2026-06-24T12:50:00+00:00,72.065,72.099,71.922,71.99,37353
2026-06-24T12:55:00+00:00,71.999,72.008,71.8,71.888,16790
2026-06-24T13:00:00+00:00,71.89,72.037,71.63,71.68,14129
2026-06-24T13:05:00+00:00,71.68,71.85,71.6,71.62,25050
2026-06-24T13:10:00+00:00,71.62,71.64,71.321,71.41,35881
2026-06-24T13:15:00+00:00,71.461,71.8,71.46,71.8,33615
2026-06-24T13:20:00+00:00,71.781,71.84,71.5,71.7,56288
2026-06-24T13:25:00+00:00,71.73,72.11,71.324,71.68,41895
2026-06-24T13:30:00+00:00,71.675,71.705,70.41,71.15,939938
2026-06-24T13:35:00+00:00,71.145,71.59,70.06,70.1,751038
2026-06-24T13:40:00+00:00,70.07,70.15,69.11,69.59,1158762
2026-06-24T13:45:00+00:00,69.598,70.18,69.32,69.955,887209
2026-06-24T13:50:00+00:00,69.94,70.79,69.88,70.66,734331
2026-06-24T13:55:00+00:00,70.67,70.67,70.0,70.21,545725
2026-06-24T14:00:00+00:00,70.23,70.4,69.78,70.205,437586
2026-06-24T14:05:00+00:00,70.205,70.55,70.185,70.415,576643
2026-06-24T14:10:00+00:00,70.425,70.62,69.98,70.25,493773
2026-06-24T14:15:00+00:00,70.22,70.39,69.58,69.6,432654
2026-06-24T14:20:00+00:00,69.58,70.04,69.28,69.94,407031
2026-06-24T14:25:00+00:00,69.925,70.455,69.91,70.2,435850
2026-06-24T14:30:00+00:00,70.225,70.7,70.18,70.68,526244
2026-06-24T14:35:00+00:00,70.671,70.905,70.471,70.497,677989
2026-06-24T14:40:00+00:00,70.556,70.71,70.32,70.63,321609
2026-06-24T14:45:00+00:00,70.63,70.99,70.43,70.588,323384
2026-06-24T14:50:00+00:00,70.59,70.74,70.27,70.31,207576
2026-06-24T14:55:00+00:00,70.315,70.63,70.1,70.63,250930
2026-06-24T15:00:00+00:00,70.65,70.75,70.29,70.505,272305
2026-06-24T15:05:00+00:00,70.51,70.58,70.1,70.12,223571
2026-06-24T15:10:00+00:00,70.125,70.26,69.81,69.99,329678
2026-06-24T15:15:00+00:00,70.0,70.095,69.87,69.979,226093
2026-06-24T15:20:00+00:00,69.975,70.04,69.63,69.638,175020
2026-06-24T15:25:00+00:00,69.63,70.02,69.48,70.02,213915
2026-06-24T15:30:00+00:00,70.01,70.13,69.76,69.84,223597
2026-06-24T15:35:00+00:00,69.83,70.05,69.725,69.87,153315
2026-06-24T15:40:00+00:00,69.91,69.96,69.7,69.88,178352
2026-06-24T15:45:00+00:00,69.885,70.01,69.65,69.99,225797
2026-06-24T15:50:00+00:00,69.99,70.073,69.81,69.915,111296
2026-06-24T15:55:00+00:00,69.915,69.98,69.77,69.801,177981
2026-06-24T16:00:00+00:00,69.8,69.97,69.75,69.864,97106
2026-06-24T16:05:00+00:00,69.84,69.85,69.64,69.72,258508
2026-06-24T16:10:00+00:00,69.72,69.91,69.645,69.86,133991
2026-06-24T16:15:00+00:00,69.865,69.95,69.8,69.93,134859
2026-06-24T16:20:00+00:00,69.925,70.06,69.87,70.02,96554
2026-06-24T16:25:00+00:00,70.01,70.03,69.8,69.855,181306
2026-06-24T16:30:00+00:00,69.85,69.85,69.65,69.69,189951
2026-06-24T16:35:00+00:00,69.7,69.83,69.55,69.59,234527
2026-06-24T16:40:00+00:00,69.59,69.68,69.425,69.59,218893
2026-06-24T16:45:00+00:00,69.6,69.6,69.31,69.4,153088
2026-06-24T16:50:00+00:00,69.4,69.559,69.381,69.43,105750
2026-06-24T16:55:00+00:00,69.39,69.46,69.15,69.18,156136
2026-06-24T17:00:00+00:00,69.185,69.43,69.06,69.43,228402
2026-06-24T17:05:00+00:00,69.42,69.433,68.91,68.97,345264
2026-06-24T17:10:00+00:00,68.96,69.0,68.61,68.658,561100
2026-06-24T17:15:00+00:00,68.67,68.84,68.14,68.24,656741
2026-06-24T17:20:00+00:00,68.268,68.3,68.0,68.01,516001
2026-06-24T17:25:00+00:00,68.01,68.05,67.77,67.79,519294
2026-06-24T17:30:00+00:00,67.79,68.18,67.781,68.125,525670
2026-06-24T17:35:00+00:00,68.13,68.4,68.094,68.23,207163
2026-06-24T17:40:00+00:00,68.22,68.345,67.911,68.0,235665
2026-06-24T17:45:00+00:00,68.01,68.31,67.91,68.09,175197
2026-06-24T17:50:00+00:00,68.09,68.15,67.949,68.012,110049
2026-06-24T17:55:00+00:00,68.035,68.189,67.7,67.72,318234
2026-06-24T18:00:00+00:00,67.74,67.93,67.67,67.74,249846
2026-06-24T18:05:00+00:00,67.745,67.995,67.695,67.995,195687
2026-06-24T18:10:00+00:00,67.985,68.08,67.83,68.06,189051
2026-06-24T18:15:00+00:00,68.05,68.59,68.05,68.585,335027
2026-06-24T18:20:00+00:00,68.583,68.698,68.38,68.698,198859
2026-06-24T18:25:00+00:00,68.695,68.97,68.695,68.865,204490
2026-06-24T18:30:00+00:00,68.87,69.0,68.68,68.685,170885
2026-06-24T18:35:00+00:00,68.705,68.75,68.441,68.569,114831
2026-06-24T18:40:00+00:00,68.57,68.58,68.261,68.408,164821
2026-06-24T18:45:00+00:00,68.39,68.39,67.9,67.991,131625
2026-06-24T18:50:00+00:00,68.0,68.15,67.95,68.1,188627
2026-06-24T18:55:00+00:00,68.11,68.23,67.81,67.925,150156
2026-06-24T19:00:00+00:00,67.93,68.24,67.82,67.975,245078
2026-06-24T19:05:00+00:00,67.96,67.97,67.28,67.3,391554
2026-06-24T19:10:00+00:00,67.29,67.477,67.13,67.455,436013
2026-06-24T19:15:00+00:00,67.455,67.47,67.28,67.34,271570
2026-06-24T19:20:00+00:00,67.38,67.75,67.36,67.75,209423
2026-06-24T19:25:00+00:00,67.75,68.26,67.74,68.235,428464
2026-06-24T19:30:00+00:00,68.24,68.585,68.195,68.49,286839
2026-06-24T19:35:00+00:00,68.5,68.995,68.36,68.95,220889
2026-06-24T19:40:00+00:00,68.94,69.2,68.5,68.66,349201
2026-06-24T19:45:00+00:00,68.66,68.98,68.57,68.95,461933
2026-06-24T19:50:00+00:00,68.97,69.35,68.9,69.3,474408
2026-06-24T19:55:00+00:00,69.3,69.96,69.263,69.93,756565
2026-06-24T20:00:00+00:00,69.98,72.9,69.57,72.899,361147
2026-06-24T20:05:00+00:00,72.88,75.9,72.828,75.899,430906
2026-06-24T20:10:00+00:00,75.8,76.11,74.12,75.63,377964
2026-06-24T20:15:00+00:00,75.63,75.8,75.13,75.639,393353
2026-06-24T20:20:00+00:00,75.63,78.08,75.55,78.05,368488
2026-06-24T20:25:00+00:00,78.0,79.48,77.97,79.191,447265
2026-06-24T20:30:00+00:00,79.19,79.85,76.89,76.97,520295
2026-06-24T20:35:00+00:00,76.979,79.13,76.93,79.05,233087
2026-06-24T20:40:00+00:00,79.119,79.25,78.38,79.04,256886
2026-06-24T20:45:00+00:00,79.1,79.77,78.75,79.48,219084
2026-06-24T20:50:00+00:00,79.48,79.56,78.77,78.86,174842
2026-06-24T20:55:00+00:00,78.85,78.86,78.053,78.658,150881
2026-06-24T21:00:00+00:00,78.63,78.74,78.08,78.43,99246
2026-06-24T21:05:00+00:00,78.48,78.54,78.29,78.415,102929
2026-06-24T21:10:00+00:00,78.42,78.42,77.5,77.97,132655
2026-06-24T21:15:00+00:00,77.99,78.2,77.82,77.87,68370
2026-06-24T21:20:00+00:00,77.87,77.92,77.47,77.71,91160
2026-06-24T21:25:00+00:00,77.7,78.73,77.7,78.639,140918
2026-06-24T21:30:00+00:00,78.611,78.7,77.95,78.048,102671
2026-06-24T21:35:00+00:00,78.078,78.33,77.96,78.26,76307
2026-06-24T21:40:00+00:00,78.27,78.56,78.26,78.377,59256
2026-06-24T21:45:00+00:00,78.378,78.9,78.35,78.85,63587
2026-06-24T21:50:00+00:00,78.86,79.249,78.852,79.21,74983
2026-06-24T21:55:00+00:00,79.21,79.5,79.16,79.45,99220
2026-06-24T22:00:00+00:00,79.45,79.79,79.44,79.449,85808
2026-06-24T22:05:00+00:00,79.45,79.45,78.94,79.27,98156
2026-06-24T22:10:00+00:00,79.274,79.67,79.23,79.53,112522
2026-06-24T22:15:00+00:00,79.54,79.7,79.43,79.7,49410
2026-06-24T22:20:00+00:00,79.65,80.24,79.6,80.12,128760
2026-06-24T22:25:00+00:00,80.119,80.44,80.01,80.44,102236
2026-06-24T22:30:00+00:00,80.43,80.9,80.43,80.828,142436
2026-06-24T22:35:00+00:00,80.85,81.41,80.81,81.39,112348
2026-06-24T22:40:00+00:00,81.37,81.4,80.93,81.03,164979
2026-06-24T22:45:00+00:00,81.02,81.06,80.2,80.43,124871
2026-06-24T22:50:00+00:00,80.46,80.88,80.444,80.569,78006
2026-06-24T22:55:00+00:00,80.57,80.87,80.5,80.62,95790
2026-06-24T23:00:00+00:00,80.62,80.8,80.45,80.77,89655
2026-06-24T23:05:00+00:00,80.77,80.77,80.11,80.14,120479
2026-06-24T23:10:00+00:00,80.138,80.14,79.02,80.0,150935
2026-06-24T23:15:00+00:00,80.0,80.28,79.678,79.86,95808
2026-06-24T23:20:00+00:00,79.852,80.27,79.69,80.24,93109
2026-06-24T23:25:00+00:00,80.24,80.38,80.141,80.34,109661
2026-06-24T23:30:00+00:00,80.33,80.41,80.1,80.344,142223
2026-06-24T23:35:00+00:00,80.338,80.65,80.33,80.36,105186
2026-06-24T23:40:00+00:00,80.444,80.59,80.0,80.15,85916
2026-06-24T23:45:00+00:00,80.17,80.35,80.0,80.19,86279
2026-06-24T23:50:00+00:00,80.19,80.25,80.05,80.235,49566
2026-06-24T23:55:00+00:00,80.25,80.25,80.03,80.167,41529
2026-06-25T08:00:00+00:00,78.91,79.72,77.99,78.86,344280
2026-06-25T08:05:00+00:00,78.84,79.54,77.99,79.03,106820
2026-06-25T08:10:00+00:00,79.03,79.05,78.77,78.815,34335
2026-06-25T08:15:00+00:00,78.787,78.8,78.5,78.56,28351
2026-06-25T08:20:00+00:00,78.55,78.782,78.46,78.71,29383
2026-06-25T08:25:00+00:00,78.697,78.99,78.64,78.779,13196
2026-06-25T08:30:00+00:00,78.76,78.79,78.551,78.59,20545
2026-06-25T08:35:00+00:00,78.56,78.7,78.56,78.68,11825
2026-06-25T08:40:00+00:00,78.675,78.675,78.52,78.53,8779
2026-06-25T08:45:00+00:00,78.565,78.57,78.3,78.35,14122
2026-06-25T08:50:00+00:00,78.32,78.385,78.1,78.29,14508
2026-06-25T08:55:00+00:00,78.3,78.345,78.08,78.177,8242
2026-06-25T09:00:00+00:00,78.14,78.35,78.06,78.32,12319
2026-06-25T09:05:00+00:00,78.32,78.35,78.2,78.23,9547
2026-06-25T09:10:00+00:00,78.2,78.35,78.132,78.33,12773
2026-06-25T09:15:00+00:00,78.34,78.6,78.17,78.17,14470
2026-06-25T09:20:00+00:00,78.19,78.244,78.08,78.2,11244
2026-06-25T09:25:00+00:00,78.18,78.236,78.04,78.16,19067
2026-06-25T09:30:00+00:00,78.2,78.37,78.16,78.33,22386
2026-06-25T09:35:00+00:00,78.3,78.327,78.213,78.303,12843
2026-06-25T09:40:00+00:00,78.342,78.344,78.24,78.3,7767
2026-06-25T09:45:00+00:00,78.283,78.35,78.21,78.331,6697
2026-06-25T09:50:00+00:00,78.332,78.388,78.25,78.31,11616
2026-06-25T09:55:00+00:00,78.307,78.37,78.25,78.282,10469
2026-06-25T10:00:00+00:00,78.23,78.45,78.23,78.375,15431
2026-06-25T10:05:00+00:00,78.376,78.637,78.31,78.51,9409
2026-06-25T10:10:00+00:00,78.52,78.733,78.45,78.49,5060
2026-06-25T10:15:00+00:00,78.53,78.768,78.49,78.55,11363
2026-06-25T10:20:00+00:00,78.55,78.55,78.41,78.53,15163
2026-06-25T10:25:00+00:00,78.511,78.65,78.511,78.63,9427
2026-06-25T10:30:00+00:00,78.63,78.93,78.63,78.78,24763
2026-06-25T10:35:00+00:00,78.832,78.95,78.71,78.8,46515
2026-06-25T10:40:00+00:00,78.77,78.885,78.73,78.83,10751
2026-06-25T10:45:00+00:00,78.83,78.85,78.66,78.84,19552
2026-06-25T10:50:00+00:00,78.878,78.98,78.853,78.949,31467
2026-06-25T10:55:00+00:00,78.94,79.05,78.76,78.786,18238
2026-06-25T11:00:00+00:00,78.78,79.33,78.78,79.164,104154
2026-06-25T11:05:00+00:00,79.2,79.36,78.98,79.16,65141
2026-06-25T11:10:00+00:00,79.1,79.28,78.93,79.008,45837
2026-06-25T11:15:00+00:00,78.995,79.08,78.85,78.89,68565
2026-06-25T11:20:00+00:00,78.9,78.96,78.65,78.68,37623
2026-06-25T11:25:00+00:00,78.682,78.8,78.591,78.62,39377
2026-06-25T11:30:00+00:00,78.62,78.65,78.4,78.52,179187
2026-06-25T11:35:00+00:00,78.49,78.68,78.422,78.609,32329
2026-06-25T11:40:00+00:00,78.606,78.754,78.55,78.68,35780
2026-06-25T11:45:00+00:00,78.68,78.87,78.62,78.8,35843
2026-06-25T11:50:00+00:00,78.75,78.8,78.5,78.591,34242
2026-06-25T11:55:00+00:00,78.55,78.66,78.5,78.586,33167
2026-06-25T12:00:00+00:00,78.587,78.61,78.34,78.48,38930
2026-06-25T12:05:00+00:00,78.48,78.8,78.451,78.74,40497
2026-06-25T12:10:00+00:00,78.76,78.8,78.52,78.552,38010
2026-06-25T12:15:00+00:00,78.592,78.67,78.5,78.561,28462
2026-06-25T12:20:00+00:00,78.56,78.64,78.435,78.61,75649
2026-06-25T12:25:00+00:00,78.65,78.68,78.51,78.56,39816
2026-06-25T12:30:00+00:00,78.57,79.83,78.52,79.15,144961
2026-06-25T12:35:00+00:00,79.14,79.31,79.0,79.15,56469
2026-06-25T12:40:00+00:00,79.19,79.269,79.02,79.185,53175
2026-06-25T12:45:00+00:00,79.19,79.47,79.1,79.45,73740
2026-06-25T12:50:00+00:00,79.41,79.8,79.409,79.63,104179
2026-06-25T12:55:00+00:00,79.6,79.65,79.43,79.53,51894
2026-06-25T13:00:00+00:00,79.52,79.64,79.27,79.33,61415
2026-06-25T13:05:00+00:00,79.3,79.34,79.07,79.1,56265
2026-06-25T13:10:00+00:00,79.1,79.22,79.03,79.15,51192
2026-06-25T13:15:00+00:00,79.12,79.15,78.83,78.86,75934
2026-06-25T13:20:00+00:00,78.859,78.98,78.82,78.95,97484
2026-06-25T13:25:00+00:00,78.98,79.34,78.863,79.2,191444
2026-06-25T13:30:00+00:00,79.155,79.385,78.305,79.265,2238159
2026-06-25T13:35:00+00:00,79.26,79.59,78.63,79.275,1904949
2026-06-25T13:40:00+00:00,79.295,79.34,77.42,77.635,1976947
2026-06-25T13:45:00+00:00,77.65,77.973,75.82,76.66,2392693
2026-06-25T13:50:00+00:00,76.63,76.97,74.2,74.22,2567673
2026-06-25T13:55:00+00:00,74.2,75.1,73.5,73.57,2321915
2026-06-25T14:00:00+00:00,73.58,75.22,73.58,74.755,1858368
2026-06-25T14:05:00+00:00,74.76,76.0,74.585,75.92,1739547
2026-06-25T14:10:00+00:00,75.9,76.413,74.915,74.965,1430363
2026-06-25T14:15:00+00:00,74.97,75.52,74.59,75.24,1041092
2026-06-25T14:20:00+00:00,75.24,75.71,74.6,74.96,1086624
2026-06-25T14:25:00+00:00,75.01,75.41,74.72,74.86,699992
2026-06-25T14:30:00+00:00,74.855,75.865,74.83,75.515,732940
2026-06-25T14:35:00+00:00,75.53,75.96,75.32,75.89,497533
2026-06-25T14:40:00+00:00,75.905,76.08,74.993,75.27,585061
2026-06-25T14:45:00+00:00,75.26,75.72,75.08,75.64,488134
2026-06-25T14:50:00+00:00,75.63,76.23,75.52,76.22,561228
2026-06-25T14:55:00+00:00,76.229,76.27,75.67,76.07,827383
2026-06-25T15:00:00+00:00,76.08,76.54,75.985,76.525,674465
2026-06-25T15:05:00+00:00,76.53,76.64,75.96,76.13,630178
2026-06-25T15:10:00+00:00,76.13,76.305,75.06,75.185,724682
2026-06-25T15:15:00+00:00,75.19,75.75,74.901,75.57,628821
2026-06-25T15:20:00+00:00,75.579,76.05,75.34,75.85,326454
2026-06-25T15:25:00+00:00,75.819,75.819,75.302,75.41,355397
2026-06-25T15:30:00+00:00,75.42,75.76,75.375,75.52,376105
2026-06-25T15:35:00+00:00,75.515,75.86,75.515,75.74,223091
2026-06-25T15:40:00+00:00,75.732,76.19,75.7,76.16,400448
2026-06-25T15:45:00+00:00,76.165,76.77,76.13,76.27,628002
2026-06-25T15:50:00+00:00,76.28,76.59,76.225,76.435,386257
2026-06-25T15:55:00+00:00,76.44,76.48,76.14,76.21,250536
2026-06-25T16:00:00+00:00,76.2,76.405,76.12,76.356,213222
2026-06-25T16:05:00+00:00,76.35,76.88,76.34,76.86,273493
2026-06-25T16:10:00+00:00,76.84,77.425,76.82,77.345,710000
2026-06-25T16:15:00+00:00,77.34,77.55,77.017,77.06,501203
2026-06-25T16:20:00+00:00,77.08,77.249,76.84,77.01,317009
2026-06-25T16:25:00+00:00,77.03,77.33,76.84,77.328,239370
2026-06-25T16:30:00+00:00,77.325,77.33,76.67,77.0,330915
2026-06-25T16:35:00+00:00,77.0,77.05,76.72,76.85,230701
2026-06-25T16:40:00+00:00,76.855,76.93,76.41,76.48,213111
2026-06-25T16:45:00+00:00,76.48,76.97,76.15,76.96,339968
2026-06-25T16:50:00+00:00,76.945,77.276,76.87,77.06,310667
2026-06-25T16:55:00+00:00,77.066,77.08,76.82,76.97,278264
2026-06-25T17:00:00+00:00,77.02,77.155,76.84,77.07,255909
2026-06-25T17:05:00+00:00,77.1,77.15,76.93,77.13,242740
2026-06-25T17:10:00+00:00,77.13,77.46,77.13,77.21,303545
2026-06-25T17:15:00+00:00,77.22,77.42,76.84,76.89,283176
2026-06-25T17:20:00+00:00,76.9,77.18,76.76,77.149,209202
2026-06-25T17:25:00+00:00,77.14,77.39,77.11,77.385,227713
2026-06-25T17:30:00+00:00,77.4,77.45,77.13,77.164,202346
2026-06-25T17:35:00+00:00,77.17,77.515,77.155,77.5,159860
2026-06-25T17:40:00+00:00,77.501,77.63,77.42,77.52,301985
2026-06-25T17:45:00+00:00,77.52,77.53,77.22,77.27,252368
2026-06-25T17:50:00+00:00,77.25,77.6,77.23,77.52,375098
2026-06-25T17:55:00+00:00,77.51,77.72,77.39,77.67,301346
2026-06-25T18:00:00+00:00,77.67,77.7,77.1,77.18,277644
2026-06-25T18:05:00+00:00,77.17,77.53,77.073,77.44,152313
2026-06-25T18:10:00+00:00,77.44,77.53,77.22,77.34,161190
2026-06-25T18:15:00+00:00,77.34,77.385,76.99,77.155,256998
2026-06-25T18:20:00+00:00,77.17,77.31,76.93,77.23,181090
2026-06-25T18:25:00+00:00,77.23,77.56,77.23,77.46,230387
2026-06-25T18:30:00+00:00,77.44,77.44,76.86,76.89,227060
2026-06-25T18:35:00+00:00,76.94,77.099,76.8,76.91,172316
2026-06-25T18:40:00+00:00,76.89,77.15,76.8,77.07,170720
2026-06-25T18:45:00+00:00,77.07,77.12,76.6,77.115,239695
2026-06-25T18:50:00+00:00,77.1,77.36,77.04,77.21,208253
2026-06-25T18:55:00+00:00,77.24,77.36,77.05,77.2,118344
2026-06-25T19:00:00+00:00,77.19,77.195,76.75,76.75,127598
2026-06-25T19:05:00+00:00,76.75,76.84,76.47,76.625,290251
2026-06-25T19:10:00+00:00,76.62,76.87,76.41,76.53,217466
2026-06-25T19:15:00+00:00,76.525,76.57,76.02,76.23,415470
2026-06-25T19:20:00+00:00,76.236,76.335,76.08,76.33,336996
2026-06-25T19:25:00+00:00,76.34,76.7,76.26,76.54,376110
2026-06-25T19:30:00+00:00,76.56,76.61,76.11,76.42,249061
2026-06-25T19:35:00+00:00,76.41,76.41,76.13,76.255,125280
2026-06-25T19:40:00+00:00,76.28,76.69,76.18,76.525,240797
2026-06-25T19:45:00+00:00,76.51,76.6,76.21,76.39,230236
2026-06-25T19:50:00+00:00,76.37,76.73,76.15,76.552,491283
2026-06-25T19:55:00+00:00,76.57,77.23,76.33,76.89,2133587
2026-06-25T20:00:00+00:00,77.13,77.68,76.86,77.402,291755
2026-06-25T20:05:00+00:00,77.461,77.5,77.2,77.3,53862
2026-06-25T20:10:00+00:00,77.342,77.35,76.89,77.16,11350
2026-06-25T20:15:00+00:00,77.151,77.5,77.1,77.458,18497
2026-06-25T20:20:00+00:00,77.4,77.65,77.37,77.37,10276
2026-06-25T20:25:00+00:00,77.34,77.58,77.2,77.2,10194
2026-06-25T20:30:00+00:00,77.21,77.25,76.67,76.76,19787
2026-06-25T20:35:00+00:00,77.15,77.3,76.62,76.62,11039
2026-06-25T20:40:00+00:00,76.53,77.0,76.53,76.78,16774
2026-06-25T20:45:00+00:00,76.76,77.099,76.75,76.81,3406
2026-06-25T20:50:00+00:00,76.828,77.0,76.811,76.9,5875
2026-06-25T20:55:00+00:00,76.98,77.0,76.82,77.0,4829
2026-06-25T21:00:00+00:00,76.92,77.15,76.92,77.15,4819
2026-06-25T21:05:00+00:00,77.15,77.16,76.92,77.07,11941
2026-06-25T21:10:00+00:00,77.09,77.15,76.99,77.11,9342
2026-06-25T21:15:00+00:00,77.07,77.13,77.06,77.07,3916
2026-06-25T21:20:00+00:00,77.06,77.13,76.82,76.845,13518
2026-06-25T21:25:00+00:00,76.85,76.88,76.7,76.79,13893
2026-06-25T21:30:00+00:00,76.78,76.88,76.67,76.799,113051
2026-06-25T21:35:00+00:00,76.78,76.89,76.75,76.89,16243
2026-06-25T21:40:00+00:00,76.797,76.89,76.77,76.884,3197
2026-06-25T21:45:00+00:00,76.801,76.89,76.64,76.71,6290
2026-06-25T21:50:00+00:00,76.703,76.703,76.393,76.399,5337
2026-06-25T21:55:00+00:00,76.32,76.59,76.25,76.43,31616
2026-06-25T22:00:00+00:00,76.45,76.59,76.15,76.15,4765
2026-06-25T22:05:00+00:00,76.159,76.2,75.9,75.9,16036
2026-06-25T22:10:00+00:00,75.902,75.98,75.66,75.98,14526
2026-06-25T22:15:00+00:00,75.95,76.37,75.83,76.11,6278
2026-06-25T22:20:00+00:00,76.027,76.1,75.72,75.74,5335
2026-06-25T22:25:00+00:00,75.75,75.75,75.51,75.52,11481
2026-06-25T22:30:00+00:00,75.52,75.8,75.41,75.711,9110
2026-06-25T22:35:00+00:00,75.76,76.0,75.76,75.93,8830
2026-06-25T22:40:00+00:00,75.9,76.13,75.8,76.08,3383
2026-06-25T22:45:00+00:00,76.07,76.3,75.864,75.864,12758
2026-06-25T22:50:00+00:00,75.858,76.0,75.78,75.88,13824
2026-06-25T22:55:00+00:00,75.98,76.25,75.88,76.19,6984
2026-06-25T23:00:00+00:00,76.17,76.25,76.11,76.19,8580
2026-06-25T23:05:00+00:00,76.2,76.429,76.14,76.429,10788
2026-06-25T23:10:00+00:00,76.405,76.9,76.31,76.892,13335
2026-06-25T23:15:00+00:00,76.9,77.091,76.8,77.04,18290
2026-06-25T23:20:00+00:00,77.04,77.15,76.96,77.09,71928
2026-06-25T23:25:00+00:00,77.09,77.1,76.97,77.017,14302
2026-06-25T23:30:00+00:00,77.017,77.03,76.701,76.901,14867
2026-06-25T23:35:00+00:00,76.987,76.987,76.7,76.72,6215
2026-06-25T23:40:00+00:00,76.78,76.9,76.45,76.49,8616
2026-06-25T23:45:00+00:00,76.5,76.68,76.14,76.281,11568
2026-06-25T23:50:00+00:00,76.3,76.79,76.1,76.308,25887
2026-06-25T23:55:00+00:00,76.39,76.541,76.05,76.541,31436
2026-06-26T08:00:00+00:00,74.3,74.48,72.5,73.752,292095
2026-06-26T08:05:00+00:00,73.776,74.33,72.09,73.45,41988
2026-06-26T08:10:00+00:00,73.42,73.53,73.42,73.48,7076
2026-06-26T08:15:00+00:00,73.482,73.58,73.45,73.514,7796
2026-06-26T08:20:00+00:00,73.514,73.946,73.513,73.906,3311
2026-06-26T08:25:00+00:00,73.94,74.1,73.82,73.94,8877
2026-06-26T08:30:00+00:00,73.83,73.98,73.59,73.647,8238
2026-06-26T08:35:00+00:00,73.646,73.65,73.35,73.35,6581
2026-06-26T08:40:00+00:00,73.42,73.43,73.0,73.29,17993
2026-06-26T08:45:00+00:00,73.25,73.25,72.96,73.04,18064
2026-06-26T08:50:00+00:00,73.038,73.094,72.85,72.89,8917
2026-06-26T08:55:00+00:00,72.89,73.21,72.76,73.2,3895
2026-06-26T09:00:00+00:00,73.23,73.23,72.9,73.12,3085
2026-06-26T09:05:00+00:00,73.2,73.36,73.13,73.3,2485
2026-06-26T09:10:00+00:00,73.2,73.25,73.028,73.168,2750
2026-06-26T09:15:00+00:00,73.16,73.294,73.14,73.15,4675
2026-06-26T09:20:00+00:00,73.1,73.123,72.799,72.844,6791
2026-06-26T09:25:00+00:00,72.89,73.07,72.862,73.045,4398
2026-06-26T09:30:00+00:00,73.05,73.05,72.736,72.91,11362
2026-06-26T09:35:00+00:00,72.95,73.15,72.85,73.081,5826
2026-06-26T09:40:00+00:00,73.09,73.334,73.08,73.169,1270
2026-06-26T09:45:00+00:00,73.17,73.42,73.168,73.234,2399
2026-06-26T09:50:00+00:00,73.22,73.22,72.91,72.96,5200
2026-06-26T09:55:00+00:00,72.91,72.955,72.83,72.902,3847
2026-06-26T10:00:00+00:00,72.83,72.87,72.6,72.674,9285
2026-06-26T10:05:00+00:00,72.67,72.96,72.64,72.903,1872
2026-06-26T10:10:00+00:00,72.915,73.0,72.842,72.964,1797
2026-06-26T10:15:00+00:00,72.97,73.11,72.8,72.8,2663
2026-06-26T10:20:00+00:00,72.76,72.85,72.66,72.726,3540
2026-06-26T10:25:00+00:00,72.72,72.805,72.645,72.77,5231
2026-06-26T10:30:00+00:00,72.76,72.93,72.73,72.866,2109
2026-06-26T10:35:00+00:00,72.82,72.864,72.47,72.496,5787
2026-06-26T10:40:00+00:00,72.48,72.65,72.46,72.606,5736
2026-06-26T10:45:00+00:00,72.578,72.753,72.54,72.65,2669
2026-06-26T10:50:00+00:00,72.66,72.74,72.53,72.69,7811
2026-06-26T10:55:00+00:00,72.743,72.859,72.694,72.848,1388
2026-06-26T11:00:00+00:00,72.86,73.28,72.82,73.155,53426
2026-06-26T11:05:00+00:00,73.16,73.33,73.07,73.3,28600
2026-06-26T11:10:00+00:00,73.3,73.59,73.27,73.359,20224
2026-06-26T11:15:00+00:00,73.36,73.39,73.16,73.16,13112
2026-06-26T11:20:00+00:00,73.16,73.2,73.02,73.179,13970
2026-06-26T11:25:00+00:00,73.137,73.2,72.97,73.028,9001
2026-06-26T11:30:00+00:00,73.01,73.16,72.93,72.951,21530
2026-06-26T11:35:00+00:00,72.95,73.2,72.93,73.099,7555
2026-06-26T11:40:00+00:00,73.05,73.2,72.9,72.94,20888
2026-06-26T11:45:00+00:00,72.9,73.05,72.82,72.92,29541
2026-06-26T11:50:00+00:00,72.94,72.94,72.55,72.6,28341
2026-06-26T11:55:00+00:00,72.6,72.99,72.6,72.986,12528
2026-06-26T12:00:00+00:00,72.999,73.25,72.902,73.1,29021
2026-06-26T12:05:00+00:00,73.113,73.25,73.0,73.04,12060
2026-06-26T12:10:00+00:00,73.04,73.2,72.98,73.016,19538
2026-06-26T12:15:00+00:00,73.038,73.11,72.81,72.881,13562
2026-06-26T12:20:00+00:00,72.93,72.99,72.63,72.63,22252
2026-06-26T12:25:00+00:00,72.65,72.86,72.631,72.78,20105
2026-06-26T12:30:00+00:00,72.75,72.8,72.46,72.48,33901
2026-06-26T12:35:00+00:00,72.48,72.66,72.321,72.4,24239
2026-06-26T12:40:00+00:00,72.35,72.45,72.02,72.199,27517
2026-06-26T12:45:00+00:00,72.1,72.3,72.05,72.22,66779
2026-06-26T12:50:00+00:00,72.25,72.44,72.07,72.28,30798
2026-06-26T12:55:00+00:00,72.28,72.4,72.137,72.16,17485
2026-06-26T13:00:00+00:00,72.17,72.2,71.68,71.76,89260
2026-06-26T13:05:00+00:00,71.715,71.97,71.55,71.55,79200
2026-06-26T13:10:00+00:00,71.57,71.8,71.43,71.735,57057
2026-06-26T13:15:00+00:00,71.74,71.74,71.12,71.31,110139
2026-06-26T13:20:00+00:00,71.31,71.81,71.31,71.68,126107
2026-06-26T13:25:00+00:00,71.75,72.3,71.74,72.3,28464
2026-06-26T13:30:00+00:00,72.26,72.76,71.33,71.67,1278388
2026-06-26T13:35:00+00:00,71.65,72.65,71.63,71.7,970246
2026-06-26T13:40:00+00:00,71.71,72.523,71.65,72.278,825834
2026-06-26T13:45:00+00:00,72.28,72.34,71.53,71.613,667270
2026-06-26T13:50:00+00:00,71.64,72.366,71.64,72.256,665277
2026-06-26T13:55:00+00:00,72.3,73.45,72.1,73.275,913927
2026-06-26T14:00:00+00:00,73.28,74.26,73.23,74.226,750320
2026-06-26T14:05:00+00:00,74.23,74.76,73.98,74.46,1134766
2026-06-26T14:10:00+00:00,74.45,74.565,73.73,74.325,829488
2026-06-26T14:15:00+00:00,74.3,74.49,73.795,73.795,781118
2026-06-26T14:20:00+00:00,73.795,74.68,73.779,74.24,390786
2026-06-26T14:25:00+00:00,74.195,74.4,73.85,74.013,273250
2026-06-26T14:30:00+00:00,74.01,74.12,73.34,73.61,495852
2026-06-26T14:35:00+00:00,73.62,73.62,73.025,73.065,360817
2026-06-26T14:40:00+00:00,73.1,73.61,72.93,73.21,302335
2026-06-26T14:45:00+00:00,73.26,73.54,73.11,73.42,261751
2026-06-26T14:50:00+00:00,73.42,73.801,73.03,73.22,216454
2026-06-26T14:55:00+00:00,73.25,73.455,73.07,73.24,151930
2026-06-26T15:00:00+00:00,73.25,73.4,73.06,73.09,192226
2026-06-26T15:05:00+00:00,73.075,73.32,72.74,73.28,380321
2026-06-26T15:10:00+00:00,73.26,73.3,72.68,72.8,217080
2026-06-26T15:15:00+00:00,72.81,73.11,72.59,72.955,306639
2026-06-26T15:20:00+00:00,72.91,73.18,72.756,73.154,172580
2026-06-26T15:25:00+00:00,73.16,73.52,73.09,73.52,180402
2026-06-26T15:30:00+00:00,73.5,73.845,73.3,73.39,253766
2026-06-26T15:35:00+00:00,73.41,73.89,73.4,73.845,467714
2026-06-26T15:40:00+00:00,73.84,74.224,73.69,74.028,278141
2026-06-26T15:45:00+00:00,74.025,74.08,73.49,73.5,276027
2026-06-26T15:50:00+00:00,73.495,73.72,73.153,73.23,313961
2026-06-26T15:55:00+00:00,73.23,73.7,73.23,73.55,249575
2026-06-26T16:00:00+00:00,73.55,73.69,73.42,73.61,113782
2026-06-26T16:05:00+00:00,73.585,73.67,73.36,73.43,112522
2026-06-26T16:10:00+00:00,73.48,73.64,73.38,73.64,252234
2026-06-26T16:15:00+00:00,73.63,73.81,73.56,73.72,161135
2026-06-26T16:20:00+00:00,73.72,73.805,73.428,73.772,142579
2026-06-26T16:25:00+00:00,73.72,74.09,73.72,74.09,185725
2026-06-26T16:30:00+00:00,74.095,74.37,74.045,74.355,185426
2026-06-26T16:35:00+00:00,74.359,74.39,74.0,74.05,185228
2026-06-26T16:40:00+00:00,74.07,74.4,74.015,74.23,184222
2026-06-26T16:45:00+00:00,74.25,74.31,74.04,74.11,155540
2026-06-26T16:50:00+00:00,74.095,74.215,74.05,74.17,130683
2026-06-26T16:55:00+00:00,74.16,74.17,74.01,74.09,77127
2026-06-26T17:00:00+00:00,74.1,74.25,74.03,74.15,141577
2026-06-26T17:05:00+00:00,74.16,74.5,74.11,74.49,140645
2026-06-26T17:10:00+00:00,74.49,74.53,74.29,74.316,336925
2026-06-26T17:15:00+00:00,74.33,74.34,73.98,74.08,126923
2026-06-26T17:20:00+00:00,74.09,74.24,73.96,74.195,114226
2026-06-26T17:25:00+00:00,74.21,74.31,73.99,74.2,108426
2026-06-26T17:30:00+00:00,74.17,74.36,74.01,74.04,91215
2026-06-26T17:35:00+00:00,74.01,74.09,73.84,73.89,87575
2026-06-26T17:40:00+00:00,73.89,74.03,73.71,74.01,123182
2026-06-26T17:45:00+00:00,74.009,74.095,73.87,73.87,84197
2026-06-26T17:50:00+00:00,73.88,74.06,73.82,73.925,56106
2026-06-26T17:55:00+00:00,73.9,73.9,73.625,73.739,102557
2026-06-26T18:00:00+00:00,73.74,73.799,73.56,73.58,104764
2026-06-26T18:05:00+00:00,73.56,73.75,73.28,73.39,126208
2026-06-26T18:10:00+00:00,73.39,73.41,73.211,73.26,79290
2026-06-26T18:15:00+00:00,73.23,73.355,72.793,72.87,146093
2026-06-26T18:20:00+00:00,72.88,73.198,72.855,72.965,127637
2026-06-26T18:25:00+00:00,73.0,73.069,72.68,72.729,109954
2026-06-26T18:30:00+00:00,72.71,72.93,72.65,72.86,224306
2026-06-26T18:35:00+00:00,72.85,72.92,72.715,72.87,163828
2026-06-26T18:40:00+00:00,72.851,72.885,72.65,72.705,143830
2026-06-26T18:45:00+00:00,72.7,72.79,72.615,72.76,115270
2026-06-26T18:50:00+00:00,72.75,72.84,72.62,72.83,143553
2026-06-26T18:55:00+00:00,72.85,72.905,72.5,72.59,193608
2026-06-26T19:00:00+00:00,72.6,72.745,72.35,72.37,319588
2026-06-26T19:05:00+00:00,72.38,73.04,72.275,72.99,256224
2026-06-26T19:10:00+00:00,72.99,73.185,72.78,73.15,180847
2026-06-26T19:15:00+00:00,73.12,73.135,72.87,72.9,145084
2026-06-26T19:20:00+00:00,72.91,73.03,72.53,72.66,241072
2026-06-26T19:25:00+00:00,72.66,72.765,72.52,72.73,157000
2026-06-26T19:30:00+00:00,72.76,72.779,72.462,72.63,121954
2026-06-26T19:35:00+00:00,72.63,72.76,72.44,72.445,146402
2026-06-26T19:40:00+00:00,72.47,73.06,72.46,72.99,268957
2026-06-26T19:45:00+00:00,72.985,73.07,72.66,72.7,208463
2026-06-26T19:50:00+00:00,72.7,72.71,72.1,72.1,566603
2026-06-26T19:55:00+00:00,72.1,72.205,71.88,71.88,557820
2026-06-26T20:00:00+00:00,71.99,72.423,71.749,71.79,56070
2026-06-26T20:05:00+00:00,71.815,72.15,71.72,72.0,2301056
2026-06-26T20:10:00+00:00,72.0,72.09,71.75,71.99,33825
2026-06-26T20:15:00+00:00,72.08,72.45,71.97,72.39,9880
2026-06-26T20:20:00+00:00,72.348,72.4,72.1,72.19,6203
2026-06-26T20:25:00+00:00,72.27,72.4,72.201,72.36,5665
2026-06-26T20:30:00+00:00,72.39,72.39,71.81,72.298,10419
2026-06-26T20:35:00+00:00,72.25,72.39,71.87,72.101,17016
2026-06-26T20:40:00+00:00,72.199,72.3,71.85,72.243,24099
2026-06-26T20:45:00+00:00,72.24,72.24,71.88,71.987,11051
2026-06-26T20:50:00+00:00,71.9,72.34,71.9,72.16,4381
2026-06-26T20:55:00+00:00,72.04,72.19,72.01,72.11,8500
2026-06-26T21:00:00+00:00,72.12,72.13,71.62,71.95,713252
2026-06-26T21:05:00+00:00,71.7,71.95,71.58,71.747,7943
2026-06-26T21:10:00+00:00,71.75,72.0,71.75,71.989,3081
2026-06-26T21:15:00+00:00,71.98,72.25,71.85,71.9,13598
2026-06-26T21:20:00+00:00,71.91,72.0,71.81,71.88,3532
2026-06-26T21:25:00+00:00,71.88,71.88,71.791,71.801,3657
2026-06-26T21:30:00+00:00,71.85,71.86,71.58,71.73,7652
2026-06-26T21:35:00+00:00,71.73,71.79,71.62,71.79,4454
2026-06-26T21:40:00+00:00,71.79,71.88,71.79,71.83,11113
2026-06-26T21:45:00+00:00,71.828,71.99,71.81,71.94,10005
2026-06-26T21:50:00+00:00,71.934,72.1,71.88,72.05,29106
2026-06-26T21:55:00+00:00,72.049,72.298,72.042,72.13,3678
2026-06-26T22:00:00+00:00,72.13,72.23,72.08,72.2,15237
2026-06-26T22:05:00+00:00,72.18,72.2,71.95,71.992,5820
2026-06-26T22:10:00+00:00,72.0,72.0,71.84,71.94,6294
2026-06-26T22:15:00+00:00,71.96,71.97,71.75,71.832,6534
2026-06-26T22:20:00+00:00,71.83,71.89,71.76,71.88,7002
2026-06-26T22:25:00+00:00,71.85,71.9,71.81,71.874,6806
2026-06-26T22:30:00+00:00,71.87,71.89,71.78,71.8,4874
2026-06-26T22:35:00+00:00,71.8,71.99,71.771,71.88,3830
2026-06-26T22:40:00+00:00,71.878,71.98,71.82,71.921,3946
2026-06-26T22:45:00+00:00,71.919,72.1,71.87,72.1,3675
2026-06-26T22:50:00+00:00,72.0,72.1,71.93,72.042,5797
2026-06-26T22:55:00+00:00,72.1,72.1,72.0,72.09,6310
2026-06-26T23:00:00+00:00,72.074,72.14,72.07,72.126,5621
2026-06-26T23:05:00+00:00,72.125,72.22,72.07,72.22,3810
2026-06-26T23:10:00+00:00,72.22,72.4,72.217,72.28,17707
2026-06-26T23:15:00+00:00,72.28,72.28,72.21,72.279,10169
2026-06-26T23:20:00+00:00,72.266,72.42,72.228,72.42,3321
2026-06-26T23:25:00+00:00,72.42,72.75,72.42,72.75,113171
2026-06-26T23:30:00+00:00,72.74,72.75,72.55,72.651,6185
2026-06-26T23:35:00+00:00,72.652,72.75,72.585,72.585,17562
2026-06-26T23:40:00+00:00,72.62,72.62,72.47,72.52,14850
2026-06-26T23:45:00+00:00,72.54,73.06,72.508,72.69,3958
2026-06-26T23:50:00+00:00,72.703,72.703,72.399,72.399,4412
2026-06-26T23:55:00+00:00,72.39,72.57,72.221,72.29,11723
2026-06-29T08:00:00+00:00,71.32,72.41,70.05,71.985,237927
2026-06-29T08:05:00+00:00,71.988,72.33,71.0,71.95,34695
2026-06-29T08:10:00+00:00,71.926,71.982,71.79,71.87,12447
2026-06-29T08:15:00+00:00,71.88,71.961,71.79,71.904,9097
2026-06-29T08:20:00+00:00,71.895,71.972,71.88,71.955,4204
2026-06-29T08:25:00+00:00,71.956,71.98,71.704,71.75,8298
2026-06-29T08:30:00+00:00,71.751,71.86,71.7,71.75,3389
2026-06-29T08:35:00+00:00,71.75,71.779,71.56,71.63,4670
2026-06-29T08:40:00+00:00,71.613,71.645,71.546,71.57,3170
2026-06-29T08:45:00+00:00,71.565,71.61,71.5,71.61,5320
2026-06-29T08:50:00+00:00,71.58,71.62,71.463,71.49,5303
2026-06-29T08:55:00+00:00,71.496,71.546,71.38,71.49,6635
2026-06-29T09:00:00+00:00,71.49,71.492,71.3,71.424,3105
2026-06-29T09:05:00+00:00,71.418,71.418,70.973,70.973,6446
2026-06-29T09:10:00+00:00,70.987,71.13,70.81,71.124,3458
2026-06-29T09:15:00+00:00,71.114,71.21,71.013,71.15,3980
2026-06-29T09:20:00+00:00,71.141,71.27,71.13,71.253,5065
2026-06-29T09:25:00+00:00,71.256,71.444,71.16,71.414,3665
2026-06-29T09:30:00+00:00,71.4,71.49,71.35,71.37,2314
2026-06-29T09:35:00+00:00,71.44,71.44,71.22,71.358,1724
2026-06-29T09:40:00+00:00,71.34,71.34,71.1,71.17,4225
2026-06-29T09:45:00+00:00,71.271,71.271,71.01,71.14,3607
2026-06-29T09:50:00+00:00,71.15,71.219,70.965,71.168,5919
2026-06-29T09:55:00+00:00,71.14,71.295,71.14,71.23,5126
2026-06-29T10:00:00+00:00,71.25,71.376,71.21,71.31,4468
2026-06-29T10:05:00+00:00,71.3,71.35,71.16,71.34,3911
2026-06-29T10:10:00+00:00,71.34,71.43,71.1,71.13,1122
2026-06-29T10:15:00+00:00,71.15,71.31,71.13,71.28,1889
2026-06-29T10:20:00+00:00,71.285,71.4,71.282,71.332,5630
2026-06-29T10:25:00+00:00,71.36,71.49,71.35,71.47,3394
2026-06-29T10:30:00+00:00,71.471,71.5,71.4,71.439,15789
2026-06-29T10:35:00+00:00,71.39,71.61,71.26,71.56,2720
2026-06-29T10:40:00+00:00,71.58,71.64,71.46,71.576,3393
2026-06-29T10:45:00+00:00,71.56,71.57,71.28,71.45,813
2026-06-29T10:50:00+00:00,71.44,71.48,71.4,71.47,2379
2026-06-29T10:55:00+00:00,71.43,71.48,71.39,71.41,1083
2026-06-29T11:00:00+00:00,71.4,71.52,71.32,71.48,51865
2026-06-29T11:05:00+00:00,71.45,71.5,71.23,71.3,81945
2026-06-29T11:10:00+00:00,71.21,71.27,71.05,71.05,22414
2026-06-29T11:15:00+00:00,71.054,71.08,70.86,70.9,38713
2026-06-29T11:20:00+00:00,70.94,71.11,70.86,71.0,26928
2026-06-29T11:25:00+00:00,71.065,71.13,70.95,71.11,29014
2026-06-29T11:30:00+00:00,71.13,71.13,70.8,70.9,23608
2026-06-29T11:35:00+00:00,70.91,71.0,70.8,70.899,20459
2026-06-29T11:40:00+00:00,70.887,70.92,70.52,70.666,48958
2026-06-29T11:45:00+00:00,70.678,70.82,70.57,70.72,31140
2026-06-29T11:50:00+00:00,70.701,70.849,70.7,70.736,13533
2026-06-29T11:55:00+00:00,70.723,70.91,70.72,70.802,6969
2026-06-29T12:00:00+00:00,70.81,71.0,70.75,70.98,8838
2026-06-29T12:05:00+00:00,70.98,71.09,70.977,71.02,28424
2026-06-29T12:10:00+00:00,71.02,71.19,71.01,71.15,12959
2026-06-29T12:15:00+00:00,71.179,71.2,71.01,71.148,15021
2026-06-29T12:20:00+00:00,71.104,71.15,70.9,70.99,6282
2026-06-29T12:25:00+00:00,70.972,70.99,70.8,70.86,8329
2026-06-29T12:30:00+00:00,70.857,70.998,70.77,70.96,8959
2026-06-29T12:35:00+00:00,70.96,70.98,70.6,70.6,14945
2026-06-29T12:40:00+00:00,70.62,70.74,70.44,70.69,30910
2026-06-29T12:45:00+00:00,70.69,70.76,70.6,70.69,10828
2026-06-29T12:50:00+00:00,70.69,70.91,70.67,70.91,5427
2026-06-29T12:55:00+00:00,70.92,71.03,70.9,70.955,10832
2026-06-29T13:00:00+00:00,70.96,71.1,70.96,71.01,13320
2026-06-29T13:05:00+00:00,71.03,71.19,71.01,71.14,8823
2026-06-29T13:10:00+00:00,71.14,71.22,71.041,71.14,11443
2026-06-29T13:15:00+00:00,71.12,71.18,70.92,70.97,40355
2026-06-29T13:20:00+00:00,70.99,70.99,70.85,70.92,29851
2026-06-29T13:25:00+00:00,70.923,70.95,70.72,70.79,20891
2026-06-29T13:30:00+00:00,70.78,70.86,70.01,70.46,972865
2026-06-29T13:35:00+00:00,70.42,70.65,69.0,69.43,1099810
2026-06-29T13:40:00+00:00,69.43,69.83,69.235,69.715,845717
2026-06-29T13:45:00+00:00,69.71,69.99,69.2,69.22,704208
2026-06-29T13:50:00+00:00,69.21,69.558,68.86,68.912,559285
2026-06-29T13:55:00+00:00,68.93,69.0,68.06,68.192,1113666
2026-06-29T14:00:00+00:00,68.22,68.28,67.83,68.111,999087
2026-06-29T14:05:00+00:00,68.13,68.15,67.46,67.74,1439465
2026-06-29T14:10:00+00:00,67.76,67.87,66.66,66.67,1476209
2026-06-29T14:15:00+00:00,66.66,67.235,66.47,67.19,1088300
2026-06-29T14:20:00+00:00,67.21,67.505,66.88,67.14,852734
2026-06-29T14:25:00+00:00,67.13,67.96,67.08,67.9,951593
2026-06-29T14:30:00+00:00,67.898,68.42,67.775,68.165,889822
2026-06-29T14:35:00+00:00,68.16,68.18,67.52,67.82,495725
2026-06-29T14:40:00+00:00,67.83,68.0,67.53,67.575,309561
2026-06-29T14:45:00+00:00,67.58,67.769,67.22,67.681,382846
2026-06-29T14:50:00+00:00,67.665,68.28,67.65,68.23,343945
2026-06-29T14:55:00+00:00,68.21,68.42,67.99,68.358,364736
2026-06-29T15:00:00+00:00,68.34,68.65,68.13,68.52,430490
2026-06-29T15:05:00+00:00,68.52,68.815,68.405,68.7,260303
2026-06-29T15:10:00+00:00,68.73,68.765,68.33,68.69,413785
2026-06-29T15:15:00+00:00,68.69,68.87,68.33,68.384,345398
2026-06-29T15:20:00+00:00,68.4,68.66,68.13,68.36,224239
2026-06-29T15:25:00+00:00,68.35,68.99,68.25,68.965,332063
2026-06-29T15:30:00+00:00,69.0,69.21,68.915,69.07,384435
2026-06-29T15:35:00+00:00,69.02,69.37,68.84,69.37,467385
2026-06-29T15:40:00+00:00,69.364,69.629,69.25,69.6,245592
2026-06-29T15:45:00+00:00,69.56,69.77,69.38,69.665,326771
2026-06-29T15:50:00+00:00,69.669,69.879,69.63,69.84,266076
2026-06-29T15:55:00+00:00,69.85,69.875,69.55,69.705,225991
2026-06-29T16:00:00+00:00,69.71,70.14,69.655,70.08,191585
2026-06-29T16:05:00+00:00,70.075,70.22,69.995,70.17,354971
2026-06-29T16:10:00+00:00,70.17,70.23,70.01,70.23,288636
2026-06-29T16:15:00+00:00,70.21,70.67,70.21,70.655,478509
2026-06-29T16:20:00+00:00,70.64,70.8,70.525,70.725,269715
2026-06-29T16:25:00+00:00,70.69,70.695,70.285,70.41,255181
2026-06-29T16:30:00+00:00,70.4,70.51,70.06,70.375,252741
2026-06-29T16:35:00+00:00,70.35,70.54,70.23,70.47,158228
2026-06-29T16:40:00+00:00,70.46,71.01,70.46,71.0,231556
2026-06-29T16:45:00+00:00,70.99,71.042,70.78,70.91,189302
2026-06-29T16:50:00+00:00,70.9,71.05,70.775,70.985,282500
2026-06-29T16:55:00+00:00,70.965,71.015,70.85,70.85,150340
2026-06-29T17:00:00+00:00,70.845,71.08,70.83,71.055,132024
2026-06-29T17:05:00+00:00,71.055,71.12,70.865,70.98,111951
2026-06-29T17:10:00+00:00,70.98,71.21,70.965,71.08,90154
2026-06-29T17:15:00+00:00,71.08,71.11,70.825,70.865,160390
2026-06-29T17:20:00+00:00,70.87,70.87,70.285,70.445,391022
2026-06-29T17:25:00+00:00,70.44,70.78,70.44,70.76,165282
2026-06-29T17:30:00+00:00,70.76,70.865,70.54,70.59,146277
2026-06-29T17:35:00+00:00,70.585,70.77,70.495,70.71,127075
2026-06-29T17:40:00+00:00,70.7,70.725,70.52,70.715,144786
2026-06-29T17:45:00+00:00,70.705,70.91,70.64,70.85,182367
2026-06-29T17:50:00+00:00,70.875,70.88,70.685,70.88,93099
2026-06-29T17:55:00+00:00,70.87,70.99,70.705,70.705,131163
2026-06-29T18:00:00+00:00,70.709,70.97,70.69,70.935,132537
2026-06-29T18:05:00+00:00,70.93,71.175,70.93,71.08,138479
2026-06-29T18:10:00+00:00,71.09,71.24,71.06,71.175,107140
2026-06-29T18:15:00+00:00,71.18,71.36,71.08,71.3,109027
2026-06-29T18:20:00+00:00,71.285,71.31,71.1,71.24,140359
2026-06-29T18:25:00+00:00,71.235,71.245,70.955,70.97,243804
2026-06-29T18:30:00+00:00,70.975,71.14,70.9,71.125,137293
2026-06-29T18:35:00+00:00,71.125,71.32,71.065,71.23,84697
2026-06-29T18:40:00+00:00,71.235,71.51,71.23,71.505,198986
2026-06-29T18:45:00+00:00,71.49,71.69,71.475,71.65,215159
2026-06-29T18:50:00+00:00,71.635,71.688,71.46,71.46,220152
2026-06-29T18:55:00+00:00,71.44,71.44,71.25,71.29,173904
2026-06-29T19:00:00+00:00,71.315,71.44,71.145,71.16,113742
2026-06-29T19:05:00+00:00,71.15,71.37,71.104,71.28,116885
2026-06-29T19:10:00+00:00,71.285,71.442,71.24,71.3,102278
2026-06-29T19:15:00+00:00,71.3,71.515,71.24,71.51,126808
2026-06-29T19:20:00+00:00,71.508,71.79,71.495,71.75,213518
2026-06-29T19:25:00+00:00,71.755,71.775,71.425,71.58,249347
2026-06-29T19:30:00+00:00,71.6,71.71,71.47,71.655,279936
2026-06-29T19:35:00+00:00,71.65,71.77,71.57,71.74,167581
2026-06-29T19:40:00+00:00,71.75,71.8,71.311,71.579,221819
2026-06-29T19:45:00+00:00,71.59,71.61,71.456,71.555,189138
2026-06-29T19:50:00+00:00,71.555,71.555,71.24,71.24,348424
2026-06-29T19:55:00+00:00,71.3,72.0,71.28,71.94,481825
2026-06-29T20:00:00+00:00,71.91,72.081,71.41,72.081,85867
2026-06-29T20:05:00+00:00,72.082,72.151,71.91,72.06,45778
2026-06-29T20:10:00+00:00,72.028,72.08,71.94,72.0,30642
2026-06-29T20:15:00+00:00,72.029,72.029,71.9,71.963,11376
2026-06-29T20:20:00+00:00,72.0,72.08,71.995,72.023,17517
2026-06-29T20:25:00+00:00,72.029,72.05,71.9,71.91,5368
2026-06-29T20:30:00+00:00,71.999,72.0,71.88,71.95,6391
2026-06-29T20:35:00+00:00,71.89,71.95,71.86,71.86,4131
2026-06-29T20:40:00+00:00,71.86,71.9,71.81,71.89,3621
2026-06-29T20:45:00+00:00,71.836,71.95,71.83,71.939,2692
2026-06-29T20:50:00+00:00,71.94,71.95,71.85,71.85,8920
2026-06-29T20:55:00+00:00,71.9,71.95,71.85,71.92,6395
2026-06-29T21:00:00+00:00,71.92,72.0,71.877,71.958,4015
2026-06-29T21:05:00+00:00,71.958,72.0,71.87,71.871,8197
2026-06-29T21:10:00+00:00,71.87,72.0,71.86,71.954,74665
2026-06-29T21:15:00+00:00,71.99,72.0,71.86,71.897,6778
2026-06-29T21:20:00+00:00,71.896,71.9,71.81,71.81,7224
2026-06-29T21:25:00+00:00,71.815,71.85,71.6,71.68,4526
2026-06-29T21:30:00+00:00,71.69,71.8,71.65,71.65,38122
2026-06-29T21:35:00+00:00,71.65,71.78,71.65,71.74,3049
2026-06-29T21:40:00+00:00,71.741,71.76,71.65,71.76,4954
2026-06-29T21:45:00+00:00,71.76,71.86,71.69,71.78,2782
2026-06-29T21:50:00+00:00,71.7,71.8,71.65,71.78,3619
2026-06-29T21:55:00+00:00,71.78,71.78,71.65,71.7,5526
2026-06-29T22:00:00+00:00,71.78,71.8,71.6,71.7,3213
2026-06-29T22:05:00+00:00,71.67,71.759,71.58,71.65,5478
2026-06-29T22:10:00+00:00,71.65,71.75,71.6,71.75,4416
2026-06-29T22:15:00+00:00,71.7,71.8,71.7,71.77,3455
2026-06-29T22:20:00+00:00,71.78,71.91,71.78,71.91,3070
2026-06-29T22:25:00+00:00,71.91,71.98,71.724,71.814,6522
2026-06-29T22:30:00+00:00,71.88,71.88,71.7,71.78,5542
2026-06-29T22:35:00+00:00,71.76,71.83,71.7,71.73,6280
2026-06-29T22:40:00+00:00,71.78,71.98,71.7,71.89,5260
2026-06-29T22:45:00+00:00,71.89,71.9,71.75,71.8,1784
2026-06-29T22:50:00+00:00,71.8,71.84,71.73,71.8,2551
2026-06-29T22:55:00+00:00,71.8,71.85,71.76,71.81,3306
2026-06-29T23:00:00+00:00,71.81,71.96,71.772,71.95,5328
2026-06-29T23:05:00+00:00,71.93,71.98,71.77,71.8,3036
2026-06-29T23:10:00+00:00,71.81,71.85,71.68,71.73,6985
2026-06-29T23:15:00+00:00,71.71,71.8,71.62,71.79,6374
2026-06-29T23:20:00+00:00,71.786,71.9,71.761,71.82,3902
2026-06-29T23:25:00+00:00,71.79,71.86,71.76,71.76,5735
2026-06-29T23:30:00+00:00,71.76,71.93,71.76,71.93,12696
2026-06-29T23:35:00+00:00,71.93,71.98,71.84,71.86,11547
2026-06-29T23:40:00+00:00,71.87,71.921,71.8,71.871,11332
2026-06-29T23:45:00+00:00,71.87,71.88,71.76,71.81,10580
2026-06-29T23:50:00+00:00,71.81,71.85,71.71,71.844,7493
2026-06-29T23:55:00+00:00,71.84,71.98,71.74,71.77,20479
2026-06-30T08:00:00+00:00,72.73,73.93,72.03,72.28,206820
2026-06-30T08:05:00+00:00,72.29,73.85,72.22,72.31,8590
2026-06-30T08:10:00+00:00,72.35,72.446,72.32,72.329,1397
2026-06-30T08:15:00+00:00,72.26,72.317,72.11,72.22,3216
2026-06-30T08:20:00+00:00,72.24,72.39,72.24,72.336,1820
2026-06-30T08:25:00+00:00,72.353,72.39,72.3,72.31,1522
2026-06-30T08:30:00+00:00,72.3,72.38,72.1,72.1,1849
2026-06-30T08:35:00+00:00,72.11,72.147,71.832,71.832,3823
2026-06-30T08:40:00+00:00,71.85,71.95,71.73,71.886,7182
2026-06-30T08:45:00+00:00,71.88,72.0,71.8,71.86,59021
2026-06-30T08:50:00+00:00,71.818,72.04,71.78,72.03,3725
2026-06-30T08:55:00+00:00,72.014,72.18,72.004,72.111,3719
2026-06-30T09:00:00+00:00,72.09,72.3,72.039,72.3,3353
2026-06-30T09:05:00+00:00,72.35,72.35,72.01,72.03,4833
2026-06-30T09:10:00+00:00,72.13,72.265,72.095,72.25,726
2026-06-30T09:15:00+00:00,72.26,72.289,72.137,72.22,600
2026-06-30T09:20:00+00:00,72.2,72.243,72.01,72.064,4522
2026-06-30T09:25:00+00:00,72.05,72.18,71.96,71.97,2533
2026-06-30T09:30:00+00:00,71.97,71.97,71.8,71.9,8129
2026-06-30T09:35:00+00:00,71.86,72.01,71.82,71.97,1655
2026-06-30T09:40:00+00:00,71.994,72.0,71.926,71.954,1564
2026-06-30T09:45:00+00:00,71.95,71.995,71.85,71.934,973
2026-06-30T09:50:00+00:00,71.885,71.94,71.852,71.897,1605
2026-06-30T09:55:00+00:00,71.851,71.9,71.81,71.84,702
2026-06-30T10:00:00+00:00,71.85,71.972,71.85,71.88,1343
2026-06-30T10:05:00+00:00,71.81,71.97,71.81,71.92,1831
2026-06-30T10:10:00+00:00,71.89,71.91,71.78,71.83,2544
2026-06-30T10:15:00+00:00,71.91,71.976,71.874,71.96,6418
2026-06-30T10:20:00+00:00,71.948,71.96,71.877,71.896,1078
2026-06-30T10:25:00+00:00,71.86,71.906,71.8,71.898,5909
2026-06-30T10:30:00+00:00,71.894,71.92,71.78,71.798,3529
2026-06-30T10:35:00+00:00,71.79,71.79,71.55,71.65,2556
2026-06-30T10:40:00+00:00,71.67,71.73,71.62,71.683,1657
2026-06-30T10:45:00+00:00,71.669,71.87,71.6,71.82,774
2026-06-30T10:50:00+00:00,71.83,71.96,71.762,71.9,4151
2026-06-30T10:55:00+00:00,71.967,72.26,71.938,72.15,7555
2026-06-30T11:00:00+00:00,72.2,72.33,72.101,72.33,14629
2026-06-30T11:05:00+00:00,72.32,72.45,72.25,72.281,10196
2026-06-30T11:10:00+00:00,72.281,72.33,72.1,72.22,5287
2026-06-30T11:15:00+00:00,72.28,72.29,72.12,72.12,7980
2026-06-30T11:20:00+00:00,72.12,72.22,72.09,72.149,5689
2026-06-30T11:25:00+00:00,72.1,72.2,72.06,72.144,5558
2026-06-30T11:30:00+00:00,72.17,72.18,72.04,72.051,3104
2026-06-30T11:35:00+00:00,72.055,72.15,71.94,71.95,6219
2026-06-30T11:40:00+00:00,72.002,72.16,72.0,72.14,6745
2026-06-30T11:45:00+00:00,72.1,72.44,72.1,72.4,24278
2026-06-30T11:50:00+00:00,72.36,72.5,72.31,72.41,10976
2026-06-30T11:55:00+00:00,72.5,72.5,72.361,72.5,8557
2026-06-30T12:00:00+00:00,72.397,72.49,72.23,72.23,13721
2026-06-30T12:05:00+00:00,72.27,72.4,72.198,72.3,10011
2026-06-30T12:10:00+00:00,72.34,72.5,72.26,72.3,5102
2026-06-30T12:15:00+00:00,72.32,72.386,72.22,72.307,6488
2026-06-30T12:20:00+00:00,72.254,72.26,72.01,72.05,20401
2026-06-30T12:25:00+00:00,72.084,72.1,71.93,71.933,12382
2026-06-30T12:30:00+00:00,71.97,71.99,71.68,71.813,13958
2026-06-30T12:35:00+00:00,71.9,72.16,71.83,72.141,9849
2026-06-30T12:40:00+00:00,72.17,72.22,72.04,72.1,6912
2026-06-30T12:45:00+00:00,72.143,72.15,71.96,71.99,5927
2026-06-30T12:50:00+00:00,71.96,72.1,71.92,71.97,10100
2026-06-30T12:55:00+00:00,71.911,71.95,71.72,71.79,21614
2026-06-30T13:00:00+00:00,71.82,71.999,71.75,71.86,13214
2026-06-30T13:05:00+00:00,71.84,71.94,71.72,71.869,11783
2026-06-30T13:10:00+00:00,71.819,72.06,71.8,71.89,7355
2026-06-30T13:15:00+00:00,71.874,71.92,71.75,71.83,15870
2026-06-30T13:20:00+00:00,71.8,71.98,71.75,71.757,8058
2026-06-30T13:25:00+00:00,71.79,72.19,71.79,72.15,9418
2026-06-30T13:30:00+00:00,72.1,72.54,71.78,72.35,513000
2026-06-30T13:35:00+00:00,72.365,73.4,72.15,72.709,865928
2026-06-30T13:40:00+00:00,72.72,73.025,71.78,72.345,495130
2026-06-30T13:45:00+00:00,72.34,72.64,72.14,72.255,367885
2026-06-30T13:50:00+00:00,72.27,72.87,72.16,72.71,358778
2026-06-30T13:55:00+00:00,72.76,73.24,72.71,73.22,429469
2026-06-30T14:00:00+00:00,73.205,73.23,72.6,72.946,424086
2026-06-30T14:05:00+00:00,72.93,72.93,72.57,72.81,270027
2026-06-30T14:10:00+00:00,72.79,73.28,72.73,73.22,305517
2026-06-30T14:15:00+00:00,73.22,73.36,73.03,73.22,341737
2026-06-30T14:20:00+00:00,73.22,73.695,73.17,73.605,463515
2026-06-30T14:25:00+00:00,73.61,73.63,73.325,73.51,371124
2026-06-30T14:30:00+00:00,73.545,73.67,73.47,73.57,275758
2026-06-30T14:35:00+00:00,73.59,73.59,73.225,73.4,334877
2026-06-30T14:40:00+00:00,73.375,73.455,73.13,73.37,278402
2026-06-30T14:45:00+00:00,73.36,73.36,72.955,73.07,206308
2026-06-30T14:50:00+00:00,73.09,73.19,72.821,72.841,290184
2026-06-30T14:55:00+00:00,72.84,72.98,72.62,72.67,297746
2026-06-30T15:00:00+00:00,72.69,73.13,72.69,73.1,184763
2026-06-30T15:05:00+00:00,73.12,73.28,73.07,73.23,152665
2026-06-30T15:10:00+00:00,73.25,73.285,73.06,73.145,133180
2026-06-30T15:15:00+00:00,73.14,73.22,72.931,73.0,139131
2026-06-30T15:20:00+00:00,73.0,73.05,72.885,72.885,126073
2026-06-30T15:25:00+00:00,72.89,73.03,72.875,72.915,137391
2026-06-30T15:30:00+00:00,72.91,73.13,72.88,73.12,127245
2026-06-30T15:35:00+00:00,73.12,73.12,72.88,72.89,129382
2026-06-30T15:40:00+00:00,72.91,73.04,72.855,72.98,76425
2026-06-30T15:45:00+00:00,72.97,73.115,72.95,73.015,69129
2026-06-30T15:50:00+00:00,73.01,73.17,72.94,73.155,81313
2026-06-30T15:55:00+00:00,73.16,73.25,73.07,73.085,117831
2026-06-30T16:00:00+00:00,73.1,73.36,73.075,73.33,150749
2026-06-30T16:05:00+00:00,73.33,73.49,73.275,73.49,151138
2026-06-30T16:10:00+00:00,73.49,73.68,73.425,73.68,201020
2026-06-30T16:15:00+00:00,73.675,73.89,73.66,73.827,275368
2026-06-30T16:20:00+00:00,73.83,73.838,73.52,73.62,212747
2026-06-30T16:25:00+00:00,73.62,73.765,73.525,73.582,194566
2026-06-30T16:30:00+00:00,73.6,73.6,73.37,73.4,179220
2026-06-30T16:35:00+00:00,73.4,73.56,73.39,73.488,107948
2026-06-30T16:40:00+00:00,73.49,73.53,73.383,73.42,119505
2026-06-30T16:45:00+00:00,73.42,73.648,73.41,73.58,153347
2026-06-30T16:50:00+00:00,73.59,73.66,73.49,73.595,191897
2026-06-30T16:55:00+00:00,73.6,73.6,73.38,73.425,242935
2026-06-30T17:00:00+00:00,73.43,73.7,73.41,73.585,185704
2026-06-30T17:05:00+00:00,73.6,73.87,73.59,73.835,293296
2026-06-30T17:10:00+00:00,73.86,73.9,73.7,73.725,134574
2026-06-30T17:15:00+00:00,73.74,73.82,73.65,73.76,110801
2026-06-30T17:20:00+00:00,73.775,73.84,73.54,73.579,153501
2026-06-30T17:25:00+00:00,73.58,73.605,73.45,73.5,189883
2026-06-30T17:30:00+00:00,73.49,73.51,73.37,73.46,144135
2026-06-30T17:35:00+00:00,73.45,73.53,73.37,73.42,80411
2026-06-30T17:40:00+00:00,73.44,73.61,73.43,73.6,56426
2026-06-30T17:45:00+00:00,73.59,73.71,73.555,73.59,109378
2026-06-30T17:50:00+00:00,73.6,73.74,73.56,73.655,83541
2026-06-30T17:55:00+00:00,73.67,73.69,73.59,73.64,107538
2026-06-30T18:00:00+00:00,73.65,73.688,73.5,73.557,84220
2026-06-30T18:05:00+00:00,73.56,73.71,73.44,73.67,83466
2026-06-30T18:10:00+00:00,73.66,73.69,73.52,73.525,104950
2026-06-30T18:15:00+00:00,73.53,73.67,73.48,73.64,65196
2026-06-30T18:20:00+00:00,73.65,73.656,73.48,73.5,90117
2026-06-30T18:25:00+00:00,73.5,73.6,73.47,73.56,58265
2026-06-30T18:30:00+00:00,73.555,73.588,73.45,73.46,81448
2026-06-30T18:35:00+00:00,73.46,73.55,73.44,73.47,115886
2026-06-30T18:40:00+00:00,73.48,73.695,73.47,73.695,103742
2026-06-30T18:45:00+00:00,73.69,73.84,73.67,73.815,82991
2026-06-30T18:50:00+00:00,73.83,73.96,73.79,73.805,177005
2026-06-30T18:55:00+00:00,73.81,73.94,73.74,73.925,295084
2026-06-30T19:00:00+00:00,73.92,74.08,73.9,74.039,340095
2026-06-30T19:05:00+00:00,74.03,74.04,73.845,73.86,110621
2026-06-30T19:10:00+00:00,73.88,74.15,73.84,74.11,211671
2026-06-30T19:15:00+00:00,74.12,74.155,74.01,74.055,225059
2026-06-30T19:20:00+00:00,74.055,74.1,73.895,73.895,139486
2026-06-30T19:25:00+00:00,73.89,74.0,73.84,73.91,169638
2026-06-30T19:30:00+00:00,73.91,74.0,73.845,73.91,162084
2026-06-30T19:35:00+00:00,73.915,73.93,73.715,73.807,123959
2026-06-30T19:40:00+00:00,73.8,73.955,73.77,73.89,139764
2026-06-30T19:45:00+00:00,73.895,73.96,73.78,73.89,224214
2026-06-30T19:50:00+00:00,73.88,73.88,73.61,73.68,345979
2026-06-30T19:55:00+00:00,73.68,73.94,73.561,73.85,954505
2026-06-30T20:00:00+00:00,73.85,74.0,73.53,73.831,44021
2026-06-30T20:05:00+00:00,73.85,73.928,73.66,73.74,415167
2026-06-30T20:10:00+00:00,73.711,73.85,73.4,73.544,13796
2026-06-30T20:15:00+00:00,73.5,73.64,73.3,73.55,10851
2026-06-30T20:20:00+00:00,73.5,73.59,73.43,73.52,7953
2026-06-30T20:25:00+00:00,73.528,73.54,73.36,73.44,13864
2026-06-30T20:30:00+00:00,73.42,73.48,73.32,73.48,5128
2026-06-30T20:35:00+00:00,73.53,73.53,73.36,73.47,2781
2026-06-30T20:40:00+00:00,73.468,73.53,73.4,73.47,8276
2026-06-30T20:45:00+00:00,73.45,73.49,73.4,73.466,3262
2026-06-30T20:50:00+00:00,73.47,73.53,73.42,73.48,3438
2026-06-30T20:55:00+00:00,73.517,73.517,73.406,73.48,9386
2026-06-30T21:00:00+00:00,73.45,73.5,73.44,73.491,1367
2026-06-30T21:05:00+00:00,73.446,73.5,73.44,73.46,5115
2026-06-30T21:10:00+00:00,73.47,73.59,73.47,73.571,2404
2026-06-30T21:15:00+00:00,73.58,73.66,73.507,73.652,11024
2026-06-30T21:20:00+00:00,73.64,73.74,73.6,73.7,4753
2026-06-30T21:25:00+00:00,73.717,73.72,73.58,73.72,8120
2026-06-30T21:30:00+00:00,73.67,73.71,73.6,73.66,1861
2026-06-30T21:35:00+00:00,73.65,73.67,73.6,73.6,3709
2026-06-30T21:40:00+00:00,73.661,73.67,73.6,73.65,3217
2026-06-30T21:45:00+00:00,73.61,73.67,73.6,73.66,1510
2026-06-30T21:50:00+00:00,73.6,73.67,73.58,73.63,1531
2026-06-30T21:55:00+00:00,73.66,73.67,73.63,73.65,2632
2026-06-30T22:00:00+00:00,73.656,73.72,73.64,73.72,2071
2026-06-30T22:05:00+00:00,73.719,73.8,73.65,73.78,8162
2026-06-30T22:10:00+00:00,73.77,73.8,73.651,73.78,3255
2026-06-30T22:15:00+00:00,73.763,73.78,73.65,73.72,516
2026-06-30T22:20:00+00:00,73.73,73.8,73.7,73.78,3330
2026-06-30T22:25:00+00:00,73.78,73.89,73.77,73.88,4434
2026-06-30T22:30:00+00:00,73.86,73.91,73.65,73.71,20766
2026-06-30T22:35:00+00:00,73.707,73.71,73.65,73.7,3665
2026-06-30T22:40:00+00:00,73.7,73.89,73.65,73.851,4434
2026-06-30T22:45:00+00:00,73.894,73.9,73.677,73.677,4244
2026-06-30T22:50:00+00:00,73.67,73.674,73.51,73.58,2516
2026-06-30T22:55:00+00:00,73.59,73.68,73.53,73.66,2405
2026-06-30T23:00:00+00:00,73.619,73.62,73.26,73.435,12566
2026-06-30T23:05:00+00:00,73.38,73.56,73.38,73.5,2658
2026-06-30T23:10:00+00:00,73.5,73.68,73.38,73.56,2224
2026-06-30T23:15:00+00:00,73.558,73.65,73.46,73.553,3042
2026-06-30T23:20:00+00:00,73.6,73.6,73.46,73.52,3128
2026-06-30T23:25:00+00:00,73.5,73.53,73.4,73.45,3137
2026-06-30T23:30:00+00:00,73.41,73.5,73.37,73.49,2808
2026-06-30T23:35:00+00:00,73.47,73.47,73.3,73.3,2281
2026-06-30T23:40:00+00:00,73.4,73.5,73.3,73.42,4688
2026-06-30T23:45:00+00:00,73.379,73.5,73.352,73.446,12120
2026-06-30T23:50:00+00:00,73.435,73.5,73.27,73.316,3671
2026-06-30T23:55:00+00:00,73.3,73.58,73.3,73.4,12120
2026-07-01T08:00:00+00:00,70.95,71.24,69.47,69.646,197908
2026-07-01T08:05:00+00:00,69.53,71.0,69.49,69.74,35873
2026-07-01T08:10:00+00:00,69.719,69.86,69.687,69.756,32988
2026-07-01T08:15:00+00:00,69.77,69.85,69.54,69.58,17502
2026-07-01T08:20:00+00:00,69.52,69.55,69.2,69.305,16085
2026-07-01T08:25:00+00:00,69.33,69.38,69.03,69.11,15754
2026-07-01T08:30:00+00:00,69.11,69.22,69.01,69.22,22555
2026-07-01T08:35:00+00:00,69.21,69.4,69.12,69.38,6195
2026-07-01T08:40:00+00:00,69.4,69.6,69.3,69.6,14094
2026-07-01T08:45:00+00:00,69.56,69.56,69.434,69.488,4952
2026-07-01T08:50:00+00:00,69.47,69.756,69.44,69.69,6591
2026-07-01T08:55:00+00:00,69.708,69.78,69.625,69.78,4247
2026-07-01T09:00:00+00:00,69.76,69.789,69.368,69.4,10963
2026-07-01T09:05:00+00:00,69.4,69.596,69.363,69.38,13297
2026-07-01T09:10:00+00:00,69.4,69.45,69.22,69.278,7922
2026-07-01T09:15:00+00:00,69.259,69.51,69.25,69.44,4147
2026-07-01T09:20:00+00:00,69.41,69.5,69.4,69.48,11903
2026-07-01T09:25:00+00:00,69.42,69.46,69.22,69.35,12518
2026-07-01T09:30:00+00:00,69.34,69.358,69.26,69.34,1221
2026-07-01T09:35:00+00:00,69.34,69.48,69.21,69.44,21292
2026-07-01T09:40:00+00:00,69.431,69.51,69.28,69.34,10790
2026-07-01T09:45:00+00:00,69.32,69.43,69.32,69.4,6379
2026-07-01T09:50:00+00:00,69.393,69.43,69.26,69.4,3262
2026-07-01T09:55:00+00:00,69.46,69.586,69.43,69.533,5949
2026-07-01T10:00:00+00:00,69.5,69.54,69.42,69.49,4826
2026-07-01T10:05:00+00:00,69.49,69.49,69.19,69.244,2156
2026-07-01T10:10:00+00:00,69.22,69.3,69.16,69.27,6643
2026-07-01T10:15:00+00:00,69.24,69.318,69.19,69.29,12141
2026-07-01T10:20:00+00:00,69.3,69.38,69.25,69.312,3856
2026-07-01T10:25:00+00:00,69.35,69.37,69.27,69.36,4632
2026-07-01T10:30:00+00:00,69.36,69.4,69.3,69.33,8187
2026-07-01T10:35:00+00:00,69.39,69.4,69.35,69.4,5529
2026-07-01T10:40:00+00:00,69.39,69.45,69.32,69.342,2957
2026-07-01T10:45:00+00:00,69.354,69.45,69.35,69.44,3636
2026-07-01T10:50:00+00:00,69.445,69.58,69.441,69.56,5784
2026-07-01T10:55:00+00:00,69.55,69.64,69.52,69.52,4688
2026-07-01T11:00:00+00:00,69.57,69.83,69.54,69.83,55017
2026-07-01T11:05:00+00:00,69.81,70.0,69.77,69.86,44329
2026-07-01T11:10:00+00:00,69.898,70.12,69.84,69.901,24263
2026-07-01T11:15:00+00:00,69.929,70.08,69.86,69.9,21477
2026-07-01T11:20:00+00:00,69.91,70.08,69.828,69.96,68611
2026-07-01T11:25:00+00:00,69.98,70.11,69.94,70.0,27275
2026-07-01T11:30:00+00:00,69.99,70.07,69.85,69.89,28357
2026-07-01T11:35:00+00:00,69.89,69.94,69.82,69.85,8153
2026-07-01T11:40:00+00:00,69.87,69.96,69.82,69.95,22843
2026-07-01T11:45:00+00:00,69.98,70.02,69.8,69.85,11321
2026-07-01T11:50:00+00:00,69.835,69.87,69.72,69.79,20187
2026-07-01T11:55:00+00:00,69.789,69.83,69.72,69.78,24326
2026-07-01T12:00:00+00:00,69.789,69.84,69.6,69.71,34605
2026-07-01T12:05:00+00:00,69.7,69.81,69.56,69.72,26301
2026-07-01T12:10:00+00:00,69.72,69.81,69.6,69.72,31945
2026-07-01T12:15:00+00:00,69.75,69.9,69.73,69.79,30161
2026-07-01T12:20:00+00:00,69.78,69.85,69.74,69.78,28279
2026-07-01T12:25:00+00:00,69.78,69.85,69.71,69.81,25141
2026-07-01T12:30:00+00:00,69.79,69.98,69.46,69.46,53355
2026-07-01T12:35:00+00:00,69.46,69.58,68.5,68.71,119109
2026-07-01T12:40:00+00:00,68.66,69.02,68.33,68.799,134787
2026-07-01T12:45:00+00:00,68.78,68.9,68.0,68.07,328770
2026-07-01T12:50:00+00:00,68.06,68.4,67.7,67.87,153027
2026-07-01T12:55:00+00:00,67.82,68.19,67.67,67.989,156943
2026-07-01T13:00:00+00:00,67.981,68.44,67.8,68.37,128630
2026-07-01T13:05:00+00:00,68.3,68.39,67.88,68.039,64706
2026-07-01T13:10:00+00:00,68.04,68.04,67.71,67.751,263046
2026-07-01T13:15:00+00:00,67.727,68.0,67.65,67.79,136475
2026-07-01T13:20:00+00:00,67.829,68.0,67.76,67.98,85296
2026-07-01T13:25:00+00:00,67.98,68.02,67.51,67.64,95510
2026-07-01T13:30:00+00:00,67.66,68.0,67.06,67.225,1186195
2026-07-01T13:35:00+00:00,67.22,67.74,67.01,67.42,1083323
2026-07-01T13:40:00+00:00,67.36,67.75,67.31,67.68,986040
2026-07-01T13:45:00+00:00,67.67,68.59,67.565,68.41,1498499
2026-07-01T13:50:00+00:00,68.41,68.69,68.1,68.215,637032
2026-07-01T13:55:00+00:00,68.22,68.33,67.84,68.15,562607
2026-07-01T14:00:00+00:00,68.15,68.25,67.87,68.105,800852
2026-07-01T14:05:00+00:00,68.11,68.37,68.095,68.18,455570
2026-07-01T14:10:00+00:00,68.18,68.521,68.16,68.41,534923
2026-07-01T14:15:00+00:00,68.405,68.58,68.09,68.365,326616
2026-07-01T14:20:00+00:00,68.365,68.39,68.2,68.21,435633
2026-07-01T14:25:00+00:00,68.2,68.31,67.91,68.02,515470
2026-07-01T14:30:00+00:00,68.02,68.069,67.535,67.56,415798
2026-07-01T14:35:00+00:00,67.56,67.58,67.19,67.545,1134882
2026-07-01T14:40:00+00:00,67.535,67.63,67.03,67.07,548869
2026-07-01T14:45:00+00:00,67.06,67.08,66.78,67.045,796047
2026-07-01T14:50:00+00:00,67.04,67.23,66.975,66.99,379120
2026-07-01T14:55:00+00:00,66.99,67.015,66.45,66.62,672920
2026-07-01T15:00:00+00:00,66.61,66.95,66.61,66.87,506535
2026-07-01T15:05:00+00:00,66.86,66.88,66.63,66.695,456216
2026-07-01T15:10:00+00:00,66.71,67.17,66.655,67.145,501265
2026-07-01T15:15:00+00:00,67.155,67.5,67.131,67.386,836594
2026-07-01T15:20:00+00:00,67.39,67.54,67.16,67.19,340525
2026-07-01T15:25:00+00:00,67.18,67.54,67.07,67.51,318193
2026-07-01T15:30:00+00:00,67.5,67.65,67.4,67.5,265410
2026-07-01T15:35:00+00:00,67.515,67.525,67.225,67.32,231346
2026-07-01T15:40:00+00:00,67.315,67.355,67.155,67.195,237721
2026-07-01T15:45:00+00:00,67.2,67.205,66.913,66.975,365911
2026-07-01T15:50:00+00:00,66.98,67.045,66.831,66.831,232966
2026-07-01T15:55:00+00:00,66.84,66.98,66.81,66.88,265904
2026-07-01T16:00:00+00:00,66.89,67.12,66.85,66.954,317463
2026-07-01T16:05:00+00:00,66.955,67.115,66.915,66.93,154279
2026-07-01T16:10:00+00:00,66.955,67.095,66.86,66.939,279820
2026-07-01T16:15:00+00:00,66.935,67.155,66.86,67.07,329229
2026-07-01T16:20:00+00:00,67.06,67.295,67.03,67.215,264447
2026-07-01T16:25:00+00:00,67.22,67.225,66.98,66.985,122786
2026-07-01T16:30:00+00:00,66.966,67.05,66.9,67.01,138750
2026-07-01T16:35:00+00:00,66.99,67.0,66.825,66.825,146366
2026-07-01T16:40:00+00:00,66.83,66.871,66.77,66.85,273461
2026-07-01T16:45:00+00:00,66.83,66.918,66.76,66.88,219212
2026-07-01T16:50:00+00:00,66.875,66.905,66.72,66.798,133606
2026-07-01T16:55:00+00:00,66.79,66.81,66.63,66.685,191932
2026-07-01T17:00:00+00:00,66.685,66.845,66.52,66.575,297092
2026-07-01T17:05:00+00:00,66.575,66.585,66.4,66.43,341437
2026-07-01T17:10:00+00:00,66.43,66.49,66.29,66.455,197960
2026-07-01T17:15:00+00:00,66.46,66.73,66.46,66.715,154945
2026-07-01T17:20:00+00:00,66.71,66.97,66.7,66.92,158573
2026-07-01T17:25:00+00:00,66.91,66.965,66.8,66.87,147727
2026-07-01T17:30:00+00:00,66.865,66.91,66.68,66.725,108970
2026-07-01T17:35:00+00:00,66.75,66.75,66.6,66.66,164432
2026-07-01T17:40:00+00:00,66.67,66.74,66.575,66.59,121797
2026-07-01T17:45:00+00:00,66.595,66.615,66.35,66.445,196957
2026-07-01T17:50:00+00:00,66.45,66.615,66.38,66.41,276954
2026-07-01T17:55:00+00:00,66.41,66.43,66.15,66.2,206195
2026-07-01T18:00:00+00:00,66.22,66.395,66.175,66.28,204384
2026-07-01T18:05:00+00:00,66.29,66.435,66.19,66.425,324648
2026-07-01T18:10:00+00:00,66.43,66.52,66.26,66.445,181713
2026-07-01T18:15:00+00:00,66.443,66.445,66.3,66.39,121754
2026-07-01T18:20:00+00:00,66.39,66.518,66.34,66.51,144717
2026-07-01T18:25:00+00:00,66.505,66.525,66.34,66.34,107513
2026-07-01T18:30:00+00:00,66.34,66.37,66.175,66.225,308597
2026-07-01T18:35:00+00:00,66.22,66.33,66.07,66.095,297938
2026-07-01T18:40:00+00:00,66.095,66.149,66.03,66.12,357414
2026-07-01T18:45:00+00:00,66.12,66.135,66.0,66.03,329565
2026-07-01T18:50:00+00:00,66.035,66.1,66.0,66.0,160272
2026-07-01T18:55:00+00:00,66.005,66.22,65.91,66.19,272601
2026-07-01T19:00:00+00:00,66.18,66.532,66.15,66.51,704299
2026-07-01T19:05:00+00:00,66.51,66.81,66.46,66.78,249729
2026-07-01T19:10:00+00:00,66.805,66.89,66.65,66.72,251348
2026-07-01T19:15:00+00:00,66.69,66.825,66.54,66.82,196909
2026-07-01T19:20:00+00:00,66.79,67.0,66.745,66.965,314541
2026-07-01T19:25:00+00:00,66.965,66.99,66.665,66.895,240745
2026-07-01T19:30:00+00:00,66.89,67.18,66.89,67.02,365496
2026-07-01T19:35:00+00:00,67.005,67.005,66.68,66.73,182973
2026-07-01T19:40:00+00:00,66.77,66.773,66.4,66.44,245900
2026-07-01T19:45:00+00:00,66.44,66.489,66.31,66.34,296447
2026-07-01T19:50:00+00:00,66.36,66.51,65.94,66.07,756972
2026-07-01T19:55:00+00:00,66.06,66.125,65.8,65.86,952606
2026-07-01T20:00:00+00:00,65.887,65.98,65.45,65.5,105382
2026-07-01T20:05:00+00:00,65.5,65.89,65.37,65.5,667019
2026-07-01T20:10:00+00:00,65.5,65.95,65.439,65.629,41239
2026-07-01T20:15:00+00:00,65.61,65.63,65.39,65.49,49018
2026-07-01T20:20:00+00:00,65.5,65.97,65.4,65.94,24337
2026-07-01T20:25:00+00:00,65.94,65.97,65.72,65.84,12657
2026-07-01T20:30:00+00:00,65.84,65.96,65.8,65.83,10220
2026-07-01T20:35:00+00:00,65.83,65.9,65.66,65.77,15390
2026-07-01T20:40:00+00:00,65.877,65.99,65.771,65.94,22331
2026-07-01T20:45:00+00:00,65.939,66.2,65.87,66.07,14839
2026-07-01T20:50:00+00:00,66.13,66.18,66.02,66.095,20660
2026-07-01T20:55:00+00:00,66.09,66.13,66.0,66.099,10900
2026-07-01T21:00:00+00:00,66.08,66.1,66.02,66.1,10400
2026-07-01T21:05:00+00:00,66.1,66.168,66.08,66.15,18062
2026-07-01T21:10:00+00:00,66.15,66.4,66.15,66.23,17525
2026-07-01T21:15:00+00:00,66.217,66.4,66.11,66.35,9326
2026-07-01T21:20:00+00:00,66.35,66.44,66.24,66.44,13554
2026-07-01T21:25:00+00:00,66.44,66.44,66.35,66.37,14075
2026-07-01T21:30:00+00:00,66.4,66.4,66.3,66.36,9163
2026-07-01T21:35:00+00:00,66.37,66.37,66.3,66.33,17289
2026-07-01T21:40:00+00:00,66.33,66.33,66.06,66.12,17252
2026-07-01T21:45:00+00:00,66.18,66.19,66.077,66.13,9651
2026-07-01T21:50:00+00:00,66.13,66.33,66.11,66.3,9905
2026-07-01T21:55:00+00:00,66.32,66.33,66.22,66.3,4801
2026-07-01T22:00:00+00:00,66.327,66.33,66.18,66.26,4382
2026-07-01T22:05:00+00:00,66.19,66.29,66.07,66.07,11973
2026-07-01T22:10:00+00:00,66.08,66.18,66.02,66.03,16050
2026-07-01T22:15:00+00:00,66.03,66.12,66.02,66.08,6767
2026-07-01T22:20:00+00:00,66.06,66.3,66.06,66.272,10387
2026-07-01T22:25:00+00:00,66.27,66.27,66.1,66.229,3692
2026-07-01T22:30:00+00:00,66.2,66.27,66.1,66.24,11588
2026-07-01T22:35:00+00:00,66.26,66.26,66.098,66.152,12284
2026-07-01T22:40:00+00:00,66.17,66.24,66.114,66.22,7925
2026-07-01T22:45:00+00:00,66.25,66.27,66.19,66.21,8665
2026-07-01T22:50:00+00:00,66.22,66.23,66.086,66.16,8023
2026-07-01T22:55:00+00:00,66.19,66.27,66.121,66.26,10804
2026-07-01T23:00:00+00:00,66.25,66.26,65.8,65.95,23207
2026-07-01T23:05:00+00:00,65.9,65.96,65.74,65.786,10429
2026-07-01T23:10:00+00:00,65.79,65.8,65.22,65.24,19764
2026-07-01T23:15:00+00:00,65.22,65.35,65.1,65.33,21965
2026-07-01T23:20:00+00:00,65.38,65.6,65.35,65.52,18232
2026-07-01T23:25:00+00:00,65.5,65.58,65.351,65.352,14448
2026-07-01T23:30:00+00:00,65.4,65.43,65.1,65.129,17107
2026-07-01T23:35:00+00:00,65.13,65.2,65.0,65.14,31757
2026-07-01T23:40:00+00:00,65.14,65.2,65.01,65.03,24500
2026-07-01T23:45:00+00:00,65.04,65.17,65.0,65.1,31663
2026-07-01T23:50:00+00:00,65.074,65.11,65.0,65.03,25849
2026-07-01T23:55:00+00:00,65.04,65.08,64.65,64.85,42824
2026-07-02T08:00:00+00:00,63.18,64.14,61.8,62.646,489869
2026-07-02T08:05:00+00:00,62.65,63.67,61.85,62.38,47415
2026-07-02T08:10:00+00:00,62.38,62.399,61.933,62.14,15463
2026-07-02T08:15:00+00:00,62.2,62.49,62.1,62.453,6102
2026-07-02T08:20:00+00:00,62.43,62.61,62.42,62.45,26995
2026-07-02T08:25:00+00:00,62.429,62.68,62.4,62.65,6655
2026-07-02T08:30:00+00:00,62.605,62.95,62.51,62.915,10652
2026-07-02T08:35:00+00:00,62.94,63.2,62.91,63.16,16107
2026-07-02T08:40:00+00:00,63.12,63.288,63.09,63.2,9099
2026-07-02T08:45:00+00:00,63.2,63.3,63.06,63.235,5701
2026-07-02T08:50:00+00:00,63.232,63.42,63.232,63.39,21245
2026-07-02T08:55:00+00:00,63.4,63.72,63.37,63.67,13302
2026-07-02T09:00:00+00:00,63.64,63.652,63.17,63.2,14284
2026-07-02T09:05:00+00:00,63.18,63.244,62.942,63.05,16417
2026-07-02T09:10:00+00:00,63.04,63.17,63.014,63.08,5312
2026-07-02T09:15:00+00:00,63.12,63.17,62.88,63.132,6387
2026-07-02T09:20:00+00:00,63.164,63.17,62.8,62.81,3637
2026-07-02T09:25:00+00:00,62.8,62.96,62.669,62.9,17243
2026-07-02T09:30:00+00:00,62.93,63.116,62.901,63.0,8368
2026-07-02T09:35:00+00:00,62.99,63.1,62.94,63.051,10962
2026-07-02T09:40:00+00:00,63.049,63.099,62.99,63.04,10691
2026-07-02T09:45:00+00:00,63.06,63.1,62.68,62.98,20566
2026-07-02T09:50:00+00:00,62.96,63.0,62.786,62.806,18111
2026-07-02T09:55:00+00:00,62.82,62.88,62.62,62.669,3628
2026-07-02T10:00:00+00:00,62.664,62.669,62.396,62.4,8192
2026-07-02T10:05:00+00:00,62.41,62.67,62.4,62.549,7629
2026-07-02T10:10:00+00:00,62.54,62.65,62.505,62.51,3733
2026-07-02T10:15:00+00:00,62.51,62.57,62.38,62.5,8315
2026-07-02T10:20:00+00:00,62.495,62.53,62.418,62.48,4678
2026-07-02T10:25:00+00:00,62.47,62.73,62.47,62.702,16402
2026-07-02T10:30:00+00:00,62.74,62.91,62.67,62.87,16289
2026-07-02T10:35:00+00:00,62.87,62.92,62.81,62.914,6750
2026-07-02T10:40:00+00:00,62.91,62.94,62.74,62.75,4052
2026-07-02T10:45:00+00:00,62.7,62.757,62.6,62.757,8195
2026-07-02T10:50:00+00:00,62.75,62.8,62.62,62.69,2687
2026-07-02T10:55:00+00:00,62.64,62.9,62.61,62.85,15332
2026-07-02T11:00:00+00:00,62.88,63.1,62.78,62.82,66645
2026-07-02T11:05:00+00:00,62.8,62.814,62.7,62.77,19630
2026-07-02T11:10:00+00:00,62.77,62.88,62.67,62.791,20176
2026-07-02T11:15:00+00:00,62.79,62.87,62.56,62.69,17172
2026-07-02T11:20:00+00:00,62.71,62.8,62.58,62.79,17460
2026-07-02T11:25:00+00:00,62.76,62.913,62.7,62.82,21925
2026-07-02T11:30:00+00:00,62.89,62.89,62.753,62.769,19193
2026-07-02T11:35:00+00:00,62.78,63.07,62.74,63.06,20343
2026-07-02T11:40:00+00:00,63.05,63.44,62.95,63.37,23987
2026-07-02T11:45:00+00:00,63.368,63.49,63.292,63.48,31865
2026-07-02T11:50:00+00:00,63.37,63.54,63.304,63.304,28313
2026-07-02T11:55:00+00:00,63.32,63.43,63.23,63.3,12978
2026-07-02T12:00:00+00:00,63.313,63.78,63.19,63.709,24551
2026-07-02T12:05:00+00:00,63.71,64.26,63.65,64.02,60716
2026-07-02T12:10:00+00:00,64.048,64.68,64.01,64.589,66056
2026-07-02T12:15:00+00:00,64.59,64.836,64.5,64.58,55363
2026-07-02T12:20:00+00:00,64.59,64.84,64.49,64.689,118576
2026-07-02T12:25:00+00:00,64.69,65.16,64.64,65.16,47630
2026-07-02T12:30:00+00:00,65.148,66.38,65.09,66.35,120365
2026-07-02T12:35:00+00:00,66.37,66.55,66.0,66.279,108214
2026-07-02T12:40:00+00:00,66.26,66.29,65.35,65.35,73052
2026-07-02T12:45:00+00:00,65.41,65.8,65.35,65.538,53287
2026-07-02T12:50:00+00:00,65.542,65.68,64.91,65.0,69996
2026-07-02T12:55:00+00:00,64.95,65.0,64.59,64.95,70335
2026-07-02T13:00:00+00:00,64.86,65.0,64.412,64.91,48655
2026-07-02T13:05:00+00:00,64.92,64.94,64.33,64.39,63567
2026-07-02T13:10:00+00:00,64.4,64.92,64.4,64.899,45625
2026-07-02T13:15:00+00:00,64.899,65.1,64.85,64.99,41650
2026-07-02T13:20:00+00:00,64.93,65.09,64.85,64.96,32072
2026-07-02T13:25:00+00:00,64.96,65.15,64.462,64.53,39555
2026-07-02T13:30:00+00:00,64.55,65.15,63.75,65.14,1431998
2026-07-02T13:35:00+00:00,65.14,65.495,63.985,64.188,885410
2026-07-02T13:40:00+00:00,64.205,64.99,64.12,64.49,646387
2026-07-02T13:45:00+00:00,64.49,65.02,64.39,64.855,463959
2026-07-02T13:50:00+00:00,64.855,65.7,64.788,65.46,533601
2026-07-02T13:55:00+00:00,65.47,65.68,65.23,65.48,350390
2026-07-02T14:00:00+00:00,65.5,65.749,65.25,65.4,517969
2026-07-02T14:05:00+00:00,65.429,65.429,64.83,64.9,402763
2026-07-02T14:10:00+00:00,64.91,65.105,64.63,64.849,345731
2026-07-02T14:15:00+00:00,64.84,64.945,64.02,64.265,481668
2026-07-02T14:20:00+00:00,64.28,64.348,63.6,63.66,655579
2026-07-02T14:25:00+00:00,63.71,63.81,62.84,62.935,851363
2026-07-02T14:30:00+00:00,62.92,63.15,62.43,62.445,966293
2026-07-02T14:35:00+00:00,62.445,63.135,62.43,62.7,743364
2026-07-02T14:40:00+00:00,62.7,62.7,61.91,62.085,1050318
2026-07-02T14:45:00+00:00,62.09,62.36,61.6,61.88,1064591
2026-07-02T14:50:00+00:00,61.843,62.0,61.32,61.51,861276
2026-07-02T14:55:00+00:00,61.515,61.81,61.42,61.743,694730
2026-07-02T15:00:00+00:00,61.75,61.83,61.01,61.01,569545
2026-07-02T15:05:00+00:00,61.02,61.31,60.62,61.16,1202596
2026-07-02T15:10:00+00:00,61.155,61.68,61.082,61.295,852903
2026-07-02T15:15:00+00:00,61.28,61.489,60.91,60.976,655574
2026-07-02T15:20:00+00:00,60.98,61.61,60.895,61.6,591190
2026-07-02T15:25:00+00:00,61.608,61.92,61.37,61.505,721236
2026-07-02T15:30:00+00:00,61.52,62.28,61.5,62.2,636210
2026-07-02T15:35:00+00:00,62.21,62.52,62.12,62.2,519815
2026-07-02T15:40:00+00:00,62.21,62.44,61.71,61.775,329667
2026-07-02T15:45:00+00:00,61.82,62.07,61.57,61.595,249925
2026-07-02T15:50:00+00:00,61.602,61.833,61.29,61.5,358053
2026-07-02T15:55:00+00:00,61.49,61.649,61.292,61.46,306944
2026-07-02T16:00:00+00:00,61.46,61.51,61.01,61.146,390748
2026-07-02T16:05:00+00:00,61.145,61.226,60.91,61.005,530135
2026-07-02T16:10:00+00:00,61.02,61.35,61.01,61.174,343782
2026-07-02T16:15:00+00:00,61.205,61.205,60.84,60.85,307696
2026-07-02T16:20:00+00:00,60.85,60.87,60.47,60.48,623501
2026-07-02T16:25:00+00:00,60.485,60.705,60.48,60.525,512634
2026-07-02T16:30:00+00:00,60.52,60.555,60.13,60.15,671192
2026-07-02T16:35:00+00:00,60.14,60.385,60.0,60.15,713324
2026-07-02T16:40:00+00:00,60.15,60.6,60.15,60.525,404433
2026-07-02T16:45:00+00:00,60.51,60.529,60.31,60.33,555703
2026-07-02T16:50:00+00:00,60.33,60.45,60.13,60.24,633480
2026-07-02T16:55:00+00:00,60.24,60.24,60.0,60.16,625206
2026-07-02T17:00:00+00:00,60.16,60.2,59.85,59.955,714544
2026-07-02T17:05:00+00:00,59.95,60.539,59.845,60.035,674164
2026-07-02T17:10:00+00:00,60.05,60.115,59.83,60.02,472657
2026-07-02T17:15:00+00:00,60.025,60.335,59.97,60.055,462030
2026-07-02T17:20:00+00:00,60.055,60.29,60.02,60.065,319421
2026-07-02T17:25:00+00:00,60.08,60.12,59.945,59.99,344002
2026-07-02T17:30:00+00:00,59.965,60.075,59.74,59.745,266710
2026-07-02T17:35:00+00:00,59.745,59.76,59.42,59.46,478330
2026-07-02T17:40:00+00:00,59.46,59.615,59.36,59.43,485355
2026-07-02T17:45:00+00:00,59.45,59.465,59.05,59.07,446605
2026-07-02T17:50:00+00:00,59.065,59.369,59.0,59.345,455569
2026-07-02T17:55:00+00:00,59.33,59.365,58.895,58.97,425254
2026-07-02T18:00:00+00:00,58.98,59.27,58.94,59.19,361382
2026-07-02T18:05:00+00:00,59.18,59.98,59.17,59.946,584058
2026-07-02T18:10:00+00:00,59.94,60.07,59.67,59.73,391122
2026-07-02T18:15:00+00:00,59.75,59.77,59.485,59.56,334221
2026-07-02T18:20:00+00:00,59.56,59.825,59.535,59.805,269696
2026-07-02T18:25:00+00:00,59.79,60.05,59.78,60.039,325995
2026-07-02T18:30:00+00:00,60.03,60.245,59.9,60.005,330511
2026-07-02T18:35:00+00:00,60.0,60.16,59.87,60.11,242903
2026-07-02T18:40:00+00:00,60.11,60.27,60.02,60.195,276370
2026-07-02T18:45:00+00:00,60.19,60.41,59.845,60.37,737424
2026-07-02T18:50:00+00:00,60.375,60.66,60.24,60.485,481117
2026-07-02T18:55:00+00:00,60.47,60.54,60.211,60.42,360144
2026-07-02T19:00:00+00:00,60.425,60.55,59.94,60.015,607767
2026-07-02T19:05:00+00:00,60.03,60.105,59.81,60.05,863986
2026-07-02T19:10:00+00:00,60.055,60.1,59.92,60.05,438617
2026-07-02T19:15:00+00:00,60.03,60.15,59.685,59.8,570063
2026-07-02T19:20:00+00:00,59.8,59.81,59.44,59.47,330750
2026-07-02T19:25:00+00:00,59.47,60.08,59.305,59.855,662857
2026-07-02T19:30:00+00:00,59.855,60.01,59.735,59.93,273578
2026-07-02T19:35:00+00:00,59.91,60.09,59.79,59.97,295458
2026-07-02T19:40:00+00:00,59.975,60.07,59.82,60.04,392648
2026-07-02T19:45:00+00:00,60.061,60.2,59.98,60.14,482474
2026-07-02T19:50:00+00:00,60.125,60.53,60.11,60.36,1105928
2026-07-02T19:55:00+00:00,60.36,60.915,60.215,60.63,1137304
2026-07-02T20:00:00+00:00,60.63,61.0,60.49,60.75,176037
2026-07-02T20:05:00+00:00,60.78,61.2,60.7,61.09,72427
2026-07-02T20:10:00+00:00,61.08,61.15,60.63,61.13,87279
2026-07-02T20:15:00+00:00,61.1,61.2,61.0,61.05,30500
2026-07-02T20:20:00+00:00,61.05,61.1,60.96,61.0,31918
2026-07-02T20:25:00+00:00,61.0,61.13,60.91,60.97,47779
2026-07-02T20:30:00+00:00,60.959,60.99,60.63,60.92,9266
2026-07-02T20:35:00+00:00,60.91,61.0,60.83,60.93,5974
2026-07-02T20:40:00+00:00,60.9,60.96,60.73,60.9,14163
2026-07-02T20:45:00+00:00,60.75,60.98,60.75,60.98,5950
2026-07-02T20:50:00+00:00,60.99,61.07,60.888,60.95,10160
2026-07-02T20:55:00+00:00,60.94,61.06,60.8,60.9,21216
2026-07-02T21:00:00+00:00,60.92,60.94,60.8,60.86,14690
2026-07-02T21:05:00+00:00,60.86,60.9,60.7,60.77,4842
2026-07-02T21:10:00+00:00,60.76,60.79,60.651,60.69,5301
2026-07-02T21:15:00+00:00,60.68,60.81,60.65,60.81,8700
2026-07-02T21:20:00+00:00,60.77,60.84,60.74,60.81,5583
2026-07-02T21:25:00+00:00,60.809,61.0,60.809,60.989,11601
2026-07-02T21:30:00+00:00,60.99,60.99,60.925,60.94,7884
2026-07-02T21:35:00+00:00,60.91,60.95,60.83,60.89,31735
2026-07-02T21:40:00+00:00,60.88,60.9,60.7,60.779,11529
2026-07-02T21:45:00+00:00,60.78,60.8,60.75,60.8,14875
2026-07-02T21:50:00+00:00,60.796,60.99,60.78,60.87,13737
2026-07-02T21:55:00+00:00,60.87,60.88,60.71,60.729,25160
2026-07-02T22:00:00+00:00,60.728,60.89,60.728,60.827,3797
2026-07-02T22:05:00+00:00,60.8,60.84,60.75,60.81,5825
2026-07-02T22:10:00+00:00,60.81,60.85,60.71,60.8,15479
2026-07-02T22:15:00+00:00,60.755,60.85,60.71,60.75,8878
2026-07-02T22:20:00+00:00,60.749,60.8,60.72,60.75,22090
2026-07-02T22:25:00+00:00,60.736,60.76,60.6,60.68,78039
2026-07-02T22:30:00+00:00,60.68,60.68,60.55,60.59,13139
2026-07-02T22:35:00+00:00,60.57,60.8,60.57,60.68,15035
2026-07-02T22:40:00+00:00,60.68,60.8,60.635,60.78,8915
2026-07-02T22:45:00+00:00,60.778,60.8,60.55,60.59,9811
2026-07-02T22:50:00+00:00,60.55,60.62,60.42,60.5,15395
2026-07-02T22:55:00+00:00,60.52,60.7,60.5,60.62,12554
2026-07-02T23:00:00+00:00,60.609,60.8,60.18,60.18,18579
2026-07-02T23:05:00+00:00,60.299,60.65,60.25,60.551,15497
2026-07-02T23:10:00+00:00,60.59,60.79,60.42,60.78,13945
2026-07-02T23:15:00+00:00,60.78,61.3,60.75,61.27,12541
2026-07-02T23:20:00+00:00,61.27,61.61,61.26,61.61,10631
2026-07-02T23:25:00+00:00,61.609,61.78,61.41,61.6,23402
2026-07-02T23:30:00+00:00,61.59,61.739,61.36,61.5,22927
2026-07-02T23:35:00+00:00,61.51,61.59,61.38,61.44,12240
2026-07-02T23:40:00+00:00,61.43,61.5,61.34,61.47,20920
2026-07-02T23:45:00+00:00,61.49,61.8,61.43,61.53,11616
2026-07-02T23:50:00+00:00,61.5,61.5,61.12,61.23,23762
2026-07-02T23:55:00+00:00,61.2,61.33,61.1,61.2,9723
2026-07-06T08:00:00+00:00,63.28,65.91,63.28,65.18,177583
2026-07-06T08:05:00+00:00,65.169,65.91,64.6,65.353,20995
2026-07-06T08:10:00+00:00,65.37,65.4,65.01,65.139,12454
2026-07-06T08:15:00+00:00,65.136,65.187,64.91,65.1,5287
2026-07-06T08:20:00+00:00,65.128,65.172,64.98,65.15,6419
2026-07-06T08:25:00+00:00,65.15,65.197,65.15,65.16,3435
2026-07-06T08:30:00+00:00,65.17,65.26,65.03,65.083,9166
2026-07-06T08:35:00+00:00,65.08,65.14,64.91,65.03,7776
2026-07-06T08:40:00+00:00,65.042,65.19,65.02,65.08,2779
2026-07-06T08:45:00+00:00,65.08,65.099,65.0,65.059,1302
2026-07-06T08:50:00+00:00,65.054,65.088,65.0,65.05,3148
2026-07-06T08:55:00+00:00,65.07,65.22,65.025,65.19,12407
2026-07-06T09:00:00+00:00,65.203,65.27,65.02,65.062,2394
2026-07-06T09:05:00+00:00,65.05,65.197,65.05,65.098,542
2026-07-06T09:10:00+00:00,65.104,65.104,65.0,65.03,5741
2026-07-06T09:15:00+00:00,65.04,65.09,65.04,65.07,2736
2026-07-06T09:20:00+00:00,65.032,65.058,65.0,65.008,3518
2026-07-06T09:25:00+00:00,65.01,65.08,64.97,65.071,3060
2026-07-06T09:30:00+00:00,65.1,65.1,64.82,64.89,17056
2026-07-06T09:35:00+00:00,64.832,64.953,64.832,64.879,3656
2026-07-06T09:40:00+00:00,64.92,64.93,64.87,64.87,7714
2026-07-06T09:45:00+00:00,64.88,64.91,64.65,64.712,18988
2026-07-06T09:50:00+00:00,64.66,64.864,64.66,64.83,2533
2026-07-06T09:55:00+00:00,64.851,64.915,64.83,64.902,3069
2026-07-06T10:00:00+00:00,64.87,64.99,64.82,64.941,3314
2026-07-06T10:05:00+00:00,64.904,64.92,64.7,64.79,3439
2026-07-06T10:10:00+00:00,64.82,64.9,64.706,64.9,3412
2026-07-06T10:15:00+00:00,64.918,64.92,64.8,64.843,4374
2026-07-06T10:20:00+00:00,64.86,64.91,64.73,64.818,12539
2026-07-06T10:25:00+00:00,64.79,64.883,64.79,64.87,1295
2026-07-06T10:30:00+00:00,64.861,64.93,64.76,64.92,5188
2026-07-06T10:35:00+00:00,64.93,65.0,64.89,64.994,2157
2026-07-06T10:40:00+00:00,64.989,64.999,64.77,64.78,8194
2026-07-06T10:45:00+00:00,64.78,64.866,64.706,64.794,9484
2026-07-06T10:50:00+00:00,64.77,64.848,64.73,64.84,9474
2026-07-06T10:55:00+00:00,64.851,65.0,64.81,65.0,6985
2026-07-06T11:00:00+00:00,65.01,65.01,64.64,64.78,78167
2026-07-06T11:05:00+00:00,64.78,64.798,64.58,64.78,26066
2026-07-06T11:10:00+00:00,64.7,64.799,64.65,64.716,18660
2026-07-06T11:15:00+00:00,64.719,64.85,64.69,64.807,20256
2026-07-06T11:20:00+00:00,64.85,64.93,64.76,64.82,19860
2026-07-06T11:25:00+00:00,64.83,64.93,64.801,64.914,18710
2026-07-06T11:30:00+00:00,64.89,65.0,64.859,65.0,16960
2026-07-06T11:35:00+00:00,65.0,65.05,64.964,64.99,26522
2026-07-06T11:40:00+00:00,64.97,65.06,64.93,65.06,38530
2026-07-06T11:45:00+00:00,65.07,65.26,65.02,65.26,28419
2026-07-06T11:50:00+00:00,65.25,65.26,65.16,65.25,29507
2026-07-06T11:55:00+00:00,65.25,65.41,65.078,65.115,56916
2026-07-06T12:00:00+00:00,65.126,65.31,65.05,65.26,26722
2026-07-06T12:05:00+00:00,65.3,65.51,65.22,65.434,41425
2026-07-06T12:10:00+00:00,65.41,65.48,65.38,65.429,36994
2026-07-06T12:15:00+00:00,65.41,65.44,65.05,65.32,47789
2026-07-06T12:20:00+00:00,65.319,65.32,64.96,65.009,28875
2026-07-06T12:25:00+00:00,65.01,65.15,64.96,65.12,15856
2026-07-06T12:30:00+00:00,65.08,65.169,65.07,65.12,16869
2026-07-06T12:35:00+00:00,65.11,65.25,65.1,65.25,22367
2026-07-06T12:40:00+00:00,65.24,65.25,65.15,65.19,27219
2026-07-06T12:45:00+00:00,65.19,65.3,65.174,65.239,14223
2026-07-06T12:50:00+00:00,65.24,65.36,65.2,65.36,18912
2026-07-06T12:55:00+00:00,65.34,65.4,65.22,65.372,22849
2026-07-06T13:00:00+00:00,65.39,65.4,65.13,65.22,31148
2026-07-06T13:05:00+00:00,65.22,65.279,65.16,65.199,16087
2026-07-06T13:10:00+00:00,65.18,65.22,64.85,64.89,31775
2026-07-06T13:15:00+00:00,64.89,65.07,64.88,64.91,37151
2026-07-06T13:20:00+00:00,64.93,65.02,64.9,65.0,28227
2026-07-06T13:25:00+00:00,65.0,65.28,65.0,65.28,45202
2026-07-06T13:30:00+00:00,65.32,65.32,64.75,65.22,819760
2026-07-06T13:35:00+00:00,65.235,65.3,64.29,65.115,974005
2026-07-06T13:40:00+00:00,65.112,65.23,64.74,65.195,693383
2026-07-06T13:45:00+00:00,65.17,65.44,65.0,65.39,546642
2026-07-06T13:50:00+00:00,65.39,65.72,65.22,65.354,634851
2026-07-06T13:55:00+00:00,65.35,65.42,64.935,64.99,482880
2026-07-06T14:00:00+00:00,65.0,65.15,64.89,65.04,377660
2026-07-06T14:05:00+00:00,65.03,65.39,64.97,65.32,352701
2026-07-06T14:10:00+00:00,65.305,65.74,65.26,65.7,368596
2026-07-06T14:15:00+00:00,65.68,65.94,65.605,65.64,500171
2026-07-06T14:20:00+00:00,65.645,65.74,65.365,65.54,322012
2026-07-06T14:25:00+00:00,65.55,65.709,65.385,65.45,249483
2026-07-06T14:30:00+00:00,65.45,65.685,65.42,65.65,253279
2026-07-06T14:35:00+00:00,65.66,65.67,65.51,65.55,226131
2026-07-06T14:40:00+00:00,65.55,65.8,65.38,65.79,307285
2026-07-06T14:45:00+00:00,65.78,65.82,65.535,65.64,208819
2026-07-06T14:50:00+00:00,65.63,65.82,65.47,65.51,219972
2026-07-06T14:55:00+00:00,65.52,65.565,65.24,65.44,227164
2026-07-06T15:00:00+00:00,65.45,65.568,65.27,65.34,184357
2026-07-06T15:05:00+00:00,65.33,65.33,64.95,65.03,271390
2026-07-06T15:10:00+00:00,65.045,65.08,64.69,64.825,385056
2026-07-06T15:15:00+00:00,64.82,64.84,64.521,64.77,342297
2026-07-06T15:20:00+00:00,64.77,65.0,64.665,64.97,213591
2026-07-06T15:25:00+00:00,65.0,65.3,64.962,65.3,141043
2026-07-06T15:30:00+00:00,65.275,65.355,65.16,65.22,156130
2026-07-06T15:35:00+00:00,65.21,65.27,65.065,65.18,143219
2026-07-06T15:40:00+00:00,65.175,65.39,65.13,65.27,197589
2026-07-06T15:45:00+00:00,65.27,65.395,65.23,65.395,94410
2026-07-06T15:50:00+00:00,65.39,65.49,65.305,65.305,127631
2026-07-06T15:55:00+00:00,65.3,65.528,65.22,65.525,89897
2026-07-06T16:00:00+00:00,65.525,65.54,65.36,65.41,104167
2026-07-06T16:05:00+00:00,65.425,65.725,65.425,65.635,159467
2026-07-06T16:10:00+00:00,65.64,65.76,65.615,65.615,163787
2026-07-06T16:15:00+00:00,65.625,65.665,65.53,65.62,91732
2026-07-06T16:20:00+00:00,65.625,65.645,65.435,65.525,114141
2026-07-06T16:25:00+00:00,65.525,65.54,65.36,65.42,88838
2026-07-06T16:30:00+00:00,65.41,65.5,65.275,65.375,101190
2026-07-06T16:35:00+00:00,65.375,65.385,65.2,65.36,139569
2026-07-06T16:40:00+00:00,65.355,65.49,65.335,65.47,188961
2026-07-06T16:45:00+00:00,65.46,65.48,65.39,65.47,146818
2026-07-06T16:50:00+00:00,65.46,65.535,65.3,65.305,151958
2026-07-06T16:55:00+00:00,65.31,65.32,65.105,65.16,160913
2026-07-06T17:00:00+00:00,65.16,65.17,64.95,65.07,300671
2026-07-06T17:05:00+00:00,65.07,65.28,65.055,65.202,178777
2026-07-06T17:10:00+00:00,65.2,65.26,65.125,65.155,181612
2026-07-06T17:15:00+00:00,65.15,65.2,65.01,65.05,101284
2026-07-06T17:20:00+00:00,65.05,65.05,64.75,64.86,276984
2026-07-06T17:25:00+00:00,64.855,64.97,64.595,64.64,230025
2026-07-06T17:30:00+00:00,64.631,64.64,64.43,64.6,253665
2026-07-06T17:35:00+00:00,64.6,64.612,64.47,64.548,126999
2026-07-06T17:40:00+00:00,64.535,64.585,64.37,64.42,207315
2026-07-06T17:45:00+00:00,64.42,64.7,64.355,64.675,134325
2026-07-06T17:50:00+00:00,64.72,64.765,64.58,64.6,124249
2026-07-06T17:55:00+00:00,64.605,64.625,64.26,64.365,216835
2026-07-06T18:00:00+00:00,64.365,64.67,64.365,64.55,190099
2026-07-06T18:05:00+00:00,64.57,64.81,64.56,64.77,185335
2026-07-06T18:10:00+00:00,64.765,64.86,64.65,64.665,126778
2026-07-06T18:15:00+00:00,64.685,64.87,64.68,64.859,102016
2026-07-06T18:20:00+00:00,64.855,64.87,64.75,64.85,77200
2026-07-06T18:25:00+00:00,64.85,64.92,64.702,64.735,108888
2026-07-06T18:30:00+00:00,64.72,64.721,64.61,64.62,105308
2026-07-06T18:35:00+00:00,64.625,64.775,64.6,64.61,97113
2026-07-06T18:40:00+00:00,64.62,64.87,64.62,64.81,79792
2026-07-06T18:45:00+00:00,64.83,64.895,64.745,64.765,78372
2026-07-06T18:50:00+00:00,64.77,64.77,64.61,64.65,80863
2026-07-06T18:55:00+00:00,64.65,64.835,64.64,64.79,98977
2026-07-06T19:00:00+00:00,64.795,64.88,64.705,64.79,115326
2026-07-06T19:05:00+00:00,64.79,64.96,64.735,64.955,129364
2026-07-06T19:10:00+00:00,64.95,65.05,64.915,64.98,154529
2026-07-06T19:15:00+00:00,64.978,65.095,64.91,64.988,91309
2026-07-06T19:20:00+00:00,64.98,65.19,64.965,65.14,148012
2026-07-06T19:25:00+00:00,65.145,65.17,65.005,65.109,115075
2026-07-06T19:30:00+00:00,65.115,65.115,64.825,65.055,131413
2026-07-06T19:35:00+00:00,65.05,65.065,64.85,64.865,155512
2026-07-06T19:40:00+00:00,64.865,65.035,64.865,65.01,141465
2026-07-06T19:45:00+00:00,65.03,65.1,64.975,65.07,219801
2026-07-06T19:50:00+00:00,65.06,65.065,64.87,64.895,287747
2026-07-06T19:55:00+00:00,64.88,64.95,64.53,64.76,635100
2026-07-06T20:00:00+00:00,64.56,65.029,64.56,64.78,700828
2026-07-06T20:05:00+00:00,64.774,64.777,64.61,64.641,63564
2026-07-06T20:10:00+00:00,64.65,64.83,64.611,64.83,74176
2026-07-06T20:15:00+00:00,64.83,64.83,64.75,64.8,8232
2026-07-06T20:20:00+00:00,64.799,64.82,64.75,64.8,2496
2026-07-06T20:25:00+00:00,64.8,64.93,64.75,64.8,2732
2026-07-06T20:30:00+00:00,64.93,64.93,64.83,64.879,3401
2026-07-06T20:35:00+00:00,64.88,64.93,64.8,64.9,5416
2026-07-06T20:40:00+00:00,64.9,64.93,64.83,64.89,15439
2026-07-06T20:45:00+00:00,64.91,64.92,64.89,64.9,7510
2026-07-06T20:50:00+00:00,64.9,64.9,64.811,64.835,6972
2026-07-06T20:55:00+00:00,64.889,64.99,64.88,64.9,4476
2026-07-06T21:00:00+00:00,64.97,64.97,64.907,64.96,2955
2026-07-06T21:05:00+00:00,64.96,64.99,64.95,64.97,9301
2026-07-06T21:10:00+00:00,64.971,65.07,64.97,65.068,8889
2026-07-06T21:15:00+00:00,65.014,65.07,65.0,65.05,4054
2026-07-06T21:20:00+00:00,65.06,65.08,65.02,65.05,12909
2026-07-06T21:25:00+00:00,65.05,65.08,65.0,65.06,11294
2026-07-06T21:30:00+00:00,65.058,65.1,65.05,65.07,9768
2026-07-06T21:35:00+00:00,65.06,65.1,65.0,65.1,6980
2026-07-06T21:40:00+00:00,65.09,65.1,65.02,65.06,3704
2026-07-06T21:45:00+00:00,65.06,65.09,65.05,65.06,9713
2026-07-06T21:50:00+00:00,65.05,65.1,65.05,65.07,1899
2026-07-06T21:55:00+00:00,65.059,65.15,65.02,65.15,2913
2026-07-06T22:00:00+00:00,65.1,65.15,65.09,65.15,6813
2026-07-06T22:05:00+00:00,65.12,65.15,65.07,65.14,11931
2026-07-06T22:10:00+00:00,65.12,65.18,65.12,65.18,3928
2026-07-06T22:15:00+00:00,65.18,65.25,65.12,65.23,4303
2026-07-06T22:20:00+00:00,65.25,65.3,65.24,65.28,10543
2026-07-06T22:25:00+00:00,65.28,65.33,65.2,65.25,6205
2026-07-06T22:30:00+00:00,65.23,65.29,65.16,65.268,5746
2026-07-06T22:35:00+00:00,65.26,65.47,65.25,65.469,13116
2026-07-06T22:40:00+00:00,65.457,65.47,64.5,64.59,30862
2026-07-06T22:45:00+00:00,64.58,64.75,64.17,64.396,36667
2026-07-06T22:50:00+00:00,64.35,64.53,63.85,63.87,44685
2026-07-06T22:55:00+00:00,63.9,63.98,63.12,63.7,45342
2026-07-06T23:00:00+00:00,63.7,63.86,63.3,63.68,20227
2026-07-06T23:05:00+00:00,63.73,64.17,63.39,63.59,22116
2026-07-06T23:10:00+00:00,63.4,63.6,63.12,63.29,37233
2026-07-06T23:15:00+00:00,63.289,63.43,63.0,63.231,37771
2026-07-06T23:20:00+00:00,63.356,63.45,63.23,63.449,15017
2026-07-06T23:25:00+00:00,63.44,63.44,63.251,63.4,17049
2026-07-06T23:30:00+00:00,63.4,63.59,63.33,63.429,25687
2026-07-06T23:35:00+00:00,63.43,63.44,62.7,62.701,24852
2026-07-06T23:40:00+00:00,62.74,62.87,62.51,62.64,62223
2026-07-06T23:45:00+00:00,62.7,62.7,62.03,62.3,36304
2026-07-06T23:50:00+00:00,62.3,62.728,62.253,62.62,39284
2026-07-06T23:55:00+00:00,62.648,62.67,62.05,62.19,34334
2026-07-07T08:00:00+00:00,61.53,61.9,59.4,61.09,508803
2026-07-07T08:05:00+00:00,61.044,61.89,60.01,60.92,55950
2026-07-07T08:10:00+00:00,60.95,61.22,60.93,61.207,7238
2026-07-07T08:15:00+00:00,61.18,61.237,61.15,61.225,2118
2026-07-07T08:20:00+00:00,61.22,61.23,61.1,61.12,5768
2026-07-07T08:25:00+00:00,61.15,61.15,60.96,61.06,7560
2026-07-07T08:30:00+00:00,61.06,61.1,60.96,60.96,4156
2026-07-07T08:35:00+00:00,60.99,61.155,60.92,61.147,4597
2026-07-07T08:40:00+00:00,61.13,61.2,61.063,61.135,5180
2026-07-07T08:45:00+00:00,61.09,61.116,61.02,61.06,1700
2026-07-07T08:50:00+00:00,61.058,61.104,60.91,60.96,3647
2026-07-07T08:55:00+00:00,60.95,60.99,60.75,60.76,8435
2026-07-07T09:00:00+00:00,60.78,60.98,60.64,60.98,7141
2026-07-07T09:05:00+00:00,60.94,61.05,60.9,60.9,4767
2026-07-07T09:10:00+00:00,60.919,61.0,60.893,60.943,1236
2026-07-07T09:15:00+00:00,60.949,61.0,60.857,60.886,695
2026-07-07T09:20:00+00:00,60.89,60.947,60.7,60.76,2538
2026-07-07T09:25:00+00:00,60.76,60.786,60.63,60.63,4310
2026-07-07T09:30:00+00:00,60.617,60.68,60.45,60.49,8629
2026-07-07T09:35:00+00:00,60.49,60.5,60.3,60.4,9664
2026-07-07T09:40:00+00:00,60.41,60.499,60.3,60.471,5448
2026-07-07T09:45:00+00:00,60.41,60.497,60.23,60.332,5180
2026-07-07T09:50:00+00:00,60.319,60.53,60.306,60.506,2883
2026-07-07T09:55:00+00:00,60.53,60.63,60.48,60.566,3787
2026-07-07T10:00:00+00:00,60.6,60.74,60.53,60.6,6519
2026-07-07T10:05:00+00:00,60.6,60.64,60.45,60.45,4220
2026-07-07T10:10:00+00:00,60.507,60.54,60.413,60.437,2034
2026-07-07T10:15:00+00:00,60.5,60.741,60.45,60.721,8028
2026-07-07T10:20:00+00:00,60.76,60.79,60.64,60.7,2734
2026-07-07T10:25:00+00:00,60.74,60.865,60.728,60.772,5031
2026-07-07T10:30:00+00:00,60.784,60.784,60.5,60.522,7191
2026-07-07T10:35:00+00:00,60.539,60.64,60.509,60.64,3011
2026-07-07T10:40:00+00:00,60.59,60.64,60.5,60.544,1898
2026-07-07T10:45:00+00:00,60.511,60.57,60.351,60.355,7556
2026-07-07T10:50:00+00:00,60.35,60.56,60.33,60.49,3718
2026-07-07T10:55:00+00:00,60.504,60.73,60.5,60.642,4485
2026-07-07T11:00:00+00:00,60.64,60.73,60.36,60.37,50492
2026-07-07T11:05:00+00:00,60.44,60.57,60.34,60.4,18704
2026-07-07T11:10:00+00:00,60.37,60.45,60.3,60.409,20802
2026-07-07T11:15:00+00:00,60.39,60.61,60.35,60.46,20031
2026-07-07T11:20:00+00:00,60.45,60.52,60.32,60.49,36003
2026-07-07T11:25:00+00:00,60.507,60.61,60.42,60.435,15019
2026-07-07T11:30:00+00:00,60.425,60.44,60.14,60.14,20039
2026-07-07T11:35:00+00:00,60.176,60.25,60.08,60.17,17835
2026-07-07T11:40:00+00:00,60.15,60.29,60.0,60.181,30341
2026-07-07T11:45:00+00:00,60.19,60.34,60.04,60.297,40802
2026-07-07T11:50:00+00:00,60.338,60.35,60.23,60.24,10622
2026-07-07T11:55:00+00:00,60.27,60.44,60.22,60.41,8085
2026-07-07T12:00:00+00:00,60.42,60.72,60.39,60.599,25015
2026-07-07T12:05:00+00:00,60.588,61.02,60.55,60.998,39216
2026-07-07T12:10:00+00:00,60.99,61.22,60.87,61.1,38145
2026-07-07T12:15:00+00:00,61.13,61.15,60.77,60.905,28109
2026-07-07T12:20:00+00:00,60.94,60.94,60.74,60.92,39251
2026-07-07T12:25:00+00:00,60.92,61.08,60.78,60.97,32900
2026-07-07T12:30:00+00:00,60.96,61.05,60.62,60.839,17999
2026-07-07T12:35:00+00:00,60.8,61.1,60.79,61.1,8591
2026-07-07T12:40:00+00:00,61.06,61.23,61.05,61.09,34569
2026-07-07T12:45:00+00:00,61.073,61.1,60.65,60.799,29481
2026-07-07T12:50:00+00:00,60.78,60.82,60.597,60.597,32733
2026-07-07T12:55:00+00:00,60.61,60.72,60.55,60.719,28384
2026-07-07T13:00:00+00:00,60.69,60.74,60.56,60.575,19513
2026-07-07T13:05:00+00:00,60.57,60.8,60.51,60.669,35002
2026-07-07T13:10:00+00:00,60.669,60.73,60.58,60.699,12387
2026-07-07T13:15:00+00:00,60.7,60.76,60.41,60.51,40363
2026-07-07T13:20:00+00:00,60.52,60.53,60.27,60.316,24563
2026-07-07T13:25:00+00:00,60.31,60.31,60.06,60.11,65347
2026-07-07T13:30:00+00:00,60.05,60.48,59.69,59.8,1454041
2026-07-07T13:35:00+00:00,59.81,60.51,59.56,60.3,1205764
2026-07-07T13:40:00+00:00,60.29,60.93,60.205,60.81,1640469
2026-07-07T13:45:00+00:00,60.81,60.9,60.415,60.495,937428
2026-07-07T13:50:00+00:00,60.475,60.57,59.87,59.87,976632
2026-07-07T13:55:00+00:00,59.87,60.12,59.64,60.045,1183984
2026-07-07T14:00:00+00:00,60.045,60.44,59.91,59.96,580597
2026-07-07T14:05:00+00:00,59.97,60.08,59.68,59.855,431210
2026-07-07T14:10:00+00:00,59.84,59.84,59.175,59.27,647894
2026-07-07T14:15:00+00:00,59.26,59.475,59.15,59.455,685445
2026-07-07T14:20:00+00:00,59.45,59.545,58.8,58.85,797412
2026-07-07T14:25:00+00:00,58.86,59.09,58.68,59.07,590977
2026-07-07T14:30:00+00:00,59.06,59.29,58.83,58.925,410078
2026-07-07T14:35:00+00:00,58.92,58.95,58.476,58.5,633666
2026-07-07T14:40:00+00:00,58.508,58.56,58.2,58.325,811272
2026-07-07T14:45:00+00:00,58.31,58.995,58.29,58.945,619989
2026-07-07T14:50:00+00:00,58.95,59.44,58.88,59.13,591857
2026-07-07T14:55:00+00:00,59.122,59.5,58.89,59.485,646965
2026-07-07T15:00:00+00:00,59.48,59.49,59.18,59.35,457715
2026-07-07T15:05:00+00:00,59.335,59.82,59.23,59.7,453793
2026-07-07T15:10:00+00:00,59.7,60.115,59.69,59.86,581392
2026-07-07T15:15:00+00:00,59.85,59.86,59.34,59.415,461377
2026-07-07T15:20:00+00:00,59.39,59.58,59.13,59.161,339867
2026-07-07T15:25:00+00:00,59.17,59.34,59.06,59.25,256765
2026-07-07T15:30:00+00:00,59.26,59.355,59.11,59.205,152135
2026-07-07T15:35:00+00:00,59.21,59.31,59.0,59.01,153849
2026-07-07T15:40:00+00:00,59.01,59.35,58.91,59.34,199053
2026-07-07T15:45:00+00:00,59.33,59.7,59.325,59.405,247514
2026-07-07T15:50:00+00:00,59.4,59.775,59.398,59.695,246767
2026-07-07T15:55:00+00:00,59.69,59.82,59.63,59.8,248408
2026-07-07T16:00:00+00:00,59.8,60.14,59.755,60.1,359094
2026-07-07T16:05:00+00:00,60.09,60.16,59.81,59.86,272751
2026-07-07T16:10:00+00:00,59.875,60.265,59.875,60.168,260771
2026-07-07T16:15:00+00:00,60.165,60.195,60.01,60.13,344200
2026-07-07T16:20:00+00:00,60.125,60.66,60.125,60.43,706266
2026-07-07T16:25:00+00:00,60.42,60.62,60.35,60.47,400098
2026-07-07T16:30:00+00:00,60.475,60.58,60.3,60.356,330546
2026-07-07T16:35:00+00:00,60.35,60.38,60.1,60.15,181433
2026-07-07T16:40:00+00:00,60.14,60.24,59.98,60.172,196456
2026-07-07T16:45:00+00:00,60.18,60.29,60.07,60.17,220824
2026-07-07T16:50:00+00:00,60.185,60.4,60.13,60.275,249379
2026-07-07T16:55:00+00:00,60.27,60.36,60.12,60.335,128022
2026-07-07T17:00:00+00:00,60.335,60.42,60.24,60.415,205124
2026-07-07T17:05:00+00:00,60.415,60.78,60.415,60.745,446955
2026-07-07T17:10:00+00:00,60.73,60.745,60.52,60.59,392984
2026-07-07T17:15:00+00:00,60.585,60.75,60.49,60.64,744962
2026-07-07T17:20:00+00:00,60.635,61.07,60.635,60.965,671573
2026-07-07T17:25:00+00:00,60.95,60.95,60.715,60.795,249121
2026-07-07T17:30:00+00:00,60.8,60.98,60.75,60.855,342331
2026-07-07T17:35:00+00:00,60.85,61.035,60.815,61.035,182129
2026-07-07T17:40:00+00:00,61.03,61.24,60.98,61.205,499057
2026-07-07T17:45:00+00:00,61.205,61.22,60.91,61.09,238454
2026-07-07T17:50:00+00:00,61.08,61.185,60.988,61.05,162249
2026-07-07T17:55:00+00:00,61.05,61.155,60.985,61.12,142044
2026-07-07T18:00:00+00:00,61.13,61.145,60.785,60.92,218384
2026-07-07T18:05:00+00:00,60.92,61.03,60.76,60.82,235305
2026-07-07T18:10:00+00:00,60.82,60.98,60.79,60.895,108035
2026-07-07T18:15:00+00:00,60.9,60.92,60.765,60.83,119222
2026-07-07T18:20:00+00:00,60.83,60.87,60.7,60.86,234860
2026-07-07T18:25:00+00:00,60.84,60.875,60.57,60.613,160560
2026-07-07T18:30:00+00:00,60.615,60.71,60.54,60.63,142583
2026-07-07T18:35:00+00:00,60.62,60.66,60.5,60.54,198850
2026-07-07T18:40:00+00:00,60.54,60.54,60.09,60.21,203482
2026-07-07T18:45:00+00:00,60.21,60.36,60.11,60.2,139946
2026-07-07T18:50:00+00:00,60.2,60.22,59.94,59.99,133076
2026-07-07T18:55:00+00:00,60.02,60.06,59.811,59.83,230285
2026-07-07T19:00:00+00:00,59.835,59.9,59.62,59.83,237527
2026-07-07T19:05:00+00:00,59.83,60.186,59.61,59.755,278719
2026-07-07T19:10:00+00:00,59.76,59.79,59.595,59.775,225906
2026-07-07T19:15:00+00:00,59.76,59.76,59.38,59.555,182585
2026-07-07T19:20:00+00:00,59.57,59.66,59.38,59.455,178793
2026-07-07T19:25:00+00:00,59.44,59.83,59.341,59.812,216765
2026-07-07T19:30:00+00:00,59.8,60.14,59.76,60.095,238193
2026-07-07T19:35:00+00:00,60.11,60.11,59.78,59.84,225312
2026-07-07T19:40:00+00:00,59.825,59.97,59.735,59.865,165692
2026-07-07T19:45:00+00:00,59.85,60.11,59.84,60.105,389868
2026-07-07T19:50:00+00:00,60.13,60.32,60.055,60.32,409665
2026-07-07T19:55:00+00:00,60.32,60.66,60.3,60.59,1013788
2026-07-07T20:00:00+00:00,60.6,60.9,60.453,60.853,33281
2026-07-07T20:05:00+00:00,60.81,60.95,60.8,60.82,75990
2026-07-07T20:10:00+00:00,60.82,60.86,60.59,60.751,58057
2026-07-07T20:15:00+00:00,60.59,60.84,60.59,60.65,18542
2026-07-07T20:20:00+00:00,60.613,60.74,60.55,60.67,8863
2026-07-07T20:25:00+00:00,60.68,60.73,60.6,60.69,5426
2026-07-07T20:30:00+00:00,60.68,60.71,60.6,60.663,10833
2026-07-07T20:35:00+00:00,60.68,60.83,59.87,60.82,8366
2026-07-07T20:40:00+00:00,60.83,60.89,60.77,60.8,17299
2026-07-07T20:45:00+00:00,60.8,60.89,60.75,60.867,8974
2026-07-07T20:50:00+00:00,60.85,60.89,60.75,60.88,8638
2026-07-07T20:55:00+00:00,60.89,60.97,60.87,60.97,20920
2026-07-07T21:00:00+00:00,60.945,60.98,60.88,60.955,11450
2026-07-07T21:05:00+00:00,60.97,60.98,60.85,60.9,9241
2026-07-07T21:10:00+00:00,60.9,60.97,60.81,60.935,7010
2026-07-07T21:15:00+00:00,60.99,61.03,60.5,60.526,30195
2026-07-07T21:20:00+00:00,60.55,60.65,60.11,60.11,21500
2026-07-07T21:25:00+00:00,60.15,60.5,60.012,60.31,10655
2026-07-07T21:30:00+00:00,60.39,60.45,60.1,60.39,9109
2026-07-07T21:35:00+00:00,60.19,60.39,60.16,60.3,7630
2026-07-07T21:40:00+00:00,60.28,60.368,60.16,60.229,5487
2026-07-07T21:45:00+00:00,60.18,60.4,60.16,60.26,5251
2026-07-07T21:50:00+00:00,60.2,60.287,60.03,60.079,6095
2026-07-07T21:55:00+00:00,60.069,60.18,60.02,60.12,4168
2026-07-07T22:00:00+00:00,60.1,60.27,59.84,60.101,7302
2026-07-07T22:05:00+00:00,60.14,60.29,60.101,60.2,3379
2026-07-07T22:10:00+00:00,60.2,60.23,60.1,60.13,3000
2026-07-07T22:15:00+00:00,60.111,60.37,60.11,60.2,9677
2026-07-07T22:20:00+00:00,60.2,60.369,60.17,60.21,5113
2026-07-07T22:25:00+00:00,60.2,60.31,60.1,60.25,2823
2026-07-07T22:30:00+00:00,60.209,60.26,60.1,60.22,2170
2026-07-07T22:35:00+00:00,60.22,60.22,60.1,60.207,15523
2026-07-07T22:40:00+00:00,60.207,60.25,60.11,60.15,4195
2026-07-07T22:45:00+00:00,60.134,60.2,60.01,60.14,8021
2026-07-07T22:50:00+00:00,60.08,60.18,60.02,60.09,5546
2026-07-07T22:55:00+00:00,60.15,60.22,60.05,60.213,7085
2026-07-07T23:00:00+00:00,60.24,60.24,59.52,59.56,14176
2026-07-07T23:05:00+00:00,59.552,59.76,59.3,59.303,11702
2026-07-07T23:10:00+00:00,59.32,59.58,59.31,59.462,23798
2026-07-07T23:15:00+00:00,59.5,59.64,59.24,59.32,15481
2026-07-07T23:20:00+00:00,59.34,59.43,59.24,59.35,13488
2026-07-07T23:25:00+00:00,59.43,59.5,59.28,59.45,14321
2026-07-07T23:30:00+00:00,59.5,59.65,59.38,59.5,6183
2026-07-07T23:35:00+00:00,59.5,59.5,59.27,59.351,7810
2026-07-07T23:40:00+00:00,59.35,59.38,59.19,59.21,16311
2026-07-07T23:45:00+00:00,59.21,59.35,59.14,59.189,21277
2026-07-07T23:50:00+00:00,59.24,59.32,59.11,59.12,18433
2026-07-07T23:55:00+00:00,59.12,59.22,59.0,59.055,24456
2026-07-08T08:00:00+00:00,58.45,60.25,58.45,58.85,802433
2026-07-08T08:05:00+00:00,58.85,59.97,58.5,58.87,213011
2026-07-08T08:10:00+00:00,58.86,59.0,58.8,58.97,52929
2026-07-08T08:15:00+00:00,59.0,59.05,57.94,58.07,127570
2026-07-08T08:20:00+00:00,58.04,58.253,57.6,57.66,38706
2026-07-08T08:25:00+00:00,57.658,57.87,57.42,57.42,53868
2026-07-08T08:30:00+00:00,57.406,57.417,57.18,57.31,21458
2026-07-08T08:35:00+00:00,57.33,57.33,56.59,56.63,49375
2026-07-08T08:40:00+00:00,56.63,57.09,56.577,57.09,22537
2026-07-08T08:45:00+00:00,57.09,57.39,56.99,57.13,26709
2026-07-08T08:50:00+00:00,57.09,57.369,57.07,57.19,23623
2026-07-08T08:55:00+00:00,57.26,57.46,56.881,56.882,20734
2026-07-08T09:00:00+00:00,56.92,56.98,56.63,56.77,43279
2026-07-08T09:05:00+00:00,56.77,56.8,56.52,56.63,68713
2026-07-08T09:10:00+00:00,56.597,56.659,56.17,56.17,34851
2026-07-08T09:15:00+00:00,56.17,56.37,56.06,56.37,67221
2026-07-08T09:20:00+00:00,56.39,56.69,56.35,56.55,15906
2026-07-08T09:25:00+00:00,56.5,56.58,56.4,56.516,24320
2026-07-08T09:30:00+00:00,56.472,56.98,56.472,56.96,43871
2026-07-08T09:35:00+00:00,56.97,57.2,56.78,56.96,28571
2026-07-08T09:40:00+00:00,56.96,57.02,56.77,56.9,12324
2026-07-08T09:45:00+00:00,56.9,57.18,56.782,57.15,42894
2026-07-08T09:50:00+00:00,57.107,57.13,56.92,56.92,28407
2026-07-08T09:55:00+00:00,56.974,56.974,56.77,56.805,15512
2026-07-08T10:00:00+00:00,56.81,57.0,56.81,56.92,24854
2026-07-08T10:05:00+00:00,56.92,57.01,56.77,57.01,20048
2026-07-08T10:10:00+00:00,57.0,57.0,56.83,56.96,22309
2026-07-08T10:15:00+00:00,56.96,57.3,56.954,57.29,9487
2026-07-08T10:20:00+00:00,57.3,57.44,57.25,57.42,38511
2026-07-08T10:25:00+00:00,57.38,57.64,57.32,57.63,24614
2026-07-08T10:30:00+00:00,57.6,57.734,57.5,57.655,27764
2026-07-08T10:35:00+00:00,57.66,57.8,57.56,57.685,31215
2026-07-08T10:40:00+00:00,57.69,57.78,57.66,57.67,29905
2026-07-08T10:45:00+00:00,57.7,57.72,57.49,57.49,23406
2026-07-08T10:50:00+00:00,57.48,57.56,57.45,57.46,12119
2026-07-08T10:55:00+00:00,57.43,57.57,57.31,57.375,10260
2026-07-08T11:00:00+00:00,57.39,57.48,57.2,57.25,90564
2026-07-08T11:05:00+00:00,57.25,57.4,57.15,57.19,30372
2026-07-08T11:10:00+00:00,57.183,57.314,57.06,57.3,30376
2026-07-08T11:15:00+00:00,57.3,57.33,57.15,57.32,16617
2026-07-08T11:20:00+00:00,57.273,57.43,57.15,57.21,18833
2026-07-08T11:25:00+00:00,57.222,57.27,57.2,57.21,11732
2026-07-08T11:30:00+00:00,57.23,57.47,57.12,57.43,23721
2026-07-08T11:35:00+00:00,57.464,57.52,57.33,57.355,12971
2026-07-08T11:40:00+00:00,57.33,58.02,57.33,57.99,35077
2026-07-08T11:45:00+00:00,57.989,58.18,57.81,58.02,36009
2026-07-08T11:50:00+00:00,58.01,58.05,57.8,58.05,38649
2026-07-08T11:55:00+00:00,58.032,58.16,58.0,58.03,46436
2026-07-08T12:00:00+00:00,58.031,58.16,57.92,58.15,56422
2026-07-08T12:05:00+00:00,58.158,58.44,58.152,58.367,33192
2026-07-08T12:10:00+00:00,58.355,58.38,58.23,58.24,26035
2026-07-08T12:15:00+00:00,58.24,58.24,58.12,58.179,33204
2026-07-08T12:20:00+00:00,58.18,58.2,58.03,58.03,27234
2026-07-08T12:25:00+00:00,58.026,58.35,57.96,58.31,23101
2026-07-08T12:30:00+00:00,58.33,58.43,58.22,58.4,60069
2026-07-08T12:35:00+00:00,58.39,58.42,58.32,58.389,24038
2026-07-08T12:40:00+00:00,58.36,58.55,58.31,58.55,62386
2026-07-08T12:45:00+00:00,58.54,58.61,58.49,58.598,32016
2026-07-08T12:50:00+00:00,58.59,58.81,58.551,58.81,52253
2026-07-08T12:55:00+00:00,58.801,58.89,58.36,58.37,65452
2026-07-08T13:00:00+00:00,58.364,58.659,58.36,58.6,23682
2026-07-08T13:05:00+00:00,58.58,58.63,58.45,58.55,68516
2026-07-08T13:10:00+00:00,58.538,58.62,58.36,58.61,22311
2026-07-08T13:15:00+00:00,58.62,58.75,58.58,58.609,20977
2026-07-08T13:20:00+00:00,58.59,58.619,58.36,58.38,24185
2026-07-08T13:25:00+00:00,58.36,58.58,58.26,58.31,57387
2026-07-08T13:30:00+00:00,58.395,60.48,58.395,60.43,1721270
2026-07-08T13:35:00+00:00,60.425,60.77,59.92,60.32,1269179
2026-07-08T13:40:00+00:00,60.32,60.8,60.215,60.37,771792
2026-07-08T13:45:00+00:00,60.365,60.93,60.25,60.25,924417
2026-07-08T13:50:00+00:00,60.26,60.725,60.115,60.49,499301
2026-07-08T13:55:00+00:00,60.495,60.97,60.205,60.817,427137
2026-07-08T14:00:00+00:00,60.8,61.045,60.415,60.53,1072490
2026-07-08T14:05:00+00:00,60.54,60.64,60.27,60.36,504808
2026-07-08T14:10:00+00:00,60.36,60.42,59.79,60.085,570047
2026-07-08T14:15:00+00:00,60.09,60.41,59.96,60.24,499531
2026-07-08T14:20:00+00:00,60.195,60.74,60.14,60.325,984736
2026-07-08T14:25:00+00:00,60.359,60.65,60.15,60.399,354408
2026-07-08T14:30:00+00:00,60.39,60.738,60.3,60.652,473320
2026-07-08T14:35:00+00:00,60.65,60.66,60.26,60.29,438470
2026-07-08T14:40:00+00:00,60.285,60.36,59.8,59.99,274227
2026-07-08T14:45:00+00:00,60.01,60.01,59.54,59.565,419966
2026-07-08T14:50:00+00:00,59.6,60.11,59.47,59.92,376780
2026-07-08T14:55:00+00:00,59.93,60.17,59.78,59.925,170444
2026-07-08T15:00:00+00:00,59.91,60.015,59.74,59.762,183534
2026-07-08T15:05:00+00:00,59.77,59.99,59.762,59.91,150954
2026-07-08T15:10:00+00:00,59.9,59.94,59.355,59.395,226953
2026-07-08T15:15:00+00:00,59.395,59.52,59.08,59.34,595308
2026-07-08T15:20:00+00:00,59.33,59.33,58.69,58.789,550143
2026-07-08T15:25:00+00:00,58.785,58.92,58.75,58.815,307313
2026-07-08T15:30:00+00:00,58.81,59.17,58.76,59.15,331658
2026-07-08T15:35:00+00:00,59.135,59.49,59.03,59.141,313039
2026-07-08T15:40:00+00:00,59.15,59.36,59.13,59.22,258689
2026-07-08T15:45:00+00:00,59.2,59.26,59.04,59.155,141406
2026-07-08T15:50:00+00:00,59.16,59.165,58.9,58.99,301493
2026-07-08T15:55:00+00:00,59.0,59.17,58.94,59.15,279182
2026-07-08T16:00:00+00:00,59.13,59.37,59.12,59.325,305926
2026-07-08T16:05:00+00:00,59.325,59.56,59.22,59.509,251178
2026-07-08T16:10:00+00:00,59.51,59.84,59.51,59.8,320905
2026-07-08T16:15:00+00:00,59.8,59.97,59.59,59.96,205385
2026-07-08T16:20:00+00:00,59.97,60.27,59.94,59.958,308487
2026-07-08T16:25:00+00:00,59.95,60.24,59.94,60.14,227816
2026-07-08T16:30:00+00:00,60.12,60.325,60.07,60.07,238779
2026-07-08T16:35:00+00:00,60.07,60.28,59.98,60.155,277992
2026-07-08T16:40:00+00:00,60.16,60.49,60.12,60.43,244628
2026-07-08T16:45:00+00:00,60.435,60.55,60.33,60.55,159881
2026-07-08T16:50:00+00:00,60.545,60.65,60.395,60.59,128629
2026-07-08T16:55:00+00:00,60.59,60.66,60.5,60.61,246759
2026-07-08T17:00:00+00:00,60.6,60.6,60.42,60.555,170727
2026-07-08T17:05:00+00:00,60.551,60.93,60.535,60.71,293191
2026-07-08T17:10:00+00:00,60.71,60.72,60.51,60.575,178578
2026-07-08T17:15:00+00:00,60.575,60.77,60.562,60.72,125288
2026-07-08T17:20:00+00:00,60.73,60.99,60.665,60.985,270366
2026-07-08T17:25:00+00:00,60.99,61.13,60.97,61.125,289792
2026-07-08T17:30:00+00:00,61.125,61.2,61.09,61.1,323812
2026-07-08T17:35:00+00:00,61.095,61.19,61.032,61.055,181065
2026-07-08T17:40:00+00:00,61.055,61.07,60.76,60.79,244516
2026-07-08T17:45:00+00:00,60.795,60.8,60.58,60.63,216156
2026-07-08T17:50:00+00:00,60.625,60.81,60.61,60.625,192471
2026-07-08T17:55:00+00:00,60.62,60.62,60.385,60.499,219717
2026-07-08T18:00:00+00:00,60.471,60.83,60.42,60.73,176273
2026-07-08T18:05:00+00:00,60.72,60.865,60.59,60.865,133171
2026-07-08T18:10:00+00:00,60.86,60.99,60.79,60.91,218462
2026-07-08T18:15:00+00:00,60.913,60.94,60.775,60.92,161885
2026-07-08T18:20:00+00:00,60.919,60.97,60.835,60.835,149201
2026-07-08T18:25:00+00:00,60.845,60.91,60.77,60.79,128775
2026-07-08T18:30:00+00:00,60.783,60.8,60.55,60.63,193236
2026-07-08T18:35:00+00:00,60.655,60.93,60.625,60.881,113587
2026-07-08T18:40:00+00:00,60.88,60.94,60.76,60.86,121184
2026-07-08T18:45:00+00:00,60.84,60.97,60.77,60.95,195304
2026-07-08T18:50:00+00:00,60.945,61.07,60.93,60.985,428305
2026-07-08T18:55:00+00:00,60.985,61.05,60.9,61.025,299745
2026-07-08T19:00:00+00:00,61.025,61.21,61.015,61.135,342581
2026-07-08T19:05:00+00:00,61.135,61.33,61.052,61.305,460323
2026-07-08T19:10:00+00:00,61.305,61.45,61.285,61.385,657212
2026-07-08T19:15:00+00:00,61.385,61.41,61.29,61.345,718352
2026-07-08T19:20:00+00:00,61.345,61.55,61.33,61.48,669080
2026-07-08T19:25:00+00:00,61.485,61.56,61.43,61.525,629077
2026-07-08T19:30:00+00:00,61.525,61.58,61.262,61.405,998761
2026-07-08T19:35:00+00:00,61.4,61.61,61.38,61.535,758405
2026-07-08T19:40:00+00:00,61.535,61.63,61.46,61.625,804849
2026-07-08T19:45:00+00:00,61.625,61.72,61.551,61.615,722741
2026-07-08T19:50:00+00:00,61.6,61.79,61.49,61.79,490480
2026-07-08T19:55:00+00:00,61.79,62.04,61.67,62.04,669094
2026-07-08T20:00:00+00:00,61.95,62.04,61.64,61.69,43735
2026-07-08T20:05:00+00:00,61.72,62.0,61.6,61.85,105575
2026-07-08T20:10:00+00:00,61.899,62.04,61.7,61.721,24805
2026-07-08T20:15:00+00:00,62.04,62.04,61.5,61.72,37318
2026-07-08T20:20:00+00:00,61.666,61.71,61.66,61.69,8786
2026-07-08T20:25:00+00:00,61.69,61.7,61.5,61.59,6494
2026-07-08T20:30:00+00:00,61.6,61.6,61.43,61.5,62246
2026-07-08T20:35:00+00:00,61.5,61.509,61.12,61.3,26363
2026-07-08T20:40:00+00:00,61.3,61.63,61.3,61.604,15619
2026-07-08T20:45:00+00:00,61.538,61.62,61.46,61.567,4302
2026-07-08T20:50:00+00:00,61.56,61.64,61.5,61.57,3761
2026-07-08T20:55:00+00:00,61.55,61.61,61.47,61.56,2335
2026-07-08T21:00:00+00:00,61.58,61.61,61.5,61.579,6180
2026-07-08T21:05:00+00:00,61.58,61.66,61.57,61.65,9628
2026-07-08T21:10:00+00:00,61.65,61.74,61.62,61.74,7594
2026-07-08T21:15:00+00:00,61.72,61.8,61.65,61.76,6637
2026-07-08T21:20:00+00:00,61.72,61.78,61.65,61.72,72901
2026-07-08T21:25:00+00:00,61.72,61.77,61.68,61.76,4697
2026-07-08T21:30:00+00:00,61.75,61.92,61.73,61.889,6891
2026-07-08T21:35:00+00:00,61.88,62.0,61.8,61.99,5571
2026-07-08T21:40:00+00:00,61.99,62.1,61.99,62.1,9166
2026-07-08T21:45:00+00:00,62.1,62.25,62.06,62.22,11770
2026-07-08T21:50:00+00:00,62.22,62.25,62.1,62.21,13987
2026-07-08T21:55:00+00:00,62.201,62.25,62.124,62.14,5442
2026-07-08T22:00:00+00:00,62.15,62.23,62.09,62.16,9840
2026-07-08T22:05:00+00:00,62.219,62.22,62.0,62.118,18198
2026-07-08T22:10:00+00:00,62.1,62.15,61.95,61.95,21153
2026-07-08T22:15:00+00:00,62.05,62.08,61.98,61.999,25537
2026-07-08T22:20:00+00:00,61.98,62.06,61.91,61.96,5450
2026-07-08T22:25:00+00:00,61.95,62.01,61.91,61.96,4192
2026-07-08T22:30:00+00:00,62.0,62.05,61.96,62.05,5538
2026-07-08T22:35:00+00:00,62.08,62.16,62.05,62.07,27500
2026-07-08T22:40:00+00:00,62.07,62.2,62.06,62.15,11353
2026-07-08T22:45:00+00:00,62.09,62.1,62.01,62.01,4775
2026-07-08T22:50:00+00:00,62.02,62.14,62.01,62.14,12675
2026-07-08T22:55:00+00:00,62.131,62.68,62.1,62.33,15041
2026-07-08T23:00:00+00:00,62.302,62.302,61.61,61.93,14645
2026-07-08T23:05:00+00:00,61.94,62.099,61.82,62.09,17515
2026-07-08T23:10:00+00:00,62.04,62.061,61.71,61.72,10586
2026-07-08T23:15:00+00:00,61.72,61.74,61.53,61.601,9802
2026-07-08T23:20:00+00:00,61.6,61.919,61.6,61.91,5840
2026-07-08T23:25:00+00:00,61.94,61.97,61.66,61.84,9207
2026-07-08T23:30:00+00:00,61.79,62.0,61.744,61.97,2732
2026-07-08T23:35:00+00:00,61.92,62.1,61.92,62.028,10283
2026-07-08T23:40:00+00:00,62.0,62.19,61.941,62.19,4801
2026-07-08T23:45:00+00:00,62.19,62.5,62.12,62.5,32176
2026-07-08T23:50:00+00:00,62.5,62.579,62.4,62.544,38431
2026-07-08T23:55:00+00:00,62.85,62.85,62.85,62.85,0
2026-07-09T08:00:00+00:00,62.699,62.96,61.5,62.89,344126
2026-07-09T08:05:00+00:00,62.9,63.12,62.856,63.02,55923
2026-07-09T08:10:00+00:00,63.04,63.04,62.8,62.83,46566
2026-07-09T08:15:00+00:00,62.8,63.05,62.78,62.88,35876
2026-07-09T08:20:00+00:00,62.88,63.04,62.835,62.88,46607
2026-07-09T08:25:00+00:00,62.86,63.2,62.7,62.79,35765
2026-07-09T08:30:00+00:00,62.78,62.78,62.66,62.66,30929
2026-07-09T08:35:00+00:00,62.67,62.79,62.66,62.78,29995
2026-07-09T08:40:00+00:00,62.78,62.8,62.7,62.72,15978
2026-07-09T08:45:00+00:00,62.74,62.74,62.57,62.581,8282
2026-07-09T08:50:00+00:00,62.582,62.69,62.58,62.67,2924
2026-07-09T08:55:00+00:00,62.666,62.7,62.59,62.68,7585
2026-07-09T09:00:00+00:00,62.63,62.685,62.5,62.53,5574
2026-07-09T09:05:00+00:00,62.51,62.57,62.4,62.497,7016
2026-07-09T09:10:00+00:00,62.51,62.55,62.46,62.52,11327
2026-07-09T09:15:00+00:00,62.51,62.62,62.48,62.5,19481
2026-07-09T09:20:00+00:00,62.5,62.58,62.44,62.471,2511
2026-07-09T09:25:00+00:00,62.51,62.7,62.45,62.68,5334
2026-07-09T09:30:00+00:00,62.66,62.75,62.61,62.63,7154
2026-07-09T09:35:00+00:00,62.68,62.68,62.56,62.646,6319
2026-07-09T09:40:00+00:00,62.68,62.74,62.5,62.56,9690
2026-07-09T09:45:00+00:00,62.518,62.65,62.518,62.599,12117
2026-07-09T09:50:00+00:00,62.59,62.71,62.54,62.66,39996
2026-07-09T09:55:00+00:00,62.647,62.69,62.55,62.6,8212
2026-07-09T10:00:00+00:00,62.571,62.62,62.52,62.61,6613
2026-07-09T10:05:00+00:00,62.6,62.62,62.49,62.55,20774
2026-07-09T10:10:00+00:00,62.55,62.63,62.5,62.57,27777
2026-07-09T10:15:00+00:00,62.63,62.8,62.583,62.8,13707
2026-07-09T10:20:00+00:00,62.8,62.83,62.69,62.71,47802
2026-07-09T10:25:00+00:00,62.7,62.95,62.624,62.91,30226
2026-07-09T10:30:00+00:00,62.88,62.89,62.79,62.865,5876
2026-07-09T10:35:00+00:00,62.846,63.01,62.846,62.91,22716
2026-07-09T10:40:00+00:00,62.91,62.91,62.8,62.85,5446
2026-07-09T10:45:00+00:00,62.818,62.87,62.6,62.62,8554
2026-07-09T10:50:00+00:00,62.6,62.67,62.46,62.56,18613
2026-07-09T10:55:00+00:00,62.56,62.65,62.43,62.56,7075
2026-07-09T11:00:00+00:00,62.565,62.79,62.56,62.7,26010
2026-07-09T11:05:00+00:00,62.72,62.77,62.48,62.6,60634
2026-07-09T11:10:00+00:00,62.58,62.75,62.55,62.75,82448
2026-07-09T11:15:00+00:00,62.72,62.8,62.7,62.79,34987
2026-07-09T11:20:00+00:00,62.78,63.2,62.77,63.169,55553
2026-07-09T11:25:00+00:00,63.15,63.219,62.97,63.073,49812
2026-07-09T11:30:00+00:00,63.07,63.38,63.07,63.38,54325
2026-07-09T11:35:00+00:00,63.38,63.5,63.27,63.369,83984
2026-07-09T11:40:00+00:00,63.366,63.5,63.25,63.49,122848
2026-07-09T11:45:00+00:00,63.47,63.8,63.47,63.8,155210
2026-07-09T11:50:00+00:00,63.799,63.89,63.65,63.709,92481
2026-07-09T11:55:00+00:00,63.651,63.88,63.64,63.83,80762
2026-07-09T12:00:00+00:00,63.825,63.869,63.55,63.62,217279
2026-07-09T12:05:00+00:00,63.61,63.92,63.5,63.91,84116
2026-07-09T12:10:00+00:00,63.92,64.1,63.89,64.01,638159
2026-07-09T12:15:00+00:00,64.02,64.1,63.97,63.99,38001
2026-07-09T12:20:00+00:00,63.999,64.1,63.94,64.08,31760
2026-07-09T12:25:00+00:00,64.09,64.17,64.03,64.093,131260
2026-07-09T12:30:00+00:00,64.07,64.51,64.07,64.49,131393
2026-07-09T12:35:00+00:00,64.451,64.66,64.441,64.59,115854
2026-07-09T12:40:00+00:00,64.6,64.64,64.31,64.37,102752
2026-07-09T12:45:00+00:00,64.32,64.37,64.01,64.3,53726
2026-07-09T12:50:00+00:00,64.34,64.59,64.3,64.58,151603
2026-07-09T12:55:00+00:00,64.574,64.63,64.42,64.44,93708
2026-07-09T13:00:00+00:00,64.5,64.76,64.46,64.719,169609
2026-07-09T13:05:00+00:00,64.71,64.74,64.54,64.698,117604
2026-07-09T13:10:00+00:00,64.68,65.0,64.66,64.865,216649
2026-07-09T13:15:00+00:00,64.92,64.92,64.6,64.704,71121
2026-07-09T13:20:00+00:00,64.73,64.789,64.56,64.78,46966
2026-07-09T13:25:00+00:00,64.8,65.05,64.8,65.02,38404
2026-07-09T13:30:00+00:00,65.0,65.501,64.8,65.395,2429351
2026-07-09T13:35:00+00:00,65.39,66.1,65.38,65.71,2218404
2026-07-09T13:40:00+00:00,65.72,65.74,65.16,65.35,1419792
2026-07-09T13:45:00+00:00,65.35,65.58,64.93,65.2,949307
2026-07-09T13:50:00+00:00,65.19,65.77,64.96,65.675,855452
2026-07-09T13:55:00+00:00,65.67,65.94,65.6,65.623,779669
2026-07-09T14:00:00+00:00,65.63,65.91,65.495,65.805,441965
2026-07-09T14:05:00+00:00,65.78,65.93,65.604,65.63,522272
2026-07-09T14:10:00+00:00,65.62,65.67,65.22,65.23,678251
2026-07-09T14:15:00+00:00,65.22,65.25,64.79,64.84,1004183
2026-07-09T14:20:00+00:00,64.85,64.91,64.25,64.88,1004168
2026-07-09T14:25:00+00:00,64.875,64.985,64.63,64.89,570369
2026-07-09T14:30:00+00:00,64.905,64.905,64.47,64.745,830200
2026-07-09T14:35:00+00:00,64.75,64.92,64.675,64.86,323446
2026-07-09T14:40:00+00:00,64.86,65.2,64.86,65.04,305274
2026-07-09T14:45:00+00:00,65.05,65.22,64.96,65.11,380497
2026-07-09T14:50:00+00:00,65.11,65.115,64.61,64.765,348308
2026-07-09T14:55:00+00:00,64.76,65.03,64.76,64.83,207009
2026-07-09T15:00:00+00:00,64.84,65.04,64.76,65.03,231208
2026-07-09T15:05:00+00:00,65.03,65.32,65.03,65.225,242343
2026-07-09T15:10:00+00:00,65.25,65.27,65.08,65.25,174794
2026-07-09T15:15:00+00:00,65.24,65.3,64.91,64.98,206860
2026-07-09T15:20:00+00:00,64.99,65.265,64.94,65.23,168644
2026-07-09T15:25:00+00:00,65.23,65.23,64.995,65.035,165960
2026-07-09T15:30:00+00:00,65.08,65.205,65.031,65.155,133653
2026-07-09T15:35:00+00:00,65.12,65.21,65.095,65.15,116763
2026-07-09T15:40:00+00:00,65.17,65.38,65.17,65.3,162231
2026-07-09T15:45:00+00:00,65.315,65.42,65.282,65.375,123351
2026-07-09T15:50:00+00:00,65.355,65.45,65.228,65.235,156733
2026-07-09T15:55:00+00:00,65.24,65.27,65.081,65.085,279338
2026-07-09T16:00:00+00:00,65.085,65.36,65.085,65.25,242947
2026-07-09T16:05:00+00:00,65.26,65.43,65.234,65.355,349994
2026-07-09T16:10:00+00:00,65.35,65.365,65.21,65.235,163078
2026-07-09T16:15:00+00:00,65.232,65.365,65.215,65.275,147755
2026-07-09T16:20:00+00:00,65.275,65.295,65.03,65.075,265637
2026-07-09T16:25:00+00:00,65.075,65.091,64.83,64.88,386336
2026-07-09T16:30:00+00:00,64.89,64.925,64.65,64.65,400406
2026-07-09T16:35:00+00:00,64.67,64.71,64.5,64.63,434145
2026-07-09T16:40:00+00:00,64.63,64.9,64.63,64.87,269333
2026-07-09T16:45:00+00:00,64.86,64.95,64.76,64.93,143708
2026-07-09T16:50:00+00:00,64.93,65.105,64.93,65.07,120708
2026-07-09T16:55:00+00:00,65.07,65.08,64.94,64.96,120064
2026-07-09T17:00:00+00:00,64.97,65.09,64.95,65.03,105701
2026-07-09T17:05:00+00:00,65.01,65.22,64.98,65.205,99441
2026-07-09T17:10:00+00:00,65.2,65.41,65.2,65.39,266353
2026-07-09T17:15:00+00:00,65.39,65.61,65.39,65.575,255153
2026-07-09T17:20:00+00:00,65.57,65.64,65.51,65.565,229669
2026-07-09T17:25:00+00:00,65.56,65.59,65.46,65.565,152614
2026-07-09T17:30:00+00:00,65.56,65.62,65.485,65.58,158552
2026-07-09T17:35:00+00:00,65.575,65.69,65.54,65.67,289667
2026-07-09T17:40:00+00:00,65.665,65.7,65.61,65.635,230126
2026-07-09T17:45:00+00:00,65.635,65.8,65.59,65.73,193404
2026-07-09T17:50:00+00:00,65.74,65.78,65.695,65.705,149113
2026-07-09T17:55:00+00:00,65.706,65.706,65.52,65.675,242219
2026-07-09T18:00:00+00:00,65.685,65.74,65.54,65.57,104109
2026-07-09T18:05:00+00:00,65.585,65.755,65.58,65.755,95747
2026-07-09T18:10:00+00:00,65.75,65.79,65.62,65.655,105664
2026-07-09T18:15:00+00:00,65.635,65.71,65.602,65.695,148996
2026-07-09T18:20:00+00:00,65.695,65.7,65.56,65.575,111749
2026-07-09T18:25:00+00:00,65.585,65.63,65.49,65.506,116478
2026-07-09T18:30:00+00:00,65.51,65.56,65.41,65.435,200317
2026-07-09T18:35:00+00:00,65.435,65.435,65.18,65.215,502047
2026-07-09T18:40:00+00:00,65.21,65.38,65.175,65.332,252025
2026-07-09T18:45:00+00:00,65.321,65.455,65.3,65.425,104356
2026-07-09T18:50:00+00:00,65.425,65.45,65.22,65.32,120391
2026-07-09T18:55:00+00:00,65.32,65.325,65.11,65.23,168123
2026-07-09T19:00:00+00:00,65.235,65.265,64.9,64.915,169490
2026-07-09T19:05:00+00:00,64.915,65.14,64.875,64.96,189885
2026-07-09T19:10:00+00:00,64.965,64.975,64.762,64.77,209779
2026-07-09T19:15:00+00:00,64.78,65.11,64.665,65.11,213516
2026-07-09T19:20:00+00:00,65.1,65.165,65.025,65.026,142866
2026-07-09T19:25:00+00:00,65.055,65.08,64.905,65.03,172432
2026-07-09T19:30:00+00:00,65.01,65.01,64.69,64.72,367855
2026-07-09T19:35:00+00:00,64.72,64.9,64.68,64.895,260718
2026-07-09T19:40:00+00:00,64.89,64.925,64.735,64.835,200102
2026-07-09T19:45:00+00:00,64.825,64.88,64.645,64.675,386879
2026-07-09T19:50:00+00:00,64.67,64.67,64.191,64.195,688271
2026-07-09T19:55:00+00:00,64.195,64.43,64.153,64.36,768210
2026-07-09T20:00:00+00:00,64.36,64.45,64.18,64.4,402007
2026-07-09T20:05:00+00:00,64.4,64.58,64.38,64.548,36828
2026-07-09T20:10:00+00:00,64.52,64.57,64.36,64.55,6345
2026-07-09T20:15:00+00:00,64.54,64.66,64.52,64.63,12154
2026-07-09T20:20:00+00:00,64.57,64.65,64.42,64.42,8411
2026-07-09T20:25:00+00:00,64.45,64.49,64.4,64.49,4494
2026-07-09T20:30:00+00:00,64.47,64.55,64.4,64.54,4130
2026-07-09T20:35:00+00:00,64.55,64.58,64.43,64.56,4472
2026-07-09T20:40:00+00:00,64.559,64.56,64.4,64.452,19139
2026-07-09T20:45:00+00:00,64.515,64.65,64.45,64.6,4386
2026-07-09T20:50:00+00:00,64.6,64.6,64.53,64.55,13080
2026-07-09T20:55:00+00:00,64.56,64.58,64.5,64.58,5465
2026-07-09T21:00:00+00:00,64.57,64.78,64.57,64.76,6918
2026-07-09T21:05:00+00:00,64.75,64.8,64.66,64.75,11951
2026-07-09T21:10:00+00:00,64.74,64.859,64.7,64.745,10272
2026-07-09T21:15:00+00:00,64.765,64.81,64.7,64.77,5294
2026-07-09T21:20:00+00:00,64.77,64.8,64.71,64.76,241445
2026-07-09T21:25:00+00:00,64.76,64.82,64.704,64.75,7229
2026-07-09T21:30:00+00:00,64.75,64.79,64.7,64.76,13812
2026-07-09T21:35:00+00:00,64.779,64.84,64.7,64.83,19031
2026-07-09T21:40:00+00:00,64.84,64.85,64.71,64.77,5586
2026-07-09T21:45:00+00:00,64.752,64.84,64.75,64.83,3329
2026-07-09T21:50:00+00:00,64.84,64.85,64.8,64.837,5209
2026-07-09T21:55:00+00:00,64.84,64.9,64.82,64.9,3761
2026-07-09T22:00:00+00:00,64.9,65.0,64.852,65.0,18065
2026-07-09T22:05:00+00:00,65.0,65.3,65.0,65.1,27541
2026-07-09T22:10:00+00:00,65.1,65.31,65.1,65.28,19038
2026-07-09T22:15:00+00:00,65.28,65.5,65.274,65.39,20019
2026-07-09T22:20:00+00:00,65.351,65.45,65.15,65.407,5626
2026-07-09T22:25:00+00:00,65.391,65.45,65.3,65.414,14282
2026-07-09T22:30:00+00:00,65.41,65.47,65.33,65.42,6520
2026-07-09T22:35:00+00:00,65.424,65.5,65.41,65.47,30754
2026-07-09T22:40:00+00:00,65.461,65.6,65.33,65.6,16552
2026-07-09T22:45:00+00:00,65.6,65.66,65.412,65.55,15768
2026-07-09T22:50:00+00:00,65.478,65.54,65.42,65.475,7573
2026-07-09T22:55:00+00:00,65.469,65.58,65.43,65.519,6292
2026-07-09T23:00:00+00:00,65.46,65.491,64.63,65.3,32506
2026-07-09T23:05:00+00:00,65.2,65.28,65.0,65.1,19918
2026-07-09T23:10:00+00:00,65.1,65.18,64.992,65.036,8531
2026-07-09T23:15:00+00:00,65.05,65.1,64.51,64.92,8638
2026-07-09T23:20:00+00:00,64.91,65.04,64.83,65.0,22683
2026-07-09T23:25:00+00:00,65.038,65.1,64.9,65.02,10956
2026-07-09T23:30:00+00:00,65.041,65.1,64.95,65.03,11209
2026-07-09T23:35:00+00:00,65.04,65.1,64.97,65.09,41943
2026-07-09T23:40:00+00:00,65.05,65.32,65.05,65.179,9540
2026-07-09T23:45:00+00:00,65.175,65.35,65.011,65.22,48906
2026-07-09T23:50:00+00:00,65.27,65.38,65.17,65.3,12759
2026-07-09T23:55:00+00:00,65.121,65.121,65.121,65.121,0
2026-07-10T08:00:00+00:00,64.0,64.32,61.87,61.87,350713
2026-07-10T08:05:00+00:00,61.892,62.78,61.61,61.972,19652
2026-07-10T08:10:00+00:00,61.979,62.09,61.91,62.002,13379
2026-07-10T08:15:00+00:00,61.998,62.12,61.74,61.87,7226
2026-07-10T08:20:00+00:00,61.86,61.88,61.65,61.742,4035
2026-07-10T08:25:00+00:00,61.75,61.845,61.65,61.708,9726
2026-07-10T08:30:00+00:00,61.7,61.84,61.64,61.77,10717
2026-07-10T08:35:00+00:00,61.78,61.92,61.75,61.92,5030
2026-07-10T08:40:00+00:00,61.87,62.0,61.79,61.96,19111
2026-07-10T08:45:00+00:00,61.99,62.14,61.98,62.12,7085
2026-07-10T08:50:00+00:00,62.12,62.16,62.02,62.058,4510
2026-07-10T08:55:00+00:00,62.02,62.07,61.9,61.99,6257
2026-07-10T09:00:00+00:00,61.937,61.96,61.54,61.74,13542
2026-07-10T09:05:00+00:00,61.75,61.85,61.7,61.764,17099
2026-07-10T09:10:00+00:00,61.8,61.962,61.69,61.931,19514
2026-07-10T09:15:00+00:00,61.92,62.09,61.92,62.05,10637
2026-07-10T09:20:00+00:00,62.04,62.04,61.94,61.97,9289
2026-07-10T09:25:00+00:00,61.98,62.46,61.98,62.17,24680
2026-07-10T09:30:00+00:00,62.18,62.23,62.12,62.17,10424
2026-07-10T09:35:00+00:00,62.19,62.35,62.15,62.35,2134
2026-07-10T09:40:00+00:00,62.35,62.4,62.23,62.37,18413
2026-07-10T09:45:00+00:00,62.4,62.57,62.38,62.42,10673
2026-07-10T09:50:00+00:00,62.42,62.458,62.316,62.35,7341
2026-07-10T09:55:00+00:00,62.31,62.45,62.31,62.43,4727
2026-07-10T10:00:00+00:00,62.4,62.49,62.3,62.34,30375
2026-07-10T10:05:00+00:00,62.43,62.45,62.34,62.45,11524
2026-07-10T10:10:00+00:00,62.426,62.43,62.36,62.37,9948
2026-07-10T10:15:00+00:00,62.39,62.45,62.27,62.28,12140
2026-07-10T10:20:00+00:00,62.3,62.395,62.25,62.375,3096
2026-07-10T10:25:00+00:00,62.375,62.52,62.27,62.496,6440
2026-07-10T10:30:00+00:00,62.54,62.72,62.47,62.624,13177
2026-07-10T10:35:00+00:00,62.62,62.65,62.51,62.53,5352
2026-07-10T10:40:00+00:00,62.556,62.6,62.49,62.59,1602
2026-07-10T10:45:00+00:00,62.58,62.62,62.41,62.411,4797
2026-07-10T10:50:00+00:00,62.431,62.506,62.392,62.445,7084
2026-07-10T10:55:00+00:00,62.45,62.6,62.41,62.59,11307
2026-07-10T11:00:00+00:00,62.54,62.98,62.54,62.96,43856
2026-07-10T11:05:00+00:00,62.97,63.0,62.88,62.969,45526
2026-07-10T11:10:00+00:00,62.97,63.05,62.89,63.039,26433
2026-07-10T11:15:00+00:00,63.011,63.17,63.011,63.12,28524
2026-07-10T11:20:00+00:00,63.1,63.25,63.06,63.187,32716
2026-07-10T11:25:00+00:00,63.2,63.2,62.79,62.85,32526
2026-07-10T11:30:00+00:00,62.84,62.879,62.71,62.86,19759
2026-07-10T11:35:00+00:00,62.82,62.9,62.66,62.75,18117
2026-07-10T11:40:00+00:00,62.76,62.95,62.7,62.9,30157
2026-07-10T11:45:00+00:00,62.89,62.95,62.662,62.662,24108
2026-07-10T11:50:00+00:00,62.66,62.7,62.5,62.5,12426
2026-07-10T11:55:00+00:00,62.501,62.7,62.5,62.66,16481
2026-07-10T12:00:00+00:00,62.66,62.7,62.18,62.2,71999
2026-07-10T12:05:00+00:00,62.24,62.39,62.09,62.32,99975
2026-07-10T12:10:00+00:00,62.38,62.93,62.33,62.7,47380
2026-07-10T12:15:00+00:00,62.7,62.7,62.43,62.57,31941
2026-07-10T12:20:00+00:00,62.566,62.6,62.42,62.53,25803
2026-07-10T12:25:00+00:00,62.53,62.72,62.51,62.71,38234
2026-07-10T12:30:00+00:00,62.7,62.8,62.59,62.67,79670
2026-07-10T12:35:00+00:00,62.65,62.71,62.5,62.71,55407
2026-07-10T12:40:00+00:00,62.691,62.75,62.43,62.454,46305
2026-07-10T12:45:00+00:00,62.498,62.54,62.31,62.49,44041
2026-07-10T12:50:00+00:00,62.45,62.48,62.27,62.27,73932
2026-07-10T12:55:00+00:00,62.29,62.4,62.06,62.12,44502
2026-07-10T13:00:00+00:00,62.13,62.22,62.0,62.03,56893
2026-07-10T13:05:00+00:00,62.037,62.14,61.89,61.89,55132
2026-07-10T13:10:00+00:00,61.891,62.025,61.831,62.025,45227
2026-07-10T13:15:00+00:00,62.0,62.21,61.891,62.13,67751
2026-07-10T13:20:00+00:00,62.144,62.26,62.03,62.05,93927
2026-07-10T13:25:00+00:00,62.06,62.18,61.89,61.9,54728
2026-07-10T13:30:00+00:00,61.91,62.44,61.53,62.02,1290673
2026-07-10T13:35:00+00:00,62.015,62.25,61.7,61.85,1268554
2026-07-10T13:40:00+00:00,61.84,61.99,61.252,61.6,1405163
2026-07-10T13:45:00+00:00,61.6,62.293,61.594,62.23,675108
2026-07-10T13:50:00+00:00,62.23,62.79,62.0,62.32,1380350
2026-07-10T13:55:00+00:00,62.314,62.32,61.9,62.28,754788
2026-07-10T14:00:00+00:00,62.29,62.93,62.235,62.84,519480
2026-07-10T14:05:00+00:00,62.835,63.11,62.631,63.07,668951
2026-07-10T14:10:00+00:00,63.065,63.065,62.65,62.81,379931
2026-07-10T14:15:00+00:00,62.8,63.0,62.59,62.73,371683
2026-07-10T14:20:00+00:00,62.735,62.82,62.41,62.67,561816
2026-07-10T14:25:00+00:00,62.665,63.045,62.545,62.86,288662
2026-07-10T14:30:00+00:00,62.89,63.185,62.11,62.788,558837
2026-07-10T14:35:00+00:00,62.76,63.04,62.72,62.88,415036
2026-07-10T14:40:00+00:00,62.93,62.975,62.695,62.91,236451
2026-07-10T14:45:00+00:00,62.92,63.0,62.75,62.965,199640
2026-07-10T14:50:00+00:00,62.975,63.0,62.717,62.74,154267
2026-07-10T14:55:00+00:00,62.74,62.81,62.48,62.515,228640
2026-07-10T15:00:00+00:00,62.53,62.76,62.416,62.71,171162
2026-07-10T15:05:00+00:00,62.72,62.915,62.57,62.87,158759
2026-07-10T15:10:00+00:00,62.875,63.005,62.85,62.91,171490
2026-07-10T15:15:00+00:00,62.9,63.48,62.89,63.27,423497
2026-07-10T15:20:00+00:00,63.285,63.449,63.27,63.345,300885
2026-07-10T15:25:00+00:00,63.35,63.67,63.345,63.515,381940
2026-07-10T15:30:00+00:00,63.529,63.56,63.35,63.45,340475
2026-07-10T15:35:00+00:00,63.455,63.455,62.69,62.75,1421095
2026-07-10T15:40:00+00:00,62.745,62.745,61.76,62.03,2171278
2026-07-10T15:45:00+00:00,62.04,62.37,61.805,62.19,1246916
2026-07-10T15:50:00+00:00,62.18,62.38,62.08,62.34,769341
2026-07-10T15:55:00+00:00,62.345,62.66,62.21,62.64,457846
2026-07-10T16:00:00+00:00,62.66,63.04,62.58,63.0,450851
2026-07-10T16:05:00+00:00,62.99,63.05,62.7,62.79,329278
2026-07-10T16:10:00+00:00,62.79,63.105,62.78,62.955,332178
2026-07-10T16:15:00+00:00,62.97,63.1,62.85,63.025,239781
2026-07-10T16:20:00+00:00,63.015,63.175,62.98,63.105,254396
2026-07-10T16:25:00+00:00,63.09,63.38,63.025,63.31,311540
2026-07-10T16:30:00+00:00,63.305,63.31,63.11,63.225,233020
2026-07-10T16:35:00+00:00,63.245,63.35,63.01,63.045,222876
2026-07-10T16:40:00+00:00,63.045,63.2,63.045,63.115,154620
2026-07-10T16:45:00+00:00,63.115,63.245,63.11,63.2,132957
2026-07-10T16:50:00+00:00,63.2,63.38,63.17,63.27,219372
2026-07-10T16:55:00+00:00,63.265,63.265,63.09,63.145,136546
2026-07-10T17:00:00+00:00,63.142,63.25,62.93,62.935,166126
2026-07-10T17:05:00+00:00,62.94,63.165,62.92,63.07,171023
2026-07-10T17:10:00+00:00,63.065,63.245,62.97,63.05,203350
2026-07-10T17:15:00+00:00,63.045,63.174,63.035,63.085,140665
2026-07-10T17:20:00+00:00,63.09,63.275,63.06,63.275,244380
2026-07-10T17:25:00+00:00,63.28,63.42,63.25,63.38,146907
2026-07-10T17:30:00+00:00,63.39,63.47,63.32,63.35,114105
2026-07-10T17:35:00+00:00,63.355,63.515,63.29,63.49,107931
2026-07-10T17:40:00+00:00,63.48,63.665,63.44,63.572,184590
2026-07-10T17:45:00+00:00,63.58,63.6,63.495,63.6,160774
2026-07-10T17:50:00+00:00,63.595,63.633,63.39,63.42,173086
2026-07-10T17:55:00+00:00,63.405,63.469,63.222,63.27,148353
2026-07-10T18:00:00+00:00,63.3,63.515,63.29,63.41,157912
2026-07-10T18:05:00+00:00,63.41,63.578,63.41,63.57,193922
2026-07-10T18:10:00+00:00,63.57,63.6,63.37,63.39,234236
2026-07-10T18:15:00+00:00,63.39,63.44,63.17,63.305,132129
2026-07-10T18:20:00+00:00,63.32,63.39,63.23,63.32,91453
2026-07-10T18:25:00+00:00,63.315,63.44,63.235,63.32,108818
2026-07-10T18:30:00+00:00,63.31,63.44,63.25,63.415,109995
2026-07-10T18:35:00+00:00,63.41,63.41,63.22,63.29,84493
2026-07-10T18:40:00+00:00,63.29,63.305,63.16,63.191,107415
2026-07-10T18:45:00+00:00,63.21,63.275,63.18,63.22,82451
2026-07-10T18:50:00+00:00,63.233,63.38,63.222,63.27,77530
2026-07-10T18:55:00+00:00,63.3,63.385,63.26,63.365,105247
2026-07-10T19:00:00+00:00,63.38,63.515,63.27,63.48,148858
2026-07-10T19:05:00+00:00,63.49,63.495,63.3,63.34,134379
2026-07-10T19:10:00+00:00,63.36,63.39,63.28,63.35,104578
2026-07-10T19:15:00+00:00,63.35,63.395,63.27,63.335,105441
2026-07-10T19:20:00+00:00,63.335,63.37,63.24,63.335,99280
2026-07-10T19:25:00+00:00,63.335,63.445,63.315,63.4,172496
2026-07-10T19:30:00+00:00,63.395,63.45,63.3,63.31,193096
2026-07-10T19:35:00+00:00,63.325,63.36,63.255,63.33,136192
2026-07-10T19:40:00+00:00,63.33,63.37,63.22,63.22,199331
2026-07-10T19:45:00+00:00,63.21,63.22,62.89,62.99,345149
2026-07-10T19:50:00+00:00,63.0,63.06,62.925,63.015,570751
2026-07-10T19:55:00+00:00,63.01,63.13,62.95,63.04,926739
2026-07-10T20:00:00+00:00,63.04,63.08,62.9,63.001,1175037
2026-07-10T20:05:00+00:00,63.0,63.01,62.95,62.95,5064
2026-07-10T20:10:00+00:00,63.04,63.04,62.953,63.03,15420
2026-07-10T20:15:00+00:00,63.0,63.02,62.95,63.0,14388
2026-07-10T20:20:00+00:00,62.97,63.04,62.951,63.03,28105
2026-07-10T20:25:00+00:00,63.0,63.15,63.0,63.08,14651
2026-07-10T20:30:00+00:00,63.1,63.1,63.02,63.051,11084
2026-07-10T20:35:00+00:00,63.05,63.1,63.05,63.08,8618
2026-07-10T20:40:00+00:00,63.07,63.08,63.0,63.05,7278
2026-07-10T20:45:00+00:00,63.039,63.05,63.0,63.01,3779
2026-07-10T20:50:00+00:00,63.02,63.08,62.99,62.99,8822
2026-07-10T20:55:00+00:00,62.99,63.04,62.95,63.02,1912
2026-07-10T21:00:00+00:00,63.0,63.0,62.95,62.96,6403
2026-07-10T21:05:00+00:00,62.96,63.0,62.95,62.99,3349
2026-07-10T21:10:00+00:00,62.95,62.95,62.9,62.91,17995
2026-07-10T21:15:00+00:00,62.95,62.95,62.871,62.88,4291
2026-07-10T21:20:00+00:00,62.88,62.98,62.88,62.897,4417
2026-07-10T21:25:00+00:00,62.9,62.99,62.89,62.94,1385
2026-07-10T21:30:00+00:00,62.96,62.98,62.933,62.97,4738
2026-07-10T21:35:00+00:00,62.96,62.98,62.95,62.96,4892
2026-07-10T21:40:00+00:00,62.954,63.0,62.95,62.95,1688
2026-07-10T21:45:00+00:00,62.97,63.0,62.95,62.96,3704
2026-07-10T21:50:00+00:00,62.97,63.01,62.96,63.01,761
2026-07-10T21:55:00+00:00,63.01,63.01,62.95,62.99,2291
2026-07-10T22:00:00+00:00,62.99,63.04,62.94,62.962,5747
2026-07-10T22:05:00+00:00,62.977,63.0,62.96,63.0,1925
2026-07-10T22:10:00+00:00,62.99,63.01,62.99,62.99,12676
2026-07-10T22:15:00+00:00,63.0,63.0,62.9,62.98,4669
2026-07-10T22:20:00+00:00,63.0,63.05,62.91,63.045,1471
2026-07-10T22:25:00+00:00,63.001,63.03,62.91,62.959,2730
2026-07-10T22:30:00+00:00,62.96,63.0,62.9,62.93,4998
2026-07-10T22:35:00+00:00,62.92,62.95,62.897,62.94,7846
2026-07-10T22:40:00+00:00,62.88,62.9,62.8,62.848,3883
2026-07-10T22:45:00+00:00,62.84,62.92,62.81,62.9,8999
2026-07-10T22:50:00+00:00,62.91,62.91,62.8,62.83,8553
2026-07-10T22:55:00+00:00,62.8,62.9,62.8,62.888,1347
2026-07-10T23:00:00+00:00,62.89,62.89,62.86,62.887,12055
2026-07-10T23:05:00+00:00,62.881,62.94,62.88,62.92,6607
2026-07-10T23:10:00+00:00,62.94,63.0,62.91,62.94,2271
2026-07-10T23:15:00+00:00,62.93,62.99,62.812,62.99,7149
2026-07-10T23:20:00+00:00,62.89,62.89,62.75,62.79,10605
2026-07-10T23:25:00+00:00,62.77,62.88,62.71,62.71,4982
2026-07-10T23:30:00+00:00,62.73,62.84,62.711,62.8,5945
2026-07-10T23:35:00+00:00,62.75,62.84,62.75,62.75,2067
2026-07-10T23:40:00+00:00,62.84,62.84,62.73,62.75,3262
2026-07-10T23:45:00+00:00,62.76,62.89,62.76,62.879,9729
2026-07-10T23:50:00+00:00,62.887,63.0,62.88,62.931,24101
2026-07-10T23:55:00+00:00,62.991,62.991,62.991,62.991,0
2026-07-13T08:00:00+00:00,56.96,57.77,56.28,56.74,542952
2026-07-13T08:05:00+00:00,56.76,57.71,56.36,56.853,108774
2026-07-13T08:10:00+00:00,56.85,57.02,56.738,57.02,12997
2026-07-13T08:15:00+00:00,57.032,57.18,57.007,57.12,24895
2026-07-13T08:20:00+00:00,57.12,57.22,57.07,57.191,20756
2026-07-13T08:25:00+00:00,57.21,57.3,57.08,57.086,11471
2026-07-13T08:30:00+00:00,57.1,57.191,57.08,57.11,5876
2026-07-13T08:35:00+00:00,57.13,57.183,57.007,57.144,9180
2026-07-13T08:40:00+00:00,57.107,57.28,57.1,57.27,6273
2026-07-13T08:45:00+00:00,57.29,57.4,57.2,57.39,10152
2026-07-13T08:50:00+00:00,57.363,57.542,57.363,57.46,12534
2026-07-13T08:55:00+00:00,57.48,57.49,57.32,57.384,13560
2026-07-13T09:00:00+00:00,57.38,57.45,57.3,57.36,13209
2026-07-13T09:05:00+00:00,57.39,57.5,57.37,57.45,8694
2026-07-13T09:10:00+00:00,57.43,57.56,57.414,57.56,8387
2026-07-13T09:15:00+00:00,57.565,57.7,57.54,57.56,20787
2026-07-13T09:20:00+00:00,57.54,57.61,57.51,57.61,3941
2026-07-13T09:25:00+00:00,57.6,57.62,57.5,57.5,11343
2026-07-13T09:30:00+00:00,57.47,57.57,57.47,57.49,18836
2026-07-13T09:35:00+00:00,57.51,57.709,57.488,57.659,18243
2026-07-13T09:40:00+00:00,57.66,57.67,57.55,57.59,9370
2026-07-13T09:45:00+00:00,57.64,57.7,57.51,57.56,10992
2026-07-13T09:50:00+00:00,57.557,57.56,57.4,57.5,17320
2026-07-13T09:55:00+00:00,57.47,57.64,57.4,57.64,8547
2026-07-13T10:00:00+00:00,57.587,57.68,57.51,57.543,14395
2026-07-13T10:05:00+00:00,57.54,57.54,57.25,57.4,22871
2026-07-13T10:10:00+00:00,57.4,57.4,57.26,57.364,14479
2026-07-13T10:15:00+00:00,57.37,57.5,57.333,57.419,13370
2026-07-13T10:20:00+00:00,57.439,57.46,57.328,57.361,6263
2026-07-13T10:25:00+00:00,57.32,57.322,57.11,57.132,7282
2026-07-13T10:30:00+00:00,57.137,57.23,57.09,57.149,10111
2026-07-13T10:35:00+00:00,57.13,57.26,57.13,57.242,4213
2026-07-13T10:40:00+00:00,57.27,57.28,57.05,57.101,7440
2026-07-13T10:45:00+00:00,57.1,57.346,57.067,57.294,3293
2026-07-13T10:50:00+00:00,57.292,57.345,57.26,57.325,4124
2026-07-13T10:55:00+00:00,57.3,57.31,57.25,57.3,4880
2026-07-13T11:00:00+00:00,57.33,57.64,57.33,57.57,88905
2026-07-13T11:05:00+00:00,57.54,57.77,57.37,57.55,42495
2026-07-13T11:10:00+00:00,57.58,57.7,57.41,57.619,36072
2026-07-13T11:15:00+00:00,57.63,57.72,57.52,57.55,24983
2026-07-13T11:20:00+00:00,57.52,57.66,57.47,57.63,25868
2026-07-13T11:25:00+00:00,57.63,57.78,57.59,57.62,25965
2026-07-13T11:30:00+00:00,57.619,57.84,57.6,57.84,19710
2026-07-13T11:35:00+00:00,57.84,57.9,57.77,57.883,35489
2026-07-13T11:40:00+00:00,57.9,57.92,57.67,57.67,29024
2026-07-13T11:45:00+00:00,57.71,57.73,57.49,57.65,12840
2026-07-13T11:50:00+00:00,57.67,57.75,57.59,57.6,14626
2026-07-13T11:55:00+00:00,57.63,57.63,57.45,57.58,37827
2026-07-13T12:00:00+00:00,57.579,57.61,57.32,57.43,48848
2026-07-13T12:05:00+00:00,57.4,57.45,57.22,57.32,27507
2026-07-13T12:10:00+00:00,57.3,57.57,57.25,57.5,29023
2026-07-13T12:15:00+00:00,57.499,57.569,57.35,57.39,13225
2026-07-13T12:20:00+00:00,57.371,57.4,57.13,57.179,25773
2026-07-13T12:25:00+00:00,57.175,57.23,57.0,57.018,28442
2026-07-13T12:30:00+00:00,57.0,57.15,56.92,57.104,40515
2026-07-13T12:35:00+00:00,57.1,57.13,56.94,57.07,22401
2026-07-13T12:40:00+00:00,57.06,57.3,57.06,57.27,34822
2026-07-13T12:45:00+00:00,57.27,57.41,57.19,57.35,21029
2026-07-13T12:50:00+00:00,57.39,57.42,57.26,57.31,36635
2026-07-13T12:55:00+00:00,57.31,57.41,57.25,57.379,25506
2026-07-13T13:00:00+00:00,57.39,57.58,57.3,57.52,18048
2026-07-13T13:05:00+00:00,57.522,57.56,57.4,57.43,30776
2026-07-13T13:10:00+00:00,57.479,57.49,57.35,57.43,24876
2026-07-13T13:15:00+00:00,57.48,57.49,57.3,57.35,25649
2026-07-13T13:20:00+00:00,57.33,57.431,57.26,57.41,30458
2026-07-13T13:25:00+00:00,57.41,57.6,57.36,57.48,63735
2026-07-13T13:30:00+00:00,57.495,57.839,57.18,57.31,1597422
2026-07-13T13:35:00+00:00,57.32,57.52,56.74,56.77,1443306
2026-07-13T13:40:00+00:00,56.77,56.79,56.31,56.76,1652596
2026-07-13T13:45:00+00:00,56.765,57.185,56.57,57.15,1552252
2026-07-13T13:50:00+00:00,57.155,57.27,56.9,57.01,828916
2026-07-13T13:55:00+00:00,56.98,57.615,56.93,57.5,861435
2026-07-13T14:00:00+00:00,57.51,57.72,57.32,57.34,667636
2026-07-13T14:05:00+00:00,57.35,57.65,57.14,57.605,428159
2026-07-13T14:10:00+00:00,57.6,57.77,57.4,57.64,613570
2026-07-13T14:15:00+00:00,57.64,57.92,57.01,57.53,789018
2026-07-13T14:20:00+00:00,57.53,58.08,57.47,58.025,561146
2026-07-13T14:25:00+00:00,58.02,58.268,57.82,58.25,721827
2026-07-13T14:30:00+00:00,58.26,58.4,58.125,58.29,608607
2026-07-13T14:35:00+00:00,58.29,58.35,58.03,58.105,581494
2026-07-13T14:40:00+00:00,58.108,58.12,57.813,57.92,354596
2026-07-13T14:45:00+00:00,57.92,58.235,57.67,58.185,427017
2026-07-13T14:50:00+00:00,58.185,58.265,57.86,57.985,476817
2026-07-13T14:55:00+00:00,57.985,58.385,57.95,58.385,361233
2026-07-13T15:00:00+00:00,58.385,58.51,58.31,58.34,252346
2026-07-13T15:05:00+00:00,58.32,58.39,58.11,58.14,253277
2026-07-13T15:10:00+00:00,58.135,58.35,58.12,58.21,178887
2026-07-13T15:15:00+00:00,58.2,58.32,58.09,58.31,212527
2026-07-13T15:20:00+00:00,58.305,58.46,58.255,58.44,350540
2026-07-13T15:25:00+00:00,58.435,58.485,58.325,58.435,566176
2026-07-13T15:30:00+00:00,58.435,58.44,58.03,58.045,338602
2026-07-13T15:35:00+00:00,58.045,58.09,57.885,57.925,283310
2026-07-13T15:40:00+00:00,57.925,57.94,57.78,57.795,406384
2026-07-13T15:45:00+00:00,57.79,57.79,57.44,57.6,720550
2026-07-13T15:50:00+00:00,57.605,57.65,57.42,57.56,361735
2026-07-13T15:55:00+00:00,57.565,57.595,57.365,57.52,208295
2026-07-13T16:00:00+00:00,57.52,57.55,57.36,57.385,229250
2026-07-13T16:05:00+00:00,57.388,57.52,57.265,57.515,281050
2026-07-13T16:10:00+00:00,57.52,57.7,57.364,57.445,296238
2026-07-13T16:15:00+00:00,57.455,57.46,57.14,57.295,279416
2026-07-13T16:20:00+00:00,57.285,57.298,57.08,57.12,242112
2026-07-13T16:25:00+00:00,57.12,57.21,56.95,57.1,415353
2026-07-13T16:30:00+00:00,57.095,57.095,56.785,56.795,425440
2026-07-13T16:35:00+00:00,56.785,56.96,56.56,56.915,622956
2026-07-13T16:40:00+00:00,56.915,57.11,56.83,56.97,399728
2026-07-13T16:45:00+00:00,56.98,57.075,56.85,56.865,251243
2026-07-13T16:50:00+00:00,56.86,57.05,56.675,56.975,423033
2026-07-13T16:55:00+00:00,56.96,57.04,56.85,56.975,226980
2026-07-13T17:00:00+00:00,56.98,57.16,56.91,57.01,239440
2026-07-13T17:05:00+00:00,57.0,57.269,56.96,57.225,186131
2026-07-13T17:10:00+00:00,57.22,57.29,57.085,57.14,175522
2026-07-13T17:15:00+00:00,57.12,57.175,56.99,57.14,215597
2026-07-13T17:20:00+00:00,57.11,57.135,56.93,56.955,178863
2026-07-13T17:25:00+00:00,56.96,57.035,56.83,56.965,281264
2026-07-13T17:30:00+00:00,56.965,57.06,56.9,56.99,263299
2026-07-13T17:35:00+00:00,56.98,56.98,56.8,56.855,356537
2026-07-13T17:40:00+00:00,56.855,56.93,56.76,56.92,201579
2026-07-13T17:45:00+00:00,56.93,56.97,56.73,56.745,206793
2026-07-13T17:50:00+00:00,56.745,56.771,56.6,56.75,366445
2026-07-13T17:55:00+00:00,56.75,56.795,56.671,56.675,160371
2026-07-13T18:00:00+00:00,56.67,56.92,56.67,56.81,231747
2026-07-13T18:05:00+00:00,56.805,57.08,56.805,56.955,163693
2026-07-13T18:10:00+00:00,56.955,56.978,56.79,56.965,228211
2026-07-13T18:15:00+00:00,56.95,56.99,56.76,56.885,213730
2026-07-13T18:20:00+00:00,56.895,56.952,56.815,56.952,136152
2026-07-13T18:25:00+00:00,56.925,56.94,56.725,56.725,178272
2026-07-13T18:30:00+00:00,56.72,56.8,56.61,56.675,293472
2026-07-13T18:35:00+00:00,56.675,56.845,56.65,56.72,191134
2026-07-13T18:40:00+00:00,56.715,56.775,56.67,56.695,235115
2026-07-13T18:45:00+00:00,56.695,56.89,56.66,56.83,291935
2026-07-13T18:50:00+00:00,56.83,56.89,56.76,56.77,193859
2026-07-13T18:55:00+00:00,56.76,56.815,56.7,56.758,170009
2026-07-13T19:00:00+00:00,56.76,57.09,56.71,57.085,334064
2026-07-13T19:05:00+00:00,57.085,57.1,57.03,57.075,255170
2026-07-13T19:10:00+00:00,57.07,57.08,56.862,56.99,304573
2026-07-13T19:15:00+00:00,56.995,57.048,56.96,57.0,174688
2026-07-13T19:20:00+00:00,57.0,57.007,56.79,56.805,266787
2026-07-13T19:25:00+00:00,56.8,56.91,56.72,56.755,228341
2026-07-13T19:30:00+00:00,56.76,57.05,56.73,56.945,473845
2026-07-13T19:35:00+00:00,56.93,56.93,56.775,56.825,573049
2026-07-13T19:40:00+00:00,56.82,57.05,56.805,56.945,425748
2026-07-13T19:45:00+00:00,56.945,57.12,56.81,57.095,673112
2026-07-13T19:50:00+00:00,57.095,57.33,57.025,57.11,842177
2026-07-13T19:55:00+00:00,57.09,57.33,57.08,57.3,954999
2026-07-13T20:00:00+00:00,57.3,57.35,57.01,57.15,2629511
2026-07-13T20:05:00+00:00,57.13,57.28,57.13,57.18,80421
2026-07-13T20:10:00+00:00,57.18,57.3,57.1,57.16,20244
2026-07-13T20:15:00+00:00,57.16,57.16,56.8,56.9,28570
2026-07-13T20:20:00+00:00,56.92,56.98,56.86,56.94,14973
2026-07-13T20:25:00+00:00,56.946,57.01,56.92,56.99,12929
2026-07-13T20:30:00+00:00,56.95,57.0,56.86,57.0,9494
2026-07-13T20:35:00+00:00,56.96,57.0,56.85,56.869,2518
2026-07-13T20:40:00+00:00,56.87,56.91,56.7,56.91,6176
2026-07-13T20:45:00+00:00,56.91,56.91,56.75,56.75,7779
2026-07-13T20:50:00+00:00,56.72,56.9,56.68,56.89,11463
2026-07-13T20:55:00+00:00,56.89,56.9,56.8,56.85,11222
2026-07-13T21:00:00+00:00,56.8,56.85,56.8,56.83,7120
2026-07-13T21:05:00+00:00,56.82,56.83,56.73,56.76,3900
2026-07-13T21:10:00+00:00,56.774,56.78,56.7,56.77,2443
2026-07-13T21:15:00+00:00,56.78,56.83,56.72,56.83,6352
2026-07-13T21:20:00+00:00,56.78,56.84,56.73,56.829,7204
2026-07-13T21:25:00+00:00,56.82,56.84,56.78,56.81,9626
2026-07-13T21:30:00+00:00,56.81,56.85,56.8,56.83,6575
2026-07-13T21:35:00+00:00,56.88,57.0,56.82,56.92,5961
2026-07-13T21:40:00+00:00,56.917,57.0,56.9,57.0,6875
2026-07-13T21:45:00+00:00,56.98,57.2,56.917,56.95,8458
2026-07-13T21:50:00+00:00,57.039,57.2,56.95,57.03,7023
2026-07-13T21:55:00+00:00,57.03,57.11,56.908,56.913,2859
2026-07-13T22:00:00+00:00,56.91,57.1,56.9,56.969,8659
2026-07-13T22:05:00+00:00,56.99,57.05,56.91,57.0,2518
2026-07-13T22:10:00+00:00,57.02,57.02,56.92,56.95,3720
2026-07-13T22:15:00+00:00,56.94,56.982,56.92,56.939,5275
2026-07-13T22:20:00+00:00,56.95,56.99,56.846,56.91,8113
2026-07-13T22:25:00+00:00,56.91,56.93,56.83,56.85,3394
2026-07-13T22:30:00+00:00,56.84,56.89,56.75,56.77,3649
2026-07-13T22:35:00+00:00,56.761,56.79,56.67,56.69,5586
2026-07-13T22:40:00+00:00,56.67,56.78,56.67,56.7,8936
2026-07-13T22:45:00+00:00,56.7,56.77,56.7,56.74,6550
2026-07-13T22:50:00+00:00,56.74,56.74,56.51,56.52,15275
2026-07-13T22:55:00+00:00,56.51,56.52,56.4,56.4,20605
2026-07-13T23:00:00+00:00,56.4,56.4,55.88,55.939,46500
2026-07-13T23:05:00+00:00,55.9,56.0,55.52,55.52,53961
2026-07-13T23:10:00+00:00,55.52,55.89,55.1,55.729,81545
2026-07-13T23:15:00+00:00,55.7,56.22,55.6,56.17,16432
2026-07-13T23:20:00+00:00,56.2,56.21,55.832,56.16,19431
2026-07-13T23:25:00+00:00,56.138,56.14,55.631,55.71,11992
2026-07-13T23:30:00+00:00,55.71,55.93,55.61,55.69,15282
2026-07-13T23:35:00+00:00,55.73,55.79,55.3,55.398,10713
2026-07-13T23:40:00+00:00,55.375,55.599,55.24,55.28,25333
2026-07-13T23:45:00+00:00,55.3,55.7,55.16,55.52,38205
2026-07-13T23:50:00+00:00,55.56,55.89,55.401,55.8,41101
2026-07-13T23:55:00+00:00,55.799,55.95,55.67,55.9,26319
2026-07-14T08:00:00+00:00,58.92,59.109,57.44,58.93,562348
2026-07-14T08:05:00+00:00,59.0,59.04,57.91,58.853,51213
2026-07-14T08:10:00+00:00,58.88,58.95,58.73,58.915,15568
2026-07-14T08:15:00+00:00,58.911,58.97,58.88,58.95,31214
2026-07-14T08:20:00+00:00,58.936,58.954,58.857,58.859,20563
2026-07-14T08:25:00+00:00,58.892,59.118,58.862,59.09,38143
2026-07-14T08:30:00+00:00,59.123,59.25,59.07,59.25,14533
2026-07-14T08:35:00+00:00,59.259,59.559,59.25,59.45,36997
2026-07-14T08:40:00+00:00,59.43,59.48,59.25,59.339,84653
2026-07-14T08:45:00+00:00,59.32,59.36,59.134,59.138,35329
2026-07-14T08:50:00+00:00,59.1,59.124,58.91,59.12,67093
2026-07-14T08:55:00+00:00,59.092,59.138,59.0,59.04,14405
2026-07-14T09:00:00+00:00,59.01,59.04,58.9,59.04,22999
2026-07-14T09:05:00+00:00,59.06,59.12,59.0,59.105,11092
2026-07-14T09:10:00+00:00,59.094,59.16,59.07,59.121,4773
2026-07-14T09:15:00+00:00,59.15,59.15,58.94,58.957,15921
2026-07-14T09:20:00+00:00,58.983,58.983,58.82,58.85,13460
2026-07-14T09:25:00+00:00,58.883,58.929,58.84,58.869,5257
2026-07-14T09:30:00+00:00,58.88,59.0,58.866,58.959,18759
2026-07-14T09:35:00+00:00,58.92,59.0,58.9,58.99,19419
2026-07-14T09:40:00+00:00,59.0,59.17,58.99,59.17,14403
2026-07-14T09:45:00+00:00,59.18,59.36,59.1,59.153,111854
2026-07-14T09:50:00+00:00,59.15,59.21,59.03,59.16,31158
2026-07-14T09:55:00+00:00,59.1,59.108,59.04,59.04,12391
2026-07-14T10:00:00+00:00,59.02,59.09,59.0,59.09,27150
2026-07-14T10:05:00+00:00,59.05,59.1,59.04,59.09,50722
2026-07-14T10:10:00+00:00,59.09,59.13,59.02,59.033,28523
2026-07-14T10:15:00+00:00,59.06,59.06,59.0,59.02,8168
2026-07-14T10:20:00+00:00,59.02,59.054,58.95,59.054,17891
2026-07-14T10:25:00+00:00,59.04,59.13,59.04,59.12,123997
2026-07-14T10:30:00+00:00,59.11,59.17,59.095,59.142,60953
2026-07-14T10:35:00+00:00,59.142,59.34,59.12,59.32,39510
2026-07-14T10:40:00+00:00,59.312,59.33,59.274,59.33,42690
2026-07-14T10:45:00+00:00,59.328,59.33,59.27,59.28,38125
2026-07-14T10:50:00+00:00,59.32,59.32,59.22,59.234,49617
2026-07-14T10:55:00+00:00,59.25,59.34,59.21,59.31,40727
2026-07-14T11:00:00+00:00,59.315,59.37,58.96,59.05,97950
2026-07-14T11:05:00+00:00,59.01,59.2,59.01,59.156,69522
2026-07-14T11:10:00+00:00,59.151,59.28,59.01,59.24,73655
2026-07-14T11:15:00+00:00,59.26,59.49,59.26,59.48,97431
2026-07-14T11:20:00+00:00,59.5,59.76,59.5,59.735,68093
2026-07-14T11:25:00+00:00,59.71,59.76,59.62,59.62,45798
2026-07-14T11:30:00+00:00,59.63,59.65,59.51,59.546,77220
2026-07-14T11:35:00+00:00,59.53,59.549,59.38,59.49,92239
2026-07-14T11:40:00+00:00,59.4,59.61,59.4,59.56,72037
2026-07-14T11:45:00+00:00,59.57,59.79,59.51,59.729,101631
2026-07-14T11:50:00+00:00,59.746,59.81,59.7,59.72,62194
2026-07-14T11:55:00+00:00,59.7,59.75,59.45,59.5,72669
2026-07-14T12:00:00+00:00,59.48,59.59,59.45,59.55,37361
2026-07-14T12:05:00+00:00,59.559,59.56,59.2,59.25,63273
2026-07-14T12:10:00+00:00,59.259,59.41,59.2,59.3,44878
2026-07-14T12:15:00+00:00,59.3,59.386,59.2,59.386,25474
2026-07-14T12:20:00+00:00,59.329,59.556,59.28,59.54,22016
2026-07-14T12:25:00+00:00,59.55,59.63,59.51,59.579,53521
2026-07-14T12:30:00+00:00,59.75,60.92,59.56,60.91,191313
2026-07-14T12:35:00+00:00,60.91,60.92,60.3,60.415,151734
2026-07-14T12:40:00+00:00,60.41,60.82,60.4,60.66,107789
2026-07-14T12:45:00+00:00,60.66,60.73,60.49,60.6,141220
2026-07-14T12:50:00+00:00,60.602,60.602,60.45,60.46,101323
2026-07-14T12:55:00+00:00,60.46,60.53,60.31,60.39,48657
2026-07-14T13:00:00+00:00,60.389,60.54,60.381,60.51,40348
2026-07-14T13:05:00+00:00,60.53,60.74,60.49,60.65,40450
2026-07-14T13:10:00+00:00,60.65,60.65,60.42,60.472,41799
2026-07-14T13:15:00+00:00,60.47,60.52,60.42,60.451,37590
2026-07-14T13:20:00+00:00,60.45,60.77,60.402,60.769,63330
2026-07-14T13:25:00+00:00,60.74,60.95,60.65,60.73,85040
2026-07-14T13:30:00+00:00,60.68,61.33,60.385,60.42,2705679
2026-07-14T13:35:00+00:00,60.415,60.94,60.36,60.68,1519946
2026-07-14T13:40:00+00:00,60.69,60.77,60.11,60.495,1057641
2026-07-14T13:45:00+00:00,60.5,60.76,60.325,60.625,550031
2026-07-14T13:50:00+00:00,60.65,60.85,60.325,60.51,423106
2026-07-14T13:55:00+00:00,60.505,60.57,60.305,60.4,286672
2026-07-14T14:00:00+00:00,60.41,60.53,60.07,60.135,466488
2026-07-14T14:05:00+00:00,60.14,60.15,59.52,59.635,604825
2026-07-14T14:10:00+00:00,59.64,59.82,59.5,59.585,590166
2026-07-14T14:15:00+00:00,59.585,59.665,59.02,59.57,574594
2026-07-14T14:20:00+00:00,59.55,60.04,59.53,59.71,339064
2026-07-14T14:25:00+00:00,59.73,59.97,59.46,59.775,300285
2026-07-14T14:30:00+00:00,59.77,60.365,59.62,60.185,546886
2026-07-14T14:35:00+00:00,60.16,60.275,59.96,60.175,355803
2026-07-14T14:40:00+00:00,60.18,60.28,60.01,60.05,380027
2026-07-14T14:45:00+00:00,60.045,60.135,59.73,59.85,339173
2026-07-14T14:50:00+00:00,59.845,60.14,59.758,60.08,286699
2026-07-14T14:55:00+00:00,60.08,60.32,60.075,60.285,273507
2026-07-14T15:00:00+00:00,60.29,60.59,60.22,60.42,548226
2026-07-14T15:05:00+00:00,60.39,60.73,60.305,60.73,421133
2026-07-14T15:10:00+00:00,60.73,60.93,60.685,60.925,1203525
2026-07-14T15:15:00+00:00,60.925,61.0,60.65,60.835,733394
2026-07-14T15:20:00+00:00,60.83,61.02,60.765,60.98,275293
2026-07-14T15:25:00+00:00,60.975,61.15,60.925,61.12,447578
2026-07-14T15:30:00+00:00,61.11,61.135,60.81,60.97,628419
2026-07-14T15:35:00+00:00,60.965,61.27,60.902,61.22,407175
2026-07-14T15:40:00+00:00,61.2,61.225,60.862,61.205,911922
2026-07-14T15:45:00+00:00,61.205,61.34,61.205,61.25,445347
2026-07-14T15:50:00+00:00,61.25,61.27,60.765,60.8,422466
2026-07-14T15:55:00+00:00,60.8,60.96,60.74,60.855,160479
2026-07-14T16:00:00+00:00,60.86,60.87,60.56,60.69,353580
2026-07-14T16:05:00+00:00,60.7,60.845,60.61,60.81,319140
2026-07-14T16:10:00+00:00,60.805,60.875,60.72,60.805,178832
2026-07-14T16:15:00+00:00,60.81,60.94,60.61,60.94,182238
2026-07-14T16:20:00+00:00,60.935,61.1,60.92,61.05,284013
2026-07-14T16:25:00+00:00,61.07,61.325,61.07,61.31,337422
2026-07-14T16:30:00+00:00,61.31,61.37,61.23,61.315,234252
2026-07-14T16:35:00+00:00,61.32,61.38,61.21,61.345,212844
2026-07-14T16:40:00+00:00,61.345,61.66,61.315,61.595,358422
2026-07-14T16:45:00+00:00,61.59,61.655,61.21,61.395,651804
2026-07-14T16:50:00+00:00,61.395,61.41,61.295,61.3,254561
2026-07-14T16:55:00+00:00,61.31,61.428,61.29,61.375,273260
2026-07-14T17:00:00+00:00,61.38,61.39,61.275,61.305,223870
2026-07-14T17:05:00+00:00,61.31,61.435,61.26,61.421,266311
2026-07-14T17:10:00+00:00,61.41,61.43,61.27,61.275,265293
2026-07-14T17:15:00+00:00,61.28,61.33,61.185,61.305,280528
2026-07-14T17:20:00+00:00,61.305,61.415,61.292,61.38,218263
2026-07-14T17:25:00+00:00,61.375,61.415,61.35,61.355,206532
2026-07-14T17:30:00+00:00,61.355,61.37,61.1,61.205,198577
2026-07-14T17:35:00+00:00,61.205,61.32,61.145,61.3,345816
2026-07-14T17:40:00+00:00,61.3,61.315,61.18,61.205,152549
2026-07-14T17:45:00+00:00,61.205,61.215,61.09,61.155,241561
2026-07-14T17:50:00+00:00,61.165,61.33,61.15,61.305,170287
2026-07-14T17:55:00+00:00,61.305,61.339,61.255,61.335,173157
2026-07-14T18:00:00+00:00,61.338,61.36,61.285,61.31,209667
2026-07-14T18:05:00+00:00,61.305,61.36,61.22,61.325,197288
2026-07-14T18:10:00+00:00,61.325,61.34,61.285,61.305,168288
2026-07-14T18:15:00+00:00,61.3,61.375,61.26,61.36,190101
2026-07-14T18:20:00+00:00,61.365,61.418,61.22,61.245,196892
2026-07-14T18:25:00+00:00,61.245,61.29,61.18,61.212,191675
2026-07-14T18:30:00+00:00,61.215,61.285,61.18,61.23,176133
2026-07-14T18:35:00+00:00,61.235,61.315,61.15,61.245,196766
2026-07-14T18:40:00+00:00,61.235,61.24,60.903,60.96,228804
2026-07-14T18:45:00+00:00,60.96,61.05,60.9,60.995,266965
2026-07-14T18:50:00+00:00,61.0,61.135,60.965,61.115,197862
2026-07-14T18:55:00+00:00,61.11,61.11,60.96,61.025,178531
2026-07-14T19:00:00+00:00,61.02,61.02,60.73,60.82,264941
2026-07-14T19:05:00+00:00,60.82,60.83,60.67,60.675,177998
2026-07-14T19:10:00+00:00,60.675,60.93,60.645,60.865,200490
2026-07-14T19:15:00+00:00,60.89,61.0,60.855,60.95,117055
2026-07-14T19:20:00+00:00,60.94,61.09,60.885,61.074,129640
2026-07-14T19:25:00+00:00,61.07,61.08,60.96,60.96,251333
2026-07-14T19:30:00+00:00,60.96,61.055,60.81,61.015,214636
2026-07-14T19:35:00+00:00,61.012,61.13,61.005,61.045,183598
2026-07-14T19:40:00+00:00,61.05,61.09,60.955,60.998,209745
2026-07-14T19:45:00+00:00,60.995,61.06,60.94,61.015,365536
2026-07-14T19:50:00+00:00,61.0,61.095,60.945,61.055,513537
2026-07-14T19:55:00+00:00,61.06,61.27,61.03,61.23,1048167
2026-07-14T20:00:00+00:00,61.23,61.3,61.01,61.23,35654
2026-07-14T20:05:00+00:00,61.114,61.25,61.05,61.25,27044
2026-07-14T20:10:00+00:00,61.23,61.24,61.1,61.24,16606
2026-07-14T20:15:00+00:00,61.24,61.28,61.23,61.24,12694
2026-07-14T20:20:00+00:00,61.25,61.25,61.2,61.2,15493
2026-07-14T20:25:00+00:00,61.22,61.24,61.199,61.2,7650
2026-07-14T20:30:00+00:00,61.2,61.23,61.18,61.23,9368
2026-07-14T20:35:00+00:00,61.23,61.23,61.2,61.23,2723
2026-07-14T20:40:00+00:00,61.23,61.25,61.21,61.23,7900
2026-07-14T20:45:00+00:00,61.21,61.23,61.18,61.19,4351
2026-07-14T20:50:00+00:00,61.183,61.2,61.1,61.15,5321
2026-07-14T20:55:00+00:00,61.15,61.15,61.13,61.13,4358
2026-07-14T21:00:00+00:00,61.14,61.2,60.892,60.894,28212
2026-07-14T21:05:00+00:00,60.893,61.07,60.88,61.05,56610
2026-07-14T21:10:00+00:00,61.05,61.16,61.05,61.1,2037
2026-07-14T21:15:00+00:00,61.1,61.14,61.05,61.14,11148
2026-07-14T21:20:00+00:00,61.14,61.2,61.1,61.19,309776
2026-07-14T21:25:00+00:00,61.18,61.19,61.11,61.18,5502
2026-07-14T21:30:00+00:00,61.18,61.18,61.099,61.1,8130
2026-07-14T21:35:00+00:00,61.1,61.14,61.06,61.121,3443
2026-07-14T21:40:00+00:00,61.128,61.168,61.06,61.14,1540
2026-07-14T21:45:00+00:00,61.1,61.14,61.02,61.05,11435
2026-07-14T21:50:00+00:00,61.05,61.14,61.0,61.14,5071
2026-07-14T21:55:00+00:00,61.13,61.13,60.9,60.94,2555
2026-07-14T22:00:00+00:00,60.94,60.99,60.83,60.9,6594
2026-07-14T22:05:00+00:00,60.92,60.95,60.818,60.86,3680
2026-07-14T22:10:00+00:00,60.852,60.87,60.7,60.833,9596
2026-07-14T22:15:00+00:00,60.8,60.96,60.8,60.92,7599
2026-07-14T22:20:00+00:00,60.98,61.0,60.92,60.97,9577
2026-07-14T22:25:00+00:00,61.0,61.02,60.9,60.94,3098
2026-07-14T22:30:00+00:00,60.959,61.04,60.92,60.931,5549
2026-07-14T22:35:00+00:00,60.93,61.02,60.93,61.018,2579
2026-07-14T22:40:00+00:00,61.056,61.138,61.02,61.105,4675
2026-07-14T22:45:00+00:00,61.11,61.24,61.07,61.23,9026
2026-07-14T22:50:00+00:00,61.23,61.29,61.2,61.25,10213
2026-07-14T22:55:00+00:00,61.25,61.3,61.21,61.27,6993
2026-07-14T23:00:00+00:00,61.29,61.51,61.25,61.51,13496
2026-07-14T23:05:00+00:00,61.6,61.74,61.5,61.6,10130
2026-07-14T23:10:00+00:00,61.639,61.9,61.61,61.839,15083
2026-07-14T23:15:00+00:00,61.78,61.797,61.56,61.612,6697
2026-07-14T23:20:00+00:00,61.675,61.7,61.6,61.617,12875
2026-07-14T23:25:00+00:00,61.619,61.8,61.58,61.8,11041
2026-07-14T23:30:00+00:00,61.81,61.93,61.8,61.914,7409
2026-07-14T23:35:00+00:00,61.93,62.08,61.9,62.06,19102
2026-07-14T23:40:00+00:00,62.06,62.06,61.91,61.962,21816
2026-07-14T23:45:00+00:00,61.974,62.11,61.94,62.08,9994
2026-07-14T23:50:00+00:00,62.12,62.31,62.07,62.211,38738
2026-07-14T23:55:00+00:00,62.211,62.3,62.17,62.28,19837
2026-07-15T08:00:00+00:00,62.51,62.68,60.71,60.715,327667
2026-07-15T08:05:00+00:00,60.711,61.82,60.675,60.72,41170
2026-07-15T08:10:00+00:00,60.71,60.727,60.4,60.479,11932
2026-07-15T08:15:00+00:00,60.48,60.48,60.15,60.283,15945
2026-07-15T08:20:00+00:00,60.3,60.48,60.06,60.2,9500
2026-07-15T08:25:00+00:00,60.24,60.45,60.185,60.448,9730
2026-07-15T08:30:00+00:00,60.454,60.48,60.33,60.35,16988
2026-07-15T08:35:00+00:00,60.33,60.401,60.28,60.39,22466
2026-07-15T08:40:00+00:00,60.395,60.45,60.32,60.44,5805
2026-07-15T08:45:00+00:00,60.426,60.59,60.4,60.41,2725
2026-07-15T08:50:00+00:00,60.437,60.49,60.4,60.43,3783
2026-07-15T08:55:00+00:00,60.42,60.56,60.42,60.56,56239
2026-07-15T09:00:00+00:00,60.554,60.75,60.543,60.74,2700
2026-07-15T09:05:00+00:00,60.725,60.729,60.59,60.66,4771
2026-07-15T09:10:00+00:00,60.66,60.74,60.61,60.65,4958
2026-07-15T09:15:00+00:00,60.642,60.649,60.54,60.58,4612
2026-07-15T09:20:00+00:00,60.64,60.664,60.577,60.59,4466
2026-07-15T09:25:00+00:00,60.58,60.62,60.54,60.58,5370
2026-07-15T09:30:00+00:00,60.558,60.61,60.47,60.53,2646
2026-07-15T09:35:00+00:00,60.53,60.568,60.38,60.47,5981
2026-07-15T09:40:00+00:00,60.47,60.563,60.39,60.52,7314
2026-07-15T09:45:00+00:00,60.452,60.5,60.33,60.345,7280
2026-07-15T09:50:00+00:00,60.42,60.51,60.371,60.437,7196
2026-07-15T09:55:00+00:00,60.42,60.42,60.346,60.35,23591
2026-07-15T10:00:00+00:00,60.34,60.36,60.23,60.36,51463
2026-07-15T10:05:00+00:00,60.36,60.38,60.26,60.28,29866
2026-07-15T10:10:00+00:00,60.28,60.45,60.26,60.4,18928
2026-07-15T10:15:00+00:00,60.41,60.45,60.32,60.36,16584
2026-07-15T10:20:00+00:00,60.38,60.412,60.27,60.3,17323
2026-07-15T10:25:00+00:00,60.33,60.33,60.11,60.19,24204
2026-07-15T10:30:00+00:00,60.18,60.18,59.9,60.0,89892
2026-07-15T10:35:00+00:00,60.085,60.294,60.0,60.28,13517
2026-07-15T10:40:00+00:00,60.28,60.28,60.1,60.13,17231
2026-07-15T10:45:00+00:00,60.15,60.272,60.15,60.272,857
2026-07-15T10:50:00+00:00,60.29,60.39,60.25,60.39,1780
2026-07-15T10:55:00+00:00,60.375,60.4,60.327,60.36,10610
2026-07-15T11:00:00+00:00,60.38,60.7,60.37,60.62,24923
2026-07-15T11:05:00+00:00,60.57,60.62,60.399,60.55,28378
2026-07-15T11:10:00+00:00,60.6,60.63,60.48,60.48,13297
2026-07-15T11:15:00+00:00,60.48,60.6,60.38,60.45,26790
2026-07-15T11:20:00+00:00,60.44,60.5,60.38,60.38,10222
2026-07-15T11:25:00+00:00,60.33,60.41,60.3,60.344,22698
2026-07-15T11:30:00+00:00,60.35,60.44,60.3,60.44,5585
2026-07-15T11:35:00+00:00,60.43,60.548,60.38,60.548,5654
2026-07-15T11:40:00+00:00,60.548,60.64,60.537,60.54,8226
2026-07-15T11:45:00+00:00,60.57,60.6,60.43,60.45,12269
2026-07-15T11:50:00+00:00,60.46,60.551,60.43,60.43,10653
2026-07-15T11:55:00+00:00,60.446,60.51,60.421,60.46,6726
2026-07-15T12:00:00+00:00,60.463,60.49,60.27,60.31,23416
2026-07-15T12:05:00+00:00,60.28,60.3,60.13,60.27,35773
2026-07-15T12:10:00+00:00,60.24,60.3,60.2,60.3,3312
2026-07-15T12:15:00+00:00,60.299,60.4,60.23,60.26,11785
2026-07-15T12:20:00+00:00,60.23,60.23,60.05,60.19,14457
2026-07-15T12:25:00+00:00,60.15,60.5,60.13,60.43,13807
2026-07-15T12:30:00+00:00,60.5,60.98,60.43,60.626,50763
2026-07-15T12:35:00+00:00,60.62,60.7,60.42,60.48,21331
2026-07-15T12:40:00+00:00,60.42,60.6,60.38,60.48,17343
2026-07-15T12:45:00+00:00,60.44,60.59,60.35,60.58,6476
2026-07-15T12:50:00+00:00,60.58,60.71,60.54,60.62,18674
2026-07-15T12:55:00+00:00,60.658,60.8,60.6,60.71,54643
2026-07-15T13:00:00+00:00,60.71,60.79,60.7,60.79,40482
2026-07-15T13:05:00+00:00,60.8,60.87,60.77,60.79,94049
2026-07-15T13:10:00+00:00,60.78,60.78,60.5,60.53,27079
2026-07-15T13:15:00+00:00,60.55,60.62,60.52,60.6,14260
2026-07-15T13:20:00+00:00,60.59,60.62,60.51,60.62,4617
2026-07-15T13:25:00+00:00,60.63,60.7,60.43,60.539,14684
2026-07-15T13:30:00+00:00,60.63,60.69,59.66,59.93,958027
2026-07-15T13:35:00+00:00,59.94,60.0,59.16,59.42,1551279
2026-07-15T13:40:00+00:00,59.41,59.53,59.095,59.165,972191
2026-07-15T13:45:00+00:00,59.165,59.4,58.72,59.007,1496114
2026-07-15T13:50:00+00:00,59.01,59.07,58.73,59.01,706003
2026-07-15T13:55:00+00:00,59.01,59.23,58.867,59.225,1008911
2026-07-15T14:00:00+00:00,59.225,59.35,58.95,58.98,477885
2026-07-15T14:05:00+00:00,58.985,59.22,58.66,58.725,1771744
2026-07-15T14:10:00+00:00,58.725,58.815,58.325,58.34,938989
2026-07-15T14:15:00+00:00,58.345,58.415,57.961,58.045,842851
2026-07-15T14:20:00+00:00,58.05,58.095,57.26,57.33,1001567
2026-07-15T14:25:00+00:00,57.34,57.7,57.175,57.655,1478897
2026-07-15T14:30:00+00:00,57.655,57.69,56.98,57.315,940723
2026-07-15T14:35:00+00:00,57.31,57.365,56.56,56.65,962679
2026-07-15T14:40:00+00:00,56.65,56.92,56.44,56.91,1312137
2026-07-15T14:45:00+00:00,56.91,57.2,56.67,57.165,1081829
2026-07-15T14:50:00+00:00,57.16,57.205,56.76,56.96,680558
2026-07-15T14:55:00+00:00,56.932,57.04,56.75,56.985,664503
2026-07-15T15:00:00+00:00,56.995,57.055,56.68,56.68,811302
2026-07-15T15:05:00+00:00,56.68,57.0,56.64,56.955,807534
2026-07-15T15:10:00+00:00,56.955,57.03,56.535,56.565,715809
2026-07-15T15:15:00+00:00,56.57,56.76,56.318,56.72,788115
2026-07-15T15:20:00+00:00,56.71,56.72,56.14,56.395,716328
2026-07-15T15:25:00+00:00,56.41,56.8,56.37,56.78,872836
2026-07-15T15:30:00+00:00,56.78,56.96,56.59,56.85,503518
2026-07-15T15:35:00+00:00,56.86,56.89,56.59,56.78,425467
2026-07-15T15:40:00+00:00,56.78,56.885,56.67,56.735,232378
2026-07-15T15:45:00+00:00,56.74,56.75,56.42,56.585,410241
2026-07-15T15:50:00+00:00,56.59,56.605,56.45,56.605,323301
2026-07-15T15:55:00+00:00,56.605,56.65,56.495,56.525,183964
2026-07-15T16:00:00+00:00,56.52,56.6,56.0,56.05,833725
2026-07-15T16:05:00+00:00,56.055,56.065,55.652,55.83,786295
2026-07-15T16:10:00+00:00,55.835,55.88,55.635,55.68,781822
2026-07-15T16:15:00+00:00,55.692,55.84,55.66,55.711,376309
2026-07-15T16:20:00+00:00,55.72,55.749,55.34,55.36,433531
2026-07-15T16:25:00+00:00,55.35,55.56,55.19,55.498,648937
2026-07-15T16:30:00+00:00,55.485,55.63,55.21,55.25,404536
2026-07-15T16:35:00+00:00,55.26,55.26,55.04,55.095,427898
2026-07-15T16:40:00+00:00,55.09,55.408,55.0,55.39,810247
2026-07-15T16:45:00+00:00,55.375,55.79,55.32,55.645,536353
2026-07-15T16:50:00+00:00,55.64,55.99,55.64,55.79,547937
2026-07-15T16:55:00+00:00,55.8,55.84,55.53,55.76,274501
2026-07-15T17:00:00+00:00,55.76,55.99,55.73,55.865,309960
2026-07-15T17:05:00+00:00,55.87,56.2,55.815,56.18,809870
2026-07-15T17:10:00+00:00,56.18,56.25,55.95,55.95,408624
2026-07-15T17:15:00+00:00,55.95,56.418,55.9,56.32,380483
2026-07-15T17:20:00+00:00,56.31,56.615,56.31,56.57,498337
2026-07-15T17:25:00+00:00,56.575,56.765,56.52,56.735,458668
2026-07-15T17:30:00+00:00,56.725,56.97,56.66,56.915,288273
2026-07-15T17:35:00+00:00,56.92,56.925,56.69,56.836,247031
2026-07-15T17:40:00+00:00,56.835,57.06,56.815,57.055,426567
2026-07-15T17:45:00+00:00,57.055,57.26,56.96,57.21,442264
2026-07-15T17:50:00+00:00,57.205,57.41,57.18,57.325,534231
2026-07-15T17:55:00+00:00,57.325,57.38,57.17,57.205,506379
2026-07-15T18:00:00+00:00,57.205,57.49,57.2,57.435,357273
2026-07-15T18:05:00+00:00,57.435,57.72,57.4,57.675,559844
2026-07-15T18:10:00+00:00,57.67,57.73,57.455,57.455,411548
2026-07-15T18:15:00+00:00,57.455,57.47,57.26,57.44,1064835
2026-07-15T18:20:00+00:00,57.43,57.7,57.41,57.67,295263
2026-07-15T18:25:00+00:00,57.67,57.768,57.61,57.66,245035
2026-07-15T18:30:00+00:00,57.67,57.79,57.655,57.675,267406
2026-07-15T18:35:00+00:00,57.67,57.67,57.325,57.345,352691
2026-07-15T18:40:00+00:00,57.35,57.47,57.2,57.22,262532
2026-07-15T18:45:00+00:00,57.225,57.31,57.12,57.23,338655
2026-07-15T18:50:00+00:00,57.23,57.23,56.855,57.075,344956
2026-07-15T18:55:00+00:00,57.07,57.145,56.771,56.955,225597
2026-07-15T19:00:00+00:00,56.955,57.295,56.905,57.255,264937
2026-07-15T19:05:00+00:00,57.255,57.4,57.1,57.125,216210
2026-07-15T19:10:00+00:00,57.115,57.22,57.07,57.125,257632
2026-07-15T19:15:00+00:00,57.13,57.16,56.96,56.96,247957
2026-07-15T19:20:00+00:00,56.935,57.04,56.85,56.97,334781
2026-07-15T19:25:00+00:00,56.97,57.28,56.915,57.25,356660
2026-07-15T19:30:00+00:00,57.26,57.46,57.15,57.21,407898
2026-07-15T19:35:00+00:00,57.215,57.385,57.155,57.385,250851
2026-07-15T19:40:00+00:00,57.38,57.69,57.38,57.625,468774
2026-07-15T19:45:00+00:00,57.62,57.62,57.35,57.425,385398
2026-07-15T19:50:00+00:00,57.43,57.6,57.2,57.29,636723
2026-07-15T19:55:00+00:00,57.3,57.425,57.27,57.4,888061
2026-07-15T20:00:00+00:00,57.35,57.5,57.304,57.38,9439
2026-07-15T20:05:00+00:00,57.283,57.32,57.01,57.2,34183
2026-07-15T20:10:00+00:00,57.4,57.4,57.12,57.24,4878
2026-07-15T20:15:00+00:00,57.25,57.28,57.23,57.23,4334
2026-07-15T20:20:00+00:00,57.26,57.37,57.26,57.31,6094
2026-07-15T20:25:00+00:00,57.32,57.33,57.2,57.201,5314
2026-07-15T20:30:00+00:00,57.26,57.27,57.2,57.21,8654
2026-07-15T20:35:00+00:00,57.21,57.34,57.19,57.25,21272
2026-07-15T20:40:00+00:00,57.26,57.31,57.2,57.24,5284
2026-07-15T20:45:00+00:00,57.26,57.28,57.2,57.25,1745
2026-07-15T20:50:00+00:00,57.235,57.29,57.23,57.29,2267
2026-07-15T20:55:00+00:00,57.23,57.28,57.2,57.239,1225
2026-07-15T21:00:00+00:00,57.227,57.227,57.02,57.055,3178
2026-07-15T21:05:00+00:00,57.02,57.1,57.01,57.09,2152
2026-07-15T21:10:00+00:00,57.08,57.08,56.94,56.96,16824
2026-07-15T21:15:00+00:00,56.949,56.97,56.83,56.838,8507
2026-07-15T21:20:00+00:00,56.86,56.97,56.84,56.851,8752
2026-07-15T21:25:00+00:00,56.91,56.969,56.866,56.91,6075
2026-07-15T21:30:00+00:00,56.89,56.959,56.86,56.949,5593
2026-07-15T21:35:00+00:00,56.95,57.0,56.946,57.0,5304
2026-07-15T21:40:00+00:00,57.01,57.1,57.0,57.1,2660
2026-07-15T21:45:00+00:00,57.1,57.1,57.0,57.033,3599
2026-07-15T21:50:00+00:00,57.02,57.06,56.99,57.03,8777
2026-07-15T21:55:00+00:00,57.01,57.03,56.889,56.965,16774
2026-07-15T22:00:00+00:00,56.99,57.1,56.922,57.061,2478
2026-07-15T22:05:00+00:00,57.044,57.13,57.0,57.02,9308
2026-07-15T22:10:00+00:00,57.01,57.08,56.91,56.97,6339
2026-07-15T22:15:00+00:00,56.924,56.94,56.76,56.794,57935
2026-07-15T22:20:00+00:00,56.78,56.83,56.702,56.73,22485
2026-07-15T22:25:00+00:00,56.73,56.73,56.563,56.589,8697
2026-07-15T22:30:00+00:00,56.66,56.79,56.58,56.61,8531
2026-07-15T22:35:00+00:00,56.56,56.63,56.41,56.55,13668
2026-07-15T22:40:00+00:00,56.549,56.55,56.42,56.494,7870
2026-07-15T22:45:00+00:00,56.465,56.66,56.42,56.42,7793
2026-07-15T22:50:00+00:00,56.44,56.67,56.43,56.53,2458
2026-07-15T22:55:00+00:00,56.511,56.78,56.46,56.72,13792
2026-07-15T23:00:00+00:00,56.7,56.83,56.6,56.8,10779
2026-07-15T23:05:00+00:00,56.83,57.001,56.75,57.001,9673
2026-07-15T23:10:00+00:00,57.02,57.13,56.8,56.812,3340
2026-07-15T23:15:00+00:00,56.8,56.98,56.75,56.96,8245
2026-07-15T23:20:00+00:00,56.91,57.09,56.836,56.85,12064
2026-07-15T23:25:00+00:00,56.9,57.0,56.83,56.85,5271
2026-07-15T23:30:00+00:00,56.888,56.89,56.76,56.809,4767
2026-07-15T23:35:00+00:00,56.76,56.81,56.6,56.69,6443
2026-07-15T23:40:00+00:00,56.69,56.77,56.6,56.77,3380
2026-07-15T23:45:00+00:00,56.65,56.8,56.51,56.57,43162
2026-07-15T23:50:00+00:00,56.568,56.608,56.44,56.52,3854
2026-07-15T23:55:00+00:00,56.501,56.55,56.45,56.5,20378
2026-07-16T08:00:00+00:00,55.21,56.33,54.8,54.835,213547
2026-07-16T08:05:00+00:00,54.87,55.95,54.56,54.6,103828
2026-07-16T08:10:00+00:00,54.59,54.61,54.423,54.45,43103
2026-07-16T08:15:00+00:00,54.45,54.72,54.284,54.64,62201
2026-07-16T08:20:00+00:00,54.69,54.84,54.62,54.65,47394
2026-07-16T08:25:00+00:00,54.61,54.782,54.58,54.78,8673
2026-07-16T08:30:00+00:00,54.77,54.96,54.75,54.87,5204
2026-07-16T08:35:00+00:00,54.83,54.978,54.8,54.86,3279
2026-07-16T08:40:00+00:00,54.84,54.84,54.57,54.6,2791
2026-07-16T08:45:00+00:00,54.604,54.88,54.6,54.86,2439
2026-07-16T08:50:00+00:00,54.868,54.92,54.808,54.88,3813
2026-07-16T08:55:00+00:00,54.843,54.98,54.81,54.98,3664
2026-07-16T09:00:00+00:00,54.97,55.247,54.97,55.09,3780
2026-07-16T09:05:00+00:00,55.098,55.14,54.997,54.999,3463
2026-07-16T09:10:00+00:00,55.0,55.14,55.0,55.07,3599
2026-07-16T09:15:00+00:00,55.03,55.173,55.03,55.15,6181
2026-07-16T09:20:00+00:00,55.158,55.19,55.148,55.18,10621
2026-07-16T09:25:00+00:00,55.19,55.263,55.149,55.149,13548
2026-07-16T09:30:00+00:00,55.14,55.21,55.04,55.09,12186
2026-07-16T09:35:00+00:00,55.09,55.11,55.06,55.1,10856
2026-07-16T09:40:00+00:00,55.09,55.12,55.03,55.03,4911
2026-07-16T09:45:00+00:00,55.06,55.06,54.74,54.83,75723
2026-07-16T09:50:00+00:00,54.81,54.85,54.7,54.85,4887
2026-07-16T09:55:00+00:00,54.82,54.9,54.7,54.744,15923
2026-07-16T10:00:00+00:00,54.72,54.81,54.61,54.72,4896
2026-07-16T10:05:00+00:00,54.72,54.87,54.72,54.75,59079
2026-07-16T10:10:00+00:00,54.754,54.78,54.59,54.65,59316
2026-07-16T10:15:00+00:00,54.685,54.7,54.53,54.593,15397
2026-07-16T10:20:00+00:00,54.656,54.656,54.47,54.54,3899
2026-07-16T10:25:00+00:00,54.53,54.56,54.44,54.53,6904
2026-07-16T10:30:00+00:00,54.52,54.539,54.44,54.5,19456
2026-07-16T10:35:00+00:00,54.52,54.52,54.34,54.35,14930
2026-07-16T10:40:00+00:00,54.33,54.44,54.32,54.419,6502
2026-07-16T10:45:00+00:00,54.4,54.453,54.32,54.4,10741
2026-07-16T10:50:00+00:00,54.38,54.524,54.35,54.524,7719
2026-07-16T10:55:00+00:00,54.504,54.69,54.5,54.59,21443
2026-07-16T11:00:00+00:00,54.62,54.64,54.22,54.29,53613
2026-07-16T11:05:00+00:00,54.26,54.29,54.15,54.16,29239
2026-07-16T11:10:00+00:00,54.15,54.156,54.03,54.13,61297
2026-07-16T11:15:00+00:00,54.1,54.19,53.951,53.99,67999
2026-07-16T11:20:00+00:00,53.988,54.35,53.98,54.34,42680
2026-07-16T11:25:00+00:00,54.316,54.449,54.03,54.217,47335
2026-07-16T11:30:00+00:00,54.221,54.221,54.0,54.11,42095
2026-07-16T11:35:00+00:00,54.12,54.2,54.03,54.08,16326
2026-07-16T11:40:00+00:00,54.08,54.08,53.95,54.0,23720
2026-07-16T11:45:00+00:00,54.0,54.06,53.88,53.89,24938
2026-07-16T11:50:00+00:00,53.88,53.92,53.7,53.709,73770
2026-07-16T11:55:00+00:00,53.75,53.95,53.69,53.925,76611
2026-07-16T12:00:00+00:00,53.922,54.01,53.81,53.83,30322
2026-07-16T12:05:00+00:00,53.82,53.98,53.7,53.83,36663
2026-07-16T12:10:00+00:00,53.83,53.83,53.56,53.65,58633
2026-07-16T12:15:00+00:00,53.69,53.75,53.5,53.75,78880
2026-07-16T12:20:00+00:00,53.75,53.8,53.51,53.55,55980
2026-07-16T12:25:00+00:00,53.54,53.78,53.5,53.732,70776
2026-07-16T12:30:00+00:00,53.75,53.87,53.6,53.771,82168
2026-07-16T12:35:00+00:00,53.81,53.81,53.38,53.529,73892
2026-07-16T12:40:00+00:00,53.499,53.53,53.28,53.341,36294
2026-07-16T12:45:00+00:00,53.32,53.532,53.24,53.5,99380
2026-07-16T12:50:00+00:00,53.5,53.61,53.435,53.58,99884
2026-07-16T12:55:00+00:00,53.59,53.59,53.4,53.43,29681
2026-07-16T13:00:00+00:00,53.44,53.75,53.42,53.7,55141
2026-07-16T13:05:00+00:00,53.7,53.93,53.61,53.91,61745
2026-07-16T13:10:00+00:00,53.91,54.07,53.8,54.0,55494
2026-07-16T13:15:00+00:00,54.0,54.06,53.849,54.03,41401
2026-07-16T13:20:00+00:00,54.02,54.33,53.981,54.32,61646
2026-07-16T13:25:00+00:00,54.23,54.39,54.02,54.31,37016
2026-07-16T13:30:00+00:00,54.31,54.75,54.21,54.44,1089647
2026-07-16T13:35:00+00:00,54.445,54.73,54.0,54.0,1269059
2026-07-16T13:40:00+00:00,54.0,54.3,53.65,53.675,1341015
2026-07-16T13:45:00+00:00,53.685,53.755,53.0,53.05,2096955
2026-07-16T13:50:00+00:00,53.04,53.63,53.04,53.19,1789203
2026-07-16T13:55:00+00:00,53.19,53.74,53.02,53.69,1150576
2026-07-16T14:00:00+00:00,53.68,54.095,53.59,53.89,848054
2026-07-16T14:05:00+00:00,53.92,54.47,53.805,54.345,868898
2026-07-16T14:10:00+00:00,54.34,54.38,54.01,54.15,1062651
2026-07-16T14:15:00+00:00,54.155,54.54,54.02,54.215,886675
2026-07-16T14:20:00+00:00,54.22,54.25,53.58,53.8,1127484
2026-07-16T14:25:00+00:00,53.795,53.98,53.57,53.905,879007
2026-07-16T14:30:00+00:00,53.905,53.93,53.61,53.805,705210
2026-07-16T14:35:00+00:00,53.804,54.155,53.7,53.715,474137
2026-07-16T14:40:00+00:00,53.715,53.8,53.53,53.775,505487
2026-07-16T14:45:00+00:00,53.78,54.0,53.635,53.655,563021
2026-07-16T14:50:00+00:00,53.655,53.67,53.235,53.335,858344
2026-07-16T14:55:00+00:00,53.335,53.86,53.14,53.645,578184
2026-07-16T15:00:00+00:00,53.645,53.85,53.54,53.565,444757
2026-07-16T15:05:00+00:00,53.565,53.565,53.265,53.355,497657
2026-07-16T15:10:00+00:00,53.355,53.405,53.01,53.09,514255
2026-07-16T15:15:00+00:00,53.095,53.198,52.9,53.0,1077578
2026-07-16T15:20:00+00:00,52.995,53.24,52.845,53.21,618826
2026-07-16T15:25:00+00:00,53.21,53.665,53.21,53.32,565202
2026-07-16T15:30:00+00:00,53.325,53.54,53.09,53.485,491121
2026-07-16T15:35:00+00:00,53.48,53.645,53.39,53.53,557050
2026-07-16T15:40:00+00:00,53.52,53.525,53.09,53.125,514580
2026-07-16T15:45:00+00:00,53.125,53.15,52.81,53.13,796419
2026-07-16T15:50:00+00:00,53.125,53.2,52.95,53.065,362964
2026-07-16T15:55:00+00:00,53.07,53.13,52.91,52.97,345470
2026-07-16T16:00:00+00:00,52.975,53.005,52.8,52.91,683071
2026-07-16T16:05:00+00:00,52.89,53.0,52.81,52.955,583501
2026-07-16T16:10:00+00:00,52.95,52.96,52.51,52.545,1038503
2026-07-16T16:15:00+00:00,52.545,52.735,52.47,52.695,514918
2026-07-16T16:20:00+00:00,52.685,52.685,52.47,52.64,383569
2026-07-16T16:25:00+00:00,52.63,52.79,52.531,52.61,282421
2026-07-16T16:30:00+00:00,52.625,52.885,52.555,52.732,231320
2026-07-16T16:35:00+00:00,52.735,52.766,52.58,52.65,219437
2026-07-16T16:40:00+00:00,52.67,52.73,52.45,52.505,335549
2026-07-16T16:45:00+00:00,52.503,52.555,52.35,52.405,347746
2026-07-16T16:50:00+00:00,52.41,52.61,52.37,52.568,375073
2026-07-16T16:55:00+00:00,52.565,52.93,52.565,52.765,329110
2026-07-16T17:00:00+00:00,52.77,52.77,52.535,52.605,244446
2026-07-16T17:05:00+00:00,52.605,52.62,52.343,52.525,550808
2026-07-16T17:10:00+00:00,52.525,52.575,52.26,52.28,554525
2026-07-16T17:15:00+00:00,52.285,52.385,52.095,52.16,462948
2026-07-16T17:20:00+00:00,52.169,52.21,52.022,52.15,408764
2026-07-16T17:25:00+00:00,52.15,52.78,52.07,52.615,626096
2026-07-16T17:30:00+00:00,52.61,52.66,52.31,52.37,242061
2026-07-16T17:35:00+00:00,52.365,52.47,52.28,52.335,455841
2026-07-16T17:40:00+00:00,52.325,52.33,52.06,52.135,419340
2026-07-16T17:45:00+00:00,52.13,52.23,52.01,52.195,374147
2026-07-16T17:50:00+00:00,52.199,52.28,52.09,52.19,346632
2026-07-16T17:55:00+00:00,52.185,52.275,52.06,52.2,248048
2026-07-16T18:00:00+00:00,52.208,52.28,52.0,52.0,392107
2026-07-16T18:05:00+00:00,52.005,52.31,51.99,52.215,511756
2026-07-16T18:10:00+00:00,52.22,52.59,52.22,52.3,547776
2026-07-16T18:15:00+00:00,52.3,52.6,52.185,52.594,272120
2026-07-16T18:20:00+00:00,52.58,52.83,52.58,52.815,348639
2026-07-16T18:25:00+00:00,52.815,52.89,52.53,52.58,297945
2026-07-16T18:30:00+00:00,52.58,52.58,52.28,52.351,326876
2026-07-16T18:35:00+00:00,52.35,52.36,52.13,52.22,320871
2026-07-16T18:40:00+00:00,52.23,52.45,52.11,52.42,362942
2026-07-16T18:45:00+00:00,52.385,52.385,52.2,52.295,260130
2026-07-16T18:50:00+00:00,52.29,52.305,52.15,52.165,168370
2026-07-16T18:55:00+00:00,52.16,52.16,52.01,52.075,171212
2026-07-16T19:00:00+00:00,52.075,52.3,52.065,52.165,207889
2026-07-16T19:05:00+00:00,52.17,52.279,51.96,52.035,280490
2026-07-16T19:10:00+00:00,52.035,52.135,52.02,52.11,200606
2026-07-16T19:15:00+00:00,52.105,52.17,51.99,52.035,273325
2026-07-16T19:20:00+00:00,52.035,52.23,51.99,52.084,311485
2026-07-16T19:25:00+00:00,52.08,52.21,51.91,52.15,491671
2026-07-16T19:30:00+00:00,52.14,52.305,52.04,52.125,297739
2026-07-16T19:35:00+00:00,52.12,52.32,52.06,52.215,532455
2026-07-16T19:40:00+00:00,52.22,52.34,52.11,52.2,465673
2026-07-16T19:45:00+00:00,52.195,52.22,51.9,52.015,667916
2026-07-16T19:50:00+00:00,52.02,52.38,52.02,52.355,648075
2026-07-16T19:55:00+00:00,52.38,52.49,52.085,52.34,1450488
2026-07-16T20:00:00+00:00,52.37,52.458,52.25,52.3,15030
2026-07-16T20:05:00+00:00,52.3,52.39,52.12,52.24,38629
2026-07-16T20:10:00+00:00,52.24,52.34,52.03,52.11,83479
2026-07-16T20:15:00+00:00,52.34,52.34,52.02,52.17,10421
2026-07-16T20:20:00+00:00,52.19,52.27,52.122,52.26,11836
2026-07-16T20:25:00+00:00,52.21,52.28,52.2,52.25,6282
2026-07-16T20:30:00+00:00,52.24,52.26,52.111,52.19,8568
2026-07-16T20:35:00+00:00,52.19,52.36,52.19,52.36,9222
2026-07-16T20:40:00+00:00,52.34,52.38,52.33,52.38,5384
2026-07-16T20:45:00+00:00,52.38,52.5,52.34,52.45,20361
2026-07-16T20:50:00+00:00,52.45,52.59,52.44,52.59,19945
2026-07-16T20:55:00+00:00,52.59,52.73,52.52,52.7,10237
2026-07-16T21:00:00+00:00,52.7,52.75,52.51,52.545,6815
2026-07-16T21:05:00+00:00,52.546,52.68,52.44,52.65,6388
2026-07-16T21:10:00+00:00,52.649,52.65,52.55,52.57,2268
2026-07-16T21:15:00+00:00,52.584,52.6,52.53,52.58,6035
2026-07-16T21:20:00+00:00,52.53,52.62,52.52,52.6,5967
2026-07-16T21:25:00+00:00,52.61,52.75,52.58,52.7,9120
2026-07-16T21:30:00+00:00,52.72,52.8,52.7,52.79,17780
2026-07-16T21:35:00+00:00,52.798,52.92,52.79,52.9,9702
2026-07-16T21:40:00+00:00,52.9,52.92,52.75,52.77,19145
2026-07-16T21:45:00+00:00,52.765,52.87,52.72,52.848,6210
2026-07-16T21:50:00+00:00,52.81,52.92,52.8,52.88,4207
2026-07-16T21:55:00+00:00,52.839,52.88,52.58,52.62,5461
2026-07-16T22:00:00+00:00,52.676,52.78,52.66,52.68,3587
2026-07-16T22:05:00+00:00,52.7,52.82,52.66,52.752,6465
2026-07-16T22:10:00+00:00,52.76,52.78,52.5,52.542,4987
2026-07-16T22:15:00+00:00,52.52,52.52,52.1,52.16,31197
2026-07-16T22:20:00+00:00,52.135,52.25,52.0,52.2,17726
2026-07-16T22:25:00+00:00,52.2,52.2,51.98,52.01,12162
2026-07-16T22:30:00+00:00,51.98,52.34,51.98,52.09,10347
2026-07-16T22:35:00+00:00,52.11,52.2,52.05,52.179,6595
2026-07-16T22:40:00+00:00,52.178,52.18,51.98,52.08,15754
2026-07-16T22:45:00+00:00,52.11,52.12,51.76,51.8,25748
2026-07-16T22:50:00+00:00,51.8,51.862,51.51,51.555,34474
2026-07-16T22:55:00+00:00,51.57,51.88,51.5,51.88,39372
2026-07-16T23:00:00+00:00,51.879,51.95,51.65,51.95,11090
2026-07-16T23:05:00+00:00,51.87,51.888,51.52,51.56,9685
2026-07-16T23:10:00+00:00,51.56,51.789,51.5,51.56,37918
2026-07-16T23:15:00+00:00,51.57,51.6,51.5,51.51,21140
2026-07-16T23:20:00+00:00,51.51,51.56,51.349,51.349,11458
2026-07-16T23:25:00+00:00,51.39,51.45,51.26,51.33,36940
2026-07-16T23:30:00+00:00,51.39,51.49,51.29,51.4,11775
2026-07-16T23:35:00+00:00,51.38,51.456,51.2,51.44,20796
2026-07-16T23:40:00+00:00,51.431,51.6,51.371,51.49,20434
2026-07-16T23:45:00+00:00,51.42,51.58,51.39,51.44,17155
2026-07-16T23:50:00+00:00,51.44,51.65,51.37,51.4,20973
2026-07-16T23:55:00+00:00,51.4,51.43,51.3,51.37,35933
2026-07-17T08:00:00+00:00,49.6,50.598,49.05,49.68,508343
2026-07-17T08:05:00+00:00,49.67,50.51,49.1,49.5,59639
2026-07-17T08:10:00+00:00,49.5,49.5,49.3,49.35,8025
2026-07-17T08:15:00+00:00,49.345,49.345,49.2,49.2,12028
2026-07-17T08:20:00+00:00,49.2,49.26,49.1,49.202,9645
2026-07-17T08:25:00+00:00,49.202,49.4,49.1,49.278,27552
2026-07-17T08:30:00+00:00,49.27,49.3,48.8,49.13,22200
2026-07-17T08:35:00+00:00,49.12,49.178,49.0,49.015,19856
2026-07-17T08:40:00+00:00,49.027,49.182,49.0,49.18,18748
2026-07-17T08:45:00+00:00,49.184,49.254,49.1,49.11,15554
2026-07-17T08:50:00+00:00,49.12,49.24,49.08,49.21,11905
2026-07-17T08:55:00+00:00,49.21,49.41,49.18,49.25,11445
2026-07-17T09:00:00+00:00,49.28,49.34,49.228,49.329,11500
2026-07-17T09:05:00+00:00,49.32,49.437,49.27,49.437,13636
2026-07-17T09:10:00+00:00,49.44,49.608,49.37,49.58,20754
2026-07-17T09:15:00+00:00,49.6,49.607,49.32,49.359,13149
2026-07-17T09:20:00+00:00,49.37,49.56,49.35,49.46,46235
2026-07-17T09:25:00+00:00,49.49,49.64,49.49,49.614,21632
2026-07-17T09:30:00+00:00,49.57,49.65,49.47,49.54,12054
2026-07-17T09:35:00+00:00,49.507,49.95,49.507,49.94,20322
2026-07-17T09:40:00+00:00,49.86,49.98,49.81,49.88,16653
2026-07-17T09:45:00+00:00,49.9,50.02,49.88,49.97,11829
2026-07-17T09:50:00+00:00,50.0,50.32,50.0,50.31,45604
2026-07-17T09:55:00+00:00,50.28,50.3,50.15,50.28,16728
2026-07-17T10:00:00+00:00,50.34,50.75,50.34,50.59,30309
2026-07-17T10:05:00+00:00,50.6,51.13,50.59,51.13,21242
2026-07-17T10:10:00+00:00,51.12,51.36,50.977,51.36,43928
2026-07-17T10:15:00+00:00,51.36,51.81,51.31,51.4,27762
2026-07-17T10:20:00+00:00,51.38,51.458,50.84,51.037,50132
2026-07-17T10:25:00+00:00,51.0,51.214,50.81,51.163,25616
2026-07-17T10:30:00+00:00,51.12,51.35,51.05,51.34,27339
2026-07-17T10:35:00+00:00,51.4,51.62,51.37,51.6,18641
2026-07-17T10:40:00+00:00,51.58,51.69,51.4,51.52,22123
2026-07-17T10:45:00+00:00,51.54,51.766,51.44,51.58,14629
2026-07-17T10:50:00+00:00,51.5,51.58,51.46,51.5,33010
2026-07-17T10:55:00+00:00,51.5,51.5,51.158,51.178,32043
2026-07-17T11:00:00+00:00,51.16,51.42,51.08,51.19,104686
2026-07-17T11:05:00+00:00,51.2,51.25,51.003,51.02,27586
2026-07-17T11:10:00+00:00,51.021,51.24,51.01,51.04,32620
2026-07-17T11:15:00+00:00,51.04,51.08,50.82,50.848,48034
2026-07-17T11:20:00+00:00,50.83,50.85,50.61,50.82,40076
2026-07-17T11:25:00+00:00,50.841,51.14,50.83,50.997,65945
2026-07-17T11:30:00+00:00,51.03,51.07,50.81,50.99,25651
2026-07-17T11:35:00+00:00,51.014,51.09,50.9,50.908,17623
2026-07-17T11:40:00+00:00,50.886,50.91,50.57,50.58,25435
2026-07-17T11:45:00+00:00,50.58,50.78,50.51,50.77,18603
2026-07-17T11:50:00+00:00,50.76,50.783,50.61,50.783,18027
2026-07-17T11:55:00+00:00,50.78,50.786,50.661,50.67,12459
2026-07-17T12:00:00+00:00,50.686,50.97,50.51,50.51,54103
2026-07-17T12:05:00+00:00,50.51,50.598,50.23,50.247,126352
2026-07-17T12:10:00+00:00,50.23,50.37,50.09,50.2,133510
2026-07-17T12:15:00+00:00,50.2,50.3,50.15,50.15,37541
2026-07-17T12:20:00+00:00,50.166,50.3,50.11,50.18,70373
2026-07-17T12:25:00+00:00,50.18,50.21,50.01,50.108,63462
2026-07-17T12:30:00+00:00,50.11,50.24,50.02,50.13,51071
2026-07-17T12:35:00+00:00,50.149,50.27,50.1,50.23,58513
2026-07-17T12:40:00+00:00,50.23,50.231,50.01,50.167,58284
2026-07-17T12:45:00+00:00,50.16,50.4,50.1,50.128,60101
2026-07-17T12:50:00+00:00,50.129,50.27,50.05,50.27,26661
2026-07-17T12:55:00+00:00,50.249,50.45,50.116,50.28,68798
2026-07-17T13:00:00+00:00,50.28,50.28,50.02,50.05,30741
2026-07-17T13:05:00+00:00,50.05,50.07,49.8,49.85,116565
2026-07-17T13:10:00+00:00,49.851,49.93,49.79,49.88,37266
2026-07-17T13:15:00+00:00,49.85,50.04,49.82,49.85,53136
2026-07-17T13:20:00+00:00,49.84,50.01,49.82,49.87,35762
2026-07-17T13:25:00+00:00,49.897,50.08,49.8,49.86,67422
2026-07-17T13:30:00+00:00,49.83,50.42,49.26,49.35,1859592
2026-07-17T13:35:00+00:00,49.35,49.66,48.88,48.93,1780749
2026-07-17T13:40:00+00:00,48.92,49.4,48.635,48.815,1839384
2026-07-17T13:45:00+00:00,48.82,49.66,48.69,49.47,1602040
2026-07-17T13:50:00+00:00,49.48,50.21,49.3,50.19,1470008
2026-07-17T13:55:00+00:00,50.185,51.06,50.05,51.055,1823496
2026-07-17T14:00:00+00:00,51.06,52.575,50.95,51.79,3305119
2026-07-17T14:05:00+00:00,51.785,52.485,51.78,52.44,1375479
2026-07-17T14:10:00+00:00,52.44,53.04,52.2,52.36,1907914
2026-07-17T14:15:00+00:00,52.35,53.12,52.168,52.88,1978912
2026-07-17T14:20:00+00:00,52.895,53.01,52.47,52.755,1332654
2026-07-17T14:25:00+00:00,52.76,53.045,52.52,52.76,1087584
2026-07-17T14:30:00+00:00,52.75,52.79,52.1,52.405,1287682
2026-07-17T14:35:00+00:00,52.41,53.27,52.4,53.23,1492943
2026-07-17T14:40:00+00:00,53.19,53.258,52.9,52.975,586209
2026-07-17T14:45:00+00:00,52.97,52.987,52.49,52.665,806390
2026-07-17T14:50:00+00:00,52.66,52.88,52.46,52.51,804832
2026-07-17T14:55:00+00:00,52.505,52.69,52.21,52.25,871742
2026-07-17T15:00:00+00:00,52.25,52.32,51.72,51.845,713976
2026-07-17T15:05:00+00:00,51.835,52.52,51.62,52.42,1055080
2026-07-17T15:10:00+00:00,52.4,52.56,51.96,52.1,535348
2026-07-17T15:15:00+00:00,52.08,52.67,51.945,52.6,446559
2026-07-17T15:20:00+00:00,52.6,52.728,52.22,52.282,555311
2026-07-17T15:25:00+00:00,52.305,53.01,52.27,52.87,640322
2026-07-17T15:30:00+00:00,52.875,53.15,52.65,52.91,661663
2026-07-17T15:35:00+00:00,52.9,53.555,52.82,53.45,752721
2026-07-17T15:40:00+00:00,53.44,53.58,53.1,53.34,968883
2026-07-17T15:45:00+00:00,53.33,53.63,53.29,53.56,553770
2026-07-17T15:50:00+00:00,53.55,54.179,53.47,54.175,877643
2026-07-17T15:55:00+00:00,54.175,54.65,54.13,54.64,1391179
2026-07-17T16:00:00+00:00,54.645,54.81,54.35,54.62,1629651
2026-07-17T16:05:00+00:00,54.65,54.71,54.355,54.71,961688
2026-07-17T16:10:00+00:00,54.71,54.905,54.415,54.76,708053
2026-07-17T16:15:00+00:00,54.76,54.87,54.53,54.62,457122
2026-07-17T16:20:00+00:00,54.61,54.695,54.12,54.13,479554
2026-07-17T16:25:00+00:00,54.14,54.475,54.09,54.435,565229
2026-07-17T16:30:00+00:00,54.425,54.52,54.2,54.345,433332
2026-07-17T16:35:00+00:00,54.335,54.43,54.21,54.22,254226
2026-07-17T16:40:00+00:00,54.215,54.63,54.08,54.63,380505
2026-07-17T16:45:00+00:00,54.63,54.825,54.535,54.66,459734
2026-07-17T16:50:00+00:00,54.655,54.78,54.55,54.67,402227
2026-07-17T16:55:00+00:00,54.67,54.76,54.462,54.68,303842
2026-07-17T17:00:00+00:00,54.69,55.035,54.655,54.985,526662
2026-07-17T17:05:00+00:00,54.985,55.4,54.96,55.355,634242
2026-07-17T17:10:00+00:00,55.36,55.38,54.93,54.935,581975
2026-07-17T17:15:00+00:00,54.93,55.23,54.882,55.04,562657
2026-07-17T17:20:00+00:00,55.025,55.025,54.815,54.855,474498
2026-07-17T17:25:00+00:00,54.85,55.06,54.84,55.035,389390
2026-07-17T17:30:00+00:00,55.035,55.115,54.96,55.015,586159
2026-07-17T17:35:00+00:00,55.02,55.045,54.68,54.78,362561
2026-07-17T17:40:00+00:00,54.78,54.79,54.54,54.645,376976
2026-07-17T17:45:00+00:00,54.64,54.77,54.58,54.76,368547
2026-07-17T17:50:00+00:00,54.765,54.8,54.41,54.415,273942
2026-07-17T17:55:00+00:00,54.42,54.435,54.11,54.24,426973
2026-07-17T18:00:00+00:00,54.25,54.43,54.075,54.285,338901
2026-07-17T18:05:00+00:00,54.29,54.29,53.91,53.92,474275
2026-07-17T18:10:00+00:00,53.93,54.035,53.83,53.97,273077
2026-07-17T18:15:00+00:00,53.98,54.07,53.79,53.865,284237
2026-07-17T18:20:00+00:00,53.865,53.99,53.682,53.86,402657
2026-07-17T18:25:00+00:00,53.85,54.14,53.76,54.095,471613
2026-07-17T18:30:00+00:00,54.095,54.34,53.882,53.95,458226
2026-07-17T18:35:00+00:00,53.975,54.025,53.835,53.9,250623
2026-07-17T18:40:00+00:00,53.895,53.92,53.7,53.74,211420
2026-07-17T18:45:00+00:00,53.72,53.922,53.64,53.79,270987
2026-07-17T18:50:00+00:00,53.79,53.94,53.74,53.94,202222
2026-07-17T18:55:00+00:00,53.94,54.0,53.72,53.82,246946
2026-07-17T19:00:00+00:00,53.835,53.84,53.65,53.755,239579
2026-07-17T19:05:00+00:00,53.76,53.8,53.41,53.7,432146
2026-07-17T19:10:00+00:00,53.695,53.705,53.35,53.375,389912
2026-07-17T19:15:00+00:00,53.37,53.45,53.15,53.336,378092
2026-07-17T19:20:00+00:00,53.32,53.32,53.042,53.07,364999
2026-07-17T19:25:00+00:00,53.075,53.47,52.97,53.375,437840
2026-07-17T19:30:00+00:00,53.38,53.68,53.36,53.41,362384
2026-07-17T19:35:00+00:00,53.4,53.53,53.195,53.195,381612
2026-07-17T19:40:00+00:00,53.2,53.36,53.13,53.275,323341
2026-07-17T19:45:00+00:00,53.28,53.42,53.175,53.256,609813
2026-07-17T19:50:00+00:00,53.26,53.47,53.09,53.13,586174
2026-07-17T19:55:00+00:00,53.13,53.16,52.57,52.72,1530610
2026-07-17T20:00:00+00:00,52.62,52.99,52.51,52.57,31886
2026-07-17T20:05:00+00:00,52.592,52.61,52.24,52.27,59663
2026-07-17T20:10:00+00:00,52.27,52.72,52.0,52.28,50960
2026-07-17T20:15:00+00:00,52.72,52.72,52.14,52.213,16072
2026-07-17T20:20:00+00:00,52.17,52.231,52.03,52.2,13241
2026-07-17T20:25:00+00:00,52.19,52.33,52.1,52.251,5641
2026-07-17T20:30:00+00:00,52.27,52.53,52.2,52.34,3646
2026-07-17T20:35:00+00:00,52.33,52.4,52.176,52.176,4679
2026-07-17T20:40:00+00:00,52.199,52.22,52.05,52.12,16198
2026-07-17T20:45:00+00:00,52.12,52.2,52.06,52.15,5416
2026-07-17T20:50:00+00:00,52.078,52.18,52.078,52.115,2809
2026-07-17T20:55:00+00:00,52.12,52.24,52.1,52.188,3238
2026-07-17T21:00:00+00:00,52.19,52.23,52.131,52.131,4278
2026-07-17T21:05:00+00:00,52.21,52.27,52.18,52.249,4177
2026-07-17T21:10:00+00:00,52.21,52.21,52.131,52.19,1964
2026-07-17T21:15:00+00:00,52.199,52.2,52.03,52.13,2048
2026-07-17T21:20:00+00:00,52.19,52.19,52.05,52.05,445
2026-07-17T21:25:00+00:00,52.14,52.19,52.1,52.19,3308
2026-07-17T21:30:00+00:00,52.19,52.19,52.1,52.17,5834
2026-07-17T21:35:00+00:00,52.16,52.19,52.08,52.14,5253
2026-07-17T21:40:00+00:00,52.1,52.13,52.04,52.06,1295
2026-07-17T21:45:00+00:00,52.079,52.14,52.0,52.017,12682
2026-07-17T21:50:00+00:00,52.001,52.02,51.796,52.0,9348
2026-07-17T21:55:00+00:00,52.0,52.02,51.84,51.9,2406
2026-07-17T22:00:00+00:00,51.84,51.89,51.71,51.76,7157
2026-07-17T22:05:00+00:00,51.83,51.9,51.71,51.75,21652
2026-07-17T22:10:00+00:00,51.81,51.85,51.71,51.8,7477
2026-07-17T22:15:00+00:00,52.0,52.0,51.86,51.94,1907
2026-07-17T22:20:00+00:00,51.96,52.09,51.91,51.91,5924
2026-07-17T22:25:00+00:00,52.0,52.1,51.72,51.79,6208
2026-07-17T22:30:00+00:00,51.77,51.84,51.65,51.838,4594
2026-07-17T22:35:00+00:00,51.82,51.89,51.79,51.857,4146
2026-07-17T22:40:00+00:00,51.85,52.0,51.8,51.94,5857
2026-07-17T22:45:00+00:00,51.94,51.95,51.875,51.91,3868
2026-07-17T22:50:00+00:00,51.89,51.89,51.769,51.857,3137
2026-07-17T22:55:00+00:00,51.87,51.87,51.8,51.85,5261
2026-07-17T23:00:00+00:00,51.859,51.95,51.8,51.95,11114
2026-07-17T23:05:00+00:00,51.901,51.92,51.81,51.88,3429
2026-07-17T23:10:00+00:00,51.88,52.03,51.8,51.98,7238
2026-07-17T23:15:00+00:00,51.963,52.0,51.82,51.929,6302
2026-07-17T23:20:00+00:00,51.905,51.97,51.83,51.9,3575
2026-07-17T23:25:00+00:00,51.89,51.98,51.85,51.955,4158
2026-07-17T23:30:00+00:00,51.95,51.97,51.9,51.92,3775
2026-07-17T23:35:00+00:00,51.95,51.95,51.92,51.95,3251
2026-07-17T23:40:00+00:00,51.95,51.95,51.816,51.816,4787
2026-07-17T23:45:00+00:00,51.85,51.95,51.84,51.92,7786
2026-07-17T23:50:00+00:00,51.95,52.08,51.91,52.08,13899
2026-07-17T23:55:00+00:00,52.083,52.18,52.07,52.1,9072
