ts,o,h,l,c,v
2026-04-15T13:30:00+00:00,83.55,83.88,81.5,82.68,1814707
2026-04-15T13:35:00+00:00,82.66,83.73,82.52,83.46,829248
2026-04-15T13:40:00+00:00,83.44,84.21,83.15,83.18,748025
2026-04-15T13:45:00+00:00,83.26,84.49,83.26,84.42,403365
2026-04-15T13:50:00+00:00,84.42,85.455,84.42,85.36,513340
2026-04-15T13:55:00+00:00,85.36,85.47,84.75,85.37,386092
2026-04-15T14:00:00+00:00,85.36,85.38,84.26,84.54,350366
2026-04-15T14:05:00+00:00,84.51,85.55,84.5,85.53,340298
2026-04-15T14:10:00+00:00,85.52,85.87,85.145,85.49,247726
2026-04-15T14:15:00+00:00,85.52,85.64,84.96,85.05,164201
2026-04-15T14:20:00+00:00,85.08,85.32,85.05,85.19,153903
2026-04-15T14:25:00+00:00,85.165,85.975,85.09,85.81,166810
2026-04-15T14:30:00+00:00,85.81,85.99,84.68,84.78,206563
2026-04-15T14:35:00+00:00,84.77,85.12,84.49,84.61,162793
2026-04-15T14:40:00+00:00,84.63,84.93,84.54,84.89,97448
2026-04-15T14:45:00+00:00,84.91,85.01,84.64,84.935,118173
2026-04-15T14:50:00+00:00,84.93,85.18,84.78,85.13,123521
2026-04-15T14:55:00+00:00,85.13,85.425,84.88,85.05,149337
2026-04-15T15:00:00+00:00,85.04,85.36,84.97,85.19,111127
2026-04-15T15:05:00+00:00,85.17,85.37,85.04,85.29,136729
2026-04-15T15:10:00+00:00,85.27,85.81,85.17,85.8,141026
2026-04-15T15:15:00+00:00,85.79,86.19,85.75,85.88,155308
2026-04-15T15:20:00+00:00,85.88,86.38,85.88,86.27,178644
2026-04-15T15:25:00+00:00,86.295,86.46,86.18,86.26,138366
2026-04-15T15:30:00+00:00,86.27,86.35,85.92,85.97,129494
2026-04-15T15:35:00+00:00,85.95,86.08,85.71,85.97,107267
2026-04-15T15:40:00+00:00,85.98,86.17,85.84,86.01,85930
2026-04-15T15:45:00+00:00,86.01,86.27,85.92,86.18,100936
2026-04-15T15:50:00+00:00,86.17,86.37,86.15,86.16,98675
2026-04-15T15:55:00+00:00,86.16,86.22,85.97,86.12,91625
2026-04-15T16:00:00+00:00,86.13,86.49,86.03,86.39,100953
2026-04-15T16:05:00+00:00,86.4,86.53,86.25,86.29,86231
2026-04-15T16:10:00+00:00,86.28,86.28,86.05,86.18,98103
2026-04-15T16:15:00+00:00,86.19,86.42,86.08,86.41,87536
2026-04-15T16:20:00+00:00,86.42,86.79,86.42,86.75,120792
2026-04-15T16:25:00+00:00,86.72,86.8,86.53,86.53,93017
2026-04-15T16:30:00+00:00,86.54,86.62,86.29,86.34,95108
2026-04-15T16:35:00+00:00,86.34,86.79,86.34,86.7,100360
2026-04-15T16:40:00+00:00,86.69,86.69,85.93,85.93,155973
2026-04-15T16:45:00+00:00,85.93,85.93,85.03,85.32,265704
2026-04-15T16:50:00+00:00,85.33,85.58,85.22,85.27,139506
2026-04-15T16:55:00+00:00,85.29,85.38,84.87,85.33,188925
2026-04-15T17:00:00+00:00,85.37,85.68,85.3,85.675,91084
2026-04-15T17:05:00+00:00,85.67,85.92,85.61,85.67,92671
2026-04-15T17:10:00+00:00,85.69,85.71,85.49,85.6,77072
2026-04-15T17:15:00+00:00,85.59,85.8,85.53,85.655,53222
2026-04-15T17:20:00+00:00,85.645,85.73,85.49,85.72,75561
2026-04-15T17:25:00+00:00,85.73,86.23,85.695,86.19,98934
2026-04-15T17:30:00+00:00,86.2,86.57,86.2,86.49,127612
2026-04-15T17:35:00+00:00,86.47,86.74,86.42,86.44,86655
2026-04-15T17:40:00+00:00,86.43,86.54,86.18,86.21,107666
2026-04-15T17:45:00+00:00,86.22,86.46,86.22,86.36,57451
2026-04-15T17:50:00+00:00,86.36,86.525,86.31,86.39,70635
2026-04-15T17:55:00+00:00,86.37,86.5,86.14,86.19,58898
2026-04-15T18:00:00+00:00,86.18,86.79,86.12,86.66,160967
2026-04-15T18:05:00+00:00,86.665,86.935,86.625,86.92,84621
2026-04-15T18:10:00+00:00,86.92,87.16,86.84,87.085,111729
2026-04-15T18:15:00+00:00,87.09,87.18,86.97,87.13,82004
2026-04-15T18:20:00+00:00,87.13,87.13,86.89,86.94,73135
2026-04-15T18:25:00+00:00,86.95,87.11,86.9,87.03,59136
2026-04-15T18:30:00+00:00,87.04,87.35,87.04,87.29,87811
2026-04-15T18:35:00+00:00,87.29,87.36,87.1,87.19,71593
2026-04-15T18:40:00+00:00,87.17,87.17,86.95,87.09,61757
2026-04-15T18:45:00+00:00,87.1,87.32,87.08,87.165,70111
2026-04-15T18:50:00+00:00,87.18,87.26,87.1,87.11,55385
2026-04-15T18:55:00+00:00,87.12,87.12,86.99,87.0,53604
2026-04-15T19:00:00+00:00,86.98,87.18,86.76,87.13,69072
2026-04-15T19:05:00+00:00,87.14,87.25,87.11,87.18,70677
2026-04-15T19:10:00+00:00,87.18,87.33,87.05,87.05,76514
2026-04-15T19:15:00+00:00,87.05,87.08,86.85,86.865,67127
2026-04-15T19:20:00+00:00,86.84,87.0,86.77,86.92,59454
2026-04-15T19:25:00+00:00,86.92,86.97,86.76,86.78,79089
2026-04-15T19:30:00+00:00,86.78,87.0,86.715,86.98,94177
2026-04-15T19:35:00+00:00,86.99,87.27,86.98,87.16,96824
2026-04-15T19:40:00+00:00,87.15,87.235,87.02,87.21,96496
2026-04-15T19:45:00+00:00,87.215,87.43,87.215,87.31,153063
2026-04-15T19:50:00+00:00,87.32,87.55,87.08,87.32,264166
2026-04-15T19:55:00+00:00,87.33,87.43,87.185,87.39,904799
2026-04-16T13:30:00+00:00,88.945,89.35,87.47,88.25,1113434
2026-04-16T13:35:00+00:00,88.23,88.33,86.95,87.19,355594
2026-04-16T13:40:00+00:00,87.13,87.905,86.95,87.55,322848
2026-04-16T13:45:00+00:00,87.54,87.65,86.67,86.94,239328
2026-04-16T13:50:00+00:00,86.93,86.94,85.07,85.08,532772
2026-04-16T13:55:00+00:00,85.09,85.25,84.31,84.39,623930
2026-04-16T14:00:00+00:00,84.43,84.82,83.87,84.29,491767
2026-04-16T14:05:00+00:00,84.32,84.99,84.06,84.65,304895
2026-04-16T14:10:00+00:00,84.64,85.27,84.48,84.94,253155
2026-04-16T14:15:00+00:00,84.94,85.26,84.73,84.88,261041
2026-04-16T14:20:00+00:00,84.92,84.94,84.23,84.47,157829
2026-04-16T14:25:00+00:00,84.46,85.02,84.415,84.98,99222
2026-04-16T14:30:00+00:00,84.95,85.9,84.94,85.87,157153
2026-04-16T14:35:00+00:00,85.86,85.945,85.27,85.37,128428
2026-04-16T14:40:00+00:00,85.4,85.53,85.09,85.5,98732
2026-04-16T14:45:00+00:00,85.49,85.66,85.11,85.47,148230
2026-04-16T14:50:00+00:00,85.46,85.63,85.3,85.54,80986
2026-04-16T14:55:00+00:00,85.54,85.57,85.19,85.27,99154
2026-04-16T15:00:00+00:00,85.28,85.88,85.24,85.8,119660
2026-04-16T15:05:00+00:00,85.79,86.3,85.78,86.23,134253
2026-04-16T15:10:00+00:00,86.23,86.51,86.17,86.38,106556
2026-04-16T15:15:00+00:00,86.39,86.68,86.33,86.33,126965
2026-04-16T15:20:00+00:00,86.34,86.96,86.28,86.82,115377
2026-04-16T15:25:00+00:00,86.83,87.045,86.55,86.58,149960
2026-04-16T15:30:00+00:00,86.52,86.71,86.4,86.65,93950
2026-04-16T15:35:00+00:00,86.7,87.3,86.68,86.82,187044
2026-04-16T15:40:00+00:00,86.82,86.89,86.56,86.78,68875
2026-04-16T15:45:00+00:00,86.79,86.89,86.52,86.56,66798
2026-04-16T15:50:00+00:00,86.56,86.965,86.52,86.84,77333
2026-04-16T15:55:00+00:00,86.85,87.33,86.76,87.31,124993
2026-04-16T16:00:00+00:00,87.3,87.63,87.25,87.63,125856
2026-04-16T16:05:00+00:00,87.63,87.71,87.38,87.55,106202
2026-04-16T16:10:00+00:00,87.56,87.755,87.54,87.71,63169
2026-04-16T16:15:00+00:00,87.72,87.84,87.67,87.84,65160
2026-04-16T16:20:00+00:00,87.82,87.87,87.43,87.46,83084
2026-04-16T16:25:00+00:00,87.45,87.45,87.18,87.22,67259
2026-04-16T16:30:00+00:00,87.22,87.23,86.15,86.34,121450
2026-04-16T16:35:00+00:00,86.31,86.635,86.15,86.635,90236
2026-04-16T16:40:00+00:00,86.63,86.74,86.53,86.72,47044
2026-04-16T16:45:00+00:00,86.7,86.8,86.55,86.56,67522
2026-04-16T16:50:00+00:00,86.57,86.83,86.52,86.58,75761
2026-04-16T16:55:00+00:00,86.59,86.63,86.29,86.36,67991
2026-04-16T17:00:00+00:00,86.37,86.48,86.195,86.31,61396
2026-04-16T17:05:00+00:00,86.33,86.37,86.01,86.03,86884
2026-04-16T17:10:00+00:00,86.03,86.13,85.73,85.76,78967
2026-04-16T17:15:00+00:00,85.75,85.855,85.65,85.745,64668
2026-04-16T17:20:00+00:00,85.77,86.11,85.68,86.07,67036
2026-04-16T17:25:00+00:00,86.08,86.25,86.03,86.23,48296
2026-04-16T17:30:00+00:00,86.225,86.47,86.1,86.39,56717
2026-04-16T17:35:00+00:00,86.37,86.5,86.275,86.5,38903
2026-04-16T17:40:00+00:00,86.48,86.665,86.44,86.62,46663
2026-04-16T17:45:00+00:00,86.61,86.685,86.48,86.685,49523
2026-04-16T17:50:00+00:00,86.67,86.67,86.44,86.55,35449
2026-04-16T17:55:00+00:00,86.53,86.53,86.05,86.3,64723
2026-04-16T18:00:00+00:00,86.3,86.55,86.2,86.2,79626
2026-04-16T18:05:00+00:00,86.22,86.33,85.89,85.94,52029
2026-04-16T18:10:00+00:00,85.97,86.12,85.82,86.12,54547
2026-04-16T18:15:00+00:00,86.13,86.18,85.94,86.03,57940
2026-04-16T18:20:00+00:00,86.02,86.14,85.8,85.81,40463
2026-04-16T18:25:00+00:00,85.84,85.88,85.63,85.75,46850
2026-04-16T18:30:00+00:00,85.76,86.07,85.76,85.98,58420
2026-04-16T18:35:00+00:00,85.98,86.27,85.98,86.08,58361
2026-04-16T18:40:00+00:00,86.08,86.19,85.98,86.19,47462
2026-04-16T18:45:00+00:00,86.19,86.38,86.18,86.31,50139
2026-04-16T18:50:00+00:00,86.325,86.4,86.14,86.34,35645
2026-04-16T18:55:00+00:00,86.34,86.525,86.27,86.525,49692
2026-04-16T19:00:00+00:00,86.52,86.64,86.46,86.58,47625
2026-04-16T19:05:00+00:00,86.57,86.62,86.45,86.57,37161
2026-04-16T19:10:00+00:00,86.58,86.6,86.45,86.53,35192
2026-04-16T19:15:00+00:00,86.55,86.72,86.55,86.66,73878
2026-04-16T19:20:00+00:00,86.65,86.7,86.54,86.67,39137
2026-04-16T19:25:00+00:00,86.68,86.85,86.62,86.67,67520
2026-04-16T19:30:00+00:00,86.66,86.95,86.57,86.95,52840
2026-04-16T19:35:00+00:00,86.95,87.11,86.93,87.01,96566
2026-04-16T19:40:00+00:00,87.03,87.36,87.03,87.28,89246
2026-04-16T19:45:00+00:00,87.27,87.375,87.18,87.36,92932
2026-04-16T19:50:00+00:00,87.37,87.41,86.88,86.92,162821
2026-04-16T19:55:00+00:00,86.94,87.14,86.785,86.82,503092
2026-04-17T13:30:00+00:00,90.05,91.87,89.57,91.71,1161579
2026-04-17T13:35:00+00:00,91.7,92.2,90.83,91.01,411703
2026-04-17T13:40:00+00:00,90.92,91.45,90.75,91.39,179543
2026-04-17T13:45:00+00:00,91.385,91.835,90.26,90.79,232171
2026-04-17T13:50:00+00:00,90.81,91.24,90.66,90.7,153214
2026-04-17T13:55:00+00:00,90.71,90.75,90.02,90.35,222249
2026-04-17T14:00:00+00:00,90.37,91.01,90.16,90.99,179807
2026-04-17T14:05:00+00:00,90.99,91.36,90.71,91.13,183777
2026-04-17T14:10:00+00:00,91.12,91.28,91.02,91.17,161986
2026-04-17T14:15:00+00:00,91.19,91.81,90.95,91.77,244125
2026-04-17T14:20:00+00:00,91.76,91.76,91.3,91.42,148241
2026-04-17T14:25:00+00:00,91.41,91.84,91.32,91.75,134722
2026-04-17T14:30:00+00:00,91.77,92.32,91.72,92.31,246886
2026-04-17T14:35:00+00:00,92.31,92.47,91.98,92.315,140283
2026-04-17T14:40:00+00:00,92.29,92.485,92.06,92.485,108649
2026-04-17T14:45:00+00:00,92.48,93.32,92.45,93.17,170762
2026-04-17T14:50:00+00:00,93.16,93.19,92.69,92.88,165599
2026-04-17T14:55:00+00:00,92.89,92.93,92.43,92.74,172132
2026-04-17T15:00:00+00:00,92.72,92.72,91.95,92.08,190636
2026-04-17T15:05:00+00:00,92.065,92.32,91.93,92.22,107396
2026-04-17T15:10:00+00:00,92.23,92.35,91.44,91.62,174509
2026-04-17T15:15:00+00:00,91.63,91.84,91.4,91.7,141270
2026-04-17T15:20:00+00:00,91.7,92.31,91.56,92.28,141371
2026-04-17T15:25:00+00:00,92.28,92.745,92.28,92.4,255903
2026-04-17T15:30:00+00:00,92.41,92.57,92.18,92.57,133247
2026-04-17T15:35:00+00:00,92.59,92.96,92.51,92.83,116942
2026-04-17T15:40:00+00:00,92.83,92.84,92.04,92.06,103050
2026-04-17T15:45:00+00:00,92.05,92.35,92.01,92.03,109176
2026-04-17T15:50:00+00:00,92.04,92.37,91.77,92.31,117567
2026-04-17T15:55:00+00:00,92.29,92.61,92.27,92.3,88175
2026-04-17T16:00:00+00:00,92.3,92.57,92.09,92.53,82458
2026-04-17T16:05:00+00:00,92.5,93.02,92.49,92.67,127035
2026-04-17T16:10:00+00:00,92.68,92.78,92.475,92.5,49978
2026-04-17T16:15:00+00:00,92.48,92.65,92.29,92.35,85688
2026-04-17T16:20:00+00:00,92.35,92.55,92.29,92.42,66352
2026-04-17T16:25:00+00:00,92.4,92.475,92.28,92.34,34273
2026-04-17T16:30:00+00:00,92.36,92.47,92.18,92.25,59483
2026-04-17T16:35:00+00:00,92.245,92.35,91.93,91.97,75766
2026-04-17T16:40:00+00:00,91.98,92.0,91.69,91.97,57284
2026-04-17T16:45:00+00:00,91.97,92.18,91.95,92.05,64217
2026-04-17T16:50:00+00:00,92.05,92.33,92.02,92.33,43542
2026-04-17T16:55:00+00:00,92.33,92.33,92.04,92.08,49282
2026-04-17T17:00:00+00:00,92.07,92.24,92.01,92.24,53237
2026-04-17T17:05:00+00:00,92.24,92.4,91.65,91.78,81777
2026-04-17T17:10:00+00:00,91.78,91.84,91.41,91.47,79034
2026-04-17T17:15:00+00:00,91.48,91.51,91.16,91.25,55160
2026-04-17T17:20:00+00:00,91.22,91.29,90.7,90.755,158133
2026-04-17T17:25:00+00:00,90.74,90.96,90.55,90.77,111675
2026-04-17T17:30:00+00:00,90.75,91.24,90.75,91.06,87744
2026-04-17T17:35:00+00:00,91.07,91.33,91.03,91.21,65446
2026-04-17T17:40:00+00:00,91.235,91.26,90.83,90.96,68863
2026-04-17T17:45:00+00:00,90.95,91.28,90.94,91.11,62616
2026-04-17T17:50:00+00:00,91.09,91.17,90.9,90.9,56487
2026-04-17T17:55:00+00:00,90.92,91.02,90.73,90.91,48689
2026-04-17T18:00:00+00:00,90.925,91.07,90.85,90.96,64116
2026-04-17T18:05:00+00:00,90.92,90.96,90.63,90.66,47074
2026-04-17T18:10:00+00:00,90.66,90.86,90.54,90.71,48389
2026-04-17T18:15:00+00:00,90.69,91.04,90.69,90.89,54199
2026-04-17T18:20:00+00:00,90.92,90.93,90.735,90.9,61057
2026-04-17T18:25:00+00:00,90.88,91.17,90.8,90.83,85268
2026-04-17T18:30:00+00:00,90.85,91.04,90.7,91.01,79087
2026-04-17T18:35:00+00:00,91.02,91.24,90.93,90.97,50422
2026-04-17T18:40:00+00:00,90.98,91.12,90.93,91.12,34036
2026-04-17T18:45:00+00:00,91.1,91.22,90.98,91.1,54296
2026-04-17T18:50:00+00:00,91.07,91.14,90.83,90.93,65600
2026-04-17T18:55:00+00:00,90.91,91.05,90.82,90.98,36228
2026-04-17T19:00:00+00:00,90.99,91.02,90.76,90.79,41073
2026-04-17T19:05:00+00:00,90.78,90.78,90.59,90.72,59671
2026-04-17T19:10:00+00:00,90.71,90.77,90.53,90.63,53723
2026-04-17T19:15:00+00:00,90.64,91.05,90.62,90.93,87486
2026-04-17T19:20:00+00:00,90.95,91.03,90.84,90.97,46176
2026-04-17T19:25:00+00:00,90.98,91.02,90.72,90.79,62661
2026-04-17T19:30:00+00:00,90.79,90.8,90.44,90.48,98476
2026-04-17T19:35:00+00:00,90.46,90.68,90.38,90.65,90867
2026-04-17T19:40:00+00:00,90.62,90.93,90.565,90.8,70119
2026-04-17T19:45:00+00:00,90.8,90.825,90.59,90.71,189828
2026-04-17T19:50:00+00:00,90.72,91.21,90.72,91.14,236735
2026-04-17T19:55:00+00:00,91.13,91.18,90.715,90.8,540194
2026-04-20T13:30:00+00:00,89.6,91.15,89.44,90.79,617316
2026-04-20T13:35:00+00:00,90.76,90.82,89.29,89.42,284421
2026-04-20T13:40:00+00:00,89.375,91.07,89.3,90.9,320320
2026-04-20T13:45:00+00:00,90.91,92.38,90.8,92.1,410839
2026-04-20T13:50:00+00:00,92.07,92.22,91.49,92.01,288983
2026-04-20T13:55:00+00:00,92.0,92.11,91.63,91.65,148323
2026-04-20T14:00:00+00:00,91.64,91.65,90.84,91.35,247955
2026-04-20T14:05:00+00:00,91.34,91.41,90.88,91.23,155968
2026-04-20T14:10:00+00:00,91.24,91.43,90.96,91.08,155894
2026-04-20T14:15:00+00:00,91.08,91.08,89.55,89.68,214981
2026-04-20T14:20:00+00:00,89.71,90.32,89.41,90.31,126145
2026-04-20T14:25:00+00:00,90.29,90.41,89.74,89.87,102212
2026-04-20T14:30:00+00:00,89.88,89.93,89.5,89.81,102497
2026-04-20T14:35:00+00:00,89.83,90.075,89.75,90.02,90804
2026-04-20T14:40:00+00:00,90.025,90.025,89.365,89.44,109569
2026-04-20T14:45:00+00:00,89.4,89.61,89.29,89.59,88063
2026-04-20T14:50:00+00:00,89.59,89.62,88.6,89.23,329124
2026-04-20T14:55:00+00:00,89.19,89.24,88.44,88.565,159069
2026-04-20T15:00:00+00:00,88.58,88.87,88.34,88.46,129887
2026-04-20T15:05:00+00:00,88.455,88.72,88.21,88.605,143275
2026-04-20T15:10:00+00:00,88.61,89.23,88.56,89.19,85435
2026-04-20T15:15:00+00:00,89.18,89.38,88.98,89.37,72254
2026-04-20T15:20:00+00:00,89.37,89.89,89.2,89.765,103538
2026-04-20T15:25:00+00:00,89.79,90.3,89.69,90.26,92031
2026-04-20T15:30:00+00:00,90.23,90.23,89.86,89.88,122310
2026-04-20T15:35:00+00:00,89.875,90.51,89.87,90.42,140929
2026-04-20T15:40:00+00:00,90.42,90.78,90.42,90.56,91259
2026-04-20T15:45:00+00:00,90.56,90.64,90.345,90.35,81637
2026-04-20T15:50:00+00:00,90.35,90.47,90.21,90.32,76988
2026-04-20T15:55:00+00:00,90.315,90.46,90.17,90.22,52508
2026-04-20T16:00:00+00:00,90.18,90.185,89.92,89.99,64458
2026-04-20T16:05:00+00:00,89.99,90.155,89.93,90.005,62155
2026-04-20T16:10:00+00:00,90.01,90.36,90.01,90.29,49049
2026-04-20T16:15:00+00:00,90.28,90.335,90.1,90.22,36742
2026-04-20T16:20:00+00:00,90.24,90.41,90.21,90.22,54299
2026-04-20T16:25:00+00:00,90.22,90.26,90.09,90.25,28878
2026-04-20T16:30:00+00:00,90.25,90.39,90.22,90.37,41292
2026-04-20T16:35:00+00:00,90.36,90.37,90.1,90.16,37541
2026-04-20T16:40:00+00:00,90.14,90.33,90.015,90.27,68273
2026-04-20T16:45:00+00:00,90.27,90.4,90.16,90.19,35521
2026-04-20T16:50:00+00:00,90.2,90.21,90.0,90.09,44803
2026-04-20T16:55:00+00:00,90.08,90.125,89.93,90.12,29216
2026-04-20T17:00:00+00:00,90.12,90.23,89.97,90.21,57323
2026-04-20T17:05:00+00:00,90.22,90.42,90.19,90.29,33961
2026-04-20T17:10:00+00:00,90.29,90.4,90.25,90.3,33902
2026-04-20T17:15:00+00:00,90.29,90.46,90.2,90.44,44478
2026-04-20T17:20:00+00:00,90.4,90.5,90.24,90.24,59125
2026-04-20T17:25:00+00:00,90.24,90.28,90.13,90.17,33800
2026-04-20T17:30:00+00:00,90.18,90.27,90.07,90.11,44390
2026-04-20T17:35:00+00:00,90.1,90.2,90.05,90.13,59060
2026-04-20T17:40:00+00:00,90.12,90.28,90.06,90.06,53753
2026-04-20T17:45:00+00:00,90.06,90.1,89.85,89.98,40012
2026-04-20T17:50:00+00:00,89.99,90.1,89.835,89.92,56087
2026-04-20T17:55:00+00:00,89.905,89.92,89.77,89.77,39081
2026-04-20T18:00:00+00:00,89.78,90.05,89.74,90.04,59414
2026-04-20T18:05:00+00:00,90.03,90.08,89.86,89.97,63242
2026-04-20T18:10:00+00:00,89.98,90.05,89.74,89.87,91056
2026-04-20T18:15:00+00:00,89.85,89.9,89.76,89.83,38541
2026-04-20T18:20:00+00:00,89.85,90.11,89.79,90.06,60918
2026-04-20T18:25:00+00:00,90.06,90.1,89.9,90.01,61697
2026-04-20T18:30:00+00:00,90.05,90.15,90.0,90.13,42832
2026-04-20T18:35:00+00:00,90.13,90.18,89.96,89.99,42883
2026-04-20T18:40:00+00:00,89.99,90.2,89.99,90.045,38222
2026-04-20T18:45:00+00:00,90.05,90.09,89.99,90.05,34555
2026-04-20T18:50:00+00:00,90.05,90.56,90.05,90.54,61945
2026-04-20T18:55:00+00:00,90.54,90.61,90.4,90.44,46952
2026-04-20T19:00:00+00:00,90.45,90.52,90.31,90.43,45642
2026-04-20T19:05:00+00:00,90.43,90.45,90.27,90.45,59734
2026-04-20T19:10:00+00:00,90.45,90.47,90.315,90.43,42680
2026-04-20T19:15:00+00:00,90.45,90.5,90.36,90.49,28328
2026-04-20T19:20:00+00:00,90.495,90.63,90.49,90.5,57703
2026-04-20T19:25:00+00:00,90.51,90.51,90.38,90.48,54458
2026-04-20T19:30:00+00:00,90.48,90.68,90.45,90.6,63130
2026-04-20T19:35:00+00:00,90.59,91.04,90.57,91.03,95115
2026-04-20T19:40:00+00:00,91.04,91.15,90.97,91.05,59350
2026-04-20T19:45:00+00:00,91.05,91.28,91.05,91.28,75763
2026-04-20T19:50:00+00:00,91.29,91.47,91.22,91.22,156177
2026-04-20T19:55:00+00:00,91.22,91.3,91.07,91.27,371691
2026-04-21T13:30:00+00:00,90.98,91.38,88.68,89.52,437101
2026-04-21T13:35:00+00:00,89.56,89.73,88.93,89.21,196500
2026-04-21T13:40:00+00:00,89.23,90.13,89.03,89.73,179966
2026-04-21T13:45:00+00:00,89.7,89.94,89.43,89.65,143148
2026-04-21T13:50:00+00:00,89.7,90.12,89.63,89.72,147219
2026-04-21T13:55:00+00:00,89.74,89.85,89.53,89.82,89418
2026-04-21T14:00:00+00:00,89.83,89.99,89.55,89.63,88395
2026-04-21T14:05:00+00:00,89.63,90.07,89.63,89.87,108779
2026-04-21T14:10:00+00:00,89.87,90.235,89.77,90.2,107699
2026-04-21T14:15:00+00:00,90.2,90.41,90.0,90.165,138135
2026-04-21T14:20:00+00:00,90.17,90.17,89.69,89.78,97573
2026-04-21T14:25:00+00:00,89.77,90.16,89.77,89.945,82141
2026-04-21T14:30:00+00:00,89.9,90.25,89.9,90.18,77701
2026-04-21T14:35:00+00:00,90.21,90.35,89.9,89.92,69861
2026-04-21T14:40:00+00:00,89.94,90.43,89.9,90.14,71020
2026-04-21T14:45:00+00:00,90.14,90.17,89.355,89.41,117819
2026-04-21T14:50:00+00:00,89.41,89.54,89.25,89.45,86420
2026-04-21T14:55:00+00:00,89.44,89.44,87.98,88.13,192835
2026-04-21T15:00:00+00:00,88.12,88.23,87.32,87.38,190390
2026-04-21T15:05:00+00:00,87.37,87.97,87.08,87.83,110120
2026-04-21T15:10:00+00:00,87.83,88.4,87.78,88.14,76735
2026-04-21T15:15:00+00:00,88.16,88.41,87.86,88.345,61570
2026-04-21T15:20:00+00:00,88.34,88.36,87.95,87.99,51861
2026-04-21T15:25:00+00:00,88.01,88.01,87.47,87.65,78876
2026-04-21T15:30:00+00:00,87.67,87.925,87.54,87.54,60884
2026-04-21T15:35:00+00:00,87.55,87.69,87.18,87.69,95235
2026-04-21T15:40:00+00:00,87.66,87.8,87.56,87.8,50992
2026-04-21T15:45:00+00:00,87.83,87.84,87.61,87.7,60006
2026-04-21T15:50:00+00:00,87.7,87.7,87.22,87.26,57515
2026-04-21T15:55:00+00:00,87.24,87.58,87.12,87.45,71049
2026-04-21T16:00:00+00:00,87.48,87.8,87.45,87.5,88973
2026-04-21T16:05:00+00:00,87.5,87.86,87.43,87.83,51067
2026-04-21T16:10:00+00:00,87.82,87.83,87.34,87.44,58097
2026-04-21T16:15:00+00:00,87.45,87.65,87.35,87.52,70509
2026-04-21T16:20:00+00:00,87.53,87.62,87.31,87.47,77700
2026-04-21T16:25:00+00:00,87.52,87.52,87.05,87.28,111630
2026-04-21T16:30:00+00:00,87.27,87.89,87.26,87.87,105555
2026-04-21T16:35:00+00:00,87.87,88.06,87.68,87.84,70501
2026-04-21T16:40:00+00:00,87.87,87.925,87.435,87.54,49747
2026-04-21T16:45:00+00:00,87.59,88.135,87.59,88.13,44555
2026-04-21T16:50:00+00:00,88.12,88.18,87.88,87.9,46629
2026-04-21T16:55:00+00:00,87.91,87.94,87.65,87.845,44076
2026-04-21T17:00:00+00:00,87.84,88.15,87.84,88.02,42801
2026-04-21T17:05:00+00:00,88.01,88.02,87.21,87.49,102880
2026-04-21T17:10:00+00:00,87.44,87.44,86.85,87.11,105079
2026-04-21T17:15:00+00:00,87.11,87.15,86.66,86.73,92702
2026-04-21T17:20:00+00:00,86.68,86.83,86.57,86.75,65385
2026-04-21T17:25:00+00:00,86.76,87.0,86.59,86.805,87787
2026-04-21T17:30:00+00:00,86.81,87.06,86.77,87.03,59125
2026-04-21T17:35:00+00:00,87.02,87.54,86.82,87.45,112266
2026-04-21T17:40:00+00:00,87.41,87.89,87.38,87.63,139359
2026-04-21T17:45:00+00:00,87.61,87.615,87.35,87.4,62964
2026-04-21T17:50:00+00:00,87.38,87.63,87.35,87.43,43888
2026-04-21T17:55:00+00:00,87.4,87.62,87.31,87.61,40701
2026-04-21T18:00:00+00:00,87.61,87.84,87.49,87.56,61721
2026-04-21T18:05:00+00:00,87.555,87.66,87.44,87.55,39815
2026-04-21T18:10:00+00:00,87.54,87.61,87.42,87.61,38338
2026-04-21T18:15:00+00:00,87.63,87.81,87.29,87.45,94058
2026-04-21T18:20:00+00:00,87.41,87.55,87.33,87.38,60752
2026-04-21T18:25:00+00:00,87.41,87.5,87.15,87.28,46047
2026-04-21T18:30:00+00:00,87.28,87.53,87.28,87.53,29580
2026-04-21T18:35:00+00:00,87.54,87.54,87.14,87.27,57536
2026-04-21T18:40:00+00:00,87.29,87.39,87.19,87.275,40907
2026-04-21T18:45:00+00:00,87.275,87.405,87.03,87.03,46721
2026-04-21T18:50:00+00:00,87.03,87.45,86.7,87.35,102435
2026-04-21T18:55:00+00:00,87.33,87.49,87.12,87.21,83514
2026-04-21T19:00:00+00:00,87.22,87.365,87.13,87.23,45647
2026-04-21T19:05:00+00:00,87.24,87.29,87.06,87.17,40802
2026-04-21T19:10:00+00:00,87.17,87.48,87.05,87.16,86513
2026-04-21T19:15:00+00:00,87.19,87.29,86.99,87.29,78744
2026-04-21T19:20:00+00:00,87.29,87.78,87.28,87.7,67793
2026-04-21T19:25:00+00:00,87.7,87.84,87.66,87.775,63153
2026-04-21T19:30:00+00:00,87.77,87.77,87.42,87.42,73055
2026-04-21T19:35:00+00:00,87.41,87.435,87.09,87.23,83940
2026-04-21T19:40:00+00:00,87.26,87.33,86.32,86.47,222507
2026-04-21T19:45:00+00:00,86.47,86.69,86.33,86.585,109220
2026-04-21T19:50:00+00:00,86.57,86.72,86.19,86.41,171604
2026-04-21T19:55:00+00:00,86.4,86.6,86.26,86.43,340770
2026-04-22T13:30:00+00:00,89.31,89.31,88.27,88.37,435339
2026-04-22T13:35:00+00:00,88.38,89.25,88.12,89.05,157678
2026-04-22T13:40:00+00:00,89.04,89.28,88.81,88.98,121232
2026-04-22T13:45:00+00:00,88.96,89.4,88.65,89.02,135900
2026-04-22T13:50:00+00:00,89.015,89.27,88.54,89.26,121971
2026-04-22T13:55:00+00:00,89.255,89.89,89.1,89.85,251297
2026-04-22T14:00:00+00:00,89.88,89.95,89.34,89.39,110951
2026-04-22T14:05:00+00:00,89.38,89.56,88.97,89.45,122236
2026-04-22T14:10:00+00:00,89.49,90.01,89.42,89.96,90631
2026-04-22T14:15:00+00:00,89.95,90.13,89.43,89.49,102479
2026-04-22T14:20:00+00:00,89.48,89.6,89.32,89.5,88284
2026-04-22T14:25:00+00:00,89.51,89.75,89.42,89.59,79515
2026-04-22T14:30:00+00:00,89.6,89.62,88.96,89.17,114379
2026-04-22T14:35:00+00:00,89.18,89.5,89.06,89.49,124540
2026-04-22T14:40:00+00:00,89.5,89.7,88.75,88.78,99651
2026-04-22T14:45:00+00:00,88.83,89.09,88.73,89.01,77355
2026-04-22T14:50:00+00:00,89.02,89.15,88.45,88.72,82397
2026-04-22T14:55:00+00:00,88.68,88.87,88.57,88.83,46042
2026-04-22T15:00:00+00:00,88.82,88.86,88.39,88.47,54287
2026-04-22T15:05:00+00:00,88.49,88.98,88.46,88.86,63192
2026-04-22T15:10:00+00:00,88.86,89.02,88.58,88.61,38054
2026-04-22T15:15:00+00:00,88.66,88.69,88.44,88.6,48925
2026-04-22T15:20:00+00:00,88.58,88.67,88.43,88.58,69412
2026-04-22T15:25:00+00:00,88.565,88.58,88.3,88.54,64169
2026-04-22T15:30:00+00:00,88.54,88.58,88.25,88.3,45996
2026-04-22T15:35:00+00:00,88.32,88.34,87.9,88.1,120169
2026-04-22T15:40:00+00:00,88.09,88.14,87.5,87.51,104458
2026-04-22T15:45:00+00:00,87.5,88.08,87.49,88.04,95213
2026-04-22T15:50:00+00:00,88.05,88.05,87.88,87.975,55582
2026-04-22T15:55:00+00:00,88.01,88.17,87.77,87.81,61085
2026-04-22T16:00:00+00:00,87.82,88.18,87.82,88.18,44517
2026-04-22T16:05:00+00:00,88.18,88.23,88.0,88.04,51164
2026-04-22T16:10:00+00:00,88.06,88.1,87.78,88.04,48580
2026-04-22T16:15:00+00:00,88.06,88.08,87.79,87.85,37040
2026-04-22T16:20:00+00:00,87.84,88.01,87.82,87.86,36569
2026-04-22T16:25:00+00:00,87.87,87.93,87.74,87.77,34529
2026-04-22T16:30:00+00:00,87.76,87.91,87.6,87.9,38791
2026-04-22T16:35:00+00:00,87.86,88.02,87.8,88.02,35818
2026-04-22T16:40:00+00:00,88.02,88.045,87.64,87.9,54364
2026-04-22T16:45:00+00:00,87.89,88.1,87.8,88.09,44587
2026-04-22T16:50:00+00:00,88.04,88.07,87.8,87.83,29558
2026-04-22T16:55:00+00:00,87.87,87.87,87.64,87.79,42282
2026-04-22T17:00:00+00:00,87.8,88.05,87.695,88.0,46282
2026-04-22T17:05:00+00:00,87.98,88.12,87.85,88.12,59169
2026-04-22T17:10:00+00:00,88.125,88.36,88.11,88.26,45967
2026-04-22T17:15:00+00:00,88.25,88.38,88.16,88.24,29830
2026-04-22T17:20:00+00:00,88.25,88.525,88.25,88.35,36855
2026-04-22T17:25:00+00:00,88.36,88.5,88.31,88.37,32172
2026-04-22T17:30:00+00:00,88.38,88.45,88.05,88.05,38402
2026-04-22T17:35:00+00:00,88.04,88.12,87.95,87.995,38825
2026-04-22T17:40:00+00:00,88.01,88.125,88.0,88.0,35573
2026-04-22T17:45:00+00:00,87.96,88.11,87.745,87.995,72778
2026-04-22T17:50:00+00:00,88.0,88.16,87.95,88.02,38112
2026-04-22T17:55:00+00:00,88.01,88.025,87.89,87.91,25119
2026-04-22T18:00:00+00:00,87.9,88.1,87.9,88.06,36323
2026-04-22T18:05:00+00:00,88.05,88.08,87.86,87.86,28226
2026-04-22T18:10:00+00:00,87.85,88.075,87.82,88.05,38255
2026-04-22T18:15:00+00:00,88.045,88.09,87.67,87.76,120504
2026-04-22T18:20:00+00:00,87.72,87.725,87.52,87.71,52983
2026-04-22T18:25:00+00:00,87.71,87.74,87.6,87.64,47757
2026-04-22T18:30:00+00:00,87.65,87.73,87.6,87.63,26594
2026-04-22T18:35:00+00:00,87.61,87.68,87.61,87.655,38588
2026-04-22T18:40:00+00:00,87.655,87.745,87.605,87.605,24461
2026-04-22T18:45:00+00:00,87.6,87.86,87.54,87.83,46592
2026-04-22T18:50:00+00:00,87.84,88.06,87.78,87.78,63342
2026-04-22T18:55:00+00:00,87.78,87.825,87.64,87.825,49636
2026-04-22T19:00:00+00:00,87.83,88.03,87.715,87.98,56550
2026-04-22T19:05:00+00:00,87.98,88.14,87.89,88.14,34803
2026-04-22T19:10:00+00:00,88.125,88.225,88.125,88.15,30803
2026-04-22T19:15:00+00:00,88.16,88.225,88.065,88.09,29915
2026-04-22T19:20:00+00:00,88.09,88.11,87.99,88.08,42615
2026-04-22T19:25:00+00:00,88.08,88.16,88.03,88.03,35075
2026-04-22T19:30:00+00:00,88.03,88.33,88.0,88.23,134915
2026-04-22T19:35:00+00:00,88.225,88.4,88.05,88.38,59373
2026-04-22T19:40:00+00:00,88.38,88.4,88.245,88.27,58613
2026-04-22T19:45:00+00:00,88.25,88.26,88.095,88.14,51461
2026-04-22T19:50:00+00:00,88.15,88.36,88.035,88.36,97762
2026-04-22T19:55:00+00:00,88.37,88.5,88.18,88.45,304921
2026-04-23T13:30:00+00:00,86.56,87.47,86.38,87.47,317145
2026-04-23T13:35:00+00:00,87.42,87.6,87.14,87.32,108596
2026-04-23T13:40:00+00:00,87.26,87.26,86.75,87.1,120687
2026-04-23T13:45:00+00:00,87.06,87.45,87.045,87.18,101905
2026-04-23T13:50:00+00:00,87.14,87.14,86.27,86.3,128201
2026-04-23T13:55:00+00:00,86.3,86.47,85.65,85.69,158156
2026-04-23T14:00:00+00:00,85.67,85.76,85.02,85.28,280375
2026-04-23T14:05:00+00:00,85.285,85.555,85.06,85.41,91479
2026-04-23T14:10:00+00:00,85.415,85.49,84.865,85.02,133540
2026-04-23T14:15:00+00:00,85.05,85.42,85.05,85.15,154512
2026-04-23T14:20:00+00:00,85.14,85.61,85.11,85.555,93385
2026-04-23T14:25:00+00:00,85.54,85.83,85.47,85.77,62244
2026-04-23T14:30:00+00:00,85.78,86.155,85.78,86.12,70062
2026-04-23T14:35:00+00:00,86.07,86.37,85.965,86.12,77392
2026-04-23T14:40:00+00:00,86.1,86.34,85.95,86.31,73626
2026-04-23T14:45:00+00:00,86.35,86.6,86.27,86.27,69482
2026-04-23T14:50:00+00:00,86.27,86.67,86.25,86.66,53474
2026-04-23T14:55:00+00:00,86.67,87.04,86.67,86.86,70475
2026-04-23T15:00:00+00:00,86.88,86.93,86.63,86.68,47951
2026-04-23T15:05:00+00:00,86.66,86.69,86.41,86.69,53653
2026-04-23T15:10:00+00:00,86.7,86.86,86.53,86.53,64552
2026-04-23T15:15:00+00:00,86.52,86.78,86.41,86.615,54823
2026-04-23T15:20:00+00:00,86.61,86.68,86.47,86.6,43137
2026-04-23T15:25:00+00:00,86.58,86.59,86.33,86.36,42814
2026-04-23T15:30:00+00:00,86.33,86.48,86.2,86.395,55406
2026-04-23T15:35:00+00:00,86.4,86.4,86.19,86.24,54140
2026-04-23T15:40:00+00:00,86.235,86.35,86.18,86.24,36705
2026-04-23T15:45:00+00:00,86.2,86.2,85.84,85.91,79926
2026-04-23T15:50:00+00:00,85.88,85.88,85.67,85.75,46632
2026-04-23T15:55:00+00:00,85.73,85.99,85.72,85.79,47009
2026-04-23T16:00:00+00:00,85.81,85.86,85.43,85.43,67002
2026-04-23T16:05:00+00:00,85.43,85.6,85.42,85.51,48566
2026-04-23T16:10:00+00:00,85.51,85.74,85.51,85.65,49339
2026-04-23T16:15:00+00:00,85.66,85.78,85.55,85.68,46051
2026-04-23T16:20:00+00:00,85.69,85.77,85.495,85.73,44444
2026-04-23T16:25:00+00:00,85.74,85.905,85.47,85.52,52398
2026-04-23T16:30:00+00:00,85.52,85.64,85.45,85.55,32725
2026-04-23T16:35:00+00:00,85.53,85.66,85.36,85.45,86044
2026-04-23T16:40:00+00:00,85.45,85.5,85.32,85.37,53218
2026-04-23T16:45:00+00:00,85.38,85.495,85.2,85.3,51279
2026-04-23T16:50:00+00:00,85.31,85.31,85.08,85.08,33382
2026-04-23T16:55:00+00:00,85.11,85.21,84.89,85.05,77338
2026-04-23T17:00:00+00:00,85.04,85.17,84.365,84.45,169246
2026-04-23T17:05:00+00:00,84.45,84.51,84.02,84.02,104284
2026-04-23T17:10:00+00:00,84.01,84.05,83.64,83.76,187787
2026-04-23T17:15:00+00:00,83.74,83.75,83.27,83.405,181449
2026-04-23T17:20:00+00:00,83.38,83.625,83.34,83.45,93751
2026-04-23T17:25:00+00:00,83.47,83.82,83.3,83.38,113354
2026-04-23T17:30:00+00:00,83.36,83.745,83.25,83.74,117315
2026-04-23T17:35:00+00:00,83.73,83.84,83.1,83.17,132570
2026-04-23T17:40:00+00:00,83.16,83.16,82.14,82.26,238108
2026-04-23T17:45:00+00:00,82.21,82.35,81.75,82.3,178535
2026-04-23T17:50:00+00:00,82.27,83.22,82.08,83.02,293285
2026-04-23T17:55:00+00:00,83.01,83.3,82.92,83.14,141445
2026-04-23T18:00:00+00:00,83.13,83.63,83.03,83.15,209178
2026-04-23T18:05:00+00:00,83.14,83.39,83.06,83.14,107406
2026-04-23T18:10:00+00:00,83.13,83.43,83.1,83.29,156537
2026-04-23T18:15:00+00:00,83.31,83.57,83.19,83.52,91010
2026-04-23T18:20:00+00:00,83.52,83.61,83.29,83.6,76412
2026-04-23T18:25:00+00:00,83.58,83.64,83.44,83.57,53024
2026-04-23T18:30:00+00:00,83.59,83.875,83.59,83.79,62937
2026-04-23T18:35:00+00:00,83.77,83.96,83.71,83.77,62794
2026-04-23T18:40:00+00:00,83.76,83.82,83.57,83.595,69176
2026-04-23T18:45:00+00:00,83.6,83.68,83.385,83.43,51371
2026-04-23T18:50:00+00:00,83.42,83.605,83.28,83.51,89488
2026-04-23T18:55:00+00:00,83.48,83.5,82.95,83.105,112334
2026-04-23T19:00:00+00:00,83.11,83.24,83.06,83.19,72569
2026-04-23T19:05:00+00:00,83.21,83.5,83.21,83.4,49327
2026-04-23T19:10:00+00:00,83.42,83.62,83.31,83.6,55383
2026-04-23T19:15:00+00:00,83.6,83.72,83.45,83.5,52326
2026-04-23T19:20:00+00:00,83.51,83.58,83.4,83.445,53714
2026-04-23T19:25:00+00:00,83.45,83.55,83.37,83.5,48872
2026-04-23T19:30:00+00:00,83.46,83.55,83.18,83.24,61161
2026-04-23T19:35:00+00:00,83.22,83.31,83.06,83.29,66990
2026-04-23T19:40:00+00:00,83.32,83.425,83.13,83.13,56745
2026-04-23T19:45:00+00:00,83.14,83.35,83.14,83.35,48733
2026-04-23T19:50:00+00:00,83.34,83.55,83.05,83.39,171077
2026-04-23T19:55:00+00:00,83.39,83.66,83.38,83.56,365950
2026-04-24T13:30:00+00:00,84.91,84.94,83.46,83.68,391866
2026-04-24T13:35:00+00:00,83.7,84.43,83.7,83.86,116333
2026-04-24T13:40:00+00:00,83.99,84.26,83.93,84.25,93928
2026-04-24T13:45:00+00:00,84.31,84.44,84.07,84.38,71910
2026-04-24T13:50:00+00:00,84.39,84.52,83.955,84.0,78276
2026-04-24T13:55:00+00:00,84.08,84.08,83.49,83.78,148983
2026-04-24T14:00:00+00:00,83.78,83.83,83.185,83.28,145323
2026-04-24T14:05:00+00:00,83.215,83.6,83.03,83.51,95558
2026-04-24T14:10:00+00:00,83.49,83.56,83.35,83.41,64261
2026-04-24T14:15:00+00:00,83.45,83.63,83.12,83.37,62337
2026-04-24T14:20:00+00:00,83.4,83.63,83.33,83.36,45489
2026-04-24T14:25:00+00:00,83.35,83.35,82.94,83.12,105352
2026-04-24T14:30:00+00:00,83.16,83.31,82.82,83.26,77200
2026-04-24T14:35:00+00:00,83.29,83.51,83.19,83.4,44652
2026-04-24T14:40:00+00:00,83.42,83.73,83.41,83.6,61531
2026-04-24T14:45:00+00:00,83.57,83.77,83.44,83.56,69991
2026-04-24T14:50:00+00:00,83.54,83.795,83.5,83.72,58801
2026-04-24T14:55:00+00:00,83.71,83.955,83.71,83.95,47751
2026-04-24T15:00:00+00:00,83.95,83.99,83.77,83.82,69110
2026-04-24T15:05:00+00:00,83.815,83.85,83.58,83.74,59488
2026-04-24T15:10:00+00:00,83.75,83.96,83.74,83.85,39353
2026-04-24T15:15:00+00:00,83.87,83.9,83.6,83.61,32908
2026-04-24T15:20:00+00:00,83.63,83.96,83.59,83.87,46208
2026-04-24T15:25:00+00:00,83.87,83.975,83.7,83.93,69984
2026-04-24T15:30:00+00:00,83.91,84.21,83.89,84.0,56056
2026-04-24T15:35:00+00:00,84.0,84.1,83.88,84.02,37608
2026-04-24T15:40:00+00:00,84.0,84.53,83.915,84.49,82184
2026-04-24T15:45:00+00:00,84.51,84.81,84.34,84.48,91189
2026-04-24T15:50:00+00:00,84.48,84.7,84.34,84.42,33812
2026-04-24T15:55:00+00:00,84.41,84.49,84.365,84.44,32849
2026-04-24T16:00:00+00:00,84.42,84.42,84.03,84.18,55060
2026-04-24T16:05:00+00:00,84.17,84.23,84.0,84.09,44087
2026-04-24T16:10:00+00:00,84.09,84.43,84.09,84.25,42441
2026-04-24T16:15:00+00:00,84.24,84.24,84.07,84.09,37302
2026-04-24T16:20:00+00:00,84.1,84.2,84.03,84.04,31318
2026-04-24T16:25:00+00:00,84.07,84.13,83.98,84.05,42524
2026-04-24T16:30:00+00:00,84.09,84.28,84.09,84.26,31379
2026-04-24T16:35:00+00:00,84.26,84.3,84.14,84.14,19060
2026-04-24T16:40:00+00:00,84.16,84.18,83.905,84.04,35056
2026-04-24T16:45:00+00:00,84.04,84.15,83.92,83.96,29278
2026-04-24T16:50:00+00:00,83.99,84.11,83.94,84.08,23829
2026-04-24T16:55:00+00:00,84.13,84.61,84.13,84.535,64020
2026-04-24T17:00:00+00:00,84.55,84.605,84.49,84.57,42479
2026-04-24T17:05:00+00:00,84.57,84.8,84.525,84.79,43477
2026-04-24T17:10:00+00:00,84.81,84.94,84.78,84.83,54001
2026-04-24T17:15:00+00:00,84.81,84.81,84.585,84.64,32112
2026-04-24T17:20:00+00:00,84.63,84.63,84.42,84.57,47540
2026-04-24T17:25:00+00:00,84.57,84.59,84.36,84.38,22563
2026-04-24T17:30:00+00:00,84.38,84.4,84.24,84.34,41721
2026-04-24T17:35:00+00:00,84.31,84.5,84.3,84.36,24175
2026-04-24T17:40:00+00:00,84.36,84.67,84.31,84.67,21563
2026-04-24T17:45:00+00:00,84.66,84.8,84.66,84.69,24677
2026-04-24T17:50:00+00:00,84.73,85.05,84.73,84.92,48534
2026-04-24T17:55:00+00:00,84.9,84.96,84.765,84.78,35699
2026-04-24T18:00:00+00:00,84.8,84.84,84.7,84.75,24519
2026-04-24T18:05:00+00:00,84.74,84.85,84.68,84.85,28372
2026-04-24T18:10:00+00:00,84.87,84.95,84.84,84.85,23645
2026-04-24T18:15:00+00:00,84.84,84.86,84.67,84.76,22361
2026-04-24T18:20:00+00:00,84.71,84.75,84.6,84.75,29291
2026-04-24T18:25:00+00:00,84.76,84.78,84.59,84.59,19339
2026-04-24T18:30:00+00:00,84.6,84.79,84.6,84.78,17433
2026-04-24T18:35:00+00:00,84.79,84.86,84.72,84.72,23934
2026-04-24T18:40:00+00:00,84.725,84.735,84.62,84.7,21138
2026-04-24T18:45:00+00:00,84.7,84.72,84.61,84.615,20604
2026-04-24T18:50:00+00:00,84.6,84.72,84.6,84.65,26820
2026-04-24T18:55:00+00:00,84.64,84.83,84.59,84.83,30338
2026-04-24T19:00:00+00:00,84.83,84.97,84.83,84.85,28542
2026-04-24T19:05:00+00:00,84.85,84.925,84.815,84.9,39117
2026-04-24T19:10:00+00:00,84.91,84.96,84.845,84.91,22641
2026-04-24T19:15:00+00:00,84.91,84.97,84.775,84.79,36786
2026-04-24T19:20:00+00:00,84.79,84.79,84.58,84.66,40351
2026-04-24T19:25:00+00:00,84.65,84.65,84.52,84.6,31766
2026-04-24T19:30:00+00:00,84.61,84.66,84.5,84.5,50604
2026-04-24T19:35:00+00:00,84.49,84.49,84.26,84.42,36457
2026-04-24T19:40:00+00:00,84.44,84.53,84.375,84.405,44968
2026-04-24T19:45:00+00:00,84.4,84.45,84.34,84.44,41506
2026-04-24T19:50:00+00:00,84.47,84.66,84.45,84.65,92950
2026-04-24T19:55:00+00:00,84.65,84.8,84.5,84.7,442841
2026-04-27T13:30:00+00:00,84.28,85.15,83.75,84.84,319191
2026-04-27T13:35:00+00:00,84.81,85.5,84.73,85.19,149938
2026-04-27T13:40:00+00:00,85.19,85.69,84.8,85.13,175818
2026-04-27T13:45:00+00:00,85.13,85.16,84.435,84.48,136372
2026-04-27T13:50:00+00:00,84.51,84.51,83.825,84.34,131542
2026-04-27T13:55:00+00:00,84.36,84.48,83.895,83.895,113946
2026-04-27T14:00:00+00:00,83.82,84.21,83.615,84.19,126754
2026-04-27T14:05:00+00:00,84.19,84.42,83.83,83.84,59664
2026-04-27T14:10:00+00:00,83.82,84.17,83.73,84.14,65047
2026-04-27T14:15:00+00:00,84.12,84.21,83.86,84.14,54411
2026-04-27T14:20:00+00:00,84.12,84.35,84.05,84.35,51698
2026-04-27T14:25:00+00:00,84.36,84.49,84.23,84.38,46281
2026-04-27T14:30:00+00:00,84.35,84.35,84.03,84.28,52122
2026-04-27T14:35:00+00:00,84.28,84.62,84.28,84.37,63444
2026-04-27T14:40:00+00:00,84.41,84.595,84.24,84.59,50637
2026-04-27T14:45:00+00:00,84.6,84.62,84.37,84.595,44340
2026-04-27T14:50:00+00:00,84.62,84.69,84.25,84.35,45772
2026-04-27T14:55:00+00:00,84.35,84.35,84.18,84.21,39081
2026-04-27T15:00:00+00:00,84.22,84.29,83.47,83.51,77754
2026-04-27T15:05:00+00:00,83.52,83.63,83.33,83.6,91440
2026-04-27T15:10:00+00:00,83.62,83.88,83.58,83.77,63878
2026-04-27T15:15:00+00:00,83.76,83.92,83.59,83.61,48200
2026-04-27T15:20:00+00:00,83.62,83.72,83.24,83.4,50161
2026-04-27T15:25:00+00:00,83.4,83.49,83.28,83.44,79984
2026-04-27T15:30:00+00:00,83.43,83.55,83.225,83.34,44899
2026-04-27T15:35:00+00:00,83.34,83.45,83.22,83.43,42735
2026-04-27T15:40:00+00:00,83.42,83.495,83.36,83.47,31526
2026-04-27T15:45:00+00:00,83.46,83.49,83.31,83.35,31534
2026-04-27T15:50:00+00:00,83.34,83.4,83.115,83.21,48369
2026-04-27T15:55:00+00:00,83.22,83.44,83.22,83.44,52980
2026-04-27T16:00:00+00:00,83.45,83.59,83.41,83.58,37100
2026-04-27T16:05:00+00:00,83.59,83.76,83.56,83.61,30121
2026-04-27T16:10:00+00:00,83.62,83.77,83.56,83.68,27073
2026-04-27T16:15:00+00:00,83.69,83.87,83.65,83.71,36967
2026-04-27T16:20:00+00:00,83.71,83.74,83.54,83.61,18961
2026-04-27T16:25:00+00:00,83.63,83.67,83.57,83.6,12943
2026-04-27T16:30:00+00:00,83.59,83.62,83.4,83.42,26272
2026-04-27T16:35:00+00:00,83.42,83.43,83.22,83.39,42743
2026-04-27T16:40:00+00:00,83.38,83.53,83.29,83.4,34614
2026-04-27T16:45:00+00:00,83.41,83.56,83.41,83.54,26028
2026-04-27T16:50:00+00:00,83.54,83.61,83.51,83.51,20714
2026-04-27T16:55:00+00:00,83.5,83.52,83.4,83.48,20674
2026-04-27T17:00:00+00:00,83.48,83.69,83.48,83.69,27736
2026-04-27T17:05:00+00:00,83.68,83.73,83.6,83.72,20245
2026-04-27T17:10:00+00:00,83.73,83.78,83.69,83.705,28602
2026-04-27T17:15:00+00:00,83.72,83.75,83.58,83.64,28272
2026-04-27T17:20:00+00:00,83.63,83.95,83.6,83.92,45694
2026-04-27T17:25:00+00:00,83.9,83.97,83.84,83.9,30799
2026-04-27T17:30:00+00:00,83.885,84.02,83.87,84.01,32632
2026-04-27T17:35:00+00:00,84.02,84.03,83.68,83.69,31906
2026-04-27T17:40:00+00:00,83.7,83.72,83.56,83.71,38003
2026-04-27T17:45:00+00:00,83.7,83.72,83.63,83.72,23846
2026-04-27T17:50:00+00:00,83.71,83.72,83.6,83.65,25118
2026-04-27T17:55:00+00:00,83.64,83.71,83.64,83.7,20016
2026-04-27T18:00:00+00:00,83.71,83.79,83.645,83.72,20970
2026-04-27T18:05:00+00:00,83.73,83.83,83.72,83.76,24510
2026-04-27T18:10:00+00:00,83.77,84.03,83.71,84.0,25044
2026-04-27T18:15:00+00:00,84.01,84.09,83.94,84.06,18455
2026-04-27T18:20:00+00:00,84.06,84.06,83.97,84.05,16108
2026-04-27T18:25:00+00:00,84.03,84.03,83.89,83.94,20678
2026-04-27T18:30:00+00:00,83.94,83.97,83.83,83.85,18358
2026-04-27T18:35:00+00:00,83.83,83.94,83.78,83.91,21157
2026-04-27T18:40:00+00:00,83.9,83.98,83.9,83.91,14646
2026-04-27T18:45:00+00:00,83.92,84.08,83.89,84.05,33112
2026-04-27T18:50:00+00:00,84.06,84.09,83.88,83.88,24558
2026-04-27T18:55:00+00:00,83.87,83.98,83.865,83.92,24303
2026-04-27T19:00:00+00:00,83.91,83.95,83.655,83.67,30264
2026-04-27T19:05:00+00:00,83.66,83.67,83.55,83.58,28214
2026-04-27T19:10:00+00:00,83.58,83.725,83.46,83.695,36771
2026-04-27T19:15:00+00:00,83.71,83.97,83.71,83.92,36306
2026-04-27T19:20:00+00:00,83.91,83.93,83.71,83.8,47771
2026-04-27T19:25:00+00:00,83.81,83.81,83.65,83.65,27480
2026-04-27T19:30:00+00:00,83.62,83.65,83.45,83.5,56787
2026-04-27T19:35:00+00:00,83.51,83.6,83.44,83.54,39948
2026-04-27T19:40:00+00:00,83.53,83.695,83.52,83.68,41834
2026-04-27T19:45:00+00:00,83.67,83.77,83.63,83.77,51852
2026-04-27T19:50:00+00:00,83.79,83.82,83.71,83.81,75779
2026-04-27T19:55:00+00:00,83.8,84.005,83.8,83.95,388029
2026-04-28T13:30:00+00:00,81.46,81.76,80.82,81.36,497568
2026-04-28T13:35:00+00:00,81.38,82.22,81.34,82.11,107464
2026-04-28T13:40:00+00:00,82.11,82.74,81.98,82.7,91249
2026-04-28T13:45:00+00:00,82.71,83.14,82.55,82.72,105335
2026-04-28T13:50:00+00:00,82.72,82.72,82.21,82.26,65851
2026-04-28T13:55:00+00:00,82.29,82.53,82.05,82.23,83309
2026-04-28T14:00:00+00:00,82.22,82.46,82.01,82.3,99516
2026-04-28T14:05:00+00:00,82.3,82.55,82.25,82.35,69241
2026-04-28T14:10:00+00:00,82.34,82.49,82.21,82.36,55814
2026-04-28T14:15:00+00:00,82.36,82.4,82.05,82.07,49086
2026-04-28T14:20:00+00:00,82.07,82.35,82.0,82.04,52400
2026-04-28T14:25:00+00:00,82.04,82.21,81.87,81.87,61448
2026-04-28T14:30:00+00:00,81.89,82.19,81.85,82.06,52886
2026-04-28T14:35:00+00:00,82.05,82.05,81.4,81.66,60003
2026-04-28T14:40:00+00:00,81.66,81.83,81.43,81.81,51295
2026-04-28T14:45:00+00:00,81.85,81.85,81.31,81.32,73471
2026-04-28T14:50:00+00:00,81.3,81.305,80.98,81.16,70648
2026-04-28T14:55:00+00:00,81.18,81.72,81.1,81.72,110416
2026-04-28T15:00:00+00:00,81.725,82.16,81.725,82.16,65308
2026-04-28T15:05:00+00:00,82.17,82.21,81.76,81.99,64532
2026-04-28T15:10:00+00:00,82.01,82.37,81.92,82.335,53069
2026-04-28T15:15:00+00:00,82.34,82.34,82.05,82.28,40602
2026-04-28T15:20:00+00:00,82.34,82.36,81.95,82.08,45181
2026-04-28T15:25:00+00:00,82.08,82.08,81.69,81.8,50068
2026-04-28T15:30:00+00:00,81.785,81.85,81.62,81.74,31788
2026-04-28T15:35:00+00:00,81.73,81.92,81.55,81.91,41235
2026-04-28T15:40:00+00:00,81.89,81.97,81.7,81.73,29854
2026-04-28T15:45:00+00:00,81.71,81.76,81.59,81.69,34984
2026-04-28T15:50:00+00:00,81.705,81.83,81.69,81.8,33411
2026-04-28T15:55:00+00:00,81.79,81.89,81.68,81.89,40907
2026-04-28T16:00:00+00:00,81.91,81.94,81.74,81.74,37913
2026-04-28T16:05:00+00:00,81.74,81.86,81.66,81.69,75277
2026-04-28T16:10:00+00:00,81.71,81.75,81.56,81.655,49132
2026-04-28T16:15:00+00:00,81.64,81.64,81.5,81.52,31366
2026-04-28T16:20:00+00:00,81.53,81.63,81.49,81.57,29203
2026-04-28T16:25:00+00:00,81.59,81.65,81.52,81.55,29335
2026-04-28T16:30:00+00:00,81.555,81.74,81.55,81.65,41714
2026-04-28T16:35:00+00:00,81.64,81.72,81.56,81.65,30599
2026-04-28T16:40:00+00:00,81.65,81.78,81.64,81.715,26409
2026-04-28T16:45:00+00:00,81.73,81.87,81.68,81.72,42877
2026-04-28T16:50:00+00:00,81.72,82.08,81.71,82.055,46884
2026-04-28T16:55:00+00:00,82.05,82.17,82.02,82.05,39148
2026-04-28T17:00:00+00:00,82.04,82.23,82.0,82.01,39995
2026-04-28T17:05:00+00:00,82.01,82.12,81.97,82.11,32449
2026-04-28T17:10:00+00:00,82.1,82.1,81.82,81.83,42918
2026-04-28T17:15:00+00:00,81.82,81.89,81.75,81.86,30876
2026-04-28T17:20:00+00:00,81.85,81.99,81.85,81.99,19569
2026-04-28T17:25:00+00:00,82.0,82.13,81.96,82.1,29236
2026-04-28T17:30:00+00:00,82.11,82.42,82.11,82.4,111200
2026-04-28T17:35:00+00:00,82.41,82.48,82.37,82.38,34206
2026-04-28T17:40:00+00:00,82.37,82.38,82.15,82.18,31730
2026-04-28T17:45:00+00:00,82.18,82.22,82.13,82.15,26733
2026-04-28T17:50:00+00:00,82.15,82.21,82.1,82.19,18257
2026-04-28T17:55:00+00:00,82.19,82.27,82.17,82.22,19570
2026-04-28T18:00:00+00:00,82.21,82.245,82.18,82.19,20329
2026-04-28T18:05:00+00:00,82.18,82.37,82.17,82.3,51294
2026-04-28T18:10:00+00:00,82.3,82.32,82.21,82.21,22223
2026-04-28T18:15:00+00:00,82.22,82.36,82.22,82.36,34816
2026-04-28T18:20:00+00:00,82.37,82.41,82.24,82.4,41358
2026-04-28T18:25:00+00:00,82.41,82.6,82.34,82.58,38708
2026-04-28T18:30:00+00:00,82.57,82.63,82.42,82.43,47332
2026-04-28T18:35:00+00:00,82.44,82.62,82.44,82.61,25400
2026-04-28T18:40:00+00:00,82.605,82.69,82.51,82.61,39067
2026-04-28T18:45:00+00:00,82.6,82.76,82.56,82.71,28860
2026-04-28T18:50:00+00:00,82.72,82.82,82.68,82.81,35045
2026-04-28T18:55:00+00:00,82.8,82.815,82.71,82.75,28628
2026-04-28T19:00:00+00:00,82.74,82.75,82.58,82.62,49667
2026-04-28T19:05:00+00:00,82.62,82.84,82.61,82.76,44507
2026-04-28T19:10:00+00:00,82.75,82.9,82.69,82.69,61077
2026-04-28T19:15:00+00:00,82.68,82.68,82.51,82.53,49694
2026-04-28T19:20:00+00:00,82.53,82.53,82.395,82.46,66429
2026-04-28T19:25:00+00:00,82.44,82.66,82.43,82.62,60452
2026-04-28T19:30:00+00:00,82.63,82.63,82.365,82.465,66113
2026-04-28T19:35:00+00:00,82.46,82.46,82.275,82.35,46169
2026-04-28T19:40:00+00:00,82.34,82.47,82.245,82.4,86597
2026-04-28T19:45:00+00:00,82.41,82.44,82.185,82.27,101620
2026-04-28T19:50:00+00:00,82.26,82.3,82.01,82.11,230647
2026-04-28T19:55:00+00:00,82.12,82.155,81.94,82.03,542290
2026-04-29T13:30:00+00:00,72.26,73.19,72.0,72.49,1742040
2026-04-29T13:35:00+00:00,72.45,73.15,71.62,71.73,715394
2026-04-29T13:40:00+00:00,71.74,73.39,71.66,72.75,615229
2026-04-29T13:45:00+00:00,72.75,73.26,72.29,73.23,372633
2026-04-29T13:50:00+00:00,73.21,73.59,72.71,72.9,282537
2026-04-29T13:55:00+00:00,72.93,73.2,72.4,72.5,324429
2026-04-29T14:00:00+00:00,72.47,72.47,71.61,72.35,354686
2026-04-29T14:05:00+00:00,72.3,72.32,71.56,71.76,305171
2026-04-29T14:10:00+00:00,71.74,72.25,71.53,71.55,257023
2026-04-29T14:15:00+00:00,71.535,71.67,71.18,71.18,334905
2026-04-29T14:20:00+00:00,71.18,71.19,70.75,70.98,345930
2026-04-29T14:25:00+00:00,70.99,71.24,70.77,70.89,294554
2026-04-29T14:30:00+00:00,70.88,70.88,70.255,70.59,351765
2026-04-29T14:35:00+00:00,70.59,71.015,70.38,70.74,228295
2026-04-29T14:40:00+00:00,70.73,71.25,70.69,70.91,207073
2026-04-29T14:45:00+00:00,70.89,70.89,70.4,70.565,190378
2026-04-29T14:50:00+00:00,70.56,70.81,70.53,70.69,145814
2026-04-29T14:55:00+00:00,70.7,70.9,70.5,70.65,222220
2026-04-29T15:00:00+00:00,70.64,71.08,70.56,70.715,150364
2026-04-29T15:05:00+00:00,70.71,71.0,70.51,70.53,152268
2026-04-29T15:10:00+00:00,70.52,70.8,70.5,70.73,188757
2026-04-29T15:15:00+00:00,70.7,71.11,70.62,70.96,129085
2026-04-29T15:20:00+00:00,70.98,71.38,70.77,71.37,157381
2026-04-29T15:25:00+00:00,71.38,71.44,71.175,71.34,131551
2026-04-29T15:30:00+00:00,71.34,71.52,71.22,71.4,159122
2026-04-29T15:35:00+00:00,71.4,71.465,71.16,71.39,116437
2026-04-29T15:40:00+00:00,71.37,71.42,71.18,71.23,90906
2026-04-29T15:45:00+00:00,71.22,71.42,71.18,71.28,87594
2026-04-29T15:50:00+00:00,71.275,71.35,70.51,70.56,197391
2026-04-29T15:55:00+00:00,70.56,70.86,70.46,70.82,181045
2026-04-29T16:00:00+00:00,70.835,71.045,70.71,71.045,98834
2026-04-29T16:05:00+00:00,71.04,71.16,70.83,70.89,76002
2026-04-29T16:10:00+00:00,70.88,70.91,70.65,70.7,77939
2026-04-29T16:15:00+00:00,70.695,70.82,70.57,70.6,88972
2026-04-29T16:20:00+00:00,70.595,70.74,70.595,70.67,59225
2026-04-29T16:25:00+00:00,70.67,70.71,70.55,70.57,79228
2026-04-29T16:30:00+00:00,70.57,70.57,70.17,70.38,153461
2026-04-29T16:35:00+00:00,70.41,70.48,70.24,70.47,108079
2026-04-29T16:40:00+00:00,70.48,70.6,70.36,70.57,77000
2026-04-29T16:45:00+00:00,70.57,70.77,70.55,70.66,71862
2026-04-29T16:50:00+00:00,70.64,70.64,70.445,70.53,57929
2026-04-29T16:55:00+00:00,70.54,70.6,70.3,70.35,73172
2026-04-29T17:00:00+00:00,70.355,70.44,70.24,70.4,90005
2026-04-29T17:05:00+00:00,70.41,70.53,70.36,70.49,68302
2026-04-29T17:10:00+00:00,70.49,70.555,70.26,70.33,73678
2026-04-29T17:15:00+00:00,70.32,70.43,70.24,70.29,77157
2026-04-29T17:20:00+00:00,70.29,70.5,70.24,70.24,91354
2026-04-29T17:25:00+00:00,70.25,70.39,70.24,70.37,68677
2026-04-29T17:30:00+00:00,70.38,70.59,70.35,70.48,66770
2026-04-29T17:35:00+00:00,70.45,70.47,70.13,70.205,94891
2026-04-29T17:40:00+00:00,70.21,70.48,70.105,70.47,80769
2026-04-29T17:45:00+00:00,70.47,70.7,70.34,70.63,89189
2026-04-29T17:50:00+00:00,70.63,70.86,70.57,70.78,134589
2026-04-29T17:55:00+00:00,70.78,70.86,70.57,70.74,87334
2026-04-29T18:00:00+00:00,70.74,70.74,70.25,70.28,144289
2026-04-29T18:05:00+00:00,70.29,70.375,70.08,70.085,147684
2026-04-29T18:10:00+00:00,70.09,70.11,69.995,70.05,278828
2026-04-29T18:15:00+00:00,70.025,70.28,69.96,70.085,106175
2026-04-29T18:20:00+00:00,70.07,70.25,70.0,70.15,84503
2026-04-29T18:25:00+00:00,70.15,70.17,70.08,70.1,89053
2026-04-29T18:30:00+00:00,70.1,70.27,69.94,70.21,105473
2026-04-29T18:35:00+00:00,70.21,70.635,70.2,70.38,130526
2026-04-29T18:40:00+00:00,70.39,70.56,70.315,70.32,124560
2026-04-29T18:45:00+00:00,70.31,70.55,70.26,70.48,81188
2026-04-29T18:50:00+00:00,70.48,70.78,70.47,70.66,74911
2026-04-29T18:55:00+00:00,70.63,70.84,70.6,70.81,69559
2026-04-29T19:00:00+00:00,70.8,71.34,70.795,71.16,129447
2026-04-29T19:05:00+00:00,71.15,71.15,70.865,70.89,98394
2026-04-29T19:10:00+00:00,70.89,71.16,70.82,71.04,72102
2026-04-29T19:15:00+00:00,71.05,71.24,71.01,71.05,94828
2026-04-29T19:20:00+00:00,71.04,71.27,71.03,71.12,79882
2026-04-29T19:25:00+00:00,71.12,71.13,70.94,70.94,72620
2026-04-29T19:30:00+00:00,70.93,70.93,70.66,70.79,110416
2026-04-29T19:35:00+00:00,70.79,70.89,70.67,70.7,100286
2026-04-29T19:40:00+00:00,70.7,70.87,70.6,70.87,114143
2026-04-29T19:45:00+00:00,70.87,71.3,70.85,71.205,167171
2026-04-29T19:50:00+00:00,71.19,71.375,70.94,71.3,239269
2026-04-29T19:55:00+00:00,71.29,71.4,71.1,71.21,717124
2026-04-30T13:30:00+00:00,71.0,72.25,70.76,72.05,631110
2026-04-30T13:35:00+00:00,72.03,72.97,72.02,72.53,242474
2026-04-30T13:40:00+00:00,72.52,73.27,72.52,73.04,271257
2026-04-30T13:45:00+00:00,73.02,73.03,72.34,72.66,185918
2026-04-30T13:50:00+00:00,72.67,72.72,72.24,72.43,105143
2026-04-30T13:55:00+00:00,72.46,73.12,72.37,72.92,149583
2026-04-30T14:00:00+00:00,72.91,73.13,72.75,72.93,100809
2026-04-30T14:05:00+00:00,72.93,73.115,72.785,72.99,136641
2026-04-30T14:10:00+00:00,73.0,73.01,72.5,72.63,116124
2026-04-30T14:15:00+00:00,72.63,72.65,72.155,72.63,140460
2026-04-30T14:20:00+00:00,72.625,72.945,72.49,72.81,86162
2026-04-30T14:25:00+00:00,72.81,72.81,72.535,72.54,91087
2026-04-30T14:30:00+00:00,72.5,72.8,72.4,72.5,89186
2026-04-30T14:35:00+00:00,72.52,72.83,72.42,72.56,77026
2026-04-30T14:40:00+00:00,72.55,72.97,72.55,72.895,84832
2026-04-30T14:45:00+00:00,72.9,73.185,72.9,73.185,107841
2026-04-30T14:50:00+00:00,73.16,73.49,73.125,73.35,120812
2026-04-30T14:55:00+00:00,73.36,73.42,73.19,73.37,62810
2026-04-30T15:00:00+00:00,73.39,73.62,73.35,73.5,86670
2026-04-30T15:05:00+00:00,73.49,73.54,73.31,73.54,82803
2026-04-30T15:10:00+00:00,73.55,73.61,73.3,73.49,53423
2026-04-30T15:15:00+00:00,73.5,73.78,73.5,73.78,59138
2026-04-30T15:20:00+00:00,73.79,73.87,73.595,73.68,67747
2026-04-30T15:25:00+00:00,73.69,73.77,73.54,73.59,59713
2026-04-30T15:30:00+00:00,73.58,73.775,73.46,73.46,53768
2026-04-30T15:35:00+00:00,73.44,73.45,73.06,73.08,66588
2026-04-30T15:40:00+00:00,73.09,73.32,72.99,73.29,54335
2026-04-30T15:45:00+00:00,73.29,73.44,73.15,73.44,48219
2026-04-30T15:50:00+00:00,73.44,73.46,73.27,73.43,45653
2026-04-30T15:55:00+00:00,73.44,73.5,73.235,73.235,41069
2026-04-30T16:00:00+00:00,73.23,73.36,73.18,73.36,39556
2026-04-30T16:05:00+00:00,73.37,73.44,73.26,73.26,34924
2026-04-30T16:10:00+00:00,73.25,73.39,73.25,73.34,29059
2026-04-30T16:15:00+00:00,73.34,73.34,73.14,73.145,32178
2026-04-30T16:20:00+00:00,73.145,73.24,73.03,73.03,37775
2026-04-30T16:25:00+00:00,73.01,73.01,72.89,72.945,37999
2026-04-30T16:30:00+00:00,72.94,72.94,72.65,72.67,52459
2026-04-30T16:35:00+00:00,72.67,72.76,72.565,72.74,43341
2026-04-30T16:40:00+00:00,72.73,72.84,72.705,72.71,34925
2026-04-30T16:45:00+00:00,72.715,72.74,72.62,72.62,35566
2026-04-30T16:50:00+00:00,72.62,72.65,72.305,72.31,47049
2026-04-30T16:55:00+00:00,72.3,72.3,71.94,72.08,64823
2026-04-30T17:00:00+00:00,72.07,72.32,72.07,72.3,48602
2026-04-30T17:05:00+00:00,72.3,72.445,72.26,72.4,36235
2026-04-30T17:10:00+00:00,72.415,72.415,72.19,72.27,63381
2026-04-30T17:15:00+00:00,72.26,72.28,72.17,72.18,29077
2026-04-30T17:20:00+00:00,72.19,72.33,72.165,72.31,35057
2026-04-30T17:25:00+00:00,72.3,72.42,72.27,72.42,36562
2026-04-30T17:30:00+00:00,72.43,72.68,72.43,72.65,51026
2026-04-30T17:35:00+00:00,72.64,72.645,72.435,72.47,33915
2026-04-30T17:40:00+00:00,72.48,72.52,72.41,72.5,40739
2026-04-30T17:45:00+00:00,72.49,72.67,72.49,72.65,36754
2026-04-30T17:50:00+00:00,72.63,72.66,72.55,72.6,28893
2026-04-30T17:55:00+00:00,72.605,72.835,72.605,72.77,26058
2026-04-30T18:00:00+00:00,72.76,72.95,72.76,72.9,40192
2026-04-30T18:05:00+00:00,72.9,72.95,72.81,72.93,44957
2026-04-30T18:10:00+00:00,72.91,72.97,72.845,72.905,42946
2026-04-30T18:15:00+00:00,72.91,73.21,72.9,73.08,50731
2026-04-30T18:20:00+00:00,73.07,73.095,73.005,73.005,32227
2026-04-30T18:25:00+00:00,73.0,73.02,72.87,72.91,37455
2026-04-30T18:30:00+00:00,72.93,72.95,72.86,72.93,28676
2026-04-30T18:35:00+00:00,72.94,73.1,72.93,73.1,27184
2026-04-30T18:40:00+00:00,73.1,73.18,73.03,73.17,31555
2026-04-30T18:45:00+00:00,73.16,73.44,73.16,73.44,46318
2026-04-30T18:50:00+00:00,73.435,73.48,73.21,73.21,58348
2026-04-30T18:55:00+00:00,73.19,73.19,73.085,73.095,38910
2026-04-30T19:00:00+00:00,73.09,73.18,73.06,73.07,51432
2026-04-30T19:05:00+00:00,73.06,73.06,72.87,72.9,48004
2026-04-30T19:10:00+00:00,72.89,73.025,72.88,72.96,39759
2026-04-30T19:15:00+00:00,72.94,73.25,72.91,73.205,53944
2026-04-30T19:20:00+00:00,73.2,73.25,73.11,73.19,48061
2026-04-30T19:25:00+00:00,73.19,73.19,73.09,73.1,42302
2026-04-30T19:30:00+00:00,73.095,73.175,72.96,72.96,76070
2026-04-30T19:35:00+00:00,72.95,72.975,72.815,72.9,53949
2026-04-30T19:40:00+00:00,72.89,72.89,72.745,72.75,55237
2026-04-30T19:45:00+00:00,72.75,72.78,72.66,72.775,68193
2026-04-30T19:50:00+00:00,72.77,72.87,72.72,72.775,135371
2026-04-30T19:55:00+00:00,72.77,73.09,72.655,72.91,360773
2026-05-01T13:30:00+00:00,73.775,74.25,73.42,73.83,459035
2026-05-01T13:35:00+00:00,73.81,74.37,73.36,73.55,578473
2026-05-01T13:40:00+00:00,73.58,73.88,73.19,73.432,449348
2026-05-01T13:45:00+00:00,73.4,73.815,73.06,73.53,305448
2026-05-01T13:50:00+00:00,73.53,74.172,73.26,74.13,351267
2026-05-01T13:55:00+00:00,74.085,74.6,73.91,74.16,569672
2026-05-01T14:00:00+00:00,74.15,74.42,73.88,73.89,304851
2026-05-01T14:05:00+00:00,73.895,74.22,73.831,73.95,232852
2026-05-01T14:10:00+00:00,73.91,74.08,73.71,73.75,213814
2026-05-01T14:15:00+00:00,73.72,73.74,73.24,73.499,324298
2026-05-01T14:20:00+00:00,73.5,73.76,73.384,73.675,222394
2026-05-01T14:25:00+00:00,73.68,73.68,73.37,73.46,167111
2026-05-01T14:30:00+00:00,73.46,73.55,73.21,73.49,208543
2026-05-01T14:35:00+00:00,73.516,73.74,73.25,73.698,148056
2026-05-01T14:40:00+00:00,73.7,74.0,73.544,73.9,224091
2026-05-01T14:45:00+00:00,73.89,74.15,73.849,73.864,234186
2026-05-01T14:50:00+00:00,73.862,74.2,73.81,74.07,296223
2026-05-01T14:55:00+00:00,74.03,74.52,74.02,74.42,244698
2026-05-01T15:00:00+00:00,74.437,74.46,74.05,74.201,450844
2026-05-01T15:05:00+00:00,74.22,74.44,74.141,74.265,160084
2026-05-01T15:10:00+00:00,74.23,74.64,74.23,74.58,320064
2026-05-01T15:15:00+00:00,74.583,74.8,74.325,74.342,262475
2026-05-01T15:20:00+00:00,74.35,74.415,74.224,74.25,155752
2026-05-01T15:25:00+00:00,74.24,74.359,74.21,74.325,141196
2026-05-01T15:30:00+00:00,74.33,74.495,74.274,74.33,149821
2026-05-01T15:35:00+00:00,74.335,74.97,74.32,74.68,323374
2026-05-01T15:40:00+00:00,74.67,75.1,74.67,75.04,458188
2026-05-01T15:45:00+00:00,75.04,75.28,75.04,75.175,283665
2026-05-01T15:50:00+00:00,75.175,75.195,74.66,74.67,363461
2026-05-01T15:55:00+00:00,74.685,74.955,74.64,74.84,136025
2026-05-01T16:00:00+00:00,74.85,75.046,74.77,75.04,139115
2026-05-01T16:05:00+00:00,75.04,75.12,74.78,74.78,147189
2026-05-01T16:10:00+00:00,74.76,74.78,74.59,74.67,107396
2026-05-01T16:15:00+00:00,74.67,74.719,74.55,74.63,114933
2026-05-01T16:20:00+00:00,74.63,74.71,74.39,74.43,153856
2026-05-01T16:25:00+00:00,74.44,74.81,74.23,74.784,431030
2026-05-01T16:30:00+00:00,74.76,74.87,74.63,74.73,155463
2026-05-01T16:35:00+00:00,74.745,74.91,74.7,74.885,97302
2026-05-01T16:40:00+00:00,74.88,74.9,74.71,74.75,107575
2026-05-01T16:45:00+00:00,74.73,74.83,74.545,74.61,142202
2026-05-01T16:50:00+00:00,74.615,74.87,74.58,74.87,134363
2026-05-01T16:55:00+00:00,74.87,74.98,74.84,74.94,101375
2026-05-01T17:00:00+00:00,74.95,75.085,74.92,74.921,118639
2026-05-01T17:05:00+00:00,74.92,75.045,74.87,74.933,118729
2026-05-01T17:10:00+00:00,74.935,75.12,74.935,75.115,110894
2026-05-01T17:15:00+00:00,75.12,75.15,75.01,75.08,87701
2026-05-01T17:20:00+00:00,75.08,75.12,74.97,74.98,108275
2026-05-01T17:25:00+00:00,74.99,75.035,74.9,75.025,154785
2026-05-01T17:30:00+00:00,75.03,75.12,75.03,75.06,60565
2026-05-01T17:35:00+00:00,75.06,75.18,75.0,75.175,119475
2026-05-01T17:40:00+00:00,75.17,75.21,74.97,75.11,115331
2026-05-01T17:45:00+00:00,75.11,75.12,74.92,75.03,76911
2026-05-01T17:50:00+00:00,75.03,75.055,74.94,74.98,122066
2026-05-01T17:55:00+00:00,74.98,75.06,74.965,75.03,112193
2026-05-01T18:00:00+00:00,75.04,75.12,74.9,74.904,127685
2026-05-01T18:05:00+00:00,74.905,74.93,74.75,74.825,114124
2026-05-01T18:10:00+00:00,74.83,74.87,74.74,74.783,68046
2026-05-01T18:15:00+00:00,74.79,74.83,74.664,74.715,83492
2026-05-01T18:20:00+00:00,74.71,74.93,74.69,74.87,112906
2026-05-01T18:25:00+00:00,74.84,74.88,74.7,74.81,203381
2026-05-01T18:30:00+00:00,74.8,74.8,74.52,74.58,123352
2026-05-01T18:35:00+00:00,74.59,74.59,74.42,74.43,105543
2026-05-01T18:40:00+00:00,74.43,74.448,74.29,74.375,108808
2026-05-01T18:45:00+00:00,74.372,74.399,74.28,74.35,115559
2026-05-01T18:50:00+00:00,74.36,74.38,74.081,74.081,218245
2026-05-01T18:55:00+00:00,74.09,74.2,74.05,74.09,154037
2026-05-01T19:00:00+00:00,74.085,74.25,74.016,74.22,157114
2026-05-01T19:05:00+00:00,74.21,74.43,74.21,74.35,165741
2026-05-01T19:10:00+00:00,74.34,74.42,74.28,74.39,103347
2026-05-01T19:15:00+00:00,74.4,74.479,74.33,74.375,114355
2026-05-01T19:20:00+00:00,74.37,74.443,74.33,74.34,83705
2026-05-01T19:25:00+00:00,74.335,74.39,74.26,74.26,119025
2026-05-01T19:30:00+00:00,74.28,74.325,74.16,74.24,134059
2026-05-01T19:35:00+00:00,74.23,74.26,74.16,74.22,90574
2026-05-01T19:40:00+00:00,74.22,74.24,74.145,74.235,110994
2026-05-01T19:45:00+00:00,74.23,74.34,74.08,74.115,165782
2026-05-01T19:50:00+00:00,74.11,74.12,73.83,73.835,370470
2026-05-01T19:55:00+00:00,73.83,73.84,73.61,73.66,960478
2026-05-04T13:30:00+00:00,74.7,77.19,74.66,77.048,1152348
2026-05-04T13:35:00+00:00,77.03,77.96,77.022,77.55,755826
2026-05-04T13:40:00+00:00,77.538,77.6,76.53,76.549,628574
2026-05-04T13:45:00+00:00,76.5,77.049,76.16,76.579,701946
2026-05-04T13:50:00+00:00,76.55,76.887,76.1,76.54,505383
2026-05-04T13:55:00+00:00,76.52,77.19,76.325,76.76,360708
2026-05-04T14:00:00+00:00,76.72,76.83,76.07,76.07,349284
2026-05-04T14:05:00+00:00,76.102,76.52,75.84,76.36,400692
2026-05-04T14:10:00+00:00,76.35,76.78,76.31,76.68,253215
2026-05-04T14:15:00+00:00,76.65,77.1,76.46,77.085,305388
2026-05-04T14:20:00+00:00,77.1,77.49,77.03,77.48,409995
2026-05-04T14:25:00+00:00,77.48,77.57,77.271,77.3,285834
2026-05-04T14:30:00+00:00,77.3,78.089,77.225,77.93,458520
2026-05-04T14:35:00+00:00,77.93,78.155,77.72,77.81,367969
2026-05-04T14:40:00+00:00,77.825,77.955,77.46,77.505,285439
2026-05-04T14:45:00+00:00,77.48,77.945,77.47,77.945,229966
2026-05-04T14:50:00+00:00,77.95,78.29,77.82,78.11,289258
2026-05-04T14:55:00+00:00,78.115,78.17,77.23,77.27,355643
2026-05-04T15:00:00+00:00,77.28,77.74,77.08,77.57,293580
2026-05-04T15:05:00+00:00,77.55,77.68,77.47,77.54,240708
2026-05-04T15:10:00+00:00,77.53,77.695,77.39,77.69,246639
2026-05-04T15:15:00+00:00,77.67,77.89,77.12,77.18,285695
2026-05-04T15:20:00+00:00,77.18,77.214,76.675,76.735,371101
2026-05-04T15:25:00+00:00,76.75,77.31,76.73,77.147,281832
2026-05-04T15:30:00+00:00,77.17,77.185,76.68,76.785,206871
2026-05-04T15:35:00+00:00,76.78,76.79,76.25,76.293,310739
2026-05-04T15:40:00+00:00,76.285,76.73,76.007,76.72,359916
2026-05-04T15:45:00+00:00,76.7,76.835,76.395,76.468,171262
2026-05-04T15:50:00+00:00,76.404,76.765,76.245,76.74,181151
2026-05-04T15:55:00+00:00,76.74,76.88,76.57,76.682,191715
2026-05-04T16:00:00+00:00,76.71,76.83,76.52,76.615,124603
2026-05-04T16:05:00+00:00,76.63,76.66,75.98,76.2,256449
2026-05-04T16:10:00+00:00,76.2,76.45,76.05,76.085,150724
2026-05-04T16:15:00+00:00,76.08,76.72,75.88,76.6,315173
2026-05-04T16:20:00+00:00,76.63,76.79,76.56,76.63,150974
2026-05-04T16:25:00+00:00,76.64,76.77,76.515,76.68,131499
2026-05-04T16:30:00+00:00,76.69,76.76,76.51,76.76,100767
2026-05-04T16:35:00+00:00,76.77,76.89,76.598,76.67,215802
2026-05-04T16:40:00+00:00,76.65,77.0,76.65,76.895,154629
2026-05-04T16:45:00+00:00,76.89,76.927,76.78,76.927,125893
2026-05-04T16:50:00+00:00,76.9,76.913,76.7,76.768,202490
2026-05-04T16:55:00+00:00,76.785,76.86,76.65,76.67,93450
2026-05-04T17:00:00+00:00,76.68,76.854,76.58,76.78,165643
2026-05-04T17:05:00+00:00,76.79,76.925,76.67,76.75,138899
2026-05-04T17:10:00+00:00,76.745,76.9,76.72,76.859,91050
2026-05-04T17:15:00+00:00,76.86,77.36,76.845,77.215,192914
2026-05-04T17:20:00+00:00,77.2,77.36,77.174,77.275,110284
2026-05-04T17:25:00+00:00,77.29,77.3,77.15,77.21,66921
2026-05-04T17:30:00+00:00,77.215,77.33,77.2,77.24,85566
2026-05-04T17:35:00+00:00,77.26,77.38,77.14,77.35,106151
2026-05-04T17:40:00+00:00,77.37,77.42,77.25,77.389,76144
2026-05-04T17:45:00+00:00,77.38,77.4,77.28,77.329,72656
2026-05-04T17:50:00+00:00,77.295,77.67,77.295,77.59,198080
2026-05-04T17:55:00+00:00,77.59,77.76,77.476,77.485,151730
2026-05-04T18:00:00+00:00,77.475,77.657,77.335,77.53,142326
2026-05-04T18:05:00+00:00,77.53,77.535,77.23,77.24,124030
2026-05-04T18:10:00+00:00,77.23,77.3,77.12,77.14,98738
2026-05-04T18:15:00+00:00,77.12,77.18,77.05,77.08,82227
2026-05-04T18:20:00+00:00,77.06,77.115,76.92,76.97,78934
2026-05-04T18:25:00+00:00,76.96,77.01,76.75,77.0,141219
2026-05-04T18:30:00+00:00,77.01,77.04,76.86,76.98,76679
2026-05-04T18:35:00+00:00,76.99,77.06,76.88,77.05,74041
2026-05-04T18:40:00+00:00,77.06,77.13,76.92,76.93,89047
2026-05-04T18:45:00+00:00,76.93,76.97,76.82,76.89,110696
2026-05-04T18:50:00+00:00,76.895,76.92,76.755,76.8,92685
2026-05-04T18:55:00+00:00,76.79,77.04,76.78,76.98,88631
2026-05-04T19:00:00+00:00,76.98,77.01,76.78,76.85,72265
2026-05-04T19:05:00+00:00,76.84,77.1,76.8,76.97,199964
2026-05-04T19:10:00+00:00,76.96,76.99,76.78,76.82,79735
2026-05-04T19:15:00+00:00,76.83,76.83,76.611,76.695,111669
2026-05-04T19:20:00+00:00,76.7,76.7,76.58,76.644,96787
2026-05-04T19:25:00+00:00,76.65,76.76,76.5,76.69,89173
2026-05-04T19:30:00+00:00,76.7,76.75,76.6,76.6,81440
2026-05-04T19:35:00+00:00,76.6,76.67,76.55,76.631,92139
2026-05-04T19:40:00+00:00,76.64,76.68,76.61,76.65,65490
2026-05-04T19:45:00+00:00,76.64,76.83,76.635,76.675,142772
2026-05-04T19:50:00+00:00,76.67,76.7,76.518,76.56,261460
2026-05-04T19:55:00+00:00,76.56,76.625,76.41,76.55,750179
2026-05-05T13:30:00+00:00,77.615,78.12,77.07,77.665,1298068
2026-05-05T13:35:00+00:00,77.61,78.04,77.25,77.281,507908
2026-05-05T13:40:00+00:00,77.25,77.55,76.709,77.33,581672
2026-05-05T13:45:00+00:00,77.303,78.24,77.27,78.0,439387
2026-05-05T13:50:00+00:00,78.005,78.4,77.5,77.64,447013
2026-05-05T13:55:00+00:00,77.62,77.86,77.42,77.43,283988
2026-05-05T14:00:00+00:00,77.46,77.81,77.2,77.21,355075
2026-05-05T14:05:00+00:00,77.2,77.2,76.63,76.71,332458
2026-05-05T14:10:00+00:00,76.727,77.15,76.63,76.96,436062
2026-05-05T14:15:00+00:00,76.94,77.17,76.689,76.88,279040
2026-05-05T14:20:00+00:00,76.85,77.355,76.69,77.275,241459
2026-05-05T14:25:00+00:00,77.257,77.39,77.048,77.075,136250
2026-05-05T14:30:00+00:00,77.06,77.156,76.925,77.0,182849
2026-05-05T14:35:00+00:00,77.015,77.18,76.49,76.54,266417
2026-05-05T14:40:00+00:00,76.56,77.21,76.54,77.16,314940
2026-05-05T14:45:00+00:00,77.165,77.33,77.06,77.23,152300
2026-05-05T14:50:00+00:00,77.24,77.55,77.115,77.54,156314
2026-05-05T14:55:00+00:00,77.55,77.83,77.49,77.83,261211
2026-05-05T15:00:00+00:00,77.83,78.24,77.6,78.23,290056
2026-05-05T15:05:00+00:00,78.2,78.45,77.96,78.115,355119
2026-05-05T15:10:00+00:00,78.13,78.13,77.82,77.84,163282
2026-05-05T15:15:00+00:00,77.823,78.03,77.8,77.895,157576
2026-05-05T15:20:00+00:00,77.85,77.91,77.645,77.65,180402
2026-05-05T15:25:00+00:00,77.66,78.0,77.65,78.0,130369
2026-05-05T15:30:00+00:00,78.01,78.09,77.79,77.81,115305
2026-05-05T15:35:00+00:00,77.8,78.03,77.8,77.96,79108
2026-05-05T15:40:00+00:00,77.95,78.15,77.93,78.11,109922
2026-05-05T15:45:00+00:00,78.11,78.25,78.11,78.2,113308
2026-05-05T15:50:00+00:00,78.203,78.218,77.77,77.8,154541
2026-05-05T15:55:00+00:00,77.77,77.89,77.61,77.65,225933
2026-05-05T16:00:00+00:00,77.66,77.745,77.6,77.65,117746
2026-05-05T16:05:00+00:00,77.665,77.741,77.58,77.596,82421
2026-05-05T16:10:00+00:00,77.6,77.61,77.23,77.25,144407
2026-05-05T16:15:00+00:00,77.23,77.27,77.09,77.24,149593
2026-05-05T16:20:00+00:00,77.24,77.41,77.17,77.38,151883
2026-05-05T16:25:00+00:00,77.36,77.39,77.072,77.207,124403
2026-05-05T16:30:00+00:00,77.21,77.213,76.91,76.96,169700
2026-05-05T16:35:00+00:00,76.96,77.22,76.93,76.94,178431
2026-05-05T16:40:00+00:00,76.93,77.15,76.85,77.1,106622
2026-05-05T16:45:00+00:00,77.092,77.28,77.03,77.225,128383
2026-05-05T16:50:00+00:00,77.23,78.75,77.2,77.41,592282
2026-05-05T16:55:00+00:00,77.41,77.575,77.302,77.405,159489
2026-05-05T17:00:00+00:00,77.39,77.455,77.317,77.35,92624
2026-05-05T17:05:00+00:00,77.36,77.46,77.11,77.15,123087
2026-05-05T17:10:00+00:00,77.14,77.58,77.11,77.441,114493
2026-05-05T17:15:00+00:00,77.46,77.56,77.38,77.48,104305
2026-05-05T17:20:00+00:00,77.49,77.67,77.44,77.48,134191
2026-05-05T17:25:00+00:00,77.48,77.56,77.46,77.5,62976
2026-05-05T17:30:00+00:00,77.5,77.515,77.285,77.305,65441
2026-05-05T17:35:00+00:00,77.31,77.365,77.2,77.205,82056
2026-05-05T17:40:00+00:00,77.22,77.42,77.19,77.405,63132
2026-05-05T17:45:00+00:00,77.38,77.43,77.35,77.406,54043
2026-05-05T17:50:00+00:00,77.42,77.55,77.4,77.49,60527
2026-05-05T17:55:00+00:00,77.49,77.514,77.28,77.28,64942
2026-05-05T18:00:00+00:00,77.3,77.39,77.244,77.315,113181
2026-05-05T18:05:00+00:00,77.32,77.375,77.19,77.27,87044
2026-05-05T18:10:00+00:00,77.27,77.33,77.15,77.33,87743
2026-05-05T18:15:00+00:00,77.34,77.39,77.12,77.135,97547
2026-05-05T18:20:00+00:00,77.14,77.247,77.11,77.14,59583
2026-05-05T18:25:00+00:00,77.15,77.27,77.1,77.2,73779
2026-05-05T18:30:00+00:00,77.19,77.25,77.04,77.11,88155
2026-05-05T18:35:00+00:00,77.1,77.2,77.0,77.016,98404
2026-05-05T18:40:00+00:00,77.02,77.12,76.97,77.06,109851
2026-05-05T18:45:00+00:00,77.041,77.23,77.01,77.145,138074
2026-05-05T18:50:00+00:00,77.145,77.19,76.9,77.05,159041
2026-05-05T18:55:00+00:00,77.07,77.19,77.03,77.095,101099
2026-05-05T19:00:00+00:00,77.085,77.12,76.925,77.11,124716
2026-05-05T19:05:00+00:00,77.095,77.13,76.99,77.035,78377
2026-05-05T19:10:00+00:00,77.015,77.18,77.0,77.14,80786
2026-05-05T19:15:00+00:00,77.12,77.35,77.1,77.31,121426
2026-05-05T19:20:00+00:00,77.31,77.32,77.22,77.28,94164
2026-05-05T19:25:00+00:00,77.28,77.3,77.16,77.21,100569
2026-05-05T19:30:00+00:00,77.2,77.25,76.97,76.98,113565
2026-05-05T19:35:00+00:00,76.98,77.15,76.95,77.12,122473
2026-05-05T19:40:00+00:00,77.135,77.15,77.015,77.15,96119
2026-05-05T19:45:00+00:00,77.15,77.25,77.1,77.17,158066
2026-05-05T19:50:00+00:00,77.16,77.192,76.849,76.885,214200
2026-05-05T19:55:00+00:00,76.9,77.09,76.874,77.03,567489
2026-05-06T13:30:00+00:00,77.8,78.27,77.32,78.192,533174
2026-05-06T13:35:00+00:00,78.22,78.63,77.79,78.046,409402
2026-05-06T13:40:00+00:00,78.0,78.305,77.91,78.14,372440
2026-05-06T13:45:00+00:00,78.15,78.27,77.16,77.34,402679
2026-05-06T13:50:00+00:00,77.34,77.369,76.765,77.27,466388
2026-05-06T13:55:00+00:00,77.24,77.4,76.92,76.971,333067
2026-05-06T14:00:00+00:00,77.0,77.1,76.56,76.603,256538
2026-05-06T14:05:00+00:00,76.6,76.89,76.19,76.88,369114
2026-05-06T14:10:00+00:00,76.9,77.1,76.755,77.065,260743
2026-05-06T14:15:00+00:00,77.05,77.31,77.01,77.175,233562
2026-05-06T14:20:00+00:00,77.19,77.39,77.05,77.17,158420
2026-05-06T14:25:00+00:00,77.17,77.28,76.83,76.88,181566
2026-05-06T14:30:00+00:00,76.86,77.262,76.86,77.15,183746
2026-05-06T14:35:00+00:00,77.15,77.275,77.0,77.035,267105
2026-05-06T14:40:00+00:00,77.02,77.17,76.955,77.09,179075
2026-05-06T14:45:00+00:00,77.11,77.375,77.105,77.23,243413
2026-05-06T14:50:00+00:00,77.225,77.35,77.15,77.245,94599
2026-05-06T14:55:00+00:00,77.254,77.461,77.13,77.18,177538
2026-05-06T15:00:00+00:00,77.18,77.23,77.0,77.12,134127
2026-05-06T15:05:00+00:00,77.13,77.171,77.01,77.014,156825
2026-05-06T15:10:00+00:00,77.02,77.2,76.89,76.928,208801
2026-05-06T15:15:00+00:00,76.93,77.2,76.91,77.13,111171
2026-05-06T15:20:00+00:00,77.15,77.24,76.93,76.93,115112
2026-05-06T15:25:00+00:00,76.93,76.97,76.66,76.679,241646
2026-05-06T15:30:00+00:00,76.68,76.94,76.67,76.94,147717
2026-05-06T15:35:00+00:00,76.926,77.05,76.77,76.77,196585
2026-05-06T15:40:00+00:00,76.78,76.89,76.64,76.85,166402
2026-05-06T15:45:00+00:00,76.83,77.25,76.8,77.21,216438
2026-05-06T15:50:00+00:00,77.21,77.55,77.21,77.54,165863
2026-05-06T15:55:00+00:00,77.548,77.68,77.47,77.64,172730
2026-05-06T16:00:00+00:00,77.64,77.74,77.54,77.696,162559
2026-05-06T16:05:00+00:00,77.68,77.733,77.56,77.61,122936
2026-05-06T16:10:00+00:00,77.62,77.827,77.59,77.8,129035
2026-05-06T16:15:00+00:00,77.79,78.1,77.74,78.03,173959
2026-05-06T16:20:00+00:00,78.035,78.34,78.01,78.23,297239
2026-05-06T16:25:00+00:00,78.23,78.339,78.11,78.16,224811
2026-05-06T16:30:00+00:00,78.15,78.205,77.91,77.92,168737
2026-05-06T16:35:00+00:00,77.92,78.21,77.76,78.2,118765
2026-05-06T16:40:00+00:00,78.21,78.24,78.07,78.125,143221
2026-05-06T16:45:00+00:00,78.125,78.195,77.98,78.08,138938
2026-05-06T16:50:00+00:00,78.09,78.18,77.75,77.755,114278
2026-05-06T16:55:00+00:00,77.76,77.97,77.64,77.87,192410
2026-05-06T17:00:00+00:00,77.87,78.26,77.87,78.245,121520
2026-05-06T17:05:00+00:00,78.235,78.289,78.17,78.2,81550
2026-05-06T17:10:00+00:00,78.21,78.31,78.2,78.2,98815
2026-05-06T17:15:00+00:00,78.197,78.225,77.94,78.02,109976
2026-05-06T17:20:00+00:00,78.021,78.05,77.83,77.85,91182
2026-05-06T17:25:00+00:00,77.851,78.08,77.788,78.03,121867
2026-05-06T17:30:00+00:00,78.01,78.03,77.81,77.974,92546
2026-05-06T17:35:00+00:00,77.97,78.095,77.821,77.83,100568
2026-05-06T17:40:00+00:00,77.83,77.986,77.806,77.95,87983
2026-05-06T17:45:00+00:00,77.95,77.98,77.785,77.85,108812
2026-05-06T17:50:00+00:00,77.86,77.86,77.724,77.81,96693
2026-05-06T17:55:00+00:00,77.81,77.84,77.53,77.59,130054
2026-05-06T18:00:00+00:00,77.6,77.63,77.5,77.614,118000
2026-05-06T18:05:00+00:00,77.625,77.73,77.61,77.68,87395
2026-05-06T18:10:00+00:00,77.68,77.716,77.554,77.7,130653
2026-05-06T18:15:00+00:00,77.71,77.85,77.68,77.7,138200
2026-05-06T18:20:00+00:00,77.68,77.74,77.625,77.695,92149
2026-05-06T18:25:00+00:00,77.7,77.855,77.69,77.753,104463
2026-05-06T18:30:00+00:00,77.755,77.77,77.628,77.65,91054
2026-05-06T18:35:00+00:00,77.64,77.81,77.625,77.68,100375
2026-05-06T18:40:00+00:00,77.67,77.79,77.645,77.765,95984
2026-05-06T18:45:00+00:00,77.765,78.06,77.765,77.83,136226
2026-05-06T18:50:00+00:00,77.82,77.985,77.78,77.935,99318
2026-05-06T18:55:00+00:00,77.935,77.935,77.75,77.825,121023
2026-05-06T19:00:00+00:00,77.81,78.1,77.81,78.08,127857
2026-05-06T19:05:00+00:00,78.08,78.1,77.98,78.03,110640
2026-05-06T19:10:00+00:00,78.025,78.41,78.025,78.33,201610
2026-05-06T19:15:00+00:00,78.34,78.93,78.32,78.93,277577
2026-05-06T19:20:00+00:00,78.93,79.24,78.93,79.21,603911
2026-05-06T19:25:00+00:00,79.21,79.24,78.84,78.895,260543
2026-05-06T19:30:00+00:00,78.88,79.15,78.87,79.1,188441
2026-05-06T19:35:00+00:00,79.08,79.23,78.987,79.13,173252
2026-05-06T19:40:00+00:00,79.12,79.41,79.09,79.405,235740
2026-05-06T19:45:00+00:00,79.4,79.49,79.17,79.19,245196
2026-05-06T19:50:00+00:00,79.21,79.305,79.04,79.13,285176
2026-05-06T19:55:00+00:00,79.14,79.165,78.89,79.05,688405
2026-05-07T13:30:00+00:00,78.955,79.23,78.42,78.53,320697
2026-05-07T13:35:00+00:00,78.52,78.71,78.04,78.46,355405
2026-05-07T13:40:00+00:00,78.46,78.7,78.27,78.69,232165
2026-05-07T13:45:00+00:00,78.67,78.99,78.3,78.44,278876
2026-05-07T13:50:00+00:00,78.48,78.53,77.955,78.175,249570
2026-05-07T13:55:00+00:00,78.2,78.48,77.8,77.89,257449
2026-05-07T14:00:00+00:00,77.86,77.961,77.68,77.74,218594
2026-05-07T14:05:00+00:00,77.73,77.99,77.63,77.75,239240
2026-05-07T14:10:00+00:00,77.73,78.02,77.55,78.0,296755
2026-05-07T14:15:00+00:00,78.01,78.06,77.64,77.79,195445
2026-05-07T14:20:00+00:00,77.775,78.04,77.76,77.83,184267
2026-05-07T14:25:00+00:00,77.86,78.08,77.79,77.885,143873
2026-05-07T14:30:00+00:00,77.9,77.999,77.77,77.866,154435
2026-05-07T14:35:00+00:00,77.87,78.035,77.72,77.93,119453
2026-05-07T14:40:00+00:00,77.92,77.99,77.79,77.815,127162
2026-05-07T14:45:00+00:00,77.815,78.165,77.811,77.97,151064
2026-05-07T14:50:00+00:00,77.975,78.22,77.975,78.075,132122
2026-05-07T14:55:00+00:00,78.06,78.19,77.91,77.95,114342
2026-05-07T15:00:00+00:00,77.93,78.06,77.91,77.99,103510
2026-05-07T15:05:00+00:00,77.99,78.0,77.66,77.921,206550
2026-05-07T15:10:00+00:00,77.95,78.015,77.76,77.84,129139
2026-05-07T15:15:00+00:00,77.82,77.98,77.79,77.81,119033
2026-05-07T15:20:00+00:00,77.8,77.84,77.25,77.29,274800
2026-05-07T15:25:00+00:00,77.29,77.43,76.9,77.05,336368
2026-05-07T15:30:00+00:00,77.04,77.34,76.985,77.29,227909
2026-05-07T15:35:00+00:00,77.28,77.51,77.277,77.405,160645
2026-05-07T15:40:00+00:00,77.405,77.46,77.263,77.38,114682
2026-05-07T15:45:00+00:00,77.385,77.405,77.075,77.085,198062
2026-05-07T15:50:00+00:00,77.075,77.085,76.825,77.035,376335
2026-05-07T15:55:00+00:00,77.035,77.035,76.66,76.735,150657
2026-05-07T16:00:00+00:00,76.74,76.9,76.58,76.77,166996
2026-05-07T16:05:00+00:00,76.76,76.76,76.3,76.58,213397
2026-05-07T16:10:00+00:00,76.585,76.588,76.38,76.445,138470
2026-05-07T16:15:00+00:00,76.445,76.445,75.91,75.921,292018
2026-05-07T16:20:00+00:00,75.92,76.21,75.85,76.18,248810
2026-05-07T16:25:00+00:00,76.19,76.42,76.19,76.35,237430
2026-05-07T16:30:00+00:00,76.31,76.64,76.28,76.58,137457
2026-05-07T16:35:00+00:00,76.585,76.6,76.35,76.36,151472
2026-05-07T16:40:00+00:00,76.35,76.49,76.3,76.445,103218
2026-05-07T16:45:00+00:00,76.44,76.51,76.32,76.32,78640
2026-05-07T16:50:00+00:00,76.33,76.41,76.28,76.36,86227
2026-05-07T16:55:00+00:00,76.37,76.41,75.93,76.15,198087
2026-05-07T17:00:00+00:00,76.17,76.425,76.13,76.175,121974
2026-05-07T17:05:00+00:00,76.189,76.393,76.09,76.17,155299
2026-05-07T17:10:00+00:00,76.175,76.175,75.9,76.03,109110
2026-05-07T17:15:00+00:00,76.005,76.07,75.815,75.815,128343
2026-05-07T17:20:00+00:00,75.81,76.25,75.77,76.165,190816
2026-05-07T17:25:00+00:00,76.18,76.22,75.47,75.695,244263
2026-05-07T17:30:00+00:00,75.69,75.75,75.46,75.615,165550
2026-05-07T17:35:00+00:00,75.62,75.885,75.526,75.8,157118
2026-05-07T17:40:00+00:00,75.795,76.01,75.773,75.78,120083
2026-05-07T17:45:00+00:00,75.795,75.92,75.72,75.8,76576
2026-05-07T17:50:00+00:00,75.81,76.03,75.71,76.03,110851
2026-05-07T17:55:00+00:00,76.04,76.46,76.04,76.39,183149
2026-05-07T18:00:00+00:00,76.41,76.43,76.2,76.29,126830
2026-05-07T18:05:00+00:00,76.29,76.48,76.26,76.34,77619
2026-05-07T18:10:00+00:00,76.33,76.54,76.26,76.387,128357
2026-05-07T18:15:00+00:00,76.41,76.52,76.352,76.46,61264
2026-05-07T18:20:00+00:00,76.47,76.5,76.08,76.09,91507
2026-05-07T18:25:00+00:00,76.09,76.11,75.89,75.99,132380
2026-05-07T18:30:00+00:00,76.013,76.25,76.0,76.095,74918
2026-05-07T18:35:00+00:00,76.08,76.12,75.968,76.07,76228
2026-05-07T18:40:00+00:00,76.075,76.09,75.68,75.75,110631
2026-05-07T18:45:00+00:00,75.75,75.975,75.665,75.745,118727
2026-05-07T18:50:00+00:00,75.74,75.79,75.62,75.705,152403
2026-05-07T18:55:00+00:00,75.69,75.98,75.66,75.814,127534
2026-05-07T19:00:00+00:00,75.84,75.93,75.73,75.78,122945
2026-05-07T19:05:00+00:00,75.79,75.9,75.715,75.78,94910
2026-05-07T19:10:00+00:00,75.775,75.9,75.76,75.83,80022
2026-05-07T19:15:00+00:00,75.83,75.87,75.65,75.65,102073
2026-05-07T19:20:00+00:00,75.65,75.75,75.55,75.57,95717
2026-05-07T19:25:00+00:00,75.575,75.66,75.51,75.555,134947
2026-05-07T19:30:00+00:00,75.56,75.72,75.54,75.68,135389
2026-05-07T19:35:00+00:00,75.68,75.92,75.64,75.895,130962
2026-05-07T19:40:00+00:00,75.9,76.11,75.86,75.885,163807
2026-05-07T19:45:00+00:00,75.89,76.07,75.87,76.05,114767
2026-05-07T19:50:00+00:00,76.07,76.27,76.02,76.02,305447
2026-05-07T19:55:00+00:00,76.01,76.34,76.0,76.28,656237
2026-05-08T13:30:00+00:00,76.24,76.24,75.05,75.386,441530
2026-05-08T13:35:00+00:00,75.389,75.59,74.75,74.77,477552
2026-05-08T13:40:00+00:00,74.77,75.13,74.525,74.79,366756
2026-05-08T13:45:00+00:00,74.81,75.1,74.61,74.695,305417
2026-05-08T13:50:00+00:00,74.7,74.92,74.45,74.52,313547
2026-05-08T13:55:00+00:00,74.53,74.68,74.25,74.569,385333
2026-05-08T14:00:00+00:00,74.53,74.895,74.491,74.69,265038
2026-05-08T14:05:00+00:00,74.68,74.99,74.66,74.839,244273
2026-05-08T14:10:00+00:00,74.82,75.2,74.82,75.16,203236
2026-05-08T14:15:00+00:00,75.145,75.6,75.1,75.455,262840
2026-05-08T14:20:00+00:00,75.46,75.66,75.34,75.584,156829
2026-05-08T14:25:00+00:00,75.59,75.63,75.1,75.14,170224
2026-05-08T14:30:00+00:00,75.14,75.36,75.0,75.275,160316
2026-05-08T14:35:00+00:00,75.27,75.57,75.13,75.54,114673
2026-05-08T14:40:00+00:00,75.55,75.55,75.3,75.41,87313
2026-05-08T14:45:00+00:00,75.42,75.65,75.35,75.62,91130
2026-05-08T14:50:00+00:00,75.61,75.85,75.565,75.845,158638
2026-05-08T14:55:00+00:00,75.858,75.96,75.62,75.64,172238
2026-05-08T15:00:00+00:00,75.63,75.89,75.61,75.652,111532
2026-05-08T15:05:00+00:00,75.67,75.86,75.626,75.626,108323
2026-05-08T15:10:00+00:00,75.62,75.7,75.47,75.509,102099
2026-05-08T15:15:00+00:00,75.505,75.65,75.48,75.623,104691
2026-05-08T15:20:00+00:00,75.635,75.86,75.49,75.51,104420
2026-05-08T15:25:00+00:00,75.505,75.7,75.475,75.68,97381
2026-05-08T15:30:00+00:00,75.71,75.75,75.49,75.65,126944
2026-05-08T15:35:00+00:00,75.65,75.679,75.53,75.53,88540
2026-05-08T15:40:00+00:00,75.52,75.58,75.27,75.325,152933
2026-05-08T15:45:00+00:00,75.325,75.56,75.305,75.46,94714
2026-05-08T15:50:00+00:00,75.45,75.49,75.2,75.28,99514
2026-05-08T15:55:00+00:00,75.29,75.38,75.123,75.15,128932
2026-05-08T16:00:00+00:00,75.15,75.295,75.15,75.25,69341
2026-05-08T16:05:00+00:00,75.24,75.35,75.21,75.253,93744
2026-05-08T16:10:00+00:00,75.22,75.37,75.2,75.32,90314
2026-05-08T16:15:00+00:00,75.315,75.34,75.145,75.17,115159
2026-05-08T16:20:00+00:00,75.17,75.485,75.16,75.31,96829
2026-05-08T16:25:00+00:00,75.3,75.49,75.238,75.46,125497
2026-05-08T16:30:00+00:00,75.47,75.487,75.36,75.44,77645
2026-05-08T16:35:00+00:00,75.435,75.56,75.265,75.27,76113
2026-05-08T16:40:00+00:00,75.275,75.349,75.16,75.17,110465
2026-05-08T16:45:00+00:00,75.195,75.508,75.17,75.38,73244
2026-05-08T16:50:00+00:00,75.395,75.53,75.341,75.45,68493
2026-05-08T16:55:00+00:00,75.439,75.46,75.25,75.26,99946
2026-05-08T17:00:00+00:00,75.265,75.35,75.17,75.22,62004
2026-05-08T17:05:00+00:00,75.23,75.34,75.18,75.27,68812
2026-05-08T17:10:00+00:00,75.275,75.33,75.17,75.22,88768
2026-05-08T17:15:00+00:00,75.22,75.769,75.22,75.76,148286
2026-05-08T17:20:00+00:00,75.75,75.84,75.64,75.67,129589
2026-05-08T17:25:00+00:00,75.67,76.0,75.66,75.93,77240
2026-05-08T17:30:00+00:00,75.95,76.059,75.84,76.035,84620
2026-05-08T17:35:00+00:00,76.032,76.16,76.0,76.07,127321
2026-05-08T17:40:00+00:00,76.09,76.1,75.99,76.07,94806
2026-05-08T17:45:00+00:00,76.075,76.34,76.06,76.3,111935
2026-05-08T17:50:00+00:00,76.3,76.37,76.14,76.33,113247
2026-05-08T17:55:00+00:00,76.33,76.34,75.94,76.018,118488
2026-05-08T18:00:00+00:00,76.03,76.348,75.99,76.348,106276
2026-05-08T18:05:00+00:00,76.36,76.46,76.328,76.415,104875
2026-05-08T18:10:00+00:00,76.415,76.73,76.41,76.63,211202
2026-05-08T18:15:00+00:00,76.63,76.77,76.6,76.696,94626
2026-05-08T18:20:00+00:00,76.7,76.71,76.564,76.61,68443
2026-05-08T18:25:00+00:00,76.619,76.87,76.59,76.83,108878
2026-05-08T18:30:00+00:00,76.82,76.865,76.61,76.66,118929
2026-05-08T18:35:00+00:00,76.665,76.71,76.574,76.6,101890
2026-05-08T18:40:00+00:00,76.6,76.668,76.37,76.37,79442
2026-05-08T18:45:00+00:00,76.37,76.405,76.23,76.33,92561
2026-05-08T18:50:00+00:00,76.33,76.4,76.1,76.15,88178
2026-05-08T18:55:00+00:00,76.17,76.325,76.02,76.08,111763
2026-05-08T19:00:00+00:00,76.08,76.2,76.06,76.19,68661
2026-05-08T19:05:00+00:00,76.185,76.345,76.15,76.28,88486
2026-05-08T19:10:00+00:00,76.29,76.36,76.23,76.3,75502
2026-05-08T19:15:00+00:00,76.315,76.37,76.28,76.325,74632
2026-05-08T19:20:00+00:00,76.32,76.39,76.2,76.225,148438
2026-05-08T19:25:00+00:00,76.23,76.41,76.225,76.37,87148
2026-05-08T19:30:00+00:00,76.35,76.59,76.34,76.56,143661
2026-05-08T19:35:00+00:00,76.55,76.66,76.47,76.47,118462
2026-05-08T19:40:00+00:00,76.495,76.6,76.48,76.56,110478
2026-05-08T19:45:00+00:00,76.56,76.64,76.461,76.461,130833
2026-05-08T19:50:00+00:00,76.47,76.77,76.47,76.66,223531
2026-05-08T19:55:00+00:00,76.67,77.065,76.66,77.03,598830
2026-05-11T13:30:00+00:00,76.79,76.79,74.96,75.265,710635
2026-05-11T13:35:00+00:00,75.24,75.43,74.8,75.375,408668
2026-05-11T13:40:00+00:00,75.379,75.8,75.31,75.71,366938
2026-05-11T13:45:00+00:00,75.725,77.325,75.725,77.29,674194
2026-05-11T13:50:00+00:00,77.31,77.38,76.711,76.74,295307
2026-05-11T13:55:00+00:00,76.73,76.91,76.42,76.835,193198
2026-05-11T14:00:00+00:00,76.835,77.33,76.81,77.22,272615
2026-05-11T14:05:00+00:00,77.21,77.85,77.21,77.78,282656
2026-05-11T14:10:00+00:00,77.785,77.94,77.495,77.8,235938
2026-05-11T14:15:00+00:00,77.8,78.05,77.65,77.66,249561
2026-05-11T14:20:00+00:00,77.658,77.97,77.6,77.97,186961
2026-05-11T14:25:00+00:00,77.96,78.1,77.34,77.354,273385
2026-05-11T14:30:00+00:00,77.35,77.58,77.14,77.285,170803
2026-05-11T14:35:00+00:00,77.27,77.89,77.235,77.88,162048
2026-05-11T14:40:00+00:00,77.87,77.97,77.6,77.86,190994
2026-05-11T14:45:00+00:00,77.841,78.05,77.734,77.83,149896
2026-05-11T14:50:00+00:00,77.82,77.86,77.62,77.75,135870
2026-05-11T14:55:00+00:00,77.755,78.05,77.65,77.96,143456
2026-05-11T15:00:00+00:00,77.97,78.14,77.891,78.11,201615
2026-05-11T15:05:00+00:00,78.14,78.29,78.065,78.205,159355
2026-05-11T15:10:00+00:00,78.18,78.23,78.01,78.05,129806
2026-05-11T15:15:00+00:00,78.06,78.525,78.06,78.49,178724
2026-05-11T15:20:00+00:00,78.49,78.58,78.31,78.48,152097
2026-05-11T15:25:00+00:00,78.46,78.47,78.3,78.445,125636
2026-05-11T15:30:00+00:00,78.42,78.93,78.378,78.89,218547
2026-05-11T15:35:00+00:00,78.885,79.13,78.8,79.11,207805
2026-05-11T15:40:00+00:00,79.11,79.22,78.92,79.13,254987
2026-05-11T15:45:00+00:00,79.13,79.25,78.93,78.981,148666
2026-05-11T15:50:00+00:00,78.94,79.32,78.87,79.18,168969
2026-05-11T15:55:00+00:00,79.18,79.19,78.97,79.05,111628
2026-05-11T16:00:00+00:00,79.05,79.09,78.87,78.99,140291
2026-05-11T16:05:00+00:00,79.0,79.17,78.98,79.04,109214
2026-05-11T16:10:00+00:00,79.05,79.31,78.97,79.29,214523
2026-05-11T16:15:00+00:00,79.29,79.9,79.29,79.865,349679
2026-05-11T16:20:00+00:00,79.87,80.07,79.75,79.77,261756
2026-05-11T16:25:00+00:00,79.77,79.935,79.69,79.84,197855
2026-05-11T16:30:00+00:00,79.84,79.9,79.43,79.529,164454
2026-05-11T16:35:00+00:00,79.52,79.71,79.5,79.55,158255
2026-05-11T16:40:00+00:00,79.55,79.65,79.0,79.221,214035
2026-05-11T16:45:00+00:00,79.225,79.5,79.19,79.4,129422
2026-05-11T16:50:00+00:00,79.42,79.5,79.29,79.41,78589
2026-05-11T16:55:00+00:00,79.405,79.405,79.17,79.2,90836
2026-05-11T17:00:00+00:00,79.22,79.34,79.12,79.275,93423
2026-05-11T17:05:00+00:00,79.262,79.29,79.05,79.184,98174
2026-05-11T17:10:00+00:00,79.19,79.44,79.15,79.325,109860
2026-05-11T17:15:00+00:00,79.32,79.74,79.32,79.69,125449
2026-05-11T17:20:00+00:00,79.68,79.8,79.635,79.76,120629
2026-05-11T17:25:00+00:00,79.755,79.9,79.71,79.84,113001
2026-05-11T17:30:00+00:00,79.84,79.945,79.795,79.88,155552
2026-05-11T17:35:00+00:00,79.875,80.27,79.84,80.27,225794
2026-05-11T17:40:00+00:00,80.25,80.445,80.15,80.42,261344
2026-05-11T17:45:00+00:00,80.41,80.73,80.4,80.66,230633
2026-05-11T17:50:00+00:00,80.67,80.88,80.36,80.45,280942
2026-05-11T17:55:00+00:00,80.446,80.67,80.279,80.3,194201
2026-05-11T18:00:00+00:00,80.285,80.355,80.14,80.2,173299
2026-05-11T18:05:00+00:00,80.18,80.367,80.09,80.29,121551
2026-05-11T18:10:00+00:00,80.295,80.3,80.05,80.15,113216
2026-05-11T18:15:00+00:00,80.15,80.25,80.12,80.17,87629
2026-05-11T18:20:00+00:00,80.18,80.33,80.08,80.21,107671
2026-05-11T18:25:00+00:00,80.19,80.59,80.19,80.305,130786
2026-05-11T18:30:00+00:00,80.29,80.46,80.14,80.235,135407
2026-05-11T18:35:00+00:00,80.256,80.61,80.245,80.51,114307
2026-05-11T18:40:00+00:00,80.52,80.69,80.45,80.52,141730
2026-05-11T18:45:00+00:00,80.52,80.8,80.42,80.68,102794
2026-05-11T18:50:00+00:00,80.675,81.12,80.66,80.935,278582
2026-05-11T18:55:00+00:00,80.935,81.14,80.33,80.41,299829
2026-05-11T19:00:00+00:00,80.45,80.719,80.42,80.51,166762
2026-05-11T19:05:00+00:00,80.51,80.785,80.49,80.73,130201
2026-05-11T19:10:00+00:00,80.74,81.0,80.74,80.935,170918
2026-05-11T19:15:00+00:00,80.97,80.97,80.611,80.632,116179
2026-05-11T19:20:00+00:00,80.64,80.85,80.564,80.72,132369
2026-05-11T19:25:00+00:00,80.725,80.79,80.08,80.1,194054
2026-05-11T19:30:00+00:00,80.1,80.6,80.036,80.39,163574
2026-05-11T19:35:00+00:00,80.39,80.435,80.28,80.435,112968
2026-05-11T19:40:00+00:00,80.43,80.54,80.4,80.421,109580
2026-05-11T19:45:00+00:00,80.425,80.47,80.17,80.215,183260
2026-05-11T19:50:00+00:00,80.2,80.445,80.17,80.34,290336
2026-05-11T19:55:00+00:00,80.34,80.84,80.34,80.78,919658
2026-05-12T13:30:00+00:00,79.08,80.18,78.96,79.412,284406
2026-05-12T13:35:00+00:00,79.43,79.55,78.7,79.09,237360
2026-05-12T13:40:00+00:00,79.11,79.35,78.91,79.01,200871
2026-05-12T13:45:00+00:00,79.01,79.41,78.795,78.845,231281
2026-05-12T13:50:00+00:00,78.83,78.83,78.355,78.5,253952
2026-05-12T13:55:00+00:00,78.45,78.45,78.01,78.18,269427
2026-05-12T14:00:00+00:00,78.21,78.65,78.03,78.65,268927
2026-05-12T14:05:00+00:00,78.66,79.09,78.635,79.04,185344
2026-05-12T14:10:00+00:00,79.03,79.14,78.699,79.06,196301
2026-05-12T14:15:00+00:00,79.06,79.31,78.8,79.289,201016
2026-05-12T14:20:00+00:00,79.29,79.34,79.14,79.25,137206
2026-05-12T14:25:00+00:00,79.27,79.36,78.5,78.575,157351
2026-05-12T14:30:00+00:00,78.56,78.63,77.87,78.22,263998
2026-05-12T14:35:00+00:00,78.19,78.435,78.0,78.41,154034
2026-05-12T14:40:00+00:00,78.41,78.64,78.27,78.49,155035
2026-05-12T14:45:00+00:00,78.47,78.47,77.9,77.96,166787
2026-05-12T14:50:00+00:00,77.96,78.01,77.66,77.89,187153
2026-05-12T14:55:00+00:00,77.9,77.98,77.59,77.69,126173
2026-05-12T15:00:00+00:00,77.67,77.79,77.272,77.41,216709
2026-05-12T15:05:00+00:00,77.395,77.69,77.27,77.665,158088
2026-05-12T15:10:00+00:00,77.68,77.696,77.27,77.28,140154
2026-05-12T15:15:00+00:00,77.27,77.27,76.92,77.07,225338
2026-05-12T15:20:00+00:00,77.07,77.11,76.56,76.63,148227
2026-05-12T15:25:00+00:00,76.64,76.86,76.5,76.74,259581
2026-05-12T15:30:00+00:00,76.76,77.13,76.76,77.09,183009
2026-05-12T15:35:00+00:00,77.1,77.28,76.965,77.19,112613
2026-05-12T15:40:00+00:00,77.16,77.24,76.98,77.165,114286
2026-05-12T15:45:00+00:00,77.19,77.315,77.01,77.025,86093
2026-05-12T15:50:00+00:00,77.03,77.16,76.99,77.02,61445
2026-05-12T15:55:00+00:00,77.01,77.01,76.72,76.78,102993
2026-05-12T16:00:00+00:00,76.8,77.23,76.71,77.15,116177
2026-05-12T16:05:00+00:00,77.14,77.16,77.01,77.06,68425
2026-05-12T16:10:00+00:00,77.09,77.45,77.09,77.44,73705
2026-05-12T16:15:00+00:00,77.41,77.6,77.27,77.41,91916
2026-05-12T16:20:00+00:00,77.39,77.56,77.33,77.37,84526
2026-05-12T16:25:00+00:00,77.4,77.42,77.3,77.345,66830
2026-05-12T16:30:00+00:00,77.35,77.39,77.06,77.13,100337
2026-05-12T16:35:00+00:00,77.14,77.3,77.055,77.085,86430
2026-05-12T16:40:00+00:00,77.07,77.299,76.871,77.02,154898
2026-05-12T16:45:00+00:00,77.01,77.069,76.68,76.74,123597
2026-05-12T16:50:00+00:00,76.72,76.78,76.48,76.67,147208
2026-05-12T16:55:00+00:00,76.67,76.84,76.57,76.829,132621
2026-05-12T17:00:00+00:00,76.81,76.94,76.795,76.892,110776
2026-05-12T17:05:00+00:00,76.87,77.05,76.83,76.95,94235
2026-05-12T17:10:00+00:00,76.94,77.25,76.92,77.225,94293
2026-05-12T17:15:00+00:00,77.24,77.52,77.21,77.5,130297
2026-05-12T17:20:00+00:00,77.53,77.74,77.53,77.61,123700
2026-05-12T17:25:00+00:00,77.56,77.605,77.415,77.59,76008
2026-05-12T17:30:00+00:00,77.59,77.85,77.56,77.745,101667
2026-05-12T17:35:00+00:00,77.735,77.77,77.59,77.705,79750
2026-05-12T17:40:00+00:00,77.73,77.82,77.66,77.73,56045
2026-05-12T17:45:00+00:00,77.72,77.805,77.62,77.68,60735
2026-05-12T17:50:00+00:00,77.689,77.689,77.53,77.65,55512
2026-05-12T17:55:00+00:00,77.661,77.68,77.47,77.62,97966
2026-05-12T18:00:00+00:00,77.605,77.725,77.46,77.59,88238
2026-05-12T18:05:00+00:00,77.584,77.61,77.44,77.575,82571
2026-05-12T18:10:00+00:00,77.56,77.7,77.44,77.55,64803
2026-05-12T18:15:00+00:00,77.56,77.67,77.51,77.55,81370
2026-05-12T18:20:00+00:00,77.545,77.79,77.545,77.62,65749
2026-05-12T18:25:00+00:00,77.64,77.75,77.445,77.53,100984
2026-05-12T18:30:00+00:00,77.52,77.799,77.5,77.755,97564
2026-05-12T18:35:00+00:00,77.73,77.97,77.69,77.84,112409
2026-05-12T18:40:00+00:00,77.83,77.95,77.82,77.9,83547
2026-05-12T18:45:00+00:00,77.91,77.98,77.69,77.97,135067
2026-05-12T18:50:00+00:00,77.97,78.19,77.97,78.115,153481
2026-05-12T18:55:00+00:00,78.105,78.15,77.705,77.74,112383
2026-05-12T19:00:00+00:00,77.74,77.95,77.739,77.81,76733
2026-05-12T19:05:00+00:00,77.82,78.04,77.79,78.006,78441
2026-05-12T19:10:00+00:00,78.015,78.14,77.9,77.92,92438
2026-05-12T19:15:00+00:00,77.95,77.97,77.66,77.715,102206
2026-05-12T19:20:00+00:00,77.73,77.77,77.62,77.66,84564
2026-05-12T19:25:00+00:00,77.665,77.78,77.54,77.565,140894
2026-05-12T19:30:00+00:00,77.57,78.055,77.57,78.015,115361
2026-05-12T19:35:00+00:00,78.01,78.18,78.0,78.12,88798
2026-05-12T19:40:00+00:00,78.1,78.28,78.015,78.27,111680
2026-05-12T19:45:00+00:00,78.29,78.34,78.2,78.26,125626
2026-05-12T19:50:00+00:00,78.28,78.42,78.16,78.38,198445
2026-05-12T19:55:00+00:00,78.37,78.41,78.23,78.27,371002
2026-05-13T13:30:00+00:00,77.07,77.14,76.23,76.31,412440
2026-05-13T13:35:00+00:00,76.33,76.53,75.86,76.075,352702
2026-05-13T13:40:00+00:00,76.09,76.47,75.895,75.93,272337
2026-05-13T13:45:00+00:00,75.92,76.1,75.34,75.815,335180
2026-05-13T13:50:00+00:00,75.825,76.0,75.53,75.989,240606
2026-05-13T13:55:00+00:00,76.01,76.165,75.66,75.74,239000
2026-05-13T14:00:00+00:00,75.77,76.23,75.68,76.23,216404
2026-05-13T14:05:00+00:00,76.209,76.67,76.145,76.57,221370
2026-05-13T14:10:00+00:00,76.565,76.68,76.48,76.55,114841
2026-05-13T14:15:00+00:00,76.54,76.791,76.405,76.64,188350
2026-05-13T14:20:00+00:00,76.665,77.21,76.635,77.11,177892
2026-05-13T14:25:00+00:00,77.115,77.3,77.11,77.21,132008
2026-05-13T14:30:00+00:00,77.23,77.41,77.13,77.31,104449
2026-05-13T14:35:00+00:00,77.3,77.36,77.04,77.19,110777
2026-05-13T14:40:00+00:00,77.18,77.23,77.06,77.225,76694
2026-05-13T14:45:00+00:00,77.23,77.26,77.0,77.1,112752
2026-05-13T14:50:00+00:00,77.1,77.12,76.86,76.96,104486
2026-05-13T14:55:00+00:00,76.97,77.06,76.86,76.93,70552
2026-05-13T15:00:00+00:00,76.93,77.21,76.93,76.98,96601
2026-05-13T15:05:00+00:00,76.97,77.365,76.835,77.34,158545
2026-05-13T15:10:00+00:00,77.34,77.439,77.172,77.22,116515
2026-05-13T15:15:00+00:00,77.235,77.46,77.16,77.24,110075
2026-05-13T15:20:00+00:00,77.245,77.41,77.2,77.24,61986
2026-05-13T15:25:00+00:00,77.23,77.293,77.02,77.245,72919
2026-05-13T15:30:00+00:00,77.23,77.245,77.041,77.13,65201
2026-05-13T15:35:00+00:00,77.126,77.145,76.91,76.95,88567
2026-05-13T15:40:00+00:00,76.935,77.03,76.81,76.91,86296
2026-05-13T15:45:00+00:00,76.9,76.9,76.7,76.73,92368
2026-05-13T15:50:00+00:00,76.7,76.735,76.47,76.5,102290
2026-05-13T15:55:00+00:00,76.5,76.51,76.35,76.45,121790
2026-05-13T16:00:00+00:00,76.46,76.72,76.43,76.644,99585
2026-05-13T16:05:00+00:00,76.66,76.74,76.62,76.7,73833
2026-05-13T16:10:00+00:00,76.695,76.88,76.645,76.861,70801
2026-05-13T16:15:00+00:00,76.87,76.91,76.75,76.765,59604
2026-05-13T16:20:00+00:00,76.76,77.25,76.74,77.16,88308
2026-05-13T16:25:00+00:00,77.16,77.45,77.11,77.35,211243
2026-05-13T16:30:00+00:00,77.35,77.62,77.27,77.49,128156
2026-05-13T16:35:00+00:00,77.49,77.53,77.32,77.37,130700
2026-05-13T16:40:00+00:00,77.36,77.45,77.18,77.18,99722
2026-05-13T16:45:00+00:00,77.185,77.24,77.045,77.095,97739
2026-05-13T16:50:00+00:00,77.095,77.22,77.06,77.17,100956
2026-05-13T16:55:00+00:00,77.161,77.255,76.98,77.015,98364
2026-05-13T17:00:00+00:00,77.035,77.14,76.91,76.915,109236
2026-05-13T17:05:00+00:00,76.915,77.01,76.89,76.93,68882
2026-05-13T17:10:00+00:00,76.925,77.01,76.81,76.865,79050
2026-05-13T17:15:00+00:00,76.86,76.91,76.81,76.9,88620
2026-05-13T17:20:00+00:00,76.9,76.93,76.75,76.76,49826
2026-05-13T17:25:00+00:00,76.76,77.0,76.758,76.89,71009
2026-05-13T17:30:00+00:00,76.88,76.9,76.79,76.79,69480
2026-05-13T17:35:00+00:00,76.787,76.787,76.61,76.69,76756
2026-05-13T17:40:00+00:00,76.69,76.9,76.67,76.834,60920
2026-05-13T17:45:00+00:00,76.84,76.87,76.61,76.66,58882
2026-05-13T17:50:00+00:00,76.65,76.74,76.643,76.72,61625
2026-05-13T17:55:00+00:00,76.73,76.74,76.62,76.63,53567
2026-05-13T18:00:00+00:00,76.635,76.77,76.635,76.77,144699
2026-05-13T18:05:00+00:00,76.78,76.965,76.76,76.92,89151
2026-05-13T18:10:00+00:00,76.91,77.05,76.901,77.01,67612
2026-05-13T18:15:00+00:00,77.02,77.15,76.98,77.13,78816
2026-05-13T18:20:00+00:00,77.14,77.32,77.14,77.265,77760
2026-05-13T18:25:00+00:00,77.25,77.345,77.115,77.189,82140
2026-05-13T18:30:00+00:00,77.19,77.285,77.06,77.11,83555
2026-05-13T18:35:00+00:00,77.09,77.28,77.08,77.25,50093
2026-05-13T18:40:00+00:00,77.25,77.42,77.084,77.084,89461
2026-05-13T18:45:00+00:00,77.11,77.15,77.02,77.08,66642
2026-05-13T18:50:00+00:00,77.11,77.13,77.0,77.09,70184
2026-05-13T18:55:00+00:00,77.078,77.13,76.758,76.76,127829
2026-05-13T19:00:00+00:00,76.77,76.85,76.76,76.8,66181
2026-05-13T19:05:00+00:00,76.8,76.855,76.7,76.775,73447
2026-05-13T19:10:00+00:00,76.79,77.05,76.79,76.99,96727
2026-05-13T19:15:00+00:00,76.995,77.2,76.885,77.15,86021
2026-05-13T19:20:00+00:00,77.17,77.22,76.93,76.931,100784
2026-05-13T19:25:00+00:00,76.93,76.975,76.85,76.91,96222
2026-05-13T19:30:00+00:00,76.92,77.15,76.89,77.09,113999
2026-05-13T19:35:00+00:00,77.09,77.23,76.98,77.22,114547
2026-05-13T19:40:00+00:00,77.22,77.29,77.195,77.23,73673
2026-05-13T19:45:00+00:00,77.23,77.24,76.87,76.91,113323
2026-05-13T19:50:00+00:00,76.9,77.039,76.85,76.905,184899
2026-05-13T19:55:00+00:00,76.895,76.96,76.73,76.75,369043
2026-05-14T13:30:00+00:00,76.05,76.74,75.66,76.345,254150
2026-05-14T13:35:00+00:00,76.35,76.39,75.823,76.09,173919
2026-05-14T13:40:00+00:00,76.08,76.18,75.46,75.9,283867
2026-05-14T13:45:00+00:00,75.9,75.986,75.628,75.73,222971
2026-05-14T13:50:00+00:00,75.7,75.83,75.48,75.72,263850
2026-05-14T13:55:00+00:00,75.71,76.11,75.11,75.196,300432
2026-05-14T14:00:00+00:00,75.165,76.28,75.16,76.24,255619
2026-05-14T14:05:00+00:00,76.24,76.24,75.64,75.98,179278
2026-05-14T14:10:00+00:00,75.98,76.18,75.695,76.08,140380
2026-05-14T14:15:00+00:00,76.09,76.185,76.015,76.15,115616
2026-05-14T14:20:00+00:00,76.143,76.425,76.143,76.415,145373
2026-05-14T14:25:00+00:00,76.42,76.45,76.07,76.305,93037
2026-05-14T14:30:00+00:00,76.34,76.41,76.17,76.21,89229
2026-05-14T14:35:00+00:00,76.18,76.41,76.07,76.39,105799
2026-05-14T14:40:00+00:00,76.37,76.58,76.295,76.48,112863
2026-05-14T14:45:00+00:00,76.5,77.1,76.44,77.05,185909
2026-05-14T14:50:00+00:00,77.1,77.98,77.07,77.93,282018
2026-05-14T14:55:00+00:00,77.935,78.01,77.53,77.58,386507
2026-05-14T15:00:00+00:00,77.59,77.9,77.501,77.6,189266
2026-05-14T15:05:00+00:00,77.58,78.12,77.55,77.95,155485
2026-05-14T15:10:00+00:00,77.95,78.165,77.59,78.165,166284
2026-05-14T15:15:00+00:00,78.165,78.355,77.96,78.315,225471
2026-05-14T15:20:00+00:00,78.31,78.522,78.29,78.37,179256
2026-05-14T15:25:00+00:00,78.38,78.49,78.16,78.34,181565
2026-05-14T15:30:00+00:00,78.3,78.59,78.28,78.41,162372
2026-05-14T15:35:00+00:00,78.38,78.58,78.28,78.395,143506
2026-05-14T15:40:00+00:00,78.38,78.5,78.29,78.475,126986
2026-05-14T15:45:00+00:00,78.464,78.74,78.42,78.735,163490
2026-05-14T15:50:00+00:00,78.76,79.096,78.579,79.02,175552
2026-05-14T15:55:00+00:00,78.997,79.58,78.954,79.37,253725
2026-05-14T16:00:00+00:00,79.326,80.24,79.326,79.94,357367
2026-05-14T16:05:00+00:00,79.94,80.67,79.92,80.625,407338
2026-05-14T16:10:00+00:00,80.625,81.23,80.57,81.185,478273
2026-05-14T16:15:00+00:00,81.18,81.58,80.96,81.09,630698
2026-05-14T16:20:00+00:00,81.08,81.76,81.07,81.25,534882
2026-05-14T16:25:00+00:00,81.255,81.373,80.8,81.175,574301
2026-05-14T16:30:00+00:00,81.2,81.63,81.04,81.474,384721
2026-05-14T16:35:00+00:00,81.46,81.93,81.421,81.845,376967
2026-05-14T16:40:00+00:00,81.81,81.91,81.38,81.72,338562
2026-05-14T16:45:00+00:00,81.712,81.83,81.409,81.615,255662
2026-05-14T16:50:00+00:00,81.61,81.67,80.43,80.48,545195
2026-05-14T16:55:00+00:00,80.48,81.21,80.452,81.138,298759
2026-05-14T17:00:00+00:00,81.14,81.69,81.11,81.45,319426
2026-05-14T17:05:00+00:00,81.45,81.695,81.24,81.33,175970
2026-05-14T17:10:00+00:00,81.31,81.435,80.89,80.96,177267
2026-05-14T17:15:00+00:00,80.95,81.045,80.5,80.57,333311
2026-05-14T17:20:00+00:00,80.61,80.72,80.28,80.371,271896
2026-05-14T17:25:00+00:00,80.34,80.6,80.286,80.49,190442
2026-05-14T17:30:00+00:00,80.46,80.755,80.36,80.75,187981
2026-05-14T17:35:00+00:00,80.76,81.18,80.725,80.81,234744
2026-05-14T17:40:00+00:00,80.83,80.84,80.51,80.661,194020
2026-05-14T17:45:00+00:00,80.69,80.87,80.635,80.84,167363
2026-05-14T17:50:00+00:00,80.85,80.88,80.556,80.66,124841
2026-05-14T17:55:00+00:00,80.68,80.75,80.415,80.448,141287
2026-05-14T18:00:00+00:00,80.44,80.55,80.25,80.54,129324
2026-05-14T18:05:00+00:00,80.52,80.799,80.52,80.769,121571
2026-05-14T18:10:00+00:00,80.77,81.15,80.71,81.1,198664
2026-05-14T18:15:00+00:00,81.08,81.245,80.96,81.19,165955
2026-05-14T18:20:00+00:00,81.2,81.48,81.17,81.255,194292
2026-05-14T18:25:00+00:00,81.24,81.33,80.8,80.85,142281
2026-05-14T18:30:00+00:00,80.83,81.219,80.81,81.16,126778
2026-05-14T18:35:00+00:00,81.17,81.245,81.03,81.18,115832
2026-05-14T18:40:00+00:00,81.155,81.31,80.92,81.24,146014
2026-05-14T18:45:00+00:00,81.235,81.42,81.07,81.335,174519
2026-05-14T18:50:00+00:00,81.32,81.375,81.09,81.16,159606
2026-05-14T18:55:00+00:00,81.203,81.475,80.97,81.127,150000
2026-05-14T19:00:00+00:00,81.13,81.3,81.05,81.095,103630
2026-05-14T19:05:00+00:00,81.11,81.47,81.11,81.36,126372
2026-05-14T19:10:00+00:00,81.37,81.42,80.93,81.14,199253
2026-05-14T19:15:00+00:00,81.11,81.38,81.08,81.19,171786
2026-05-14T19:20:00+00:00,81.195,81.42,80.881,80.99,173955
2026-05-14T19:25:00+00:00,81.01,81.14,80.62,80.68,256504
2026-05-14T19:30:00+00:00,80.7,81.24,80.7,81.17,170812
2026-05-14T19:35:00+00:00,81.14,81.25,81.01,81.06,168047
2026-05-14T19:40:00+00:00,81.075,81.19,81.055,81.19,162505
2026-05-14T19:45:00+00:00,81.18,81.32,81.125,81.23,187802
2026-05-14T19:50:00+00:00,81.22,81.27,80.85,80.92,365761
2026-05-14T19:55:00+00:00,80.92,80.93,80.67,80.7,669540
2026-05-15T13:30:00+00:00,78.54,78.55,77.2,77.85,461602
2026-05-15T13:35:00+00:00,77.85,77.85,76.89,77.34,470444
2026-05-15T13:40:00+00:00,77.35,77.74,76.772,76.865,440423
2026-05-15T13:45:00+00:00,76.88,77.23,76.64,77.195,365452
2026-05-15T13:50:00+00:00,77.21,77.55,76.735,77.535,377131
2026-05-15T13:55:00+00:00,77.535,77.755,76.96,77.02,306580
2026-05-15T14:00:00+00:00,77.05,77.41,76.89,77.15,229074
2026-05-15T14:05:00+00:00,77.16,77.46,77.11,77.39,144746
2026-05-15T14:10:00+00:00,77.38,77.735,77.21,77.649,175919
2026-05-15T14:15:00+00:00,77.63,77.89,77.46,77.73,228201
2026-05-15T14:20:00+00:00,77.73,77.97,77.58,77.63,210593
2026-05-15T14:25:00+00:00,77.595,77.71,77.4,77.59,168240
2026-05-15T14:30:00+00:00,77.61,77.79,77.53,77.74,141239
2026-05-15T14:35:00+00:00,77.766,78.24,77.76,78.055,274604
2026-05-15T14:40:00+00:00,78.05,78.15,77.88,77.96,145811
2026-05-15T14:45:00+00:00,77.95,78.01,77.36,77.365,225279
2026-05-15T14:50:00+00:00,77.4,77.59,77.15,77.55,158632
2026-05-15T14:55:00+00:00,77.56,77.643,77.3,77.315,116580
2026-05-15T15:00:00+00:00,77.32,77.35,77.04,77.19,127681
2026-05-15T15:05:00+00:00,77.17,77.34,77.06,77.34,148436
2026-05-15T15:10:00+00:00,77.35,77.44,76.89,77.01,207925
2026-05-15T15:15:00+00:00,77.03,77.13,76.905,77.05,140187
2026-05-15T15:20:00+00:00,77.06,77.37,77.06,77.1,114252
2026-05-15T15:25:00+00:00,77.14,77.24,76.935,77.096,121399
2026-05-15T15:30:00+00:00,77.12,77.395,77.12,77.175,104916
2026-05-15T15:35:00+00:00,77.18,77.36,77.16,77.24,99715
2026-05-15T15:40:00+00:00,77.24,77.28,76.98,77.02,134539
2026-05-15T15:45:00+00:00,77.0,77.23,76.93,77.09,106687
2026-05-15T15:50:00+00:00,77.09,77.09,76.785,76.8,171189
2026-05-15T15:55:00+00:00,76.815,76.99,76.52,76.72,258026
2026-05-15T16:00:00+00:00,76.789,76.96,76.58,76.8,190355
2026-05-15T16:05:00+00:00,76.78,76.89,76.66,76.735,153159
2026-05-15T16:10:00+00:00,76.73,76.84,76.44,76.8,260985
2026-05-15T16:15:00+00:00,76.78,76.82,76.41,76.549,117181
2026-05-15T16:20:00+00:00,76.54,76.91,76.54,76.885,147331
2026-05-15T16:25:00+00:00,76.891,76.93,76.67,76.77,119433
2026-05-15T16:30:00+00:00,76.74,76.9,76.74,76.87,87302
2026-05-15T16:35:00+00:00,76.865,76.98,76.8,76.98,100419
2026-05-15T16:40:00+00:00,77.0,77.0,76.78,76.88,91726
2026-05-15T16:45:00+00:00,76.87,76.985,76.813,76.985,71107
2026-05-15T16:50:00+00:00,76.955,77.088,76.82,76.89,115469
2026-05-15T16:55:00+00:00,76.89,77.14,76.89,77.1,88456
2026-05-15T17:00:00+00:00,77.08,77.2,77.03,77.19,104263
2026-05-15T17:05:00+00:00,77.17,77.35,77.09,77.3,124119
2026-05-15T17:10:00+00:00,77.31,77.39,77.126,77.19,98737
2026-05-15T17:15:00+00:00,77.18,77.285,77.1,77.285,65359
2026-05-15T17:20:00+00:00,77.29,77.62,77.26,77.61,144988
2026-05-15T17:25:00+00:00,77.6,77.68,77.51,77.51,133034
2026-05-15T17:30:00+00:00,77.51,77.8,77.51,77.72,105986
2026-05-15T17:35:00+00:00,77.735,77.89,77.69,77.84,89782
2026-05-15T17:40:00+00:00,77.84,77.9,77.65,77.79,119296
2026-05-15T17:45:00+00:00,77.78,77.9,77.77,77.83,84874
2026-05-15T17:50:00+00:00,77.87,77.94,77.8,77.88,94860
2026-05-15T17:55:00+00:00,77.87,78.06,77.87,78.01,125001
2026-05-15T18:00:00+00:00,78.02,78.133,77.93,78.07,118793
2026-05-15T18:05:00+00:00,78.08,78.125,77.96,78.05,153895
2026-05-15T18:10:00+00:00,78.055,78.3,78.04,78.2,124408
2026-05-15T18:15:00+00:00,78.195,78.22,77.91,77.926,152668
2026-05-15T18:20:00+00:00,77.94,78.1,77.895,77.895,95733
2026-05-15T18:25:00+00:00,77.91,78.01,77.7,77.835,133127
2026-05-15T18:30:00+00:00,77.83,77.885,77.625,77.735,89874
2026-05-15T18:35:00+00:00,77.75,78.09,77.74,78.09,88019
2026-05-15T18:40:00+00:00,78.08,78.08,77.87,78.01,76200
2026-05-15T18:45:00+00:00,78.02,78.02,77.66,77.76,73436
2026-05-15T18:50:00+00:00,77.762,77.795,77.69,77.76,73452
2026-05-15T18:55:00+00:00,77.75,77.84,77.459,77.5,102850
2026-05-15T19:00:00+00:00,77.51,77.56,77.36,77.39,122473
2026-05-15T19:05:00+00:00,77.371,77.44,77.26,77.35,102044
2026-05-15T19:10:00+00:00,77.34,77.405,77.269,77.31,105255
2026-05-15T19:15:00+00:00,77.31,77.43,77.238,77.268,98627
2026-05-15T19:20:00+00:00,77.3,77.38,77.12,77.13,104730
2026-05-15T19:25:00+00:00,77.12,77.26,77.12,77.23,99496
2026-05-15T19:30:00+00:00,77.23,77.44,77.15,77.205,134589
2026-05-15T19:35:00+00:00,77.215,77.58,77.13,77.52,116861
2026-05-15T19:40:00+00:00,77.525,77.595,77.39,77.4,147539
2026-05-15T19:45:00+00:00,77.41,77.52,77.41,77.485,154210
2026-05-15T19:50:00+00:00,77.48,77.54,77.14,77.22,261179
2026-05-15T19:55:00+00:00,77.23,77.28,77.1,77.14,504560
2026-05-18T13:30:00+00:00,76.0,77.15,75.52,76.911,332439
2026-05-18T13:35:00+00:00,76.99,77.8,76.83,77.71,327968
2026-05-18T13:40:00+00:00,77.71,78.01,77.33,77.455,360524
2026-05-18T13:45:00+00:00,77.47,78.76,77.328,78.345,344188
2026-05-18T13:50:00+00:00,78.31,79.43,78.27,79.26,400296
2026-05-18T13:55:00+00:00,79.265,79.88,79.23,79.77,350859
2026-05-18T14:00:00+00:00,79.73,79.77,78.82,79.295,333749
2026-05-18T14:05:00+00:00,79.31,79.725,78.89,79.67,305084
2026-05-18T14:10:00+00:00,79.625,79.92,79.47,79.545,220292
2026-05-18T14:15:00+00:00,79.6,79.89,79.1,79.265,259768
2026-05-18T14:20:00+00:00,79.32,79.42,78.6,78.77,279238
2026-05-18T14:25:00+00:00,78.8,78.99,78.623,78.755,219516
2026-05-18T14:30:00+00:00,78.755,78.86,77.39,77.42,341773
2026-05-18T14:35:00+00:00,77.44,77.94,77.16,77.82,268538
2026-05-18T14:40:00+00:00,77.81,77.95,77.59,77.81,150792
2026-05-18T14:45:00+00:00,77.83,77.855,77.14,77.286,188480
2026-05-18T14:50:00+00:00,77.3,77.68,77.23,77.265,176169
2026-05-18T14:55:00+00:00,77.262,77.51,77.175,77.41,141612
2026-05-18T15:00:00+00:00,77.43,77.6,77.04,77.31,253006
2026-05-18T15:05:00+00:00,77.32,77.39,77.04,77.06,114348
2026-05-18T15:10:00+00:00,77.05,77.32,76.95,77.2,127904
2026-05-18T15:15:00+00:00,77.177,77.198,76.615,76.645,146612
2026-05-18T15:20:00+00:00,76.645,76.8,76.495,76.77,145956
2026-05-18T15:25:00+00:00,76.79,76.96,76.53,76.547,102934
2026-05-18T15:30:00+00:00,76.53,76.925,76.37,76.92,167699
2026-05-18T15:35:00+00:00,76.94,77.0,76.704,76.82,120929
2026-05-18T15:40:00+00:00,76.78,76.95,76.52,76.595,109370
2026-05-18T15:45:00+00:00,76.58,76.7,76.57,76.64,87246
2026-05-18T15:50:00+00:00,76.62,76.741,76.46,76.69,132240
2026-05-18T15:55:00+00:00,76.69,76.81,76.51,76.54,104875
2026-05-18T16:00:00+00:00,76.55,76.56,76.31,76.325,97733
2026-05-18T16:05:00+00:00,76.33,76.45,76.29,76.39,67338
2026-05-18T16:10:00+00:00,76.41,76.72,76.4,76.6,93395
2026-05-18T16:15:00+00:00,76.6,76.69,76.57,76.675,63693
2026-05-18T16:20:00+00:00,76.69,76.9,76.61,76.7,126622
2026-05-18T16:25:00+00:00,76.69,76.7,76.03,76.153,226680
2026-05-18T16:30:00+00:00,76.16,76.31,75.9,76.17,185333
2026-05-18T16:35:00+00:00,76.16,76.36,76.11,76.13,114261
2026-05-18T16:40:00+00:00,76.15,76.22,75.92,75.95,95936
2026-05-18T16:45:00+00:00,75.94,76.215,75.93,76.19,131627
2026-05-18T16:50:00+00:00,76.198,76.44,76.12,76.42,67529
2026-05-18T16:55:00+00:00,76.42,76.66,76.35,76.46,144649
2026-05-18T17:00:00+00:00,76.46,76.61,76.33,76.605,92961
2026-05-18T17:05:00+00:00,76.59,76.84,76.555,76.8,99821
2026-05-18T17:10:00+00:00,76.85,76.98,76.83,76.87,80548
2026-05-18T17:15:00+00:00,76.86,77.1,76.82,77.05,90074
2026-05-18T17:20:00+00:00,77.05,77.09,76.83,76.87,96154
2026-05-18T17:25:00+00:00,76.85,77.0,76.756,76.92,68395
2026-05-18T17:30:00+00:00,76.92,76.975,76.71,76.85,93977
2026-05-18T17:35:00+00:00,76.85,76.93,76.76,76.84,74967
2026-05-18T17:40:00+00:00,76.84,77.02,76.8,76.955,75938
2026-05-18T17:45:00+00:00,76.99,76.99,76.799,76.91,69733
2026-05-18T17:50:00+00:00,76.9,77.01,76.785,76.95,65494
2026-05-18T17:55:00+00:00,76.93,77.125,76.875,76.97,73142
2026-05-18T18:00:00+00:00,77.0,77.08,76.71,76.745,73548
2026-05-18T18:05:00+00:00,76.74,76.77,76.6,76.63,88430
2026-05-18T18:10:00+00:00,76.625,76.77,76.55,76.63,109530
2026-05-18T18:15:00+00:00,76.61,76.64,76.2,76.22,127526
2026-05-18T18:20:00+00:00,76.22,76.24,76.06,76.222,132863
2026-05-18T18:25:00+00:00,76.21,76.369,75.47,75.79,325187
2026-05-18T18:30:00+00:00,75.8,75.98,75.69,75.96,148012
2026-05-18T18:35:00+00:00,75.97,76.12,75.85,75.85,109384
2026-05-18T18:40:00+00:00,75.84,75.88,75.69,75.776,106972
2026-05-18T18:45:00+00:00,75.755,76.01,75.72,75.805,90991
2026-05-18T18:50:00+00:00,75.79,75.93,75.59,75.59,111585
2026-05-18T18:55:00+00:00,75.59,75.79,75.55,75.63,136053
2026-05-18T19:00:00+00:00,75.67,76.875,75.62,76.497,315257
2026-05-18T19:05:00+00:00,76.53,76.64,76.16,76.33,131314
2026-05-18T19:10:00+00:00,76.36,76.53,76.25,76.35,152286
2026-05-18T19:15:00+00:00,76.355,76.46,76.21,76.24,83026
2026-05-18T19:20:00+00:00,76.25,76.48,76.22,76.33,98709
2026-05-18T19:25:00+00:00,76.342,76.52,76.17,76.485,207093
2026-05-18T19:30:00+00:00,76.48,76.69,76.375,76.67,90633
2026-05-18T19:35:00+00:00,76.69,76.96,76.69,76.83,124251
2026-05-18T19:40:00+00:00,76.84,76.95,76.721,76.835,113736
2026-05-18T19:45:00+00:00,76.815,77.03,76.8,76.92,126884
2026-05-18T19:50:00+00:00,76.92,77.25,76.85,77.17,257110
2026-05-18T19:55:00+00:00,77.17,77.225,77.045,77.15,447244
2026-05-19T13:30:00+00:00,76.15,76.37,74.91,75.24,490259
2026-05-19T13:35:00+00:00,75.27,75.63,74.94,75.24,386696
2026-05-19T13:40:00+00:00,75.23,75.27,74.4,74.403,447644
2026-05-19T13:45:00+00:00,74.42,75.12,74.307,74.9,458183
2026-05-19T13:50:00+00:00,74.93,75.24,74.72,75.079,277190
2026-05-19T13:55:00+00:00,75.08,75.24,74.655,74.91,209741
2026-05-19T14:00:00+00:00,74.88,74.93,74.28,74.85,322027
2026-05-19T14:05:00+00:00,74.88,74.98,74.15,74.295,244806
2026-05-19T14:10:00+00:00,74.31,74.703,74.1,74.12,239073
2026-05-19T14:15:00+00:00,74.1,74.24,73.92,74.13,308841
2026-05-19T14:20:00+00:00,74.145,74.2,73.75,73.92,194701
2026-05-19T14:25:00+00:00,73.93,74.18,73.82,73.98,204045
2026-05-19T14:30:00+00:00,73.99,74.265,73.691,73.739,241246
2026-05-19T14:35:00+00:00,73.75,74.21,73.73,74.065,204373
2026-05-19T14:40:00+00:00,74.03,74.23,73.61,73.665,201956
2026-05-19T14:45:00+00:00,73.665,73.7,73.25,73.3,258012
2026-05-19T14:50:00+00:00,73.31,73.44,73.19,73.275,236095
2026-05-19T14:55:00+00:00,73.275,73.66,73.18,73.55,226001
2026-05-19T15:00:00+00:00,73.54,73.86,73.43,73.809,203601
2026-05-19T15:05:00+00:00,73.81,73.88,73.5,73.695,148759
2026-05-19T15:10:00+00:00,73.71,74.0,73.695,74.0,180426
2026-05-19T15:15:00+00:00,74.04,74.14,73.76,73.76,202040
2026-05-19T15:20:00+00:00,73.75,73.94,73.65,73.67,104045
2026-05-19T15:25:00+00:00,73.66,74.02,73.58,73.92,106432
2026-05-19T15:30:00+00:00,73.91,74.35,73.85,74.33,140540
2026-05-19T15:35:00+00:00,74.31,74.58,74.25,74.55,154309
2026-05-19T15:40:00+00:00,74.53,74.63,74.379,74.49,148313
2026-05-19T15:45:00+00:00,74.5,74.54,74.28,74.4,153254
2026-05-19T15:50:00+00:00,74.41,74.51,74.17,74.18,153919
2026-05-19T15:55:00+00:00,74.17,74.31,73.976,74.275,110936
2026-05-19T16:00:00+00:00,74.29,74.58,74.29,74.455,91718
2026-05-19T16:05:00+00:00,74.47,74.47,74.06,74.07,116319
2026-05-19T16:10:00+00:00,74.05,74.145,73.97,74.14,85777
2026-05-19T16:15:00+00:00,74.15,74.29,74.07,74.27,96529
2026-05-19T16:20:00+00:00,74.27,74.4,74.213,74.38,60353
2026-05-19T16:25:00+00:00,74.385,74.615,74.31,74.41,114074
2026-05-19T16:30:00+00:00,74.39,74.6,74.359,74.575,102718
2026-05-19T16:35:00+00:00,74.59,74.68,74.51,74.65,109719
2026-05-19T16:40:00+00:00,74.64,74.77,74.57,74.645,90521
2026-05-19T16:45:00+00:00,74.67,74.77,74.63,74.74,63029
2026-05-19T16:50:00+00:00,74.73,74.92,74.665,74.87,85917
2026-05-19T16:55:00+00:00,74.86,74.95,74.85,74.86,79855
2026-05-19T17:00:00+00:00,74.82,75.12,74.82,75.1,85801
2026-05-19T17:05:00+00:00,75.08,75.215,75.01,75.146,93557
2026-05-19T17:10:00+00:00,75.14,75.26,75.085,75.2,64490
2026-05-19T17:15:00+00:00,75.2,75.3,75.08,75.175,70878
2026-05-19T17:20:00+00:00,75.19,75.5,75.19,75.435,109606
2026-05-19T17:25:00+00:00,75.44,75.44,75.17,75.26,92778
2026-05-19T17:30:00+00:00,75.245,75.38,75.14,75.15,74890
2026-05-19T17:35:00+00:00,75.135,75.33,75.111,75.305,68970
2026-05-19T17:40:00+00:00,75.31,75.386,75.22,75.28,74112
2026-05-19T17:45:00+00:00,75.3,75.31,74.833,75.045,160814
2026-05-19T17:50:00+00:00,75.06,75.1,74.72,74.8,87641
2026-05-19T17:55:00+00:00,74.785,74.98,74.785,74.945,63842
2026-05-19T18:00:00+00:00,74.96,75.045,74.885,74.94,53335
2026-05-19T18:05:00+00:00,74.94,75.1,74.94,75.04,54041
2026-05-19T18:10:00+00:00,75.08,75.13,75.01,75.01,56042
2026-05-19T18:15:00+00:00,75.02,75.2,74.98,75.18,71835
2026-05-19T18:20:00+00:00,75.17,75.27,75.06,75.129,134634
2026-05-19T18:25:00+00:00,75.1,75.1,74.77,74.875,90033
2026-05-19T18:30:00+00:00,74.855,74.97,74.77,74.97,79861
2026-05-19T18:35:00+00:00,74.99,75.02,74.765,74.77,60456
2026-05-19T18:40:00+00:00,74.76,74.915,74.68,74.915,81915
2026-05-19T18:45:00+00:00,74.925,74.94,74.705,74.77,61357
2026-05-19T18:50:00+00:00,74.788,74.788,74.45,74.47,98771
2026-05-19T18:55:00+00:00,74.46,74.53,74.36,74.52,101731
2026-05-19T19:00:00+00:00,74.5,74.715,74.37,74.37,107099
2026-05-19T19:05:00+00:00,74.36,74.59,74.26,74.53,163872
2026-05-19T19:10:00+00:00,74.53,74.665,74.5,74.65,100984
2026-05-19T19:15:00+00:00,74.67,74.675,74.52,74.53,111975
2026-05-19T19:20:00+00:00,74.545,74.57,74.19,74.19,148176
2026-05-19T19:25:00+00:00,74.18,74.29,74.1,74.26,116128
2026-05-19T19:30:00+00:00,74.27,74.35,74.195,74.25,92024
2026-05-19T19:35:00+00:00,74.25,74.37,74.17,74.36,68103
2026-05-19T19:40:00+00:00,74.35,74.355,74.21,74.21,91542
2026-05-19T19:45:00+00:00,74.22,74.4,74.13,74.34,151905
2026-05-19T19:50:00+00:00,74.33,74.35,74.16,74.18,233010
2026-05-19T19:55:00+00:00,74.15,74.26,74.07,74.16,628226
2026-05-20T13:30:00+00:00,74.75,74.87,73.94,74.303,256793
2026-05-20T13:35:00+00:00,74.28,74.465,73.881,74.16,327175
2026-05-20T13:40:00+00:00,74.145,74.28,73.75,73.8,312193
2026-05-20T13:45:00+00:00,73.76,74.619,73.75,74.27,296829
2026-05-20T13:50:00+00:00,74.29,74.5,73.97,74.39,228912
2026-05-20T13:55:00+00:00,74.38,74.6,74.15,74.48,189663
2026-05-20T14:00:00+00:00,74.5,74.93,74.45,74.76,234156
2026-05-20T14:05:00+00:00,74.7,74.7,74.21,74.255,136891
2026-05-20T14:10:00+00:00,74.25,74.85,73.91,74.56,204381
2026-05-20T14:15:00+00:00,74.59,75.58,74.54,75.195,321809
2026-05-20T14:20:00+00:00,75.18,75.425,74.6,74.64,165106
2026-05-20T14:25:00+00:00,74.64,75.2,74.62,75.19,189702
2026-05-20T14:30:00+00:00,75.2,75.6,75.195,75.272,286779
2026-05-20T14:35:00+00:00,75.264,75.34,75.01,75.03,143103
2026-05-20T14:40:00+00:00,75.02,75.45,74.98,75.42,123624
2026-05-20T14:45:00+00:00,75.45,75.55,75.33,75.401,154259
2026-05-20T14:50:00+00:00,75.42,75.5,75.28,75.42,209515
2026-05-20T14:55:00+00:00,75.41,75.57,75.27,75.27,266497
2026-05-20T15:00:00+00:00,75.24,75.38,75.09,75.185,135793
2026-05-20T15:05:00+00:00,75.175,75.18,75.02,75.121,110759
2026-05-20T15:10:00+00:00,75.135,75.135,74.9,74.93,86256
2026-05-20T15:15:00+00:00,74.914,75.82,74.914,75.45,328314
2026-05-20T15:20:00+00:00,75.45,75.8,75.45,75.614,205250
2026-05-20T15:25:00+00:00,75.62,75.63,75.307,75.402,174197
2026-05-20T15:30:00+00:00,75.395,75.53,75.362,75.44,90019
2026-05-20T15:35:00+00:00,75.45,75.555,75.37,75.383,91237
2026-05-20T15:40:00+00:00,75.38,75.46,75.27,75.445,76835
2026-05-20T15:45:00+00:00,75.45,75.6,75.41,75.59,97621
2026-05-20T15:50:00+00:00,75.6,75.61,75.5,75.52,61914
2026-05-20T15:55:00+00:00,75.52,75.64,75.35,75.555,98989
2026-05-20T16:00:00+00:00,75.555,75.74,75.53,75.645,50411
2026-05-20T16:05:00+00:00,75.63,75.74,75.62,75.643,57778
2026-05-20T16:10:00+00:00,75.62,75.81,75.62,75.72,77742
2026-05-20T16:15:00+00:00,75.702,75.705,75.5,75.64,96811
2026-05-20T16:20:00+00:00,75.62,75.63,75.4,75.4,139839
2026-05-20T16:25:00+00:00,75.4,75.53,75.272,75.375,89732
2026-05-20T16:30:00+00:00,75.39,75.57,75.285,75.54,73471
2026-05-20T16:35:00+00:00,75.54,75.81,75.52,75.6,93760
2026-05-20T16:40:00+00:00,75.615,75.95,75.58,75.95,93903
2026-05-20T16:45:00+00:00,75.96,76.03,75.59,75.63,145229
2026-05-20T16:50:00+00:00,75.65,75.77,75.63,75.73,71738
2026-05-20T16:55:00+00:00,75.75,75.92,75.67,75.87,80475
2026-05-20T17:00:00+00:00,75.87,75.875,75.66,75.67,79080
2026-05-20T17:05:00+00:00,75.67,75.885,75.64,75.885,84466
2026-05-20T17:10:00+00:00,75.885,76.06,75.741,76.01,162023
2026-05-20T17:15:00+00:00,76.0,76.0,75.71,75.95,99503
2026-05-20T17:20:00+00:00,75.945,75.98,75.8,75.85,79126
2026-05-20T17:25:00+00:00,75.857,76.07,75.79,76.01,107873
2026-05-20T17:30:00+00:00,76.04,76.18,76.02,76.06,118567
2026-05-20T17:35:00+00:00,76.07,76.35,76.06,76.1,122382
2026-05-20T17:40:00+00:00,76.09,76.09,76.01,76.06,86429
2026-05-20T17:45:00+00:00,76.06,76.06,75.9,75.96,74203
2026-05-20T17:50:00+00:00,75.96,75.98,75.85,75.92,70568
2026-05-20T17:55:00+00:00,75.93,76.0,75.89,75.975,50988
2026-05-20T18:00:00+00:00,75.99,76.26,75.89,76.195,117744
2026-05-20T18:05:00+00:00,76.19,76.259,76.16,76.21,71301
2026-05-20T18:10:00+00:00,76.23,76.25,76.0,76.055,57679
2026-05-20T18:15:00+00:00,76.07,76.17,76.035,76.055,40448
2026-05-20T18:20:00+00:00,76.055,76.085,75.93,75.935,49790
2026-05-20T18:25:00+00:00,75.92,75.97,75.7,75.88,91955
2026-05-20T18:30:00+00:00,75.88,75.97,75.875,75.89,51926
2026-05-20T18:35:00+00:00,75.89,75.94,75.79,75.86,47711
2026-05-20T18:40:00+00:00,75.87,75.97,75.76,75.84,60291
2026-05-20T18:45:00+00:00,75.82,75.93,75.685,75.795,65449
2026-05-20T18:50:00+00:00,75.785,75.81,75.58,75.6,70701
2026-05-20T18:55:00+00:00,75.6,75.61,75.43,75.44,102130
2026-05-20T19:00:00+00:00,75.47,75.695,75.43,75.43,104671
2026-05-20T19:05:00+00:00,75.42,75.51,75.41,75.51,60267
2026-05-20T19:10:00+00:00,75.52,75.66,75.51,75.64,72435
2026-05-20T19:15:00+00:00,75.64,75.75,75.56,75.7,103710
2026-05-20T19:20:00+00:00,75.7,75.78,75.59,75.65,115106
2026-05-20T19:25:00+00:00,75.66,75.71,75.6,75.71,90784
2026-05-20T19:30:00+00:00,75.7,75.81,75.63,75.75,86628
2026-05-20T19:35:00+00:00,75.75,75.955,75.75,75.86,120552
2026-05-20T19:40:00+00:00,75.86,75.892,75.735,75.79,98799
2026-05-20T19:45:00+00:00,75.79,75.842,75.73,75.842,97834
2026-05-20T19:50:00+00:00,75.82,75.88,75.73,75.73,194445
2026-05-20T19:55:00+00:00,75.74,75.83,75.595,75.76,546075
2026-05-21T13:30:00+00:00,74.945,76.05,74.69,75.796,294277
2026-05-21T13:35:00+00:00,75.795,76.311,75.575,75.82,306374
2026-05-21T13:40:00+00:00,75.82,75.933,75.23,75.42,200814
2026-05-21T13:45:00+00:00,75.43,75.44,75.02,75.38,181261
2026-05-21T13:50:00+00:00,75.41,75.95,75.305,75.875,200764
2026-05-21T13:55:00+00:00,75.915,76.13,75.46,75.67,229542
2026-05-21T14:00:00+00:00,75.69,76.14,75.46,76.01,212011
2026-05-21T14:05:00+00:00,75.995,76.21,75.995,76.17,162258
2026-05-21T14:10:00+00:00,76.22,76.22,75.92,75.98,176549
2026-05-21T14:15:00+00:00,76.01,76.05,75.32,75.36,198883
2026-05-21T14:20:00+00:00,75.35,75.4,74.93,75.085,313103
2026-05-21T14:25:00+00:00,75.08,75.36,75.035,75.24,124878
2026-05-21T14:30:00+00:00,75.26,75.425,74.978,75.04,133173
2026-05-21T14:35:00+00:00,75.02,75.219,74.99,75.14,104867
2026-05-21T14:40:00+00:00,75.17,75.19,74.88,75.095,205472
2026-05-21T14:45:00+00:00,75.11,75.145,74.82,74.96,167403
2026-05-21T14:50:00+00:00,74.97,75.081,74.77,75.01,122196
2026-05-21T14:55:00+00:00,75.0,75.38,75.0,75.25,114866
2026-05-21T15:00:00+00:00,75.25,75.37,75.178,75.29,111776
2026-05-21T15:05:00+00:00,75.31,75.31,74.95,75.08,139852
2026-05-21T15:10:00+00:00,75.08,75.435,74.98,75.22,144191
2026-05-21T15:15:00+00:00,75.21,75.29,75.15,75.25,92216
2026-05-21T15:20:00+00:00,75.255,75.28,75.02,75.05,70676
2026-05-21T15:25:00+00:00,75.04,75.22,74.99,75.18,62967
2026-05-21T15:30:00+00:00,75.2,75.25,75.065,75.12,78984
2026-05-21T15:35:00+00:00,75.11,75.22,75.07,75.14,54752
2026-05-21T15:40:00+00:00,75.15,75.43,75.15,75.385,145000
2026-05-21T15:45:00+00:00,75.4,75.52,75.37,75.5,98487
2026-05-21T15:50:00+00:00,75.501,75.51,75.28,75.36,110028
2026-05-21T15:55:00+00:00,75.34,75.44,75.3,75.36,82784
2026-05-21T16:00:00+00:00,75.37,75.56,75.252,75.28,100145
2026-05-21T16:05:00+00:00,75.29,75.44,75.26,75.395,69951
2026-05-21T16:10:00+00:00,75.42,75.44,75.17,75.36,91790
2026-05-21T16:15:00+00:00,75.37,75.47,75.295,75.3,62320
2026-05-21T16:20:00+00:00,75.31,75.345,75.095,75.135,73882
2026-05-21T16:25:00+00:00,75.14,75.165,75.01,75.06,78937
2026-05-21T16:30:00+00:00,75.06,75.125,75.01,75.04,52560
2026-05-21T16:35:00+00:00,75.04,75.09,74.935,75.006,69372
2026-05-21T16:40:00+00:00,75.01,75.215,74.95,75.1,83076
2026-05-21T16:45:00+00:00,75.11,75.19,74.95,75.02,77900
2026-05-21T16:50:00+00:00,75.0,75.12,74.86,75.117,103029
2026-05-21T16:55:00+00:00,75.11,75.19,74.95,75.0,63055
2026-05-21T17:00:00+00:00,75.01,75.08,74.96,74.97,72356
2026-05-21T17:05:00+00:00,74.98,75.06,74.97,75.02,46972
2026-05-21T17:10:00+00:00,75.02,75.79,75.02,75.5,239730
2026-05-21T17:15:00+00:00,75.5,76.15,75.43,75.824,205328
2026-05-21T17:20:00+00:00,75.82,76.14,75.585,75.81,201087
2026-05-21T17:25:00+00:00,75.805,75.97,75.805,75.915,96454
2026-05-21T17:30:00+00:00,75.95,76.111,75.935,76.07,131859
2026-05-21T17:35:00+00:00,76.07,76.07,75.76,75.84,112569
2026-05-21T17:40:00+00:00,75.86,76.11,75.86,76.11,94516
2026-05-21T17:45:00+00:00,76.115,76.35,76.025,76.35,141305
2026-05-21T17:50:00+00:00,76.355,76.6,76.33,76.52,204450
2026-05-21T17:55:00+00:00,76.527,76.67,76.3,76.375,192368
2026-05-21T18:00:00+00:00,76.375,76.59,76.36,76.43,96027
2026-05-21T18:05:00+00:00,76.395,76.54,76.389,76.49,88925
2026-05-21T18:10:00+00:00,76.5,76.51,76.22,76.42,85494
2026-05-21T18:15:00+00:00,76.43,76.63,76.34,76.59,86010
2026-05-21T18:20:00+00:00,76.588,76.75,76.48,76.74,92452
2026-05-21T18:25:00+00:00,76.74,76.74,76.51,76.545,139073
2026-05-21T18:30:00+00:00,76.55,76.69,76.53,76.63,76954
2026-05-21T18:35:00+00:00,76.65,76.69,76.605,76.63,45400
2026-05-21T18:40:00+00:00,76.62,76.759,76.615,76.67,70569
2026-05-21T18:45:00+00:00,76.665,76.705,76.35,76.37,128238
2026-05-21T18:50:00+00:00,76.38,76.45,75.86,75.86,202464
2026-05-21T18:55:00+00:00,75.82,76.05,75.79,76.03,127574
2026-05-21T19:00:00+00:00,76.03,76.164,76.02,76.075,101296
2026-05-21T19:05:00+00:00,76.06,76.27,75.97,76.21,135451
2026-05-21T19:10:00+00:00,76.23,76.29,75.99,76.06,95175
2026-05-21T19:15:00+00:00,76.08,76.25,76.053,76.15,112124
2026-05-21T19:20:00+00:00,76.16,76.19,76.025,76.045,68020
2026-05-21T19:25:00+00:00,76.04,76.12,75.93,75.98,90797
2026-05-21T19:30:00+00:00,75.98,76.055,75.91,75.94,87818
2026-05-21T19:35:00+00:00,75.95,76.06,75.805,75.85,125879
2026-05-21T19:40:00+00:00,75.84,75.89,75.54,75.68,147529
2026-05-21T19:45:00+00:00,75.68,75.88,75.64,75.831,94357
2026-05-21T19:50:00+00:00,75.83,75.88,75.688,75.74,137250
2026-05-21T19:55:00+00:00,75.73,76.0,75.7,75.92,377017
2026-05-22T13:30:00+00:00,76.32,77.11,75.6,75.66,370319
2026-05-22T13:35:00+00:00,75.68,76.198,75.5,76.119,288478
2026-05-22T13:40:00+00:00,76.11,76.5,76.067,76.22,226717
2026-05-22T13:45:00+00:00,76.3,76.592,76.0,76.2,178811
2026-05-22T13:50:00+00:00,76.25,76.34,75.75,75.95,167088
2026-05-22T13:55:00+00:00,75.96,76.02,75.451,75.64,183899
2026-05-22T14:00:00+00:00,75.64,75.7,75.36,75.53,212446
2026-05-22T14:05:00+00:00,75.52,75.55,75.145,75.29,193050
2026-05-22T14:10:00+00:00,75.29,75.31,74.68,74.69,292639
2026-05-22T14:15:00+00:00,74.688,74.97,74.58,74.62,335256
2026-05-22T14:20:00+00:00,74.61,74.625,73.56,73.675,695535
2026-05-22T14:25:00+00:00,73.67,74.03,73.5,73.984,528526
2026-05-22T14:30:00+00:00,74.005,74.08,73.79,74.03,284358
2026-05-22T14:35:00+00:00,74.04,74.21,73.99,74.16,219188
2026-05-22T14:40:00+00:00,74.18,74.48,74.16,74.27,252103
2026-05-22T14:45:00+00:00,74.27,74.39,74.1,74.236,144368
2026-05-22T14:50:00+00:00,74.24,74.26,74.03,74.03,140738
2026-05-22T14:55:00+00:00,74.04,74.056,73.8,73.88,178197
2026-05-22T15:00:00+00:00,73.89,74.01,73.82,73.906,144567
2026-05-22T15:05:00+00:00,73.905,74.111,73.88,74.111,169449
2026-05-22T15:10:00+00:00,74.105,74.16,74.03,74.11,141901
2026-05-22T15:15:00+00:00,74.12,74.22,74.04,74.19,89716
2026-05-22T15:20:00+00:00,74.19,74.3,74.13,74.185,116145
2026-05-22T15:25:00+00:00,74.19,74.37,74.11,74.37,92417
2026-05-22T15:30:00+00:00,74.365,74.395,74.19,74.22,98290
2026-05-22T15:35:00+00:00,74.23,74.24,74.02,74.044,108214
2026-05-22T15:40:00+00:00,74.04,74.15,74.0,74.132,80118
2026-05-22T15:45:00+00:00,74.125,74.34,74.11,74.3,86430
2026-05-22T15:50:00+00:00,74.3,74.35,74.245,74.32,91788
2026-05-22T15:55:00+00:00,74.32,74.385,74.23,74.35,88681
2026-05-22T16:00:00+00:00,74.36,74.725,74.36,74.63,158707
2026-05-22T16:05:00+00:00,74.62,74.63,74.48,74.53,105113
2026-05-22T16:10:00+00:00,74.52,74.65,74.43,74.6,75542
2026-05-22T16:15:00+00:00,74.59,74.67,74.41,74.423,94290
2026-05-22T16:20:00+00:00,74.44,74.597,74.25,74.25,103946
2026-05-22T16:25:00+00:00,74.25,74.495,74.215,74.435,89273
2026-05-22T16:30:00+00:00,74.43,74.605,74.42,74.5,68980
2026-05-22T16:35:00+00:00,74.48,74.73,74.46,74.67,92005
2026-05-22T16:40:00+00:00,74.66,74.66,74.56,74.62,90056
2026-05-22T16:45:00+00:00,74.6,74.69,74.51,74.51,72100
2026-05-22T16:50:00+00:00,74.51,74.65,74.45,74.6,74764
2026-05-22T16:55:00+00:00,74.58,74.65,74.58,74.625,53946
2026-05-22T17:00:00+00:00,74.62,74.76,74.62,74.74,61716
2026-05-22T17:05:00+00:00,74.745,74.845,74.655,74.83,77015
2026-05-22T17:10:00+00:00,74.83,74.87,74.76,74.78,97620
2026-05-22T17:15:00+00:00,74.81,74.89,74.61,74.61,79775
2026-05-22T17:20:00+00:00,74.62,74.79,74.595,74.72,80377
2026-05-22T17:25:00+00:00,74.76,75.3,74.7,75.28,240721
2026-05-22T17:30:00+00:00,75.29,75.33,74.89,75.04,158458
2026-05-22T17:35:00+00:00,75.04,75.085,74.82,74.84,119238
2026-05-22T17:40:00+00:00,74.84,74.91,74.77,74.84,84389
2026-05-22T17:45:00+00:00,74.845,74.845,74.64,74.66,83903
2026-05-22T17:50:00+00:00,74.65,74.65,74.45,74.56,165598
2026-05-22T17:55:00+00:00,74.53,74.563,74.37,74.39,76366
2026-05-22T18:00:00+00:00,74.4,74.54,74.21,74.39,147582
2026-05-22T18:05:00+00:00,74.38,74.43,74.24,74.24,83948
2026-05-22T18:10:00+00:00,74.23,74.25,74.08,74.24,109736
2026-05-22T18:15:00+00:00,74.205,74.3,74.185,74.23,87927
2026-05-22T18:20:00+00:00,74.23,74.33,74.18,74.29,103237
2026-05-22T18:25:00+00:00,74.29,74.365,74.275,74.34,74752
2026-05-22T18:30:00+00:00,74.35,74.45,74.27,74.279,100929
2026-05-22T18:35:00+00:00,74.28,74.32,74.07,74.14,138012
2026-05-22T18:40:00+00:00,74.145,74.19,73.96,74.0,123089
2026-05-22T18:45:00+00:00,74.017,74.04,73.77,73.812,154252
2026-05-22T18:50:00+00:00,73.82,73.92,73.81,73.889,103182
2026-05-22T18:55:00+00:00,73.89,73.91,73.74,73.8,146999
2026-05-22T19:00:00+00:00,73.805,73.855,73.48,73.54,282364
2026-05-22T19:05:00+00:00,73.52,73.7,73.459,73.541,213827
2026-05-22T19:10:00+00:00,73.54,73.6,73.4,73.42,133883
2026-05-22T19:15:00+00:00,73.41,73.46,73.36,73.4,115945
2026-05-22T19:20:00+00:00,73.4,73.53,73.33,73.485,161439
2026-05-22T19:25:00+00:00,73.485,73.498,73.31,73.38,160927
2026-05-22T19:30:00+00:00,73.39,73.65,73.26,73.58,220015
2026-05-22T19:35:00+00:00,73.58,73.74,73.56,73.7,172579
2026-05-22T19:40:00+00:00,73.71,73.71,73.48,73.61,144487
2026-05-22T19:45:00+00:00,73.59,73.6,73.33,73.445,176010
2026-05-22T19:50:00+00:00,73.43,73.59,73.41,73.5,311979
2026-05-22T19:55:00+00:00,73.5,73.67,73.48,73.64,627816
2026-05-26T13:30:00+00:00,74.495,76.025,74.441,75.117,625881
2026-05-26T13:35:00+00:00,75.105,75.299,74.15,74.37,407439
2026-05-26T13:40:00+00:00,74.34,74.74,74.21,74.35,336482
2026-05-26T13:45:00+00:00,74.34,74.85,74.02,74.82,433183
2026-05-26T13:50:00+00:00,74.856,74.925,74.07,74.265,347756
2026-05-26T13:55:00+00:00,74.277,74.5,73.82,74.19,263117
2026-05-26T14:00:00+00:00,74.178,74.93,74.17,74.875,301170
2026-05-26T14:05:00+00:00,74.89,74.94,74.6,74.915,192817
2026-05-26T14:10:00+00:00,74.91,75.03,74.42,74.64,343283
2026-05-26T14:15:00+00:00,74.64,74.815,74.38,74.43,209261
2026-05-26T14:20:00+00:00,74.46,74.63,74.41,74.5,132109
2026-05-26T14:25:00+00:00,74.459,74.62,74.28,74.332,144033
2026-05-26T14:30:00+00:00,74.34,74.515,74.17,74.33,200441
2026-05-26T14:35:00+00:00,74.32,74.67,74.19,74.27,184985
2026-05-26T14:40:00+00:00,74.27,74.55,74.25,74.47,156814
2026-05-26T14:45:00+00:00,74.46,74.95,74.355,74.772,154901
2026-05-26T14:50:00+00:00,74.79,74.98,74.74,74.95,184189
2026-05-26T14:55:00+00:00,74.957,74.957,74.75,74.79,83989
2026-05-26T15:00:00+00:00,74.805,74.99,74.72,74.83,135343
2026-05-26T15:05:00+00:00,74.845,74.96,74.65,74.95,122544
2026-05-26T15:10:00+00:00,74.935,75.095,74.77,75.09,148507
2026-05-26T15:15:00+00:00,75.094,75.4,74.96,75.32,168870
2026-05-26T15:20:00+00:00,75.32,75.39,74.98,75.135,156229
2026-05-26T15:25:00+00:00,75.15,75.26,75.03,75.04,120024
2026-05-26T15:30:00+00:00,75.01,75.04,74.79,74.826,125984
2026-05-26T15:35:00+00:00,74.82,74.88,74.64,74.67,103066
2026-05-26T15:40:00+00:00,74.68,74.75,74.551,74.6,79609
2026-05-26T15:45:00+00:00,74.607,74.69,74.5,74.6,68008
2026-05-26T15:50:00+00:00,74.605,74.635,74.18,74.22,119340
2026-05-26T15:55:00+00:00,74.2,74.349,74.16,74.313,101462
2026-05-26T16:00:00+00:00,74.315,74.405,74.24,74.265,87077
2026-05-26T16:05:00+00:00,74.268,74.304,74.2,74.27,69912
2026-05-26T16:10:00+00:00,74.27,74.28,74.08,74.08,80758
2026-05-26T16:15:00+00:00,74.07,74.28,74.02,74.27,78400
2026-05-26T16:20:00+00:00,74.27,74.326,74.205,74.29,54383
2026-05-26T16:25:00+00:00,74.283,74.385,74.26,74.33,50970
2026-05-26T16:30:00+00:00,74.315,74.34,74.17,74.26,213378
2026-05-26T16:35:00+00:00,74.26,74.35,74.24,74.25,75050
2026-05-26T16:40:00+00:00,74.24,74.26,74.14,74.17,57474
2026-05-26T16:45:00+00:00,74.17,74.23,73.927,73.93,93036
2026-05-26T16:50:00+00:00,73.925,74.1,73.9,74.09,96392
2026-05-26T16:55:00+00:00,74.08,74.08,73.92,73.95,64821
2026-05-26T17:00:00+00:00,73.95,74.09,73.92,73.994,56499
2026-05-26T17:05:00+00:00,73.99,74.18,73.98,74.15,96297
2026-05-26T17:10:00+00:00,74.13,74.18,74.045,74.128,73732
2026-05-26T17:15:00+00:00,74.12,74.17,74.05,74.13,55323
2026-05-26T17:20:00+00:00,74.13,74.13,73.971,74.03,69321
2026-05-26T17:25:00+00:00,74.015,74.02,73.875,73.97,101108
2026-05-26T17:30:00+00:00,73.965,74.08,73.904,73.941,89182
2026-05-26T17:35:00+00:00,73.945,74.05,73.87,73.894,89824
2026-05-26T17:40:00+00:00,73.9,73.93,73.85,73.851,84105
2026-05-26T17:45:00+00:00,73.855,73.92,73.79,73.89,74336
2026-05-26T17:50:00+00:00,73.89,73.965,73.815,73.815,66121
2026-05-26T17:55:00+00:00,73.81,73.924,73.775,73.88,99466
2026-05-26T18:00:00+00:00,73.875,73.88,73.725,73.83,129197
2026-05-26T18:05:00+00:00,73.83,73.915,73.77,73.87,75567
2026-05-26T18:10:00+00:00,73.89,73.98,73.88,73.9,63653
2026-05-26T18:15:00+00:00,73.9,74.1,73.9,74.068,74373
2026-05-26T18:20:00+00:00,74.08,74.17,74.02,74.12,92986
2026-05-26T18:25:00+00:00,74.12,74.2,74.06,74.14,77063
2026-05-26T18:30:00+00:00,74.13,74.19,74.04,74.06,76031
2026-05-26T18:35:00+00:00,74.06,74.06,73.9,73.903,69830
2026-05-26T18:40:00+00:00,73.9,73.94,73.78,73.805,66609
2026-05-26T18:45:00+00:00,73.82,73.99,73.81,73.92,69124
2026-05-26T18:50:00+00:00,73.92,74.03,73.88,73.899,66835
2026-05-26T18:55:00+00:00,73.89,73.93,73.69,73.71,138329
2026-05-26T19:00:00+00:00,73.73,73.829,73.52,73.81,292364
2026-05-26T19:05:00+00:00,73.81,73.92,73.78,73.82,81742
2026-05-26T19:10:00+00:00,73.81,73.865,73.72,73.748,88915
2026-05-26T19:15:00+00:00,73.75,73.82,73.65,73.735,86918
2026-05-26T19:20:00+00:00,73.735,73.82,73.7,73.72,74076
2026-05-26T19:25:00+00:00,73.73,73.78,73.66,73.715,73679
2026-05-26T19:30:00+00:00,73.72,73.81,73.72,73.77,73216
2026-05-26T19:35:00+00:00,73.77,73.82,73.71,73.795,94225
2026-05-26T19:40:00+00:00,73.79,73.81,73.705,73.729,87430
2026-05-26T19:45:00+00:00,73.73,73.82,73.7,73.795,98058
2026-05-26T19:50:00+00:00,73.8,73.91,73.455,73.905,399164
2026-05-26T19:55:00+00:00,73.9,74.16,73.89,74.09,733234
2026-05-27T13:30:00+00:00,73.915,74.85,73.45,74.1,430274
2026-05-27T13:35:00+00:00,74.09,75.14,73.93,74.76,616383
2026-05-27T13:40:00+00:00,74.75,74.83,73.84,74.5,457315
2026-05-27T13:45:00+00:00,74.5,74.94,73.94,73.95,381691
2026-05-27T13:50:00+00:00,73.955,74.34,73.715,73.9,436995
2026-05-27T13:55:00+00:00,73.85,74.635,73.65,74.635,404111
2026-05-27T14:00:00+00:00,74.63,75.18,74.61,74.91,372034
2026-05-27T14:05:00+00:00,74.915,75.21,74.79,75.06,246233
2026-05-27T14:10:00+00:00,75.06,75.54,74.98,75.505,318068
2026-05-27T14:15:00+00:00,75.48,76.03,75.31,75.99,537238
2026-05-27T14:20:00+00:00,75.985,76.06,75.42,75.43,397227
2026-05-27T14:25:00+00:00,75.44,75.54,74.85,75.53,389550
2026-05-27T14:30:00+00:00,75.513,76.13,75.513,75.81,417705
2026-05-27T14:35:00+00:00,75.82,76.28,75.73,76.21,322763
2026-05-27T14:40:00+00:00,76.21,76.4,75.875,76.13,302355
2026-05-27T14:45:00+00:00,76.135,76.21,75.96,75.985,205943
2026-05-27T14:50:00+00:00,75.98,76.05,75.645,75.645,254541
2026-05-27T14:55:00+00:00,75.64,75.65,75.32,75.35,197692
2026-05-27T15:00:00+00:00,75.35,75.465,75.16,75.23,156891
2026-05-27T15:05:00+00:00,75.24,75.52,75.23,75.44,180151
2026-05-27T15:10:00+00:00,75.44,75.67,75.42,75.495,133220
2026-05-27T15:15:00+00:00,75.48,75.48,75.22,75.22,152919
2026-05-27T15:20:00+00:00,75.22,75.42,75.19,75.385,147249
2026-05-27T15:25:00+00:00,75.375,75.42,75.225,75.4,139575
2026-05-27T15:30:00+00:00,75.41,75.615,75.335,75.6,151213
2026-05-27T15:35:00+00:00,75.59,75.68,75.455,75.565,123610
2026-05-27T15:40:00+00:00,75.57,75.64,75.38,75.43,157219
2026-05-27T15:45:00+00:00,75.435,75.5,75.01,75.075,158630
2026-05-27T15:50:00+00:00,75.09,75.17,74.855,75.035,174769
2026-05-27T15:55:00+00:00,75.02,75.022,74.85,74.99,81888
2026-05-27T16:00:00+00:00,74.96,75.055,74.86,74.97,90500
2026-05-27T16:05:00+00:00,74.98,75.005,74.821,74.87,74037
2026-05-27T16:10:00+00:00,74.885,74.885,74.6,74.66,105419
2026-05-27T16:15:00+00:00,74.67,74.74,74.57,74.73,103930
2026-05-27T16:20:00+00:00,74.73,75.304,74.72,75.27,132175
2026-05-27T16:25:00+00:00,75.26,75.52,75.15,75.5,128212
2026-05-27T16:30:00+00:00,75.5,76.155,75.5,75.975,360056
2026-05-27T16:35:00+00:00,75.96,76.1,75.66,75.68,177873
2026-05-27T16:40:00+00:00,75.675,75.7,75.52,75.66,99878
2026-05-27T16:45:00+00:00,75.65,75.665,75.47,75.525,78994
2026-05-27T16:50:00+00:00,75.54,75.81,75.54,75.67,102576
2026-05-27T16:55:00+00:00,75.64,75.72,75.6,75.67,53685
2026-05-27T17:00:00+00:00,75.68,75.695,75.46,75.48,79842
2026-05-27T17:05:00+00:00,75.47,75.485,75.1,75.11,100181
2026-05-27T17:10:00+00:00,75.14,75.28,75.07,75.27,117873
2026-05-27T17:15:00+00:00,75.265,75.45,75.165,75.45,71979
2026-05-27T17:20:00+00:00,75.435,75.48,75.265,75.42,113679
2026-05-27T17:25:00+00:00,75.44,75.47,75.34,75.44,51724
2026-05-27T17:30:00+00:00,75.43,75.61,75.41,75.56,73809
2026-05-27T17:35:00+00:00,75.56,75.71,75.51,75.585,75211
2026-05-27T17:40:00+00:00,75.581,75.59,75.43,75.455,64881
2026-05-27T17:45:00+00:00,75.453,75.565,75.28,75.325,102575
2026-05-27T17:50:00+00:00,75.33,75.355,75.259,75.34,71172
2026-05-27T17:55:00+00:00,75.35,75.56,75.17,75.42,118844
2026-05-27T18:00:00+00:00,75.44,75.58,75.41,75.48,77345
2026-05-27T18:05:00+00:00,75.48,76.42,75.34,75.65,419020
2026-05-27T18:10:00+00:00,75.65,75.83,75.58,75.69,189102
2026-05-27T18:15:00+00:00,75.72,76.11,75.69,76.075,132583
2026-05-27T18:20:00+00:00,76.075,76.39,76.075,76.351,185318
2026-05-27T18:25:00+00:00,76.355,76.425,76.15,76.18,174131
2026-05-27T18:30:00+00:00,76.17,76.21,76.115,76.145,108548
2026-05-27T18:35:00+00:00,76.14,76.14,75.98,76.03,120204
2026-05-27T18:40:00+00:00,76.04,76.27,76.0,76.13,181282
2026-05-27T18:45:00+00:00,76.13,76.45,76.13,76.36,164939
2026-05-27T18:50:00+00:00,76.36,76.57,76.36,76.41,227911
2026-05-27T18:55:00+00:00,76.41,76.43,76.255,76.29,155103
2026-05-27T19:00:00+00:00,76.3,76.5,76.23,76.4,185906
2026-05-27T19:05:00+00:00,76.43,76.49,76.26,76.39,130649
2026-05-27T19:10:00+00:00,76.39,76.45,76.28,76.42,140100
2026-05-27T19:15:00+00:00,76.42,76.62,76.355,76.47,141011
2026-05-27T19:20:00+00:00,76.47,76.51,76.265,76.32,127936
2026-05-27T19:25:00+00:00,76.31,76.33,76.15,76.31,173661
2026-05-27T19:30:00+00:00,76.29,76.59,76.29,76.54,168897
2026-05-27T19:35:00+00:00,76.54,76.635,76.46,76.476,184776
2026-05-27T19:40:00+00:00,76.46,76.495,76.26,76.27,163367
2026-05-27T19:45:00+00:00,76.28,76.31,76.21,76.23,206209
2026-05-27T19:50:00+00:00,76.22,76.365,76.18,76.31,280732
2026-05-27T19:55:00+00:00,76.31,76.32,76.1,76.23,662692
2026-05-28T13:30:00+00:00,74.845,74.845,73.575,73.76,818392
2026-05-28T13:35:00+00:00,73.75,74.45,73.535,74.4,565554
2026-05-28T13:40:00+00:00,74.36,74.43,74.06,74.43,331576
2026-05-28T13:45:00+00:00,74.4,74.965,74.4,74.851,328696
2026-05-28T13:50:00+00:00,74.856,76.293,74.83,76.26,544967
2026-05-28T13:55:00+00:00,76.25,77.8,76.23,77.76,720656
2026-05-28T14:00:00+00:00,77.74,78.5,77.64,78.35,968254
2026-05-28T14:05:00+00:00,78.355,78.6,77.61,77.63,695967
2026-05-28T14:10:00+00:00,77.62,77.94,76.73,77.85,573528
2026-05-28T14:15:00+00:00,77.83,78.29,77.28,78.11,375400
2026-05-28T14:20:00+00:00,78.11,78.26,77.72,78.25,322279
2026-05-28T14:25:00+00:00,78.224,78.669,78.15,78.535,376156
2026-05-28T14:30:00+00:00,78.5,78.637,77.448,77.53,369222
2026-05-28T14:35:00+00:00,77.52,77.73,77.101,77.58,224762
2026-05-28T14:40:00+00:00,77.56,78.06,77.56,77.986,178245
2026-05-28T14:45:00+00:00,77.994,78.135,77.75,78.015,208731
2026-05-28T14:50:00+00:00,78.03,78.095,77.86,77.86,129956
2026-05-28T14:55:00+00:00,77.86,78.39,77.795,78.39,133715
2026-05-28T15:00:00+00:00,78.4,79.2,78.33,79.145,295841
2026-05-28T15:05:00+00:00,79.16,79.27,78.86,78.91,310320
2026-05-28T15:10:00+00:00,78.93,79.07,78.85,78.875,161168
2026-05-28T15:15:00+00:00,78.89,79.03,78.75,78.87,157574
2026-05-28T15:20:00+00:00,78.86,79.4,78.83,79.4,189503
2026-05-28T15:25:00+00:00,79.394,79.838,79.38,79.79,348991
2026-05-28T15:30:00+00:00,79.8,80.1,79.7,79.993,393181
2026-05-28T15:35:00+00:00,80.0,80.06,79.72,80.016,228557
2026-05-28T15:40:00+00:00,80.005,80.33,79.928,80.15,286044
2026-05-28T15:45:00+00:00,80.13,80.42,80.12,80.23,254672
2026-05-28T15:50:00+00:00,80.22,80.595,80.2,80.59,310158
2026-05-28T15:55:00+00:00,80.57,80.68,80.162,80.25,324815
2026-05-28T16:00:00+00:00,80.24,80.42,80.18,80.395,185263
2026-05-28T16:05:00+00:00,80.39,80.42,80.2,80.27,135740
2026-05-28T16:10:00+00:00,80.29,80.37,80.02,80.18,208199
2026-05-28T16:15:00+00:00,80.15,80.5,79.924,80.41,288737
2026-05-28T16:20:00+00:00,80.41,80.543,80.26,80.54,221128
2026-05-28T16:25:00+00:00,80.51,80.52,80.121,80.245,152642
2026-05-28T16:30:00+00:00,80.25,80.35,80.11,80.305,118331
2026-05-28T16:35:00+00:00,80.31,80.46,80.26,80.435,110352
2026-05-28T16:40:00+00:00,80.44,80.44,80.035,80.095,141739
2026-05-28T16:45:00+00:00,80.1,80.38,80.1,80.37,122591
2026-05-28T16:50:00+00:00,80.38,80.66,80.315,80.63,170937
2026-05-28T16:55:00+00:00,80.621,80.86,80.61,80.665,252777
2026-05-28T17:00:00+00:00,80.65,80.8,80.615,80.745,133315
2026-05-28T17:05:00+00:00,80.765,81.1,80.76,81.08,326189
2026-05-28T17:10:00+00:00,81.08,81.3,81.0,81.29,249555
2026-05-28T17:15:00+00:00,81.285,81.3,81.03,81.07,250869
2026-05-28T17:20:00+00:00,81.08,81.21,81.08,81.13,110650
2026-05-28T17:25:00+00:00,81.13,81.62,81.09,81.58,329396
2026-05-28T17:30:00+00:00,81.596,82.19,81.596,81.955,490194
2026-05-28T17:35:00+00:00,81.955,82.495,81.955,82.415,419672
2026-05-28T17:40:00+00:00,82.415,82.74,82.33,82.63,449712
2026-05-28T17:45:00+00:00,82.63,82.847,82.47,82.725,528428
2026-05-28T17:50:00+00:00,82.74,83.12,82.73,83.03,564486
2026-05-28T17:55:00+00:00,83.036,83.28,82.89,83.265,506998
2026-05-28T18:00:00+00:00,83.26,83.28,83.06,83.145,309824
2026-05-28T18:05:00+00:00,83.154,83.45,83.02,83.06,398232
2026-05-28T18:10:00+00:00,83.065,83.585,83.0,83.498,511548
2026-05-28T18:15:00+00:00,83.49,83.61,83.15,83.338,393234
2026-05-28T18:20:00+00:00,83.34,83.48,83.08,83.17,358619
2026-05-28T18:25:00+00:00,83.17,83.6,83.08,83.53,503067
2026-05-28T18:30:00+00:00,83.54,83.81,83.45,83.71,555850
2026-05-28T18:35:00+00:00,83.71,83.81,83.39,83.44,352749
2026-05-28T18:40:00+00:00,83.455,83.54,83.245,83.455,253377
2026-05-28T18:45:00+00:00,83.47,83.589,83.2,83.22,199540
2026-05-28T18:50:00+00:00,83.22,83.447,83.21,83.43,240379
2026-05-28T18:55:00+00:00,83.438,83.8,83.42,83.79,357352
2026-05-28T19:00:00+00:00,83.79,83.88,83.5,83.66,454687
2026-05-28T19:05:00+00:00,83.66,83.865,83.62,83.77,271048
2026-05-28T19:10:00+00:00,83.765,83.846,83.66,83.73,259735
2026-05-28T19:15:00+00:00,83.72,83.725,82.96,83.125,429108
2026-05-28T19:20:00+00:00,83.115,83.63,83.06,83.55,290117
2026-05-28T19:25:00+00:00,83.555,83.92,83.48,83.912,330123
2026-05-28T19:30:00+00:00,83.93,84.23,83.93,84.17,421805
2026-05-28T19:35:00+00:00,84.18,84.22,83.94,84.11,360749
2026-05-28T19:40:00+00:00,84.1,84.2,84.01,84.115,311217
2026-05-28T19:45:00+00:00,84.115,84.375,84.08,84.29,618042
2026-05-28T19:50:00+00:00,84.26,84.44,84.03,84.35,766144
2026-05-28T19:55:00+00:00,84.35,84.92,84.35,84.84,1935489
2026-05-29T13:30:00+00:00,85.66,87.215,84.235,86.87,1249169
2026-05-29T13:35:00+00:00,86.874,88.35,86.77,88.27,1171746
2026-05-29T13:40:00+00:00,88.29,88.94,87.5,88.92,1209106
2026-05-29T13:45:00+00:00,88.93,89.08,87.84,87.89,1004065
2026-05-29T13:50:00+00:00,87.87,88.371,87.65,88.27,623842
2026-05-29T13:55:00+00:00,88.24,88.439,87.843,88.25,412395
2026-05-29T14:00:00+00:00,88.25,88.36,87.66,88.2,515182
2026-05-29T14:05:00+00:00,88.19,88.19,86.75,86.85,622529
2026-05-29T14:10:00+00:00,86.801,86.95,86.4,86.84,474244
2026-05-29T14:15:00+00:00,86.855,86.859,85.88,86.1,494998
2026-05-29T14:20:00+00:00,86.08,86.34,86.01,86.16,330489
2026-05-29T14:25:00+00:00,86.17,86.53,85.99,86.34,439204
2026-05-29T14:30:00+00:00,86.32,86.835,86.32,86.75,416350
2026-05-29T14:35:00+00:00,86.75,87.01,86.6,86.805,298714
2026-05-29T14:40:00+00:00,86.805,87.069,86.61,86.625,275359
2026-05-29T14:45:00+00:00,86.625,87.17,86.56,86.99,292659
2026-05-29T14:50:00+00:00,86.976,88.14,86.94,87.8,515011
2026-05-29T14:55:00+00:00,87.76,88.21,87.713,88.13,277058
2026-05-29T15:00:00+00:00,88.13,89.45,88.07,89.34,685700
2026-05-29T15:05:00+00:00,89.35,90.08,89.17,89.98,828304
2026-05-29T15:10:00+00:00,89.98,90.64,89.78,90.605,765169
2026-05-29T15:15:00+00:00,90.605,90.97,90.16,90.88,1011508
2026-05-29T15:20:00+00:00,90.9,91.63,90.49,91.6,950291
2026-05-29T15:25:00+00:00,91.59,92.34,91.13,92.213,1065983
2026-05-29T15:30:00+00:00,92.2,92.46,91.88,91.88,789249
2026-05-29T15:35:00+00:00,91.91,92.98,91.802,92.94,867216
2026-05-29T15:40:00+00:00,92.94,93.13,92.31,92.52,996859
2026-05-29T15:45:00+00:00,92.51,92.52,92.02,92.37,598364
2026-05-29T15:50:00+00:00,92.36,92.925,92.29,92.68,658962
2026-05-29T15:55:00+00:00,92.68,92.966,92.57,92.925,499957
2026-05-29T16:00:00+00:00,92.945,93.21,92.25,92.275,627843
2026-05-29T16:05:00+00:00,92.26,92.91,92.185,92.9,445763
2026-05-29T16:10:00+00:00,92.89,93.67,92.89,93.535,736689
2026-05-29T16:15:00+00:00,93.527,93.59,92.66,93.02,677628
2026-05-29T16:20:00+00:00,93.01,93.2,92.76,93.11,572567
2026-05-29T16:25:00+00:00,93.08,93.21,92.68,93.051,491451
2026-05-29T16:30:00+00:00,93.04,93.72,92.8,93.66,611902
2026-05-29T16:35:00+00:00,93.675,94.09,93.52,93.89,712230
2026-05-29T16:40:00+00:00,93.861,94.13,93.64,94.07,450875
2026-05-29T16:45:00+00:00,94.065,94.25,92.97,93.126,667256
2026-05-29T16:50:00+00:00,93.13,93.35,92.85,93.275,461247
2026-05-29T16:55:00+00:00,93.25,93.41,93.09,93.4,312467
2026-05-29T17:00:00+00:00,93.41,93.63,93.2,93.23,309040
2026-05-29T17:05:00+00:00,93.202,93.49,93.03,93.42,209418
2026-05-29T17:10:00+00:00,93.39,93.565,93.1,93.392,240609
2026-05-29T17:15:00+00:00,93.399,93.41,93.05,93.11,247024
2026-05-29T17:20:00+00:00,93.1,93.42,92.875,93.34,370030
2026-05-29T17:25:00+00:00,93.34,93.535,93.18,93.41,284769
2026-05-29T17:30:00+00:00,93.417,93.63,93.38,93.49,254672
2026-05-29T17:35:00+00:00,93.495,93.57,93.32,93.405,171369
2026-05-29T17:40:00+00:00,93.39,93.48,92.86,92.9,317837
2026-05-29T17:45:00+00:00,92.91,93.04,92.52,92.54,336006
2026-05-29T17:50:00+00:00,92.55,92.92,92.48,92.85,327293
2026-05-29T17:55:00+00:00,92.825,93.03,92.65,92.965,211798
2026-05-29T18:00:00+00:00,92.98,93.03,92.51,92.7,324940
2026-05-29T18:05:00+00:00,92.685,92.93,92.42,92.87,385743
2026-05-29T18:10:00+00:00,92.88,93.1,92.84,93.065,206259
2026-05-29T18:15:00+00:00,93.08,93.17,92.75,92.975,171153
2026-05-29T18:20:00+00:00,92.975,93.1,92.81,92.92,123442
2026-05-29T18:25:00+00:00,92.935,92.974,92.79,92.96,184650
2026-05-29T18:30:00+00:00,92.98,93.175,92.88,92.955,197127
2026-05-29T18:35:00+00:00,92.95,93.037,92.63,93.025,200811
2026-05-29T18:40:00+00:00,93.015,93.11,92.96,92.999,148738
2026-05-29T18:45:00+00:00,93.0,93.01,92.13,92.19,557411
2026-05-29T18:50:00+00:00,92.186,92.205,91.685,91.83,347421
2026-05-29T18:55:00+00:00,91.83,92.02,91.78,92.02,377700
2026-05-29T19:00:00+00:00,92.02,92.23,91.78,92.115,385753
2026-05-29T19:05:00+00:00,92.107,92.285,92.05,92.276,195084
2026-05-29T19:10:00+00:00,92.26,92.44,92.24,92.42,198595
2026-05-29T19:15:00+00:00,92.42,92.875,92.31,92.86,330371
2026-05-29T19:20:00+00:00,92.88,93.05,92.77,92.96,305047
2026-05-29T19:25:00+00:00,92.97,93.45,92.96,93.435,389522
2026-05-29T19:30:00+00:00,93.435,93.55,93.11,93.17,454355
2026-05-29T19:35:00+00:00,93.18,93.38,93.04,93.189,400517
2026-05-29T19:40:00+00:00,93.18,93.66,93.17,93.63,492744
2026-05-29T19:45:00+00:00,93.615,93.745,93.471,93.639,513736
2026-05-29T19:50:00+00:00,93.64,93.785,93.07,93.74,850680
2026-05-29T19:55:00+00:00,93.74,94.4,93.565,94.3,2079183
2026-06-01T13:30:00+00:00,89.94,90.24,85.56,86.13,1893196
2026-06-01T13:35:00+00:00,86.2,87.545,85.76,87.25,1171784
2026-06-01T13:40:00+00:00,87.27,87.46,86.601,86.94,717037
2026-06-01T13:45:00+00:00,86.935,87.885,86.88,87.48,766719
2026-06-01T13:50:00+00:00,87.485,88.195,87.38,87.68,848331
2026-06-01T13:55:00+00:00,87.67,87.75,86.78,87.22,619849
2026-06-01T14:00:00+00:00,87.23,87.53,86.62,87.42,576853
2026-06-01T14:05:00+00:00,87.4,88.05,86.92,87.795,437332
2026-06-01T14:10:00+00:00,87.8,87.8,87.05,87.47,367625
2026-06-01T14:15:00+00:00,87.462,88.59,87.38,88.1,760235
2026-06-01T14:20:00+00:00,88.08,88.14,87.6,87.675,452627
2026-06-01T14:25:00+00:00,87.675,87.68,86.62,87.325,675694
2026-06-01T14:30:00+00:00,87.28,87.74,87.17,87.47,361859
2026-06-01T14:35:00+00:00,87.43,87.769,87.101,87.11,253079
2026-06-01T14:40:00+00:00,87.12,87.39,86.88,87.33,280221
2026-06-01T14:45:00+00:00,87.34,87.83,87.34,87.695,247302
2026-06-01T14:50:00+00:00,87.71,88.24,87.71,88.19,293815
2026-06-01T14:55:00+00:00,88.185,88.68,87.93,88.68,307365
2026-06-01T15:00:00+00:00,88.69,89.62,88.62,89.62,663492
2026-06-01T15:05:00+00:00,89.62,90.04,89.47,89.65,428141
2026-06-01T15:10:00+00:00,89.655,90.08,89.61,90.025,253592
2026-06-01T15:15:00+00:00,90.055,90.775,90.04,90.67,397991
2026-06-01T15:20:00+00:00,90.68,90.85,90.3,90.375,402190
2026-06-01T15:25:00+00:00,90.36,90.8,90.24,90.773,319276
2026-06-01T15:30:00+00:00,90.76,91.47,90.71,91.45,391925
2026-06-01T15:35:00+00:00,91.438,91.74,91.41,91.605,375076
2026-06-01T15:40:00+00:00,91.605,91.64,91.25,91.28,261908
2026-06-01T15:45:00+00:00,91.29,91.37,91.08,91.16,204545
2026-06-01T15:50:00+00:00,91.16,91.53,91.06,91.08,212322
2026-06-01T15:55:00+00:00,91.065,91.07,90.68,90.97,244144
2026-06-01T16:00:00+00:00,90.965,91.36,90.965,91.13,230162
2026-06-01T16:05:00+00:00,91.135,91.185,90.38,90.424,241833
2026-06-01T16:10:00+00:00,90.405,90.465,90.04,90.32,335673
2026-06-01T16:15:00+00:00,90.31,90.31,89.783,89.9,265626
2026-06-01T16:20:00+00:00,89.885,89.97,89.59,89.665,240675
2026-06-01T16:25:00+00:00,89.65,89.67,89.42,89.66,357312
2026-06-01T16:30:00+00:00,89.67,89.79,89.55,89.77,250233
2026-06-01T16:35:00+00:00,89.79,90.156,89.775,90.1,176860
2026-06-01T16:40:00+00:00,90.1,90.12,89.86,90.01,136699
2026-06-01T16:45:00+00:00,90.03,90.08,89.89,90.06,112491
2026-06-01T16:50:00+00:00,90.06,90.23,89.89,90.145,137339
2026-06-01T16:55:00+00:00,90.15,90.51,90.1,90.34,176144
2026-06-01T17:00:00+00:00,90.34,90.635,90.26,90.488,161921
2026-06-01T17:05:00+00:00,90.495,90.742,90.495,90.735,106986
2026-06-01T17:10:00+00:00,90.73,90.84,90.53,90.753,156001
2026-06-01T17:15:00+00:00,90.765,90.87,90.62,90.71,160074
2026-06-01T17:20:00+00:00,90.72,91.18,90.71,91.18,167224
2026-06-01T17:25:00+00:00,91.2,91.42,90.97,91.42,205535
2026-06-01T17:30:00+00:00,91.45,91.62,91.33,91.473,222402
2026-06-01T17:35:00+00:00,91.46,91.71,91.46,91.52,183341
2026-06-01T17:40:00+00:00,91.525,91.99,91.46,91.755,230117
2026-06-01T17:45:00+00:00,91.77,91.85,91.4,91.819,239426
2026-06-01T17:50:00+00:00,91.82,92.11,91.795,92.095,187288
2026-06-01T17:55:00+00:00,92.1,92.15,91.86,91.955,178486
2026-06-01T18:00:00+00:00,91.955,92.287,91.955,92.287,188199
2026-06-01T18:05:00+00:00,92.29,92.4,92.13,92.14,160793
2026-06-01T18:10:00+00:00,92.14,92.18,91.79,91.805,205567
2026-06-01T18:15:00+00:00,91.81,91.85,91.63,91.815,200777
2026-06-01T18:20:00+00:00,91.82,91.85,91.52,91.555,177991
2026-06-01T18:25:00+00:00,91.555,91.73,91.45,91.57,130354
2026-06-01T18:30:00+00:00,91.57,91.58,91.28,91.38,178331
2026-06-01T18:35:00+00:00,91.385,91.4,91.07,91.195,158273
2026-06-01T18:40:00+00:00,91.195,91.27,90.791,90.98,290105
2026-06-01T18:45:00+00:00,90.97,91.05,90.7,90.795,247454
2026-06-01T18:50:00+00:00,90.8,91.05,90.761,90.94,284915
2026-06-01T18:55:00+00:00,90.95,91.023,90.651,90.685,192926
2026-06-01T19:00:00+00:00,90.685,90.695,90.3,90.54,242222
2026-06-01T19:05:00+00:00,90.55,90.75,90.535,90.59,112875
2026-06-01T19:10:00+00:00,90.59,90.73,90.54,90.665,165394
2026-06-01T19:15:00+00:00,90.66,90.675,90.435,90.495,152417
2026-06-01T19:20:00+00:00,90.49,90.49,90.23,90.34,153267
2026-06-01T19:25:00+00:00,90.34,90.47,90.28,90.41,137575
2026-06-01T19:30:00+00:00,90.425,90.65,90.36,90.52,202935
2026-06-01T19:35:00+00:00,90.51,90.78,90.5,90.76,165442
2026-06-01T19:40:00+00:00,90.755,91.18,90.65,91.11,239822
2026-06-01T19:45:00+00:00,91.11,91.29,91.03,91.03,316385
2026-06-01T19:50:00+00:00,91.03,91.04,90.69,90.77,313006
2026-06-01T19:55:00+00:00,90.77,90.94,90.64,90.73,631205
2026-06-02T13:30:00+00:00,88.67,89.2,87.907,88.515,607389
2026-06-02T13:35:00+00:00,88.55,88.825,86.7,87.63,911179
2026-06-02T13:40:00+00:00,87.61,87.88,87.34,87.425,423704
2026-06-02T13:45:00+00:00,87.45,88.66,87.352,88.2,413317
2026-06-02T13:50:00+00:00,88.19,88.25,87.59,87.6,330023
2026-06-02T13:55:00+00:00,87.56,87.815,87.194,87.67,475648
2026-06-02T14:00:00+00:00,87.69,88.08,87.33,87.993,430622
2026-06-02T14:05:00+00:00,87.95,88.18,87.58,87.59,470256
2026-06-02T14:10:00+00:00,87.63,88.24,87.24,88.105,290556
2026-06-02T14:15:00+00:00,88.12,88.16,87.2,87.285,397726
2026-06-02T14:20:00+00:00,87.28,87.34,86.5,86.59,544339
2026-06-02T14:25:00+00:00,86.59,86.66,86.13,86.33,544988
2026-06-02T14:30:00+00:00,86.3,86.9,86.3,86.87,410168
2026-06-02T14:35:00+00:00,86.889,87.47,86.83,87.403,499403
2026-06-02T14:40:00+00:00,87.4,87.49,86.9,87.365,533735
2026-06-02T14:45:00+00:00,87.39,87.778,87.37,87.615,341905
2026-06-02T14:50:00+00:00,87.62,87.78,87.43,87.53,221845
2026-06-02T14:55:00+00:00,87.522,87.61,87.226,87.34,203429
2026-06-02T15:00:00+00:00,87.355,87.455,87.07,87.19,206121
2026-06-02T15:05:00+00:00,87.17,87.48,87.105,87.25,156581
2026-06-02T15:10:00+00:00,87.26,87.41,87.18,87.349,115603
2026-06-02T15:15:00+00:00,87.36,87.455,87.13,87.14,111178
2026-06-02T15:20:00+00:00,87.15,87.522,87.06,87.47,185625
2026-06-02T15:25:00+00:00,87.48,87.6,87.23,87.28,130490
2026-06-02T15:30:00+00:00,87.27,87.317,86.81,86.815,197294
2026-06-02T15:35:00+00:00,86.81,87.06,86.81,86.88,128283
2026-06-02T15:40:00+00:00,86.871,87.26,86.871,87.245,142575
2026-06-02T15:45:00+00:00,87.25,87.66,87.24,87.53,191145
2026-06-02T15:50:00+00:00,87.533,87.55,87.3,87.38,120930
2026-06-02T15:55:00+00:00,87.41,87.46,86.935,87.185,247803
2026-06-02T16:00:00+00:00,87.185,87.32,87.1,87.26,88874
2026-06-02T16:05:00+00:00,87.27,87.765,87.27,87.75,144984
2026-06-02T16:10:00+00:00,87.745,88.21,87.695,88.12,243328
2026-06-02T16:15:00+00:00,88.13,88.35,88.08,88.215,191690
2026-06-02T16:20:00+00:00,88.24,88.38,88.1,88.37,143551
2026-06-02T16:25:00+00:00,88.37,88.44,88.13,88.37,112011
2026-06-02T16:30:00+00:00,88.37,88.425,88.065,88.09,128307
2026-06-02T16:35:00+00:00,88.091,88.25,87.98,88.07,91225
2026-06-02T16:40:00+00:00,88.055,88.64,88.05,88.58,126926
2026-06-02T16:45:00+00:00,88.56,89.43,88.55,89.3,308528
2026-06-02T16:50:00+00:00,89.295,89.311,88.785,88.795,219195
2026-06-02T16:55:00+00:00,88.78,89.02,88.63,88.682,206956
2026-06-02T17:00:00+00:00,88.68,88.71,88.371,88.665,229010
2026-06-02T17:05:00+00:00,88.665,88.8,88.43,88.73,121653
2026-06-02T17:10:00+00:00,88.735,89.0,88.665,88.99,105076
2026-06-02T17:15:00+00:00,88.995,89.135,88.87,89.125,119135
2026-06-02T17:20:00+00:00,89.136,89.31,88.9,88.995,157562
2026-06-02T17:25:00+00:00,89.005,89.13,88.82,88.91,141797
2026-06-02T17:30:00+00:00,88.9,88.96,88.51,88.53,159861
2026-06-02T17:35:00+00:00,88.53,88.55,88.18,88.24,109311
2026-06-02T17:40:00+00:00,88.23,88.24,87.821,87.895,126330
2026-06-02T17:45:00+00:00,87.91,88.15,87.91,88.09,144856
2026-06-02T17:50:00+00:00,88.09,88.295,88.07,88.199,122024
2026-06-02T17:55:00+00:00,88.205,88.23,87.92,87.92,95520
2026-06-02T18:00:00+00:00,87.94,88.01,87.78,87.875,122624
2026-06-02T18:05:00+00:00,87.89,88.149,87.77,88.14,88720
2026-06-02T18:10:00+00:00,88.149,88.16,88.055,88.14,81713
2026-06-02T18:15:00+00:00,88.14,88.16,87.99,88.04,100070
2026-06-02T18:20:00+00:00,88.04,88.09,87.96,87.975,100436
2026-06-02T18:25:00+00:00,87.97,88.01,87.57,87.58,169261
2026-06-02T18:30:00+00:00,87.57,88.15,87.57,87.96,173155
2026-06-02T18:35:00+00:00,87.95,87.99,87.68,87.72,114396
2026-06-02T18:40:00+00:00,87.73,87.779,87.69,87.76,59995
2026-06-02T18:45:00+00:00,87.77,87.77,87.52,87.73,104689
2026-06-02T18:50:00+00:00,87.71,87.847,87.61,87.7,103991
2026-06-02T18:55:00+00:00,87.695,87.76,87.52,87.58,92494
2026-06-02T19:00:00+00:00,87.585,87.59,87.35,87.39,106486
2026-06-02T19:05:00+00:00,87.4,87.56,87.4,87.541,93384
2026-06-02T19:10:00+00:00,87.54,87.66,87.495,87.64,97920
2026-06-02T19:15:00+00:00,87.635,87.805,87.543,87.75,98498
2026-06-02T19:20:00+00:00,87.75,88.0,87.645,87.97,182265
2026-06-02T19:25:00+00:00,87.97,87.98,87.83,87.93,141916
2026-06-02T19:30:00+00:00,87.93,88.1,87.862,88.025,182443
2026-06-02T19:35:00+00:00,88.04,88.31,88.03,88.22,158813
2026-06-02T19:40:00+00:00,88.235,88.565,88.229,88.35,190960
2026-06-02T19:45:00+00:00,88.35,88.52,88.25,88.47,133485
2026-06-02T19:50:00+00:00,88.47,88.49,88.07,88.21,217897
2026-06-02T19:55:00+00:00,88.21,88.242,88.014,88.16,561124
2026-06-03T13:30:00+00:00,86.445,86.815,85.02,85.11,646249
2026-06-03T13:35:00+00:00,85.1,85.17,84.25,84.76,546504
2026-06-03T13:40:00+00:00,84.765,84.85,83.81,83.915,572589
2026-06-03T13:45:00+00:00,83.91,84.23,83.64,83.735,422207
2026-06-03T13:50:00+00:00,83.73,84.88,83.73,84.44,591463
2026-06-03T13:55:00+00:00,84.459,84.88,84.31,84.645,398732
2026-06-03T14:00:00+00:00,84.645,84.65,84.16,84.359,348876
2026-06-03T14:05:00+00:00,84.39,84.68,84.34,84.58,221279
2026-06-03T14:10:00+00:00,84.63,84.685,84.225,84.465,222608
2026-06-03T14:15:00+00:00,84.47,84.59,84.23,84.362,165009
2026-06-03T14:20:00+00:00,84.32,84.63,84.245,84.403,176213
2026-06-03T14:25:00+00:00,84.405,84.7,84.06,84.14,193311
2026-06-03T14:30:00+00:00,84.145,84.42,84.04,84.235,198266
2026-06-03T14:35:00+00:00,84.24,84.41,84.17,84.36,136231
2026-06-03T14:40:00+00:00,84.39,84.42,84.0,84.09,193294
2026-06-03T14:45:00+00:00,84.09,84.18,84.01,84.02,153614
2026-06-03T14:50:00+00:00,84.02,84.2,83.88,84.06,177924
2026-06-03T14:55:00+00:00,84.06,84.295,83.82,84.27,214064
2026-06-03T15:00:00+00:00,84.28,84.32,83.95,83.975,136657
2026-06-03T15:05:00+00:00,83.96,84.0,83.68,83.92,232174
2026-06-03T15:10:00+00:00,83.89,84.12,83.89,83.935,175164
2026-06-03T15:15:00+00:00,83.93,84.02,83.8,83.91,170607
2026-06-03T15:20:00+00:00,83.93,83.98,83.4,83.445,295789
2026-06-03T15:25:00+00:00,83.45,83.68,83.22,83.68,231574
2026-06-03T15:30:00+00:00,83.69,83.69,83.25,83.331,212644
2026-06-03T15:35:00+00:00,83.33,83.44,83.1,83.161,175909
2026-06-03T15:40:00+00:00,83.176,83.19,82.94,83.0,227658
2026-06-03T15:45:00+00:00,83.0,83.05,82.88,82.99,181928
2026-06-03T15:50:00+00:00,82.99,83.165,82.96,83.146,158267
2026-06-03T15:55:00+00:00,83.149,83.28,82.96,83.25,145245
2026-06-03T16:00:00+00:00,83.28,83.54,83.19,83.485,229986
2026-06-03T16:05:00+00:00,83.48,83.63,83.42,83.52,174464
2026-06-03T16:10:00+00:00,83.51,83.55,83.25,83.46,195701
2026-06-03T16:15:00+00:00,83.462,83.471,83.01,83.36,161159
2026-06-03T16:20:00+00:00,83.35,83.385,83.02,83.11,105934
2026-06-03T16:25:00+00:00,83.1,83.195,82.96,83.17,128170
2026-06-03T16:30:00+00:00,83.18,83.35,83.11,83.285,89826
2026-06-03T16:35:00+00:00,83.275,83.28,83.05,83.17,82512
2026-06-03T16:40:00+00:00,83.155,83.24,82.9,82.99,114304
2026-06-03T16:45:00+00:00,82.985,83.16,82.97,83.15,105867
2026-06-03T16:50:00+00:00,83.155,83.19,83.01,83.12,79926
2026-06-03T16:55:00+00:00,83.11,83.31,83.11,83.275,84849
2026-06-03T17:00:00+00:00,83.275,83.63,83.21,83.545,177353
2026-06-03T17:05:00+00:00,83.559,83.565,83.345,83.38,121095
2026-06-03T17:10:00+00:00,83.395,83.43,83.16,83.186,78596
2026-06-03T17:15:00+00:00,83.16,83.289,83.095,83.265,110456
2026-06-03T17:20:00+00:00,83.25,83.3,83.2,83.29,71887
2026-06-03T17:25:00+00:00,83.29,83.52,83.28,83.52,85200
2026-06-03T17:30:00+00:00,83.525,83.78,83.41,83.78,111080
2026-06-03T17:35:00+00:00,83.775,83.81,83.652,83.81,99902
2026-06-03T17:40:00+00:00,83.78,83.89,83.77,83.83,103485
2026-06-03T17:45:00+00:00,83.83,83.85,83.705,83.732,67687
2026-06-03T17:50:00+00:00,83.74,83.85,83.66,83.85,63143
2026-06-03T17:55:00+00:00,83.85,83.86,83.57,83.68,59771
2026-06-03T18:00:00+00:00,83.68,84.09,83.64,84.015,124296
2026-06-03T18:05:00+00:00,84.015,84.02,83.86,83.86,84018
2026-06-03T18:10:00+00:00,83.87,83.87,83.65,83.81,103138
2026-06-03T18:15:00+00:00,83.81,83.889,83.745,83.88,48836
2026-06-03T18:20:00+00:00,83.87,83.97,83.74,83.97,90138
2026-06-03T18:25:00+00:00,83.965,83.98,83.78,83.795,87688
2026-06-03T18:30:00+00:00,83.79,83.98,83.79,83.895,105812
2026-06-03T18:35:00+00:00,83.89,84.0,83.85,83.935,74806
2026-06-03T18:40:00+00:00,83.935,83.94,83.83,83.83,74635
2026-06-03T18:45:00+00:00,83.82,83.82,83.45,83.45,112662
2026-06-03T18:50:00+00:00,83.45,83.48,83.115,83.16,180968
2026-06-03T18:55:00+00:00,83.15,83.18,83.04,83.11,124359
2026-06-03T19:00:00+00:00,83.1,83.13,82.89,82.955,166558
2026-06-03T19:05:00+00:00,82.95,82.96,82.756,82.86,193839
2026-06-03T19:10:00+00:00,82.86,83.0,82.79,83.0,137585
2026-06-03T19:15:00+00:00,83.01,83.2,82.94,83.005,173496
2026-06-03T19:20:00+00:00,83.0,83.0,82.63,82.65,151201
2026-06-03T19:25:00+00:00,82.66,82.67,82.5,82.56,200300
2026-06-03T19:30:00+00:00,82.57,82.69,82.41,82.675,139035
2026-06-03T19:35:00+00:00,82.675,82.98,82.58,82.95,144277
2026-06-03T19:40:00+00:00,82.96,83.125,82.955,83.07,171899
2026-06-03T19:45:00+00:00,83.07,83.07,82.74,82.87,214199
2026-06-03T19:50:00+00:00,82.89,82.969,82.62,82.93,345595
2026-06-03T19:55:00+00:00,82.915,83.01,82.74,82.85,882094
2026-06-04T13:30:00+00:00,83.255,84.337,82.8,82.98,502326
2026-06-04T13:35:00+00:00,82.98,84.45,82.89,84.44,471614
2026-06-04T13:40:00+00:00,84.43,84.93,84.29,84.81,660059
2026-06-04T13:45:00+00:00,84.76,84.865,83.851,84.045,478305
2026-06-04T13:50:00+00:00,84.055,84.06,83.37,83.46,361038
2026-06-04T13:55:00+00:00,83.43,83.58,83.07,83.52,389166
2026-06-04T14:00:00+00:00,83.575,84.4,83.43,84.18,484697
2026-06-04T14:05:00+00:00,84.21,84.567,84.02,84.11,391346
2026-06-04T14:10:00+00:00,84.13,84.83,83.91,84.77,438804
2026-06-04T14:15:00+00:00,84.76,84.779,84.1,84.22,324241
2026-06-04T14:20:00+00:00,84.28,85.341,84.26,85.2,481721
2026-06-04T14:25:00+00:00,85.205,85.25,84.66,84.765,365154
2026-06-04T14:30:00+00:00,84.76,84.76,84.34,84.48,298853
2026-06-04T14:35:00+00:00,84.51,84.65,84.09,84.275,334718
2026-06-04T14:40:00+00:00,84.29,84.47,84.135,84.39,181465
2026-06-04T14:45:00+00:00,84.375,84.639,84.3,84.527,186302
2026-06-04T14:50:00+00:00,84.51,84.67,84.34,84.51,192067
2026-06-04T14:55:00+00:00,84.48,84.65,84.35,84.4,129380
2026-06-04T15:00:00+00:00,84.395,84.815,84.32,84.78,230437
2026-06-04T15:05:00+00:00,84.788,85.694,84.788,85.595,380866
2026-06-04T15:10:00+00:00,85.62,86.11,85.55,86.05,308481
2026-06-04T15:15:00+00:00,86.04,86.48,86.03,86.1,458433
2026-06-04T15:20:00+00:00,86.11,86.12,85.8,85.995,280893
2026-06-04T15:25:00+00:00,86.0,86.39,85.95,86.37,250095
2026-06-04T15:30:00+00:00,86.38,86.78,86.28,86.31,317663
2026-06-04T15:35:00+00:00,86.31,86.32,85.71,85.98,260192
2026-06-04T15:40:00+00:00,85.98,86.08,85.7,85.72,174412
2026-06-04T15:45:00+00:00,85.74,85.8,85.32,85.335,230931
2026-06-04T15:50:00+00:00,85.35,85.63,85.26,85.395,178025
2026-06-04T15:55:00+00:00,85.37,85.57,85.251,85.47,161934
2026-06-04T16:00:00+00:00,85.48,85.5,85.33,85.495,129144
2026-06-04T16:05:00+00:00,85.48,85.83,85.42,85.71,138055
2026-06-04T16:10:00+00:00,85.71,85.74,85.45,85.63,117084
2026-06-04T16:15:00+00:00,85.65,85.935,85.63,85.69,211005
2026-06-04T16:20:00+00:00,85.68,86.063,85.585,85.985,137789
2026-06-04T16:25:00+00:00,85.975,85.975,85.35,85.45,141332
2026-06-04T16:30:00+00:00,85.445,85.742,85.37,85.74,158697
2026-06-04T16:35:00+00:00,85.74,86.23,85.73,86.215,220274
2026-06-04T16:40:00+00:00,86.2,86.34,86.14,86.26,151313
2026-06-04T16:45:00+00:00,86.27,86.365,86.055,86.11,155346
2026-06-04T16:50:00+00:00,86.1,86.13,85.95,86.045,116084
2026-06-04T16:55:00+00:00,86.035,86.139,85.89,85.89,168196
2026-06-04T17:00:00+00:00,85.87,86.06,85.815,85.95,106234
2026-06-04T17:05:00+00:00,85.959,86.08,85.85,86.075,100383
2026-06-04T17:10:00+00:00,86.07,86.59,86.0,86.45,226752
2026-06-04T17:15:00+00:00,86.462,86.67,86.38,86.451,176833
2026-06-04T17:20:00+00:00,86.465,86.64,86.43,86.61,161132
2026-06-04T17:25:00+00:00,86.67,87.16,86.65,87.04,306592
2026-06-04T17:30:00+00:00,87.03,87.23,86.95,87.1,278396
2026-06-04T17:35:00+00:00,87.1,87.25,86.91,86.953,205480
2026-06-04T17:40:00+00:00,86.94,87.0,86.25,86.498,272010
2026-06-04T17:45:00+00:00,86.485,86.6,86.36,86.43,203113
2026-06-04T17:50:00+00:00,86.4,86.665,86.37,86.625,170205
2026-06-04T17:55:00+00:00,86.625,86.877,86.46,86.86,150215
2026-06-04T18:00:00+00:00,86.855,87.17,86.71,87.15,201924
2026-06-04T18:05:00+00:00,87.12,87.19,86.95,87.09,161480
2026-06-04T18:10:00+00:00,87.075,87.21,86.98,87.0,143166
2026-06-04T18:15:00+00:00,87.0,87.53,86.984,87.45,230624
2026-06-04T18:20:00+00:00,87.46,87.56,87.36,87.54,164692
2026-06-04T18:25:00+00:00,87.56,87.592,87.171,87.255,323378
2026-06-04T18:30:00+00:00,87.24,87.54,87.185,87.48,169950
2026-06-04T18:35:00+00:00,87.49,87.72,87.42,87.67,141274
2026-06-04T18:40:00+00:00,87.66,87.8,87.44,87.66,204221
2026-06-04T18:45:00+00:00,87.67,87.67,87.29,87.38,197855
2026-06-04T18:50:00+00:00,87.4,87.58,87.15,87.56,168940
2026-06-04T18:55:00+00:00,87.56,87.69,87.425,87.46,172337
2026-06-04T19:00:00+00:00,87.47,87.585,87.31,87.49,160045
2026-06-04T19:05:00+00:00,87.485,87.61,87.401,87.6,158790
2026-06-04T19:10:00+00:00,87.6,87.99,87.485,87.981,180023
2026-06-04T19:15:00+00:00,87.97,88.34,87.89,87.91,353590
2026-06-04T19:20:00+00:00,87.911,88.146,87.91,88.02,165991
2026-06-04T19:25:00+00:00,88.002,88.25,87.79,88.25,208515
2026-06-04T19:30:00+00:00,88.22,88.54,88.11,88.52,304182
2026-06-04T19:35:00+00:00,88.53,88.565,88.12,88.295,363879
2026-06-04T19:40:00+00:00,88.3,88.355,88.05,88.1,180077
2026-06-04T19:45:00+00:00,88.09,88.21,87.96,88.11,254358
2026-06-04T19:50:00+00:00,88.13,88.54,88.06,88.49,359948
2026-06-04T19:55:00+00:00,88.455,88.62,88.21,88.33,908748
2026-06-05T13:30:00+00:00,86.57,87.1,85.81,86.98,559397
2026-06-05T13:35:00+00:00,86.88,87.33,86.057,86.17,488524
2026-06-05T13:40:00+00:00,86.155,86.348,84.66,84.758,683424
2026-06-05T13:45:00+00:00,84.74,85.0,84.24,84.26,426325
2026-06-05T13:50:00+00:00,84.25,84.725,84.12,84.685,510377
2026-06-05T13:55:00+00:00,84.68,84.8,83.77,83.78,400771
2026-06-05T14:00:00+00:00,83.79,84.42,83.661,84.16,410917
2026-06-05T14:05:00+00:00,84.12,85.113,84.07,85.08,368162
2026-06-05T14:10:00+00:00,85.055,85.22,84.64,85.145,334207
2026-06-05T14:15:00+00:00,85.159,85.95,85.13,85.95,374575
2026-06-05T14:20:00+00:00,85.935,85.935,84.76,84.76,425902
2026-06-05T14:25:00+00:00,84.73,84.75,84.005,84.25,347964
2026-06-05T14:30:00+00:00,84.26,84.8,84.2,84.8,274611
2026-06-05T14:35:00+00:00,84.77,85.57,84.684,85.285,352242
2026-06-05T14:40:00+00:00,85.25,85.44,84.81,85.055,225704
2026-06-05T14:45:00+00:00,85.045,85.27,84.855,85.05,205946
2026-06-05T14:50:00+00:00,85.06,85.51,85.0,85.46,222850
2026-06-05T14:55:00+00:00,85.44,85.526,84.98,85.205,225338
2026-06-05T15:00:00+00:00,85.215,85.37,84.601,84.92,180212
2026-06-05T15:05:00+00:00,84.92,84.93,84.37,84.45,176259
2026-06-05T15:10:00+00:00,84.41,84.525,83.94,84.03,239929
2026-06-05T15:15:00+00:00,84.04,84.27,83.99,84.17,187996
2026-06-05T15:20:00+00:00,84.175,84.2,83.48,83.605,391755
2026-06-05T15:25:00+00:00,83.62,83.718,83.46,83.49,185236
2026-06-05T15:30:00+00:00,83.48,83.669,83.26,83.3,220975
2026-06-05T15:35:00+00:00,83.295,83.42,82.64,82.75,346932
2026-06-05T15:40:00+00:00,82.76,83.14,82.59,82.95,348614
2026-06-05T15:45:00+00:00,82.95,83.195,82.84,83.155,355430
2026-06-05T15:50:00+00:00,83.17,83.3,83.11,83.25,194686
2026-06-05T15:55:00+00:00,83.25,83.27,82.78,82.905,222850
2026-06-05T16:00:00+00:00,82.89,82.89,82.55,82.63,203052
2026-06-05T16:05:00+00:00,82.625,82.625,82.25,82.285,360527
2026-06-05T16:10:00+00:00,82.27,82.47,82.04,82.23,322292
2026-06-05T16:15:00+00:00,82.22,82.39,81.9,81.98,329007
2026-06-05T16:20:00+00:00,81.99,82.439,81.93,82.24,218945
2026-06-05T16:25:00+00:00,82.25,82.3,81.77,81.81,257231
2026-06-05T16:30:00+00:00,81.825,81.842,81.6,81.71,221485
2026-06-05T16:35:00+00:00,81.7,81.79,81.41,81.62,227511
2026-06-05T16:40:00+00:00,81.62,81.655,80.96,81.0,293006
2026-06-05T16:45:00+00:00,81.01,81.4,80.68,81.36,374493
2026-06-05T16:50:00+00:00,81.345,81.818,81.18,81.818,256134
2026-06-05T16:55:00+00:00,81.79,81.84,81.41,81.815,228317
2026-06-05T17:00:00+00:00,81.83,81.87,81.385,81.56,219494
2026-06-05T17:05:00+00:00,81.57,81.57,81.2,81.27,139120
2026-06-05T17:10:00+00:00,81.27,81.28,80.9,81.09,159830
2026-06-05T17:15:00+00:00,81.09,81.11,80.804,80.895,132866
2026-06-05T17:20:00+00:00,80.89,81.22,80.76,81.135,258233
2026-06-05T17:25:00+00:00,81.11,81.12,80.72,81.055,138927
2026-06-05T17:30:00+00:00,81.05,81.16,80.94,81.05,140722
2026-06-05T17:35:00+00:00,81.06,81.26,81.05,81.17,139304
2026-06-05T17:40:00+00:00,81.17,81.34,80.64,80.674,233134
2026-06-05T17:45:00+00:00,80.67,80.805,80.45,80.49,190297
2026-06-05T17:50:00+00:00,80.49,80.55,80.36,80.535,163754
2026-06-05T17:55:00+00:00,80.53,80.68,80.44,80.56,135756
2026-06-05T18:00:00+00:00,80.56,80.7,80.051,80.06,229850
2026-06-05T18:05:00+00:00,80.05,80.13,79.8,79.955,434523
2026-06-05T18:10:00+00:00,79.955,80.05,79.765,79.93,246983
2026-06-05T18:15:00+00:00,79.91,80.04,79.745,79.96,192927
2026-06-05T18:20:00+00:00,79.94,80.24,79.9,79.965,305829
2026-06-05T18:25:00+00:00,79.965,80.057,79.83,79.96,219096
2026-06-05T18:30:00+00:00,79.96,80.22,79.86,80.05,203903
2026-06-05T18:35:00+00:00,80.04,80.09,79.73,79.84,201479
2026-06-05T18:40:00+00:00,79.82,79.91,79.59,79.89,223978
2026-06-05T18:45:00+00:00,79.905,79.905,79.49,79.865,240483
2026-06-05T18:50:00+00:00,79.86,80.0,79.57,79.795,311565
2026-06-05T18:55:00+00:00,79.795,80.309,79.71,80.26,286466
2026-06-05T19:00:00+00:00,80.27,81.02,80.06,81.008,387196
2026-06-05T19:05:00+00:00,81.01,81.145,80.8,80.97,363489
2026-06-05T19:10:00+00:00,80.97,80.99,80.62,80.77,263765
2026-06-05T19:15:00+00:00,80.75,80.75,80.318,80.42,253729
2026-06-05T19:20:00+00:00,80.4,80.855,80.305,80.855,285138
2026-06-05T19:25:00+00:00,80.86,81.455,80.86,81.455,292198
2026-06-05T19:30:00+00:00,81.455,81.742,81.24,81.74,297071
2026-06-05T19:35:00+00:00,81.75,82.0,81.705,81.88,290372
2026-06-05T19:40:00+00:00,81.865,81.9,81.26,81.58,332132
2026-06-05T19:45:00+00:00,81.57,81.86,81.38,81.77,322038
2026-06-05T19:50:00+00:00,81.76,82.24,81.733,82.235,522292
2026-06-05T19:55:00+00:00,82.235,82.695,82.21,82.47,1171931
2026-06-08T13:30:00+00:00,84.62,84.69,83.26,83.36,598132
2026-06-08T13:35:00+00:00,83.38,84.2,82.87,82.89,372711
2026-06-08T13:40:00+00:00,82.885,83.67,82.814,83.46,364517
2026-06-08T13:45:00+00:00,83.515,84.18,83.4,84.075,259835
2026-06-08T13:50:00+00:00,84.075,85.18,83.88,84.97,354887
2026-06-08T13:55:00+00:00,84.975,85.18,84.55,84.74,338746
2026-06-08T14:00:00+00:00,84.76,85.45,84.49,84.505,415800
2026-06-08T14:05:00+00:00,84.5,84.58,83.97,84.45,285284
2026-06-08T14:10:00+00:00,84.45,84.46,84.055,84.28,231572
2026-06-08T14:15:00+00:00,84.295,84.61,84.04,84.46,249577
2026-06-08T14:20:00+00:00,84.443,84.51,83.785,84.25,276540
2026-06-08T14:25:00+00:00,84.24,84.695,84.17,84.5,194912
2026-06-08T14:30:00+00:00,84.49,84.88,84.47,84.75,196409
2026-06-08T14:35:00+00:00,84.75,85.11,84.6,85.1,199430
2026-06-08T14:40:00+00:00,85.08,85.22,84.715,85.02,181709
2026-06-08T14:45:00+00:00,85.01,85.44,84.98,85.03,188483
2026-06-08T14:50:00+00:00,85.035,85.04,84.755,84.9,144956
2026-06-08T14:55:00+00:00,84.9,84.961,84.67,84.735,159381
2026-06-08T15:00:00+00:00,84.72,85.04,84.55,84.61,210347
2026-06-08T15:05:00+00:00,84.6,85.0,84.582,85.0,149113
2026-06-08T15:10:00+00:00,85.0,85.14,84.8,85.135,130221
2026-06-08T15:15:00+00:00,85.13,85.185,84.835,85.09,127294
2026-06-08T15:20:00+00:00,85.08,85.35,84.975,85.305,123378
2026-06-08T15:25:00+00:00,85.3,85.3,84.82,84.865,141877
2026-06-08T15:30:00+00:00,84.86,84.9,84.52,84.59,143070
2026-06-08T15:35:00+00:00,84.58,84.84,84.521,84.76,114086
2026-06-08T15:40:00+00:00,84.74,84.845,84.71,84.805,86816
2026-06-08T15:45:00+00:00,84.795,84.94,84.67,84.73,95860
2026-06-08T15:50:00+00:00,84.73,85.04,84.71,84.74,107963
2026-06-08T15:55:00+00:00,84.741,84.755,84.53,84.64,87016
2026-06-08T16:00:00+00:00,84.66,84.85,84.45,84.785,117753
2026-06-08T16:05:00+00:00,84.792,84.89,84.68,84.79,124733
2026-06-08T16:10:00+00:00,84.76,84.95,84.686,84.78,85504
2026-06-08T16:15:00+00:00,84.79,85.085,84.79,85.05,91313
2026-06-08T16:20:00+00:00,85.12,85.29,85.095,85.26,131752
2026-06-08T16:25:00+00:00,85.255,85.56,85.215,85.38,175964
2026-06-08T16:30:00+00:00,85.39,85.63,85.146,85.16,161371
2026-06-08T16:35:00+00:00,85.144,85.27,85.045,85.11,104021
2026-06-08T16:40:00+00:00,85.095,85.28,85.05,85.18,89291
2026-06-08T16:45:00+00:00,85.195,85.32,85.12,85.149,75429
2026-06-08T16:50:00+00:00,85.15,85.39,85.148,85.285,82666
2026-06-08T16:55:00+00:00,85.28,85.285,84.98,85.03,73129
2026-06-08T17:00:00+00:00,85.01,85.03,84.59,84.695,129132
2026-06-08T17:05:00+00:00,84.7,84.843,84.53,84.53,95696
2026-06-08T17:10:00+00:00,84.53,84.545,84.22,84.315,125528
2026-06-08T17:15:00+00:00,84.315,84.37,84.095,84.195,126323
2026-06-08T17:20:00+00:00,84.18,84.29,84.0,84.03,123117
2026-06-08T17:25:00+00:00,84.03,84.39,84.025,84.389,137683
2026-06-08T17:30:00+00:00,84.393,84.5,84.175,84.405,161291
2026-06-08T17:35:00+00:00,84.38,84.442,84.2,84.35,70517
2026-06-08T17:40:00+00:00,84.36,84.45,84.24,84.32,69769
2026-06-08T17:45:00+00:00,84.31,84.77,84.31,84.77,113378
2026-06-08T17:50:00+00:00,84.76,84.85,84.72,84.785,88134
2026-06-08T17:55:00+00:00,84.78,84.785,84.57,84.618,80420
2026-06-08T18:00:00+00:00,84.62,85.17,84.62,85.09,114350
2026-06-08T18:05:00+00:00,85.1,85.45,85.1,85.16,169914
2026-06-08T18:10:00+00:00,85.16,85.185,84.97,85.05,96238
2026-06-08T18:15:00+00:00,85.05,85.23,85.05,85.18,101889
2026-06-08T18:20:00+00:00,85.18,85.45,85.11,85.3,114166
2026-06-08T18:25:00+00:00,85.31,85.44,85.17,85.44,102057
2026-06-08T18:30:00+00:00,85.44,85.55,85.26,85.28,115461
2026-06-08T18:35:00+00:00,85.28,85.367,85.19,85.235,57767
2026-06-08T18:40:00+00:00,85.25,85.33,84.96,84.96,96409
2026-06-08T18:45:00+00:00,84.95,84.995,84.82,84.835,94139
2026-06-08T18:50:00+00:00,84.83,84.86,84.75,84.86,175467
2026-06-08T18:55:00+00:00,84.87,84.879,84.73,84.745,92079
2026-06-08T19:00:00+00:00,84.74,84.82,84.63,84.665,126294
2026-06-08T19:05:00+00:00,84.66,84.815,84.56,84.56,119621
2026-06-08T19:10:00+00:00,84.56,84.56,84.301,84.37,126503
2026-06-08T19:15:00+00:00,84.37,84.52,84.3,84.42,107104
2026-06-08T19:20:00+00:00,84.43,84.67,84.42,84.485,124287
2026-06-08T19:25:00+00:00,84.482,84.62,84.302,84.615,117366
2026-06-08T19:30:00+00:00,84.62,84.79,84.55,84.73,112282
2026-06-08T19:35:00+00:00,84.735,84.745,84.54,84.58,84437
2026-06-08T19:40:00+00:00,84.57,84.625,84.385,84.565,96558
2026-06-08T19:45:00+00:00,84.56,84.975,84.55,84.949,176770
2026-06-08T19:50:00+00:00,84.95,85.26,84.95,85.11,309169
2026-06-08T19:55:00+00:00,85.11,85.21,84.76,85.04,597714
2026-06-09T13:30:00+00:00,85.87,86.47,85.47,85.74,447480
2026-06-09T13:35:00+00:00,85.735,86.355,85.575,86.18,301673
2026-06-09T13:40:00+00:00,86.205,86.45,85.71,86.416,322776
2026-06-09T13:45:00+00:00,86.41,86.7,86.24,86.66,330570
2026-06-09T13:50:00+00:00,86.64,87.6,86.51,87.195,480200
2026-06-09T13:55:00+00:00,87.207,87.83,87.19,87.76,465774
2026-06-09T14:00:00+00:00,87.76,87.85,87.27,87.51,398392
2026-06-09T14:05:00+00:00,87.53,88.08,87.31,87.37,448755
2026-06-09T14:10:00+00:00,87.363,87.363,86.02,86.02,481630
2026-06-09T14:15:00+00:00,86.0,86.22,84.73,85.285,630955
2026-06-09T14:20:00+00:00,85.21,86.07,85.02,86.007,347461
2026-06-09T14:25:00+00:00,85.98,86.2,85.6,85.73,298567
2026-06-09T14:30:00+00:00,85.72,86.029,85.23,85.81,241472
2026-06-09T14:35:00+00:00,85.77,85.95,85.48,85.535,196118
2026-06-09T14:40:00+00:00,85.565,85.65,84.42,84.44,322424
2026-06-09T14:45:00+00:00,84.45,84.56,83.362,83.44,432493
2026-06-09T14:50:00+00:00,83.42,84.565,83.31,84.565,362140
2026-06-09T14:55:00+00:00,84.555,84.79,84.096,84.71,226121
2026-06-09T15:00:00+00:00,84.67,84.73,84.14,84.14,268030
2026-06-09T15:05:00+00:00,84.14,84.45,83.88,84.45,268244
2026-06-09T15:10:00+00:00,84.44,84.48,84.04,84.12,203841
2026-06-09T15:15:00+00:00,84.12,84.239,83.74,83.76,199806
2026-06-09T15:20:00+00:00,83.75,83.99,83.08,83.11,200332
2026-06-09T15:25:00+00:00,83.14,83.14,81.88,82.03,296174
2026-06-09T15:30:00+00:00,82.02,82.23,81.71,81.98,379997
2026-06-09T15:35:00+00:00,81.97,82.18,81.68,82.08,305185
2026-06-09T15:40:00+00:00,82.07,82.56,82.015,82.33,196404
2026-06-09T15:45:00+00:00,82.32,82.46,82.16,82.23,166137
2026-06-09T15:50:00+00:00,82.28,82.49,81.94,81.945,215745
2026-06-09T15:55:00+00:00,81.955,82.03,80.96,81.02,388829
2026-06-09T16:00:00+00:00,81.02,81.7,80.97,81.22,206688
2026-06-09T16:05:00+00:00,81.2,81.32,80.685,80.735,308929
2026-06-09T16:10:00+00:00,80.735,81.19,80.59,80.79,286385
2026-06-09T16:15:00+00:00,80.805,80.91,79.84,79.93,400049
2026-06-09T16:20:00+00:00,79.93,80.31,79.69,80.27,273310
2026-06-09T16:25:00+00:00,80.255,80.57,80.25,80.43,174285
2026-06-09T16:30:00+00:00,80.41,80.73,79.94,80.365,296204
2026-06-09T16:35:00+00:00,80.37,80.78,78.99,79.175,382943
2026-06-09T16:40:00+00:00,79.2,79.56,78.93,79.52,262624
2026-06-09T16:45:00+00:00,79.5,79.856,79.12,79.49,262601
2026-06-09T16:50:00+00:00,79.5,79.59,79.23,79.24,236823
2026-06-09T16:55:00+00:00,79.22,80.125,79.17,80.09,218475
2026-06-09T17:00:00+00:00,80.12,80.96,80.06,80.93,226682
2026-06-09T17:05:00+00:00,80.81,80.96,80.55,80.8,205037
2026-06-09T17:10:00+00:00,80.81,81.225,80.45,81.145,168077
2026-06-09T17:15:00+00:00,81.16,81.55,81.0,81.53,198348
2026-06-09T17:20:00+00:00,81.53,82.055,81.53,81.916,246265
2026-06-09T17:25:00+00:00,81.89,81.99,81.73,81.84,199721
2026-06-09T17:30:00+00:00,81.83,82.174,81.714,82.15,144325
2026-06-09T17:35:00+00:00,82.14,82.317,82.0,82.25,158255
2026-06-09T17:40:00+00:00,82.3,82.72,82.24,82.42,189823
2026-06-09T17:45:00+00:00,82.41,82.43,81.72,81.835,226629
2026-06-09T17:50:00+00:00,81.869,82.39,81.869,82.32,172799
2026-06-09T17:55:00+00:00,82.3,82.54,82.3,82.385,129508
2026-06-09T18:00:00+00:00,82.385,82.58,82.301,82.54,180014
2026-06-09T18:05:00+00:00,82.535,82.96,82.52,82.955,144467
2026-06-09T18:10:00+00:00,82.96,82.96,82.65,82.84,151125
2026-06-09T18:15:00+00:00,82.835,83.14,82.672,83.11,154587
2026-06-09T18:20:00+00:00,83.095,83.46,82.97,83.43,229297
2026-06-09T18:25:00+00:00,83.42,83.435,83.12,83.27,220661
2026-06-09T18:30:00+00:00,83.25,83.65,83.24,83.63,177827
2026-06-09T18:35:00+00:00,83.61,83.73,83.49,83.6,178444
2026-06-09T18:40:00+00:00,83.59,83.59,83.24,83.26,112282
2026-06-09T18:45:00+00:00,83.28,83.44,83.201,83.433,157986
2026-06-09T18:50:00+00:00,83.42,83.75,83.303,83.583,176697
2026-06-09T18:55:00+00:00,83.57,84.07,83.56,83.96,165635
2026-06-09T19:00:00+00:00,83.95,84.02,83.62,83.99,267261
2026-06-09T19:05:00+00:00,83.98,84.12,83.81,83.845,172564
2026-06-09T19:10:00+00:00,83.83,83.897,83.481,83.52,137429
2026-06-09T19:15:00+00:00,83.57,83.6,83.125,83.22,175828
2026-06-09T19:20:00+00:00,83.2,83.43,83.07,83.27,153601
2026-06-09T19:25:00+00:00,83.265,83.59,83.14,83.585,166568
2026-06-09T19:30:00+00:00,83.58,83.89,83.52,83.76,142343
2026-06-09T19:35:00+00:00,83.76,83.79,83.47,83.5,165861
2026-06-09T19:40:00+00:00,83.5,83.668,83.22,83.605,213969
2026-06-09T19:45:00+00:00,83.62,83.68,83.358,83.52,193571
2026-06-09T19:50:00+00:00,83.57,84.03,83.57,84.01,355561
2026-06-09T19:55:00+00:00,84.02,84.04,83.634,83.77,741191
2026-06-10T13:30:00+00:00,84.09,87.55,84.09,86.256,1284183
2026-06-10T13:35:00+00:00,86.24,89.475,86.14,88.845,1423644
2026-06-10T13:40:00+00:00,88.82,91.351,88.65,91.351,1369095
2026-06-10T13:45:00+00:00,91.31,91.46,90.21,90.855,1075702
2026-06-10T13:50:00+00:00,90.858,90.94,89.83,90.47,879461
2026-06-10T13:55:00+00:00,90.447,90.94,90.185,90.869,640241
2026-06-10T14:00:00+00:00,90.88,90.917,90.06,90.545,613240
2026-06-10T14:05:00+00:00,90.52,91.427,90.43,91.16,685078
2026-06-10T14:10:00+00:00,91.13,91.32,90.06,90.15,763576
2026-06-10T14:15:00+00:00,90.112,90.2,89.06,89.32,878511
2026-06-10T14:20:00+00:00,89.335,89.95,88.901,89.84,595070
2026-06-10T14:25:00+00:00,89.85,89.99,89.335,89.85,442317
2026-06-10T14:30:00+00:00,89.85,90.02,89.0,89.8,411520
2026-06-10T14:35:00+00:00,89.81,89.855,89.1,89.73,292591
2026-06-10T14:40:00+00:00,89.65,89.84,89.08,89.11,341917
2026-06-10T14:45:00+00:00,89.08,89.27,88.66,88.84,441116
2026-06-10T14:50:00+00:00,88.835,89.39,88.75,89.018,321449
2026-06-10T14:55:00+00:00,89.012,89.15,88.151,88.77,384269
2026-06-10T15:00:00+00:00,88.765,89.59,88.45,89.0,366629
2026-06-10T15:05:00+00:00,89.0,89.005,87.851,88.0,374026
2026-06-10T15:10:00+00:00,88.01,88.18,87.095,87.19,456513
2026-06-10T15:15:00+00:00,87.206,87.216,86.54,86.95,387791
2026-06-10T15:20:00+00:00,86.98,87.42,86.815,87.29,266854
2026-06-10T15:25:00+00:00,87.25,87.61,87.166,87.21,284616
2026-06-10T15:30:00+00:00,87.21,87.65,87.01,87.57,349752
2026-06-10T15:35:00+00:00,87.54,87.66,87.02,87.295,237399
2026-06-10T15:40:00+00:00,87.27,87.97,87.12,87.885,215133
2026-06-10T15:45:00+00:00,87.87,88.19,86.82,87.04,398310
2026-06-10T15:50:00+00:00,87.03,88.09,86.5,87.92,351247
2026-06-10T15:55:00+00:00,87.928,88.738,87.558,88.6,357457
2026-06-10T16:00:00+00:00,88.644,88.673,87.92,88.215,334485
2026-06-10T16:05:00+00:00,88.207,89.03,88.16,89.03,472928
2026-06-10T16:10:00+00:00,88.975,89.01,88.6,88.63,364957
2026-06-10T16:15:00+00:00,88.61,89.164,88.61,88.835,260059
2026-06-10T16:20:00+00:00,88.86,88.99,88.53,88.72,223657
2026-06-10T16:25:00+00:00,88.72,88.89,88.55,88.73,216814
2026-06-10T16:30:00+00:00,88.72,88.98,88.4,88.96,254079
2026-06-10T16:35:00+00:00,89.0,89.239,88.7,88.8,199091
2026-06-10T16:40:00+00:00,88.77,88.83,88.26,88.305,171513
2026-06-10T16:45:00+00:00,88.319,88.319,87.86,88.159,245270
2026-06-10T16:50:00+00:00,88.15,88.55,88.04,88.38,194083
2026-06-10T16:55:00+00:00,88.36,88.73,88.19,88.662,143930
2026-06-10T17:00:00+00:00,88.665,89.33,88.62,89.266,305574
2026-06-10T17:05:00+00:00,89.28,89.37,88.79,88.93,225627
2026-06-10T17:10:00+00:00,88.88,88.934,88.41,88.665,213479
2026-06-10T17:15:00+00:00,88.675,88.84,88.57,88.74,164008
2026-06-10T17:20:00+00:00,88.72,89.01,88.612,88.95,159863
2026-06-10T17:25:00+00:00,88.96,89.06,88.74,88.88,205276
2026-06-10T17:30:00+00:00,88.885,88.9,88.47,88.609,256061
2026-06-10T17:35:00+00:00,88.59,88.63,88.33,88.45,202827
2026-06-10T17:40:00+00:00,88.44,88.56,87.845,87.88,211944
2026-06-10T17:45:00+00:00,87.88,89.05,87.77,88.85,357859
2026-06-10T17:50:00+00:00,88.86,88.95,88.42,88.68,218399
2026-06-10T17:55:00+00:00,88.7,89.055,88.63,89.013,121925
2026-06-10T18:00:00+00:00,89.03,89.37,88.96,89.36,198164
2026-06-10T18:05:00+00:00,89.37,89.535,89.0,89.0,332194
2026-06-10T18:10:00+00:00,89.02,89.24,88.87,88.955,151120
2026-06-10T18:15:00+00:00,88.95,89.092,88.62,88.7,160722
2026-06-10T18:20:00+00:00,88.73,89.26,88.73,89.04,194564
2026-06-10T18:25:00+00:00,89.08,89.08,88.77,89.05,132485
2026-06-10T18:30:00+00:00,89.08,89.127,88.691,88.76,139904
2026-06-10T18:35:00+00:00,88.73,88.75,88.47,88.52,210034
2026-06-10T18:40:00+00:00,88.54,88.596,88.13,88.16,218903
2026-06-10T18:45:00+00:00,88.14,88.16,87.71,87.74,238841
2026-06-10T18:50:00+00:00,87.72,88.16,87.54,88.13,292278
2026-06-10T18:55:00+00:00,88.123,88.42,87.97,88.3,172958
2026-06-10T19:00:00+00:00,88.31,88.31,87.91,87.91,206819
2026-06-10T19:05:00+00:00,87.9,88.23,87.79,88.005,179010
2026-06-10T19:10:00+00:00,88.02,88.042,87.31,87.4,257684
2026-06-10T19:15:00+00:00,87.35,87.47,87.01,87.03,206863
2026-06-10T19:20:00+00:00,87.03,87.14,86.86,87.035,238814
2026-06-10T19:25:00+00:00,87.02,87.16,86.7,87.08,265456
2026-06-10T19:30:00+00:00,87.08,87.5,86.89,87.315,322569
2026-06-10T19:35:00+00:00,87.3,87.53,87.1,87.45,280415
2026-06-10T19:40:00+00:00,87.445,87.72,87.24,87.63,257644
2026-06-10T19:45:00+00:00,87.63,87.665,87.18,87.372,273283
2026-06-10T19:50:00+00:00,87.35,87.5,86.92,86.945,441903
2026-06-10T19:55:00+00:00,86.94,86.94,86.29,86.36,726634
2026-06-11T13:30:00+00:00,87.08,89.04,86.93,88.07,974240
2026-06-11T13:35:00+00:00,88.04,89.4,87.39,87.475,644156
2026-06-11T13:40:00+00:00,87.56,87.615,85.72,86.03,522767
2026-06-11T13:45:00+00:00,86.05,87.23,85.8,86.78,457776
2026-06-11T13:50:00+00:00,86.89,87.721,86.81,87.395,380456
2026-06-11T13:55:00+00:00,87.39,87.96,87.03,87.27,310467
2026-06-11T14:00:00+00:00,87.31,87.715,86.87,86.97,364809
2026-06-11T14:05:00+00:00,86.96,86.982,86.31,86.656,460163
2026-06-11T14:10:00+00:00,86.66,86.72,85.95,86.01,328706
2026-06-11T14:15:00+00:00,86.04,87.28,86.01,86.69,377365
2026-06-11T14:20:00+00:00,86.705,87.74,86.62,87.07,270865
2026-06-11T14:25:00+00:00,87.03,87.5,86.74,87.5,190459
2026-06-11T14:30:00+00:00,87.5,87.6,86.95,87.51,215444
2026-06-11T14:35:00+00:00,87.53,88.28,87.41,88.12,324905
2026-06-11T14:40:00+00:00,88.12,88.155,87.261,87.295,233037
2026-06-11T14:45:00+00:00,87.27,87.6,87.254,87.3,177960
2026-06-11T14:50:00+00:00,87.21,87.92,87.16,87.578,173456
2026-06-11T14:55:00+00:00,87.57,87.62,86.956,87.17,194351
2026-06-11T15:00:00+00:00,87.17,87.584,86.55,87.41,228210
2026-06-11T15:05:00+00:00,87.407,88.616,87.295,88.48,244624
2026-06-11T15:10:00+00:00,88.48,88.92,88.39,88.875,269538
2026-06-11T15:15:00+00:00,88.875,89.1,88.4,88.77,310111
2026-06-11T15:20:00+00:00,88.74,89.98,88.72,89.97,554041
2026-06-11T15:25:00+00:00,89.955,90.2,89.48,89.51,609872
2026-06-11T15:30:00+00:00,89.515,90.03,89.495,89.87,420785
2026-06-11T15:35:00+00:00,89.88,90.328,89.74,90.06,388188
2026-06-11T15:40:00+00:00,90.055,90.3,89.58,89.63,332296
2026-06-11T15:45:00+00:00,89.7,90.13,89.51,89.815,294692
2026-06-11T15:50:00+00:00,89.79,89.84,88.84,89.06,346343
2026-06-11T15:55:00+00:00,89.06,89.505,88.92,89.095,283924
2026-06-11T16:00:00+00:00,89.105,89.643,89.06,89.46,259839
2026-06-11T16:05:00+00:00,89.48,89.64,89.2,89.46,215684
2026-06-11T16:10:00+00:00,89.435,89.68,89.35,89.61,204230
2026-06-11T16:15:00+00:00,89.64,89.8,89.44,89.78,202063
2026-06-11T16:20:00+00:00,89.78,89.905,89.311,89.494,245790
2026-06-11T16:25:00+00:00,89.51,89.82,89.32,89.655,251552
2026-06-11T16:30:00+00:00,89.63,90.35,89.43,90.07,307943
2026-06-11T16:35:00+00:00,90.04,90.165,89.54,89.651,167840
2026-06-11T16:40:00+00:00,89.65,89.741,89.35,89.43,208069
2026-06-11T16:45:00+00:00,89.42,89.48,89.09,89.2,150350
2026-06-11T16:50:00+00:00,89.203,89.25,88.758,88.95,180554
2026-06-11T16:55:00+00:00,88.93,88.98,88.46,88.475,194957
2026-06-11T17:00:00+00:00,88.49,88.795,88.22,88.24,295945
2026-06-11T17:05:00+00:00,88.25,88.77,88.23,88.545,198107
2026-06-11T17:10:00+00:00,88.56,88.766,88.11,88.215,157234
2026-06-11T17:15:00+00:00,88.2,88.45,87.93,88.05,140045
2026-06-11T17:20:00+00:00,88.05,88.24,87.9,88.208,168154
2026-06-11T17:25:00+00:00,88.17,89.72,88.15,89.545,372691
2026-06-11T17:30:00+00:00,89.53,90.5,89.3,90.34,563392
2026-06-11T17:35:00+00:00,90.34,90.64,89.8,90.35,427154
2026-06-11T17:40:00+00:00,90.35,91.1,90.27,91.03,481283
2026-06-11T17:45:00+00:00,91.03,91.2,90.62,90.85,454624
2026-06-11T17:50:00+00:00,90.83,91.21,90.457,91.18,307046
2026-06-11T17:55:00+00:00,91.18,91.68,90.96,91.64,466033
2026-06-11T18:00:00+00:00,91.635,91.895,91.02,91.16,484581
2026-06-11T18:05:00+00:00,91.12,91.376,90.893,91.01,266030
2026-06-11T18:10:00+00:00,91.035,91.47,90.98,91.44,240724
2026-06-11T18:15:00+00:00,91.46,91.99,91.37,91.875,364051
2026-06-11T18:20:00+00:00,91.87,91.94,91.17,91.708,278536
2026-06-11T18:25:00+00:00,91.7,91.855,91.55,91.72,224814
2026-06-11T18:30:00+00:00,91.72,91.89,91.4,91.59,245067
2026-06-11T18:35:00+00:00,91.59,91.89,91.532,91.82,196319
2026-06-11T18:40:00+00:00,91.82,91.94,91.63,91.81,154243
2026-06-11T18:45:00+00:00,91.81,92.261,91.756,92.16,340982
2026-06-11T18:50:00+00:00,92.195,92.266,91.91,92.25,219963
2026-06-11T18:55:00+00:00,92.24,92.32,92.01,92.25,214094
2026-06-11T19:00:00+00:00,92.24,92.455,92.21,92.33,212573
2026-06-11T19:05:00+00:00,92.325,92.38,91.94,92.121,227777
2026-06-11T19:10:00+00:00,92.13,92.55,92.05,92.535,270259
2026-06-11T19:15:00+00:00,92.54,93.05,92.535,92.91,360237
2026-06-11T19:20:00+00:00,92.92,92.97,92.67,92.75,309507
2026-06-11T19:25:00+00:00,92.76,93.055,92.67,92.985,354633
2026-06-11T19:30:00+00:00,92.99,93.626,92.99,93.52,510984
2026-06-11T19:35:00+00:00,93.52,93.55,92.63,92.82,330493
2026-06-11T19:40:00+00:00,92.78,93.25,92.65,92.894,394045
2026-06-11T19:45:00+00:00,92.88,93.14,92.67,92.965,340688
2026-06-11T19:50:00+00:00,92.98,93.21,92.6,92.66,545359
2026-06-11T19:55:00+00:00,92.66,92.66,91.93,92.23,1202177
2026-06-12T13:30:00+00:00,92.735,93.647,91.53,91.965,863933
2026-06-12T13:35:00+00:00,92.0,92.66,91.5,92.08,348215
2026-06-12T13:40:00+00:00,91.973,92.03,90.36,90.37,551655
2026-06-12T13:45:00+00:00,90.38,91.5,90.35,91.095,461431
2026-06-12T13:50:00+00:00,91.05,91.35,90.25,90.305,324229
2026-06-12T13:55:00+00:00,90.33,91.2,90.22,91.07,292026
2026-06-12T14:00:00+00:00,91.09,91.98,90.99,91.553,438808
2026-06-12T14:05:00+00:00,91.59,91.98,91.33,91.655,257151
2026-06-12T14:10:00+00:00,91.66,92.15,91.63,91.936,258137
2026-06-12T14:15:00+00:00,91.95,92.56,91.926,92.405,278216
2026-06-12T14:20:00+00:00,92.38,92.84,92.246,92.271,265260
2026-06-12T14:25:00+00:00,92.34,92.92,92.3,92.7,194448
2026-06-12T14:30:00+00:00,92.72,93.21,92.71,93.155,252080
2026-06-12T14:35:00+00:00,93.19,93.96,93.11,93.909,418735
2026-06-12T14:40:00+00:00,93.915,93.94,92.965,93.05,389812
2026-06-12T14:45:00+00:00,93.05,93.5,92.713,93.12,339006
2026-06-12T14:50:00+00:00,93.105,94.65,93.04,94.65,609206
2026-06-12T14:55:00+00:00,94.65,95.08,94.159,94.88,682548
2026-06-12T15:00:00+00:00,94.9,95.2,94.58,94.695,460541
2026-06-12T15:05:00+00:00,94.66,95.099,94.56,94.78,366652
2026-06-12T15:10:00+00:00,94.77,95.33,94.77,95.33,472666
2026-06-12T15:15:00+00:00,95.34,95.38,94.818,95.32,397720
2026-06-12T15:20:00+00:00,95.295,95.749,95.05,95.68,314891
2026-06-12T15:25:00+00:00,95.69,96.1,95.249,95.44,431180
2026-06-12T15:30:00+00:00,95.45,95.455,94.724,94.835,347901
2026-06-12T15:35:00+00:00,94.8,95.335,94.4,94.83,412180
2026-06-12T15:40:00+00:00,94.825,94.865,94.13,94.22,241696
2026-06-12T15:45:00+00:00,94.2,94.61,93.42,93.575,241349
2026-06-12T15:50:00+00:00,93.56,94.04,93.369,93.71,238078
2026-06-12T15:55:00+00:00,93.72,93.8,92.91,93.045,426333
2026-06-12T16:00:00+00:00,93.05,93.17,92.44,92.71,416962
2026-06-12T16:05:00+00:00,92.73,93.11,92.54,92.76,291033
2026-06-12T16:10:00+00:00,92.75,93.439,92.53,92.995,322814
2026-06-12T16:15:00+00:00,92.96,93.29,92.59,92.83,254599
2026-06-12T16:20:00+00:00,92.822,93.28,92.75,93.144,162974
2026-06-12T16:25:00+00:00,93.12,93.475,93.04,93.17,199057
2026-06-12T16:30:00+00:00,93.18,93.39,93.03,93.364,151874
2026-06-12T16:35:00+00:00,93.325,93.61,93.21,93.55,172262
2026-06-12T16:40:00+00:00,93.528,93.89,93.46,93.67,267915
2026-06-12T16:45:00+00:00,93.67,93.98,93.57,93.7,214148
2026-06-12T16:50:00+00:00,93.73,93.77,93.257,93.27,150656
2026-06-12T16:55:00+00:00,93.241,93.62,93.03,93.61,166039
2026-06-12T17:00:00+00:00,93.625,93.765,93.5,93.61,141352
2026-06-12T17:05:00+00:00,93.67,94.01,93.48,93.57,266903
2026-06-12T17:10:00+00:00,93.57,93.63,92.96,93.345,254046
2026-06-12T17:15:00+00:00,93.31,93.6,93.26,93.547,140636
2026-06-12T17:20:00+00:00,93.55,93.58,93.31,93.41,125092
2026-06-12T17:25:00+00:00,93.43,93.53,93.27,93.33,131578
2026-06-12T17:30:00+00:00,93.33,93.385,93.01,93.1,119283
2026-06-12T17:35:00+00:00,93.08,93.2,92.79,92.8,171349
2026-06-12T17:40:00+00:00,92.78,92.82,92.151,92.22,321140
2026-06-12T17:45:00+00:00,92.23,92.54,92.165,92.256,227350
2026-06-12T17:50:00+00:00,92.28,92.719,92.27,92.27,201115
2026-06-12T17:55:00+00:00,92.27,92.3,91.922,92.22,222275
2026-06-12T18:00:00+00:00,92.27,92.82,92.2,92.81,232748
2026-06-12T18:05:00+00:00,92.81,93.24,92.63,93.23,201288
2026-06-12T18:10:00+00:00,93.22,93.57,93.09,93.385,266000
2026-06-12T18:15:00+00:00,93.385,93.5,93.01,93.12,193141
2026-06-12T18:20:00+00:00,93.1,93.215,92.892,93.0,123095
2026-06-12T18:25:00+00:00,93.015,93.255,92.99,93.12,199911
2026-06-12T18:30:00+00:00,93.15,93.66,92.89,93.145,318438
2026-06-12T18:35:00+00:00,93.18,93.25,92.98,93.25,181194
2026-06-12T18:40:00+00:00,93.27,93.63,93.265,93.48,205922
2026-06-12T18:45:00+00:00,93.48,93.57,93.26,93.385,170914
2026-06-12T18:50:00+00:00,93.39,93.65,93.33,93.47,139363
2026-06-12T18:55:00+00:00,93.46,93.564,93.18,93.29,158933
2026-06-12T19:00:00+00:00,93.29,93.625,93.25,93.45,120168
2026-06-12T19:05:00+00:00,93.47,93.649,93.33,93.54,203373
2026-06-12T19:10:00+00:00,93.55,93.725,93.38,93.6,185811
2026-06-12T19:15:00+00:00,93.605,93.63,93.31,93.59,167483
2026-06-12T19:20:00+00:00,93.6,93.62,93.28,93.333,128849
2026-06-12T19:25:00+00:00,93.33,93.84,93.276,93.79,189128
2026-06-12T19:30:00+00:00,93.775,93.89,93.33,93.45,217418
2026-06-12T19:35:00+00:00,93.47,93.905,93.26,93.43,215577
2026-06-12T19:40:00+00:00,93.41,93.54,92.96,92.965,220463
2026-06-12T19:45:00+00:00,92.96,93.14,92.75,93.09,232165
2026-06-12T19:50:00+00:00,93.11,93.205,92.89,93.05,260195
2026-06-12T19:55:00+00:00,93.04,93.27,92.71,93.19,665549
2026-06-15T13:30:00+00:00,98.72,100.41,98.21,99.96,1515057
2026-06-15T13:35:00+00:00,99.958,100.27,98.85,98.89,758602
2026-06-15T13:40:00+00:00,98.89,98.89,97.72,98.495,829233
2026-06-15T13:45:00+00:00,98.515,98.89,97.92,97.93,549583
2026-06-15T13:50:00+00:00,97.93,98.55,97.45,98.2,563771
2026-06-15T13:55:00+00:00,98.22,98.49,97.84,98.392,384075
2026-06-15T14:00:00+00:00,98.42,98.433,97.786,97.998,321902
2026-06-15T14:05:00+00:00,97.96,98.59,97.86,98.19,365502
2026-06-15T14:10:00+00:00,98.162,98.685,97.55,98.67,437487
2026-06-15T14:15:00+00:00,98.655,99.33,98.36,99.315,506690
2026-06-15T14:20:00+00:00,99.317,99.46,99.08,99.354,395909
2026-06-15T14:25:00+00:00,99.33,99.95,99.14,99.853,437632
2026-06-15T14:30:00+00:00,99.85,100.289,99.72,99.805,481143
2026-06-15T14:35:00+00:00,99.79,100.23,99.54,100.18,383654
2026-06-15T14:40:00+00:00,100.187,100.37,99.87,100.23,515672
2026-06-15T14:45:00+00:00,100.25,100.62,99.4,99.4,514769
2026-06-15T14:50:00+00:00,99.42,99.99,99.36,99.697,428798
2026-06-15T14:55:00+00:00,99.715,99.87,99.57,99.74,258111
2026-06-15T15:00:00+00:00,99.75,100.18,99.6,99.825,365826
2026-06-15T15:05:00+00:00,99.8,99.905,99.46,99.88,273071
2026-06-15T15:10:00+00:00,99.86,100.31,99.77,99.93,304997
2026-06-15T15:15:00+00:00,99.93,99.98,99.53,99.555,217096
2026-06-15T15:20:00+00:00,99.555,99.925,99.42,99.79,245429
2026-06-15T15:25:00+00:00,99.81,99.88,99.62,99.65,176740
2026-06-15T15:30:00+00:00,99.67,99.92,99.5,99.629,238622
2026-06-15T15:35:00+00:00,99.6,100.55,99.595,100.51,283305
2026-06-15T15:40:00+00:00,100.51,100.52,99.94,100.109,323718
2026-06-15T15:45:00+00:00,100.12,100.63,100.105,100.61,314548
2026-06-15T15:50:00+00:00,100.605,100.84,100.48,100.625,297247
2026-06-15T15:55:00+00:00,100.621,100.8,100.41,100.715,283260
2026-06-15T16:00:00+00:00,100.7,100.87,100.5,100.71,273187
2026-06-15T16:05:00+00:00,100.715,100.74,100.53,100.545,136204
2026-06-15T16:10:00+00:00,100.57,100.81,100.515,100.62,177030
2026-06-15T16:15:00+00:00,100.61,100.69,100.27,100.34,175047
2026-06-15T16:20:00+00:00,100.36,100.631,100.287,100.41,185654
2026-06-15T16:25:00+00:00,100.4,100.425,100.05,100.21,267828
2026-06-15T16:30:00+00:00,100.24,100.25,99.925,99.925,177320
2026-06-15T16:35:00+00:00,99.925,99.94,99.17,99.285,302530
2026-06-15T16:40:00+00:00,99.29,99.5,99.24,99.34,218944
2026-06-15T16:45:00+00:00,99.325,99.37,99.07,99.19,219936
2026-06-15T16:50:00+00:00,99.21,99.435,99.15,99.26,247483
2026-06-15T16:55:00+00:00,99.25,99.3,99.04,99.105,151427
2026-06-15T17:00:00+00:00,99.12,99.26,98.932,98.985,200957
2026-06-15T17:05:00+00:00,99.0,99.09,98.77,98.88,216282
2026-06-15T17:10:00+00:00,98.87,99.22,98.83,98.99,213582
2026-06-15T17:15:00+00:00,98.983,99.47,98.974,99.375,171368
2026-06-15T17:20:00+00:00,99.39,99.398,99.12,99.29,172561
2026-06-15T17:25:00+00:00,99.29,99.73,99.215,99.54,255010
2026-06-15T17:30:00+00:00,99.55,99.767,99.345,99.616,177206
2026-06-15T17:35:00+00:00,99.62,99.77,99.57,99.59,140275
2026-06-15T17:40:00+00:00,99.6,99.67,99.3,99.3,135909
2026-06-15T17:45:00+00:00,99.3,99.45,99.22,99.305,104841
2026-06-15T17:50:00+00:00,99.31,99.568,99.241,99.5,121685
2026-06-15T17:55:00+00:00,99.505,99.6,99.39,99.45,105184
2026-06-15T18:00:00+00:00,99.49,99.54,99.34,99.34,114015
2026-06-15T18:05:00+00:00,99.32,99.68,99.23,99.345,133466
2026-06-15T18:10:00+00:00,99.35,99.63,99.3,99.48,107312
2026-06-15T18:15:00+00:00,99.48,99.518,99.34,99.44,90337
2026-06-15T18:20:00+00:00,99.46,99.61,99.42,99.495,97142
2026-06-15T18:25:00+00:00,99.5,99.59,99.4,99.455,86708
2026-06-15T18:30:00+00:00,99.47,99.678,99.37,99.43,127755
2026-06-15T18:35:00+00:00,99.44,99.55,99.32,99.33,96476
2026-06-15T18:40:00+00:00,99.34,99.44,99.03,99.04,134024
2026-06-15T18:45:00+00:00,99.036,99.2,98.97,99.06,144356
2026-06-15T18:50:00+00:00,99.035,99.1,98.865,98.94,148180
2026-06-15T18:55:00+00:00,98.91,98.99,98.64,98.69,185488
2026-06-15T19:00:00+00:00,98.675,98.915,98.67,98.81,166131
2026-06-15T19:05:00+00:00,98.79,98.89,98.64,98.72,171407
2026-06-15T19:10:00+00:00,98.73,98.85,98.525,98.82,210609
2026-06-15T19:15:00+00:00,98.82,99.08,98.698,98.74,202006
2026-06-15T19:20:00+00:00,98.74,98.84,98.63,98.68,131489
2026-06-15T19:25:00+00:00,98.68,98.83,98.52,98.58,144229
2026-06-15T19:30:00+00:00,98.59,98.835,98.545,98.609,187042
2026-06-15T19:35:00+00:00,98.62,98.77,98.527,98.625,181991
2026-06-15T19:40:00+00:00,98.62,98.665,98.44,98.61,168983
2026-06-15T19:45:00+00:00,98.6,98.74,98.3,98.3,270376
2026-06-15T19:50:00+00:00,98.3,98.32,97.97,98.01,335040
2026-06-15T19:55:00+00:00,98.01,98.13,97.79,98.12,700432
2026-06-16T13:30:00+00:00,100.17,101.88,98.55,99.12,1023210
2026-06-16T13:35:00+00:00,99.1,99.91,98.3,98.948,544773
2026-06-16T13:40:00+00:00,98.945,99.82,98.8,99.13,630434
2026-06-16T13:45:00+00:00,99.145,99.69,98.7,99.28,541632
2026-06-16T13:50:00+00:00,99.322,99.54,98.25,98.45,451390
2026-06-16T13:55:00+00:00,98.445,98.985,98.25,98.76,405141
2026-06-16T14:00:00+00:00,98.76,98.91,98.42,98.74,350102
2026-06-16T14:05:00+00:00,98.77,99.35,98.6,99.34,333824
2026-06-16T14:10:00+00:00,99.311,99.59,98.82,99.2,541197
2026-06-16T14:15:00+00:00,99.22,99.34,97.85,97.85,417911
2026-06-16T14:20:00+00:00,97.852,98.05,96.6,96.915,653617
2026-06-16T14:25:00+00:00,96.95,97.19,96.51,96.51,353523
2026-06-16T14:30:00+00:00,96.53,96.775,96.16,96.601,360610
2026-06-16T14:35:00+00:00,96.59,97.4,96.549,97.357,307483
2026-06-16T14:40:00+00:00,97.34,97.42,96.89,96.95,259119
2026-06-16T14:45:00+00:00,96.96,96.965,96.14,96.15,239229
2026-06-16T14:50:00+00:00,96.17,96.3,95.55,95.775,300691
2026-06-16T14:55:00+00:00,95.755,95.755,94.9,95.06,344702
2026-06-16T15:00:00+00:00,95.06,95.4,95.02,95.26,271881
2026-06-16T15:05:00+00:00,95.281,95.55,95.22,95.26,181742
2026-06-16T15:10:00+00:00,95.23,96.0,95.2,95.88,257621
2026-06-16T15:15:00+00:00,95.87,96.015,95.3,95.405,200104
2026-06-16T15:20:00+00:00,95.43,95.43,94.693,94.91,235590
2026-06-16T15:25:00+00:00,94.9,95.16,94.61,94.89,228444
2026-06-16T15:30:00+00:00,94.909,95.66,94.882,95.48,185556
2026-06-16T15:35:00+00:00,95.472,95.67,95.25,95.35,162234
2026-06-16T15:40:00+00:00,95.36,95.487,95.12,95.255,112976
2026-06-16T15:45:00+00:00,95.24,95.28,94.6,94.693,232234
2026-06-16T15:50:00+00:00,94.73,95.02,94.57,94.9,235369
2026-06-16T15:55:00+00:00,94.885,95.4,94.8,94.99,287029
2026-06-16T16:00:00+00:00,94.96,95.87,94.95,95.615,227942
2026-06-16T16:05:00+00:00,95.603,95.68,95.47,95.67,145764
2026-06-16T16:10:00+00:00,95.67,95.88,95.51,95.56,169146
2026-06-16T16:15:00+00:00,95.52,95.93,95.51,95.915,137507
2026-06-16T16:20:00+00:00,95.91,96.22,95.8,95.89,264321
2026-06-16T16:25:00+00:00,95.905,97.3,95.89,96.99,873257
2026-06-16T16:30:00+00:00,96.905,97.25,96.74,96.995,554879
2026-06-16T16:35:00+00:00,96.995,97.05,96.265,96.435,313326
2026-06-16T16:40:00+00:00,96.458,96.65,96.295,96.6,183677
2026-06-16T16:45:00+00:00,96.575,96.59,96.35,96.42,108293
2026-06-16T16:50:00+00:00,96.44,96.74,96.38,96.7,187898
2026-06-16T16:55:00+00:00,96.71,97.28,96.71,97.23,275498
2026-06-16T17:00:00+00:00,97.232,97.44,97.015,97.218,290265
2026-06-16T17:05:00+00:00,97.17,97.289,97.04,97.265,161720
2026-06-16T17:10:00+00:00,97.272,97.38,96.515,96.515,273618
2026-06-16T17:15:00+00:00,96.515,96.535,95.946,95.99,214773
2026-06-16T17:20:00+00:00,95.97,96.12,95.835,95.97,189316
2026-06-16T17:25:00+00:00,95.975,96.17,95.965,96.025,122040
2026-06-16T17:30:00+00:00,96.02,96.555,96.01,96.46,139899
2026-06-16T17:35:00+00:00,96.435,96.485,96.18,96.2,110505
2026-06-16T17:40:00+00:00,96.19,96.393,96.02,96.35,135198
2026-06-16T17:45:00+00:00,96.36,96.59,96.31,96.57,110664
2026-06-16T17:50:00+00:00,96.59,96.85,96.51,96.8,122598
2026-06-16T17:55:00+00:00,96.78,96.78,96.46,96.59,91290
2026-06-16T18:00:00+00:00,96.61,97.045,96.59,96.951,102725
2026-06-16T18:05:00+00:00,96.945,96.945,96.63,96.73,116043
2026-06-16T18:10:00+00:00,96.73,96.9,96.7,96.77,78953
2026-06-16T18:15:00+00:00,96.8,96.81,96.655,96.655,70176
2026-06-16T18:20:00+00:00,96.65,96.72,96.51,96.57,76828
2026-06-16T18:25:00+00:00,96.59,96.69,96.545,96.64,45150
2026-06-16T18:30:00+00:00,96.64,96.68,96.41,96.41,123800
2026-06-16T18:35:00+00:00,96.4,96.425,96.22,96.26,124087
2026-06-16T18:40:00+00:00,96.25,96.255,96.0,96.08,126387
2026-06-16T18:45:00+00:00,96.08,96.63,96.08,96.32,155901
2026-06-16T18:50:00+00:00,96.295,96.355,96.14,96.179,91357
2026-06-16T18:55:00+00:00,96.19,96.225,95.93,96.03,105124
2026-06-16T19:00:00+00:00,96.04,96.425,96.04,96.4,145362
2026-06-16T19:05:00+00:00,96.42,96.42,95.835,96.337,278362
2026-06-16T19:10:00+00:00,96.325,96.44,95.845,95.99,167186
2026-06-16T19:15:00+00:00,95.99,96.05,95.66,95.91,153807
2026-06-16T19:20:00+00:00,95.9,96.4,95.87,96.33,136999
2026-06-16T19:25:00+00:00,96.3,96.67,96.225,96.62,175557
2026-06-16T19:30:00+00:00,96.64,96.81,96.41,96.43,172897
2026-06-16T19:35:00+00:00,96.45,96.525,96.105,96.105,132875
2026-06-16T19:40:00+00:00,96.12,96.353,96.07,96.305,174913
2026-06-16T19:45:00+00:00,96.3,96.52,96.13,96.15,173069
2026-06-16T19:50:00+00:00,96.16,96.36,95.745,96.25,306718
2026-06-16T19:55:00+00:00,96.25,96.82,96.225,96.71,1228386
2026-06-17T13:30:00+00:00,95.935,98.55,95.76,98.51,505972
2026-06-17T13:35:00+00:00,98.49,99.78,98.01,99.592,590893
2026-06-17T13:40:00+00:00,99.585,100.4,99.55,100.07,619243
2026-06-17T13:45:00+00:00,100.09,100.2,99.615,99.775,435263
2026-06-17T13:50:00+00:00,99.789,100.315,99.42,99.72,536381
2026-06-17T13:55:00+00:00,99.75,100.11,98.94,99.925,482747
2026-06-17T14:00:00+00:00,99.955,100.47,99.54,100.37,540687
2026-06-17T14:05:00+00:00,100.42,101.21,100.18,101.19,576942
2026-06-17T14:10:00+00:00,101.21,101.282,100.75,101.27,345829
2026-06-17T14:15:00+00:00,101.27,101.4,100.9,101.165,343920
2026-06-17T14:20:00+00:00,101.159,101.5,101.05,101.21,296431
2026-06-17T14:25:00+00:00,101.2,102.04,101.07,101.968,556161
2026-06-17T14:30:00+00:00,101.98,102.398,101.74,102.26,701088
2026-06-17T14:35:00+00:00,102.27,102.59,101.72,102.4,556269
2026-06-17T14:40:00+00:00,102.4,102.86,101.98,102.692,582835
2026-06-17T14:45:00+00:00,102.715,102.93,101.72,102.78,629928
2026-06-17T14:50:00+00:00,102.796,104.33,102.76,104.13,1086993
2026-06-17T14:55:00+00:00,104.145,104.875,104.02,104.795,878628
2026-06-17T15:00:00+00:00,104.805,105.45,104.44,105.17,1069067
2026-06-17T15:05:00+00:00,105.165,105.175,104.54,104.58,807700
2026-06-17T15:10:00+00:00,104.59,105.27,104.26,105.27,686162
2026-06-17T15:15:00+00:00,105.275,105.85,104.843,105.81,857471
2026-06-17T15:20:00+00:00,105.79,106.35,105.34,106.33,673424
2026-06-17T15:25:00+00:00,106.33,106.56,106.11,106.3,684122
2026-06-17T15:30:00+00:00,106.32,107.04,106.08,106.955,760335
2026-06-17T15:35:00+00:00,106.952,107.17,106.69,106.89,680036
2026-06-17T15:40:00+00:00,106.87,106.91,106.445,106.895,560981
2026-06-17T15:45:00+00:00,106.885,107.43,106.743,107.407,578264
2026-06-17T15:50:00+00:00,107.42,107.44,106.98,107.24,563011
2026-06-17T15:55:00+00:00,107.255,107.765,107.1,107.73,577786
2026-06-17T16:00:00+00:00,107.74,108.37,107.74,108.06,887590
2026-06-17T16:05:00+00:00,108.06,108.719,107.95,108.055,750898
2026-06-17T16:10:00+00:00,108.03,108.91,107.87,108.53,679125
2026-06-17T16:15:00+00:00,108.55,108.58,108.2,108.387,488552
2026-06-17T16:20:00+00:00,108.41,108.9,107.65,108.79,906538
2026-06-17T16:25:00+00:00,108.81,108.88,108.55,108.56,485636
2026-06-17T16:30:00+00:00,108.58,108.9,107.341,107.73,678430
2026-06-17T16:35:00+00:00,107.726,107.9,107.16,107.42,585118
2026-06-17T16:40:00+00:00,107.41,107.58,107.09,107.535,470261
2026-06-17T16:45:00+00:00,107.531,107.68,107.211,107.664,379311
2026-06-17T16:50:00+00:00,107.68,107.76,107.31,107.63,341675
2026-06-17T16:55:00+00:00,107.625,108.35,107.395,108.23,545670
2026-06-17T17:00:00+00:00,108.225,108.8,108.13,108.74,388068
2026-06-17T17:05:00+00:00,108.75,108.943,108.383,108.943,507464
2026-06-17T17:10:00+00:00,108.92,109.17,108.74,108.835,440501
2026-06-17T17:15:00+00:00,108.81,108.96,108.71,108.786,334307
2026-06-17T17:20:00+00:00,108.74,109.04,108.58,108.69,384264
2026-06-17T17:25:00+00:00,108.681,108.72,108.213,108.36,313797
2026-06-17T17:30:00+00:00,108.335,108.7,108.26,108.575,266250
2026-06-17T17:35:00+00:00,108.58,108.625,108.21,108.37,263155
2026-06-17T17:40:00+00:00,108.39,108.642,107.82,107.98,309072
2026-06-17T17:45:00+00:00,108.0,108.38,107.92,108.301,220066
2026-06-17T17:50:00+00:00,108.33,108.79,108.26,108.74,322645
2026-06-17T17:55:00+00:00,108.73,108.94,108.46,108.87,196502
2026-06-17T18:00:00+00:00,108.925,108.98,107.573,107.58,633514
2026-06-17T18:05:00+00:00,107.6,108.2,106.76,108.12,1018473
2026-06-17T18:10:00+00:00,108.07,108.31,107.745,108.05,399493
2026-06-17T18:15:00+00:00,108.05,108.77,108.03,108.625,363145
2026-06-17T18:20:00+00:00,108.63,108.75,108.12,108.345,558512
2026-06-17T18:25:00+00:00,108.35,108.608,107.9,108.53,383073
2026-06-17T18:30:00+00:00,108.55,109.3,108.36,108.67,661958
2026-06-17T18:35:00+00:00,108.66,109.85,108.66,109.41,799459
2026-06-17T18:40:00+00:00,109.42,109.91,109.3,109.745,600940
2026-06-17T18:45:00+00:00,109.75,110.19,109.37,110.17,671486
2026-06-17T18:50:00+00:00,110.175,110.728,109.81,110.01,862401
2026-06-17T18:55:00+00:00,109.999,110.07,109.07,109.57,683404
2026-06-17T19:00:00+00:00,109.59,109.86,108.845,109.08,578610
2026-06-17T19:05:00+00:00,109.08,109.16,108.49,108.56,523626
2026-06-17T19:10:00+00:00,108.531,109.25,108.13,108.98,692569
2026-06-17T19:15:00+00:00,109.02,109.12,107.82,108.026,610589
2026-06-17T19:20:00+00:00,108.029,108.03,106.62,107.1,899774
2026-06-17T19:25:00+00:00,107.09,107.98,107.04,107.14,546494
2026-06-17T19:30:00+00:00,107.11,107.7,106.347,106.395,730889
2026-06-17T19:35:00+00:00,106.42,107.05,105.76,105.905,776434
2026-06-17T19:40:00+00:00,105.9,106.06,105.56,105.73,693107
2026-06-17T19:45:00+00:00,105.76,105.98,105.28,105.61,644327
2026-06-17T19:50:00+00:00,105.59,105.6,104.85,105.23,787989
2026-06-17T19:55:00+00:00,105.23,105.58,104.86,105.2,1414934
2026-06-18T13:30:00+00:00,107.825,108.28,105.68,105.69,897294
2026-06-18T13:35:00+00:00,105.65,106.08,104.262,104.35,626940
2026-06-18T13:40:00+00:00,104.324,104.36,103.46,103.68,614199
2026-06-18T13:45:00+00:00,103.72,104.425,103.6,104.37,605356
2026-06-18T13:50:00+00:00,104.382,105.388,104.077,104.15,778677
2026-06-18T13:55:00+00:00,104.14,104.538,103.86,104.48,376564
2026-06-18T14:00:00+00:00,104.5,105.61,104.02,105.29,901992
2026-06-18T14:05:00+00:00,105.27,105.64,104.87,105.16,411469
2026-06-18T14:10:00+00:00,105.16,105.2,104.6,104.895,272160
2026-06-18T14:15:00+00:00,104.89,106.6,104.58,106.27,447313
2026-06-18T14:20:00+00:00,106.29,106.44,105.84,106.02,322731
2026-06-18T14:25:00+00:00,106.05,106.27,105.533,105.97,266309
2026-06-18T14:30:00+00:00,105.97,106.67,105.94,106.63,337872
2026-06-18T14:35:00+00:00,106.577,106.9,106.29,106.795,271086
2026-06-18T14:40:00+00:00,106.795,107.2,106.34,107.05,412968
2026-06-18T14:45:00+00:00,107.02,108.38,106.98,108.285,571330
2026-06-18T14:50:00+00:00,108.26,108.39,107.96,108.071,381402
2026-06-18T14:55:00+00:00,108.05,108.93,107.86,108.775,653103
2026-06-18T15:00:00+00:00,108.82,108.83,108.33,108.41,358825
2026-06-18T15:05:00+00:00,108.39,108.76,108.13,108.5,254275
2026-06-18T15:10:00+00:00,108.5,109.08,108.31,108.64,313560
2026-06-18T15:15:00+00:00,108.635,108.83,107.901,108.21,320687
2026-06-18T15:20:00+00:00,108.24,108.41,107.12,107.745,352765
2026-06-18T15:25:00+00:00,107.745,107.77,107.32,107.355,266911
2026-06-18T15:30:00+00:00,107.4,107.81,106.891,107.072,288604
2026-06-18T15:35:00+00:00,107.075,107.075,105.77,106.115,317218
2026-06-18T15:40:00+00:00,106.142,106.45,105.66,105.715,375534
2026-06-18T15:45:00+00:00,105.725,106.267,105.44,106.135,282971
2026-06-18T15:50:00+00:00,106.11,106.33,105.81,106.21,243597
2026-06-18T15:55:00+00:00,106.22,106.356,105.76,105.785,269756
2026-06-18T16:00:00+00:00,105.77,106.44,105.765,106.415,185720
2026-06-18T16:05:00+00:00,106.41,106.59,106.24,106.48,253255
2026-06-18T16:10:00+00:00,106.475,106.73,106.28,106.352,178210
2026-06-18T16:15:00+00:00,106.35,106.53,105.85,106.23,276394
2026-06-18T16:20:00+00:00,106.21,106.93,106.2,106.6,280260
2026-06-18T16:25:00+00:00,106.58,106.8,106.46,106.52,165272
2026-06-18T16:30:00+00:00,106.52,106.545,106.15,106.22,137522
2026-06-18T16:35:00+00:00,106.27,106.48,106.09,106.47,107189
2026-06-18T16:40:00+00:00,106.45,106.45,106.17,106.33,94515
2026-06-18T16:45:00+00:00,106.33,106.84,106.262,106.73,274484
2026-06-18T16:50:00+00:00,106.73,107.36,106.71,107.095,578911
2026-06-18T16:55:00+00:00,107.08,107.58,106.98,107.38,333409
2026-06-18T17:00:00+00:00,107.42,107.48,107.04,107.29,197483
2026-06-18T17:05:00+00:00,107.32,107.58,107.27,107.4,176765
2026-06-18T17:10:00+00:00,107.45,107.64,107.33,107.505,178074
2026-06-18T17:15:00+00:00,107.5,107.8,107.396,107.67,176274
2026-06-18T17:20:00+00:00,107.66,107.81,107.195,107.195,186890
2026-06-18T17:25:00+00:00,107.21,107.49,107.11,107.49,169334
2026-06-18T17:30:00+00:00,107.48,108.0,107.45,107.72,238843
2026-06-18T17:35:00+00:00,107.72,107.76,106.8,106.89,212423
2026-06-18T17:40:00+00:00,106.9,107.38,106.86,107.34,187733
2026-06-18T17:45:00+00:00,107.32,107.615,107.235,107.346,141471
2026-06-18T17:50:00+00:00,107.35,107.41,106.82,106.825,184106
2026-06-18T17:55:00+00:00,106.845,106.96,106.29,106.567,318448
2026-06-18T18:00:00+00:00,106.6,106.87,106.455,106.685,244783
2026-06-18T18:05:00+00:00,106.66,106.67,106.25,106.285,152110
2026-06-18T18:10:00+00:00,106.285,106.46,105.97,106.02,234019
2026-06-18T18:15:00+00:00,106.015,106.26,105.78,106.122,293577
2026-06-18T18:20:00+00:00,106.12,106.32,105.78,106.29,182024
2026-06-18T18:25:00+00:00,106.32,106.39,106.06,106.36,140674
2026-06-18T18:30:00+00:00,106.38,106.55,106.17,106.19,180030
2026-06-18T18:35:00+00:00,106.22,106.22,105.45,105.6,243820
2026-06-18T18:40:00+00:00,105.62,105.86,105.43,105.51,131425
2026-06-18T18:45:00+00:00,105.54,105.93,105.46,105.81,176389
2026-06-18T18:50:00+00:00,105.84,105.93,105.2,105.215,163132
2026-06-18T18:55:00+00:00,105.215,105.555,105.15,105.5,146399
2026-06-18T19:00:00+00:00,105.505,105.52,105.218,105.225,132719
2026-06-18T19:05:00+00:00,105.225,105.36,105.001,105.35,201295
2026-06-18T19:10:00+00:00,105.355,105.355,104.92,105.28,222438
2026-06-18T19:15:00+00:00,105.28,105.37,104.97,105.33,156514
2026-06-18T19:20:00+00:00,105.33,105.64,105.28,105.54,156383
2026-06-18T19:25:00+00:00,105.53,105.99,105.53,105.98,180595
2026-06-18T19:30:00+00:00,105.985,106.3,105.85,106.24,290350
2026-06-18T19:35:00+00:00,106.25,106.49,106.05,106.385,179800
2026-06-18T19:40:00+00:00,106.4,106.751,106.214,106.665,244151
2026-06-18T19:45:00+00:00,106.65,107.03,106.56,106.82,335674
2026-06-18T19:50:00+00:00,106.83,107.84,106.83,107.84,515731
2026-06-18T19:55:00+00:00,107.84,108.31,107.84,108.15,1236467
2026-06-22T13:30:00+00:00,108.0,109.65,106.87,108.81,713678
2026-06-22T13:35:00+00:00,108.83,110.555,108.43,109.37,623564
2026-06-22T13:40:00+00:00,109.35,110.25,108.83,110.19,433438
2026-06-22T13:45:00+00:00,110.17,111.39,108.96,111.275,677397
2026-06-22T13:50:00+00:00,111.24,111.842,111.08,111.675,499538
2026-06-22T13:55:00+00:00,111.72,112.125,111.524,112.11,401795
2026-06-22T14:00:00+00:00,112.14,112.5,110.861,110.861,617133
2026-06-22T14:05:00+00:00,110.87,110.975,110.325,110.588,443909
2026-06-22T14:10:00+00:00,110.595,111.17,110.15,110.25,472700
2026-06-22T14:15:00+00:00,110.24,110.24,108.575,108.65,522606
2026-06-22T14:20:00+00:00,108.655,109.2,107.68,107.82,388585
2026-06-22T14:25:00+00:00,107.8,108.5,107.561,108.225,420155
2026-06-22T14:30:00+00:00,108.26,108.57,107.64,108.38,528689
2026-06-22T14:35:00+00:00,108.38,108.77,107.951,108.17,316738
2026-06-22T14:40:00+00:00,108.19,108.45,107.706,107.71,190951
2026-06-22T14:45:00+00:00,107.75,108.13,107.58,107.805,209694
2026-06-22T14:50:00+00:00,107.76,107.9,106.44,106.67,384885
2026-06-22T14:55:00+00:00,106.665,107.63,106.63,107.58,276467
2026-06-22T15:00:00+00:00,107.635,108.07,107.605,107.72,327347
2026-06-22T15:05:00+00:00,107.725,107.84,107.01,107.553,260716
2026-06-22T15:10:00+00:00,107.58,107.69,106.841,106.98,320563
2026-06-22T15:15:00+00:00,107.03,107.45,106.9,107.035,255253
2026-06-22T15:20:00+00:00,107.04,107.66,106.94,107.55,201708
2026-06-22T15:25:00+00:00,107.56,107.94,107.47,107.81,231024
2026-06-22T15:30:00+00:00,107.79,108.43,107.73,107.8,353824
2026-06-22T15:35:00+00:00,107.84,108.06,107.5,107.795,210313
2026-06-22T15:40:00+00:00,107.78,108.54,107.77,108.461,306300
2026-06-22T15:45:00+00:00,108.46,108.89,108.32,108.47,297679
2026-06-22T15:50:00+00:00,108.47,108.97,108.34,108.82,311122
2026-06-22T15:55:00+00:00,108.8,109.14,108.5,108.724,274411
2026-06-22T16:00:00+00:00,108.8,108.89,108.24,108.32,194063
2026-06-22T16:05:00+00:00,108.305,108.455,108.04,108.14,152574
2026-06-22T16:10:00+00:00,108.12,108.34,108.05,108.16,95003
2026-06-22T16:15:00+00:00,108.15,108.24,107.56,108.225,258864
2026-06-22T16:20:00+00:00,108.225,108.4,107.095,107.16,214412
2026-06-22T16:25:00+00:00,107.18,107.322,107.011,107.18,144053
2026-06-22T16:30:00+00:00,107.17,107.45,107.01,107.44,123052
2026-06-22T16:35:00+00:00,107.41,107.53,107.24,107.395,94474
2026-06-22T16:40:00+00:00,107.37,107.78,107.23,107.58,138076
2026-06-22T16:45:00+00:00,107.617,107.8,107.27,107.726,154819
2026-06-22T16:50:00+00:00,107.73,107.928,107.535,107.55,137737
2026-06-22T16:55:00+00:00,107.56,107.81,107.27,107.37,181145
2026-06-22T17:00:00+00:00,107.39,107.465,106.77,106.841,260009
2026-06-22T17:05:00+00:00,106.84,106.856,106.24,106.38,246578
2026-06-22T17:10:00+00:00,106.38,106.99,106.359,106.94,201799
2026-06-22T17:15:00+00:00,106.975,107.09,106.807,106.87,141783
2026-06-22T17:20:00+00:00,106.87,106.96,106.76,106.77,70250
2026-06-22T17:25:00+00:00,106.77,106.9,106.66,106.78,117652
2026-06-22T17:30:00+00:00,106.77,106.88,106.67,106.87,65330
2026-06-22T17:35:00+00:00,106.861,106.97,106.69,106.746,81616
2026-06-22T17:40:00+00:00,106.73,106.82,106.43,106.51,123442
2026-06-22T17:45:00+00:00,106.498,106.65,106.32,106.6,116607
2026-06-22T17:50:00+00:00,106.579,106.93,106.57,106.741,124472
2026-06-22T17:55:00+00:00,106.76,106.96,106.74,106.855,81757
2026-06-22T18:00:00+00:00,106.87,107.38,106.87,107.36,242603
2026-06-22T18:05:00+00:00,107.356,107.41,106.81,106.845,180522
2026-06-22T18:10:00+00:00,106.87,106.95,106.55,106.695,127454
2026-06-22T18:15:00+00:00,106.695,106.81,106.5,106.692,102740
2026-06-22T18:20:00+00:00,106.7,106.82,106.39,106.63,102761
2026-06-22T18:25:00+00:00,106.64,106.741,106.22,106.28,137056
2026-06-22T18:30:00+00:00,106.31,106.64,106.3,106.57,172825
2026-06-22T18:35:00+00:00,106.55,106.83,106.304,106.32,174038
2026-06-22T18:40:00+00:00,106.34,106.347,105.75,105.77,201916
2026-06-22T18:45:00+00:00,105.77,105.885,105.59,105.865,221491
2026-06-22T18:50:00+00:00,105.86,105.88,105.4,105.471,209766
2026-06-22T18:55:00+00:00,105.45,105.52,105.275,105.43,161164
2026-06-22T19:00:00+00:00,105.47,105.795,105.387,105.695,161235
2026-06-22T19:05:00+00:00,105.71,105.78,105.5,105.565,139570
2026-06-22T19:10:00+00:00,105.555,105.84,105.46,105.57,151890
2026-06-22T19:15:00+00:00,105.57,105.855,105.5,105.778,125785
2026-06-22T19:20:00+00:00,105.8,105.83,105.5,105.535,128826
2026-06-22T19:25:00+00:00,105.55,105.83,105.35,105.654,171264
2026-06-22T19:30:00+00:00,105.64,106.11,105.57,105.862,197446
2026-06-22T19:35:00+00:00,105.885,106.15,105.72,106.115,204229
2026-06-22T19:40:00+00:00,106.08,106.08,105.65,105.815,170303
2026-06-22T19:45:00+00:00,105.82,105.925,105.687,105.89,161381
2026-06-22T19:50:00+00:00,105.82,106.18,105.71,106.134,271290
2026-06-22T19:55:00+00:00,106.15,106.16,105.47,105.71,847868
2026-06-23T13:30:00+00:00,101.645,103.5,101.11,101.75,911224
2026-06-23T13:35:00+00:00,101.71,102.88,101.452,102.595,637246
2026-06-23T13:40:00+00:00,102.57,104.06,102.39,103.57,639526
2026-06-23T13:45:00+00:00,103.47,104.4,102.57,104.38,649266
2026-06-23T13:50:00+00:00,104.41,104.89,103.72,103.999,512840
2026-06-23T13:55:00+00:00,103.91,104.7,103.57,104.62,437854
2026-06-23T14:00:00+00:00,104.6,104.95,104.245,104.68,476799
2026-06-23T14:05:00+00:00,104.675,104.88,104.48,104.78,540920
2026-06-23T14:10:00+00:00,104.785,105.08,104.35,105.079,335432
2026-06-23T14:15:00+00:00,105.065,105.36,104.8,104.96,311811
2026-06-23T14:20:00+00:00,104.952,105.36,104.3,104.43,449132
2026-06-23T14:25:00+00:00,104.435,104.49,103.855,104.38,282090
2026-06-23T14:30:00+00:00,104.36,105.01,104.06,104.96,578376
2026-06-23T14:35:00+00:00,104.94,105.98,104.785,105.375,455565
2026-06-23T14:40:00+00:00,105.4,105.51,105.002,105.14,381998
2026-06-23T14:45:00+00:00,105.14,105.245,104.37,104.93,371914
2026-06-23T14:50:00+00:00,104.96,105.59,104.565,104.79,233721
2026-06-23T14:55:00+00:00,104.78,105.25,104.58,105.215,313782
2026-06-23T15:00:00+00:00,105.22,105.6,104.74,104.74,269232
2026-06-23T15:05:00+00:00,104.74,105.115,104.5,105.015,324502
2026-06-23T15:10:00+00:00,105.015,105.15,104.52,104.71,305186
2026-06-23T15:15:00+00:00,104.71,104.74,103.82,104.071,524140
2026-06-23T15:20:00+00:00,104.1,104.69,104.085,104.42,208414
2026-06-23T15:25:00+00:00,104.46,104.67,104.24,104.33,166583
2026-06-23T15:30:00+00:00,104.34,105.27,104.3,105.16,323935
2026-06-23T15:35:00+00:00,105.175,105.55,104.785,104.985,211793
2026-06-23T15:40:00+00:00,104.96,105.335,104.81,105.067,158906
2026-06-23T15:45:00+00:00,105.04,105.3,104.47,104.6,178484
2026-06-23T15:50:00+00:00,104.6,104.986,104.485,104.775,145139
2026-06-23T15:55:00+00:00,104.8,105.24,104.615,104.98,141352
2026-06-23T16:00:00+00:00,105.01,105.67,104.91,105.59,176513
2026-06-23T16:05:00+00:00,105.56,105.86,105.44,105.59,197921
2026-06-23T16:10:00+00:00,105.61,105.86,105.515,105.71,99996
2026-06-23T16:15:00+00:00,105.71,105.79,105.333,105.447,111053
2026-06-23T16:20:00+00:00,105.4,105.928,105.25,105.76,216711
2026-06-23T16:25:00+00:00,105.765,105.93,105.61,105.85,151707
2026-06-23T16:30:00+00:00,105.845,105.86,105.65,105.71,79159
2026-06-23T16:35:00+00:00,105.68,105.856,105.57,105.615,96425
2026-06-23T16:40:00+00:00,105.65,105.73,103.57,104.52,1156054
2026-06-23T16:45:00+00:00,104.53,104.85,103.18,104.77,613044
2026-06-23T16:50:00+00:00,104.81,105.18,104.635,104.755,294661
2026-06-23T16:55:00+00:00,104.78,104.84,104.13,104.2,224217
2026-06-23T17:00:00+00:00,104.17,104.45,104.0,104.35,203628
2026-06-23T17:05:00+00:00,104.35,104.53,104.2,104.515,135892
2026-06-23T17:10:00+00:00,104.5,105.055,104.46,104.88,145789
2026-06-23T17:15:00+00:00,104.86,105.39,104.86,105.045,147413
2026-06-23T17:20:00+00:00,105.03,105.37,104.965,105.22,114626
2026-06-23T17:25:00+00:00,105.2,105.29,104.96,105.05,125195
2026-06-23T17:30:00+00:00,105.05,105.19,104.85,105.18,145715
2026-06-23T17:35:00+00:00,105.195,105.5,105.04,105.2,153962
2026-06-23T17:40:00+00:00,105.21,105.21,105.0,105.055,54888
2026-06-23T17:45:00+00:00,105.05,105.115,104.66,104.69,100622
2026-06-23T17:50:00+00:00,104.71,104.71,104.08,104.14,161746
2026-06-23T17:55:00+00:00,104.13,104.28,103.52,103.53,271939
2026-06-23T18:00:00+00:00,103.55,104.5,103.46,104.26,247745
2026-06-23T18:05:00+00:00,104.21,104.325,103.88,104.005,164565
2026-06-23T18:10:00+00:00,104.02,104.105,103.82,103.965,124511
2026-06-23T18:15:00+00:00,103.965,104.19,103.77,103.8,117770
2026-06-23T18:20:00+00:00,103.799,104.14,103.6,103.935,137729
2026-06-23T18:25:00+00:00,103.95,103.95,103.65,103.66,167073
2026-06-23T18:30:00+00:00,103.64,103.7,103.345,103.36,162705
2026-06-23T18:35:00+00:00,103.355,103.43,103.11,103.15,184441
2026-06-23T18:40:00+00:00,103.16,103.16,102.71,102.745,275709
2026-06-23T18:45:00+00:00,102.76,102.76,102.4,102.48,257411
2026-06-23T18:50:00+00:00,102.47,102.77,102.4,102.645,186596
2026-06-23T18:55:00+00:00,102.665,102.77,102.44,102.599,163706
2026-06-23T19:00:00+00:00,102.59,103.08,102.58,102.91,197737
2026-06-23T19:05:00+00:00,102.94,103.19,102.53,102.7,218087
2026-06-23T19:10:00+00:00,102.7,103.095,102.62,102.98,181979
2026-06-23T19:15:00+00:00,102.96,103.015,102.661,102.69,133624
2026-06-23T19:20:00+00:00,102.67,103.17,102.41,103.04,208239
2026-06-23T19:25:00+00:00,103.06,103.408,102.82,103.23,174586
2026-06-23T19:30:00+00:00,103.23,103.33,102.91,103.16,148746
2026-06-23T19:35:00+00:00,103.14,103.4,103.14,103.32,184739
2026-06-23T19:40:00+00:00,103.3,103.36,102.99,102.99,130445
2026-06-23T19:45:00+00:00,103.03,103.05,102.425,102.69,285113
2026-06-23T19:50:00+00:00,102.72,103.4,102.72,103.23,326416
2026-06-23T19:55:00+00:00,103.23,103.26,102.92,103.25,630650
2026-06-24T13:30:00+00:00,102.346,104.27,101.88,102.635,448110
2026-06-24T13:35:00+00:00,102.685,103.32,101.06,101.165,630625
2026-06-24T13:40:00+00:00,101.16,101.288,98.02,98.46,834668
2026-06-24T13:45:00+00:00,98.48,99.99,98.03,98.73,619637
2026-06-24T13:50:00+00:00,98.759,100.11,98.65,99.915,479167
2026-06-24T13:55:00+00:00,99.915,99.99,98.06,98.77,460521
2026-06-24T14:00:00+00:00,98.81,99.148,98.1,98.99,415794
2026-06-24T14:05:00+00:00,98.91,99.91,98.89,99.25,365439
2026-06-24T14:10:00+00:00,99.25,99.7,98.23,98.77,343254
2026-06-24T14:15:00+00:00,98.79,98.93,97.59,97.875,570363
2026-06-24T14:20:00+00:00,97.89,98.73,97.595,98.23,442008
2026-06-24T14:25:00+00:00,98.245,99.64,98.02,99.535,356563
2026-06-24T14:30:00+00:00,99.51,100.3,99.5,99.815,466578
2026-06-24T14:35:00+00:00,99.78,99.92,98.93,99.032,304139
2026-06-24T14:40:00+00:00,99.035,99.53,98.895,99.335,209218
2026-06-24T14:45:00+00:00,99.354,100.39,99.0,99.96,445385
2026-06-24T14:50:00+00:00,100.0,100.39,99.74,99.74,250092
2026-06-24T14:55:00+00:00,99.76,100.865,99.59,100.77,257692
2026-06-24T15:00:00+00:00,100.79,100.905,100.18,100.22,239545
2026-06-24T15:05:00+00:00,100.245,100.74,100.13,100.428,254631
2026-06-24T15:10:00+00:00,100.44,100.88,100.37,100.535,216281
2026-06-24T15:15:00+00:00,100.54,100.971,100.48,100.94,162080
2026-06-24T15:20:00+00:00,100.91,100.96,100.52,100.57,190041
2026-06-24T15:25:00+00:00,100.6,100.878,100.26,100.875,165003
2026-06-24T15:30:00+00:00,100.9,100.93,100.07,100.185,152374
2026-06-24T15:35:00+00:00,100.19,100.599,99.88,100.26,369175
2026-06-24T15:40:00+00:00,100.3,100.32,99.75,99.945,123825
2026-06-24T15:45:00+00:00,99.96,100.23,99.67,100.16,160729
2026-06-24T15:50:00+00:00,100.12,100.41,99.995,100.12,220589
2026-06-24T15:55:00+00:00,100.085,100.245,99.77,99.945,131569
2026-06-24T16:00:00+00:00,99.945,100.1,99.55,99.68,146276
2026-06-24T16:05:00+00:00,99.71,99.75,99.21,99.4,203944
2026-06-24T16:10:00+00:00,99.39,99.75,99.29,99.71,129139
2026-06-24T16:15:00+00:00,99.74,99.77,99.18,99.37,128737
2026-06-24T16:20:00+00:00,99.375,99.63,99.16,99.59,125610
2026-06-24T16:25:00+00:00,99.61,99.67,99.28,99.53,111678
2026-06-24T16:30:00+00:00,99.51,99.51,99.08,99.21,118852
2026-06-24T16:35:00+00:00,99.185,99.28,98.58,98.59,195396
2026-06-24T16:40:00+00:00,98.6,98.875,98.5,98.8,156984
2026-06-24T16:45:00+00:00,98.8,98.81,98.47,98.59,166739
2026-06-24T16:50:00+00:00,98.59,98.88,98.52,98.534,158360
2026-06-24T16:55:00+00:00,98.55,98.675,98.4,98.595,207963
2026-06-24T17:00:00+00:00,98.57,99.06,98.47,98.81,149286
2026-06-24T17:05:00+00:00,98.805,98.83,98.05,98.256,163647
2026-06-24T17:10:00+00:00,98.265,98.44,98.02,98.215,124204
2026-06-24T17:15:00+00:00,98.21,98.271,97.54,97.765,293590
2026-06-24T17:20:00+00:00,97.75,97.87,97.42,97.59,264067
2026-06-24T17:25:00+00:00,97.585,97.845,97.34,97.655,216099
2026-06-24T17:30:00+00:00,97.63,97.76,96.94,97.14,344948
2026-06-24T17:35:00+00:00,97.161,97.28,96.7,97.09,238598
2026-06-24T17:40:00+00:00,97.09,97.14,96.63,96.73,166016
2026-06-24T17:45:00+00:00,96.7,97.12,96.46,97.0,203891
2026-06-24T17:50:00+00:00,96.98,97.06,96.73,97.06,190056
2026-06-24T17:55:00+00:00,97.1,97.38,96.53,96.56,238127
2026-06-24T18:00:00+00:00,96.58,96.779,96.295,96.46,228711
2026-06-24T18:05:00+00:00,96.46,97.16,96.444,97.1,223611
2026-06-24T18:10:00+00:00,97.115,97.29,96.98,97.27,176665
2026-06-24T18:15:00+00:00,97.255,97.8,97.25,97.76,222349
2026-06-24T18:20:00+00:00,97.77,98.085,97.62,98.01,168707
2026-06-24T18:25:00+00:00,98.01,98.33,97.98,98.17,168171
2026-06-24T18:30:00+00:00,98.16,98.25,97.835,97.855,136895
2026-06-24T18:35:00+00:00,97.84,97.91,97.24,97.27,171874
2026-06-24T18:40:00+00:00,97.26,97.31,97.0,97.245,153337
2026-06-24T18:45:00+00:00,97.24,97.28,96.717,96.82,184013
2026-06-24T18:50:00+00:00,96.81,97.11,96.63,97.09,173350
2026-06-24T18:55:00+00:00,97.06,97.265,96.78,96.86,172577
2026-06-24T19:00:00+00:00,96.87,97.259,96.67,97.15,141633
2026-06-24T19:05:00+00:00,97.16,97.16,96.38,96.56,205491
2026-06-24T19:10:00+00:00,96.52,96.65,96.3,96.61,176999
2026-06-24T19:15:00+00:00,96.65,96.71,96.37,96.52,131417
2026-06-24T19:20:00+00:00,96.55,96.738,96.44,96.71,136675
2026-06-24T19:25:00+00:00,96.73,97.24,96.715,97.12,170374
2026-06-24T19:30:00+00:00,97.14,97.32,97.07,97.25,145947
2026-06-24T19:35:00+00:00,97.26,97.45,97.03,97.1,189369
2026-06-24T19:40:00+00:00,97.11,97.16,96.74,96.92,175280
2026-06-24T19:45:00+00:00,96.89,97.0,96.7,96.94,202565
2026-06-24T19:50:00+00:00,96.93,97.37,96.8,97.26,325887
2026-06-24T19:55:00+00:00,97.22,97.26,96.81,97.19,896703
2026-06-25T13:30:00+00:00,98.79,99.18,96.01,96.44,573838
2026-06-25T13:35:00+00:00,96.405,97.24,94.924,95.08,544726
2026-06-25T13:40:00+00:00,95.09,95.14,94.11,94.24,430927
2026-06-25T13:45:00+00:00,94.26,94.67,93.48,94.26,522513
2026-06-25T13:50:00+00:00,94.25,94.99,93.31,93.46,446777
2026-06-25T13:55:00+00:00,93.42,93.55,92.8,93.155,432340
2026-06-25T14:00:00+00:00,93.13,94.93,93.1,94.22,505307
2026-06-25T14:05:00+00:00,94.185,95.64,94.04,95.53,587473
2026-06-25T14:10:00+00:00,95.535,96.2,95.39,95.66,397035
2026-06-25T14:15:00+00:00,95.645,96.2,95.078,95.91,340221
2026-06-25T14:20:00+00:00,95.87,96.41,95.79,95.88,306504
2026-06-25T14:25:00+00:00,95.905,96.16,95.71,95.94,192524
2026-06-25T14:30:00+00:00,95.9,96.58,95.77,96.12,258153
2026-06-25T14:35:00+00:00,96.06,96.23,95.44,96.06,185194
2026-06-25T14:40:00+00:00,96.065,96.27,95.42,95.525,122891
2026-06-25T14:45:00+00:00,95.53,95.595,95.15,95.555,156716
2026-06-25T14:50:00+00:00,95.53,95.91,95.39,95.875,142819
2026-06-25T14:55:00+00:00,95.86,95.949,94.894,95.02,210583
2026-06-25T15:00:00+00:00,95.07,95.14,94.59,95.105,197943
2026-06-25T15:05:00+00:00,95.1,95.2,94.65,94.84,132821
2026-06-25T15:10:00+00:00,94.84,94.84,94.11,94.16,156370
2026-06-25T15:15:00+00:00,94.17,94.82,93.91,94.67,285043
2026-06-25T15:20:00+00:00,94.63,94.84,94.46,94.795,189448
2026-06-25T15:25:00+00:00,94.77,94.89,94.48,94.89,144758
2026-06-25T15:30:00+00:00,94.91,95.06,94.72,94.99,166428
2026-06-25T15:35:00+00:00,94.99,95.15,94.57,94.73,157852
2026-06-25T15:40:00+00:00,94.73,95.0,94.525,94.98,107643
2026-06-25T15:45:00+00:00,94.97,95.26,94.66,94.69,161255
2026-06-25T15:50:00+00:00,94.7,95.11,94.6,94.97,117809
2026-06-25T15:55:00+00:00,94.975,95.12,94.72,94.94,123863
2026-06-25T16:00:00+00:00,94.89,94.95,94.44,94.8,184714
2026-06-25T16:05:00+00:00,94.8,95.49,94.72,95.43,144033
2026-06-25T16:10:00+00:00,95.43,95.83,95.3,95.655,155599
2026-06-25T16:15:00+00:00,95.67,95.78,95.54,95.65,102373
2026-06-25T16:20:00+00:00,95.65,95.662,95.12,95.3,130770
2026-06-25T16:25:00+00:00,95.34,95.43,95.18,95.37,116122
2026-06-25T16:30:00+00:00,95.385,95.39,94.55,94.88,165833
2026-06-25T16:35:00+00:00,94.875,94.99,94.46,94.585,122014
2026-06-25T16:40:00+00:00,94.585,94.62,94.08,94.12,146931
2026-06-25T16:45:00+00:00,94.145,94.54,93.87,94.404,119929
2026-06-25T16:50:00+00:00,94.37,94.55,94.17,94.475,88887
2026-06-25T16:55:00+00:00,94.49,94.58,94.334,94.499,81291
2026-06-25T17:00:00+00:00,94.51,94.605,94.14,94.14,81835
2026-06-25T17:05:00+00:00,94.16,94.215,93.906,94.045,72522
2026-06-25T17:10:00+00:00,94.05,94.41,94.05,94.175,77916
2026-06-25T17:15:00+00:00,94.21,94.66,94.125,94.125,94504
2026-06-25T17:20:00+00:00,94.14,94.285,93.97,94.1,76382
2026-06-25T17:25:00+00:00,94.155,94.41,94.12,94.375,64463
2026-06-25T17:30:00+00:00,94.37,94.54,94.295,94.41,98038
2026-06-25T17:35:00+00:00,94.415,94.66,94.33,94.605,116257
2026-06-25T17:40:00+00:00,94.58,94.73,94.36,94.36,76899
2026-06-25T17:45:00+00:00,94.34,94.9,94.15,94.765,323721
2026-06-25T17:50:00+00:00,94.78,94.78,94.2,94.42,193645
2026-06-25T17:55:00+00:00,94.415,94.94,94.28,94.9,140599
2026-06-25T18:00:00+00:00,94.9,95.05,94.3,94.51,184181
2026-06-25T18:05:00+00:00,94.51,94.66,94.33,94.565,151196
2026-06-25T18:10:00+00:00,94.58,94.61,94.11,94.24,92406
2026-06-25T18:15:00+00:00,94.25,94.64,94.08,94.43,111033
2026-06-25T18:20:00+00:00,94.42,94.68,94.31,94.51,134640
2026-06-25T18:25:00+00:00,94.52,94.82,94.46,94.765,134248
2026-06-25T18:30:00+00:00,94.76,94.765,93.985,93.985,82622
2026-06-25T18:35:00+00:00,93.97,93.99,93.76,93.925,158199
2026-06-25T18:40:00+00:00,93.92,93.92,93.61,93.71,160591
2026-06-25T18:45:00+00:00,93.69,93.69,93.33,93.67,130508
2026-06-25T18:50:00+00:00,93.7,94.01,93.56,93.835,122975
2026-06-25T18:55:00+00:00,93.825,93.899,93.58,93.835,87534
2026-06-25T19:00:00+00:00,93.87,93.87,93.33,93.44,131788
2026-06-25T19:05:00+00:00,93.44,93.45,93.2,93.342,131414
2026-06-25T19:10:00+00:00,93.36,93.46,93.2,93.33,117358
2026-06-25T19:15:00+00:00,93.31,93.32,92.97,93.05,126054
2026-06-25T19:20:00+00:00,93.07,93.16,92.897,93.06,116910
2026-06-25T19:25:00+00:00,93.065,93.325,93.0,93.26,142446
2026-06-25T19:30:00+00:00,93.245,93.52,92.98,93.52,248071
2026-06-25T19:35:00+00:00,93.49,93.59,93.36,93.51,102205
2026-06-25T19:40:00+00:00,93.52,93.65,93.25,93.25,169993
2026-06-25T19:45:00+00:00,93.24,93.32,93.14,93.245,124060
2026-06-25T19:50:00+00:00,93.27,93.51,93.2,93.35,234245
2026-06-25T19:55:00+00:00,93.33,93.515,93.125,93.47,528975
2026-06-26T13:30:00+00:00,93.215,95.34,93.08,94.354,580750
2026-06-26T13:35:00+00:00,94.48,95.8,94.22,94.855,434648
2026-06-26T13:40:00+00:00,94.855,95.38,94.48,94.91,342157
2026-06-26T13:45:00+00:00,94.92,94.99,94.24,94.534,329652
2026-06-26T13:50:00+00:00,94.505,95.39,94.505,95.08,328212
2026-06-26T13:55:00+00:00,95.12,96.29,95.051,95.92,294384
2026-06-26T14:00:00+00:00,95.93,96.478,95.57,95.97,348103
2026-06-26T14:05:00+00:00,95.97,96.1,95.62,95.9,168232
2026-06-26T14:10:00+00:00,95.93,96.3,95.75,95.945,201900
2026-06-26T14:15:00+00:00,95.935,96.32,95.368,95.368,255613
2026-06-26T14:20:00+00:00,95.35,96.325,95.35,96.18,261048
2026-06-26T14:25:00+00:00,96.21,96.583,96.11,96.215,311708
2026-06-26T14:30:00+00:00,96.24,96.625,96.1,96.56,227515
2026-06-26T14:35:00+00:00,96.56,96.56,95.742,95.8,280075
2026-06-26T14:40:00+00:00,95.795,96.3,95.415,95.53,279871
2026-06-26T14:45:00+00:00,95.545,96.13,95.35,95.99,213593
2026-06-26T14:50:00+00:00,96.029,96.44,95.4,95.53,324075
2026-06-26T14:55:00+00:00,95.53,96.37,95.22,96.079,231246
2026-06-26T15:00:00+00:00,96.09,96.35,95.95,96.07,113614
2026-06-26T15:05:00+00:00,96.09,96.75,95.895,96.72,207515
2026-06-26T15:10:00+00:00,96.74,96.84,96.34,96.69,229206
2026-06-26T15:15:00+00:00,96.62,97.08,96.49,96.97,230162
2026-06-26T15:20:00+00:00,96.965,97.25,96.68,97.08,148665
2026-06-26T15:25:00+00:00,97.06,97.51,96.91,97.502,294100
2026-06-26T15:30:00+00:00,97.536,97.93,97.523,97.895,192615
2026-06-26T15:35:00+00:00,97.92,98.24,97.68,98.15,260146
2026-06-26T15:40:00+00:00,98.14,98.303,97.85,98.2,177193
2026-06-26T15:45:00+00:00,98.25,98.29,97.71,97.71,177019
2026-06-26T15:50:00+00:00,97.7,98.12,97.55,97.64,290544
2026-06-26T15:55:00+00:00,97.65,98.075,97.562,97.77,180300
2026-06-26T16:00:00+00:00,97.82,98.13,97.7,97.96,151528
2026-06-26T16:05:00+00:00,97.929,97.93,97.1,97.165,134833
2026-06-26T16:10:00+00:00,97.165,97.315,96.98,97.24,201874
2026-06-26T16:15:00+00:00,97.27,97.53,97.1,97.15,125340
2026-06-26T16:20:00+00:00,97.19,97.25,96.835,96.84,164250
2026-06-26T16:25:00+00:00,96.856,96.93,96.67,96.93,108911
2026-06-26T16:30:00+00:00,96.97,97.32,96.94,97.275,146628
2026-06-26T16:35:00+00:00,97.28,97.48,97.097,97.26,90441
2026-06-26T16:40:00+00:00,97.26,97.4,97.035,97.035,92426
2026-06-26T16:45:00+00:00,97.03,97.349,97.01,97.25,90033
2026-06-26T16:50:00+00:00,97.25,97.455,97.04,97.04,90703
2026-06-26T16:55:00+00:00,97.06,97.22,97.01,97.125,82255
2026-06-26T17:00:00+00:00,97.12,97.725,97.08,97.64,116079
2026-06-26T17:05:00+00:00,97.646,97.72,97.52,97.595,88552
2026-06-26T17:10:00+00:00,97.59,97.62,97.24,97.38,84733
2026-06-26T17:15:00+00:00,97.38,97.38,97.04,97.11,112062
2026-06-26T17:20:00+00:00,97.12,97.23,96.94,96.98,145674
2026-06-26T17:25:00+00:00,96.96,97.15,96.845,97.083,80678
2026-06-26T17:30:00+00:00,97.1,97.31,97.05,97.2,103205
2026-06-26T17:35:00+00:00,97.2,97.2,96.94,97.0,82524
2026-06-26T17:40:00+00:00,97.02,97.305,96.882,97.23,87687
2026-06-26T17:45:00+00:00,97.22,97.33,97.015,97.035,59746
2026-06-26T17:50:00+00:00,97.0,97.32,96.92,97.235,84364
2026-06-26T17:55:00+00:00,97.23,97.23,96.9,97.05,91157
2026-06-26T18:00:00+00:00,97.02,97.21,97.01,97.14,69661
2026-06-26T18:05:00+00:00,97.12,97.23,97.0,97.11,74314
2026-06-26T18:10:00+00:00,97.08,97.15,96.97,97.04,60471
2026-06-26T18:15:00+00:00,97.04,97.12,96.862,96.93,83889
2026-06-26T18:20:00+00:00,96.93,97.08,96.89,96.97,61084
2026-06-26T18:25:00+00:00,96.99,97.0,96.41,96.62,160552
2026-06-26T18:30:00+00:00,96.6,96.85,96.425,96.785,174785
2026-06-26T18:35:00+00:00,96.78,96.925,96.665,96.75,172156
2026-06-26T18:40:00+00:00,96.76,96.897,96.6,96.88,85120
2026-06-26T18:45:00+00:00,96.855,96.859,96.41,96.44,93159
2026-06-26T18:50:00+00:00,96.43,96.63,96.22,96.56,114359
2026-06-26T18:55:00+00:00,96.56,96.65,96.325,96.44,120443
2026-06-26T19:00:00+00:00,96.45,96.7,96.33,96.435,98257
2026-06-26T19:05:00+00:00,96.4,96.91,96.231,96.81,141182
2026-06-26T19:10:00+00:00,96.79,96.9,96.62,96.88,88527
2026-06-26T19:15:00+00:00,96.87,96.99,96.71,96.964,85271
2026-06-26T19:20:00+00:00,96.94,97.03,96.68,96.87,143136
2026-06-26T19:25:00+00:00,96.89,97.0,96.53,96.67,156616
2026-06-26T19:30:00+00:00,96.7,97.04,96.53,97.02,147345
2026-06-26T19:35:00+00:00,97.01,97.67,96.722,96.806,474026
2026-06-26T19:40:00+00:00,96.78,96.84,96.44,96.67,214337
2026-06-26T19:45:00+00:00,96.665,96.89,96.379,96.555,243540
2026-06-26T19:50:00+00:00,96.56,99.415,96.53,98.9,1379438
2026-06-26T19:55:00+00:00,98.88,99.375,98.63,98.69,1617640
2026-06-29T13:30:00+00:00,100.66,100.912,99.1,99.835,376866
2026-06-29T13:35:00+00:00,99.847,99.934,98.98,99.57,344258
2026-06-29T13:40:00+00:00,99.565,100.44,99.13,100.265,350304
2026-06-29T13:45:00+00:00,100.24,100.59,99.65,100.19,286349
2026-06-29T13:50:00+00:00,100.14,101.578,100.061,100.542,339012
2026-06-29T13:55:00+00:00,100.51,101.49,100.1,101.45,432679
2026-06-29T14:00:00+00:00,101.49,101.71,100.51,100.64,480158
2026-06-29T14:05:00+00:00,100.6,100.6,99.2,99.71,371643
2026-06-29T14:10:00+00:00,99.685,99.84,98.2,98.41,452235
2026-06-29T14:15:00+00:00,98.405,99.47,98.05,99.25,353144
2026-06-29T14:20:00+00:00,99.25,100.305,99.031,99.71,327778
2026-06-29T14:25:00+00:00,99.61,101.12,99.61,100.9,333968
2026-06-29T14:30:00+00:00,100.93,101.47,100.69,101.135,252647
2026-06-29T14:35:00+00:00,101.105,101.12,100.29,100.41,174762
2026-06-29T14:40:00+00:00,100.38,100.73,100.08,100.08,125601
2026-06-29T14:45:00+00:00,100.08,100.44,99.75,100.44,129146
2026-06-29T14:50:00+00:00,100.38,100.71,100.15,100.63,170222
2026-06-29T14:55:00+00:00,100.625,100.64,100.235,100.363,107928
2026-06-29T15:00:00+00:00,100.37,100.49,99.74,99.8,112402
2026-06-29T15:05:00+00:00,99.805,99.984,99.565,99.63,112584
2026-06-29T15:10:00+00:00,99.65,99.755,99.07,99.48,146588
2026-06-29T15:15:00+00:00,99.5,99.703,98.99,99.251,135060
2026-06-29T15:20:00+00:00,99.261,99.29,98.94,99.2,132526
2026-06-29T15:25:00+00:00,99.22,99.57,99.01,99.57,106184
2026-06-29T15:30:00+00:00,99.57,99.83,99.43,99.79,118533
2026-06-29T15:35:00+00:00,99.76,100.06,99.64,100.04,116048
2026-06-29T15:40:00+00:00,100.03,100.2,99.55,100.06,116340
2026-06-29T15:45:00+00:00,100.085,100.289,100.02,100.13,147279
2026-06-29T15:50:00+00:00,100.12,100.27,99.935,100.225,107678
2026-06-29T15:55:00+00:00,100.24,100.37,100.02,100.35,89131
2026-06-29T16:00:00+00:00,100.37,101.14,100.34,101.08,190114
2026-06-29T16:05:00+00:00,101.065,101.3,100.86,101.2,134484
2026-06-29T16:10:00+00:00,101.16,101.3,101.02,101.138,148006
2026-06-29T16:15:00+00:00,101.13,101.49,101.04,101.46,122120
2026-06-29T16:20:00+00:00,101.44,101.61,101.23,101.41,134481
2026-06-29T16:25:00+00:00,101.46,101.52,101.25,101.44,88348
2026-06-29T16:30:00+00:00,101.44,101.69,101.44,101.515,114830
2026-06-29T16:35:00+00:00,101.55,101.74,101.42,101.71,101744
2026-06-29T16:40:00+00:00,101.71,101.78,101.57,101.64,100068
2026-06-29T16:45:00+00:00,101.635,101.85,101.37,101.829,114037
2026-06-29T16:50:00+00:00,101.85,101.99,101.74,101.855,131873
2026-06-29T16:55:00+00:00,101.855,101.87,101.515,101.695,95689
2026-06-29T17:00:00+00:00,101.71,102.0,101.7,101.95,84077
2026-06-29T17:05:00+00:00,101.95,102.25,101.92,102.13,151262
2026-06-29T17:10:00+00:00,102.13,102.68,102.12,102.623,148675
2026-06-29T17:15:00+00:00,102.64,102.64,102.2,102.41,124098
2026-06-29T17:20:00+00:00,102.37,102.44,101.845,101.88,97967
2026-06-29T17:25:00+00:00,101.86,102.33,101.73,102.305,93915
2026-06-29T17:30:00+00:00,102.31,102.68,102.08,102.22,133946
2026-06-29T17:35:00+00:00,102.23,102.23,101.91,101.98,88884
2026-06-29T17:40:00+00:00,101.96,102.155,101.87,102.09,84834
2026-06-29T17:45:00+00:00,102.1,102.1,101.87,102.0,60553
2026-06-29T17:50:00+00:00,102.0,102.31,101.945,102.28,67288
2026-06-29T17:55:00+00:00,102.265,102.36,101.92,102.065,68121
2026-06-29T18:00:00+00:00,102.095,102.095,101.73,101.905,102594
2026-06-29T18:05:00+00:00,101.85,102.018,101.625,101.66,102346
2026-06-29T18:10:00+00:00,101.7,101.885,101.54,101.815,109726
2026-06-29T18:15:00+00:00,101.815,101.87,101.63,101.815,82433
2026-06-29T18:20:00+00:00,101.84,101.85,101.635,101.66,48273
2026-06-29T18:25:00+00:00,101.63,101.63,101.39,101.48,91920
2026-06-29T18:30:00+00:00,101.49,101.8,101.47,101.74,127859
2026-06-29T18:35:00+00:00,101.75,101.935,101.62,101.72,81955
2026-06-29T18:40:00+00:00,101.71,102.19,101.63,102.175,93074
2026-06-29T18:45:00+00:00,102.18,102.44,102.082,102.39,115740
2026-06-29T18:50:00+00:00,102.39,102.45,102.22,102.29,146811
2026-06-29T18:55:00+00:00,102.278,102.37,102.16,102.19,166504
2026-06-29T19:00:00+00:00,102.21,102.32,101.95,101.95,103149
2026-06-29T19:05:00+00:00,101.97,102.105,101.825,102.1,81217
2026-06-29T19:10:00+00:00,102.1,102.19,102.01,102.155,116812
2026-06-29T19:15:00+00:00,102.14,102.25,102.024,102.11,73568
2026-06-29T19:20:00+00:00,102.13,102.56,102.08,102.46,122840
2026-06-29T19:25:00+00:00,102.45,102.73,102.27,102.53,144637
2026-06-29T19:30:00+00:00,102.578,102.578,102.275,102.435,171796
2026-06-29T19:35:00+00:00,102.45,102.62,102.278,102.55,149785
2026-06-29T19:40:00+00:00,102.55,102.595,102.23,102.36,117346
2026-06-29T19:45:00+00:00,102.37,102.85,102.33,102.75,175597
2026-06-29T19:50:00+00:00,102.77,102.77,101.94,102.0,309675
2026-06-29T19:55:00+00:00,102.0,102.0,101.48,101.83,700010
2026-06-30T13:30:00+00:00,101.87,102.66,101.1,101.623,398308
2026-06-30T13:35:00+00:00,101.57,102.25,101.1,101.14,225384
2026-06-30T13:40:00+00:00,101.21,101.9,100.875,101.34,193347
2026-06-30T13:45:00+00:00,101.32,101.9,100.978,101.415,242480
2026-06-30T13:50:00+00:00,101.38,102.27,101.3,101.535,387159
2026-06-30T13:55:00+00:00,101.49,102.09,100.751,101.84,301309
2026-06-30T14:00:00+00:00,101.77,102.08,101.42,101.85,164873
2026-06-30T14:05:00+00:00,101.89,101.93,101.2,101.445,127400
2026-06-30T14:10:00+00:00,101.42,101.57,100.88,101.17,156034
2026-06-30T14:15:00+00:00,101.17,102.438,101.085,101.98,235923
2026-06-30T14:20:00+00:00,101.98,102.03,101.421,101.835,163599
2026-06-30T14:25:00+00:00,101.82,102.14,101.685,102.11,149976
2026-06-30T14:30:00+00:00,102.13,102.39,102.012,102.14,132838
2026-06-30T14:35:00+00:00,102.135,102.25,101.615,101.71,113360
2026-06-30T14:40:00+00:00,101.68,101.94,101.61,101.86,93155
2026-06-30T14:45:00+00:00,101.84,101.92,101.232,101.385,133478
2026-06-30T14:50:00+00:00,101.395,101.48,100.15,100.15,205665
2026-06-30T14:55:00+00:00,100.15,100.71,100.12,100.395,257016
2026-06-30T15:00:00+00:00,100.415,101.285,100.34,100.869,227484
2026-06-30T15:05:00+00:00,100.88,101.2,100.67,101.015,144807
2026-06-30T15:10:00+00:00,101.04,101.53,100.965,101.53,116678
2026-06-30T15:15:00+00:00,101.524,101.67,101.32,101.37,138250
2026-06-30T15:20:00+00:00,101.41,102.37,101.41,102.325,169238
2026-06-30T15:25:00+00:00,102.325,103.045,102.31,102.925,325455
2026-06-30T15:30:00+00:00,102.925,102.98,102.53,102.9,240307
2026-06-30T15:35:00+00:00,102.91,102.91,101.84,101.98,243613
2026-06-30T15:40:00+00:00,101.975,102.09,101.75,101.795,120622
2026-06-30T15:45:00+00:00,101.795,102.1,101.66,101.685,103692
2026-06-30T15:50:00+00:00,101.74,101.765,101.464,101.485,122555
2026-06-30T15:55:00+00:00,101.51,101.64,101.33,101.47,71311
2026-06-30T16:00:00+00:00,101.42,101.83,101.4,101.58,83237
2026-06-30T16:05:00+00:00,101.59,101.7,101.53,101.63,64322
2026-06-30T16:10:00+00:00,101.57,101.77,101.48,101.55,81620
2026-06-30T16:15:00+00:00,101.55,101.62,101.23,101.3,150490
2026-06-30T16:20:00+00:00,101.31,101.35,101.07,101.275,89970
2026-06-30T16:25:00+00:00,101.27,101.27,100.77,100.93,116849
2026-06-30T16:30:00+00:00,100.93,101.2,100.8,101.01,266842
2026-06-30T16:35:00+00:00,101.02,101.02,100.7,100.765,117060
2026-06-30T16:40:00+00:00,100.765,100.85,100.53,100.708,145333
2026-06-30T16:45:00+00:00,100.71,101.194,100.68,101.16,113373
2026-06-30T16:50:00+00:00,101.14,101.34,101.08,101.26,84844
2026-06-30T16:55:00+00:00,101.3,101.39,101.04,101.12,69742
2026-06-30T17:00:00+00:00,101.13,101.29,101.01,101.03,108428
2026-06-30T17:05:00+00:00,101.035,101.25,100.945,100.96,71582
2026-06-30T17:10:00+00:00,100.982,101.05,100.75,100.81,64979
2026-06-30T17:15:00+00:00,100.805,100.82,100.58,100.73,77416
2026-06-30T17:20:00+00:00,100.74,100.78,100.465,100.59,65185
2026-06-30T17:25:00+00:00,100.56,100.58,100.25,100.31,92437
2026-06-30T17:30:00+00:00,100.31,100.44,100.215,100.34,85996
2026-06-30T17:35:00+00:00,100.35,100.53,100.27,100.28,58145
2026-06-30T17:40:00+00:00,100.28,100.55,100.26,100.36,51555
2026-06-30T17:45:00+00:00,100.355,100.47,100.31,100.4,48147
2026-06-30T17:50:00+00:00,100.39,100.4,100.24,100.3,51488
2026-06-30T17:55:00+00:00,100.28,100.34,99.94,100.17,144250
2026-06-30T18:00:00+00:00,100.155,100.296,100.07,100.15,111608
2026-06-30T18:05:00+00:00,100.198,100.21,99.67,99.77,191373
2026-06-30T18:10:00+00:00,99.75,99.84,99.661,99.76,63230
2026-06-30T18:15:00+00:00,99.78,100.13,99.71,100.08,95839
2026-06-30T18:20:00+00:00,100.107,100.16,99.855,99.95,120461
2026-06-30T18:25:00+00:00,99.95,100.03,99.832,100.0,79961
2026-06-30T18:30:00+00:00,99.995,100.049,99.9,99.97,58705
2026-06-30T18:35:00+00:00,99.98,100.06,99.775,99.895,107838
2026-06-30T18:40:00+00:00,99.87,100.19,99.86,100.155,87045
2026-06-30T18:45:00+00:00,100.16,100.42,100.12,100.3,103170
2026-06-30T18:50:00+00:00,100.3,100.5,100.22,100.45,88859
2026-06-30T18:55:00+00:00,100.45,100.746,100.45,100.71,102174
2026-06-30T19:00:00+00:00,100.71,100.71,100.45,100.58,110016
2026-06-30T19:05:00+00:00,100.58,100.82,100.5,100.7,69791
2026-06-30T19:10:00+00:00,100.706,100.88,100.58,100.879,85145
2026-06-30T19:15:00+00:00,100.88,100.98,100.77,100.93,74802
2026-06-30T19:20:00+00:00,100.96,101.33,100.875,101.165,142971
2026-06-30T19:25:00+00:00,101.165,101.165,100.7,100.925,142324
2026-06-30T19:30:00+00:00,100.91,100.91,100.57,100.69,108382
2026-06-30T19:35:00+00:00,100.68,100.775,100.48,100.7,96550
2026-06-30T19:40:00+00:00,100.7,100.91,100.595,100.82,104454
2026-06-30T19:45:00+00:00,100.81,100.92,100.61,100.64,106635
2026-06-30T19:50:00+00:00,100.65,100.72,100.29,100.42,234359
2026-06-30T19:55:00+00:00,100.46,100.69,100.25,100.28,499017
2026-07-01T13:30:00+00:00,100.67,101.97,100.39,101.26,321692
2026-07-01T13:35:00+00:00,101.225,102.31,100.97,101.2,256682
2026-07-01T13:40:00+00:00,101.16,102.79,101.08,102.69,365643
2026-07-01T13:45:00+00:00,102.54,104.07,102.24,103.34,561494
2026-07-01T13:50:00+00:00,103.398,103.92,103.285,103.415,322003
2026-07-01T13:55:00+00:00,103.485,104.57,103.06,104.55,420018
2026-07-01T14:00:00+00:00,104.51,104.779,103.77,104.478,334527
2026-07-01T14:05:00+00:00,104.48,105.08,104.169,105.03,288885
2026-07-01T14:10:00+00:00,105.055,105.53,104.71,105.39,285941
2026-07-01T14:15:00+00:00,105.42,105.83,105.155,105.685,296868
2026-07-01T14:20:00+00:00,105.66,105.87,105.23,105.34,250978
2026-07-01T14:25:00+00:00,105.32,105.4,104.72,104.91,422398
2026-07-01T14:30:00+00:00,104.97,105.15,104.65,105.015,262700
2026-07-01T14:35:00+00:00,105.005,105.41,104.52,104.82,315429
2026-07-01T14:40:00+00:00,104.83,104.89,104.31,104.33,240722
2026-07-01T14:45:00+00:00,104.32,104.85,103.85,104.78,363371
2026-07-01T14:50:00+00:00,104.795,105.245,104.7,104.89,262490
2026-07-01T14:55:00+00:00,104.89,105.4,104.43,105.4,259476
2026-07-01T15:00:00+00:00,105.43,107.61,105.34,107.56,566435
2026-07-01T15:05:00+00:00,107.54,108.111,107.22,107.45,585502
2026-07-01T15:10:00+00:00,107.41,108.05,107.345,107.99,266314
2026-07-01T15:15:00+00:00,107.935,108.085,107.62,107.725,213778
2026-07-01T15:20:00+00:00,107.7,108.34,107.58,108.125,340257
2026-07-01T15:25:00+00:00,108.15,108.17,107.66,107.71,197866
2026-07-01T15:30:00+00:00,107.77,107.85,107.52,107.61,181290
2026-07-01T15:35:00+00:00,107.605,107.75,107.3,107.56,216255
2026-07-01T15:40:00+00:00,107.54,108.26,107.513,107.82,236771
2026-07-01T15:45:00+00:00,107.82,107.98,107.62,107.69,132981
2026-07-01T15:50:00+00:00,107.68,108.0,107.55,107.811,117347
2026-07-01T15:55:00+00:00,107.8,108.275,107.65,108.21,133384
2026-07-01T16:00:00+00:00,108.2,108.42,108.053,108.355,208522
2026-07-01T16:05:00+00:00,108.31,108.69,108.12,108.12,184680
2026-07-01T16:10:00+00:00,108.14,108.65,108.064,108.31,158435
2026-07-01T16:15:00+00:00,108.3,108.355,108.12,108.31,130751
2026-07-01T16:20:00+00:00,108.31,108.5,108.06,108.365,139702
2026-07-01T16:25:00+00:00,108.34,108.86,108.33,108.72,165262
2026-07-01T16:30:00+00:00,108.73,109.09,108.65,108.74,255089
2026-07-01T16:35:00+00:00,108.745,108.745,108.43,108.47,144046
2026-07-01T16:40:00+00:00,108.49,108.645,108.105,108.48,181899
2026-07-01T16:45:00+00:00,108.47,108.64,108.3,108.395,120750
2026-07-01T16:50:00+00:00,108.39,108.39,107.99,108.15,155350
2026-07-01T16:55:00+00:00,108.15,108.25,107.74,107.91,232931
2026-07-01T17:00:00+00:00,107.87,107.98,107.52,107.939,172920
2026-07-01T17:05:00+00:00,107.949,108.11,107.49,108.035,123060
2026-07-01T17:10:00+00:00,108.05,108.1,107.79,107.79,88561
2026-07-01T17:15:00+00:00,107.81,108.13,107.75,108.04,111614
2026-07-01T17:20:00+00:00,108.05,108.465,108.0,108.32,104523
2026-07-01T17:25:00+00:00,108.39,108.64,108.365,108.58,122266
2026-07-01T17:30:00+00:00,108.56,108.7,108.32,108.58,115971
2026-07-01T17:35:00+00:00,108.6,108.97,108.53,108.59,142854
2026-07-01T17:40:00+00:00,108.625,108.69,108.252,108.375,102630
2026-07-01T17:45:00+00:00,108.38,108.54,108.3,108.37,205633
2026-07-01T17:50:00+00:00,108.38,108.68,108.21,108.27,123532
2026-07-01T17:55:00+00:00,108.29,108.386,108.07,108.16,137810
2026-07-01T18:00:00+00:00,108.2,108.659,108.06,108.59,258029
2026-07-01T18:05:00+00:00,108.626,109.1,108.61,108.68,242521
2026-07-01T18:10:00+00:00,108.65,108.725,107.81,107.88,169434
2026-07-01T18:15:00+00:00,107.88,108.0,107.67,107.96,128454
2026-07-01T18:20:00+00:00,108.01,108.42,107.86,108.393,152210
2026-07-01T18:25:00+00:00,108.36,108.4,108.0,108.065,164660
2026-07-01T18:30:00+00:00,108.055,108.098,107.65,107.785,181582
2026-07-01T18:35:00+00:00,107.76,107.85,107.59,107.835,123668
2026-07-01T18:40:00+00:00,107.82,107.838,107.56,107.801,119124
2026-07-01T18:45:00+00:00,107.815,107.97,107.57,107.785,148958
2026-07-01T18:50:00+00:00,107.8,108.445,107.6,107.735,250090
2026-07-01T18:55:00+00:00,107.72,108.06,107.65,107.945,138672
2026-07-01T19:00:00+00:00,107.94,108.51,107.81,108.35,224584
2026-07-01T19:05:00+00:00,108.38,108.529,108.14,108.51,192775
2026-07-01T19:10:00+00:00,108.53,108.56,108.12,108.35,155120
2026-07-01T19:15:00+00:00,108.38,108.74,108.26,108.72,172213
2026-07-01T19:20:00+00:00,108.728,108.88,108.46,108.87,206051
2026-07-01T19:25:00+00:00,108.85,108.85,108.43,108.715,220102
2026-07-01T19:30:00+00:00,108.73,109.34,108.71,109.33,422550
2026-07-01T19:35:00+00:00,109.34,109.53,109.02,109.215,275620
2026-07-01T19:40:00+00:00,109.2,109.29,108.8,108.97,212450
2026-07-01T19:45:00+00:00,108.96,108.96,108.57,108.84,231688
2026-07-01T19:50:00+00:00,108.86,108.93,108.5,108.62,357236
2026-07-01T19:55:00+00:00,108.59,108.84,108.42,108.65,880597
2026-07-02T13:30:00+00:00,112.76,117.56,112.7,117.095,2153145
2026-07-02T13:35:00+00:00,117.1,118.54,116.94,117.75,1592939
2026-07-02T13:40:00+00:00,117.76,118.9,117.45,118.765,1076722
2026-07-02T13:45:00+00:00,118.75,118.765,116.7,117.035,823044
2026-07-02T13:50:00+00:00,117.017,118.355,116.4,118.11,876019
2026-07-02T13:55:00+00:00,118.06,118.9,117.82,118.26,627042
2026-07-02T14:00:00+00:00,118.18,118.26,117.4,117.88,477846
2026-07-02T14:05:00+00:00,117.93,119.2,117.36,118.6,715287
2026-07-02T14:10:00+00:00,118.575,119.96,118.02,119.35,886456
2026-07-02T14:15:00+00:00,119.4,120.05,118.37,118.505,883708
2026-07-02T14:20:00+00:00,118.5,118.7,116.4,116.67,719221
2026-07-02T14:25:00+00:00,116.68,116.68,115.34,115.62,552616
2026-07-02T14:30:00+00:00,115.58,116.59,115.4,116.015,600609
2026-07-02T14:35:00+00:00,116.04,116.85,115.665,116.285,369130
2026-07-02T14:40:00+00:00,116.285,116.35,114.78,115.22,525584
2026-07-02T14:45:00+00:00,115.23,116.56,115.12,116.33,384367
2026-07-02T14:50:00+00:00,116.3,116.58,114.92,115.255,369285
2026-07-02T14:55:00+00:00,115.24,115.71,115.0,115.71,257899
2026-07-02T15:00:00+00:00,115.665,115.665,113.72,113.82,512399
2026-07-02T15:05:00+00:00,113.86,114.01,113.22,113.79,546776
2026-07-02T15:10:00+00:00,113.79,114.57,113.622,113.843,416924
2026-07-02T15:15:00+00:00,113.84,114.16,113.1,113.275,297257
2026-07-02T15:20:00+00:00,113.315,113.96,113.22,113.855,282132
2026-07-02T15:25:00+00:00,113.88,114.17,113.2,113.63,318433
2026-07-02T15:30:00+00:00,113.65,114.27,113.63,114.205,213309
2026-07-02T15:35:00+00:00,114.14,114.55,114.07,114.39,240732
2026-07-02T15:40:00+00:00,114.4,114.535,113.66,113.68,220208
2026-07-02T15:45:00+00:00,113.68,114.08,113.44,113.45,169921
2026-07-02T15:50:00+00:00,113.455,113.9,113.165,113.73,182140
2026-07-02T15:55:00+00:00,113.66,113.74,113.3,113.505,189186
2026-07-02T16:00:00+00:00,113.53,113.76,113.0,113.395,270975
2026-07-02T16:05:00+00:00,113.405,113.49,112.99,113.16,127211
2026-07-02T16:10:00+00:00,113.18,113.579,113.12,113.495,160940
2026-07-02T16:15:00+00:00,113.495,113.495,112.31,112.345,389163
2026-07-02T16:20:00+00:00,112.32,112.42,111.85,111.9,344611
2026-07-02T16:25:00+00:00,111.905,112.4,111.7,111.77,192366
2026-07-02T16:30:00+00:00,111.77,111.8,111.25,111.34,316669
2026-07-02T16:35:00+00:00,111.3,111.59,111.15,111.46,240652
2026-07-02T16:40:00+00:00,111.46,112.27,111.38,112.13,155415
2026-07-02T16:45:00+00:00,112.135,112.36,111.77,112.195,173985
2026-07-02T16:50:00+00:00,112.25,112.5,111.82,112.045,129955
2026-07-02T16:55:00+00:00,112.03,112.07,111.36,111.99,173538
2026-07-02T17:00:00+00:00,112.04,112.1,111.5,111.65,171328
2026-07-02T17:05:00+00:00,111.65,112.25,111.441,111.815,165482
2026-07-02T17:10:00+00:00,111.815,111.845,111.32,111.65,220762
2026-07-02T17:15:00+00:00,111.668,112.03,111.54,111.765,132805
2026-07-02T17:20:00+00:00,111.775,112.58,111.67,112.015,148189
2026-07-02T17:25:00+00:00,112.03,112.2,111.89,111.96,82218
2026-07-02T17:30:00+00:00,111.96,112.12,111.72,111.72,94784
2026-07-02T17:35:00+00:00,111.725,111.78,111.27,111.5,210877
2026-07-02T17:40:00+00:00,111.525,111.76,111.36,111.635,101123
2026-07-02T17:45:00+00:00,111.63,111.68,110.93,111.24,138728
2026-07-02T17:50:00+00:00,111.255,111.75,111.145,111.595,169698
2026-07-02T17:55:00+00:00,111.58,111.68,111.22,111.33,153618
2026-07-02T18:00:00+00:00,111.33,111.895,111.22,111.86,157746
2026-07-02T18:05:00+00:00,111.9,112.546,111.89,112.36,174062
2026-07-02T18:10:00+00:00,112.37,112.6,112.26,112.32,170729
2026-07-02T18:15:00+00:00,112.33,112.34,111.81,111.91,127522
2026-07-02T18:20:00+00:00,111.89,112.36,111.89,112.24,102465
2026-07-02T18:25:00+00:00,112.22,112.72,112.145,112.72,107919
2026-07-02T18:30:00+00:00,112.674,113.15,112.55,112.63,309522
2026-07-02T18:35:00+00:00,112.61,112.98,112.39,112.91,214821
2026-07-02T18:40:00+00:00,112.91,113.275,112.91,113.18,190839
2026-07-02T18:45:00+00:00,113.15,113.71,112.72,113.63,244893
2026-07-02T18:50:00+00:00,113.65,113.68,113.07,113.27,210790
2026-07-02T18:55:00+00:00,113.265,113.33,112.95,113.25,146494
2026-07-02T19:00:00+00:00,113.27,113.28,112.57,112.6,174810
2026-07-02T19:05:00+00:00,112.65,112.73,112.2,112.33,245066
2026-07-02T19:10:00+00:00,112.33,112.8,112.215,112.64,107735
2026-07-02T19:15:00+00:00,112.65,112.7,112.17,112.17,119561
2026-07-02T19:20:00+00:00,112.2,112.23,111.66,111.84,211547
2026-07-02T19:25:00+00:00,111.83,112.513,111.76,112.28,140357
2026-07-02T19:30:00+00:00,112.34,112.73,112.21,112.69,193348
2026-07-02T19:35:00+00:00,112.72,112.759,112.375,112.7,210002
2026-07-02T19:40:00+00:00,112.7,112.86,112.525,112.78,165315
2026-07-02T19:45:00+00:00,112.8,113.198,112.341,112.5,236863
2026-07-02T19:50:00+00:00,112.53,113.0,112.24,112.92,349153
2026-07-02T19:55:00+00:00,112.93,113.34,112.7,112.73,819594
2026-07-06T13:30:00+00:00,111.41,113.561,111.41,112.3,451473
2026-07-06T13:35:00+00:00,112.362,113.06,111.75,113.0,390633
2026-07-06T13:40:00+00:00,113.0,113.75,112.64,113.535,365073
2026-07-06T13:45:00+00:00,113.49,115.1,113.47,114.88,674426
2026-07-06T13:50:00+00:00,114.95,114.95,113.8,114.25,389474
2026-07-06T13:55:00+00:00,114.255,114.65,113.659,114.365,204514
2026-07-06T14:00:00+00:00,114.42,114.845,114.21,114.245,164380
2026-07-06T14:05:00+00:00,114.2,114.58,113.93,114.26,168698
2026-07-06T14:10:00+00:00,114.245,115.398,114.04,115.32,357747
2026-07-06T14:15:00+00:00,115.295,115.5,114.87,115.07,288309
2026-07-06T14:20:00+00:00,115.16,115.38,114.76,114.95,230254
2026-07-06T14:25:00+00:00,114.955,115.46,114.77,115.122,182547
2026-07-06T14:30:00+00:00,115.14,115.3,114.67,114.92,158636
2026-07-06T14:35:00+00:00,114.925,115.029,114.59,114.72,196701
2026-07-06T14:40:00+00:00,114.72,114.8,113.83,114.5,245240
2026-07-06T14:45:00+00:00,114.55,114.86,114.36,114.64,152083
2026-07-06T14:50:00+00:00,114.65,115.07,114.55,114.86,140867
2026-07-06T14:55:00+00:00,114.8,115.33,114.62,115.22,135987
2026-07-06T15:00:00+00:00,115.25,115.925,115.2,115.86,202614
2026-07-06T15:05:00+00:00,115.87,116.71,115.86,116.13,328982
2026-07-06T15:10:00+00:00,116.11,116.65,116.07,116.56,211863
2026-07-06T15:15:00+00:00,116.56,116.72,116.12,116.57,268985
2026-07-06T15:20:00+00:00,116.56,116.88,116.32,116.84,247462
2026-07-06T15:25:00+00:00,116.81,117.02,116.61,116.95,194475
2026-07-06T15:30:00+00:00,116.94,117.155,116.73,116.86,174176
2026-07-06T15:35:00+00:00,116.84,117.57,116.62,117.28,220123
2026-07-06T15:40:00+00:00,117.285,117.77,117.26,117.63,179125
2026-07-06T15:45:00+00:00,117.62,117.67,117.37,117.66,149161
2026-07-06T15:50:00+00:00,117.65,118.24,117.5,117.995,402507
2026-07-06T15:55:00+00:00,118.0,118.35,117.78,118.32,232760
2026-07-06T16:00:00+00:00,118.29,118.35,118.075,118.08,221054
2026-07-06T16:05:00+00:00,118.095,118.185,117.81,117.825,186162
2026-07-06T16:10:00+00:00,117.82,118.2,117.79,117.885,170513
2026-07-06T16:15:00+00:00,117.84,118.2,117.75,118.14,156831
2026-07-06T16:20:00+00:00,118.145,118.145,117.3,117.435,204577
2026-07-06T16:25:00+00:00,117.44,117.47,116.87,117.05,251927
2026-07-06T16:30:00+00:00,117.05,117.25,116.98,117.14,121726
2026-07-06T16:35:00+00:00,117.14,117.415,116.95,117.15,115493
2026-07-06T16:40:00+00:00,117.18,117.445,116.91,116.91,120290
2026-07-06T16:45:00+00:00,116.92,117.23,116.695,117.09,120539
2026-07-06T16:50:00+00:00,117.09,117.2,116.76,116.78,92870
2026-07-06T16:55:00+00:00,116.76,116.84,116.64,116.7,137986
2026-07-06T17:00:00+00:00,116.71,117.12,116.645,116.98,167625
2026-07-06T17:05:00+00:00,116.98,117.52,116.915,117.375,145452
2026-07-06T17:10:00+00:00,117.38,117.41,117.09,117.36,113160
2026-07-06T17:15:00+00:00,117.35,117.72,117.35,117.545,137839
2026-07-06T17:20:00+00:00,117.545,117.545,117.24,117.465,92965
2026-07-06T17:25:00+00:00,117.48,117.585,117.26,117.28,99181
2026-07-06T17:30:00+00:00,117.26,117.265,116.635,116.785,140201
2026-07-06T17:35:00+00:00,116.77,116.83,116.495,116.55,113543
2026-07-06T17:40:00+00:00,116.55,116.55,116.17,116.335,122537
2026-07-06T17:45:00+00:00,116.31,116.4,116.08,116.24,106687
2026-07-06T17:50:00+00:00,116.27,116.38,115.995,116.0,98918
2026-07-06T17:55:00+00:00,116.04,116.13,115.825,116.01,104057
2026-07-06T18:00:00+00:00,116.02,116.21,115.95,116.18,112886
2026-07-06T18:05:00+00:00,116.205,116.285,116.06,116.195,108527
2026-07-06T18:10:00+00:00,116.21,116.28,116.045,116.17,101336
2026-07-06T18:15:00+00:00,116.17,116.31,115.99,116.26,97353
2026-07-06T18:20:00+00:00,116.24,116.77,116.221,116.759,123553
2026-07-06T18:25:00+00:00,116.74,116.93,116.7,116.869,143661
2026-07-06T18:30:00+00:00,116.86,117.0,116.69,116.73,116045
2026-07-06T18:35:00+00:00,116.69,116.97,116.62,116.69,111935
2026-07-06T18:40:00+00:00,116.7,116.84,116.515,116.81,106881
2026-07-06T18:45:00+00:00,116.78,117.1,116.67,117.01,152794
2026-07-06T18:50:00+00:00,117.02,117.22,116.95,117.05,128045
2026-07-06T18:55:00+00:00,117.05,117.095,116.824,116.87,121030
2026-07-06T19:00:00+00:00,116.87,117.58,116.84,117.46,227813
2026-07-06T19:05:00+00:00,117.43,117.935,117.41,117.92,234829
2026-07-06T19:10:00+00:00,117.94,118.26,117.7,118.045,303274
2026-07-06T19:15:00+00:00,118.045,118.63,117.95,118.447,283329
2026-07-06T19:20:00+00:00,118.45,118.65,118.15,118.25,280828
2026-07-06T19:25:00+00:00,118.27,118.5,118.23,118.42,159505
2026-07-06T19:30:00+00:00,118.47,118.56,118.272,118.55,204143
2026-07-06T19:35:00+00:00,118.55,118.58,117.95,118.05,246945
2026-07-06T19:40:00+00:00,118.023,118.49,118.0,118.15,187528
2026-07-06T19:45:00+00:00,118.13,118.29,117.99,118.1,194829
2026-07-06T19:50:00+00:00,118.1,118.11,117.578,117.578,301160
2026-07-06T19:55:00+00:00,117.61,117.75,117.31,117.55,790524
2026-07-07T13:30:00+00:00,115.775,117.85,115.1,117.34,531895
2026-07-07T13:35:00+00:00,117.32,117.67,116.03,117.23,395440
2026-07-07T13:40:00+00:00,117.14,117.53,116.45,116.975,258569
2026-07-07T13:45:00+00:00,116.975,117.5,116.45,116.77,284459
2026-07-07T13:50:00+00:00,116.805,117.455,116.63,116.72,339722
2026-07-07T13:55:00+00:00,116.68,116.75,114.43,115.065,644725
2026-07-07T14:00:00+00:00,115.05,115.2,114.35,115.115,300525
2026-07-07T14:05:00+00:00,115.15,115.43,114.411,114.735,294518
2026-07-07T14:10:00+00:00,114.735,114.8,113.03,113.21,436677
2026-07-07T14:15:00+00:00,113.215,114.6,112.91,114.455,371105
2026-07-07T14:20:00+00:00,114.49,114.55,113.34,113.375,182521
2026-07-07T14:25:00+00:00,113.375,114.71,112.91,114.71,280543
2026-07-07T14:30:00+00:00,114.695,114.82,113.97,114.285,239713
2026-07-07T14:35:00+00:00,114.24,114.35,112.55,112.65,293845
2026-07-07T14:40:00+00:00,112.66,113.01,112.53,112.81,199437
2026-07-07T14:45:00+00:00,112.8,113.46,112.7,112.91,248682
2026-07-07T14:50:00+00:00,112.95,113.56,112.74,113.485,251478
2026-07-07T14:55:00+00:00,113.55,114.0,113.21,113.49,148242
2026-07-07T15:00:00+00:00,113.45,113.94,113.32,113.775,136415
2026-07-07T15:05:00+00:00,113.8,114.5,113.65,114.5,146718
2026-07-07T15:10:00+00:00,114.505,114.61,113.94,113.97,143383
2026-07-07T15:15:00+00:00,113.91,114.05,113.715,113.755,118400
2026-07-07T15:20:00+00:00,113.73,114.2,113.67,114.04,147306
2026-07-07T15:25:00+00:00,114.065,114.58,114.02,114.56,123325
2026-07-07T15:30:00+00:00,114.59,114.74,114.43,114.44,129430
2026-07-07T15:35:00+00:00,114.475,114.55,114.02,114.06,121958
2026-07-07T15:40:00+00:00,114.04,114.36,113.83,114.36,148867
2026-07-07T15:45:00+00:00,114.39,114.74,113.94,113.975,149627
2026-07-07T15:50:00+00:00,113.99,114.65,113.975,114.47,109334
2026-07-07T15:55:00+00:00,114.51,114.75,114.31,114.71,90998
2026-07-07T16:00:00+00:00,114.68,114.93,114.462,114.63,127262
2026-07-07T16:05:00+00:00,114.65,114.905,114.54,114.8,129859
2026-07-07T16:10:00+00:00,114.8,115.02,114.749,114.95,102662
2026-07-07T16:15:00+00:00,114.955,115.35,114.825,115.26,146172
2026-07-07T16:20:00+00:00,115.245,116.0,115.245,115.61,176457
2026-07-07T16:25:00+00:00,115.61,115.94,115.58,115.795,114113
2026-07-07T16:30:00+00:00,115.79,116.1,115.29,115.467,178242
2026-07-07T16:35:00+00:00,115.56,115.651,115.22,115.38,120123
2026-07-07T16:40:00+00:00,115.35,115.4,115.08,115.395,87217
2026-07-07T16:45:00+00:00,115.375,115.465,115.15,115.465,59962
2026-07-07T16:50:00+00:00,115.47,115.71,115.34,115.43,96891
2026-07-07T16:55:00+00:00,115.45,115.47,115.04,115.23,95027
2026-07-07T17:00:00+00:00,115.21,115.32,114.82,115.09,112539
2026-07-07T17:05:00+00:00,115.07,115.27,115.04,115.04,104177
2026-07-07T17:10:00+00:00,115.05,115.07,114.46,114.57,177314
2026-07-07T17:15:00+00:00,114.57,114.58,114.15,114.5,157306
2026-07-07T17:20:00+00:00,114.485,115.17,114.35,115.06,125789
2026-07-07T17:25:00+00:00,115.006,115.1,114.73,115.065,76925
2026-07-07T17:30:00+00:00,115.08,115.305,115.02,115.14,106724
2026-07-07T17:35:00+00:00,115.11,115.35,114.95,115.04,87827
2026-07-07T17:40:00+00:00,115.04,115.33,115.02,115.33,53128
2026-07-07T17:45:00+00:00,115.29,115.36,115.15,115.205,71787
2026-07-07T17:50:00+00:00,115.19,115.4,115.14,115.265,77489
2026-07-07T17:55:00+00:00,115.245,115.57,115.165,115.56,82538
2026-07-07T18:00:00+00:00,115.56,115.605,115.33,115.53,68790
2026-07-07T18:05:00+00:00,115.53,115.58,115.07,115.205,74396
2026-07-07T18:10:00+00:00,115.2,115.239,115.04,115.07,70017
2026-07-07T18:15:00+00:00,115.07,115.14,114.94,115.13,77046
2026-07-07T18:20:00+00:00,115.149,115.42,115.14,115.2,72986
2026-07-07T18:25:00+00:00,115.2,115.33,115.1,115.17,62043
2026-07-07T18:30:00+00:00,115.19,115.25,114.86,114.96,79491
2026-07-07T18:35:00+00:00,114.93,115.04,114.82,114.895,62499
2026-07-07T18:40:00+00:00,114.88,114.91,114.32,114.43,112865
2026-07-07T18:45:00+00:00,114.425,114.52,113.85,114.07,132838
2026-07-07T18:50:00+00:00,114.05,114.1,113.64,113.86,165912
2026-07-07T18:55:00+00:00,113.87,113.92,113.67,113.775,97880
2026-07-07T19:00:00+00:00,113.76,113.81,113.36,113.72,158028
2026-07-07T19:05:00+00:00,113.75,113.97,113.559,113.76,111895
2026-07-07T19:10:00+00:00,113.78,113.9,113.65,113.805,84562
2026-07-07T19:15:00+00:00,113.82,113.83,113.11,113.46,171795
2026-07-07T19:20:00+00:00,113.46,113.56,113.26,113.325,105287
2026-07-07T19:25:00+00:00,113.31,113.4,112.989,113.295,150781
2026-07-07T19:30:00+00:00,113.3,113.737,113.28,113.672,115353
2026-07-07T19:35:00+00:00,113.705,113.83,113.49,113.6,105232
2026-07-07T19:40:00+00:00,113.63,113.63,113.15,113.2,114639
2026-07-07T19:45:00+00:00,113.205,113.34,113.045,113.26,131898
2026-07-07T19:50:00+00:00,113.25,113.42,112.995,113.42,209270
2026-07-07T19:55:00+00:00,113.41,113.41,112.79,112.9,597690
2026-07-08T13:30:00+00:00,110.865,111.808,108.89,111.78,446020
2026-07-08T13:35:00+00:00,111.76,112.67,111.0,111.83,339151
2026-07-08T13:40:00+00:00,111.723,112.52,111.27,112.22,241743
2026-07-08T13:45:00+00:00,112.13,112.99,111.535,111.535,350735
2026-07-08T13:50:00+00:00,111.54,111.75,110.82,110.98,314596
2026-07-08T13:55:00+00:00,110.95,112.415,110.45,112.13,278143
2026-07-08T14:00:00+00:00,112.07,112.58,111.62,111.68,173171
2026-07-08T14:05:00+00:00,111.86,112.18,111.45,111.64,153468
2026-07-08T14:10:00+00:00,111.66,112.02,111.25,111.66,166053
2026-07-08T14:15:00+00:00,111.665,111.83,110.56,110.91,190114
2026-07-08T14:20:00+00:00,110.91,112.342,110.73,111.56,228581
2026-07-08T14:25:00+00:00,111.53,112.05,111.44,112.05,169676
2026-07-08T14:30:00+00:00,111.995,112.19,111.67,111.95,122808
2026-07-08T14:35:00+00:00,111.92,111.92,110.42,110.455,166083
2026-07-08T14:40:00+00:00,110.475,111.28,110.44,110.765,184880
2026-07-08T14:45:00+00:00,110.785,110.785,109.82,109.825,198165
2026-07-08T14:50:00+00:00,109.83,110.59,109.61,110.3,262288
2026-07-08T14:55:00+00:00,110.27,110.76,110.08,110.732,147920
2026-07-08T15:00:00+00:00,110.8,110.9,110.17,110.17,106575
2026-07-08T15:05:00+00:00,110.175,110.63,110.162,110.29,97889
2026-07-08T15:10:00+00:00,110.27,110.45,109.8,109.9,145303
2026-07-08T15:15:00+00:00,109.88,110.318,109.49,110.22,147748
2026-07-08T15:20:00+00:00,110.23,110.23,109.135,109.17,164855
2026-07-08T15:25:00+00:00,109.18,109.92,109.17,109.53,204110
2026-07-08T15:30:00+00:00,109.55,110.2,109.47,110.115,143579
2026-07-08T15:35:00+00:00,110.09,110.341,109.75,109.815,154765
2026-07-08T15:40:00+00:00,109.81,110.046,109.53,109.6,130980
2026-07-08T15:45:00+00:00,109.615,109.77,109.34,109.7,112343
2026-07-08T15:50:00+00:00,109.66,109.69,109.094,109.35,83168
2026-07-08T15:55:00+00:00,109.37,109.6,109.29,109.525,76624
2026-07-08T16:00:00+00:00,109.56,110.13,109.51,109.94,87193
2026-07-08T16:05:00+00:00,109.98,110.75,109.98,110.595,112489
2026-07-08T16:10:00+00:00,110.6,110.74,110.5,110.62,156751
2026-07-08T16:15:00+00:00,110.63,110.79,110.43,110.52,98460
2026-07-08T16:20:00+00:00,110.51,110.74,110.41,110.47,73879
2026-07-08T16:25:00+00:00,110.481,111.11,110.481,110.9,107317
2026-07-08T16:30:00+00:00,110.881,111.239,110.59,110.595,108304
2026-07-08T16:35:00+00:00,110.58,110.84,110.025,110.49,150668
2026-07-08T16:40:00+00:00,110.45,111.2,110.31,111.025,124840
2026-07-08T16:45:00+00:00,111.025,111.18,110.88,111.09,60162
2026-07-08T16:50:00+00:00,111.11,111.15,110.875,110.949,87580
2026-07-08T16:55:00+00:00,110.95,111.02,110.82,110.95,63506
2026-07-08T17:00:00+00:00,110.95,110.95,110.48,110.52,90593
2026-07-08T17:05:00+00:00,110.485,110.85,110.27,110.8,96163
2026-07-08T17:10:00+00:00,110.75,110.86,110.54,110.64,131020
2026-07-08T17:15:00+00:00,110.595,110.88,110.58,110.83,79244
2026-07-08T17:20:00+00:00,110.84,111.25,110.735,111.235,97706
2026-07-08T17:25:00+00:00,111.22,111.675,111.21,111.66,147960
2026-07-08T17:30:00+00:00,111.64,111.93,111.6,111.875,158733
2026-07-08T17:35:00+00:00,111.898,112.09,111.81,111.97,93307
2026-07-08T17:40:00+00:00,111.98,112.03,111.75,111.85,80540
2026-07-08T17:45:00+00:00,111.82,111.83,111.48,111.51,59673
2026-07-08T17:50:00+00:00,111.55,111.61,111.316,111.435,61003
2026-07-08T17:55:00+00:00,111.46,111.62,111.25,111.62,66304
2026-07-08T18:00:00+00:00,111.57,112.02,111.46,111.95,84880
2026-07-08T18:05:00+00:00,112.0,112.005,111.64,111.87,57907
2026-07-08T18:10:00+00:00,111.82,112.208,111.82,112.09,117127
2026-07-08T18:15:00+00:00,112.08,112.13,111.62,111.751,77795
2026-07-08T18:20:00+00:00,111.76,111.98,111.672,111.68,80552
2026-07-08T18:25:00+00:00,111.68,111.91,111.64,111.71,67098
2026-07-08T18:30:00+00:00,111.69,111.92,111.59,111.79,87659
2026-07-08T18:35:00+00:00,111.79,112.49,111.79,112.49,163029
2026-07-08T18:40:00+00:00,112.475,112.704,112.31,112.66,175416
2026-07-08T18:45:00+00:00,112.62,112.85,112.57,112.75,116971
2026-07-08T18:50:00+00:00,112.76,112.89,112.55,112.775,81756
2026-07-08T18:55:00+00:00,112.78,112.79,112.521,112.695,59653
2026-07-08T19:00:00+00:00,112.71,113.09,112.654,112.71,123519
2026-07-08T19:05:00+00:00,112.7,112.9,112.675,112.87,79415
2026-07-08T19:10:00+00:00,112.865,112.94,112.705,112.89,56830
2026-07-08T19:15:00+00:00,112.89,113.32,112.811,113.09,166891
2026-07-08T19:20:00+00:00,113.09,113.625,113.09,113.57,203144
2026-07-08T19:25:00+00:00,113.575,113.79,113.472,113.715,105542
2026-07-08T19:30:00+00:00,113.72,114.125,113.57,114.12,163436
2026-07-08T19:35:00+00:00,114.12,114.13,113.84,113.91,201408
2026-07-08T19:40:00+00:00,113.9,113.94,113.641,113.835,160540
2026-07-08T19:45:00+00:00,113.81,113.93,112.51,112.81,436869
2026-07-08T19:50:00+00:00,112.79,113.41,112.395,113.23,321362
2026-07-08T19:55:00+00:00,113.24,113.73,113.2,113.53,491176
2026-07-09T13:30:00+00:00,112.23,113.79,111.63,113.22,348229
2026-07-09T13:35:00+00:00,113.21,114.07,113.099,113.89,246894
2026-07-09T13:40:00+00:00,113.95,115.54,113.72,115.31,417905
2026-07-09T13:45:00+00:00,115.27,116.16,115.07,115.56,390736
2026-07-09T13:50:00+00:00,115.545,116.28,115.24,116.2,301029
2026-07-09T13:55:00+00:00,116.19,116.88,115.356,116.72,354170
2026-07-09T14:00:00+00:00,116.665,117.45,116.3,116.48,374458
2026-07-09T14:05:00+00:00,116.44,117.06,116.29,116.65,263163
2026-07-09T14:10:00+00:00,116.655,117.13,116.43,116.49,314660
2026-07-09T14:15:00+00:00,116.48,116.64,114.86,114.99,296627
2026-07-09T14:20:00+00:00,115.035,115.4,114.04,115.38,329608
2026-07-09T14:25:00+00:00,115.43,115.855,115.18,115.69,211351
2026-07-09T14:30:00+00:00,115.63,115.65,114.82,115.35,266585
2026-07-09T14:35:00+00:00,115.365,116.13,115.25,116.04,201305
2026-07-09T14:40:00+00:00,116.03,116.07,115.12,115.205,138410
2026-07-09T14:45:00+00:00,115.33,115.76,115.17,115.359,146812
2026-07-09T14:50:00+00:00,115.35,115.35,114.5,114.77,155063
2026-07-09T14:55:00+00:00,114.735,115.821,114.51,115.633,166484
2026-07-09T15:00:00+00:00,115.6,116.27,115.57,116.08,220018
2026-07-09T15:05:00+00:00,116.08,116.68,116.04,116.42,176878
2026-07-09T15:10:00+00:00,116.45,116.53,116.21,116.335,157343
2026-07-09T15:15:00+00:00,116.33,116.65,116.09,116.455,141269
2026-07-09T15:20:00+00:00,116.48,116.75,116.4,116.495,144376
2026-07-09T15:25:00+00:00,116.45,116.705,116.113,116.33,120172
2026-07-09T15:30:00+00:00,116.335,116.43,116.12,116.36,81215
2026-07-09T15:35:00+00:00,116.285,116.51,116.14,116.34,90877
2026-07-09T15:40:00+00:00,116.38,116.755,116.27,116.44,128079
2026-07-09T15:45:00+00:00,116.46,116.74,116.31,116.685,94140
2026-07-09T15:50:00+00:00,116.68,117.15,116.538,116.96,152144
2026-07-09T15:55:00+00:00,116.96,117.18,116.67,117.18,146368
2026-07-09T16:00:00+00:00,117.18,117.54,117.07,117.465,251061
2026-07-09T16:05:00+00:00,117.465,117.65,116.92,117.06,184728
2026-07-09T16:10:00+00:00,117.04,117.19,116.85,117.085,122468
2026-07-09T16:15:00+00:00,117.05,117.45,117.025,117.38,100071
2026-07-09T16:20:00+00:00,117.365,117.42,117.1,117.23,75436
2026-07-09T16:25:00+00:00,117.27,117.32,116.51,116.9,142414
2026-07-09T16:30:00+00:00,116.94,117.08,116.65,116.66,94946
2026-07-09T16:35:00+00:00,116.655,116.77,116.5,116.72,74611
2026-07-09T16:40:00+00:00,116.72,116.925,116.625,116.81,73446
2026-07-09T16:45:00+00:00,116.81,116.84,116.577,116.72,53993
2026-07-09T16:50:00+00:00,116.77,116.93,116.6,116.64,87002
2026-07-09T16:55:00+00:00,116.655,116.73,116.54,116.56,52257
2026-07-09T17:00:00+00:00,116.57,116.809,116.52,116.59,54662
2026-07-09T17:05:00+00:00,116.58,116.89,116.5,116.53,75638
2026-07-09T17:10:00+00:00,116.52,116.605,116.43,116.55,72682
2026-07-09T17:15:00+00:00,116.53,116.77,116.38,116.659,104354
2026-07-09T17:20:00+00:00,116.66,116.81,116.6,116.745,71056
2026-07-09T17:25:00+00:00,116.76,116.93,116.71,116.87,98618
2026-07-09T17:30:00+00:00,116.87,116.893,116.172,116.385,95658
2026-07-09T17:35:00+00:00,116.38,116.499,116.1,116.445,84070
2026-07-09T17:40:00+00:00,116.43,116.51,116.305,116.44,58804
2026-07-09T17:45:00+00:00,116.435,116.66,116.43,116.585,78159
2026-07-09T17:50:00+00:00,116.57,116.82,116.54,116.605,83027
2026-07-09T17:55:00+00:00,116.62,116.719,116.37,116.525,90684
2026-07-09T18:00:00+00:00,116.54,116.59,116.32,116.42,62120
2026-07-09T18:05:00+00:00,116.44,116.9,116.4,116.85,94403
2026-07-09T18:10:00+00:00,116.82,117.01,116.73,116.925,122997
2026-07-09T18:15:00+00:00,116.925,117.05,116.8,116.94,64969
2026-07-09T18:20:00+00:00,116.94,116.94,116.395,116.45,143311
2026-07-09T18:25:00+00:00,116.46,116.51,116.28,116.5,111123
2026-07-09T18:30:00+00:00,116.53,116.66,116.206,116.373,107005
2026-07-09T18:35:00+00:00,116.36,116.53,116.14,116.185,65677
2026-07-09T18:40:00+00:00,116.17,116.33,116.09,116.27,85228
2026-07-09T18:45:00+00:00,116.25,116.42,116.18,116.26,90860
2026-07-09T18:50:00+00:00,116.22,116.3,115.97,116.08,82735
2026-07-09T18:55:00+00:00,116.07,116.12,115.78,115.91,103845
2026-07-09T19:00:00+00:00,115.94,115.98,115.8,115.95,73977
2026-07-09T19:05:00+00:00,115.98,115.985,115.32,115.55,152827
2026-07-09T19:10:00+00:00,115.55,115.71,115.31,115.31,115235
2026-07-09T19:15:00+00:00,115.315,115.32,115.07,115.095,100266
2026-07-09T19:20:00+00:00,115.105,115.28,114.89,115.2,135949
2026-07-09T19:25:00+00:00,115.2,115.32,115.105,115.13,72286
2026-07-09T19:30:00+00:00,115.13,115.49,114.96,115.47,129808
2026-07-09T19:35:00+00:00,115.46,115.89,115.43,115.838,147344
2026-07-09T19:40:00+00:00,115.84,115.91,115.64,115.655,108867
2026-07-09T19:45:00+00:00,115.64,115.66,115.25,115.27,208565
2026-07-09T19:50:00+00:00,115.27,115.27,114.77,114.78,224539
2026-07-09T19:55:00+00:00,114.8,115.32,114.8,115.11,572111
2026-07-10T13:30:00+00:00,119.16,119.329,116.67,117.705,686716
2026-07-10T13:35:00+00:00,117.705,117.75,113.125,114.19,982826
2026-07-10T13:40:00+00:00,114.115,114.37,111.7,111.82,714050
2026-07-10T13:45:00+00:00,111.81,113.55,111.371,112.83,844033
2026-07-10T13:50:00+00:00,112.83,113.72,112.362,112.75,574019
2026-07-10T13:55:00+00:00,112.83,112.92,110.62,110.98,557011
2026-07-10T14:00:00+00:00,110.95,111.395,110.69,111.01,412965
2026-07-10T14:05:00+00:00,110.98,111.68,110.8,111.271,487555
2026-07-10T14:10:00+00:00,111.27,111.6,110.825,111.14,389740
2026-07-10T14:15:00+00:00,111.141,112.09,110.9,111.47,411700
2026-07-10T14:20:00+00:00,111.49,111.76,110.98,111.28,267702
2026-07-10T14:25:00+00:00,111.22,111.58,110.9,111.408,292899
2026-07-10T14:30:00+00:00,111.41,111.5,108.81,110.285,538179
2026-07-10T14:35:00+00:00,110.28,111.65,110.1,111.64,293060
2026-07-10T14:40:00+00:00,111.645,112.33,111.52,112.247,428468
2026-07-10T14:45:00+00:00,112.22,112.39,111.75,112.271,231462
2026-07-10T14:50:00+00:00,112.31,112.34,111.62,112.018,227566
2026-07-10T14:55:00+00:00,112.02,112.055,111.05,111.36,221653
2026-07-10T15:00:00+00:00,111.41,111.45,110.93,111.15,168710
2026-07-10T15:05:00+00:00,111.115,111.69,110.85,111.47,218374
2026-07-10T15:10:00+00:00,111.465,111.77,111.3,111.445,167371
2026-07-10T15:15:00+00:00,111.43,111.87,111.41,111.77,169577
2026-07-10T15:20:00+00:00,111.775,112.47,111.5,112.469,234552
2026-07-10T15:25:00+00:00,112.45,112.78,112.24,112.76,205960
2026-07-10T15:30:00+00:00,112.75,112.905,112.5,112.87,156207
2026-07-10T15:35:00+00:00,112.94,112.95,112.02,112.13,190556
2026-07-10T15:40:00+00:00,112.16,112.5,111.83,112.355,149048
2026-07-10T15:45:00+00:00,112.34,112.76,112.26,112.63,147260
2026-07-10T15:50:00+00:00,112.62,113.08,112.52,112.94,177839
2026-07-10T15:55:00+00:00,112.94,113.16,112.715,112.925,128827
2026-07-10T16:00:00+00:00,112.94,113.325,112.89,112.96,189029
2026-07-10T16:05:00+00:00,112.985,113.0,112.71,112.86,114043
2026-07-10T16:10:00+00:00,112.855,113.19,112.74,113.19,86756
2026-07-10T16:15:00+00:00,113.185,113.32,112.97,113.16,125329
2026-07-10T16:20:00+00:00,113.18,113.29,112.98,113.13,99985
2026-07-10T16:25:00+00:00,113.12,113.575,112.88,113.31,270683
2026-07-10T16:30:00+00:00,113.305,113.73,113.3,113.555,122750
2026-07-10T16:35:00+00:00,113.555,113.64,113.17,113.3,133732
2026-07-10T16:40:00+00:00,113.285,113.53,113.24,113.4,102456
2026-07-10T16:45:00+00:00,113.395,113.88,113.395,113.855,104204
2026-07-10T16:50:00+00:00,113.841,114.34,113.841,114.06,196649
2026-07-10T16:55:00+00:00,114.09,114.42,113.93,114.29,123321
2026-07-10T17:00:00+00:00,114.27,114.329,113.98,114.05,137772
2026-07-10T17:05:00+00:00,114.075,114.1,113.6,113.675,134891
2026-07-10T17:10:00+00:00,113.68,113.7,113.05,113.135,243606
2026-07-10T17:15:00+00:00,113.16,113.28,113.0,113.135,115396
2026-07-10T17:20:00+00:00,113.13,113.46,113.045,113.4,103523
2026-07-10T17:25:00+00:00,113.39,113.494,113.1,113.1,78985
2026-07-10T17:30:00+00:00,113.125,113.43,113.06,113.22,90633
2026-07-10T17:35:00+00:00,113.225,113.32,113.055,113.08,82291
2026-07-10T17:40:00+00:00,113.08,113.135,112.72,112.88,106731
2026-07-10T17:45:00+00:00,112.87,113.49,112.82,113.17,113179
2026-07-10T17:50:00+00:00,113.19,113.21,112.88,112.95,59343
2026-07-10T17:55:00+00:00,112.95,112.95,112.25,112.5,152933
2026-07-10T18:00:00+00:00,112.5,112.86,112.5,112.76,106274
2026-07-10T18:05:00+00:00,112.75,112.84,112.6,112.675,63841
2026-07-10T18:10:00+00:00,112.675,112.79,112.485,112.611,65521
2026-07-10T18:15:00+00:00,112.605,112.615,112.3,112.351,80406
2026-07-10T18:20:00+00:00,112.365,112.43,112.2,112.355,123628
2026-07-10T18:25:00+00:00,112.34,112.45,112.26,112.35,73666
2026-07-10T18:30:00+00:00,112.35,112.67,112.31,112.39,79350
2026-07-10T18:35:00+00:00,112.41,112.41,112.064,112.234,75474
2026-07-10T18:40:00+00:00,112.23,112.31,112.06,112.22,72184
2026-07-10T18:45:00+00:00,112.2,112.2,111.78,111.91,122254
2026-07-10T18:50:00+00:00,111.9,112.08,111.83,111.911,64253
2026-07-10T18:55:00+00:00,111.91,111.94,111.72,111.765,65977
2026-07-10T19:00:00+00:00,111.76,112.2,111.56,112.2,121585
2026-07-10T19:05:00+00:00,112.2,112.44,112.1,112.39,98488
2026-07-10T19:10:00+00:00,112.365,112.47,112.23,112.355,88643
2026-07-10T19:15:00+00:00,112.35,112.41,111.89,111.999,109031
2026-07-10T19:20:00+00:00,112.01,112.31,111.91,112.21,90293
2026-07-10T19:25:00+00:00,112.21,112.555,112.14,112.398,113692
2026-07-10T19:30:00+00:00,112.38,112.78,112.38,112.48,126366
2026-07-10T19:35:00+00:00,112.45,112.695,112.405,112.49,105021
2026-07-10T19:40:00+00:00,112.5,112.54,112.39,112.44,109839
2026-07-10T19:45:00+00:00,112.42,112.57,112.25,112.28,127424
2026-07-10T19:50:00+00:00,112.29,112.31,111.92,111.975,218545
2026-07-10T19:55:00+00:00,111.96,111.99,111.44,111.97,663638
2026-07-13T13:30:00+00:00,111.27,113.585,110.761,113.135,515470
2026-07-13T13:35:00+00:00,113.135,113.66,111.91,112.7,420290
2026-07-13T13:40:00+00:00,112.62,112.83,110.35,110.53,525576
2026-07-13T13:45:00+00:00,110.5,110.598,109.65,110.28,341195
2026-07-13T13:50:00+00:00,110.3,110.45,109.25,109.64,274334
2026-07-13T13:55:00+00:00,109.58,109.9,108.92,109.69,323846
2026-07-13T14:00:00+00:00,109.7,110.9,109.56,110.17,346436
2026-07-13T14:05:00+00:00,110.11,110.67,109.56,110.28,166253
2026-07-13T14:10:00+00:00,110.3,111.962,110.07,111.925,317799
2026-07-13T14:15:00+00:00,111.89,111.967,109.9,111.66,384756
2026-07-13T14:20:00+00:00,111.68,112.025,110.68,111.4,257789
2026-07-13T14:25:00+00:00,111.418,112.15,111.12,112.09,203956
2026-07-13T14:30:00+00:00,112.11,112.45,111.9,112.25,200392
2026-07-13T14:35:00+00:00,112.18,112.29,110.9,111.57,203240
2026-07-13T14:40:00+00:00,111.58,111.59,110.07,110.47,179707
2026-07-13T14:45:00+00:00,110.45,110.88,110.3,110.84,131731
2026-07-13T14:50:00+00:00,110.835,111.0,110.595,110.76,105044
2026-07-13T14:55:00+00:00,110.79,111.41,110.65,111.36,94198
2026-07-13T15:00:00+00:00,111.385,111.51,110.82,111.06,99890
2026-07-13T15:05:00+00:00,111.065,111.27,110.805,110.97,77647
2026-07-13T15:10:00+00:00,110.955,111.06,110.435,110.695,79220
2026-07-13T15:15:00+00:00,110.69,110.97,110.505,110.73,73137
2026-07-13T15:20:00+00:00,110.7,110.96,110.53,110.845,53647
2026-07-13T15:25:00+00:00,110.845,111.0,110.475,111.0,75989
2026-07-13T15:30:00+00:00,111.02,111.31,110.9,111.23,90356
2026-07-13T15:35:00+00:00,111.205,111.305,110.84,111.125,90445
2026-07-13T15:40:00+00:00,111.125,111.21,110.98,111.17,82597
2026-07-13T15:45:00+00:00,111.17,111.4,111.03,111.29,85342
2026-07-13T15:50:00+00:00,111.32,111.4,110.58,110.82,87339
2026-07-13T15:55:00+00:00,110.86,111.02,110.5,110.93,82809
2026-07-13T16:00:00+00:00,110.94,111.3,110.88,111.1,79915
2026-07-13T16:05:00+00:00,111.09,111.12,110.75,110.92,55788
2026-07-13T16:10:00+00:00,110.92,111.1,110.83,110.99,57656
2026-07-13T16:15:00+00:00,110.98,110.985,110.36,110.47,65521
2026-07-13T16:20:00+00:00,110.44,110.44,110.02,110.04,87195
2026-07-13T16:25:00+00:00,110.02,110.075,109.65,110.015,151599
2026-07-13T16:30:00+00:00,109.98,110.26,109.86,110.08,95005
2026-07-13T16:35:00+00:00,110.06,110.08,109.34,109.82,196112
2026-07-13T16:40:00+00:00,109.85,110.1,109.48,109.55,138467
2026-07-13T16:45:00+00:00,109.5,110.2,109.5,109.83,92283
2026-07-13T16:50:00+00:00,109.8,110.01,109.41,109.835,65338
2026-07-13T16:55:00+00:00,109.845,110.02,109.69,109.965,49346
2026-07-13T17:00:00+00:00,109.96,110.32,109.86,109.98,111253
2026-07-13T17:05:00+00:00,109.93,110.18,109.85,110.13,66739
2026-07-13T17:10:00+00:00,110.16,110.4,109.96,110.095,79104
2026-07-13T17:15:00+00:00,110.06,110.08,109.76,109.86,54117
2026-07-13T17:20:00+00:00,109.78,110.16,109.728,109.728,54945
2026-07-13T17:25:00+00:00,109.71,109.72,109.49,109.57,60173
2026-07-13T17:30:00+00:00,109.6,109.74,109.45,109.65,56316
2026-07-13T17:35:00+00:00,109.68,109.68,109.201,109.5,76607
2026-07-13T17:40:00+00:00,109.43,109.71,109.245,109.655,62176
2026-07-13T17:45:00+00:00,109.637,109.77,109.34,109.355,68629
2026-07-13T17:50:00+00:00,109.335,109.46,109.1,109.26,125781
2026-07-13T17:55:00+00:00,109.34,109.44,109.03,109.16,71493
2026-07-13T18:00:00+00:00,109.16,110.009,109.125,109.97,89974
2026-07-13T18:05:00+00:00,109.98,110.3,109.9,110.0,85287
2026-07-13T18:10:00+00:00,109.985,110.01,109.62,109.86,73303
2026-07-13T18:15:00+00:00,109.83,109.88,109.46,109.665,97339
2026-07-13T18:20:00+00:00,109.7,109.905,109.62,109.87,71123
2026-07-13T18:25:00+00:00,109.87,109.92,109.52,109.53,53263
2026-07-13T18:30:00+00:00,109.5,110.225,109.29,109.72,113018
2026-07-13T18:35:00+00:00,109.68,109.828,109.54,109.56,93570
2026-07-13T18:40:00+00:00,109.59,109.89,109.55,109.84,92556
2026-07-13T18:45:00+00:00,109.87,110.2,109.81,110.2,76086
2026-07-13T18:50:00+00:00,110.18,110.44,110.04,110.04,99675
2026-07-13T18:55:00+00:00,110.06,110.13,109.45,109.66,153653
2026-07-13T19:00:00+00:00,109.66,110.05,109.66,110.045,97299
2026-07-13T19:05:00+00:00,110.04,110.12,109.75,109.86,65166
2026-07-13T19:10:00+00:00,109.84,109.855,109.6,109.62,70879
2026-07-13T19:15:00+00:00,109.61,109.74,109.47,109.5,67842
2026-07-13T19:20:00+00:00,109.49,109.49,109.04,109.27,109056
2026-07-13T19:25:00+00:00,109.26,109.28,108.845,108.91,99778
2026-07-13T19:30:00+00:00,108.91,109.316,108.84,109.265,135258
2026-07-13T19:35:00+00:00,109.265,109.3,109.1,109.14,106093
2026-07-13T19:40:00+00:00,109.125,109.35,109.07,109.29,115092
2026-07-13T19:45:00+00:00,109.31,109.51,109.265,109.42,173118
2026-07-13T19:50:00+00:00,109.43,110.065,109.43,109.95,267497
2026-07-13T19:55:00+00:00,109.92,110.22,109.77,109.86,503309
2026-07-14T13:30:00+00:00,111.03,112.72,109.19,109.475,527440
2026-07-14T13:35:00+00:00,109.3,109.93,109.095,109.77,243856
2026-07-14T13:40:00+00:00,109.735,110.3,109.5,110.11,232031
2026-07-14T13:45:00+00:00,110.12,111.53,110.05,110.59,270554
2026-07-14T13:50:00+00:00,110.55,111.75,110.47,111.37,239048
2026-07-14T13:55:00+00:00,111.37,112.23,111.05,111.975,287736
2026-07-14T14:00:00+00:00,111.97,112.05,110.835,111.025,188187
2026-07-14T14:05:00+00:00,110.98,111.65,110.83,111.61,123429
2026-07-14T14:10:00+00:00,111.533,111.78,110.625,111.67,171439
2026-07-14T14:15:00+00:00,111.67,111.685,110.755,111.0,142047
2026-07-14T14:20:00+00:00,111.11,111.54,110.64,110.92,128548
2026-07-14T14:25:00+00:00,110.82,111.815,110.66,111.435,145976
2026-07-14T14:30:00+00:00,111.4,112.3,110.915,111.88,175416
2026-07-14T14:35:00+00:00,111.88,111.99,111.5,111.52,162872
2026-07-14T14:40:00+00:00,111.5,111.62,110.82,111.02,142264
2026-07-14T14:45:00+00:00,111.025,111.168,110.53,110.625,145530
2026-07-14T14:50:00+00:00,110.635,111.1,110.45,111.02,164650
2026-07-14T14:55:00+00:00,111.08,111.4,110.95,111.03,104992
2026-07-14T15:00:00+00:00,111.03,111.115,110.4,110.625,150973
2026-07-14T15:05:00+00:00,110.58,110.65,110.123,110.42,120067
2026-07-14T15:10:00+00:00,110.41,110.442,110.2,110.32,84304
2026-07-14T15:15:00+00:00,110.335,110.335,110.01,110.16,103351
2026-07-14T15:20:00+00:00,110.15,110.37,109.92,110.34,173630
2026-07-14T15:25:00+00:00,110.335,110.67,110.209,110.485,123071
2026-07-14T15:30:00+00:00,110.53,110.63,110.08,110.145,96935
2026-07-14T15:35:00+00:00,110.143,110.185,109.79,109.85,118568
2026-07-14T15:40:00+00:00,109.855,110.09,109.35,110.09,160134
2026-07-14T15:45:00+00:00,110.11,110.31,110.05,110.12,102122
2026-07-14T15:50:00+00:00,110.1,110.37,109.86,109.94,137200
2026-07-14T15:55:00+00:00,109.942,110.07,109.73,109.82,79280
2026-07-14T16:00:00+00:00,109.79,110.11,109.41,110.1,111815
2026-07-14T16:05:00+00:00,110.1,110.24,110.01,110.13,57411
2026-07-14T16:10:00+00:00,110.14,110.23,109.95,110.11,48976
2026-07-14T16:15:00+00:00,110.08,110.15,109.885,110.04,55517
2026-07-14T16:20:00+00:00,110.015,110.25,109.97,110.215,59617
2026-07-14T16:25:00+00:00,110.24,110.87,110.22,110.82,120618
2026-07-14T16:30:00+00:00,110.83,111.09,110.77,111.08,108712
2026-07-14T16:35:00+00:00,111.06,111.25,110.77,110.9,87275
2026-07-14T16:40:00+00:00,110.93,111.12,110.88,110.96,50528
2026-07-14T16:45:00+00:00,110.96,111.11,110.79,111.02,70103
2026-07-14T16:50:00+00:00,111.005,111.59,111.005,111.375,82489
2026-07-14T16:55:00+00:00,111.38,111.88,111.21,111.8,253660
2026-07-14T17:00:00+00:00,111.77,111.85,111.4,111.54,76773
2026-07-14T17:05:00+00:00,111.57,111.6,111.415,111.5,54074
2026-07-14T17:10:00+00:00,111.48,112.075,111.349,111.88,160662
2026-07-14T17:15:00+00:00,111.87,112.08,111.71,112.02,103460
2026-07-14T17:20:00+00:00,112.02,112.49,111.98,112.45,141241
2026-07-14T17:25:00+00:00,112.445,112.77,112.38,112.7,141283
2026-07-14T17:30:00+00:00,112.73,113.19,112.7,112.86,231143
2026-07-14T17:35:00+00:00,112.89,113.08,112.83,112.95,108531
2026-07-14T17:40:00+00:00,112.93,113.01,112.75,112.88,94525
2026-07-14T17:45:00+00:00,112.87,113.015,112.74,112.805,120052
2026-07-14T17:50:00+00:00,112.8,112.835,112.55,112.72,97351
2026-07-14T17:55:00+00:00,112.715,112.84,112.16,112.29,137759
2026-07-14T18:00:00+00:00,112.285,113.02,112.17,113.02,156760
2026-07-14T18:05:00+00:00,113.01,113.26,112.914,113.02,102454
2026-07-14T18:10:00+00:00,113.01,113.12,112.84,112.935,65353
2026-07-14T18:15:00+00:00,112.94,113.15,112.828,113.14,75925
2026-07-14T18:20:00+00:00,113.15,113.22,112.98,113.0,80753
2026-07-14T18:25:00+00:00,113.015,113.1,112.765,112.77,71184
2026-07-14T18:30:00+00:00,112.82,112.82,112.65,112.69,98032
2026-07-14T18:35:00+00:00,112.73,112.825,111.875,112.27,217581
2026-07-14T18:40:00+00:00,112.26,112.33,112.03,112.05,128913
2026-07-14T18:45:00+00:00,112.031,112.21,111.96,111.976,93372
2026-07-14T18:50:00+00:00,111.99,112.32,111.875,112.28,110308
2026-07-14T18:55:00+00:00,112.28,112.285,112.11,112.111,118464
2026-07-14T19:00:00+00:00,112.13,112.475,111.79,112.34,151103
2026-07-14T19:05:00+00:00,112.27,112.31,112.06,112.175,66699
2026-07-14T19:10:00+00:00,112.17,112.8,112.12,112.64,115445
2026-07-14T19:15:00+00:00,112.66,112.72,112.575,112.68,101883
2026-07-14T19:20:00+00:00,112.67,112.91,112.59,112.8,90631
2026-07-14T19:25:00+00:00,112.81,112.89,112.63,112.715,91060
2026-07-14T19:30:00+00:00,112.71,112.79,112.47,112.77,106563
2026-07-14T19:35:00+00:00,112.755,112.94,112.7,112.73,92637
2026-07-14T19:40:00+00:00,112.74,112.96,112.64,112.88,91880
2026-07-14T19:45:00+00:00,112.885,113.29,112.885,113.27,212374
2026-07-14T19:50:00+00:00,113.25,113.5,113.03,113.41,337364
2026-07-14T19:55:00+00:00,113.42,113.69,113.3,113.45,567746
