ts,o,h,l,c,v
2026-04-15T08:00:00+00:00,46.7,46.74,46.58,46.67,2997
2026-04-15T08:05:00+00:00,46.67,47.0,46.67,47.0,2338
2026-04-15T08:10:00+00:00,47.0,47.0,47.0,47.0,800
2026-04-15T08:15:00+00:00,47.0,47.0,46.9,46.91,781
2026-04-15T08:20:00+00:00,46.91,46.91,46.9,46.9,1228
2026-04-15T08:25:00+00:00,47.08,47.14,47.08,47.14,1927
2026-04-15T08:30:00+00:00,47.15,47.29,47.15,47.29,3695
2026-04-15T08:35:00+00:00,47.31,47.4,47.31,47.4,5044
2026-04-15T08:40:00+00:00,47.41,47.47,47.34,47.34,2441
2026-04-15T08:45:00+00:00,47.36,47.36,47.21,47.21,3396
2026-04-15T08:50:00+00:00,47.19,47.23,47.17,47.23,1414
2026-04-15T08:55:00+00:00,47.33,47.33,47.33,47.33,305
2026-04-15T09:00:00+00:00,47.33,47.33,47.08,47.08,1113
2026-04-15T09:05:00+00:00,47.08,47.15,47.08,47.15,1299
2026-04-15T09:10:00+00:00,47.17,47.18,46.86,46.86,5019
2026-04-15T09:15:00+00:00,46.86,47.0,46.85,47.0,1839
2026-04-15T09:20:00+00:00,47.0,47.01,46.99,46.99,1058
2026-04-15T09:25:00+00:00,46.99,46.99,46.85,46.85,433
2026-04-15T09:30:00+00:00,46.85,46.85,46.85,46.85,392
2026-04-15T09:35:00+00:00,46.91,46.91,46.81,46.81,1069
2026-04-15T09:40:00+00:00,46.8,46.8,46.69,46.69,2334
2026-04-15T09:45:00+00:00,46.6,46.69,46.41,46.41,7583
2026-04-15T09:50:00+00:00,46.47,46.49,46.37,46.49,6742
2026-04-15T09:55:00+00:00,46.54,46.59,46.48,46.48,2261
2026-04-15T10:00:00+00:00,46.52,46.58,46.48,46.48,2849
2026-04-15T10:05:00+00:00,46.48,46.75,46.48,46.73,21313
2026-04-15T10:10:00+00:00,46.73,46.73,46.73,46.73,584
2026-04-15T10:15:00+00:00,46.73,46.73,46.57,46.57,384
2026-04-15T10:20:00+00:00,46.57,46.57,46.37,46.4,11537
2026-04-15T10:25:00+00:00,46.4,46.41,46.3,46.3,2495
2026-04-15T10:30:00+00:00,46.3,46.34,46.29,46.29,3368
2026-04-15T10:35:00+00:00,46.29,46.29,46.21,46.27,981
2026-04-15T10:40:00+00:00,46.27,46.57,46.27,46.57,4844
2026-04-15T10:45:00+00:00,46.57,46.6,46.52,46.52,1812
2026-04-15T10:50:00+00:00,46.52,46.52,46.52,46.52,241
2026-04-15T10:55:00+00:00,46.52,46.6,46.52,46.6,314
2026-04-15T11:00:00+00:00,46.53,46.6,46.29,46.44,20668
2026-04-15T11:05:00+00:00,46.44,46.44,46.37,46.44,5800
2026-04-15T11:10:00+00:00,46.44,46.65,46.44,46.65,2686
2026-04-15T11:15:00+00:00,46.65,46.7,46.6,46.6,15406
2026-04-15T11:20:00+00:00,46.6,46.6,46.6,46.6,2934
2026-04-15T11:25:00+00:00,46.71,46.89,46.7,46.8,5921
2026-04-15T11:30:00+00:00,46.8,46.94,46.8,46.87,2637
2026-04-15T11:35:00+00:00,46.82,46.82,46.7,46.7,6777
2026-04-15T11:40:00+00:00,46.78,46.81,46.73,46.73,2248
2026-04-15T11:45:00+00:00,46.73,46.99,46.73,46.97,10195
2026-04-15T11:50:00+00:00,46.97,47.17,46.97,47.16,14256
2026-04-15T11:55:00+00:00,47.2,47.2,47.13,47.14,12299
2026-04-15T12:00:00+00:00,47.15,47.18,47.13,47.18,2523
2026-04-15T12:05:00+00:00,47.1,47.1,46.97,46.97,3043
2026-04-15T12:10:00+00:00,46.97,46.99,46.92,46.95,2145
2026-04-15T12:15:00+00:00,46.85,46.93,46.85,46.93,1998
2026-04-15T12:20:00+00:00,46.93,46.93,46.86,46.86,5486
2026-04-15T12:25:00+00:00,46.86,46.86,46.81,46.84,1246
2026-04-15T12:30:00+00:00,46.84,46.85,46.82,46.85,4058
2026-04-15T12:35:00+00:00,46.85,47.19,46.82,47.16,8786
2026-04-15T12:40:00+00:00,47.16,47.16,47.05,47.05,1562
2026-04-15T12:45:00+00:00,47.05,47.06,46.97,46.97,3800
2026-04-15T12:50:00+00:00,47.0,47.05,46.95,47.0,6587
2026-04-15T12:55:00+00:00,47.0,47.11,47.0,47.11,11636
2026-04-15T13:00:00+00:00,47.11,47.11,46.93,46.93,4445
2026-04-15T13:05:00+00:00,46.93,46.99,46.9,46.99,2725
2026-04-15T13:10:00+00:00,47.0,47.01,46.94,46.95,5624
2026-04-15T13:15:00+00:00,46.97,47.25,46.97,47.25,10918
2026-04-15T13:20:00+00:00,47.23,47.25,47.08,47.08,9670
2026-04-15T13:25:00+00:00,47.25,47.39,46.96,47.39,24081
2026-04-15T13:30:00+00:00,47.55,47.77,46.61,47.15,387708
2026-04-15T13:35:00+00:00,47.13,47.72,47.12,47.64,177702
2026-04-15T13:40:00+00:00,47.61,47.66,47.18,47.3,186589
2026-04-15T13:45:00+00:00,47.3,47.57,47.16,47.27,131292
2026-04-15T13:50:00+00:00,47.265,47.55,47.24,47.45,101996
2026-04-15T13:55:00+00:00,47.45,47.81,47.37,47.57,107383
2026-04-15T14:00:00+00:00,47.58,47.58,47.11,47.11,105918
2026-04-15T14:05:00+00:00,47.15,47.36,46.8,46.9,113833
2026-04-15T14:10:00+00:00,46.89,47.2,46.84,47.2,87992
2026-04-15T14:15:00+00:00,47.21,47.4,47.05,47.05,59770
2026-04-15T14:20:00+00:00,47.05,47.35,46.96,47.34,59433
2026-04-15T14:25:00+00:00,47.32,47.35,47.11,47.34,62173
2026-04-15T14:30:00+00:00,47.345,47.44,47.07,47.09,69165
2026-04-15T14:35:00+00:00,47.11,47.32,47.045,47.17,77988
2026-04-15T14:40:00+00:00,47.19,47.38,47.19,47.26,56218
2026-04-15T14:45:00+00:00,47.3,47.48,47.25,47.475,75538
2026-04-15T14:50:00+00:00,47.46,47.52,47.305,47.465,48768
2026-04-15T14:55:00+00:00,47.46,47.6,47.37,47.39,61340
2026-04-15T15:00:00+00:00,47.4,47.7,47.37,47.59,83080
2026-04-15T15:05:00+00:00,47.57,47.63,47.33,47.425,60586
2026-04-15T15:10:00+00:00,47.42,47.6,47.4,47.58,54611
2026-04-15T15:15:00+00:00,47.59,47.63,47.31,47.31,52728
2026-04-15T15:20:00+00:00,47.32,47.37,47.05,47.14,63718
2026-04-15T15:25:00+00:00,47.13,47.17,46.93,46.93,56136
2026-04-15T15:30:00+00:00,46.92,46.92,46.57,46.61,103220
2026-04-15T15:35:00+00:00,46.6,46.95,46.59,46.94,75345
2026-04-15T15:40:00+00:00,46.95,47.12,46.87,46.99,50105
2026-04-15T15:45:00+00:00,46.94,47.07,46.88,46.88,55448
2026-04-15T15:50:00+00:00,46.87,46.89,46.73,46.78,50759
2026-04-15T15:55:00+00:00,46.79,46.94,46.7,46.93,33817
2026-04-15T16:00:00+00:00,46.91,47.24,46.89,47.23,32051
2026-04-15T16:05:00+00:00,47.22,47.29,47.12,47.21,50612
2026-04-15T16:10:00+00:00,47.21,47.24,47.13,47.24,28382
2026-04-15T16:15:00+00:00,47.24,47.33,47.22,47.22,44424
2026-04-15T16:20:00+00:00,47.23,47.34,47.14,47.17,48732
2026-04-15T16:25:00+00:00,47.15,47.15,46.93,46.93,41306
2026-04-15T16:30:00+00:00,46.93,46.93,46.75,46.81,55642
2026-04-15T16:35:00+00:00,46.86,47.02,46.835,47.0,42388
2026-04-15T16:40:00+00:00,46.99,47.0,46.77,46.775,50518
2026-04-15T16:45:00+00:00,46.81,46.865,46.31,46.56,117499
2026-04-15T16:50:00+00:00,46.57,46.77,46.3,46.46,106702
2026-04-15T16:55:00+00:00,46.49,46.6,46.24,46.51,81504
2026-04-15T17:00:00+00:00,46.51,46.7,46.5,46.61,38813
2026-04-15T17:05:00+00:00,46.61,46.735,46.57,46.61,70868
2026-04-15T17:10:00+00:00,46.675,46.675,46.37,46.42,71996
2026-04-15T17:15:00+00:00,46.42,46.46,46.25,46.25,53517
2026-04-15T17:20:00+00:00,46.26,46.43,46.25,46.41,33946
2026-04-15T17:25:00+00:00,46.43,46.75,46.42,46.69,43445
2026-04-15T17:30:00+00:00,46.72,46.905,46.72,46.87,60503
2026-04-15T17:35:00+00:00,46.85,46.92,46.79,46.82,49167
2026-04-15T17:40:00+00:00,46.81,46.82,46.57,46.62,32221
2026-04-15T17:45:00+00:00,46.62,46.79,46.58,46.76,34202
2026-04-15T17:50:00+00:00,46.78,46.87,46.59,46.59,40370
2026-04-15T17:55:00+00:00,46.6,46.68,46.35,46.42,59794
2026-04-15T18:00:00+00:00,46.44,46.77,46.29,46.675,90466
2026-04-15T18:05:00+00:00,46.68,46.85,46.68,46.8,36386
2026-04-15T18:10:00+00:00,46.81,47.04,46.76,46.93,58935
2026-04-15T18:15:00+00:00,46.92,47.02,46.865,46.97,33406
2026-04-15T18:20:00+00:00,46.97,46.975,46.82,46.83,25777
2026-04-15T18:25:00+00:00,46.83,46.85,46.76,46.815,36061
2026-04-15T18:30:00+00:00,46.85,47.06,46.85,47.0,39535
2026-04-15T18:35:00+00:00,47.0,47.08,46.97,47.02,30524
2026-04-15T18:40:00+00:00,47.03,47.12,46.93,47.04,35500
2026-04-15T18:45:00+00:00,47.03,47.22,47.02,47.21,36777
2026-04-15T18:50:00+00:00,47.22,47.36,47.19,47.31,69107
2026-04-15T18:55:00+00:00,47.31,47.37,47.25,47.25,26940
2026-04-15T19:00:00+00:00,47.26,47.33,47.18,47.28,31851
2026-04-15T19:05:00+00:00,47.3,47.49,47.29,47.49,47730
2026-04-15T19:10:00+00:00,47.495,47.645,47.34,47.38,80320
2026-04-15T19:15:00+00:00,47.35,47.4,47.26,47.38,45264
2026-04-15T19:20:00+00:00,47.38,47.445,47.32,47.44,35215
2026-04-15T19:25:00+00:00,47.445,47.61,47.35,47.6,69690
2026-04-15T19:30:00+00:00,47.59,48.055,47.57,47.9,144810
2026-04-15T19:35:00+00:00,47.92,48.28,47.875,48.22,126806
2026-04-15T19:40:00+00:00,48.21,48.41,48.12,48.36,113742
2026-04-15T19:45:00+00:00,48.35,48.495,48.28,48.495,98263
2026-04-15T19:50:00+00:00,48.5,48.79,48.5,48.65,197870
2026-04-15T19:55:00+00:00,48.65,48.86,48.58,48.83,584399
2026-04-15T20:00:00+00:00,48.8,48.87,48.73,48.75,9087
2026-04-15T20:05:00+00:00,48.76,48.99,48.76,48.9,33681
2026-04-15T20:10:00+00:00,48.86,48.96,48.86,48.91,2123
2026-04-15T20:15:00+00:00,48.901,48.97,48.8,48.8,4503
2026-04-15T20:20:00+00:00,48.75,48.83,48.59,48.6,7393
2026-04-15T20:25:00+00:00,48.66,48.66,48.55,48.59,4703
2026-04-15T20:30:00+00:00,48.59,48.62,48.55,48.61,1664
2026-04-15T20:35:00+00:00,48.65,48.76,48.65,48.72,7479
2026-04-15T20:40:00+00:00,48.72,48.72,48.7,48.7,2410
2026-04-15T20:45:00+00:00,48.7,48.7,48.67,48.67,1349
2026-04-15T20:50:00+00:00,48.67,48.67,48.61,48.61,1456
2026-04-15T20:55:00+00:00,48.6,48.66,48.59,48.66,1955
2026-04-15T21:00:00+00:00,48.69,48.69,48.69,48.69,578
2026-04-15T21:05:00+00:00,48.69,48.69,48.69,48.69,2
2026-04-15T21:10:00+00:00,48.58,48.58,48.57,48.57,666
2026-04-15T21:15:00+00:00,48.57,48.57,48.55,48.55,1162
2026-04-15T21:20:00+00:00,48.55,48.55,48.4,48.4,758
2026-04-15T21:25:00+00:00,48.4,48.4,48.4,48.4,329
2026-04-15T21:30:00+00:00,48.47,48.47,48.4,48.4,720
2026-04-15T21:35:00+00:00,48.34,48.37,48.34,48.37,1550
2026-04-15T21:40:00+00:00,48.37,48.4,48.37,48.4,1264
2026-04-15T21:45:00+00:00,48.4,48.4,48.4,48.4,1237
2026-04-15T21:50:00+00:00,48.46,48.46,48.46,48.46,212
2026-04-15T21:55:00+00:00,48.5,48.5,48.5,48.5,160
2026-04-15T22:00:00+00:00,48.5,48.5,48.32,48.35,1064
2026-04-15T22:05:00+00:00,48.35,48.48,48.35,48.42,453
2026-04-15T22:10:00+00:00,48.42,48.62,48.42,48.62,1020
2026-04-15T22:15:00+00:00,48.62,48.7,48.59,48.68,2379
2026-04-15T22:20:00+00:00,48.68,48.68,48.59,48.59,470
2026-04-15T22:25:00+00:00,48.59,48.59,48.53,48.53,549
2026-04-15T22:30:00+00:00,48.69,48.69,48.61,48.65,1207
2026-04-15T22:35:00+00:00,48.65,48.81,48.65,48.81,2438
2026-04-15T22:40:00+00:00,48.81,48.81,48.76,48.76,856
2026-04-15T22:45:00+00:00,48.76,48.76,48.74,48.74,431
2026-04-15T22:50:00+00:00,48.74,48.76,48.74,48.76,1016
2026-04-15T22:55:00+00:00,48.76,48.76,48.75,48.75,559
2026-04-15T23:00:00+00:00,48.7,48.7,48.7,48.7,220
2026-04-15T23:05:00+00:00,48.7,48.74,48.7,48.73,517
2026-04-15T23:10:00+00:00,48.65,48.65,48.64,48.64,334
2026-04-15T23:15:00+00:00,48.64,48.71,48.64,48.71,2186
2026-04-15T23:20:00+00:00,48.71,48.71,48.71,48.71,7
2026-04-15T23:25:00+00:00,48.71,48.71,48.6,48.6,496
2026-04-15T23:30:00+00:00,48.6,48.65,48.6,48.65,1674
2026-04-15T23:35:00+00:00,48.6,48.6,48.52,48.52,1291
2026-04-15T23:40:00+00:00,48.52,48.52,48.52,48.52,169
2026-04-15T23:45:00+00:00,48.52,48.52,48.52,48.52,2
2026-04-15T23:50:00+00:00,48.65,48.67,48.65,48.67,1201
2026-04-15T23:55:00+00:00,48.67,48.67,48.67,48.67,100
2026-04-16T08:00:00+00:00,49.695,49.695,49.59,49.66,5898
2026-04-16T08:05:00+00:00,49.61,49.75,49.59,49.75,4838
2026-04-16T08:10:00+00:00,49.75,49.8,49.73,49.73,2983
2026-04-16T08:15:00+00:00,49.76,49.84,49.76,49.84,5351
2026-04-16T08:20:00+00:00,49.87,49.92,49.82,49.85,6658
2026-04-16T08:25:00+00:00,49.79,49.79,49.65,49.65,2646
2026-04-16T08:30:00+00:00,49.65,49.7,49.65,49.7,1108
2026-04-16T08:35:00+00:00,49.7,49.81,49.6,49.81,3804
2026-04-16T08:40:00+00:00,49.79,49.85,49.77,49.85,2199
2026-04-16T08:45:00+00:00,49.88,49.89,49.88,49.89,1541
2026-04-16T08:50:00+00:00,49.89,49.89,49.8,49.88,1698
2026-04-16T08:55:00+00:00,49.8,49.84,49.8,49.82,1954
2026-04-16T09:00:00+00:00,49.82,49.86,49.82,49.86,1936
2026-04-16T09:05:00+00:00,49.82,49.86,49.82,49.86,1293
2026-04-16T09:10:00+00:00,49.86,49.86,49.82,49.82,1168
2026-04-16T09:15:00+00:00,49.82,49.87,49.82,49.87,409
2026-04-16T09:20:00+00:00,49.87,49.87,49.84,49.84,1234
2026-04-16T09:25:00+00:00,49.82,49.85,49.82,49.85,820
2026-04-16T09:30:00+00:00,49.87,49.87,49.8,49.8,2152
2026-04-16T09:35:00+00:00,49.8,49.8,49.79,49.79,1049
2026-04-16T09:40:00+00:00,49.79,49.79,49.79,49.79,314
2026-04-16T09:45:00+00:00,49.79,49.84,49.79,49.83,844
2026-04-16T09:50:00+00:00,49.83,49.83,49.83,49.83,395
2026-04-16T09:55:00+00:00,49.83,49.86,49.81,49.86,1874
2026-04-16T10:00:00+00:00,49.86,49.88,49.86,49.88,894
2026-04-16T10:05:00+00:00,49.88,49.91,49.88,49.89,970
2026-04-16T10:10:00+00:00,49.89,50.16,49.89,50.07,23991
2026-04-16T10:15:00+00:00,50.07,50.07,49.92,49.92,2829
2026-04-16T10:20:00+00:00,49.9,49.93,49.8,49.84,4048
2026-04-16T10:25:00+00:00,49.83,49.88,49.83,49.84,12642
2026-04-16T10:30:00+00:00,49.76,49.77,49.6,49.6,9495
2026-04-16T10:35:00+00:00,49.51,49.52,49.31,49.41,38113
2026-04-16T10:40:00+00:00,49.47,49.55,49.33,49.33,7527
2026-04-16T10:45:00+00:00,49.33,49.34,48.86,49.1,11812
2026-04-16T10:50:00+00:00,49.15,49.34,49.1,49.31,2419
2026-04-16T10:55:00+00:00,49.37,49.45,49.2,49.38,20527
2026-04-16T11:00:00+00:00,49.34,49.51,49.29,49.51,17456
2026-04-16T11:05:00+00:00,49.64,49.64,49.5,49.5,8659
2026-04-16T11:10:00+00:00,49.5,49.55,49.5,49.5,2164
2026-04-16T11:15:00+00:00,49.44,49.49,49.31,49.31,4754
2026-04-16T11:20:00+00:00,49.31,49.33,49.31,49.32,2444
2026-04-16T11:25:00+00:00,49.32,49.47,49.32,49.47,1920
2026-04-16T11:30:00+00:00,49.48,49.569,49.48,49.569,4402
2026-04-16T11:35:00+00:00,49.569,49.68,49.569,49.67,3434
2026-04-16T11:40:00+00:00,49.67,49.74,49.58,49.74,14287
2026-04-16T11:45:00+00:00,49.74,49.8,49.74,49.8,2493
2026-04-16T11:50:00+00:00,49.84,49.84,49.77,49.77,3297
2026-04-16T11:55:00+00:00,49.77,49.77,49.7,49.71,2006
2026-04-16T12:00:00+00:00,49.7,49.97,49.7,49.81,15192
2026-04-16T12:05:00+00:00,49.81,49.92,49.724,49.724,4212
2026-04-16T12:10:00+00:00,49.76,49.77,49.7,49.7,4871
2026-04-16T12:15:00+00:00,49.7,49.7,49.57,49.57,6666
2026-04-16T12:20:00+00:00,49.58,49.61,49.48,49.59,12584
2026-04-16T12:25:00+00:00,49.59,49.59,49.5,49.54,4309
2026-04-16T12:30:00+00:00,49.5,49.59,49.44,49.52,7733
2026-04-16T12:35:00+00:00,49.51,49.52,49.43,49.43,4998
2026-04-16T12:40:00+00:00,49.41,49.41,49.35,49.35,2850
2026-04-16T12:45:00+00:00,49.35,49.35,49.27,49.33,4542
2026-04-16T12:50:00+00:00,49.33,49.35,49.27,49.28,3310
2026-04-16T12:55:00+00:00,49.25,49.25,49.11,49.24,4099
2026-04-16T13:00:00+00:00,49.21,49.21,49.13,49.17,8439
2026-04-16T13:05:00+00:00,49.1,49.42,49.1,49.42,2645
2026-04-16T13:10:00+00:00,49.41,49.42,49.36,49.36,2743
2026-04-16T13:15:00+00:00,49.35,49.449,49.35,49.44,3599
2026-04-16T13:20:00+00:00,49.44,49.45,49.33,49.39,3301
2026-04-16T13:25:00+00:00,49.5,49.7,49.4,49.67,16739
2026-04-16T13:30:00+00:00,49.695,49.79,47.27,47.72,634331
2026-04-16T13:35:00+00:00,47.8,47.8,46.76,46.8,248025
2026-04-16T13:40:00+00:00,46.81,47.69,46.81,47.69,178010
2026-04-16T13:45:00+00:00,47.7,47.85,47.35,47.55,104854
2026-04-16T13:50:00+00:00,47.53,47.55,46.35,46.36,181367
2026-04-16T13:55:00+00:00,46.33,46.5,46.06,46.495,205655
2026-04-16T14:00:00+00:00,46.5,46.57,46.23,46.48,105358
2026-04-16T14:05:00+00:00,46.48,46.76,46.43,46.55,145073
2026-04-16T14:10:00+00:00,46.545,46.63,46.42,46.49,92736
2026-04-16T14:15:00+00:00,46.49,46.51,45.78,45.79,240305
2026-04-16T14:20:00+00:00,45.79,45.85,45.55,45.58,156778
2026-04-16T14:25:00+00:00,45.58,45.77,45.465,45.67,162031
2026-04-16T14:30:00+00:00,45.66,45.68,45.33,45.5,145897
2026-04-16T14:35:00+00:00,45.49,45.53,45.07,45.13,151165
2026-04-16T14:40:00+00:00,45.11,45.47,45.11,45.45,113261
2026-04-16T14:45:00+00:00,45.45,45.62,45.29,45.54,109179
2026-04-16T14:50:00+00:00,45.55,45.77,45.43,45.63,123706
2026-04-16T14:55:00+00:00,45.63,45.63,45.35,45.55,96681
2026-04-16T15:00:00+00:00,45.53,45.86,45.49,45.77,109358
2026-04-16T15:05:00+00:00,45.76,46.02,45.65,46.02,106328
2026-04-16T15:10:00+00:00,46.02,46.35,46.02,46.27,120411
2026-04-16T15:15:00+00:00,46.27,46.6,46.26,46.5,181141
2026-04-16T15:20:00+00:00,46.49,46.79,46.48,46.74,98418
2026-04-16T15:25:00+00:00,46.74,46.97,46.5,46.5,113185
2026-04-16T15:30:00+00:00,46.5,46.77,46.495,46.73,64657
2026-04-16T15:35:00+00:00,46.74,47.095,46.74,47.04,141410
2026-04-16T15:40:00+00:00,47.01,47.02,46.79,46.875,81778
2026-04-16T15:45:00+00:00,46.87,46.95,46.8,46.84,67129
2026-04-16T15:50:00+00:00,46.86,47.12,46.76,47.07,65829
2026-04-16T15:55:00+00:00,47.07,47.3,47.07,47.295,56722
2026-04-16T16:00:00+00:00,47.28,47.42,47.23,47.34,60860
2026-04-16T16:05:00+00:00,47.36,47.38,47.07,47.13,60788
2026-04-16T16:10:00+00:00,47.14,47.28,47.1,47.26,46633
2026-04-16T16:15:00+00:00,47.26,47.42,47.26,47.31,61708
2026-04-16T16:20:00+00:00,47.32,47.33,46.92,46.97,57420
2026-04-16T16:25:00+00:00,46.94,46.94,46.75,46.78,59309
2026-04-16T16:30:00+00:00,46.79,46.88,46.28,46.38,90454
2026-04-16T16:35:00+00:00,46.34,46.53,46.25,46.51,64987
2026-04-16T16:40:00+00:00,46.53,46.61,46.405,46.43,36013
2026-04-16T16:45:00+00:00,46.4,46.51,46.325,46.42,43545
2026-04-16T16:50:00+00:00,46.42,46.65,46.42,46.45,44964
2026-04-16T16:55:00+00:00,46.46,46.595,46.45,46.49,31149
2026-04-16T17:00:00+00:00,46.5,46.57,46.3,46.37,43409
2026-04-16T17:05:00+00:00,46.38,46.53,46.38,46.53,29339
2026-04-16T17:10:00+00:00,46.55,46.66,46.39,46.39,50696
2026-04-16T17:15:00+00:00,46.38,46.44,46.29,46.34,36980
2026-04-16T17:20:00+00:00,46.35,46.62,46.3,46.62,33656
2026-04-16T17:25:00+00:00,46.63,46.74,46.57,46.63,33765
2026-04-16T17:30:00+00:00,46.62,46.78,46.59,46.75,32989
2026-04-16T17:35:00+00:00,46.72,46.81,46.62,46.76,27227
2026-04-16T17:40:00+00:00,46.76,46.96,46.76,46.93,31993
2026-04-16T17:45:00+00:00,46.92,47.15,46.81,47.12,61294
2026-04-16T17:50:00+00:00,47.09,47.145,46.91,46.95,32079
2026-04-16T17:55:00+00:00,46.97,46.97,46.4,46.59,61686
2026-04-16T18:00:00+00:00,46.6,46.81,46.59,46.67,53286
2026-04-16T18:05:00+00:00,46.71,46.78,46.54,46.58,31031
2026-04-16T18:10:00+00:00,46.6,46.88,46.52,46.88,40196
2026-04-16T18:15:00+00:00,46.88,47.07,46.81,47.02,37811
2026-04-16T18:20:00+00:00,47.0,47.04,46.735,46.75,32048
2026-04-16T18:25:00+00:00,46.77,46.855,46.66,46.83,31333
2026-04-16T18:30:00+00:00,46.84,47.14,46.84,47.11,53247
2026-04-16T18:35:00+00:00,47.11,47.13,47.02,47.07,33050
2026-04-16T18:40:00+00:00,47.07,47.11,47.03,47.06,29310
2026-04-16T18:45:00+00:00,47.05,47.14,47.05,47.08,32737
2026-04-16T18:50:00+00:00,47.06,47.38,47.0,47.33,66148
2026-04-16T18:55:00+00:00,47.32,47.47,47.27,47.47,40614
2026-04-16T19:00:00+00:00,47.48,47.48,47.37,47.45,50987
2026-04-16T19:05:00+00:00,47.45,47.555,47.34,47.42,58003
2026-04-16T19:10:00+00:00,47.46,47.485,47.345,47.4,42257
2026-04-16T19:15:00+00:00,47.4,47.53,47.4,47.49,25513
2026-04-16T19:20:00+00:00,47.48,47.62,47.4,47.57,55759
2026-04-16T19:25:00+00:00,47.57,47.71,47.54,47.68,41572
2026-04-16T19:30:00+00:00,47.68,47.89,47.63,47.81,64190
2026-04-16T19:35:00+00:00,47.81,47.83,47.68,47.69,59731
2026-04-16T19:40:00+00:00,47.7,47.82,47.61,47.72,80665
2026-04-16T19:45:00+00:00,47.74,47.74,47.57,47.59,78264
2026-04-16T19:50:00+00:00,47.6,47.69,47.37,47.69,158494
2026-04-16T19:55:00+00:00,47.695,47.815,47.63,47.68,399769
2026-04-16T20:00:00+00:00,49.695,49.695,47.6,47.61,59911
2026-04-16T20:05:00+00:00,47.53,47.54,47.4,47.4,7699
2026-04-16T20:10:00+00:00,47.4,47.46,47.4,47.44,4759
2026-04-16T20:15:00+00:00,47.4,47.42,47.23,47.281,4456
2026-04-16T20:20:00+00:00,47.246,47.27,47.246,47.27,536
2026-04-16T20:25:00+00:00,47.27,47.53,47.27,47.529,2049
2026-04-16T20:30:00+00:00,47.53,47.53,47.52,47.52,1215
2026-04-16T20:35:00+00:00,47.46,47.55,47.46,47.55,857
2026-04-16T20:40:00+00:00,47.52,47.58,47.52,47.58,1651
2026-04-16T20:45:00+00:00,47.58,47.58,47.56,47.56,325
2026-04-16T20:50:00+00:00,47.56,47.56,47.56,47.56,51
2026-04-16T20:55:00+00:00,47.56,47.56,47.56,47.56,88
2026-04-16T21:00:00+00:00,47.54,47.54,47.54,47.54,463
2026-04-16T21:05:00+00:00,47.54,47.54,47.54,47.54,116
2026-04-16T21:10:00+00:00,47.43,47.43,47.43,47.43,162
2026-04-16T21:15:00+00:00,47.43,47.43,47.43,47.43,70
2026-04-16T21:20:00+00:00,47.43,47.43,47.43,47.43,94
2026-04-16T21:25:00+00:00,47.45,47.45,47.45,47.45,266
2026-04-16T21:30:00+00:00,47.45,47.45,47.29,47.36,3961
2026-04-16T21:35:00+00:00,47.31,47.31,47.31,47.31,450
2026-04-16T21:40:00+00:00,47.31,47.34,47.31,47.32,1900
2026-04-16T21:45:00+00:00,47.32,47.32,47.28,47.28,732
2026-04-16T21:50:00+00:00,47.28,47.28,47.25,47.25,777
2026-04-16T21:55:00+00:00,47.25,47.25,47.19,47.19,867
2026-04-16T22:00:00+00:00,47.21,47.26,47.21,47.23,2546
2026-04-16T22:05:00+00:00,47.3,47.3,47.3,47.3,335
2026-04-16T22:10:00+00:00,47.23,47.339,47.23,47.339,3151
2026-04-16T22:15:00+00:00,47.37,47.39,47.16,47.17,6182
2026-04-16T22:20:00+00:00,47.17,47.17,47.04,47.13,2291
2026-04-16T22:25:00+00:00,47.17,47.17,47.03,47.03,2073
2026-04-16T22:30:00+00:00,47.0,47.17,46.99,47.17,5218
2026-04-16T22:35:00+00:00,47.15,47.2,47.15,47.2,1115
2026-04-16T22:40:00+00:00,47.2,47.2,46.93,46.93,1754
2026-04-16T22:45:00+00:00,46.93,46.95,46.91,46.91,1520
2026-04-16T22:50:00+00:00,46.94,46.97,46.77,46.92,6183
2026-04-16T22:55:00+00:00,46.92,46.97,46.89,46.97,628
2026-04-16T23:00:00+00:00,46.96,47.0,46.96,47.0,2258
2026-04-16T23:05:00+00:00,47.0,47.0,46.92,46.99,465
2026-04-16T23:10:00+00:00,46.98,46.98,46.98,46.98,254
2026-04-16T23:15:00+00:00,46.98,46.98,46.98,46.98,61
2026-04-16T23:20:00+00:00,46.98,46.98,46.98,46.98,58
2026-04-16T23:25:00+00:00,46.98,47.15,46.98,47.15,5349
2026-04-16T23:30:00+00:00,47.14,47.14,47.07,47.07,544
2026-04-16T23:35:00+00:00,47.08,47.08,47.05,47.06,1521
2026-04-16T23:40:00+00:00,47.06,47.06,47.05,47.05,419
2026-04-16T23:45:00+00:00,47.05,47.05,47.05,47.05,122
2026-04-16T23:50:00+00:00,47.08,47.08,47.02,47.07,1550
2026-04-16T23:55:00+00:00,47.07,47.14,47.07,47.14,791
2026-04-17T08:00:00+00:00,48.98,48.98,47.21,47.23,1650
2026-04-17T08:05:00+00:00,47.19,47.28,47.17,47.28,741
2026-04-17T08:10:00+00:00,47.28,47.36,47.28,47.36,482
2026-04-17T08:15:00+00:00,47.36,47.36,47.36,47.36,573
2026-04-17T08:20:00+00:00,47.42,47.49,47.42,47.49,651
2026-04-17T08:25:00+00:00,47.49,47.53,47.49,47.5,576
2026-04-17T08:30:00+00:00,47.5,47.53,47.5,47.53,752
2026-04-17T08:35:00+00:00,47.67,47.67,47.6,47.6,657
2026-04-17T08:40:00+00:00,47.57,47.69,47.57,47.69,1709
2026-04-17T08:45:00+00:00,47.75,47.8,47.63,47.8,4580
2026-04-17T08:50:00+00:00,47.85,47.93,47.85,47.88,12197
2026-04-17T08:55:00+00:00,47.94,48.19,47.94,48.17,15540
2026-04-17T09:00:00+00:00,48.12,48.14,47.99,47.99,6224
2026-04-17T09:05:00+00:00,47.98,47.98,47.98,47.98,648
2026-04-17T09:10:00+00:00,47.95,47.95,47.81,47.81,1811
2026-04-17T09:15:00+00:00,47.81,47.81,47.81,47.81,348
2026-04-17T09:20:00+00:00,47.81,47.97,47.81,47.97,2383
2026-04-17T09:25:00+00:00,47.97,48.04,47.97,48.04,1866
2026-04-17T09:30:00+00:00,48.18,48.2,48.09,48.09,4698
2026-04-17T09:35:00+00:00,47.99,47.99,47.91,47.95,2603
2026-04-17T09:40:00+00:00,47.95,47.95,47.95,47.95,146
2026-04-17T09:45:00+00:00,47.9,47.9,47.9,47.9,331
2026-04-17T09:50:00+00:00,47.85,47.85,47.8,47.82,2729
2026-04-17T09:55:00+00:00,47.84,47.84,47.8,47.8,691
2026-04-17T10:00:00+00:00,47.8,47.8,47.8,47.8,1359
2026-04-17T10:05:00+00:00,47.8,47.86,47.8,47.86,346
2026-04-17T10:10:00+00:00,47.86,47.86,47.86,47.86,56
2026-04-17T10:15:00+00:00,47.86,47.86,47.84,47.85,2282
2026-04-17T10:20:00+00:00,47.87,47.91,47.85,47.85,2596
2026-04-17T10:25:00+00:00,47.85,47.85,47.85,47.85,6
2026-04-17T10:30:00+00:00,47.79,48.03,47.79,48.02,4186
2026-04-17T10:35:00+00:00,47.95,47.99,47.95,47.99,2104
2026-04-17T10:40:00+00:00,47.87,47.87,47.87,47.87,775
2026-04-17T10:45:00+00:00,47.87,47.87,47.74,47.74,487
2026-04-17T10:50:00+00:00,47.74,47.74,47.74,47.74,275
2026-04-17T10:55:00+00:00,47.74,47.76,47.74,47.75,1371
2026-04-17T11:00:00+00:00,47.7,47.82,47.7,47.75,1705
2026-04-17T11:05:00+00:00,47.7,47.7,47.69,47.69,1985
2026-04-17T11:10:00+00:00,47.69,47.7,47.69,47.7,1220
2026-04-17T11:15:00+00:00,47.75,47.76,47.73,47.75,2040
2026-04-17T11:20:00+00:00,47.78,47.85,47.78,47.85,2385
2026-04-17T11:25:00+00:00,47.85,47.85,47.76,47.76,932
2026-04-17T11:30:00+00:00,47.83,47.83,47.83,47.83,1348
2026-04-17T11:35:00+00:00,47.83,47.97,47.83,47.97,1383
2026-04-17T11:40:00+00:00,47.97,47.97,47.89,47.89,2175
2026-04-17T11:45:00+00:00,47.87,47.97,47.87,47.96,3650
2026-04-17T11:50:00+00:00,47.96,48.0,47.96,48.0,4154
2026-04-17T11:55:00+00:00,48.1,48.21,48.1,48.12,8628
2026-04-17T12:00:00+00:00,48.12,48.15,48.1,48.15,5178
2026-04-17T12:05:00+00:00,48.219,48.3,48.219,48.3,2584
2026-04-17T12:10:00+00:00,48.26,48.26,48.12,48.23,2306
2026-04-17T12:15:00+00:00,48.23,48.23,48.23,48.23,546
2026-04-17T12:20:00+00:00,48.17,48.17,48.06,48.09,9610
2026-04-17T12:25:00+00:00,48.11,48.26,48.11,48.16,6510
2026-04-17T12:30:00+00:00,48.26,48.33,48.26,48.31,4582
2026-04-17T12:35:00+00:00,48.33,48.37,48.19,48.21,3321
2026-04-17T12:40:00+00:00,48.22,48.25,48.22,48.25,767
2026-04-17T12:45:00+00:00,48.21,48.8,48.21,48.8,15720
2026-04-17T12:50:00+00:00,48.79,48.92,48.65,48.88,11810
2026-04-17T12:55:00+00:00,48.87,49.0,48.79,48.89,29309
2026-04-17T13:00:00+00:00,48.89,48.9,48.74,48.9,14384
2026-04-17T13:05:00+00:00,48.95,49.24,48.9,49.2,20068
2026-04-17T13:10:00+00:00,49.2,49.37,49.19,49.34,20666
2026-04-17T13:15:00+00:00,49.3,49.3,49.15,49.15,13582
2026-04-17T13:20:00+00:00,49.13,49.2,48.9,49.0,8846
2026-04-17T13:25:00+00:00,48.95,49.03,48.65,48.98,46969
2026-04-17T13:30:00+00:00,48.98,49.52,48.08,48.38,452042
2026-04-17T13:35:00+00:00,48.35,48.55,47.61,47.67,193922
2026-04-17T13:40:00+00:00,47.65,47.92,47.47,47.69,192814
2026-04-17T13:45:00+00:00,47.7,48.03,47.49,47.63,180474
2026-04-17T13:50:00+00:00,47.65,48.07,47.56,47.77,115563
2026-04-17T13:55:00+00:00,47.79,47.81,47.55,47.76,112900
2026-04-17T14:00:00+00:00,47.785,48.04,47.75,47.825,92337
2026-04-17T14:05:00+00:00,47.84,47.87,47.61,47.67,117310
2026-04-17T14:10:00+00:00,47.69,47.96,47.65,47.85,80651
2026-04-17T14:15:00+00:00,47.86,48.07,47.83,47.92,67751
2026-04-17T14:20:00+00:00,47.85,47.86,47.18,47.26,273721
2026-04-17T14:25:00+00:00,47.24,47.62,47.24,47.52,62914
2026-04-17T14:30:00+00:00,47.54,48.03,47.54,48.0,112305
2026-04-17T14:35:00+00:00,48.0,48.115,47.79,48.05,98331
2026-04-17T14:40:00+00:00,48.04,48.05,47.8,47.9,77800
2026-04-17T14:45:00+00:00,47.88,47.95,47.8,47.88,77704
2026-04-17T14:50:00+00:00,47.87,48.01,47.76,48.0,73301
2026-04-17T14:55:00+00:00,47.98,48.06,47.77,47.86,109557
2026-04-17T15:00:00+00:00,47.85,47.91,47.745,47.81,91631
2026-04-17T15:05:00+00:00,47.8,47.95,47.74,47.95,98060
2026-04-17T15:10:00+00:00,47.95,48.03,47.5,47.56,149840
2026-04-17T15:15:00+00:00,47.58,47.68,47.34,47.37,81055
2026-04-17T15:20:00+00:00,47.36,47.78,47.26,47.765,79189
2026-04-17T15:25:00+00:00,47.75,48.08,47.65,47.92,124498
2026-04-17T15:30:00+00:00,47.92,48.22,47.91,48.2,126795
2026-04-17T15:35:00+00:00,48.2,48.385,48.16,48.27,92177
2026-04-17T15:40:00+00:00,48.26,48.26,47.78,47.85,67615
2026-04-17T15:45:00+00:00,47.85,48.1,47.85,48.06,77235
2026-04-17T15:50:00+00:00,48.055,48.28,48.02,48.17,60971
2026-04-17T15:55:00+00:00,48.17,48.38,48.17,48.18,56623
2026-04-17T16:00:00+00:00,48.16,48.38,47.95,48.31,61486
2026-04-17T16:05:00+00:00,48.32,48.57,48.31,48.39,122108
2026-04-17T16:10:00+00:00,48.38,48.57,48.33,48.52,49705
2026-04-17T16:15:00+00:00,48.5,48.59,48.32,48.36,87013
2026-04-17T16:20:00+00:00,48.39,48.39,48.13,48.27,94083
2026-04-17T16:25:00+00:00,48.26,48.47,48.26,48.41,44818
2026-04-17T16:30:00+00:00,48.4,48.56,48.365,48.43,65232
2026-04-17T16:35:00+00:00,48.41,48.42,48.13,48.14,55714
2026-04-17T16:40:00+00:00,48.15,48.24,48.0,48.1,37412
2026-04-17T16:45:00+00:00,48.09,48.22,48.09,48.17,53359
2026-04-17T16:50:00+00:00,48.17,48.19,47.95,47.98,31948
2026-04-17T16:55:00+00:00,48.0,48.0,47.81,47.94,30994
2026-04-17T17:00:00+00:00,47.94,48.12,47.9,48.05,47307
2026-04-17T17:05:00+00:00,48.02,48.05,47.56,47.65,76344
2026-04-17T17:10:00+00:00,47.66,47.72,47.46,47.65,54235
2026-04-17T17:15:00+00:00,47.66,47.81,47.64,47.78,40339
2026-04-17T17:20:00+00:00,47.75,47.79,47.4,47.5,90807
2026-04-17T17:25:00+00:00,47.515,47.56,47.31,47.51,67584
2026-04-17T17:30:00+00:00,47.54,47.79,47.51,47.69,40463
2026-04-17T17:35:00+00:00,47.67,47.98,47.67,47.9,32800
2026-04-17T17:40:00+00:00,47.93,47.985,47.815,47.935,32932
2026-04-17T17:45:00+00:00,47.93,48.2,47.93,48.11,48552
2026-04-17T17:50:00+00:00,48.1,48.21,48.06,48.07,53615
2026-04-17T17:55:00+00:00,48.08,48.11,47.86,47.9,33585
2026-04-17T18:00:00+00:00,47.91,48.04,47.77,47.84,74358
2026-04-17T18:05:00+00:00,47.83,47.925,47.75,47.77,39804
2026-04-17T18:10:00+00:00,47.79,47.87,47.75,47.85,31752
2026-04-17T18:15:00+00:00,47.84,48.235,47.84,48.14,59205
2026-04-17T18:20:00+00:00,48.15,48.2,47.94,48.12,43821
2026-04-17T18:25:00+00:00,48.13,48.24,47.85,47.92,32033
2026-04-17T18:30:00+00:00,47.93,48.025,47.925,48.0,31084
2026-04-17T18:35:00+00:00,47.97,48.07,47.96,48.0,29630
2026-04-17T18:40:00+00:00,47.99,48.08,47.98,48.08,22232
2026-04-17T18:45:00+00:00,48.09,48.27,48.09,48.24,55709
2026-04-17T18:50:00+00:00,48.25,48.29,48.04,48.15,36919
2026-04-17T18:55:00+00:00,48.12,48.18,48.03,48.14,32111
2026-04-17T19:00:00+00:00,48.145,48.29,48.12,48.19,46197
2026-04-17T19:05:00+00:00,48.18,48.19,48.03,48.05,59299
2026-04-17T19:10:00+00:00,48.05,48.14,47.9,47.945,50080
2026-04-17T19:15:00+00:00,47.945,48.12,47.94,48.08,66834
2026-04-17T19:20:00+00:00,48.1,48.375,48.1,48.37,54024
2026-04-17T19:25:00+00:00,48.38,48.39,48.07,48.12,62334
2026-04-17T19:30:00+00:00,48.13,48.16,47.96,48.03,83265
2026-04-17T19:35:00+00:00,48.01,48.05,47.75,47.84,84384
2026-04-17T19:40:00+00:00,47.84,47.93,47.81,47.88,57671
2026-04-17T19:45:00+00:00,47.88,47.9,47.77,47.87,57947
2026-04-17T19:50:00+00:00,47.87,48.11,47.87,48.11,161177
2026-04-17T19:55:00+00:00,48.12,48.29,47.94,48.1,693034
2026-04-17T20:00:00+00:00,48.15,48.25,48.01,48.12,12196
2026-04-17T20:05:00+00:00,48.12,48.12,48.0,48.06,2222
2026-04-17T20:10:00+00:00,48.04,48.04,47.95,47.99,66562
2026-04-17T20:15:00+00:00,47.95,47.95,47.9,47.95,1810
2026-04-17T20:20:00+00:00,47.91,47.95,47.87,47.95,3454
2026-04-17T20:25:00+00:00,47.9,47.9,47.88,47.88,5740
2026-04-17T20:30:00+00:00,47.88,47.95,47.88,47.95,1124
2026-04-17T20:35:00+00:00,47.9,47.98,47.9,47.95,6653
2026-04-17T20:40:00+00:00,47.95,47.95,47.87,47.894,2529
2026-04-17T20:45:00+00:00,47.894,47.9,47.89,47.9,1033
2026-04-17T20:50:00+00:00,47.9,47.9,47.87,47.87,383
2026-04-17T20:55:00+00:00,47.91,47.91,47.89,47.89,1174
2026-04-17T21:00:00+00:00,47.89,47.89,47.89,47.89,0
2026-04-17T21:05:00+00:00,47.89,47.89,47.89,47.89,227
2026-04-17T21:10:00+00:00,47.96,47.96,47.92,47.92,541
2026-04-17T21:15:00+00:00,47.92,47.92,47.92,47.92,154
2026-04-17T21:20:00+00:00,47.91,47.91,47.904,47.904,925
2026-04-17T21:25:00+00:00,47.904,47.95,47.904,47.94,862
2026-04-17T21:30:00+00:00,47.94,47.94,47.94,47.94,73
2026-04-17T21:35:00+00:00,47.94,47.94,47.93,47.93,121
2026-04-17T21:40:00+00:00,47.93,47.93,47.93,47.93,106
2026-04-17T21:45:00+00:00,47.93,47.93,47.93,47.93,50
2026-04-17T21:50:00+00:00,47.99,47.99,47.99,47.99,201
2026-04-17T21:55:00+00:00,47.99,47.99,47.99,47.99,105
2026-04-17T22:00:00+00:00,47.99,47.99,47.99,47.99,62
2026-04-17T22:05:00+00:00,47.99,47.99,47.98,47.99,2898
2026-04-17T22:10:00+00:00,47.98,47.98,47.97,47.97,229
2026-04-17T22:15:00+00:00,47.99,47.99,47.99,47.99,969
2026-04-17T22:20:00+00:00,47.99,47.99,47.99,47.99,12
2026-04-17T22:25:00+00:00,47.99,47.99,47.99,47.99,22
2026-04-17T22:30:00+00:00,47.99,47.99,47.99,47.99,64
2026-04-17T22:35:00+00:00,47.99,47.99,47.98,47.98,134
2026-04-17T22:40:00+00:00,47.98,47.98,47.98,47.98,1
2026-04-17T22:45:00+00:00,47.95,47.95,47.95,47.95,441
2026-04-17T22:50:00+00:00,47.95,47.95,47.95,47.95,1112
2026-04-17T22:55:00+00:00,47.95,47.95,47.95,47.95,41
2026-04-17T23:00:00+00:00,47.95,47.95,47.95,47.95,83
2026-04-17T23:05:00+00:00,47.95,47.98,47.95,47.98,187
2026-04-17T23:10:00+00:00,47.98,47.99,47.98,47.99,207
2026-04-17T23:15:00+00:00,47.99,47.99,47.99,47.99,14
2026-04-17T23:20:00+00:00,47.99,47.99,47.99,47.99,106
2026-04-17T23:25:00+00:00,47.99,47.99,47.94,47.94,240
2026-04-17T23:30:00+00:00,47.94,47.94,47.94,47.94,281
2026-04-17T23:35:00+00:00,47.88,47.9,47.87,47.9,1055
2026-04-17T23:40:00+00:00,47.9,47.9,47.86,47.86,1213
2026-04-17T23:45:00+00:00,47.86,47.86,47.86,47.86,1253
2026-04-17T23:50:00+00:00,47.86,47.86,47.86,47.86,215
2026-04-17T23:55:00+00:00,47.86,47.87,47.81,47.87,1425
2026-04-20T08:00:00+00:00,46.65,46.65,46.24,46.25,4347
2026-04-20T08:05:00+00:00,46.24,46.24,46.15,46.15,11986
2026-04-20T08:10:00+00:00,46.32,46.35,46.32,46.35,1757
2026-04-20T08:15:00+00:00,46.35,46.35,46.33,46.33,4141
2026-04-20T08:20:00+00:00,46.35,46.41,46.35,46.36,2183
2026-04-20T08:25:00+00:00,46.34,46.4,46.34,46.4,539
2026-04-20T08:30:00+00:00,46.4,46.4,46.4,46.4,22
2026-04-20T08:35:00+00:00,46.4,46.4,46.4,46.4,172
2026-04-20T08:40:00+00:00,46.41,46.41,46.33,46.33,334
2026-04-20T08:45:00+00:00,46.33,46.42,46.33,46.4,2731
2026-04-20T08:50:00+00:00,46.44,46.5,46.44,46.5,4266
2026-04-20T08:55:00+00:00,46.5,46.6,46.5,46.57,1323
2026-04-20T09:00:00+00:00,46.57,46.57,46.56,46.56,627
2026-04-20T09:05:00+00:00,46.6,46.6,46.51,46.51,1320
2026-04-20T09:10:00+00:00,46.52,46.56,46.5,46.52,2469
2026-04-20T09:15:00+00:00,46.54,46.54,46.47,46.48,761
2026-04-20T09:20:00+00:00,46.48,46.55,46.48,46.55,345
2026-04-20T09:25:00+00:00,46.53,46.53,46.47,46.47,4373
2026-04-20T09:30:00+00:00,46.47,46.55,46.47,46.54,507
2026-04-20T09:35:00+00:00,46.54,46.54,46.54,46.54,331
2026-04-20T09:40:00+00:00,46.47,46.53,46.47,46.51,1591
2026-04-20T09:45:00+00:00,46.52,46.52,46.51,46.51,468
2026-04-20T09:50:00+00:00,46.51,46.51,46.51,46.51,112
2026-04-20T09:55:00+00:00,46.51,46.51,46.51,46.51,8
2026-04-20T10:00:00+00:00,46.51,46.57,46.51,46.57,521
2026-04-20T10:05:00+00:00,46.56,46.7,46.56,46.7,7993
2026-04-20T10:10:00+00:00,46.8,46.82,46.69,46.69,4933
2026-04-20T10:15:00+00:00,46.84,46.89,46.84,46.89,1911
2026-04-20T10:20:00+00:00,46.89,46.89,46.76,46.76,4157
2026-04-20T10:25:00+00:00,46.76,46.76,46.73,46.75,698
2026-04-20T10:30:00+00:00,46.76,46.78,46.7,46.7,2551
2026-04-20T10:35:00+00:00,46.7,46.7,46.7,46.7,248
2026-04-20T10:40:00+00:00,46.7,46.7,46.66,46.66,726
2026-04-20T10:45:00+00:00,46.63,46.64,46.63,46.64,1064
2026-04-20T10:50:00+00:00,46.64,46.77,46.64,46.77,1229
2026-04-20T10:55:00+00:00,46.74,46.74,46.69,46.69,487
2026-04-20T11:00:00+00:00,46.68,46.69,46.5,46.58,22608
2026-04-20T11:05:00+00:00,46.64,46.75,46.64,46.75,8511
2026-04-20T11:10:00+00:00,46.75,46.75,46.66,46.66,1498
2026-04-20T11:15:00+00:00,46.66,46.69,46.66,46.69,278
2026-04-20T11:20:00+00:00,46.65,46.69,46.55,46.68,8852
2026-04-20T11:25:00+00:00,46.68,46.75,46.66,46.66,4064
2026-04-20T11:30:00+00:00,46.65,46.67,46.59,46.61,2239
2026-04-20T11:35:00+00:00,46.61,46.73,46.61,46.69,4400
2026-04-20T11:40:00+00:00,46.74,46.78,46.74,46.78,2478
2026-04-20T11:45:00+00:00,46.78,46.84,46.78,46.84,4304
2026-04-20T11:50:00+00:00,46.84,46.84,46.77,46.77,803
2026-04-20T11:55:00+00:00,46.77,46.78,46.77,46.78,1388
2026-04-20T12:00:00+00:00,46.78,47.06,46.78,47.05,19215
2026-04-20T12:05:00+00:00,47.05,47.1,47.03,47.03,3059
2026-04-20T12:10:00+00:00,47.08,47.18,47.03,47.15,5086
2026-04-20T12:15:00+00:00,47.13,47.22,47.13,47.19,9254
2026-04-20T12:20:00+00:00,47.18,47.24,47.05,47.05,9431
2026-04-20T12:25:00+00:00,47.06,47.08,47.05,47.08,1395
2026-04-20T12:30:00+00:00,47.08,47.23,47.08,47.23,5900
2026-04-20T12:35:00+00:00,47.21,47.23,47.1,47.1,3430
2026-04-20T12:40:00+00:00,47.07,47.1,47.07,47.1,895
2026-04-20T12:45:00+00:00,47.1,47.33,47.1,47.33,4300
2026-04-20T12:50:00+00:00,47.31,47.33,47.24,47.251,7697
2026-04-20T12:55:00+00:00,47.25,47.25,47.17,47.22,2765
2026-04-20T13:00:00+00:00,47.19,47.31,47.19,47.21,4102
2026-04-20T13:05:00+00:00,47.21,47.21,47.18,47.18,1808
2026-04-20T13:10:00+00:00,47.29,47.34,47.28,47.28,3052
2026-04-20T13:15:00+00:00,47.34,47.37,47.23,47.23,4349
2026-04-20T13:20:00+00:00,47.29,47.29,47.1,47.11,3366
2026-04-20T13:25:00+00:00,47.3,48.14,47.01,48.13,79192
2026-04-20T13:30:00+00:00,48.2,49.99,48.2,48.935,1071737
2026-04-20T13:35:00+00:00,48.915,48.95,48.39,48.5,230301
2026-04-20T13:40:00+00:00,48.52,48.54,47.94,48.16,201081
2026-04-20T13:45:00+00:00,48.16,48.39,47.82,47.91,173907
2026-04-20T13:50:00+00:00,47.96,48.23,47.77,48.22,132426
2026-04-20T13:55:00+00:00,48.21,48.9,48.18,48.75,188720
2026-04-20T14:00:00+00:00,48.75,49.0,48.55,48.92,119447
2026-04-20T14:05:00+00:00,48.92,49.08,48.62,48.83,108221
2026-04-20T14:10:00+00:00,48.84,48.9,48.49,48.59,93326
2026-04-20T14:15:00+00:00,48.63,48.63,48.29,48.35,87789
2026-04-20T14:20:00+00:00,48.36,48.65,48.26,48.61,83835
2026-04-20T14:25:00+00:00,48.61,48.74,48.42,48.52,81212
2026-04-20T14:30:00+00:00,48.54,48.77,48.54,48.67,77394
2026-04-20T14:35:00+00:00,48.65,49.1,48.5,48.82,134990
2026-04-20T14:40:00+00:00,48.83,48.855,48.46,48.66,104980
2026-04-20T14:45:00+00:00,48.65,48.89,48.58,48.89,89744
2026-04-20T14:50:00+00:00,48.89,48.9,48.07,48.26,157443
2026-04-20T14:55:00+00:00,48.24,48.26,47.94,48.0,140861
2026-04-20T15:00:00+00:00,48.01,48.12,47.54,47.6,138538
2026-04-20T15:05:00+00:00,47.63,47.85,47.43,47.77,99494
2026-04-20T15:10:00+00:00,47.775,48.36,47.75,48.32,88383
2026-04-20T15:15:00+00:00,48.31,48.71,48.31,48.66,97620
2026-04-20T15:20:00+00:00,48.67,49.1,48.6,48.94,181770
2026-04-20T15:25:00+00:00,48.93,49.1,48.84,49.08,99482
2026-04-20T15:30:00+00:00,49.08,49.115,48.88,48.94,126038
2026-04-20T15:35:00+00:00,48.95,49.09,48.84,49.05,86047
2026-04-20T15:40:00+00:00,49.05,49.4,49.05,49.21,139978
2026-04-20T15:45:00+00:00,49.23,49.36,49.07,49.23,66418
2026-04-20T15:50:00+00:00,49.21,49.21,48.88,48.905,109561
2026-04-20T15:55:00+00:00,48.9,48.97,48.74,48.83,52431
2026-04-20T16:00:00+00:00,48.83,48.92,48.54,48.6,78309
2026-04-20T16:05:00+00:00,48.59,48.78,48.455,48.73,101011
2026-04-20T16:10:00+00:00,48.75,49.03,48.75,48.92,41043
2026-04-20T16:15:00+00:00,48.92,48.95,48.77,48.88,63160
2026-04-20T16:20:00+00:00,48.89,49.03,48.76,48.85,64457
2026-04-20T16:25:00+00:00,48.895,48.92,48.62,48.65,45983
2026-04-20T16:30:00+00:00,48.66,48.68,48.47,48.6,68496
2026-04-20T16:35:00+00:00,48.59,48.59,48.2,48.28,64976
2026-04-20T16:40:00+00:00,48.25,48.5,48.23,48.325,66107
2026-04-20T16:45:00+00:00,48.35,48.39,48.2,48.2,89247
2026-04-20T16:50:00+00:00,48.21,48.22,47.8,47.92,143824
2026-04-20T16:55:00+00:00,47.92,47.94,47.8,47.82,66474
2026-04-20T17:00:00+00:00,47.85,48.09,47.74,48.02,123561
2026-04-20T17:05:00+00:00,48.02,48.19,47.98,48.18,47592
2026-04-20T17:10:00+00:00,48.18,48.39,48.16,48.295,42130
2026-04-20T17:15:00+00:00,48.3,48.48,48.09,48.35,114936
2026-04-20T17:20:00+00:00,48.35,48.375,48.185,48.19,47845
2026-04-20T17:25:00+00:00,48.21,48.39,48.21,48.28,44466
2026-04-20T17:30:00+00:00,48.28,48.31,48.06,48.13,48292
2026-04-20T17:35:00+00:00,48.13,48.255,48.07,48.2,61442
2026-04-20T17:40:00+00:00,48.21,48.25,47.97,48.03,74324
2026-04-20T17:45:00+00:00,48.03,48.26,47.97,48.23,44166
2026-04-20T17:50:00+00:00,48.23,48.34,48.205,48.3,42357
2026-04-20T17:55:00+00:00,48.31,48.31,48.17,48.19,46438
2026-04-20T18:00:00+00:00,48.18,48.47,48.11,48.47,69433
2026-04-20T18:05:00+00:00,48.465,48.6,48.39,48.5,75846
2026-04-20T18:10:00+00:00,48.495,48.51,48.16,48.42,87161
2026-04-20T18:15:00+00:00,48.41,48.49,48.33,48.39,43877
2026-04-20T18:20:00+00:00,48.385,48.42,48.27,48.395,36624
2026-04-20T18:25:00+00:00,48.41,48.7,48.37,48.7,119062
2026-04-20T18:30:00+00:00,48.71,48.79,48.6,48.71,40838
2026-04-20T18:35:00+00:00,48.71,48.73,48.5,48.52,64845
2026-04-20T18:40:00+00:00,48.55,48.66,48.53,48.65,27539
2026-04-20T18:45:00+00:00,48.64,48.64,48.46,48.51,48284
2026-04-20T18:50:00+00:00,48.53,48.64,48.465,48.64,51325
2026-04-20T18:55:00+00:00,48.64,48.66,48.515,48.66,67251
2026-04-20T19:00:00+00:00,48.67,48.74,48.595,48.67,70506
2026-04-20T19:05:00+00:00,48.66,48.7,48.49,48.58,65635
2026-04-20T19:10:00+00:00,48.6,48.7,48.54,48.67,52634
2026-04-20T19:15:00+00:00,48.65,48.71,48.48,48.63,93263
2026-04-20T19:20:00+00:00,48.65,48.74,48.425,48.45,63415
2026-04-20T19:25:00+00:00,48.45,48.45,48.2,48.32,72545
2026-04-20T19:30:00+00:00,48.31,48.35,48.13,48.18,125769
2026-04-20T19:35:00+00:00,48.18,48.41,48.13,48.39,140202
2026-04-20T19:40:00+00:00,48.39,48.41,48.27,48.38,28872
2026-04-20T19:45:00+00:00,48.4,48.41,48.275,48.33,28800
2026-04-20T19:50:00+00:00,48.33,48.64,48.31,48.61,129585
2026-04-20T19:55:00+00:00,48.59,48.74,48.53,48.72,636378
2026-04-20T20:00:00+00:00,48.69,48.9,48.67,48.68,8155
2026-04-20T20:05:00+00:00,48.68,48.81,48.68,48.7,29188
2026-04-20T20:10:00+00:00,48.65,48.65,48.56,48.63,3952
2026-04-20T20:15:00+00:00,48.63,48.63,48.59,48.59,577
2026-04-20T20:20:00+00:00,48.59,48.6,48.56,48.6,2091
2026-04-20T20:25:00+00:00,48.6,48.64,48.6,48.61,2618
2026-04-20T20:30:00+00:00,48.61,48.61,48.57,48.61,857
2026-04-20T20:35:00+00:00,48.62,48.65,48.62,48.64,2239
2026-04-20T20:40:00+00:00,48.64,48.64,48.64,48.64,299
2026-04-20T20:45:00+00:00,48.57,48.57,48.52,48.54,2983
2026-04-20T20:50:00+00:00,48.54,48.54,48.52,48.52,635
2026-04-20T20:55:00+00:00,48.52,48.52,48.44,48.44,473
2026-04-20T21:00:00+00:00,48.5,48.5,48.5,48.5,422
2026-04-20T21:05:00+00:00,48.5,48.5,48.5,48.5,2
2026-04-20T21:10:00+00:00,48.5,48.5,48.5,48.5,203
2026-04-20T21:15:00+00:00,48.5,48.5,48.5,48.5,41
2026-04-20T21:20:00+00:00,48.48,48.48,48.47,48.47,1417
2026-04-20T21:25:00+00:00,48.48,48.48,48.48,48.48,338
2026-04-20T21:30:00+00:00,48.48,48.53,48.48,48.49,1499
2026-04-20T21:35:00+00:00,48.49,48.49,48.49,48.49,62
2026-04-20T21:40:00+00:00,48.58,48.58,48.58,48.58,141
2026-04-20T21:45:00+00:00,48.58,48.58,48.58,48.58,40
2026-04-20T21:50:00+00:00,48.56,48.56,48.56,48.56,550
2026-04-20T21:55:00+00:00,48.55,48.55,48.55,48.55,243
2026-04-20T22:00:00+00:00,48.55,48.65,48.55,48.6,5388
2026-04-20T22:05:00+00:00,48.6,48.6,48.6,48.6,52
2026-04-20T22:10:00+00:00,48.53,48.53,48.53,48.53,468
2026-04-20T22:15:00+00:00,48.53,48.53,48.53,48.53,181
2026-04-20T22:20:00+00:00,48.53,48.57,48.53,48.55,1348
2026-04-20T22:25:00+00:00,48.51,48.51,48.5,48.5,2605
2026-04-20T22:30:00+00:00,48.53,48.55,48.53,48.55,381
2026-04-20T22:35:00+00:00,48.52,48.52,48.52,48.52,205
2026-04-20T22:40:00+00:00,48.52,48.55,48.52,48.55,610
2026-04-20T22:45:00+00:00,48.55,48.55,48.55,48.55,5
2026-04-20T22:50:00+00:00,48.55,48.59,48.55,48.56,1195
2026-04-20T22:55:00+00:00,48.56,48.56,48.56,48.56,14
2026-04-20T23:00:00+00:00,48.59,48.59,48.57,48.57,621
2026-04-20T23:05:00+00:00,48.59,48.64,48.59,48.64,1603
2026-04-20T23:10:00+00:00,48.64,48.64,48.64,48.64,51
2026-04-20T23:15:00+00:00,48.57,48.57,48.57,48.57,213
2026-04-20T23:20:00+00:00,48.57,48.57,48.55,48.55,464
2026-04-20T23:25:00+00:00,48.52,48.52,48.52,48.52,666
2026-04-20T23:30:00+00:00,48.52,48.57,48.51,48.52,1694
2026-04-20T23:35:00+00:00,48.51,48.51,48.51,48.51,100
2026-04-20T23:40:00+00:00,48.57,48.57,48.48,48.48,5142
2026-04-20T23:45:00+00:00,48.48,48.48,48.48,48.48,844
2026-04-20T23:50:00+00:00,48.48,48.48,48.48,48.48,91
2026-04-20T23:55:00+00:00,48.48,48.51,48.48,48.49,1422
2026-04-21T08:00:00+00:00,48.86,48.86,48.79,48.79,854
2026-04-21T08:05:00+00:00,48.84,48.85,48.78,48.78,574
2026-04-21T08:10:00+00:00,48.78,48.78,48.69,48.69,587
2026-04-21T08:15:00+00:00,48.69,48.69,48.69,48.69,107
2026-04-21T08:20:00+00:00,48.69,48.69,48.69,48.69,369
2026-04-21T08:25:00+00:00,48.69,49.1,48.69,49.1,1452
2026-04-21T08:30:00+00:00,49.11,49.11,48.99,48.99,1023
2026-04-21T08:35:00+00:00,48.99,48.99,48.92,48.92,1487
2026-04-21T08:40:00+00:00,49.0,49.05,49.0,49.05,1753
2026-04-21T08:45:00+00:00,49.05,49.17,49.05,49.16,1469
2026-04-21T08:50:00+00:00,49.15,49.19,49.14,49.14,6990
2026-04-21T08:55:00+00:00,49.14,49.2,49.14,49.2,619
2026-04-21T09:00:00+00:00,49.2,49.2,49.03,49.04,3772
2026-04-21T09:05:00+00:00,49.05,49.05,49.05,49.05,713
2026-04-21T09:10:00+00:00,49.05,49.09,49.05,49.09,666
2026-04-21T09:15:00+00:00,49.09,49.11,49.09,49.11,325
2026-04-21T09:20:00+00:00,49.11,49.11,49.05,49.05,597
2026-04-21T09:25:00+00:00,49.05,49.05,49.05,49.05,27
2026-04-21T09:30:00+00:00,49.05,49.05,49.05,49.05,321
2026-04-21T09:35:00+00:00,49.05,49.05,49.05,49.05,51
2026-04-21T09:40:00+00:00,49.05,49.11,49.04,49.11,838
2026-04-21T09:45:00+00:00,49.11,49.11,49.08,49.08,485
2026-04-21T09:50:00+00:00,49.1,49.13,49.1,49.13,755
2026-04-21T09:55:00+00:00,49.15,49.2,49.15,49.2,2935
2026-04-21T10:00:00+00:00,49.2,49.2,49.2,49.2,565
2026-04-21T10:05:00+00:00,49.2,49.22,49.185,49.22,3096
2026-04-21T10:10:00+00:00,49.21,49.25,49.21,49.25,1272
2026-04-21T10:15:00+00:00,49.28,49.33,49.28,49.33,1475
2026-04-21T10:20:00+00:00,49.32,49.32,49.3,49.3,2953
2026-04-21T10:25:00+00:00,49.3,49.32,49.3,49.32,612
2026-04-21T10:30:00+00:00,49.3,49.39,49.3,49.39,925
2026-04-21T10:35:00+00:00,49.37,49.38,49.37,49.38,1082
2026-04-21T10:40:00+00:00,49.38,49.38,49.27,49.29,3965
2026-04-21T10:45:00+00:00,49.29,49.31,49.27,49.31,3845
2026-04-21T10:50:00+00:00,49.31,49.31,49.31,49.31,974
2026-04-21T10:55:00+00:00,49.31,49.31,49.22,49.22,1083
2026-04-21T11:00:00+00:00,49.22,49.26,49.2,49.26,4600
2026-04-21T11:05:00+00:00,49.29,49.35,49.275,49.275,6167
2026-04-21T11:10:00+00:00,49.275,49.275,49.22,49.23,1251
2026-04-21T11:15:00+00:00,49.25,49.3,49.23,49.3,1600
2026-04-21T11:20:00+00:00,49.32,49.39,49.32,49.38,5065
2026-04-21T11:25:00+00:00,49.37,49.39,49.33,49.35,6640
2026-04-21T11:30:00+00:00,49.33,49.4,49.33,49.4,1476
2026-04-21T11:35:00+00:00,49.4,49.41,49.38,49.39,1652
2026-04-21T11:40:00+00:00,49.39,49.54,49.39,49.5,13398
2026-04-21T11:45:00+00:00,49.5,49.5,49.44,49.44,844
2026-04-21T11:50:00+00:00,49.49,49.52,49.45,49.47,5556
2026-04-21T11:55:00+00:00,49.44,49.44,49.38,49.38,1113
2026-04-21T12:00:00+00:00,49.37,49.37,49.34,49.34,3410
2026-04-21T12:05:00+00:00,49.32,49.5,49.32,49.5,4712
2026-04-21T12:10:00+00:00,49.45,49.45,49.4,49.4,5541
2026-04-21T12:15:00+00:00,49.25,49.25,49.22,49.22,1969
2026-04-21T12:20:00+00:00,49.22,49.3,49.22,49.23,2598
2026-04-21T12:25:00+00:00,49.23,49.35,49.23,49.35,2207
2026-04-21T12:30:00+00:00,49.35,49.37,49.31,49.32,4008
2026-04-21T12:35:00+00:00,49.3,49.3,49.07,49.07,3480
2026-04-21T12:40:00+00:00,49.0,49.0,48.77,48.8,11708
2026-04-21T12:45:00+00:00,48.86,49.0,48.84,48.9,7497
2026-04-21T12:50:00+00:00,48.9,48.9,48.75,48.88,5890
2026-04-21T12:55:00+00:00,48.99,48.99,48.87,48.93,3765
2026-04-21T13:00:00+00:00,48.93,48.93,48.87,48.87,2051
2026-04-21T13:05:00+00:00,48.85,48.88,48.83,48.88,4660
2026-04-21T13:10:00+00:00,48.9,48.94,48.89,48.94,2553
2026-04-21T13:15:00+00:00,48.93,49.0,48.93,49.0,4229
2026-04-21T13:20:00+00:00,49.0,49.0,48.95,48.95,4450
2026-04-21T13:25:00+00:00,48.87,48.89,48.64,48.68,8969
2026-04-21T13:30:00+00:00,48.57,48.7,47.22,47.87,603571
2026-04-21T13:35:00+00:00,47.88,48.07,47.59,47.73,204638
2026-04-21T13:40:00+00:00,47.75,48.41,47.69,48.305,198671
2026-04-21T13:45:00+00:00,48.29,48.45,47.89,47.9,140028
2026-04-21T13:50:00+00:00,47.89,48.12,47.72,47.88,122208
2026-04-21T13:55:00+00:00,47.85,48.05,47.83,47.94,78099
2026-04-21T14:00:00+00:00,47.94,47.96,47.45,47.64,166132
2026-04-21T14:05:00+00:00,47.66,47.83,47.4,47.41,129937
2026-04-21T14:10:00+00:00,47.405,47.655,47.14,47.61,155596
2026-04-21T14:15:00+00:00,47.61,47.935,47.6,47.66,80471
2026-04-21T14:20:00+00:00,47.64,47.8,47.5,47.7,83581
2026-04-21T14:25:00+00:00,47.71,47.93,47.68,47.69,70478
2026-04-21T14:30:00+00:00,47.68,47.78,47.38,47.55,110934
2026-04-21T14:35:00+00:00,47.56,47.825,47.53,47.81,55694
2026-04-21T14:40:00+00:00,47.82,47.96,47.66,47.68,98731
2026-04-21T14:45:00+00:00,47.68,47.71,47.39,47.43,73697
2026-04-21T14:50:00+00:00,47.43,47.49,47.21,47.21,72599
2026-04-21T14:55:00+00:00,47.21,47.21,46.56,46.64,200180
2026-04-21T15:00:00+00:00,46.66,46.73,46.13,46.14,234657
2026-04-21T15:05:00+00:00,46.15,46.625,45.9,46.58,193453
2026-04-21T15:10:00+00:00,46.58,46.99,46.58,46.725,80345
2026-04-21T15:15:00+00:00,46.73,47.05,46.62,47.03,66615
2026-04-21T15:20:00+00:00,47.04,47.06,46.68,46.75,48739
2026-04-21T15:25:00+00:00,46.67,46.67,46.23,46.37,74420
2026-04-21T15:30:00+00:00,46.35,46.71,46.34,46.5,80214
2026-04-21T15:35:00+00:00,46.48,46.64,46.24,46.63,98046
2026-04-21T15:40:00+00:00,46.64,46.72,46.49,46.56,54381
2026-04-21T15:45:00+00:00,46.52,46.55,46.355,46.51,56749
2026-04-21T15:50:00+00:00,46.49,46.49,46.13,46.15,76233
2026-04-21T15:55:00+00:00,46.15,46.37,46.1,46.34,51438
2026-04-21T16:00:00+00:00,46.36,46.61,46.36,46.46,62491
2026-04-21T16:05:00+00:00,46.49,46.57,46.44,46.52,40182
2026-04-21T16:10:00+00:00,46.54,46.54,46.32,46.42,53975
2026-04-21T16:15:00+00:00,46.43,46.58,46.31,46.54,46973
2026-04-21T16:20:00+00:00,46.52,46.52,46.26,46.32,49489
2026-04-21T16:25:00+00:00,46.31,46.35,46.17,46.23,40429
2026-04-21T16:30:00+00:00,46.22,46.53,46.22,46.51,45040
2026-04-21T16:35:00+00:00,46.55,46.63,46.42,46.54,39837
2026-04-21T16:40:00+00:00,46.55,46.59,46.34,46.37,43621
2026-04-21T16:45:00+00:00,46.4,46.68,46.4,46.67,80365
2026-04-21T16:50:00+00:00,46.66,46.77,46.58,46.66,62839
2026-04-21T16:55:00+00:00,46.69,46.72,46.58,46.61,32429
2026-04-21T17:00:00+00:00,46.64,46.875,46.64,46.83,43273
2026-04-21T17:05:00+00:00,46.81,46.81,46.22,46.25,81302
2026-04-21T17:10:00+00:00,46.23,46.23,45.95,46.105,127658
2026-04-21T17:15:00+00:00,46.11,46.205,45.94,46.0,81695
2026-04-21T17:20:00+00:00,46.01,46.11,45.94,46.03,75780
2026-04-21T17:25:00+00:00,46.04,46.19,45.98,46.08,56974
2026-04-21T17:30:00+00:00,46.07,46.38,46.07,46.29,73699
2026-04-21T17:35:00+00:00,46.29,46.53,46.14,46.43,60970
2026-04-21T17:40:00+00:00,46.44,46.73,46.4,46.67,71636
2026-04-21T17:45:00+00:00,46.68,46.68,46.51,46.58,34063
2026-04-21T17:50:00+00:00,46.57,46.79,46.57,46.61,37231
2026-04-21T17:55:00+00:00,46.62,46.68,46.48,46.67,26168
2026-04-21T18:00:00+00:00,46.66,46.79,46.63,46.68,18011
2026-04-21T18:05:00+00:00,46.67,46.785,46.61,46.7,25417
2026-04-21T18:10:00+00:00,46.7,46.7,46.49,46.6,36271
2026-04-21T18:15:00+00:00,46.59,46.62,46.28,46.4,86148
2026-04-21T18:20:00+00:00,46.39,46.42,46.25,46.31,39327
2026-04-21T18:25:00+00:00,46.3,46.38,46.19,46.3,34608
2026-04-21T18:30:00+00:00,46.32,46.5,46.32,46.45,39715
2026-04-21T18:35:00+00:00,46.45,46.46,46.23,46.28,42838
2026-04-21T18:40:00+00:00,46.29,46.315,46.12,46.21,46043
2026-04-21T18:45:00+00:00,46.21,46.33,46.14,46.18,37160
2026-04-21T18:50:00+00:00,46.22,46.45,46.04,46.42,74850
2026-04-21T18:55:00+00:00,46.4,46.53,46.32,46.41,61732
2026-04-21T19:00:00+00:00,46.41,46.52,46.35,46.42,53770
2026-04-21T19:05:00+00:00,46.41,46.47,46.24,46.26,46174
2026-04-21T19:10:00+00:00,46.27,46.41,46.12,46.2,71199
2026-04-21T19:15:00+00:00,46.21,46.29,46.12,46.26,82426
2026-04-21T19:20:00+00:00,46.28,46.48,46.22,46.36,73650
2026-04-21T19:25:00+00:00,46.355,46.45,46.27,46.38,48065
2026-04-21T19:30:00+00:00,46.39,46.4,46.28,46.29,72681
2026-04-21T19:35:00+00:00,46.285,46.29,45.96,46.0,128538
2026-04-21T19:40:00+00:00,46.0,46.07,45.21,45.36,267808
2026-04-21T19:45:00+00:00,45.34,45.54,45.29,45.44,123985
2026-04-21T19:50:00+00:00,45.45,45.57,44.94,45.12,252774
2026-04-21T19:55:00+00:00,45.13,45.26,45.06,45.15,562748
2026-04-21T20:00:00+00:00,45.11,45.11,44.89,45.03,17994
2026-04-21T20:05:00+00:00,45.03,45.36,45.03,45.36,7897
2026-04-21T20:10:00+00:00,45.35,46.27,45.33,46.0,44811
2026-04-21T20:15:00+00:00,45.98,46.2,45.91,46.12,20504
2026-04-21T20:20:00+00:00,46.096,46.54,46.096,46.54,18187
2026-04-21T20:25:00+00:00,46.54,46.64,46.31,46.36,16527
2026-04-21T20:30:00+00:00,46.35,46.449,46.33,46.449,13863
2026-04-21T20:35:00+00:00,46.449,46.46,46.4,46.42,14488
2026-04-21T20:40:00+00:00,46.41,46.41,46.1,46.1,8996
2026-04-21T20:45:00+00:00,46.18,46.28,46.18,46.27,2458
2026-04-21T20:50:00+00:00,46.27,46.39,46.27,46.37,3242
2026-04-21T20:55:00+00:00,46.346,46.346,46.2,46.2,5748
2026-04-21T21:00:00+00:00,46.2,46.24,46.2,46.22,1276
2026-04-21T21:05:00+00:00,46.3,46.35,46.2,46.2,5751
2026-04-21T21:10:00+00:00,46.2,46.2,46.01,46.05,4635
2026-04-21T21:15:00+00:00,46.08,46.11,46.0,46.0,4136
2026-04-21T21:20:00+00:00,46.03,46.18,46.03,46.1,2789
2026-04-21T21:25:00+00:00,46.15,46.15,46.06,46.06,495
2026-04-21T21:30:00+00:00,46.05,46.11,46.05,46.11,1209
2026-04-21T21:35:00+00:00,46.15,46.18,46.12,46.12,2129
2026-04-21T21:40:00+00:00,46.12,46.13,46.06,46.06,1668
2026-04-21T21:45:00+00:00,46.06,46.08,46.02,46.02,584
2026-04-21T21:50:00+00:00,46.03,46.08,46.02,46.08,1163
2026-04-21T21:55:00+00:00,46.08,46.119,46.05,46.05,698
2026-04-21T22:00:00+00:00,46.05,46.13,46.05,46.11,1870
2026-04-21T22:05:00+00:00,46.11,46.11,46.11,46.11,302
2026-04-21T22:10:00+00:00,46.11,46.18,46.09,46.18,5709
2026-04-21T22:15:00+00:00,46.17,46.179,46.11,46.11,850
2026-04-21T22:20:00+00:00,46.11,46.11,46.03,46.07,1194
2026-04-21T22:25:00+00:00,46.08,46.08,46.08,46.08,697
2026-04-21T22:30:00+00:00,46.08,46.12,46.08,46.12,757
2026-04-21T22:35:00+00:00,46.12,46.16,46.12,46.16,647
2026-04-21T22:40:00+00:00,46.17,46.18,46.17,46.18,965
2026-04-21T22:45:00+00:00,46.18,46.2,46.18,46.2,262
2026-04-21T22:50:00+00:00,46.18,46.2,46.18,46.2,2021
2026-04-21T22:55:00+00:00,46.2,46.2,46.2,46.2,396
2026-04-21T23:00:00+00:00,46.2,46.2,46.11,46.11,4367
2026-04-21T23:05:00+00:00,46.1,46.18,46.1,46.18,709
2026-04-21T23:10:00+00:00,46.18,46.18,46.18,46.18,107
2026-04-21T23:15:00+00:00,46.18,46.18,46.18,46.18,345
2026-04-21T23:20:00+00:00,46.18,46.2,46.18,46.2,627
2026-04-21T23:25:00+00:00,46.2,46.2,46.18,46.2,984
2026-04-21T23:30:00+00:00,46.2,46.24,46.2,46.24,2576
2026-04-21T23:35:00+00:00,46.26,46.26,46.24,46.24,4398
2026-04-21T23:40:00+00:00,46.24,46.24,46.24,46.24,140
2026-04-21T23:45:00+00:00,46.24,46.35,46.24,46.35,3825
2026-04-21T23:50:00+00:00,46.35,46.35,46.26,46.26,364
2026-04-21T23:55:00+00:00,46.26,46.26,46.26,46.26,26
2026-04-22T08:00:00+00:00,47.0,47.09,46.97,47.09,3799
2026-04-22T08:05:00+00:00,47.07,47.08,47.06,47.06,1764
2026-04-22T08:10:00+00:00,47.06,47.07,47.01,47.01,1384
2026-04-22T08:15:00+00:00,47.01,47.01,47.01,47.01,716
2026-04-22T08:20:00+00:00,47.01,47.01,46.9,46.9,3692
2026-04-22T08:25:00+00:00,46.9,46.95,46.9,46.95,869
2026-04-22T08:30:00+00:00,46.95,46.95,46.84,46.85,5367
2026-04-22T08:35:00+00:00,46.85,46.85,46.83,46.83,881
2026-04-22T08:40:00+00:00,46.83,46.91,46.83,46.91,1127
2026-04-22T08:45:00+00:00,46.88,46.88,46.88,46.88,336
2026-04-22T08:50:00+00:00,46.88,46.88,46.88,46.88,21
2026-04-22T08:55:00+00:00,46.88,46.89,46.88,46.89,264
2026-04-22T09:00:00+00:00,46.95,46.95,46.77,46.77,12642
2026-04-22T09:05:00+00:00,46.78,46.8,46.77,46.8,3365
2026-04-22T09:10:00+00:00,46.76,46.76,46.74,46.74,957
2026-04-22T09:15:00+00:00,46.74,46.79,46.74,46.79,531
2026-04-22T09:20:00+00:00,46.8,46.8,46.79,46.79,2724
2026-04-22T09:25:00+00:00,46.8,46.8,46.77,46.77,1754
2026-04-22T09:30:00+00:00,46.8,46.8,46.8,46.8,1414
2026-04-22T09:35:00+00:00,46.8,46.8,46.8,46.8,1936
2026-04-22T09:40:00+00:00,46.8,46.88,46.8,46.83,6795
2026-04-22T09:45:00+00:00,46.87,46.95,46.87,46.95,8466
2026-04-22T09:50:00+00:00,46.91,46.91,46.78,46.78,1564
2026-04-22T09:55:00+00:00,46.78,46.81,46.7,46.81,2270
2026-04-22T10:00:00+00:00,46.81,46.81,46.77,46.77,811
2026-04-22T10:05:00+00:00,46.77,46.79,46.72,46.72,1321
2026-04-22T10:10:00+00:00,46.72,46.73,46.7,46.7,1174
2026-04-22T10:15:00+00:00,46.8,46.84,46.8,46.84,710
2026-04-22T10:20:00+00:00,46.84,46.84,46.84,46.84,204
2026-04-22T10:25:00+00:00,46.84,46.84,46.84,46.84,249
2026-04-22T10:30:00+00:00,46.84,47.08,46.84,47.07,14016
2026-04-22T10:35:00+00:00,47.07,47.07,47.02,47.02,469
2026-04-22T10:40:00+00:00,46.99,46.99,46.93,46.98,1561
2026-04-22T10:45:00+00:00,46.96,46.96,46.95,46.95,1135
2026-04-22T10:50:00+00:00,46.95,46.95,46.95,46.95,138
2026-04-22T10:55:00+00:00,46.89,46.95,46.88,46.94,1190
2026-04-22T11:00:00+00:00,46.9,46.99,46.9,46.96,2938
2026-04-22T11:05:00+00:00,46.96,46.96,46.93,46.93,632
2026-04-22T11:10:00+00:00,46.87,46.92,46.87,46.87,2160
2026-04-22T11:15:00+00:00,46.87,46.9,46.87,46.9,1515
2026-04-22T11:20:00+00:00,46.9,46.9,46.83,46.83,1169
2026-04-22T11:25:00+00:00,46.83,46.84,46.83,46.84,1274
2026-04-22T11:30:00+00:00,46.89,46.89,46.87,46.87,980
2026-04-22T11:35:00+00:00,46.88,47.0,46.88,46.96,4198
2026-04-22T11:40:00+00:00,46.96,47.0,46.91,46.92,7385
2026-04-22T11:45:00+00:00,46.92,47.0,46.92,47.0,1933
2026-04-22T11:50:00+00:00,47.0,47.02,46.99,46.99,2593
2026-04-22T11:55:00+00:00,46.98,46.99,46.88,46.92,5891
2026-04-22T12:00:00+00:00,46.92,47.0,46.92,47.0,6042
2026-04-22T12:05:00+00:00,47.01,47.03,46.98,46.98,6238
2026-04-22T12:10:00+00:00,46.98,47.07,46.98,47.07,4095
2026-04-22T12:15:00+00:00,47.04,47.1,47.04,47.1,3096
2026-04-22T12:20:00+00:00,47.1,47.1,46.97,46.97,4912
2026-04-22T12:25:00+00:00,46.98,46.98,46.94,46.97,2783
2026-04-22T12:30:00+00:00,46.97,46.97,46.9,46.92,1650
2026-04-22T12:35:00+00:00,46.92,46.92,46.87,46.87,1153
2026-04-22T12:40:00+00:00,46.89,46.9,46.874,46.874,1639
2026-04-22T12:45:00+00:00,46.89,46.89,46.8,46.8,3505
2026-04-22T12:50:00+00:00,46.77,46.854,46.71,46.854,2620
2026-04-22T12:55:00+00:00,46.85,46.88,46.8,46.8,5123
2026-04-22T13:00:00+00:00,46.8,46.87,46.8,46.8,814
2026-04-22T13:05:00+00:00,46.8,46.81,46.63,46.81,22060
2026-04-22T13:10:00+00:00,46.7,46.8,46.7,46.72,3937
2026-04-22T13:15:00+00:00,46.75,46.8,46.75,46.8,2673
2026-04-22T13:20:00+00:00,46.87,46.9,46.77,46.89,12018
2026-04-22T13:25:00+00:00,46.91,47.06,46.82,46.85,11388
2026-04-22T13:30:00+00:00,46.83,47.78,46.75,47.78,756668
2026-04-22T13:35:00+00:00,47.75,47.76,47.22,47.48,356071
2026-04-22T13:40:00+00:00,47.48,47.7,47.23,47.59,228111
2026-04-22T13:45:00+00:00,47.59,47.77,47.41,47.53,199579
2026-04-22T13:50:00+00:00,47.5,47.74,47.22,47.59,165496
2026-04-22T13:55:00+00:00,47.6,47.94,47.49,47.78,220394
2026-04-22T14:00:00+00:00,47.79,47.91,47.595,47.66,145976
2026-04-22T14:05:00+00:00,47.65,47.65,47.36,47.59,99678
2026-04-22T14:10:00+00:00,47.6,48.04,47.6,48.04,193946
2026-04-22T14:15:00+00:00,48.03,48.04,47.78,47.91,84532
2026-04-22T14:20:00+00:00,47.92,48.07,47.55,47.61,167265
2026-04-22T14:25:00+00:00,47.62,47.71,47.44,47.64,105707
2026-04-22T14:30:00+00:00,47.64,47.73,47.3,47.71,94538
2026-04-22T14:35:00+00:00,47.72,47.87,47.6,47.64,79621
2026-04-22T14:40:00+00:00,47.64,47.75,47.51,47.55,41153
2026-04-22T14:45:00+00:00,47.56,47.64,47.45,47.5,71219
2026-04-22T14:50:00+00:00,47.495,47.82,47.48,47.82,62551
2026-04-22T14:55:00+00:00,47.83,47.88,47.66,47.79,57772
2026-04-22T15:00:00+00:00,47.8,47.81,47.58,47.6,48973
2026-04-22T15:05:00+00:00,47.59,47.71,47.55,47.6,49365
2026-04-22T15:10:00+00:00,47.62,47.72,47.5,47.71,47903
2026-04-22T15:15:00+00:00,47.72,47.75,47.57,47.71,64878
2026-04-22T15:20:00+00:00,47.72,47.93,47.65,47.87,75617
2026-04-22T15:25:00+00:00,47.88,48.14,47.84,48.11,131503
2026-04-22T15:30:00+00:00,48.11,48.29,48.095,48.22,86010
2026-04-22T15:35:00+00:00,48.23,48.24,47.985,48.22,77054
2026-04-22T15:40:00+00:00,48.21,48.29,47.815,47.83,82176
2026-04-22T15:45:00+00:00,47.83,48.2,47.8,48.145,71612
2026-04-22T15:50:00+00:00,48.12,48.19,47.975,48.18,77085
2026-04-22T15:55:00+00:00,48.2,48.34,48.08,48.11,131677
2026-04-22T16:00:00+00:00,48.13,48.38,48.08,48.36,73748
2026-04-22T16:05:00+00:00,48.355,48.43,48.13,48.16,95327
2026-04-22T16:10:00+00:00,48.17,48.27,48.055,48.22,77061
2026-04-22T16:15:00+00:00,48.23,48.25,47.9,47.95,66841
2026-04-22T16:20:00+00:00,47.94,48.11,47.86,47.88,54562
2026-04-22T16:25:00+00:00,47.9,48.01,47.81,47.83,62210
2026-04-22T16:30:00+00:00,47.82,47.97,47.71,47.93,63225
2026-04-22T16:35:00+00:00,47.94,48.1,47.91,48.055,33281
2026-04-22T16:40:00+00:00,48.04,48.04,47.63,47.79,58163
2026-04-22T16:45:00+00:00,47.77,47.81,47.68,47.8,34923
2026-04-22T16:50:00+00:00,47.78,47.78,47.57,47.6,28328
2026-04-22T16:55:00+00:00,47.59,47.59,47.23,47.42,92583
2026-04-22T17:00:00+00:00,47.42,47.75,47.42,47.62,65602
2026-04-22T17:05:00+00:00,47.65,47.66,47.43,47.57,41939
2026-04-22T17:10:00+00:00,47.58,47.7,47.52,47.55,52133
2026-04-22T17:15:00+00:00,47.6,47.68,47.54,47.63,25071
2026-04-22T17:20:00+00:00,47.63,47.83,47.62,47.775,34145
2026-04-22T17:25:00+00:00,47.785,48.03,47.75,47.92,123363
2026-04-22T17:30:00+00:00,47.92,47.97,47.81,47.84,43373
2026-04-22T17:35:00+00:00,47.84,48.025,47.81,48.0,30808
2026-04-22T17:40:00+00:00,48.0,48.045,47.92,48.04,33673
2026-04-22T17:45:00+00:00,48.05,48.22,48.02,48.2,77884
2026-04-22T17:50:00+00:00,48.22,48.4,48.19,48.37,70639
2026-04-22T17:55:00+00:00,48.375,48.375,48.2,48.36,35281
2026-04-22T18:00:00+00:00,48.37,48.56,48.36,48.37,115523
2026-04-22T18:05:00+00:00,48.37,48.37,48.16,48.16,47798
2026-04-22T18:10:00+00:00,48.16,48.27,48.08,48.27,36242
2026-04-22T18:15:00+00:00,48.275,48.29,48.04,48.1,37375
2026-04-22T18:20:00+00:00,48.09,48.09,47.84,47.92,63085
2026-04-22T18:25:00+00:00,47.9,47.935,47.71,47.73,39444
2026-04-22T18:30:00+00:00,47.74,47.895,47.72,47.79,43683
2026-04-22T18:35:00+00:00,47.8,47.99,47.76,47.99,36509
2026-04-22T18:40:00+00:00,47.985,48.18,47.91,47.93,63285
2026-04-22T18:45:00+00:00,47.93,48.09,47.89,48.06,48457
2026-04-22T18:50:00+00:00,48.045,48.24,48.045,48.2,39591
2026-04-22T18:55:00+00:00,48.21,48.36,48.12,48.36,52466
2026-04-22T19:00:00+00:00,48.38,48.39,48.18,48.35,54989
2026-04-22T19:05:00+00:00,48.33,48.45,48.26,48.39,46539
2026-04-22T19:10:00+00:00,48.39,48.565,48.38,48.56,67602
2026-04-22T19:15:00+00:00,48.565,48.77,48.55,48.72,131811
2026-04-22T19:20:00+00:00,48.72,48.83,48.54,48.56,48892
2026-04-22T19:25:00+00:00,48.54,48.64,48.54,48.58,47497
2026-04-22T19:30:00+00:00,48.58,48.66,48.56,48.58,35735
2026-04-22T19:35:00+00:00,48.55,48.72,48.47,48.65,67720
2026-04-22T19:40:00+00:00,48.65,48.66,48.4,48.4,43237
2026-04-22T19:45:00+00:00,48.4,48.425,48.28,48.37,50881
2026-04-22T19:50:00+00:00,48.38,48.53,48.2,48.45,155538
2026-04-22T19:55:00+00:00,48.46,48.46,48.28,48.36,440089
2026-04-22T20:00:00+00:00,48.39,48.42,48.17,48.24,3431
2026-04-22T20:05:00+00:00,48.29,48.39,48.26,48.26,3279
2026-04-22T20:10:00+00:00,48.24,48.27,48.22,48.23,3970
2026-04-22T20:15:00+00:00,48.22,48.22,48.16,48.16,5704
2026-04-22T20:20:00+00:00,48.15,48.15,48.08,48.11,7494
2026-04-22T20:25:00+00:00,48.1,48.14,48.1,48.14,1272
2026-04-22T20:30:00+00:00,48.18,48.21,48.16,48.21,1681
2026-04-22T20:35:00+00:00,48.21,48.21,48.11,48.11,904
2026-04-22T20:40:00+00:00,48.11,48.12,48.08,48.12,1175
2026-04-22T20:45:00+00:00,48.12,48.14,48.04,48.09,3360
2026-04-22T20:50:00+00:00,48.08,48.12,48.07,48.07,2044
2026-04-22T20:55:00+00:00,48.05,48.08,48.05,48.08,564
2026-04-22T21:00:00+00:00,48.08,48.09,48.08,48.09,489
2026-04-22T21:05:00+00:00,48.09,48.11,48.09,48.11,1007
2026-04-22T21:10:00+00:00,48.11,48.11,48.11,48.11,52
2026-04-22T21:15:00+00:00,48.11,48.12,48.11,48.12,937
2026-04-22T21:20:00+00:00,48.12,48.14,48.12,48.13,354
2026-04-22T21:25:00+00:00,48.13,48.13,48.13,48.13,239
2026-04-22T21:30:00+00:00,48.14,48.16,48.14,48.16,614
2026-04-22T21:35:00+00:00,48.16,48.16,48.16,48.16,126
2026-04-22T21:40:00+00:00,48.16,48.16,48.05,48.05,329
2026-04-22T21:45:00+00:00,48.05,48.1,48.04,48.1,1027
2026-04-22T21:50:00+00:00,48.1,48.1,48.02,48.02,1170
2026-04-22T21:55:00+00:00,48.03,48.09,48.03,48.09,1508
2026-04-22T22:00:00+00:00,48.09,48.09,48.07,48.08,1983
2026-04-22T22:05:00+00:00,48.08,48.08,48.08,48.08,572
2026-04-22T22:10:00+00:00,48.08,48.09,48.08,48.09,355
2026-04-22T22:15:00+00:00,48.07,48.07,48.06,48.06,661
2026-04-22T22:20:00+00:00,48.06,48.06,48.02,48.05,699
2026-04-22T22:25:00+00:00,48.0,48.0,47.91,47.92,8103
2026-04-22T22:30:00+00:00,47.92,47.98,47.911,47.98,785
2026-04-22T22:35:00+00:00,47.98,47.98,47.98,47.98,10
2026-04-22T22:40:00+00:00,47.99,47.99,47.99,47.99,964
2026-04-22T22:45:00+00:00,47.99,48.02,47.99,48.02,725
2026-04-22T22:50:00+00:00,48.02,48.02,48.02,48.02,321
2026-04-22T22:55:00+00:00,48.02,48.02,48.02,48.02,83
2026-04-22T23:00:00+00:00,48.02,48.02,48.02,48.02,75
2026-04-22T23:05:00+00:00,48.02,48.02,48.02,48.02,56
2026-04-22T23:10:00+00:00,48.02,48.11,48.02,48.11,341
2026-04-22T23:15:00+00:00,48.11,48.11,48.11,48.11,235
2026-04-22T23:20:00+00:00,48.1,48.11,48.02,48.03,1976
2026-04-22T23:25:00+00:00,48.02,48.02,48.02,48.02,431
2026-04-22T23:30:00+00:00,48.02,48.02,48.01,48.01,495
2026-04-22T23:35:00+00:00,48.0,48.0,47.93,47.94,5458
2026-04-22T23:40:00+00:00,47.93,47.95,47.9,47.9,2055
2026-04-22T23:45:00+00:00,47.9,47.95,47.9,47.92,775
2026-04-22T23:50:00+00:00,47.92,47.92,47.92,47.92,140
2026-04-22T23:55:00+00:00,47.99,48.02,47.95,48.02,3452
2026-04-23T08:00:00+00:00,47.73,47.73,47.58,47.58,1896
2026-04-23T08:05:00+00:00,47.58,47.58,47.4,47.4,2449
2026-04-23T08:10:00+00:00,47.5,47.55,47.46,47.54,3416
2026-04-23T08:15:00+00:00,47.54,47.54,47.49,47.53,1708
2026-04-23T08:20:00+00:00,47.53,47.53,47.5,47.5,1144
2026-04-23T08:25:00+00:00,47.5,47.55,47.4,47.49,7967
2026-04-23T08:30:00+00:00,47.49,47.49,47.49,47.49,189
2026-04-23T08:35:00+00:00,47.49,47.49,47.31,47.31,669
2026-04-23T08:40:00+00:00,47.31,47.31,47.2,47.2,4604
2026-04-23T08:45:00+00:00,47.2,47.2,47.07,47.08,11247
2026-04-23T08:50:00+00:00,47.08,47.1,46.95,47.0,7985
2026-04-23T08:55:00+00:00,46.99,47.1,46.98,47.07,18035
2026-04-23T09:00:00+00:00,47.07,47.07,46.95,46.95,1716
2026-04-23T09:05:00+00:00,46.95,46.95,46.85,46.9,6032
2026-04-23T09:10:00+00:00,47.0,47.0,46.99,46.99,974
2026-04-23T09:15:00+00:00,46.96,47.0,46.96,47.0,20831
2026-04-23T09:20:00+00:00,47.0,47.0,47.0,47.0,1324
2026-04-23T09:25:00+00:00,47.14,47.14,47.14,47.14,760
2026-04-23T09:30:00+00:00,47.14,47.29,47.14,47.29,552
2026-04-23T09:35:00+00:00,47.29,47.34,47.29,47.34,602
2026-04-23T09:40:00+00:00,47.34,47.34,47.26,47.26,551
2026-04-23T09:45:00+00:00,47.26,47.29,47.26,47.29,799
2026-04-23T09:50:00+00:00,47.29,47.29,47.29,47.29,835
2026-04-23T09:55:00+00:00,47.29,47.29,47.29,47.29,164
2026-04-23T10:00:00+00:00,47.29,47.34,47.29,47.33,1067
2026-04-23T10:05:00+00:00,47.22,47.25,47.19,47.2,3776
2026-04-23T10:10:00+00:00,47.2,47.27,47.2,47.27,126
2026-04-23T10:15:00+00:00,47.27,47.27,47.27,47.27,419
2026-04-23T10:20:00+00:00,47.27,47.34,47.27,47.34,1825
2026-04-23T10:25:00+00:00,47.23,47.23,47.23,47.23,286
2026-04-23T10:30:00+00:00,47.23,47.4,47.23,47.4,1610
2026-04-23T10:35:00+00:00,47.4,47.4,47.39,47.39,302
2026-04-23T10:40:00+00:00,47.42,47.44,47.4,47.4,1486
2026-04-23T10:45:00+00:00,47.4,47.41,47.38,47.39,1515
2026-04-23T10:50:00+00:00,47.39,47.39,47.39,47.39,477
2026-04-23T10:55:00+00:00,47.39,47.44,47.39,47.44,1468
2026-04-23T11:00:00+00:00,47.47,47.47,47.37,47.38,4570
2026-04-23T11:05:00+00:00,47.38,47.44,47.35,47.44,3458
2026-04-23T11:10:00+00:00,47.44,47.44,47.44,47.44,296
2026-04-23T11:15:00+00:00,47.44,47.44,47.34,47.34,3478
2026-04-23T11:20:00+00:00,47.34,47.36,47.34,47.36,2100
2026-04-23T11:25:00+00:00,47.36,47.36,47.3,47.3,1994
2026-04-23T11:30:00+00:00,47.3,47.3,47.3,47.3,191
2026-04-23T11:35:00+00:00,47.24,47.24,47.24,47.24,814
2026-04-23T11:40:00+00:00,47.24,47.47,47.24,47.47,1187
2026-04-23T11:45:00+00:00,47.48,47.62,47.48,47.55,7661
2026-04-23T11:50:00+00:00,47.55,47.58,47.5,47.58,2842
2026-04-23T11:55:00+00:00,47.6,47.69,47.57,47.57,1505
2026-04-23T12:00:00+00:00,47.59,48.09,47.59,47.96,36553
2026-04-23T12:05:00+00:00,47.969,48.25,47.969,48.23,17803
2026-04-23T12:10:00+00:00,48.25,48.25,48.13,48.16,10516
2026-04-23T12:15:00+00:00,48.04,48.07,47.92,47.99,12366
2026-04-23T12:20:00+00:00,47.98,48.01,47.92,47.96,5131
2026-04-23T12:25:00+00:00,47.96,47.99,47.8,47.8,9384
2026-04-23T12:30:00+00:00,47.8,47.88,47.79,47.83,9717
2026-04-23T12:35:00+00:00,47.84,48.03,47.84,48.03,5999
2026-04-23T12:40:00+00:00,48.03,48.09,47.99,47.99,4813
2026-04-23T12:45:00+00:00,48.01,48.01,47.81,47.91,23518
2026-04-23T12:50:00+00:00,47.89,48.04,47.89,48.04,5128
2026-04-23T12:55:00+00:00,48.02,48.16,48.02,48.11,7507
2026-04-23T13:00:00+00:00,48.11,48.14,48.06,48.14,1628
2026-04-23T13:05:00+00:00,48.14,48.14,48.04,48.09,5430
2026-04-23T13:10:00+00:00,48.09,48.12,47.9,47.9,8328
2026-04-23T13:15:00+00:00,48.0,48.03,47.95,47.98,6175
2026-04-23T13:20:00+00:00,47.98,47.98,47.86,47.86,6165
2026-04-23T13:25:00+00:00,48.0,48.4,48.0,48.4,12210
2026-04-23T13:30:00+00:00,48.335,49.84,48.335,49.06,638407
2026-04-23T13:35:00+00:00,49.0,49.44,48.73,49.31,217691
2026-04-23T13:40:00+00:00,49.32,49.71,49.12,49.235,143462
2026-04-23T13:45:00+00:00,49.28,49.69,49.1,49.45,162869
2026-04-23T13:50:00+00:00,49.46,49.46,48.625,48.705,179710
2026-04-23T13:55:00+00:00,48.72,48.92,48.45,48.49,100496
2026-04-23T14:00:00+00:00,48.45,48.58,47.95,48.57,136638
2026-04-23T14:05:00+00:00,48.55,48.88,48.41,48.75,109079
2026-04-23T14:10:00+00:00,48.78,48.78,48.065,48.14,94501
2026-04-23T14:15:00+00:00,48.15,48.76,48.14,48.575,63649
2026-04-23T14:20:00+00:00,48.55,48.87,48.51,48.86,75584
2026-04-23T14:25:00+00:00,48.84,49.58,48.8,49.56,182913
2026-04-23T14:30:00+00:00,49.56,49.79,49.3,49.62,127929
2026-04-23T14:35:00+00:00,49.6,51.08,49.52,50.96,609481
2026-04-23T14:40:00+00:00,50.95,51.33,50.57,51.25,420249
2026-04-23T14:45:00+00:00,51.26,52.14,51.26,51.75,314469
2026-04-23T14:50:00+00:00,51.76,52.11,51.69,51.74,198167
2026-04-23T14:55:00+00:00,51.74,52.65,51.74,52.6,329706
2026-04-23T15:00:00+00:00,52.58,53.0,52.06,52.92,315709
2026-04-23T15:05:00+00:00,52.92,53.04,52.5,52.74,186537
2026-04-23T15:10:00+00:00,52.75,53.36,52.75,53.11,318030
2026-04-23T15:15:00+00:00,53.11,53.11,52.77,52.78,194465
2026-04-23T15:20:00+00:00,52.775,53.15,52.495,52.9,269390
2026-04-23T15:25:00+00:00,52.9,52.94,52.5,52.52,142036
2026-04-23T15:30:00+00:00,52.51,52.74,52.25,52.26,128652
2026-04-23T15:35:00+00:00,52.26,52.26,51.94,52.09,118762
2026-04-23T15:40:00+00:00,52.07,52.32,52.05,52.16,106878
2026-04-23T15:45:00+00:00,52.16,52.16,51.88,52.0,125293
2026-04-23T15:50:00+00:00,52.0,52.0,51.64,51.86,105707
2026-04-23T15:55:00+00:00,51.85,52.21,51.85,52.14,101432
2026-04-23T16:00:00+00:00,52.18,52.285,52.09,52.13,113030
2026-04-23T16:05:00+00:00,52.08,52.28,51.92,52.105,88566
2026-04-23T16:10:00+00:00,52.1,52.4,52.09,52.19,113249
2026-04-23T16:15:00+00:00,52.17,52.56,52.12,52.47,101567
2026-04-23T16:20:00+00:00,52.49,52.5,52.1,52.39,81984
2026-04-23T16:25:00+00:00,52.38,52.7,52.32,52.33,93181
2026-04-23T16:30:00+00:00,52.31,52.67,52.22,52.67,80484
2026-04-23T16:35:00+00:00,52.69,52.87,52.56,52.775,111958
2026-04-23T16:40:00+00:00,52.79,52.88,52.56,52.69,69726
2026-04-23T16:45:00+00:00,52.71,52.93,52.65,52.86,67713
2026-04-23T16:50:00+00:00,52.83,52.88,52.54,52.55,70581
2026-04-23T16:55:00+00:00,52.54,52.69,52.37,52.5,61864
2026-04-23T17:00:00+00:00,52.51,52.65,51.98,52.12,160430
2026-04-23T17:05:00+00:00,52.115,52.13,51.85,51.88,78367
2026-04-23T17:10:00+00:00,51.85,51.87,51.375,51.62,201544
2026-04-23T17:15:00+00:00,51.63,51.63,50.92,51.07,218904
2026-04-23T17:20:00+00:00,51.05,51.25,50.93,51.155,144352
2026-04-23T17:25:00+00:00,51.17,51.42,50.98,51.14,132128
2026-04-23T17:30:00+00:00,51.1,51.65,51.08,51.63,128215
2026-04-23T17:35:00+00:00,51.63,51.72,51.1,51.23,109909
2026-04-23T17:40:00+00:00,51.25,51.25,50.04,50.04,249776
2026-04-23T17:45:00+00:00,50.02,50.03,49.43,49.945,352429
2026-04-23T17:50:00+00:00,49.96,50.79,49.76,50.7,253823
2026-04-23T17:55:00+00:00,50.68,51.16,50.68,51.11,185284
2026-04-23T18:00:00+00:00,51.1,51.44,50.99,51.24,184833
2026-04-23T18:05:00+00:00,51.21,51.73,51.16,51.52,134258
2026-04-23T18:10:00+00:00,51.56,52.01,51.54,51.81,198162
2026-04-23T18:15:00+00:00,51.83,51.84,51.57,51.75,84339
2026-04-23T18:20:00+00:00,51.76,51.8,51.45,51.46,89132
2026-04-23T18:25:00+00:00,51.48,51.48,51.02,51.22,87128
2026-04-23T18:30:00+00:00,51.23,51.54,51.23,51.52,81179
2026-04-23T18:35:00+00:00,51.505,51.64,51.26,51.29,97631
2026-04-23T18:40:00+00:00,51.29,51.395,51.11,51.35,95241
2026-04-23T18:45:00+00:00,51.36,51.385,51.26,51.3,42802
2026-04-23T18:50:00+00:00,51.29,51.46,51.15,51.29,95273
2026-04-23T18:55:00+00:00,51.26,51.26,50.94,51.02,146488
2026-04-23T19:00:00+00:00,51.02,51.11,50.845,50.99,105551
2026-04-23T19:05:00+00:00,51.005,51.3,51.0,51.095,59869
2026-04-23T19:10:00+00:00,51.09,51.485,50.92,51.44,100512
2026-04-23T19:15:00+00:00,51.43,51.575,51.25,51.28,88477
2026-04-23T19:20:00+00:00,51.3,51.37,51.2,51.21,59572
2026-04-23T19:25:00+00:00,51.25,51.46,51.25,51.41,79819
2026-04-23T19:30:00+00:00,51.415,51.61,51.33,51.55,126273
2026-04-23T19:35:00+00:00,51.58,51.61,51.37,51.5,85512
2026-04-23T19:40:00+00:00,51.535,51.75,51.52,51.68,66332
2026-04-23T19:45:00+00:00,51.685,52.0,51.66,51.94,118815
2026-04-23T19:50:00+00:00,51.91,52.07,51.76,51.9,223468
2026-04-23T19:55:00+00:00,51.92,52.08,51.91,52.02,715476
2026-04-23T20:00:00+00:00,51.97,52.36,51.83,52.35,30932
2026-04-23T20:05:00+00:00,52.35,52.35,52.0,52.14,16666
2026-04-23T20:10:00+00:00,52.08,52.12,52.08,52.12,6844
2026-04-23T20:15:00+00:00,52.11,52.2,52.1,52.2,9228
2026-04-23T20:20:00+00:00,52.25,52.46,52.25,52.45,7122
2026-04-23T20:25:00+00:00,52.45,52.49,52.37,52.37,4621
2026-04-23T20:30:00+00:00,52.34,52.38,52.3,52.38,5735
2026-04-23T20:35:00+00:00,52.36,52.44,52.35,52.35,2563
2026-04-23T20:40:00+00:00,52.37,52.37,52.3,52.3,1878
2026-04-23T20:45:00+00:00,52.3,52.3,52.03,52.03,2074
2026-04-23T20:50:00+00:00,52.03,52.09,52.03,52.06,1641
2026-04-23T20:55:00+00:00,52.0,52.0,51.8,51.8,3923
2026-04-23T21:00:00+00:00,51.86,51.92,51.8,51.92,3858
2026-04-23T21:05:00+00:00,51.92,51.92,51.92,51.92,180
2026-04-23T21:10:00+00:00,51.97,52.05,51.97,52.01,2677
2026-04-23T21:15:00+00:00,52.01,52.1,52.01,52.1,1643
2026-04-23T21:20:00+00:00,52.1,52.13,52.01,52.129,2777
2026-04-23T21:25:00+00:00,52.14,52.3,52.13,52.3,3807
2026-04-23T21:30:00+00:00,52.3,52.48,52.3,52.39,7738
2026-04-23T21:35:00+00:00,52.46,52.46,52.45,52.46,800
2026-04-23T21:40:00+00:00,52.47,52.6,52.36,52.57,8669
2026-04-23T21:45:00+00:00,52.56,52.57,52.38,52.4,4726
2026-04-23T21:50:00+00:00,52.52,52.58,52.43,52.43,4386
2026-04-23T21:55:00+00:00,52.43,52.43,52.25,52.25,4081
2026-04-23T22:00:00+00:00,52.28,52.379,52.28,52.36,2922
2026-04-23T22:05:00+00:00,52.4,52.45,52.4,52.45,3586
2026-04-23T22:10:00+00:00,52.45,52.48,52.45,52.46,982
2026-04-23T22:15:00+00:00,52.47,52.58,52.45,52.58,2971
2026-04-23T22:20:00+00:00,52.58,52.62,52.5,52.5,6909
2026-04-23T22:25:00+00:00,52.5,52.56,52.5,52.56,1261
2026-04-23T22:30:00+00:00,52.56,52.64,52.56,52.64,4738
2026-04-23T22:35:00+00:00,52.74,52.77,52.74,52.75,7728
2026-04-23T22:40:00+00:00,52.66,52.73,52.66,52.7,2117
2026-04-23T22:45:00+00:00,52.68,52.76,52.66,52.76,1903
2026-04-23T22:50:00+00:00,52.76,52.76,52.69,52.69,1713
2026-04-23T22:55:00+00:00,52.69,52.69,52.66,52.69,1131
2026-04-23T23:00:00+00:00,52.69,52.69,52.65,52.65,2249
2026-04-23T23:05:00+00:00,52.61,52.65,52.61,52.63,1091
2026-04-23T23:10:00+00:00,52.62,52.62,52.56,52.56,1237
2026-04-23T23:15:00+00:00,52.63,52.63,52.57,52.63,1875
2026-04-23T23:20:00+00:00,52.63,52.63,52.6,52.6,844
2026-04-23T23:25:00+00:00,52.61,52.68,52.61,52.62,1734
2026-04-23T23:30:00+00:00,52.59,52.73,52.59,52.73,2844
2026-04-23T23:35:00+00:00,52.73,52.73,52.7,52.7,1393
2026-04-23T23:40:00+00:00,52.7,52.7,52.65,52.65,7581
2026-04-23T23:45:00+00:00,52.65,52.65,52.61,52.61,2234
2026-04-23T23:50:00+00:00,52.61,52.79,52.61,52.75,1566
2026-04-23T23:55:00+00:00,52.77,52.91,52.75,52.89,4861
2026-04-24T08:00:00+00:00,52.89,52.91,52.79,52.79,5520
2026-04-24T08:05:00+00:00,52.79,52.79,52.7,52.7,4505
2026-04-24T08:10:00+00:00,52.68,52.68,52.55,52.55,6727
2026-04-24T08:15:00+00:00,52.64,52.84,52.64,52.83,4604
2026-04-24T08:20:00+00:00,52.8,52.97,52.79,52.91,6637
2026-04-24T08:25:00+00:00,52.9,52.93,52.77,52.82,7864
2026-04-24T08:30:00+00:00,52.82,52.82,52.63,52.63,1791
2026-04-24T08:35:00+00:00,52.63,52.77,52.63,52.69,1922
2026-04-24T08:40:00+00:00,52.69,52.69,52.51,52.51,2157
2026-04-24T08:45:00+00:00,52.54,52.77,52.51,52.76,2366
2026-04-24T08:50:00+00:00,52.76,52.86,52.76,52.8,4345
2026-04-24T08:55:00+00:00,52.83,52.85,52.82,52.82,3127
2026-04-24T09:00:00+00:00,52.81,53.0,52.8,53.0,5242
2026-04-24T09:05:00+00:00,52.97,53.02,52.96,53.0,3219
2026-04-24T09:10:00+00:00,53.0,53.11,53.0,53.11,2988
2026-04-24T09:15:00+00:00,53.11,53.27,53.11,53.27,2469
2026-04-24T09:20:00+00:00,53.32,53.35,53.21,53.26,8779
2026-04-24T09:25:00+00:00,53.31,53.83,53.27,53.7,11989
2026-04-24T09:30:00+00:00,53.71,53.94,53.6,53.6,12159
2026-04-24T09:35:00+00:00,53.6,53.75,53.57,53.63,5252
2026-04-24T09:40:00+00:00,53.57,53.61,53.51,53.61,3842
2026-04-24T09:45:00+00:00,53.61,53.85,53.61,53.85,6930
2026-04-24T09:50:00+00:00,53.84,53.84,53.7,53.73,2797
2026-04-24T09:55:00+00:00,53.73,53.77,53.6,53.65,7012
2026-04-24T10:00:00+00:00,53.65,53.75,53.64,53.64,1952
2026-04-24T10:05:00+00:00,53.6,53.6,53.5,53.5,4527
2026-04-24T10:10:00+00:00,53.5,53.53,53.5,53.53,1432
2026-04-24T10:15:00+00:00,53.53,53.62,53.48,53.48,5569
2026-04-24T10:20:00+00:00,53.48,53.68,53.48,53.63,4962
2026-04-24T10:25:00+00:00,53.63,53.7,53.63,53.69,3250
2026-04-24T10:30:00+00:00,53.6,53.63,53.56,53.56,1104
2026-04-24T10:35:00+00:00,53.56,53.59,53.56,53.59,529
2026-04-24T10:40:00+00:00,53.59,53.6,53.58,53.6,2196
2026-04-24T10:45:00+00:00,53.59,53.6,53.47,53.47,9035
2026-04-24T10:50:00+00:00,53.47,53.48,53.47,53.48,1158
2026-04-24T10:55:00+00:00,53.5,53.52,53.21,53.25,10407
2026-04-24T11:00:00+00:00,53.37,53.78,53.37,53.78,8146
2026-04-24T11:05:00+00:00,53.77,53.87,53.65,53.84,28186
2026-04-24T11:10:00+00:00,53.75,53.9,53.74,53.81,13015
2026-04-24T11:15:00+00:00,53.84,54.0,53.8,54.0,16617
2026-04-24T11:20:00+00:00,53.93,54.02,53.8,54.0,16529
2026-04-24T11:25:00+00:00,54.0,54.4,54.0,54.27,13229
2026-04-24T11:30:00+00:00,54.29,54.38,54.2,54.35,21682
2026-04-24T11:35:00+00:00,54.35,54.36,54.05,54.05,13241
2026-04-24T11:40:00+00:00,54.0,54.15,54.0,54.0,9711
2026-04-24T11:45:00+00:00,54.0,54.04,53.86,54.04,10181
2026-04-24T11:50:00+00:00,54.05,54.05,53.91,53.91,7703
2026-04-24T11:55:00+00:00,53.861,53.93,53.8,53.82,7992
2026-04-24T12:00:00+00:00,53.88,54.18,53.85,54.17,14944
2026-04-24T12:05:00+00:00,54.12,54.12,54.04,54.11,5096
2026-04-24T12:10:00+00:00,54.11,54.25,54.11,54.2,6091
2026-04-24T12:15:00+00:00,54.2,54.2,53.94,54.05,7870
2026-04-24T12:20:00+00:00,54.0,54.0,53.9,53.95,5400
2026-04-24T12:25:00+00:00,53.92,53.92,53.89,53.89,2412
2026-04-24T12:30:00+00:00,53.85,53.88,53.83,53.83,9218
2026-04-24T12:35:00+00:00,53.84,53.85,53.57,53.84,52637
2026-04-24T12:40:00+00:00,53.87,53.9,53.8,53.81,15093
2026-04-24T12:45:00+00:00,53.82,53.85,53.79,53.8,42575
2026-04-24T12:50:00+00:00,53.8,53.81,53.34,53.35,86558
2026-04-24T12:55:00+00:00,53.34,53.52,53.29,53.46,9226
2026-04-24T13:00:00+00:00,53.48,53.54,53.38,53.5,8235
2026-04-24T13:05:00+00:00,53.55,53.65,53.5,53.54,3567
2026-04-24T13:10:00+00:00,53.5,53.66,53.49,53.66,10251
2026-04-24T13:15:00+00:00,53.66,53.9,53.66,53.9,21079
2026-04-24T13:20:00+00:00,53.95,53.99,53.69,53.7,13160
2026-04-24T13:25:00+00:00,53.78,53.78,53.25,53.25,22833
2026-04-24T13:30:00+00:00,53.24,54.13,52.94,53.67,772543
2026-04-24T13:35:00+00:00,53.65,53.71,52.69,53.14,337767
2026-04-24T13:40:00+00:00,53.13,53.4,52.67,52.94,215926
2026-04-24T13:45:00+00:00,52.99,53.33,52.61,53.01,196135
2026-04-24T13:50:00+00:00,53.06,53.1,52.1,52.23,213182
2026-04-24T13:55:00+00:00,52.22,52.33,51.57,52.32,185257
2026-04-24T14:00:00+00:00,52.29,52.4,51.68,51.92,195097
2026-04-24T14:05:00+00:00,51.9,52.25,51.85,52.14,113110
2026-04-24T14:10:00+00:00,52.15,52.51,51.99,52.11,171901
2026-04-24T14:15:00+00:00,52.1,52.1,51.41,51.82,134620
2026-04-24T14:20:00+00:00,51.81,51.99,51.51,51.89,81834
2026-04-24T14:25:00+00:00,51.84,51.84,51.05,51.16,107887
2026-04-24T14:30:00+00:00,51.18,51.25,50.52,51.0,170347
2026-04-24T14:35:00+00:00,51.04,51.16,50.65,51.13,99248
2026-04-24T14:40:00+00:00,51.17,51.37,51.04,51.31,120564
2026-04-24T14:45:00+00:00,51.31,51.32,50.99,51.3,92240
2026-04-24T14:50:00+00:00,51.29,51.46,51.1,51.1,81788
2026-04-24T14:55:00+00:00,51.12,51.31,50.95,51.26,90116
2026-04-24T15:00:00+00:00,51.255,51.74,51.14,51.59,95948
2026-04-24T15:05:00+00:00,51.61,51.61,51.23,51.28,84067
2026-04-24T15:10:00+00:00,51.27,51.51,51.09,51.51,77011
2026-04-24T15:15:00+00:00,51.55,51.58,51.05,51.1,71920
2026-04-24T15:20:00+00:00,51.11,51.45,51.08,51.31,66477
2026-04-24T15:25:00+00:00,51.3,51.51,51.23,51.42,64826
2026-04-24T15:30:00+00:00,51.405,51.67,51.34,51.34,57372
2026-04-24T15:35:00+00:00,51.33,51.43,51.18,51.33,49034
2026-04-24T15:40:00+00:00,51.31,51.86,51.3,51.79,65403
2026-04-24T15:45:00+00:00,51.805,52.34,51.805,52.33,157313
2026-04-24T15:50:00+00:00,52.37,52.58,52.29,52.41,125426
2026-04-24T15:55:00+00:00,52.42,52.62,52.38,52.48,72534
2026-04-24T16:00:00+00:00,52.45,52.45,51.76,52.01,132497
2026-04-24T16:05:00+00:00,52.0,52.06,51.7,51.93,56978
2026-04-24T16:10:00+00:00,51.89,52.05,51.52,51.545,74400
2026-04-24T16:15:00+00:00,51.53,51.56,51.11,51.32,176231
2026-04-24T16:20:00+00:00,51.33,51.45,51.1,51.44,105607
2026-04-24T16:25:00+00:00,51.43,51.53,51.28,51.34,81667
2026-04-24T16:30:00+00:00,51.39,51.83,51.38,51.73,110593
2026-04-24T16:35:00+00:00,51.71,51.81,51.52,51.69,92057
2026-04-24T16:40:00+00:00,51.7,51.715,51.18,51.43,105243
2026-04-24T16:45:00+00:00,51.42,51.51,50.98,51.06,116730
2026-04-24T16:50:00+00:00,51.09,51.22,51.02,51.16,83852
2026-04-24T16:55:00+00:00,51.19,51.45,51.18,51.26,71759
2026-04-24T17:00:00+00:00,51.29,51.29,50.95,51.08,71269
2026-04-24T17:05:00+00:00,51.11,51.18,50.81,50.96,66280
2026-04-24T17:10:00+00:00,50.97,51.19,50.92,51.16,44797
2026-04-24T17:15:00+00:00,51.14,51.19,51.0,51.1,60624
2026-04-24T17:20:00+00:00,51.14,51.15,50.845,51.01,36629
2026-04-24T17:25:00+00:00,51.03,51.05,50.85,50.945,44208
2026-04-24T17:30:00+00:00,50.94,51.02,50.86,50.97,63256
2026-04-24T17:35:00+00:00,50.95,51.01,50.56,50.59,93385
2026-04-24T17:40:00+00:00,50.595,51.03,50.595,51.03,40468
2026-04-24T17:45:00+00:00,51.04,51.13,50.855,50.89,46298
2026-04-24T17:50:00+00:00,50.9,51.49,50.89,51.41,117932
2026-04-24T17:55:00+00:00,51.405,51.47,51.28,51.29,61551
2026-04-24T18:00:00+00:00,51.27,51.49,51.18,51.41,56589
2026-04-24T18:05:00+00:00,51.38,51.51,51.33,51.36,58472
2026-04-24T18:10:00+00:00,51.37,51.425,51.25,51.275,50997
2026-04-24T18:15:00+00:00,51.27,51.305,51.11,51.2,54476
2026-04-24T18:20:00+00:00,51.19,51.26,51.13,51.23,26423
2026-04-24T18:25:00+00:00,51.25,51.525,51.22,51.5,63316
2026-04-24T18:30:00+00:00,51.55,51.82,51.55,51.735,65099
2026-04-24T18:35:00+00:00,51.735,51.78,51.65,51.77,34966
2026-04-24T18:40:00+00:00,51.79,51.89,51.71,51.84,64000
2026-04-24T18:45:00+00:00,51.84,51.885,51.77,51.78,34039
2026-04-24T18:50:00+00:00,51.77,52.0,51.71,51.86,95538
2026-04-24T18:55:00+00:00,51.85,52.06,51.81,52.035,62776
2026-04-24T19:00:00+00:00,52.04,52.33,52.01,52.08,65548
2026-04-24T19:05:00+00:00,52.07,52.09,51.87,51.95,57885
2026-04-24T19:10:00+00:00,51.96,52.01,51.84,51.97,51963
2026-04-24T19:15:00+00:00,51.97,52.11,51.95,51.97,45010
2026-04-24T19:20:00+00:00,51.97,51.97,51.755,51.825,54971
2026-04-24T19:25:00+00:00,51.81,51.81,51.56,51.77,55957
2026-04-24T19:30:00+00:00,51.77,51.93,51.34,51.36,103577
2026-04-24T19:35:00+00:00,51.35,51.35,50.7,50.93,118214
2026-04-24T19:40:00+00:00,50.94,51.15,50.88,50.92,71692
2026-04-24T19:45:00+00:00,50.89,50.89,50.29,50.47,142827
2026-04-24T19:50:00+00:00,50.48,50.54,50.13,50.45,203786
2026-04-24T19:55:00+00:00,50.44,50.74,50.42,50.62,402696
2026-04-24T20:00:00+00:00,50.67,51.07,50.67,50.99,25139
2026-04-24T20:05:00+00:00,50.99,50.99,50.78,50.85,9111
2026-04-24T20:10:00+00:00,50.9,50.93,50.8,50.8,5365
2026-04-24T20:15:00+00:00,50.8,50.88,50.8,50.88,4258
2026-04-24T20:20:00+00:00,50.9,50.9,50.88,50.9,4220
2026-04-24T20:25:00+00:00,50.88,50.89,50.85,50.88,1859
2026-04-24T20:30:00+00:00,50.83,50.9,50.83,50.9,1068
2026-04-24T20:35:00+00:00,50.9,50.9,50.9,50.9,1256
2026-04-24T20:40:00+00:00,50.9,50.9,50.896,50.896,601
2026-04-24T20:45:00+00:00,50.896,50.9,50.88,50.9,1562
2026-04-24T20:50:00+00:00,50.92,50.95,50.911,50.95,5005
2026-04-24T20:55:00+00:00,50.96,50.96,50.901,50.901,3743
2026-04-24T21:00:00+00:00,50.9,50.94,50.9,50.94,619
2026-04-24T21:05:00+00:00,50.91,50.92,50.9,50.9,872
2026-04-24T21:10:00+00:00,50.87,50.87,50.8,50.8,1579
2026-04-24T21:15:00+00:00,50.8,50.87,50.8,50.87,920
2026-04-24T21:20:00+00:00,50.87,50.87,50.87,50.87,229
2026-04-24T21:25:00+00:00,50.87,50.88,50.87,50.88,573
2026-04-24T21:30:00+00:00,50.88,50.88,50.88,50.88,97
2026-04-24T21:35:00+00:00,50.88,50.88,50.88,50.88,105
2026-04-24T21:40:00+00:00,50.88,50.88,50.84,50.84,263
2026-04-24T21:45:00+00:00,50.84,50.88,50.84,50.88,1162
2026-04-24T21:50:00+00:00,50.88,50.88,50.88,50.88,141
2026-04-24T21:55:00+00:00,50.88,50.88,50.85,50.85,152
2026-04-24T22:00:00+00:00,50.85,50.85,50.8,50.8,2073
2026-04-24T22:05:00+00:00,50.8,50.8,50.75,50.75,616
2026-04-24T22:10:00+00:00,50.78,50.78,50.78,50.78,441
2026-04-24T22:15:00+00:00,50.76,50.78,50.76,50.78,397
2026-04-24T22:20:00+00:00,50.78,50.78,50.78,50.78,300
2026-04-24T22:25:00+00:00,50.78,50.78,50.78,50.78,456
2026-04-24T22:30:00+00:00,50.78,50.78,50.78,50.78,241
2026-04-24T22:35:00+00:00,50.78,50.78,50.78,50.78,706
2026-04-24T22:40:00+00:00,50.78,50.78,50.73,50.73,356
2026-04-24T22:45:00+00:00,50.73,50.9,50.73,50.9,14824
2026-04-24T22:50:00+00:00,50.89,51.0,50.89,50.97,10538
2026-04-24T22:55:00+00:00,50.97,50.97,50.97,50.97,62
2026-04-24T23:00:00+00:00,50.97,50.97,50.97,50.97,8
2026-04-24T23:05:00+00:00,50.8,50.8,50.8,50.8,270
2026-04-24T23:10:00+00:00,50.8,50.8,50.72,50.72,474
2026-04-24T23:15:00+00:00,50.72,50.78,50.71,50.78,783
2026-04-24T23:20:00+00:00,50.78,50.78,50.71,50.71,899
2026-04-24T23:25:00+00:00,50.71,50.71,50.7,50.7,745
2026-04-24T23:30:00+00:00,50.7,50.7,50.65,50.65,405
2026-04-24T23:35:00+00:00,50.67,50.69,50.65,50.66,3622
2026-04-24T23:40:00+00:00,50.75,50.79,50.75,50.78,926
2026-04-24T23:45:00+00:00,50.78,50.78,50.78,50.78,355
2026-04-24T23:50:00+00:00,50.78,50.78,50.74,50.75,1008
2026-04-24T23:55:00+00:00,50.73,50.75,50.64,50.64,2736
2026-04-27T08:00:00+00:00,50.22,51.1,50.22,51.02,4756
2026-04-27T08:05:00+00:00,51.02,51.02,50.9,50.9,744
2026-04-27T08:10:00+00:00,50.9,50.9,50.89,50.89,2072
2026-04-27T08:15:00+00:00,50.98,50.99,50.95,50.97,1734
2026-04-27T08:20:00+00:00,50.97,50.97,50.88,50.89,1025
2026-04-27T08:25:00+00:00,50.89,50.89,50.85,50.86,466
2026-04-27T08:30:00+00:00,50.9,50.91,50.9,50.91,569
2026-04-27T08:35:00+00:00,50.95,50.95,50.95,50.95,590
2026-04-27T08:40:00+00:00,50.95,50.95,50.94,50.94,118
2026-04-27T08:45:00+00:00,50.94,51.13,50.94,51.13,1259
2026-04-27T08:50:00+00:00,51.13,51.13,51.02,51.02,1326
2026-04-27T08:55:00+00:00,51.02,51.02,51.02,51.02,376
2026-04-27T09:00:00+00:00,51.02,51.09,51.02,51.08,1141
2026-04-27T09:05:00+00:00,51.08,51.08,51.04,51.04,1067
2026-04-27T09:10:00+00:00,51.04,51.04,51.04,51.04,229
2026-04-27T09:15:00+00:00,51.04,51.04,51.04,51.04,88
2026-04-27T09:20:00+00:00,51.04,51.04,51.02,51.03,1786
2026-04-27T09:25:00+00:00,51.03,51.03,51.03,51.03,183
2026-04-27T09:30:00+00:00,51.11,51.11,51.1,51.11,972
2026-04-27T09:35:00+00:00,51.11,51.3,51.11,51.3,2967
2026-04-27T09:40:00+00:00,51.11,51.11,51.11,51.11,1147
2026-04-27T09:45:00+00:00,51.11,51.11,51.0,51.03,3375
2026-04-27T09:50:00+00:00,51.06,51.06,51.05,51.05,380
2026-04-27T09:55:00+00:00,51.05,51.16,51.05,51.1,1175
2026-04-27T10:00:00+00:00,51.01,51.01,51.01,51.01,452
2026-04-27T10:05:00+00:00,51.01,51.01,50.945,51.0,2109
2026-04-27T10:10:00+00:00,51.0,51.0,50.94,50.95,474
2026-04-27T10:15:00+00:00,50.95,50.95,50.95,50.95,189
2026-04-27T10:20:00+00:00,50.95,50.95,50.95,50.95,161
2026-04-27T10:25:00+00:00,50.91,50.92,50.89,50.89,2682
2026-04-27T10:30:00+00:00,51.0,51.05,51.0,51.05,2244
2026-04-27T10:35:00+00:00,51.0,51.02,51.0,51.02,3430
2026-04-27T10:40:00+00:00,51.05,51.07,51.05,51.06,1896
2026-04-27T10:45:00+00:00,51.06,51.06,51.0,51.0,2321
2026-04-27T10:50:00+00:00,51.0,51.0,51.0,51.0,626
2026-04-27T10:55:00+00:00,51.0,51.04,51.0,51.04,685
2026-04-27T11:00:00+00:00,51.0,51.12,51.0,51.07,6018
2026-04-27T11:05:00+00:00,51.08,51.08,51.0,51.0,5840
2026-04-27T11:10:00+00:00,51.0,51.1,51.0,51.1,1462
2026-04-27T11:15:00+00:00,51.1,51.15,51.08,51.15,1583
2026-04-27T11:20:00+00:00,51.18,51.23,51.18,51.23,1258
2026-04-27T11:25:00+00:00,51.29,51.29,51.23,51.23,2121
2026-04-27T11:30:00+00:00,51.3,51.3,51.28,51.28,1440
2026-04-27T11:35:00+00:00,51.201,51.26,51.19,51.26,2496
2026-04-27T11:40:00+00:00,51.25,51.26,51.19,51.22,2572
2026-04-27T11:45:00+00:00,51.21,51.21,51.16,51.16,2537
2026-04-27T11:50:00+00:00,51.15,51.15,51.11,51.11,1423
2026-04-27T11:55:00+00:00,51.11,51.16,51.11,51.16,1058
2026-04-27T12:00:00+00:00,51.18,51.2,51.1,51.1,1803
2026-04-27T12:05:00+00:00,51.1,51.1,51.05,51.05,964
2026-04-27T12:10:00+00:00,51.05,51.05,51.04,51.04,440
2026-04-27T12:15:00+00:00,51.02,51.09,51.01,51.09,2510
2026-04-27T12:20:00+00:00,51.1,51.1,51.0,51.0,22529
2026-04-27T12:25:00+00:00,51.0,51.0,50.9,50.9,33605
2026-04-27T12:30:00+00:00,51.0,51.0,50.88,50.89,1930
2026-04-27T12:35:00+00:00,50.89,50.89,50.7,50.7,5870
2026-04-27T12:40:00+00:00,50.7,50.84,50.7,50.84,1645
2026-04-27T12:45:00+00:00,50.82,50.82,50.76,50.79,10001
2026-04-27T12:50:00+00:00,50.82,50.87,50.82,50.85,1736
2026-04-27T12:55:00+00:00,50.85,50.85,50.71,50.76,3714
2026-04-27T13:00:00+00:00,50.73,50.73,50.34,50.36,10753
2026-04-27T13:05:00+00:00,50.3,50.49,50.25,50.47,7605
2026-04-27T13:10:00+00:00,50.4,50.52,50.358,50.52,4897
2026-04-27T13:15:00+00:00,50.51,50.51,50.41,50.43,5024
2026-04-27T13:20:00+00:00,50.43,50.51,50.43,50.48,1674
2026-04-27T13:25:00+00:00,50.48,50.48,50.13,50.2,13138
2026-04-27T13:30:00+00:00,50.17,50.17,48.63,49.65,754650
2026-04-27T13:35:00+00:00,49.63,50.19,49.41,49.86,204940
2026-04-27T13:40:00+00:00,49.85,49.85,49.175,49.55,179421
2026-04-27T13:45:00+00:00,49.46,49.61,49.0,49.2,249639
2026-04-27T13:50:00+00:00,49.17,49.62,48.54,49.585,229126
2026-04-27T13:55:00+00:00,49.62,50.35,49.52,50.19,188273
2026-04-27T14:00:00+00:00,50.18,50.28,49.7,49.82,146926
2026-04-27T14:05:00+00:00,49.81,49.84,49.51,49.52,105401
2026-04-27T14:10:00+00:00,49.52,50.09,49.44,50.0,92827
2026-04-27T14:15:00+00:00,50.02,50.02,49.58,49.74,52804
2026-04-27T14:20:00+00:00,49.69,49.69,49.28,49.57,69791
2026-04-27T14:25:00+00:00,49.55,49.78,49.5,49.59,44499
2026-04-27T14:30:00+00:00,49.55,49.57,49.1,49.43,91237
2026-04-27T14:35:00+00:00,49.44,49.68,49.31,49.455,111818
2026-04-27T14:40:00+00:00,49.47,49.56,49.11,49.525,67648
2026-04-27T14:45:00+00:00,49.52,49.55,49.29,49.48,60758
2026-04-27T14:50:00+00:00,49.46,49.63,48.97,49.02,89162
2026-04-27T14:55:00+00:00,49.03,49.03,48.71,48.78,65054
2026-04-27T15:00:00+00:00,48.79,48.8,48.26,48.31,166776
2026-04-27T15:05:00+00:00,48.3,48.64,48.13,48.61,109691
2026-04-27T15:10:00+00:00,48.6,48.74,48.45,48.49,61490
2026-04-27T15:15:00+00:00,48.47,48.58,48.26,48.33,66311
2026-04-27T15:20:00+00:00,48.34,48.5,47.815,47.84,122691
2026-04-27T15:25:00+00:00,47.84,48.14,47.71,48.14,96510
2026-04-27T15:30:00+00:00,48.17,48.35,48.17,48.27,41217
2026-04-27T15:35:00+00:00,48.24,48.405,48.17,48.4,34965
2026-04-27T15:40:00+00:00,48.41,48.41,48.235,48.24,31449
2026-04-27T15:45:00+00:00,48.28,48.28,48.04,48.04,52023
2026-04-27T15:50:00+00:00,48.05,48.12,47.86,47.95,43935
2026-04-27T15:55:00+00:00,47.97,48.15,47.86,48.12,47395
2026-04-27T16:00:00+00:00,48.11,48.19,47.97,48.12,41382
2026-04-27T16:05:00+00:00,48.105,48.2,48.04,48.19,29863
2026-04-27T16:10:00+00:00,48.18,48.27,48.07,48.12,33664
2026-04-27T16:15:00+00:00,48.15,48.26,47.95,47.96,35754
2026-04-27T16:20:00+00:00,47.98,48.02,47.78,47.84,50146
2026-04-27T16:25:00+00:00,47.84,47.89,47.67,47.81,48304
2026-04-27T16:30:00+00:00,47.81,48.02,47.73,47.93,45091
2026-04-27T16:35:00+00:00,47.93,48.0,47.83,47.91,26124
2026-04-27T16:40:00+00:00,47.9,48.06,47.88,47.94,33975
2026-04-27T16:45:00+00:00,47.98,48.0,47.86,47.86,20267
2026-04-27T16:50:00+00:00,47.9,48.09,47.9,47.96,71264
2026-04-27T16:55:00+00:00,47.95,48.0,47.87,47.93,36017
2026-04-27T17:00:00+00:00,47.94,48.23,47.94,48.23,58616
2026-04-27T17:05:00+00:00,48.22,48.36,48.16,48.22,67665
2026-04-27T17:10:00+00:00,48.24,48.49,48.16,48.46,32862
2026-04-27T17:15:00+00:00,48.47,48.61,48.26,48.275,53287
2026-04-27T17:20:00+00:00,48.27,48.6,48.2,48.57,56367
2026-04-27T17:25:00+00:00,48.57,48.84,48.55,48.76,86660
2026-04-27T17:30:00+00:00,48.75,48.96,48.73,48.94,62134
2026-04-27T17:35:00+00:00,48.945,49.13,48.93,48.98,71124
2026-04-27T17:40:00+00:00,48.97,48.97,48.67,48.71,65002
2026-04-27T17:45:00+00:00,48.67,48.72,48.53,48.67,44283
2026-04-27T17:50:00+00:00,48.69,48.705,48.525,48.61,34650
2026-04-27T17:55:00+00:00,48.63,48.69,48.43,48.5,50750
2026-04-27T18:00:00+00:00,48.49,48.76,48.44,48.74,50735
2026-04-27T18:05:00+00:00,48.72,48.89,48.71,48.82,62860
2026-04-27T18:10:00+00:00,48.82,49.08,48.82,48.94,48528
2026-04-27T18:15:00+00:00,48.94,49.21,48.94,49.19,43969
2026-04-27T18:20:00+00:00,49.21,49.22,49.08,49.16,32297
2026-04-27T18:25:00+00:00,49.11,49.12,48.97,49.09,36761
2026-04-27T18:30:00+00:00,49.08,49.15,48.94,49.05,35997
2026-04-27T18:35:00+00:00,49.055,49.1,48.95,49.07,40317
2026-04-27T18:40:00+00:00,49.06,49.27,49.05,49.24,40463
2026-04-27T18:45:00+00:00,49.23,49.25,49.09,49.14,25163
2026-04-27T18:50:00+00:00,49.12,49.13,48.85,48.86,45150
2026-04-27T18:55:00+00:00,48.83,49.25,48.79,49.25,46104
2026-04-27T19:00:00+00:00,49.24,49.47,48.97,49.05,84349
2026-04-27T19:05:00+00:00,49.04,49.05,48.66,48.71,60598
2026-04-27T19:10:00+00:00,48.73,48.88,48.5,48.85,59349
2026-04-27T19:15:00+00:00,48.83,48.98,48.75,48.95,39012
2026-04-27T19:20:00+00:00,48.93,48.93,48.68,48.68,41130
2026-04-27T19:25:00+00:00,48.68,48.69,48.44,48.44,78771
2026-04-27T19:30:00+00:00,48.43,48.43,48.16,48.21,123826
2026-04-27T19:35:00+00:00,48.19,48.28,48.09,48.21,50350
2026-04-27T19:40:00+00:00,48.21,48.33,48.14,48.22,62477
2026-04-27T19:45:00+00:00,48.25,48.435,48.18,48.435,44038
2026-04-27T19:50:00+00:00,48.44,48.44,47.9,47.96,187853
2026-04-27T19:55:00+00:00,47.96,48.39,47.96,48.38,522295
2026-04-27T20:00:00+00:00,48.37,48.78,48.36,48.5,72157
2026-04-27T20:05:00+00:00,48.54,48.55,48.5,48.5,2086
2026-04-27T20:10:00+00:00,48.5,48.5,48.49,48.5,2279
2026-04-27T20:15:00+00:00,48.5,48.55,48.5,48.55,1079
2026-04-27T20:20:00+00:00,48.55,48.55,48.51,48.52,17423
2026-04-27T20:25:00+00:00,48.52,48.52,48.51,48.51,1388
2026-04-27T20:30:00+00:00,48.51,48.62,48.51,48.62,966
2026-04-27T20:35:00+00:00,48.64,48.64,48.58,48.58,1358
2026-04-27T20:40:00+00:00,48.6,48.6,48.6,48.6,447
2026-04-27T20:45:00+00:00,48.52,48.55,48.52,48.55,1045
2026-04-27T20:50:00+00:00,48.56,48.56,48.51,48.51,519
2026-04-27T20:55:00+00:00,48.51,48.51,48.51,48.51,23
2026-04-27T21:00:00+00:00,48.51,48.51,48.51,48.51,103
2026-04-27T21:05:00+00:00,48.51,48.51,48.45,48.45,2117
2026-04-27T21:10:00+00:00,48.45,48.45,48.45,48.45,195
2026-04-27T21:15:00+00:00,48.45,48.52,48.45,48.52,429
2026-04-27T21:20:00+00:00,48.46,48.46,48.46,48.46,487
2026-04-27T21:25:00+00:00,48.46,48.46,48.46,48.46,25
2026-04-27T21:30:00+00:00,48.46,48.46,48.46,48.46,102
2026-04-27T21:35:00+00:00,48.46,48.46,48.46,48.46,15
2026-04-27T21:40:00+00:00,48.46,48.46,48.46,48.46,20
2026-04-27T21:45:00+00:00,48.48,48.48,48.48,48.48,398
2026-04-27T21:50:00+00:00,48.48,48.49,48.48,48.49,352
2026-04-27T21:55:00+00:00,48.5,48.5,48.5,48.5,1300
2026-04-27T22:00:00+00:00,48.5,48.52,48.5,48.52,835
2026-04-27T22:05:00+00:00,48.52,48.52,48.52,48.52,2
2026-04-27T22:10:00+00:00,48.52,48.55,48.52,48.55,4206
2026-04-27T22:15:00+00:00,48.55,48.55,48.55,48.55,15
2026-04-27T22:20:00+00:00,48.55,48.55,48.55,48.55,48
2026-04-27T22:25:00+00:00,48.55,48.55,48.55,48.55,56
2026-04-27T22:30:00+00:00,48.53,48.589,48.53,48.589,1725
2026-04-27T22:35:00+00:00,48.55,48.55,48.53,48.53,1125
2026-04-27T22:40:00+00:00,48.63,48.69,48.63,48.69,5511
2026-04-27T22:45:00+00:00,48.69,48.69,48.65,48.65,425
2026-04-27T22:50:00+00:00,48.65,48.65,48.65,48.65,50
2026-04-27T22:55:00+00:00,48.65,48.65,48.65,48.65,12
2026-04-27T23:00:00+00:00,48.65,48.65,48.65,48.65,338
2026-04-27T23:05:00+00:00,48.65,48.65,48.65,48.65,69
2026-04-27T23:10:00+00:00,48.62,48.62,48.62,48.62,452
2026-04-27T23:15:00+00:00,48.62,48.62,48.62,48.62,131
2026-04-27T23:20:00+00:00,48.62,48.62,48.62,48.62,108
2026-04-27T23:25:00+00:00,48.62,48.62,48.62,48.62,227
2026-04-27T23:30:00+00:00,48.67,48.67,48.62,48.62,493
2026-04-27T23:35:00+00:00,48.62,48.62,48.62,48.62,92
2026-04-27T23:40:00+00:00,48.62,48.72,48.62,48.7,539
2026-04-27T23:45:00+00:00,48.7,48.7,48.7,48.7,206
2026-04-27T23:50:00+00:00,48.7,48.71,48.67,48.67,2810
2026-04-27T23:55:00+00:00,48.67,48.74,48.67,48.74,1141
2026-04-28T08:00:00+00:00,47.76,47.76,47.43,47.43,2011
2026-04-28T08:05:00+00:00,47.35,47.39,47.35,47.39,1227
2026-04-28T08:10:00+00:00,47.47,47.52,47.27,47.37,10214
2026-04-28T08:15:00+00:00,47.49,47.6,47.49,47.53,3626
2026-04-28T08:20:00+00:00,47.53,47.59,47.53,47.53,394
2026-04-28T08:25:00+00:00,47.53,47.7,47.53,47.7,3305
2026-04-28T08:30:00+00:00,47.7,47.74,47.7,47.73,1545
2026-04-28T08:35:00+00:00,47.73,47.73,47.67,47.72,887
2026-04-28T08:40:00+00:00,47.72,47.72,47.72,47.72,292
2026-04-28T08:45:00+00:00,47.72,47.72,47.65,47.65,154
2026-04-28T08:50:00+00:00,47.58,47.58,47.58,47.58,685
2026-04-28T08:55:00+00:00,47.58,47.58,47.53,47.53,311
2026-04-28T09:00:00+00:00,47.53,47.53,47.47,47.47,2360
2026-04-28T09:05:00+00:00,47.5,47.5,47.5,47.5,553
2026-04-28T09:10:00+00:00,47.5,47.5,47.47,47.5,1425
2026-04-28T09:15:00+00:00,47.48,47.5,47.48,47.5,487
2026-04-28T09:20:00+00:00,47.5,47.5,47.36,47.36,1761
2026-04-28T09:25:00+00:00,47.37,47.37,47.31,47.34,2786
2026-04-28T09:30:00+00:00,47.38,47.38,47.07,47.18,7393
2026-04-28T09:35:00+00:00,47.12,47.12,46.8,46.8,7509
2026-04-28T09:40:00+00:00,46.73,46.8,46.7,46.8,3726
2026-04-28T09:45:00+00:00,46.73,46.73,46.6,46.71,4958
2026-04-28T09:50:00+00:00,46.71,46.94,46.71,46.94,2624
2026-04-28T09:55:00+00:00,46.94,46.94,46.94,46.94,1138
2026-04-28T10:00:00+00:00,46.9,47.0,46.9,47.0,6571
2026-04-28T10:05:00+00:00,47.0,47.0,46.81,46.81,2095
2026-04-28T10:10:00+00:00,46.71,46.77,46.7,46.76,2740
2026-04-28T10:15:00+00:00,46.76,46.86,46.7,46.86,1562
2026-04-28T10:20:00+00:00,46.85,46.85,46.79,46.79,4613
2026-04-28T10:25:00+00:00,46.79,46.79,46.75,46.75,1515
2026-04-28T10:30:00+00:00,46.85,46.85,46.73,46.73,866
2026-04-28T10:35:00+00:00,46.73,46.8,46.73,46.8,850
2026-04-28T10:40:00+00:00,46.8,46.8,46.8,46.8,325
2026-04-28T10:45:00+00:00,46.8,46.8,46.79,46.79,596
2026-04-28T10:50:00+00:00,46.76,46.76,46.76,46.76,593
2026-04-28T10:55:00+00:00,46.77,46.79,46.74,46.75,2571
2026-04-28T11:00:00+00:00,46.81,46.81,46.45,46.49,16088
2026-04-28T11:05:00+00:00,46.5,46.56,46.46,46.46,5114
2026-04-28T11:10:00+00:00,46.4,46.4,46.23,46.28,18711
2026-04-28T11:15:00+00:00,46.24,46.24,46.11,46.17,9620
2026-04-28T11:20:00+00:00,46.1,46.13,45.91,46.01,26283
2026-04-28T11:25:00+00:00,46.05,46.05,45.87,46.0,7794
2026-04-28T11:30:00+00:00,46.01,46.01,45.87,45.9,12258
2026-04-28T11:35:00+00:00,46.01,46.01,45.85,45.86,10771
2026-04-28T11:40:00+00:00,45.82,46.0,45.75,45.96,13329
2026-04-28T11:45:00+00:00,45.97,46.01,45.9,45.92,9568
2026-04-28T11:50:00+00:00,45.85,45.85,45.69,45.71,12281
2026-04-28T11:55:00+00:00,45.75,45.91,45.75,45.91,5108
2026-04-28T12:00:00+00:00,45.89,46.14,45.85,46.04,10055
2026-04-28T12:05:00+00:00,46.04,46.04,45.8,45.8,12854
2026-04-28T12:10:00+00:00,45.76,45.87,45.67,45.87,4953
2026-04-28T12:15:00+00:00,45.88,45.88,45.57,45.57,7539
2026-04-28T12:20:00+00:00,45.6,45.81,45.6,45.8,34398
2026-04-28T12:25:00+00:00,45.8,45.8,45.76,45.76,2283
2026-04-28T12:30:00+00:00,45.75,45.75,45.61,45.62,6018
2026-04-28T12:35:00+00:00,45.62,45.95,45.62,45.87,11884
2026-04-28T12:40:00+00:00,45.95,46.19,45.95,46.19,26817
2026-04-28T12:45:00+00:00,46.04,46.05,45.82,45.95,24195
2026-04-28T12:50:00+00:00,46.05,46.2,46.04,46.18,5134
2026-04-28T12:55:00+00:00,46.1,46.18,46.07,46.1,3827
2026-04-28T13:00:00+00:00,46.0,46.22,45.87,46.2,3639
2026-04-28T13:05:00+00:00,46.19,46.25,46.095,46.12,20358
2026-04-28T13:10:00+00:00,46.05,46.12,46.0,46.0,3009
2026-04-28T13:15:00+00:00,45.95,46.01,45.91,45.99,4469
2026-04-28T13:20:00+00:00,46.0,46.2,45.95,46.2,6552
2026-04-28T13:25:00+00:00,46.21,46.21,45.81,45.9,18961
2026-04-28T13:30:00+00:00,45.8,45.93,45.16,45.63,755036
2026-04-28T13:35:00+00:00,45.61,45.95,45.43,45.76,266067
2026-04-28T13:40:00+00:00,45.73,46.74,45.68,46.41,203514
2026-04-28T13:45:00+00:00,46.38,46.38,45.85,45.87,142614
2026-04-28T13:50:00+00:00,45.83,45.83,45.345,45.39,160296
2026-04-28T13:55:00+00:00,45.4,45.72,45.27,45.48,200054
2026-04-28T14:00:00+00:00,45.49,45.49,44.65,44.81,307058
2026-04-28T14:05:00+00:00,44.83,45.04,44.71,44.85,146565
2026-04-28T14:10:00+00:00,44.865,44.92,44.58,44.69,126324
2026-04-28T14:15:00+00:00,44.69,44.77,44.185,44.6,224291
2026-04-28T14:20:00+00:00,44.61,44.88,44.425,44.6,163398
2026-04-28T14:25:00+00:00,44.59,44.87,44.49,44.6,114624
2026-04-28T14:30:00+00:00,44.59,44.78,44.42,44.61,97342
2026-04-28T14:35:00+00:00,44.62,44.68,44.17,44.365,125471
2026-04-28T14:40:00+00:00,44.36,44.54,44.08,44.54,104571
2026-04-28T14:45:00+00:00,44.53,44.56,43.95,43.95,172929
2026-04-28T14:50:00+00:00,43.93,43.93,43.54,43.68,196203
2026-04-28T14:55:00+00:00,43.68,44.59,43.68,44.59,173116
2026-04-28T15:00:00+00:00,44.6,44.77,44.43,44.47,108293
2026-04-28T15:05:00+00:00,44.49,44.51,44.015,44.19,86270
2026-04-28T15:10:00+00:00,44.19,44.55,44.115,44.42,73565
2026-04-28T15:15:00+00:00,44.41,44.54,44.25,44.54,63852
2026-04-28T15:20:00+00:00,44.54,44.54,44.21,44.28,57064
2026-04-28T15:25:00+00:00,44.29,44.34,44.15,44.28,41524
2026-04-28T15:30:00+00:00,44.25,44.305,44.065,44.16,50210
2026-04-28T15:35:00+00:00,44.12,44.2,43.95,44.17,55228
2026-04-28T15:40:00+00:00,44.13,44.21,44.07,44.18,50986
2026-04-28T15:45:00+00:00,44.18,44.29,44.08,44.23,46770
2026-04-28T15:50:00+00:00,44.24,44.455,44.2,44.455,39848
2026-04-28T15:55:00+00:00,44.42,44.53,44.31,44.46,40595
2026-04-28T16:00:00+00:00,44.47,44.5,44.34,44.42,63592
2026-04-28T16:05:00+00:00,44.42,44.47,44.22,44.27,71325
2026-04-28T16:10:00+00:00,44.28,44.34,44.1,44.14,42188
2026-04-28T16:15:00+00:00,44.12,44.12,43.92,43.96,58278
2026-04-28T16:20:00+00:00,43.98,44.17,43.91,44.13,68468
2026-04-28T16:25:00+00:00,44.13,44.15,43.98,43.98,63690
2026-04-28T16:30:00+00:00,43.98,44.09,43.95,43.99,44573
2026-04-28T16:35:00+00:00,43.96,44.05,43.91,43.97,43256
2026-04-28T16:40:00+00:00,43.98,44.045,43.91,43.96,39111
2026-04-28T16:45:00+00:00,43.97,44.09,43.91,43.97,35537
2026-04-28T16:50:00+00:00,43.96,44.32,43.94,44.275,70719
2026-04-28T16:55:00+00:00,44.25,44.27,43.98,43.98,50612
2026-04-28T17:00:00+00:00,43.97,44.06,43.86,43.89,59499
2026-04-28T17:05:00+00:00,43.89,43.94,43.81,43.93,37899
2026-04-28T17:10:00+00:00,43.905,43.93,43.77,43.8,57108
2026-04-28T17:15:00+00:00,43.8,43.83,43.69,43.71,46518
2026-04-28T17:20:00+00:00,43.7,43.8,43.64,43.8,35868
2026-04-28T17:25:00+00:00,43.8,43.9,43.73,43.84,49202
2026-04-28T17:30:00+00:00,43.85,44.0,43.85,43.98,48504
2026-04-28T17:35:00+00:00,43.98,44.05,43.87,44.01,46763
2026-04-28T17:40:00+00:00,44.02,44.04,43.83,43.85,69507
2026-04-28T17:45:00+00:00,43.84,44.015,43.83,43.93,50378
2026-04-28T17:50:00+00:00,43.925,43.93,43.82,43.87,40571
2026-04-28T17:55:00+00:00,43.88,44.025,43.87,43.91,54380
2026-04-28T18:00:00+00:00,43.91,43.94,43.83,43.87,41394
2026-04-28T18:05:00+00:00,43.89,43.9,43.75,43.81,33242
2026-04-28T18:10:00+00:00,43.81,43.835,43.605,43.62,56362
2026-04-28T18:15:00+00:00,43.63,43.96,43.615,43.96,55760
2026-04-28T18:20:00+00:00,43.96,44.14,43.94,44.11,117619
2026-04-28T18:25:00+00:00,44.105,44.205,43.99,44.19,49573
2026-04-28T18:30:00+00:00,44.2,44.46,44.2,44.355,71540
2026-04-28T18:35:00+00:00,44.37,44.41,44.21,44.23,45844
2026-04-28T18:40:00+00:00,44.23,44.49,44.21,44.49,46610
2026-04-28T18:45:00+00:00,44.47,44.54,44.42,44.53,56854
2026-04-28T18:50:00+00:00,44.53,44.775,44.5,44.76,82938
2026-04-28T18:55:00+00:00,44.72,44.905,44.68,44.905,62436
2026-04-28T19:00:00+00:00,44.91,44.925,44.66,44.72,72682
2026-04-28T19:05:00+00:00,44.73,44.83,44.52,44.665,60941
2026-04-28T19:10:00+00:00,44.66,44.685,44.48,44.48,46539
2026-04-28T19:15:00+00:00,44.46,44.46,44.18,44.22,64235
2026-04-28T19:20:00+00:00,44.21,44.27,44.12,44.155,66506
2026-04-28T19:25:00+00:00,44.15,44.4,44.1,44.35,90314
2026-04-28T19:30:00+00:00,44.33,44.33,44.12,44.26,76675
2026-04-28T19:35:00+00:00,44.26,44.4,44.16,44.22,106222
2026-04-28T19:40:00+00:00,44.22,44.265,44.12,44.23,66084
2026-04-28T19:45:00+00:00,44.23,44.35,44.2,44.325,85153
2026-04-28T19:50:00+00:00,44.325,44.33,44.01,44.07,178569
2026-04-28T19:55:00+00:00,44.08,44.465,44.08,44.45,605139
2026-04-28T20:00:00+00:00,44.44,44.85,44.35,44.35,88119
2026-04-28T20:05:00+00:00,44.35,44.55,44.35,44.459,4947
2026-04-28T20:10:00+00:00,44.5,44.5,44.45,44.473,3507
2026-04-28T20:15:00+00:00,44.45,44.55,44.45,44.55,4804
2026-04-28T20:20:00+00:00,44.57,44.62,44.57,44.59,2724
2026-04-28T20:25:00+00:00,44.59,44.64,44.59,44.64,565
2026-04-28T20:30:00+00:00,44.61,44.63,44.59,44.63,1037
2026-04-28T20:35:00+00:00,44.65,44.7,44.65,44.695,9135
2026-04-28T20:40:00+00:00,44.69,44.74,44.62,44.74,4770
2026-04-28T20:45:00+00:00,44.74,44.85,44.74,44.8,4217
2026-04-28T20:50:00+00:00,44.75,44.75,44.68,44.7,3119
2026-04-28T20:55:00+00:00,44.7,44.76,44.7,44.76,1097
2026-04-28T21:00:00+00:00,44.73,44.746,44.73,44.746,579
2026-04-28T21:05:00+00:00,44.746,44.78,44.7,44.78,1932
2026-04-28T21:10:00+00:00,44.73,44.8,44.73,44.8,3535
2026-04-28T21:15:00+00:00,44.73,44.73,44.65,44.65,1964
2026-04-28T21:20:00+00:00,44.65,44.65,44.65,44.65,261
2026-04-28T21:25:00+00:00,44.6,44.65,44.56,44.56,1389
2026-04-28T21:30:00+00:00,44.56,44.56,44.51,44.54,2405
2026-04-28T21:35:00+00:00,44.62,44.62,44.62,44.62,100
2026-04-28T21:40:00+00:00,44.62,44.62,44.62,44.62,52
2026-04-28T21:45:00+00:00,44.62,44.65,44.62,44.65,472
2026-04-28T21:50:00+00:00,44.65,44.65,44.59,44.59,276
2026-04-28T21:55:00+00:00,44.61,44.62,44.52,44.61,2130
2026-04-28T22:00:00+00:00,44.61,44.69,44.61,44.69,681
2026-04-28T22:05:00+00:00,44.69,44.69,44.6,44.6,3420
2026-04-28T22:10:00+00:00,44.6,44.6,44.59,44.59,563
2026-04-28T22:15:00+00:00,44.59,44.59,44.58,44.58,1099
2026-04-28T22:20:00+00:00,44.58,44.63,44.58,44.61,524
2026-04-28T22:25:00+00:00,44.54,44.6,44.51,44.6,1119
2026-04-28T22:30:00+00:00,44.6,44.75,44.6,44.75,1629
2026-04-28T22:35:00+00:00,44.75,44.75,44.67,44.67,286
2026-04-28T22:40:00+00:00,44.67,44.7,44.67,44.7,389
2026-04-28T22:45:00+00:00,44.7,44.7,44.69,44.69,906
2026-04-28T22:50:00+00:00,44.65,44.66,44.65,44.65,706
2026-04-28T22:55:00+00:00,44.65,44.8,44.65,44.76,3751
2026-04-28T23:00:00+00:00,44.78,44.78,44.7,44.76,1483
2026-04-28T23:05:00+00:00,44.76,44.76,44.76,44.76,188
2026-04-28T23:10:00+00:00,44.76,44.76,44.76,44.76,148
2026-04-28T23:15:00+00:00,44.69,44.73,44.69,44.73,233
2026-04-28T23:20:00+00:00,44.73,44.73,44.7,44.7,907
2026-04-28T23:25:00+00:00,44.7,44.7,44.6,44.61,664
2026-04-28T23:30:00+00:00,44.61,44.69,44.61,44.69,469
2026-04-28T23:35:00+00:00,44.69,44.69,44.69,44.69,110
2026-04-28T23:40:00+00:00,44.69,44.69,44.65,44.66,950
2026-04-28T23:45:00+00:00,44.66,44.66,44.55,44.6,1211
2026-04-28T23:50:00+00:00,44.6,44.65,44.6,44.65,406
2026-04-28T23:55:00+00:00,44.6,44.7,44.6,44.7,1567
2026-04-29T08:00:00+00:00,44.0,44.96,44.0,44.89,1261
2026-04-29T08:05:00+00:00,44.89,44.89,44.77,44.77,1937
2026-04-29T08:10:00+00:00,44.77,44.78,44.71,44.71,1416
2026-04-29T08:15:00+00:00,44.71,44.71,44.59,44.59,1126
2026-04-29T08:20:00+00:00,44.63,44.63,44.61,44.61,911
2026-04-29T08:25:00+00:00,44.74,44.75,44.73,44.75,2388
2026-04-29T08:30:00+00:00,44.75,44.75,44.5,44.5,1697
2026-04-29T08:35:00+00:00,44.55,44.61,44.49,44.61,1283
2026-04-29T08:40:00+00:00,44.61,44.61,44.61,44.61,94
2026-04-29T08:45:00+00:00,44.61,44.61,44.61,44.61,94
2026-04-29T08:50:00+00:00,44.61,44.61,44.61,44.61,304
2026-04-29T08:55:00+00:00,44.61,44.61,44.61,44.61,106
2026-04-29T09:00:00+00:00,44.61,44.61,44.61,44.61,96
2026-04-29T09:05:00+00:00,44.61,44.61,44.61,44.61,158
2026-04-29T09:10:00+00:00,44.68,44.69,44.68,44.69,1161
2026-04-29T09:15:00+00:00,44.69,44.78,44.69,44.78,1644
2026-04-29T09:20:00+00:00,44.83,44.83,44.75,44.82,8918
2026-04-29T09:25:00+00:00,44.82,44.88,44.81,44.88,1166
2026-04-29T09:30:00+00:00,44.88,44.99,44.88,44.99,1465
2026-04-29T09:35:00+00:00,44.99,44.99,44.84,44.84,2028
2026-04-29T09:40:00+00:00,44.84,44.9,44.84,44.9,720
2026-04-29T09:45:00+00:00,44.9,44.93,44.85,44.85,773
2026-04-29T09:50:00+00:00,44.85,44.97,44.85,44.97,834
2026-04-29T09:55:00+00:00,44.97,44.97,44.82,44.82,1459
2026-04-29T10:00:00+00:00,44.82,44.84,44.8,44.84,6439
2026-04-29T10:05:00+00:00,44.84,44.9,44.84,44.9,1553
2026-04-29T10:10:00+00:00,44.9,44.95,44.9,44.92,2733
2026-04-29T10:15:00+00:00,44.92,45.09,44.92,45.09,5852
2026-04-29T10:20:00+00:00,45.09,45.14,45.07,45.14,2166
2026-04-29T10:25:00+00:00,45.1,45.18,45.1,45.18,2272
2026-04-29T10:30:00+00:00,45.18,45.25,45.18,45.24,2461
2026-04-29T10:35:00+00:00,45.18,45.18,45.18,45.18,1024
2026-04-29T10:40:00+00:00,45.18,45.18,45.18,45.18,1130
2026-04-29T10:45:00+00:00,45.18,45.18,45.05,45.06,3016
2026-04-29T10:50:00+00:00,45.08,45.08,45.0,45.04,3482
2026-04-29T10:55:00+00:00,45.02,45.02,44.97,44.97,1750
2026-04-29T11:00:00+00:00,45.0,45.05,44.99,45.01,8634
2026-04-29T11:05:00+00:00,45.0,45.0,44.93,44.95,6068
2026-04-29T11:10:00+00:00,45.0,45.0,45.0,45.0,1171
2026-04-29T11:15:00+00:00,45.18,45.18,45.16,45.16,1756
2026-04-29T11:20:00+00:00,45.12,45.15,45.12,45.15,1143
2026-04-29T11:25:00+00:00,45.16,45.4,45.16,45.4,13279
2026-04-29T11:30:00+00:00,45.3,45.34,45.3,45.3,2796
2026-04-29T11:35:00+00:00,45.36,45.43,45.3,45.3,4117
2026-04-29T11:40:00+00:00,45.3,45.3,45.19,45.19,2838
2026-04-29T11:45:00+00:00,45.19,45.22,45.17,45.2,1117
2026-04-29T11:50:00+00:00,45.25,45.35,45.25,45.28,3456
2026-04-29T11:55:00+00:00,45.28,45.28,45.18,45.18,1733
2026-04-29T12:00:00+00:00,45.18,45.2,45.14,45.2,1348
2026-04-29T12:05:00+00:00,45.2,45.23,45.2,45.23,1675
2026-04-29T12:10:00+00:00,45.23,45.23,45.18,45.2,2698
2026-04-29T12:15:00+00:00,45.08,45.1,45.05,45.08,3936
2026-04-29T12:20:00+00:00,45.03,45.13,45.02,45.05,4382
2026-04-29T12:25:00+00:00,45.11,45.19,45.08,45.09,5209
2026-04-29T12:30:00+00:00,45.04,45.04,44.83,44.83,10348
2026-04-29T12:35:00+00:00,44.84,44.96,44.84,44.96,1959
2026-04-29T12:40:00+00:00,45.04,45.08,45.01,45.07,1833
2026-04-29T12:45:00+00:00,45.07,45.07,45.0,45.0,2420
2026-04-29T12:50:00+00:00,45.01,45.05,45.01,45.05,1704
2026-04-29T12:55:00+00:00,45.05,45.05,44.88,44.93,6270
2026-04-29T13:00:00+00:00,44.93,44.93,44.93,44.93,1254
2026-04-29T13:05:00+00:00,44.87,44.96,44.87,44.96,2524
2026-04-29T13:10:00+00:00,44.96,44.99,44.93,44.95,3305
2026-04-29T13:15:00+00:00,44.95,44.95,44.95,44.95,453
2026-04-29T13:20:00+00:00,44.91,44.93,44.8,44.8,3561
2026-04-29T13:25:00+00:00,44.83,44.89,44.6,44.6,8531
2026-04-29T13:30:00+00:00,44.69,44.7,43.84,43.91,330864
2026-04-29T13:35:00+00:00,43.9,44.3,43.67,43.9,159401
2026-04-29T13:40:00+00:00,43.915,43.97,43.15,43.38,139232
2026-04-29T13:45:00+00:00,43.31,43.53,42.99,43.15,103756
2026-04-29T13:50:00+00:00,43.06,43.39,43.06,43.25,53519
2026-04-29T13:55:00+00:00,43.21,43.5,43.15,43.23,53103
2026-04-29T14:00:00+00:00,43.22,43.22,42.45,42.61,169315
2026-04-29T14:05:00+00:00,42.62,42.63,42.22,42.41,122566
2026-04-29T14:10:00+00:00,42.38,42.63,42.27,42.625,101648
2026-04-29T14:15:00+00:00,42.6,43.03,42.47,43.02,100015
2026-04-29T14:20:00+00:00,43.01,43.13,42.86,43.09,86952
2026-04-29T14:25:00+00:00,43.09,43.36,43.07,43.23,104676
2026-04-29T14:30:00+00:00,43.23,43.51,43.05,43.48,70369
2026-04-29T14:35:00+00:00,43.49,43.77,43.47,43.54,109319
2026-04-29T14:40:00+00:00,43.51,43.63,43.35,43.52,40862
2026-04-29T14:45:00+00:00,43.55,43.6,43.07,43.1,46088
2026-04-29T14:50:00+00:00,43.11,43.27,42.98,43.24,61577
2026-04-29T14:55:00+00:00,43.24,43.24,42.88,42.91,46636
2026-04-29T15:00:00+00:00,42.88,42.94,42.73,42.76,85999
2026-04-29T15:05:00+00:00,42.75,42.8,42.52,42.52,62682
2026-04-29T15:10:00+00:00,42.51,42.59,42.38,42.59,46180
2026-04-29T15:15:00+00:00,42.57,42.87,42.52,42.8,44157
2026-04-29T15:20:00+00:00,42.82,42.88,42.74,42.86,48134
2026-04-29T15:25:00+00:00,42.84,42.895,42.7,42.83,42350
2026-04-29T15:30:00+00:00,42.82,42.89,42.58,42.62,37197
2026-04-29T15:35:00+00:00,42.63,42.66,42.365,42.4,36367
2026-04-29T15:40:00+00:00,42.4,42.54,42.31,42.47,30040
2026-04-29T15:45:00+00:00,42.48,42.66,42.46,42.65,35784
2026-04-29T15:50:00+00:00,42.66,42.68,42.31,42.38,108662
2026-04-29T15:55:00+00:00,42.37,42.52,42.265,42.52,64520
2026-04-29T16:00:00+00:00,42.53,42.66,42.52,42.59,30701
2026-04-29T16:05:00+00:00,42.58,42.72,42.54,42.62,40040
2026-04-29T16:10:00+00:00,42.62,42.77,42.6,42.67,21086
2026-04-29T16:15:00+00:00,42.68,42.72,42.6,42.61,16498
2026-04-29T16:20:00+00:00,42.63,42.72,42.58,42.61,17077
2026-04-29T16:25:00+00:00,42.61,42.67,42.55,42.55,20674
2026-04-29T16:30:00+00:00,42.56,42.58,42.41,42.45,57777
2026-04-29T16:35:00+00:00,42.44,42.59,42.38,42.59,25479
2026-04-29T16:40:00+00:00,42.6,42.72,42.6,42.69,33074
2026-04-29T16:45:00+00:00,42.69,42.73,42.6,42.68,27109
2026-04-29T16:50:00+00:00,42.67,42.75,42.66,42.66,20193
2026-04-29T16:55:00+00:00,42.67,42.67,42.48,42.55,24356
2026-04-29T17:00:00+00:00,42.59,42.6,42.44,42.53,30488
2026-04-29T17:05:00+00:00,42.53,42.61,42.49,42.585,29972
2026-04-29T17:10:00+00:00,42.6,42.665,42.56,42.61,22438
2026-04-29T17:15:00+00:00,42.62,42.65,42.55,42.57,19923
2026-04-29T17:20:00+00:00,42.56,42.82,42.56,42.74,72122
2026-04-29T17:25:00+00:00,42.73,42.82,42.63,42.63,31514
2026-04-29T17:30:00+00:00,42.65,42.76,42.6,42.63,28198
2026-04-29T17:35:00+00:00,42.635,42.64,42.48,42.56,28473
2026-04-29T17:40:00+00:00,42.57,42.62,42.465,42.61,19105
2026-04-29T17:45:00+00:00,42.61,42.76,42.56,42.76,39923
2026-04-29T17:50:00+00:00,42.76,42.865,42.75,42.83,33218
2026-04-29T17:55:00+00:00,42.83,43.02,42.79,42.935,42858
2026-04-29T18:00:00+00:00,42.96,42.98,42.59,42.68,35401
2026-04-29T18:05:00+00:00,42.68,42.75,42.52,42.55,35953
2026-04-29T18:10:00+00:00,42.55,42.57,42.445,42.555,24847
2026-04-29T18:15:00+00:00,42.55,42.75,42.51,42.68,37576
2026-04-29T18:20:00+00:00,42.66,42.78,42.65,42.71,26848
2026-04-29T18:25:00+00:00,42.7,42.71,42.63,42.7,27214
2026-04-29T18:30:00+00:00,42.69,42.69,42.52,42.67,77212
2026-04-29T18:35:00+00:00,42.66,43.09,42.66,42.91,76213
2026-04-29T18:40:00+00:00,42.9,43.11,42.88,43.05,51044
2026-04-29T18:45:00+00:00,43.02,43.23,42.97,43.19,59886
2026-04-29T18:50:00+00:00,43.18,43.32,43.07,43.08,36347
2026-04-29T18:55:00+00:00,43.05,43.22,43.01,43.19,42694
2026-04-29T19:00:00+00:00,43.19,43.27,43.01,43.02,42650
2026-04-29T19:05:00+00:00,43.0,43.0,42.735,42.77,74777
2026-04-29T19:10:00+00:00,42.78,42.92,42.75,42.92,44706
2026-04-29T19:15:00+00:00,42.93,43.13,42.88,42.94,70693
2026-04-29T19:20:00+00:00,42.94,42.99,42.8,42.96,48097
2026-04-29T19:25:00+00:00,42.96,42.97,42.74,42.74,51579
2026-04-29T19:30:00+00:00,42.73,42.73,42.46,42.595,72046
2026-04-29T19:35:00+00:00,42.58,42.66,42.49,42.61,46365
2026-04-29T19:40:00+00:00,42.63,42.64,42.48,42.49,46761
2026-04-29T19:45:00+00:00,42.5,42.66,42.5,42.61,45648
2026-04-29T19:50:00+00:00,42.6,42.65,42.46,42.65,128880
2026-04-29T19:55:00+00:00,42.65,42.9,42.6,42.9,411663
2026-04-29T20:00:00+00:00,44.69,44.69,42.9,43.01,90364
2026-04-29T20:05:00+00:00,43.0,43.02,42.87,42.87,6062
2026-04-29T20:10:00+00:00,42.78,42.81,42.5,42.52,11911
2026-04-29T20:15:00+00:00,42.47,42.47,42.26,42.41,13711
2026-04-29T20:20:00+00:00,42.54,42.62,42.54,42.57,3919
2026-04-29T20:25:00+00:00,42.66,42.66,42.59,42.6,1139
2026-04-29T20:30:00+00:00,42.65,42.74,42.65,42.71,4846
2026-04-29T20:35:00+00:00,42.78,42.9,42.78,42.86,3373
2026-04-29T20:40:00+00:00,42.87,42.94,42.8,42.8,7243
2026-04-29T20:45:00+00:00,42.8,42.82,42.754,42.754,873
2026-04-29T20:50:00+00:00,42.75,42.75,42.75,42.75,2720
2026-04-29T20:55:00+00:00,42.75,42.75,42.64,42.64,1360
2026-04-29T21:00:00+00:00,42.64,42.64,42.53,42.56,959
2026-04-29T21:05:00+00:00,42.56,42.58,42.5,42.5,4902
2026-04-29T21:10:00+00:00,42.5,42.5,42.5,42.5,153
2026-04-29T21:15:00+00:00,42.5,42.73,42.5,42.73,5161
2026-04-29T21:20:00+00:00,42.8,42.86,42.8,42.86,600
2026-04-29T21:25:00+00:00,42.86,42.86,42.86,42.86,162
2026-04-29T21:30:00+00:00,42.86,42.86,42.86,42.86,148
2026-04-29T21:35:00+00:00,42.87,42.9,42.86,42.9,1716
2026-04-29T21:40:00+00:00,42.9,42.9,42.9,42.9,186
2026-04-29T21:45:00+00:00,42.86,42.89,42.86,42.89,1370
2026-04-29T21:50:00+00:00,42.89,42.95,42.89,42.94,3737
2026-04-29T21:55:00+00:00,42.96,43.15,42.96,43.15,2758
2026-04-29T22:00:00+00:00,43.0,43.25,43.0,43.25,1798
2026-04-29T22:05:00+00:00,43.3,44.16,43.3,44.0,31987
2026-04-29T22:10:00+00:00,44.14,44.14,43.87,44.0,9892
2026-04-29T22:15:00+00:00,44.05,44.58,44.05,44.3,48873
2026-04-29T22:20:00+00:00,44.5,44.69,44.32,44.4,9952
2026-04-29T22:25:00+00:00,44.4,44.4,43.9,43.9,10162
2026-04-29T22:30:00+00:00,44.0,44.29,44.0,44.229,3145
2026-04-29T22:35:00+00:00,44.01,44.1,44.01,44.1,3719
2026-04-29T22:40:00+00:00,44.1,44.18,44.03,44.18,2648
2026-04-29T22:45:00+00:00,44.22,44.23,44.18,44.21,1084
2026-04-29T22:50:00+00:00,44.19,44.19,44.12,44.12,2561
2026-04-29T22:55:00+00:00,44.15,44.15,43.91,43.94,4148
2026-04-29T23:00:00+00:00,43.94,44.05,43.93,43.97,1910
2026-04-29T23:05:00+00:00,43.97,43.97,43.81,43.81,3227
2026-04-29T23:10:00+00:00,43.82,43.83,43.82,43.83,981
2026-04-29T23:15:00+00:00,43.83,43.87,43.75,43.75,1823
2026-04-29T23:20:00+00:00,43.81,43.81,43.65,43.72,1625
2026-04-29T23:25:00+00:00,43.64,43.78,43.64,43.78,1528
2026-04-29T23:30:00+00:00,43.78,43.84,43.7,43.77,6387
2026-04-29T23:35:00+00:00,43.84,43.85,43.75,43.84,2367
2026-04-29T23:40:00+00:00,43.84,43.95,43.84,43.92,2717
2026-04-29T23:45:00+00:00,43.82,43.95,43.82,43.92,4753
2026-04-29T23:50:00+00:00,43.81,43.9,43.81,43.85,2308
2026-04-29T23:55:00+00:00,43.88,43.88,43.81,43.83,1789
2026-04-30T08:00:00+00:00,44.04,44.04,43.1,43.36,1061
2026-04-30T08:05:00+00:00,43.37,43.52,43.37,43.52,4297
2026-04-30T08:10:00+00:00,43.52,43.52,43.2,43.2,1524
2026-04-30T08:15:00+00:00,43.2,43.2,43.08,43.08,1732
2026-04-30T08:20:00+00:00,43.08,43.08,43.0,43.0,946
2026-04-30T08:25:00+00:00,42.95,43.05,42.95,43.05,10220
2026-04-30T08:30:00+00:00,43.05,43.14,43.05,43.12,1048
2026-04-30T08:35:00+00:00,43.12,43.12,42.93,42.93,457
2026-04-30T08:40:00+00:00,43.2,43.3,43.0,43.0,10912
2026-04-30T08:45:00+00:00,43.0,43.0,43.0,43.0,142
2026-04-30T08:50:00+00:00,43.0,43.0,43.0,43.0,78
2026-04-30T08:55:00+00:00,43.0,43.2,43.0,43.15,5022
2026-04-30T09:00:00+00:00,43.15,43.15,43.15,43.15,64
2026-04-30T09:05:00+00:00,43.15,43.21,43.15,43.2,2757
2026-04-30T09:10:00+00:00,43.2,43.2,43.18,43.18,1159
2026-04-30T09:15:00+00:00,43.18,43.18,43.15,43.18,415
2026-04-30T09:20:00+00:00,43.21,43.21,43.21,43.21,718
2026-04-30T09:25:00+00:00,43.23,43.23,43.23,43.23,412
2026-04-30T09:30:00+00:00,43.35,43.35,43.28,43.32,2339
2026-04-30T09:35:00+00:00,43.32,43.35,43.32,43.35,2112
2026-04-30T09:40:00+00:00,43.35,43.35,43.32,43.32,702
2026-04-30T09:45:00+00:00,43.25,43.25,43.25,43.25,533
2026-04-30T09:50:00+00:00,43.25,43.3,43.25,43.3,208
2026-04-30T09:55:00+00:00,43.3,43.3,43.25,43.25,330
2026-04-30T10:00:00+00:00,43.25,43.34,43.25,43.34,423
2026-04-30T10:05:00+00:00,43.34,43.39,43.34,43.39,844
2026-04-30T10:10:00+00:00,43.39,43.4,43.33,43.33,756
2026-04-30T10:15:00+00:00,43.33,43.33,43.33,43.33,706
2026-04-30T10:20:00+00:00,43.33,43.33,43.33,43.33,381
2026-04-30T10:25:00+00:00,43.33,43.6,43.33,43.59,1922
2026-04-30T10:30:00+00:00,43.7,43.7,43.59,43.61,2657
2026-04-30T10:35:00+00:00,43.61,43.61,43.51,43.51,2246
2026-04-30T10:40:00+00:00,43.51,43.51,43.48,43.48,713
2026-04-30T10:45:00+00:00,43.5,43.58,43.5,43.58,1974
2026-04-30T10:50:00+00:00,43.58,43.58,43.46,43.46,219
2026-04-30T10:55:00+00:00,43.46,43.46,43.46,43.46,166
2026-04-30T11:00:00+00:00,43.46,43.7,43.46,43.62,4518
2026-04-30T11:05:00+00:00,43.76,43.85,43.76,43.85,4308
2026-04-30T11:10:00+00:00,43.85,44.03,43.85,44.0,7885
2026-04-30T11:15:00+00:00,44.03,44.1,44.02,44.04,6133
2026-04-30T11:20:00+00:00,44.05,44.05,43.9,43.9,8357
2026-04-30T11:25:00+00:00,43.9,44.12,43.9,44.12,8608
2026-04-30T11:30:00+00:00,44.129,44.13,43.99,44.0,10082
2026-04-30T11:35:00+00:00,44.04,44.05,43.961,43.961,3926
2026-04-30T11:40:00+00:00,43.961,44.0,43.89,44.0,2676
2026-04-30T11:45:00+00:00,44.0,44.0,44.0,44.0,9458
2026-04-30T11:50:00+00:00,44.03,44.03,43.9,43.96,2463
2026-04-30T11:55:00+00:00,43.98,44.04,43.94,44.0,5077
2026-04-30T12:00:00+00:00,44.0,44.05,44.0,44.01,2671
2026-04-30T12:05:00+00:00,44.01,44.12,44.01,44.1,6151
2026-04-30T12:10:00+00:00,44.15,44.29,44.15,44.29,9997
2026-04-30T12:15:00+00:00,44.29,44.34,44.24,44.24,3206
2026-04-30T12:20:00+00:00,44.24,44.32,44.22,44.3,8426
2026-04-30T12:25:00+00:00,44.3,44.39,44.29,44.34,11553
2026-04-30T12:30:00+00:00,44.28,44.35,44.1,44.2,5026
2026-04-30T12:35:00+00:00,44.2,44.28,44.1,44.28,5436
2026-04-30T12:40:00+00:00,44.2,44.26,44.18,44.2,14809
2026-04-30T12:45:00+00:00,44.1,44.125,44.1,44.11,3752
2026-04-30T12:50:00+00:00,44.159,44.22,44.159,44.22,2435
2026-04-30T12:55:00+00:00,44.26,44.34,44.23,44.24,3047
2026-04-30T13:00:00+00:00,44.28,44.3,44.27,44.3,2261
2026-04-30T13:05:00+00:00,44.3,44.3,44.2,44.3,6944
2026-04-30T13:10:00+00:00,44.3,44.3,44.12,44.14,5328
2026-04-30T13:15:00+00:00,44.11,44.15,44.1,44.1,1905
2026-04-30T13:20:00+00:00,44.1,44.27,44.1,44.22,7388
2026-04-30T13:25:00+00:00,44.24,44.26,44.04,44.04,8351
2026-04-30T13:30:00+00:00,44.04,44.28,43.59,43.685,459123
2026-04-30T13:35:00+00:00,43.66,44.05,43.58,43.9,116819
2026-04-30T13:40:00+00:00,43.93,44.77,43.89,44.75,158511
2026-04-30T13:45:00+00:00,44.75,44.97,44.39,44.69,140619
2026-04-30T13:50:00+00:00,44.675,44.89,43.98,44.03,267356
2026-04-30T13:55:00+00:00,44.01,44.33,43.8,43.93,99719
2026-04-30T14:00:00+00:00,43.96,44.42,43.91,44.06,80771
2026-04-30T14:05:00+00:00,44.04,44.24,43.68,43.78,161714
2026-04-30T14:10:00+00:00,43.79,43.99,43.64,43.98,86045
2026-04-30T14:15:00+00:00,43.94,43.94,43.1,43.37,119132
2026-04-30T14:20:00+00:00,43.37,43.4,43.02,43.18,82461
2026-04-30T14:25:00+00:00,43.16,43.19,42.735,43.19,128762
2026-04-30T14:30:00+00:00,43.13,43.25,42.63,42.65,117038
2026-04-30T14:35:00+00:00,42.68,42.9,42.6,42.74,75607
2026-04-30T14:40:00+00:00,42.74,43.34,42.72,43.32,84671
2026-04-30T14:45:00+00:00,43.31,43.56,43.24,43.52,59418
2026-04-30T14:50:00+00:00,43.55,43.9,43.42,43.81,125465
2026-04-30T14:55:00+00:00,43.8,43.85,43.6,43.61,50257
2026-04-30T15:00:00+00:00,43.63,43.84,43.39,43.53,56290
2026-04-30T15:05:00+00:00,43.51,43.77,43.4,43.77,30468
2026-04-30T15:10:00+00:00,43.8,44.01,43.68,44.01,74743
2026-04-30T15:15:00+00:00,44.03,44.12,43.95,43.995,49939
2026-04-30T15:20:00+00:00,43.98,43.98,43.77,43.78,39411
2026-04-30T15:25:00+00:00,43.78,44.06,43.78,43.97,32833
2026-04-30T15:30:00+00:00,43.98,44.24,43.98,44.17,67930
2026-04-30T15:35:00+00:00,44.16,44.16,43.83,43.85,41837
2026-04-30T15:40:00+00:00,43.87,43.92,43.78,43.87,21968
2026-04-30T15:45:00+00:00,43.86,43.86,43.65,43.77,30071
2026-04-30T15:50:00+00:00,43.8,44.0,43.77,43.96,24058
2026-04-30T15:55:00+00:00,43.98,44.05,43.87,43.9,31972
2026-04-30T16:00:00+00:00,43.9,43.955,43.815,43.89,43509
2026-04-30T16:05:00+00:00,43.87,43.93,43.81,43.84,19564
2026-04-30T16:10:00+00:00,43.83,44.2,43.83,44.2,55933
2026-04-30T16:15:00+00:00,44.2,44.21,43.99,43.99,31728
2026-04-30T16:20:00+00:00,43.97,44.04,43.9,43.94,24008
2026-04-30T16:25:00+00:00,43.89,44.02,43.86,44.02,24034
2026-04-30T16:30:00+00:00,44.03,44.07,43.89,43.94,24911
2026-04-30T16:35:00+00:00,43.94,44.18,43.91,44.17,25642
2026-04-30T16:40:00+00:00,44.16,44.375,44.15,44.28,45827
2026-04-30T16:45:00+00:00,44.29,44.31,44.18,44.18,22673
2026-04-30T16:50:00+00:00,44.19,44.27,44.1,44.13,32508
2026-04-30T16:55:00+00:00,44.07,44.11,43.97,44.1,24478
2026-04-30T17:00:00+00:00,44.13,44.35,44.13,44.29,33142
2026-04-30T17:05:00+00:00,44.3,44.35,44.22,44.35,26336
2026-04-30T17:10:00+00:00,44.33,44.45,44.28,44.33,31591
2026-04-30T17:15:00+00:00,44.32,44.4,44.23,44.26,24157
2026-04-30T17:20:00+00:00,44.25,44.36,44.24,44.35,14178
2026-04-30T17:25:00+00:00,44.31,44.43,44.31,44.41,20876
2026-04-30T17:30:00+00:00,44.41,44.69,44.41,44.65,52689
2026-04-30T17:35:00+00:00,44.65,44.72,44.49,44.54,40606
2026-04-30T17:40:00+00:00,44.535,44.61,44.47,44.49,42641
2026-04-30T17:45:00+00:00,44.5,44.71,44.5,44.69,27322
2026-04-30T17:50:00+00:00,44.68,44.71,44.59,44.68,28000
2026-04-30T17:55:00+00:00,44.7,44.795,44.68,44.71,31624
2026-04-30T18:00:00+00:00,44.72,44.835,44.6,44.63,82026
2026-04-30T18:05:00+00:00,44.63,44.63,44.44,44.54,44461
2026-04-30T18:10:00+00:00,44.52,44.55,44.44,44.46,32109
2026-04-30T18:15:00+00:00,44.45,44.69,44.44,44.64,19986
2026-04-30T18:20:00+00:00,44.64,44.68,44.57,44.65,20308
2026-04-30T18:25:00+00:00,44.62,44.69,44.6,44.64,29361
2026-04-30T18:30:00+00:00,44.64,44.73,44.54,44.62,53627
2026-04-30T18:35:00+00:00,44.67,44.82,44.62,44.81,38788
2026-04-30T18:40:00+00:00,44.81,44.97,44.77,44.89,39773
2026-04-30T18:45:00+00:00,44.9,45.13,44.89,45.09,89372
2026-04-30T18:50:00+00:00,45.09,45.27,45.09,45.11,63184
2026-04-30T18:55:00+00:00,45.1,45.1,44.92,45.02,50967
2026-04-30T19:00:00+00:00,45.015,45.25,44.99,45.14,29314
2026-04-30T19:05:00+00:00,45.16,45.4,45.1,45.4,69424
2026-04-30T19:10:00+00:00,45.41,45.445,45.29,45.32,67530
2026-04-30T19:15:00+00:00,45.31,45.39,45.21,45.32,47662
2026-04-30T19:20:00+00:00,45.32,45.33,45.16,45.21,42712
2026-04-30T19:25:00+00:00,45.2,45.21,45.11,45.13,48342
2026-04-30T19:30:00+00:00,45.12,45.13,44.95,45.05,70404
2026-04-30T19:35:00+00:00,45.045,45.21,44.955,45.21,53426
2026-04-30T19:40:00+00:00,45.21,45.25,45.11,45.205,76835
2026-04-30T19:45:00+00:00,45.205,45.245,45.03,45.09,87297
2026-04-30T19:50:00+00:00,45.08,45.3,44.97,45.22,269619
2026-04-30T19:55:00+00:00,45.215,45.575,45.2,45.47,687524
2026-04-30T20:00:00+00:00,45.36,45.93,45.36,45.76,55537
2026-04-30T20:05:00+00:00,45.79,45.79,45.62,45.64,4836
2026-04-30T20:10:00+00:00,45.64,45.69,45.64,45.69,2832
2026-04-30T20:15:00+00:00,45.69,45.72,45.66,45.72,834
2026-04-30T20:20:00+00:00,45.7,45.7,45.45,45.45,12910
2026-04-30T20:25:00+00:00,45.48,45.49,45.33,45.35,83890
2026-04-30T20:30:00+00:00,45.45,45.45,45.42,45.45,2628
2026-04-30T20:35:00+00:00,45.45,45.45,45.33,45.33,6272
2026-04-30T20:40:00+00:00,45.35,45.35,45.31,45.31,1979
2026-04-30T20:45:00+00:00,45.31,45.39,45.31,45.39,1494
2026-04-30T20:50:00+00:00,45.35,45.36,45.28,45.28,3738
2026-04-30T20:55:00+00:00,45.29,45.3,45.25,45.25,3674
2026-04-30T21:00:00+00:00,45.25,45.25,45.2,45.2,795
2026-04-30T21:05:00+00:00,45.2,45.2,45.15,45.15,1944
2026-04-30T21:10:00+00:00,45.16,45.2,45.16,45.2,2015
2026-04-30T21:15:00+00:00,45.22,45.22,45.196,45.196,1973
2026-04-30T21:20:00+00:00,45.196,45.29,45.196,45.29,378
2026-04-30T21:25:00+00:00,45.29,45.29,45.25,45.25,3059
2026-04-30T21:30:00+00:00,45.24,45.24,45.23,45.23,247
2026-04-30T21:35:00+00:00,45.25,45.35,45.25,45.35,1918
2026-04-30T21:40:00+00:00,45.35,45.35,45.34,45.34,425
2026-04-30T21:45:00+00:00,45.34,45.34,45.33,45.33,967
2026-04-30T21:50:00+00:00,45.32,45.32,45.3,45.3,1767
2026-04-30T21:55:00+00:00,45.23,45.3,45.23,45.3,864
2026-04-30T22:00:00+00:00,45.3,45.36,45.3,45.36,197
2026-04-30T22:05:00+00:00,45.36,45.41,45.36,45.41,434
2026-04-30T22:10:00+00:00,45.449,45.449,45.4,45.4,1499
2026-04-30T22:15:00+00:00,45.4,45.4,45.4,45.4,927
2026-04-30T22:20:00+00:00,45.4,45.4,45.4,45.4,63
2026-04-30T22:25:00+00:00,45.4,45.4,45.4,45.4,189
2026-04-30T22:30:00+00:00,45.4,45.4,45.4,45.4,0
2026-04-30T22:35:00+00:00,45.4,45.4,45.31,45.31,294
2026-04-30T22:40:00+00:00,45.31,45.31,45.31,45.31,254
2026-04-30T22:45:00+00:00,45.31,45.4,45.31,45.4,3222
2026-04-30T22:50:00+00:00,45.4,45.4,45.38,45.38,144
2026-04-30T22:55:00+00:00,45.28,45.28,45.24,45.24,440
2026-04-30T23:00:00+00:00,45.24,45.37,45.24,45.37,5151
2026-04-30T23:05:00+00:00,45.3,45.3,45.3,45.3,227
2026-04-30T23:10:00+00:00,45.35,45.42,45.32,45.42,874
2026-04-30T23:15:00+00:00,45.42,45.42,45.35,45.35,479
2026-04-30T23:20:00+00:00,45.35,45.41,45.35,45.38,564
2026-04-30T23:25:00+00:00,45.36,45.36,45.36,45.36,210
2026-04-30T23:30:00+00:00,45.36,45.36,45.36,45.36,2
2026-04-30T23:35:00+00:00,45.36,45.44,45.36,45.44,249
2026-04-30T23:40:00+00:00,45.44,45.44,45.4,45.4,706
2026-04-30T23:45:00+00:00,45.36,45.38,45.29,45.31,4705
2026-04-30T23:50:00+00:00,45.3,45.37,45.3,45.36,947
2026-04-30T23:55:00+00:00,45.36,45.36,45.33,45.33,692
2026-05-01T08:00:00+00:00,45.67,45.86,45.436,45.55,46221
2026-05-01T08:05:00+00:00,45.557,45.83,45.43,45.695,7740
2026-05-01T08:10:00+00:00,45.63,45.834,45.6,45.752,1682
2026-05-01T08:15:00+00:00,45.84,45.84,45.73,45.8,611
2026-05-01T08:20:00+00:00,45.8,45.84,45.75,45.83,1241
2026-05-01T08:25:00+00:00,45.88,45.88,45.758,45.83,92
2026-05-01T08:30:00+00:00,45.873,45.873,45.75,45.753,1137
2026-05-01T08:35:00+00:00,45.79,45.79,45.718,45.75,679
2026-05-01T08:40:00+00:00,45.75,45.77,45.684,45.7,948
2026-05-01T08:45:00+00:00,45.69,45.69,45.68,45.69,142
2026-05-01T08:50:00+00:00,45.694,45.77,45.69,45.69,714
2026-05-01T08:55:00+00:00,45.686,45.7,45.66,45.67,854
2026-05-01T09:00:00+00:00,45.678,45.68,45.59,45.608,2523
2026-05-01T09:05:00+00:00,45.608,45.63,45.6,45.63,1759
2026-05-01T09:10:00+00:00,45.62,45.62,45.58,45.61,2642
2026-05-01T09:15:00+00:00,45.64,45.751,45.63,45.75,5489
2026-05-01T09:20:00+00:00,45.77,45.848,45.75,45.83,4252
2026-05-01T09:25:00+00:00,45.811,45.85,45.78,45.78,3330
2026-05-01T09:30:00+00:00,45.78,45.78,45.72,45.72,1439
2026-05-01T09:35:00+00:00,45.738,45.76,45.677,45.76,97
2026-05-01T09:40:00+00:00,45.7,45.803,45.7,45.73,374
2026-05-01T09:45:00+00:00,45.766,45.78,45.68,45.74,632
2026-05-01T09:50:00+00:00,45.69,45.76,45.69,45.74,755
2026-05-01T09:55:00+00:00,45.775,45.775,45.695,45.75,644
2026-05-01T10:00:00+00:00,45.705,45.77,45.705,45.766,54
2026-05-01T10:05:00+00:00,45.75,45.75,45.7,45.7,520
2026-05-01T10:10:00+00:00,45.69,45.697,45.65,45.66,930
2026-05-01T10:15:00+00:00,45.685,45.8,45.655,45.72,695
2026-05-01T10:20:00+00:00,45.667,45.8,45.667,45.77,288
2026-05-01T10:25:00+00:00,45.75,45.795,45.7,45.74,1740
2026-05-01T10:30:00+00:00,45.74,45.78,45.74,45.74,2951
2026-05-01T10:35:00+00:00,45.74,45.76,45.63,45.648,1634
2026-05-01T10:40:00+00:00,45.56,45.8,45.56,45.599,1364
2026-05-01T10:45:00+00:00,45.6,45.67,45.594,45.666,248
2026-05-01T10:50:00+00:00,45.601,45.67,45.6,45.64,201
2026-05-01T10:55:00+00:00,45.64,45.695,45.64,45.685,703
2026-05-01T11:00:00+00:00,45.61,45.71,45.5,45.561,1654
2026-05-01T11:05:00+00:00,45.6,45.71,45.54,45.62,4114
2026-05-01T11:10:00+00:00,45.662,45.7,45.54,45.561,8872
2026-05-01T11:15:00+00:00,45.56,45.62,45.53,45.56,3220
2026-05-01T11:20:00+00:00,45.53,45.712,45.53,45.68,5595
2026-05-01T11:25:00+00:00,45.69,45.8,45.62,45.67,3546
2026-05-01T11:30:00+00:00,45.67,45.8,45.63,45.68,1357
2026-05-01T11:35:00+00:00,45.68,45.68,45.58,45.63,992
2026-05-01T11:40:00+00:00,45.6,45.66,45.57,45.579,2803
2026-05-01T11:45:00+00:00,45.602,45.649,45.6,45.649,3367
2026-05-01T11:50:00+00:00,45.608,45.68,45.6,45.65,864
2026-05-01T11:55:00+00:00,45.68,45.689,45.63,45.68,3061
2026-05-01T12:00:00+00:00,45.67,45.74,45.65,45.74,20620
2026-05-01T12:05:00+00:00,45.74,45.79,45.67,45.69,33114
2026-05-01T12:10:00+00:00,45.65,45.85,45.61,45.8,10479
2026-05-01T12:15:00+00:00,45.8,45.9,45.74,45.9,7158
2026-05-01T12:20:00+00:00,45.897,45.93,45.8,45.93,3061
2026-05-01T12:25:00+00:00,45.92,45.94,45.77,45.84,7735
2026-05-01T12:30:00+00:00,45.87,46.15,45.81,46.09,18423
2026-05-01T12:35:00+00:00,46.1,46.15,46.0,46.084,11947
2026-05-01T12:40:00+00:00,46.09,46.19,45.92,46.05,24635
2026-05-01T12:45:00+00:00,46.048,46.05,46.0,46.05,4336
2026-05-01T12:50:00+00:00,46.07,46.23,46.05,46.12,12653
2026-05-01T12:55:00+00:00,46.12,46.15,46.01,46.07,6193
2026-05-01T13:00:00+00:00,46.025,46.11,46.0,46.09,7798
2026-05-01T13:05:00+00:00,46.1,46.22,46.1,46.2,14200
2026-05-01T13:10:00+00:00,46.19,46.2,46.08,46.09,8825
2026-05-01T13:15:00+00:00,46.137,46.19,46.09,46.18,4138
2026-05-01T13:20:00+00:00,46.177,46.3,46.174,46.23,10295
2026-05-01T13:25:00+00:00,46.22,46.35,46.0,46.03,31373
2026-05-01T13:30:00+00:00,46.17,46.375,45.15,45.74,487646
2026-05-01T13:35:00+00:00,45.71,46.26,45.395,46.17,489575
2026-05-01T13:40:00+00:00,46.165,46.41,45.98,46.385,512101
2026-05-01T13:45:00+00:00,46.37,46.79,45.89,46.73,687591
2026-05-01T13:50:00+00:00,46.72,47.289,46.26,47.135,592116
2026-05-01T13:55:00+00:00,47.14,47.27,46.825,47.075,478720
2026-05-01T14:00:00+00:00,47.09,47.38,46.871,46.915,416581
2026-05-01T14:05:00+00:00,46.93,47.21,46.82,47.09,361746
2026-05-01T14:10:00+00:00,47.06,47.2,46.71,46.8,477291
2026-05-01T14:15:00+00:00,46.8,47.12,46.59,46.63,304812
2026-05-01T14:20:00+00:00,46.649,46.78,46.5,46.515,196803
2026-05-01T14:25:00+00:00,46.54,46.57,46.335,46.38,240199
2026-05-01T14:30:00+00:00,46.38,46.41,45.875,45.9,421460
2026-05-01T14:35:00+00:00,45.91,46.19,45.81,46.075,186476
2026-05-01T14:40:00+00:00,46.07,46.41,46.0,46.24,288709
2026-05-01T14:45:00+00:00,46.226,46.69,46.225,46.67,231908
2026-05-01T14:50:00+00:00,46.66,46.765,46.35,46.52,255392
2026-05-01T14:55:00+00:00,46.51,46.87,46.5,46.78,243718
2026-05-01T15:00:00+00:00,46.783,46.88,46.54,46.725,219512
2026-05-01T15:05:00+00:00,46.74,46.957,46.68,46.9,277935
2026-05-01T15:10:00+00:00,46.91,47.27,46.91,47.14,405010
2026-05-01T15:15:00+00:00,47.15,47.3,47.13,47.231,258264
2026-05-01T15:20:00+00:00,47.23,47.4,47.161,47.161,315716
2026-05-01T15:25:00+00:00,47.183,47.2,46.98,47.055,182983
2026-05-01T15:30:00+00:00,47.01,47.09,46.83,46.87,182555
2026-05-01T15:35:00+00:00,46.86,47.162,46.81,47.1,164384
2026-05-01T15:40:00+00:00,47.12,47.179,46.9,47.05,145122
2026-05-01T15:45:00+00:00,47.042,47.1,46.72,46.76,139267
2026-05-01T15:50:00+00:00,46.76,46.79,46.36,46.45,260331
2026-05-01T15:55:00+00:00,46.47,46.68,46.42,46.66,188576
2026-05-01T16:00:00+00:00,46.64,46.73,46.56,46.66,142922
2026-05-01T16:05:00+00:00,46.62,46.73,46.39,46.41,240071
2026-05-01T16:10:00+00:00,46.401,46.53,46.385,46.43,142867
2026-05-01T16:15:00+00:00,46.43,46.5,46.361,46.45,118660
2026-05-01T16:20:00+00:00,46.46,46.47,46.111,46.14,192202
2026-05-01T16:25:00+00:00,46.13,46.315,46.0,46.25,235238
2026-05-01T16:30:00+00:00,46.25,46.415,46.17,46.24,172023
2026-05-01T16:35:00+00:00,46.22,46.445,46.22,46.41,129983
2026-05-01T16:40:00+00:00,46.41,46.42,46.17,46.171,101566
2026-05-01T16:45:00+00:00,46.17,46.21,46.0,46.095,168256
2026-05-01T16:50:00+00:00,46.095,46.35,46.01,46.345,117997
2026-05-01T16:55:00+00:00,46.355,46.45,46.255,46.44,110801
2026-05-01T17:00:00+00:00,46.42,46.55,46.32,46.325,157040
2026-05-01T17:05:00+00:00,46.32,46.362,46.243,46.281,103173
2026-05-01T17:10:00+00:00,46.29,46.48,46.29,46.48,81510
2026-05-01T17:15:00+00:00,46.485,46.485,46.315,46.32,93260
2026-05-01T17:20:00+00:00,46.31,46.345,46.2,46.22,116093
2026-05-01T17:25:00+00:00,46.22,46.368,46.19,46.35,104086
2026-05-01T17:30:00+00:00,46.35,46.36,46.16,46.305,100355
2026-05-01T17:35:00+00:00,46.3,46.31,46.18,46.245,93679
2026-05-01T17:40:00+00:00,46.23,46.29,46.095,46.13,106721
2026-05-01T17:45:00+00:00,46.14,46.175,45.99,46.11,179863
2026-05-01T17:50:00+00:00,46.11,46.32,46.05,46.165,132168
2026-05-01T17:55:00+00:00,46.164,46.33,46.16,46.25,118885
2026-05-01T18:00:00+00:00,46.27,46.275,46.08,46.19,118095
2026-05-01T18:05:00+00:00,46.189,46.37,46.145,46.27,154396
2026-05-01T18:10:00+00:00,46.265,46.4,46.23,46.29,106272
2026-05-01T18:15:00+00:00,46.29,46.375,46.21,46.24,67877
2026-05-01T18:20:00+00:00,46.22,46.39,46.21,46.3,87587
2026-05-01T18:25:00+00:00,46.295,46.295,46.09,46.16,102895
2026-05-01T18:30:00+00:00,46.14,46.15,45.84,45.905,232965
2026-05-01T18:35:00+00:00,45.89,45.895,45.67,45.805,225201
2026-05-01T18:40:00+00:00,45.81,45.852,45.75,45.845,171960
2026-05-01T18:45:00+00:00,45.87,45.88,45.54,45.67,213975
2026-05-01T18:50:00+00:00,45.68,45.865,45.645,45.84,144079
2026-05-01T18:55:00+00:00,45.83,45.95,45.745,45.802,117640
2026-05-01T19:00:00+00:00,45.79,45.81,45.61,45.64,123747
2026-05-01T19:05:00+00:00,45.645,45.71,45.5,45.59,135729
2026-05-01T19:10:00+00:00,45.59,45.6,45.41,45.52,166403
2026-05-01T19:15:00+00:00,45.54,45.598,45.45,45.51,102575
2026-05-01T19:20:00+00:00,45.504,45.73,45.465,45.7,116930
2026-05-01T19:25:00+00:00,45.71,45.85,45.655,45.67,186548
2026-05-01T19:30:00+00:00,45.67,45.8,45.63,45.66,180671
2026-05-01T19:35:00+00:00,45.68,45.71,45.62,45.7,109875
2026-05-01T19:40:00+00:00,45.7,45.769,45.59,45.6,109591
2026-05-01T19:45:00+00:00,45.61,45.87,45.6,45.86,200132
2026-05-01T19:50:00+00:00,45.85,45.96,45.75,45.81,254608
2026-05-01T19:55:00+00:00,45.8,45.8,45.545,45.66,655185
2026-05-01T20:00:00+00:00,45.67,45.77,45.39,45.48,285451
2026-05-01T20:05:00+00:00,45.54,45.6,45.3,45.47,40780
2026-05-01T20:10:00+00:00,45.54,46.29,45.45,45.95,48544
2026-05-01T20:15:00+00:00,45.84,46.1,45.84,46.02,12966
2026-05-01T20:20:00+00:00,46.02,46.02,45.8,45.85,13108
2026-05-01T20:25:00+00:00,45.9,45.99,45.9,45.98,3522
2026-05-01T20:30:00+00:00,45.96,45.98,45.76,45.85,3607
2026-05-01T20:35:00+00:00,45.87,45.95,45.76,45.92,7432
2026-05-01T20:40:00+00:00,45.93,46.27,45.84,46.15,23880
2026-05-01T20:45:00+00:00,46.209,46.3,46.0,46.25,60779
2026-05-01T20:50:00+00:00,46.294,46.59,46.2,46.58,55192
2026-05-01T20:55:00+00:00,46.51,46.58,46.22,46.44,31466
2026-05-01T21:00:00+00:00,46.44,46.61,46.3,46.59,18505
2026-05-01T21:05:00+00:00,46.61,47.03,46.601,47.03,66432
2026-05-01T21:10:00+00:00,46.995,47.29,46.8,47.01,68163
2026-05-01T21:15:00+00:00,46.98,47.0,46.8,46.84,11986
2026-05-01T21:20:00+00:00,46.84,46.94,46.65,46.869,17594
2026-05-01T21:25:00+00:00,46.85,47.08,46.75,47.01,16732
2026-05-01T21:30:00+00:00,47.04,47.16,47.0,47.1,30266
2026-05-01T21:35:00+00:00,47.14,47.19,47.04,47.067,38853
2026-05-01T21:40:00+00:00,47.11,47.11,47.0,47.04,11936
2026-05-01T21:45:00+00:00,47.03,47.04,46.81,46.839,26527
2026-05-01T21:50:00+00:00,46.83,46.91,46.82,46.87,5778
2026-05-01T21:55:00+00:00,46.87,46.87,46.72,46.77,9369
2026-05-01T22:00:00+00:00,46.76,46.79,46.66,46.75,10958
2026-05-01T22:05:00+00:00,46.75,46.8,46.71,46.75,9641
2026-05-01T22:10:00+00:00,46.69,46.72,46.68,46.72,8661
2026-05-01T22:15:00+00:00,46.71,46.72,46.66,46.66,4694
2026-05-01T22:20:00+00:00,46.68,46.68,46.508,46.58,7494
2026-05-01T22:25:00+00:00,46.6,46.65,46.52,46.64,10010
2026-05-01T22:30:00+00:00,46.64,46.7,46.6,46.7,5136
2026-05-01T22:35:00+00:00,46.7,46.7,46.59,46.68,4629
2026-05-01T22:40:00+00:00,46.61,46.68,46.5,46.505,1176
2026-05-01T22:45:00+00:00,46.539,46.61,46.5,46.5,4944
2026-05-01T22:50:00+00:00,46.6,46.69,46.5,46.67,3473
2026-05-01T22:55:00+00:00,46.66,46.71,46.53,46.7,5827
2026-05-01T23:00:00+00:00,46.58,46.7,46.58,46.696,3116
2026-05-01T23:05:00+00:00,46.696,46.7,46.601,46.61,2464
2026-05-01T23:10:00+00:00,46.611,46.7,46.61,46.63,1098
2026-05-01T23:15:00+00:00,46.664,46.69,46.61,46.61,3242
2026-05-01T23:20:00+00:00,46.604,46.63,46.53,46.55,14348
2026-05-01T23:25:00+00:00,46.57,46.6,46.51,46.58,2443
2026-05-01T23:30:00+00:00,46.52,46.6,46.4,46.51,3665
2026-05-01T23:35:00+00:00,46.48,46.6,46.48,46.5,2258
2026-05-01T23:40:00+00:00,46.51,46.6,46.51,46.521,1783
2026-05-01T23:45:00+00:00,46.53,46.591,46.5,46.51,6826
2026-05-01T23:50:00+00:00,46.55,46.55,46.48,46.549,2448
2026-05-01T23:55:00+00:00,46.52,46.6,46.47,46.49,11222
2026-05-04T08:00:00+00:00,47.34,47.49,47.13,47.33,41522
2026-05-04T08:05:00+00:00,47.39,47.49,47.16,47.29,11095
2026-05-04T08:10:00+00:00,47.29,47.41,47.18,47.24,2362
2026-05-04T08:15:00+00:00,47.22,47.27,47.133,47.23,2078
2026-05-04T08:20:00+00:00,47.225,47.225,47.132,47.15,6851
2026-05-04T08:25:00+00:00,47.13,47.18,47.0,47.0,4725
2026-05-04T08:30:00+00:00,47.005,47.13,47.0,47.04,1631
2026-05-04T08:35:00+00:00,47.044,47.11,47.03,47.08,1407
2026-05-04T08:40:00+00:00,47.1,47.28,47.07,47.169,8957
2026-05-04T08:45:00+00:00,47.16,47.18,47.07,47.14,5418
2026-05-04T08:50:00+00:00,47.14,47.19,47.084,47.19,1042
2026-05-04T08:55:00+00:00,47.17,47.23,47.16,47.198,3177
2026-05-04T09:00:00+00:00,47.16,47.23,47.06,47.2,2319
2026-05-04T09:05:00+00:00,47.193,47.193,47.067,47.17,2693
2026-05-04T09:10:00+00:00,47.17,47.227,47.12,47.16,1148
2026-05-04T09:15:00+00:00,47.2,47.23,47.163,47.2,2861
2026-05-04T09:20:00+00:00,47.19,47.217,47.168,47.2,495
2026-05-04T09:25:00+00:00,47.162,47.21,47.162,47.21,710
2026-05-04T09:30:00+00:00,47.22,47.28,47.22,47.28,679
2026-05-04T09:35:00+00:00,47.28,47.33,47.27,47.32,1203
2026-05-04T09:40:00+00:00,47.3,47.3,47.224,47.27,1632
2026-05-04T09:45:00+00:00,47.28,47.3,47.253,47.28,665
2026-05-04T09:50:00+00:00,47.281,47.45,47.27,47.42,11597
2026-05-04T09:55:00+00:00,47.4,47.438,47.32,47.35,4990
2026-05-04T10:00:00+00:00,47.34,47.36,46.903,47.009,16120
2026-05-04T10:05:00+00:00,47.007,47.007,46.35,46.386,32932
2026-05-04T10:10:00+00:00,46.391,46.68,46.3,46.501,20745
2026-05-04T10:15:00+00:00,46.55,46.55,45.94,46.08,20038
2026-05-04T10:20:00+00:00,46.06,46.1,45.66,45.8,19598
2026-05-04T10:25:00+00:00,45.78,46.24,45.78,46.191,21467
2026-05-04T10:30:00+00:00,46.22,46.84,46.19,46.79,13391
2026-05-04T10:35:00+00:00,46.66,46.93,46.629,46.629,11696
2026-05-04T10:40:00+00:00,46.71,46.9,46.649,46.77,5644
2026-05-04T10:45:00+00:00,46.75,46.847,46.669,46.72,3855
2026-05-04T10:50:00+00:00,46.727,46.85,46.68,46.765,2051
2026-05-04T10:55:00+00:00,46.68,46.812,46.623,46.66,5789
2026-05-04T11:00:00+00:00,46.71,46.82,46.62,46.759,9436
2026-05-04T11:05:00+00:00,46.76,46.82,46.646,46.75,3234
2026-05-04T11:10:00+00:00,46.799,46.96,46.75,46.955,9536
2026-05-04T11:15:00+00:00,46.93,47.1,46.92,47.02,13973
2026-05-04T11:20:00+00:00,47.03,47.151,46.99,46.991,19604
2026-05-04T11:25:00+00:00,47.02,47.02,46.799,46.8,6801
2026-05-04T11:30:00+00:00,46.81,46.866,46.7,46.81,10750
2026-05-04T11:35:00+00:00,46.78,46.87,46.61,46.734,35733
2026-05-04T11:40:00+00:00,46.7,46.847,46.67,46.7,3385
2026-05-04T11:45:00+00:00,46.7,46.87,46.61,46.7,7405
2026-05-04T11:50:00+00:00,46.69,46.87,46.68,46.78,6544
2026-05-04T11:55:00+00:00,46.801,46.91,46.8,46.882,8553
2026-05-04T12:00:00+00:00,46.91,47.0,46.88,47.0,2015
2026-05-04T12:05:00+00:00,47.0,47.0,46.91,46.93,6619
2026-05-04T12:10:00+00:00,46.93,46.97,46.88,46.892,20853
2026-05-04T12:15:00+00:00,46.89,47.0,46.84,46.99,9281
2026-05-04T12:20:00+00:00,46.982,47.04,46.9,47.0,9746
2026-05-04T12:25:00+00:00,46.98,47.048,46.95,47.0,6185
2026-05-04T12:30:00+00:00,46.997,47.04,46.916,47.0,12318
2026-05-04T12:35:00+00:00,47.0,47.09,46.98,47.08,18736
2026-05-04T12:40:00+00:00,47.09,47.09,47.02,47.03,10880
2026-05-04T12:45:00+00:00,47.03,47.07,47.0,47.03,37427
2026-05-04T12:50:00+00:00,47.01,47.06,47.0,47.01,59008
2026-05-04T12:55:00+00:00,47.029,47.03,46.88,46.9,20321
2026-05-04T13:00:00+00:00,46.91,46.91,46.68,46.796,18373
2026-05-04T13:05:00+00:00,46.8,46.85,46.72,46.84,6724
2026-05-04T13:10:00+00:00,46.98,46.98,46.76,46.83,5731
2026-05-04T13:15:00+00:00,46.99,46.99,46.752,46.762,9439
2026-05-04T13:20:00+00:00,46.75,46.8,46.68,46.73,8916
2026-05-04T13:25:00+00:00,46.74,46.86,46.2,46.202,47217
2026-05-04T13:30:00+00:00,46.24,48.17,46.16,48.16,1812358
2026-05-04T13:35:00+00:00,48.17,49.2,47.905,48.975,942862
2026-05-04T13:40:00+00:00,48.95,49.51,48.73,48.741,857018
2026-05-04T13:45:00+00:00,48.737,50.47,48.59,50.02,1223837
2026-05-04T13:50:00+00:00,50.0,51.055,49.865,50.25,1153672
2026-05-04T13:55:00+00:00,50.26,51.29,50.04,50.62,972857
2026-05-04T14:00:00+00:00,50.62,51.195,50.57,50.83,666778
2026-05-04T14:05:00+00:00,50.82,50.86,50.05,50.49,708042
2026-05-04T14:10:00+00:00,50.49,50.97,50.475,50.75,706465
2026-05-04T14:15:00+00:00,50.74,51.08,50.524,50.985,450318
2026-05-04T14:20:00+00:00,50.975,51.05,50.38,50.57,454166
2026-05-04T14:25:00+00:00,50.55,50.62,50.02,50.075,310141
2026-05-04T14:30:00+00:00,50.06,50.35,49.79,50.152,592773
2026-05-04T14:35:00+00:00,50.15,50.37,49.99,50.345,442338
2026-05-04T14:40:00+00:00,50.345,50.45,49.95,49.995,343820
2026-05-04T14:45:00+00:00,49.98,49.99,49.7,49.714,366223
2026-05-04T14:50:00+00:00,49.73,50.14,49.7,50.11,269136
2026-05-04T14:55:00+00:00,50.115,50.22,49.67,49.68,326306
2026-05-04T15:00:00+00:00,49.66,50.191,49.5,50.138,546285
2026-05-04T15:05:00+00:00,50.146,50.38,50.03,50.13,260387
2026-05-04T15:10:00+00:00,50.13,50.47,50.04,50.438,314246
2026-05-04T15:15:00+00:00,50.4,50.69,49.93,49.95,367346
2026-05-04T15:20:00+00:00,49.94,49.96,49.331,49.56,512327
2026-05-04T15:25:00+00:00,49.555,50.2,49.52,50.04,293807
2026-05-04T15:30:00+00:00,50.08,50.12,49.69,50.06,276041
2026-05-04T15:35:00+00:00,50.04,50.2,49.66,50.04,316565
2026-05-04T15:40:00+00:00,50.03,50.3,49.81,50.29,317505
2026-05-04T15:45:00+00:00,50.287,50.48,49.96,50.13,263213
2026-05-04T15:50:00+00:00,50.09,50.22,49.74,50.219,292456
2026-05-04T15:55:00+00:00,50.24,50.3,50.04,50.14,200742
2026-05-04T16:00:00+00:00,50.13,50.15,49.83,50.09,170319
2026-05-04T16:05:00+00:00,50.108,50.22,49.6,49.78,372744
2026-05-04T16:10:00+00:00,49.76,49.95,49.52,49.64,219721
2026-05-04T16:15:00+00:00,49.64,50.3,49.34,50.21,454083
2026-05-04T16:20:00+00:00,50.22,50.32,50.12,50.21,282938
2026-05-04T16:25:00+00:00,50.21,50.28,49.962,50.18,134378
2026-05-04T16:30:00+00:00,50.2,50.21,49.83,50.02,232999
2026-05-04T16:35:00+00:00,50.03,50.075,49.77,49.79,149001
2026-05-04T16:40:00+00:00,49.77,50.184,49.77,50.12,143922
2026-05-04T16:45:00+00:00,50.09,50.2,50.01,50.07,127976
2026-05-04T16:50:00+00:00,50.06,50.1,49.76,49.774,148763
2026-05-04T16:55:00+00:00,49.77,49.88,49.69,49.77,211862
2026-05-04T17:00:00+00:00,49.78,50.08,49.742,50.0,210916
2026-05-04T17:05:00+00:00,49.95,50.01,49.77,49.82,94516
2026-05-04T17:10:00+00:00,49.83,50.0,49.82,49.89,100582
2026-05-04T17:15:00+00:00,49.89,50.18,49.78,50.13,160623
2026-05-04T17:20:00+00:00,50.12,50.14,49.96,50.03,89459
2026-05-04T17:25:00+00:00,50.03,50.06,49.902,49.98,70222
2026-05-04T17:30:00+00:00,49.97,50.03,49.53,49.53,153326
2026-05-04T17:35:00+00:00,49.535,49.669,49.45,49.669,175582
2026-05-04T17:40:00+00:00,49.665,49.88,49.62,49.85,168539
2026-05-04T17:45:00+00:00,49.85,50.2,49.83,50.15,195982
2026-05-04T17:50:00+00:00,50.14,50.42,50.11,50.28,202004
2026-05-04T17:55:00+00:00,50.27,50.6,50.27,50.37,212627
2026-05-04T18:00:00+00:00,50.36,50.47,50.22,50.24,140753
2026-05-04T18:05:00+00:00,50.25,50.25,49.96,50.02,138128
2026-05-04T18:10:00+00:00,50.02,50.39,49.94,50.37,206569
2026-05-04T18:15:00+00:00,50.36,50.47,50.27,50.29,156590
2026-05-04T18:20:00+00:00,50.27,50.33,50.03,50.1,155658
2026-05-04T18:25:00+00:00,50.115,50.33,49.95,50.33,123250
2026-05-04T18:30:00+00:00,50.35,50.37,49.85,49.88,153959
2026-05-04T18:35:00+00:00,49.86,50.082,49.82,50.05,163293
2026-05-04T18:40:00+00:00,50.045,50.05,49.75,49.809,138413
2026-05-04T18:45:00+00:00,49.78,49.848,49.71,49.84,129394
2026-05-04T18:50:00+00:00,49.855,49.96,49.81,49.865,208194
2026-05-04T18:55:00+00:00,49.86,50.19,49.81,50.16,127720
2026-05-04T19:00:00+00:00,50.15,50.25,50.06,50.08,185100
2026-05-04T19:05:00+00:00,50.067,50.42,49.94,50.255,343393
2026-05-04T19:10:00+00:00,50.27,50.31,50.05,50.231,180747
2026-05-04T19:15:00+00:00,50.23,50.26,50.0,50.02,121724
2026-05-04T19:20:00+00:00,50.035,50.05,49.78,49.855,214708
2026-05-04T19:25:00+00:00,49.86,49.92,49.75,49.76,219171
2026-05-04T19:30:00+00:00,49.75,49.92,49.599,49.599,352180
2026-05-04T19:35:00+00:00,49.59,49.67,49.44,49.52,379325
2026-05-04T19:40:00+00:00,49.5,49.65,49.42,49.639,197833
2026-05-04T19:45:00+00:00,49.644,49.925,49.59,49.925,272718
2026-05-04T19:50:00+00:00,49.9,49.9,49.65,49.69,381592
2026-05-04T19:55:00+00:00,49.675,49.682,49.26,49.48,868611
2026-05-04T20:00:00+00:00,49.48,49.58,49.03,49.48,1003232
2026-05-04T20:05:00+00:00,49.41,49.41,49.14,49.2,9280
2026-05-04T20:10:00+00:00,49.24,49.48,49.21,49.25,5784
2026-05-04T20:15:00+00:00,49.3,49.3,49.19,49.26,49090
2026-05-04T20:20:00+00:00,49.26,49.3,49.16,49.25,8646
2026-05-04T20:25:00+00:00,49.298,49.38,49.26,49.34,3843
2026-05-04T20:30:00+00:00,49.34,49.38,49.3,49.31,2695
2026-05-04T20:35:00+00:00,49.37,49.41,49.3,49.38,3899
2026-05-04T20:40:00+00:00,49.33,49.39,49.3,49.32,4427
2026-05-04T20:45:00+00:00,49.31,49.39,49.28,49.353,1047
2026-05-04T20:50:00+00:00,49.36,49.379,49.28,49.379,288946
2026-05-04T20:55:00+00:00,49.29,49.38,49.29,49.33,2612
2026-05-04T21:00:00+00:00,49.331,49.429,49.31,49.4,1628
2026-05-04T21:05:00+00:00,49.39,49.39,49.32,49.33,2420
2026-05-04T21:10:00+00:00,49.36,49.375,49.27,49.27,1349
2026-05-04T21:15:00+00:00,49.26,49.34,49.21,49.34,8591
2026-05-04T21:20:00+00:00,49.3,49.4,49.3,49.4,2549
2026-05-04T21:25:00+00:00,49.4,49.4,49.349,49.37,1416
2026-05-04T21:30:00+00:00,49.37,49.4,49.32,49.338,464
2026-05-04T21:35:00+00:00,49.36,49.38,49.3,49.3,1398
2026-05-04T21:40:00+00:00,49.329,49.329,49.2,49.299,961
2026-05-04T21:45:00+00:00,49.29,49.41,49.27,49.41,3649
2026-05-04T21:50:00+00:00,49.38,49.48,49.3,49.41,2012
2026-05-04T21:55:00+00:00,49.41,49.52,49.352,49.48,4053
2026-05-04T22:00:00+00:00,49.52,49.63,49.491,49.57,4804
2026-05-04T22:05:00+00:00,49.599,49.6,49.5,49.58,1237
2026-05-04T22:10:00+00:00,49.59,49.59,49.51,49.58,1187
2026-05-04T22:15:00+00:00,49.59,49.59,49.5,49.56,4520
2026-05-04T22:20:00+00:00,49.5,49.57,49.5,49.56,1393
2026-05-04T22:25:00+00:00,49.55,49.57,49.521,49.54,3741
2026-05-04T22:30:00+00:00,49.57,49.59,49.5,49.54,3236
2026-05-04T22:35:00+00:00,49.59,49.59,49.46,49.46,2628
2026-05-04T22:40:00+00:00,49.462,49.57,49.46,49.55,1268
2026-05-04T22:45:00+00:00,49.46,49.52,49.31,49.44,2243
2026-05-04T22:50:00+00:00,49.4,49.45,49.3,49.36,1898
2026-05-04T22:55:00+00:00,49.36,49.45,49.36,49.44,609
2026-05-04T23:00:00+00:00,49.404,49.56,49.4,49.5,2413
2026-05-04T23:05:00+00:00,49.41,49.57,49.4,49.427,4078
2026-05-04T23:10:00+00:00,49.47,49.48,49.3,49.46,491
2026-05-04T23:15:00+00:00,49.41,49.48,49.323,49.47,2477
2026-05-04T23:20:00+00:00,49.47,49.48,49.36,49.36,670
2026-05-04T23:25:00+00:00,49.4,49.48,49.36,49.4,1015
2026-05-04T23:30:00+00:00,49.36,49.47,49.36,49.46,2010
2026-05-04T23:35:00+00:00,49.421,49.57,49.4,49.48,3620
2026-05-04T23:40:00+00:00,49.45,49.58,49.41,49.58,2989
2026-05-04T23:45:00+00:00,49.55,49.6,49.45,49.58,2873
2026-05-04T23:50:00+00:00,49.58,49.6,49.41,49.41,8164
2026-05-04T23:55:00+00:00,49.43,49.51,49.41,49.487,3816
2026-05-05T08:00:00+00:00,50.046,50.15,49.79,50.069,50768
2026-05-05T08:05:00+00:00,50.07,50.14,49.8,50.1,6623
2026-05-05T08:10:00+00:00,50.06,50.33,50.06,50.26,4366
2026-05-05T08:15:00+00:00,50.25,50.35,50.207,50.25,3906
2026-05-05T08:20:00+00:00,50.27,50.374,50.203,50.26,1041
2026-05-05T08:25:00+00:00,50.28,50.29,50.15,50.15,1857
2026-05-05T08:30:00+00:00,50.15,50.204,50.06,50.07,999
2026-05-05T08:35:00+00:00,50.04,50.18,50.014,50.085,1147
2026-05-05T08:40:00+00:00,50.11,50.2,50.025,50.065,1920
2026-05-05T08:45:00+00:00,50.1,50.13,49.99,50.01,4955
2026-05-05T08:50:00+00:00,50.06,50.07,49.95,49.95,1460
2026-05-05T08:55:00+00:00,49.96,50.11,49.96,50.0,1595
2026-05-05T09:00:00+00:00,50.005,50.095,49.99,50.03,795
2026-05-05T09:05:00+00:00,50.05,50.117,50.03,50.1,498
2026-05-05T09:10:00+00:00,50.13,50.17,50.08,50.11,2387
2026-05-05T09:15:00+00:00,50.1,50.1,50.01,50.01,1115
2026-05-05T09:20:00+00:00,50.04,50.047,49.99,50.04,4092
2026-05-05T09:25:00+00:00,50.0,50.04,50.0,50.022,356
2026-05-05T09:30:00+00:00,50.022,50.11,50.02,50.06,1276
2026-05-05T09:35:00+00:00,50.03,50.05,50.0,50.04,1366
2026-05-05T09:40:00+00:00,50.05,50.08,50.04,50.06,1230
2026-05-05T09:45:00+00:00,50.118,50.22,50.04,50.1,14423
2026-05-05T09:50:00+00:00,50.07,50.1,50.034,50.06,1280
2026-05-05T09:55:00+00:00,50.08,50.157,50.05,50.157,1019
2026-05-05T10:00:00+00:00,50.16,50.16,50.01,50.01,2064
2026-05-05T10:05:00+00:00,50.01,50.064,49.864,49.9,8161
2026-05-05T10:10:00+00:00,49.87,49.936,49.87,49.92,270
2026-05-05T10:15:00+00:00,49.92,50.01,49.92,49.95,2376
2026-05-05T10:20:00+00:00,49.97,49.996,49.93,49.94,2635
2026-05-05T10:25:00+00:00,49.969,49.969,49.867,49.89,1022
2026-05-05T10:30:00+00:00,49.91,50.0,49.74,49.9,5073
2026-05-05T10:35:00+00:00,49.87,50.07,49.777,49.85,10020
2026-05-05T10:40:00+00:00,49.85,49.86,49.699,49.73,9862
2026-05-05T10:45:00+00:00,49.73,49.857,49.705,49.8,936
2026-05-05T10:50:00+00:00,49.83,49.86,49.8,49.8,748
2026-05-05T10:55:00+00:00,49.81,49.86,49.81,49.84,1292
2026-05-05T11:00:00+00:00,49.84,50.32,49.62,50.15,50208
2026-05-05T11:05:00+00:00,50.15,50.3,49.87,50.01,28065
2026-05-05T11:10:00+00:00,50.04,50.04,49.88,49.89,19897
2026-05-05T11:15:00+00:00,49.91,49.99,49.8,49.836,16653
2026-05-05T11:20:00+00:00,49.81,50.3,49.78,50.0,61464
2026-05-05T11:25:00+00:00,50.0,50.07,49.66,49.79,17875
2026-05-05T11:30:00+00:00,49.806,49.96,49.79,49.89,6948
2026-05-05T11:35:00+00:00,49.94,50.0,49.88,49.99,31201
2026-05-05T11:40:00+00:00,49.997,50.23,49.95,50.136,27252
2026-05-05T11:45:00+00:00,50.144,50.2,50.09,50.14,12472
2026-05-05T11:50:00+00:00,50.13,50.19,50.04,50.141,20766
2026-05-05T11:55:00+00:00,50.15,50.2,50.11,50.181,11027
2026-05-05T12:00:00+00:00,50.13,50.19,50.07,50.16,19701
2026-05-05T12:05:00+00:00,50.1,50.28,50.1,50.28,21244
2026-05-05T12:10:00+00:00,50.28,50.3,50.23,50.27,23730
2026-05-05T12:15:00+00:00,50.27,50.47,50.24,50.34,42776
2026-05-05T12:20:00+00:00,50.37,50.47,50.288,50.36,15742
2026-05-05T12:25:00+00:00,50.4,50.4,49.48,50.33,11866
2026-05-05T12:30:00+00:00,50.35,50.45,50.25,50.3,7134
2026-05-05T12:35:00+00:00,50.3,50.45,50.23,50.389,17312
2026-05-05T12:40:00+00:00,50.38,50.54,50.35,50.46,19966
2026-05-05T12:45:00+00:00,50.42,50.49,50.38,50.44,13982
2026-05-05T12:50:00+00:00,50.43,50.61,50.38,50.44,35428
2026-05-05T12:55:00+00:00,50.433,50.57,50.433,50.51,18974
2026-05-05T13:00:00+00:00,50.51,50.57,50.351,50.52,17859
2026-05-05T13:05:00+00:00,50.517,50.6,50.465,50.597,31875
2026-05-05T13:10:00+00:00,50.55,50.6,50.39,50.48,34973
2026-05-05T13:15:00+00:00,50.447,50.75,50.4,50.71,30067
2026-05-05T13:20:00+00:00,50.74,50.81,50.7,50.76,23532
2026-05-05T13:25:00+00:00,50.74,50.77,49.97,50.05,79517
2026-05-05T13:30:00+00:00,50.02,50.295,49.07,50.056,1015857
2026-05-05T13:35:00+00:00,50.065,50.75,49.93,50.54,768275
2026-05-05T13:40:00+00:00,50.545,50.77,50.19,50.32,667354
2026-05-05T13:45:00+00:00,50.3,50.58,49.71,50.14,469085
2026-05-05T13:50:00+00:00,50.14,50.405,49.53,49.615,477112
2026-05-05T13:55:00+00:00,49.59,50.07,49.5,49.57,422060
2026-05-05T14:00:00+00:00,49.58,49.86,49.31,49.72,409068
2026-05-05T14:05:00+00:00,49.7,50.11,49.6,50.07,388341
2026-05-05T14:10:00+00:00,50.085,50.48,49.92,49.92,396130
2026-05-05T14:15:00+00:00,49.94,50.29,49.68,50.25,355100
2026-05-05T14:20:00+00:00,50.24,50.78,50.24,50.54,457833
2026-05-05T14:25:00+00:00,50.545,50.77,50.35,50.65,323735
2026-05-05T14:30:00+00:00,50.67,50.89,50.44,50.465,276818
2026-05-05T14:35:00+00:00,50.47,50.77,50.18,50.24,270809
2026-05-05T14:40:00+00:00,50.22,50.56,50.18,50.425,140630
2026-05-05T14:45:00+00:00,50.44,50.83,50.38,50.76,206295
2026-05-05T14:50:00+00:00,50.77,50.86,50.59,50.86,162974
2026-05-05T14:55:00+00:00,50.87,51.29,50.865,51.11,444595
2026-05-05T15:00:00+00:00,51.08,51.08,50.53,50.905,336041
2026-05-05T15:05:00+00:00,50.905,50.91,50.539,50.56,225950
2026-05-05T15:10:00+00:00,50.575,50.847,50.52,50.701,155976
2026-05-05T15:15:00+00:00,50.71,50.82,50.48,50.765,137966
2026-05-05T15:20:00+00:00,50.77,51.09,50.71,50.995,152865
2026-05-05T15:25:00+00:00,50.99,51.2,50.94,51.11,202289
2026-05-05T15:30:00+00:00,51.139,51.19,50.812,50.812,182390
2026-05-05T15:35:00+00:00,50.81,51.21,50.81,51.19,158987
2026-05-05T15:40:00+00:00,51.2,51.64,51.2,51.605,366763
2026-05-05T15:45:00+00:00,51.61,52.09,51.56,52.045,459204
2026-05-05T15:50:00+00:00,52.045,52.24,51.9,52.145,445341
2026-05-05T15:55:00+00:00,52.156,52.37,52.0,52.253,361976
2026-05-05T16:00:00+00:00,52.28,52.47,52.09,52.202,299043
2026-05-05T16:05:00+00:00,52.16,52.315,51.88,51.88,304079
2026-05-05T16:10:00+00:00,51.895,52.02,51.75,52.0,293363
2026-05-05T16:15:00+00:00,52.01,52.04,51.695,52.0,179855
2026-05-05T16:20:00+00:00,52.0,52.37,51.98,52.185,200400
2026-05-05T16:25:00+00:00,52.174,52.27,51.8,51.94,199125
2026-05-05T16:30:00+00:00,51.95,52.16,51.89,52.09,156322
2026-05-05T16:35:00+00:00,52.085,52.2,51.71,51.745,154345
2026-05-05T16:40:00+00:00,51.74,51.945,51.58,51.84,165130
2026-05-05T16:45:00+00:00,51.84,52.12,51.84,52.11,133181
2026-05-05T16:50:00+00:00,52.11,52.55,52.11,52.455,351636
2026-05-05T16:55:00+00:00,52.463,52.7,52.43,52.69,255023
2026-05-05T17:00:00+00:00,52.72,53.0,52.63,52.785,297230
2026-05-05T17:05:00+00:00,52.792,52.85,52.45,52.495,220250
2026-05-05T17:10:00+00:00,52.48,52.93,52.44,52.78,207549
2026-05-05T17:15:00+00:00,52.79,53.16,52.69,53.115,370368
2026-05-05T17:20:00+00:00,53.12,53.52,53.09,53.367,538021
2026-05-05T17:25:00+00:00,53.39,53.58,53.27,53.56,410235
2026-05-05T17:30:00+00:00,53.53,53.58,53.24,53.405,392978
2026-05-05T17:35:00+00:00,53.395,53.818,53.36,53.75,302866
2026-05-05T17:40:00+00:00,53.745,53.89,53.64,53.87,325602
2026-05-05T17:45:00+00:00,53.887,54.09,53.783,53.98,465787
2026-05-05T17:50:00+00:00,53.98,54.32,53.93,54.25,376152
2026-05-05T17:55:00+00:00,54.26,54.46,54.03,54.23,461401
2026-05-05T18:00:00+00:00,54.26,54.538,54.03,54.525,486951
2026-05-05T18:05:00+00:00,54.52,54.58,53.9,54.01,491641
2026-05-05T18:10:00+00:00,54.01,54.64,53.82,54.635,417534
2026-05-05T18:15:00+00:00,54.64,55.19,54.631,55.041,649812
2026-05-05T18:20:00+00:00,55.035,55.45,55.027,55.34,429519
2026-05-05T18:25:00+00:00,55.35,55.52,55.2,55.36,456861
2026-05-05T18:30:00+00:00,55.38,55.82,55.06,55.81,558415
2026-05-05T18:35:00+00:00,55.815,56.13,55.51,55.61,635285
2026-05-05T18:40:00+00:00,55.639,55.73,55.26,55.61,408586
2026-05-05T18:45:00+00:00,55.607,55.75,55.45,55.73,324504
2026-05-05T18:50:00+00:00,55.76,55.805,55.27,55.38,372166
2026-05-05T18:55:00+00:00,55.4,55.61,55.05,55.165,436023
2026-05-05T19:00:00+00:00,55.155,55.17,54.33,54.43,692180
2026-05-05T19:05:00+00:00,54.43,54.765,54.42,54.74,365659
2026-05-05T19:10:00+00:00,54.71,54.985,54.7,54.755,293539
2026-05-05T19:15:00+00:00,54.77,54.97,54.407,54.415,313295
2026-05-05T19:20:00+00:00,54.42,54.45,53.88,53.99,571001
2026-05-05T19:25:00+00:00,53.997,54.08,53.835,53.835,335008
2026-05-05T19:30:00+00:00,53.83,54.609,53.805,54.465,405808
2026-05-05T19:35:00+00:00,54.47,54.77,54.37,54.76,268053
2026-05-05T19:40:00+00:00,54.75,55.037,54.71,54.998,321010
2026-05-05T19:45:00+00:00,54.98,55.15,54.92,54.94,360370
2026-05-05T19:50:00+00:00,54.93,54.98,54.725,54.75,389353
2026-05-05T19:55:00+00:00,54.74,54.84,54.48,54.74,971057
2026-05-05T20:00:00+00:00,54.74,54.8,54.45,54.67,1099672
2026-05-05T20:05:00+00:00,54.66,54.84,54.5,54.6,30354
2026-05-05T20:10:00+00:00,54.74,54.74,54.54,54.57,5453
2026-05-05T20:15:00+00:00,54.57,54.6,54.2,54.6,16473
2026-05-05T20:20:00+00:00,54.58,54.83,54.45,54.72,10083
2026-05-05T20:25:00+00:00,54.81,55.06,54.68,54.85,46440
2026-05-05T20:30:00+00:00,54.86,54.86,54.5,54.65,14397
2026-05-05T20:35:00+00:00,54.604,54.69,54.6,54.62,12293
2026-05-05T20:40:00+00:00,54.614,54.658,54.32,54.6,9321
2026-05-05T20:45:00+00:00,54.59,54.59,54.45,54.45,7031
2026-05-05T20:50:00+00:00,54.45,54.57,54.42,54.56,237929
2026-05-05T20:55:00+00:00,54.5,54.69,54.5,54.63,16151
2026-05-05T21:00:00+00:00,54.63,54.63,54.31,54.52,6913
2026-05-05T21:05:00+00:00,54.49,54.55,54.34,54.52,9591
2026-05-05T21:10:00+00:00,54.58,54.6,54.45,54.45,10349
2026-05-05T21:15:00+00:00,54.48,54.54,54.4,54.465,3795
2026-05-05T21:20:00+00:00,54.461,54.5,54.39,54.39,5153
2026-05-05T21:25:00+00:00,54.39,54.44,54.31,54.351,7585
2026-05-05T21:30:00+00:00,54.35,54.4,54.18,54.26,6640
2026-05-05T21:35:00+00:00,54.26,54.26,54.14,54.2,4397
2026-05-05T21:40:00+00:00,54.17,54.74,54.14,54.18,8423
2026-05-05T21:45:00+00:00,54.151,54.277,54.01,54.01,6222
2026-05-05T21:50:00+00:00,54.01,54.18,54.01,54.18,12218
2026-05-05T21:55:00+00:00,54.18,54.18,53.9,54.015,21455
2026-05-05T22:00:00+00:00,54.02,54.13,53.92,53.97,3872
2026-05-05T22:05:00+00:00,53.959,54.2,53.92,54.181,14052
2026-05-05T22:10:00+00:00,54.15,54.39,54.14,54.28,7593
2026-05-05T22:15:00+00:00,54.17,54.37,54.17,54.2,4380
2026-05-05T22:20:00+00:00,54.18,54.35,54.1,54.2,11129
2026-05-05T22:25:00+00:00,54.21,54.33,54.2,54.25,6282
2026-05-05T22:30:00+00:00,54.28,54.28,54.15,54.26,8233
2026-05-05T22:35:00+00:00,54.2,54.3,54.18,54.18,6387
2026-05-05T22:40:00+00:00,54.15,54.25,54.0,54.1,12420
2026-05-05T22:45:00+00:00,54.05,54.079,53.87,53.89,21002
2026-05-05T22:50:00+00:00,53.91,54.541,53.87,54.34,19560
2026-05-05T22:55:00+00:00,54.369,54.58,54.36,54.5,15005
2026-05-05T23:00:00+00:00,54.42,54.57,54.3,54.41,2441
2026-05-05T23:05:00+00:00,54.38,54.41,54.02,54.41,3743
2026-05-05T23:10:00+00:00,54.19,54.56,54.19,54.41,11900
2026-05-05T23:15:00+00:00,54.49,54.55,54.281,54.49,12497
2026-05-05T23:20:00+00:00,54.48,54.49,54.25,54.44,2608
2026-05-05T23:25:00+00:00,54.49,54.49,54.226,54.26,2395
2026-05-05T23:30:00+00:00,54.3,54.39,54.29,54.34,3431
2026-05-05T23:35:00+00:00,54.351,54.41,54.15,54.178,6668
2026-05-05T23:40:00+00:00,54.149,54.31,54.12,54.27,3638
2026-05-05T23:45:00+00:00,54.28,54.4,54.2,54.23,7066
2026-05-05T23:50:00+00:00,54.25,54.41,54.23,54.4,3007
2026-05-05T23:55:00+00:00,54.38,54.5,54.33,54.45,7932
2026-05-06T08:00:00+00:00,55.0,55.01,54.53,54.94,53052
2026-05-06T08:05:00+00:00,54.94,54.96,54.54,54.828,16942
2026-05-06T08:10:00+00:00,54.82,54.86,54.739,54.74,2381
2026-05-06T08:15:00+00:00,54.76,54.78,54.53,54.655,8889
2026-05-06T08:20:00+00:00,54.657,54.657,54.4,54.44,12732
2026-05-06T08:25:00+00:00,54.44,54.48,54.3,54.35,9722
2026-05-06T08:30:00+00:00,54.38,54.67,54.38,54.63,3693
2026-05-06T08:35:00+00:00,54.595,54.6,54.422,54.46,3681
2026-05-06T08:40:00+00:00,54.46,54.6,54.41,54.44,3386
2026-05-06T08:45:00+00:00,54.44,54.5,54.34,54.38,1307
2026-05-06T08:50:00+00:00,54.49,54.861,54.37,54.861,10862
2026-05-06T08:55:00+00:00,54.78,54.98,54.74,54.774,12278
2026-05-06T09:00:00+00:00,54.77,54.957,54.6,54.61,5550
2026-05-06T09:05:00+00:00,54.61,54.69,54.52,54.53,3924
2026-05-06T09:10:00+00:00,54.53,54.74,54.53,54.66,3167
2026-05-06T09:15:00+00:00,54.676,54.8,54.65,54.739,9446
2026-05-06T09:20:00+00:00,54.74,54.83,54.696,54.8,2843
2026-05-06T09:25:00+00:00,54.805,54.995,54.8,54.97,2194
2026-05-06T09:30:00+00:00,54.951,55.333,54.809,55.22,13155
2026-05-06T09:35:00+00:00,55.257,55.59,55.18,55.55,18860
2026-05-06T09:40:00+00:00,55.57,55.642,55.434,55.48,15573
2026-05-06T09:45:00+00:00,55.45,55.53,55.25,55.5,12873
2026-05-06T09:50:00+00:00,55.55,55.77,55.43,55.7,7260
2026-05-06T09:55:00+00:00,55.71,55.84,55.67,55.8,9846
2026-05-06T10:00:00+00:00,55.8,56.06,55.7,55.76,34032
2026-05-06T10:05:00+00:00,55.81,55.893,55.65,55.67,9938
2026-05-06T10:10:00+00:00,55.67,55.876,55.654,55.876,12620
2026-05-06T10:15:00+00:00,55.86,55.92,55.74,55.89,5869
2026-05-06T10:20:00+00:00,55.902,55.981,55.84,55.89,8785
2026-05-06T10:25:00+00:00,55.86,55.98,55.81,55.905,5253
2026-05-06T10:30:00+00:00,55.86,56.55,55.83,56.305,33973
2026-05-06T10:35:00+00:00,56.305,56.645,56.305,56.6,18867
2026-05-06T10:40:00+00:00,56.6,56.85,56.564,56.85,21174
2026-05-06T10:45:00+00:00,56.8,56.954,56.59,56.59,32428
2026-05-06T10:50:00+00:00,56.63,56.83,56.43,56.68,11707
2026-05-06T10:55:00+00:00,56.71,56.83,56.4,56.42,13892
2026-05-06T11:00:00+00:00,56.44,57.5,56.4,57.4,110094
2026-05-06T11:05:00+00:00,57.49,57.69,57.35,57.6,53521
2026-05-06T11:10:00+00:00,57.597,57.75,57.508,57.717,47278
2026-05-06T11:15:00+00:00,57.719,57.9,57.56,57.7,69097
2026-05-06T11:20:00+00:00,57.72,57.75,57.45,57.67,46026
2026-05-06T11:25:00+00:00,57.67,57.99,57.54,57.96,29657
2026-05-06T11:30:00+00:00,57.99,58.76,57.78,58.75,82239
2026-05-06T11:35:00+00:00,58.734,58.758,58.27,58.3,71681
2026-05-06T11:40:00+00:00,58.29,58.36,57.76,57.97,79547
2026-05-06T11:45:00+00:00,58.01,58.11,57.88,57.93,38691
2026-05-06T11:50:00+00:00,57.93,58.1,57.9,57.962,22633
2026-05-06T11:55:00+00:00,57.99,58.052,57.9,57.99,23718
2026-05-06T12:00:00+00:00,57.985,58.23,57.9,58.21,26905
2026-05-06T12:05:00+00:00,58.22,58.22,57.85,58.05,23636
2026-05-06T12:10:00+00:00,58.015,58.28,57.65,57.658,36547
2026-05-06T12:15:00+00:00,57.789,57.86,56.86,57.268,77507
2026-05-06T12:20:00+00:00,57.302,57.81,57.163,57.6,139491
2026-05-06T12:25:00+00:00,57.6,57.83,57.5,57.55,15401
2026-05-06T12:30:00+00:00,57.516,57.6,57.3,57.37,15959
2026-05-06T12:35:00+00:00,57.33,57.39,57.11,57.149,20545
2026-05-06T12:40:00+00:00,57.13,57.13,56.76,56.84,57018
2026-05-06T12:45:00+00:00,56.83,57.2,56.71,56.96,36055
2026-05-06T12:50:00+00:00,56.78,57.28,56.78,57.01,32168
2026-05-06T12:55:00+00:00,57.0,57.36,56.924,57.2,33744
2026-05-06T13:00:00+00:00,57.22,57.25,56.88,56.95,47337
2026-05-06T13:05:00+00:00,56.9,56.92,56.303,56.35,34855
2026-05-06T13:10:00+00:00,56.34,56.78,56.34,56.66,41262
2026-05-06T13:15:00+00:00,56.69,56.89,56.64,56.7,24471
2026-05-06T13:20:00+00:00,56.76,56.76,56.38,56.59,23575
2026-05-06T13:25:00+00:00,56.55,56.59,55.92,56.13,28880
2026-05-06T13:30:00+00:00,56.245,58.85,56.212,58.79,1462267
2026-05-06T13:35:00+00:00,58.765,59.05,57.88,58.19,1315593
2026-05-06T13:40:00+00:00,58.17,58.76,57.95,58.285,858615
2026-05-06T13:45:00+00:00,58.31,58.43,56.82,56.965,857026
2026-05-06T13:50:00+00:00,57.0,57.27,56.39,57.115,832887
2026-05-06T13:55:00+00:00,57.12,57.6,57.04,57.3,645095
2026-05-06T14:00:00+00:00,57.34,58.0,57.29,57.4,566587
2026-05-06T14:05:00+00:00,57.42,57.73,56.96,57.73,407237
2026-05-06T14:10:00+00:00,57.73,57.88,57.305,57.8,376257
2026-05-06T14:15:00+00:00,57.82,58.24,57.65,58.13,529107
2026-05-06T14:20:00+00:00,58.145,58.25,57.9,58.06,436456
2026-05-06T14:25:00+00:00,58.05,58.6,57.8,57.84,749227
2026-05-06T14:30:00+00:00,57.88,58.25,57.72,57.89,478865
2026-05-06T14:35:00+00:00,57.914,58.394,57.78,58.36,332525
2026-05-06T14:40:00+00:00,58.35,58.92,58.28,58.89,404780
2026-05-06T14:45:00+00:00,58.89,59.25,58.814,58.869,602375
2026-05-06T14:50:00+00:00,58.86,59.41,58.77,59.26,545003
2026-05-06T14:55:00+00:00,59.27,59.84,59.26,59.472,600434
2026-05-06T15:00:00+00:00,59.48,60.07,59.48,59.94,618204
2026-05-06T15:05:00+00:00,59.94,60.02,59.6,59.651,365556
2026-05-06T15:10:00+00:00,59.65,60.05,59.62,59.8,441055
2026-05-06T15:15:00+00:00,59.8,60.43,59.64,60.41,594635
2026-05-06T15:20:00+00:00,60.42,60.439,60.04,60.2,463579
2026-05-06T15:25:00+00:00,60.2,60.22,59.75,59.83,433487
2026-05-06T15:30:00+00:00,59.83,60.44,59.751,60.24,429896
2026-05-06T15:35:00+00:00,60.25,60.35,59.91,60.32,392378
2026-05-06T15:40:00+00:00,60.34,60.585,60.264,60.46,424869
2026-05-06T15:45:00+00:00,60.47,61.04,60.47,60.97,517121
2026-05-06T15:50:00+00:00,60.98,61.36,60.96,61.273,768790
2026-05-06T15:55:00+00:00,61.29,61.32,60.77,60.863,366787
2026-05-06T16:00:00+00:00,60.86,61.395,60.82,61.27,463563
2026-05-06T16:05:00+00:00,61.28,61.28,60.94,60.98,283549
2026-05-06T16:10:00+00:00,60.995,61.32,60.93,61.17,310102
2026-05-06T16:15:00+00:00,61.18,61.19,60.48,60.48,440980
2026-05-06T16:20:00+00:00,60.49,60.76,60.25,60.6,456992
2026-05-06T16:25:00+00:00,60.585,60.76,60.495,60.57,183172
2026-05-06T16:30:00+00:00,60.59,60.61,60.09,60.189,323234
2026-05-06T16:35:00+00:00,60.175,60.43,59.85,60.43,454311
2026-05-06T16:40:00+00:00,60.42,60.49,60.182,60.275,254452
2026-05-06T16:45:00+00:00,60.269,60.34,59.89,59.93,289499
2026-05-06T16:50:00+00:00,59.94,60.24,59.83,59.973,295543
2026-05-06T16:55:00+00:00,60.07,60.355,59.996,60.132,361424
2026-05-06T17:00:00+00:00,60.14,60.64,60.13,60.61,331007
2026-05-06T17:05:00+00:00,60.615,60.84,60.52,60.715,287465
2026-05-06T17:10:00+00:00,60.72,60.865,60.54,60.685,174531
2026-05-06T17:15:00+00:00,60.7,60.7,60.47,60.565,167327
2026-05-06T17:20:00+00:00,60.56,60.62,60.37,60.475,347777
2026-05-06T17:25:00+00:00,60.46,60.69,60.41,60.575,209450
2026-05-06T17:30:00+00:00,60.56,60.74,60.49,60.515,135718
2026-05-06T17:35:00+00:00,60.51,60.71,60.43,60.435,473566
2026-05-06T17:40:00+00:00,60.42,60.5,60.22,60.455,188407
2026-05-06T17:45:00+00:00,60.45,60.46,60.15,60.21,141265
2026-05-06T17:50:00+00:00,60.22,60.6,60.02,60.59,342549
2026-05-06T17:55:00+00:00,60.59,60.59,60.13,60.16,256197
2026-05-06T18:00:00+00:00,60.17,60.29,60.11,60.23,205627
2026-05-06T18:05:00+00:00,60.25,60.29,60.11,60.239,240862
2026-05-06T18:10:00+00:00,60.235,60.26,59.87,60.217,313906
2026-05-06T18:15:00+00:00,60.22,60.4,60.18,60.24,224129
2026-05-06T18:20:00+00:00,60.25,60.41,60.185,60.31,471308
2026-05-06T18:25:00+00:00,60.31,60.42,60.18,60.4,201263
2026-05-06T18:30:00+00:00,60.4,60.62,60.36,60.52,229174
2026-05-06T18:35:00+00:00,60.51,60.62,59.83,59.83,375379
2026-05-06T18:40:00+00:00,59.8,60.23,59.66,60.12,533348
2026-05-06T18:45:00+00:00,60.111,60.31,60.04,60.12,262285
2026-05-06T18:50:00+00:00,60.115,60.6,60.08,60.59,282351
2026-05-06T18:55:00+00:00,60.6,60.729,60.456,60.58,235967
2026-05-06T19:00:00+00:00,60.57,60.67,60.35,60.47,248294
2026-05-06T19:05:00+00:00,60.47,60.69,60.37,60.68,248328
2026-05-06T19:10:00+00:00,60.68,60.77,60.395,60.4,254459
2026-05-06T19:15:00+00:00,60.4,60.5,60.275,60.5,305197
2026-05-06T19:20:00+00:00,60.51,60.8,60.47,60.748,372727
2026-05-06T19:25:00+00:00,60.754,60.83,60.62,60.66,289932
2026-05-06T19:30:00+00:00,60.66,60.95,60.605,60.885,299877
2026-05-06T19:35:00+00:00,60.89,61.1,60.865,60.98,372820
2026-05-06T19:40:00+00:00,60.99,61.48,60.966,61.37,1412474
2026-05-06T19:45:00+00:00,61.37,61.5,61.11,61.16,434543
2026-05-06T19:50:00+00:00,61.17,61.17,60.665,60.815,576716
2026-05-06T19:55:00+00:00,60.765,61.06,60.46,60.98,1321301
2026-05-06T20:00:00+00:00,60.91,61.28,60.79,61.13,1005077
2026-05-06T20:05:00+00:00,61.1,61.35,61.0,61.3,18935
2026-05-06T20:10:00+00:00,61.2,61.35,60.98,61.288,41698
2026-05-06T20:15:00+00:00,61.28,61.3,61.0,61.0,235484
2026-05-06T20:20:00+00:00,61.0,61.08,60.5,60.75,451610
2026-05-06T20:25:00+00:00,60.73,60.98,60.7,60.9,24511
2026-05-06T20:30:00+00:00,60.95,60.95,60.85,60.9,15099
2026-05-06T20:35:00+00:00,60.87,60.95,60.861,60.89,7432
2026-05-06T20:40:00+00:00,60.88,60.92,60.6,60.65,17029
2026-05-06T20:45:00+00:00,60.615,60.75,60.56,60.6,128136
2026-05-06T20:50:00+00:00,60.6,60.6,60.38,60.44,16873
2026-05-06T20:55:00+00:00,60.411,60.57,60.41,60.52,24884
2026-05-06T21:00:00+00:00,60.55,60.6,60.02,60.22,290275
2026-05-06T21:05:00+00:00,60.22,60.3,60.04,60.23,11492
2026-05-06T21:10:00+00:00,60.28,60.3,60.2,60.22,9837
2026-05-06T21:15:00+00:00,60.25,60.4,60.22,60.27,8349
2026-05-06T21:20:00+00:00,60.23,60.4,60.23,60.27,13140
2026-05-06T21:25:00+00:00,60.24,60.32,60.23,60.3,10949
2026-05-06T21:30:00+00:00,60.32,60.32,60.23,60.27,195266
2026-05-06T21:35:00+00:00,60.23,60.3,59.55,59.64,42832
2026-05-06T21:40:00+00:00,59.5,59.8,58.81,59.11,54940
2026-05-06T21:45:00+00:00,59.16,60.0,59.1,59.73,13020
2026-05-06T21:50:00+00:00,59.74,60.0,59.4,59.48,16040
2026-05-06T21:55:00+00:00,59.59,59.7,58.95,59.52,18075
2026-05-06T22:00:00+00:00,59.5,59.74,59.5,59.62,6841
2026-05-06T22:05:00+00:00,59.74,59.74,59.5,59.65,16840
2026-05-06T22:10:00+00:00,59.62,59.99,59.6,59.78,3963
2026-05-06T22:15:00+00:00,59.7,59.82,59.5,59.54,6313
2026-05-06T22:20:00+00:00,59.54,59.773,59.48,59.578,10022
2026-05-06T22:25:00+00:00,59.52,59.58,59.3,59.34,17565
2026-05-06T22:30:00+00:00,59.3,59.43,59.26,59.26,8129
2026-05-06T22:35:00+00:00,59.3,59.44,59.26,59.4,5216
2026-05-06T22:40:00+00:00,59.44,59.71,59.4,59.65,3883
2026-05-06T22:45:00+00:00,59.652,59.78,59.48,59.7,8897
2026-05-06T22:50:00+00:00,59.65,59.78,59.5,59.71,4635
2026-05-06T22:55:00+00:00,59.52,59.78,59.52,59.6,7751
2026-05-06T23:00:00+00:00,59.65,59.8,59.6,59.75,5758
2026-05-06T23:05:00+00:00,59.75,59.75,59.61,59.69,2711
2026-05-06T23:10:00+00:00,59.69,59.77,59.65,59.73,3789
2026-05-06T23:15:00+00:00,59.75,59.9,59.61,59.9,5207
2026-05-06T23:20:00+00:00,59.81,60.03,59.75,59.85,27483
2026-05-06T23:25:00+00:00,59.84,60.0,59.83,59.935,12017
2026-05-06T23:30:00+00:00,59.95,60.25,59.924,60.25,8278
2026-05-06T23:35:00+00:00,60.22,60.28,60.0,60.12,6788
2026-05-06T23:40:00+00:00,60.12,60.42,60.11,60.35,15843
2026-05-06T23:45:00+00:00,60.38,60.4,60.191,60.25,9372
2026-05-06T23:50:00+00:00,60.33,60.49,60.25,60.25,7214
2026-05-06T23:55:00+00:00,60.4,60.4,60.0,60.25,6526
2026-05-07T08:00:00+00:00,60.0,61.2,60.0,60.92,136008
2026-05-07T08:05:00+00:00,60.92,61.19,60.21,61.023,27892
2026-05-07T08:10:00+00:00,61.06,61.114,60.762,60.812,19462
2026-05-07T08:15:00+00:00,60.9,60.9,60.582,60.624,3873
2026-05-07T08:20:00+00:00,60.696,60.7,60.55,60.63,3789
2026-05-07T08:25:00+00:00,60.597,60.654,60.3,60.301,7869
2026-05-07T08:30:00+00:00,60.36,60.445,60.315,60.34,3778
2026-05-07T08:35:00+00:00,60.343,60.62,60.302,60.47,3135
2026-05-07T08:40:00+00:00,60.484,60.49,60.28,60.3,9489
2026-05-07T08:45:00+00:00,60.3,60.32,60.063,60.1,8210
2026-05-07T08:50:00+00:00,60.063,60.147,60.05,60.07,5527
2026-05-07T08:55:00+00:00,60.053,60.06,59.78,59.799,14305
2026-05-07T09:00:00+00:00,59.77,59.779,59.39,59.5,9242
2026-05-07T09:05:00+00:00,59.51,59.614,59.214,59.58,21367
2026-05-07T09:10:00+00:00,59.58,59.791,59.56,59.69,6615
2026-05-07T09:15:00+00:00,59.71,59.896,59.65,59.8,8765
2026-05-07T09:20:00+00:00,59.895,59.9,59.76,59.843,8922
2026-05-07T09:25:00+00:00,59.8,59.843,59.56,59.64,5385
2026-05-07T09:30:00+00:00,59.633,59.72,59.555,59.612,9944
2026-05-07T09:35:00+00:00,59.62,59.67,59.523,59.65,3612
2026-05-07T09:40:00+00:00,59.609,59.65,59.533,59.576,4589
2026-05-07T09:45:00+00:00,59.56,59.66,59.51,59.62,4926
2026-05-07T09:50:00+00:00,59.62,59.62,59.41,59.43,3344
2026-05-07T09:55:00+00:00,59.43,59.447,59.27,59.29,5457
2026-05-07T10:00:00+00:00,59.271,59.29,59.0,59.002,14492
2026-05-07T10:05:00+00:00,59.0,59.295,58.99,59.295,10498
2026-05-07T10:10:00+00:00,59.213,59.29,59.1,59.204,14608
2026-05-07T10:15:00+00:00,59.28,59.295,59.1,59.12,4964
2026-05-07T10:20:00+00:00,59.12,59.3,59.055,59.28,11418
2026-05-07T10:25:00+00:00,59.281,59.299,59.176,59.24,4433
2026-05-07T10:30:00+00:00,59.231,59.5,59.2,59.45,7049
2026-05-07T10:35:00+00:00,59.43,59.596,59.38,59.55,5183
2026-05-07T10:40:00+00:00,59.55,59.767,59.53,59.717,6962
2026-05-07T10:45:00+00:00,59.698,59.7,59.47,59.5,6124
2026-05-07T10:50:00+00:00,59.498,59.595,59.48,59.52,3284
2026-05-07T10:55:00+00:00,59.59,59.59,59.43,59.439,1497
2026-05-07T11:00:00+00:00,59.55,60.0,59.515,59.98,36682
2026-05-07T11:05:00+00:00,60.0,60.2,59.965,60.17,16002
2026-05-07T11:10:00+00:00,60.19,60.22,59.73,59.78,23455
2026-05-07T11:15:00+00:00,59.77,59.785,59.58,59.6,11986
2026-05-07T11:20:00+00:00,59.6,59.687,59.55,59.65,19825
2026-05-07T11:25:00+00:00,59.66,59.7,59.47,59.47,16576
2026-05-07T11:30:00+00:00,59.45,59.53,59.35,59.429,14049
2026-05-07T11:35:00+00:00,59.453,59.64,59.45,59.59,7398
2026-05-07T11:40:00+00:00,59.6,59.7,59.53,59.6,11880
2026-05-07T11:45:00+00:00,59.6,59.69,59.504,59.688,12365
2026-05-07T11:50:00+00:00,59.652,59.82,59.652,59.702,185427
2026-05-07T11:55:00+00:00,59.7,59.79,59.7,59.75,12174
2026-05-07T12:00:00+00:00,59.742,59.787,59.5,59.53,19514
2026-05-07T12:05:00+00:00,59.5,59.69,59.5,59.517,4860
2026-05-07T12:10:00+00:00,59.53,59.8,59.53,59.77,8321
2026-05-07T12:15:00+00:00,59.77,59.77,59.53,59.56,40235
2026-05-07T12:20:00+00:00,59.56,59.56,59.38,59.499,15340
2026-05-07T12:25:00+00:00,59.5,59.5,59.3,59.495,11121
2026-05-07T12:30:00+00:00,59.49,59.5,59.386,59.5,7671
2026-05-07T12:35:00+00:00,59.496,59.77,59.45,59.75,16381
2026-05-07T12:40:00+00:00,59.747,59.75,59.62,59.678,7857
2026-05-07T12:45:00+00:00,59.675,59.7,59.55,59.65,8175
2026-05-07T12:50:00+00:00,59.695,59.697,59.55,59.63,7339
2026-05-07T12:55:00+00:00,59.63,59.66,59.38,59.46,14582
2026-05-07T13:00:00+00:00,59.46,59.47,59.15,59.173,28349
2026-05-07T13:05:00+00:00,59.2,59.23,58.885,58.985,24954
2026-05-07T13:10:00+00:00,59.02,59.38,58.9,59.38,20553
2026-05-07T13:15:00+00:00,59.348,59.48,59.286,59.46,11033
2026-05-07T13:20:00+00:00,59.44,59.5,59.38,59.4,19639
2026-05-07T13:25:00+00:00,59.46,59.79,59.38,59.42,26269
2026-05-07T13:30:00+00:00,59.395,60.01,58.655,59.84,1106596
2026-05-07T13:35:00+00:00,59.83,60.386,59.33,59.44,836027
2026-05-07T13:40:00+00:00,59.4,59.77,58.9,58.9,584018
2026-05-07T13:45:00+00:00,58.91,59.298,58.522,59.24,644190
2026-05-07T13:50:00+00:00,59.22,59.95,59.04,59.91,558045
2026-05-07T13:55:00+00:00,59.87,60.2,59.71,59.828,567161
2026-05-07T14:00:00+00:00,59.825,60.38,59.7,60.11,447977
2026-05-07T14:05:00+00:00,60.11,60.859,60.01,60.78,617694
2026-05-07T14:10:00+00:00,60.79,61.45,60.62,61.45,626609
2026-05-07T14:15:00+00:00,61.432,61.65,60.94,61.495,630166
2026-05-07T14:20:00+00:00,61.505,61.59,60.87,61.006,568428
2026-05-07T14:25:00+00:00,61.005,61.329,60.9,61.29,336050
2026-05-07T14:30:00+00:00,61.3,61.68,61.26,61.47,463267
2026-05-07T14:35:00+00:00,61.47,62.31,61.46,62.23,571019
2026-05-07T14:40:00+00:00,62.225,62.43,61.875,61.899,452920
2026-05-07T14:45:00+00:00,61.89,62.14,61.725,61.88,326714
2026-05-07T14:50:00+00:00,61.89,62.087,61.76,61.975,298931
2026-05-07T14:55:00+00:00,61.98,62.05,61.48,61.55,375554
2026-05-07T15:00:00+00:00,61.53,61.57,60.91,61.284,503614
2026-05-07T15:05:00+00:00,61.25,61.42,61.08,61.09,254712
2026-05-07T15:10:00+00:00,61.07,61.12,60.38,60.69,415719
2026-05-07T15:15:00+00:00,60.685,60.92,60.611,60.78,222938
2026-05-07T15:20:00+00:00,60.78,60.919,60.53,60.69,332400
2026-05-07T15:25:00+00:00,60.695,61.066,60.64,60.95,264315
2026-05-07T15:30:00+00:00,60.95,61.06,60.57,60.62,311110
2026-05-07T15:35:00+00:00,60.61,60.72,60.1,60.17,397744
2026-05-07T15:40:00+00:00,60.16,60.17,59.46,60.12,565854
2026-05-07T15:45:00+00:00,60.13,60.21,59.53,59.63,325221
2026-05-07T15:50:00+00:00,59.62,59.62,58.93,59.12,495075
2026-05-07T15:55:00+00:00,59.12,59.14,58.25,58.345,569717
2026-05-07T16:00:00+00:00,58.37,58.59,58.1,58.379,598432
2026-05-07T16:05:00+00:00,58.35,58.35,57.58,57.96,629571
2026-05-07T16:10:00+00:00,57.95,57.98,57.52,57.6,456585
2026-05-07T16:15:00+00:00,57.57,57.57,56.604,56.66,817289
2026-05-07T16:20:00+00:00,56.665,56.85,56.31,56.76,835272
2026-05-07T16:25:00+00:00,56.751,57.56,56.751,57.37,629417
2026-05-07T16:30:00+00:00,57.375,57.65,56.94,57.31,411098
2026-05-07T16:35:00+00:00,57.31,57.33,56.56,56.605,497298
2026-05-07T16:40:00+00:00,56.585,57.04,56.5,56.755,391057
2026-05-07T16:45:00+00:00,56.77,56.9,56.56,56.71,256856
2026-05-07T16:50:00+00:00,56.725,57.53,56.67,57.515,364457
2026-05-07T16:55:00+00:00,57.505,57.63,56.97,57.42,327657
2026-05-07T17:00:00+00:00,57.45,57.66,57.28,57.53,356089
2026-05-07T17:05:00+00:00,57.54,57.86,57.48,57.64,343679
2026-05-07T17:10:00+00:00,57.63,57.63,57.17,57.185,284652
2026-05-07T17:15:00+00:00,57.16,57.18,56.3,56.315,433711
2026-05-07T17:20:00+00:00,56.3,56.95,56.26,56.865,357768
2026-05-07T17:25:00+00:00,56.88,57.0,56.2,56.45,520776
2026-05-07T17:30:00+00:00,56.46,56.68,56.324,56.615,262700
2026-05-07T17:35:00+00:00,56.54,57.06,56.53,56.8,418494
2026-05-07T17:40:00+00:00,56.79,57.09,56.73,56.75,264221
2026-05-07T17:45:00+00:00,56.77,56.93,56.61,56.67,204172
2026-05-07T17:50:00+00:00,56.67,56.8,56.52,56.725,193533
2026-05-07T17:55:00+00:00,56.74,57.25,56.74,57.2,356873
2026-05-07T18:00:00+00:00,57.2,57.305,56.845,56.975,253121
2026-05-07T18:05:00+00:00,56.975,57.35,56.9,56.95,326691
2026-05-07T18:10:00+00:00,56.97,57.1,56.75,56.995,270968
2026-05-07T18:15:00+00:00,57.01,57.11,56.76,56.98,223776
2026-05-07T18:20:00+00:00,56.985,57.06,56.53,56.56,282066
2026-05-07T18:25:00+00:00,56.56,56.56,55.9,56.1,560804
2026-05-07T18:30:00+00:00,56.12,56.58,56.11,56.33,277996
2026-05-07T18:35:00+00:00,56.34,56.45,56.21,56.4,186244
2026-05-07T18:40:00+00:00,56.39,56.604,56.04,56.146,305334
2026-05-07T18:45:00+00:00,56.14,56.31,55.93,55.93,253907
2026-05-07T18:50:00+00:00,55.93,56.0,55.81,55.965,233935
2026-05-07T18:55:00+00:00,55.96,56.5,55.875,56.16,266749
2026-05-07T19:00:00+00:00,56.165,56.19,55.9,55.91,200544
2026-05-07T19:05:00+00:00,55.91,56.04,55.6,55.66,317903
2026-05-07T19:10:00+00:00,55.63,56.1,55.53,56.022,348767
2026-05-07T19:15:00+00:00,56.01,56.11,55.77,55.78,215509
2026-05-07T19:20:00+00:00,55.805,55.91,55.612,55.625,228625
2026-05-07T19:25:00+00:00,55.62,55.74,55.41,55.462,368505
2026-05-07T19:30:00+00:00,55.49,56.07,55.463,56.045,323434
2026-05-07T19:35:00+00:00,56.06,56.46,56.0,56.41,338066
2026-05-07T19:40:00+00:00,56.4,56.85,56.4,56.66,389978
2026-05-07T19:45:00+00:00,56.67,56.74,56.56,56.73,366789
2026-05-07T19:50:00+00:00,56.74,56.89,56.31,56.472,530481
2026-05-07T19:55:00+00:00,56.475,57.005,56.45,56.85,1125048
2026-05-07T20:00:00+00:00,56.85,59.59,56.7,59.27,946884
2026-05-07T20:05:00+00:00,59.2,59.49,57.5,57.88,222003
2026-05-07T20:10:00+00:00,58.0,58.0,56.25,57.35,115438
2026-05-07T20:15:00+00:00,57.48,58.5,57.0,57.6,79443
2026-05-07T20:20:00+00:00,57.6,58.23,57.5,57.7,51405
2026-05-07T20:25:00+00:00,57.5,58.07,57.35,57.44,47889
2026-05-07T20:30:00+00:00,57.431,70.96,57.25,69.97,824406
2026-05-07T20:35:00+00:00,69.962,73.11,68.0,72.28,2059357
2026-05-07T20:40:00+00:00,72.26,72.33,67.69,69.86,1341513
2026-05-07T20:45:00+00:00,69.86,70.7,66.9,68.32,1035671
2026-05-07T20:50:00+00:00,68.398,69.33,67.4,67.8,497410
2026-05-07T20:55:00+00:00,67.93,69.86,67.8,68.45,590020
2026-05-07T21:00:00+00:00,68.66,69.7,68.3,68.4,314432
2026-05-07T21:05:00+00:00,68.437,69.33,67.03,67.583,401782
2026-05-07T21:10:00+00:00,67.59,67.8,66.69,67.48,378618
2026-05-07T21:15:00+00:00,67.52,68.46,63.59,65.55,648101
2026-05-07T21:20:00+00:00,65.59,67.33,64.45,64.55,402999
2026-05-07T21:25:00+00:00,64.74,65.01,63.01,63.65,603024
2026-05-07T21:30:00+00:00,63.704,63.72,59.05,59.59,1021478
2026-05-07T21:35:00+00:00,59.59,63.54,59.1,62.76,823680
2026-05-07T21:40:00+00:00,62.664,63.99,61.55,61.829,485023
2026-05-07T21:45:00+00:00,61.8,62.9,61.13,61.7,300028
2026-05-07T21:50:00+00:00,61.99,62.2,59.581,60.0,357851
2026-05-07T21:55:00+00:00,60.0,61.5,59.69,61.189,265218
2026-05-07T22:00:00+00:00,61.18,61.5,59.68,60.14,225025
2026-05-07T22:05:00+00:00,60.15,60.96,59.75,60.4,219120
2026-05-07T22:10:00+00:00,60.2,60.45,57.56,58.86,557436
2026-05-07T22:15:00+00:00,58.75,59.5,58.1,58.799,222018
2026-05-07T22:20:00+00:00,58.8,60.9,58.48,59.64,337093
2026-05-07T22:25:00+00:00,59.63,60.45,59.46,60.25,121978
2026-05-07T22:30:00+00:00,60.25,60.6,59.96,60.35,105398
2026-05-07T22:35:00+00:00,60.36,60.5,59.7,59.92,125869
2026-05-07T22:40:00+00:00,59.99,60.0,59.18,59.26,100762
2026-05-07T22:45:00+00:00,59.34,60.35,59.2,60.086,104211
2026-05-07T22:50:00+00:00,60.09,60.46,60.0,60.3,111179
2026-05-07T22:55:00+00:00,60.25,60.39,59.72,59.86,98123
2026-05-07T23:00:00+00:00,59.91,60.0,59.38,59.701,146429
2026-05-07T23:05:00+00:00,59.79,59.79,59.4,59.7,100184
2026-05-07T23:10:00+00:00,59.75,59.95,59.52,59.69,74931
2026-05-07T23:15:00+00:00,59.68,59.96,59.53,59.92,53529
2026-05-07T23:20:00+00:00,59.87,59.91,59.51,59.72,51137
2026-05-07T23:25:00+00:00,59.72,59.79,59.56,59.66,47375
2026-05-07T23:30:00+00:00,59.74,60.44,59.65,60.37,67876
2026-05-07T23:35:00+00:00,60.37,60.95,60.15,60.55,99947
2026-05-07T23:40:00+00:00,60.5,60.75,60.1,60.15,62675
2026-05-07T23:45:00+00:00,60.122,60.5,60.0,60.313,51809
2026-05-07T23:50:00+00:00,60.4,60.6,60.0,60.58,69416
2026-05-07T23:55:00+00:00,60.58,60.95,60.45,60.87,85098
2026-05-08T08:00:00+00:00,61.76,62.46,61.25,61.54,254212
2026-05-08T08:05:00+00:00,61.758,62.45,61.01,61.395,45199
2026-05-08T08:10:00+00:00,61.393,61.587,61.0,61.3,25914
2026-05-08T08:15:00+00:00,61.3,61.3,61.04,61.1,15449
2026-05-08T08:20:00+00:00,61.14,61.7,61.05,61.62,13116
2026-05-08T08:25:00+00:00,61.62,61.64,61.22,61.3,16193
2026-05-08T08:30:00+00:00,61.35,61.71,61.25,61.7,9015
2026-05-08T08:35:00+00:00,61.7,61.9,61.6,61.88,13882
2026-05-08T08:40:00+00:00,61.87,62.38,61.8,62.271,25672
2026-05-08T08:45:00+00:00,62.2,62.28,61.799,61.9,15280
2026-05-08T08:50:00+00:00,61.895,62.12,61.805,62.039,12884
2026-05-08T08:55:00+00:00,62.03,62.068,61.91,61.97,10974
2026-05-08T09:00:00+00:00,62.038,62.4,61.97,62.372,17834
2026-05-08T09:05:00+00:00,62.38,62.8,62.36,62.7,27211
2026-05-08T09:10:00+00:00,62.7,62.99,62.605,62.988,33087
2026-05-08T09:15:00+00:00,62.96,62.987,62.704,62.93,22528
2026-05-08T09:20:00+00:00,62.938,63.0,62.65,62.67,18025
2026-05-08T09:25:00+00:00,62.701,62.82,62.406,62.561,18964
2026-05-08T09:30:00+00:00,62.63,62.74,62.3,62.41,16428
2026-05-08T09:35:00+00:00,62.4,62.41,61.702,61.933,46276
2026-05-08T09:40:00+00:00,61.92,61.94,61.36,61.6,41094
2026-05-08T09:45:00+00:00,61.59,61.7,61.424,61.56,17084
2026-05-08T09:50:00+00:00,61.54,61.68,61.353,61.566,23026
2026-05-08T09:55:00+00:00,61.66,61.8,61.5,61.787,12708
2026-05-08T10:00:00+00:00,61.788,61.976,61.72,61.815,22164
2026-05-08T10:05:00+00:00,61.812,61.845,61.48,61.5,12698
2026-05-08T10:10:00+00:00,61.5,61.6,61.29,61.31,17040
2026-05-08T10:15:00+00:00,61.31,61.45,60.88,61.188,29200
2026-05-08T10:20:00+00:00,61.0,61.4,60.88,61.207,20193
2026-05-08T10:25:00+00:00,61.28,61.444,61.122,61.27,9349
2026-05-08T10:30:00+00:00,61.23,61.651,61.223,61.595,14787
2026-05-08T10:35:00+00:00,61.57,61.611,61.256,61.53,8649
2026-05-08T10:40:00+00:00,61.53,61.57,61.26,61.41,9101
2026-05-08T10:45:00+00:00,61.4,61.48,61.25,61.3,7789
2026-05-08T10:50:00+00:00,61.36,61.45,61.24,61.32,11623
2026-05-08T10:55:00+00:00,61.3,61.54,61.1,61.2,19802
2026-05-08T11:00:00+00:00,61.2,62.0,61.13,61.85,156211
2026-05-08T11:05:00+00:00,61.85,62.0,61.77,61.846,78337
2026-05-08T11:10:00+00:00,61.85,61.85,61.4,61.6,60495
2026-05-08T11:15:00+00:00,61.6,61.85,61.2,61.83,64582
2026-05-08T11:20:00+00:00,61.839,62.4,61.705,62.369,71608
2026-05-08T11:25:00+00:00,62.37,62.4,62.0,62.25,63375
2026-05-08T11:30:00+00:00,62.28,62.5,62.0,62.07,64899
2026-05-08T11:35:00+00:00,62.07,62.24,61.75,62.04,42996
2026-05-08T11:40:00+00:00,62.05,62.24,61.78,62.2,37357
2026-05-08T11:45:00+00:00,62.23,62.5,62.15,62.4,50985
2026-05-08T11:50:00+00:00,62.258,62.69,62.258,62.62,90286
2026-05-08T11:55:00+00:00,62.62,62.73,62.38,62.45,67660
2026-05-08T12:00:00+00:00,62.435,62.7,62.35,62.502,50796
2026-05-08T12:05:00+00:00,62.54,64.27,62.417,64.27,197678
2026-05-08T12:10:00+00:00,64.223,64.68,63.73,64.34,293292
2026-05-08T12:15:00+00:00,64.36,64.49,63.52,63.555,178608
2026-05-08T12:20:00+00:00,63.597,64.2,63.3,64.1,92183
2026-05-08T12:25:00+00:00,64.06,64.2,64.0,64.1,89647
2026-05-08T12:30:00+00:00,64.09,65.23,64.01,65.14,240509
2026-05-08T12:35:00+00:00,65.097,65.33,64.35,64.434,216517
2026-05-08T12:40:00+00:00,64.43,65.01,64.43,64.851,140211
2026-05-08T12:45:00+00:00,64.83,64.86,64.0,64.38,180447
2026-05-08T12:50:00+00:00,64.4,66.37,64.14,66.088,311822
2026-05-08T12:55:00+00:00,66.065,66.237,65.66,65.74,294329
2026-05-08T13:00:00+00:00,65.78,66.21,65.56,65.91,183174
2026-05-08T13:05:00+00:00,65.976,65.978,64.91,65.01,186483
2026-05-08T13:10:00+00:00,64.948,65.32,64.37,64.46,190409
2026-05-08T13:15:00+00:00,64.44,64.71,63.9,63.94,196056
2026-05-08T13:20:00+00:00,63.98,64.78,63.98,64.62,1077758
2026-05-08T13:25:00+00:00,64.62,64.715,63.8,63.83,148651
2026-05-08T13:30:00+00:00,63.845,65.61,62.83,63.01,3866249
2026-05-08T13:35:00+00:00,63.02,64.11,61.27,61.43,3045070
2026-05-08T13:40:00+00:00,61.49,61.855,59.57,60.15,2985118
2026-05-08T13:45:00+00:00,60.1,61.34,59.46,59.697,2956098
2026-05-08T13:50:00+00:00,59.69,60.49,58.92,60.35,1966613
2026-05-08T13:55:00+00:00,60.33,61.18,59.9,60.54,1908271
2026-05-08T14:00:00+00:00,60.51,61.8,60.26,61.616,1892183
2026-05-08T14:05:00+00:00,61.6,63.0,61.34,62.865,2166060
2026-05-08T14:10:00+00:00,62.9,63.37,62.13,63.23,1454946
2026-05-08T14:15:00+00:00,63.23,63.66,63.061,63.325,1238507
2026-05-08T14:20:00+00:00,63.325,63.41,61.88,62.195,1617675
2026-05-08T14:25:00+00:00,62.213,62.33,60.42,60.42,1153766
2026-05-08T14:30:00+00:00,60.44,62.18,60.425,62.15,1391895
2026-05-08T14:35:00+00:00,62.17,62.28,61.02,61.468,882368
2026-05-08T14:40:00+00:00,61.49,61.72,60.97,61.715,717815
2026-05-08T14:45:00+00:00,61.72,61.76,60.99,61.035,688122
2026-05-08T14:50:00+00:00,61.04,61.84,60.74,61.655,689598
2026-05-08T14:55:00+00:00,61.665,62.225,61.53,61.562,652575
2026-05-08T15:00:00+00:00,61.575,62.09,61.39,61.768,548305
2026-05-08T15:05:00+00:00,61.75,62.6,61.7,62.205,811255
2026-05-08T15:10:00+00:00,62.19,62.591,61.82,62.1,622670
2026-05-08T15:15:00+00:00,62.08,62.38,61.71,61.82,532488
2026-05-08T15:20:00+00:00,61.85,61.98,60.83,60.92,672115
2026-05-08T15:25:00+00:00,60.92,61.36,60.42,60.841,858281
2026-05-08T15:30:00+00:00,60.86,61.37,60.61,61.1,626569
2026-05-08T15:35:00+00:00,61.11,61.38,60.729,60.825,517811
2026-05-08T15:40:00+00:00,60.82,61.02,60.57,60.865,753295
2026-05-08T15:45:00+00:00,60.86,61.34,60.65,61.025,490361
2026-05-08T15:50:00+00:00,61.005,61.05,59.9,59.97,1059931
2026-05-08T15:55:00+00:00,60.0,60.6,59.91,60.34,592634
2026-05-08T16:00:00+00:00,60.339,61.04,60.339,60.63,436649
2026-05-08T16:05:00+00:00,60.639,61.07,60.54,61.04,381815
2026-05-08T16:10:00+00:00,61.05,61.1,60.27,60.38,424290
2026-05-08T16:15:00+00:00,60.35,60.42,59.86,59.885,488603
2026-05-08T16:20:00+00:00,59.87,60.06,59.31,59.493,663404
2026-05-08T16:25:00+00:00,59.485,59.74,59.34,59.695,498407
2026-05-08T16:30:00+00:00,59.708,59.708,59.08,59.17,565899
2026-05-08T16:35:00+00:00,59.175,59.2,58.66,59.08,744566
2026-05-08T16:40:00+00:00,59.03,59.31,58.89,58.91,444301
2026-05-08T16:45:00+00:00,58.91,58.92,58.116,58.325,719443
2026-05-08T16:50:00+00:00,58.339,58.8,58.12,58.37,586737
2026-05-08T16:55:00+00:00,58.4,58.82,58.33,58.335,433938
2026-05-08T17:00:00+00:00,58.32,58.38,57.91,58.26,599793
2026-05-08T17:05:00+00:00,58.255,58.5,58.02,58.42,329471
2026-05-08T17:10:00+00:00,58.43,58.54,58.03,58.49,595499
2026-05-08T17:15:00+00:00,58.504,58.75,58.181,58.739,354268
2026-05-08T17:20:00+00:00,58.71,59.195,58.5,59.1,823385
2026-05-08T17:25:00+00:00,59.07,59.88,59.07,59.564,932974
2026-05-08T17:30:00+00:00,59.54,60.1,59.23,60.06,583338
2026-05-08T17:35:00+00:00,60.035,60.34,59.81,60.315,850035
2026-05-08T17:40:00+00:00,60.315,60.445,59.84,60.41,554332
2026-05-08T17:45:00+00:00,60.41,60.89,60.21,60.86,742065
2026-05-08T17:50:00+00:00,60.87,61.329,60.5,61.185,832237
2026-05-08T17:55:00+00:00,61.185,61.269,60.371,60.455,606683
2026-05-08T18:00:00+00:00,60.44,61.3,60.34,61.159,618629
2026-05-08T18:05:00+00:00,61.167,61.589,61.06,61.32,589805
2026-05-08T18:10:00+00:00,61.34,61.49,61.145,61.44,370464
2026-05-08T18:15:00+00:00,61.43,61.53,60.81,61.335,498778
2026-05-08T18:20:00+00:00,61.36,61.66,61.15,61.626,523833
2026-05-08T18:25:00+00:00,61.62,62.19,61.62,62.02,745026
2026-05-08T18:30:00+00:00,62.025,62.025,61.58,61.6,403950
2026-05-08T18:35:00+00:00,61.57,61.92,61.15,61.35,567025
2026-05-08T18:40:00+00:00,61.36,61.74,61.22,61.3,429820
2026-05-08T18:45:00+00:00,61.295,61.53,61.09,61.5,362711
2026-05-08T18:50:00+00:00,61.55,61.85,61.42,61.555,389985
2026-05-08T18:55:00+00:00,61.58,61.82,61.07,61.16,502535
2026-05-08T19:00:00+00:00,61.162,61.39,60.84,61.33,569959
2026-05-08T19:05:00+00:00,61.35,61.47,61.03,61.24,421404
2026-05-08T19:10:00+00:00,61.24,61.51,61.19,61.26,375574
2026-05-08T19:15:00+00:00,61.26,61.447,60.75,60.83,388922
2026-05-08T19:20:00+00:00,60.86,60.92,60.35,60.63,484693
2026-05-08T19:25:00+00:00,60.64,60.785,60.26,60.315,392036
2026-05-08T19:30:00+00:00,60.31,60.88,60.2,60.84,389337
2026-05-08T19:35:00+00:00,60.835,61.0,60.75,60.85,306723
2026-05-08T19:40:00+00:00,60.85,60.93,60.51,60.56,413410
2026-05-08T19:45:00+00:00,60.56,60.647,60.09,60.09,484317
2026-05-08T19:50:00+00:00,60.1,60.75,60.1,60.65,723473
2026-05-08T19:55:00+00:00,60.7,61.28,60.64,61.2,1500778
2026-05-08T20:00:00+00:00,61.19,61.62,60.81,61.5,858255
2026-05-08T20:05:00+00:00,61.45,62.19,61.2,61.5,234380
2026-05-08T20:10:00+00:00,61.62,61.88,61.2,61.62,25800
2026-05-08T20:15:00+00:00,61.6,61.7,61.2,61.55,28346
2026-05-08T20:20:00+00:00,61.5,61.62,61.26,61.321,19730
2026-05-08T20:25:00+00:00,61.33,61.38,61.22,61.235,8113
2026-05-08T20:30:00+00:00,61.22,61.29,61.09,61.14,11683
2026-05-08T20:35:00+00:00,61.14,61.2,61.03,61.1,9428
2026-05-08T20:40:00+00:00,61.14,61.18,61.1,61.11,8114
2026-05-08T20:45:00+00:00,61.14,61.16,61.01,61.11,15522
2026-05-08T20:50:00+00:00,61.114,61.16,61.019,61.09,11417
2026-05-08T20:55:00+00:00,61.1,61.14,60.83,60.95,27990
2026-05-08T21:00:00+00:00,60.9,61.0,60.85,60.901,15110
2026-05-08T21:05:00+00:00,60.9,61.04,60.9,60.97,5902
2026-05-08T21:10:00+00:00,60.989,61.1,60.95,61.0,12062
2026-05-08T21:15:00+00:00,61.0,61.26,60.74,61.1,9961
2026-05-08T21:20:00+00:00,61.14,61.16,60.9,61.08,9130
2026-05-08T21:25:00+00:00,61.059,61.19,60.9,61.0,13137
2026-05-08T21:30:00+00:00,60.96,61.01,60.84,60.91,7560
2026-05-08T21:35:00+00:00,60.872,60.91,60.7,60.77,6659
2026-05-08T21:40:00+00:00,60.78,60.8,60.54,60.67,313368
2026-05-08T21:45:00+00:00,60.66,60.78,60.43,60.69,13809
2026-05-08T21:50:00+00:00,60.75,60.84,60.5,60.59,9678
2026-05-08T21:55:00+00:00,60.63,60.65,60.35,60.48,9507
2026-05-08T22:00:00+00:00,60.45,60.6,60.3,60.462,6438
2026-05-08T22:05:00+00:00,60.44,60.6,60.31,60.53,8471
2026-05-08T22:10:00+00:00,60.42,60.59,60.41,60.48,13521
2026-05-08T22:15:00+00:00,60.5,60.6,60.41,60.58,5551
2026-05-08T22:20:00+00:00,60.58,60.75,60.45,60.51,7186
2026-05-08T22:25:00+00:00,60.51,60.73,60.5,60.6,6155
2026-05-08T22:30:00+00:00,60.53,60.6,60.5,60.59,2715
2026-05-08T22:35:00+00:00,60.59,60.6,60.43,60.451,6272
2026-05-08T22:40:00+00:00,60.44,60.57,60.44,60.45,4376
2026-05-08T22:45:00+00:00,60.468,60.5,60.33,60.42,4187
2026-05-08T22:50:00+00:00,60.45,60.51,60.34,60.4,5954
2026-05-08T22:55:00+00:00,60.4,60.4,60.3,60.3,7154
2026-05-08T23:00:00+00:00,60.4,60.51,60.3,60.4,5487
2026-05-08T23:05:00+00:00,60.33,60.44,60.3,60.31,6351
2026-05-08T23:10:00+00:00,60.31,60.36,60.25,60.27,6893
2026-05-08T23:15:00+00:00,60.26,60.5,60.26,60.495,4317
2026-05-08T23:20:00+00:00,60.43,60.59,60.4,60.5,6438
2026-05-08T23:25:00+00:00,60.5,60.59,60.4,60.57,5974
2026-05-08T23:30:00+00:00,60.57,60.685,60.52,60.66,8535
2026-05-08T23:35:00+00:00,60.69,60.75,60.6,60.65,5112
2026-05-08T23:40:00+00:00,60.65,60.74,60.56,60.61,12891
2026-05-08T23:45:00+00:00,60.61,60.67,60.52,60.52,9677
2026-05-08T23:50:00+00:00,60.52,60.75,60.5,60.7,10859
2026-05-08T23:55:00+00:00,60.75,60.8,60.64,60.8,11566
2026-05-11T08:00:00+00:00,60.27,60.67,59.6,60.12,165930
2026-05-11T08:05:00+00:00,60.195,60.66,59.71,59.875,20083
2026-05-11T08:10:00+00:00,59.91,60.02,59.87,59.94,8698
2026-05-11T08:15:00+00:00,59.993,60.18,59.993,60.18,4552
2026-05-11T08:20:00+00:00,60.2,60.271,60.1,60.17,1431
2026-05-11T08:25:00+00:00,60.201,60.3,59.95,59.96,4100
2026-05-11T08:30:00+00:00,59.942,60.085,59.94,60.04,1646
2026-05-11T08:35:00+00:00,60.037,60.037,59.76,59.778,12105
2026-05-11T08:40:00+00:00,59.77,59.82,59.7,59.77,7658
2026-05-11T08:45:00+00:00,59.77,59.81,59.73,59.772,2916
2026-05-11T08:50:00+00:00,59.772,59.8,59.734,59.79,1307
2026-05-11T08:55:00+00:00,59.79,59.8,59.654,59.69,8446
2026-05-11T09:00:00+00:00,59.67,59.72,59.62,59.64,8178
2026-05-11T09:05:00+00:00,59.65,59.937,59.63,59.91,3664
2026-05-11T09:10:00+00:00,59.9,59.954,59.8,59.827,5155
2026-05-11T09:15:00+00:00,59.814,59.893,59.767,59.86,3669
2026-05-11T09:20:00+00:00,59.856,60.19,59.78,60.19,2848
2026-05-11T09:25:00+00:00,60.07,60.07,59.86,59.9,2228
2026-05-11T09:30:00+00:00,59.926,59.993,59.86,59.91,907
2026-05-11T09:35:00+00:00,59.86,59.92,59.84,59.86,2687
2026-05-11T09:40:00+00:00,59.905,59.95,59.85,59.93,1934
2026-05-11T09:45:00+00:00,59.92,60.29,59.91,60.17,5359
2026-05-11T09:50:00+00:00,60.155,60.284,60.03,60.07,4994
2026-05-11T09:55:00+00:00,60.038,60.11,59.959,59.959,1007
2026-05-11T10:00:00+00:00,59.95,60.02,59.85,59.897,1937
2026-05-11T10:05:00+00:00,59.91,59.99,59.81,59.99,2523
2026-05-11T10:10:00+00:00,59.953,60.038,59.89,59.907,2250
2026-05-11T10:15:00+00:00,59.91,59.985,59.88,59.88,2846
2026-05-11T10:20:00+00:00,59.883,59.936,59.84,59.93,2930
2026-05-11T10:25:00+00:00,59.88,60.0,59.85,59.88,5438
2026-05-11T10:30:00+00:00,59.84,60.017,59.814,59.9,1392
2026-05-11T10:35:00+00:00,59.92,59.93,59.811,59.85,2757
2026-05-11T10:40:00+00:00,59.85,59.96,59.826,59.9,5687
2026-05-11T10:45:00+00:00,59.896,59.91,59.824,59.9,1896
2026-05-11T10:50:00+00:00,59.907,59.96,59.855,59.93,5623
2026-05-11T10:55:00+00:00,59.958,59.96,59.85,59.85,2717
2026-05-11T11:00:00+00:00,59.93,60.15,57.51,57.65,269345
2026-05-11T11:05:00+00:00,57.706,57.94,56.7,56.73,220489
2026-05-11T11:10:00+00:00,56.72,58.0,56.72,57.667,138965
2026-05-11T11:15:00+00:00,57.61,57.67,56.95,57.16,132976
2026-05-11T11:20:00+00:00,57.17,57.24,56.022,56.28,245198
2026-05-11T11:25:00+00:00,56.28,57.08,56.25,57.01,138837
2026-05-11T11:30:00+00:00,57.02,57.614,57.02,57.59,196276
2026-05-11T11:35:00+00:00,57.55,57.69,56.95,57.01,108934
2026-05-11T11:40:00+00:00,57.0,57.076,56.212,56.24,213660
2026-05-11T11:45:00+00:00,56.239,56.6,56.16,56.44,99036
2026-05-11T11:50:00+00:00,56.432,56.6,56.138,56.24,432134
2026-05-11T11:55:00+00:00,56.24,56.4,56.01,56.249,125629
2026-05-11T12:00:00+00:00,56.225,56.25,55.05,55.83,349632
2026-05-11T12:05:00+00:00,55.868,56.17,55.6,55.99,130251
2026-05-11T12:10:00+00:00,55.92,56.0,55.32,55.48,126156
2026-05-11T12:15:00+00:00,55.48,55.7,55.21,55.6,136491
2026-05-11T12:20:00+00:00,55.6,55.86,55.44,55.84,76659
2026-05-11T12:25:00+00:00,55.88,56.17,55.81,55.9,88098
2026-05-11T12:30:00+00:00,55.97,56.28,55.702,56.24,160173
2026-05-11T12:35:00+00:00,56.27,56.27,55.93,55.99,62688
2026-05-11T12:40:00+00:00,55.99,56.15,55.71,55.73,72909
2026-05-11T12:45:00+00:00,55.75,55.9,55.48,55.6,86843
2026-05-11T12:50:00+00:00,55.595,55.63,55.28,55.41,156903
2026-05-11T12:55:00+00:00,55.387,55.55,55.24,55.32,106327
2026-05-11T13:00:00+00:00,55.273,55.65,55.16,55.43,273081
2026-05-11T13:05:00+00:00,55.47,55.91,55.37,55.9,160111
2026-05-11T13:10:00+00:00,55.9,56.16,55.75,55.895,154860
2026-05-11T13:15:00+00:00,55.89,56.0,55.5,55.52,116440
2026-05-11T13:20:00+00:00,55.51,55.6,55.29,55.33,153911
2026-05-11T13:25:00+00:00,55.28,55.43,54.69,54.95,305351
2026-05-11T13:30:00+00:00,54.97,54.97,52.65,52.985,3259209
2026-05-11T13:35:00+00:00,53.0,55.15,52.36,55.08,2710472
2026-05-11T13:40:00+00:00,55.09,55.9,54.72,55.73,1927712
2026-05-11T13:45:00+00:00,55.72,57.11,55.61,57.055,1673732
2026-05-11T13:50:00+00:00,57.058,57.18,55.99,56.095,1101165
2026-05-11T13:55:00+00:00,56.08,56.976,56.08,56.33,803077
2026-05-11T14:00:00+00:00,56.33,56.84,55.66,55.755,1097663
2026-05-11T14:05:00+00:00,55.755,56.0,55.55,55.9,639228
2026-05-11T14:10:00+00:00,55.88,56.09,55.42,56.085,686225
2026-05-11T14:15:00+00:00,56.11,56.84,56.02,56.621,891056
2026-05-11T14:20:00+00:00,56.625,56.89,56.34,56.57,605805
2026-05-11T14:25:00+00:00,56.6,56.73,55.5,55.6,698761
2026-05-11T14:30:00+00:00,55.59,56.0,55.2,55.96,715769
2026-05-11T14:35:00+00:00,55.94,56.51,55.861,56.15,712441
2026-05-11T14:40:00+00:00,56.16,56.36,55.71,55.781,428252
2026-05-11T14:45:00+00:00,55.79,55.99,55.5,55.84,519713
2026-05-11T14:50:00+00:00,55.86,56.16,55.84,56.045,450990
2026-05-11T14:55:00+00:00,56.05,56.34,55.84,56.31,488307
2026-05-11T15:00:00+00:00,56.31,57.18,56.3,57.16,833738
2026-05-11T15:05:00+00:00,57.17,57.8,57.14,57.62,1042418
2026-05-11T15:10:00+00:00,57.62,58.01,57.41,57.619,823926
2026-05-11T15:15:00+00:00,57.625,58.14,57.4,58.01,805185
2026-05-11T15:20:00+00:00,58.0,58.66,57.955,58.65,712822
2026-05-11T15:25:00+00:00,58.655,59.39,58.5,59.215,938440
2026-05-11T15:30:00+00:00,59.215,59.22,58.05,58.23,731980
2026-05-11T15:35:00+00:00,58.2,58.48,57.56,58.45,596715
2026-05-11T15:40:00+00:00,58.46,58.98,58.09,58.341,652214
2026-05-11T15:45:00+00:00,58.345,58.56,57.965,58.186,414877
2026-05-11T15:50:00+00:00,58.183,58.379,58.07,58.255,359732
2026-05-11T15:55:00+00:00,58.26,58.35,57.8,58.28,355981
2026-05-11T16:00:00+00:00,58.26,58.471,58.18,58.471,358931
2026-05-11T16:05:00+00:00,58.48,58.94,58.35,58.8,396204
2026-05-11T16:10:00+00:00,58.805,59.105,58.69,59.07,442563
2026-05-11T16:15:00+00:00,59.04,59.325,58.95,59.1,428569
2026-05-11T16:20:00+00:00,59.1,59.15,58.66,58.7,394735
2026-05-11T16:25:00+00:00,58.705,59.21,58.675,59.205,397409
2026-05-11T16:30:00+00:00,59.205,59.61,59.203,59.495,599578
2026-05-11T16:35:00+00:00,59.5,59.54,59.14,59.2,404699
2026-05-11T16:40:00+00:00,59.21,59.32,58.57,59.22,547412
2026-05-11T16:45:00+00:00,59.224,59.753,59.22,59.68,439934
2026-05-11T16:50:00+00:00,59.685,59.96,59.64,59.89,489594
2026-05-11T16:55:00+00:00,59.88,59.91,59.49,59.58,309939
2026-05-11T17:00:00+00:00,59.579,59.78,59.38,59.708,376334
2026-05-11T17:05:00+00:00,59.71,59.72,59.47,59.66,316404
2026-05-11T17:10:00+00:00,59.653,60.25,59.55,60.23,513215
2026-05-11T17:15:00+00:00,60.22,60.38,60.11,60.27,499927
2026-05-11T17:20:00+00:00,60.27,60.52,60.225,60.35,381639
2026-05-11T17:25:00+00:00,60.36,60.885,60.285,60.83,383176
2026-05-11T17:30:00+00:00,60.83,60.86,60.25,60.78,546734
2026-05-11T17:35:00+00:00,60.79,61.07,60.701,60.73,456253
2026-05-11T17:40:00+00:00,60.73,61.31,60.72,61.244,493587
2026-05-11T17:45:00+00:00,61.25,61.72,61.03,61.097,603567
2026-05-11T17:50:00+00:00,61.1,61.37,60.25,60.47,678704
2026-05-11T17:55:00+00:00,60.45,60.465,59.0,59.01,903265
2026-05-11T18:00:00+00:00,59.0,59.52,58.88,59.41,956220
2026-05-11T18:05:00+00:00,59.419,59.628,59.2,59.51,400427
2026-05-11T18:10:00+00:00,59.52,59.6,59.27,59.48,369070
2026-05-11T18:15:00+00:00,59.47,59.88,59.373,59.705,399371
2026-05-11T18:20:00+00:00,59.7,59.83,59.51,59.51,322215
2026-05-11T18:25:00+00:00,59.515,59.88,59.36,59.66,339623
2026-05-11T18:30:00+00:00,59.655,59.83,59.55,59.795,560788
2026-05-11T18:35:00+00:00,59.8,60.18,59.8,60.049,364841
2026-05-11T18:40:00+00:00,60.05,60.19,59.8,59.88,418745
2026-05-11T18:45:00+00:00,59.865,59.899,59.37,59.46,407961
2026-05-11T18:50:00+00:00,59.465,59.51,58.225,58.515,837779
2026-05-11T18:55:00+00:00,58.52,58.75,57.83,57.99,655270
2026-05-11T19:00:00+00:00,57.98,58.43,57.92,58.18,775311
2026-05-11T19:05:00+00:00,58.165,58.36,57.54,57.54,653602
2026-05-11T19:10:00+00:00,57.545,57.825,57.253,57.6,897334
2026-05-11T19:15:00+00:00,57.6,57.64,57.2,57.275,656602
2026-05-11T19:20:00+00:00,57.26,57.4,56.462,56.479,1145006
2026-05-11T19:25:00+00:00,56.48,56.613,55.649,55.68,1080807
2026-05-11T19:30:00+00:00,55.685,56.74,55.65,56.267,1330874
2026-05-11T19:35:00+00:00,56.276,56.59,56.21,56.505,1073237
2026-05-11T19:40:00+00:00,56.505,57.162,56.49,56.715,1175260
2026-05-11T19:45:00+00:00,56.715,56.715,56.2,56.215,1041914
2026-05-11T19:50:00+00:00,56.21,56.66,55.6,55.645,2191516
2026-05-11T19:55:00+00:00,55.65,55.67,55.05,55.15,5266495
2026-05-11T20:00:00+00:00,55.15,55.3,54.95,55.0,665990
2026-05-11T20:05:00+00:00,55.06,55.25,54.89,55.249,126677
2026-05-11T20:10:00+00:00,55.24,55.55,55.15,55.54,54022
2026-05-11T20:15:00+00:00,55.55,55.99,55.46,55.8,71810
2026-05-11T20:20:00+00:00,55.84,55.85,55.61,55.782,81039
2026-05-11T20:25:00+00:00,55.75,55.94,55.66,55.92,36377
2026-05-11T20:30:00+00:00,55.94,56.0,55.69,55.88,38570
2026-05-11T20:35:00+00:00,55.88,56.0,55.85,56.0,21499
2026-05-11T20:40:00+00:00,56.0,56.17,55.9,56.15,38622
2026-05-11T20:45:00+00:00,56.15,56.38,56.05,56.214,37335
2026-05-11T20:50:00+00:00,56.21,57.84,56.16,56.4,2379202
2026-05-11T20:55:00+00:00,56.4,56.88,56.15,56.35,32793
2026-05-11T21:00:00+00:00,56.35,56.35,56.0,56.07,29096
2026-05-11T21:05:00+00:00,56.09,56.25,56.01,56.02,6476
2026-05-11T21:10:00+00:00,56.02,56.05,55.9,55.92,26512
2026-05-11T21:15:00+00:00,55.988,56.0,55.9,55.92,11423
2026-05-11T21:20:00+00:00,55.92,56.05,55.88,56.05,11440
2026-05-11T21:25:00+00:00,56.05,56.29,56.05,56.21,19339
2026-05-11T21:30:00+00:00,56.21,56.33,56.16,56.32,16420
2026-05-11T21:35:00+00:00,56.33,56.47,56.28,56.44,24221
2026-05-11T21:40:00+00:00,56.42,56.44,56.4,56.41,7685
2026-05-11T21:45:00+00:00,56.41,56.66,56.26,56.49,27977
2026-05-11T21:50:00+00:00,56.45,56.66,56.45,56.62,12142
2026-05-11T21:55:00+00:00,56.63,56.7,56.4,56.4,24689
2026-05-11T22:00:00+00:00,56.4,56.75,56.4,56.7,9729
2026-05-11T22:05:00+00:00,56.669,56.67,56.5,56.53,14062
2026-05-11T22:10:00+00:00,56.561,56.6,56.41,56.6,11702
2026-05-11T22:15:00+00:00,56.6,56.6,56.29,56.34,14707
2026-05-11T22:20:00+00:00,56.339,56.5,56.21,56.5,12310
2026-05-11T22:25:00+00:00,56.34,56.41,56.28,56.349,464705
2026-05-11T22:30:00+00:00,56.28,56.32,56.2,56.27,9996
2026-05-11T22:35:00+00:00,56.217,56.33,56.21,56.319,12447
2026-05-11T22:40:00+00:00,56.31,56.32,56.28,56.29,7718
2026-05-11T22:45:00+00:00,56.29,56.29,56.01,56.1,20582
2026-05-11T22:50:00+00:00,56.09,56.15,55.89,55.92,19573
2026-05-11T22:55:00+00:00,55.903,55.92,55.75,55.8,11971
2026-05-11T23:00:00+00:00,55.78,55.96,55.76,55.96,17652
2026-05-11T23:05:00+00:00,55.96,56.15,55.92,56.06,9428
2026-05-11T23:10:00+00:00,56.07,56.07,56.02,56.05,6557
2026-05-11T23:15:00+00:00,56.04,56.09,56.0,56.026,3861
2026-05-11T23:20:00+00:00,56.03,56.17,56.01,56.17,9043
2026-05-11T23:25:00+00:00,56.2,56.22,56.108,56.149,21763
2026-05-11T23:30:00+00:00,56.13,56.15,56.01,56.15,22397
2026-05-11T23:35:00+00:00,56.15,56.2,56.05,56.13,9367
2026-05-11T23:40:00+00:00,56.14,56.2,56.07,56.08,6418
2026-05-11T23:45:00+00:00,56.1,56.16,56.07,56.16,10887
2026-05-11T23:50:00+00:00,56.18,56.2,56.15,56.17,11320
2026-05-11T23:55:00+00:00,56.17,56.19,56.1,56.15,6151
2026-05-12T08:00:00+00:00,54.66,55.105,54.099,54.694,203292
2026-05-12T08:05:00+00:00,54.695,55.1,54.13,54.74,20857
2026-05-12T08:10:00+00:00,54.72,54.738,54.33,54.33,6520
2026-05-12T08:15:00+00:00,54.3,54.44,54.25,54.34,6719
2026-05-12T08:20:00+00:00,54.37,54.562,54.34,54.51,2216
2026-05-12T08:25:00+00:00,54.5,54.5,54.39,54.423,7227
2026-05-12T08:30:00+00:00,54.469,54.63,54.42,54.6,5948
2026-05-12T08:35:00+00:00,54.6,54.73,54.58,54.61,12234
2026-05-12T08:40:00+00:00,54.73,54.735,54.615,54.62,2694
2026-05-12T08:45:00+00:00,54.63,54.64,54.503,54.55,1646
2026-05-12T08:50:00+00:00,54.691,54.692,54.539,54.618,588
2026-05-12T08:55:00+00:00,54.62,54.97,54.601,54.94,7674
2026-05-12T09:00:00+00:00,54.94,55.88,54.87,55.69,20561
2026-05-12T09:05:00+00:00,55.73,56.3,55.7,56.3,35722
2026-05-12T09:10:00+00:00,56.33,57.09,56.224,56.761,49751
2026-05-12T09:15:00+00:00,56.777,56.78,56.01,56.05,17826
2026-05-12T09:20:00+00:00,56.04,56.32,56.0,56.029,9296
2026-05-12T09:25:00+00:00,56.09,56.2,56.01,56.02,8366
2026-05-12T09:30:00+00:00,56.19,56.536,56.039,56.5,13999
2026-05-12T09:35:00+00:00,56.47,56.47,56.21,56.37,8789
2026-05-12T09:40:00+00:00,56.38,56.459,56.26,56.26,7445
2026-05-12T09:45:00+00:00,56.295,56.35,56.07,56.27,7929
2026-05-12T09:50:00+00:00,56.28,56.35,56.1,56.17,3801
2026-05-12T09:55:00+00:00,56.15,56.24,56.07,56.12,11051
2026-05-12T10:00:00+00:00,56.109,56.204,55.8,55.925,27716
2026-05-12T10:05:00+00:00,55.96,56.16,55.95,56.0,5872
2026-05-12T10:10:00+00:00,56.0,56.295,56.0,56.205,11116
2026-05-12T10:15:00+00:00,56.22,56.46,56.21,56.44,14545
2026-05-12T10:20:00+00:00,56.42,56.8,56.4,56.678,23151
2026-05-12T10:25:00+00:00,56.64,56.66,56.4,56.53,11241
2026-05-12T10:30:00+00:00,56.51,56.53,56.3,56.31,13024
2026-05-12T10:35:00+00:00,56.31,56.43,56.035,56.062,14342
2026-05-12T10:40:00+00:00,56.07,56.218,56.01,56.173,5399
2026-05-12T10:45:00+00:00,56.066,56.21,56.043,56.08,1367
2026-05-12T10:50:00+00:00,56.088,56.18,56.04,56.178,5457
2026-05-12T10:55:00+00:00,56.178,56.3,56.152,56.236,3738
2026-05-12T11:00:00+00:00,56.2,56.22,55.86,55.96,32524
2026-05-12T11:05:00+00:00,56.0,56.0,55.65,55.708,27890
2026-05-12T11:10:00+00:00,55.7,55.95,55.7,55.95,12768
2026-05-12T11:15:00+00:00,55.94,55.95,55.7,55.8,18857
2026-05-12T11:20:00+00:00,55.761,55.82,55.6,55.765,17611
2026-05-12T11:25:00+00:00,55.67,55.71,55.55,55.64,15835
2026-05-12T11:30:00+00:00,55.64,55.69,55.46,55.51,11871
2026-05-12T11:35:00+00:00,55.57,55.592,55.11,55.17,2048961
2026-05-12T11:40:00+00:00,55.174,55.519,55.11,55.121,31809
2026-05-12T11:45:00+00:00,55.13,55.6,55.13,55.6,17868
2026-05-12T11:50:00+00:00,55.6,56.0,55.54,55.78,24761
2026-05-12T11:55:00+00:00,55.771,55.85,55.392,55.61,11175
2026-05-12T12:00:00+00:00,55.639,55.66,55.28,55.29,24288
2026-05-12T12:05:00+00:00,55.29,55.31,55.0,55.25,92233
2026-05-12T12:10:00+00:00,55.22,55.348,54.91,54.961,122714
2026-05-12T12:15:00+00:00,54.97,54.98,54.8,54.93,51148
2026-05-12T12:20:00+00:00,54.93,55.09,54.53,54.75,100414
2026-05-12T12:25:00+00:00,54.752,54.89,54.645,54.681,56361
2026-05-12T12:30:00+00:00,54.71,55.15,54.54,54.82,282196
2026-05-12T12:35:00+00:00,54.82,55.2,54.79,55.01,110557
2026-05-12T12:40:00+00:00,55.001,55.02,54.95,54.989,145192
2026-05-12T12:45:00+00:00,54.99,55.06,54.95,55.0,252846
2026-05-12T12:50:00+00:00,55.008,55.04,54.94,54.97,301547
2026-05-12T12:55:00+00:00,54.97,55.06,54.94,54.97,240432
2026-05-12T13:00:00+00:00,54.97,55.0,54.9,54.93,613003
2026-05-12T13:05:00+00:00,54.95,55.15,54.871,55.0,373528
2026-05-12T13:10:00+00:00,55.0,55.2,55.0,55.03,271871
2026-05-12T13:15:00+00:00,55.05,55.15,54.89,55.15,519179
2026-05-12T13:20:00+00:00,55.14,55.33,55.097,55.22,113340
2026-05-12T13:25:00+00:00,55.28,55.5,55.22,55.44,76808
2026-05-12T13:30:00+00:00,55.4,57.218,54.96,57.145,2589718
2026-05-12T13:35:00+00:00,57.14,57.16,56.491,56.845,1641903
2026-05-12T13:40:00+00:00,56.84,57.0,55.87,56.1,1660601
2026-05-12T13:45:00+00:00,56.1,56.76,56.093,56.175,1155458
2026-05-12T13:50:00+00:00,56.17,56.263,55.18,55.72,908878
2026-05-12T13:55:00+00:00,55.73,55.76,54.12,54.39,1154651
2026-05-12T14:00:00+00:00,54.385,55.48,54.31,55.29,950651
2026-05-12T14:05:00+00:00,55.28,56.28,55.22,56.18,992203
2026-05-12T14:10:00+00:00,56.18,56.23,55.45,55.98,771103
2026-05-12T14:15:00+00:00,55.985,56.05,55.481,55.69,918146
2026-05-12T14:20:00+00:00,55.69,55.71,54.855,54.96,846058
2026-05-12T14:25:00+00:00,54.95,55.15,54.101,54.18,1115777
2026-05-12T14:30:00+00:00,54.19,54.365,53.36,53.675,1374272
2026-05-12T14:35:00+00:00,53.67,54.36,53.36,54.28,1078157
2026-05-12T14:40:00+00:00,54.275,54.5,54.145,54.23,782175
2026-05-12T14:45:00+00:00,54.23,54.32,53.57,53.75,460185
2026-05-12T14:50:00+00:00,53.74,54.05,53.517,53.935,616092
2026-05-12T14:55:00+00:00,53.92,53.98,53.55,53.665,782716
2026-05-12T15:00:00+00:00,53.68,53.86,53.12,53.4,702350
2026-05-12T15:05:00+00:00,53.39,54.58,53.205,54.548,505542
2026-05-12T15:10:00+00:00,54.55,54.66,54.06,54.151,689369
2026-05-12T15:15:00+00:00,54.18,54.21,53.56,54.155,459014
2026-05-12T15:20:00+00:00,54.155,54.31,53.44,53.52,451133
2026-05-12T15:25:00+00:00,53.53,53.828,53.46,53.65,304563
2026-05-12T15:30:00+00:00,53.65,54.2,53.55,54.19,352030
2026-05-12T15:35:00+00:00,54.2,54.905,54.04,54.785,544202
2026-05-12T15:40:00+00:00,54.782,54.96,54.53,54.9,477512
2026-05-12T15:45:00+00:00,54.9,55.17,54.65,54.71,320186
2026-05-12T15:50:00+00:00,54.695,55.1,54.55,54.625,415752
2026-05-12T15:55:00+00:00,54.62,54.62,54.135,54.19,412802
2026-05-12T16:00:00+00:00,54.2,54.589,53.95,54.38,389567
2026-05-12T16:05:00+00:00,54.37,54.6,54.335,54.49,184249
2026-05-12T16:10:00+00:00,54.49,54.75,54.48,54.645,555177
2026-05-12T16:15:00+00:00,54.65,54.65,54.22,54.3,205555
2026-05-12T16:20:00+00:00,54.31,54.44,54.017,54.27,329905
2026-05-12T16:25:00+00:00,54.31,54.383,53.92,54.05,196287
2026-05-12T16:30:00+00:00,54.022,54.155,53.8,53.91,312074
2026-05-12T16:35:00+00:00,53.905,54.09,53.69,53.705,356532
2026-05-12T16:40:00+00:00,53.7,53.895,53.32,53.41,262907
2026-05-12T16:45:00+00:00,53.405,53.59,53.29,53.46,264758
2026-05-12T16:50:00+00:00,53.45,53.63,53.1,53.245,694993
2026-05-12T16:55:00+00:00,53.241,53.27,53.0,53.165,366304
2026-05-12T17:00:00+00:00,53.17,53.546,53.16,53.515,415787
2026-05-12T17:05:00+00:00,53.52,53.87,53.49,53.7,270297
2026-05-12T17:10:00+00:00,53.7,54.298,53.695,54.26,363373
2026-05-12T17:15:00+00:00,54.269,54.62,54.2,54.55,323621
2026-05-12T17:20:00+00:00,54.56,54.921,54.5,54.889,318556
2026-05-12T17:25:00+00:00,54.89,55.16,54.5,55.125,437618
2026-05-12T17:30:00+00:00,55.13,55.6,55.01,55.53,720708
2026-05-12T17:35:00+00:00,55.53,55.88,55.421,55.635,655385
2026-05-12T17:40:00+00:00,55.64,55.71,55.435,55.53,431629
2026-05-12T17:45:00+00:00,55.515,55.68,55.4,55.61,233840
2026-05-12T17:50:00+00:00,55.62,55.635,55.19,55.4,487421
2026-05-12T17:55:00+00:00,55.41,55.75,55.37,55.65,493665
2026-05-12T18:00:00+00:00,55.65,56.1,55.65,56.094,420033
2026-05-12T18:05:00+00:00,56.095,56.3,55.88,55.915,464896
2026-05-12T18:10:00+00:00,55.915,56.295,55.77,56.29,437426
2026-05-12T18:15:00+00:00,56.29,56.337,56.09,56.15,328958
2026-05-12T18:20:00+00:00,56.155,56.5,55.83,55.835,460523
2026-05-12T18:25:00+00:00,55.85,56.28,55.835,56.08,476131
2026-05-12T18:30:00+00:00,56.08,56.285,56.06,56.115,317329
2026-05-12T18:35:00+00:00,56.1,56.38,56.04,56.283,490071
2026-05-12T18:40:00+00:00,56.25,56.38,56.102,56.11,410699
2026-05-12T18:45:00+00:00,56.11,56.18,55.66,55.97,353951
2026-05-12T18:50:00+00:00,55.97,56.05,55.38,55.415,368393
2026-05-12T18:55:00+00:00,55.41,55.74,55.02,55.06,394533
2026-05-12T19:00:00+00:00,55.07,55.45,55.07,55.35,346865
2026-05-12T19:05:00+00:00,55.345,56.0,55.31,55.84,515094
2026-05-12T19:10:00+00:00,55.82,55.99,55.75,55.78,279472
2026-05-12T19:15:00+00:00,55.785,55.96,55.69,55.72,210471
2026-05-12T19:20:00+00:00,55.73,55.8,55.49,55.66,242041
2026-05-12T19:25:00+00:00,55.67,55.95,55.22,55.231,351253
2026-05-12T19:30:00+00:00,55.22,56.1,55.22,56.09,453370
2026-05-12T19:35:00+00:00,56.09,56.38,55.991,56.26,982643
2026-05-12T19:40:00+00:00,56.255,56.77,56.22,56.7,656970
2026-05-12T19:45:00+00:00,56.695,56.835,56.53,56.579,546438
2026-05-12T19:50:00+00:00,56.58,56.64,56.07,56.345,1004864
2026-05-12T19:55:00+00:00,56.345,56.7,56.23,56.56,1063181
2026-05-12T20:00:00+00:00,56.56,56.9,56.35,56.56,88284
2026-05-12T20:05:00+00:00,56.56,56.81,56.4,56.475,20975
2026-05-12T20:10:00+00:00,56.56,56.633,56.33,56.59,24992
2026-05-12T20:15:00+00:00,56.57,56.75,56.54,56.641,283978
2026-05-12T20:20:00+00:00,56.64,56.7,56.555,56.571,67280
2026-05-12T20:25:00+00:00,56.58,56.65,56.55,56.63,57943
2026-05-12T20:30:00+00:00,56.6,56.65,56.35,56.35,12270
2026-05-12T20:35:00+00:00,56.35,56.5,56.35,56.46,6046
2026-05-12T20:40:00+00:00,56.5,56.5,56.4,56.5,5190
2026-05-12T20:45:00+00:00,56.45,56.55,56.45,56.55,8047
2026-05-12T20:50:00+00:00,56.52,56.65,56.51,56.649,297478
2026-05-12T20:55:00+00:00,56.63,56.65,56.3,56.47,12835
2026-05-12T21:00:00+00:00,56.4,57.16,56.4,56.65,14011
2026-05-12T21:05:00+00:00,56.67,56.67,56.42,56.6,7278
2026-05-12T21:10:00+00:00,56.56,56.599,56.42,56.471,542250
2026-05-12T21:15:00+00:00,56.42,56.6,56.42,56.48,4498
2026-05-12T21:20:00+00:00,56.49,56.504,56.33,56.37,23919
2026-05-12T21:25:00+00:00,56.33,56.5,56.31,56.39,1948
2026-05-12T21:30:00+00:00,56.4,56.5,56.34,56.358,2266
2026-05-12T21:35:00+00:00,56.37,56.5,56.34,56.5,17858
2026-05-12T21:40:00+00:00,56.42,56.49,56.38,56.446,2082
2026-05-12T21:45:00+00:00,56.42,56.45,56.4,56.44,10044
2026-05-12T21:50:00+00:00,56.43,56.44,56.4,56.4,8413
2026-05-12T21:55:00+00:00,56.44,56.51,56.42,56.468,2797
2026-05-12T22:00:00+00:00,56.42,56.55,56.42,56.52,2064
2026-05-12T22:05:00+00:00,56.537,56.55,56.5,56.52,1435
2026-05-12T22:10:00+00:00,56.54,56.55,56.51,56.545,1915
2026-05-12T22:15:00+00:00,56.54,56.57,56.51,56.56,1721
2026-05-12T22:20:00+00:00,56.59,56.75,56.52,56.614,16816
2026-05-12T22:25:00+00:00,56.6,56.75,56.6,56.643,7146
2026-05-12T22:30:00+00:00,56.65,56.71,56.62,56.62,3030
2026-05-12T22:35:00+00:00,56.56,56.652,56.51,56.65,5324
2026-05-12T22:40:00+00:00,56.64,56.67,56.51,56.65,11392
2026-05-12T22:45:00+00:00,56.599,56.65,56.56,56.58,2634
2026-05-12T22:50:00+00:00,56.566,56.59,56.56,56.56,1908
2026-05-12T22:55:00+00:00,56.569,56.57,56.42,56.51,3043
2026-05-12T23:00:00+00:00,56.49,56.52,56.2,56.276,17252
2026-05-12T23:05:00+00:00,56.26,56.34,55.75,55.99,21558
2026-05-12T23:10:00+00:00,55.91,55.99,55.8,55.98,9399
2026-05-12T23:15:00+00:00,55.98,56.17,55.95,55.97,4700
2026-05-12T23:20:00+00:00,56.0,56.0,55.95,55.96,4182
2026-05-12T23:25:00+00:00,55.96,56.1,55.95,56.0,2331
2026-05-12T23:30:00+00:00,56.0,56.06,55.75,55.8,4114
2026-05-12T23:35:00+00:00,55.8,56.0,55.75,55.79,3458
2026-05-12T23:40:00+00:00,55.79,55.8,55.51,55.511,17867
2026-05-12T23:45:00+00:00,55.6,55.78,55.5,55.585,3782
2026-05-12T23:50:00+00:00,55.593,56.0,55.55,55.6,3445
2026-05-12T23:55:00+00:00,55.7,55.86,55.6,55.86,3394
2026-05-13T08:00:00+00:00,56.54,57.68,56.53,57.67,114378
2026-05-13T08:05:00+00:00,57.67,57.74,56.65,57.191,15759
2026-05-13T08:10:00+00:00,57.19,57.498,57.124,57.13,14996
2026-05-13T08:15:00+00:00,57.14,57.4,57.14,57.34,15489
2026-05-13T08:20:00+00:00,57.34,57.5,57.32,57.35,6273
2026-05-13T08:25:00+00:00,57.31,57.4,57.14,57.14,6998
2026-05-13T08:30:00+00:00,57.122,57.15,57.093,57.12,4782
2026-05-13T08:35:00+00:00,57.122,57.3,56.963,57.226,8307
2026-05-13T08:40:00+00:00,57.22,57.35,57.01,57.13,14902
2026-05-13T08:45:00+00:00,57.11,57.195,57.06,57.117,3901
2026-05-13T08:50:00+00:00,57.12,57.196,57.04,57.1,10006
2026-05-13T08:55:00+00:00,57.097,57.1,57.0,57.05,3171
2026-05-13T09:00:00+00:00,57.06,57.08,56.93,56.99,2000
2026-05-13T09:05:00+00:00,56.99,57.0,56.863,56.863,3329
2026-05-13T09:10:00+00:00,56.863,56.96,56.65,56.71,8659
2026-05-13T09:15:00+00:00,56.659,56.962,56.65,56.8,6704
2026-05-13T09:20:00+00:00,56.85,56.97,56.787,56.88,4271
2026-05-13T09:25:00+00:00,56.86,57.0,56.86,56.96,6883
2026-05-13T09:30:00+00:00,56.94,57.0,56.92,56.962,3434
2026-05-13T09:35:00+00:00,56.96,57.0,56.94,57.0,8685
2026-05-13T09:40:00+00:00,56.996,57.0,56.9,56.91,8044
2026-05-13T09:45:00+00:00,56.96,57.0,56.92,56.96,7797
2026-05-13T09:50:00+00:00,56.96,57.0,56.912,56.95,5362
2026-05-13T09:55:00+00:00,56.979,57.0,56.96,56.987,2812
2026-05-13T10:00:00+00:00,56.98,57.0,56.96,56.98,1976
2026-05-13T10:05:00+00:00,56.988,56.988,56.845,56.845,3444
2026-05-13T10:10:00+00:00,56.84,56.95,56.788,56.788,4680
2026-05-13T10:15:00+00:00,56.776,56.79,56.69,56.69,4866
2026-05-13T10:20:00+00:00,56.7,56.79,56.672,56.76,4751
2026-05-13T10:25:00+00:00,56.79,56.87,56.7,56.84,4850
2026-05-13T10:30:00+00:00,56.846,56.95,56.8,56.88,2413
2026-05-13T10:35:00+00:00,56.85,56.9,56.8,56.87,3450
2026-05-13T10:40:00+00:00,56.844,56.9,56.75,56.75,4280
2026-05-13T10:45:00+00:00,56.75,56.837,56.73,56.82,1990
2026-05-13T10:50:00+00:00,56.79,56.97,56.76,56.88,5438
2026-05-13T10:55:00+00:00,56.88,56.979,56.87,56.87,14745
2026-05-13T11:00:00+00:00,56.88,57.49,56.8,57.0,69242
2026-05-13T11:05:00+00:00,57.04,57.9,57.008,57.879,83145
2026-05-13T11:10:00+00:00,57.879,57.9,57.52,57.62,67116
2026-05-13T11:15:00+00:00,57.63,57.895,57.59,57.792,48488
2026-05-13T11:20:00+00:00,57.85,58.2,57.663,57.97,91818
2026-05-13T11:25:00+00:00,57.967,57.967,57.71,57.8,45470
2026-05-13T11:30:00+00:00,57.838,57.91,57.72,57.91,29074
2026-05-13T11:35:00+00:00,57.9,58.2,57.86,58.18,80272
2026-05-13T11:40:00+00:00,58.18,58.3,57.93,58.06,54425
2026-05-13T11:45:00+00:00,58.0,58.116,57.97,58.028,32543
2026-05-13T11:50:00+00:00,58.049,58.12,57.98,58.12,49585
2026-05-13T11:55:00+00:00,58.2,58.44,58.05,58.29,103145
2026-05-13T12:00:00+00:00,58.297,58.87,58.22,58.85,138183
2026-05-13T12:05:00+00:00,58.87,58.88,58.35,58.57,181475
2026-05-13T12:10:00+00:00,58.58,58.75,58.39,58.628,51666
2026-05-13T12:15:00+00:00,58.63,58.84,58.55,58.82,59665
2026-05-13T12:20:00+00:00,58.8,58.83,58.46,58.6,98734
2026-05-13T12:25:00+00:00,58.64,58.74,58.32,58.4,180645
2026-05-13T12:30:00+00:00,58.37,58.5,57.15,57.5,237764
2026-05-13T12:35:00+00:00,57.503,57.8,57.0,57.046,509824
2026-05-13T12:40:00+00:00,57.08,57.49,56.88,57.363,117452
2026-05-13T12:45:00+00:00,57.419,57.49,57.25,57.29,183570
2026-05-13T12:50:00+00:00,57.29,57.443,57.15,57.16,301099
2026-05-13T12:55:00+00:00,57.16,57.28,56.9,57.035,55870
2026-05-13T13:00:00+00:00,57.14,57.679,57.108,57.679,128909
2026-05-13T13:05:00+00:00,57.614,57.72,57.24,57.314,410039
2026-05-13T13:10:00+00:00,57.362,57.55,57.16,57.4,506547
2026-05-13T13:15:00+00:00,57.376,57.456,57.226,57.26,32827
2026-05-13T13:20:00+00:00,57.25,57.39,57.15,57.219,225331
2026-05-13T13:25:00+00:00,57.16,57.55,57.11,57.476,202929
2026-05-13T13:30:00+00:00,57.44,57.59,56.17,56.46,1061445
2026-05-13T13:35:00+00:00,56.47,56.58,55.03,55.38,1004335
2026-05-13T13:40:00+00:00,55.35,55.88,55.05,55.075,895870
2026-05-13T13:45:00+00:00,55.08,55.18,54.2,54.72,1111406
2026-05-13T13:50:00+00:00,54.75,55.155,53.88,55.13,936238
2026-05-13T13:55:00+00:00,55.115,55.371,54.48,54.69,681411
2026-05-13T14:00:00+00:00,54.72,54.895,54.235,54.59,443862
2026-05-13T14:05:00+00:00,54.54,54.88,54.22,54.41,522849
2026-05-13T14:10:00+00:00,54.38,54.78,54.15,54.369,513779
2026-05-13T14:15:00+00:00,54.36,54.53,54.09,54.43,410212
2026-05-13T14:20:00+00:00,54.41,55.27,54.35,55.15,702219
2026-05-13T14:25:00+00:00,55.16,55.4,54.36,54.4,590243
2026-05-13T14:30:00+00:00,54.395,54.56,54.16,54.22,486577
2026-05-13T14:35:00+00:00,54.23,54.369,53.84,54.03,597433
2026-05-13T14:40:00+00:00,54.02,54.32,53.88,54.245,369767
2026-05-13T14:45:00+00:00,54.245,54.61,54.0,54.51,408466
2026-05-13T14:50:00+00:00,54.47,54.79,54.36,54.54,383681
2026-05-13T14:55:00+00:00,54.55,54.67,54.35,54.5,314909
2026-05-13T15:00:00+00:00,54.49,54.775,54.371,54.395,310079
2026-05-13T15:05:00+00:00,54.4,54.54,54.125,54.51,301498
2026-05-13T15:10:00+00:00,54.51,54.69,54.29,54.32,342778
2026-05-13T15:15:00+00:00,54.329,54.45,54.235,54.35,245373
2026-05-13T15:20:00+00:00,54.32,54.51,54.16,54.3,239843
2026-05-13T15:25:00+00:00,54.307,54.375,54.08,54.32,357680
2026-05-13T15:30:00+00:00,54.32,54.47,54.16,54.325,210679
2026-05-13T15:35:00+00:00,54.33,54.471,54.2,54.47,192562
2026-05-13T15:40:00+00:00,54.47,54.6,54.28,54.58,236187
2026-05-13T15:45:00+00:00,54.585,54.79,54.35,54.61,293258
2026-05-13T15:50:00+00:00,54.609,54.658,54.25,54.37,209059
2026-05-13T15:55:00+00:00,54.38,54.48,53.7,53.846,462895
2026-05-13T16:00:00+00:00,53.84,54.35,53.82,54.19,322487
2026-05-13T16:05:00+00:00,54.185,54.446,54.18,54.4,184783
2026-05-13T16:10:00+00:00,54.423,54.665,54.32,54.63,213364
2026-05-13T16:15:00+00:00,54.61,54.81,54.54,54.56,384140
2026-05-13T16:20:00+00:00,54.56,54.767,54.35,54.72,276234
2026-05-13T16:25:00+00:00,54.73,54.8,54.55,54.614,172121
2026-05-13T16:30:00+00:00,54.617,54.94,54.32,54.875,270975
2026-05-13T16:35:00+00:00,54.855,54.91,54.74,54.79,219068
2026-05-13T16:40:00+00:00,54.79,55.0,54.72,54.745,533957
2026-05-13T16:45:00+00:00,54.745,54.82,54.5,54.575,221059
2026-05-13T16:50:00+00:00,54.59,55.045,54.52,54.925,276306
2026-05-13T16:55:00+00:00,54.919,55.03,54.7,54.81,183196
2026-05-13T17:00:00+00:00,54.81,55.03,54.795,54.82,232845
2026-05-13T17:05:00+00:00,54.84,54.94,54.79,54.82,154781
2026-05-13T17:10:00+00:00,54.815,55.18,54.815,55.17,221620
2026-05-13T17:15:00+00:00,55.153,55.341,55.1,55.32,285294
2026-05-13T17:20:00+00:00,55.316,55.44,55.14,55.204,260621
2026-05-13T17:25:00+00:00,55.235,55.69,55.2,55.655,421305
2026-05-13T17:30:00+00:00,55.655,55.7,55.27,55.29,287713
2026-05-13T17:35:00+00:00,55.297,55.35,55.02,55.1,254313
2026-05-13T17:40:00+00:00,55.111,55.484,55.105,55.4,256292
2026-05-13T17:45:00+00:00,55.395,55.425,54.96,55.075,298473
2026-05-13T17:50:00+00:00,55.08,55.26,55.07,55.096,179795
2026-05-13T17:55:00+00:00,55.1,55.21,54.84,54.88,214874
2026-05-13T18:00:00+00:00,54.89,55.15,54.89,55.12,142604
2026-05-13T18:05:00+00:00,55.118,55.35,55.07,55.32,207201
2026-05-13T18:10:00+00:00,55.33,55.55,55.25,55.47,233273
2026-05-13T18:15:00+00:00,55.47,55.86,55.47,55.86,422174
2026-05-13T18:20:00+00:00,55.85,56.108,55.73,55.85,502871
2026-05-13T18:25:00+00:00,55.85,56.04,55.59,55.688,279204
2026-05-13T18:30:00+00:00,55.68,56.24,55.62,56.2,318677
2026-05-13T18:35:00+00:00,56.193,56.41,56.13,56.38,442821
2026-05-13T18:40:00+00:00,56.39,56.65,56.35,56.36,423641
2026-05-13T18:45:00+00:00,56.37,56.51,55.595,55.77,397254
2026-05-13T18:50:00+00:00,55.78,55.95,55.57,55.75,241713
2026-05-13T18:55:00+00:00,55.745,55.83,55.13,55.16,279888
2026-05-13T19:00:00+00:00,55.15,55.4,55.12,55.28,224604
2026-05-13T19:05:00+00:00,55.28,55.5,55.15,55.46,223497
2026-05-13T19:10:00+00:00,55.46,55.72,55.17,55.189,341378
2026-05-13T19:15:00+00:00,55.19,55.57,55.1,55.245,226052
2026-05-13T19:20:00+00:00,55.24,55.3,55.01,55.11,274308
2026-05-13T19:25:00+00:00,55.09,55.29,54.76,54.795,330384
2026-05-13T19:30:00+00:00,54.81,55.26,54.81,55.03,229496
2026-05-13T19:35:00+00:00,55.03,55.22,54.933,55.12,216647
2026-05-13T19:40:00+00:00,55.13,55.38,55.12,55.15,345124
2026-05-13T19:45:00+00:00,55.16,55.23,55.04,55.175,340699
2026-05-13T19:50:00+00:00,55.17,55.17,54.85,55.02,322644
2026-05-13T19:55:00+00:00,55.03,55.275,55.025,55.17,586470
2026-05-13T20:00:00+00:00,55.17,55.45,55.11,55.307,168942
2026-05-13T20:05:00+00:00,55.35,55.39,55.16,55.261,2300
2026-05-13T20:10:00+00:00,55.261,55.34,55.17,55.28,7554
2026-05-13T20:15:00+00:00,55.183,55.326,55.18,55.3,9841
2026-05-13T20:20:00+00:00,55.324,55.33,55.18,55.3,1850
2026-05-13T20:25:00+00:00,55.29,55.3,55.2,55.261,2063
2026-05-13T20:30:00+00:00,55.3,55.4,55.25,55.4,55428
2026-05-13T20:35:00+00:00,55.4,55.4,55.25,55.27,8112
2026-05-13T20:40:00+00:00,55.267,55.28,55.12,55.28,6348
2026-05-13T20:45:00+00:00,55.27,55.27,55.17,55.221,2514
2026-05-13T20:50:00+00:00,55.255,55.26,55.2,55.21,4527
2026-05-13T20:55:00+00:00,55.24,55.25,55.17,55.19,5716
2026-05-13T21:00:00+00:00,55.236,55.3,55.19,55.262,316685
2026-05-13T21:05:00+00:00,55.261,55.3,55.2,55.25,2937
2026-05-13T21:10:00+00:00,55.292,55.3,55.24,55.252,2877
2026-05-13T21:15:00+00:00,55.24,55.3,55.24,55.24,1057
2026-05-13T21:20:00+00:00,55.24,55.29,55.24,55.276,3934
2026-05-13T21:25:00+00:00,55.28,55.28,55.2,55.25,8721
2026-05-13T21:30:00+00:00,55.23,55.25,55.2,55.24,9268
2026-05-13T21:35:00+00:00,55.211,55.28,55.2,55.27,1107
2026-05-13T21:40:00+00:00,55.27,55.28,55.25,55.269,5669
2026-05-13T21:45:00+00:00,55.252,55.27,55.25,55.25,4268
2026-05-13T21:50:00+00:00,55.27,55.29,55.25,55.26,3630
2026-05-13T21:55:00+00:00,55.26,55.3,55.26,55.3,2710
2026-05-13T22:00:00+00:00,55.265,55.35,55.26,55.32,5730
2026-05-13T22:05:00+00:00,55.325,55.44,55.286,55.44,13029
2026-05-13T22:10:00+00:00,55.33,55.44,55.33,55.413,10626
2026-05-13T22:15:00+00:00,55.37,55.41,55.35,55.38,13972
2026-05-13T22:20:00+00:00,55.35,55.37,55.3,55.319,8584
2026-05-13T22:25:00+00:00,55.32,55.35,55.28,55.35,4105
2026-05-13T22:30:00+00:00,55.3,55.37,55.3,55.3,5157
2026-05-13T22:35:00+00:00,55.31,55.35,55.31,55.31,2091
2026-05-13T22:40:00+00:00,55.35,55.35,55.28,55.318,5100
2026-05-13T22:45:00+00:00,55.32,55.38,55.3,55.359,4584
2026-05-13T22:50:00+00:00,55.359,55.37,55.31,55.35,4969
2026-05-13T22:55:00+00:00,55.35,55.38,55.26,55.26,2429
2026-05-13T23:00:00+00:00,55.3,55.4,55.26,55.36,5040
2026-05-13T23:05:00+00:00,55.36,55.43,55.31,55.42,11560
2026-05-13T23:10:00+00:00,55.41,55.42,55.36,55.39,2189
2026-05-13T23:15:00+00:00,55.381,55.43,55.334,55.375,5491
2026-05-13T23:20:00+00:00,55.31,55.4,55.31,55.32,10627
2026-05-13T23:25:00+00:00,55.32,55.38,55.31,55.359,3183
2026-05-13T23:30:00+00:00,55.36,55.38,55.28,55.37,7553
2026-05-13T23:35:00+00:00,55.32,55.43,55.32,55.342,8270
2026-05-13T23:40:00+00:00,55.337,55.4,55.33,55.36,10393
2026-05-13T23:45:00+00:00,55.399,55.4,55.36,55.39,4336
2026-05-13T23:50:00+00:00,55.39,55.4,55.38,55.39,4333
2026-05-13T23:55:00+00:00,55.39,55.4,55.35,55.36,5024
2026-05-14T08:00:00+00:00,55.37,55.518,54.61,55.13,42175
2026-05-14T08:05:00+00:00,55.13,55.45,54.62,55.181,7238
2026-05-14T08:10:00+00:00,55.24,55.39,55.187,55.24,2369
2026-05-14T08:15:00+00:00,55.32,55.46,55.28,55.36,2999
2026-05-14T08:20:00+00:00,55.308,55.38,55.194,55.22,3795
2026-05-14T08:25:00+00:00,55.2,55.32,55.195,55.32,1455
2026-05-14T08:30:00+00:00,55.32,55.395,55.23,55.36,810
2026-05-14T08:35:00+00:00,55.29,55.37,55.243,55.243,1227
2026-05-14T08:40:00+00:00,55.24,55.243,55.1,55.11,2487
2026-05-14T08:45:00+00:00,55.11,55.204,54.917,54.934,2438
2026-05-14T08:50:00+00:00,55.0,55.17,54.99,55.08,2028
2026-05-14T08:55:00+00:00,55.08,55.146,55.014,55.065,363
2026-05-14T09:00:00+00:00,55.032,55.147,55.032,55.12,1307
2026-05-14T09:05:00+00:00,55.12,55.14,55.09,55.14,347
2026-05-14T09:10:00+00:00,55.13,55.14,55.027,55.05,1162
2026-05-14T09:15:00+00:00,55.06,55.06,54.96,54.96,516
2026-05-14T09:20:00+00:00,54.97,55.03,54.91,54.98,917
2026-05-14T09:25:00+00:00,54.95,54.99,54.679,54.72,2273
2026-05-14T09:30:00+00:00,54.75,54.9,54.715,54.72,1251
2026-05-14T09:35:00+00:00,54.72,54.9,54.6,54.66,5870
2026-05-14T09:40:00+00:00,54.657,54.767,54.613,54.681,1417
2026-05-14T09:45:00+00:00,54.726,54.76,54.65,54.74,3707
2026-05-14T09:50:00+00:00,54.737,54.93,54.702,54.76,1162
2026-05-14T09:55:00+00:00,54.77,54.93,54.75,54.8,724
2026-05-14T10:00:00+00:00,54.797,54.92,54.75,54.83,960
2026-05-14T10:05:00+00:00,54.9,54.92,54.835,54.87,463
2026-05-14T10:10:00+00:00,54.87,54.991,54.83,54.83,1061
2026-05-14T10:15:00+00:00,54.81,54.867,54.686,54.84,872
2026-05-14T10:20:00+00:00,54.76,54.94,54.76,54.84,575
2026-05-14T10:25:00+00:00,54.895,54.978,54.85,54.897,4163
2026-05-14T10:30:00+00:00,54.87,54.9,54.81,54.87,1113
2026-05-14T10:35:00+00:00,54.87,54.9,54.815,54.895,542
2026-05-14T10:40:00+00:00,54.898,54.898,54.76,54.762,1131
2026-05-14T10:45:00+00:00,54.764,54.84,54.708,54.84,955
2026-05-14T10:50:00+00:00,54.841,54.87,54.784,54.87,4769
2026-05-14T10:55:00+00:00,54.87,54.96,54.84,54.92,1459
2026-05-14T11:00:00+00:00,54.86,55.1,54.71,55.0,15622
2026-05-14T11:05:00+00:00,55.085,55.1,54.94,55.035,12417
2026-05-14T11:10:00+00:00,55.09,55.22,55.033,55.17,6117
2026-05-14T11:15:00+00:00,55.15,55.247,55.12,55.2,4946
2026-05-14T11:20:00+00:00,55.18,55.25,55.05,55.05,5239
2026-05-14T11:25:00+00:00,55.05,55.17,55.04,55.1,3028
2026-05-14T11:30:00+00:00,55.08,55.2,55.053,55.17,15383
2026-05-14T11:35:00+00:00,55.17,55.18,55.06,55.06,3035
2026-05-14T11:40:00+00:00,55.06,55.2,55.06,55.131,1372
2026-05-14T11:45:00+00:00,55.09,55.19,55.05,55.066,2126
2026-05-14T11:50:00+00:00,55.13,55.164,55.06,55.15,1688
2026-05-14T11:55:00+00:00,55.1,55.15,55.038,55.06,5666
2026-05-14T12:00:00+00:00,55.06,55.15,54.9,54.91,12797
2026-05-14T12:05:00+00:00,54.9,54.91,54.78,54.78,29670
2026-05-14T12:10:00+00:00,54.8,54.8,54.7,54.797,24154
2026-05-14T12:15:00+00:00,54.798,54.8,54.72,54.74,8799
2026-05-14T12:20:00+00:00,54.74,54.8,54.65,54.67,39360
2026-05-14T12:25:00+00:00,54.66,54.7,54.46,54.7,54752
2026-05-14T12:30:00+00:00,54.56,54.87,54.5,54.6,24014
2026-05-14T12:35:00+00:00,54.56,54.6,54.51,54.57,14917
2026-05-14T12:40:00+00:00,54.6,54.6,54.38,54.4,18453
2026-05-14T12:45:00+00:00,54.393,54.4,54.31,54.36,33651
2026-05-14T12:50:00+00:00,54.37,54.54,54.35,54.44,32434
2026-05-14T12:55:00+00:00,54.43,54.54,54.4,54.49,11910
2026-05-14T13:00:00+00:00,54.48,54.54,54.39,54.5,12817
2026-05-14T13:05:00+00:00,54.475,54.499,54.35,54.351,20072
2026-05-14T13:10:00+00:00,54.35,54.45,54.281,54.31,63082
2026-05-14T13:15:00+00:00,54.38,54.4,54.28,54.29,10122
2026-05-14T13:20:00+00:00,54.29,54.54,54.265,54.529,18607
2026-05-14T13:25:00+00:00,54.525,54.53,54.3,54.37,11024
2026-05-14T13:30:00+00:00,54.465,56.33,54.0,55.835,1494560
2026-05-14T13:35:00+00:00,55.82,56.91,55.61,56.84,1236077
2026-05-14T13:40:00+00:00,56.85,57.25,56.33,57.225,1081179
2026-05-14T13:45:00+00:00,57.24,58.18,57.16,57.83,1503697
2026-05-14T13:50:00+00:00,57.83,58.02,56.45,56.63,1130304
2026-05-14T13:55:00+00:00,56.62,57.33,55.975,56.069,770729
2026-05-14T14:00:00+00:00,56.05,57.2,55.89,56.86,580513
2026-05-14T14:05:00+00:00,56.87,57.75,56.78,57.625,723226
2026-05-14T14:10:00+00:00,57.63,58.29,57.52,57.9,864721
2026-05-14T14:15:00+00:00,57.925,58.61,57.925,58.32,1222148
2026-05-14T14:20:00+00:00,58.35,58.5,57.905,58.27,715235
2026-05-14T14:25:00+00:00,58.28,58.5,57.9,58.12,561485
2026-05-14T14:30:00+00:00,58.1,59.09,57.88,58.93,908900
2026-05-14T14:35:00+00:00,58.92,59.25,58.72,58.73,805919
2026-05-14T14:40:00+00:00,58.73,59.03,58.391,58.57,606272
2026-05-14T14:45:00+00:00,58.6,59.13,58.35,59.105,501401
2026-05-14T14:50:00+00:00,59.09,59.535,59.01,59.37,698825
2026-05-14T14:55:00+00:00,59.375,59.5,58.48,58.49,901696
2026-05-14T15:00:00+00:00,58.48,58.91,58.13,58.3,501799
2026-05-14T15:05:00+00:00,58.25,58.35,57.97,58.205,477618
2026-05-14T15:10:00+00:00,58.2,58.58,57.96,58.58,343293
2026-05-14T15:15:00+00:00,58.57,58.63,58.305,58.535,408247
2026-05-14T15:20:00+00:00,58.52,58.88,58.28,58.315,622421
2026-05-14T15:25:00+00:00,58.29,58.575,58.08,58.41,411084
2026-05-14T15:30:00+00:00,58.435,58.83,58.3,58.52,360618
2026-05-14T15:35:00+00:00,58.51,58.94,58.47,58.62,386257
2026-05-14T15:40:00+00:00,58.613,58.76,58.519,58.755,291914
2026-05-14T15:45:00+00:00,58.755,58.81,58.54,58.795,242760
2026-05-14T15:50:00+00:00,58.8,58.98,58.535,58.945,354221
2026-05-14T15:55:00+00:00,58.945,59.28,58.945,58.975,439864
2026-05-14T16:00:00+00:00,58.975,59.31,58.96,59.205,379808
2026-05-14T16:05:00+00:00,59.19,59.87,59.16,59.825,523151
2026-05-14T16:10:00+00:00,59.8,59.865,59.622,59.765,434190
2026-05-14T16:15:00+00:00,59.77,60.01,59.38,59.58,665769
2026-05-14T16:20:00+00:00,59.56,60.01,59.56,59.91,358491
2026-05-14T16:25:00+00:00,59.88,59.93,59.6,59.76,311288
2026-05-14T16:30:00+00:00,59.77,60.16,59.66,59.904,462026
2026-05-14T16:35:00+00:00,59.915,60.18,59.84,59.9,338840
2026-05-14T16:40:00+00:00,59.9,60.01,59.27,59.375,509795
2026-05-14T16:45:00+00:00,59.36,59.63,59.338,59.34,312738
2026-05-14T16:50:00+00:00,59.34,59.41,58.745,58.88,451811
2026-05-14T16:55:00+00:00,58.91,59.33,58.67,59.295,347153
2026-05-14T17:00:00+00:00,59.295,59.4,59.01,59.02,250088
2026-05-14T17:05:00+00:00,59.025,59.04,58.755,58.76,292076
2026-05-14T17:10:00+00:00,58.76,58.801,57.96,58.03,511917
2026-05-14T17:15:00+00:00,58.02,58.16,57.73,57.89,314660
2026-05-14T17:20:00+00:00,57.89,58.093,57.36,57.425,408051
2026-05-14T17:25:00+00:00,57.402,57.74,57.31,57.46,502038
2026-05-14T17:30:00+00:00,57.47,57.74,57.24,57.56,337774
2026-05-14T17:35:00+00:00,57.56,58.28,57.51,58.02,390976
2026-05-14T17:40:00+00:00,58.05,58.3,57.835,58.11,230881
2026-05-14T17:45:00+00:00,58.13,58.35,58.03,58.345,229509
2026-05-14T17:50:00+00:00,58.33,58.6,58.3,58.42,264113
2026-05-14T17:55:00+00:00,58.43,58.51,58.12,58.21,200824
2026-05-14T18:00:00+00:00,58.216,58.28,57.75,57.97,269406
2026-05-14T18:05:00+00:00,57.95,58.11,57.91,57.99,176847
2026-05-14T18:10:00+00:00,57.985,58.54,57.95,58.51,271073
2026-05-14T18:15:00+00:00,58.52,58.958,58.48,58.958,370714
2026-05-14T18:20:00+00:00,58.96,59.12,58.68,58.745,306126
2026-05-14T18:25:00+00:00,58.76,58.86,58.3,58.39,214583
2026-05-14T18:30:00+00:00,58.39,58.73,58.31,58.64,256766
2026-05-14T18:35:00+00:00,58.66,58.76,58.465,58.531,289323
2026-05-14T18:40:00+00:00,58.55,58.56,58.21,58.37,270078
2026-05-14T18:45:00+00:00,58.38,58.45,58.205,58.35,142419
2026-05-14T18:50:00+00:00,58.36,58.51,58.25,58.435,499239
2026-05-14T18:55:00+00:00,58.435,58.669,58.0,58.175,412845
2026-05-14T19:00:00+00:00,58.18,58.41,58.13,58.185,248554
2026-05-14T19:05:00+00:00,58.2,58.54,58.161,58.36,238078
2026-05-14T19:10:00+00:00,58.35,58.47,58.0,58.19,272751
2026-05-14T19:15:00+00:00,58.187,58.44,58.01,58.4,282117
2026-05-14T19:20:00+00:00,58.4,58.902,58.4,58.66,387628
2026-05-14T19:25:00+00:00,58.65,58.67,57.9,57.909,317054
2026-05-14T19:30:00+00:00,57.9,58.58,57.9,58.55,300106
2026-05-14T19:35:00+00:00,58.545,58.72,58.47,58.64,272922
2026-05-14T19:40:00+00:00,58.64,58.79,58.481,58.615,287872
2026-05-14T19:45:00+00:00,58.63,58.77,58.515,58.754,242533
2026-05-14T19:50:00+00:00,58.73,58.76,58.49,58.555,511595
2026-05-14T19:55:00+00:00,58.49,58.585,58.31,58.4,875464
2026-05-14T20:00:00+00:00,58.36,58.4,57.84,58.256,385011
2026-05-14T20:05:00+00:00,58.25,58.33,58.11,58.3,18477
2026-05-14T20:10:00+00:00,58.2,58.4,58.05,58.057,10769
2026-05-14T20:15:00+00:00,58.069,58.26,58.0,58.2,18802
2026-05-14T20:20:00+00:00,58.19,58.19,58.0,58.11,62987
2026-05-14T20:25:00+00:00,58.05,58.25,58.05,58.2,5779
2026-05-14T20:30:00+00:00,58.2,58.25,58.1,58.188,7167
2026-05-14T20:35:00+00:00,58.11,58.2,58.05,58.05,17327
2026-05-14T20:40:00+00:00,58.05,58.2,57.95,58.1,7242
2026-05-14T20:45:00+00:00,58.09,58.4,58.01,58.05,7997
2026-05-14T20:50:00+00:00,58.07,58.25,58.03,58.25,3381
2026-05-14T20:55:00+00:00,58.232,58.26,58.11,58.25,442201
2026-05-14T21:00:00+00:00,58.26,58.3,58.19,58.24,4733
2026-05-14T21:05:00+00:00,58.24,58.29,58.05,58.19,2790
2026-05-14T21:10:00+00:00,58.22,58.36,58.05,58.36,4428
2026-05-14T21:15:00+00:00,58.359,58.36,58.17,58.35,3519
2026-05-14T21:20:00+00:00,58.35,58.35,58.2,58.3,4829
2026-05-14T21:25:00+00:00,58.3,58.36,58.3,58.359,4855
2026-05-14T21:30:00+00:00,58.34,58.36,58.31,58.36,4293
2026-05-14T21:35:00+00:00,58.36,58.41,58.31,58.361,4217
2026-05-14T21:40:00+00:00,58.48,58.509,58.4,58.49,5982
2026-05-14T21:45:00+00:00,58.46,58.5,58.41,58.49,6450
2026-05-14T21:50:00+00:00,58.49,58.6,58.468,58.51,10671
2026-05-14T21:55:00+00:00,58.51,58.57,58.5,58.53,4820
2026-05-14T22:00:00+00:00,58.5,58.6,58.5,58.58,2168
2026-05-14T22:05:00+00:00,58.55,58.58,58.5,58.54,12963
2026-05-14T22:10:00+00:00,58.52,58.77,58.39,58.75,6897
2026-05-14T22:15:00+00:00,58.69,59.05,58.6,59.05,29331
2026-05-14T22:20:00+00:00,59.065,59.29,59.03,59.2,13008
2026-05-14T22:25:00+00:00,59.28,59.46,59.14,59.42,24554
2026-05-14T22:30:00+00:00,59.45,59.45,59.13,59.2,12236
2026-05-14T22:35:00+00:00,59.2,59.28,59.09,59.27,9532
2026-05-14T22:40:00+00:00,59.269,59.4,59.21,59.391,9111
2026-05-14T22:45:00+00:00,59.4,59.4,59.09,59.2,11523
2026-05-14T22:50:00+00:00,59.211,59.32,59.05,59.198,7602
2026-05-14T22:55:00+00:00,59.18,59.2,59.06,59.15,4133
2026-05-14T23:00:00+00:00,59.15,59.25,59.06,59.25,10233
2026-05-14T23:05:00+00:00,59.24,59.24,59.116,59.162,5097
2026-05-14T23:10:00+00:00,59.07,59.23,59.07,59.23,7490
2026-05-14T23:15:00+00:00,59.23,59.23,59.07,59.17,5256
2026-05-14T23:20:00+00:00,59.12,59.17,59.07,59.13,1749
2026-05-14T23:25:00+00:00,59.17,59.241,59.07,59.21,4238
2026-05-14T23:30:00+00:00,59.22,59.422,59.1,59.28,8756
2026-05-14T23:35:00+00:00,59.29,59.38,59.1,59.2,4717
2026-05-14T23:40:00+00:00,59.22,59.25,59.11,59.2,4870
2026-05-14T23:45:00+00:00,59.22,59.25,59.1,59.17,11247
2026-05-14T23:50:00+00:00,59.19,59.25,59.1,59.22,6498
2026-05-14T23:55:00+00:00,59.18,59.28,59.11,59.2,6560
2026-05-15T08:00:00+00:00,57.181,57.845,55.999,57.19,127763
2026-05-15T08:05:00+00:00,57.1,57.82,56.08,57.02,19208
2026-05-15T08:10:00+00:00,57.06,57.06,56.858,56.88,6663
2026-05-15T08:15:00+00:00,56.9,56.97,56.67,56.674,3789
2026-05-15T08:20:00+00:00,56.69,56.757,56.58,56.733,4096
2026-05-15T08:25:00+00:00,56.73,56.75,56.205,56.25,7230
2026-05-15T08:30:00+00:00,56.211,56.5,56.111,56.39,8113
2026-05-15T08:35:00+00:00,56.39,56.61,56.35,56.6,6191
2026-05-15T08:40:00+00:00,56.458,56.8,56.458,56.74,2279
2026-05-15T08:45:00+00:00,56.632,56.858,56.632,56.76,4827
2026-05-15T08:50:00+00:00,56.76,56.77,56.625,56.663,4318
2026-05-15T08:55:00+00:00,56.65,56.864,56.6,56.8,5341
2026-05-15T09:00:00+00:00,56.82,56.983,56.82,56.83,2537
2026-05-15T09:05:00+00:00,56.9,56.95,56.721,56.806,1033
2026-05-15T09:10:00+00:00,56.87,56.939,56.71,56.8,2002
2026-05-15T09:15:00+00:00,56.76,56.8,56.61,56.67,2852
2026-05-15T09:20:00+00:00,56.66,56.66,56.42,56.42,6632
2026-05-15T09:25:00+00:00,56.5,56.68,56.4,56.608,4763
2026-05-15T09:30:00+00:00,56.597,56.72,56.534,56.6,2711
2026-05-15T09:35:00+00:00,56.7,56.7,56.5,56.6,5734
2026-05-15T09:40:00+00:00,56.514,56.64,56.5,56.54,645
2026-05-15T09:45:00+00:00,56.54,56.54,56.312,56.482,8753
2026-05-15T09:50:00+00:00,56.35,56.5,56.21,56.3,7120
2026-05-15T09:55:00+00:00,56.35,56.54,56.25,56.41,6566
2026-05-15T10:00:00+00:00,56.54,56.59,56.43,56.505,3022
2026-05-15T10:05:00+00:00,56.51,56.65,56.436,56.52,18851
2026-05-15T10:10:00+00:00,56.523,56.79,56.52,56.776,11339
2026-05-15T10:15:00+00:00,56.74,56.77,56.6,56.605,3074
2026-05-15T10:20:00+00:00,56.65,56.83,56.6,56.83,2673
2026-05-15T10:25:00+00:00,56.8,56.87,56.61,56.69,1933
2026-05-15T10:30:00+00:00,56.73,56.873,56.6,56.81,424
2026-05-15T10:35:00+00:00,56.611,56.9,56.611,56.78,1136
2026-05-15T10:40:00+00:00,56.73,56.85,56.569,56.65,7026
2026-05-15T10:45:00+00:00,56.65,57.147,56.65,57.06,3176
2026-05-15T10:50:00+00:00,57.06,57.243,57.0,57.12,3204
2026-05-15T10:55:00+00:00,57.16,57.27,56.957,57.09,7726
2026-05-15T11:00:00+00:00,57.03,57.49,57.0,57.19,18504
2026-05-15T11:05:00+00:00,57.22,57.46,57.114,57.27,15143
2026-05-15T11:10:00+00:00,57.269,57.38,57.15,57.29,9585
2026-05-15T11:15:00+00:00,57.22,57.36,57.208,57.25,13529
2026-05-15T11:20:00+00:00,57.2,57.26,57.06,57.07,12683
2026-05-15T11:25:00+00:00,57.07,57.146,57.03,57.128,9429
2026-05-15T11:30:00+00:00,57.1,57.26,57.01,57.06,19854
2026-05-15T11:35:00+00:00,57.069,57.149,56.94,57.0,8145
2026-05-15T11:40:00+00:00,56.95,57.13,56.93,56.94,6349
2026-05-15T11:45:00+00:00,56.93,56.99,56.89,56.97,8495
2026-05-15T11:50:00+00:00,56.989,57.16,56.929,57.14,7893
2026-05-15T11:55:00+00:00,57.1,57.16,56.87,56.87,13238
2026-05-15T12:00:00+00:00,56.89,56.923,56.81,56.81,12166
2026-05-15T12:05:00+00:00,56.81,56.82,56.59,56.79,13636
2026-05-15T12:10:00+00:00,56.782,56.79,56.5,56.5,10282
2026-05-15T12:15:00+00:00,56.501,56.64,56.45,56.574,11792
2026-05-15T12:20:00+00:00,56.53,56.7,56.5,56.6,10787
2026-05-15T12:25:00+00:00,56.6,56.68,56.46,56.54,871602
2026-05-15T12:30:00+00:00,56.51,56.56,56.38,56.44,12730
2026-05-15T12:35:00+00:00,56.439,56.5,56.32,56.39,29950
2026-05-15T12:40:00+00:00,56.44,56.45,56.25,56.315,18234
2026-05-15T12:45:00+00:00,56.27,56.335,56.17,56.32,26958
2026-05-15T12:50:00+00:00,56.3,56.54,56.26,56.47,20099
2026-05-15T12:55:00+00:00,56.51,56.56,56.23,56.231,17024
2026-05-15T13:00:00+00:00,56.266,56.32,56.11,56.18,38555
2026-05-15T13:05:00+00:00,56.153,56.28,56.03,56.03,42464
2026-05-15T13:10:00+00:00,56.076,56.42,56.076,56.403,23919
2026-05-15T13:15:00+00:00,56.401,56.5,56.37,56.44,20373
2026-05-15T13:20:00+00:00,56.48,56.55,56.4,56.407,27487
2026-05-15T13:25:00+00:00,56.45,56.85,56.4,56.73,14448
2026-05-15T13:30:00+00:00,56.74,56.77,55.25,56.09,992902
2026-05-15T13:35:00+00:00,56.09,56.3,54.98,55.013,835021
2026-05-15T13:40:00+00:00,55.0,55.77,54.96,55.27,585873
2026-05-15T13:45:00+00:00,55.245,55.61,54.745,55.455,744447
2026-05-15T13:50:00+00:00,55.478,55.65,54.87,55.375,710248
2026-05-15T13:55:00+00:00,55.4,55.72,54.31,54.36,857220
2026-05-15T14:00:00+00:00,54.35,54.826,54.16,54.285,682142
2026-05-15T14:05:00+00:00,54.31,55.025,54.27,54.93,497504
2026-05-15T14:10:00+00:00,54.93,55.41,54.65,55.27,484549
2026-05-15T14:15:00+00:00,55.275,55.33,54.87,54.98,444233
2026-05-15T14:20:00+00:00,55.0,55.095,54.61,54.68,373040
2026-05-15T14:25:00+00:00,54.7,54.84,54.31,54.55,397353
2026-05-15T14:30:00+00:00,54.55,54.87,54.53,54.84,292931
2026-05-15T14:35:00+00:00,54.83,54.989,54.785,54.852,284333
2026-05-15T14:40:00+00:00,54.83,55.0,54.62,54.766,272182
2026-05-15T14:45:00+00:00,54.75,54.875,54.26,54.31,364256
2026-05-15T14:50:00+00:00,54.317,54.317,53.841,54.225,750282
2026-05-15T14:55:00+00:00,54.25,54.39,53.81,53.87,359496
2026-05-15T15:00:00+00:00,53.88,54.17,53.75,53.96,380755
2026-05-15T15:05:00+00:00,53.96,53.98,53.58,53.74,549725
2026-05-15T15:10:00+00:00,53.75,53.82,53.21,53.24,589491
2026-05-15T15:15:00+00:00,53.24,53.33,53.036,53.215,583734
2026-05-15T15:20:00+00:00,53.22,53.585,53.2,53.32,406722
2026-05-15T15:25:00+00:00,53.32,53.781,53.22,53.64,371890
2026-05-15T15:30:00+00:00,53.67,53.97,53.63,53.89,339037
2026-05-15T15:35:00+00:00,53.89,54.418,53.88,54.165,371226
2026-05-15T15:40:00+00:00,54.12,54.34,54.09,54.33,210143
2026-05-15T15:45:00+00:00,54.3,54.61,54.2,54.27,248587
2026-05-15T15:50:00+00:00,54.265,54.29,53.93,53.949,219224
2026-05-15T15:55:00+00:00,53.925,53.95,53.56,53.92,277896
2026-05-15T16:00:00+00:00,53.92,53.97,53.51,53.68,248531
2026-05-15T16:05:00+00:00,53.65,53.74,53.502,53.62,225124
2026-05-15T16:10:00+00:00,53.62,53.64,53.32,53.57,314393
2026-05-15T16:15:00+00:00,53.56,53.61,53.345,53.43,126166
2026-05-15T16:20:00+00:00,53.455,53.75,53.39,53.642,155100
2026-05-15T16:25:00+00:00,53.62,53.71,53.37,53.545,200550
2026-05-15T16:30:00+00:00,53.56,53.69,53.23,53.26,215188
2026-05-15T16:35:00+00:00,53.26,53.46,53.195,53.46,180661
2026-05-15T16:40:00+00:00,53.47,53.53,53.23,53.495,165214
2026-05-15T16:45:00+00:00,53.5,53.5,53.3,53.38,131632
2026-05-15T16:50:00+00:00,53.38,53.46,53.14,53.28,267904
2026-05-15T16:55:00+00:00,53.3,53.37,53.12,53.2,125872
2026-05-15T17:00:00+00:00,53.19,53.33,53.15,53.2,106391
2026-05-15T17:05:00+00:00,53.21,53.48,53.193,53.426,194685
2026-05-15T17:10:00+00:00,53.44,53.605,53.28,53.41,161428
2026-05-15T17:15:00+00:00,53.43,53.53,53.25,53.34,101947
2026-05-15T17:20:00+00:00,53.35,53.68,53.26,53.59,137458
2026-05-15T17:25:00+00:00,53.575,53.745,53.525,53.705,187068
2026-05-15T17:30:00+00:00,53.74,53.83,53.67,53.74,178779
2026-05-15T17:35:00+00:00,53.75,53.78,53.451,53.695,160803
2026-05-15T17:40:00+00:00,53.71,53.77,53.55,53.66,136712
2026-05-15T17:45:00+00:00,53.678,53.69,53.455,53.57,119528
2026-05-15T17:50:00+00:00,53.58,53.83,53.51,53.775,147782
2026-05-15T17:55:00+00:00,53.77,53.95,53.75,53.86,170564
2026-05-15T18:00:00+00:00,53.855,54.18,53.81,54.17,195037
2026-05-15T18:05:00+00:00,54.18,54.34,53.98,54.04,248687
2026-05-15T18:10:00+00:00,54.04,54.4,54.04,54.375,181553
2026-05-15T18:15:00+00:00,54.375,54.46,53.82,53.86,336519
2026-05-15T18:20:00+00:00,53.845,54.18,53.845,54.06,162659
2026-05-15T18:25:00+00:00,54.05,54.24,53.77,54.19,247552
2026-05-15T18:30:00+00:00,54.2,54.36,53.94,54.074,342066
2026-05-15T18:35:00+00:00,54.08,54.47,54.04,54.465,211887
2026-05-15T18:40:00+00:00,54.46,54.47,53.88,53.95,205367
2026-05-15T18:45:00+00:00,53.95,54.12,53.87,54.12,415905
2026-05-15T18:50:00+00:00,54.11,54.325,54.0,54.22,236108
2026-05-15T18:55:00+00:00,54.21,54.31,54.04,54.1,178027
2026-05-15T19:00:00+00:00,54.08,54.2,53.96,54.06,197820
2026-05-15T19:05:00+00:00,54.08,54.15,53.8,53.87,189301
2026-05-15T19:10:00+00:00,53.835,53.99,53.69,53.85,307501
2026-05-15T19:15:00+00:00,53.85,54.01,53.7,53.85,181966
2026-05-15T19:20:00+00:00,53.83,53.83,53.5,53.525,208380
2026-05-15T19:25:00+00:00,53.52,53.539,53.31,53.41,284545
2026-05-15T19:30:00+00:00,53.39,53.55,53.26,53.4,267232
2026-05-15T19:35:00+00:00,53.41,53.83,53.32,53.805,214953
2026-05-15T19:40:00+00:00,53.82,54.14,53.75,53.76,444100
2026-05-15T19:45:00+00:00,53.755,53.805,53.452,53.535,285903
2026-05-15T19:50:00+00:00,53.52,53.645,53.195,53.205,529569
2026-05-15T19:55:00+00:00,53.205,53.205,52.86,52.94,1849057
2026-05-15T20:00:00+00:00,52.94,53.19,52.51,52.83,4722492
2026-05-15T20:05:00+00:00,52.83,52.84,52.38,52.6,185636
2026-05-15T20:10:00+00:00,52.6,52.94,52.6,52.74,16781
2026-05-15T20:15:00+00:00,52.72,52.92,52.7,52.867,23771
2026-05-15T20:20:00+00:00,52.87,52.87,52.71,52.8,13462
2026-05-15T20:25:00+00:00,52.797,52.95,52.75,52.93,19454
2026-05-15T20:30:00+00:00,52.95,53.09,52.91,53.0,8440
2026-05-15T20:35:00+00:00,53.045,53.15,53.01,53.05,5634
2026-05-15T20:40:00+00:00,53.05,53.05,52.94,52.99,942130
2026-05-15T20:45:00+00:00,52.97,53.05,52.957,52.98,15616
2026-05-15T20:50:00+00:00,52.979,53.04,52.95,53.001,5978
2026-05-15T20:55:00+00:00,53.04,53.05,52.9,53.03,6241
2026-05-15T21:00:00+00:00,53.05,53.2,53.02,53.03,13907
2026-05-15T21:05:00+00:00,53.129,53.13,53.0,53.001,4583
2026-05-15T21:10:00+00:00,53.1,53.11,53.0,53.11,3585
2026-05-15T21:15:00+00:00,53.1,53.1,53.0,53.1,2136
2026-05-15T21:20:00+00:00,53.096,53.11,53.07,53.11,3839
2026-05-15T21:25:00+00:00,53.11,53.13,53.07,53.1,3799
2026-05-15T21:30:00+00:00,53.11,53.11,53.0,53.06,4391
2026-05-15T21:35:00+00:00,53.07,53.078,52.96,52.98,6382
2026-05-15T21:40:00+00:00,52.96,52.98,52.92,52.97,6053
2026-05-15T21:45:00+00:00,52.98,53.07,52.963,53.02,1891
2026-05-15T21:50:00+00:00,53.039,53.05,52.99,53.0,2375
2026-05-15T21:55:00+00:00,53.0,53.05,52.92,52.99,1530
2026-05-15T22:00:00+00:00,52.997,53.07,52.97,53.04,6952
2026-05-15T22:05:00+00:00,53.05,53.05,53.0,53.05,4633
2026-05-15T22:10:00+00:00,53.04,53.05,53.0,53.02,3866
2026-05-15T22:15:00+00:00,53.02,53.05,53.0,53.05,2411
2026-05-15T22:20:00+00:00,53.05,53.05,52.88,53.0,14957
2026-05-15T22:25:00+00:00,52.98,53.02,52.95,52.96,3420
2026-05-15T22:30:00+00:00,52.96,52.99,52.94,52.97,1535
2026-05-15T22:35:00+00:00,52.97,53.0,52.96,52.999,1503
2026-05-15T22:40:00+00:00,52.98,53.0,52.9,52.99,4569
2026-05-15T22:45:00+00:00,52.94,52.99,52.86,52.879,2098
2026-05-15T22:50:00+00:00,52.88,52.9,52.85,52.9,1925
2026-05-15T22:55:00+00:00,52.899,52.9,52.85,52.88,2798
2026-05-15T23:00:00+00:00,52.9,52.95,52.81,52.81,5533
2026-05-15T23:05:00+00:00,52.85,52.95,52.81,52.95,2117
2026-05-15T23:10:00+00:00,52.88,52.95,52.85,52.88,1636
2026-05-15T23:15:00+00:00,52.87,52.93,52.8,52.83,1985
2026-05-15T23:20:00+00:00,52.878,52.93,52.8,52.83,2472
2026-05-15T23:25:00+00:00,52.86,52.89,52.69,52.7,5257
2026-05-15T23:30:00+00:00,52.7,52.8,52.69,52.7,3307
2026-05-15T23:35:00+00:00,52.7,52.75,52.6,52.65,6532
2026-05-15T23:40:00+00:00,52.696,52.7,52.52,52.6,5724
2026-05-15T23:45:00+00:00,52.6,52.7,52.52,52.54,6537
2026-05-15T23:50:00+00:00,52.679,52.679,52.53,52.565,12727
2026-05-15T23:55:00+00:00,52.6,52.7,52.53,52.63,13666
2026-05-18T08:00:00+00:00,51.69,52.415,51.69,52.32,61642
2026-05-18T08:05:00+00:00,52.32,52.76,51.7,52.7,12410
2026-05-18T08:10:00+00:00,52.66,52.874,52.63,52.83,20374
2026-05-18T08:15:00+00:00,52.84,52.937,52.8,52.89,9317
2026-05-18T08:20:00+00:00,52.89,53.65,52.883,53.5,10544
2026-05-18T08:25:00+00:00,53.64,53.64,53.309,53.309,17857
2026-05-18T08:30:00+00:00,53.3,53.573,53.3,53.4,8756
2026-05-18T08:35:00+00:00,53.48,53.48,53.108,53.188,3141
2026-05-18T08:40:00+00:00,53.178,53.3,53.12,53.21,5194
2026-05-18T08:45:00+00:00,53.2,53.422,53.17,53.36,4510
2026-05-18T08:50:00+00:00,53.36,53.48,53.316,53.35,4683
2026-05-18T08:55:00+00:00,53.36,53.5,53.36,53.471,7437
2026-05-18T09:00:00+00:00,53.473,53.49,53.36,53.41,4857
2026-05-18T09:05:00+00:00,53.4,53.44,53.18,53.2,6479
2026-05-18T09:10:00+00:00,53.17,53.221,53.103,53.22,2610
2026-05-18T09:15:00+00:00,53.22,53.341,53.2,53.22,952
2026-05-18T09:20:00+00:00,53.24,53.344,53.18,53.18,1844
2026-05-18T09:25:00+00:00,53.2,53.21,53.0,53.06,3117
2026-05-18T09:30:00+00:00,53.06,53.153,52.998,53.1,3656
2026-05-18T09:35:00+00:00,53.1,53.15,52.99,53.145,3005
2026-05-18T09:40:00+00:00,53.055,53.15,53.007,53.09,2907
2026-05-18T09:45:00+00:00,53.1,53.18,53.06,53.177,2134
2026-05-18T09:50:00+00:00,53.17,53.172,52.88,52.88,8796
2026-05-18T09:55:00+00:00,52.88,53.02,52.85,53.01,3703
2026-05-18T10:00:00+00:00,53.0,53.05,52.82,53.05,28254
2026-05-18T10:05:00+00:00,53.02,53.04,52.78,52.82,9682
2026-05-18T10:10:00+00:00,52.951,53.34,52.75,53.3,13835
2026-05-18T10:15:00+00:00,53.25,53.36,53.0,53.329,10349
2026-05-18T10:20:00+00:00,53.35,53.5,53.28,53.37,5184
2026-05-18T10:25:00+00:00,53.37,53.4,53.29,53.35,5825
2026-05-18T10:30:00+00:00,53.364,53.477,53.07,53.07,11862
2026-05-18T10:35:00+00:00,53.07,53.33,52.947,53.04,5273
2026-05-18T10:40:00+00:00,53.07,53.16,53.0,53.108,1766
2026-05-18T10:45:00+00:00,53.11,53.59,53.11,53.49,28015
2026-05-18T10:50:00+00:00,53.47,53.52,53.35,53.37,2507
2026-05-18T10:55:00+00:00,53.37,53.37,53.21,53.23,7637
2026-05-18T11:00:00+00:00,53.205,53.22,52.969,53.04,35466
2026-05-18T11:05:00+00:00,53.134,53.134,52.9,52.9,26077
2026-05-18T11:10:00+00:00,52.979,53.05,52.82,53.02,11203
2026-05-18T11:15:00+00:00,53.0,53.13,52.867,53.1,2794
2026-05-18T11:20:00+00:00,53.04,53.15,53.001,53.101,6244
2026-05-18T11:25:00+00:00,53.1,53.174,53.0,53.1,10762
2026-05-18T11:30:00+00:00,53.04,53.3,53.0,53.3,15214
2026-05-18T11:35:00+00:00,53.3,53.5,53.15,53.5,10987
2026-05-18T11:40:00+00:00,53.52,53.8,53.311,53.578,36887
2026-05-18T11:45:00+00:00,53.56,53.58,53.3,53.467,26518
2026-05-18T11:50:00+00:00,53.479,53.479,53.25,53.39,13610
2026-05-18T11:55:00+00:00,53.35,53.4,53.13,53.339,8682
2026-05-18T12:00:00+00:00,53.344,53.62,53.139,53.529,13347
2026-05-18T12:05:00+00:00,53.595,53.74,53.56,53.738,29607
2026-05-18T12:10:00+00:00,53.72,53.78,53.624,53.759,29874
2026-05-18T12:15:00+00:00,53.77,53.78,53.61,53.708,13963
2026-05-18T12:20:00+00:00,53.71,53.95,53.65,53.935,20673
2026-05-18T12:25:00+00:00,53.93,53.969,53.78,53.898,20277
2026-05-18T12:30:00+00:00,53.86,54.0,53.832,53.98,39803
2026-05-18T12:35:00+00:00,53.999,54.28,53.89,54.18,51828
2026-05-18T12:40:00+00:00,54.18,54.45,54.14,54.183,45931
2026-05-18T12:45:00+00:00,54.2,54.37,53.83,53.91,39960
2026-05-18T12:50:00+00:00,53.948,54.15,53.892,54.03,92212
2026-05-18T12:55:00+00:00,54.08,54.28,53.964,54.19,29003
2026-05-18T13:00:00+00:00,54.19,54.2,53.95,53.972,22399
2026-05-18T13:05:00+00:00,53.999,54.01,53.88,53.91,19908
2026-05-18T13:10:00+00:00,53.901,54.08,53.9,53.93,20574
2026-05-18T13:15:00+00:00,53.915,54.04,53.85,53.97,27801
2026-05-18T13:20:00+00:00,53.97,54.075,53.76,53.8,20137
2026-05-18T13:25:00+00:00,53.8,53.82,53.0,53.05,47227
2026-05-18T13:30:00+00:00,53.085,53.085,52.15,52.405,1038676
2026-05-18T13:35:00+00:00,52.39,52.42,51.67,51.86,813126
2026-05-18T13:40:00+00:00,51.87,51.87,50.447,50.47,1126364
2026-05-18T13:45:00+00:00,50.44,51.33,50.34,50.707,813754
2026-05-18T13:50:00+00:00,50.69,51.99,50.64,51.675,576527
2026-05-18T13:55:00+00:00,51.685,51.87,50.881,50.93,587959
2026-05-18T14:00:00+00:00,50.9,50.99,49.865,50.115,1283352
2026-05-18T14:05:00+00:00,50.13,50.77,49.87,50.66,754505
2026-05-18T14:10:00+00:00,50.61,50.79,50.29,50.54,323616
2026-05-18T14:15:00+00:00,50.55,51.32,50.42,50.64,955200
2026-05-18T14:20:00+00:00,50.67,50.705,50.08,50.106,581002
2026-05-18T14:25:00+00:00,50.09,50.24,49.81,49.855,655404
2026-05-18T14:30:00+00:00,49.855,49.96,49.0,49.07,1075982
2026-05-18T14:35:00+00:00,49.07,49.88,49.07,49.75,673847
2026-05-18T14:40:00+00:00,49.76,50.0,49.5,49.76,391344
2026-05-18T14:45:00+00:00,49.75,49.801,49.22,49.435,414242
2026-05-18T14:50:00+00:00,49.435,49.94,49.32,49.63,335694
2026-05-18T14:55:00+00:00,49.68,50.31,49.585,50.19,339620
2026-05-18T15:00:00+00:00,50.21,50.64,50.12,50.33,363005
2026-05-18T15:05:00+00:00,50.315,50.375,49.61,49.67,275859
2026-05-18T15:10:00+00:00,49.63,50.14,49.53,49.845,410399
2026-05-18T15:15:00+00:00,49.845,49.9,49.49,49.52,189581
2026-05-18T15:20:00+00:00,49.5,49.63,49.36,49.5,233297
2026-05-18T15:25:00+00:00,49.49,49.7,49.24,49.26,249784
2026-05-18T15:30:00+00:00,49.26,49.38,49.11,49.23,398563
2026-05-18T15:35:00+00:00,49.21,49.64,49.16,49.37,389152
2026-05-18T15:40:00+00:00,49.375,49.62,49.36,49.47,326459
2026-05-18T15:45:00+00:00,49.46,49.61,49.32,49.5,135415
2026-05-18T15:50:00+00:00,49.475,49.62,49.23,49.55,192477
2026-05-18T15:55:00+00:00,49.525,49.84,49.49,49.57,301779
2026-05-18T16:00:00+00:00,49.58,49.64,49.21,49.23,256086
2026-05-18T16:05:00+00:00,49.22,49.33,49.06,49.29,285479
2026-05-18T16:10:00+00:00,49.29,49.56,49.21,49.32,207723
2026-05-18T16:15:00+00:00,49.32,49.5,49.3,49.49,122880
2026-05-18T16:20:00+00:00,49.49,49.69,49.19,49.26,306209
2026-05-18T16:25:00+00:00,49.265,49.289,48.62,48.67,573260
2026-05-18T16:30:00+00:00,48.685,48.89,48.54,48.74,279295
2026-05-18T16:35:00+00:00,48.708,49.08,48.695,48.83,268559
2026-05-18T16:40:00+00:00,48.86,49.0,48.828,48.95,224400
2026-05-18T16:45:00+00:00,48.95,48.99,48.75,48.81,145489
2026-05-18T16:50:00+00:00,48.815,49.4,48.77,49.37,192924
2026-05-18T16:55:00+00:00,49.38,49.58,49.25,49.33,316156
2026-05-18T17:00:00+00:00,49.29,49.31,49.02,49.071,222607
2026-05-18T17:05:00+00:00,49.06,49.37,49.06,49.12,226771
2026-05-18T17:10:00+00:00,49.12,49.22,48.975,49.05,185624
2026-05-18T17:15:00+00:00,49.04,49.24,48.93,49.1,167871
2026-05-18T17:20:00+00:00,49.09,49.16,48.97,49.075,125277
2026-05-18T17:25:00+00:00,49.06,49.41,49.03,49.365,157989
2026-05-18T17:30:00+00:00,49.36,49.65,49.215,49.24,160293
2026-05-18T17:35:00+00:00,49.25,49.38,49.19,49.29,166585
2026-05-18T17:40:00+00:00,49.296,49.48,49.231,49.43,405470
2026-05-18T17:45:00+00:00,49.41,49.525,49.22,49.258,156783
2026-05-18T17:50:00+00:00,49.25,49.495,49.23,49.47,119532
2026-05-18T17:55:00+00:00,49.46,49.66,49.28,49.295,172745
2026-05-18T18:00:00+00:00,49.32,49.44,49.03,49.14,166927
2026-05-18T18:05:00+00:00,49.174,49.275,49.04,49.07,118625
2026-05-18T18:10:00+00:00,49.06,49.09,48.94,48.99,150393
2026-05-18T18:15:00+00:00,49.0,49.01,48.725,48.77,221573
2026-05-18T18:20:00+00:00,48.77,48.77,48.6,48.715,172706
2026-05-18T18:25:00+00:00,48.729,48.89,48.48,48.78,236634
2026-05-18T18:30:00+00:00,48.78,49.16,48.76,48.86,245280
2026-05-18T18:35:00+00:00,48.85,48.96,48.72,48.72,194509
2026-05-18T18:40:00+00:00,48.73,48.96,48.68,48.93,160113
2026-05-18T18:45:00+00:00,48.89,49.205,48.87,48.915,234052
2026-05-18T18:50:00+00:00,48.9,48.94,48.71,48.74,171370
2026-05-18T18:55:00+00:00,48.75,49.13,48.74,49.015,219788
2026-05-18T19:00:00+00:00,48.96,50.27,48.94,49.77,552388
2026-05-18T19:05:00+00:00,49.76,49.93,49.31,49.58,311447
2026-05-18T19:10:00+00:00,49.6,50.01,49.6,49.81,292656
2026-05-18T19:15:00+00:00,49.82,49.96,49.581,49.67,231112
2026-05-18T19:20:00+00:00,49.67,49.78,49.48,49.6,286267
2026-05-18T19:25:00+00:00,49.61,49.74,49.25,49.385,294442
2026-05-18T19:30:00+00:00,49.38,49.94,49.32,49.84,226006
2026-05-18T19:35:00+00:00,49.85,50.27,49.77,50.19,287328
2026-05-18T19:40:00+00:00,50.21,50.45,50.125,50.41,367769
2026-05-18T19:45:00+00:00,50.4,50.6,50.302,50.494,317049
2026-05-18T19:50:00+00:00,50.49,50.6,50.31,50.38,384627
2026-05-18T19:55:00+00:00,50.33,50.55,50.15,50.46,1031552
2026-05-18T20:00:00+00:00,50.46,50.52,50.09,50.29,219405
2026-05-18T20:05:00+00:00,50.4,50.48,50.3,50.48,79046
2026-05-18T20:10:00+00:00,50.46,50.48,50.35,50.45,8097
2026-05-18T20:15:00+00:00,50.439,50.45,50.367,50.44,3415
2026-05-18T20:20:00+00:00,50.45,50.45,50.33,50.42,7635
2026-05-18T20:25:00+00:00,50.39,50.44,50.33,50.41,4863
2026-05-18T20:30:00+00:00,50.4,50.46,50.35,50.4,19896
2026-05-18T20:35:00+00:00,50.46,50.46,50.3,50.449,10974
2026-05-18T20:40:00+00:00,50.44,50.45,50.37,50.41,1586
2026-05-18T20:45:00+00:00,50.43,50.46,50.37,50.45,1391
2026-05-18T20:50:00+00:00,50.44,50.48,49.75,50.46,5484
2026-05-18T20:55:00+00:00,50.44,50.48,50.394,50.46,2161
2026-05-18T21:00:00+00:00,50.48,50.48,50.4,50.474,1797
2026-05-18T21:05:00+00:00,50.48,50.48,50.41,50.425,3177
2026-05-18T21:10:00+00:00,50.42,50.44,50.33,50.36,2279
2026-05-18T21:15:00+00:00,50.36,50.38,50.33,50.36,3511
2026-05-18T21:20:00+00:00,50.341,50.37,50.34,50.37,6309
2026-05-18T21:25:00+00:00,50.34,50.46,50.34,50.44,10712
2026-05-18T21:30:00+00:00,50.444,50.55,50.42,50.5,8364
2026-05-18T21:35:00+00:00,50.499,50.55,50.48,50.519,2567
2026-05-18T21:40:00+00:00,50.49,50.55,50.48,50.49,839
2026-05-18T21:45:00+00:00,50.49,50.5,50.49,50.5,2529
2026-05-18T21:50:00+00:00,50.499,50.5,50.48,50.48,2951
2026-05-18T21:55:00+00:00,50.49,50.59,50.48,50.59,5360
2026-05-18T22:00:00+00:00,50.59,50.65,50.59,50.63,2941
2026-05-18T22:05:00+00:00,50.63,50.81,50.61,50.76,11116
2026-05-18T22:10:00+00:00,50.777,50.83,50.6,50.76,5661
2026-05-18T22:15:00+00:00,50.76,50.83,50.61,50.8,5488
2026-05-18T22:20:00+00:00,50.79,50.99,50.79,50.91,7764
2026-05-18T22:25:00+00:00,50.89,50.99,50.84,50.96,5334
2026-05-18T22:30:00+00:00,50.95,50.97,50.9,50.94,18106
2026-05-18T22:35:00+00:00,50.96,50.96,50.85,50.92,6061
2026-05-18T22:40:00+00:00,50.93,51.0,50.75,50.75,5649
2026-05-18T22:45:00+00:00,50.89,50.9,50.75,50.79,4017
2026-05-18T22:50:00+00:00,50.77,50.82,50.705,50.79,3046
2026-05-18T22:55:00+00:00,50.79,50.8,50.72,50.75,1460
2026-05-18T23:00:00+00:00,50.76,50.97,50.73,50.97,2980
2026-05-18T23:05:00+00:00,50.97,50.97,50.82,50.94,1804
2026-05-18T23:10:00+00:00,50.9,50.97,50.82,50.89,2455
2026-05-18T23:15:00+00:00,50.89,50.92,50.75,50.84,12753
2026-05-18T23:20:00+00:00,50.84,50.92,50.73,50.89,2613
2026-05-18T23:25:00+00:00,50.89,50.92,50.816,50.88,1455
2026-05-18T23:30:00+00:00,50.89,50.919,50.717,50.86,3185
2026-05-18T23:35:00+00:00,50.75,50.898,50.74,50.86,2651
2026-05-18T23:40:00+00:00,50.9,50.9,50.86,50.9,5035
2026-05-18T23:45:00+00:00,50.89,50.9,50.8,50.8,4914
2026-05-18T23:50:00+00:00,50.82,50.882,50.72,50.73,3226
2026-05-18T23:55:00+00:00,50.79,50.8,50.65,50.7,2057
2026-05-19T08:00:00+00:00,49.56,50.4,49.29,49.84,79603
2026-05-19T08:05:00+00:00,49.89,50.03,49.47,49.7,3586
2026-05-19T08:10:00+00:00,49.7,49.75,49.4,49.52,7369
2026-05-19T08:15:00+00:00,49.416,49.6,49.41,49.598,2041
2026-05-19T08:20:00+00:00,49.596,49.596,49.25,49.25,4168
2026-05-19T08:25:00+00:00,49.22,49.61,49.2,49.6,4575
2026-05-19T08:30:00+00:00,49.46,49.71,49.446,49.618,5511
2026-05-19T08:35:00+00:00,49.611,49.64,49.416,49.43,2952
2026-05-19T08:40:00+00:00,49.42,49.65,49.389,49.44,1745
2026-05-19T08:45:00+00:00,49.44,49.6,49.4,49.41,969
2026-05-19T08:50:00+00:00,49.59,49.59,49.37,49.45,498
2026-05-19T08:55:00+00:00,49.4,49.5,49.36,49.5,570
2026-05-19T09:00:00+00:00,49.491,49.5,49.3,49.34,2443
2026-05-19T09:05:00+00:00,49.34,49.47,49.3,49.377,1495
2026-05-19T09:10:00+00:00,49.516,49.527,49.37,49.4,17849
2026-05-19T09:15:00+00:00,49.32,49.5,49.1,49.25,1849
2026-05-19T09:20:00+00:00,49.49,49.49,49.2,49.282,282
2026-05-19T09:25:00+00:00,49.25,49.25,49.066,49.14,1870
2026-05-19T09:30:00+00:00,49.14,49.35,49.01,49.04,3309
2026-05-19T09:35:00+00:00,49.11,49.35,49.07,49.263,3450
2026-05-19T09:40:00+00:00,49.15,49.22,49.036,49.15,4444
2026-05-19T09:45:00+00:00,49.147,49.25,49.144,49.2,2014
2026-05-19T09:50:00+00:00,49.22,49.313,49.159,49.3,1641
2026-05-19T09:55:00+00:00,49.32,49.38,49.25,49.32,2534
2026-05-19T10:00:00+00:00,49.31,49.34,49.2,49.2,6327
2026-05-19T10:05:00+00:00,49.3,49.3,49.168,49.168,3479
2026-05-19T10:10:00+00:00,49.23,49.316,49.15,49.15,2746
2026-05-19T10:15:00+00:00,49.15,49.281,49.123,49.123,2345
2026-05-19T10:20:00+00:00,49.16,49.25,49.08,49.14,1958
2026-05-19T10:25:00+00:00,49.14,49.29,49.14,49.21,468
2026-05-19T10:30:00+00:00,49.243,49.38,49.2,49.25,818
2026-05-19T10:35:00+00:00,49.209,49.37,49.13,49.17,4869
2026-05-19T10:40:00+00:00,49.17,49.35,49.1,49.1,1795
2026-05-19T10:45:00+00:00,49.15,49.342,49.07,49.2,5140
2026-05-19T10:50:00+00:00,49.2,49.49,49.2,49.33,2983
2026-05-19T10:55:00+00:00,49.39,49.44,49.32,49.4,4353
2026-05-19T11:00:00+00:00,49.45,49.59,49.35,49.38,15439
2026-05-19T11:05:00+00:00,49.43,49.54,49.3,49.41,13211
2026-05-19T11:10:00+00:00,49.492,49.5,49.32,49.36,11839
2026-05-19T11:15:00+00:00,49.32,49.54,49.29,49.47,3985
2026-05-19T11:20:00+00:00,49.49,49.52,49.32,49.37,6365
2026-05-19T11:25:00+00:00,49.38,49.44,49.0,49.22,22692
2026-05-19T11:30:00+00:00,49.157,49.22,49.016,49.12,5834
2026-05-19T11:35:00+00:00,49.16,49.22,49.014,49.03,3896
2026-05-19T11:40:00+00:00,49.03,49.2,49.01,49.2,8507
2026-05-19T11:45:00+00:00,49.195,49.195,48.99,49.095,17181
2026-05-19T11:50:00+00:00,49.018,49.1,48.92,49.0,20044
2026-05-19T11:55:00+00:00,48.98,49.0,48.8,48.85,16484
2026-05-19T12:00:00+00:00,48.88,49.05,48.78,48.96,14051
2026-05-19T12:05:00+00:00,48.95,49.0,48.77,48.92,8101
2026-05-19T12:10:00+00:00,48.87,49.05,48.87,48.93,11179
2026-05-19T12:15:00+00:00,48.94,49.089,48.8,48.8,14409
2026-05-19T12:20:00+00:00,48.85,48.96,48.77,48.85,12130
2026-05-19T12:25:00+00:00,48.84,48.95,48.76,48.86,11317
2026-05-19T12:30:00+00:00,48.89,49.05,48.81,49.015,17863
2026-05-19T12:35:00+00:00,49.05,49.1,48.9,49.005,8283
2026-05-19T12:40:00+00:00,48.98,49.05,48.9,48.94,11595
2026-05-19T12:45:00+00:00,49.0,49.05,48.89,49.0,8386
2026-05-19T12:50:00+00:00,49.0,49.02,48.85,48.9,13223
2026-05-19T12:55:00+00:00,48.95,49.05,48.85,49.03,11075
2026-05-19T13:00:00+00:00,49.038,49.05,48.9,49.045,5334
2026-05-19T13:05:00+00:00,48.985,48.999,48.67,48.808,153306
2026-05-19T13:10:00+00:00,48.805,48.88,48.74,48.793,6713
2026-05-19T13:15:00+00:00,48.84,48.86,48.71,48.75,20126
2026-05-19T13:20:00+00:00,48.772,48.772,48.57,48.61,43454
2026-05-19T13:25:00+00:00,48.64,48.79,48.4,48.61,48403
2026-05-19T13:30:00+00:00,48.62,48.69,47.72,48.32,1151721
2026-05-19T13:35:00+00:00,48.29,49.13,47.98,48.085,792869
2026-05-19T13:40:00+00:00,48.08,48.1,47.52,47.829,760544
2026-05-19T13:45:00+00:00,47.75,48.41,47.54,48.0,587393
2026-05-19T13:50:00+00:00,48.02,48.3,47.725,48.25,524387
2026-05-19T13:55:00+00:00,48.23,48.42,47.47,47.7,503584
2026-05-19T14:00:00+00:00,47.72,47.905,47.55,47.84,340576
2026-05-19T14:05:00+00:00,47.87,48.043,46.85,46.98,745317
2026-05-19T14:10:00+00:00,46.99,47.34,46.68,46.68,559547
2026-05-19T14:15:00+00:00,46.675,46.782,46.3,46.46,736574
2026-05-19T14:20:00+00:00,46.47,46.64,46.16,46.61,614690
2026-05-19T14:25:00+00:00,46.65,46.68,46.24,46.315,531407
2026-05-19T14:30:00+00:00,46.35,46.796,46.25,46.38,414926
2026-05-19T14:35:00+00:00,46.365,46.95,46.365,46.75,386885
2026-05-19T14:40:00+00:00,46.77,46.795,46.26,46.34,310725
2026-05-19T14:45:00+00:00,46.33,46.53,46.0,46.28,581614
2026-05-19T14:50:00+00:00,46.295,46.68,46.17,46.54,276305
2026-05-19T14:55:00+00:00,46.54,46.95,46.4,46.71,325199
2026-05-19T15:00:00+00:00,46.705,47.2,46.69,47.05,344587
2026-05-19T15:05:00+00:00,47.06,47.09,46.66,46.87,240343
2026-05-19T15:10:00+00:00,46.91,47.18,46.815,47.18,236212
2026-05-19T15:15:00+00:00,47.179,47.472,47.0,47.01,369520
2026-05-19T15:20:00+00:00,47.03,47.27,46.87,46.88,223447
2026-05-19T15:25:00+00:00,46.89,47.23,46.81,47.21,212556
2026-05-19T15:30:00+00:00,47.18,47.65,47.16,47.45,243292
2026-05-19T15:35:00+00:00,47.42,47.794,47.29,47.785,256855
2026-05-19T15:40:00+00:00,47.79,47.89,47.68,47.81,258970
2026-05-19T15:45:00+00:00,47.81,47.885,47.66,47.77,177247
2026-05-19T15:50:00+00:00,47.79,47.83,47.42,47.55,169642
2026-05-19T15:55:00+00:00,47.52,47.61,47.34,47.57,158754
2026-05-19T16:00:00+00:00,47.58,47.836,47.58,47.74,173678
2026-05-19T16:05:00+00:00,47.75,47.77,47.4,47.42,231553
2026-05-19T16:10:00+00:00,47.4,47.455,47.224,47.43,175522
2026-05-19T16:15:00+00:00,47.44,47.54,47.27,47.298,199670
2026-05-19T16:20:00+00:00,47.32,47.465,47.23,47.395,97533
2026-05-19T16:25:00+00:00,47.395,47.67,47.39,47.65,160132
2026-05-19T16:30:00+00:00,47.625,48.11,47.61,48.11,280602
2026-05-19T16:35:00+00:00,48.12,48.18,47.8,48.05,204499
2026-05-19T16:40:00+00:00,48.04,48.19,48.0,48.19,178438
2026-05-19T16:45:00+00:00,48.21,48.4,48.08,48.21,290714
2026-05-19T16:50:00+00:00,48.21,48.432,48.14,48.43,169826
2026-05-19T16:55:00+00:00,48.425,48.48,48.325,48.4,129014
2026-05-19T17:00:00+00:00,48.41,48.94,48.4,48.918,241662
2026-05-19T17:05:00+00:00,48.91,49.025,48.7,48.88,263262
2026-05-19T17:10:00+00:00,48.9,48.959,48.69,48.86,216698
2026-05-19T17:15:00+00:00,48.82,49.09,48.76,48.97,248779
2026-05-19T17:20:00+00:00,48.961,49.27,48.961,49.11,249882
2026-05-19T17:25:00+00:00,49.11,49.115,48.75,48.845,188275
2026-05-19T17:30:00+00:00,48.87,49.06,48.67,48.75,234384
2026-05-19T17:35:00+00:00,48.742,48.97,48.69,48.9,178765
2026-05-19T17:40:00+00:00,48.9,49.02,48.53,48.645,181821
2026-05-19T17:45:00+00:00,48.65,48.68,48.315,48.43,174454
2026-05-19T17:50:00+00:00,48.44,48.58,48.17,48.24,155046
2026-05-19T17:55:00+00:00,48.28,48.485,48.25,48.47,170866
2026-05-19T18:00:00+00:00,48.47,48.68,48.455,48.565,158258
2026-05-19T18:05:00+00:00,48.565,48.8,48.53,48.8,127800
2026-05-19T18:10:00+00:00,48.81,48.935,48.78,48.83,231144
2026-05-19T18:15:00+00:00,48.82,48.98,48.77,48.845,173110
2026-05-19T18:20:00+00:00,48.85,48.85,48.395,48.43,228516
2026-05-19T18:25:00+00:00,48.42,48.654,48.31,48.48,209059
2026-05-19T18:30:00+00:00,48.49,48.59,48.38,48.49,217024
2026-05-19T18:35:00+00:00,48.5,48.53,48.135,48.14,163053
2026-05-19T18:40:00+00:00,48.14,48.19,48.03,48.035,222254
2026-05-19T18:45:00+00:00,48.045,48.06,47.84,47.99,347527
2026-05-19T18:50:00+00:00,48.005,48.16,47.75,47.773,211510
2026-05-19T18:55:00+00:00,47.78,47.78,47.499,47.66,260401
2026-05-19T19:00:00+00:00,47.66,48.08,47.66,47.919,270921
2026-05-19T19:05:00+00:00,47.927,48.18,47.68,48.13,204687
2026-05-19T19:10:00+00:00,48.145,48.43,48.106,48.23,215764
2026-05-19T19:15:00+00:00,48.27,48.28,47.93,47.94,149790
2026-05-19T19:20:00+00:00,47.945,48.0,47.569,47.57,229786
2026-05-19T19:25:00+00:00,47.58,47.74,47.41,47.72,272545
2026-05-19T19:30:00+00:00,47.725,48.05,47.71,47.83,257423
2026-05-19T19:35:00+00:00,47.84,48.04,47.79,48.03,158528
2026-05-19T19:40:00+00:00,48.04,48.05,47.77,47.99,297895
2026-05-19T19:45:00+00:00,47.97,48.05,47.82,47.88,307710
2026-05-19T19:50:00+00:00,47.87,47.98,47.64,47.68,453780
2026-05-19T19:55:00+00:00,47.66,47.78,47.56,47.74,774902
2026-05-19T20:00:00+00:00,47.74,47.85,47.45,47.61,812693
2026-05-19T20:05:00+00:00,47.61,47.85,47.606,47.8,11725
2026-05-19T20:10:00+00:00,47.85,47.99,47.74,47.949,6157
2026-05-19T20:15:00+00:00,47.9,47.95,47.8,47.95,7081
2026-05-19T20:20:00+00:00,47.9,47.93,47.84,47.93,6098
2026-05-19T20:25:00+00:00,47.91,47.93,47.84,47.85,2234
2026-05-19T20:30:00+00:00,47.89,47.91,47.82,47.909,2794
2026-05-19T20:35:00+00:00,47.9,47.92,47.85,47.89,2227
2026-05-19T20:40:00+00:00,47.9,47.94,47.82,47.94,1743
2026-05-19T20:45:00+00:00,47.94,47.97,47.82,47.96,35459
2026-05-19T20:50:00+00:00,47.97,47.97,47.82,47.9,3691
2026-05-19T20:55:00+00:00,47.94,47.94,47.82,47.89,1329
2026-05-19T21:00:00+00:00,47.86,47.89,47.66,47.784,2966
2026-05-19T21:05:00+00:00,47.79,47.88,47.77,47.88,2050
2026-05-19T21:10:00+00:00,47.85,47.88,47.8,47.849,5573
2026-05-19T21:15:00+00:00,47.869,47.87,47.8,47.86,1226
2026-05-19T21:20:00+00:00,47.859,47.86,47.8,47.84,5593
2026-05-19T21:25:00+00:00,47.859,47.86,47.81,47.81,1507
2026-05-19T21:30:00+00:00,47.85,47.85,47.66,47.85,1683
2026-05-19T21:35:00+00:00,47.849,47.85,47.788,47.84,614
2026-05-19T21:40:00+00:00,47.84,47.85,47.78,47.83,3594
2026-05-19T21:45:00+00:00,47.85,47.85,47.8,47.84,2242
2026-05-19T21:50:00+00:00,47.83,47.91,47.83,47.91,1222
2026-05-19T21:55:00+00:00,47.88,47.91,47.84,47.89,4228
2026-05-19T22:00:00+00:00,47.89,47.92,47.84,47.909,4715
2026-05-19T22:05:00+00:00,47.9,47.91,47.84,47.91,2026
2026-05-19T22:10:00+00:00,47.87,47.91,47.848,47.91,1483
2026-05-19T22:15:00+00:00,47.91,47.91,47.8,47.8,1564
2026-05-19T22:20:00+00:00,47.839,47.91,47.8,47.85,954
2026-05-19T22:25:00+00:00,47.85,47.9,47.65,47.74,2102
2026-05-19T22:30:00+00:00,47.76,47.8,47.67,47.71,2263
2026-05-19T22:35:00+00:00,47.72,47.72,47.66,47.71,2147
2026-05-19T22:40:00+00:00,47.72,47.72,47.66,47.71,6524
2026-05-19T22:45:00+00:00,47.704,47.75,47.65,47.65,3376
2026-05-19T22:50:00+00:00,47.67,47.71,47.62,47.671,5296
2026-05-19T22:55:00+00:00,47.67,47.8,47.67,47.8,2241
2026-05-19T23:00:00+00:00,47.86,47.86,47.74,47.79,5131
2026-05-19T23:05:00+00:00,47.79,47.85,47.7,47.77,5489
2026-05-19T23:10:00+00:00,47.85,47.85,47.78,47.78,5816
2026-05-19T23:15:00+00:00,47.81,47.9,47.81,47.88,2352
2026-05-19T23:20:00+00:00,47.9,47.98,47.87,47.959,2669
2026-05-19T23:25:00+00:00,47.95,47.97,47.907,47.93,906
2026-05-19T23:30:00+00:00,47.92,48.09,47.92,48.06,4588
2026-05-19T23:35:00+00:00,48.07,48.08,47.98,48.06,11435
2026-05-19T23:40:00+00:00,48.0,48.08,48.0,48.08,7960
2026-05-19T23:45:00+00:00,48.08,48.08,48.0,48.07,5954
2026-05-19T23:50:00+00:00,48.05,48.07,47.92,48.04,7528
2026-05-19T23:55:00+00:00,47.97,48.04,47.94,47.96,3162
2026-05-20T08:00:00+00:00,47.86,48.79,47.8,48.79,51178
2026-05-20T08:05:00+00:00,48.788,48.86,47.83,48.75,15934
2026-05-20T08:10:00+00:00,48.75,48.95,48.684,48.9,7436
2026-05-20T08:15:00+00:00,48.9,49.05,48.87,49.0,9121
2026-05-20T08:20:00+00:00,48.99,49.047,48.9,48.99,8770
2026-05-20T08:25:00+00:00,48.98,49.05,48.96,49.046,5754
2026-05-20T08:30:00+00:00,49.04,49.05,48.96,49.049,5722
2026-05-20T08:35:00+00:00,49.03,49.31,49.0,49.3,7489
2026-05-20T08:40:00+00:00,49.3,49.54,49.29,49.443,32058
2026-05-20T08:45:00+00:00,49.45,49.5,49.34,49.46,13991
2026-05-20T08:50:00+00:00,49.47,49.547,49.393,49.4,10327
2026-05-20T08:55:00+00:00,49.438,49.438,49.28,49.38,17561
2026-05-20T09:00:00+00:00,49.387,49.476,49.34,49.35,7725
2026-05-20T09:05:00+00:00,49.364,49.42,49.09,49.18,8841
2026-05-20T09:10:00+00:00,49.15,49.174,48.99,49.0,4965
2026-05-20T09:15:00+00:00,48.98,49.29,48.98,49.275,8511
2026-05-20T09:20:00+00:00,49.28,49.28,49.1,49.16,7407
2026-05-20T09:25:00+00:00,49.2,49.21,49.1,49.17,3460
2026-05-20T09:30:00+00:00,49.19,49.31,49.17,49.3,5242
2026-05-20T09:35:00+00:00,49.28,49.322,49.17,49.18,1556
2026-05-20T09:40:00+00:00,49.21,49.3,49.209,49.27,1327
2026-05-20T09:45:00+00:00,49.27,49.27,49.105,49.19,3345
2026-05-20T09:50:00+00:00,49.187,49.35,49.15,49.28,2117
2026-05-20T09:55:00+00:00,49.28,49.33,49.24,49.32,3913
2026-05-20T10:00:00+00:00,49.283,49.33,49.26,49.28,5837
2026-05-20T10:05:00+00:00,49.3,49.41,49.28,49.38,11728
2026-05-20T10:10:00+00:00,49.39,49.41,49.3,49.35,10425
2026-05-20T10:15:00+00:00,49.37,49.397,49.31,49.34,1473
2026-05-20T10:20:00+00:00,49.32,49.345,49.232,49.328,4798
2026-05-20T10:25:00+00:00,49.32,49.33,49.16,49.2,9113
2026-05-20T10:30:00+00:00,49.212,49.33,49.2,49.24,3921
2026-05-20T10:35:00+00:00,49.225,49.33,49.17,49.23,4939
2026-05-20T10:40:00+00:00,49.25,49.294,49.22,49.27,1809
2026-05-20T10:45:00+00:00,49.3,49.33,49.2,49.22,5350
2026-05-20T10:50:00+00:00,49.21,49.21,49.1,49.177,10031
2026-05-20T10:55:00+00:00,49.148,49.18,49.1,49.1,6084
2026-05-20T11:00:00+00:00,49.1,49.18,48.98,49.123,48373
2026-05-20T11:05:00+00:00,49.1,49.33,49.1,49.28,17394
2026-05-20T11:10:00+00:00,49.3,49.43,49.296,49.33,7893
2026-05-20T11:15:00+00:00,49.349,49.39,49.3,49.36,7236
2026-05-20T11:20:00+00:00,49.36,49.47,49.3,49.39,9231
2026-05-20T11:25:00+00:00,49.4,49.44,49.3,49.39,8417
2026-05-20T11:30:00+00:00,49.39,49.4,49.31,49.37,10351
2026-05-20T11:35:00+00:00,49.35,49.36,49.23,49.276,6527
2026-05-20T11:40:00+00:00,49.271,49.31,49.126,49.24,10969
2026-05-20T11:45:00+00:00,49.23,49.3,49.16,49.2,8168
2026-05-20T11:50:00+00:00,49.2,49.35,49.13,49.253,7631
2026-05-20T11:55:00+00:00,49.32,49.38,49.27,49.33,8445
2026-05-20T12:00:00+00:00,49.33,49.38,49.2,49.36,6029
2026-05-20T12:05:00+00:00,49.324,49.35,49.13,49.2,7857
2026-05-20T12:10:00+00:00,49.17,49.3,49.123,49.25,4462
2026-05-20T12:15:00+00:00,49.27,49.34,49.2,49.28,8558
2026-05-20T12:20:00+00:00,49.28,49.34,49.22,49.3,7199
2026-05-20T12:25:00+00:00,49.308,49.36,49.22,49.36,10092
2026-05-20T12:30:00+00:00,49.3,49.38,49.225,49.35,9028
2026-05-20T12:35:00+00:00,49.35,49.38,49.26,49.3,7205
2026-05-20T12:40:00+00:00,49.29,49.4,49.23,49.36,11793
2026-05-20T12:45:00+00:00,49.378,49.39,49.327,49.37,7092
2026-05-20T12:50:00+00:00,49.35,49.39,49.3,49.33,9948
2026-05-20T12:55:00+00:00,49.33,49.37,49.25,49.26,19273
2026-05-20T13:00:00+00:00,49.29,49.31,49.224,49.258,8875
2026-05-20T13:05:00+00:00,49.26,49.32,49.19,49.19,14618
2026-05-20T13:10:00+00:00,49.21,49.26,49.154,49.187,10351
2026-05-20T13:15:00+00:00,49.188,49.23,49.13,49.21,21372
2026-05-20T13:20:00+00:00,49.23,49.4,49.2,49.38,15149
2026-05-20T13:25:00+00:00,49.39,49.48,49.13,49.16,26585
2026-05-20T13:30:00+00:00,49.12,49.76,48.95,49.03,1145180
2026-05-20T13:35:00+00:00,49.03,49.47,48.675,48.93,606585
2026-05-20T13:40:00+00:00,48.92,49.3,48.64,49.075,544796
2026-05-20T13:45:00+00:00,49.08,49.34,48.75,49.04,413237
2026-05-20T13:50:00+00:00,49.0,49.2,48.55,48.775,371370
2026-05-20T13:55:00+00:00,48.76,49.025,48.588,49.0,368227
2026-05-20T14:00:00+00:00,49.04,49.45,49.02,49.361,573008
2026-05-20T14:05:00+00:00,49.37,49.7,48.91,49.49,528244
2026-05-20T14:10:00+00:00,49.49,50.04,49.11,49.73,547862
2026-05-20T14:15:00+00:00,49.735,50.82,49.641,50.34,855406
2026-05-20T14:20:00+00:00,50.29,50.61,49.94,49.98,699718
2026-05-20T14:25:00+00:00,49.98,50.14,49.75,49.97,536512
2026-05-20T14:30:00+00:00,49.96,50.37,49.561,49.755,493957
2026-05-20T14:35:00+00:00,49.755,49.89,49.46,49.65,303573
2026-05-20T14:40:00+00:00,49.63,50.2,49.554,50.171,313584
2026-05-20T14:45:00+00:00,50.2,50.47,50.06,50.09,359179
2026-05-20T14:50:00+00:00,50.021,50.26,49.96,50.24,291150
2026-05-20T14:55:00+00:00,50.22,50.455,50.13,50.13,328867
2026-05-20T15:00:00+00:00,50.11,50.47,49.99,50.12,275127
2026-05-20T15:05:00+00:00,50.1,50.45,50.09,50.38,275761
2026-05-20T15:10:00+00:00,50.42,50.465,50.21,50.3,180754
2026-05-20T15:15:00+00:00,50.305,51.17,50.305,51.03,739834
2026-05-20T15:20:00+00:00,51.06,51.37,50.78,50.816,399647
2026-05-20T15:25:00+00:00,50.805,50.98,50.63,50.845,230529
2026-05-20T15:30:00+00:00,50.86,51.27,50.82,51.205,322340
2026-05-20T15:35:00+00:00,51.22,51.39,51.125,51.19,334560
2026-05-20T15:40:00+00:00,51.18,51.442,51.01,51.43,515670
2026-05-20T15:45:00+00:00,51.42,51.71,51.4,51.597,302234
2026-05-20T15:50:00+00:00,51.6,51.63,51.23,51.4,227927
2026-05-20T15:55:00+00:00,51.4,51.73,51.29,51.67,264688
2026-05-20T16:00:00+00:00,51.65,52.12,51.65,52.116,372176
2026-05-20T16:05:00+00:00,52.12,52.355,51.91,51.975,511143
2026-05-20T16:10:00+00:00,51.975,52.32,51.96,52.23,317604
2026-05-20T16:15:00+00:00,52.22,52.22,51.8,51.906,321366
2026-05-20T16:20:00+00:00,51.862,52.12,51.75,51.769,333922
2026-05-20T16:25:00+00:00,51.75,51.78,51.39,51.625,334595
2026-05-20T16:30:00+00:00,51.625,51.88,51.51,51.75,276305
2026-05-20T16:35:00+00:00,51.75,51.94,51.57,51.64,158061
2026-05-20T16:40:00+00:00,51.64,51.94,51.46,51.915,168579
2026-05-20T16:45:00+00:00,51.901,51.99,51.75,51.985,214884
2026-05-20T16:50:00+00:00,51.98,52.27,51.959,52.27,283410
2026-05-20T16:55:00+00:00,52.24,52.3,51.901,52.159,391401
2026-05-20T17:00:00+00:00,52.169,52.48,52.1,52.125,363014
2026-05-20T17:05:00+00:00,52.11,52.71,52.08,52.665,428612
2026-05-20T17:10:00+00:00,52.651,53.088,52.61,52.95,963688
2026-05-20T17:15:00+00:00,52.95,52.98,52.588,52.88,358457
2026-05-20T17:20:00+00:00,52.87,52.98,52.73,52.751,401536
2026-05-20T17:25:00+00:00,52.76,52.88,52.61,52.825,328894
2026-05-20T17:30:00+00:00,52.835,52.9,52.68,52.733,207722
2026-05-20T17:35:00+00:00,52.735,52.99,52.71,52.77,305691
2026-05-20T17:40:00+00:00,52.73,52.764,52.47,52.616,258684
2026-05-20T17:45:00+00:00,52.622,52.66,52.43,52.45,182934
2026-05-20T17:50:00+00:00,52.46,52.51,52.33,52.48,199109
2026-05-20T17:55:00+00:00,52.49,52.7,52.48,52.68,251825
2026-05-20T18:00:00+00:00,52.68,52.95,52.61,52.899,268169
2026-05-20T18:05:00+00:00,52.88,52.97,52.85,52.95,363213
2026-05-20T18:10:00+00:00,52.95,53.12,52.86,52.86,320644
2026-05-20T18:15:00+00:00,52.87,53.08,52.75,52.779,334921
2026-05-20T18:20:00+00:00,52.796,52.84,52.62,52.73,223318
2026-05-20T18:25:00+00:00,52.75,52.84,52.58,52.825,221416
2026-05-20T18:30:00+00:00,52.83,52.89,52.725,52.73,224242
2026-05-20T18:35:00+00:00,52.72,52.76,52.54,52.7,161699
2026-05-20T18:40:00+00:00,52.75,52.78,52.575,52.61,229731
2026-05-20T18:45:00+00:00,52.59,52.818,52.43,52.69,281343
2026-05-20T18:50:00+00:00,52.65,52.9,52.57,52.8,341150
2026-05-20T18:55:00+00:00,52.79,52.819,52.23,52.325,332836
2026-05-20T19:00:00+00:00,52.35,52.74,52.35,52.54,271817
2026-05-20T19:05:00+00:00,52.55,52.67,52.46,52.66,190854
2026-05-20T19:10:00+00:00,52.67,52.7,52.46,52.58,209469
2026-05-20T19:15:00+00:00,52.58,52.74,52.5,52.7,270398
2026-05-20T19:20:00+00:00,52.7,52.93,52.635,52.89,334454
2026-05-20T19:25:00+00:00,52.9,52.95,52.41,52.65,273973
2026-05-20T19:30:00+00:00,52.65,52.91,52.63,52.87,334092
2026-05-20T19:35:00+00:00,52.87,53.03,52.643,52.91,296496
2026-05-20T19:40:00+00:00,52.91,52.949,52.71,52.835,251327
2026-05-20T19:45:00+00:00,52.83,52.9,52.67,52.86,241039
2026-05-20T19:50:00+00:00,52.85,52.98,52.69,52.79,478501
2026-05-20T19:55:00+00:00,52.8,52.87,52.58,52.71,925756
2026-05-20T20:00:00+00:00,52.681,52.75,52.23,52.6,915085
2026-05-20T20:05:00+00:00,52.65,52.75,52.6,52.7,28699
2026-05-20T20:10:00+00:00,52.7,52.71,52.426,52.493,96899
2026-05-20T20:15:00+00:00,52.5,52.65,52.33,52.614,7637
2026-05-20T20:20:00+00:00,52.63,52.64,51.8,52.252,53394
2026-05-20T20:25:00+00:00,52.38,53.24,52.25,53.23,45445
2026-05-20T20:30:00+00:00,53.24,53.69,52.68,53.06,85751
2026-05-20T20:35:00+00:00,53.2,53.331,52.92,53.12,38219
2026-05-20T20:40:00+00:00,53.11,53.3,52.2,53.12,43995
2026-05-20T20:45:00+00:00,53.37,54.03,52.5,53.08,52619
2026-05-20T20:50:00+00:00,53.05,53.2,52.68,52.7,141655
2026-05-20T20:55:00+00:00,52.742,53.08,52.7,53.0,6073
2026-05-20T21:00:00+00:00,52.92,53.0,52.38,52.8,5880
2026-05-20T21:05:00+00:00,52.8,52.98,52.5,52.54,13309
2026-05-20T21:10:00+00:00,52.53,52.84,52.53,52.63,9195
2026-05-20T21:15:00+00:00,52.62,52.9,52.62,52.87,5517
2026-05-20T21:20:00+00:00,52.728,52.87,52.55,52.618,6174
2026-05-20T21:25:00+00:00,52.619,53.01,52.52,52.9,19254
2026-05-20T21:30:00+00:00,52.931,52.98,52.64,52.87,9321
2026-05-20T21:35:00+00:00,52.86,52.919,52.68,52.83,5029
2026-05-20T21:40:00+00:00,52.829,52.829,52.65,52.74,3708
2026-05-20T21:45:00+00:00,52.75,52.9,52.72,52.81,7274
2026-05-20T21:50:00+00:00,52.81,52.855,52.57,52.76,5056
2026-05-20T21:55:00+00:00,52.7,52.76,52.5,52.53,26384
2026-05-20T22:00:00+00:00,52.53,52.53,52.11,52.23,14299
2026-05-20T22:05:00+00:00,52.17,52.38,51.65,51.65,25444
2026-05-20T22:10:00+00:00,51.703,52.18,51.65,51.88,20442
2026-05-20T22:15:00+00:00,51.93,52.1,51.9,52.1,8600
2026-05-20T22:20:00+00:00,51.95,52.08,51.73,51.95,8957
2026-05-20T22:25:00+00:00,51.91,52.25,51.91,52.08,10955
2026-05-20T22:30:00+00:00,52.08,52.25,52.0,52.15,4184
2026-05-20T22:35:00+00:00,52.15,52.22,51.85,52.0,3972
2026-05-20T22:40:00+00:00,51.99,52.11,51.94,52.099,7712
2026-05-20T22:45:00+00:00,52.08,52.1,52.0,52.0,3170
2026-05-20T22:50:00+00:00,52.09,52.19,52.0,52.19,3250
2026-05-20T22:55:00+00:00,52.17,52.19,52.0,52.17,5205
2026-05-20T23:00:00+00:00,52.2,52.39,52.15,52.3,5707
2026-05-20T23:05:00+00:00,52.301,52.5,52.25,52.25,4978
2026-05-20T23:10:00+00:00,52.251,52.4,52.25,52.33,5115
2026-05-20T23:15:00+00:00,52.25,52.39,52.19,52.29,4008
2026-05-20T23:20:00+00:00,52.28,52.3,52.11,52.3,1877
2026-05-20T23:25:00+00:00,52.19,52.3,52.07,52.08,4373
2026-05-20T23:30:00+00:00,52.13,52.25,52.1,52.15,1663
2026-05-20T23:35:00+00:00,52.23,52.25,52.08,52.08,2277
2026-05-20T23:40:00+00:00,52.108,52.25,52.08,52.146,2758
2026-05-20T23:45:00+00:00,52.15,52.25,52.08,52.16,6544
2026-05-20T23:50:00+00:00,52.17,52.3,52.08,52.15,6162
2026-05-20T23:55:00+00:00,52.228,52.25,52.08,52.161,4131
2026-05-21T08:00:00+00:00,53.87,54.14,53.11,53.91,141069
2026-05-21T08:05:00+00:00,53.97,54.12,53.12,54.09,24680
2026-05-21T08:10:00+00:00,54.09,54.4,54.008,54.27,19280
2026-05-21T08:15:00+00:00,54.4,54.46,54.15,54.15,7829
2026-05-21T08:20:00+00:00,54.15,54.385,54.096,54.385,6524
2026-05-21T08:25:00+00:00,54.35,54.43,54.25,54.423,5476
2026-05-21T08:30:00+00:00,54.39,54.418,54.26,54.266,3175
2026-05-21T08:35:00+00:00,54.26,54.371,54.2,54.205,1858
2026-05-21T08:40:00+00:00,54.25,54.44,54.23,54.434,18498
2026-05-21T08:45:00+00:00,54.44,54.44,54.248,54.387,5099
2026-05-21T08:50:00+00:00,54.39,54.39,54.21,54.24,6705
2026-05-21T08:55:00+00:00,54.28,54.46,54.24,54.46,13269
2026-05-21T09:00:00+00:00,54.41,54.67,54.37,54.65,17493
2026-05-21T09:05:00+00:00,54.65,54.8,54.6,54.747,10569
2026-05-21T09:10:00+00:00,54.747,54.75,54.63,54.68,4420
2026-05-21T09:15:00+00:00,54.71,54.79,54.634,54.766,3569
2026-05-21T09:20:00+00:00,54.77,54.85,54.769,54.8,7222
2026-05-21T09:25:00+00:00,54.8,55.19,54.78,55.059,21087
2026-05-21T09:30:00+00:00,55.088,55.3,55.04,55.14,30801
2026-05-21T09:35:00+00:00,55.14,55.19,54.92,54.995,10902
2026-05-21T09:40:00+00:00,54.9,55.0,54.79,54.85,5454
2026-05-21T09:45:00+00:00,54.84,54.94,54.78,54.919,6639
2026-05-21T09:50:00+00:00,54.91,54.93,54.86,54.92,3897
2026-05-21T09:55:00+00:00,54.93,54.97,54.9,54.91,6965
2026-05-21T10:00:00+00:00,54.94,55.1,54.903,54.96,6259
2026-05-21T10:05:00+00:00,54.948,54.985,54.72,54.82,5596
2026-05-21T10:10:00+00:00,54.88,54.88,54.67,54.78,5625
2026-05-21T10:15:00+00:00,54.78,54.87,54.7,54.77,4138
2026-05-21T10:20:00+00:00,54.68,54.76,54.403,54.54,22992
2026-05-21T10:25:00+00:00,54.55,54.59,54.13,54.25,23169
2026-05-21T10:30:00+00:00,54.29,54.44,54.07,54.361,14279
2026-05-21T10:35:00+00:00,54.371,54.579,54.1,54.1,7244
2026-05-21T10:40:00+00:00,54.07,54.13,53.86,54.01,9787
2026-05-21T10:45:00+00:00,54.1,54.1,53.72,53.8,6067
2026-05-21T10:50:00+00:00,53.81,53.91,53.56,53.86,7300
2026-05-21T10:55:00+00:00,53.828,54.14,53.828,54.007,7495
2026-05-21T11:00:00+00:00,54.0,54.12,53.731,53.916,39166
2026-05-21T11:05:00+00:00,53.98,54.14,53.806,53.88,25129
2026-05-21T11:10:00+00:00,53.93,54.267,53.93,54.21,20716
2026-05-21T11:15:00+00:00,54.212,54.3,54.18,54.28,27863
2026-05-21T11:20:00+00:00,54.25,54.76,54.25,54.7,38484
2026-05-21T11:25:00+00:00,54.7,54.71,54.51,54.6,13316
2026-05-21T11:30:00+00:00,54.57,54.7,54.46,54.62,31131
2026-05-21T11:35:00+00:00,54.59,54.601,54.381,54.42,12532
2026-05-21T11:40:00+00:00,54.38,54.52,54.37,54.39,22240
2026-05-21T11:45:00+00:00,54.41,54.55,54.362,54.53,11184
2026-05-21T11:50:00+00:00,54.515,54.515,54.37,54.37,18627
2026-05-21T11:55:00+00:00,54.38,54.42,54.26,54.31,8184
2026-05-21T12:00:00+00:00,54.31,54.31,54.07,54.22,21373
2026-05-21T12:05:00+00:00,54.2,54.24,54.023,54.07,21038
2026-05-21T12:10:00+00:00,54.06,54.2,53.886,54.0,23339
2026-05-21T12:15:00+00:00,53.97,54.04,53.88,54.04,13350
2026-05-21T12:20:00+00:00,53.98,54.04,53.792,53.88,16009
2026-05-21T12:25:00+00:00,53.88,53.93,53.8,53.87,18446
2026-05-21T12:30:00+00:00,53.859,53.96,53.69,53.88,44292
2026-05-21T12:35:00+00:00,53.842,53.93,53.47,53.75,46855
2026-05-21T12:40:00+00:00,53.734,53.91,53.7,53.88,31537
2026-05-21T12:45:00+00:00,53.906,54.22,53.84,54.085,31806
2026-05-21T12:50:00+00:00,54.09,54.36,54.05,54.21,28686
2026-05-21T12:55:00+00:00,54.238,54.45,53.76,54.23,74717
2026-05-21T13:00:00+00:00,54.2,54.63,54.19,54.441,65937
2026-05-21T13:05:00+00:00,54.44,54.45,54.2,54.3,38655
2026-05-21T13:10:00+00:00,54.3,54.3,54.19,54.239,15564
2026-05-21T13:15:00+00:00,54.24,54.24,53.95,54.05,39970
2026-05-21T13:20:00+00:00,54.0,54.3,54.0,54.285,15424
2026-05-21T13:25:00+00:00,54.26,54.29,53.8,53.95,45549
2026-05-21T13:30:00+00:00,53.99,54.9,53.2,54.71,1474643
2026-05-21T13:35:00+00:00,54.71,55.45,54.5,55.023,1254115
2026-05-21T13:40:00+00:00,55.025,55.49,54.77,54.905,877847
2026-05-21T13:45:00+00:00,54.96,55.37,54.86,55.275,702902
2026-05-21T13:50:00+00:00,55.27,56.0,55.19,55.88,1043410
2026-05-21T13:55:00+00:00,55.86,56.51,55.631,56.35,1069796
2026-05-21T14:00:00+00:00,56.35,56.73,56.01,56.23,850899
2026-05-21T14:05:00+00:00,56.23,56.34,55.62,55.95,632143
2026-05-21T14:10:00+00:00,55.93,56.09,55.69,56.06,402961
2026-05-21T14:15:00+00:00,56.07,56.12,55.02,55.03,604930
2026-05-21T14:20:00+00:00,55.02,55.25,54.47,55.12,839763
2026-05-21T14:25:00+00:00,55.12,55.57,54.935,55.485,510671
2026-05-21T14:30:00+00:00,55.49,55.82,55.14,55.2,841961
2026-05-21T14:35:00+00:00,55.156,56.175,55.15,56.125,689842
2026-05-21T14:40:00+00:00,56.125,56.2,55.64,55.768,444663
2026-05-21T14:45:00+00:00,55.76,56.06,55.32,55.495,434729
2026-05-21T14:50:00+00:00,55.53,55.85,55.27,55.75,393340
2026-05-21T14:55:00+00:00,55.73,56.03,55.61,55.905,274904
2026-05-21T15:00:00+00:00,55.92,56.04,55.55,55.605,260053
2026-05-21T15:05:00+00:00,55.615,55.64,55.23,55.61,242992
2026-05-21T15:10:00+00:00,55.63,56.08,55.34,55.926,385687
2026-05-21T15:15:00+00:00,55.924,56.02,55.792,55.815,205569
2026-05-21T15:20:00+00:00,55.8,56.21,55.74,55.88,322209
2026-05-21T15:25:00+00:00,55.86,56.45,55.78,56.2,315725
2026-05-21T15:30:00+00:00,56.21,56.24,55.94,56.065,614332
2026-05-21T15:35:00+00:00,56.06,56.41,55.94,56.27,428886
2026-05-21T15:40:00+00:00,56.278,56.32,56.05,56.24,231701
2026-05-21T15:45:00+00:00,56.24,56.47,56.23,56.295,226133
2026-05-21T15:50:00+00:00,56.29,56.36,56.11,56.305,215246
2026-05-21T15:55:00+00:00,56.3,56.5,56.191,56.255,270724
2026-05-21T16:00:00+00:00,56.285,56.54,56.26,56.445,230644
2026-05-21T16:05:00+00:00,56.46,56.64,56.43,56.568,294721
2026-05-21T16:10:00+00:00,56.58,56.84,56.42,56.525,356475
2026-05-21T16:15:00+00:00,56.53,56.68,56.35,56.375,194980
2026-05-21T16:20:00+00:00,56.36,56.76,56.35,56.612,248005
2026-05-21T16:25:00+00:00,56.625,56.899,56.44,56.87,353137
2026-05-21T16:30:00+00:00,56.88,57.04,56.83,57.01,340675
2026-05-21T16:35:00+00:00,57.0,57.01,56.62,56.685,232163
2026-05-21T16:40:00+00:00,56.69,57.25,56.67,57.16,403822
2026-05-21T16:45:00+00:00,57.15,57.35,56.94,56.99,386935
2026-05-21T16:50:00+00:00,56.99,57.074,56.81,56.87,233549
2026-05-21T16:55:00+00:00,56.865,56.95,56.64,56.75,261211
2026-05-21T17:00:00+00:00,56.79,56.99,56.766,56.84,169770
2026-05-21T17:05:00+00:00,56.86,56.9,56.6,56.695,267634
2026-05-21T17:10:00+00:00,56.67,57.28,56.67,57.14,422864
2026-05-21T17:15:00+00:00,57.12,57.47,57.07,57.29,339598
2026-05-21T17:20:00+00:00,57.305,57.522,57.04,57.375,292642
2026-05-21T17:25:00+00:00,57.39,57.55,57.3,57.3,265851
2026-05-21T17:30:00+00:00,57.3,57.47,57.25,57.41,331886
2026-05-21T17:35:00+00:00,57.41,57.46,57.22,57.42,172762
2026-05-21T17:40:00+00:00,57.43,57.56,57.39,57.45,348803
2026-05-21T17:45:00+00:00,57.439,57.49,57.3,57.47,188630
2026-05-21T17:50:00+00:00,57.45,57.74,57.42,57.65,231361
2026-05-21T17:55:00+00:00,57.66,57.69,57.16,57.17,224069
2026-05-21T18:00:00+00:00,57.172,57.39,56.88,56.942,287195
2026-05-21T18:05:00+00:00,56.93,57.45,56.915,57.385,407715
2026-05-21T18:10:00+00:00,57.38,57.385,57.15,57.37,484768
2026-05-21T18:15:00+00:00,57.35,57.5,57.195,57.469,351391
2026-05-21T18:20:00+00:00,57.46,57.51,57.3,57.45,251581
2026-05-21T18:25:00+00:00,57.44,57.44,56.92,56.99,209277
2026-05-21T18:30:00+00:00,56.985,57.2,56.96,57.19,166823
2026-05-21T18:35:00+00:00,57.18,57.18,56.73,56.893,237875
2026-05-21T18:40:00+00:00,56.9,56.97,56.81,56.86,153923
2026-05-21T18:45:00+00:00,56.86,56.875,56.48,56.63,266909
2026-05-21T18:50:00+00:00,56.635,56.819,56.435,56.5,237885
2026-05-21T18:55:00+00:00,56.5,56.815,56.46,56.743,207532
2026-05-21T19:00:00+00:00,56.76,56.965,56.725,56.785,422337
2026-05-21T19:05:00+00:00,56.74,57.29,56.71,57.21,216572
2026-05-21T19:10:00+00:00,57.215,57.69,57.215,57.675,347739
2026-05-21T19:15:00+00:00,57.675,57.8,57.48,57.6,408210
2026-05-21T19:20:00+00:00,57.585,57.67,57.302,57.46,255226
2026-05-21T19:25:00+00:00,57.46,57.78,57.27,57.48,296196
2026-05-21T19:30:00+00:00,57.46,57.92,57.445,57.735,317445
2026-05-21T19:35:00+00:00,57.75,57.99,57.71,57.765,317915
2026-05-21T19:40:00+00:00,57.75,57.85,57.64,57.761,371276
2026-05-21T19:45:00+00:00,57.76,57.92,57.66,57.82,413188
2026-05-21T19:50:00+00:00,57.83,57.95,57.75,57.81,376202
2026-05-21T19:55:00+00:00,57.81,58.1,57.59,58.06,1234911
2026-05-21T20:00:00+00:00,58.06,58.68,56.3,58.37,882752
2026-05-21T20:05:00+00:00,58.37,58.49,57.8,58.052,55359
2026-05-21T20:10:00+00:00,58.051,58.54,57.94,58.15,41676
2026-05-21T20:15:00+00:00,58.33,58.39,57.93,58.17,67310
2026-05-21T20:20:00+00:00,58.1,58.3,58.02,58.1,15145
2026-05-21T20:25:00+00:00,58.06,58.28,57.41,58.2,35465
2026-05-21T20:30:00+00:00,57.96,58.2,57.86,57.88,34416
2026-05-21T20:35:00+00:00,57.937,57.98,57.61,57.78,12357
2026-05-21T20:40:00+00:00,57.774,57.85,57.669,57.72,8923
2026-05-21T20:45:00+00:00,57.69,57.85,57.62,57.78,12044
2026-05-21T20:50:00+00:00,57.76,57.88,57.71,57.77,7308
2026-05-21T20:55:00+00:00,57.74,57.85,57.74,57.81,3908
2026-05-21T21:00:00+00:00,57.81,57.89,57.7,57.75,125353
2026-05-21T21:05:00+00:00,57.76,57.79,57.71,57.73,4700
2026-05-21T21:10:00+00:00,57.73,57.78,57.62,57.621,18047
2026-05-21T21:15:00+00:00,57.62,57.74,57.53,57.65,26977
2026-05-21T21:20:00+00:00,57.65,57.83,57.61,57.71,29810
2026-05-21T21:25:00+00:00,57.71,57.78,57.66,57.695,29703
2026-05-21T21:30:00+00:00,57.7,57.74,57.65,57.73,1974
2026-05-21T21:35:00+00:00,57.73,57.81,57.67,57.8,3715
2026-05-21T21:40:00+00:00,57.81,57.81,57.73,57.73,248809
2026-05-21T21:45:00+00:00,57.73,57.78,57.71,57.75,1082
2026-05-21T21:50:00+00:00,57.75,57.75,57.66,57.66,5510
2026-05-21T21:55:00+00:00,57.67,57.67,57.62,57.62,2178
2026-05-21T22:00:00+00:00,57.61,57.75,57.55,57.75,6342
2026-05-21T22:05:00+00:00,57.69,57.81,57.61,57.717,3648
2026-05-21T22:10:00+00:00,57.68,57.85,57.61,57.81,7943
2026-05-21T22:15:00+00:00,57.81,57.98,57.71,57.725,5353
2026-05-21T22:20:00+00:00,57.75,57.89,57.62,57.78,3030
2026-05-21T22:25:00+00:00,57.654,57.79,57.65,57.731,3558
2026-05-21T22:30:00+00:00,57.71,57.79,57.63,57.66,3373
2026-05-21T22:35:00+00:00,57.66,57.69,57.63,57.662,1402
2026-05-21T22:40:00+00:00,57.66,57.69,57.621,57.65,11310
2026-05-21T22:45:00+00:00,57.652,57.75,57.65,57.715,2379
2026-05-21T22:50:00+00:00,57.74,57.88,57.7,57.8,9391
2026-05-21T22:55:00+00:00,57.81,57.89,57.71,57.88,944
2026-05-21T23:00:00+00:00,57.84,57.84,57.71,57.8,1547
2026-05-21T23:05:00+00:00,57.8,57.8,57.71,57.76,793
2026-05-21T23:10:00+00:00,57.79,57.79,57.71,57.745,1274
2026-05-21T23:15:00+00:00,57.74,57.86,57.74,57.83,6231
2026-05-21T23:20:00+00:00,57.83,57.86,57.8,57.83,2082
2026-05-21T23:25:00+00:00,57.827,57.87,57.82,57.869,1856
2026-05-21T23:30:00+00:00,57.84,57.921,57.84,57.9,1352
2026-05-21T23:35:00+00:00,57.92,57.98,57.85,57.911,11135
2026-05-21T23:40:00+00:00,57.95,57.99,57.9,57.97,12751
2026-05-21T23:45:00+00:00,57.97,58.08,57.97,58.08,7616
2026-05-21T23:50:00+00:00,58.079,58.08,58.0,58.0,5404
2026-05-21T23:55:00+00:00,58.06,58.06,57.81,57.9,6987
2026-05-22T08:00:00+00:00,58.161,58.52,58.0,58.36,56270
2026-05-22T08:05:00+00:00,58.39,58.48,58.11,58.23,7949
2026-05-22T08:10:00+00:00,58.208,58.364,58.208,58.31,1377
2026-05-22T08:15:00+00:00,58.31,58.56,58.286,58.44,5712
2026-05-22T08:20:00+00:00,58.49,58.6,58.308,58.554,3053
2026-05-22T08:25:00+00:00,58.55,58.56,58.3,58.3,2656
2026-05-22T08:30:00+00:00,58.297,58.524,58.22,58.371,2568
2026-05-22T08:35:00+00:00,58.26,58.35,58.15,58.172,3509
2026-05-22T08:40:00+00:00,58.17,58.34,58.15,58.186,1334
2026-05-22T08:45:00+00:00,58.22,58.32,58.04,58.044,2500
2026-05-22T08:50:00+00:00,58.04,58.2,57.94,58.0,4216
2026-05-22T08:55:00+00:00,58.02,58.1,57.655,57.72,8694
2026-05-22T09:00:00+00:00,57.7,57.75,57.02,57.029,18121
2026-05-22T09:05:00+00:00,57.03,57.34,56.77,57.23,17170
2026-05-22T09:10:00+00:00,57.23,57.23,56.9,57.01,9118
2026-05-22T09:15:00+00:00,57.03,57.3,57.0,57.26,2974
2026-05-22T09:20:00+00:00,57.22,57.415,57.174,57.32,3892
2026-05-22T09:25:00+00:00,57.24,57.32,56.9,57.033,4160
2026-05-22T09:30:00+00:00,57.01,57.309,56.77,57.105,34838
2026-05-22T09:35:00+00:00,57.1,57.261,57.011,57.21,5169
2026-05-22T09:40:00+00:00,57.21,57.41,57.148,57.41,4925
2026-05-22T09:45:00+00:00,57.43,57.43,57.26,57.33,2688
2026-05-22T09:50:00+00:00,57.326,57.42,57.29,57.36,1393
2026-05-22T09:55:00+00:00,57.35,57.39,57.2,57.372,2885
2026-05-22T10:00:00+00:00,57.38,57.38,57.22,57.22,3126
2026-05-22T10:05:00+00:00,57.218,57.22,57.11,57.13,2471
2026-05-22T10:10:00+00:00,57.13,57.13,56.84,56.85,6133
2026-05-22T10:15:00+00:00,56.83,56.85,56.66,56.747,9620
2026-05-22T10:20:00+00:00,56.71,56.78,56.51,56.662,18869
2026-05-22T10:25:00+00:00,56.73,56.864,56.615,56.68,4756
2026-05-22T10:30:00+00:00,56.63,56.782,56.43,56.47,4660
2026-05-22T10:35:00+00:00,56.47,56.65,56.45,56.6,9795
2026-05-22T10:40:00+00:00,56.58,56.69,56.46,56.675,3881
2026-05-22T10:45:00+00:00,56.68,56.856,56.633,56.791,5888
2026-05-22T10:50:00+00:00,56.83,57.1,56.83,56.99,9401
2026-05-22T10:55:00+00:00,57.139,57.139,56.86,56.92,1593
2026-05-22T11:00:00+00:00,56.93,56.991,56.7,56.99,28086
2026-05-22T11:05:00+00:00,56.885,57.27,56.26,56.76,36460
2026-05-22T11:10:00+00:00,56.76,57.0,56.64,56.74,22012
2026-05-22T11:15:00+00:00,56.74,56.98,56.52,56.535,18794
2026-05-22T11:20:00+00:00,56.54,56.7,56.52,56.58,14025
2026-05-22T11:25:00+00:00,56.61,56.67,56.45,56.5,20084
2026-05-22T11:30:00+00:00,56.48,56.58,56.46,56.52,6608
2026-05-22T11:35:00+00:00,56.5,56.81,56.482,56.77,12152
2026-05-22T11:40:00+00:00,56.765,57.05,56.45,56.83,21049
2026-05-22T11:45:00+00:00,56.83,57.15,56.6,57.06,12070
2026-05-22T11:50:00+00:00,57.06,57.25,56.86,57.08,22860
2026-05-22T11:55:00+00:00,57.1,57.18,56.99,57.076,12008
2026-05-22T12:00:00+00:00,57.1,57.14,57.0,57.003,12357
2026-05-22T12:05:00+00:00,57.0,57.0,56.62,56.845,10499
2026-05-22T12:10:00+00:00,56.94,57.33,56.74,57.223,13948
2026-05-22T12:15:00+00:00,57.26,57.33,56.88,57.19,18262
2026-05-22T12:20:00+00:00,57.19,57.33,56.9,57.0,26682
2026-05-22T12:25:00+00:00,57.03,57.29,56.82,57.06,24427
2026-05-22T12:30:00+00:00,57.0,57.27,56.93,56.93,16655
2026-05-22T12:35:00+00:00,56.94,57.0,56.92,56.942,9389
2026-05-22T12:40:00+00:00,56.99,57.15,56.87,57.024,16687
2026-05-22T12:45:00+00:00,57.086,57.25,57.02,57.244,13307
2026-05-22T12:50:00+00:00,57.24,58.06,57.06,57.101,162087
2026-05-22T12:55:00+00:00,57.11,57.25,57.07,57.23,11635
2026-05-22T13:00:00+00:00,57.23,57.27,57.02,57.204,7161
2026-05-22T13:05:00+00:00,57.23,57.34,57.09,57.335,23997
2026-05-22T13:10:00+00:00,57.339,57.9,56.95,57.41,30802
2026-05-22T13:15:00+00:00,57.49,57.6,57.37,57.42,27600
2026-05-22T13:20:00+00:00,57.414,57.7,57.118,57.2,29454
2026-05-22T13:25:00+00:00,57.23,57.98,57.01,57.94,59878
2026-05-22T13:30:00+00:00,57.935,58.79,57.2,57.35,954641
2026-05-22T13:35:00+00:00,57.36,57.87,57.36,57.687,481486
2026-05-22T13:40:00+00:00,57.67,58.03,57.22,57.533,427062
2026-05-22T13:45:00+00:00,57.48,57.59,56.802,56.85,485844
2026-05-22T13:50:00+00:00,56.86,57.37,56.79,57.2,460160
2026-05-22T13:55:00+00:00,57.186,57.4,57.05,57.37,293147
2026-05-22T14:00:00+00:00,57.36,57.4,56.68,56.86,384041
2026-05-22T14:05:00+00:00,56.85,56.9,56.25,56.375,521253
2026-05-22T14:10:00+00:00,56.4,56.41,55.763,55.785,694009
2026-05-22T14:15:00+00:00,55.78,56.13,55.69,56.13,770469
2026-05-22T14:20:00+00:00,56.14,56.14,55.555,55.82,352971
2026-05-22T14:25:00+00:00,55.81,56.25,55.64,56.226,302313
2026-05-22T14:30:00+00:00,56.217,56.58,55.98,56.53,448134
2026-05-22T14:35:00+00:00,56.55,56.89,56.43,56.54,370475
2026-05-22T14:40:00+00:00,56.58,56.83,56.51,56.71,245590
2026-05-22T14:45:00+00:00,56.695,56.74,56.46,56.56,218576
2026-05-22T14:50:00+00:00,56.53,56.73,56.31,56.64,228516
2026-05-22T14:55:00+00:00,56.6,57.07,56.52,57.06,258812
2026-05-22T15:00:00+00:00,57.05,57.25,56.96,57.03,355133
2026-05-22T15:05:00+00:00,57.0,57.058,56.66,56.84,177162
2026-05-22T15:10:00+00:00,56.86,56.98,56.7,56.71,182983
2026-05-22T15:15:00+00:00,56.72,57.08,56.71,57.06,164767
2026-05-22T15:20:00+00:00,57.05,57.17,56.75,56.805,204850
2026-05-22T15:25:00+00:00,56.835,57.21,56.78,57.14,226961
2026-05-22T15:30:00+00:00,57.14,57.395,57.06,57.35,326575
2026-05-22T15:35:00+00:00,57.35,57.37,57.18,57.25,137406
2026-05-22T15:40:00+00:00,57.22,57.58,57.21,57.495,367233
2026-05-22T15:45:00+00:00,57.5,57.68,57.47,57.55,215790
2026-05-22T15:50:00+00:00,57.55,57.79,57.55,57.56,202289
2026-05-22T15:55:00+00:00,57.55,57.66,57.5,57.61,172328
2026-05-22T16:00:00+00:00,57.64,57.99,57.562,57.7,285792
2026-05-22T16:05:00+00:00,57.69,57.747,57.5,57.58,193913
2026-05-22T16:10:00+00:00,57.585,57.61,57.4,57.46,160936
2026-05-22T16:15:00+00:00,57.45,57.48,56.88,56.96,306139
2026-05-22T16:20:00+00:00,56.955,57.085,56.78,56.845,235783
2026-05-22T16:25:00+00:00,56.83,57.15,56.81,56.95,245428
2026-05-22T16:30:00+00:00,56.95,57.155,56.93,57.0,164192
2026-05-22T16:35:00+00:00,57.02,57.195,56.98,57.14,164463
2026-05-22T16:40:00+00:00,57.1,57.1,56.96,57.098,77032
2026-05-22T16:45:00+00:00,57.08,57.27,57.06,57.145,129135
2026-05-22T16:50:00+00:00,57.145,57.67,57.145,57.62,216716
2026-05-22T16:55:00+00:00,57.64,57.7,57.49,57.64,143649
2026-05-22T17:00:00+00:00,57.66,57.86,57.646,57.71,237506
2026-05-22T17:05:00+00:00,57.72,57.86,57.58,57.841,161830
2026-05-22T17:10:00+00:00,57.856,57.99,57.78,57.91,179820
2026-05-22T17:15:00+00:00,57.95,58.23,57.9,57.99,280263
2026-05-22T17:20:00+00:00,57.991,58.22,57.93,58.18,350882
2026-05-22T17:25:00+00:00,58.2,58.475,58.16,58.355,262825
2026-05-22T17:30:00+00:00,58.38,58.46,58.06,58.07,184959
2026-05-22T17:35:00+00:00,58.06,58.19,58.01,58.075,174076
2026-05-22T17:40:00+00:00,58.07,58.26,57.94,58.15,232093
2026-05-22T17:45:00+00:00,58.14,58.15,57.97,58.095,205524
2026-05-22T17:50:00+00:00,58.11,58.12,57.71,57.83,238474
2026-05-22T17:55:00+00:00,57.84,57.84,57.52,57.57,189789
2026-05-22T18:00:00+00:00,57.57,57.83,57.36,57.706,355249
2026-05-22T18:05:00+00:00,57.66,57.8,57.6,57.78,144698
2026-05-22T18:10:00+00:00,57.76,57.841,57.57,57.65,129740
2026-05-22T18:15:00+00:00,57.61,57.68,57.51,57.58,89507
2026-05-22T18:20:00+00:00,57.575,57.575,57.28,57.365,202012
2026-05-22T18:25:00+00:00,57.351,57.46,57.299,57.38,132629
2026-05-22T18:30:00+00:00,57.385,57.39,57.08,57.266,237831
2026-05-22T18:35:00+00:00,57.26,57.35,57.01,57.23,270428
2026-05-22T18:40:00+00:00,57.235,57.36,57.17,57.21,182627
2026-05-22T18:45:00+00:00,57.2,57.24,57.03,57.13,224970
2026-05-22T18:50:00+00:00,57.14,57.43,57.13,57.38,146214
2026-05-22T18:55:00+00:00,57.37,57.621,57.152,57.29,270387
2026-05-22T19:00:00+00:00,57.29,57.52,57.21,57.23,173168
2026-05-22T19:05:00+00:00,57.24,57.37,56.96,57.05,180119
2026-05-22T19:10:00+00:00,57.035,57.17,56.94,56.98,153255
2026-05-22T19:15:00+00:00,56.975,57.0,56.56,56.655,246287
2026-05-22T19:20:00+00:00,56.653,56.82,56.39,56.47,315166
2026-05-22T19:25:00+00:00,56.45,56.45,56.101,56.23,345258
2026-05-22T19:30:00+00:00,56.26,56.45,56.04,56.44,237311
2026-05-22T19:35:00+00:00,56.48,56.75,56.32,56.607,248820
2026-05-22T19:40:00+00:00,56.615,56.64,56.41,56.54,136811
2026-05-22T19:45:00+00:00,56.52,56.52,56.11,56.26,218217
2026-05-22T19:50:00+00:00,56.26,56.57,56.22,56.4,384368
2026-05-22T19:55:00+00:00,56.41,56.865,56.41,56.83,979726
2026-05-22T20:00:00+00:00,56.83,57.42,56.75,56.998,907698
2026-05-22T20:05:00+00:00,57.0,57.07,56.8,56.82,36665
2026-05-22T20:10:00+00:00,56.83,56.93,56.82,56.87,7328
2026-05-22T20:15:00+00:00,56.88,56.93,56.82,56.92,4249
2026-05-22T20:20:00+00:00,56.92,56.92,56.36,56.77,26276
2026-05-22T20:25:00+00:00,56.49,56.82,56.3,56.67,32775
2026-05-22T20:30:00+00:00,56.74,56.82,56.37,56.78,23233
2026-05-22T20:35:00+00:00,56.78,56.88,56.6,56.74,15799
2026-05-22T20:40:00+00:00,56.82,56.86,56.68,56.83,27990
2026-05-22T20:45:00+00:00,56.85,57.13,56.78,56.859,23705
2026-05-22T20:50:00+00:00,56.86,56.9,56.74,56.8,8293
2026-05-22T20:55:00+00:00,56.8,56.85,56.55,56.566,16651
2026-05-22T21:00:00+00:00,56.56,56.69,56.55,56.6,3084
2026-05-22T21:05:00+00:00,56.58,56.71,56.5,56.55,12882
2026-05-22T21:10:00+00:00,56.55,56.55,56.4,56.4,17703
2026-05-22T21:15:00+00:00,56.45,56.53,56.4,56.53,21514
2026-05-22T21:20:00+00:00,56.43,56.61,56.43,56.6,3501
2026-05-22T21:25:00+00:00,56.555,56.62,56.555,56.62,6015
2026-05-22T21:30:00+00:00,56.589,56.64,56.54,56.54,6070
2026-05-22T21:35:00+00:00,56.537,56.64,56.32,56.57,529767
2026-05-22T21:40:00+00:00,56.63,56.63,56.42,56.626,10576
2026-05-22T21:45:00+00:00,56.62,56.63,56.51,56.6,8975
2026-05-22T21:50:00+00:00,56.6,56.62,56.52,56.577,8978
2026-05-22T21:55:00+00:00,56.58,56.65,56.5,56.5,7141
2026-05-22T22:00:00+00:00,56.54,56.62,56.5,56.51,1442
2026-05-22T22:05:00+00:00,56.535,56.6,56.51,56.6,2035
2026-05-22T22:10:00+00:00,56.59,56.6,56.55,56.58,2903
2026-05-22T22:15:00+00:00,56.57,56.57,56.42,56.42,2904
2026-05-22T22:20:00+00:00,56.42,56.5,56.351,56.49,1910
2026-05-22T22:25:00+00:00,56.489,56.5,56.4,56.487,1723
2026-05-22T22:30:00+00:00,56.406,56.5,56.406,56.488,2367
2026-05-22T22:35:00+00:00,56.5,56.5,56.405,56.406,1902
2026-05-22T22:40:00+00:00,56.41,56.44,56.38,56.42,2265
2026-05-22T22:45:00+00:00,56.42,56.42,56.32,56.398,4383
2026-05-22T22:50:00+00:00,56.39,56.4,56.32,56.32,2140
2026-05-22T22:55:00+00:00,56.35,56.38,56.21,56.25,21278
2026-05-22T23:00:00+00:00,56.256,56.35,56.23,56.26,3518
2026-05-22T23:05:00+00:00,56.292,56.35,56.25,56.35,4521
2026-05-22T23:10:00+00:00,56.33,56.4,56.3,56.35,7194
2026-05-22T23:15:00+00:00,56.39,56.4,56.3,56.35,2998
2026-05-22T23:20:00+00:00,56.38,56.4,56.25,56.31,7709
2026-05-22T23:25:00+00:00,56.3,56.3,56.22,56.23,2426
2026-05-22T23:30:00+00:00,56.25,56.3,56.17,56.17,7967
2026-05-22T23:35:00+00:00,56.17,56.3,56.16,56.16,3444
2026-05-22T23:40:00+00:00,56.213,56.3,56.16,56.2,12894
2026-05-22T23:45:00+00:00,56.2,56.25,56.174,56.2,3607
2026-05-22T23:50:00+00:00,56.17,56.99,56.11,56.23,26368
2026-05-22T23:55:00+00:00,56.23,56.5,56.148,56.232,8013
2026-05-26T08:00:00+00:00,57.96,58.5,56.6,58.398,59540
2026-05-26T08:05:00+00:00,58.33,58.62,58.09,58.53,10813
2026-05-26T08:10:00+00:00,58.51,58.67,58.51,58.6,5504
2026-05-26T08:15:00+00:00,58.594,58.66,58.5,58.6,3715
2026-05-26T08:20:00+00:00,58.63,58.668,58.55,58.64,4375
2026-05-26T08:25:00+00:00,58.635,58.64,58.56,58.59,3164
2026-05-26T08:30:00+00:00,58.586,58.61,58.51,58.605,4418
2026-05-26T08:35:00+00:00,58.58,58.6,58.514,58.595,3337
2026-05-26T08:40:00+00:00,58.595,58.6,58.51,58.56,2333
2026-05-26T08:45:00+00:00,58.56,58.6,58.514,58.514,2770
2026-05-26T08:50:00+00:00,58.51,58.593,58.51,58.59,2757
2026-05-26T08:55:00+00:00,58.553,58.598,58.55,58.58,1000
2026-05-26T09:00:00+00:00,58.59,58.658,58.55,58.65,1274
2026-05-26T09:05:00+00:00,58.64,58.66,58.58,58.61,1467
2026-05-26T09:10:00+00:00,58.61,58.63,58.56,58.61,3815
2026-05-26T09:15:00+00:00,58.59,58.6,58.55,58.59,973
2026-05-26T09:20:00+00:00,58.59,58.65,58.55,58.578,2107
2026-05-26T09:25:00+00:00,58.577,58.64,58.55,58.635,672
2026-05-26T09:30:00+00:00,58.64,58.68,58.57,58.679,2952
2026-05-26T09:35:00+00:00,58.67,58.797,58.66,58.74,4317
2026-05-26T09:40:00+00:00,58.74,58.749,58.68,58.74,2307
2026-05-26T09:45:00+00:00,58.738,58.74,58.68,58.73,2207
2026-05-26T09:50:00+00:00,58.73,58.747,58.681,58.69,1397
2026-05-26T09:55:00+00:00,58.72,58.81,58.72,58.798,8193
2026-05-26T10:00:00+00:00,58.798,58.82,58.75,58.76,2712
2026-05-26T10:05:00+00:00,58.784,58.8,58.75,58.75,2640
2026-05-26T10:10:00+00:00,58.752,58.878,58.75,58.878,2726
2026-05-26T10:15:00+00:00,58.87,58.92,58.824,58.92,5893
2026-05-26T10:20:00+00:00,58.92,59.2,58.92,59.14,10306
2026-05-26T10:25:00+00:00,59.11,59.32,59.055,59.26,8832
2026-05-26T10:30:00+00:00,59.262,59.28,59.15,59.2,15045
2026-05-26T10:35:00+00:00,59.25,59.264,59.13,59.13,2561
2026-05-26T10:40:00+00:00,59.137,59.21,59.054,59.17,3485
2026-05-26T10:45:00+00:00,59.19,59.191,59.05,59.09,2741
2026-05-26T10:50:00+00:00,59.09,59.18,59.07,59.08,6063
2026-05-26T10:55:00+00:00,59.07,59.1,59.0,59.01,8226
2026-05-26T11:00:00+00:00,59.0,59.21,58.92,59.18,53259
2026-05-26T11:05:00+00:00,59.15,59.23,59.06,59.119,25273
2026-05-26T11:10:00+00:00,59.119,59.18,58.75,59.035,25381
2026-05-26T11:15:00+00:00,59.03,59.12,59.0,59.115,18481
2026-05-26T11:20:00+00:00,59.09,59.18,59.054,59.157,14858
2026-05-26T11:25:00+00:00,59.15,59.34,59.08,59.18,13263
2026-05-26T11:30:00+00:00,59.18,59.2,58.91,59.15,56842
2026-05-26T11:35:00+00:00,59.05,59.19,58.95,59.14,34931
2026-05-26T11:40:00+00:00,59.14,59.16,59.06,59.091,27875
2026-05-26T11:45:00+00:00,59.11,59.21,59.0,59.09,35606
2026-05-26T11:50:00+00:00,59.11,59.15,59.0,59.09,30068
2026-05-26T11:55:00+00:00,59.11,59.16,59.0,59.03,40663
2026-05-26T12:00:00+00:00,59.0,59.37,59.0,59.369,20540
2026-05-26T12:05:00+00:00,59.36,59.45,59.2,59.346,17573
2026-05-26T12:10:00+00:00,59.32,59.39,59.2,59.38,17946
2026-05-26T12:15:00+00:00,59.38,59.39,59.2,59.38,10250
2026-05-26T12:20:00+00:00,59.38,59.44,59.35,59.44,13682
2026-05-26T12:25:00+00:00,59.427,59.47,59.25,59.307,126345
2026-05-26T12:30:00+00:00,59.31,59.44,59.3,59.36,7142
2026-05-26T12:35:00+00:00,59.39,59.55,59.36,59.53,42740
2026-05-26T12:40:00+00:00,59.53,59.59,59.5,59.539,12642
2026-05-26T12:45:00+00:00,59.54,59.6,59.49,59.49,28100
2026-05-26T12:50:00+00:00,59.5,59.57,59.46,59.53,8927
2026-05-26T12:55:00+00:00,59.529,59.54,59.4,59.43,11136
2026-05-26T13:00:00+00:00,59.407,59.47,59.29,59.461,43992
2026-05-26T13:05:00+00:00,59.461,59.48,59.34,59.36,32703
2026-05-26T13:10:00+00:00,59.379,59.41,59.23,59.41,8572
2026-05-26T13:15:00+00:00,59.4,59.6,59.36,59.532,43933
2026-05-26T13:20:00+00:00,59.56,59.77,59.44,59.62,120531
2026-05-26T13:25:00+00:00,59.61,59.75,59.53,59.65,43274
2026-05-26T13:30:00+00:00,59.68,61.47,59.63,60.54,1681331
2026-05-26T13:35:00+00:00,60.57,60.92,60.21,60.34,699857
2026-05-26T13:40:00+00:00,60.4,60.54,58.75,58.78,1074835
2026-05-26T13:45:00+00:00,58.82,59.22,58.61,59.05,746338
2026-05-26T13:50:00+00:00,59.06,59.71,59.0,59.47,786635
2026-05-26T13:55:00+00:00,59.51,60.09,59.05,59.39,530596
2026-05-26T14:00:00+00:00,59.48,59.7,59.276,59.58,406823
2026-05-26T14:05:00+00:00,59.55,59.955,59.12,59.955,482278
2026-05-26T14:10:00+00:00,59.96,60.29,59.75,59.818,521050
2026-05-26T14:15:00+00:00,59.825,59.92,59.52,59.6,394768
2026-05-26T14:20:00+00:00,59.6,60.15,59.5,60.001,417987
2026-05-26T14:25:00+00:00,60.005,60.27,59.685,59.97,425076
2026-05-26T14:30:00+00:00,59.952,60.12,59.636,59.75,334662
2026-05-26T14:35:00+00:00,59.78,60.047,59.726,59.82,233652
2026-05-26T14:40:00+00:00,59.81,59.95,59.32,59.499,432220
2026-05-26T14:45:00+00:00,59.485,59.65,59.31,59.47,199391
2026-05-26T14:50:00+00:00,59.47,60.53,59.45,60.45,682666
2026-05-26T14:55:00+00:00,60.42,60.74,59.9,59.915,506873
2026-05-26T15:00:00+00:00,59.91,60.45,59.87,60.05,358718
2026-05-26T15:05:00+00:00,60.09,60.48,60.041,60.455,236986
2026-05-26T15:10:00+00:00,60.43,60.89,60.23,60.87,367697
2026-05-26T15:15:00+00:00,60.855,61.22,60.72,61.13,554922
2026-05-26T15:20:00+00:00,61.12,61.22,60.58,60.76,386082
2026-05-26T15:25:00+00:00,60.74,60.97,60.27,60.28,319324
2026-05-26T15:30:00+00:00,60.275,60.441,60.09,60.16,389883
2026-05-26T15:35:00+00:00,60.14,60.46,60.07,60.425,259662
2026-05-26T15:40:00+00:00,60.44,60.51,60.3,60.37,213238
2026-05-26T15:45:00+00:00,60.385,60.586,60.29,60.36,205933
2026-05-26T15:50:00+00:00,60.31,60.44,59.772,59.83,286310
2026-05-26T15:55:00+00:00,59.84,59.91,59.6,59.826,307208
2026-05-26T16:00:00+00:00,59.82,60.23,59.82,60.01,213549
2026-05-26T16:05:00+00:00,60.02,60.03,59.69,59.79,266936
2026-05-26T16:10:00+00:00,59.805,59.91,59.345,59.39,294113
2026-05-26T16:15:00+00:00,59.36,59.66,59.16,59.54,258791
2026-05-26T16:20:00+00:00,59.534,59.57,59.32,59.55,156134
2026-05-26T16:25:00+00:00,59.56,59.94,59.54,59.795,205277
2026-05-26T16:30:00+00:00,59.782,60.05,59.78,59.98,172778
2026-05-26T16:35:00+00:00,59.995,60.03,59.6,59.62,389776
2026-05-26T16:40:00+00:00,59.6,59.61,59.43,59.49,228155
2026-05-26T16:45:00+00:00,59.49,59.71,59.37,59.4,178423
2026-05-26T16:50:00+00:00,59.41,59.57,59.3,59.51,156342
2026-05-26T16:55:00+00:00,59.5,59.71,59.46,59.595,177756
2026-05-26T17:00:00+00:00,59.6,59.98,59.53,59.95,156405
2026-05-26T17:05:00+00:00,59.955,60.06,59.86,59.99,198995
2026-05-26T17:10:00+00:00,59.99,59.99,59.68,59.89,160304
2026-05-26T17:15:00+00:00,59.89,59.95,59.62,59.67,112235
2026-05-26T17:20:00+00:00,59.64,59.68,59.38,59.46,177968
2026-05-26T17:25:00+00:00,59.47,59.67,59.32,59.445,175419
2026-05-26T17:30:00+00:00,59.44,59.63,59.33,59.53,189969
2026-05-26T17:35:00+00:00,59.545,59.74,59.465,59.61,222879
2026-05-26T17:40:00+00:00,59.612,59.81,59.58,59.689,109017
2026-05-26T17:45:00+00:00,59.69,59.76,59.49,59.74,104430
2026-05-26T17:50:00+00:00,59.73,59.9,59.66,59.79,99390
2026-05-26T17:55:00+00:00,59.78,59.92,59.6,59.64,144848
2026-05-26T18:00:00+00:00,59.626,59.93,59.48,59.88,229079
2026-05-26T18:05:00+00:00,59.88,60.06,59.66,60.05,195454
2026-05-26T18:10:00+00:00,60.08,60.3,60.0,60.15,263351
2026-05-26T18:15:00+00:00,60.16,60.42,60.091,60.152,239674
2026-05-26T18:20:00+00:00,60.15,60.27,59.9,59.93,259403
2026-05-26T18:25:00+00:00,59.94,60.09,59.805,59.875,393110
2026-05-26T18:30:00+00:00,59.86,59.88,59.66,59.81,224417
2026-05-26T18:35:00+00:00,59.82,60.0,59.58,59.615,191432
2026-05-26T18:40:00+00:00,59.6,59.63,59.19,59.22,369323
2026-05-26T18:45:00+00:00,59.23,59.53,59.225,59.4,231160
2026-05-26T18:50:00+00:00,59.41,59.49,59.06,59.075,243462
2026-05-26T18:55:00+00:00,59.075,59.15,58.72,58.78,462648
2026-05-26T19:00:00+00:00,58.77,59.31,58.74,59.31,242403
2026-05-26T19:05:00+00:00,59.31,59.38,59.09,59.34,181173
2026-05-26T19:10:00+00:00,59.35,59.47,59.07,59.17,183533
2026-05-26T19:15:00+00:00,59.19,59.49,59.125,59.35,151178
2026-05-26T19:20:00+00:00,59.375,59.517,59.26,59.42,194082
2026-05-26T19:25:00+00:00,59.45,59.62,59.44,59.55,189104
2026-05-26T19:30:00+00:00,59.56,60.14,59.53,60.08,336950
2026-05-26T19:35:00+00:00,60.08,60.33,60.06,60.265,407040
2026-05-26T19:40:00+00:00,60.28,60.35,60.11,60.113,240181
2026-05-26T19:45:00+00:00,60.11,60.11,59.71,59.85,342307
2026-05-26T19:50:00+00:00,59.87,60.18,59.75,59.79,359171
2026-05-26T19:55:00+00:00,59.79,59.825,59.65,59.78,601911
2026-05-26T20:00:00+00:00,59.78,59.85,59.371,59.379,405878
2026-05-26T20:05:00+00:00,59.38,59.53,59.25,59.5,63674
2026-05-26T20:10:00+00:00,59.78,59.78,59.35,59.4,5180
2026-05-26T20:15:00+00:00,59.351,59.45,59.35,59.38,9515
2026-05-26T20:20:00+00:00,59.39,59.5,59.38,59.5,11157
2026-05-26T20:25:00+00:00,59.445,59.5,59.43,59.46,2405
2026-05-26T20:30:00+00:00,59.44,59.48,59.2,59.22,13676
2026-05-26T20:35:00+00:00,59.2,59.36,59.17,59.31,3071
2026-05-26T20:40:00+00:00,59.36,59.46,59.3,59.365,4180
2026-05-26T20:45:00+00:00,59.34,59.45,59.28,59.3,7103
2026-05-26T20:50:00+00:00,59.28,59.37,59.25,59.25,3523
2026-05-26T20:55:00+00:00,59.354,59.37,59.25,59.264,5415
2026-05-26T21:00:00+00:00,59.34,59.34,59.15,59.204,7959
2026-05-26T21:05:00+00:00,59.2,59.326,59.16,59.2,2121
2026-05-26T21:10:00+00:00,59.23,60.2,59.22,59.85,42590
2026-05-26T21:15:00+00:00,59.85,60.27,59.7,60.06,49234
2026-05-26T21:20:00+00:00,60.054,60.25,59.8,59.99,22439
2026-05-26T21:25:00+00:00,59.955,60.0,59.8,59.95,9559
2026-05-26T21:30:00+00:00,59.91,59.95,59.75,59.78,19524
2026-05-26T21:35:00+00:00,59.78,59.95,59.73,59.95,253510
2026-05-26T21:40:00+00:00,59.906,59.99,59.81,59.949,436492
2026-05-26T21:45:00+00:00,59.907,60.2,59.907,60.2,33537
2026-05-26T21:50:00+00:00,60.18,60.416,60.1,60.416,29855
2026-05-26T21:55:00+00:00,60.402,60.455,60.2,60.26,28517
2026-05-26T22:00:00+00:00,60.25,60.49,60.21,60.45,18910
2026-05-26T22:05:00+00:00,60.45,60.45,60.22,60.23,10157
2026-05-26T22:10:00+00:00,60.24,60.26,60.21,60.21,17079
2026-05-26T22:15:00+00:00,60.249,60.37,60.22,60.34,11834
2026-05-26T22:20:00+00:00,60.35,60.37,60.2,60.29,9744
2026-05-26T22:25:00+00:00,60.28,60.3,60.01,60.18,9835
2026-05-26T22:30:00+00:00,60.17,60.3,60.05,60.18,17236
2026-05-26T22:35:00+00:00,60.17,60.3,60.13,60.249,5657
2026-05-26T22:40:00+00:00,60.175,60.2,60.1,60.198,3733
2026-05-26T22:45:00+00:00,60.2,60.2,60.01,60.05,5576
2026-05-26T22:50:00+00:00,60.07,60.22,60.05,60.16,7172
2026-05-26T22:55:00+00:00,60.16,60.16,60.02,60.05,10991
2026-05-26T23:00:00+00:00,60.079,60.2,60.01,60.13,12218
2026-05-26T23:05:00+00:00,60.15,60.18,60.08,60.11,5186
2026-05-26T23:10:00+00:00,60.11,60.12,60.08,60.1,7880
2026-05-26T23:15:00+00:00,60.08,60.12,60.08,60.08,21610
2026-05-26T23:20:00+00:00,60.12,60.19,60.09,60.14,7003
2026-05-26T23:25:00+00:00,60.19,60.19,60.1,60.16,3381
2026-05-26T23:30:00+00:00,60.15,60.21,60.13,60.21,4181
2026-05-26T23:35:00+00:00,60.2,60.35,60.2,60.3,6219
2026-05-26T23:40:00+00:00,60.29,60.35,60.28,60.35,3857
2026-05-26T23:45:00+00:00,60.35,60.42,60.3,60.409,10239
2026-05-26T23:50:00+00:00,60.41,60.49,60.38,60.43,13512
2026-05-26T23:55:00+00:00,60.45,60.5,60.41,60.499,11103
2026-05-27T08:00:00+00:00,58.92,60.98,58.92,60.944,126790
2026-05-27T08:05:00+00:00,60.947,61.45,59.9,61.4,17402
2026-05-27T08:10:00+00:00,61.354,61.997,61.35,61.89,38749
2026-05-27T08:15:00+00:00,61.86,61.9,61.667,61.79,18385
2026-05-27T08:20:00+00:00,61.81,62.0,61.66,61.95,18198
2026-05-27T08:25:00+00:00,61.94,62.293,61.865,62.18,31742
2026-05-27T08:30:00+00:00,62.15,62.46,62.01,62.413,21946
2026-05-27T08:35:00+00:00,62.45,62.479,62.3,62.305,13870
2026-05-27T08:40:00+00:00,62.387,62.41,62.0,62.0,17828
2026-05-27T08:45:00+00:00,62.09,62.177,61.89,61.96,7104
2026-05-27T08:50:00+00:00,62.013,62.146,61.885,62.09,6217
2026-05-27T08:55:00+00:00,62.1,62.1,61.86,61.9,10459
2026-05-27T09:00:00+00:00,61.91,61.97,61.62,61.91,6709
2026-05-27T09:05:00+00:00,61.97,61.97,61.75,61.85,1826
2026-05-27T09:10:00+00:00,61.82,62.04,61.8,62.04,7373
2026-05-27T09:15:00+00:00,62.03,62.047,61.78,61.912,4040
2026-05-27T09:20:00+00:00,61.91,61.913,61.71,61.847,1879
2026-05-27T09:25:00+00:00,61.74,61.85,61.73,61.764,4631
2026-05-27T09:30:00+00:00,61.83,61.95,61.764,61.93,4443
2026-05-27T09:35:00+00:00,61.92,61.99,61.86,61.98,2030
2026-05-27T09:40:00+00:00,61.98,62.05,61.91,62.04,5603
2026-05-27T09:45:00+00:00,62.04,62.13,62.0,62.13,4174
2026-05-27T09:50:00+00:00,62.13,62.31,62.12,62.28,15116
2026-05-27T09:55:00+00:00,62.28,62.28,62.09,62.094,2387
2026-05-27T10:00:00+00:00,62.103,62.18,62.07,62.14,4772
2026-05-27T10:05:00+00:00,62.14,62.17,61.95,62.033,7162
2026-05-27T10:10:00+00:00,62.05,62.17,62.034,62.126,6601
2026-05-27T10:15:00+00:00,62.14,62.18,62.057,62.15,3526
2026-05-27T10:20:00+00:00,62.147,62.28,62.103,62.222,4433
2026-05-27T10:25:00+00:00,62.25,62.43,62.22,62.336,12842
2026-05-27T10:30:00+00:00,62.33,62.336,62.15,62.15,5478
2026-05-27T10:35:00+00:00,62.15,62.19,62.085,62.127,9789
2026-05-27T10:40:00+00:00,62.064,62.18,62.04,62.1,6789
2026-05-27T10:45:00+00:00,62.097,62.15,62.0,62.047,6360
2026-05-27T10:50:00+00:00,62.05,62.086,62.0,62.003,3988
2026-05-27T10:55:00+00:00,62.02,62.1,61.93,61.93,5547
2026-05-27T11:00:00+00:00,61.91,62.27,61.9,62.19,59215
2026-05-27T11:05:00+00:00,62.18,62.35,61.96,62.328,35297
2026-05-27T11:10:00+00:00,62.33,62.33,62.094,62.12,16916
2026-05-27T11:15:00+00:00,62.12,62.33,61.97,62.26,14987
2026-05-27T11:20:00+00:00,62.28,62.5,62.28,62.494,35426
2026-05-27T11:25:00+00:00,62.5,62.63,62.37,62.55,40935
2026-05-27T11:30:00+00:00,62.58,62.79,62.36,62.44,49518
2026-05-27T11:35:00+00:00,62.44,62.94,62.44,62.665,45873
2026-05-27T11:40:00+00:00,62.67,63.23,62.51,62.84,48673
2026-05-27T11:45:00+00:00,62.9,62.99,62.834,62.88,45284
2026-05-27T11:50:00+00:00,62.88,62.99,62.83,62.97,22133
2026-05-27T11:55:00+00:00,62.97,62.98,62.7,62.76,25072
2026-05-27T12:00:00+00:00,62.747,62.759,62.29,62.53,52777
2026-05-27T12:05:00+00:00,62.53,62.72,62.205,62.29,29500
2026-05-27T12:10:00+00:00,62.29,62.469,62.22,62.243,38457
2026-05-27T12:15:00+00:00,62.29,62.29,62.0,62.15,214730
2026-05-27T12:20:00+00:00,62.1,62.71,62.0,62.4,59262
2026-05-27T12:25:00+00:00,62.405,62.58,62.4,62.485,26152
2026-05-27T12:30:00+00:00,62.51,62.58,62.305,62.399,11812
2026-05-27T12:35:00+00:00,62.398,62.6,62.36,62.47,15736
2026-05-27T12:40:00+00:00,62.45,62.71,62.18,62.28,135264
2026-05-27T12:45:00+00:00,62.49,62.5,62.15,62.154,20754
2026-05-27T12:50:00+00:00,62.21,62.36,62.12,62.22,19692
2026-05-27T12:55:00+00:00,62.217,62.27,62.1,62.1,13543
2026-05-27T13:00:00+00:00,62.103,62.24,61.98,62.2,189232
2026-05-27T13:05:00+00:00,62.2,62.22,62.01,62.04,14106
2026-05-27T13:10:00+00:00,62.04,62.09,61.8,62.0,31022
2026-05-27T13:15:00+00:00,61.999,62.2,61.95,62.17,22213
2026-05-27T13:20:00+00:00,62.19,62.2,61.9,61.9,76958
2026-05-27T13:25:00+00:00,61.95,62.17,61.83,61.904,24092
2026-05-27T13:30:00+00:00,61.83,61.83,60.57,61.25,1072580
2026-05-27T13:35:00+00:00,61.19,61.85,60.39,60.58,968547
2026-05-27T13:40:00+00:00,60.58,61.64,60.41,61.0,893811
2026-05-27T13:45:00+00:00,60.98,61.36,60.76,60.98,645686
2026-05-27T13:50:00+00:00,60.965,63.1,60.85,62.5,1481040
2026-05-27T13:55:00+00:00,62.46,63.35,61.76,63.11,1359033
2026-05-27T14:00:00+00:00,63.13,64.67,63.115,64.63,1531335
2026-05-27T14:05:00+00:00,64.64,64.91,62.94,63.475,1605244
2026-05-27T14:10:00+00:00,63.475,63.65,62.32,62.45,894116
2026-05-27T14:15:00+00:00,62.448,62.99,62.37,62.51,1033136
2026-05-27T14:20:00+00:00,62.51,62.7,61.17,61.397,1124658
2026-05-27T14:25:00+00:00,61.38,61.39,59.83,60.62,1281604
2026-05-27T14:30:00+00:00,60.605,61.1,60.44,61.1,823152
2026-05-27T14:35:00+00:00,61.1,61.35,60.6,61.071,656624
2026-05-27T14:40:00+00:00,61.08,61.15,60.45,60.71,474539
2026-05-27T14:45:00+00:00,60.71,61.25,60.5,60.724,309997
2026-05-27T14:50:00+00:00,60.685,61.4,60.685,61.38,290859
2026-05-27T14:55:00+00:00,61.41,61.55,60.8,60.875,324695
2026-05-27T15:00:00+00:00,60.85,61.35,60.74,61.225,363652
2026-05-27T15:05:00+00:00,61.24,61.76,61.2,61.616,397918
2026-05-27T15:10:00+00:00,61.6,62.42,61.57,62.305,470899
2026-05-27T15:15:00+00:00,62.305,62.305,61.94,62.055,399874
2026-05-27T15:20:00+00:00,62.055,62.34,61.6,61.935,326189
2026-05-27T15:25:00+00:00,61.88,62.518,61.815,62.419,299212
2026-05-27T15:30:00+00:00,62.435,62.9,62.4,62.875,517424
2026-05-27T15:35:00+00:00,62.89,62.92,62.53,62.58,334201
2026-05-27T15:40:00+00:00,62.58,62.73,62.3,62.6,315190
2026-05-27T15:45:00+00:00,62.6,62.87,62.33,62.62,599627
2026-05-27T15:50:00+00:00,62.62,63.43,62.62,63.31,921192
2026-05-27T15:55:00+00:00,63.296,63.985,63.04,63.96,584283
2026-05-27T16:00:00+00:00,63.98,64.48,63.73,64.391,812501
2026-05-27T16:05:00+00:00,64.41,64.55,63.96,64.085,632567
2026-05-27T16:10:00+00:00,64.1,64.46,63.97,64.07,453638
2026-05-27T16:15:00+00:00,64.08,64.38,64.05,64.319,435569
2026-05-27T16:20:00+00:00,64.29,64.98,64.14,64.975,641344
2026-05-27T16:25:00+00:00,64.97,65.08,64.572,64.67,847639
2026-05-27T16:30:00+00:00,64.68,64.883,64.29,64.825,472288
2026-05-27T16:35:00+00:00,64.825,65.08,64.57,64.585,600952
2026-05-27T16:40:00+00:00,64.6,65.5,64.6,65.39,728101
2026-05-27T16:45:00+00:00,65.4,65.826,65.02,65.4,718710
2026-05-27T16:50:00+00:00,65.381,65.92,65.341,65.88,514284
2026-05-27T16:55:00+00:00,65.9,66.29,65.61,66.02,844036
2026-05-27T17:00:00+00:00,66.04,66.36,65.3,65.399,803878
2026-05-27T17:05:00+00:00,65.39,65.655,64.67,64.74,787833
2026-05-27T17:10:00+00:00,64.75,65.34,64.55,65.035,694284
2026-05-27T17:15:00+00:00,65.045,65.27,64.76,65.25,466555
2026-05-27T17:20:00+00:00,65.24,65.52,65.17,65.4,403717
2026-05-27T17:25:00+00:00,65.4,65.59,65.115,65.27,366576
2026-05-27T17:30:00+00:00,65.25,65.286,64.77,65.01,343986
2026-05-27T17:35:00+00:00,65.01,65.65,64.87,65.49,511075
2026-05-27T17:40:00+00:00,65.49,65.68,65.22,65.66,1124137
2026-05-27T17:45:00+00:00,65.66,66.07,65.595,66.03,863271
2026-05-27T17:50:00+00:00,66.04,66.39,65.82,66.37,699883
2026-05-27T17:55:00+00:00,66.368,66.56,66.05,66.065,805167
2026-05-27T18:00:00+00:00,66.05,66.265,65.76,66.13,609908
2026-05-27T18:05:00+00:00,66.13,66.5,66.065,66.32,533096
2026-05-27T18:10:00+00:00,66.314,66.605,66.06,66.151,458239
2026-05-27T18:15:00+00:00,66.161,66.17,65.78,65.92,529487
2026-05-27T18:20:00+00:00,65.91,66.84,65.889,66.623,583033
2026-05-27T18:25:00+00:00,66.625,66.9,66.56,66.785,590107
2026-05-27T18:30:00+00:00,66.77,67.25,66.65,66.825,608241
2026-05-27T18:35:00+00:00,66.84,67.25,66.69,67.2,540429
2026-05-27T18:40:00+00:00,67.23,67.5,67.07,67.339,860243
2026-05-27T18:45:00+00:00,67.35,67.67,67.21,67.54,554705
2026-05-27T18:50:00+00:00,67.55,68.126,67.53,67.901,847154
2026-05-27T18:55:00+00:00,67.923,67.99,67.05,67.43,741799
2026-05-27T19:00:00+00:00,67.43,67.8,67.22,67.43,515429
2026-05-27T19:05:00+00:00,67.44,67.49,67.16,67.34,337693
2026-05-27T19:10:00+00:00,67.34,67.77,67.284,67.49,433647
2026-05-27T19:15:00+00:00,67.51,67.9,67.46,67.89,445786
2026-05-27T19:20:00+00:00,67.89,68.005,67.33,67.54,539174
2026-05-27T19:25:00+00:00,67.53,67.66,67.07,67.54,486906
2026-05-27T19:30:00+00:00,67.51,67.84,67.46,67.53,475449
2026-05-27T19:35:00+00:00,67.53,67.86,67.32,67.37,451025
2026-05-27T19:40:00+00:00,67.355,67.78,67.35,67.73,472821
2026-05-27T19:45:00+00:00,67.735,67.75,67.37,67.645,559020
2026-05-27T19:50:00+00:00,67.64,67.79,67.45,67.76,847619
2026-05-27T19:55:00+00:00,67.77,68.065,67.72,67.84,1325056
2026-05-27T20:00:00+00:00,67.7,68.479,67.7,68.4,730762
2026-05-27T20:05:00+00:00,68.212,68.4,67.05,67.202,107287
2026-05-27T20:10:00+00:00,67.28,67.84,67.2,67.488,96956
2026-05-27T20:15:00+00:00,67.401,68.18,65.95,67.92,66173
2026-05-27T20:20:00+00:00,67.92,67.94,67.27,67.41,23705
2026-05-27T20:25:00+00:00,67.6,67.6,66.98,67.37,42236
2026-05-27T20:30:00+00:00,67.37,67.935,67.15,67.39,30350
2026-05-27T20:35:00+00:00,67.48,67.74,67.24,67.65,31156
2026-05-27T20:40:00+00:00,67.74,67.79,67.52,67.746,10130
2026-05-27T20:45:00+00:00,67.7,67.78,67.5,67.65,12013
2026-05-27T20:50:00+00:00,67.6,67.67,67.41,67.41,13853
2026-05-27T20:55:00+00:00,67.414,67.56,67.3,67.427,10779
2026-05-27T21:00:00+00:00,67.44,67.46,67.01,67.23,28385
2026-05-27T21:05:00+00:00,67.3,67.4,66.78,67.0,19072
2026-05-27T21:10:00+00:00,67.03,67.42,66.852,67.42,22439
2026-05-27T21:15:00+00:00,67.421,67.64,67.17,67.46,13653
2026-05-27T21:20:00+00:00,67.5,67.5,67.11,67.23,8574
2026-05-27T21:25:00+00:00,67.39,67.4,67.22,67.261,5847
2026-05-27T21:30:00+00:00,67.288,67.5,67.18,67.35,9552
2026-05-27T21:35:00+00:00,67.3,67.58,67.3,67.43,9587
2026-05-27T21:40:00+00:00,67.37,67.41,67.2,67.2,694414
2026-05-27T21:45:00+00:00,67.2,67.35,66.85,67.15,12435
2026-05-27T21:50:00+00:00,67.13,67.35,67.06,67.11,10682
2026-05-27T21:55:00+00:00,67.22,67.3,67.11,67.23,20731
2026-05-27T22:00:00+00:00,67.15,67.27,67.02,67.11,6738
2026-05-27T22:05:00+00:00,67.1,67.39,67.02,67.349,14555
2026-05-27T22:10:00+00:00,67.37,67.37,67.05,67.09,22156
2026-05-27T22:15:00+00:00,67.08,67.09,66.85,66.901,17007
2026-05-27T22:20:00+00:00,66.976,67.35,66.9,67.31,15204
2026-05-27T22:25:00+00:00,67.31,67.31,67.06,67.061,6569
2026-05-27T22:30:00+00:00,67.06,67.2,67.0,67.01,13420
2026-05-27T22:35:00+00:00,67.0,67.22,66.9,67.19,9951
2026-05-27T22:40:00+00:00,67.2,67.3,67.01,67.17,9282
2026-05-27T22:45:00+00:00,67.2,67.35,67.08,67.342,6960
2026-05-27T22:50:00+00:00,67.35,67.35,67.2,67.24,9688
2026-05-27T22:55:00+00:00,67.2,67.3,67.07,67.259,9238
2026-05-27T23:00:00+00:00,67.143,67.45,67.1,67.449,6412
2026-05-27T23:05:00+00:00,67.4,67.45,67.3,67.44,5296
2026-05-27T23:10:00+00:00,67.38,67.45,67.31,67.4,9018
2026-05-27T23:15:00+00:00,67.4,67.48,67.31,67.36,17275
2026-05-27T23:20:00+00:00,67.469,67.47,67.3,67.39,10503
2026-05-27T23:25:00+00:00,67.31,67.38,67.14,67.24,7411
2026-05-27T23:30:00+00:00,67.21,67.31,67.14,67.22,6133
2026-05-27T23:35:00+00:00,67.24,67.24,67.14,67.22,12084
2026-05-27T23:40:00+00:00,67.2,67.24,67.05,67.05,12728
2026-05-27T23:45:00+00:00,67.06,67.07,66.82,66.99,14476
2026-05-27T23:50:00+00:00,67.0,67.09,67.0,67.07,9129
2026-05-27T23:55:00+00:00,67.02,67.13,67.02,67.124,8521
2026-05-28T08:00:00+00:00,64.15,66.783,63.81,66.2,234324
2026-05-28T08:05:00+00:00,66.24,66.52,65.03,66.16,28580
2026-05-28T08:10:00+00:00,66.2,66.737,66.165,66.59,11006
2026-05-28T08:15:00+00:00,66.614,67.53,66.51,67.457,25437
2026-05-28T08:20:00+00:00,67.445,67.45,67.18,67.296,7246
2026-05-28T08:25:00+00:00,67.4,67.4,66.87,66.996,9214
2026-05-28T08:30:00+00:00,66.934,67.3,66.934,67.25,4071
2026-05-28T08:35:00+00:00,67.25,67.39,67.15,67.36,10593
2026-05-28T08:40:00+00:00,67.35,67.657,67.25,67.48,12084
2026-05-28T08:45:00+00:00,67.486,67.62,67.41,67.55,9645
2026-05-28T08:50:00+00:00,67.54,67.65,67.25,67.53,9799
2026-05-28T08:55:00+00:00,67.56,67.59,67.36,67.4,36569
2026-05-28T09:00:00+00:00,67.4,67.69,67.39,67.5,5472
2026-05-28T09:05:00+00:00,67.537,67.585,67.253,67.31,3741
2026-05-28T09:10:00+00:00,67.27,67.34,67.12,67.266,2168
2026-05-28T09:15:00+00:00,67.25,67.33,67.18,67.18,4032
2026-05-28T09:20:00+00:00,67.12,67.18,66.91,67.0,8223
2026-05-28T09:25:00+00:00,67.0,67.05,66.657,66.71,14837
2026-05-28T09:30:00+00:00,66.673,66.726,66.3,66.4,13765
2026-05-28T09:35:00+00:00,66.44,66.52,66.05,66.2,7299
2026-05-28T09:40:00+00:00,66.15,66.46,66.073,66.46,14363
2026-05-28T09:45:00+00:00,66.342,66.7,66.342,66.54,2675
2026-05-28T09:50:00+00:00,66.51,66.75,66.51,66.55,12230
2026-05-28T09:55:00+00:00,66.6,66.63,66.458,66.5,3520
2026-05-28T10:00:00+00:00,66.506,66.58,66.37,66.5,4665
2026-05-28T10:05:00+00:00,66.5,66.7,66.32,66.61,9155
2026-05-28T10:10:00+00:00,66.62,66.831,66.49,66.59,5909
2026-05-28T10:15:00+00:00,66.55,66.92,66.5,66.55,10209
2026-05-28T10:20:00+00:00,66.56,66.64,66.3,66.31,2248
2026-05-28T10:25:00+00:00,66.3,66.4,66.262,66.33,6348
2026-05-28T10:30:00+00:00,66.443,66.5,66.265,66.4,5161
2026-05-28T10:35:00+00:00,66.35,66.47,66.29,66.468,3623
2026-05-28T10:40:00+00:00,66.46,66.469,66.18,66.18,5357
2026-05-28T10:45:00+00:00,66.2,66.296,65.75,65.88,17751
2026-05-28T10:50:00+00:00,66.037,66.037,65.18,65.4,23641
2026-05-28T10:55:00+00:00,65.4,65.53,65.27,65.31,20827
2026-05-28T11:00:00+00:00,65.45,65.5,65.11,65.164,59908
2026-05-28T11:05:00+00:00,65.15,65.25,64.5,65.09,79427
2026-05-28T11:10:00+00:00,65.057,65.19,64.87,65.0,21842
2026-05-28T11:15:00+00:00,64.984,65.7,64.984,65.57,33538
2026-05-28T11:20:00+00:00,65.539,65.7,65.43,65.46,18121
2026-05-28T11:25:00+00:00,65.49,65.6,65.22,65.28,17731
2026-05-28T11:30:00+00:00,65.286,65.49,65.182,65.32,16685
2026-05-28T11:35:00+00:00,65.37,66.0,65.21,65.98,43918
2026-05-28T11:40:00+00:00,65.92,66.35,65.8,66.1,51611
2026-05-28T11:45:00+00:00,66.1,66.15,65.763,65.987,15374
2026-05-28T11:50:00+00:00,65.85,65.85,65.53,65.69,32859
2026-05-28T11:55:00+00:00,65.7,65.99,65.61,65.8,9811
2026-05-28T12:00:00+00:00,65.8,66.06,65.71,65.988,16161
2026-05-28T12:05:00+00:00,65.99,66.14,65.78,65.82,22639
2026-05-28T12:10:00+00:00,65.84,65.98,65.7,65.97,14619
2026-05-28T12:15:00+00:00,65.96,65.98,65.72,65.72,13806
2026-05-28T12:20:00+00:00,65.72,65.8,65.55,65.63,17341
2026-05-28T12:25:00+00:00,65.63,65.9,65.51,65.67,53795
2026-05-28T12:30:00+00:00,65.67,66.25,65.642,66.153,46662
2026-05-28T12:35:00+00:00,66.195,66.46,66.119,66.25,59949
2026-05-28T12:40:00+00:00,66.37,66.45,66.17,66.4,23194
2026-05-28T12:45:00+00:00,66.42,66.66,66.28,66.588,41087
2026-05-28T12:50:00+00:00,66.6,66.9,66.51,66.83,54083
2026-05-28T12:55:00+00:00,66.747,66.83,66.51,66.57,24759
2026-05-28T13:00:00+00:00,66.57,66.85,66.56,66.58,34076
2026-05-28T13:05:00+00:00,66.57,66.83,66.15,66.245,34862
2026-05-28T13:10:00+00:00,66.22,66.723,66.21,66.271,57313
2026-05-28T13:15:00+00:00,66.3,66.5,66.26,66.46,16509
2026-05-28T13:20:00+00:00,66.471,66.6,66.4,66.4,21466
2026-05-28T13:25:00+00:00,66.44,66.54,66.13,66.54,28443
2026-05-28T13:30:00+00:00,66.54,66.73,65.6,65.875,1280048
2026-05-28T13:35:00+00:00,65.89,66.21,65.55,66.06,818947
2026-05-28T13:40:00+00:00,66.055,66.255,64.91,65.325,932271
2026-05-28T13:45:00+00:00,65.27,65.61,65.015,65.19,582906
2026-05-28T13:50:00+00:00,65.2,65.53,64.57,64.593,800467
2026-05-28T13:55:00+00:00,64.59,65.06,64.38,64.515,576595
2026-05-28T14:00:00+00:00,64.52,64.641,63.86,63.92,1190454
2026-05-28T14:05:00+00:00,63.94,64.58,63.75,64.42,734231
2026-05-28T14:10:00+00:00,64.445,65.18,64.15,65.07,597863
2026-05-28T14:15:00+00:00,65.06,65.5,64.5,65.25,812618
2026-05-28T14:20:00+00:00,65.25,65.34,64.59,64.745,472849
2026-05-28T14:25:00+00:00,64.747,64.905,64.34,64.64,407126
2026-05-28T14:30:00+00:00,64.63,64.72,64.38,64.39,441834
2026-05-28T14:35:00+00:00,64.387,64.73,64.387,64.64,511574
2026-05-28T14:40:00+00:00,64.6,65.05,64.6,65.02,483085
2026-05-28T14:45:00+00:00,65.01,65.12,64.6,64.8,380135
2026-05-28T14:50:00+00:00,64.84,65.15,64.78,64.8,343346
2026-05-28T14:55:00+00:00,64.78,65.199,64.76,65.05,307953
2026-05-28T15:00:00+00:00,65.06,66.01,65.03,65.97,726921
2026-05-28T15:05:00+00:00,65.95,66.15,65.62,65.775,484524
2026-05-28T15:10:00+00:00,65.775,65.93,65.41,65.475,382572
2026-05-28T15:15:00+00:00,65.465,65.74,65.465,65.56,236005
2026-05-28T15:20:00+00:00,65.56,65.88,65.53,65.58,272876
2026-05-28T15:25:00+00:00,65.58,65.626,65.28,65.36,241372
2026-05-28T15:30:00+00:00,65.359,65.4,65.161,65.225,247335
2026-05-28T15:35:00+00:00,65.2,65.47,65.115,65.33,243516
2026-05-28T15:40:00+00:00,65.34,65.59,65.32,65.35,249917
2026-05-28T15:45:00+00:00,65.35,65.5,65.17,65.327,268953
2026-05-28T15:50:00+00:00,65.315,65.53,65.225,65.53,228845
2026-05-28T15:55:00+00:00,65.52,65.75,65.41,65.422,184361
2026-05-28T16:00:00+00:00,65.44,65.44,65.185,65.185,161446
2026-05-28T16:05:00+00:00,65.185,65.25,64.92,65.07,281819
2026-05-28T16:10:00+00:00,65.07,65.2,64.995,65.11,255935
2026-05-28T16:15:00+00:00,65.12,65.26,65.01,65.11,245991
2026-05-28T16:20:00+00:00,65.1,65.32,65.01,65.27,264377
2026-05-28T16:25:00+00:00,65.28,65.31,64.94,65.1,233700
2026-05-28T16:30:00+00:00,65.087,65.2,64.825,65.0,217748
2026-05-28T16:35:00+00:00,64.991,65.25,64.88,64.9,376612
2026-05-28T16:40:00+00:00,64.918,64.92,64.7,64.83,222744
2026-05-28T16:45:00+00:00,64.835,65.06,64.77,65.055,171861
2026-05-28T16:50:00+00:00,65.06,65.29,65.04,65.28,198731
2026-05-28T16:55:00+00:00,65.25,65.34,65.05,65.06,181820
2026-05-28T17:00:00+00:00,65.075,65.1,64.63,64.71,193146
2026-05-28T17:05:00+00:00,64.71,64.84,64.62,64.65,221785
2026-05-28T17:10:00+00:00,64.66,64.77,64.65,64.766,190443
2026-05-28T17:15:00+00:00,64.765,64.82,64.43,64.51,256903
2026-05-28T17:20:00+00:00,64.51,64.7,64.46,64.485,146197
2026-05-28T17:25:00+00:00,64.495,64.55,64.41,64.44,231933
2026-05-28T17:30:00+00:00,64.43,64.5,64.095,64.18,303217
2026-05-28T17:35:00+00:00,64.17,64.56,64.17,64.51,269110
2026-05-28T17:40:00+00:00,64.52,64.57,64.23,64.3,263554
2026-05-28T17:45:00+00:00,64.3,64.48,64.29,64.44,179076
2026-05-28T17:50:00+00:00,64.44,64.615,64.43,64.6,149881
2026-05-28T17:55:00+00:00,64.605,64.66,64.34,64.35,260224
2026-05-28T18:00:00+00:00,64.37,64.38,64.06,64.26,419828
2026-05-28T18:05:00+00:00,64.255,64.47,64.185,64.41,148729
2026-05-28T18:10:00+00:00,64.41,64.46,64.34,64.4,160679
2026-05-28T18:15:00+00:00,64.4,64.44,64.21,64.386,221301
2026-05-28T18:20:00+00:00,64.38,64.59,64.31,64.555,166966
2026-05-28T18:25:00+00:00,64.56,64.801,64.4,64.42,332444
2026-05-28T18:30:00+00:00,64.419,64.47,64.246,64.31,224876
2026-05-28T18:35:00+00:00,64.31,64.325,64.07,64.18,227645
2026-05-28T18:40:00+00:00,64.18,64.225,64.03,64.159,177175
2026-05-28T18:45:00+00:00,64.16,64.19,63.83,63.903,423293
2026-05-28T18:50:00+00:00,63.91,64.227,63.86,64.146,208223
2026-05-28T18:55:00+00:00,64.148,64.22,63.975,64.16,202023
2026-05-28T19:00:00+00:00,64.14,64.28,63.98,63.99,198087
2026-05-28T19:05:00+00:00,64.0,64.0,63.63,63.91,314834
2026-05-28T19:10:00+00:00,63.9,64.03,63.73,63.73,252402
2026-05-28T19:15:00+00:00,63.72,63.84,63.64,63.675,218640
2026-05-28T19:20:00+00:00,63.678,63.77,63.581,63.745,251184
2026-05-28T19:25:00+00:00,63.74,63.935,63.55,63.743,247242
2026-05-28T19:30:00+00:00,63.745,63.86,63.575,63.775,235124
2026-05-28T19:35:00+00:00,63.775,64.32,63.77,64.29,363715
2026-05-28T19:40:00+00:00,64.295,64.49,64.23,64.38,472296
2026-05-28T19:45:00+00:00,64.37,64.57,64.131,64.14,297037
2026-05-28T19:50:00+00:00,64.11,64.11,63.74,64.052,531157
2026-05-28T19:55:00+00:00,64.06,64.25,63.96,64.05,1150494
2026-05-28T20:00:00+00:00,64.19,64.629,63.83,63.95,913668
2026-05-28T20:05:00+00:00,63.938,64.29,63.76,63.9,96826
2026-05-28T20:10:00+00:00,64.0,64.05,63.9,63.95,13627
2026-05-28T20:15:00+00:00,63.94,64.29,63.94,64.141,37930
2026-05-28T20:20:00+00:00,64.1,64.23,64.053,64.188,14666
2026-05-28T20:25:00+00:00,64.19,64.45,64.07,64.43,21114
2026-05-28T20:30:00+00:00,64.4,64.49,64.27,64.35,14336
2026-05-28T20:35:00+00:00,64.352,64.85,64.12,64.34,4805
2026-05-28T20:40:00+00:00,64.35,64.36,64.26,64.33,7177
2026-05-28T20:45:00+00:00,64.323,64.4,64.23,64.24,19248
2026-05-28T20:50:00+00:00,64.35,64.68,64.2,64.59,50930
2026-05-28T20:55:00+00:00,64.56,64.6,64.45,64.54,12567
2026-05-28T21:00:00+00:00,64.54,64.56,64.44,64.53,26365
2026-05-28T21:05:00+00:00,64.53,64.53,64.44,64.51,7141
2026-05-28T21:10:00+00:00,64.51,64.52,64.44,64.48,13987
2026-05-28T21:15:00+00:00,64.51,64.55,64.05,64.518,14824
2026-05-28T21:20:00+00:00,64.53,64.53,64.439,64.439,7056
2026-05-28T21:25:00+00:00,64.44,64.55,64.42,64.54,8279
2026-05-28T21:30:00+00:00,64.5,64.54,64.483,64.53,13192
2026-05-28T21:35:00+00:00,64.52,64.52,64.47,64.47,11072
2026-05-28T21:40:00+00:00,64.51,64.51,64.45,64.46,9275
2026-05-28T21:45:00+00:00,64.45,64.5,64.4,64.46,13475
2026-05-28T21:50:00+00:00,64.454,64.47,64.4,64.42,4354
2026-05-28T21:55:00+00:00,64.42,64.5,64.32,64.385,33310
2026-05-28T22:00:00+00:00,64.35,64.48,64.2,64.31,32545
2026-05-28T22:05:00+00:00,64.3,64.33,64.16,64.25,10791
2026-05-28T22:10:00+00:00,64.182,64.3,64.15,64.23,28615
2026-05-28T22:15:00+00:00,64.2,64.34,64.2,64.22,3342
2026-05-28T22:20:00+00:00,64.32,64.34,64.22,64.236,4747
2026-05-28T22:25:00+00:00,64.23,64.24,64.153,64.24,6066
2026-05-28T22:30:00+00:00,64.23,64.34,64.15,64.315,5638
2026-05-28T22:35:00+00:00,64.26,64.42,64.26,64.4,7716
2026-05-28T22:40:00+00:00,64.401,64.5,64.401,64.477,15012
2026-05-28T22:45:00+00:00,64.47,64.49,64.41,64.49,7070
2026-05-28T22:50:00+00:00,64.48,64.49,64.4,64.432,9207
2026-05-28T22:55:00+00:00,64.46,64.47,64.4,64.44,4928
2026-05-28T23:00:00+00:00,64.44,64.49,64.43,64.47,6792
2026-05-28T23:05:00+00:00,64.47,64.5,64.43,64.5,15540
2026-05-28T23:10:00+00:00,64.5,64.52,64.48,64.52,4703
2026-05-28T23:15:00+00:00,64.52,64.59,64.517,64.56,8522
2026-05-28T23:20:00+00:00,64.6,64.75,64.56,64.749,12276
2026-05-28T23:25:00+00:00,64.71,64.83,64.71,64.83,26089
2026-05-28T23:30:00+00:00,64.83,64.85,64.7,64.84,20356
2026-05-28T23:35:00+00:00,64.84,64.84,64.7,64.76,8601
2026-05-28T23:40:00+00:00,64.77,64.85,64.67,64.69,8260
2026-05-28T23:45:00+00:00,64.71,64.75,64.66,64.69,6128
2026-05-28T23:50:00+00:00,64.66,64.71,64.6,64.68,4695
2026-05-28T23:55:00+00:00,64.66,64.69,64.65,64.66,10066
2026-05-29T08:00:00+00:00,64.45,64.93,64.1,64.726,91933
2026-05-29T08:05:00+00:00,64.72,64.9,64.19,64.83,5989
2026-05-29T08:10:00+00:00,64.83,65.17,64.83,65.152,19658
2026-05-29T08:15:00+00:00,65.154,65.25,65.1,65.24,10570
2026-05-29T08:20:00+00:00,65.28,65.47,65.24,65.3,12257
2026-05-29T08:25:00+00:00,65.28,65.29,65.13,65.181,7673
2026-05-29T08:30:00+00:00,65.18,65.196,65.093,65.16,3231
2026-05-29T08:35:00+00:00,65.176,65.35,65.11,65.25,27881
2026-05-29T08:40:00+00:00,65.32,65.32,65.126,65.224,2654
2026-05-29T08:45:00+00:00,65.21,65.212,65.019,65.048,2178
2026-05-29T08:50:00+00:00,65.04,65.175,65.0,65.175,7422
2026-05-29T08:55:00+00:00,65.18,65.18,65.086,65.095,705
2026-05-29T09:00:00+00:00,65.08,65.14,65.015,65.08,2191
2026-05-29T09:05:00+00:00,65.09,65.1,65.01,65.1,3307
2026-05-29T09:10:00+00:00,65.1,65.29,65.1,65.286,2357
2026-05-29T09:15:00+00:00,65.285,65.35,65.21,65.324,3516
2026-05-29T09:20:00+00:00,65.39,65.4,65.25,65.3,15426
2026-05-29T09:25:00+00:00,65.3,65.348,65.25,65.34,2394
2026-05-29T09:30:00+00:00,65.35,65.375,65.27,65.36,3522
2026-05-29T09:35:00+00:00,65.36,65.45,65.32,65.45,3241
2026-05-29T09:40:00+00:00,65.448,65.47,65.4,65.4,2890
2026-05-29T09:45:00+00:00,65.439,65.456,65.21,65.27,15513
2026-05-29T09:50:00+00:00,65.25,65.266,65.01,65.04,15526
2026-05-29T09:55:00+00:00,65.01,65.04,64.77,64.799,28716
2026-05-29T10:00:00+00:00,64.81,64.874,64.75,64.77,2737
2026-05-29T10:05:00+00:00,64.75,64.826,64.62,64.63,6875
2026-05-29T10:10:00+00:00,64.63,64.73,64.54,64.73,4886
2026-05-29T10:15:00+00:00,64.73,64.76,64.65,64.667,5409
2026-05-29T10:20:00+00:00,64.681,64.8,64.665,64.78,525
2026-05-29T10:25:00+00:00,64.797,64.8,64.7,64.79,3255
2026-05-29T10:30:00+00:00,64.75,64.94,64.75,64.88,3232
2026-05-29T10:35:00+00:00,64.851,64.993,64.851,64.92,2265
2026-05-29T10:40:00+00:00,64.9,64.99,64.86,64.9,4279
2026-05-29T10:45:00+00:00,64.93,64.98,64.87,64.904,1357
2026-05-29T10:50:00+00:00,64.913,64.99,64.913,64.95,10625
2026-05-29T10:55:00+00:00,64.98,64.99,64.78,64.78,1630
2026-05-29T11:00:00+00:00,64.82,64.895,64.55,64.7,24373
2026-05-29T11:05:00+00:00,64.85,64.9,64.65,64.738,8788
2026-05-29T11:10:00+00:00,64.71,64.85,64.679,64.82,8236
2026-05-29T11:15:00+00:00,64.81,64.82,64.54,64.68,18722
2026-05-29T11:20:00+00:00,64.55,64.69,64.52,64.56,5991
2026-05-29T11:25:00+00:00,64.55,64.59,64.29,64.366,22119
2026-05-29T11:30:00+00:00,64.35,64.49,64.34,64.38,4666
2026-05-29T11:35:00+00:00,64.38,64.87,64.35,64.87,17785
2026-05-29T11:40:00+00:00,64.87,64.88,64.64,64.74,5660
2026-05-29T11:45:00+00:00,64.749,64.84,64.73,64.779,3727
2026-05-29T11:50:00+00:00,64.774,64.89,64.633,64.86,8765
2026-05-29T11:55:00+00:00,64.8,64.96,64.75,64.878,8226
2026-05-29T12:00:00+00:00,64.87,65.19,64.75,65.002,13543
2026-05-29T12:05:00+00:00,65.09,65.1,64.893,64.96,6816
2026-05-29T12:10:00+00:00,64.98,65.15,64.92,65.15,15746
2026-05-29T12:15:00+00:00,65.145,65.294,65.06,65.19,20988
2026-05-29T12:20:00+00:00,65.18,65.2,65.01,65.06,8358
2026-05-29T12:25:00+00:00,65.05,65.19,65.004,65.14,7166
2026-05-29T12:30:00+00:00,65.14,65.3,65.097,65.2,8540
2026-05-29T12:35:00+00:00,65.19,65.19,65.08,65.08,9220
2026-05-29T12:40:00+00:00,65.14,65.14,64.92,64.98,19865
2026-05-29T12:45:00+00:00,64.98,65.0,64.89,64.9,11001
2026-05-29T12:50:00+00:00,64.94,65.06,64.89,64.95,10966
2026-05-29T12:55:00+00:00,64.96,65.18,64.89,65.12,8299
2026-05-29T13:00:00+00:00,65.09,65.16,64.93,65.039,11540
2026-05-29T13:05:00+00:00,65.002,65.047,64.9,64.93,12545
2026-05-29T13:10:00+00:00,64.92,64.95,64.8,64.83,17018
2026-05-29T13:15:00+00:00,64.862,64.865,64.7,64.78,22520
2026-05-29T13:20:00+00:00,64.77,64.83,64.75,64.79,13627
2026-05-29T13:25:00+00:00,64.8,65.19,64.67,64.67,24370
2026-05-29T13:30:00+00:00,64.7,64.7,62.575,63.09,1336443
2026-05-29T13:35:00+00:00,63.09,63.53,62.775,63.14,601952
2026-05-29T13:40:00+00:00,63.14,63.14,61.81,62.275,972673
2026-05-29T13:45:00+00:00,62.275,63.17,62.2,62.955,657016
2026-05-29T13:50:00+00:00,62.98,63.71,62.68,63.369,722634
2026-05-29T13:55:00+00:00,63.369,63.8,63.27,63.296,426988
2026-05-29T14:00:00+00:00,63.33,63.5,63.06,63.12,390811
2026-05-29T14:05:00+00:00,63.1,63.4,62.21,62.22,567955
2026-05-29T14:10:00+00:00,62.225,62.54,61.93,62.167,572415
2026-05-29T14:15:00+00:00,62.165,62.214,61.34,61.638,743102
2026-05-29T14:20:00+00:00,61.62,61.77,61.14,61.16,673721
2026-05-29T14:25:00+00:00,61.155,61.52,60.73,61.49,896577
2026-05-29T14:30:00+00:00,61.52,62.2,61.51,62.125,699325
2026-05-29T14:35:00+00:00,62.134,62.134,61.53,61.58,345942
2026-05-29T14:40:00+00:00,61.595,62.135,61.51,61.91,478883
2026-05-29T14:45:00+00:00,61.9,62.49,61.84,62.28,546488
2026-05-29T14:50:00+00:00,62.25,63.26,62.16,62.87,593391
2026-05-29T14:55:00+00:00,62.865,63.43,62.86,63.385,322444
2026-05-29T15:00:00+00:00,63.4,64.14,63.4,64.07,534701
2026-05-29T15:05:00+00:00,64.078,64.6,63.872,64.46,535102
2026-05-29T15:10:00+00:00,64.47,64.7,63.9,63.97,471731
2026-05-29T15:15:00+00:00,63.97,64.26,63.45,63.78,473231
2026-05-29T15:20:00+00:00,63.775,63.775,63.26,63.525,268514
2026-05-29T15:25:00+00:00,63.53,63.535,63.28,63.29,200254
2026-05-29T15:30:00+00:00,63.309,63.889,63.28,63.65,231913
2026-05-29T15:35:00+00:00,63.6,63.889,63.54,63.823,176262
2026-05-29T15:40:00+00:00,63.79,63.85,63.32,63.42,290680
2026-05-29T15:45:00+00:00,63.355,63.437,63.01,63.405,238836
2026-05-29T15:50:00+00:00,63.415,63.47,63.1,63.19,149566
2026-05-29T15:55:00+00:00,63.21,63.21,62.7,62.97,339780
2026-05-29T16:00:00+00:00,62.96,63.38,62.913,63.28,199999
2026-05-29T16:05:00+00:00,63.254,63.3,62.95,63.19,130629
2026-05-29T16:10:00+00:00,63.185,63.3,62.96,63.11,207774
2026-05-29T16:15:00+00:00,63.12,63.17,62.56,62.62,242713
2026-05-29T16:20:00+00:00,62.65,62.65,62.42,62.575,172491
2026-05-29T16:25:00+00:00,62.555,62.575,62.09,62.215,273041
2026-05-29T16:30:00+00:00,62.215,62.48,62.1,62.45,553716
2026-05-29T16:35:00+00:00,62.46,62.55,62.22,62.27,226285
2026-05-29T16:40:00+00:00,62.29,62.41,61.95,62.02,277592
2026-05-29T16:45:00+00:00,62.02,62.185,61.88,61.91,588584
2026-05-29T16:50:00+00:00,61.915,62.1,61.82,62.07,264448
2026-05-29T16:55:00+00:00,62.06,62.08,61.75,62.03,240388
2026-05-29T17:00:00+00:00,62.035,62.23,61.69,61.77,338447
2026-05-29T17:05:00+00:00,61.78,61.83,61.68,61.78,173229
2026-05-29T17:10:00+00:00,61.775,61.86,61.65,61.68,608102
2026-05-29T17:15:00+00:00,61.715,61.87,61.63,61.78,438120
2026-05-29T17:20:00+00:00,61.78,61.87,61.681,61.725,368125
2026-05-29T17:25:00+00:00,61.71,61.75,61.42,61.52,284868
2026-05-29T17:30:00+00:00,61.512,61.86,61.458,61.86,234326
2026-05-29T17:35:00+00:00,61.84,61.94,61.62,61.679,212168
2026-05-29T17:40:00+00:00,61.67,61.71,61.23,61.28,295093
2026-05-29T17:45:00+00:00,61.27,61.34,61.21,61.26,152282
2026-05-29T17:50:00+00:00,61.26,61.709,61.22,61.61,302993
2026-05-29T17:55:00+00:00,61.59,61.675,61.52,61.55,159824
2026-05-29T18:00:00+00:00,61.56,61.62,61.33,61.5,188204
2026-05-29T18:05:00+00:00,61.52,61.86,61.27,61.85,249166
2026-05-29T18:10:00+00:00,61.842,61.98,61.667,61.85,231085
2026-05-29T18:15:00+00:00,61.86,62.27,61.85,62.167,348048
2026-05-29T18:20:00+00:00,62.17,62.665,62.14,62.66,302064
2026-05-29T18:25:00+00:00,62.66,62.69,62.42,62.6,214654
2026-05-29T18:30:00+00:00,62.612,62.65,61.76,62.13,459346
2026-05-29T18:35:00+00:00,62.12,62.38,62.05,62.34,154700
2026-05-29T18:40:00+00:00,62.315,62.33,62.03,62.29,176443
2026-05-29T18:45:00+00:00,62.27,62.33,61.95,62.02,216040
2026-05-29T18:50:00+00:00,62.0,62.18,61.9,61.977,131846
2026-05-29T18:55:00+00:00,61.96,61.96,61.636,61.825,179422
2026-05-29T19:00:00+00:00,61.825,61.92,61.52,61.65,177346
2026-05-29T19:05:00+00:00,61.64,61.77,61.595,61.725,158337
2026-05-29T19:10:00+00:00,61.73,61.82,61.61,61.75,208509
2026-05-29T19:15:00+00:00,61.746,61.83,61.56,61.71,161896
2026-05-29T19:20:00+00:00,61.71,61.83,61.69,61.767,151520
2026-05-29T19:25:00+00:00,61.77,62.03,61.73,61.95,210118
2026-05-29T19:30:00+00:00,61.95,62.38,61.95,62.33,234521
2026-05-29T19:35:00+00:00,62.365,62.84,62.362,62.73,359885
2026-05-29T19:40:00+00:00,62.71,62.79,62.51,62.7,353408
2026-05-29T19:45:00+00:00,62.7,62.74,62.37,62.473,235703
2026-05-29T19:50:00+00:00,62.47,63.15,62.46,63.1,574640
2026-05-29T19:55:00+00:00,63.12,63.65,63.12,63.54,2163381
2026-05-29T20:00:00+00:00,63.57,64.19,63.49,63.87,1371939
2026-05-29T20:05:00+00:00,63.86,64.2,63.6,63.6,222523
2026-05-29T20:10:00+00:00,63.74,63.8,63.35,63.35,41966
2026-05-29T20:15:00+00:00,63.41,63.48,63.35,63.477,78170
2026-05-29T20:20:00+00:00,63.386,63.54,63.38,63.418,13746
2026-05-29T20:25:00+00:00,63.47,63.63,63.41,63.41,6009
2026-05-29T20:30:00+00:00,63.41,63.53,63.35,63.36,6983
2026-05-29T20:35:00+00:00,63.36,63.42,63.28,63.35,5677
2026-05-29T20:40:00+00:00,63.31,63.4,63.2,63.28,3933
2026-05-29T20:45:00+00:00,63.28,63.35,63.22,63.32,3124
2026-05-29T20:50:00+00:00,63.3,63.35,63.3,63.32,4429
2026-05-29T20:55:00+00:00,63.34,63.36,63.3,63.31,2118
2026-05-29T21:00:00+00:00,63.3,63.31,63.22,63.23,3639
2026-05-29T21:05:00+00:00,63.23,63.3,63.22,63.28,5684
2026-05-29T21:10:00+00:00,63.28,63.28,63.22,63.25,2129
2026-05-29T21:15:00+00:00,63.25,63.28,63.22,63.27,3944
2026-05-29T21:20:00+00:00,63.232,63.3,63.22,63.27,3033
2026-05-29T21:25:00+00:00,63.27,63.31,63.24,63.26,2011
2026-05-29T21:30:00+00:00,63.29,63.54,63.22,63.329,2657
2026-05-29T21:35:00+00:00,63.26,63.33,63.25,63.33,939
2026-05-29T21:40:00+00:00,63.25,63.3,63.25,63.28,3248
2026-05-29T21:45:00+00:00,63.28,63.3,63.25,63.28,3745
2026-05-29T21:50:00+00:00,63.279,63.3,63.25,63.28,2308
2026-05-29T21:55:00+00:00,63.28,63.28,63.25,63.25,1668
2026-05-29T22:00:00+00:00,63.25,63.3,63.25,63.275,1341
2026-05-29T22:05:00+00:00,63.25,63.29,63.25,63.27,1940
2026-05-29T22:10:00+00:00,63.27,63.35,63.26,63.35,2164
2026-05-29T22:15:00+00:00,63.29,63.35,63.26,63.28,1068
2026-05-29T22:20:00+00:00,63.287,63.35,63.26,63.26,1472
2026-05-29T22:25:00+00:00,63.27,63.3,63.2,63.21,1854
2026-05-29T22:30:00+00:00,63.25,63.287,63.19,63.25,1635
2026-05-29T22:35:00+00:00,63.25,63.25,63.2,63.224,2067
2026-05-29T22:40:00+00:00,63.17,63.25,63.15,63.2,925
2026-05-29T22:45:00+00:00,63.2,63.25,63.15,63.2,1878
2026-05-29T22:50:00+00:00,63.25,63.25,63.19,63.24,1983
2026-05-29T22:55:00+00:00,63.22,63.25,63.19,63.2,4028
2026-05-29T23:00:00+00:00,63.2,63.22,63.15,63.218,3191
2026-05-29T23:05:00+00:00,63.2,63.22,63.15,63.16,3904
2026-05-29T23:10:00+00:00,63.2,63.22,63.16,63.22,810
2026-05-29T23:15:00+00:00,63.21,63.24,63.15,63.2,8274
2026-05-29T23:20:00+00:00,63.15,63.25,63.15,63.153,5171
2026-05-29T23:25:00+00:00,63.2,63.25,63.15,63.23,593
2026-05-29T23:30:00+00:00,63.18,63.25,63.15,63.25,1017
2026-05-29T23:35:00+00:00,63.25,63.25,63.15,63.17,1241
2026-05-29T23:40:00+00:00,63.23,63.23,63.15,63.18,659
2026-05-29T23:45:00+00:00,63.15,63.17,63.11,63.14,1417
2026-05-29T23:50:00+00:00,63.13,63.25,63.072,63.2,7465
2026-05-29T23:55:00+00:00,63.24,63.25,63.15,63.244,4673
2026-06-01T08:00:00+00:00,63.98,64.195,63.67,63.91,70702
2026-06-01T08:05:00+00:00,63.87,64.02,63.69,63.745,8146
2026-06-01T08:10:00+00:00,63.75,63.88,63.71,63.73,13792
2026-06-01T08:15:00+00:00,63.776,63.776,63.408,63.424,14482
2026-06-01T08:20:00+00:00,63.42,63.534,63.35,63.35,4073
2026-06-01T08:25:00+00:00,63.317,63.492,63.234,63.25,7169
2026-06-01T08:30:00+00:00,63.25,63.29,63.01,63.17,9338
2026-06-01T08:35:00+00:00,63.194,63.194,62.96,63.14,9180
2026-06-01T08:40:00+00:00,63.02,63.02,62.8,63.0,22156
2026-06-01T08:45:00+00:00,62.96,62.998,62.75,62.77,7392
2026-06-01T08:50:00+00:00,62.702,62.939,62.7,62.92,3483
2026-06-01T08:55:00+00:00,62.94,63.085,62.905,63.08,3748
2026-06-01T09:00:00+00:00,63.08,63.2,63.05,63.158,3805
2026-06-01T09:05:00+00:00,63.17,63.3,63.12,63.15,5947
2026-06-01T09:10:00+00:00,63.13,63.17,62.908,62.95,1212
2026-06-01T09:15:00+00:00,62.905,63.198,62.905,63.19,2736
2026-06-01T09:20:00+00:00,63.19,63.35,63.12,63.25,2756
2026-06-01T09:25:00+00:00,63.18,63.307,63.013,63.11,2221
2026-06-01T09:30:00+00:00,63.13,63.13,62.9,63.0,1968
2026-06-01T09:35:00+00:00,63.003,63.1,62.9,62.95,3246
2026-06-01T09:40:00+00:00,62.94,63.0,62.9,63.0,7220
2026-06-01T09:45:00+00:00,63.0,63.076,63.0,63.02,900
2026-06-01T09:50:00+00:00,63.04,63.114,63.01,63.03,2002
2026-06-01T09:55:00+00:00,63.03,63.03,62.95,62.96,2476
2026-06-01T10:00:00+00:00,62.97,63.0,62.88,62.988,4992
2026-06-01T10:05:00+00:00,62.95,62.95,62.71,62.78,2892
2026-06-01T10:10:00+00:00,62.79,63.14,62.781,63.05,5243
2026-06-01T10:15:00+00:00,63.068,63.2,63.06,63.13,695
2026-06-01T10:20:00+00:00,63.13,63.13,63.01,63.06,2171
2026-06-01T10:25:00+00:00,63.09,63.22,63.005,63.19,2527
2026-06-01T10:30:00+00:00,63.21,63.491,63.21,63.36,10297
2026-06-01T10:35:00+00:00,63.37,63.65,63.37,63.65,11369
2026-06-01T10:40:00+00:00,63.64,63.7,63.59,63.7,5764
2026-06-01T10:45:00+00:00,63.64,63.77,63.63,63.7,2960
2026-06-01T10:50:00+00:00,63.65,63.7,63.59,63.6,2387
2026-06-01T10:55:00+00:00,63.591,63.64,63.59,63.63,5520
2026-06-01T11:00:00+00:00,63.66,63.895,63.41,63.833,30449
2026-06-01T11:05:00+00:00,63.693,64.41,63.634,64.39,46707
2026-06-01T11:10:00+00:00,64.41,64.5,63.95,63.951,31207
2026-06-01T11:15:00+00:00,63.95,63.95,61.44,62.78,96518
2026-06-01T11:20:00+00:00,62.78,63.11,62.3,62.92,70191
2026-06-01T11:25:00+00:00,62.924,63.07,62.67,62.75,23039
2026-06-01T11:30:00+00:00,62.74,63.0,62.64,62.78,15498
2026-06-01T11:35:00+00:00,62.83,63.53,62.75,63.528,11652
2026-06-01T11:40:00+00:00,63.52,63.56,63.15,63.45,17940
2026-06-01T11:45:00+00:00,63.44,63.55,63.31,63.318,15640
2026-06-01T11:50:00+00:00,63.31,63.497,63.25,63.43,14061
2026-06-01T11:55:00+00:00,63.43,63.46,63.06,63.161,10208
2026-06-01T12:00:00+00:00,63.25,63.25,62.98,63.0,11676
2026-06-01T12:05:00+00:00,63.085,63.3,63.0,63.048,23161
2026-06-01T12:10:00+00:00,63.01,63.28,63.0,63.005,9523
2026-06-01T12:15:00+00:00,63.03,63.35,63.0,63.09,9797
2026-06-01T12:20:00+00:00,63.15,63.33,63.02,63.21,8050
2026-06-01T12:25:00+00:00,63.2,63.4,63.13,63.2,15070
2026-06-01T12:30:00+00:00,63.25,63.55,63.06,63.42,15602
2026-06-01T12:35:00+00:00,63.49,63.68,63.4,63.65,10076
2026-06-01T12:40:00+00:00,63.64,63.98,63.5,63.918,34780
2026-06-01T12:45:00+00:00,63.99,64.05,63.76,63.95,114777
2026-06-01T12:50:00+00:00,63.95,64.01,63.8,63.96,12193
2026-06-01T12:55:00+00:00,63.96,63.986,63.82,63.94,10310
2026-06-01T13:00:00+00:00,63.864,64.05,63.708,63.826,25994
2026-06-01T13:05:00+00:00,63.83,63.9,63.58,63.58,22163
2026-06-01T13:10:00+00:00,63.62,63.684,62.99,63.12,39470
2026-06-01T13:15:00+00:00,63.06,63.5,63.0,63.05,25677
2026-06-01T13:20:00+00:00,63.05,63.05,62.6,62.64,47641
2026-06-01T13:25:00+00:00,62.63,62.88,62.03,62.086,58450
2026-06-01T13:30:00+00:00,62.2,62.355,60.26,60.82,1512945
2026-06-01T13:35:00+00:00,60.845,61.442,60.75,61.38,777642
2026-06-01T13:40:00+00:00,61.33,62.09,61.285,61.32,920620
2026-06-01T13:45:00+00:00,61.345,62.98,61.32,62.59,767296
2026-06-01T13:50:00+00:00,62.62,63.23,61.93,62.21,733591
2026-06-01T13:55:00+00:00,62.22,62.3,60.98,61.06,564683
2026-06-01T14:00:00+00:00,61.02,61.83,60.935,61.8,517381
2026-06-01T14:05:00+00:00,61.78,62.81,61.625,62.63,606487
2026-06-01T14:10:00+00:00,62.63,62.765,62.03,62.07,444866
2026-06-01T14:15:00+00:00,62.086,62.929,62.07,62.72,451076
2026-06-01T14:20:00+00:00,62.74,63.0,62.365,62.379,417495
2026-06-01T14:25:00+00:00,62.32,62.43,61.88,62.285,357670
2026-06-01T14:30:00+00:00,62.29,62.88,62.29,62.66,479149
2026-06-01T14:35:00+00:00,62.66,63.07,62.55,62.69,575781
2026-06-01T14:40:00+00:00,62.68,63.14,62.59,63.095,372077
2026-06-01T14:45:00+00:00,63.07,63.58,62.87,63.39,855310
2026-06-01T14:50:00+00:00,63.4,64.135,63.39,64.105,921346
2026-06-01T14:55:00+00:00,64.08,64.58,64.02,64.58,952888
2026-06-01T15:00:00+00:00,64.58,65.23,64.55,65.184,1067841
2026-06-01T15:05:00+00:00,65.175,66.085,65.13,66.055,1691975
2026-06-01T15:10:00+00:00,66.05,66.15,64.42,65.54,1268285
2026-06-01T15:15:00+00:00,65.56,65.88,65.17,65.32,630700
2026-06-01T15:20:00+00:00,65.36,65.45,64.625,64.74,381623
2026-06-01T15:25:00+00:00,64.71,64.824,64.54,64.77,342570
2026-06-01T15:30:00+00:00,64.78,65.35,64.76,65.115,456132
2026-06-01T15:35:00+00:00,65.1,65.89,65.08,65.8,374180
2026-06-01T15:40:00+00:00,65.8,66.26,65.78,66.105,500186
2026-06-01T15:45:00+00:00,66.12,66.28,65.64,65.765,426762
2026-06-01T15:50:00+00:00,65.75,65.81,65.43,65.46,235089
2026-06-01T15:55:00+00:00,65.445,65.6,65.0,65.08,334786
2026-06-01T16:00:00+00:00,65.07,65.75,65.06,65.675,287971
2026-06-01T16:05:00+00:00,65.675,65.85,65.153,65.153,290932
2026-06-01T16:10:00+00:00,65.18,65.21,64.77,64.96,536226
2026-06-01T16:15:00+00:00,64.97,65.08,64.68,65.02,300588
2026-06-01T16:20:00+00:00,65.0,65.349,64.9,65.245,204525
2026-06-01T16:25:00+00:00,65.26,65.4,65.161,65.23,217506
2026-06-01T16:30:00+00:00,65.24,65.77,65.186,65.73,336614
2026-06-01T16:35:00+00:00,65.73,65.75,65.4,65.623,212452
2026-06-01T16:40:00+00:00,65.62,65.77,65.57,65.63,162019
2026-06-01T16:45:00+00:00,65.59,65.69,65.4,65.48,150319
2026-06-01T16:50:00+00:00,65.51,65.835,65.51,65.719,186235
2026-06-01T16:55:00+00:00,65.72,65.995,65.625,65.75,305125
2026-06-01T17:00:00+00:00,65.76,65.81,65.5,65.55,203540
2026-06-01T17:05:00+00:00,65.545,65.64,65.18,65.205,217916
2026-06-01T17:10:00+00:00,65.21,65.65,65.2,65.56,204843
2026-06-01T17:15:00+00:00,65.57,65.71,65.285,65.47,178904
2026-06-01T17:20:00+00:00,65.48,65.68,65.41,65.49,165250
2026-06-01T17:25:00+00:00,65.5,66.0,65.46,65.97,377468
2026-06-01T17:30:00+00:00,65.98,66.1,65.61,65.62,564997
2026-06-01T17:35:00+00:00,65.63,65.7,65.41,65.413,199026
2026-06-01T17:40:00+00:00,65.41,65.85,65.35,65.6,219041
2026-06-01T17:45:00+00:00,65.57,65.72,65.36,65.7,156544
2026-06-01T17:50:00+00:00,65.7,65.78,65.26,65.34,143593
2026-06-01T17:55:00+00:00,65.34,65.66,65.02,65.64,222897
2026-06-01T18:00:00+00:00,65.66,65.69,65.261,65.47,165971
2026-06-01T18:05:00+00:00,65.48,65.79,65.47,65.68,287700
2026-06-01T18:10:00+00:00,65.68,65.69,65.39,65.41,242953
2026-06-01T18:15:00+00:00,65.4,65.55,65.26,65.48,202322
2026-06-01T18:20:00+00:00,65.485,66.04,65.45,65.94,409619
2026-06-01T18:25:00+00:00,65.95,66.45,65.94,66.34,561875
2026-06-01T18:30:00+00:00,66.33,66.37,65.93,66.125,515027
2026-06-01T18:35:00+00:00,66.14,66.33,65.6,65.835,427634
2026-06-01T18:40:00+00:00,65.82,65.97,65.63,65.945,301437
2026-06-01T18:45:00+00:00,65.945,66.035,65.5,65.81,434858
2026-06-01T18:50:00+00:00,65.81,65.96,65.35,65.865,375377
2026-06-01T18:55:00+00:00,65.82,65.9,65.695,65.72,315152
2026-06-01T19:00:00+00:00,65.717,66.15,65.545,65.79,532163
2026-06-01T19:05:00+00:00,65.795,66.13,65.45,65.935,691618
2026-06-01T19:10:00+00:00,65.93,66.3,65.84,66.24,515129
2026-06-01T19:15:00+00:00,66.25,66.25,65.525,65.55,284381
2026-06-01T19:20:00+00:00,65.58,65.68,65.46,65.46,295591
2026-06-01T19:25:00+00:00,65.46,65.65,65.27,65.41,320330
2026-06-01T19:30:00+00:00,65.41,65.42,64.52,64.76,451779
2026-06-01T19:35:00+00:00,64.77,64.83,64.58,64.775,341559
2026-06-01T19:40:00+00:00,64.795,64.84,64.32,64.531,505877
2026-06-01T19:45:00+00:00,64.545,64.74,64.49,64.61,291451
2026-06-01T19:50:00+00:00,64.62,64.71,64.39,64.58,299652
2026-06-01T19:55:00+00:00,64.6,66.5,64.59,65.33,940592
2026-06-01T20:00:00+00:00,65.33,65.99,65.02,65.732,695437
2026-06-01T20:05:00+00:00,65.759,65.8,65.52,65.52,93882
2026-06-01T20:10:00+00:00,65.54,65.65,65.33,65.65,9331
2026-06-01T20:15:00+00:00,65.658,65.7,65.38,65.42,12642
2026-06-01T20:20:00+00:00,65.354,65.65,65.34,65.548,20951
2026-06-01T20:25:00+00:00,65.495,65.56,65.4,65.45,10166
2026-06-01T20:30:00+00:00,65.46,65.5,65.232,65.32,8841
2026-06-01T20:35:00+00:00,65.33,65.415,65.22,65.33,10026
2026-06-01T20:40:00+00:00,65.3,65.34,64.9,65.1,17629
2026-06-01T20:45:00+00:00,65.18,65.35,65.1,65.25,14532
2026-06-01T20:50:00+00:00,65.35,65.35,65.05,65.1,4434
2026-06-01T20:55:00+00:00,65.1,65.48,64.9,65.0,170254
2026-06-01T21:00:00+00:00,65.0,65.29,64.83,65.011,11297
2026-06-01T21:05:00+00:00,65.13,65.13,64.79,64.85,21612
2026-06-01T21:10:00+00:00,64.99,65.03,64.8,65.0,9595
2026-06-01T21:15:00+00:00,65.002,65.1,64.81,65.0,5798
2026-06-01T21:20:00+00:00,64.92,65.1,64.87,64.96,16983
2026-06-01T21:25:00+00:00,65.1,65.1,64.88,64.95,1824
2026-06-01T21:30:00+00:00,64.97,64.97,64.85,64.85,13561
2026-06-01T21:35:00+00:00,64.853,65.1,64.85,64.95,9961
2026-06-01T21:40:00+00:00,64.93,65.04,64.85,64.952,3108
2026-06-01T21:45:00+00:00,64.95,65.0,64.85,64.935,8090
2026-06-01T21:50:00+00:00,64.98,64.99,64.85,64.94,3591
2026-06-01T21:55:00+00:00,64.94,64.95,64.85,64.864,5671
2026-06-01T22:00:00+00:00,64.915,64.92,64.65,64.67,6348
2026-06-01T22:05:00+00:00,64.67,64.9,64.65,64.71,6782
2026-06-01T22:10:00+00:00,64.71,64.81,64.67,64.69,3753
2026-06-01T22:15:00+00:00,64.69,64.85,64.65,64.833,6999
2026-06-01T22:20:00+00:00,64.84,64.84,64.6,64.68,8829
2026-06-01T22:25:00+00:00,64.72,64.83,64.68,64.72,6993
2026-06-01T22:30:00+00:00,64.75,64.793,64.7,64.7,5247
2026-06-01T22:35:00+00:00,64.7,64.72,64.59,64.591,5408
2026-06-01T22:40:00+00:00,64.57,64.65,64.55,64.61,16430
2026-06-01T22:45:00+00:00,64.61,64.76,64.55,64.58,5359
2026-06-01T22:50:00+00:00,64.72,64.76,64.56,64.56,10656
2026-06-01T22:55:00+00:00,64.56,64.76,64.55,64.66,7948
2026-06-01T23:00:00+00:00,64.61,64.76,64.61,64.66,2205
2026-06-01T23:05:00+00:00,64.7,64.75,64.61,64.63,2295
2026-06-01T23:10:00+00:00,64.66,64.7,64.63,64.64,2361
2026-06-01T23:15:00+00:00,64.64,64.68,64.56,64.582,5717
2026-06-01T23:20:00+00:00,64.62,64.66,64.55,64.639,2698
2026-06-01T23:25:00+00:00,64.59,64.63,64.55,64.599,1858
2026-06-01T23:30:00+00:00,64.59,64.69,64.55,64.639,7124
2026-06-01T23:35:00+00:00,64.59,64.69,64.59,64.69,4434
2026-06-01T23:40:00+00:00,64.69,64.75,64.612,64.741,2207
2026-06-01T23:45:00+00:00,64.65,64.81,64.63,64.68,8574
2026-06-01T23:50:00+00:00,64.7,64.77,64.635,64.77,2603
2026-06-01T23:55:00+00:00,64.68,64.79,64.68,64.71,4576
2026-06-02T08:00:00+00:00,64.01,64.9,63.72,64.822,138432
2026-06-02T08:05:00+00:00,64.8,64.89,63.78,64.88,9623
2026-06-02T08:10:00+00:00,64.88,65.25,64.8,65.22,11711
2026-06-02T08:15:00+00:00,65.11,65.32,65.089,65.2,7600
2026-06-02T08:20:00+00:00,65.2,65.2,64.843,65.05,6703
2026-06-02T08:25:00+00:00,65.0,65.05,64.88,64.94,2839
2026-06-02T08:30:00+00:00,64.92,65.1,64.845,64.92,3823
2026-06-02T08:35:00+00:00,64.94,65.04,64.835,65.02,1820
2026-06-02T08:40:00+00:00,65.02,65.13,64.907,64.998,2499
2026-06-02T08:45:00+00:00,65.02,65.13,64.942,65.07,3530
2026-06-02T08:50:00+00:00,65.13,65.25,65.08,65.15,2765
2026-06-02T08:55:00+00:00,65.15,65.158,65.04,65.07,1208
2026-06-02T09:00:00+00:00,65.08,65.08,64.86,64.96,1871
2026-06-02T09:05:00+00:00,64.9,64.95,64.853,64.928,3148
2026-06-02T09:10:00+00:00,64.92,64.92,64.72,64.91,8164
2026-06-02T09:15:00+00:00,64.89,64.92,64.759,64.83,1019
2026-06-02T09:20:00+00:00,64.889,64.91,64.65,64.777,1771
2026-06-02T09:25:00+00:00,64.7,64.78,64.59,64.68,2296
2026-06-02T09:30:00+00:00,64.66,64.66,64.53,64.63,3432
2026-06-02T09:35:00+00:00,64.62,64.64,64.534,64.59,1494
2026-06-02T09:40:00+00:00,64.54,64.78,64.54,64.7,548
2026-06-02T09:45:00+00:00,64.7,64.78,64.554,64.763,3701
2026-06-02T09:50:00+00:00,64.827,64.87,64.75,64.75,3284
2026-06-02T09:55:00+00:00,64.83,64.83,64.58,64.69,4653
2026-06-02T10:00:00+00:00,64.685,64.75,64.59,64.74,4650
2026-06-02T10:05:00+00:00,64.74,64.76,64.626,64.7,1708
2026-06-02T10:10:00+00:00,64.7,64.762,64.6,64.724,1925
2026-06-02T10:15:00+00:00,64.631,64.73,64.61,64.63,2730
2026-06-02T10:20:00+00:00,64.6,64.714,64.6,64.66,5577
2026-06-02T10:25:00+00:00,64.68,64.71,64.61,64.65,1550
2026-06-02T10:30:00+00:00,64.7,64.81,64.65,64.75,2233
2026-06-02T10:35:00+00:00,64.7,64.71,64.56,64.6,3331
2026-06-02T10:40:00+00:00,64.56,64.7,64.56,64.66,3474
2026-06-02T10:45:00+00:00,64.63,64.7,64.58,64.664,4895
2026-06-02T10:50:00+00:00,64.6,64.76,64.6,64.76,1658
2026-06-02T10:55:00+00:00,64.76,64.76,64.567,64.62,2933
2026-06-02T11:00:00+00:00,64.61,64.77,64.5,64.526,32525
2026-06-02T11:05:00+00:00,64.59,64.7,64.52,64.584,10562
2026-06-02T11:10:00+00:00,64.64,64.8,64.55,64.8,7265
2026-06-02T11:15:00+00:00,64.739,65.07,64.739,65.07,22391
2026-06-02T11:20:00+00:00,65.07,65.14,64.94,64.94,13347
2026-06-02T11:25:00+00:00,64.98,65.09,64.94,65.07,10270
2026-06-02T11:30:00+00:00,65.1,65.7,65.065,65.5,55109
2026-06-02T11:35:00+00:00,65.515,66.18,65.38,66.07,80661
2026-06-02T11:40:00+00:00,66.07,66.29,65.7,65.8,53892
2026-06-02T11:45:00+00:00,65.92,66.0,65.8,65.85,20902
2026-06-02T11:50:00+00:00,65.87,65.88,65.6,65.733,19162
2026-06-02T11:55:00+00:00,65.737,65.87,65.617,65.72,18391
2026-06-02T12:00:00+00:00,65.72,65.94,65.72,65.869,13576
2026-06-02T12:05:00+00:00,65.85,65.86,65.586,65.72,12608
2026-06-02T12:10:00+00:00,65.71,65.71,65.33,65.37,23547
2026-06-02T12:15:00+00:00,65.4,65.5,65.25,65.39,15785
2026-06-02T12:20:00+00:00,65.38,65.67,65.38,65.6,8256
2026-06-02T12:25:00+00:00,65.59,65.61,65.28,65.4,9728
2026-06-02T12:30:00+00:00,65.36,65.39,65.1,65.23,22515
2026-06-02T12:35:00+00:00,65.25,65.31,65.06,65.14,13705
2026-06-02T12:40:00+00:00,65.14,65.35,65.11,65.26,11737
2026-06-02T12:45:00+00:00,65.23,65.28,65.12,65.26,24046
2026-06-02T12:50:00+00:00,65.28,65.35,65.2,65.2,11990
2026-06-02T12:55:00+00:00,65.24,65.32,65.13,65.13,10782
2026-06-02T13:00:00+00:00,65.12,65.24,64.99,65.01,17101
2026-06-02T13:05:00+00:00,65.0,65.08,64.9,64.904,15906
2026-06-02T13:10:00+00:00,64.97,65.0,64.8,64.85,10874
2026-06-02T13:15:00+00:00,64.88,65.05,64.82,64.96,9569
2026-06-02T13:20:00+00:00,64.931,65.09,64.9,64.934,10628
2026-06-02T13:25:00+00:00,64.99,65.14,64.5,64.62,39746
2026-06-02T13:30:00+00:00,64.58,66.82,64.28,65.95,1261963
2026-06-02T13:35:00+00:00,65.94,67.74,65.94,67.53,1241516
2026-06-02T13:40:00+00:00,67.541,67.66,66.54,66.935,887202
2026-06-02T13:45:00+00:00,66.92,68.102,66.87,68.03,1044109
2026-06-02T13:50:00+00:00,68.08,68.72,67.52,67.523,1295179
2026-06-02T13:55:00+00:00,67.5,68.26,67.366,68.22,845029
2026-06-02T14:00:00+00:00,68.24,68.6,67.86,68.57,834318
2026-06-02T14:05:00+00:00,68.56,69.11,68.07,68.14,1160640
2026-06-02T14:10:00+00:00,68.12,69.12,67.71,69.11,1032256
2026-06-02T14:15:00+00:00,69.12,69.57,68.254,68.286,909715
2026-06-02T14:20:00+00:00,68.27,68.38,67.1,67.29,744782
2026-06-02T14:25:00+00:00,67.315,67.56,66.88,67.5,661914
2026-06-02T14:30:00+00:00,67.5,67.655,67.09,67.15,554213
2026-06-02T14:35:00+00:00,67.16,67.29,66.8,66.975,434160
2026-06-02T14:40:00+00:00,66.965,67.33,66.8,67.27,428357
2026-06-02T14:45:00+00:00,67.28,67.92,67.28,67.82,514844
2026-06-02T14:50:00+00:00,67.825,68.24,67.72,67.879,480999
2026-06-02T14:55:00+00:00,67.93,68.057,67.374,67.395,311935
2026-06-02T15:00:00+00:00,67.44,67.83,67.43,67.575,336661
2026-06-02T15:05:00+00:00,67.54,67.88,67.15,67.595,358338
2026-06-02T15:10:00+00:00,67.59,68.15,67.58,68.105,316333
2026-06-02T15:15:00+00:00,68.1,68.17,67.8,67.9,274083
2026-06-02T15:20:00+00:00,67.89,68.4,67.86,68.25,316675
2026-06-02T15:25:00+00:00,68.25,68.41,67.623,67.642,304909
2026-06-02T15:30:00+00:00,67.68,67.73,67.36,67.61,254956
2026-06-02T15:35:00+00:00,67.58,68.025,67.471,67.885,299936
2026-06-02T15:40:00+00:00,67.875,67.95,67.32,67.325,270748
2026-06-02T15:45:00+00:00,67.315,67.6,67.06,67.085,221987
2026-06-02T15:50:00+00:00,67.06,67.23,66.81,67.19,380951
2026-06-02T15:55:00+00:00,67.21,67.5,67.03,67.25,253418
2026-06-02T16:00:00+00:00,67.26,67.58,67.23,67.44,189996
2026-06-02T16:05:00+00:00,67.44,67.86,67.37,67.8,241346
2026-06-02T16:10:00+00:00,67.79,68.38,67.73,68.32,268238
2026-06-02T16:15:00+00:00,68.3,68.45,67.97,68.06,266283
2026-06-02T16:20:00+00:00,68.068,68.24,67.807,68.06,216879
2026-06-02T16:25:00+00:00,68.055,68.055,67.62,68.02,165788
2026-06-02T16:30:00+00:00,68.05,68.23,67.44,67.51,228074
2026-06-02T16:35:00+00:00,67.51,67.63,67.3,67.46,290086
2026-06-02T16:40:00+00:00,67.48,67.5,67.23,67.441,194660
2026-06-02T16:45:00+00:00,67.45,67.74,67.38,67.72,185236
2026-06-02T16:50:00+00:00,67.69,67.95,67.59,67.8,180935
2026-06-02T16:55:00+00:00,67.795,67.81,67.2,67.33,183785
2026-06-02T17:00:00+00:00,67.32,67.52,67.17,67.42,211506
2026-06-02T17:05:00+00:00,67.42,67.635,67.36,67.51,165524
2026-06-02T17:10:00+00:00,67.515,67.75,67.425,67.56,244173
2026-06-02T17:15:00+00:00,67.545,67.555,67.11,67.31,155272
2026-06-02T17:20:00+00:00,67.31,67.44,67.25,67.425,153329
2026-06-02T17:25:00+00:00,67.43,67.68,67.23,67.665,157394
2026-06-02T17:30:00+00:00,67.663,67.904,67.649,67.73,246016
2026-06-02T17:35:00+00:00,67.737,67.8,67.56,67.618,140192
2026-06-02T17:40:00+00:00,67.63,67.64,67.37,67.445,164588
2026-06-02T17:45:00+00:00,67.44,67.54,67.2,67.54,178556
2026-06-02T17:50:00+00:00,67.545,67.84,67.51,67.805,174038
2026-06-02T17:55:00+00:00,67.79,67.79,67.42,67.435,289764
2026-06-02T18:00:00+00:00,67.435,67.47,67.22,67.26,219323
2026-06-02T18:05:00+00:00,67.275,67.376,67.0,67.34,275981
2026-06-02T18:10:00+00:00,67.35,67.54,67.295,67.46,169803
2026-06-02T18:15:00+00:00,67.46,67.68,67.41,67.5,290998
2026-06-02T18:20:00+00:00,67.51,67.52,67.17,67.23,162585
2026-06-02T18:25:00+00:00,67.23,67.24,66.5,66.575,426235
2026-06-02T18:30:00+00:00,66.57,67.04,66.52,66.945,351686
2026-06-02T18:35:00+00:00,66.94,67.01,66.79,66.79,226126
2026-06-02T18:40:00+00:00,66.79,66.98,66.61,66.9,175102
2026-06-02T18:45:00+00:00,66.885,66.885,66.38,66.6,309965
2026-06-02T18:50:00+00:00,66.61,66.79,66.487,66.487,223359
2026-06-02T18:55:00+00:00,66.48,66.7,66.465,66.545,155301
2026-06-02T19:00:00+00:00,66.53,66.575,66.33,66.42,202960
2026-06-02T19:05:00+00:00,66.44,66.68,66.41,66.54,162375
2026-06-02T19:10:00+00:00,66.525,66.732,66.47,66.73,152052
2026-06-02T19:15:00+00:00,66.725,66.77,66.32,66.33,174134
2026-06-02T19:20:00+00:00,66.34,66.42,66.22,66.38,390798
2026-06-02T19:25:00+00:00,66.39,66.52,66.1,66.265,574880
2026-06-02T19:30:00+00:00,66.25,66.35,65.66,65.94,440626
2026-06-02T19:35:00+00:00,65.97,66.39,65.97,66.22,365553
2026-06-02T19:40:00+00:00,66.21,66.99,66.17,66.89,329627
2026-06-02T19:45:00+00:00,66.895,67.12,66.82,66.99,386562
2026-06-02T19:50:00+00:00,66.97,67.025,66.49,66.51,462195
2026-06-02T19:55:00+00:00,66.51,66.66,66.35,66.6,812961
2026-06-02T20:00:00+00:00,66.6,66.6,66.02,66.45,2544768
2026-06-02T20:05:00+00:00,66.38,66.46,66.3,66.4,89284
2026-06-02T20:10:00+00:00,66.6,67.267,66.32,66.32,16056
2026-06-02T20:15:00+00:00,66.38,66.43,66.25,66.39,7294
2026-06-02T20:20:00+00:00,66.391,66.49,66.3,66.321,8539
2026-06-02T20:25:00+00:00,66.39,66.4,66.32,66.33,3949
2026-06-02T20:30:00+00:00,66.36,66.4,66.33,66.39,3052
2026-06-02T20:35:00+00:00,66.4,66.6,66.35,66.4,798643
2026-06-02T20:40:00+00:00,66.4,66.6,66.35,66.38,15863
2026-06-02T20:45:00+00:00,66.38,66.46,66.02,66.38,3447
2026-06-02T20:50:00+00:00,66.38,66.6,66.36,66.55,9092
2026-06-02T20:55:00+00:00,66.57,66.6,66.4,66.501,2744
2026-06-02T21:00:00+00:00,66.4,66.7,66.4,66.539,5859
2026-06-02T21:05:00+00:00,66.5,66.66,66.43,66.5,2987
2026-06-02T21:10:00+00:00,66.43,66.5,66.36,66.46,4738
2026-06-02T21:15:00+00:00,66.46,66.54,66.36,66.45,5852
2026-06-02T21:20:00+00:00,66.45,66.55,66.37,66.5,3513
2026-06-02T21:25:00+00:00,66.6,66.66,66.41,66.423,1568
2026-06-02T21:30:00+00:00,66.5,66.58,66.47,66.47,1288
2026-06-02T21:35:00+00:00,66.549,66.55,66.41,66.41,5642
2026-06-02T21:40:00+00:00,66.53,66.53,66.41,66.424,1887
2026-06-02T21:45:00+00:00,66.45,66.53,66.42,66.45,12368
2026-06-02T21:50:00+00:00,66.425,66.5,66.42,66.426,1469
2026-06-02T21:55:00+00:00,66.448,66.5,66.42,66.46,1911
2026-06-02T22:00:00+00:00,66.46,66.6,66.36,66.36,2614
2026-06-02T22:05:00+00:00,66.35,66.36,66.29,66.3,2025
2026-06-02T22:10:00+00:00,66.308,66.39,66.308,66.32,2263
2026-06-02T22:15:00+00:00,66.342,66.342,66.29,66.33,1573
2026-06-02T22:20:00+00:00,66.34,66.42,66.301,66.396,2260
2026-06-02T22:25:00+00:00,66.39,66.4,66.31,66.399,8866
2026-06-02T22:30:00+00:00,66.37,66.4,66.32,66.38,2512
2026-06-02T22:35:00+00:00,66.36,66.37,66.079,66.08,14101
2026-06-02T22:40:00+00:00,66.03,66.26,66.01,66.14,4625
2026-06-02T22:45:00+00:00,66.14,66.14,66.02,66.071,3122
2026-06-02T22:50:00+00:00,66.1,66.2,66.0,66.18,4634
2026-06-02T22:55:00+00:00,66.18,66.19,66.0,66.01,4455
2026-06-02T23:00:00+00:00,66.01,66.2,66.0,66.0,5090
2026-06-02T23:05:00+00:00,66.01,66.2,65.83,65.97,30154
2026-06-02T23:10:00+00:00,65.97,65.98,65.75,65.86,8469
2026-06-02T23:15:00+00:00,65.834,65.84,65.3,65.442,51686
2026-06-02T23:20:00+00:00,65.566,65.57,65.2,65.2,12660
2026-06-02T23:25:00+00:00,65.2,65.57,65.06,65.19,13652
2026-06-02T23:30:00+00:00,65.19,65.48,65.08,65.27,20289
2026-06-02T23:35:00+00:00,65.28,65.75,65.03,65.59,16797
2026-06-02T23:40:00+00:00,65.64,65.91,65.5,65.65,7535
2026-06-02T23:45:00+00:00,65.67,65.91,65.65,65.75,2321
2026-06-02T23:50:00+00:00,65.751,65.82,65.65,65.785,1352
2026-06-02T23:55:00+00:00,65.752,65.99,65.729,65.79,9116
2026-06-03T08:00:00+00:00,66.62,66.86,66.18,66.857,47510
2026-06-03T08:05:00+00:00,66.83,66.86,66.21,66.8,8373
2026-06-03T08:10:00+00:00,66.817,67.097,66.77,67.05,8797
2026-06-03T08:15:00+00:00,67.088,67.3,67.05,67.3,31358
2026-06-03T08:20:00+00:00,67.28,67.394,67.11,67.198,36362
2026-06-03T08:25:00+00:00,67.19,67.39,67.047,67.31,13643
2026-06-03T08:30:00+00:00,67.31,67.35,67.221,67.316,4604
2026-06-03T08:35:00+00:00,67.27,67.294,67.16,67.17,3077
2026-06-03T08:40:00+00:00,67.18,67.38,67.15,67.3,5154
2026-06-03T08:45:00+00:00,67.3,67.38,67.27,67.35,4910
2026-06-03T08:50:00+00:00,67.34,67.4,67.06,67.18,11010
2026-06-03T08:55:00+00:00,67.22,67.22,67.062,67.107,2020
2026-06-03T09:00:00+00:00,67.227,67.227,66.92,67.0,6578
2026-06-03T09:05:00+00:00,67.0,67.0,66.85,66.99,8339
2026-06-03T09:10:00+00:00,66.997,67.04,66.78,66.78,5877
2026-06-03T09:15:00+00:00,66.78,66.89,66.63,66.7,2522
2026-06-03T09:20:00+00:00,66.72,66.887,66.7,66.76,1316
2026-06-03T09:25:00+00:00,66.88,67.0,66.73,66.79,3149
2026-06-03T09:30:00+00:00,66.987,67.48,66.83,67.25,8754
2026-06-03T09:35:00+00:00,67.243,67.341,67.01,67.177,5260
2026-06-03T09:40:00+00:00,67.14,67.17,67.01,67.01,3828
2026-06-03T09:45:00+00:00,67.014,67.24,66.8,66.92,18459
2026-06-03T09:50:00+00:00,66.9,67.107,66.77,66.782,5023
2026-06-03T09:55:00+00:00,66.77,66.988,66.75,66.78,4208
2026-06-03T10:00:00+00:00,66.78,67.05,66.54,66.58,5230
2026-06-03T10:05:00+00:00,66.56,66.8,66.506,66.75,20434
2026-06-03T10:10:00+00:00,66.77,66.8,66.675,66.75,1400
2026-06-03T10:15:00+00:00,66.75,67.0,66.7,66.71,6453
2026-06-03T10:20:00+00:00,66.74,66.97,66.7,66.97,2204
2026-06-03T10:25:00+00:00,66.97,66.97,66.79,66.9,3108
2026-06-03T10:30:00+00:00,66.97,67.195,66.795,67.016,5110
2026-06-03T10:35:00+00:00,67.006,67.11,66.84,67.02,1366
2026-06-03T10:40:00+00:00,67.015,67.015,66.69,66.72,4383
2026-06-03T10:45:00+00:00,66.72,66.847,66.69,66.76,1547
2026-06-03T10:50:00+00:00,66.77,66.8,66.72,66.8,1906
2026-06-03T10:55:00+00:00,66.8,66.888,66.788,66.788,4161
2026-06-03T11:00:00+00:00,66.83,69.48,66.7,69.0,186259
2026-06-03T11:05:00+00:00,69.27,69.49,68.56,68.8,137509
2026-06-03T11:10:00+00:00,68.81,70.8,68.56,70.45,223199
2026-06-03T11:15:00+00:00,70.45,71.69,70.32,71.48,250498
2026-06-03T11:20:00+00:00,71.49,71.6,70.87,71.05,208432
2026-06-03T11:25:00+00:00,71.05,71.074,69.87,70.03,176080
2026-06-03T11:30:00+00:00,70.03,70.8,69.7,69.8,113164
2026-06-03T11:35:00+00:00,69.76,70.4,69.53,70.198,96675
2026-06-03T11:40:00+00:00,70.184,70.4,69.83,69.99,76545
2026-06-03T11:45:00+00:00,69.996,70.33,69.91,70.28,67382
2026-06-03T11:50:00+00:00,70.25,70.98,70.21,70.98,79320
2026-06-03T11:55:00+00:00,70.97,70.97,70.48,70.6,77685
2026-06-03T12:00:00+00:00,70.61,70.92,70.35,70.91,63817
2026-06-03T12:05:00+00:00,70.9,70.95,70.36,70.45,63525
2026-06-03T12:10:00+00:00,70.39,70.679,70.32,70.47,46965
2026-06-03T12:15:00+00:00,70.45,70.469,69.9,70.15,64557
2026-06-03T12:20:00+00:00,70.25,70.61,70.16,70.415,100428
2026-06-03T12:25:00+00:00,70.41,70.517,70.253,70.495,95634
2026-06-03T12:30:00+00:00,70.42,70.49,70.25,70.301,28514
2026-06-03T12:35:00+00:00,70.33,70.6,69.72,69.8,95564
2026-06-03T12:40:00+00:00,69.8,70.1,69.79,70.036,56039
2026-06-03T12:45:00+00:00,70.03,70.03,69.22,69.44,144501
2026-06-03T12:50:00+00:00,69.43,69.75,69.4,69.45,62409
2026-06-03T12:55:00+00:00,69.53,69.73,69.4,69.55,32820
2026-06-03T13:00:00+00:00,69.522,69.77,69.4,69.64,18236
2026-06-03T13:05:00+00:00,69.66,69.79,69.28,69.488,47333
2026-06-03T13:10:00+00:00,69.467,69.53,69.26,69.46,21288
2026-06-03T13:15:00+00:00,69.44,69.69,69.361,69.53,31594
2026-06-03T13:20:00+00:00,69.5,69.6,69.12,69.29,39363
2026-06-03T13:25:00+00:00,69.31,69.6,68.75,68.88,78194
2026-06-03T13:30:00+00:00,68.815,70.707,68.165,70.13,2195983
2026-06-03T13:35:00+00:00,70.13,70.651,68.48,69.98,1494575
2026-06-03T13:40:00+00:00,69.95,70.03,68.41,68.94,850008
2026-06-03T13:45:00+00:00,68.94,69.03,67.31,67.6,1636799
2026-06-03T13:50:00+00:00,67.585,69.25,67.32,68.16,1573664
2026-06-03T13:55:00+00:00,68.155,69.25,68.07,69.225,1060006
2026-06-03T14:00:00+00:00,69.21,69.32,67.71,67.74,1080914
2026-06-03T14:05:00+00:00,67.772,68.09,67.39,67.73,848915
2026-06-03T14:10:00+00:00,67.72,67.99,67.412,67.905,709447
2026-06-03T14:15:00+00:00,67.93,68.18,67.48,67.51,580317
2026-06-03T14:20:00+00:00,67.56,67.56,66.92,67.508,738455
2026-06-03T14:25:00+00:00,67.5,68.42,67.35,68.359,578995
2026-06-03T14:30:00+00:00,68.35,68.55,67.59,67.735,513135
2026-06-03T14:35:00+00:00,67.71,68.216,67.45,68.15,344592
2026-06-03T14:40:00+00:00,68.15,68.365,67.87,67.875,352728
2026-06-03T14:45:00+00:00,67.918,68.86,67.9,68.74,470040
2026-06-03T14:50:00+00:00,68.72,69.18,68.49,69.15,579608
2026-06-03T14:55:00+00:00,69.147,69.147,68.66,68.7,445166
2026-06-03T15:00:00+00:00,68.68,68.88,68.17,68.36,420914
2026-06-03T15:05:00+00:00,68.36,68.4,67.57,67.58,596656
2026-06-03T15:10:00+00:00,67.565,67.98,66.7,66.77,469283
2026-06-03T15:15:00+00:00,66.765,67.07,66.58,66.73,510516
2026-06-03T15:20:00+00:00,66.745,66.75,66.0,66.38,749236
2026-06-03T15:25:00+00:00,66.364,66.725,66.03,66.67,451994
2026-06-03T15:30:00+00:00,66.675,67.1,66.535,66.75,395541
2026-06-03T15:35:00+00:00,66.732,67.26,66.72,67.202,305697
2026-06-03T15:40:00+00:00,67.21,67.51,66.71,66.76,375364
2026-06-03T15:45:00+00:00,66.76,67.27,66.76,67.19,315378
2026-06-03T15:50:00+00:00,67.19,67.48,67.03,67.28,304917
2026-06-03T15:55:00+00:00,67.23,67.23,66.93,66.97,192760
2026-06-03T16:00:00+00:00,67.01,67.25,66.67,66.9,242753
2026-06-03T16:05:00+00:00,66.915,67.18,66.89,67.04,221822
2026-06-03T16:10:00+00:00,67.04,67.28,67.04,67.05,179595
2026-06-03T16:15:00+00:00,67.05,67.055,66.281,66.455,279893
2026-06-03T16:20:00+00:00,66.45,66.57,65.83,65.96,335614
2026-06-03T16:25:00+00:00,65.932,65.986,65.54,65.71,579147
2026-06-03T16:30:00+00:00,65.7,66.02,65.62,65.665,380994
2026-06-03T16:35:00+00:00,65.67,65.68,65.0,65.235,569255
2026-06-03T16:40:00+00:00,65.22,65.41,65.05,65.21,317109
2026-06-03T16:45:00+00:00,65.21,65.63,65.135,65.54,352608
2026-06-03T16:50:00+00:00,65.5,65.68,65.37,65.37,208524
2026-06-03T16:55:00+00:00,65.385,66.34,65.34,66.2,376589
2026-06-03T17:00:00+00:00,66.23,66.23,65.663,65.773,450001
2026-06-03T17:05:00+00:00,65.78,65.86,65.25,65.35,565627
2026-06-03T17:10:00+00:00,65.364,65.42,64.83,64.92,260641
2026-06-03T17:15:00+00:00,64.915,65.07,64.81,65.022,260010
2026-06-03T17:20:00+00:00,65.035,65.21,64.95,65.11,335557
2026-06-03T17:25:00+00:00,65.1,65.83,65.1,65.68,260005
2026-06-03T17:30:00+00:00,65.62,65.94,65.372,65.94,241637
2026-06-03T17:35:00+00:00,65.94,66.12,65.89,66.073,252410
2026-06-03T17:40:00+00:00,66.06,66.12,65.601,65.64,388857
2026-06-03T17:45:00+00:00,65.635,65.88,65.44,65.565,167100
2026-06-03T17:50:00+00:00,65.58,65.67,65.111,65.31,179253
2026-06-03T17:55:00+00:00,65.32,65.482,65.28,65.46,158283
2026-06-03T18:00:00+00:00,65.43,65.795,65.351,65.675,245734
2026-06-03T18:05:00+00:00,65.675,65.73,65.515,65.545,140270
2026-06-03T18:10:00+00:00,65.545,65.57,65.12,65.315,186512
2026-06-03T18:15:00+00:00,65.35,65.51,65.06,65.44,192357
2026-06-03T18:20:00+00:00,65.45,65.74,65.38,65.727,227031
2026-06-03T18:25:00+00:00,65.735,66.265,65.64,66.265,237239
2026-06-03T18:30:00+00:00,66.26,66.965,66.25,66.87,408874
2026-06-03T18:35:00+00:00,66.86,67.165,66.86,66.925,565416
2026-06-03T18:40:00+00:00,66.92,67.19,66.59,67.155,360072
2026-06-03T18:45:00+00:00,67.17,67.3,66.84,66.84,291203
2026-06-03T18:50:00+00:00,66.85,66.9,66.29,66.29,329002
2026-06-03T18:55:00+00:00,66.29,66.57,66.14,66.5,268496
2026-06-03T19:00:00+00:00,66.465,66.51,65.86,65.89,231764
2026-06-03T19:05:00+00:00,65.863,65.95,65.52,65.79,192547
2026-06-03T19:10:00+00:00,65.785,66.2,65.754,66.15,270645
2026-06-03T19:15:00+00:00,66.145,66.25,65.63,65.63,298875
2026-06-03T19:20:00+00:00,65.65,65.71,65.4,65.442,241780
2026-06-03T19:25:00+00:00,65.45,65.718,65.17,65.685,501841
2026-06-03T19:30:00+00:00,65.7,65.85,65.495,65.76,323963
2026-06-03T19:35:00+00:00,65.75,66.14,65.73,66.041,237892
2026-06-03T19:40:00+00:00,66.045,66.165,65.85,65.91,257220
2026-06-03T19:45:00+00:00,65.895,65.96,65.37,65.46,270205
2026-06-03T19:50:00+00:00,65.48,65.56,65.25,65.51,478847
2026-06-03T19:55:00+00:00,65.51,65.75,65.3,65.48,1022212
2026-06-03T20:00:00+00:00,65.56,65.95,65.08,65.133,152907
2026-06-03T20:05:00+00:00,65.12,65.449,65.09,65.11,19479
2026-06-03T20:10:00+00:00,65.25,65.48,65.07,65.09,10266
2026-06-03T20:15:00+00:00,65.09,65.15,64.82,65.13,24897
2026-06-03T20:20:00+00:00,65.09,65.2,65.0,65.03,6181
2026-06-03T20:25:00+00:00,65.09,65.1,64.9,64.934,10172
2026-06-03T20:30:00+00:00,64.93,65.0,64.56,64.56,25884
2026-06-03T20:35:00+00:00,64.69,64.69,64.28,64.28,31422
2026-06-03T20:40:00+00:00,64.27,64.27,64.01,64.07,38732
2026-06-03T20:45:00+00:00,64.1,64.48,63.8,63.87,22852
2026-06-03T20:50:00+00:00,63.878,64.0,63.75,63.905,29364
2026-06-03T20:55:00+00:00,63.9,64.45,63.6,64.45,30857
2026-06-03T21:00:00+00:00,64.285,64.45,64.0,64.18,7406
2026-06-03T21:05:00+00:00,64.16,64.3,64.0,64.0,9543
2026-06-03T21:10:00+00:00,64.0,64.0,63.61,63.85,14595
2026-06-03T21:15:00+00:00,63.75,63.9,63.5,63.81,13084
2026-06-03T21:20:00+00:00,63.88,63.88,63.7,63.79,9101
2026-06-03T21:25:00+00:00,63.79,63.88,63.7,63.79,23330
2026-06-03T21:30:00+00:00,63.862,63.862,63.13,63.7,32250
2026-06-03T21:35:00+00:00,63.51,63.6,63.01,63.01,30914
2026-06-03T21:40:00+00:00,63.15,63.55,63.02,63.4,11016
2026-06-03T21:45:00+00:00,63.457,63.5,63.21,63.27,29246
2026-06-03T21:50:00+00:00,63.38,63.45,63.208,63.399,10187
2026-06-03T21:55:00+00:00,63.4,63.78,63.37,63.6,16559
2026-06-03T22:00:00+00:00,63.56,63.84,63.55,63.663,11491
2026-06-03T22:05:00+00:00,63.65,63.74,63.55,63.679,7974
2026-06-03T22:10:00+00:00,63.67,63.74,63.6,63.7,5850
2026-06-03T22:15:00+00:00,63.62,63.66,63.3,63.5,9729
2026-06-03T22:20:00+00:00,63.5,63.5,63.3,63.35,4731
2026-06-03T22:25:00+00:00,63.394,63.47,63.27,63.38,4713
2026-06-03T22:30:00+00:00,63.36,63.56,63.31,63.42,6343
2026-06-03T22:35:00+00:00,63.45,63.56,63.3,63.45,7616
2026-06-03T22:40:00+00:00,63.46,63.48,63.3,63.3,7968
2026-06-03T22:45:00+00:00,63.35,63.4,63.1,63.1,6144
2026-06-03T22:50:00+00:00,63.08,63.1,62.51,62.57,17718
2026-06-03T22:55:00+00:00,62.598,63.0,62.51,62.93,15386
2026-06-03T23:00:00+00:00,62.85,62.93,62.51,62.51,17030
2026-06-03T23:05:00+00:00,62.52,62.69,62.25,62.69,30010
2026-06-03T23:10:00+00:00,62.69,63.0,62.47,62.97,8876
2026-06-03T23:15:00+00:00,62.84,63.09,62.81,62.9,7583
2026-06-03T23:20:00+00:00,62.87,62.899,62.5,62.5,13564
2026-06-03T23:25:00+00:00,62.61,62.64,62.45,62.453,14455
2026-06-03T23:30:00+00:00,62.49,62.6,62.4,62.45,8539
2026-06-03T23:35:00+00:00,62.45,62.45,62.26,62.26,10484
2026-06-03T23:40:00+00:00,62.3,62.39,61.57,62.0,40505
2026-06-03T23:45:00+00:00,61.57,62.1,61.57,61.7,20500
2026-06-03T23:50:00+00:00,61.7,62.48,61.65,62.34,40933
2026-06-03T23:55:00+00:00,62.095,62.5,61.9,62.199,17106
2026-06-04T08:00:00+00:00,63.78,63.82,63.18,63.33,44738
2026-06-04T08:05:00+00:00,63.32,63.8,63.0,63.05,7083
2026-06-04T08:10:00+00:00,63.0,63.142,62.7,62.75,7200
2026-06-04T08:15:00+00:00,62.74,62.99,62.7,62.86,5396
2026-06-04T08:20:00+00:00,62.85,62.85,62.51,62.57,5345
2026-06-04T08:25:00+00:00,62.69,62.8,62.28,62.503,8137
2026-06-04T08:30:00+00:00,62.63,62.8,62.307,62.47,4982
2026-06-04T08:35:00+00:00,62.47,62.8,62.46,62.768,4582
2026-06-04T08:40:00+00:00,62.55,62.78,62.527,62.6,1420
2026-06-04T08:45:00+00:00,62.6,62.76,62.3,62.347,2755
2026-06-04T08:50:00+00:00,62.346,62.37,61.82,62.06,13492
2026-06-04T08:55:00+00:00,62.08,62.284,61.957,62.165,5867
2026-06-04T09:00:00+00:00,62.085,62.17,61.643,61.643,9774
2026-06-04T09:05:00+00:00,61.69,61.7,61.1,61.47,36518
2026-06-04T09:10:00+00:00,61.59,61.59,60.75,60.858,26476
2026-06-04T09:15:00+00:00,60.87,61.11,60.774,60.97,18707
2026-06-04T09:20:00+00:00,60.98,61.5,60.953,61.38,28634
2026-06-04T09:25:00+00:00,61.36,61.5,61.25,61.488,4231
2026-06-04T09:30:00+00:00,61.485,61.51,61.309,61.46,9889
2026-06-04T09:35:00+00:00,61.48,61.57,61.36,61.43,6620
2026-06-04T09:40:00+00:00,61.43,61.48,61.262,61.3,1637
2026-06-04T09:45:00+00:00,61.3,61.5,61.26,61.49,8137
2026-06-04T09:50:00+00:00,61.48,61.928,61.34,61.79,4360
2026-06-04T09:55:00+00:00,61.76,61.92,61.728,61.92,2851
2026-06-04T10:00:00+00:00,61.91,62.19,61.73,61.9,4091
2026-06-04T10:05:00+00:00,61.855,61.87,61.68,61.705,6411
2026-06-04T10:10:00+00:00,61.7,61.809,61.6,61.694,5906
2026-06-04T10:15:00+00:00,61.6,61.7,61.5,61.68,1938
2026-06-04T10:20:00+00:00,61.68,61.69,61.5,61.59,1983
2026-06-04T10:25:00+00:00,61.646,61.646,61.5,61.553,2303
2026-06-04T10:30:00+00:00,61.59,61.66,61.5,61.59,1801
2026-06-04T10:35:00+00:00,61.594,61.84,61.52,61.707,3584
2026-06-04T10:40:00+00:00,61.75,61.75,61.512,61.653,3001
2026-06-04T10:45:00+00:00,61.6,61.818,61.33,61.36,5664
2026-06-04T10:50:00+00:00,61.4,61.51,61.32,61.43,6385
2026-06-04T10:55:00+00:00,61.46,61.61,61.3,61.6,3665
2026-06-04T11:00:00+00:00,61.6,61.8,61.1,61.4,63378
2026-06-04T11:05:00+00:00,61.27,61.49,61.14,61.2,52208
2026-06-04T11:10:00+00:00,61.15,61.44,60.98,61.31,117082
2026-06-04T11:15:00+00:00,61.28,61.5,61.15,61.3,16890
2026-06-04T11:20:00+00:00,61.23,61.472,61.15,61.36,13335
2026-06-04T11:25:00+00:00,61.45,61.48,61.28,61.48,11095
2026-06-04T11:30:00+00:00,61.47,61.65,61.36,61.426,16713
2026-06-04T11:35:00+00:00,61.41,61.43,61.06,61.11,14335
2026-06-04T11:40:00+00:00,61.125,61.29,60.95,61.05,26830
2026-06-04T11:45:00+00:00,61.0,61.33,61.0,61.3,8375
2026-06-04T11:50:00+00:00,61.27,61.53,61.24,61.45,13027
2026-06-04T11:55:00+00:00,61.48,61.5,61.14,61.406,31434
2026-06-04T12:00:00+00:00,61.38,61.5,61.2,61.35,8553
2026-06-04T12:05:00+00:00,61.35,61.54,61.25,61.42,17611
2026-06-04T12:10:00+00:00,61.41,61.5,60.95,61.014,18820
2026-06-04T12:15:00+00:00,61.043,61.29,60.97,61.046,18970
2026-06-04T12:20:00+00:00,61.05,61.25,61.028,61.21,51146
2026-06-04T12:25:00+00:00,61.204,61.28,61.06,61.28,32464
2026-06-04T12:30:00+00:00,61.25,61.89,61.22,61.89,33086
2026-06-04T12:35:00+00:00,61.9,62.07,61.65,61.99,37241
2026-06-04T12:40:00+00:00,61.91,62.33,61.87,62.28,55003
2026-06-04T12:45:00+00:00,62.3,62.33,61.92,62.24,17151
2026-06-04T12:50:00+00:00,62.17,62.3,62.05,62.127,17319
2026-06-04T12:55:00+00:00,62.06,62.15,61.81,61.919,36988
2026-06-04T13:00:00+00:00,61.87,61.92,61.5,61.7,26739
2026-06-04T13:05:00+00:00,61.662,61.89,61.55,61.61,10160
2026-06-04T13:10:00+00:00,61.654,61.72,61.51,61.59,8491
2026-06-04T13:15:00+00:00,61.59,61.7,61.42,61.67,20748
2026-06-04T13:20:00+00:00,61.69,61.99,61.6,61.867,58402
2026-06-04T13:25:00+00:00,61.82,62.19,61.58,62.139,40465
2026-06-04T13:30:00+00:00,62.13,62.8,61.155,62.52,1255037
2026-06-04T13:35:00+00:00,62.52,62.91,61.8,62.07,1058012
2026-06-04T13:40:00+00:00,62.09,62.5,60.42,60.72,1326831
2026-06-04T13:45:00+00:00,60.77,61.33,60.45,60.77,1120954
2026-06-04T13:50:00+00:00,60.77,61.31,60.14,60.5,897628
2026-06-04T13:55:00+00:00,60.53,61.15,60.22,60.48,803435
2026-06-04T14:00:00+00:00,60.47,60.85,60.27,60.28,663374
2026-06-04T14:05:00+00:00,60.26,60.31,59.68,60.1,1488763
2026-06-04T14:10:00+00:00,60.12,61.06,59.99,61.0,857327
2026-06-04T14:15:00+00:00,60.996,61.24,60.79,60.86,615804
2026-06-04T14:20:00+00:00,60.835,60.91,60.43,60.8,531860
2026-06-04T14:25:00+00:00,60.84,61.115,60.57,60.97,409381
2026-06-04T14:30:00+00:00,60.965,60.99,60.09,60.2,862637
2026-06-04T14:35:00+00:00,60.19,60.42,59.92,60.09,686449
2026-06-04T14:40:00+00:00,60.1,60.85,60.092,60.48,413455
2026-06-04T14:45:00+00:00,60.48,60.7,60.14,60.675,347010
2026-06-04T14:50:00+00:00,60.69,61.13,60.5,61.027,384906
2026-06-04T14:55:00+00:00,60.96,61.74,60.85,61.56,998641
2026-06-04T15:00:00+00:00,61.535,61.81,61.31,61.394,492734
2026-06-04T15:05:00+00:00,61.41,61.88,61.16,61.72,439911
2026-06-04T15:10:00+00:00,61.73,61.83,61.44,61.68,276211
2026-06-04T15:15:00+00:00,61.67,61.82,61.215,61.55,325463
2026-06-04T15:20:00+00:00,61.52,61.53,61.215,61.375,277201
2026-06-04T15:25:00+00:00,61.368,61.46,60.88,61.06,388487
2026-06-04T15:30:00+00:00,61.08,61.27,60.865,61.26,277293
2026-06-04T15:35:00+00:00,61.25,61.25,60.72,60.89,205401
2026-06-04T15:40:00+00:00,60.884,61.09,60.82,60.945,201709
2026-06-04T15:45:00+00:00,60.95,61.0,60.51,60.545,250459
2026-06-04T15:50:00+00:00,60.56,60.85,60.54,60.775,224156
2026-06-04T15:55:00+00:00,60.76,61.3,60.76,61.18,245741
2026-06-04T16:00:00+00:00,61.18,61.24,60.87,60.909,217080
2026-06-04T16:05:00+00:00,60.88,61.04,60.79,60.833,195428
2026-06-04T16:10:00+00:00,60.82,60.956,60.756,60.83,184894
2026-06-04T16:15:00+00:00,60.8,60.98,60.775,60.89,171430
2026-06-04T16:20:00+00:00,60.895,61.32,60.76,61.27,273319
2026-06-04T16:25:00+00:00,61.28,61.292,61.015,61.17,226568
2026-06-04T16:30:00+00:00,61.2,61.275,61.041,61.17,181967
2026-06-04T16:35:00+00:00,61.162,61.6,61.145,61.579,275063
2026-06-04T16:40:00+00:00,61.58,61.65,61.47,61.539,170196
2026-06-04T16:45:00+00:00,61.53,61.56,61.238,61.26,174855
2026-06-04T16:50:00+00:00,61.26,61.31,61.05,61.15,241632
2026-06-04T16:55:00+00:00,61.16,61.415,61.11,61.14,152431
2026-06-04T17:00:00+00:00,61.135,61.52,60.955,61.22,299743
2026-06-04T17:05:00+00:00,61.23,61.65,61.229,61.63,221906
2026-06-04T17:10:00+00:00,61.625,61.906,61.54,61.77,337028
2026-06-04T17:15:00+00:00,61.74,61.76,61.402,61.58,210972
2026-06-04T17:20:00+00:00,61.605,61.86,61.515,61.55,187271
2026-06-04T17:25:00+00:00,61.57,62.05,61.536,62.05,189051
2026-06-04T17:30:00+00:00,62.04,62.2,61.93,62.15,223270
2026-06-04T17:35:00+00:00,62.12,62.12,61.88,61.97,164949
2026-06-04T17:40:00+00:00,61.95,62.139,61.77,61.836,170251
2026-06-04T17:45:00+00:00,61.845,62.14,61.72,62.13,233010
2026-06-04T17:50:00+00:00,62.13,62.51,62.11,62.35,298172
2026-06-04T17:55:00+00:00,62.34,62.671,62.32,62.53,206802
2026-06-04T18:00:00+00:00,62.54,62.75,62.43,62.545,178281
2026-06-04T18:05:00+00:00,62.55,62.58,62.23,62.35,213592
2026-06-04T18:10:00+00:00,62.35,62.37,62.02,62.06,190639
2026-06-04T18:15:00+00:00,62.05,62.37,61.92,62.32,201687
2026-06-04T18:20:00+00:00,62.324,62.42,62.247,62.385,214712
2026-06-04T18:25:00+00:00,62.385,62.76,62.37,62.713,285439
2026-06-04T18:30:00+00:00,62.725,62.88,62.29,62.495,283166
2026-06-04T18:35:00+00:00,62.5,62.67,62.37,62.519,146041
2026-06-04T18:40:00+00:00,62.51,62.51,62.23,62.39,124429
2026-06-04T18:45:00+00:00,62.41,62.42,62.17,62.389,154078
2026-06-04T18:50:00+00:00,62.41,62.45,62.04,62.055,142880
2026-06-04T18:55:00+00:00,62.05,62.13,61.8,61.86,216513
2026-06-04T19:00:00+00:00,61.845,62.13,61.76,61.845,181253
2026-06-04T19:05:00+00:00,61.83,61.9,61.52,61.58,183043
2026-06-04T19:10:00+00:00,61.57,61.73,61.451,61.68,179562
2026-06-04T19:15:00+00:00,61.68,62.065,61.57,62.04,284245
2026-06-04T19:20:00+00:00,62.03,62.135,61.95,62.04,232796
2026-06-04T19:25:00+00:00,62.04,62.155,61.82,62.07,228311
2026-06-04T19:30:00+00:00,62.06,62.21,61.945,62.08,277478
2026-06-04T19:35:00+00:00,62.08,62.445,62.08,62.331,365105
2026-06-04T19:40:00+00:00,62.34,62.42,61.76,61.88,241806
2026-06-04T19:45:00+00:00,61.9,61.99,61.58,61.69,363527
2026-06-04T19:50:00+00:00,61.68,61.88,61.51,61.712,450899
2026-06-04T19:55:00+00:00,61.71,62.16,61.62,61.86,1112487
2026-06-04T20:00:00+00:00,61.86,62.24,61.61,61.79,549758
2026-06-04T20:05:00+00:00,61.7,61.83,61.5,61.7,13453
2026-06-04T20:10:00+00:00,61.86,61.86,61.55,61.57,4104
2026-06-04T20:15:00+00:00,61.731,61.75,61.55,61.6,10680
2026-06-04T20:20:00+00:00,61.6,61.6,61.25,61.251,47381
2026-06-04T20:25:00+00:00,61.271,61.4,61.13,61.3,9574
2026-06-04T20:30:00+00:00,61.4,61.86,61.231,61.51,119221
2026-06-04T20:35:00+00:00,61.48,61.6,61.4,61.4,6578
2026-06-04T20:40:00+00:00,61.4,61.55,61.4,61.51,4660
2026-06-04T20:45:00+00:00,61.51,61.6,61.4,61.48,7714
2026-06-04T20:50:00+00:00,61.531,61.7,61.4,61.6,6191
2026-06-04T20:55:00+00:00,61.65,61.7,61.516,61.6,1972
2026-06-04T21:00:00+00:00,61.65,61.674,61.4,61.4,3106
2026-06-04T21:05:00+00:00,61.5,61.57,61.4,61.4,3495
2026-06-04T21:10:00+00:00,61.4,61.55,61.4,61.5,3425
2026-06-04T21:15:00+00:00,61.55,61.55,61.5,61.549,1404
2026-06-04T21:20:00+00:00,61.51,61.86,61.4,61.549,5353
2026-06-04T21:25:00+00:00,61.54,61.55,61.5,61.55,5446
2026-06-04T21:30:00+00:00,61.549,61.55,61.4,61.45,3131
2026-06-04T21:35:00+00:00,61.4,61.54,61.4,61.52,978
2026-06-04T21:40:00+00:00,61.5,61.52,61.41,61.52,4099
2026-06-04T21:45:00+00:00,61.5,61.52,61.41,61.52,761
2026-06-04T21:50:00+00:00,61.52,61.52,61.41,61.52,412
2026-06-04T21:55:00+00:00,61.433,61.51,61.41,61.44,5117
2026-06-04T22:00:00+00:00,61.439,61.5,61.42,61.43,2461
2026-06-04T22:05:00+00:00,61.5,61.5,61.33,61.33,2049
2026-06-04T22:10:00+00:00,61.44,61.5,61.33,61.418,6263
2026-06-04T22:15:00+00:00,61.33,61.41,61.15,61.2,7670
2026-06-04T22:20:00+00:00,61.17,61.38,61.15,61.29,2718
2026-06-04T22:25:00+00:00,61.18,61.18,61.101,61.15,5775
2026-06-04T22:30:00+00:00,61.11,61.18,61.1,61.149,3596
2026-06-04T22:35:00+00:00,61.14,61.18,61.1,61.1,4602
2026-06-04T22:40:00+00:00,61.11,61.16,61.1,61.16,3927
2026-06-04T22:45:00+00:00,61.16,61.22,61.13,61.22,5098
2026-06-04T22:50:00+00:00,61.14,61.41,61.14,61.23,3130
2026-06-04T22:55:00+00:00,61.23,61.41,61.16,61.31,2529
2026-06-04T23:00:00+00:00,61.31,61.41,61.27,61.29,1100
2026-06-04T23:05:00+00:00,61.29,61.41,61.29,61.33,3135
2026-06-04T23:10:00+00:00,61.31,61.41,61.3,61.348,3005
2026-06-04T23:15:00+00:00,61.31,61.36,61.13,61.15,10832
2026-06-04T23:20:00+00:00,61.245,61.3,61.13,61.3,3271
2026-06-04T23:25:00+00:00,61.3,61.3,61.13,61.14,1059
2026-06-04T23:30:00+00:00,61.13,61.15,61.01,61.1,3995
2026-06-04T23:35:00+00:00,61.093,61.3,61.02,61.25,3664
2026-06-04T23:40:00+00:00,61.08,61.2,61.05,61.199,1647
2026-06-04T23:45:00+00:00,61.1,61.179,61.0,61.174,7155
2026-06-04T23:50:00+00:00,61.15,61.2,61.0,61.07,1432
2026-06-04T23:55:00+00:00,61.11,61.2,61.01,61.09,3456
2026-06-05T08:00:00+00:00,60.6,60.95,59.6,60.2,61048
2026-06-05T08:05:00+00:00,60.23,60.91,59.73,60.1,11694
2026-06-05T08:10:00+00:00,60.15,60.2,60.0,60.11,4767
2026-06-05T08:15:00+00:00,60.07,60.3,59.93,60.292,1661
2026-06-05T08:20:00+00:00,60.296,60.39,60.22,60.38,2763
2026-06-05T08:25:00+00:00,60.39,60.69,60.308,60.69,1102
2026-06-05T08:30:00+00:00,60.63,60.693,60.462,60.56,1459
2026-06-05T08:35:00+00:00,60.56,60.594,60.45,60.46,620
2026-06-05T08:40:00+00:00,60.45,60.588,60.349,60.37,1188
2026-06-05T08:45:00+00:00,60.396,60.396,60.29,60.38,644
2026-06-05T08:50:00+00:00,60.28,60.45,60.23,60.31,2145
2026-06-05T08:55:00+00:00,60.24,60.463,60.24,60.33,1154
2026-06-05T09:00:00+00:00,60.37,60.49,60.3,60.3,863
2026-06-05T09:05:00+00:00,60.321,60.45,60.32,60.36,193
2026-06-05T09:10:00+00:00,60.36,60.79,60.326,60.79,444
2026-06-05T09:15:00+00:00,60.8,60.86,60.602,60.79,5394
2026-06-05T09:20:00+00:00,60.79,60.79,60.63,60.71,1163
2026-06-05T09:25:00+00:00,60.703,60.71,60.61,60.647,1041
2026-06-05T09:30:00+00:00,60.53,60.7,60.51,60.67,1320
2026-06-05T09:35:00+00:00,60.67,60.738,60.497,60.61,2262
2026-06-05T09:40:00+00:00,60.68,60.7,60.472,60.69,358
2026-06-05T09:45:00+00:00,60.65,60.72,60.603,60.714,674
2026-06-05T09:50:00+00:00,60.71,60.75,60.71,60.738,516
2026-06-05T09:55:00+00:00,60.74,60.8,60.68,60.8,2469
2026-06-05T10:00:00+00:00,60.794,60.83,60.76,60.83,336
2026-06-05T10:05:00+00:00,60.82,60.876,60.73,60.8,566
2026-06-05T10:10:00+00:00,60.732,60.86,60.732,60.82,1529
2026-06-05T10:15:00+00:00,60.82,60.9,60.82,60.87,1116
2026-06-05T10:20:00+00:00,60.84,60.957,60.8,60.91,1173
2026-06-05T10:25:00+00:00,60.9,60.96,60.883,60.96,1232
2026-06-05T10:30:00+00:00,60.96,61.0,60.88,60.92,1180
2026-06-05T10:35:00+00:00,60.93,60.97,60.777,60.8,1073
2026-06-05T10:40:00+00:00,60.8,61.05,60.8,61.05,1901
2026-06-05T10:45:00+00:00,61.04,61.102,60.96,61.01,3477
2026-06-05T10:50:00+00:00,61.082,61.09,60.86,60.89,3091
2026-06-05T10:55:00+00:00,60.86,60.93,60.84,60.88,2086
2026-06-05T11:00:00+00:00,60.85,60.955,60.69,60.749,5720
2026-06-05T11:05:00+00:00,60.69,60.77,60.62,60.77,24782
2026-06-05T11:10:00+00:00,60.74,60.84,60.67,60.8,6222
2026-06-05T11:15:00+00:00,60.75,60.84,60.67,60.687,4451
2026-06-05T11:20:00+00:00,60.796,60.8,60.6,60.6,2495
2026-06-05T11:25:00+00:00,60.606,60.8,60.606,60.76,1240
2026-06-05T11:30:00+00:00,60.674,60.8,60.62,60.75,3376
2026-06-05T11:35:00+00:00,60.65,60.76,60.56,60.6,5405
2026-06-05T11:40:00+00:00,60.61,60.66,60.5,60.59,26002
2026-06-05T11:45:00+00:00,60.51,60.59,60.45,60.49,3323
2026-06-05T11:50:00+00:00,60.49,60.56,60.42,60.46,2838
2026-06-05T11:55:00+00:00,60.46,60.495,60.34,60.35,4995
2026-06-05T12:00:00+00:00,60.34,60.35,60.17,60.187,10495
2026-06-05T12:05:00+00:00,60.2,60.3,60.02,60.06,8582
2026-06-05T12:10:00+00:00,60.05,60.18,59.97,60.14,43223
2026-06-05T12:15:00+00:00,60.1,60.465,60.084,60.465,5026
2026-06-05T12:20:00+00:00,60.43,60.62,60.3,60.61,28561
2026-06-05T12:25:00+00:00,60.629,60.63,60.4,60.504,24008
2026-06-05T12:30:00+00:00,60.49,60.84,60.12,60.12,12875
2026-06-05T12:35:00+00:00,60.11,60.198,60.005,60.03,17653
2026-06-05T12:40:00+00:00,60.02,60.27,60.02,60.26,17961
2026-06-05T12:45:00+00:00,60.26,60.39,60.12,60.34,65529
2026-06-05T12:50:00+00:00,60.27,60.27,59.85,59.915,22845
2026-06-05T12:55:00+00:00,59.948,60.0,59.76,59.82,46249
2026-06-05T13:00:00+00:00,59.81,59.9,59.6,59.653,94546
2026-06-05T13:05:00+00:00,59.653,59.68,59.2,59.25,164935
2026-06-05T13:10:00+00:00,59.2,59.27,58.83,58.94,143244
2026-06-05T13:15:00+00:00,58.938,59.2,58.8,59.001,69541
2026-06-05T13:20:00+00:00,58.99,59.2,58.93,59.2,24082
2026-06-05T13:25:00+00:00,59.16,59.448,59.0,59.26,26543
2026-06-05T13:30:00+00:00,59.31,59.31,57.7,57.885,1597321
2026-06-05T13:35:00+00:00,57.86,58.0,56.83,57.075,1275211
2026-06-05T13:40:00+00:00,57.11,57.13,56.34,56.43,1192064
2026-06-05T13:45:00+00:00,56.41,57.05,55.9,55.96,985119
2026-06-05T13:50:00+00:00,55.95,56.84,55.84,56.815,889264
2026-06-05T13:55:00+00:00,56.835,56.85,55.24,55.27,989664
2026-06-05T14:00:00+00:00,55.245,55.98,55.1,55.66,862371
2026-06-05T14:05:00+00:00,55.69,55.955,55.12,55.79,637100
2026-06-05T14:10:00+00:00,55.79,55.86,55.12,55.81,781686
2026-06-05T14:15:00+00:00,55.795,56.52,55.77,56.52,797656
2026-06-05T14:20:00+00:00,56.519,56.519,55.7,55.845,582600
2026-06-05T14:25:00+00:00,55.85,55.89,55.321,55.49,435892
2026-06-05T14:30:00+00:00,55.5,56.23,55.46,56.22,451176
2026-06-05T14:35:00+00:00,56.225,56.53,56.07,56.33,610174
2026-06-05T14:40:00+00:00,56.34,56.34,55.88,56.07,258481
2026-06-05T14:45:00+00:00,56.05,56.28,55.75,56.0,299108
2026-06-05T14:50:00+00:00,55.98,56.2,55.82,55.97,269069
2026-06-05T14:55:00+00:00,55.97,56.1,55.63,55.835,372461
2026-06-05T15:00:00+00:00,55.84,55.84,55.315,55.58,453818
2026-06-05T15:05:00+00:00,55.59,55.64,55.11,55.269,480089
2026-06-05T15:10:00+00:00,55.26,55.27,54.66,54.67,763283
2026-06-05T15:15:00+00:00,54.69,55.065,54.6,54.96,393052
2026-06-05T15:20:00+00:00,54.98,55.06,54.37,54.6,493623
2026-06-05T15:25:00+00:00,54.61,54.688,54.33,54.535,431374
2026-06-05T15:30:00+00:00,54.535,54.67,54.235,54.26,320010
2026-06-05T15:35:00+00:00,54.27,54.366,53.82,53.909,473291
2026-06-05T15:40:00+00:00,53.9,54.23,53.64,54.149,624875
2026-06-05T15:45:00+00:00,54.16,54.335,54.0,54.19,494092
2026-06-05T15:50:00+00:00,54.19,54.46,54.11,54.35,293765
2026-06-05T15:55:00+00:00,54.35,54.4,54.16,54.29,198451
2026-06-05T16:00:00+00:00,54.285,54.285,54.039,54.13,231452
2026-06-05T16:05:00+00:00,54.11,54.12,53.77,53.795,290025
2026-06-05T16:10:00+00:00,53.8,53.967,53.67,53.9,389007
2026-06-05T16:15:00+00:00,53.88,53.915,53.5,53.7,387899
2026-06-05T16:20:00+00:00,53.7,54.1,53.67,54.033,292577
2026-06-05T16:25:00+00:00,54.03,54.14,53.75,53.75,276384
2026-06-05T16:30:00+00:00,53.75,53.753,53.27,53.55,398761
2026-06-05T16:35:00+00:00,53.545,53.775,53.443,53.58,335756
2026-06-05T16:40:00+00:00,53.58,53.65,52.95,53.145,563138
2026-06-05T16:45:00+00:00,53.14,53.359,52.795,53.34,541081
2026-06-05T16:50:00+00:00,53.335,53.926,53.08,53.926,465622
2026-06-05T16:55:00+00:00,53.9,53.95,53.51,53.895,493881
2026-06-05T17:00:00+00:00,53.9,53.95,53.52,53.792,298926
2026-06-05T17:05:00+00:00,53.78,53.85,53.265,53.37,284178
2026-06-05T17:10:00+00:00,53.39,53.46,53.06,53.44,388062
2026-06-05T17:15:00+00:00,53.42,53.46,53.07,53.31,219911
2026-06-05T17:20:00+00:00,53.32,53.71,53.06,53.66,290996
2026-06-05T17:25:00+00:00,53.63,53.659,53.21,53.64,275791
2026-06-05T17:30:00+00:00,53.63,53.669,53.41,53.625,252819
2026-06-05T17:35:00+00:00,53.63,53.78,53.53,53.7,251079
2026-06-05T17:40:00+00:00,53.69,53.72,52.93,53.03,411675
2026-06-05T17:45:00+00:00,53.025,53.18,52.945,53.009,287809
2026-06-05T17:50:00+00:00,53.0,53.2,52.99,53.07,246103
2026-06-05T17:55:00+00:00,53.07,53.24,52.955,53.11,265418
2026-06-05T18:00:00+00:00,53.115,53.17,52.5,52.51,396406
2026-06-05T18:05:00+00:00,52.51,52.6,52.4,52.431,334823
2026-06-05T18:10:00+00:00,52.43,52.59,52.2,52.24,381887
2026-06-05T18:15:00+00:00,52.25,52.26,51.86,51.933,639829
2026-06-05T18:20:00+00:00,51.935,52.175,51.8,51.88,444193
2026-06-05T18:25:00+00:00,51.88,52.0,51.71,51.849,353384
2026-06-05T18:30:00+00:00,51.855,51.99,51.67,51.94,363253
2026-06-05T18:35:00+00:00,51.935,51.97,51.52,51.715,323454
2026-06-05T18:40:00+00:00,51.72,51.789,51.3,51.6,517158
2026-06-05T18:45:00+00:00,51.59,51.6,51.04,51.45,585197
2026-06-05T18:50:00+00:00,51.46,51.64,51.08,51.617,435811
2026-06-05T18:55:00+00:00,51.64,52.4,51.4,52.4,706473
2026-06-05T19:00:00+00:00,52.4,52.498,51.84,52.498,667578
2026-06-05T19:05:00+00:00,52.485,52.529,51.77,52.12,508045
2026-06-05T19:10:00+00:00,52.12,52.16,51.7,51.885,359621
2026-06-05T19:15:00+00:00,51.885,52.005,51.59,51.9,506204
2026-06-05T19:20:00+00:00,51.91,52.435,51.8,52.33,459812
2026-06-05T19:25:00+00:00,52.35,53.42,52.35,53.41,749675
2026-06-05T19:30:00+00:00,53.42,53.57,53.02,53.345,792549
2026-06-05T19:35:00+00:00,53.345,53.96,53.33,53.935,869791
2026-06-05T19:40:00+00:00,53.95,53.96,53.21,53.8,695249
2026-06-05T19:45:00+00:00,53.792,54.29,53.685,54.105,700840
2026-06-05T19:50:00+00:00,54.1,54.49,54.1,54.44,871477
2026-06-05T19:55:00+00:00,54.44,54.475,54.22,54.35,1495835
2026-06-05T20:00:00+00:00,54.35,54.62,53.63,53.78,55253
2026-06-05T20:05:00+00:00,53.93,54.04,53.5,53.99,19321
2026-06-05T20:10:00+00:00,53.99,54.35,53.75,53.85,63978
2026-06-05T20:15:00+00:00,53.849,54.0,53.5,53.65,45658
2026-06-05T20:20:00+00:00,53.65,54.0,53.56,53.94,16328
2026-06-05T20:25:00+00:00,53.93,53.95,53.8,53.9,8986
2026-06-05T20:30:00+00:00,53.86,53.98,53.78,53.89,11560
2026-06-05T20:35:00+00:00,53.89,54.0,53.8,53.92,8910
2026-06-05T20:40:00+00:00,53.91,53.98,53.86,53.96,12149
2026-06-05T20:45:00+00:00,53.96,53.96,53.73,53.88,142642
2026-06-05T20:50:00+00:00,53.88,54.15,53.81,53.999,12522
2026-06-05T20:55:00+00:00,54.0,54.0,53.8,53.82,9051
2026-06-05T21:00:00+00:00,53.899,53.92,53.79,53.84,9824
2026-06-05T21:05:00+00:00,53.85,54.1,53.8,53.84,5614
2026-06-05T21:10:00+00:00,53.84,54.1,53.8,54.0,6319
2026-06-05T21:15:00+00:00,54.0,54.15,53.8,53.999,4327
2026-06-05T21:20:00+00:00,53.988,54.15,53.82,54.13,4210
2026-06-05T21:25:00+00:00,54.15,54.36,54.15,54.3,31864
2026-06-05T21:30:00+00:00,54.299,54.36,54.15,54.26,18635
2026-06-05T21:35:00+00:00,54.26,54.35,54.09,54.152,3285
2026-06-05T21:40:00+00:00,54.15,54.2,54.11,54.2,6220
2026-06-05T21:45:00+00:00,54.19,54.29,54.11,54.15,6541
2026-06-05T21:50:00+00:00,54.12,54.36,54.12,54.34,5208
2026-06-05T21:55:00+00:00,54.35,54.36,54.25,54.25,7632
2026-06-05T22:00:00+00:00,54.252,54.3,54.13,54.2,12973
2026-06-05T22:05:00+00:00,54.14,54.3,54.12,54.26,3386
2026-06-05T22:10:00+00:00,54.19,54.3,54.08,54.08,3548
2026-06-05T22:15:00+00:00,54.02,54.22,54.02,54.11,5310
2026-06-05T22:20:00+00:00,54.02,54.11,54.01,54.07,4115
2026-06-05T22:25:00+00:00,54.02,54.08,53.95,53.97,8216
2026-06-05T22:30:00+00:00,53.99,54.0,53.94,53.95,2777
2026-06-05T22:35:00+00:00,53.953,53.97,53.9,53.9,6086
2026-06-05T22:40:00+00:00,53.95,54.0,53.91,53.96,8212
2026-06-05T22:45:00+00:00,53.96,53.97,53.9,53.9,9114
2026-06-05T22:50:00+00:00,53.94,53.94,53.9,53.933,3577
2026-06-05T22:55:00+00:00,53.91,53.97,53.9,53.94,3985
2026-06-05T23:00:00+00:00,53.93,53.99,53.9,53.91,10351
2026-06-05T23:05:00+00:00,53.9,53.93,53.9,53.9,5625
2026-06-05T23:10:00+00:00,53.91,53.979,53.9,53.901,5259
2026-06-05T23:15:00+00:00,53.9,53.97,53.9,53.93,3171
2026-06-05T23:20:00+00:00,53.95,53.95,53.9,53.91,11207
2026-06-05T23:25:00+00:00,53.91,53.91,53.86,53.88,8275
2026-06-05T23:30:00+00:00,53.88,53.88,53.5,53.5,4750
2026-06-05T23:35:00+00:00,53.5,53.53,53.01,53.01,9073
2026-06-05T23:40:00+00:00,53.01,53.5,53.01,53.27,6861
2026-06-05T23:45:00+00:00,53.07,53.48,53.01,53.287,4527
2026-06-05T23:50:00+00:00,53.266,53.299,52.81,53.049,7931
2026-06-05T23:55:00+00:00,53.05,53.48,53.0,53.24,8306
2026-06-08T08:00:00+00:00,54.739,55.46,53.57,54.991,111770
2026-06-08T08:05:00+00:00,54.99,55.46,54.1,55.36,27390
2026-06-08T08:10:00+00:00,55.36,55.5,55.23,55.497,4993
2026-06-08T08:15:00+00:00,55.5,55.669,55.453,55.651,5381
2026-06-08T08:20:00+00:00,55.65,55.675,55.45,55.54,3323
2026-06-08T08:25:00+00:00,55.5,55.64,55.45,55.5,1864
2026-06-08T08:30:00+00:00,55.458,55.7,55.458,55.7,5745
2026-06-08T08:35:00+00:00,55.698,55.89,55.66,55.76,10595
2026-06-08T08:40:00+00:00,55.764,55.95,55.52,55.61,8285
2026-06-08T08:45:00+00:00,55.58,55.69,55.303,55.48,9958
2026-06-08T08:50:00+00:00,55.54,55.54,55.32,55.37,3521
2026-06-08T08:55:00+00:00,55.36,55.36,55.17,55.19,15286
2026-06-08T09:00:00+00:00,55.2,55.31,55.07,55.13,4093
2026-06-08T09:05:00+00:00,55.13,55.134,55.0,55.02,2636
2026-06-08T09:10:00+00:00,55.02,55.15,55.0,55.15,3232
2026-06-08T09:15:00+00:00,55.14,55.4,55.14,55.32,1565
2026-06-08T09:20:00+00:00,55.32,55.4,55.27,55.27,1196
2026-06-08T09:25:00+00:00,55.26,55.43,55.26,55.32,5097
2026-06-08T09:30:00+00:00,55.34,55.45,55.187,55.25,2368
2026-06-08T09:35:00+00:00,55.18,55.5,55.057,55.33,8587
2026-06-08T09:40:00+00:00,55.25,55.39,55.23,55.38,683
2026-06-08T09:45:00+00:00,55.32,55.53,55.32,55.464,464
2026-06-08T09:50:00+00:00,55.5,55.52,55.301,55.306,1137
2026-06-08T09:55:00+00:00,55.5,55.5,55.39,55.49,2317
2026-06-08T10:00:00+00:00,55.43,55.49,55.29,55.36,678
2026-06-08T10:05:00+00:00,55.36,55.5,55.3,55.4,2550
2026-06-08T10:10:00+00:00,55.426,55.438,55.362,55.43,3813
2026-06-08T10:15:00+00:00,55.429,55.43,55.24,55.27,880
2026-06-08T10:20:00+00:00,55.26,55.3,55.15,55.24,3607
2026-06-08T10:25:00+00:00,55.22,55.419,55.1,55.24,1062
2026-06-08T10:30:00+00:00,55.4,55.66,55.24,55.654,2664
2026-06-08T10:35:00+00:00,55.56,55.638,55.331,55.4,3626
2026-06-08T10:40:00+00:00,55.45,55.587,55.41,55.58,2995
2026-06-08T10:45:00+00:00,55.59,55.59,55.39,55.44,1544
2026-06-08T10:50:00+00:00,55.41,55.56,55.41,55.5,1810
2026-06-08T10:55:00+00:00,55.52,55.55,55.4,55.41,2974
2026-06-08T11:00:00+00:00,55.4,55.48,55.21,55.36,31478
2026-06-08T11:05:00+00:00,55.277,55.55,55.25,55.55,8391
2026-06-08T11:10:00+00:00,55.524,55.91,55.41,55.91,43561
2026-06-08T11:15:00+00:00,55.96,56.13,55.859,56.081,52486
2026-06-08T11:20:00+00:00,56.12,56.48,56.106,56.233,64516
2026-06-08T11:25:00+00:00,56.25,56.4,56.22,56.4,22315
2026-06-08T11:30:00+00:00,56.39,56.53,56.327,56.44,30756
2026-06-08T11:35:00+00:00,56.48,56.65,56.4,56.56,27989
2026-06-08T11:40:00+00:00,56.52,56.6,56.37,56.4,24432
2026-06-08T11:45:00+00:00,56.39,56.5,56.3,56.4,32578
2026-06-08T11:50:00+00:00,56.382,56.47,56.382,56.43,16163
2026-06-08T11:55:00+00:00,56.45,56.6,56.362,56.41,18523
2026-06-08T12:00:00+00:00,56.381,56.69,56.381,56.44,23019
2026-06-08T12:05:00+00:00,56.44,56.69,56.41,56.63,11573
2026-06-08T12:10:00+00:00,56.65,56.65,56.48,56.492,15914
2026-06-08T12:15:00+00:00,56.49,56.584,56.45,56.55,26406
2026-06-08T12:20:00+00:00,56.55,56.64,56.5,56.544,22709
2026-06-08T12:25:00+00:00,56.544,56.64,56.53,56.572,8400
2026-06-08T12:30:00+00:00,56.54,56.74,56.53,56.62,22472
2026-06-08T12:35:00+00:00,56.56,56.75,56.54,56.62,24157
2026-06-08T12:40:00+00:00,56.65,56.75,56.52,56.748,14810
2026-06-08T12:45:00+00:00,56.72,56.75,56.6,56.635,22766
2026-06-08T12:50:00+00:00,56.65,56.73,56.51,56.6,18009
2026-06-08T12:55:00+00:00,56.6,56.8,56.574,56.773,15364
2026-06-08T13:00:00+00:00,56.77,56.9,56.71,56.9,27934
2026-06-08T13:05:00+00:00,56.879,57.02,56.83,56.9,47275
2026-06-08T13:10:00+00:00,56.94,56.99,56.82,56.82,21569
2026-06-08T13:15:00+00:00,56.82,56.99,56.81,56.97,24338
2026-06-08T13:20:00+00:00,56.969,57.0,56.9,56.953,19759
2026-06-08T13:25:00+00:00,56.97,56.97,56.49,56.51,33899
2026-06-08T13:30:00+00:00,56.6,56.6,55.14,55.23,1041282
2026-06-08T13:35:00+00:00,55.245,56.199,55.245,55.953,791881
2026-06-08T13:40:00+00:00,55.91,56.3,55.8,56.14,609403
2026-06-08T13:45:00+00:00,56.15,56.43,55.69,56.43,666317
2026-06-08T13:50:00+00:00,56.425,56.9,56.11,56.58,584925
2026-06-08T13:55:00+00:00,56.62,56.75,55.575,55.8,575879
2026-06-08T14:00:00+00:00,55.762,56.0,55.66,55.81,327702
2026-06-08T14:05:00+00:00,55.81,56.315,55.77,56.19,314027
2026-06-08T14:10:00+00:00,56.22,56.25,55.79,56.01,328505
2026-06-08T14:15:00+00:00,56.0,56.12,55.75,55.98,225142
2026-06-08T14:20:00+00:00,56.0,56.46,55.86,56.41,332107
2026-06-08T14:25:00+00:00,56.4,56.88,56.4,56.72,366325
2026-06-08T14:30:00+00:00,56.71,57.4,56.67,57.315,495563
2026-06-08T14:35:00+00:00,57.3,57.81,57.22,57.785,475352
2026-06-08T14:40:00+00:00,57.77,57.95,57.23,57.52,396548
2026-06-08T14:45:00+00:00,57.52,57.9,57.49,57.645,314768
2026-06-08T14:50:00+00:00,57.645,58.12,57.645,57.96,429708
2026-06-08T14:55:00+00:00,57.96,58.1,57.64,57.65,303160
2026-06-08T15:00:00+00:00,57.659,57.995,57.57,57.76,281269
2026-06-08T15:05:00+00:00,57.76,58.26,57.73,58.19,368249
2026-06-08T15:10:00+00:00,58.215,58.62,58.205,58.525,341204
2026-06-08T15:15:00+00:00,58.53,58.96,58.44,58.901,389580
2026-06-08T15:20:00+00:00,58.89,58.99,58.51,58.85,320713
2026-06-08T15:25:00+00:00,58.84,58.848,58.31,58.41,362591
2026-06-08T15:30:00+00:00,58.43,58.47,57.97,58.24,326249
2026-06-08T15:35:00+00:00,58.23,58.475,58.085,58.38,300644
2026-06-08T15:40:00+00:00,58.35,58.73,58.34,58.73,261258
2026-06-08T15:45:00+00:00,58.74,58.817,58.33,58.45,285330
2026-06-08T15:50:00+00:00,58.47,58.654,58.11,58.18,209354
2026-06-08T15:55:00+00:00,58.179,58.179,57.81,58.06,361449
2026-06-08T16:00:00+00:00,58.07,58.174,57.92,58.075,184068
2026-06-08T16:05:00+00:00,58.08,58.21,58.03,58.09,132139
2026-06-08T16:10:00+00:00,58.095,58.38,57.98,58.3,168494
2026-06-08T16:15:00+00:00,58.32,58.72,58.32,58.72,159018
2026-06-08T16:20:00+00:00,58.735,58.99,58.7,58.865,213273
2026-06-08T16:25:00+00:00,58.865,58.92,58.44,58.47,133489
2026-06-08T16:30:00+00:00,58.48,58.72,58.45,58.52,146099
2026-06-08T16:35:00+00:00,58.54,58.65,58.43,58.535,153079
2026-06-08T16:40:00+00:00,58.525,58.755,58.49,58.545,128220
2026-06-08T16:45:00+00:00,58.55,58.8,58.48,58.53,121284
2026-06-08T16:50:00+00:00,58.54,58.8,58.52,58.675,109415
2026-06-08T16:55:00+00:00,58.705,58.74,58.47,58.51,113619
2026-06-08T17:00:00+00:00,58.51,58.525,58.17,58.335,182859
2026-06-08T17:05:00+00:00,58.33,58.48,58.28,58.315,137541
2026-06-08T17:10:00+00:00,58.315,58.32,57.99,58.122,158392
2026-06-08T17:15:00+00:00,58.13,58.24,57.93,58.05,140863
2026-06-08T17:20:00+00:00,58.03,58.15,57.855,58.05,171121
2026-06-08T17:25:00+00:00,58.04,58.44,58.02,58.435,153011
2026-06-08T17:30:00+00:00,58.424,58.466,58.17,58.46,123482
2026-06-08T17:35:00+00:00,58.462,58.485,58.235,58.39,122275
2026-06-08T17:40:00+00:00,58.42,58.46,58.32,58.41,91372
2026-06-08T17:45:00+00:00,58.43,58.79,58.41,58.79,143102
2026-06-08T17:50:00+00:00,58.78,59.215,58.72,59.07,234204
2026-06-08T17:55:00+00:00,59.061,59.2,59.0,59.17,161593
2026-06-08T18:00:00+00:00,59.205,59.48,59.16,59.36,250492
2026-06-08T18:05:00+00:00,59.35,59.53,59.28,59.47,194013
2026-06-08T18:10:00+00:00,59.49,59.67,59.46,59.495,212445
2026-06-08T18:15:00+00:00,59.5,59.55,59.32,59.37,142713
2026-06-08T18:20:00+00:00,59.38,59.4,59.172,59.24,165903
2026-06-08T18:25:00+00:00,59.22,59.44,59.21,59.39,144241
2026-06-08T18:30:00+00:00,59.39,59.48,59.32,59.39,160461
2026-06-08T18:35:00+00:00,59.385,59.435,59.213,59.28,141376
2026-06-08T18:40:00+00:00,59.268,59.38,59.09,59.21,187743
2026-06-08T18:45:00+00:00,59.205,59.33,59.15,59.177,135797
2026-06-08T18:50:00+00:00,59.17,59.27,58.99,59.06,127889
2026-06-08T18:55:00+00:00,59.07,59.085,58.69,58.7,202124
2026-06-08T19:00:00+00:00,58.73,58.9,58.615,58.89,219569
2026-06-08T19:05:00+00:00,58.885,58.94,58.685,58.685,164375
2026-06-08T19:10:00+00:00,58.67,58.699,58.44,58.525,212399
2026-06-08T19:15:00+00:00,58.52,58.68,58.42,58.43,173707
2026-06-08T19:20:00+00:00,58.44,58.625,58.29,58.31,204887
2026-06-08T19:25:00+00:00,58.31,58.725,58.21,58.725,210658
2026-06-08T19:30:00+00:00,58.73,59.23,58.71,59.02,339492
2026-06-08T19:35:00+00:00,59.025,59.26,58.88,58.946,250579
2026-06-08T19:40:00+00:00,58.925,59.05,58.8,58.91,253159
2026-06-08T19:45:00+00:00,58.93,59.23,58.83,59.14,274126
2026-06-08T19:50:00+00:00,59.14,59.43,59.06,59.185,551711
2026-06-08T19:55:00+00:00,59.18,59.23,58.9,59.19,866282
2026-06-08T20:00:00+00:00,59.14,59.19,58.69,59.13,28639
2026-06-08T20:05:00+00:00,59.1,59.4,59.1,59.221,24254
2026-06-08T20:10:00+00:00,59.19,59.29,58.95,58.95,202812
2026-06-08T20:15:00+00:00,58.95,59.02,58.85,58.901,6612
2026-06-08T20:20:00+00:00,58.908,59.08,58.86,58.95,2061
2026-06-08T20:25:00+00:00,58.94,59.08,58.86,59.06,4045
2026-06-08T20:30:00+00:00,59.05,59.08,58.95,59.0,1731
2026-06-08T20:35:00+00:00,59.03,59.03,58.92,58.98,3764
2026-06-08T20:40:00+00:00,58.92,59.0,58.92,59.0,12545
2026-06-08T20:45:00+00:00,58.999,59.0,58.88,58.88,3551
2026-06-08T20:50:00+00:00,58.86,59.0,58.86,58.98,2176
2026-06-08T20:55:00+00:00,59.0,59.03,58.86,58.93,3553
2026-06-08T21:00:00+00:00,58.91,59.07,58.86,59.028,6382
2026-06-08T21:05:00+00:00,59.03,59.2,59.0,59.2,5840
2026-06-08T21:10:00+00:00,59.2,59.24,59.11,59.22,6378
2026-06-08T21:15:00+00:00,59.18,59.23,59.0,59.02,929
2026-06-08T21:20:00+00:00,59.0,59.15,59.0,59.061,2266
2026-06-08T21:25:00+00:00,59.06,59.16,59.0,59.139,387
2026-06-08T21:30:00+00:00,59.05,59.12,59.0,59.04,1024
2026-06-08T21:35:00+00:00,59.041,59.12,59.04,59.08,622
2026-06-08T21:40:00+00:00,59.08,59.12,59.08,59.08,865
2026-06-08T21:45:00+00:00,59.08,59.12,59.0,59.001,7008
2026-06-08T21:50:00+00:00,59.05,59.05,59.0,59.01,1965
2026-06-08T21:55:00+00:00,59.003,59.01,58.87,58.87,3115
2026-06-08T22:00:00+00:00,58.88,59.0,58.81,58.83,2462
2026-06-08T22:05:00+00:00,58.84,59.0,58.73,58.9,1418
2026-06-08T22:10:00+00:00,58.86,58.86,58.651,58.651,4336
2026-06-08T22:15:00+00:00,58.7,58.7,58.5,58.52,15307
2026-06-08T22:20:00+00:00,58.54,58.8,58.5,58.689,7890
2026-06-08T22:25:00+00:00,58.689,58.69,58.58,58.65,1281
2026-06-08T22:30:00+00:00,58.65,58.85,58.58,58.84,3010
2026-06-08T22:35:00+00:00,58.78,58.81,58.59,58.6,8019
2026-06-08T22:40:00+00:00,58.61,58.75,58.51,58.622,7065
2026-06-08T22:45:00+00:00,58.62,58.75,58.51,58.56,5167
2026-06-08T22:50:00+00:00,58.6,58.6,58.5,58.53,10805
2026-06-08T22:55:00+00:00,58.54,58.75,58.53,58.63,2033
2026-06-08T23:00:00+00:00,58.64,58.85,58.59,58.65,1146
2026-06-08T23:05:00+00:00,58.59,58.7,58.59,58.69,1055
2026-06-08T23:10:00+00:00,58.69,58.75,58.59,58.75,5782
2026-06-08T23:15:00+00:00,58.69,58.95,58.6,58.61,1988
2026-06-08T23:20:00+00:00,58.704,58.77,58.6,58.73,2608
2026-06-08T23:25:00+00:00,58.735,58.76,58.61,58.66,820
2026-06-08T23:30:00+00:00,58.7,58.76,58.65,58.679,1735
2026-06-08T23:35:00+00:00,58.68,58.8,58.65,58.8,1136
2026-06-08T23:40:00+00:00,58.82,58.84,58.69,58.69,6867
2026-06-08T23:45:00+00:00,58.84,58.9,58.69,58.751,3278
2026-06-08T23:50:00+00:00,58.785,58.82,58.691,58.74,1159
2026-06-08T23:55:00+00:00,58.69,58.781,58.65,58.729,1909
2026-06-09T08:00:00+00:00,60.0,60.75,59.3,60.44,84435
2026-06-09T08:05:00+00:00,60.37,60.75,59.33,60.14,11282
2026-06-09T08:10:00+00:00,60.1,60.49,60.01,60.49,3772
2026-06-09T08:15:00+00:00,60.48,60.495,60.3,60.37,2776
2026-06-09T08:20:00+00:00,60.33,60.488,60.266,60.48,3103
2026-06-09T08:25:00+00:00,60.45,60.488,60.28,60.394,2318
2026-06-09T08:30:00+00:00,60.44,60.49,60.315,60.4,12283
2026-06-09T08:35:00+00:00,60.48,60.5,60.28,60.497,4237
2026-06-09T08:40:00+00:00,60.49,60.5,60.306,60.42,5848
2026-06-09T08:45:00+00:00,60.5,60.5,60.36,60.43,1775
2026-06-09T08:50:00+00:00,60.43,60.49,60.3,60.36,1951
2026-06-09T08:55:00+00:00,60.34,60.36,60.28,60.3,6070
2026-06-09T09:00:00+00:00,60.3,60.32,60.16,60.16,3557
2026-06-09T09:05:00+00:00,60.19,60.25,60.18,60.184,1446
2026-06-09T09:10:00+00:00,60.183,60.3,60.183,60.29,2752
2026-06-09T09:15:00+00:00,60.28,60.371,60.219,60.27,647
2026-06-09T09:20:00+00:00,60.25,60.35,60.2,60.22,1427
2026-06-09T09:25:00+00:00,60.2,60.313,60.18,60.23,1758
2026-06-09T09:30:00+00:00,60.25,60.302,60.108,60.108,1911
2026-06-09T09:35:00+00:00,60.111,60.237,60.1,60.13,2322
2026-06-09T09:40:00+00:00,60.13,60.2,60.066,60.066,2150
2026-06-09T09:45:00+00:00,60.12,60.26,60.066,60.205,814
2026-06-09T09:50:00+00:00,60.27,60.35,60.215,60.314,4792
2026-06-09T09:55:00+00:00,60.32,60.417,60.25,60.326,5429
2026-06-09T10:00:00+00:00,60.26,60.31,60.16,60.17,905
2026-06-09T10:05:00+00:00,60.2,60.31,60.0,60.1,11300
2026-06-09T10:10:00+00:00,60.1,60.283,60.0,60.26,2339
2026-06-09T10:15:00+00:00,60.26,60.26,60.072,60.15,1623
2026-06-09T10:20:00+00:00,60.15,60.3,60.11,60.26,456
2026-06-09T10:25:00+00:00,60.21,60.25,60.12,60.25,1125
2026-06-09T10:30:00+00:00,60.25,60.281,60.124,60.148,930
2026-06-09T10:35:00+00:00,60.15,60.186,60.074,60.11,1051
2026-06-09T10:40:00+00:00,60.108,60.138,60.06,60.08,406
2026-06-09T10:45:00+00:00,60.07,60.15,60.05,60.05,379
2026-06-09T10:50:00+00:00,60.135,60.14,60.02,60.02,1453
2026-06-09T10:55:00+00:00,60.124,60.13,60.0,60.02,7577
2026-06-09T11:00:00+00:00,60.025,60.29,60.0,60.02,21266
2026-06-09T11:05:00+00:00,60.05,60.31,60.01,60.156,8206
2026-06-09T11:10:00+00:00,60.156,60.32,60.07,60.315,8784
2026-06-09T11:15:00+00:00,60.33,60.33,60.08,60.161,8032
2026-06-09T11:20:00+00:00,60.22,60.23,59.887,59.99,37750
2026-06-09T11:25:00+00:00,59.99,60.113,59.87,59.969,10026
2026-06-09T11:30:00+00:00,60.0,60.044,59.87,59.884,9356
2026-06-09T11:35:00+00:00,59.89,59.954,59.73,59.73,39512
2026-06-09T11:40:00+00:00,59.73,59.96,59.73,59.95,20186
2026-06-09T11:45:00+00:00,59.949,60.13,59.945,60.08,13976
2026-06-09T11:50:00+00:00,60.1,60.22,60.07,60.14,6753
2026-06-09T11:55:00+00:00,60.15,60.18,59.95,60.0,18100
2026-06-09T12:00:00+00:00,59.977,60.14,59.94,60.14,4879
2026-06-09T12:05:00+00:00,60.134,60.134,59.91,60.04,4586
2026-06-09T12:10:00+00:00,60.03,60.094,59.9,59.92,4522
2026-06-09T12:15:00+00:00,59.92,60.0,59.82,59.87,16173
2026-06-09T12:20:00+00:00,59.87,59.94,59.8,59.85,19766
2026-06-09T12:25:00+00:00,59.805,59.9,59.803,59.85,5138
2026-06-09T12:30:00+00:00,59.83,60.11,59.82,60.07,10650
2026-06-09T12:35:00+00:00,60.07,60.18,59.96,59.99,9321
2026-06-09T12:40:00+00:00,60.04,60.12,59.91,60.07,11197
2026-06-09T12:45:00+00:00,60.1,60.2,60.0,60.1,10306
2026-06-09T12:50:00+00:00,60.12,60.24,60.1,60.16,11985
2026-06-09T12:55:00+00:00,60.163,60.29,60.0,60.119,13173
2026-06-09T13:00:00+00:00,60.09,60.2,60.005,60.06,9488
2026-06-09T13:05:00+00:00,60.06,60.09,59.95,60.004,6225
2026-06-09T13:10:00+00:00,60.004,60.08,59.8,59.804,7787
2026-06-09T13:15:00+00:00,59.83,59.98,59.76,59.79,14478
2026-06-09T13:20:00+00:00,59.77,59.95,59.77,59.95,9482
2026-06-09T13:25:00+00:00,59.86,59.9,58.8,58.97,34951
2026-06-09T13:30:00+00:00,58.96,60.675,58.6,60.16,886860
2026-06-09T13:35:00+00:00,60.185,60.48,59.766,59.99,506945
2026-06-09T13:40:00+00:00,59.99,60.75,59.72,60.72,631162
2026-06-09T13:45:00+00:00,60.725,60.86,59.81,60.13,583714
2026-06-09T13:50:00+00:00,60.115,60.34,59.35,59.425,546124
2026-06-09T13:55:00+00:00,59.43,59.74,58.5,58.64,662642
2026-06-09T14:00:00+00:00,58.62,59.36,58.54,59.28,540988
2026-06-09T14:05:00+00:00,59.23,59.4,58.63,58.7,395285
2026-06-09T14:10:00+00:00,58.65,58.66,57.61,57.62,727839
2026-06-09T14:15:00+00:00,57.6,57.71,56.48,56.99,952688
2026-06-09T14:20:00+00:00,56.94,57.59,56.82,57.545,681746
2026-06-09T14:25:00+00:00,57.54,57.72,56.93,57.03,412030
2026-06-09T14:30:00+00:00,57.036,57.35,56.46,57.31,545814
2026-06-09T14:35:00+00:00,57.281,57.61,57.127,57.6,457077
2026-06-09T14:40:00+00:00,57.59,57.92,56.57,56.575,503007
2026-06-09T14:45:00+00:00,56.58,56.81,55.92,56.1,626438
2026-06-09T14:50:00+00:00,56.07,56.89,55.99,56.75,653680
2026-06-09T14:55:00+00:00,56.77,56.77,56.1,56.6,304601
2026-06-09T15:00:00+00:00,56.58,56.61,56.08,56.24,334374
2026-06-09T15:05:00+00:00,56.26,56.75,56.05,56.727,322813
2026-06-09T15:10:00+00:00,56.73,56.89,56.185,56.27,322730
2026-06-09T15:15:00+00:00,56.216,56.335,55.55,55.641,431703
2026-06-09T15:20:00+00:00,55.66,55.93,54.81,54.83,630419
2026-06-09T15:25:00+00:00,54.832,55.16,54.08,54.19,576462
2026-06-09T15:30:00+00:00,54.16,54.48,53.9,54.135,663767
2026-06-09T15:35:00+00:00,54.16,54.47,53.94,54.35,434489
2026-06-09T15:40:00+00:00,54.31,54.72,54.27,54.515,526929
2026-06-09T15:45:00+00:00,54.5,54.68,54.4,54.655,335346
2026-06-09T15:50:00+00:00,54.66,55.02,54.37,54.43,511920
2026-06-09T15:55:00+00:00,54.43,54.47,53.34,53.49,579266
2026-06-09T16:00:00+00:00,53.49,53.85,53.37,53.43,700169
2026-06-09T16:05:00+00:00,53.425,53.595,52.76,53.07,560154
2026-06-09T16:10:00+00:00,53.03,53.37,52.9,53.12,475709
2026-06-09T16:15:00+00:00,53.08,53.19,51.92,52.0,726837
2026-06-09T16:20:00+00:00,52.0,52.54,51.82,52.52,911563
2026-06-09T16:25:00+00:00,52.485,52.74,52.21,52.285,895367
2026-06-09T16:30:00+00:00,52.275,52.7,51.97,52.165,453491
2026-06-09T16:35:00+00:00,52.165,52.7,51.25,51.355,465955
2026-06-09T16:40:00+00:00,51.34,51.87,51.23,51.82,513771
2026-06-09T16:45:00+00:00,51.79,52.17,51.315,51.71,459411
2026-06-09T16:50:00+00:00,51.71,51.78,51.2,51.204,385674
2026-06-09T16:55:00+00:00,51.2,52.29,51.145,52.26,601355
2026-06-09T17:00:00+00:00,52.26,53.42,52.25,53.32,645158
2026-06-09T17:05:00+00:00,53.32,53.39,52.96,53.22,428472
2026-06-09T17:10:00+00:00,53.2,53.5,52.91,53.48,405142
2026-06-09T17:15:00+00:00,53.485,54.04,53.235,53.96,458458
2026-06-09T17:20:00+00:00,53.96,54.28,53.48,53.765,537843
2026-06-09T17:25:00+00:00,53.76,53.98,53.59,53.95,375055
2026-06-09T17:30:00+00:00,53.95,54.33,53.74,54.185,468322
2026-06-09T17:35:00+00:00,54.21,54.55,53.97,54.38,326674
2026-06-09T17:40:00+00:00,54.39,54.75,54.25,54.275,284952
2026-06-09T17:45:00+00:00,54.29,54.369,53.385,53.56,530698
2026-06-09T17:50:00+00:00,53.545,54.175,53.545,53.99,362901
2026-06-09T17:55:00+00:00,53.99,54.36,53.975,54.1,298129
2026-06-09T18:00:00+00:00,54.1,54.205,53.525,53.78,330442
2026-06-09T18:05:00+00:00,53.745,54.12,53.72,54.01,317992
2026-06-09T18:10:00+00:00,54.01,54.02,53.729,53.94,236507
2026-06-09T18:15:00+00:00,53.92,54.15,53.48,54.07,311008
2026-06-09T18:20:00+00:00,54.11,54.59,54.01,54.48,322502
2026-06-09T18:25:00+00:00,54.475,54.495,54.144,54.3,210694
2026-06-09T18:30:00+00:00,54.28,54.85,54.18,54.78,323060
2026-06-09T18:35:00+00:00,54.79,54.915,54.62,54.64,507190
2026-06-09T18:40:00+00:00,54.62,54.67,54.16,54.215,235514
2026-06-09T18:45:00+00:00,54.21,54.335,54.035,54.32,336320
2026-06-09T18:50:00+00:00,54.33,54.6,54.16,54.325,366460
2026-06-09T18:55:00+00:00,54.33,54.7,54.31,54.53,304068
2026-06-09T19:00:00+00:00,54.54,54.9,54.32,54.86,424207
2026-06-09T19:05:00+00:00,54.85,54.85,54.185,54.24,612042
2026-06-09T19:10:00+00:00,54.235,54.28,53.78,53.93,306604
2026-06-09T19:15:00+00:00,53.94,53.965,53.28,53.39,388720
2026-06-09T19:20:00+00:00,53.38,53.49,53.095,53.238,362049
2026-06-09T19:25:00+00:00,53.23,53.96,53.18,53.84,412973
2026-06-09T19:30:00+00:00,53.85,54.42,53.76,54.155,404151
2026-06-09T19:35:00+00:00,54.135,54.35,53.97,54.055,354412
2026-06-09T19:40:00+00:00,54.05,54.09,53.65,53.97,363017
2026-06-09T19:45:00+00:00,53.97,54.03,53.24,53.41,421863
2026-06-09T19:50:00+00:00,53.415,53.68,53.2,53.64,638276
2026-06-09T19:55:00+00:00,53.65,54.05,53.61,54.02,879081
2026-06-09T20:00:00+00:00,54.02,54.58,53.88,54.2,56399
2026-06-09T20:05:00+00:00,54.23,54.525,54.2,54.49,81255
2026-06-09T20:10:00+00:00,54.5,54.99,54.02,54.83,84328
2026-06-09T20:15:00+00:00,54.815,54.87,54.6,54.74,99556
2026-06-09T20:20:00+00:00,54.66,54.74,54.5,54.51,36775
2026-06-09T20:25:00+00:00,54.56,54.64,54.5,54.62,6333
2026-06-09T20:30:00+00:00,54.62,54.71,54.51,54.65,5157
2026-06-09T20:35:00+00:00,54.68,54.68,54.5,54.628,4587
2026-06-09T20:40:00+00:00,54.62,54.75,54.62,54.75,7925
2026-06-09T20:45:00+00:00,54.75,54.8,54.68,54.7,3590
2026-06-09T20:50:00+00:00,54.69,54.78,54.66,54.734,3960
2026-06-09T20:55:00+00:00,54.7,54.78,54.69,54.78,3449
2026-06-09T21:00:00+00:00,54.75,54.78,54.62,54.7,3638
2026-06-09T21:05:00+00:00,54.71,54.71,54.51,54.556,1976
2026-06-09T21:10:00+00:00,54.518,54.7,54.51,54.55,3721
2026-06-09T21:15:00+00:00,54.55,54.55,54.15,54.42,7802
2026-06-09T21:20:00+00:00,54.36,54.5,53.85,53.861,6628
2026-06-09T21:25:00+00:00,53.84,54.0,53.79,53.821,8355
2026-06-09T21:30:00+00:00,53.87,54.22,53.82,53.96,2273
2026-06-09T21:35:00+00:00,53.93,54.2,53.82,53.907,3106
2026-06-09T21:40:00+00:00,53.93,54.33,53.82,54.0,4496
2026-06-09T21:45:00+00:00,54.0,54.2,53.91,53.98,19743
2026-06-09T21:50:00+00:00,53.98,54.16,53.925,54.03,2200
2026-06-09T21:55:00+00:00,54.03,54.2,54.03,54.2,4056
2026-06-09T22:00:00+00:00,54.16,54.33,54.09,54.18,1984
2026-06-09T22:05:00+00:00,54.1,54.18,54.0,54.14,1487
2026-06-09T22:10:00+00:00,54.09,54.15,54.03,54.13,3019
2026-06-09T22:15:00+00:00,54.13,54.15,54.01,54.02,1961
2026-06-09T22:20:00+00:00,54.12,54.15,54.0,54.14,5094
2026-06-09T22:25:00+00:00,54.15,54.15,54.0,54.08,2548
2026-06-09T22:30:00+00:00,54.1,54.15,54.0,54.11,5676
2026-06-09T22:35:00+00:00,54.0,54.14,53.9,53.9,3278
2026-06-09T22:40:00+00:00,53.9,53.93,53.5,53.56,9199
2026-06-09T22:45:00+00:00,53.75,53.75,53.51,53.51,9251
2026-06-09T22:50:00+00:00,53.52,53.75,53.15,53.35,8356
2026-06-09T22:55:00+00:00,53.39,53.55,53.34,53.4,2789
2026-06-09T23:00:00+00:00,53.46,53.59,53.21,53.47,11188
2026-06-09T23:05:00+00:00,53.48,53.93,53.25,53.69,2338
2026-06-09T23:10:00+00:00,53.63,53.7,53.45,53.61,2819
2026-06-09T23:15:00+00:00,53.451,53.6,53.21,53.48,4426
2026-06-09T23:20:00+00:00,53.48,53.69,53.4,53.56,4904
2026-06-09T23:25:00+00:00,53.56,53.56,53.34,53.39,2443
2026-06-09T23:30:00+00:00,53.37,53.4,53.24,53.35,3089
2026-06-09T23:35:00+00:00,53.37,53.57,53.31,53.35,3181
2026-06-09T23:40:00+00:00,53.43,53.5,53.32,53.5,3911
2026-06-09T23:45:00+00:00,53.499,53.606,53.45,53.45,12424
2026-06-09T23:50:00+00:00,53.45,53.59,53.4,53.5,6210
2026-06-09T23:55:00+00:00,53.41,53.73,53.406,53.639,4642
2026-06-10T08:00:00+00:00,53.46,53.81,52.3,53.25,60266
2026-06-10T08:05:00+00:00,53.45,53.8,52.3,53.25,14923
2026-06-10T08:10:00+00:00,53.25,53.51,53.06,53.08,3393
2026-06-10T08:15:00+00:00,53.08,53.174,52.75,52.76,6501
2026-06-10T08:20:00+00:00,52.72,52.904,52.713,52.713,2828
2026-06-10T08:25:00+00:00,52.7,52.8,52.65,52.77,1656
2026-06-10T08:30:00+00:00,52.77,52.77,52.6,52.6,4778
2026-06-10T08:35:00+00:00,52.6,52.82,52.6,52.79,467
2026-06-10T08:40:00+00:00,52.79,52.8,52.37,52.64,2242
2026-06-10T08:45:00+00:00,52.35,52.41,52.25,52.32,3472
2026-06-10T08:50:00+00:00,52.267,52.55,52.25,52.55,3599
2026-06-10T08:55:00+00:00,52.384,52.541,52.22,52.24,1948
2026-06-10T09:00:00+00:00,52.31,52.48,52.2,52.387,4987
2026-06-10T09:05:00+00:00,52.252,52.49,52.252,52.326,2381
2026-06-10T09:10:00+00:00,52.3,52.464,52.1,52.1,2049
2026-06-10T09:15:00+00:00,52.13,52.176,51.88,52.1,20899
2026-06-10T09:20:00+00:00,51.957,52.08,51.801,51.995,8986
2026-06-10T09:25:00+00:00,52.02,52.48,52.01,52.31,3367
2026-06-10T09:30:00+00:00,52.46,52.49,52.32,52.33,2502
2026-06-10T09:35:00+00:00,52.345,52.683,52.345,52.683,4842
2026-06-10T09:40:00+00:00,52.55,52.68,52.37,52.42,2007
2026-06-10T09:45:00+00:00,52.39,52.55,52.38,52.4,1301
2026-06-10T09:50:00+00:00,52.4,52.62,52.4,52.55,655
2026-06-10T09:55:00+00:00,52.67,52.795,52.6,52.795,2057
2026-06-10T10:00:00+00:00,52.8,52.8,52.5,52.607,1421
2026-06-10T10:05:00+00:00,52.56,52.6,52.414,52.55,1803
2026-06-10T10:10:00+00:00,52.55,52.73,52.528,52.65,488
2026-06-10T10:15:00+00:00,52.56,52.57,52.4,52.551,852
2026-06-10T10:20:00+00:00,52.54,52.54,52.328,52.5,1463
2026-06-10T10:25:00+00:00,52.46,52.63,52.44,52.52,1022
2026-06-10T10:30:00+00:00,52.55,52.67,52.46,52.47,661
2026-06-10T10:35:00+00:00,52.46,52.58,52.43,52.58,747
2026-06-10T10:40:00+00:00,52.58,52.65,52.47,52.64,1736
2026-06-10T10:45:00+00:00,52.64,52.78,52.639,52.78,1728
2026-06-10T10:50:00+00:00,52.76,52.8,52.6,52.763,883
2026-06-10T10:55:00+00:00,52.69,52.9,52.69,52.8,3768
2026-06-10T11:00:00+00:00,52.85,52.99,52.401,52.401,15829
2026-06-10T11:05:00+00:00,52.41,52.62,52.25,52.52,8277
2026-06-10T11:10:00+00:00,52.43,52.65,52.26,52.6,7706
2026-06-10T11:15:00+00:00,52.52,52.66,52.5,52.541,3369
2026-06-10T11:20:00+00:00,52.544,52.773,52.43,52.49,18194
2026-06-10T11:25:00+00:00,52.5,52.67,52.25,52.35,11927
2026-06-10T11:30:00+00:00,52.31,52.46,52.24,52.272,8582
2026-06-10T11:35:00+00:00,52.39,52.44,52.03,52.05,8423
2026-06-10T11:40:00+00:00,52.08,52.23,52.03,52.03,14500
2026-06-10T11:45:00+00:00,52.04,52.09,51.9,52.0,11835
2026-06-10T11:50:00+00:00,51.97,52.11,51.916,52.0,9033
2026-06-10T11:55:00+00:00,52.07,52.14,51.99,51.99,10025
2026-06-10T12:00:00+00:00,52.0,52.09,51.96,51.996,6515
2026-06-10T12:05:00+00:00,52.036,52.23,51.95,52.13,12070
2026-06-10T12:10:00+00:00,52.126,52.19,51.95,52.15,11875
2026-06-10T12:15:00+00:00,52.05,52.17,51.9,51.93,13706
2026-06-10T12:20:00+00:00,52.0,52.19,51.96,52.1,7347
2026-06-10T12:25:00+00:00,52.1,52.45,52.02,52.391,20272
2026-06-10T12:30:00+00:00,52.398,55.15,52.27,54.6,142771
2026-06-10T12:35:00+00:00,54.53,54.66,53.9,54.23,89750
2026-06-10T12:40:00+00:00,54.23,54.26,53.8,54.0,55472
2026-06-10T12:45:00+00:00,53.94,54.3,53.69,54.29,52431
2026-06-10T12:50:00+00:00,54.3,54.3,53.626,53.76,54243
2026-06-10T12:55:00+00:00,53.758,53.76,53.23,53.3,27263
2026-06-10T13:00:00+00:00,53.34,53.5,53.13,53.2,23508
2026-06-10T13:05:00+00:00,53.25,53.48,53.05,53.4,31095
2026-06-10T13:10:00+00:00,53.376,53.75,53.266,53.44,17424
2026-06-10T13:15:00+00:00,53.41,53.7,53.3,53.59,7865
2026-06-10T13:20:00+00:00,53.6,54.0,53.55,53.89,35686
2026-06-10T13:25:00+00:00,53.82,54.123,53.82,54.02,15260
2026-06-10T13:30:00+00:00,53.92,54.85,53.8,53.96,523027
2026-06-10T13:35:00+00:00,53.94,55.47,53.71,55.185,717954
2026-06-10T13:40:00+00:00,55.19,55.615,54.9,55.415,558442
2026-06-10T13:45:00+00:00,55.4,56.46,55.35,56.33,675373
2026-06-10T13:50:00+00:00,56.32,56.33,55.424,55.545,540932
2026-06-10T13:55:00+00:00,55.56,55.61,54.65,54.813,467092
2026-06-10T14:00:00+00:00,54.835,55.36,54.34,55.35,403241
2026-06-10T14:05:00+00:00,55.32,55.457,54.883,55.13,364471
2026-06-10T14:10:00+00:00,55.13,55.3,54.84,54.85,277045
2026-06-10T14:15:00+00:00,54.86,55.14,54.462,54.975,278682
2026-06-10T14:20:00+00:00,54.96,55.47,54.74,55.37,372701
2026-06-10T14:25:00+00:00,55.365,55.47,55.005,55.34,341361
2026-06-10T14:30:00+00:00,55.31,55.43,54.815,55.35,234294
2026-06-10T14:35:00+00:00,55.36,55.43,54.8,54.99,233484
2026-06-10T14:40:00+00:00,54.95,55.191,54.455,54.455,229157
2026-06-10T14:45:00+00:00,54.45,54.52,53.85,54.08,515584
2026-06-10T14:50:00+00:00,54.071,54.34,53.965,54.16,257549
2026-06-10T14:55:00+00:00,54.19,54.26,53.103,53.52,394367
2026-06-10T15:00:00+00:00,53.51,54.03,53.185,53.54,282296
2026-06-10T15:05:00+00:00,53.565,53.64,53.02,53.15,200256
2026-06-10T15:10:00+00:00,53.15,53.23,52.48,52.49,347124
2026-06-10T15:15:00+00:00,52.45,52.72,52.2,52.56,245102
2026-06-10T15:20:00+00:00,52.52,53.08,52.44,52.965,367381
2026-06-10T15:25:00+00:00,52.96,53.18,52.65,52.65,270068
2026-06-10T15:30:00+00:00,52.65,52.99,52.34,52.605,275962
2026-06-10T15:35:00+00:00,52.56,52.769,52.28,52.48,145998
2026-06-10T15:40:00+00:00,52.46,52.99,52.34,52.895,182751
2026-06-10T15:45:00+00:00,52.898,53.083,52.04,52.255,331082
2026-06-10T15:50:00+00:00,52.235,52.75,51.82,52.616,417273
2026-06-10T15:55:00+00:00,52.59,53.05,52.311,52.975,248856
2026-06-10T16:00:00+00:00,53.0,53.189,52.74,52.97,242332
2026-06-10T16:05:00+00:00,52.972,53.25,52.801,52.92,213453
2026-06-10T16:10:00+00:00,52.92,52.92,52.5,52.53,188985
2026-06-10T16:15:00+00:00,52.545,52.78,52.36,52.595,154359
2026-06-10T16:20:00+00:00,52.604,52.74,52.39,52.423,156535
2026-06-10T16:25:00+00:00,52.45,52.67,52.4,52.56,69727
2026-06-10T16:30:00+00:00,52.56,52.78,52.39,52.78,91848
2026-06-10T16:35:00+00:00,52.765,52.95,52.525,52.71,126986
2026-06-10T16:40:00+00:00,52.7,52.77,52.31,52.312,111498
2026-06-10T16:45:00+00:00,52.3,52.305,51.885,52.169,259973
2026-06-10T16:50:00+00:00,52.15,52.47,52.085,52.33,165723
2026-06-10T16:55:00+00:00,52.335,52.455,52.13,52.445,108681
2026-06-10T17:00:00+00:00,52.46,52.85,52.398,52.83,208495
2026-06-10T17:05:00+00:00,52.85,52.87,52.51,52.63,154224
2026-06-10T17:10:00+00:00,52.601,52.66,52.39,52.56,157898
2026-06-10T17:15:00+00:00,52.55,52.64,52.431,52.48,96639
2026-06-10T17:20:00+00:00,52.48,52.56,52.295,52.55,112753
2026-06-10T17:25:00+00:00,52.55,52.665,52.445,52.54,93589
2026-06-10T17:30:00+00:00,52.55,52.64,52.28,52.54,131368
2026-06-10T17:35:00+00:00,52.54,52.59,52.4,52.43,108832
2026-06-10T17:40:00+00:00,52.43,52.715,52.42,52.465,155881
2026-06-10T17:45:00+00:00,52.465,53.345,52.435,53.22,201050
2026-06-10T17:50:00+00:00,53.24,53.325,52.9,53.12,149471
2026-06-10T17:55:00+00:00,53.12,53.29,53.105,53.21,144304
2026-06-10T18:00:00+00:00,53.22,53.48,53.22,53.44,222055
2026-06-10T18:05:00+00:00,53.439,53.47,53.04,53.115,179339
2026-06-10T18:10:00+00:00,53.12,53.51,53.119,53.43,164858
2026-06-10T18:15:00+00:00,53.43,53.499,53.03,53.1,291633
2026-06-10T18:20:00+00:00,53.09,53.275,52.95,53.09,182560
2026-06-10T18:25:00+00:00,53.07,53.07,52.8,52.905,132793
2026-06-10T18:30:00+00:00,52.89,52.93,52.655,52.79,384192
2026-06-10T18:35:00+00:00,52.78,52.78,52.32,52.46,222133
2026-06-10T18:40:00+00:00,52.46,52.54,52.19,52.305,157919
2026-06-10T18:45:00+00:00,52.31,52.41,52.26,52.28,130884
2026-06-10T18:50:00+00:00,52.28,52.37,52.12,52.3,252485
2026-06-10T18:55:00+00:00,52.31,52.35,52.15,52.29,194065
2026-06-10T19:00:00+00:00,52.295,52.36,52.08,52.205,223896
2026-06-10T19:05:00+00:00,52.21,52.49,52.12,52.22,200783
2026-06-10T19:10:00+00:00,52.21,52.23,51.88,51.9,279581
2026-06-10T19:15:00+00:00,51.92,51.93,51.62,51.64,273197
2026-06-10T19:20:00+00:00,51.64,51.705,51.52,51.705,246239
2026-06-10T19:25:00+00:00,51.7,51.74,51.35,51.59,367626
2026-06-10T19:30:00+00:00,51.58,51.95,51.49,51.86,326834
2026-06-10T19:35:00+00:00,51.85,52.01,51.63,51.675,288122
2026-06-10T19:40:00+00:00,51.68,51.77,51.48,51.495,473809
2026-06-10T19:45:00+00:00,51.49,51.515,51.22,51.515,581554
2026-06-10T19:50:00+00:00,51.52,51.7,51.405,51.615,568121
2026-06-10T19:55:00+00:00,51.6,51.79,51.47,51.52,961748
2026-06-10T20:00:00+00:00,51.45,51.7,51.24,51.7,18896
2026-06-10T20:05:00+00:00,51.52,51.7,50.69,51.04,84230
2026-06-10T20:10:00+00:00,51.006,51.6,51.006,51.18,50903
2026-06-10T20:15:00+00:00,51.18,51.39,51.03,51.12,7136
2026-06-10T20:20:00+00:00,51.19,51.47,51.153,51.38,14340
2026-06-10T20:25:00+00:00,51.36,51.46,51.12,51.14,8699
2026-06-10T20:30:00+00:00,51.161,51.4,51.0,51.378,10668
2026-06-10T20:35:00+00:00,51.3,51.4,51.15,51.38,31259
2026-06-10T20:40:00+00:00,51.45,51.5,51.16,51.168,18593
2026-06-10T20:45:00+00:00,51.19,51.34,50.88,51.14,13322
2026-06-10T20:50:00+00:00,51.01,51.16,50.881,50.9,128330
2026-06-10T20:55:00+00:00,50.9,51.06,50.88,50.91,4632
2026-06-10T21:00:00+00:00,50.91,51.06,50.88,50.995,8814
2026-06-10T21:05:00+00:00,51.0,51.0,50.71,50.84,4079
2026-06-10T21:10:00+00:00,50.749,50.95,50.72,50.82,5281
2026-06-10T21:15:00+00:00,50.82,51.0,50.808,50.999,8727
2026-06-10T21:20:00+00:00,50.995,51.11,50.91,51.02,6669
2026-06-10T21:25:00+00:00,51.11,51.11,50.96,50.99,7366
2026-06-10T21:30:00+00:00,50.97,51.03,50.97,50.992,8532
2026-06-10T21:35:00+00:00,51.0,51.03,50.86,50.88,11807
2026-06-10T21:40:00+00:00,50.86,50.98,50.86,50.98,6294
2026-06-10T21:45:00+00:00,50.98,50.98,50.83,50.95,2160
2026-06-10T21:50:00+00:00,50.97,50.97,50.8,50.88,4767
2026-06-10T21:55:00+00:00,50.878,50.98,50.81,50.9,4898
2026-06-10T22:00:00+00:00,50.92,51.0,50.69,50.8,4652
2026-06-10T22:05:00+00:00,50.75,50.8,50.5,50.51,14408
2026-06-10T22:10:00+00:00,50.508,50.68,50.3,50.6,13619
2026-06-10T22:15:00+00:00,50.65,50.65,50.48,50.52,5595
2026-06-10T22:20:00+00:00,50.52,51.52,50.47,50.55,11125
2026-06-10T22:25:00+00:00,50.55,50.55,50.47,50.52,6731
2026-06-10T22:30:00+00:00,50.51,50.8,50.5,50.65,3967
2026-06-10T22:35:00+00:00,50.6,50.9,50.5,50.8,7580
2026-06-10T22:40:00+00:00,50.8,50.8,50.57,50.65,17371
2026-06-10T22:45:00+00:00,50.658,50.658,50.5,50.52,4372
2026-06-10T22:50:00+00:00,50.53,50.53,50.25,50.25,13922
2026-06-10T22:55:00+00:00,50.24,50.24,50.0,50.14,18971
2026-06-10T23:00:00+00:00,50.05,50.19,50.04,50.15,6340
2026-06-10T23:05:00+00:00,50.1,50.16,50.0,50.011,6325
2026-06-10T23:10:00+00:00,50.02,50.05,49.99,50.0,15235
2026-06-10T23:15:00+00:00,50.0,50.0,49.53,49.78,19889
2026-06-10T23:20:00+00:00,49.79,50.2,49.79,50.11,18209
2026-06-10T23:25:00+00:00,50.15,50.72,50.1,50.59,21443
2026-06-10T23:30:00+00:00,50.59,50.59,50.24,50.45,11544
2026-06-10T23:35:00+00:00,50.383,50.85,50.27,50.75,15927
2026-06-10T23:40:00+00:00,50.85,50.85,50.61,50.84,6725
2026-06-10T23:45:00+00:00,50.8,50.84,50.61,50.63,5480
2026-06-10T23:50:00+00:00,50.645,50.7,50.28,50.7,6902
2026-06-10T23:55:00+00:00,50.7,50.7,50.5,50.688,12531
2026-06-11T08:00:00+00:00,53.01,53.12,52.03,52.89,53265
2026-06-11T08:05:00+00:00,52.88,53.14,52.24,53.05,7178
2026-06-11T08:10:00+00:00,53.06,53.41,52.961,53.41,3041
2026-06-11T08:15:00+00:00,53.37,53.42,53.17,53.25,4807
2026-06-11T08:20:00+00:00,53.266,53.38,53.09,53.22,7490
2026-06-11T08:25:00+00:00,53.34,53.495,53.25,53.33,6429
2026-06-11T08:30:00+00:00,53.4,53.43,53.27,53.35,1698
2026-06-11T08:35:00+00:00,53.432,53.59,53.38,53.46,8917
2026-06-11T08:40:00+00:00,53.54,53.54,53.31,53.422,9550
2026-06-11T08:45:00+00:00,53.44,53.496,53.3,53.3,3106
2026-06-11T08:50:00+00:00,53.325,53.42,53.16,53.164,6913
2026-06-11T08:55:00+00:00,53.17,53.44,53.108,53.3,6972
2026-06-11T09:00:00+00:00,53.34,53.436,53.26,53.37,1811
2026-06-11T09:05:00+00:00,53.37,53.49,53.34,53.34,2832
2026-06-11T09:10:00+00:00,53.34,53.39,53.23,53.251,2478
2026-06-11T09:15:00+00:00,53.26,53.28,53.0,53.02,7275
2026-06-11T09:20:00+00:00,53.037,53.147,53.0,53.0,4168
2026-06-11T09:25:00+00:00,53.03,53.342,53.01,53.29,537
2026-06-11T09:30:00+00:00,53.27,53.3,53.16,53.29,2251
2026-06-11T09:35:00+00:00,53.315,53.37,53.24,53.24,2593
2026-06-11T09:40:00+00:00,53.25,53.25,52.95,53.03,5109
2026-06-11T09:45:00+00:00,52.98,53.3,52.98,53.216,1125
2026-06-11T09:50:00+00:00,53.07,53.122,52.831,52.91,715
2026-06-11T09:55:00+00:00,52.9,52.95,52.85,52.9,1357
2026-06-11T10:00:00+00:00,52.932,52.946,52.815,52.895,1175
2026-06-11T10:05:00+00:00,52.9,53.12,52.87,53.07,709
2026-06-11T10:10:00+00:00,53.1,53.13,52.94,52.945,4891
2026-06-11T10:15:00+00:00,53.01,53.01,52.82,52.83,2711
2026-06-11T10:20:00+00:00,52.85,53.021,52.83,53.0,1582
2026-06-11T10:25:00+00:00,52.85,53.0,52.85,53.0,1466
2026-06-11T10:30:00+00:00,52.996,53.04,52.931,53.04,1065
2026-06-11T10:35:00+00:00,53.038,53.038,52.95,52.99,1544
2026-06-11T10:40:00+00:00,52.993,53.04,52.993,53.0,518
2026-06-11T10:45:00+00:00,53.035,53.038,53.0,53.0,610
2026-06-11T10:50:00+00:00,52.98,53.0,52.92,52.98,3696
2026-06-11T10:55:00+00:00,52.99,53.0,52.81,52.9,5555
2026-06-11T11:00:00+00:00,52.85,52.95,52.64,52.75,22671
2026-06-11T11:05:00+00:00,52.75,52.85,52.56,52.6,8717
2026-06-11T11:10:00+00:00,52.53,52.69,52.44,52.566,9562
2026-06-11T11:15:00+00:00,52.6,52.76,52.56,52.7,4114
2026-06-11T11:20:00+00:00,52.735,52.91,52.73,52.853,8667
2026-06-11T11:25:00+00:00,52.853,53.04,52.82,52.99,6884
2026-06-11T11:30:00+00:00,52.92,53.04,52.85,53.0,7820
2026-06-11T11:35:00+00:00,52.921,53.05,52.87,52.87,4040
2026-06-11T11:40:00+00:00,53.0,53.0,52.76,52.902,8470
2026-06-11T11:45:00+00:00,52.9,52.99,52.85,52.99,6029
2026-06-11T11:50:00+00:00,52.96,52.99,52.88,52.901,4146
2026-06-11T11:55:00+00:00,52.94,52.97,52.9,52.949,5793
2026-06-11T12:00:00+00:00,52.938,53.02,52.91,53.0,4891
2026-06-11T12:05:00+00:00,53.019,53.03,52.855,52.944,6239
2026-06-11T12:10:00+00:00,52.95,53.05,52.9,52.951,6282
2026-06-11T12:15:00+00:00,52.99,53.0,52.77,52.78,6182
2026-06-11T12:20:00+00:00,52.75,52.8,52.15,52.4,27192
2026-06-11T12:25:00+00:00,52.4,52.5,52.05,52.07,28203
2026-06-11T12:30:00+00:00,52.25,52.301,51.583,51.63,56991
2026-06-11T12:35:00+00:00,51.81,52.16,51.73,51.95,26799
2026-06-11T12:40:00+00:00,51.86,51.99,51.7,51.79,9724
2026-06-11T12:45:00+00:00,51.79,52.3,51.77,52.209,37768
2026-06-11T12:50:00+00:00,52.21,52.44,52.093,52.165,7097
2026-06-11T12:55:00+00:00,52.204,52.4,52.08,52.34,9543
2026-06-11T13:00:00+00:00,52.12,52.34,52.06,52.31,4874
2026-06-11T13:05:00+00:00,52.32,52.32,52.02,52.1,27349
2026-06-11T13:10:00+00:00,52.12,52.22,51.98,52.0,9265
2026-06-11T13:15:00+00:00,52.05,52.1,51.9,52.09,5065
2026-06-11T13:20:00+00:00,52.0,52.18,52.0,52.15,4391
2026-06-11T13:25:00+00:00,52.07,52.07,51.0,51.18,33499
2026-06-11T13:30:00+00:00,51.19,51.79,50.76,51.23,1048813
2026-06-11T13:35:00+00:00,51.22,51.47,50.98,51.295,575359
2026-06-11T13:40:00+00:00,51.31,51.32,50.77,51.1,480434
2026-06-11T13:45:00+00:00,51.11,52.55,51.03,52.47,725323
2026-06-11T13:50:00+00:00,52.47,53.67,52.47,53.455,827590
2026-06-11T13:55:00+00:00,53.435,53.76,53.28,53.74,682202
2026-06-11T14:00:00+00:00,53.735,54.235,53.66,53.89,671946
2026-06-11T14:05:00+00:00,53.84,53.969,53.38,53.54,513156
2026-06-11T14:10:00+00:00,53.57,53.57,52.87,52.93,541496
2026-06-11T14:15:00+00:00,52.9,53.35,52.65,52.925,442406
2026-06-11T14:20:00+00:00,52.92,53.62,52.855,53.31,461145
2026-06-11T14:25:00+00:00,53.3,53.53,52.91,53.23,346683
2026-06-11T14:30:00+00:00,53.245,53.64,52.86,53.64,357220
2026-06-11T14:35:00+00:00,53.6,53.98,53.49,53.71,374919
2026-06-11T14:40:00+00:00,53.739,53.85,53.465,53.48,228423
2026-06-11T14:45:00+00:00,53.495,53.83,53.42,53.69,264863
2026-06-11T14:50:00+00:00,53.68,54.05,53.52,53.69,348524
2026-06-11T14:55:00+00:00,53.69,53.74,52.98,53.07,724900
2026-06-11T15:00:00+00:00,53.07,53.34,52.61,53.24,478443
2026-06-11T15:05:00+00:00,53.23,53.74,53.06,53.6,869744
2026-06-11T15:10:00+00:00,53.61,53.87,53.44,53.74,308439
2026-06-11T15:15:00+00:00,53.76,54.01,53.51,53.74,227555
2026-06-11T15:20:00+00:00,53.77,54.21,53.74,54.03,379848
2026-06-11T15:25:00+00:00,54.04,54.12,53.7,53.83,569785
2026-06-11T15:30:00+00:00,53.81,54.12,53.68,54.1,262355
2026-06-11T15:35:00+00:00,54.105,54.455,54.06,54.189,314013
2026-06-11T15:40:00+00:00,54.17,54.38,53.87,54.05,268652
2026-06-11T15:45:00+00:00,54.06,54.275,53.94,54.05,232620
2026-06-11T15:50:00+00:00,54.05,54.1,53.68,53.83,200714
2026-06-11T15:55:00+00:00,53.83,54.11,53.68,54.04,195076
2026-06-11T16:00:00+00:00,54.01,54.367,53.886,54.08,190867
2026-06-11T16:05:00+00:00,54.095,54.39,54.06,54.3,184268
2026-06-11T16:10:00+00:00,54.27,54.37,54.16,54.24,156317
2026-06-11T16:15:00+00:00,54.3,54.54,54.19,54.485,298991
2026-06-11T16:20:00+00:00,54.49,54.56,53.98,54.045,249753
2026-06-11T16:25:00+00:00,54.08,54.313,53.94,53.95,243658
2026-06-11T16:30:00+00:00,53.945,54.45,53.73,54.302,276305
2026-06-11T16:35:00+00:00,54.26,54.42,54.01,54.12,196807
2026-06-11T16:40:00+00:00,54.13,54.2,53.92,54.08,157776
2026-06-11T16:45:00+00:00,54.06,54.21,53.85,54.05,161250
2026-06-11T16:50:00+00:00,54.05,54.07,53.71,53.8,175200
2026-06-11T16:55:00+00:00,53.83,53.84,53.48,53.49,255983
2026-06-11T17:00:00+00:00,53.49,53.84,53.45,53.595,265327
2026-06-11T17:05:00+00:00,53.59,53.91,53.515,53.765,216448
2026-06-11T17:10:00+00:00,53.758,53.86,53.34,53.515,177069
2026-06-11T17:15:00+00:00,53.5,53.59,53.2,53.28,190954
2026-06-11T17:20:00+00:00,53.31,53.5,53.1,53.45,528681
2026-06-11T17:25:00+00:00,53.455,54.638,53.361,54.5,373391
2026-06-11T17:30:00+00:00,54.52,55.27,54.52,55.15,871060
2026-06-11T17:35:00+00:00,55.16,55.25,54.81,55.175,533550
2026-06-11T17:40:00+00:00,55.21,55.67,55.0,55.58,545775
2026-06-11T17:45:00+00:00,55.59,55.74,55.285,55.64,438728
2026-06-11T17:50:00+00:00,55.66,55.69,55.231,55.63,327012
2026-06-11T17:55:00+00:00,55.63,56.16,55.435,56.15,497231
2026-06-11T18:00:00+00:00,56.15,56.332,55.626,55.68,461122
2026-06-11T18:05:00+00:00,55.68,55.77,55.32,55.56,359589
2026-06-11T18:10:00+00:00,55.556,55.9,55.48,55.89,503516
2026-06-11T18:15:00+00:00,55.87,56.075,55.73,55.752,294606
2026-06-11T18:20:00+00:00,55.744,55.75,55.15,55.56,404118
2026-06-11T18:25:00+00:00,55.55,55.67,55.34,55.52,215836
2026-06-11T18:30:00+00:00,55.53,55.96,55.44,55.82,193589
2026-06-11T18:35:00+00:00,55.83,56.26,55.66,56.18,249130
2026-06-11T18:40:00+00:00,56.19,56.33,56.048,56.25,198229
2026-06-11T18:45:00+00:00,56.25,56.264,55.86,55.915,244167
2026-06-11T18:50:00+00:00,55.92,56.03,55.59,55.71,366267
2026-06-11T18:55:00+00:00,55.705,55.868,55.57,55.7,205417
2026-06-11T19:00:00+00:00,55.675,55.98,55.655,55.82,215944
2026-06-11T19:05:00+00:00,55.83,56.13,55.56,56.025,211373
2026-06-11T19:10:00+00:00,56.025,56.25,55.92,56.2,222241
2026-06-11T19:15:00+00:00,56.222,56.62,56.2,56.575,460208
2026-06-11T19:20:00+00:00,56.575,56.68,56.45,56.485,219914
2026-06-11T19:25:00+00:00,56.49,56.55,56.38,56.44,189047
2026-06-11T19:30:00+00:00,56.445,57.02,56.44,56.95,397614
2026-06-11T19:35:00+00:00,56.97,57.04,56.36,56.4,303324
2026-06-11T19:40:00+00:00,56.4,56.86,56.32,56.58,298128
2026-06-11T19:45:00+00:00,56.59,56.78,56.51,56.645,283125
2026-06-11T19:50:00+00:00,56.67,57.09,56.37,56.96,504568
2026-06-11T19:55:00+00:00,56.96,56.96,56.4,56.71,1019417
2026-06-11T20:00:00+00:00,56.71,57.19,56.62,57.09,735537
2026-06-11T20:05:00+00:00,57.09,57.4,56.97,57.179,40851
2026-06-11T20:10:00+00:00,57.21,57.35,56.71,57.33,26404
2026-06-11T20:15:00+00:00,57.33,57.33,57.11,57.11,10715
2026-06-11T20:20:00+00:00,57.14,57.182,56.9,56.9,14007
2026-06-11T20:25:00+00:00,56.91,57.04,56.67,56.879,15591
2026-06-11T20:30:00+00:00,56.87,56.88,56.5,56.75,30250
2026-06-11T20:35:00+00:00,56.68,56.88,56.57,56.73,8227
2026-06-11T20:40:00+00:00,56.73,56.75,56.58,56.66,3999
2026-06-11T20:45:00+00:00,56.692,56.9,56.52,56.84,5307
2026-06-11T20:50:00+00:00,56.84,57.1,56.75,57.05,8474
2026-06-11T20:55:00+00:00,57.05,57.18,57.03,57.18,3150
2026-06-11T21:00:00+00:00,57.11,57.2,57.03,57.09,976368
2026-06-11T21:05:00+00:00,57.12,57.18,56.83,56.94,29229
2026-06-11T21:10:00+00:00,56.84,56.94,56.81,56.9,10377
2026-06-11T21:15:00+00:00,56.887,57.12,56.88,57.12,6452
2026-06-11T21:20:00+00:00,57.104,57.12,56.92,57.01,5993
2026-06-11T21:25:00+00:00,57.1,57.12,57.01,57.03,5919
2026-06-11T21:30:00+00:00,57.04,57.12,57.01,57.01,1544
2026-06-11T21:35:00+00:00,57.04,57.12,57.01,57.11,1675
2026-06-11T21:40:00+00:00,57.08,57.102,57.02,57.08,9607
2026-06-11T21:45:00+00:00,57.09,57.2,57.07,57.2,6071
2026-06-11T21:50:00+00:00,57.196,57.25,57.12,57.25,3936
2026-06-11T21:55:00+00:00,57.12,57.25,57.12,57.24,5603
2026-06-11T22:00:00+00:00,57.23,57.24,57.12,57.12,2627
2026-06-11T22:05:00+00:00,57.19,57.3,57.15,57.3,3736
2026-06-11T22:10:00+00:00,57.299,57.34,57.21,57.3,3949
2026-06-11T22:15:00+00:00,57.35,57.44,57.25,57.25,5290
2026-06-11T22:20:00+00:00,57.25,57.37,56.71,57.201,7218
2026-06-11T22:25:00+00:00,57.3,57.3,57.13,57.15,2436
2026-06-11T22:30:00+00:00,57.155,57.25,57.12,57.16,2550
2026-06-11T22:35:00+00:00,57.15,57.17,57.12,57.14,2850
2026-06-11T22:40:00+00:00,57.15,57.33,57.12,57.2,3524
2026-06-11T22:45:00+00:00,57.23,57.36,57.23,57.32,2360
2026-06-11T22:50:00+00:00,57.3,57.35,57.25,57.32,3288
2026-06-11T22:55:00+00:00,57.31,57.35,57.16,57.26,4332
2026-06-11T23:00:00+00:00,57.2,57.243,57.1,57.13,2559
2026-06-11T23:05:00+00:00,57.07,57.14,57.01,57.106,1807
2026-06-11T23:10:00+00:00,57.1,57.28,57.1,57.17,2162
2026-06-11T23:15:00+00:00,57.13,57.25,57.13,57.25,6816
2026-06-11T23:20:00+00:00,57.25,57.4,57.246,57.246,7713
2026-06-11T23:25:00+00:00,57.25,57.26,57.1,57.101,2012
2026-06-11T23:30:00+00:00,57.145,57.27,57.12,57.25,22574
2026-06-11T23:35:00+00:00,57.27,57.33,57.25,57.3,3989
2026-06-11T23:40:00+00:00,57.3,57.49,57.3,57.49,7441
2026-06-11T23:45:00+00:00,57.49,57.581,57.401,57.482,10228
2026-06-11T23:50:00+00:00,57.5,57.52,57.4,57.5,3043
2026-06-11T23:55:00+00:00,57.4,57.519,57.4,57.5,15553
2026-06-12T08:00:00+00:00,55.44,57.6,55.3,56.482,90818
2026-06-12T08:05:00+00:00,55.93,57.45,55.32,56.287,15014
2026-06-12T08:10:00+00:00,56.35,56.56,56.35,56.5,3708
2026-06-12T08:15:00+00:00,56.45,56.78,56.31,56.74,4580
2026-06-12T08:20:00+00:00,56.74,57.25,56.71,57.023,8686
2026-06-12T08:25:00+00:00,57.033,57.18,56.881,57.0,2384
2026-06-12T08:30:00+00:00,57.0,57.0,56.671,56.74,3143
2026-06-12T08:35:00+00:00,56.72,56.73,56.55,56.6,2502
2026-06-12T08:40:00+00:00,56.568,56.66,56.405,56.51,1055
2026-06-12T08:45:00+00:00,56.61,56.75,56.5,56.75,1065
2026-06-12T08:50:00+00:00,56.75,56.8,56.65,56.779,270
2026-06-12T08:55:00+00:00,56.792,56.8,56.67,56.67,1340
2026-06-12T09:00:00+00:00,56.67,56.804,56.67,56.804,1067
2026-06-12T09:05:00+00:00,56.88,56.9,56.71,56.9,1052
2026-06-12T09:10:00+00:00,56.889,56.9,56.79,56.9,450
2026-06-12T09:15:00+00:00,56.9,57.1,56.9,57.03,2095
2026-06-12T09:20:00+00:00,57.062,57.162,57.02,57.02,3230
2026-06-12T09:25:00+00:00,57.02,57.316,57.0,57.316,647
2026-06-12T09:30:00+00:00,57.31,57.45,57.214,57.438,2442
2026-06-12T09:35:00+00:00,57.44,57.616,57.44,57.614,9215
2026-06-12T09:40:00+00:00,57.546,57.69,57.51,57.67,5112
2026-06-12T09:45:00+00:00,57.67,57.67,57.56,57.6,2950
2026-06-12T09:50:00+00:00,57.59,57.6,57.53,57.537,1883
2026-06-12T09:55:00+00:00,57.59,57.67,57.53,57.59,1932
2026-06-12T10:00:00+00:00,57.542,57.67,57.54,57.66,3059
2026-06-12T10:05:00+00:00,57.66,57.68,57.55,57.68,6879
2026-06-12T10:10:00+00:00,57.673,57.69,57.48,57.48,3095
2026-06-12T10:15:00+00:00,57.48,57.63,57.4,57.44,453
2026-06-12T10:20:00+00:00,57.46,57.476,57.4,57.43,1696
2026-06-12T10:25:00+00:00,57.4,57.4,56.898,57.07,5787
2026-06-12T10:30:00+00:00,57.07,57.34,57.05,57.05,1901
2026-06-12T10:35:00+00:00,57.05,57.2,57.036,57.07,2676
2026-06-12T10:40:00+00:00,57.07,57.225,57.0,57.1,1852
2026-06-12T10:45:00+00:00,57.1,57.189,56.951,57.03,2389
2026-06-12T10:50:00+00:00,57.03,57.053,56.93,56.988,2080
2026-06-12T10:55:00+00:00,56.99,57.018,56.905,56.915,2246
2026-06-12T11:00:00+00:00,56.95,57.41,56.95,57.306,6843
2026-06-12T11:05:00+00:00,57.3,57.41,57.1,57.24,6130
2026-06-12T11:10:00+00:00,57.27,57.41,57.2,57.24,3669
2026-06-12T11:15:00+00:00,57.204,57.4,57.06,57.24,4295
2026-06-12T11:20:00+00:00,57.25,57.49,57.241,57.454,4692
2026-06-12T11:25:00+00:00,57.476,57.5,57.32,57.47,12254
2026-06-12T11:30:00+00:00,57.47,57.55,57.38,57.49,5010
2026-06-12T11:35:00+00:00,57.452,57.57,57.33,57.562,10601
2026-06-12T11:40:00+00:00,57.57,57.69,57.44,57.5,7108
2026-06-12T11:45:00+00:00,57.62,57.75,57.52,57.65,8285
2026-06-12T11:50:00+00:00,57.65,57.734,57.62,57.69,3498
2026-06-12T11:55:00+00:00,57.64,57.7,57.5,57.62,9744
2026-06-12T12:00:00+00:00,57.54,57.68,57.43,57.44,11007
2026-06-12T12:05:00+00:00,57.499,57.5,57.35,57.401,5599
2026-06-12T12:10:00+00:00,57.43,57.5,57.33,57.46,5811
2026-06-12T12:15:00+00:00,57.35,57.453,57.27,57.33,6711
2026-06-12T12:20:00+00:00,57.397,57.4,57.2,57.21,3160
2026-06-12T12:25:00+00:00,57.28,57.28,57.01,57.01,12697
2026-06-12T12:30:00+00:00,57.002,57.06,56.835,56.835,12842
2026-06-12T12:35:00+00:00,56.834,56.93,56.64,56.64,6705
2026-06-12T12:40:00+00:00,56.64,56.8,56.54,56.779,14059
2026-06-12T12:45:00+00:00,56.62,56.73,56.4,56.584,9947
2026-06-12T12:50:00+00:00,56.501,56.55,56.15,56.17,7909
2026-06-12T12:55:00+00:00,56.171,56.26,56.0,56.02,27769
2026-06-12T13:00:00+00:00,56.03,56.16,55.75,56.1,28042
2026-06-12T13:05:00+00:00,56.15,56.5,56.05,56.303,15235
2026-06-12T13:10:00+00:00,56.31,56.44,56.07,56.44,10148
2026-06-12T13:15:00+00:00,56.41,56.72,56.2,56.53,14011
2026-06-12T13:20:00+00:00,56.58,56.68,56.412,56.51,12455
2026-06-12T13:25:00+00:00,56.58,56.79,56.3,56.41,6566
2026-06-12T13:30:00+00:00,56.505,58.18,55.94,57.96,955713
2026-06-12T13:35:00+00:00,57.97,58.81,57.885,58.645,768778
2026-06-12T13:40:00+00:00,58.64,58.92,57.72,57.88,968784
2026-06-12T13:45:00+00:00,57.9,58.97,57.43,58.89,656936
2026-06-12T13:50:00+00:00,58.895,59.215,58.255,58.52,607380
2026-06-12T13:55:00+00:00,58.55,58.92,58.24,58.76,479241
2026-06-12T14:00:00+00:00,58.81,59.78,58.62,59.45,1028864
2026-06-12T14:05:00+00:00,59.48,60.1,59.34,59.829,670500
2026-06-12T14:10:00+00:00,59.82,60.01,59.6,59.68,437497
2026-06-12T14:15:00+00:00,59.68,60.185,59.51,59.77,481976
2026-06-12T14:20:00+00:00,59.81,60.062,59.26,59.43,433968
2026-06-12T14:25:00+00:00,59.45,59.94,59.32,59.65,312343
2026-06-12T14:30:00+00:00,59.63,59.94,59.55,59.865,284334
2026-06-12T14:35:00+00:00,59.85,60.615,59.77,60.195,502922
2026-06-12T14:40:00+00:00,60.195,60.22,59.36,59.52,385987
2026-06-12T14:45:00+00:00,59.51,59.87,58.95,59.06,491719
2026-06-12T14:50:00+00:00,59.04,60.31,58.99,60.26,552604
2026-06-12T14:55:00+00:00,60.23,60.92,60.165,60.74,582732
2026-06-12T15:00:00+00:00,60.77,61.011,60.51,60.675,505837
2026-06-12T15:05:00+00:00,60.64,61.34,60.59,61.123,536192
2026-06-12T15:10:00+00:00,61.105,61.398,60.94,61.265,603437
2026-06-12T15:15:00+00:00,61.265,61.4,61.039,61.19,269784
2026-06-12T15:20:00+00:00,61.195,61.27,60.95,61.14,322606
2026-06-12T15:25:00+00:00,61.13,61.18,60.91,61.03,260384
2026-06-12T15:30:00+00:00,61.01,61.1,60.62,60.65,341668
2026-06-12T15:35:00+00:00,60.65,60.89,60.33,60.76,344718
2026-06-12T15:40:00+00:00,60.75,60.785,60.12,60.29,252499
2026-06-12T15:45:00+00:00,60.29,60.59,59.633,59.735,297485
2026-06-12T15:50:00+00:00,59.8,60.41,59.65,59.955,274036
2026-06-12T15:55:00+00:00,59.93,59.98,58.85,59.065,357430
2026-06-12T16:00:00+00:00,59.06,59.43,58.87,59.22,370678
2026-06-12T16:05:00+00:00,59.23,59.67,59.07,59.53,331440
2026-06-12T16:10:00+00:00,59.52,60.239,59.33,59.95,432560
2026-06-12T16:15:00+00:00,59.987,60.26,59.65,60.09,283848
2026-06-12T16:20:00+00:00,60.06,60.27,59.87,60.11,233621
2026-06-12T16:25:00+00:00,60.13,60.27,59.9,60.161,240348
2026-06-12T16:30:00+00:00,60.15,60.515,60.06,60.496,187165
2026-06-12T16:35:00+00:00,60.48,60.68,60.331,60.59,207157
2026-06-12T16:40:00+00:00,60.61,60.82,60.48,60.6,220781
2026-06-12T16:45:00+00:00,60.62,60.85,60.48,60.815,167213
2026-06-12T16:50:00+00:00,60.82,60.96,60.48,60.48,189224
2026-06-12T16:55:00+00:00,60.51,60.8,60.41,60.71,237352
2026-06-12T17:00:00+00:00,60.745,60.815,60.59,60.73,212454
2026-06-12T17:05:00+00:00,60.735,61.03,60.7,60.92,265759
2026-06-12T17:10:00+00:00,60.93,60.97,60.59,60.77,185432
2026-06-12T17:15:00+00:00,60.805,60.89,60.64,60.85,143438
2026-06-12T17:20:00+00:00,60.86,60.87,60.48,60.65,160791
2026-06-12T17:25:00+00:00,60.64,60.79,60.48,60.62,143477
2026-06-12T17:30:00+00:00,60.63,60.7,60.51,60.545,142536
2026-06-12T17:35:00+00:00,60.535,60.76,60.53,60.655,127260
2026-06-12T17:40:00+00:00,60.62,60.87,60.52,60.78,201372
2026-06-12T17:45:00+00:00,60.78,60.88,60.62,60.725,133741
2026-06-12T17:50:00+00:00,60.71,60.83,60.56,60.67,154131
2026-06-12T17:55:00+00:00,60.695,60.72,60.4,60.56,161101
2026-06-12T18:00:00+00:00,60.56,60.82,60.54,60.59,1596410
2026-06-12T18:05:00+00:00,60.61,60.91,60.5,60.718,346895
2026-06-12T18:10:00+00:00,60.695,61.07,60.63,60.91,302012
2026-06-12T18:15:00+00:00,60.908,61.06,60.745,60.83,197590
2026-06-12T18:20:00+00:00,60.82,60.89,60.64,60.69,210460
2026-06-12T18:25:00+00:00,60.715,60.91,60.53,60.591,180659
2026-06-12T18:30:00+00:00,60.6,60.98,60.53,60.73,207713
2026-06-12T18:35:00+00:00,60.735,60.85,60.62,60.83,133984
2026-06-12T18:40:00+00:00,60.82,61.02,60.79,60.97,215865
2026-06-12T18:45:00+00:00,60.97,60.97,60.72,60.913,153289
2026-06-12T18:50:00+00:00,60.94,61.05,60.76,60.77,180276
2026-06-12T18:55:00+00:00,60.76,60.85,60.25,60.3,303445
2026-06-12T19:00:00+00:00,60.3,60.65,60.23,60.44,306172
2026-06-12T19:05:00+00:00,60.45,60.51,60.25,60.27,191960
2026-06-12T19:10:00+00:00,60.27,60.385,59.92,60.03,349084
2026-06-12T19:15:00+00:00,60.04,60.408,59.9,60.335,278762
2026-06-12T19:20:00+00:00,60.37,60.37,59.8,59.97,271969
2026-06-12T19:25:00+00:00,59.99,60.14,59.795,59.955,285519
2026-06-12T19:30:00+00:00,59.925,60.11,59.72,59.945,341548
2026-06-12T19:35:00+00:00,59.95,60.45,59.84,60.0,403913
2026-06-12T19:40:00+00:00,60.0,60.34,59.98,60.06,197327
2026-06-12T19:45:00+00:00,60.06,60.125,59.68,59.91,311638
2026-06-12T19:50:00+00:00,59.92,59.96,59.68,59.77,404279
2026-06-12T19:55:00+00:00,59.77,59.91,59.53,59.77,1020188
2026-06-12T20:00:00+00:00,59.77,59.996,59.72,59.85,165034
2026-06-12T20:05:00+00:00,59.894,59.9,59.7,59.701,16154
2026-06-12T20:10:00+00:00,59.77,59.82,59.7,59.82,3959
2026-06-12T20:15:00+00:00,59.82,59.94,59.7,59.75,239076
2026-06-12T20:20:00+00:00,59.81,59.84,59.75,59.8,2043
2026-06-12T20:25:00+00:00,59.794,59.804,59.77,59.8,3551
2026-06-12T20:30:00+00:00,59.801,59.887,59.77,59.8,1435
2026-06-12T20:35:00+00:00,59.8,59.9,59.8,59.811,1657
2026-06-12T20:40:00+00:00,59.813,59.9,59.8,59.9,4640
2026-06-12T20:45:00+00:00,59.888,59.9,59.7,59.8,2452
2026-06-12T20:50:00+00:00,59.8,59.9,59.8,59.89,2698
2026-06-12T20:55:00+00:00,59.89,59.94,59.84,59.92,6882
2026-06-12T21:00:00+00:00,59.9,59.94,59.84,59.9,1332
2026-06-12T21:05:00+00:00,59.9,59.93,59.84,59.86,5885
2026-06-12T21:10:00+00:00,59.86,59.94,59.86,59.899,1211
2026-06-12T21:15:00+00:00,59.9,59.97,59.86,59.95,2580
2026-06-12T21:20:00+00:00,59.97,59.97,59.94,59.969,624
2026-06-12T21:25:00+00:00,59.96,59.98,59.94,59.98,730
2026-06-12T21:30:00+00:00,59.97,59.98,59.77,59.94,245730
2026-06-12T21:35:00+00:00,59.94,59.99,59.94,59.984,4862
2026-06-12T21:40:00+00:00,59.99,59.99,59.955,59.97,3181
2026-06-12T21:45:00+00:00,59.989,60.17,59.971,60.156,6284
2026-06-12T21:50:00+00:00,60.12,60.17,60.0,60.1,888
2026-06-12T21:55:00+00:00,60.01,60.13,60.0,60.08,388
2026-06-12T22:00:00+00:00,60.08,60.12,60.0,60.08,801
2026-06-12T22:05:00+00:00,60.06,60.17,60.051,60.08,2690
2026-06-12T22:10:00+00:00,60.08,60.17,60.08,60.15,2483
2026-06-12T22:15:00+00:00,60.15,60.17,60.12,60.14,472
2026-06-12T22:20:00+00:00,60.15,60.2,60.14,60.2,1417
2026-06-12T22:25:00+00:00,60.19,60.2,60.152,60.164,421
2026-06-12T22:30:00+00:00,60.16,60.2,60.01,60.01,1276
2026-06-12T22:35:00+00:00,60.0,60.08,60.0,60.0,844
2026-06-12T22:40:00+00:00,60.07,60.2,60.01,60.07,2995
2026-06-12T22:45:00+00:00,60.08,60.2,60.033,60.033,2032
2026-06-12T22:50:00+00:00,60.1,60.19,60.1,60.16,3216
2026-06-12T22:55:00+00:00,60.15,60.2,60.15,60.2,1629
2026-06-12T23:00:00+00:00,60.2,60.25,60.16,60.19,910
2026-06-12T23:05:00+00:00,60.19,60.25,60.16,60.2,1922
2026-06-12T23:10:00+00:00,60.168,60.22,60.16,60.18,1850
2026-06-12T23:15:00+00:00,60.19,60.2,60.13,60.15,8727
2026-06-12T23:20:00+00:00,60.17,60.2,60.15,60.194,1202
2026-06-12T23:25:00+00:00,60.2,60.22,60.15,60.2,5044
2026-06-12T23:30:00+00:00,60.24,60.28,60.15,60.18,11120
2026-06-12T23:35:00+00:00,60.185,60.28,60.15,60.18,7062
2026-06-12T23:40:00+00:00,60.2,60.28,60.2,60.25,1045
2026-06-12T23:45:00+00:00,60.22,60.25,60.1,60.16,4713
2026-06-12T23:50:00+00:00,60.15,60.38,60.15,60.2,5437
2026-06-12T23:55:00+00:00,60.34,60.4,60.21,60.391,4448
2026-06-15T08:00:00+00:00,62.56,63.8,62.56,63.34,81176
2026-06-15T08:05:00+00:00,63.3,63.81,62.73,63.25,18176
2026-06-15T08:10:00+00:00,63.22,63.4,63.143,63.22,6196
2026-06-15T08:15:00+00:00,63.28,63.52,63.217,63.31,1897
2026-06-15T08:20:00+00:00,63.27,63.395,63.216,63.3,2693
2026-06-15T08:25:00+00:00,63.24,63.4,63.2,63.29,2077
2026-06-15T08:30:00+00:00,63.219,63.5,63.219,63.41,5318
2026-06-15T08:35:00+00:00,63.41,63.545,63.4,63.54,5913
2026-06-15T08:40:00+00:00,63.5,63.59,63.45,63.566,2594
2026-06-15T08:45:00+00:00,63.51,63.75,63.51,63.63,3843
2026-06-15T08:50:00+00:00,63.69,63.7,63.42,63.45,1460
2026-06-15T08:55:00+00:00,63.45,63.593,63.423,63.483,1739
2026-06-15T09:00:00+00:00,63.51,63.595,63.5,63.51,1029
2026-06-15T09:05:00+00:00,63.505,63.6,63.42,63.5,4982
2026-06-15T09:10:00+00:00,63.504,63.592,63.45,63.5,4283
2026-06-15T09:15:00+00:00,63.48,63.51,63.31,63.35,8607
2026-06-15T09:20:00+00:00,63.35,63.38,63.272,63.34,1947
2026-06-15T09:25:00+00:00,63.35,63.393,63.26,63.34,3660
2026-06-15T09:30:00+00:00,63.33,63.392,63.3,63.3,2586
2026-06-15T09:35:00+00:00,63.34,63.39,63.256,63.28,5107
2026-06-15T09:40:00+00:00,63.28,63.3,62.95,62.98,17087
2026-06-15T09:45:00+00:00,62.974,63.0,62.9,62.98,4504
2026-06-15T09:50:00+00:00,62.98,63.128,62.86,62.94,12379
2026-06-15T09:55:00+00:00,62.88,62.96,62.87,62.92,799
2026-06-15T10:00:00+00:00,62.88,63.05,62.88,63.0,5374
2026-06-15T10:05:00+00:00,62.994,63.096,62.89,63.037,4189
2026-06-15T10:10:00+00:00,63.11,63.16,63.03,63.07,4690
2026-06-15T10:15:00+00:00,63.037,63.06,62.9,62.984,2667
2026-06-15T10:20:00+00:00,62.98,62.98,62.69,62.91,917
2026-06-15T10:25:00+00:00,62.827,62.99,62.819,62.87,270
2026-06-15T10:30:00+00:00,62.83,63.0,62.765,62.81,7397
2026-06-15T10:35:00+00:00,62.813,63.0,62.813,62.93,501
2026-06-15T10:40:00+00:00,62.93,63.031,62.767,63.031,2395
2026-06-15T10:45:00+00:00,63.03,63.077,62.82,62.9,11865
2026-06-15T10:50:00+00:00,63.0,63.06,62.9,62.96,1804
2026-06-15T10:55:00+00:00,62.98,63.04,62.84,63.0,3343
2026-06-15T11:00:00+00:00,62.84,63.26,62.76,63.081,47527
2026-06-15T11:05:00+00:00,63.22,63.4,63.09,63.38,18947
2026-06-15T11:10:00+00:00,63.33,63.42,63.2,63.2,37877
2026-06-15T11:15:00+00:00,63.256,63.35,63.131,63.35,14737
2026-06-15T11:20:00+00:00,63.3,63.39,63.29,63.371,6168
2026-06-15T11:25:00+00:00,63.39,63.5,63.31,63.465,14709
2026-06-15T11:30:00+00:00,63.5,63.612,63.369,63.37,12181
2026-06-15T11:35:00+00:00,63.37,63.37,63.22,63.25,8574
2026-06-15T11:40:00+00:00,63.25,63.37,63.11,63.185,10815
2026-06-15T11:45:00+00:00,63.1,63.14,62.92,63.05,29671
2026-06-15T11:50:00+00:00,63.0,63.23,63.0,63.11,4245
2026-06-15T11:55:00+00:00,63.174,63.23,63.02,63.164,8135
2026-06-15T12:00:00+00:00,63.06,63.14,62.92,62.95,8822
2026-06-15T12:05:00+00:00,62.95,63.1,62.86,63.0,4028
2026-06-15T12:10:00+00:00,63.0,63.05,62.89,62.9,4443
2026-06-15T12:15:00+00:00,62.877,63.0,62.877,62.95,9215
2026-06-15T12:20:00+00:00,62.98,62.98,62.6,62.6,58035
2026-06-15T12:25:00+00:00,62.6,62.724,62.26,62.4,368899
2026-06-15T12:30:00+00:00,62.476,62.69,62.37,62.57,8441
2026-06-15T12:35:00+00:00,62.55,62.65,62.4,62.65,21448
2026-06-15T12:40:00+00:00,62.61,62.85,62.59,62.61,10361
2026-06-15T12:45:00+00:00,62.67,62.67,62.5,62.58,9393
2026-06-15T12:50:00+00:00,62.59,62.66,62.49,62.56,18052
2026-06-15T12:55:00+00:00,62.51,62.66,62.462,62.6,10228
2026-06-15T13:00:00+00:00,62.51,62.6,62.37,62.423,13358
2026-06-15T13:05:00+00:00,62.43,62.619,62.407,62.57,9823
2026-06-15T13:10:00+00:00,62.57,62.6,62.4,62.478,18796
2026-06-15T13:15:00+00:00,62.49,62.57,62.4,62.434,9038
2026-06-15T13:20:00+00:00,62.439,62.7,62.42,62.67,15947
2026-06-15T13:25:00+00:00,62.65,63.0,62.16,62.18,32546
2026-06-15T13:30:00+00:00,62.32,63.01,61.45,62.595,890161
2026-06-15T13:35:00+00:00,62.6,63.17,61.92,61.998,725976
2026-06-15T13:40:00+00:00,61.94,62.75,61.76,62.195,800469
2026-06-15T13:45:00+00:00,62.19,62.31,61.5,61.818,606286
2026-06-15T13:50:00+00:00,61.82,62.75,61.82,62.55,527119
2026-06-15T13:55:00+00:00,62.56,62.84,61.775,62.02,602338
2026-06-15T14:00:00+00:00,62.03,62.11,61.36,61.44,538177
2026-06-15T14:05:00+00:00,61.47,61.82,61.4,61.685,329085
2026-06-15T14:10:00+00:00,61.695,61.742,61.14,61.452,383842
2026-06-15T14:15:00+00:00,61.445,61.51,61.05,61.15,314847
2026-06-15T14:20:00+00:00,61.15,61.285,60.82,60.87,522054
2026-06-15T14:25:00+00:00,60.865,61.53,60.86,61.48,412258
2026-06-15T14:30:00+00:00,61.5,61.57,60.76,61.095,422242
2026-06-15T14:35:00+00:00,61.107,61.38,60.975,61.34,294665
2026-06-15T14:40:00+00:00,61.36,61.43,61.13,61.2,245565
2026-06-15T14:45:00+00:00,61.23,61.325,60.82,60.835,206693
2026-06-15T14:50:00+00:00,60.85,61.02,60.75,60.805,264522
2026-06-15T14:55:00+00:00,60.819,60.86,60.62,60.8,248722
2026-06-15T15:00:00+00:00,60.83,61.1,60.695,60.71,219095
2026-06-15T15:05:00+00:00,60.72,60.82,60.428,60.75,334956
2026-06-15T15:10:00+00:00,60.76,60.8,60.41,60.53,225153
2026-06-15T15:15:00+00:00,60.565,60.81,60.48,60.8,164344
2026-06-15T15:20:00+00:00,60.78,61.23,60.74,61.22,270793
2026-06-15T15:25:00+00:00,61.21,61.57,61.01,61.445,295901
2026-06-15T15:30:00+00:00,61.435,61.68,61.35,61.57,357196
2026-06-15T15:35:00+00:00,61.56,61.816,61.53,61.71,249262
2026-06-15T15:40:00+00:00,61.75,61.855,61.63,61.84,208291
2026-06-15T15:45:00+00:00,61.85,62.11,61.81,61.99,367426
2026-06-15T15:50:00+00:00,61.97,61.985,61.52,61.63,267102
2026-06-15T15:55:00+00:00,61.62,61.63,61.31,61.48,169375
2026-06-15T16:00:00+00:00,61.5,61.99,61.41,61.9,278287
2026-06-15T16:05:00+00:00,61.895,62.132,61.86,62.12,178303
2026-06-15T16:10:00+00:00,62.115,62.13,61.89,62.05,143201
2026-06-15T16:15:00+00:00,62.04,62.11,61.82,61.89,167102
2026-06-15T16:20:00+00:00,61.88,61.975,61.788,61.919,84384
2026-06-15T16:25:00+00:00,61.94,62.13,61.81,62.11,136682
2026-06-15T16:30:00+00:00,62.12,62.19,61.94,62.03,171772
2026-06-15T16:35:00+00:00,62.07,62.07,61.8,61.83,120232
2026-06-15T16:40:00+00:00,61.82,61.97,61.784,61.84,180144
2026-06-15T16:45:00+00:00,61.83,61.89,61.68,61.84,157882
2026-06-15T16:50:00+00:00,61.857,61.98,61.76,61.875,105668
2026-06-15T16:55:00+00:00,61.88,62.05,61.78,61.99,126637
2026-06-15T17:00:00+00:00,61.999,62.43,61.952,62.31,256236
2026-06-15T17:05:00+00:00,62.32,62.36,62.06,62.11,182791
2026-06-15T17:10:00+00:00,62.115,62.2,61.99,62.105,111900
2026-06-15T17:15:00+00:00,62.095,62.22,62.0,62.049,151197
2026-06-15T17:20:00+00:00,62.045,62.1,61.89,62.061,101334
2026-06-15T17:25:00+00:00,62.055,62.13,61.92,61.95,132742
2026-06-15T17:30:00+00:00,61.975,62.1,61.95,62.08,102021
2026-06-15T17:35:00+00:00,62.09,62.17,62.02,62.075,129496
2026-06-15T17:40:00+00:00,62.05,62.08,61.82,61.835,120665
2026-06-15T17:45:00+00:00,61.83,61.98,61.81,61.93,59819
2026-06-15T17:50:00+00:00,61.925,62.05,61.755,61.92,113667
2026-06-15T17:55:00+00:00,61.905,61.94,61.64,61.64,96881
2026-06-15T18:00:00+00:00,61.67,61.71,61.4,61.4,125586
2026-06-15T18:05:00+00:00,61.43,61.65,61.38,61.409,96603
2026-06-15T18:10:00+00:00,61.44,61.69,61.41,61.55,96159
2026-06-15T18:15:00+00:00,61.59,61.92,61.54,61.85,94457
2026-06-15T18:20:00+00:00,61.89,61.934,61.75,61.8,123432
2026-06-15T18:25:00+00:00,61.79,61.79,61.52,61.559,76297
2026-06-15T18:30:00+00:00,61.54,61.57,61.25,61.27,136266
2026-06-15T18:35:00+00:00,61.265,61.34,61.052,61.11,229097
2026-06-15T18:40:00+00:00,61.11,61.22,61.075,61.15,81220
2026-06-15T18:45:00+00:00,61.175,61.44,61.13,61.215,224669
2026-06-15T18:50:00+00:00,61.215,61.255,60.96,61.075,180781
2026-06-15T18:55:00+00:00,61.06,61.06,60.64,60.72,229484
2026-06-15T19:00:00+00:00,60.74,60.87,60.721,60.86,168177
2026-06-15T19:05:00+00:00,60.85,60.95,60.67,60.9,155094
2026-06-15T19:10:00+00:00,60.9,60.99,60.838,60.855,118284
2026-06-15T19:15:00+00:00,60.855,61.0,60.44,60.475,183199
2026-06-15T19:20:00+00:00,60.5,60.66,60.49,60.54,121716
2026-06-15T19:25:00+00:00,60.56,60.612,60.39,60.515,182109
2026-06-15T19:30:00+00:00,60.505,60.84,60.34,60.805,365894
2026-06-15T19:35:00+00:00,60.805,61.02,60.716,60.98,256393
2026-06-15T19:40:00+00:00,60.97,61.21,60.92,61.185,202736
2026-06-15T19:45:00+00:00,61.185,61.29,61.04,61.06,252089
2026-06-15T19:50:00+00:00,61.06,61.065,60.77,60.84,324286
2026-06-15T19:55:00+00:00,60.85,60.87,60.62,60.85,585503
2026-06-15T20:00:00+00:00,60.81,60.9,60.65,60.85,971299
2026-06-15T20:05:00+00:00,60.75,60.8,60.65,60.72,5326
2026-06-15T20:10:00+00:00,60.76,61.05,60.7,61.05,7584
2026-06-15T20:15:00+00:00,61.036,61.05,60.84,60.998,7593
2026-06-15T20:20:00+00:00,60.92,60.95,60.84,60.858,6182
2026-06-15T20:25:00+00:00,60.852,60.95,60.84,60.95,3276
2026-06-15T20:30:00+00:00,60.889,60.9,60.71,60.81,2504
2026-06-15T20:35:00+00:00,60.8,60.85,60.71,60.82,5804
2026-06-15T20:40:00+00:00,60.79,60.85,60.74,60.77,7315
2026-06-15T20:45:00+00:00,60.799,60.95,60.74,60.8,2739
2026-06-15T20:50:00+00:00,60.77,60.95,60.74,60.8,1591
2026-06-15T20:55:00+00:00,60.74,60.83,60.74,60.8,3656
2026-06-15T21:00:00+00:00,60.79,60.83,60.71,60.8,2670
2026-06-15T21:05:00+00:00,60.8,61.0,60.782,60.95,4033
2026-06-15T21:10:00+00:00,60.95,60.99,60.85,60.89,1982
2026-06-15T21:15:00+00:00,60.871,60.95,60.85,60.92,5084
2026-06-15T21:20:00+00:00,60.95,60.95,60.9,60.92,3988
2026-06-15T21:25:00+00:00,60.92,60.95,60.9,60.95,2662
2026-06-15T21:30:00+00:00,60.92,60.95,60.9,60.938,1614
2026-06-15T21:35:00+00:00,60.94,60.94,60.9,60.9,5989
2026-06-15T21:40:00+00:00,60.9,60.95,60.9,60.92,3233
2026-06-15T21:45:00+00:00,60.92,60.94,60.9,60.94,3650
2026-06-15T21:50:00+00:00,60.932,60.94,60.83,60.88,1687
2026-06-15T21:55:00+00:00,60.94,60.95,60.901,60.939,4047
2026-06-15T22:00:00+00:00,60.94,60.94,60.83,60.93,4502
2026-06-15T22:05:00+00:00,60.939,60.939,60.83,60.9,1273
2026-06-15T22:10:00+00:00,60.88,60.94,60.8,60.938,2270
2026-06-15T22:15:00+00:00,60.89,60.9,60.71,60.8,2813
2026-06-15T22:20:00+00:00,60.8,60.85,60.66,60.66,3912
2026-06-15T22:25:00+00:00,60.85,60.85,60.64,60.662,1966
2026-06-15T22:30:00+00:00,60.71,60.9,60.64,60.72,6614
2026-06-15T22:35:00+00:00,60.799,60.85,60.69,60.74,2296
2026-06-15T22:40:00+00:00,60.72,60.83,60.69,60.69,1461
2026-06-15T22:45:00+00:00,60.72,60.85,60.69,60.79,4843
2026-06-15T22:50:00+00:00,60.75,60.79,60.64,60.7,3312
2026-06-15T22:55:00+00:00,60.75,60.77,60.65,60.77,1233
2026-06-15T23:00:00+00:00,60.64,60.79,60.64,60.76,3051
2026-06-15T23:05:00+00:00,60.64,60.79,60.64,60.65,950
2026-06-15T23:10:00+00:00,60.65,60.7,60.65,60.66,9401
2026-06-15T23:15:00+00:00,60.66,60.7,60.6,60.639,2517
2026-06-15T23:20:00+00:00,60.64,60.68,60.6,60.62,2396
2026-06-15T23:25:00+00:00,60.625,60.7,60.6,60.69,1589
2026-06-15T23:30:00+00:00,60.69,60.69,60.6,60.62,3835
2026-06-15T23:35:00+00:00,60.62,60.647,60.55,60.599,6984
2026-06-15T23:40:00+00:00,60.59,60.6,60.55,60.585,2806
2026-06-15T23:45:00+00:00,60.58,60.616,60.55,60.616,11485
2026-06-15T23:50:00+00:00,60.59,60.77,60.59,60.76,1160
2026-06-15T23:55:00+00:00,60.76,60.79,60.61,60.78,7466
2026-06-16T08:00:00+00:00,60.45,60.91,59.95,60.643,33619
2026-06-16T08:05:00+00:00,60.656,60.9,59.96,60.79,4955
2026-06-16T08:10:00+00:00,60.79,60.918,60.6,60.795,365
2026-06-16T08:15:00+00:00,60.776,60.9,60.2,60.639,9454
2026-06-16T08:20:00+00:00,60.62,60.644,60.42,60.42,1954
2026-06-16T08:25:00+00:00,60.543,60.6,60.33,60.54,703
2026-06-16T08:30:00+00:00,60.54,60.56,60.338,60.38,586
2026-06-16T08:35:00+00:00,60.49,60.51,60.12,60.15,2798
2026-06-16T08:40:00+00:00,60.15,60.337,60.15,60.3,879
2026-06-16T08:45:00+00:00,60.3,60.33,60.26,60.29,1069
2026-06-16T08:50:00+00:00,60.29,60.53,60.252,60.53,2070
2026-06-16T08:55:00+00:00,60.6,60.771,60.4,60.68,1053
2026-06-16T09:00:00+00:00,60.65,60.758,60.47,60.48,1238
2026-06-16T09:05:00+00:00,60.51,60.59,60.4,60.4,2905
2026-06-16T09:10:00+00:00,60.44,60.49,60.35,60.43,1439
2026-06-16T09:15:00+00:00,60.426,60.578,60.25,60.27,1686
2026-06-16T09:20:00+00:00,60.27,60.35,60.25,60.35,795
2026-06-16T09:25:00+00:00,60.38,60.38,60.17,60.189,721
2026-06-16T09:30:00+00:00,60.19,60.35,60.172,60.35,3240
2026-06-16T09:35:00+00:00,60.38,60.39,60.182,60.33,965
2026-06-16T09:40:00+00:00,60.31,60.325,60.18,60.236,2053
2026-06-16T09:45:00+00:00,60.324,60.324,60.12,60.18,3180
2026-06-16T09:50:00+00:00,60.14,60.217,60.12,60.217,584
2026-06-16T09:55:00+00:00,60.216,60.22,60.1,60.18,899
2026-06-16T10:00:00+00:00,60.1,60.22,60.05,60.08,3532
2026-06-16T10:05:00+00:00,60.08,60.27,60.07,60.24,3223
2026-06-16T10:10:00+00:00,60.26,60.27,60.14,60.16,521
2026-06-16T10:15:00+00:00,60.18,60.314,60.07,60.26,3734
2026-06-16T10:20:00+00:00,60.27,60.28,60.196,60.22,820
2026-06-16T10:25:00+00:00,60.244,60.31,60.22,60.24,595
2026-06-16T10:30:00+00:00,60.253,60.528,60.253,60.4,3182
2026-06-16T10:35:00+00:00,60.46,60.553,60.272,60.55,1930
2026-06-16T10:40:00+00:00,60.55,60.58,60.51,60.58,1888
2026-06-16T10:45:00+00:00,60.576,60.681,60.5,60.57,2337
2026-06-16T10:50:00+00:00,60.576,60.68,60.565,60.565,1800
2026-06-16T10:55:00+00:00,60.64,60.658,60.5,60.527,1359
2026-06-16T11:00:00+00:00,60.48,60.72,60.33,60.625,11381
2026-06-16T11:05:00+00:00,60.7,60.82,60.62,60.748,5637
2026-06-16T11:10:00+00:00,60.74,61.06,60.66,61.05,6673
2026-06-16T11:15:00+00:00,61.04,61.04,60.88,60.953,8039
2026-06-16T11:20:00+00:00,61.02,61.04,60.65,60.717,12644
2026-06-16T11:25:00+00:00,60.71,60.94,60.69,60.851,8846
2026-06-16T11:30:00+00:00,60.94,60.98,60.7,60.98,7128
2026-06-16T11:35:00+00:00,60.95,61.03,60.933,60.96,11578
2026-06-16T11:40:00+00:00,60.95,60.99,60.88,60.882,3248
2026-06-16T11:45:00+00:00,60.9,60.971,60.742,60.81,7320
2026-06-16T11:50:00+00:00,60.81,60.9,60.75,60.78,1350
2026-06-16T11:55:00+00:00,60.78,60.88,60.75,60.781,4978
2026-06-16T12:00:00+00:00,60.828,60.828,60.73,60.73,20407
2026-06-16T12:05:00+00:00,60.71,60.8,60.7,60.8,2849
2026-06-16T12:10:00+00:00,60.8,60.8,60.63,60.63,7359
2026-06-16T12:15:00+00:00,60.6,60.63,60.4,60.52,18515
2026-06-16T12:20:00+00:00,60.55,60.55,60.27,60.28,14593
2026-06-16T12:25:00+00:00,60.29,60.48,60.28,60.47,5258
2026-06-16T12:30:00+00:00,60.45,60.63,60.4,60.469,5179
2026-06-16T12:35:00+00:00,60.73,60.74,60.3,60.34,4244
2026-06-16T12:40:00+00:00,60.35,60.5,60.3,60.3,2040
2026-06-16T12:45:00+00:00,60.31,60.45,60.196,60.196,4754
2026-06-16T12:50:00+00:00,60.273,60.4,60.18,60.18,7427
2026-06-16T12:55:00+00:00,60.257,60.29,60.13,60.15,7559
2026-06-16T13:00:00+00:00,60.18,60.228,60.05,60.1,21518
2026-06-16T13:05:00+00:00,60.098,60.1,59.76,59.815,17143
2026-06-16T13:10:00+00:00,59.81,59.91,59.55,59.77,23260
2026-06-16T13:15:00+00:00,59.8,59.92,59.588,59.79,14541
2026-06-16T13:20:00+00:00,59.805,59.99,59.8,59.836,6618
2026-06-16T13:25:00+00:00,59.85,60.1,59.8,60.053,10860
2026-06-16T13:30:00+00:00,60.06,61.28,59.74,60.69,651340
2026-06-16T13:35:00+00:00,60.66,61.34,60.46,61.165,486053
2026-06-16T13:40:00+00:00,61.132,61.96,61.08,61.437,658637
2026-06-16T13:45:00+00:00,61.465,61.89,61.45,61.88,350399
2026-06-16T13:50:00+00:00,61.89,61.92,61.06,61.23,302493
2026-06-16T13:55:00+00:00,61.21,61.48,60.9,61.105,401662
2026-06-16T14:00:00+00:00,61.1,62.02,61.07,61.85,713438
2026-06-16T14:05:00+00:00,61.87,61.98,61.33,61.56,297608
2026-06-16T14:10:00+00:00,61.61,61.77,61.31,61.66,232841
2026-06-16T14:15:00+00:00,61.637,61.88,60.8,60.888,314907
2026-06-16T14:20:00+00:00,60.88,61.057,59.95,60.379,412928
2026-06-16T14:25:00+00:00,60.38,60.62,60.1,60.25,321624
2026-06-16T14:30:00+00:00,60.22,60.28,59.05,59.45,577364
2026-06-16T14:35:00+00:00,59.445,60.48,59.4,60.469,309824
2026-06-16T14:40:00+00:00,60.43,61.44,60.36,61.29,515319
2026-06-16T14:45:00+00:00,61.27,61.27,60.032,60.073,294891
2026-06-16T14:50:00+00:00,60.09,60.54,60.05,60.195,214900
2026-06-16T14:55:00+00:00,60.14,60.165,59.642,59.88,270001
2026-06-16T15:00:00+00:00,59.88,60.31,59.78,60.22,281822
2026-06-16T15:05:00+00:00,60.27,60.62,60.13,60.455,1315404
2026-06-16T15:10:00+00:00,60.455,60.73,60.35,60.635,203859
2026-06-16T15:15:00+00:00,60.65,60.675,60.28,60.31,96350
2026-06-16T15:20:00+00:00,60.3,60.35,59.75,59.9,166463
2026-06-16T15:25:00+00:00,59.87,59.995,59.67,59.88,159373
2026-06-16T15:30:00+00:00,60.0,60.44,59.986,60.357,162649
2026-06-16T15:35:00+00:00,60.36,60.47,59.94,60.1,120125
2026-06-16T15:40:00+00:00,60.12,60.19,59.85,60.021,99024
2026-06-16T15:45:00+00:00,60.04,60.13,59.66,59.76,145813
2026-06-16T15:50:00+00:00,59.75,60.53,59.68,60.43,163767
2026-06-16T15:55:00+00:00,60.47,60.73,60.37,60.39,121372
2026-06-16T16:00:00+00:00,60.41,60.95,60.39,60.725,154095
2026-06-16T16:05:00+00:00,60.75,60.98,60.75,60.96,93093
2026-06-16T16:10:00+00:00,60.97,61.38,60.96,61.15,183296
2026-06-16T16:15:00+00:00,61.15,61.255,60.95,61.11,261660
2026-06-16T16:20:00+00:00,61.1,61.43,61.06,61.31,144487
2026-06-16T16:25:00+00:00,61.31,61.48,61.22,61.32,105739
2026-06-16T16:30:00+00:00,61.315,61.32,60.725,60.725,135365
2026-06-16T16:35:00+00:00,60.71,60.74,60.4,60.485,155741
2026-06-16T16:40:00+00:00,60.45,60.7,60.4,60.58,138981
2026-06-16T16:45:00+00:00,60.61,60.625,60.4,60.425,73409
2026-06-16T16:50:00+00:00,60.43,60.59,60.195,60.235,84009
2026-06-16T16:55:00+00:00,60.235,60.31,60.09,60.31,104873
2026-06-16T17:00:00+00:00,60.35,60.53,60.25,60.476,117852
2026-06-16T17:05:00+00:00,60.47,61.261,60.405,61.261,204042
2026-06-16T17:10:00+00:00,61.245,61.53,61.16,61.24,376584
2026-06-16T17:15:00+00:00,61.265,61.275,60.96,61.0,133227
2026-06-16T17:20:00+00:00,61.0,61.27,60.96,61.135,147706
2026-06-16T17:25:00+00:00,61.175,61.45,61.11,61.37,200498
2026-06-16T17:30:00+00:00,61.375,61.72,61.365,61.565,251128
2026-06-16T17:35:00+00:00,61.565,61.655,61.28,61.41,166419
2026-06-16T17:40:00+00:00,61.395,61.61,61.31,61.46,147158
2026-06-16T17:45:00+00:00,61.42,61.6,61.25,61.6,205371
2026-06-16T17:50:00+00:00,61.61,61.85,61.49,61.785,167044
2026-06-16T17:55:00+00:00,61.76,61.78,61.4,61.455,142915
2026-06-16T18:00:00+00:00,61.45,61.85,61.43,61.77,122021
2026-06-16T18:05:00+00:00,61.8,61.87,61.57,61.78,121326
2026-06-16T18:10:00+00:00,61.78,61.9,61.6,61.6,103168
2026-06-16T18:15:00+00:00,61.605,61.64,61.48,61.538,91141
2026-06-16T18:20:00+00:00,61.51,61.58,61.44,61.5,59310
2026-06-16T18:25:00+00:00,61.48,61.63,61.36,61.415,94904
2026-06-16T18:30:00+00:00,61.415,61.475,61.27,61.36,76859
2026-06-16T18:35:00+00:00,61.37,61.41,61.09,61.09,65561
2026-06-16T18:40:00+00:00,61.104,61.45,61.08,61.3,106291
2026-06-16T18:45:00+00:00,61.27,61.39,61.05,61.1,167942
2026-06-16T18:50:00+00:00,61.12,61.19,60.75,60.905,133759
2026-06-16T18:55:00+00:00,60.905,61.02,60.63,60.75,195574
2026-06-16T19:00:00+00:00,60.75,60.93,60.64,60.83,147804
2026-06-16T19:05:00+00:00,60.8,61.0,60.68,60.81,150396
2026-06-16T19:10:00+00:00,60.84,60.878,60.45,60.45,164881
2026-06-16T19:15:00+00:00,60.46,60.46,60.16,60.4,169733
2026-06-16T19:20:00+00:00,60.44,60.71,60.35,60.46,1468071
2026-06-16T19:25:00+00:00,60.445,60.71,60.35,60.62,163314
2026-06-16T19:30:00+00:00,60.64,60.89,60.55,60.555,239401
2026-06-16T19:35:00+00:00,60.6,60.7,60.31,60.41,122261
2026-06-16T19:40:00+00:00,60.4,60.49,60.21,60.41,128821
2026-06-16T19:45:00+00:00,60.406,60.48,60.29,60.327,134225
2026-06-16T19:50:00+00:00,60.42,60.43,59.69,59.69,362067
2026-06-16T19:55:00+00:00,59.72,59.9,58.94,59.18,1025874
2026-06-16T20:00:00+00:00,59.149,59.18,58.52,58.53,100148
2026-06-16T20:05:00+00:00,58.53,58.74,57.91,58.3,293131
2026-06-16T20:10:00+00:00,58.44,59.18,58.06,58.42,35126
2026-06-16T20:15:00+00:00,58.42,58.5,58.18,58.4,13538
2026-06-16T20:20:00+00:00,58.31,58.46,58.2,58.33,8761
2026-06-16T20:25:00+00:00,58.39,59.18,58.3,58.44,85603
2026-06-16T20:30:00+00:00,58.45,58.52,58.37,58.52,16079
2026-06-16T20:35:00+00:00,58.519,58.64,58.37,58.56,2885
2026-06-16T20:40:00+00:00,58.52,58.64,58.5,58.52,208559
2026-06-16T20:45:00+00:00,58.575,58.71,58.45,58.595,10399
2026-06-16T20:50:00+00:00,58.6,58.749,58.56,58.699,4879
2026-06-16T20:55:00+00:00,58.7,58.739,58.61,58.64,12015
2026-06-16T21:00:00+00:00,58.65,58.74,58.63,58.74,4719
2026-06-16T21:05:00+00:00,58.74,58.74,58.6,58.68,2427
2026-06-16T21:10:00+00:00,58.58,58.7,58.58,58.7,4065
2026-06-16T21:15:00+00:00,58.65,58.75,58.61,58.747,3574
2026-06-16T21:20:00+00:00,58.749,58.8,58.7,58.72,6668
2026-06-16T21:25:00+00:00,58.76,58.78,58.69,58.72,1179
2026-06-16T21:30:00+00:00,58.78,58.84,58.69,58.7,3474
2026-06-16T21:35:00+00:00,58.7,58.75,58.68,58.7,2368
2026-06-16T21:40:00+00:00,58.7,58.74,58.644,58.68,666
2026-06-16T21:45:00+00:00,58.68,58.74,58.68,58.737,6248
2026-06-16T21:50:00+00:00,58.74,58.75,58.7,58.75,3746
2026-06-16T21:55:00+00:00,58.749,58.76,58.61,58.65,2995
2026-06-16T22:00:00+00:00,58.663,58.68,58.65,58.678,1727
2026-06-16T22:05:00+00:00,58.68,58.84,58.68,58.84,2806
2026-06-16T22:10:00+00:00,58.75,58.96,58.75,58.9,5470
2026-06-16T22:15:00+00:00,58.9,59.0,58.81,59.0,3292
2026-06-16T22:20:00+00:00,59.0,59.0,58.81,59.0,1911
2026-06-16T22:25:00+00:00,58.95,59.0,58.8,58.8,1022
2026-06-16T22:30:00+00:00,58.8,59.0,58.8,59.0,4999
2026-06-16T22:35:00+00:00,58.96,59.0,58.9,58.989,511
2026-06-16T22:40:00+00:00,58.99,58.99,58.9,58.98,3268
2026-06-16T22:45:00+00:00,58.94,58.98,58.8,58.95,3346
2026-06-16T22:50:00+00:00,58.875,58.98,58.86,58.94,1454
2026-06-16T22:55:00+00:00,58.95,58.96,58.86,58.91,3019
2026-06-16T23:00:00+00:00,58.93,58.96,58.81,58.95,1801
2026-06-16T23:05:00+00:00,58.902,58.96,58.88,58.91,2569
2026-06-16T23:10:00+00:00,58.96,58.96,58.8,58.9,3464
2026-06-16T23:15:00+00:00,58.88,58.98,58.8,58.907,5365
2026-06-16T23:20:00+00:00,58.93,58.95,58.88,58.88,4742
2026-06-16T23:25:00+00:00,58.881,58.9,58.84,58.87,2903
2026-06-16T23:30:00+00:00,58.87,58.899,58.8,58.83,6462
2026-06-16T23:35:00+00:00,58.83,58.85,58.8,58.848,5972
2026-06-16T23:40:00+00:00,58.84,58.85,58.72,58.77,1890
2026-06-16T23:45:00+00:00,58.75,58.85,58.68,58.82,1262
2026-06-16T23:50:00+00:00,58.707,58.81,58.69,58.797,2859
2026-06-16T23:55:00+00:00,58.81,58.81,58.7,58.8,4528
2026-06-17T08:00:00+00:00,60.04,60.48,59.85,60.351,59753
2026-06-17T08:05:00+00:00,60.352,60.47,59.86,60.292,9330
2026-06-17T08:10:00+00:00,60.28,60.28,60.004,60.04,5575
2026-06-17T08:15:00+00:00,60.0,60.19,59.81,59.938,5801
2026-06-17T08:20:00+00:00,59.81,59.88,59.71,59.74,2026
2026-06-17T08:25:00+00:00,59.756,60.0,59.756,59.9,1329
2026-06-17T08:30:00+00:00,59.83,59.91,59.582,59.681,5737
2026-06-17T08:35:00+00:00,59.68,59.83,59.59,59.59,995
2026-06-17T08:40:00+00:00,59.592,59.65,59.53,59.54,1475
2026-06-17T08:45:00+00:00,59.54,59.674,59.54,59.58,817
2026-06-17T08:50:00+00:00,59.58,59.62,59.53,59.555,3622
2026-06-17T08:55:00+00:00,59.58,59.66,59.52,59.66,1468
2026-06-17T09:00:00+00:00,59.577,59.83,59.577,59.71,1073
2026-06-17T09:05:00+00:00,59.722,59.867,59.693,59.693,405
2026-06-17T09:10:00+00:00,59.72,59.9,59.71,59.72,639
2026-06-17T09:15:00+00:00,59.72,59.83,59.455,59.5,1067
2026-06-17T09:20:00+00:00,59.499,59.788,59.453,59.556,785
2026-06-17T09:25:00+00:00,59.9,59.9,59.71,59.725,1336
2026-06-17T09:30:00+00:00,59.72,59.888,59.65,59.7,829
2026-06-17T09:35:00+00:00,59.673,59.888,59.66,59.7,3452
2026-06-17T09:40:00+00:00,59.725,59.85,59.66,59.84,1076
2026-06-17T09:45:00+00:00,59.75,59.8,59.74,59.8,490
2026-06-17T09:50:00+00:00,59.8,59.88,59.68,59.68,494
2026-06-17T09:55:00+00:00,59.67,59.7,59.66,59.7,250
2026-06-17T10:00:00+00:00,59.7,59.799,59.57,59.63,395
2026-06-17T10:05:00+00:00,59.63,59.63,59.54,59.54,1835
2026-06-17T10:10:00+00:00,59.59,59.644,59.54,59.644,269
2026-06-17T10:15:00+00:00,59.55,59.6,59.467,59.52,4758
2026-06-17T10:20:00+00:00,59.46,59.65,59.408,59.65,1819
2026-06-17T10:25:00+00:00,59.61,59.678,59.432,59.67,924
2026-06-17T10:30:00+00:00,59.638,59.638,59.44,59.56,590
2026-06-17T10:35:00+00:00,59.504,59.645,59.504,59.63,338
2026-06-17T10:40:00+00:00,59.6,59.6,59.58,59.58,806
2026-06-17T10:45:00+00:00,59.65,59.68,59.58,59.64,286
2026-06-17T10:50:00+00:00,59.63,59.76,59.54,59.54,818
2026-06-17T10:55:00+00:00,59.65,59.758,59.47,59.63,588
2026-06-17T11:00:00+00:00,59.575,59.76,59.46,59.76,7287
2026-06-17T11:05:00+00:00,59.5,59.71,59.4,59.6,2063
2026-06-17T11:10:00+00:00,59.55,59.7,59.45,59.56,2077
2026-06-17T11:15:00+00:00,59.558,59.56,59.3,59.471,1903
2026-06-17T11:20:00+00:00,59.55,59.69,59.45,59.55,1700
2026-06-17T11:25:00+00:00,59.54,59.6,59.37,59.39,2835
2026-06-17T11:30:00+00:00,59.38,59.52,59.24,59.3,5620
2026-06-17T11:35:00+00:00,59.28,59.57,59.252,59.5,6168
2026-06-17T11:40:00+00:00,59.488,59.5,59.24,59.24,5066
2026-06-17T11:45:00+00:00,59.248,59.371,59.15,59.15,1742
2026-06-17T11:50:00+00:00,59.19,59.3,58.9,59.158,9979
2026-06-17T11:55:00+00:00,58.92,58.991,58.7,58.923,4864
2026-06-17T12:00:00+00:00,58.92,59.01,58.88,58.96,5806
2026-06-17T12:05:00+00:00,58.93,59.1,58.91,58.976,6180
2026-06-17T12:10:00+00:00,58.96,59.0,58.8,58.92,7784
2026-06-17T12:15:00+00:00,58.9,58.92,58.8,58.8,3221
2026-06-17T12:20:00+00:00,58.874,59.0,58.77,58.77,12683
2026-06-17T12:25:00+00:00,58.903,58.96,58.58,58.65,10927
2026-06-17T12:30:00+00:00,58.65,58.9,58.62,58.83,8641
2026-06-17T12:35:00+00:00,58.84,59.0,58.804,58.88,10235
2026-06-17T12:40:00+00:00,58.91,59.0,58.782,58.96,5230
2026-06-17T12:45:00+00:00,58.96,59.0,58.87,58.959,5365
2026-06-17T12:50:00+00:00,58.96,58.999,58.8,58.81,4706
2026-06-17T12:55:00+00:00,58.815,58.96,58.7,58.727,11639
2026-06-17T13:00:00+00:00,58.841,58.841,58.68,58.716,10407
2026-06-17T13:05:00+00:00,58.805,58.84,58.7,58.78,5409
2026-06-17T13:10:00+00:00,58.81,58.95,58.7,58.7,4361
2026-06-17T13:15:00+00:00,58.77,59.0,58.75,58.94,6569
2026-06-17T13:20:00+00:00,58.993,59.16,58.837,58.9,15352
2026-06-17T13:25:00+00:00,58.91,59.0,58.83,58.916,6825
2026-06-17T13:30:00+00:00,58.965,59.75,58.28,59.11,539587
2026-06-17T13:35:00+00:00,59.11,60.03,59.08,59.76,389015
2026-06-17T13:40:00+00:00,59.75,61.27,59.73,61.095,661931
2026-06-17T13:45:00+00:00,61.09,61.18,59.7,59.756,492443
2026-06-17T13:50:00+00:00,59.735,59.885,58.75,58.99,390626
2026-06-17T13:55:00+00:00,58.995,59.04,58.01,58.275,473462
2026-06-17T14:00:00+00:00,58.31,58.82,58.15,58.61,365143
2026-06-17T14:05:00+00:00,58.57,58.725,58.23,58.52,254345
2026-06-17T14:10:00+00:00,58.525,59.59,58.36,59.535,354164
2026-06-17T14:15:00+00:00,59.535,59.738,59.41,59.687,324129
2026-06-17T14:20:00+00:00,59.64,59.928,59.52,59.886,273616
2026-06-17T14:25:00+00:00,59.87,60.15,59.79,60.03,268196
2026-06-17T14:30:00+00:00,60.01,60.015,59.27,59.6,260568
2026-06-17T14:35:00+00:00,59.61,59.78,59.5,59.55,208589
2026-06-17T14:40:00+00:00,59.525,60.158,59.2,59.94,261584
2026-06-17T14:45:00+00:00,59.93,59.95,58.9,59.46,256740
2026-06-17T14:50:00+00:00,59.45,60.13,59.45,60.06,432347
2026-06-17T14:55:00+00:00,60.04,60.1,59.415,59.45,299674
2026-06-17T15:00:00+00:00,59.46,59.59,59.065,59.09,252707
2026-06-17T15:05:00+00:00,59.1,59.2,58.74,58.86,249468
2026-06-17T15:10:00+00:00,58.86,59.04,58.787,58.9,180097
2026-06-17T15:15:00+00:00,58.88,59.0,58.68,58.75,210240
2026-06-17T15:20:00+00:00,58.74,59.13,58.74,59.03,171497
2026-06-17T15:25:00+00:00,59.02,59.08,58.61,58.645,132046
2026-06-17T15:30:00+00:00,58.67,59.0,58.66,58.95,127553
2026-06-17T15:35:00+00:00,58.95,59.01,58.62,58.62,139066
2026-06-17T15:40:00+00:00,58.61,58.84,58.4,58.82,197947
2026-06-17T15:45:00+00:00,58.84,59.0,58.74,58.94,124467
2026-06-17T15:50:00+00:00,58.94,59.01,58.55,58.69,145716
2026-06-17T15:55:00+00:00,58.69,58.74,58.18,58.31,156413
2026-06-17T16:00:00+00:00,58.31,58.415,58.152,58.152,248537
2026-06-17T16:05:00+00:00,58.151,58.54,58.11,58.38,203825
2026-06-17T16:10:00+00:00,58.39,58.71,58.26,58.71,87202
2026-06-17T16:15:00+00:00,58.72,58.72,58.26,58.38,126258
2026-06-17T16:20:00+00:00,58.35,58.515,58.31,58.4,77261
2026-06-17T16:25:00+00:00,58.39,58.88,58.275,58.72,212040
2026-06-17T16:30:00+00:00,58.733,58.92,58.53,58.555,173136
2026-06-17T16:35:00+00:00,58.57,59.22,58.5,59.181,194529
2026-06-17T16:40:00+00:00,59.17,59.31,58.99,59.16,248693
2026-06-17T16:45:00+00:00,59.16,59.26,59.04,59.16,128576
2026-06-17T16:50:00+00:00,59.155,59.46,59.11,59.395,151089
2026-06-17T16:55:00+00:00,59.395,59.669,59.34,59.48,174276
2026-06-17T17:00:00+00:00,59.496,59.599,59.3,59.355,177921
2026-06-17T17:05:00+00:00,59.34,59.861,59.31,59.77,336335
2026-06-17T17:10:00+00:00,59.78,60.0,59.43,59.75,449755
2026-06-17T17:15:00+00:00,59.74,59.87,59.6,59.63,91984
2026-06-17T17:20:00+00:00,59.63,59.63,59.431,59.59,108019
2026-06-17T17:25:00+00:00,59.6,59.99,59.49,59.87,121111
2026-06-17T17:30:00+00:00,59.84,59.85,59.52,59.615,101322
2026-06-17T17:35:00+00:00,59.6,59.84,59.58,59.76,73356
2026-06-17T17:40:00+00:00,59.735,59.785,59.62,59.725,59265
2026-06-17T17:45:00+00:00,59.69,59.825,59.66,59.81,89466
2026-06-17T17:50:00+00:00,59.83,60.19,59.74,60.0,142079
2026-06-17T17:55:00+00:00,60.0,60.37,59.99,60.34,148716
2026-06-17T18:00:00+00:00,60.335,60.34,59.0,59.006,390519
2026-06-17T18:05:00+00:00,59.03,60.09,58.5,60.05,404933
2026-06-17T18:10:00+00:00,60.09,60.239,59.75,60.13,255799
2026-06-17T18:15:00+00:00,60.11,60.51,60.02,60.17,302318
2026-06-17T18:20:00+00:00,60.16,60.21,59.95,60.0,185646
2026-06-17T18:25:00+00:00,60.02,60.02,59.58,59.932,431930
2026-06-17T18:30:00+00:00,59.935,60.315,59.68,59.975,396673
2026-06-17T18:35:00+00:00,59.97,61.3,59.965,61.07,552756
2026-06-17T18:40:00+00:00,61.1,61.67,61.0,61.468,478096
2026-06-17T18:45:00+00:00,61.465,61.54,61.11,61.16,325661
2026-06-17T18:50:00+00:00,61.19,61.37,60.97,61.18,250526
2026-06-17T18:55:00+00:00,61.17,61.19,60.15,60.52,324242
2026-06-17T19:00:00+00:00,60.56,61.07,60.46,60.8,328869
2026-06-17T19:05:00+00:00,60.82,60.94,60.31,60.39,217136
2026-06-17T19:10:00+00:00,60.42,61.1,60.0,60.87,320097
2026-06-17T19:15:00+00:00,60.89,60.92,60.165,60.28,237849
2026-06-17T19:20:00+00:00,60.27,60.27,59.44,59.64,464729
2026-06-17T19:25:00+00:00,59.66,60.04,59.37,59.44,272584
2026-06-17T19:30:00+00:00,59.42,59.74,58.78,58.79,415277
2026-06-17T19:35:00+00:00,58.83,59.13,58.05,58.095,362634
2026-06-17T19:40:00+00:00,58.095,58.37,57.801,58.03,526578
2026-06-17T19:45:00+00:00,58.05,58.61,57.93,58.335,469788
2026-06-17T19:50:00+00:00,58.3,58.3,57.71,58.1,516310
2026-06-17T19:55:00+00:00,58.06,58.27,57.78,58.11,886165
2026-06-17T20:00:00+00:00,58.11,58.73,57.9,58.11,61133
2026-06-17T20:05:00+00:00,58.26,58.8,58.26,58.54,65799
2026-06-17T20:10:00+00:00,58.6,58.75,58.11,58.6,7397
2026-06-17T20:15:00+00:00,58.62,58.7,58.11,58.7,52682
2026-06-17T20:20:00+00:00,58.6,58.75,58.46,58.72,5148
2026-06-17T20:25:00+00:00,58.71,58.76,58.526,58.7,14874
2026-06-17T20:30:00+00:00,58.61,58.85,58.6,58.81,8547
2026-06-17T20:35:00+00:00,58.77,58.96,58.74,58.8,38841
2026-06-17T20:40:00+00:00,58.78,58.93,58.6,58.652,6765
2026-06-17T20:45:00+00:00,58.67,58.7,58.55,58.61,892
2026-06-17T20:50:00+00:00,58.64,58.65,58.5,58.6,2938
2026-06-17T20:55:00+00:00,58.6,58.7,58.52,58.66,7066
2026-06-17T21:00:00+00:00,58.62,58.81,58.62,58.81,5485
2026-06-17T21:05:00+00:00,58.77,58.85,58.52,58.8,5216
2026-06-17T21:10:00+00:00,58.8,58.8,58.634,58.67,1301
2026-06-17T21:15:00+00:00,58.67,58.8,58.573,58.7,3171
2026-06-17T21:20:00+00:00,58.65,58.73,58.61,58.702,73141
2026-06-17T21:25:00+00:00,58.696,58.7,58.501,58.56,4872
2026-06-17T21:30:00+00:00,58.5,58.56,58.42,58.42,4060
2026-06-17T21:35:00+00:00,58.44,58.61,58.44,58.61,4232
2026-06-17T21:40:00+00:00,58.59,58.59,58.46,58.58,3440
2026-06-17T21:45:00+00:00,58.58,58.58,58.5,58.538,2061
2026-06-17T21:50:00+00:00,58.502,58.55,58.4,58.5,1677
2026-06-17T21:55:00+00:00,58.413,58.5,58.41,58.469,10660
2026-06-17T22:00:00+00:00,58.49,58.49,58.3,58.3,4044
2026-06-17T22:05:00+00:00,58.4,58.47,58.3,58.46,3961
2026-06-17T22:10:00+00:00,58.47,58.55,58.313,58.52,2766
2026-06-17T22:15:00+00:00,58.54,58.7,58.48,58.68,3414
2026-06-17T22:20:00+00:00,58.68,58.7,58.56,58.67,516
2026-06-17T22:25:00+00:00,58.622,58.85,58.61,58.85,4984
2026-06-17T22:30:00+00:00,58.849,58.85,58.7,58.7,3779
2026-06-17T22:35:00+00:00,58.77,58.9,58.77,58.8,3311
2026-06-17T22:40:00+00:00,58.9,58.98,58.85,58.94,2566
2026-06-17T22:45:00+00:00,58.9,58.98,58.82,58.97,3298
2026-06-17T22:50:00+00:00,58.95,58.95,58.85,58.949,1381
2026-06-17T22:55:00+00:00,58.8,58.95,58.8,58.886,1368
2026-06-17T23:00:00+00:00,58.899,58.9,58.78,58.84,8742
2026-06-17T23:05:00+00:00,58.9,58.9,58.79,58.81,4745
2026-06-17T23:10:00+00:00,58.84,58.86,58.8,58.85,6433
2026-06-17T23:15:00+00:00,58.88,59.07,58.85,58.9,14145
2026-06-17T23:20:00+00:00,59.004,59.04,58.9,59.0,16350
2026-06-17T23:25:00+00:00,59.0,59.07,58.93,59.04,10919
2026-06-17T23:30:00+00:00,59.068,59.11,59.03,59.092,7497
2026-06-17T23:35:00+00:00,59.1,59.12,59.01,59.05,4887
2026-06-17T23:40:00+00:00,59.05,59.06,59.01,59.016,4743
2026-06-17T23:45:00+00:00,59.028,59.11,59.028,59.1,2536
2026-06-17T23:50:00+00:00,59.08,59.11,59.01,59.1,2476
2026-06-17T23:55:00+00:00,59.1,59.18,59.03,59.07,2977
2026-06-18T08:00:00+00:00,59.82,60.2,59.387,60.03,51421
2026-06-18T08:05:00+00:00,60.02,60.297,59.4,60.294,10246
2026-06-18T08:10:00+00:00,60.29,60.4,60.22,60.281,8044
2026-06-18T08:15:00+00:00,60.288,60.4,60.11,60.14,8292
2026-06-18T08:20:00+00:00,60.14,60.17,59.95,59.95,14438
2026-06-18T08:25:00+00:00,60.09,60.1,59.94,59.94,1461
2026-06-18T08:30:00+00:00,59.94,59.99,59.94,59.95,116
2026-06-18T08:35:00+00:00,59.957,60.08,59.957,60.003,807
2026-06-18T08:40:00+00:00,60.05,60.17,60.04,60.09,1068
2026-06-18T08:45:00+00:00,60.09,60.09,60.01,60.025,296
2026-06-18T08:50:00+00:00,60.19,60.19,59.98,60.0,1205
2026-06-18T08:55:00+00:00,60.0,60.0,59.81,59.822,1649
2026-06-18T09:00:00+00:00,59.82,59.984,59.81,59.87,1253
2026-06-18T09:05:00+00:00,59.9,59.97,59.85,59.95,475
2026-06-18T09:10:00+00:00,59.91,60.21,59.9,60.135,14001
2026-06-18T09:15:00+00:00,60.2,60.201,60.02,60.2,6921
2026-06-18T09:20:00+00:00,60.196,60.196,60.11,60.18,1751
2026-06-18T09:25:00+00:00,60.18,60.28,60.16,60.222,5967
2026-06-18T09:30:00+00:00,60.23,60.24,60.15,60.183,2200
2026-06-18T09:35:00+00:00,60.183,60.24,60.18,60.183,1400
2026-06-18T09:40:00+00:00,60.183,60.29,60.183,60.268,1578
2026-06-18T09:45:00+00:00,60.21,60.3,60.2,60.295,1565
2026-06-18T09:50:00+00:00,60.29,60.48,60.29,60.48,13033
2026-06-18T09:55:00+00:00,60.45,60.478,60.27,60.34,272
2026-06-18T10:00:00+00:00,60.428,60.44,60.26,60.38,2436
2026-06-18T10:05:00+00:00,60.264,60.372,60.2,60.323,2084
2026-06-18T10:10:00+00:00,60.32,60.32,60.2,60.2,683
2026-06-18T10:15:00+00:00,60.29,60.3,60.239,60.239,1126
2026-06-18T10:20:00+00:00,60.203,60.3,60.2,60.2,3335
2026-06-18T10:25:00+00:00,60.2,60.3,60.2,60.24,1779
2026-06-18T10:30:00+00:00,60.21,60.3,60.21,60.25,1653
2026-06-18T10:35:00+00:00,60.22,60.324,60.0,60.07,2986
2026-06-18T10:40:00+00:00,60.07,60.3,60.05,60.13,1995
2026-06-18T10:45:00+00:00,60.1,60.25,60.084,60.12,5738
2026-06-18T10:50:00+00:00,60.062,60.294,60.05,60.1,249
2026-06-18T10:55:00+00:00,60.1,60.1,60.0,60.0,1543
2026-06-18T11:00:00+00:00,60.05,60.3,60.0,60.23,16946
2026-06-18T11:05:00+00:00,60.157,60.3,60.0,60.002,5477
2026-06-18T11:10:00+00:00,60.0,60.11,59.9,60.03,6767
2026-06-18T11:15:00+00:00,60.1,60.1,59.95,59.96,5996
2026-06-18T11:20:00+00:00,60.0,60.094,59.9,59.989,11751
2026-06-18T11:25:00+00:00,59.91,60.072,59.91,60.07,5132
2026-06-18T11:30:00+00:00,60.09,60.6,60.09,60.54,26237
2026-06-18T11:35:00+00:00,60.54,60.6,60.332,60.54,7779
2026-06-18T11:40:00+00:00,60.411,60.53,60.32,60.53,13819
2026-06-18T11:45:00+00:00,60.48,60.57,60.32,60.407,5723
2026-06-18T11:50:00+00:00,60.52,60.84,60.52,60.78,21414
2026-06-18T11:55:00+00:00,60.7,60.79,60.588,60.68,5380
2026-06-18T12:00:00+00:00,60.6,60.73,60.5,60.64,11553
2026-06-18T12:05:00+00:00,60.695,60.74,60.51,60.714,5676
2026-06-18T12:10:00+00:00,60.74,60.819,60.54,60.55,10537
2026-06-18T12:15:00+00:00,60.67,60.67,60.5,60.6,4946
2026-06-18T12:20:00+00:00,60.58,60.75,60.56,60.741,6870
2026-06-18T12:25:00+00:00,60.742,60.83,60.625,60.83,8735
2026-06-18T12:30:00+00:00,60.85,61.1,60.8,60.95,23840
2026-06-18T12:35:00+00:00,60.9,61.08,60.79,60.999,37076
2026-06-18T12:40:00+00:00,60.968,61.08,60.858,60.95,9166
2026-06-18T12:45:00+00:00,60.99,61.084,60.89,61.005,17215
2026-06-18T12:50:00+00:00,61.015,61.095,60.94,61.06,16486
2026-06-18T12:55:00+00:00,61.006,61.09,60.9,61.0,42490
2026-06-18T13:00:00+00:00,60.97,61.03,60.68,60.7,22175
2026-06-18T13:05:00+00:00,60.77,60.98,60.77,60.92,8418
2026-06-18T13:10:00+00:00,60.909,61.02,60.8,60.97,4940
2026-06-18T13:15:00+00:00,61.0,61.02,60.85,60.95,12810
2026-06-18T13:20:00+00:00,60.95,61.13,60.88,61.09,16586
2026-06-18T13:25:00+00:00,61.1,61.4,61.08,61.333,37096
2026-06-18T13:30:00+00:00,61.275,61.45,60.05,60.06,885261
2026-06-18T13:35:00+00:00,60.051,60.57,59.42,59.5,624629
2026-06-18T13:40:00+00:00,59.46,59.92,59.18,59.248,583366
2026-06-18T13:45:00+00:00,59.251,59.64,59.11,59.482,385172
2026-06-18T13:50:00+00:00,59.47,59.845,58.92,59.0,1336098
2026-06-18T13:55:00+00:00,59.005,59.03,58.2,58.634,528853
2026-06-18T14:00:00+00:00,58.58,59.46,58.53,59.425,477645
2026-06-18T14:05:00+00:00,59.41,60.145,59.35,60.09,482817
2026-06-18T14:10:00+00:00,60.07,60.09,59.32,59.37,384598
2026-06-18T14:15:00+00:00,59.35,59.9,59.16,59.74,359900
2026-06-18T14:20:00+00:00,59.7,59.96,59.551,59.86,309303
2026-06-18T14:25:00+00:00,59.847,60.03,59.3,59.73,325617
2026-06-18T14:30:00+00:00,59.73,59.85,59.46,59.68,195510
2026-06-18T14:35:00+00:00,59.65,59.69,59.346,59.65,164668
2026-06-18T14:40:00+00:00,59.67,59.873,59.2,59.665,226071
2026-06-18T14:45:00+00:00,59.6,60.29,59.6,60.25,289429
2026-06-18T14:50:00+00:00,60.22,60.6,60.12,60.49,307789
2026-06-18T14:55:00+00:00,60.495,60.88,60.389,60.73,315880
2026-06-18T15:00:00+00:00,60.77,61.13,60.419,61.085,475109
2026-06-18T15:05:00+00:00,61.065,61.11,60.677,60.78,370543
2026-06-18T15:10:00+00:00,60.77,60.8,60.31,60.36,243448
2026-06-18T15:15:00+00:00,60.36,60.719,60.21,60.29,253960
2026-06-18T15:20:00+00:00,60.285,60.63,60.17,60.23,297381
2026-06-18T15:25:00+00:00,60.18,60.375,59.86,59.94,175488
2026-06-18T15:30:00+00:00,59.94,60.225,59.77,60.07,227519
2026-06-18T15:35:00+00:00,60.07,60.075,59.23,59.72,267453
2026-06-18T15:40:00+00:00,59.72,59.97,59.68,59.86,200488
2026-06-18T15:45:00+00:00,59.866,60.2,59.645,60.045,307665
2026-06-18T15:50:00+00:00,60.045,60.405,59.92,60.35,735276
2026-06-18T15:55:00+00:00,60.365,60.62,60.275,60.505,248573
2026-06-18T16:00:00+00:00,60.47,60.79,60.41,60.44,289390
2026-06-18T16:05:00+00:00,60.45,60.45,60.03,60.12,159287
2026-06-18T16:10:00+00:00,60.12,60.19,59.85,59.953,154640
2026-06-18T16:15:00+00:00,59.95,59.99,59.74,59.95,249123
2026-06-18T16:20:00+00:00,59.97,60.25,59.86,60.046,170805
2026-06-18T16:25:00+00:00,60.02,60.22,59.98,60.06,146154
2026-06-18T16:30:00+00:00,60.055,60.68,60.0,60.612,293589
2026-06-18T16:35:00+00:00,60.64,60.77,60.45,60.58,200810
2026-06-18T16:40:00+00:00,60.6,60.64,60.24,60.326,152374
2026-06-18T16:45:00+00:00,60.33,60.42,60.21,60.27,131175
2026-06-18T16:50:00+00:00,60.275,60.47,60.17,60.42,129772
2026-06-18T16:55:00+00:00,60.41,60.537,60.18,60.22,779709
2026-06-18T17:00:00+00:00,60.22,60.238,59.96,60.12,180014
2026-06-18T17:05:00+00:00,60.08,60.27,59.84,59.85,156695
2026-06-18T17:10:00+00:00,59.84,60.45,59.83,60.44,228938
2026-06-18T17:15:00+00:00,60.44,60.62,60.33,60.5,222384
2026-06-18T17:20:00+00:00,60.515,60.525,60.2,60.23,104083
2026-06-18T17:25:00+00:00,60.21,60.27,59.88,60.12,138334
2026-06-18T17:30:00+00:00,60.105,60.33,60.1,60.314,163267
2026-06-18T17:35:00+00:00,60.28,60.315,59.84,59.92,99699
2026-06-18T17:40:00+00:00,59.91,60.22,59.91,60.19,118781
2026-06-18T17:45:00+00:00,60.2,60.255,60.003,60.155,74369
2026-06-18T17:50:00+00:00,60.14,60.42,60.13,60.33,100687
2026-06-18T17:55:00+00:00,60.35,60.53,60.168,60.311,162393
2026-06-18T18:00:00+00:00,60.32,60.39,60.06,60.23,124423
2026-06-18T18:05:00+00:00,60.225,60.32,60.14,60.15,109834
2026-06-18T18:10:00+00:00,60.152,60.19,59.78,59.794,167212
2026-06-18T18:15:00+00:00,59.795,59.91,59.62,59.85,199539
2026-06-18T18:20:00+00:00,59.83,59.91,59.76,59.9,158894
2026-06-18T18:25:00+00:00,59.872,59.926,59.77,59.79,121139
2026-06-18T18:30:00+00:00,59.78,60.06,59.736,59.985,114044
2026-06-18T18:35:00+00:00,59.96,59.986,59.73,59.79,106839
2026-06-18T18:40:00+00:00,59.77,59.835,59.46,59.49,192670
2026-06-18T18:45:00+00:00,59.51,59.51,59.16,59.441,204351
2026-06-18T18:50:00+00:00,59.435,59.5,59.11,59.15,125936
2026-06-18T18:55:00+00:00,59.145,59.265,58.9,58.92,186078
2026-06-18T19:00:00+00:00,58.94,58.97,58.02,58.04,402722
2026-06-18T19:05:00+00:00,58.04,58.31,58.0,58.2,369462
2026-06-18T19:10:00+00:00,58.17,58.37,58.07,58.3,300231
2026-06-18T19:15:00+00:00,58.32,58.52,58.16,58.492,274522
2026-06-18T19:20:00+00:00,58.495,58.65,58.176,58.21,320815
2026-06-18T19:25:00+00:00,58.21,58.515,58.15,58.375,172674
2026-06-18T19:30:00+00:00,58.36,58.45,58.11,58.335,165175
2026-06-18T19:35:00+00:00,58.35,58.95,58.35,58.9,255248
2026-06-18T19:40:00+00:00,58.89,59.085,58.86,59.06,251893
2026-06-18T19:45:00+00:00,59.05,59.49,58.96,59.49,308414
2026-06-18T19:50:00+00:00,59.49,60.07,59.49,59.72,626189
2026-06-18T19:55:00+00:00,59.69,60.075,59.45,59.96,920050
2026-06-18T20:00:00+00:00,59.96,60.1,59.62,59.898,125190
2026-06-18T20:05:00+00:00,59.88,60.0,59.78,59.91,63790
2026-06-18T20:10:00+00:00,59.82,60.08,59.82,60.0,45183
2026-06-18T20:15:00+00:00,59.96,60.03,59.9,59.983,64562
2026-06-18T20:20:00+00:00,60.0,60.0,59.851,59.9,16776
2026-06-18T20:25:00+00:00,59.894,60.0,59.86,59.92,9610
2026-06-18T20:30:00+00:00,59.86,59.95,59.86,59.9,15978
2026-06-18T20:35:00+00:00,59.9,60.0,59.86,59.89,64859
2026-06-18T20:40:00+00:00,59.86,59.95,59.86,59.91,3961
2026-06-18T20:45:00+00:00,59.94,59.94,59.84,59.92,4024
2026-06-18T20:50:00+00:00,59.92,59.92,59.84,59.859,698452
2026-06-18T20:55:00+00:00,59.85,59.98,59.85,59.96,9369
2026-06-18T21:00:00+00:00,59.96,60.0,59.84,59.98,11309
2026-06-18T21:05:00+00:00,59.95,60.0,59.84,59.98,1261
2026-06-18T21:10:00+00:00,59.92,59.98,59.88,59.915,2022
2026-06-18T21:15:00+00:00,59.88,59.88,59.84,59.85,3043
2026-06-18T21:20:00+00:00,59.84,59.94,59.82,59.9,24323
2026-06-18T21:25:00+00:00,59.89,59.99,59.83,59.84,2609
2026-06-18T21:30:00+00:00,60.0,60.09,59.988,60.04,5005
2026-06-18T21:35:00+00:00,60.004,60.12,60.0,60.09,4156
2026-06-18T21:40:00+00:00,60.073,60.1,60.0,60.063,968
2026-06-18T21:45:00+00:00,60.1,60.1,60.05,60.081,3563
2026-06-18T21:50:00+00:00,60.1,60.1,60.05,60.069,3085
2026-06-18T21:55:00+00:00,60.07,60.1,60.05,60.08,14180
2026-06-18T22:00:00+00:00,60.09,60.1,60.05,60.08,2136
2026-06-18T22:05:00+00:00,60.08,60.09,60.05,60.057,732
2026-06-18T22:10:00+00:00,60.09,60.09,60.0,60.03,3512
2026-06-18T22:15:00+00:00,60.03,60.07,60.0,60.07,2778
2026-06-18T22:20:00+00:00,60.01,60.01,59.96,59.97,6034
2026-06-18T22:25:00+00:00,60.0,60.0,59.96,59.968,1117
2026-06-18T22:30:00+00:00,60.0,60.0,59.96,59.978,3608
2026-06-18T22:35:00+00:00,59.98,59.98,59.901,59.901,2461
2026-06-18T22:40:00+00:00,59.9,59.93,59.8,59.86,6215
2026-06-18T22:45:00+00:00,59.874,59.93,59.84,59.91,1330
2026-06-18T22:50:00+00:00,59.91,59.93,59.86,59.93,3757
2026-06-18T22:55:00+00:00,59.89,59.93,59.86,59.921,1333
2026-06-18T23:00:00+00:00,59.93,59.93,59.86,59.898,1425
2026-06-18T23:05:00+00:00,59.899,59.9,59.84,59.88,2562
2026-06-18T23:10:00+00:00,59.83,59.9,59.81,59.81,2978
2026-06-18T23:15:00+00:00,59.812,59.89,59.81,59.81,1334
2026-06-18T23:20:00+00:00,59.88,59.93,59.85,59.93,3866
2026-06-18T23:25:00+00:00,59.93,59.93,59.81,59.81,4320
2026-06-18T23:30:00+00:00,59.81,59.92,59.8,59.88,3614
2026-06-18T23:35:00+00:00,59.83,59.95,59.83,59.95,2340
2026-06-18T23:40:00+00:00,59.95,59.95,59.87,59.89,4461
2026-06-18T23:45:00+00:00,59.89,59.93,59.87,59.93,6636
2026-06-18T23:50:00+00:00,59.922,60.08,59.9,60.08,4618
2026-06-18T23:55:00+00:00,60.08,60.09,59.9,60.03,3889
2026-06-22T08:00:00+00:00,59.18,59.883,58.661,59.4,64703
2026-06-22T08:05:00+00:00,59.4,59.64,58.74,59.33,1210
2026-06-22T08:10:00+00:00,59.33,59.48,59.3,59.43,1461
2026-06-22T08:15:00+00:00,59.43,59.46,59.25,59.25,2710
2026-06-22T08:20:00+00:00,59.258,59.4,59.25,59.25,916
2026-06-22T08:25:00+00:00,59.33,59.34,59.2,59.2,401
2026-06-22T08:30:00+00:00,59.153,59.311,59.153,59.24,719
2026-06-22T08:35:00+00:00,59.155,59.3,59.15,59.3,882
2026-06-22T08:40:00+00:00,59.296,59.37,59.234,59.37,1502
2026-06-22T08:45:00+00:00,59.38,59.4,59.2,59.2,1187
2026-06-22T08:50:00+00:00,59.2,59.287,59.156,59.26,435
2026-06-22T08:55:00+00:00,59.283,59.283,59.15,59.22,352
2026-06-22T09:00:00+00:00,59.28,59.438,59.178,59.39,381
2026-06-22T09:05:00+00:00,59.39,59.49,59.357,59.48,1271
2026-06-22T09:10:00+00:00,59.48,59.49,59.29,59.49,629
2026-06-22T09:15:00+00:00,59.37,59.484,59.37,59.42,1075
2026-06-22T09:20:00+00:00,59.42,59.53,59.4,59.53,1120
2026-06-22T09:25:00+00:00,59.53,59.53,59.402,59.43,2124
2026-06-22T09:30:00+00:00,59.435,59.5,59.43,59.43,707
2026-06-22T09:35:00+00:00,59.45,59.45,59.4,59.4,203
2026-06-22T09:40:00+00:00,59.4,59.48,59.31,59.4,2405
2026-06-22T09:45:00+00:00,59.36,59.405,59.325,59.38,329
2026-06-22T09:50:00+00:00,59.4,59.43,59.329,59.367,99
2026-06-22T09:55:00+00:00,59.44,59.491,59.35,59.48,1450
2026-06-22T10:00:00+00:00,59.4,59.6,59.329,59.59,6014
2026-06-22T10:05:00+00:00,59.592,59.879,59.514,59.879,7682
2026-06-22T10:10:00+00:00,59.86,59.94,59.85,59.86,12706
2026-06-22T10:15:00+00:00,59.85,59.95,59.8,59.84,34536
2026-06-22T10:20:00+00:00,59.77,59.95,59.55,59.86,3332
2026-06-22T10:25:00+00:00,59.94,59.96,59.572,59.75,1349
2026-06-22T10:30:00+00:00,59.84,59.84,59.55,59.71,450
2026-06-22T10:35:00+00:00,59.8,59.8,59.73,59.75,3683
2026-06-22T10:40:00+00:00,59.562,59.78,59.562,59.69,1122
2026-06-22T10:45:00+00:00,59.69,59.8,59.69,59.76,3511
2026-06-22T10:50:00+00:00,59.76,59.77,59.68,59.69,487
2026-06-22T10:55:00+00:00,59.69,59.73,59.607,59.72,537
2026-06-22T11:00:00+00:00,59.71,59.92,59.7,59.86,8753
2026-06-22T11:05:00+00:00,59.86,60.15,59.86,60.05,16909
2026-06-22T11:10:00+00:00,60.0,60.03,59.77,59.88,8284
2026-06-22T11:15:00+00:00,59.801,59.9,59.8,59.898,3137
2026-06-22T11:20:00+00:00,59.9,60.19,59.88,60.14,17958
2026-06-22T11:25:00+00:00,60.11,60.19,60.06,60.15,10655
2026-06-22T11:30:00+00:00,60.16,60.35,60.1,60.25,9878
2026-06-22T11:35:00+00:00,60.2,60.31,60.1,60.24,4055
2026-06-22T11:40:00+00:00,60.24,60.24,60.13,60.18,5924
2026-06-22T11:45:00+00:00,60.18,60.2,60.058,60.2,2294
2026-06-22T11:50:00+00:00,60.2,60.3,60.13,60.203,6488
2026-06-22T11:55:00+00:00,60.3,60.39,60.242,60.349,5676
2026-06-22T12:00:00+00:00,60.34,60.43,60.28,60.4,6294
2026-06-22T12:05:00+00:00,60.37,60.55,60.37,60.46,10096
2026-06-22T12:10:00+00:00,60.47,60.49,60.37,60.484,11111
2026-06-22T12:15:00+00:00,60.46,60.49,60.32,60.335,5194
2026-06-22T12:20:00+00:00,60.321,60.4,60.27,60.4,7007
2026-06-22T12:25:00+00:00,60.33,60.4,60.29,60.29,7018
2026-06-22T12:30:00+00:00,60.29,60.349,60.2,60.31,9148
2026-06-22T12:35:00+00:00,60.35,60.45,60.31,60.31,8904
2026-06-22T12:40:00+00:00,60.35,60.4,60.141,60.16,12266
2026-06-22T12:45:00+00:00,60.188,60.2,60.1,60.17,5305
2026-06-22T12:50:00+00:00,60.18,60.43,60.171,60.43,7276
2026-06-22T12:55:00+00:00,60.35,60.39,60.15,60.187,6224
2026-06-22T13:00:00+00:00,60.2,60.32,60.189,60.26,15980
2026-06-22T13:05:00+00:00,60.263,60.29,60.14,60.23,9416
2026-06-22T13:10:00+00:00,60.21,60.3,60.21,60.3,5295
2026-06-22T13:15:00+00:00,60.304,60.33,59.96,60.26,35441
2026-06-22T13:20:00+00:00,60.26,60.27,60.11,60.25,7869
2026-06-22T13:25:00+00:00,60.24,60.7,60.24,60.67,17011
2026-06-22T13:30:00+00:00,60.68,61.099,59.05,59.16,647500
2026-06-22T13:35:00+00:00,59.15,59.82,59.11,59.67,617604
2026-06-22T13:40:00+00:00,59.652,60.13,59.1,59.907,430404
2026-06-22T13:45:00+00:00,59.905,60.94,59.9,60.83,464148
2026-06-22T13:50:00+00:00,60.84,61.077,60.169,60.795,428911
2026-06-22T13:55:00+00:00,60.8,61.28,60.725,60.93,397482
2026-06-22T14:00:00+00:00,60.93,61.2,60.641,60.641,319205
2026-06-22T14:05:00+00:00,60.65,60.77,60.3,60.375,305807
2026-06-22T14:10:00+00:00,60.39,60.47,59.7,59.925,315050
2026-06-22T14:15:00+00:00,59.92,60.0,59.52,59.528,246681
2026-06-22T14:20:00+00:00,59.52,60.0,58.89,59.0,523378
2026-06-22T14:25:00+00:00,59.0,59.29,58.76,59.22,332926
2026-06-22T14:30:00+00:00,59.25,59.6,58.92,59.505,252585
2026-06-22T14:35:00+00:00,59.505,59.749,59.13,59.3,293868
2026-06-22T14:40:00+00:00,59.321,59.5,58.6,58.735,188226
2026-06-22T14:45:00+00:00,58.73,58.92,58.475,58.62,238334
2026-06-22T14:50:00+00:00,58.686,58.835,58.06,58.17,300668
2026-06-22T14:55:00+00:00,58.15,58.585,57.859,58.545,613001
2026-06-22T15:00:00+00:00,58.55,59.155,58.5,58.95,276301
2026-06-22T15:05:00+00:00,58.952,58.952,58.46,58.645,191832
2026-06-22T15:10:00+00:00,58.67,58.7,58.215,58.27,159364
2026-06-22T15:15:00+00:00,58.28,58.4,57.77,57.927,243699
2026-06-22T15:20:00+00:00,57.95,58.25,57.8,58.18,299999
2026-06-22T15:25:00+00:00,58.19,58.26,57.93,58.17,330482
2026-06-22T15:30:00+00:00,58.17,58.56,58.01,58.353,204973
2026-06-22T15:35:00+00:00,58.38,58.38,58.106,58.21,112083
2026-06-22T15:40:00+00:00,58.21,58.36,58.0,58.25,172836
2026-06-22T15:45:00+00:00,58.25,58.489,58.14,58.145,171517
2026-06-22T15:50:00+00:00,58.16,58.3,57.97,58.04,190713
2026-06-22T15:55:00+00:00,58.04,58.4,57.81,58.215,464665
2026-06-22T16:00:00+00:00,58.24,58.289,57.9,57.94,120401
2026-06-22T16:05:00+00:00,57.95,58.205,57.91,58.08,145140
2026-06-22T16:10:00+00:00,58.09,58.24,57.88,57.93,155093
2026-06-22T16:15:00+00:00,57.94,57.94,57.2,57.455,515615
2026-06-22T16:20:00+00:00,57.43,57.69,56.95,57.12,294644
2026-06-22T16:25:00+00:00,57.125,57.14,56.81,57.05,324250
2026-06-22T16:30:00+00:00,57.07,57.13,56.72,56.99,226093
2026-06-22T16:35:00+00:00,56.97,57.102,56.84,57.045,190727
2026-06-22T16:40:00+00:00,57.06,57.08,56.82,56.93,162865
2026-06-22T16:45:00+00:00,56.94,57.07,56.63,57.03,289477
2026-06-22T16:50:00+00:00,57.03,57.18,56.91,57.125,256755
2026-06-22T16:55:00+00:00,57.125,57.24,56.85,56.98,269673
2026-06-22T17:00:00+00:00,56.97,57.0,56.65,56.72,166408
2026-06-22T17:05:00+00:00,56.748,56.83,56.44,56.47,261246
2026-06-22T17:10:00+00:00,56.47,56.84,56.43,56.82,240118
2026-06-22T17:15:00+00:00,56.885,57.04,56.7,56.96,244991
2026-06-22T17:20:00+00:00,56.975,57.07,56.77,56.89,152472
2026-06-22T17:25:00+00:00,56.895,57.075,56.89,56.925,152242
2026-06-22T17:30:00+00:00,56.92,56.991,56.8,56.915,132838
2026-06-22T17:35:00+00:00,56.925,57.03,56.82,56.945,104656
2026-06-22T17:40:00+00:00,56.95,56.97,56.81,56.875,73992
2026-06-22T17:45:00+00:00,56.87,57.015,56.76,56.84,204686
2026-06-22T17:50:00+00:00,56.875,57.17,56.8,57.14,269616
2026-06-22T17:55:00+00:00,57.15,57.2,57.03,57.115,162583
2026-06-22T18:00:00+00:00,57.145,57.228,56.96,57.12,195569
2026-06-22T18:05:00+00:00,57.115,57.21,57.01,57.03,149663
2026-06-22T18:10:00+00:00,57.025,57.2,56.91,57.14,195046
2026-06-22T18:15:00+00:00,57.135,57.93,57.06,57.88,328714
2026-06-22T18:20:00+00:00,57.885,58.24,57.85,58.19,314915
2026-06-22T18:25:00+00:00,58.16,58.315,57.68,57.79,254481
2026-06-22T18:30:00+00:00,57.805,58.35,57.805,58.21,196178
2026-06-22T18:35:00+00:00,58.229,58.36,58.01,58.1,120668
2026-06-22T18:40:00+00:00,58.09,58.108,57.8,57.837,99801
2026-06-22T18:45:00+00:00,57.83,57.88,57.54,57.728,151513
2026-06-22T18:50:00+00:00,57.71,57.74,57.38,57.53,156794
2026-06-22T18:55:00+00:00,57.5,57.5,57.02,57.07,124018
2026-06-22T19:00:00+00:00,57.07,57.37,57.07,57.24,395358
2026-06-22T19:05:00+00:00,57.22,57.29,56.8,56.86,199315
2026-06-22T19:10:00+00:00,56.88,57.01,56.66,56.95,187155
2026-06-22T19:15:00+00:00,56.97,57.03,56.76,56.97,112245
2026-06-22T19:20:00+00:00,56.97,57.025,56.8,56.85,239800
2026-06-22T19:25:00+00:00,56.84,56.899,56.64,56.74,184639
2026-06-22T19:30:00+00:00,56.76,57.15,56.74,56.98,159973
2026-06-22T19:35:00+00:00,57.0,57.04,56.79,56.91,148088
2026-06-22T19:40:00+00:00,56.89,56.95,56.56,56.62,140961
2026-06-22T19:45:00+00:00,56.625,56.749,56.57,56.62,202002
2026-06-22T19:50:00+00:00,56.61,56.68,56.3,56.423,397805
2026-06-22T19:55:00+00:00,56.43,56.91,56.4,56.87,803013
2026-06-22T20:00:00+00:00,56.87,57.45,56.71,56.87,48591
2026-06-22T20:05:00+00:00,57.0,57.0,56.84,56.96,41067
2026-06-22T20:10:00+00:00,56.972,57.25,56.87,57.209,6701
2026-06-22T20:15:00+00:00,57.199,57.23,56.87,57.15,60411
2026-06-22T20:20:00+00:00,57.17,57.2,57.02,57.045,7540
2026-06-22T20:25:00+00:00,57.03,57.15,56.9,56.9,2404
2026-06-22T20:30:00+00:00,56.9,57.14,56.9,57.1,4029
2026-06-22T20:35:00+00:00,57.04,57.1,57.0,57.054,2920
2026-06-22T20:40:00+00:00,57.07,57.1,57.0,57.07,7188
2026-06-22T20:45:00+00:00,57.07,57.13,57.01,57.1,2769
2026-06-22T20:50:00+00:00,57.1,57.1,56.922,57.06,8894
2026-06-22T20:55:00+00:00,57.07,57.07,57.0,57.03,4187
2026-06-22T21:00:00+00:00,56.926,57.0,56.91,56.94,10288
2026-06-22T21:05:00+00:00,56.98,57.0,56.9,56.95,3921
2026-06-22T21:10:00+00:00,56.98,56.98,56.45,56.49,14987
2026-06-22T21:15:00+00:00,56.47,56.7,56.47,56.65,4874
2026-06-22T21:20:00+00:00,56.65,56.748,56.601,56.748,3830
2026-06-22T21:25:00+00:00,56.748,56.85,56.73,56.82,6530
2026-06-22T21:30:00+00:00,56.86,56.99,56.82,56.88,5425
2026-06-22T21:35:00+00:00,56.87,56.94,56.86,56.87,5989
2026-06-22T21:40:00+00:00,56.94,56.94,56.85,56.94,4424
2026-06-22T21:45:00+00:00,56.92,57.06,56.85,57.06,5997
2026-06-22T21:50:00+00:00,57.02,57.06,56.95,57.01,4093
2026-06-22T21:55:00+00:00,57.0,57.0,56.92,56.95,3268
2026-06-22T22:00:00+00:00,56.98,57.14,56.93,57.14,7575
2026-06-22T22:05:00+00:00,57.09,57.14,56.87,57.01,1677
2026-06-22T22:10:00+00:00,57.01,57.1,56.95,56.95,4891
2026-06-22T22:15:00+00:00,56.95,56.97,56.92,56.95,1779
2026-06-22T22:20:00+00:00,56.945,56.98,56.94,56.97,2961
2026-06-22T22:25:00+00:00,56.97,57.1,56.97,57.09,11987
2026-06-22T22:30:00+00:00,57.09,57.1,57.04,57.07,10736
2026-06-22T22:35:00+00:00,57.04,57.07,57.04,57.04,14011
2026-06-22T22:40:00+00:00,57.05,57.069,57.04,57.05,11229
2026-06-22T22:45:00+00:00,57.05,57.11,57.03,57.11,8434
2026-06-22T22:50:00+00:00,57.08,57.14,57.04,57.08,2275
2026-06-22T22:55:00+00:00,57.07,57.09,57.0,57.05,1082
2026-06-22T23:00:00+00:00,57.04,57.09,57.0,57.01,1462
2026-06-22T23:05:00+00:00,57.037,57.04,56.87,56.895,3736
2026-06-22T23:10:00+00:00,56.861,56.966,56.82,56.838,7292
2026-06-22T23:15:00+00:00,56.84,56.84,56.75,56.792,3916
2026-06-22T23:20:00+00:00,56.8,57.0,56.76,56.882,7232
2026-06-22T23:25:00+00:00,56.89,57.09,56.89,57.09,1836
2026-06-22T23:30:00+00:00,57.049,57.05,56.92,56.92,1843
2026-06-22T23:35:00+00:00,57.0,57.028,56.96,56.999,3057
2026-06-22T23:40:00+00:00,57.0,57.05,56.979,57.05,1977
2026-06-22T23:45:00+00:00,57.05,57.1,56.89,56.95,10266
2026-06-22T23:50:00+00:00,56.9,56.95,56.89,56.911,2948
2026-06-22T23:55:00+00:00,56.95,57.0,56.9,57.0,6715
2026-06-23T08:00:00+00:00,54.656,55.38,53.07,53.944,109392
2026-06-23T08:05:00+00:00,54.0,55.15,53.17,53.97,10941
2026-06-23T08:10:00+00:00,54.0,54.189,53.8,53.85,4202
2026-06-23T08:15:00+00:00,53.85,53.9,53.57,53.57,5145
2026-06-23T08:20:00+00:00,53.54,53.779,53.44,53.55,8758
2026-06-23T08:25:00+00:00,53.47,53.72,53.288,53.45,13082
2026-06-23T08:30:00+00:00,53.49,53.882,53.37,53.882,8410
2026-06-23T08:35:00+00:00,53.89,54.0,53.84,53.848,3906
2026-06-23T08:40:00+00:00,54.0,54.19,53.803,53.803,5935
2026-06-23T08:45:00+00:00,53.84,53.879,53.531,53.648,4215
2026-06-23T08:50:00+00:00,53.71,54.0,53.561,53.92,1394
2026-06-23T08:55:00+00:00,53.94,54.0,53.73,53.82,5401
2026-06-23T09:00:00+00:00,53.996,54.34,53.84,54.25,14149
2026-06-23T09:05:00+00:00,54.323,54.481,54.11,54.13,2029
2026-06-23T09:10:00+00:00,54.26,54.496,54.011,54.46,5477
2026-06-23T09:15:00+00:00,54.415,54.52,54.36,54.5,3007
2026-06-23T09:20:00+00:00,54.45,54.59,54.366,54.43,3932
2026-06-23T09:25:00+00:00,54.57,54.653,54.53,54.59,2776
2026-06-23T09:30:00+00:00,54.57,54.66,54.5,54.52,3255
2026-06-23T09:35:00+00:00,54.52,54.61,54.4,54.4,1519
2026-06-23T09:40:00+00:00,54.43,54.46,54.368,54.41,1105
2026-06-23T09:45:00+00:00,54.36,54.43,54.13,54.19,15654
2026-06-23T09:50:00+00:00,54.15,54.35,54.11,54.2,3509
2026-06-23T09:55:00+00:00,54.15,54.2,54.069,54.09,1808
2026-06-23T10:00:00+00:00,54.1,54.296,54.1,54.21,12091
2026-06-23T10:05:00+00:00,54.21,54.21,54.045,54.17,6779
2026-06-23T10:10:00+00:00,54.165,54.186,54.048,54.05,1044
2026-06-23T10:15:00+00:00,54.07,54.11,54.0,54.08,5975
2026-06-23T10:20:00+00:00,54.09,54.19,54.0,54.07,2513
2026-06-23T10:25:00+00:00,54.05,54.17,53.75,53.85,6560
2026-06-23T10:30:00+00:00,53.79,53.85,53.58,53.62,8833
2026-06-23T10:35:00+00:00,53.6,53.71,53.52,53.65,3097
2026-06-23T10:40:00+00:00,53.69,53.748,53.53,53.55,12000
2026-06-23T10:45:00+00:00,53.55,53.77,53.5,53.77,4127
2026-06-23T10:50:00+00:00,53.64,53.87,53.55,53.859,5686
2026-06-23T10:55:00+00:00,53.835,54.06,53.752,54.05,4443
2026-06-23T11:00:00+00:00,54.17,54.6,53.883,53.94,38568
2026-06-23T11:05:00+00:00,53.97,54.04,53.85,54.04,11339
2026-06-23T11:10:00+00:00,54.05,54.15,53.9,53.97,22762
2026-06-23T11:15:00+00:00,53.91,54.0,53.67,53.75,33412
2026-06-23T11:20:00+00:00,53.75,53.97,53.66,53.908,40079
2026-06-23T11:25:00+00:00,53.85,54.0,53.77,53.939,8424
2026-06-23T11:30:00+00:00,53.93,54.2,53.89,54.09,10204
2026-06-23T11:35:00+00:00,54.09,54.35,53.94,54.338,9369
2026-06-23T11:40:00+00:00,54.338,54.4,54.24,54.3,9880
2026-06-23T11:45:00+00:00,54.34,54.4,54.18,54.31,8779
2026-06-23T11:50:00+00:00,54.31,54.5,54.28,54.331,3687
2026-06-23T11:55:00+00:00,54.34,54.5,54.18,54.25,13240
2026-06-23T12:00:00+00:00,54.288,54.5,54.21,54.32,16171
2026-06-23T12:05:00+00:00,54.33,54.5,54.18,54.25,8020
2026-06-23T12:10:00+00:00,54.26,54.44,54.1,54.209,9452
2026-06-23T12:15:00+00:00,54.2,54.3,54.1,54.2,6453
2026-06-23T12:20:00+00:00,54.1,54.261,53.905,53.92,16862
2026-06-23T12:25:00+00:00,53.96,54.0,53.75,53.86,18097
2026-06-23T12:30:00+00:00,53.89,54.0,53.733,53.77,11993
2026-06-23T12:35:00+00:00,53.77,53.88,53.7,53.732,7556
2026-06-23T12:40:00+00:00,53.8,53.9,53.71,53.8,8345
2026-06-23T12:45:00+00:00,53.73,53.8,53.51,53.65,23724
2026-06-23T12:50:00+00:00,53.63,53.8,53.5,53.59,12138
2026-06-23T12:55:00+00:00,53.48,53.8,53.48,53.51,5060
2026-06-23T13:00:00+00:00,53.6,53.67,53.48,53.577,22310
2026-06-23T13:05:00+00:00,53.624,53.79,53.52,53.52,11134
2026-06-23T13:10:00+00:00,53.55,53.64,53.4,53.598,18455
2026-06-23T13:15:00+00:00,53.5,53.78,53.42,53.637,11181
2026-06-23T13:20:00+00:00,53.6,53.78,53.55,53.76,6080
2026-06-23T13:25:00+00:00,53.69,53.95,53.4,53.52,27412
2026-06-23T13:30:00+00:00,53.455,53.66,52.76,53.3,1120580
2026-06-23T13:35:00+00:00,53.31,54.83,53.24,54.76,811805
2026-06-23T13:40:00+00:00,54.715,55.725,54.59,55.665,627065
2026-06-23T13:45:00+00:00,55.64,56.52,55.11,56.142,682861
2026-06-23T13:50:00+00:00,56.165,56.4,55.76,55.805,395539
2026-06-23T13:55:00+00:00,55.79,56.35,55.41,56.3,481970
2026-06-23T14:00:00+00:00,56.28,56.95,56.185,56.885,468788
2026-06-23T14:05:00+00:00,56.89,56.93,56.311,56.685,294828
2026-06-23T14:10:00+00:00,56.675,57.06,56.3,56.947,337448
2026-06-23T14:15:00+00:00,56.965,57.54,56.81,57.195,545640
2026-06-23T14:20:00+00:00,57.205,57.22,56.675,56.83,379279
2026-06-23T14:25:00+00:00,56.8,56.97,56.55,56.74,228856
2026-06-23T14:30:00+00:00,56.77,56.97,56.31,56.43,299654
2026-06-23T14:35:00+00:00,56.385,57.05,56.34,56.415,264252
2026-06-23T14:40:00+00:00,56.44,56.465,55.769,56.05,394779
2026-06-23T14:45:00+00:00,56.07,56.19,55.5,55.71,202032
2026-06-23T14:50:00+00:00,55.7,55.9,55.2,55.33,214637
2026-06-23T14:55:00+00:00,55.31,55.615,55.24,55.479,202235
2026-06-23T15:00:00+00:00,55.5,55.78,55.39,55.5,399786
2026-06-23T15:05:00+00:00,55.45,55.55,55.1,55.135,153552
2026-06-23T15:10:00+00:00,55.15,55.28,54.93,55.16,202978
2026-06-23T15:15:00+00:00,55.1,55.18,54.7,54.8,196579
2026-06-23T15:20:00+00:00,54.8,55.11,54.72,54.79,166492
2026-06-23T15:25:00+00:00,54.78,55.09,54.72,54.88,131318
2026-06-23T15:30:00+00:00,54.91,55.26,54.89,55.075,163748
2026-06-23T15:35:00+00:00,55.05,55.285,54.73,54.89,168187
2026-06-23T15:40:00+00:00,54.87,55.005,54.72,54.885,130887
2026-06-23T15:45:00+00:00,54.88,55.066,54.78,54.86,114387
2026-06-23T15:50:00+00:00,54.865,55.34,54.78,55.04,112791
2026-06-23T15:55:00+00:00,55.01,55.22,54.91,55.005,140763
2026-06-23T16:00:00+00:00,55.03,55.35,54.89,55.25,159974
2026-06-23T16:05:00+00:00,55.23,55.78,55.225,55.77,283840
2026-06-23T16:10:00+00:00,55.75,56.26,55.73,56.155,274913
2026-06-23T16:15:00+00:00,56.155,56.16,55.881,55.92,276405
2026-06-23T16:20:00+00:00,55.875,56.43,55.77,56.335,156192
2026-06-23T16:25:00+00:00,56.335,56.39,56.065,56.19,115918
2026-06-23T16:30:00+00:00,56.18,56.195,55.91,55.91,122016
2026-06-23T16:35:00+00:00,55.93,55.98,55.77,55.88,135596
2026-06-23T16:40:00+00:00,55.91,55.94,55.72,55.86,81537
2026-06-23T16:45:00+00:00,55.93,55.93,55.6,55.61,110604
2026-06-23T16:50:00+00:00,55.61,55.63,55.42,55.52,148507
2026-06-23T16:55:00+00:00,55.52,55.58,55.37,55.48,125995
2026-06-23T17:00:00+00:00,55.48,55.485,55.188,55.265,123559
2026-06-23T17:05:00+00:00,55.28,55.42,55.18,55.42,123965
2026-06-23T17:10:00+00:00,55.415,55.78,55.415,55.51,155865
2026-06-23T17:15:00+00:00,55.54,55.74,55.48,55.64,119270
2026-06-23T17:20:00+00:00,55.649,56.03,55.579,55.951,124746
2026-06-23T17:25:00+00:00,55.97,56.3,55.85,56.15,125416
2026-06-23T17:30:00+00:00,56.11,56.2,55.91,56.17,116571
2026-06-23T17:35:00+00:00,56.19,56.41,56.18,56.195,144579
2026-06-23T17:40:00+00:00,56.192,56.21,55.94,55.94,111577
2026-06-23T17:45:00+00:00,55.94,55.98,55.81,55.835,86221
2026-06-23T17:50:00+00:00,55.835,55.838,55.38,55.4,116143
2026-06-23T17:55:00+00:00,55.395,55.445,55.16,55.18,141200
2026-06-23T18:00:00+00:00,55.19,55.5,55.17,55.29,132543
2026-06-23T18:05:00+00:00,55.31,55.4,55.107,55.25,114923
2026-06-23T18:10:00+00:00,55.27,55.35,55.19,55.21,80497
2026-06-23T18:15:00+00:00,55.19,55.305,55.15,55.22,99922
2026-06-23T18:20:00+00:00,55.217,55.47,55.11,55.395,112268
2026-06-23T18:25:00+00:00,55.37,55.4,55.24,55.275,112467
2026-06-23T18:30:00+00:00,55.25,55.27,55.05,55.13,124962
2026-06-23T18:35:00+00:00,55.165,55.2,54.92,54.94,77079
2026-06-23T18:40:00+00:00,54.921,54.921,54.62,54.645,149498
2026-06-23T18:45:00+00:00,54.658,54.66,54.371,54.53,188992
2026-06-23T18:50:00+00:00,54.525,54.7,54.355,54.59,208865
2026-06-23T18:55:00+00:00,54.55,54.632,54.37,54.611,140863
2026-06-23T19:00:00+00:00,54.6,54.921,54.5,54.83,197323
2026-06-23T19:05:00+00:00,54.82,55.026,54.46,54.555,184492
2026-06-23T19:10:00+00:00,54.53,54.8,54.42,54.71,136251
2026-06-23T19:15:00+00:00,54.7,54.78,54.47,54.493,136650
2026-06-23T19:20:00+00:00,54.5,54.73,54.33,54.58,162040
2026-06-23T19:25:00+00:00,54.54,55.0,54.43,54.91,236484
2026-06-23T19:30:00+00:00,54.88,54.985,54.62,54.81,164433
2026-06-23T19:35:00+00:00,54.81,54.905,54.68,54.82,169636
2026-06-23T19:40:00+00:00,54.825,54.96,54.25,54.31,240882
2026-06-23T19:45:00+00:00,54.34,54.42,54.082,54.2,183003
2026-06-23T19:50:00+00:00,54.22,54.57,54.185,54.35,367262
2026-06-23T19:55:00+00:00,54.345,54.76,54.16,54.72,1333932
2026-06-23T20:00:00+00:00,54.705,55.26,54.53,54.823,148328
2026-06-23T20:05:00+00:00,54.909,54.91,54.5,54.9,19977
2026-06-23T20:10:00+00:00,54.72,55.78,54.72,55.6,287121
2026-06-23T20:15:00+00:00,55.57,55.57,55.1,55.31,7773
2026-06-23T20:20:00+00:00,54.72,55.44,54.72,55.199,6097
2026-06-23T20:25:00+00:00,55.12,55.3,55.1,55.163,5864
2026-06-23T20:30:00+00:00,55.13,55.2,54.9,54.98,10638
2026-06-23T20:35:00+00:00,55.0,55.2,54.868,55.2,3477
2026-06-23T20:40:00+00:00,55.15,55.2,55.026,55.16,1496
2026-06-23T20:45:00+00:00,55.117,55.2,54.3,54.98,50392
2026-06-23T20:50:00+00:00,54.98,55.05,54.9,55.03,1099
2026-06-23T20:55:00+00:00,55.0,55.18,54.928,55.0,3658
2026-06-23T21:00:00+00:00,55.0,55.1,54.913,55.07,915
2026-06-23T21:05:00+00:00,55.02,55.1,54.9,55.0,1360
2026-06-23T21:10:00+00:00,55.04,55.1,54.9,54.9,9291
2026-06-23T21:15:00+00:00,54.92,55.1,54.9,55.0,918
2026-06-23T21:20:00+00:00,54.96,55.0,54.92,54.92,2104
2026-06-23T21:25:00+00:00,54.92,55.1,54.92,55.1,2979
2026-06-23T21:30:00+00:00,55.09,55.22,55.001,55.05,4026
2026-06-23T21:35:00+00:00,55.13,55.25,55.1,55.1,2301
2026-06-23T21:40:00+00:00,55.01,55.24,55.01,55.08,819
2026-06-23T21:45:00+00:00,55.08,55.1,55.01,55.1,989
2026-06-23T21:50:00+00:00,55.083,55.1,55.01,55.011,1794
2026-06-23T21:55:00+00:00,55.1,55.1,55.02,55.1,3208
2026-06-23T22:00:00+00:00,55.1,55.25,55.1,55.19,1754
2026-06-23T22:05:00+00:00,55.15,55.21,55.09,55.13,1338
2026-06-23T22:10:00+00:00,55.14,55.189,55.1,55.189,2684
2026-06-23T22:15:00+00:00,55.189,55.19,55.1,55.188,6795
2026-06-23T22:20:00+00:00,55.187,55.19,54.923,54.93,1602
2026-06-23T22:25:00+00:00,54.92,55.06,54.92,55.0,1056
2026-06-23T22:30:00+00:00,55.05,55.05,55.0,55.04,4326
2026-06-23T22:35:00+00:00,54.93,55.03,54.8,54.872,3409
2026-06-23T22:40:00+00:00,54.958,54.98,54.81,54.81,955
2026-06-23T22:45:00+00:00,54.81,54.92,54.81,54.89,778
2026-06-23T22:50:00+00:00,54.83,54.91,54.81,54.83,4334
2026-06-23T22:55:00+00:00,54.83,54.99,54.81,54.89,448
2026-06-23T23:00:00+00:00,54.81,54.92,54.78,54.81,1261
2026-06-23T23:05:00+00:00,54.78,54.78,54.58,54.7,1209
2026-06-23T23:10:00+00:00,54.66,54.92,54.6,54.84,1133
2026-06-23T23:15:00+00:00,54.84,54.92,54.69,54.729,830
2026-06-23T23:20:00+00:00,54.725,54.92,54.725,54.84,743
2026-06-23T23:25:00+00:00,54.85,55.0,54.841,54.88,1669
2026-06-23T23:30:00+00:00,54.99,54.99,54.85,54.99,5751
2026-06-23T23:35:00+00:00,54.859,54.939,54.85,54.85,263
2026-06-23T23:40:00+00:00,54.85,54.98,54.79,54.96,1481
2026-06-23T23:45:00+00:00,54.91,55.0,54.79,54.96,233
2026-06-23T23:50:00+00:00,54.973,55.0,54.81,55.0,191
2026-06-23T23:55:00+00:00,54.94,55.0,54.89,54.9,955
2026-06-24T08:00:00+00:00,55.04,55.73,54.99,55.62,29886
2026-06-24T08:05:00+00:00,55.67,55.691,55.02,55.66,1734
2026-06-24T08:10:00+00:00,55.655,55.7,55.57,55.68,1282
2026-06-24T08:15:00+00:00,55.68,55.71,55.558,55.691,1339
2026-06-24T08:20:00+00:00,55.6,55.66,55.565,55.6,1129
2026-06-24T08:25:00+00:00,55.6,55.6,55.46,55.51,2147
2026-06-24T08:30:00+00:00,55.51,55.68,55.45,55.538,1010
2026-06-24T08:35:00+00:00,55.53,55.65,55.51,55.51,1135
2026-06-24T08:40:00+00:00,55.55,55.6,55.51,55.59,110
2026-06-24T08:45:00+00:00,55.59,55.59,55.528,55.54,845
2026-06-24T08:50:00+00:00,55.65,55.65,55.6,55.62,389
2026-06-24T08:55:00+00:00,55.61,55.637,55.55,55.61,146
2026-06-24T09:00:00+00:00,55.63,55.68,55.49,55.49,83
2026-06-24T09:05:00+00:00,55.49,55.5,55.455,55.48,314
2026-06-24T09:10:00+00:00,55.481,55.62,55.481,55.62,59
2026-06-24T09:15:00+00:00,55.62,55.62,55.45,55.56,308
2026-06-24T09:20:00+00:00,55.55,55.6,55.49,55.49,57
2026-06-24T09:25:00+00:00,55.49,55.49,55.48,55.48,21
2026-06-24T09:30:00+00:00,55.55,55.55,55.42,55.48,171
2026-06-24T09:35:00+00:00,55.48,55.48,55.32,55.39,560
2026-06-24T09:40:00+00:00,55.38,55.486,55.32,55.39,378
2026-06-24T09:45:00+00:00,55.34,55.41,55.3,55.343,102
2026-06-24T09:50:00+00:00,55.44,55.52,55.44,55.49,218
2026-06-24T09:55:00+00:00,55.3,55.49,55.3,55.413,312
2026-06-24T10:00:00+00:00,55.45,55.49,55.38,55.49,1577
2026-06-24T10:05:00+00:00,55.483,55.483,55.483,55.483,2
2026-06-24T10:10:00+00:00,55.48,55.48,55.41,55.477,112
2026-06-24T10:15:00+00:00,55.47,55.48,55.45,55.46,142
2026-06-24T10:20:00+00:00,55.46,55.48,55.38,55.38,5929
2026-06-24T10:25:00+00:00,55.387,55.46,55.34,55.34,124
2026-06-24T10:30:00+00:00,55.49,55.49,55.37,55.48,129
2026-06-24T10:35:00+00:00,55.46,55.47,55.35,55.4,833
2026-06-24T10:40:00+00:00,55.4,55.44,55.358,55.44,464
2026-06-24T10:45:00+00:00,55.43,55.501,55.33,55.42,242
2026-06-24T10:50:00+00:00,55.349,55.42,55.32,55.35,417
2026-06-24T10:55:00+00:00,55.36,55.36,55.1,55.19,893
2026-06-24T11:00:00+00:00,55.25,55.28,55.1,55.2,3365
2026-06-24T11:05:00+00:00,55.24,55.27,55.09,55.19,7470
2026-06-24T11:10:00+00:00,55.11,55.19,55.05,55.1,3438
2026-06-24T11:15:00+00:00,55.068,55.19,54.97,55.028,4201
2026-06-24T11:20:00+00:00,55.02,55.17,55.009,55.17,1496
2026-06-24T11:25:00+00:00,55.1,55.13,55.0,55.03,4347
2026-06-24T11:30:00+00:00,55.03,55.19,55.02,55.02,566
2026-06-24T11:35:00+00:00,55.029,55.3,55.029,55.25,1717
2026-06-24T11:40:00+00:00,55.32,55.32,55.126,55.25,643
2026-06-24T11:45:00+00:00,55.21,55.51,55.2,55.47,991
2026-06-24T11:50:00+00:00,55.43,55.51,55.259,55.48,1769
2026-06-24T11:55:00+00:00,55.496,55.5,55.27,55.4,568
2026-06-24T12:00:00+00:00,55.4,55.47,55.301,55.44,13796
2026-06-24T12:05:00+00:00,55.43,55.45,55.3,55.35,3440
2026-06-24T12:10:00+00:00,55.314,55.38,55.31,55.375,3755
2026-06-24T12:15:00+00:00,55.35,55.44,55.3,55.35,12286
2026-06-24T12:20:00+00:00,55.44,55.44,55.351,55.373,805
2026-06-24T12:25:00+00:00,55.4,55.44,55.29,55.34,2836
2026-06-24T12:30:00+00:00,55.31,55.36,55.16,55.16,2567
2026-06-24T12:35:00+00:00,55.202,55.229,55.12,55.2,627
2026-06-24T12:40:00+00:00,55.1,55.22,55.039,55.09,4167
2026-06-24T12:45:00+00:00,55.084,55.24,55.02,55.036,3353
2026-06-24T12:50:00+00:00,55.08,55.13,54.9,54.99,2223
2026-06-24T12:55:00+00:00,55.05,55.05,54.86,54.86,2288
2026-06-24T13:00:00+00:00,54.95,54.98,54.76,54.92,2868
2026-06-24T13:05:00+00:00,54.92,54.98,54.63,54.853,15290
2026-06-24T13:10:00+00:00,54.95,54.98,54.85,54.851,126419
2026-06-24T13:15:00+00:00,54.92,55.0,54.74,54.74,5408
2026-06-24T13:20:00+00:00,54.78,54.921,54.73,54.921,8098
2026-06-24T13:25:00+00:00,54.86,54.86,53.94,54.1,29366
2026-06-24T13:30:00+00:00,54.092,54.79,53.707,53.92,497351
2026-06-24T13:35:00+00:00,53.895,54.16,52.86,53.07,523327
2026-06-24T13:40:00+00:00,53.07,53.26,51.44,51.71,867573
2026-06-24T13:45:00+00:00,51.68,52.42,51.68,52.3,901360
2026-06-24T13:50:00+00:00,52.236,53.165,52.2,52.9,594801
2026-06-24T13:55:00+00:00,52.86,52.89,51.93,52.405,707057
2026-06-24T14:00:00+00:00,52.44,52.47,51.64,51.785,473429
2026-06-24T14:05:00+00:00,51.75,52.52,51.72,52.44,358926
2026-06-24T14:10:00+00:00,52.42,52.72,51.7,52.07,514519
2026-06-24T14:15:00+00:00,52.05,52.112,51.235,51.365,484348
2026-06-24T14:20:00+00:00,51.34,52.03,51.04,51.88,516776
2026-06-24T14:25:00+00:00,51.88,52.185,51.63,51.91,346427
2026-06-24T14:30:00+00:00,51.94,52.69,51.9,52.49,355693
2026-06-24T14:35:00+00:00,52.485,53.06,52.48,52.55,346376
2026-06-24T14:40:00+00:00,52.55,52.61,52.22,52.54,312057
2026-06-24T14:45:00+00:00,52.55,52.84,52.3,52.538,302036
2026-06-24T14:50:00+00:00,52.506,52.65,52.3,52.32,525614
2026-06-24T14:55:00+00:00,52.32,52.94,52.126,52.861,388131
2026-06-24T15:00:00+00:00,52.88,53.13,52.58,52.62,253475
2026-06-24T15:05:00+00:00,52.643,52.76,52.03,52.27,251221
2026-06-24T15:10:00+00:00,52.275,52.48,51.92,52.035,343520
2026-06-24T15:15:00+00:00,52.035,52.51,52.0,52.411,185583
2026-06-24T15:20:00+00:00,52.42,52.54,52.101,52.165,203755
2026-06-24T15:25:00+00:00,52.165,52.47,51.974,52.45,134292
2026-06-24T15:30:00+00:00,52.43,52.49,52.02,52.2,147213
2026-06-24T15:35:00+00:00,52.19,52.425,52.019,52.11,143740
2026-06-24T15:40:00+00:00,52.11,52.15,51.95,52.11,130880
2026-06-24T15:45:00+00:00,52.12,52.13,51.77,51.985,162877
2026-06-24T15:50:00+00:00,52.01,52.29,52.01,52.21,261761
2026-06-24T15:55:00+00:00,52.185,52.28,51.86,52.085,177849
2026-06-24T16:00:00+00:00,52.06,52.23,51.96,51.99,96406
2026-06-24T16:05:00+00:00,52.005,52.005,51.68,51.9,130015
2026-06-24T16:10:00+00:00,51.9,52.24,51.84,52.19,114848
2026-06-24T16:15:00+00:00,52.19,52.255,51.9,51.96,105389
2026-06-24T16:20:00+00:00,51.98,52.24,51.9,52.14,101480
2026-06-24T16:25:00+00:00,52.13,52.13,51.91,52.01,61206
2026-06-24T16:30:00+00:00,52.01,52.01,51.67,51.757,105267
2026-06-24T16:35:00+00:00,51.75,51.845,51.325,51.42,191259
2026-06-24T16:40:00+00:00,51.4,51.6,51.34,51.555,265004
2026-06-24T16:45:00+00:00,51.54,51.545,51.35,51.4,98037
2026-06-24T16:50:00+00:00,51.4,51.57,51.29,51.29,137866
2026-06-24T16:55:00+00:00,51.3,51.339,51.17,51.235,165936
2026-06-24T17:00:00+00:00,51.215,51.47,51.145,51.39,145244
2026-06-24T17:05:00+00:00,51.4,51.4,50.85,51.03,288864
2026-06-24T17:10:00+00:00,51.03,51.06,50.82,50.87,208207
2026-06-24T17:15:00+00:00,50.88,50.93,50.63,50.755,293275
2026-06-24T17:20:00+00:00,50.77,50.77,50.48,50.664,331282
2026-06-24T17:25:00+00:00,50.63,50.75,50.495,50.555,168192
2026-06-24T17:30:00+00:00,50.54,50.63,50.16,50.35,394351
2026-06-24T17:35:00+00:00,50.35,50.49,50.11,50.3,240685
2026-06-24T17:40:00+00:00,50.3,50.4,50.12,50.15,184915
2026-06-24T17:45:00+00:00,50.16,50.27,49.94,50.194,430971
2026-06-24T17:50:00+00:00,50.19,50.25,49.96,50.02,163484
2026-06-24T17:55:00+00:00,50.03,50.22,49.66,49.85,343501
2026-06-24T18:00:00+00:00,49.88,49.98,49.7,49.72,279696
2026-06-24T18:05:00+00:00,49.72,50.169,49.67,50.165,225161
2026-06-24T18:10:00+00:00,50.15,50.27,50.05,50.19,213280
2026-06-24T18:15:00+00:00,50.19,50.6,50.17,50.59,278544
2026-06-24T18:20:00+00:00,50.59,50.78,50.41,50.78,184055
2026-06-24T18:25:00+00:00,50.775,50.935,50.59,50.623,215123
2026-06-24T18:30:00+00:00,50.61,50.69,50.408,50.44,183935
2026-06-24T18:35:00+00:00,50.445,50.47,50.05,50.09,157791
2026-06-24T18:40:00+00:00,50.08,50.09,49.91,50.01,174160
2026-06-24T18:45:00+00:00,50.0,50.0,49.58,49.615,205559
2026-06-24T18:50:00+00:00,49.625,49.69,49.49,49.545,456789
2026-06-24T18:55:00+00:00,49.56,49.62,49.181,49.24,376406
2026-06-24T19:00:00+00:00,49.285,49.44,49.0,49.365,426266
2026-06-24T19:05:00+00:00,49.365,49.38,48.92,48.98,320093
2026-06-24T19:10:00+00:00,48.98,49.1,48.84,49.025,403491
2026-06-24T19:15:00+00:00,49.025,49.25,48.885,49.2,345932
2026-06-24T19:20:00+00:00,49.21,49.5,49.04,49.493,264904
2026-06-24T19:25:00+00:00,49.49,49.78,49.38,49.71,232265
2026-06-24T19:30:00+00:00,49.69,49.735,49.52,49.64,200043
2026-06-24T19:35:00+00:00,49.64,49.72,49.49,49.53,226875
2026-06-24T19:40:00+00:00,49.525,49.61,49.213,49.33,284245
2026-06-24T19:45:00+00:00,49.335,49.77,49.31,49.76,289288
2026-06-24T19:50:00+00:00,49.75,50.369,49.73,50.369,466998
2026-06-24T19:55:00+00:00,50.345,50.39,50.063,50.3,866862
2026-06-24T20:00:00+00:00,50.32,51.28,50.25,51.28,42708
2026-06-24T20:05:00+00:00,51.25,51.7,51.06,51.68,100889
2026-06-24T20:10:00+00:00,51.7,51.7,50.3,51.367,53377
2026-06-24T20:15:00+00:00,51.469,51.55,51.0,51.507,37489
2026-06-24T20:20:00+00:00,51.51,52.05,51.48,51.9,86255
2026-06-24T20:25:00+00:00,51.9,52.2,51.68,52.1,57831
2026-06-24T20:30:00+00:00,52.19,52.29,52.07,52.07,28995
2026-06-24T20:35:00+00:00,52.08,52.46,52.0,52.38,46011
2026-06-24T20:40:00+00:00,52.452,52.47,52.09,52.09,36364
2026-06-24T20:45:00+00:00,52.2,52.44,52.1,52.27,171839
2026-06-24T20:50:00+00:00,52.16,52.3,51.9,52.17,43273
2026-06-24T20:55:00+00:00,52.22,52.45,52.0,52.34,37413
2026-06-24T21:00:00+00:00,52.35,52.5,52.05,52.06,15478
2026-06-24T21:05:00+00:00,52.14,52.35,52.02,52.28,8509
2026-06-24T21:10:00+00:00,52.284,52.3,52.05,52.139,11131
2026-06-24T21:15:00+00:00,52.1,52.28,52.06,52.08,8234
2026-06-24T21:20:00+00:00,52.08,52.21,51.99,52.05,16119
2026-06-24T21:25:00+00:00,51.99,52.26,51.93,52.26,7925
2026-06-24T21:30:00+00:00,52.26,52.3,52.0,52.258,16383
2026-06-24T21:35:00+00:00,52.26,52.3,52.01,52.273,6280
2026-06-24T21:40:00+00:00,52.273,52.4,52.07,52.35,23119
2026-06-24T21:45:00+00:00,52.349,52.35,52.26,52.35,4919
2026-06-24T21:50:00+00:00,52.35,52.35,52.24,52.26,9900
2026-06-24T21:55:00+00:00,52.26,52.28,52.08,52.23,11835
2026-06-24T22:00:00+00:00,52.2,52.44,52.2,52.4,17899
2026-06-24T22:05:00+00:00,52.4,52.45,52.2,52.39,21418
2026-06-24T22:10:00+00:00,52.39,52.5,52.3,52.449,8295
2026-06-24T22:15:00+00:00,52.45,52.5,52.21,52.25,11345
2026-06-24T22:20:00+00:00,52.25,52.42,52.21,52.399,3883
2026-06-24T22:25:00+00:00,52.4,52.45,52.35,52.44,3138
2026-06-24T22:30:00+00:00,52.44,52.49,52.31,52.39,14004
2026-06-24T22:35:00+00:00,52.38,52.5,52.31,52.37,5826
2026-06-24T22:40:00+00:00,52.44,52.49,52.25,52.252,7488
2026-06-24T22:45:00+00:00,52.298,52.3,52.11,52.13,7901
2026-06-24T22:50:00+00:00,52.13,52.28,52.13,52.15,19574
2026-06-24T22:55:00+00:00,52.278,52.28,52.079,52.13,4186
2026-06-24T23:00:00+00:00,52.15,52.29,52.13,52.25,2497
2026-06-24T23:05:00+00:00,52.25,52.29,52.2,52.29,4201
2026-06-24T23:10:00+00:00,52.23,52.29,52.13,52.14,4626
2026-06-24T23:15:00+00:00,52.14,52.29,52.13,52.29,10123
2026-06-24T23:20:00+00:00,52.27,52.293,52.17,52.29,16124
2026-06-24T23:25:00+00:00,52.28,52.3,52.15,52.171,3514
2026-06-24T23:30:00+00:00,52.19,52.35,52.19,52.35,2102
2026-06-24T23:35:00+00:00,52.32,52.49,52.25,52.49,12528
2026-06-24T23:40:00+00:00,52.49,52.5,52.31,52.35,30170
2026-06-24T23:45:00+00:00,52.37,52.48,52.32,52.44,2464
2026-06-24T23:50:00+00:00,52.44,52.47,52.3,52.47,5470
2026-06-24T23:55:00+00:00,52.47,52.5,52.43,52.498,5118
2026-06-25T08:00:00+00:00,52.15,52.44,51.66,52.26,96005
2026-06-25T08:05:00+00:00,52.35,52.35,51.69,52.2,7864
2026-06-25T08:10:00+00:00,52.2,52.34,52.104,52.104,926
2026-06-25T08:15:00+00:00,52.1,52.235,52.02,52.21,3599
2026-06-25T08:20:00+00:00,52.21,52.223,52.13,52.13,1367
2026-06-25T08:25:00+00:00,52.13,52.247,52.13,52.23,1322
2026-06-25T08:30:00+00:00,52.25,52.3,52.19,52.196,1244
2026-06-25T08:35:00+00:00,52.29,52.298,52.19,52.27,1107
2026-06-25T08:40:00+00:00,52.27,52.3,52.22,52.26,3340
2026-06-25T08:45:00+00:00,52.26,52.31,52.17,52.18,823
2026-06-25T08:50:00+00:00,52.188,52.202,52.02,52.15,780
2026-06-25T08:55:00+00:00,52.11,52.16,52.02,52.05,1961
2026-06-25T09:00:00+00:00,52.07,52.15,52.03,52.11,2043
2026-06-25T09:05:00+00:00,52.115,52.12,52.042,52.08,508
2026-06-25T09:10:00+00:00,52.08,52.12,52.04,52.04,918
2026-06-25T09:15:00+00:00,52.05,52.115,51.98,52.0,1217
2026-06-25T09:20:00+00:00,51.99,52.042,51.935,51.98,2405
2026-06-25T09:25:00+00:00,51.98,52.035,51.969,51.986,194
2026-06-25T09:30:00+00:00,52.02,52.112,52.0,52.09,3342
2026-06-25T09:35:00+00:00,52.09,52.15,52.05,52.15,813
2026-06-25T09:40:00+00:00,52.15,52.28,52.06,52.25,2525
2026-06-25T09:45:00+00:00,52.24,52.25,52.166,52.18,643
2026-06-25T09:50:00+00:00,52.174,52.18,52.057,52.18,4271
2026-06-25T09:55:00+00:00,52.18,52.18,52.1,52.1,241
2026-06-25T10:00:00+00:00,52.027,52.18,52.027,52.18,9313
2026-06-25T10:05:00+00:00,52.16,52.17,52.1,52.17,1422
2026-06-25T10:10:00+00:00,52.16,52.18,52.13,52.18,4083
2026-06-25T10:15:00+00:00,52.18,52.18,52.15,52.176,11059
2026-06-25T10:20:00+00:00,52.165,52.176,52.1,52.12,250
2026-06-25T10:25:00+00:00,52.14,52.18,52.13,52.175,628
2026-06-25T10:30:00+00:00,52.144,52.18,52.142,52.16,4425
2026-06-25T10:35:00+00:00,52.15,52.18,52.14,52.18,962
2026-06-25T10:40:00+00:00,52.14,52.14,52.04,52.04,486
2026-06-25T10:45:00+00:00,52.02,52.17,52.02,52.14,3865
2026-06-25T10:50:00+00:00,52.15,52.177,52.12,52.15,1319
2026-06-25T10:55:00+00:00,52.17,52.18,52.09,52.172,1635
2026-06-25T11:00:00+00:00,52.18,52.35,52.105,52.28,12543
2026-06-25T11:05:00+00:00,52.32,52.5,52.25,52.439,9820
2026-06-25T11:10:00+00:00,52.46,52.64,52.41,52.64,9730
2026-06-25T11:15:00+00:00,52.589,52.7,52.5,52.6,14891
2026-06-25T11:20:00+00:00,52.599,52.6,52.38,52.49,9109
2026-06-25T11:25:00+00:00,52.38,52.48,52.241,52.241,16650
2026-06-25T11:30:00+00:00,52.24,52.3,52.14,52.154,10950
2026-06-25T11:35:00+00:00,52.25,52.3,52.15,52.255,5785
2026-06-25T11:40:00+00:00,52.255,52.29,52.2,52.2,3587
2026-06-25T11:45:00+00:00,52.21,52.24,52.14,52.2,2639
2026-06-25T11:50:00+00:00,52.15,52.2,52.1,52.13,3725
2026-06-25T11:55:00+00:00,52.104,52.16,52.05,52.11,6010
2026-06-25T12:00:00+00:00,52.11,52.19,52.106,52.15,1855
2026-06-25T12:05:00+00:00,52.11,52.29,52.09,52.17,5582
2026-06-25T12:10:00+00:00,52.114,52.2,51.96,51.96,5909
2026-06-25T12:15:00+00:00,51.98,52.11,51.93,52.06,10083
2026-06-25T12:20:00+00:00,52.06,52.16,52.0,52.06,4528
2026-06-25T12:25:00+00:00,52.11,52.14,51.953,51.96,36109
2026-06-25T12:30:00+00:00,52.01,52.48,52.0,52.21,25023
2026-06-25T12:35:00+00:00,52.3,52.43,51.95,52.32,11488
2026-06-25T12:40:00+00:00,52.33,52.4,52.2,52.241,10312
2026-06-25T12:45:00+00:00,52.24,52.4,52.23,52.35,7188
2026-06-25T12:50:00+00:00,52.39,52.56,52.32,52.45,8870
2026-06-25T12:55:00+00:00,52.52,52.58,52.363,52.402,13996
2026-06-25T13:00:00+00:00,52.4,52.5,52.32,52.33,8699
2026-06-25T13:05:00+00:00,52.38,52.38,52.32,52.33,6123
2026-06-25T13:10:00+00:00,52.356,52.37,52.17,52.3,17234
2026-06-25T13:15:00+00:00,52.3,52.36,52.17,52.31,4087
2026-06-25T13:20:00+00:00,52.35,52.49,52.31,52.438,14721
2026-06-25T13:25:00+00:00,52.43,52.48,52.18,52.19,7881
2026-06-25T13:30:00+00:00,52.22,52.285,50.55,50.67,824612
2026-06-25T13:35:00+00:00,50.67,51.23,50.5,50.515,546036
2026-06-25T13:40:00+00:00,50.527,50.62,49.26,49.46,671454
2026-06-25T13:45:00+00:00,49.455,49.658,48.55,48.92,643139
2026-06-25T13:50:00+00:00,48.9,49.45,47.79,47.92,729429
2026-06-25T13:55:00+00:00,47.89,48.0,47.34,47.41,571888
2026-06-25T14:00:00+00:00,47.425,48.19,47.39,47.84,614857
2026-06-25T14:05:00+00:00,47.85,48.53,47.785,48.47,552820
2026-06-25T14:10:00+00:00,48.45,49.102,48.415,48.421,641442
2026-06-25T14:15:00+00:00,48.475,48.76,47.82,48.24,439879
2026-06-25T14:20:00+00:00,48.255,48.7,48.05,48.095,360262
2026-06-25T14:25:00+00:00,48.11,48.695,48.11,48.43,290585
2026-06-25T14:30:00+00:00,48.46,49.49,48.44,49.26,406403
2026-06-25T14:35:00+00:00,49.245,49.35,48.716,49.129,371326
2026-06-25T14:40:00+00:00,49.105,49.16,48.34,48.5,376373
2026-06-25T14:45:00+00:00,48.47,48.535,48.0,48.51,290415
2026-06-25T14:50:00+00:00,48.525,49.32,48.42,49.3,264071
2026-06-25T14:55:00+00:00,49.295,49.35,48.72,48.79,277909
2026-06-25T15:00:00+00:00,48.8,48.8,48.5,48.755,209382
2026-06-25T15:05:00+00:00,48.74,48.83,48.3,48.45,232000
2026-06-25T15:10:00+00:00,48.445,48.46,48.14,48.16,175382
2026-06-25T15:15:00+00:00,48.13,48.495,47.93,48.4,222925
2026-06-25T15:20:00+00:00,48.392,48.615,48.28,48.55,160911
2026-06-25T15:25:00+00:00,48.5,48.579,48.285,48.36,146755
2026-06-25T15:30:00+00:00,48.38,48.6,48.28,48.4,135060
2026-06-25T15:35:00+00:00,48.42,48.649,48.37,48.38,129269
2026-06-25T15:40:00+00:00,48.38,48.46,48.21,48.46,142367
2026-06-25T15:45:00+00:00,48.48,48.76,48.25,48.29,152791
2026-06-25T15:50:00+00:00,48.31,48.52,48.195,48.52,149501
2026-06-25T15:55:00+00:00,48.52,48.628,48.42,48.459,124649
2026-06-25T16:00:00+00:00,48.45,48.53,48.28,48.407,96603
2026-06-25T16:05:00+00:00,48.415,48.93,48.38,48.925,151692
2026-06-25T16:10:00+00:00,48.915,49.205,48.915,49.18,203566
2026-06-25T16:15:00+00:00,49.16,49.32,49.065,49.105,176948
2026-06-25T16:20:00+00:00,49.116,49.16,48.84,48.99,182235
2026-06-25T16:25:00+00:00,48.998,49.05,48.89,48.99,100083
2026-06-25T16:30:00+00:00,48.985,48.99,48.64,48.72,147671
2026-06-25T16:35:00+00:00,48.72,48.84,48.52,48.595,101224
2026-06-25T16:40:00+00:00,48.59,48.6,48.32,48.37,107247
2026-06-25T16:45:00+00:00,48.38,48.53,48.11,48.435,173940
2026-06-25T16:50:00+00:00,48.4,48.48,48.13,48.195,176478
2026-06-25T16:55:00+00:00,48.215,48.315,48.08,48.3,190888
2026-06-25T17:00:00+00:00,48.3,48.4,48.18,48.21,175808
2026-06-25T17:05:00+00:00,48.2,48.2,47.985,48.11,150296
2026-06-25T17:10:00+00:00,48.1,48.37,48.1,48.2,152230
2026-06-25T17:15:00+00:00,48.182,48.48,48.135,48.16,180993
2026-06-25T17:20:00+00:00,48.18,48.29,48.06,48.21,97957
2026-06-25T17:25:00+00:00,48.201,48.39,48.19,48.23,103099
2026-06-25T17:30:00+00:00,48.25,48.44,48.21,48.35,97410
2026-06-25T17:35:00+00:00,48.34,48.63,48.32,48.62,89604
2026-06-25T17:40:00+00:00,48.6,48.618,48.455,48.455,95750
2026-06-25T17:45:00+00:00,48.45,48.45,48.22,48.395,141496
2026-06-25T17:50:00+00:00,48.395,48.549,48.26,48.49,84086
2026-06-25T17:55:00+00:00,48.5,48.75,48.42,48.74,142338
2026-06-25T18:00:00+00:00,48.73,48.73,48.41,48.55,180447
2026-06-25T18:05:00+00:00,48.56,48.72,48.39,48.63,157209
2026-06-25T18:10:00+00:00,48.63,48.67,48.12,48.17,167401
2026-06-25T18:15:00+00:00,48.17,48.38,48.05,48.275,197138
2026-06-25T18:20:00+00:00,48.28,48.36,48.06,48.082,291464
2026-06-25T18:25:00+00:00,48.09,48.285,48.01,48.265,242139
2026-06-25T18:30:00+00:00,48.265,48.265,47.72,47.73,394909
2026-06-25T18:35:00+00:00,47.74,47.78,47.604,47.76,340912
2026-06-25T18:40:00+00:00,47.76,47.78,47.55,47.704,217755
2026-06-25T18:45:00+00:00,47.685,47.71,47.45,47.57,267583
2026-06-25T18:50:00+00:00,47.57,47.85,47.53,47.71,289039
2026-06-25T18:55:00+00:00,47.72,47.785,47.45,47.62,201773
2026-06-25T19:00:00+00:00,47.63,47.72,47.42,47.68,169764
2026-06-25T19:05:00+00:00,47.666,47.75,47.45,47.49,259624
2026-06-25T19:10:00+00:00,47.49,47.58,47.192,47.45,255314
2026-06-25T19:15:00+00:00,47.45,47.45,47.202,47.329,224398
2026-06-25T19:20:00+00:00,47.32,47.36,47.15,47.23,253173
2026-06-25T19:25:00+00:00,47.23,47.56,47.16,47.47,386054
2026-06-25T19:30:00+00:00,47.46,47.53,47.16,47.51,205457
2026-06-25T19:35:00+00:00,47.51,47.59,47.32,47.425,269256
2026-06-25T19:40:00+00:00,47.43,47.49,47.36,47.39,160389
2026-06-25T19:45:00+00:00,47.38,47.57,47.32,47.505,230825
2026-06-25T19:50:00+00:00,47.5,47.63,47.3,47.52,320411
2026-06-25T19:55:00+00:00,47.53,47.77,47.53,47.74,692072
2026-06-25T20:00:00+00:00,47.74,48.29,47.68,48.17,94782
2026-06-25T20:05:00+00:00,48.17,48.28,47.74,47.94,175664
2026-06-25T20:10:00+00:00,47.74,48.0,47.74,47.75,12417
2026-06-25T20:15:00+00:00,47.82,48.1,47.75,48.1,8334
2026-06-25T20:20:00+00:00,48.1,48.2,48.0,48.18,7346
2026-06-25T20:25:00+00:00,48.183,48.2,48.0,48.04,7009
2026-06-25T20:30:00+00:00,48.078,48.079,47.92,48.03,7553
2026-06-25T20:35:00+00:00,48.03,48.15,47.96,48.04,4553
2026-06-25T20:40:00+00:00,48.09,48.09,48.0,48.05,4480
2026-06-25T20:45:00+00:00,48.05,48.11,48.0,48.08,4368
2026-06-25T20:50:00+00:00,48.11,48.15,48.01,48.12,3063
2026-06-25T20:55:00+00:00,48.097,48.12,47.74,48.08,2503
2026-06-25T21:00:00+00:00,48.08,48.099,48.0,48.01,5463
2026-06-25T21:05:00+00:00,48.035,48.04,48.0,48.02,5876
2026-06-25T21:10:00+00:00,48.0,48.1,47.932,48.1,26376
2026-06-25T21:15:00+00:00,48.04,48.18,48.01,48.1,26679
2026-06-25T21:20:00+00:00,48.128,48.13,48.01,48.066,4381
2026-06-25T21:25:00+00:00,48.06,48.098,48.04,48.07,6901
2026-06-25T21:30:00+00:00,48.05,48.07,48.01,48.06,14668
2026-06-25T21:35:00+00:00,48.05,48.1,48.05,48.09,2881
2026-06-25T21:40:00+00:00,48.08,48.09,48.03,48.04,4933
2026-06-25T21:45:00+00:00,48.03,48.033,47.92,47.942,4676
2026-06-25T21:50:00+00:00,47.92,47.95,47.79,47.939,5525
2026-06-25T21:55:00+00:00,47.92,48.0,47.88,47.951,2640
2026-06-25T22:00:00+00:00,47.993,48.06,47.9,47.99,2508
2026-06-25T22:05:00+00:00,47.99,47.99,47.88,47.88,1630
2026-06-25T22:10:00+00:00,47.98,47.98,47.75,47.83,7982
2026-06-25T22:15:00+00:00,47.83,47.898,47.75,47.81,5311
2026-06-25T22:20:00+00:00,47.81,47.93,47.81,47.88,7235
2026-06-25T22:25:00+00:00,47.9,47.9,47.8,47.8,914
2026-06-25T22:30:00+00:00,47.8,47.83,47.76,47.8,6492
2026-06-25T22:35:00+00:00,47.76,47.9,47.76,47.83,5608
2026-06-25T22:40:00+00:00,47.88,47.9,47.82,47.89,1781
2026-06-25T22:45:00+00:00,47.89,47.89,47.82,47.839,2769
2026-06-25T22:50:00+00:00,47.836,47.85,47.8,47.85,2869
2026-06-25T22:55:00+00:00,47.85,47.9,47.8,47.88,2884
2026-06-25T23:00:00+00:00,47.91,47.95,47.81,47.862,3261
2026-06-25T23:05:00+00:00,47.87,47.87,47.8,47.87,1971
2026-06-25T23:10:00+00:00,47.809,47.91,47.8,47.87,8363
2026-06-25T23:15:00+00:00,47.87,48.0,47.87,47.89,5576
2026-06-25T23:20:00+00:00,47.99,48.13,47.91,48.093,1576
2026-06-25T23:25:00+00:00,48.01,48.13,48.01,48.11,3412
2026-06-25T23:30:00+00:00,48.1,48.18,48.02,48.15,1553
2026-06-25T23:35:00+00:00,48.15,48.15,48.02,48.13,3784
2026-06-25T23:40:00+00:00,48.13,48.16,48.01,48.06,50752
2026-06-25T23:45:00+00:00,48.02,48.09,47.81,47.83,23448
2026-06-25T23:50:00+00:00,47.85,47.9,47.81,47.81,2723
2026-06-25T23:55:00+00:00,47.81,47.88,47.72,47.73,4315
2026-06-26T08:00:00+00:00,47.38,47.82,46.34,47.35,52908
2026-06-26T08:05:00+00:00,47.33,47.74,46.35,47.31,2304
2026-06-26T08:10:00+00:00,47.32,47.36,47.21,47.24,2608
2026-06-26T08:15:00+00:00,47.24,47.371,47.15,47.34,2213
2026-06-26T08:20:00+00:00,47.32,47.39,47.2,47.27,1552
2026-06-26T08:25:00+00:00,47.286,47.37,47.27,47.37,1778
2026-06-26T08:30:00+00:00,47.37,47.37,47.225,47.25,4220
2026-06-26T08:35:00+00:00,47.224,47.342,47.2,47.23,1083
2026-06-26T08:40:00+00:00,47.23,47.23,47.059,47.093,5295
2026-06-26T08:45:00+00:00,47.11,47.11,47.0,47.0,2396
2026-06-26T08:50:00+00:00,46.998,46.998,46.8,46.83,2036
2026-06-26T08:55:00+00:00,46.805,46.92,46.75,46.81,2010
2026-06-26T09:00:00+00:00,46.81,46.89,46.8,46.89,2746
2026-06-26T09:05:00+00:00,46.88,46.89,46.73,46.8,18459
2026-06-26T09:10:00+00:00,46.73,46.811,46.6,46.76,1503
2026-06-26T09:15:00+00:00,46.83,46.86,46.71,46.8,7155
2026-06-26T09:20:00+00:00,46.794,46.8,46.62,46.74,1606
2026-06-26T09:25:00+00:00,46.747,46.804,46.68,46.804,285
2026-06-26T09:30:00+00:00,46.83,46.83,46.74,46.74,2152
2026-06-26T09:35:00+00:00,46.753,46.88,46.74,46.861,2912
2026-06-26T09:40:00+00:00,46.86,47.0,46.789,46.84,2846
2026-06-26T09:45:00+00:00,46.92,46.99,46.807,46.92,656
2026-06-26T09:50:00+00:00,46.9,46.9,46.78,46.78,6547
2026-06-26T09:55:00+00:00,46.8,46.89,46.76,46.76,364
2026-06-26T10:00:00+00:00,46.75,46.785,46.6,46.62,865
2026-06-26T10:05:00+00:00,46.615,46.79,46.615,46.7,979
2026-06-26T10:10:00+00:00,46.61,46.76,46.61,46.753,2144
2026-06-26T10:15:00+00:00,46.781,46.781,46.59,46.6,4101
2026-06-26T10:20:00+00:00,46.61,46.713,46.55,46.713,3098
2026-06-26T10:25:00+00:00,46.72,46.72,46.56,46.59,3268
2026-06-26T10:30:00+00:00,46.57,46.684,46.53,46.53,26891
2026-06-26T10:35:00+00:00,46.6,46.684,46.51,46.51,4602
2026-06-26T10:40:00+00:00,46.51,46.549,46.45,46.45,2369
2026-06-26T10:45:00+00:00,46.457,46.54,46.44,46.49,3900
2026-06-26T10:50:00+00:00,46.4,46.54,46.4,46.5,4225
2026-06-26T10:55:00+00:00,46.47,46.51,46.4,46.5,1938
2026-06-26T11:00:00+00:00,46.53,46.64,46.33,46.52,30321
2026-06-26T11:05:00+00:00,46.55,46.66,46.4,46.49,6132
2026-06-26T11:10:00+00:00,46.5,46.68,46.4,46.52,11901
2026-06-26T11:15:00+00:00,46.57,46.65,46.4,46.409,37919
2026-06-26T11:20:00+00:00,46.41,46.57,46.4,46.49,3920
2026-06-26T11:25:00+00:00,46.41,46.48,46.37,46.38,4453
2026-06-26T11:30:00+00:00,46.37,46.38,46.17,46.255,22853
2026-06-26T11:35:00+00:00,46.26,46.47,46.19,46.3,2623
2026-06-26T11:40:00+00:00,46.35,46.4,46.25,46.269,5384
2026-06-26T11:45:00+00:00,46.284,46.36,46.15,46.35,6475
2026-06-26T11:50:00+00:00,46.3,46.35,46.15,46.15,3436
2026-06-26T11:55:00+00:00,46.15,46.287,46.14,46.22,19989
2026-06-26T12:00:00+00:00,46.2,46.34,46.16,46.3,6061
2026-06-26T12:05:00+00:00,46.3,46.4,46.22,46.32,3435
2026-06-26T12:10:00+00:00,46.307,46.48,46.28,46.48,5328
2026-06-26T12:15:00+00:00,46.445,46.48,46.289,46.38,4702
2026-06-26T12:20:00+00:00,46.39,46.399,46.19,46.21,14061
2026-06-26T12:25:00+00:00,46.18,46.29,46.16,46.19,10965
2026-06-26T12:30:00+00:00,46.27,46.4,46.17,46.3,9761
2026-06-26T12:35:00+00:00,46.285,46.3,46.11,46.18,20789
2026-06-26T12:40:00+00:00,46.11,46.18,45.9,46.03,27026
2026-06-26T12:45:00+00:00,45.94,46.1,45.88,45.95,16458
2026-06-26T12:50:00+00:00,45.907,46.09,45.9,45.961,11043
2026-06-26T12:55:00+00:00,45.95,46.06,45.86,45.891,13550
2026-06-26T13:00:00+00:00,45.91,45.99,45.75,45.77,23768
2026-06-26T13:05:00+00:00,45.751,45.91,45.71,45.75,15366
2026-06-26T13:10:00+00:00,45.749,45.9,45.653,45.799,19336
2026-06-26T13:15:00+00:00,45.79,45.856,45.61,45.73,12737
2026-06-26T13:20:00+00:00,45.73,45.89,45.61,45.77,15966
2026-06-26T13:25:00+00:00,45.76,46.72,45.705,46.7,18702
2026-06-26T13:30:00+00:00,46.65,46.739,45.13,45.35,940834
2026-06-26T13:35:00+00:00,45.37,46.11,45.05,45.3,660117
2026-06-26T13:40:00+00:00,45.31,46.06,45.15,45.71,616585
2026-06-26T13:45:00+00:00,45.7,45.8,45.08,45.59,450690
2026-06-26T13:50:00+00:00,45.58,45.81,45.44,45.605,264135
2026-06-26T13:55:00+00:00,45.64,46.213,45.36,46.16,580169
2026-06-26T14:00:00+00:00,46.13,46.67,46.06,46.52,455301
2026-06-26T14:05:00+00:00,46.515,46.57,46.06,46.43,246465
2026-06-26T14:10:00+00:00,46.47,46.63,45.85,46.35,382565
2026-06-26T14:15:00+00:00,46.345,46.43,45.97,46.05,203605
2026-06-26T14:20:00+00:00,46.06,46.83,46.05,46.59,273840
2026-06-26T14:25:00+00:00,46.611,47.032,46.58,46.72,399806
2026-06-26T14:30:00+00:00,46.745,46.83,46.33,46.405,241743
2026-06-26T14:35:00+00:00,46.43,46.47,46.01,46.1,207518
2026-06-26T14:40:00+00:00,46.1,46.446,45.9,46.02,254180
2026-06-26T14:45:00+00:00,46.04,46.57,45.97,46.54,249226
2026-06-26T14:50:00+00:00,46.55,46.67,46.14,46.219,148797
2026-06-26T14:55:00+00:00,46.216,46.282,45.86,46.16,185717
2026-06-26T15:00:00+00:00,46.17,46.441,46.15,46.35,131147
2026-06-26T15:05:00+00:00,46.38,46.49,46.07,46.465,154686
2026-06-26T15:10:00+00:00,46.46,46.49,46.122,46.22,162364
2026-06-26T15:15:00+00:00,46.22,46.5,46.05,46.435,179153
2026-06-26T15:20:00+00:00,46.41,46.585,46.27,46.55,212522
2026-06-26T15:25:00+00:00,46.53,46.72,46.41,46.59,203805
2026-06-26T15:30:00+00:00,46.59,47.01,46.59,46.95,269396
2026-06-26T15:35:00+00:00,46.99,47.54,46.945,47.51,297550
2026-06-26T15:40:00+00:00,47.515,47.77,47.32,47.7,432332
2026-06-26T15:45:00+00:00,47.715,47.81,47.52,47.59,254998
2026-06-26T15:50:00+00:00,47.58,47.755,47.27,47.43,255443
2026-06-26T15:55:00+00:00,47.42,47.87,47.35,47.68,233073
2026-06-26T16:00:00+00:00,47.68,47.89,47.49,47.67,232043
2026-06-26T16:05:00+00:00,47.67,47.693,47.417,47.48,143404
2026-06-26T16:10:00+00:00,47.48,47.54,47.22,47.29,228051
2026-06-26T16:15:00+00:00,47.29,47.43,47.18,47.27,216853
2026-06-26T16:20:00+00:00,47.265,47.515,47.13,47.37,282678
2026-06-26T16:25:00+00:00,47.37,47.48,47.2,47.27,106884
2026-06-26T16:30:00+00:00,47.26,47.8,47.22,47.79,194553
2026-06-26T16:35:00+00:00,47.79,47.88,47.67,47.75,224891
2026-06-26T16:40:00+00:00,47.77,47.8,47.54,47.55,110420
2026-06-26T16:45:00+00:00,47.56,47.68,47.5,47.64,83084
2026-06-26T16:50:00+00:00,47.64,47.88,47.58,47.82,178536
2026-06-26T16:55:00+00:00,47.81,47.88,47.735,47.771,132667
2026-06-26T17:00:00+00:00,47.77,48.19,47.71,48.09,182199
2026-06-26T17:05:00+00:00,48.095,48.305,48.04,48.3,147070
2026-06-26T17:10:00+00:00,48.295,48.386,48.115,48.13,168919
2026-06-26T17:15:00+00:00,48.135,48.14,47.85,48.03,161548
2026-06-26T17:20:00+00:00,48.04,48.097,47.77,47.77,156281
2026-06-26T17:25:00+00:00,47.8,48.1,47.67,47.98,190772
2026-06-26T17:30:00+00:00,47.97,48.08,47.8,47.83,140460
2026-06-26T17:35:00+00:00,47.81,47.81,47.53,47.57,228964
2026-06-26T17:40:00+00:00,47.57,47.72,47.31,47.61,280988
2026-06-26T17:45:00+00:00,47.6,47.76,47.435,47.72,206907
2026-06-26T17:50:00+00:00,47.72,47.95,47.68,47.91,158964
2026-06-26T17:55:00+00:00,47.895,47.895,47.64,47.77,111613
2026-06-26T18:00:00+00:00,47.79,48.17,47.77,48.12,151132
2026-06-26T18:05:00+00:00,48.08,48.17,47.93,48.01,108963
2026-06-26T18:10:00+00:00,48.02,48.08,47.82,47.935,89099
2026-06-26T18:15:00+00:00,47.95,47.99,47.695,47.71,288229
2026-06-26T18:20:00+00:00,47.71,47.855,47.49,47.575,217267
2026-06-26T18:25:00+00:00,47.58,47.71,47.32,47.395,204453
2026-06-26T18:30:00+00:00,47.395,47.5,47.21,47.469,206415
2026-06-26T18:35:00+00:00,47.45,47.46,47.2,47.29,193590
2026-06-26T18:40:00+00:00,47.26,47.55,47.15,47.43,156092
2026-06-26T18:45:00+00:00,47.41,47.44,47.08,47.08,209588
2026-06-26T18:50:00+00:00,47.06,47.14,46.91,47.03,234607
2026-06-26T18:55:00+00:00,47.04,47.057,46.77,46.845,143303
2026-06-26T19:00:00+00:00,46.86,46.88,46.63,46.64,164175
2026-06-26T19:05:00+00:00,46.63,47.1,46.41,47.03,286015
2026-06-26T19:10:00+00:00,47.03,47.088,46.765,47.06,171922
2026-06-26T19:15:00+00:00,47.05,47.06,46.74,46.845,195151
2026-06-26T19:20:00+00:00,46.835,46.86,46.58,46.695,135166
2026-06-26T19:25:00+00:00,46.71,46.816,46.57,46.76,151123
2026-06-26T19:30:00+00:00,46.745,47.0,46.52,46.94,162955
2026-06-26T19:35:00+00:00,46.93,46.94,46.63,46.64,327527
2026-06-26T19:40:00+00:00,46.667,46.88,46.52,46.84,180946
2026-06-26T19:45:00+00:00,46.84,47.03,46.8,46.88,224810
2026-06-26T19:50:00+00:00,46.9,47.92,46.87,47.16,929945
2026-06-26T19:55:00+00:00,47.155,47.525,47.09,47.21,750666
2026-06-26T20:00:00+00:00,47.2,47.25,46.696,46.86,99156
2026-06-26T20:05:00+00:00,47.0,47.21,46.66,46.84,499173
2026-06-26T20:10:00+00:00,47.21,47.21,46.7,46.88,3000629
2026-06-26T20:15:00+00:00,46.88,47.09,46.861,47.0,52772
2026-06-26T20:20:00+00:00,47.0,47.09,46.97,47.001,4387
2026-06-26T20:25:00+00:00,47.07,47.13,47.0,47.11,11222
2026-06-26T20:30:00+00:00,47.06,47.14,46.9,46.912,453684
2026-06-26T20:35:00+00:00,46.96,47.1,46.91,47.08,4078
2026-06-26T20:40:00+00:00,47.09,47.11,46.95,46.95,2402
2026-06-26T20:45:00+00:00,46.95,46.99,46.85,46.93,4439
2026-06-26T20:50:00+00:00,46.93,46.97,46.86,46.97,3367
2026-06-26T20:55:00+00:00,46.9,46.92,46.87,46.874,1290
2026-06-26T21:00:00+00:00,46.871,46.92,46.87,46.896,1395
2026-06-26T21:05:00+00:00,46.9,46.9,46.73,46.791,3706
2026-06-26T21:10:00+00:00,46.8,46.9,46.77,46.86,7709
2026-06-26T21:15:00+00:00,46.84,46.9,46.8,46.877,1004
2026-06-26T21:20:00+00:00,46.879,46.9,46.8,46.83,2199
2026-06-26T21:25:00+00:00,46.9,46.9,46.75,46.87,46772
2026-06-26T21:30:00+00:00,46.84,46.87,46.75,46.79,1063
2026-06-26T21:35:00+00:00,46.78,46.87,46.75,46.85,1553
2026-06-26T21:40:00+00:00,46.837,46.87,46.79,46.83,1463
2026-06-26T21:45:00+00:00,46.83,46.84,46.8,46.811,925
2026-06-26T21:50:00+00:00,46.83,46.84,46.8,46.821,2025
2026-06-26T21:55:00+00:00,46.82,46.86,46.8,46.84,3995
2026-06-26T22:00:00+00:00,46.832,46.87,46.83,46.86,1648
2026-06-26T22:05:00+00:00,46.86,46.87,46.81,46.849,1686
2026-06-26T22:10:00+00:00,46.842,46.86,46.819,46.85,891
2026-06-26T22:15:00+00:00,46.85,46.85,46.808,46.808,1841
2026-06-26T22:20:00+00:00,46.82,46.84,46.8,46.84,680
2026-06-26T22:25:00+00:00,46.83,46.84,46.8,46.82,2297
2026-06-26T22:30:00+00:00,46.81,46.85,46.75,46.84,3900
2026-06-26T22:35:00+00:00,46.82,46.85,46.79,46.83,1493
2026-06-26T22:40:00+00:00,46.83,46.9,46.76,46.85,5422
2026-06-26T22:45:00+00:00,46.85,46.9,46.79,46.88,1114
2026-06-26T22:50:00+00:00,46.85,46.9,46.85,46.87,1701
2026-06-26T22:55:00+00:00,46.87,46.88,46.85,46.85,5785
2026-06-26T23:00:00+00:00,46.85,46.88,46.8,46.88,2850
2026-06-26T23:05:00+00:00,46.874,46.9,46.83,46.87,1194
2026-06-26T23:10:00+00:00,46.87,46.9,46.86,46.896,5412
2026-06-26T23:15:00+00:00,46.9,46.92,46.84,46.903,6268
2026-06-26T23:20:00+00:00,46.91,46.95,46.9,46.91,1651
2026-06-26T23:25:00+00:00,46.907,46.93,46.9,46.91,1990
2026-06-26T23:30:00+00:00,46.91,47.0,46.91,47.0,2159
2026-06-26T23:35:00+00:00,47.0,47.0,46.9,46.97,6959
2026-06-26T23:40:00+00:00,46.94,46.99,46.916,46.94,1381
2026-06-26T23:45:00+00:00,46.95,46.97,46.9,46.93,2951
2026-06-26T23:50:00+00:00,46.9,46.99,46.82,46.9,7992
2026-06-26T23:55:00+00:00,46.9,46.99,46.81,46.98,4740
2026-06-29T08:00:00+00:00,48.35,48.691,47.9,48.61,64076
2026-06-29T08:05:00+00:00,48.61,48.85,48.05,48.79,11367
2026-06-29T08:10:00+00:00,48.85,48.85,48.68,48.8,3644
2026-06-29T08:15:00+00:00,48.814,48.96,48.68,48.73,9448
2026-06-29T08:20:00+00:00,48.74,48.78,48.66,48.71,1957
2026-06-29T08:25:00+00:00,48.71,48.735,48.55,48.671,3070
2026-06-29T08:30:00+00:00,48.509,48.74,48.509,48.59,4353
2026-06-29T08:35:00+00:00,48.67,48.7,48.58,48.58,4220
2026-06-29T08:40:00+00:00,48.59,48.69,48.55,48.55,6986
2026-06-29T08:45:00+00:00,48.55,48.63,48.52,48.58,1125
2026-06-29T08:50:00+00:00,48.55,48.62,48.5,48.62,1038
2026-06-29T08:55:00+00:00,48.49,48.62,48.36,48.44,1360
2026-06-29T09:00:00+00:00,48.46,48.59,48.446,48.583,1359
2026-06-29T09:05:00+00:00,48.52,48.59,48.47,48.49,1375
2026-06-29T09:10:00+00:00,48.55,48.55,48.43,48.52,5232
2026-06-29T09:15:00+00:00,48.55,48.65,48.55,48.59,1926
2026-06-29T09:20:00+00:00,48.647,48.647,48.49,48.51,238
2026-06-29T09:25:00+00:00,48.51,48.59,48.49,48.59,803
2026-06-29T09:30:00+00:00,48.58,48.63,48.5,48.5,1591
2026-06-29T09:35:00+00:00,48.5,48.52,48.382,48.43,2677
2026-06-29T09:40:00+00:00,48.373,48.438,48.37,48.42,975
2026-06-29T09:45:00+00:00,48.42,48.5,48.39,48.5,2739
2026-06-29T09:50:00+00:00,48.495,48.52,48.44,48.48,12784
2026-06-29T09:55:00+00:00,48.502,48.597,48.49,48.597,579
2026-06-29T10:00:00+00:00,48.47,48.58,48.47,48.57,1747
2026-06-29T10:05:00+00:00,48.58,48.63,48.51,48.63,1265
2026-06-29T10:10:00+00:00,48.55,48.64,48.53,48.61,926
2026-06-29T10:15:00+00:00,48.54,48.79,48.5,48.74,2496
2026-06-29T10:20:00+00:00,48.75,48.831,48.66,48.74,685
2026-06-29T10:25:00+00:00,48.71,48.845,48.66,48.77,4167
2026-06-29T10:30:00+00:00,48.73,48.77,48.69,48.69,2131
2026-06-29T10:35:00+00:00,48.77,48.812,48.69,48.754,1495
2026-06-29T10:40:00+00:00,48.754,48.81,48.71,48.73,2105
2026-06-29T10:45:00+00:00,48.76,48.79,48.7,48.75,2887
2026-06-29T10:50:00+00:00,48.776,48.814,48.7,48.75,974
2026-06-29T10:55:00+00:00,48.72,48.76,48.7,48.719,1331
2026-06-29T11:00:00+00:00,48.68,48.85,48.66,48.72,11732
2026-06-29T11:05:00+00:00,48.76,48.8,48.56,48.645,21957
2026-06-29T11:10:00+00:00,48.65,48.65,48.4,48.45,9881
2026-06-29T11:15:00+00:00,48.5,48.5,48.35,48.399,6466
2026-06-29T11:20:00+00:00,48.351,48.5,48.28,48.45,20617
2026-06-29T11:25:00+00:00,48.45,48.59,48.4,48.51,10849
2026-06-29T11:30:00+00:00,48.5,48.65,48.47,48.57,9491
2026-06-29T11:35:00+00:00,48.6,48.67,48.552,48.61,16185
2026-06-29T11:40:00+00:00,48.61,48.8,48.559,48.75,7544
2026-06-29T11:45:00+00:00,48.756,48.91,48.733,48.91,13723
2026-06-29T11:50:00+00:00,48.82,48.95,48.73,48.73,10483
2026-06-29T11:55:00+00:00,48.8,48.85,48.75,48.8,13617
2026-06-29T12:00:00+00:00,48.803,48.99,48.72,48.98,18123
2026-06-29T12:05:00+00:00,48.94,49.09,48.86,48.925,13074
2026-06-29T12:10:00+00:00,48.92,49.08,48.92,48.97,9246
2026-06-29T12:15:00+00:00,48.97,48.98,48.88,48.89,26471
2026-06-29T12:20:00+00:00,48.901,48.95,48.73,48.8,8098
2026-06-29T12:25:00+00:00,48.74,48.93,48.74,48.82,10280
2026-06-29T12:30:00+00:00,48.83,48.9,48.75,48.874,6894
2026-06-29T12:35:00+00:00,48.86,48.88,48.68,48.75,32249
2026-06-29T12:40:00+00:00,48.752,48.82,48.68,48.797,15828
2026-06-29T12:45:00+00:00,48.73,48.82,48.68,48.73,3986
2026-06-29T12:50:00+00:00,48.72,48.8,48.65,48.68,7658
2026-06-29T12:55:00+00:00,48.676,48.8,48.66,48.713,3918
2026-06-29T13:00:00+00:00,48.77,48.88,48.7,48.798,8990
2026-06-29T13:05:00+00:00,48.75,48.88,48.693,48.838,9109
2026-06-29T13:10:00+00:00,48.834,48.9,48.76,48.83,17867
2026-06-29T13:15:00+00:00,48.86,48.95,48.79,48.9,289135
2026-06-29T13:20:00+00:00,48.898,48.94,48.8,48.91,9227
2026-06-29T13:25:00+00:00,48.94,49.0,48.51,48.54,297686
2026-06-29T13:30:00+00:00,48.605,48.981,47.96,48.726,520520
2026-06-29T13:35:00+00:00,48.71,48.96,48.37,48.66,400446
2026-06-29T13:40:00+00:00,48.64,48.9,48.44,48.495,321379
2026-06-29T13:45:00+00:00,48.5,48.53,47.34,47.48,518565
2026-06-29T13:50:00+00:00,47.47,47.622,46.75,46.78,635555
2026-06-29T13:55:00+00:00,46.79,46.86,46.07,46.53,648087
2026-06-29T14:00:00+00:00,46.55,46.58,45.67,45.67,506029
2026-06-29T14:05:00+00:00,45.67,45.67,44.52,44.907,1027924
2026-06-29T14:10:00+00:00,44.91,45.09,43.97,44.06,829303
2026-06-29T14:15:00+00:00,44.01,44.92,43.89,44.82,876309
2026-06-29T14:20:00+00:00,44.795,45.17,44.59,45.16,521455
2026-06-29T14:25:00+00:00,45.175,45.84,45.15,45.77,424066
2026-06-29T14:30:00+00:00,45.78,45.95,45.4,45.79,376727
2026-06-29T14:35:00+00:00,45.8,45.83,45.31,45.56,279212
2026-06-29T14:40:00+00:00,45.555,45.73,45.39,45.41,207727
2026-06-29T14:45:00+00:00,45.4,45.46,45.06,45.45,307309
2026-06-29T14:50:00+00:00,45.459,45.55,45.08,45.36,202472
2026-06-29T14:55:00+00:00,45.35,45.43,45.07,45.328,208603
2026-06-29T15:00:00+00:00,45.32,45.39,45.05,45.14,196072
2026-06-29T15:05:00+00:00,45.155,45.365,45.07,45.22,191663
2026-06-29T15:10:00+00:00,45.23,45.28,44.67,45.06,357796
2026-06-29T15:15:00+00:00,45.07,45.259,44.93,45.005,327623
2026-06-29T15:20:00+00:00,44.99,45.07,44.73,44.91,216058
2026-06-29T15:25:00+00:00,44.898,45.35,44.832,45.265,230740
2026-06-29T15:30:00+00:00,45.33,45.57,45.27,45.36,214523
2026-06-29T15:35:00+00:00,45.31,45.62,45.28,45.62,184317
2026-06-29T15:40:00+00:00,45.606,45.88,45.5,45.77,270122
2026-06-29T15:45:00+00:00,45.76,45.78,45.6,45.63,126358
2026-06-29T15:50:00+00:00,45.614,45.84,45.59,45.81,122356
2026-06-29T15:55:00+00:00,45.81,45.81,45.48,45.54,114000
2026-06-29T16:00:00+00:00,45.55,45.969,45.525,45.93,193983
2026-06-29T16:05:00+00:00,45.94,46.12,45.92,45.93,222773
2026-06-29T16:10:00+00:00,45.922,46.11,45.775,45.99,186203
2026-06-29T16:15:00+00:00,45.972,46.129,45.89,45.98,160282
2026-06-29T16:20:00+00:00,45.98,46.06,45.875,45.92,125415
2026-06-29T16:25:00+00:00,45.93,45.94,45.67,45.86,141108
2026-06-29T16:30:00+00:00,45.87,45.93,45.68,45.76,94443
2026-06-29T16:35:00+00:00,45.765,45.845,45.7,45.8,73826
2026-06-29T16:40:00+00:00,45.81,46.19,45.8,46.14,125261
2026-06-29T16:45:00+00:00,46.15,46.44,46.145,46.435,228551
2026-06-29T16:50:00+00:00,46.445,46.59,46.38,46.42,218110
2026-06-29T16:55:00+00:00,46.415,46.68,46.32,46.625,189878
2026-06-29T17:00:00+00:00,46.625,46.871,46.605,46.865,160768
2026-06-29T17:05:00+00:00,46.865,47.035,46.83,46.938,203550
2026-06-29T17:10:00+00:00,46.93,47.33,46.93,47.195,214723
2026-06-29T17:15:00+00:00,47.2,47.265,46.89,47.03,235119
2026-06-29T17:20:00+00:00,47.025,47.07,46.59,46.7,145700
2026-06-29T17:25:00+00:00,46.68,46.71,46.556,46.6,106900
2026-06-29T17:30:00+00:00,46.59,46.87,46.53,46.57,164834
2026-06-29T17:35:00+00:00,46.57,46.65,46.53,46.6,135060
2026-06-29T17:40:00+00:00,46.602,46.82,46.6,46.77,107909
2026-06-29T17:45:00+00:00,46.73,47.045,46.65,46.95,135591
2026-06-29T17:50:00+00:00,46.96,47.02,46.87,46.92,90727
2026-06-29T17:55:00+00:00,46.92,47.06,46.785,46.88,163622
2026-06-29T18:00:00+00:00,46.88,46.9,46.61,46.66,118030
2026-06-29T18:05:00+00:00,46.645,46.68,46.53,46.58,94283
2026-06-29T18:10:00+00:00,46.59,46.67,46.42,46.64,150205
2026-06-29T18:15:00+00:00,46.65,46.68,46.43,46.615,133778
2026-06-29T18:20:00+00:00,46.59,46.69,46.46,46.49,95713
2026-06-29T18:25:00+00:00,46.47,46.47,46.2,46.335,227541
2026-06-29T18:30:00+00:00,46.34,46.49,46.27,46.4,158203
2026-06-29T18:35:00+00:00,46.405,46.48,46.285,46.42,91379
2026-06-29T18:40:00+00:00,46.435,46.65,46.43,46.63,141746
2026-06-29T18:45:00+00:00,46.635,46.74,46.58,46.595,82693
2026-06-29T18:50:00+00:00,46.58,46.67,46.5,46.65,85646
2026-06-29T18:55:00+00:00,46.655,46.68,46.47,46.635,175244
2026-06-29T19:00:00+00:00,46.64,46.76,46.55,46.578,99095
2026-06-29T19:05:00+00:00,46.57,46.7,46.53,46.53,136701
2026-06-29T19:10:00+00:00,46.525,46.525,46.35,46.445,85810
2026-06-29T19:15:00+00:00,46.45,46.51,46.34,46.454,140539
2026-06-29T19:20:00+00:00,46.451,46.64,46.39,46.41,118107
2026-06-29T19:25:00+00:00,46.409,46.54,46.29,46.47,161900
2026-06-29T19:30:00+00:00,46.46,46.49,46.28,46.37,157197
2026-06-29T19:35:00+00:00,46.39,46.515,46.365,46.48,147317
2026-06-29T19:40:00+00:00,46.49,46.67,46.49,46.6,233294
2026-06-29T19:45:00+00:00,46.595,46.61,46.464,46.58,203178
2026-06-29T19:50:00+00:00,46.59,46.75,46.13,46.22,463813
2026-06-29T19:55:00+00:00,46.23,46.23,45.825,45.91,1115916
2026-06-29T20:00:00+00:00,45.89,46.28,45.44,45.67,88042
2026-06-29T20:05:00+00:00,45.67,45.91,45.54,45.77,60673
2026-06-29T20:10:00+00:00,45.91,45.91,45.6,45.77,5965
2026-06-29T20:15:00+00:00,45.8,45.8,45.63,45.72,8859
2026-06-29T20:20:00+00:00,45.78,45.85,45.72,45.74,7111
2026-06-29T20:25:00+00:00,45.8,45.84,45.795,45.81,5808
2026-06-29T20:30:00+00:00,45.81,45.84,45.42,45.79,11813
2026-06-29T20:35:00+00:00,45.79,45.84,45.78,45.79,6267
2026-06-29T20:40:00+00:00,45.8,45.84,45.79,45.84,2160
2026-06-29T20:45:00+00:00,45.84,45.9,45.81,45.88,3628
2026-06-29T20:50:00+00:00,45.88,45.9,45.83,45.9,12295
2026-06-29T20:55:00+00:00,45.9,45.9,45.825,45.831,4665
2026-06-29T21:00:00+00:00,45.889,45.89,45.85,45.858,3945
2026-06-29T21:05:00+00:00,45.89,45.89,45.85,45.887,2583
2026-06-29T21:10:00+00:00,45.89,45.91,45.83,45.86,3242
2026-06-29T21:15:00+00:00,45.871,45.89,45.83,45.89,3760
2026-06-29T21:20:00+00:00,45.89,46.15,45.889,45.95,7010
2026-06-29T21:25:00+00:00,46.05,46.05,45.92,46.0,2706
2026-06-29T21:30:00+00:00,45.999,46.04,45.91,45.99,2132
2026-06-29T21:35:00+00:00,46.003,46.03,45.92,45.95,1164
2026-06-29T21:40:00+00:00,45.921,46.15,45.92,46.06,5302
2026-06-29T21:45:00+00:00,46.06,46.15,46.0,46.084,2814
2026-06-29T21:50:00+00:00,46.07,46.15,45.99,46.1,4050
2026-06-29T21:55:00+00:00,46.05,46.14,46.05,46.12,6080
2026-06-29T22:00:00+00:00,46.12,46.15,46.05,46.1,4684
2026-06-29T22:05:00+00:00,46.095,46.13,46.05,46.09,6828
2026-06-29T22:10:00+00:00,46.08,46.15,46.08,46.12,2003
2026-06-29T22:15:00+00:00,46.12,46.23,46.12,46.219,4285
2026-06-29T22:20:00+00:00,46.21,46.22,46.2,46.21,5686
2026-06-29T22:25:00+00:00,46.2,46.25,46.18,46.25,11725
2026-06-29T22:30:00+00:00,46.23,46.25,46.18,46.23,5646
2026-06-29T22:35:00+00:00,46.24,46.25,46.15,46.17,7085
2026-06-29T22:40:00+00:00,46.2,46.32,46.15,46.3,1532
2026-06-29T22:45:00+00:00,46.25,46.33,46.15,46.152,2805
2026-06-29T22:50:00+00:00,46.237,46.25,46.15,46.16,2166
2026-06-29T22:55:00+00:00,46.2,46.2,46.11,46.169,3641
2026-06-29T23:00:00+00:00,46.16,46.17,46.11,46.126,1691
2026-06-29T23:05:00+00:00,46.17,46.17,46.05,46.15,15417
2026-06-29T23:10:00+00:00,46.15,46.17,46.07,46.164,1423
2026-06-29T23:15:00+00:00,46.16,46.23,46.16,46.21,5376
2026-06-29T23:20:00+00:00,46.22,46.23,46.1,46.19,1187
2026-06-29T23:25:00+00:00,46.144,46.19,46.13,46.13,5274
2026-06-29T23:30:00+00:00,46.15,46.18,46.11,46.16,1216
2026-06-29T23:35:00+00:00,46.176,46.176,46.05,46.09,8994
2026-06-29T23:40:00+00:00,46.09,46.17,46.07,46.12,8387
2026-06-29T23:45:00+00:00,46.12,46.17,46.05,46.16,6237
2026-06-29T23:50:00+00:00,46.16,46.17,46.1,46.15,13786
2026-06-29T23:55:00+00:00,46.17,46.22,46.11,46.206,17994
2026-06-30T08:00:00+00:00,46.64,46.98,46.376,46.58,31578
2026-06-30T08:05:00+00:00,46.45,46.97,46.448,46.55,4540
2026-06-30T08:10:00+00:00,46.55,46.59,46.43,46.52,1364
2026-06-30T08:15:00+00:00,46.47,46.503,46.33,46.484,2663
2026-06-30T08:20:00+00:00,46.43,46.66,46.43,46.61,1115
2026-06-30T08:25:00+00:00,46.6,46.75,46.58,46.66,3842
2026-06-30T08:30:00+00:00,46.66,46.782,46.55,46.55,8824
2026-06-30T08:35:00+00:00,46.59,46.651,46.46,46.51,1885
2026-06-30T08:40:00+00:00,46.51,46.51,46.26,46.31,2107
2026-06-30T08:45:00+00:00,46.31,46.41,46.1,46.18,1513
2026-06-30T08:50:00+00:00,46.2,46.35,46.16,46.33,549
2026-06-30T08:55:00+00:00,46.33,46.43,46.23,46.28,337
2026-06-30T09:00:00+00:00,46.239,46.4,46.239,46.37,1682
2026-06-30T09:05:00+00:00,46.38,46.45,46.32,46.36,657
2026-06-30T09:10:00+00:00,46.36,46.491,46.33,46.41,1518
2026-06-30T09:15:00+00:00,46.47,46.538,46.389,46.45,1259
2026-06-30T09:20:00+00:00,46.45,46.59,46.45,46.48,720
2026-06-30T09:25:00+00:00,46.47,46.53,46.41,46.42,2001
2026-06-30T09:30:00+00:00,46.43,46.496,46.33,46.36,1906
2026-06-30T09:35:00+00:00,46.36,46.46,46.36,46.43,232
2026-06-30T09:40:00+00:00,46.495,46.6,46.42,46.51,939
2026-06-30T09:45:00+00:00,46.56,46.56,46.39,46.56,1286
2026-06-30T09:50:00+00:00,46.51,46.56,46.48,46.5,740
2026-06-30T09:55:00+00:00,46.51,46.58,46.476,46.506,943
2026-06-30T10:00:00+00:00,46.56,46.58,46.493,46.568,583
2026-06-30T10:05:00+00:00,46.55,46.55,46.49,46.49,2315
2026-06-30T10:10:00+00:00,46.49,46.55,46.45,46.47,915
2026-06-30T10:15:00+00:00,46.47,46.6,46.47,46.6,2496
2026-06-30T10:20:00+00:00,46.599,46.6,46.53,46.53,844
2026-06-30T10:25:00+00:00,46.56,46.57,46.53,46.55,246
2026-06-30T10:30:00+00:00,46.54,46.6,46.52,46.53,346
2026-06-30T10:35:00+00:00,46.516,46.6,46.5,46.5,790
2026-06-30T10:40:00+00:00,46.51,46.598,46.502,46.51,1637
2026-06-30T10:45:00+00:00,46.593,46.6,46.5,46.5,2277
2026-06-30T10:50:00+00:00,46.55,46.6,46.55,46.56,872
2026-06-30T10:55:00+00:00,46.56,46.6,46.5,46.53,662
2026-06-30T11:00:00+00:00,46.5,46.59,46.43,46.55,8302
2026-06-30T11:05:00+00:00,46.587,46.6,46.45,46.58,3571
2026-06-30T11:10:00+00:00,46.58,46.64,46.5,46.59,4476
2026-06-30T11:15:00+00:00,46.6,46.6,46.5,46.57,2210
2026-06-30T11:20:00+00:00,46.57,46.6,46.39,46.52,5834
2026-06-30T11:25:00+00:00,46.38,46.5,46.31,46.32,8474
2026-06-30T11:30:00+00:00,46.474,46.58,46.29,46.58,6281
2026-06-30T11:35:00+00:00,46.55,46.7,46.47,46.53,11121
2026-06-30T11:40:00+00:00,46.65,46.74,46.5,46.7,6794
2026-06-30T11:45:00+00:00,46.7,46.77,46.6,46.75,11212
2026-06-30T11:50:00+00:00,46.73,46.86,46.67,46.849,11320
2026-06-30T11:55:00+00:00,46.85,46.88,46.71,46.71,8681
2026-06-30T12:00:00+00:00,46.749,46.94,46.52,46.56,9977
2026-06-30T12:05:00+00:00,46.56,46.68,46.35,46.38,26421
2026-06-30T12:10:00+00:00,46.43,46.51,46.29,46.29,9699
2026-06-30T12:15:00+00:00,46.29,46.43,46.28,46.379,9570
2026-06-30T12:20:00+00:00,46.35,46.38,46.18,46.2,10972
2026-06-30T12:25:00+00:00,46.23,46.23,46.01,46.07,10217
2026-06-30T12:30:00+00:00,46.05,46.23,45.85,45.9,29471
2026-06-30T12:35:00+00:00,45.89,46.085,45.89,46.06,8841
2026-06-30T12:40:00+00:00,46.07,46.27,46.0,46.198,18889
2026-06-30T12:45:00+00:00,46.11,46.18,46.0,46.02,26058
2026-06-30T12:50:00+00:00,46.05,46.07,45.92,45.99,8067
2026-06-30T12:55:00+00:00,45.971,45.986,45.72,45.75,10431
2026-06-30T13:00:00+00:00,45.71,45.887,45.67,45.746,9368
2026-06-30T13:05:00+00:00,45.75,45.88,45.69,45.82,9206
2026-06-30T13:10:00+00:00,45.82,45.878,45.74,45.77,6215
2026-06-30T13:15:00+00:00,45.797,45.89,45.72,45.85,5162
2026-06-30T13:20:00+00:00,45.85,45.93,45.642,45.71,8428
2026-06-30T13:25:00+00:00,45.71,45.758,45.51,45.72,6656
2026-06-30T13:30:00+00:00,45.7,45.75,44.7,45.095,571692
2026-06-30T13:35:00+00:00,45.08,45.27,44.78,44.83,579721
2026-06-30T13:40:00+00:00,44.828,45.13,44.77,45.065,668448
2026-06-30T13:45:00+00:00,45.05,45.13,44.5,44.61,487701
2026-06-30T13:50:00+00:00,44.62,45.1,44.59,44.78,590703
2026-06-30T13:55:00+00:00,44.78,45.45,44.68,45.41,405386
2026-06-30T14:00:00+00:00,45.4,45.43,44.89,45.3,303536
2026-06-30T14:05:00+00:00,45.28,45.28,44.975,45.11,289635
2026-06-30T14:10:00+00:00,45.105,45.66,45.05,45.553,480096
2026-06-30T14:15:00+00:00,45.56,46.24,45.535,46.02,585089
2026-06-30T14:20:00+00:00,46.0,46.22,45.86,46.092,429868
2026-06-30T14:25:00+00:00,46.05,46.37,45.85,46.37,294494
2026-06-30T14:30:00+00:00,46.37,46.76,46.34,46.69,562728
2026-06-30T14:35:00+00:00,46.68,46.68,46.01,46.1,317488
2026-06-30T14:40:00+00:00,46.1,46.26,46.01,46.25,196495
2026-06-30T14:45:00+00:00,46.25,46.26,45.5,45.508,263058
2026-06-30T14:50:00+00:00,45.5,45.72,45.28,45.304,256094
2026-06-30T14:55:00+00:00,45.29,45.425,45.01,45.14,222364
2026-06-30T15:00:00+00:00,45.16,45.6,45.16,45.485,216822
2026-06-30T15:05:00+00:00,45.485,45.516,45.34,45.48,158158
2026-06-30T15:10:00+00:00,45.49,45.72,45.41,45.57,202916
2026-06-30T15:15:00+00:00,45.56,45.622,45.36,45.45,133748
2026-06-30T15:20:00+00:00,45.48,45.52,45.12,45.36,287717
2026-06-30T15:25:00+00:00,45.34,45.36,45.21,45.28,96608
2026-06-30T15:30:00+00:00,45.26,45.412,45.17,45.32,221124
2026-06-30T15:35:00+00:00,45.32,45.5,45.05,45.12,226746
2026-06-30T15:40:00+00:00,45.12,45.125,44.82,45.06,278473
2026-06-30T15:45:00+00:00,45.06,45.25,45.06,45.16,190332
2026-06-30T15:50:00+00:00,45.169,45.3,45.1,45.215,113164
2026-06-30T15:55:00+00:00,45.22,45.41,45.218,45.28,187555
2026-06-30T16:00:00+00:00,45.3,45.44,45.245,45.33,129460
2026-06-30T16:05:00+00:00,45.32,45.44,45.28,45.32,81563
2026-06-30T16:10:00+00:00,45.314,45.37,45.145,45.2,116967
2026-06-30T16:15:00+00:00,45.2,45.32,45.075,45.32,111035
2026-06-30T16:20:00+00:00,45.31,45.312,45.19,45.26,68496
2026-06-30T16:25:00+00:00,45.25,45.25,44.99,45.14,124052
2026-06-30T16:30:00+00:00,45.145,45.41,45.1,45.35,124498
2026-06-30T16:35:00+00:00,45.349,45.5,45.29,45.482,179073
2026-06-30T16:40:00+00:00,45.48,45.48,45.301,45.416,70022
2026-06-30T16:45:00+00:00,45.405,45.848,45.37,45.79,221054
2026-06-30T16:50:00+00:00,45.76,46.1,45.73,46.1,185397
2026-06-30T16:55:00+00:00,46.098,46.15,45.89,45.93,173558
2026-06-30T17:00:00+00:00,45.94,46.2,45.91,46.14,165662
2026-06-30T17:05:00+00:00,46.14,46.32,46.11,46.178,127080
2026-06-30T17:10:00+00:00,46.15,46.18,45.74,45.83,149654
2026-06-30T17:15:00+00:00,45.83,46.11,45.751,46.09,173466
2026-06-30T17:20:00+00:00,46.1,46.13,45.94,45.98,152556
2026-06-30T17:25:00+00:00,45.979,46.07,45.87,45.99,92360
2026-06-30T17:30:00+00:00,46.0,46.268,45.97,46.135,111278
2026-06-30T17:35:00+00:00,46.14,46.19,45.96,45.96,102464
2026-06-30T17:40:00+00:00,45.97,46.249,45.97,46.189,96349
2026-06-30T17:45:00+00:00,46.19,46.305,46.11,46.22,103501
2026-06-30T17:50:00+00:00,46.21,46.32,46.18,46.24,127073
2026-06-30T17:55:00+00:00,46.225,46.44,46.22,46.3,172974
2026-06-30T18:00:00+00:00,46.31,46.33,46.21,46.3,142543
2026-06-30T18:05:00+00:00,46.305,46.305,46.13,46.14,129476
2026-06-30T18:10:00+00:00,46.12,46.231,46.07,46.18,120647
2026-06-30T18:15:00+00:00,46.17,46.18,45.955,46.045,110982
2026-06-30T18:20:00+00:00,46.03,46.1,45.89,45.9,92116
2026-06-30T18:25:00+00:00,45.895,45.99,45.57,45.69,277799
2026-06-30T18:30:00+00:00,45.695,45.71,45.35,45.365,157063
2026-06-30T18:35:00+00:00,45.36,45.49,45.26,45.33,199830
2026-06-30T18:40:00+00:00,45.35,45.59,45.3,45.48,178725
2026-06-30T18:45:00+00:00,45.47,45.65,45.42,45.62,126499
2026-06-30T18:50:00+00:00,45.61,45.65,45.325,45.41,174143
2026-06-30T18:55:00+00:00,45.4,45.47,45.31,45.33,133388
2026-06-30T19:00:00+00:00,45.31,45.4,45.18,45.29,159684
2026-06-30T19:05:00+00:00,45.293,45.48,45.22,45.41,143189
2026-06-30T19:10:00+00:00,45.41,45.68,45.33,45.63,179608
2026-06-30T19:15:00+00:00,45.625,45.7,45.54,45.58,126916
2026-06-30T19:20:00+00:00,45.58,45.65,45.51,45.6,145922
2026-06-30T19:25:00+00:00,45.59,45.752,45.539,45.741,151916
2026-06-30T19:30:00+00:00,45.705,45.86,45.64,45.78,186339
2026-06-30T19:35:00+00:00,45.77,45.795,45.65,45.77,136914
2026-06-30T19:40:00+00:00,45.755,45.78,45.57,45.68,168697
2026-06-30T19:45:00+00:00,45.68,45.71,45.583,45.69,171623
2026-06-30T19:50:00+00:00,45.68,45.69,45.47,45.57,399673
2026-06-30T19:55:00+00:00,45.57,45.84,45.57,45.73,885219
2026-06-30T20:00:00+00:00,45.73,46.04,45.66,45.96,56576
2026-06-30T20:05:00+00:00,46.03,46.4,45.73,46.19,84113
2026-06-30T20:10:00+00:00,45.73,46.19,45.73,46.04,8485
2026-06-30T20:15:00+00:00,46.04,46.15,45.94,45.99,11866
2026-06-30T20:20:00+00:00,45.99,46.1,45.9,45.98,3762
2026-06-30T20:25:00+00:00,45.97,46.15,45.9,46.15,14105
2026-06-30T20:30:00+00:00,46.15,46.25,46.08,46.15,8263
2026-06-30T20:35:00+00:00,46.17,46.17,46.03,46.06,17003
2026-06-30T20:40:00+00:00,46.11,46.2,46.03,46.16,19250
2026-06-30T20:45:00+00:00,46.09,46.24,46.09,46.23,11280
2026-06-30T20:50:00+00:00,46.24,46.53,46.2,46.25,30374
2026-06-30T20:55:00+00:00,46.29,46.36,46.1,46.23,6028
2026-06-30T21:00:00+00:00,46.23,46.3,46.09,46.11,2618
2026-06-30T21:05:00+00:00,46.12,46.24,46.1,46.2,1936
2026-06-30T21:10:00+00:00,46.2,46.2,46.05,46.15,6109
2026-06-30T21:15:00+00:00,46.148,46.19,46.07,46.15,2992
2026-06-30T21:20:00+00:00,46.13,46.19,46.06,46.17,4349
2026-06-30T21:25:00+00:00,46.17,46.17,46.05,46.17,5749
2026-06-30T21:30:00+00:00,46.07,46.17,46.05,46.1,1743
2026-06-30T21:35:00+00:00,46.1,46.1,46.05,46.1,1422
2026-06-30T21:40:00+00:00,46.1,46.15,46.07,46.08,2628
2026-06-30T21:45:00+00:00,46.09,46.14,46.05,46.122,863
2026-06-30T21:50:00+00:00,46.09,46.13,46.05,46.103,1702
2026-06-30T21:55:00+00:00,46.11,46.14,46.08,46.14,2882
2026-06-30T22:00:00+00:00,46.15,46.15,46.089,46.148,811
2026-06-30T22:05:00+00:00,46.11,46.24,46.02,46.14,25743
2026-06-30T22:10:00+00:00,46.092,46.17,46.08,46.08,5128
2026-06-30T22:15:00+00:00,46.16,46.17,46.08,46.14,9018
2026-06-30T22:20:00+00:00,46.14,46.17,46.111,46.14,1426
2026-06-30T22:25:00+00:00,46.14,46.17,46.08,46.17,6728
2026-06-30T22:30:00+00:00,46.118,46.17,46.118,46.16,899
2026-06-30T22:35:00+00:00,46.163,46.17,46.08,46.1,2899
2026-06-30T22:40:00+00:00,46.1,46.15,46.09,46.1,8041
2026-06-30T22:45:00+00:00,46.15,46.15,46.09,46.1,1354
2026-06-30T22:50:00+00:00,46.122,46.15,46.1,46.15,2645
2026-06-30T22:55:00+00:00,46.12,46.159,46.11,46.159,702
2026-06-30T23:00:00+00:00,46.154,46.16,46.05,46.08,11100
2026-06-30T23:05:00+00:00,46.16,46.16,46.06,46.14,5746
2026-06-30T23:10:00+00:00,46.15,46.16,46.1,46.15,1553
2026-06-30T23:15:00+00:00,46.16,46.16,46.1,46.12,3010
2026-06-30T23:20:00+00:00,46.13,46.2,46.1,46.195,3246
2026-06-30T23:25:00+00:00,46.182,46.2,46.15,46.2,816
2026-06-30T23:30:00+00:00,46.198,46.2,46.1,46.15,2837
2026-06-30T23:35:00+00:00,46.17,46.25,46.17,46.2,2318
2026-06-30T23:40:00+00:00,46.17,46.22,46.16,46.19,2736
2026-06-30T23:45:00+00:00,46.22,46.22,46.16,46.219,1352
2026-06-30T23:50:00+00:00,46.215,46.24,46.2,46.235,6364
2026-06-30T23:55:00+00:00,46.23,46.23,46.12,46.2,7772
2026-07-01T08:00:00+00:00,45.978,46.0,45.5,45.64,39432
2026-07-01T08:05:00+00:00,45.66,45.99,45.57,45.79,4940
2026-07-01T08:10:00+00:00,45.884,45.92,45.794,45.86,8531
2026-07-01T08:15:00+00:00,45.86,45.908,45.763,45.87,2912
2026-07-01T08:20:00+00:00,45.88,45.88,45.644,45.816,1919
2026-07-01T08:25:00+00:00,45.66,45.71,45.649,45.71,2514
2026-07-01T08:30:00+00:00,45.7,45.75,45.65,45.74,956
2026-07-01T08:35:00+00:00,45.75,45.77,45.646,45.67,2463
2026-07-01T08:40:00+00:00,45.67,45.76,45.66,45.76,4890
2026-07-01T08:45:00+00:00,45.76,45.85,45.689,45.84,6573
2026-07-01T08:50:00+00:00,45.78,45.9,45.739,45.81,4252
2026-07-01T08:55:00+00:00,45.9,45.92,45.8,45.82,1737
2026-07-01T09:00:00+00:00,45.84,45.89,45.78,45.81,2122
2026-07-01T09:05:00+00:00,45.868,45.87,45.75,45.75,1770
2026-07-01T09:10:00+00:00,45.764,45.82,45.72,45.729,1142
2026-07-01T09:15:00+00:00,45.77,45.9,45.77,45.77,1359
2026-07-01T09:20:00+00:00,45.81,45.83,45.739,45.77,401
2026-07-01T09:25:00+00:00,45.85,45.85,45.712,45.78,403
2026-07-01T09:30:00+00:00,45.78,45.817,45.73,45.81,127
2026-07-01T09:35:00+00:00,45.82,45.946,45.808,45.84,924
2026-07-01T09:40:00+00:00,45.84,45.87,45.822,45.83,2240
2026-07-01T09:45:00+00:00,45.82,45.91,45.81,45.9,695
2026-07-01T09:50:00+00:00,45.9,45.9,45.808,45.88,567
2026-07-01T09:55:00+00:00,45.88,45.9,45.843,45.85,504
2026-07-01T10:00:00+00:00,45.899,45.96,45.86,45.94,1847
2026-07-01T10:05:00+00:00,45.95,45.995,45.84,45.92,791
2026-07-01T10:10:00+00:00,45.953,45.953,45.85,45.85,1848
2026-07-01T10:15:00+00:00,45.85,45.953,45.85,45.86,1757
2026-07-01T10:20:00+00:00,45.9,45.965,45.87,45.9,807
2026-07-01T10:25:00+00:00,45.921,46.073,45.91,46.07,1324
2026-07-01T10:30:00+00:00,46.11,46.11,45.94,45.99,1357
2026-07-01T10:35:00+00:00,45.96,46.09,45.96,46.08,3446
2026-07-01T10:40:00+00:00,46.0,46.145,46.0,46.06,3282
2026-07-01T10:45:00+00:00,46.08,46.14,46.03,46.1,424
2026-07-01T10:50:00+00:00,46.08,46.18,46.039,46.177,1295
2026-07-01T10:55:00+00:00,46.129,46.188,46.09,46.15,1631
2026-07-01T11:00:00+00:00,46.09,46.267,46.0,46.26,32051
2026-07-01T11:05:00+00:00,46.314,46.33,46.15,46.26,14002
2026-07-01T11:10:00+00:00,46.26,46.37,46.2,46.24,12216
2026-07-01T11:15:00+00:00,46.29,46.35,46.16,46.16,6974
2026-07-01T11:20:00+00:00,46.15,46.25,46.1,46.2,12256
2026-07-01T11:25:00+00:00,46.181,46.33,46.09,46.19,6334
2026-07-01T11:30:00+00:00,46.25,46.25,45.911,45.93,12018
2026-07-01T11:35:00+00:00,45.927,46.0,45.87,45.99,7296
2026-07-01T11:40:00+00:00,45.9,46.01,45.85,45.89,7303
2026-07-01T11:45:00+00:00,45.89,45.95,45.85,45.88,18092
2026-07-01T11:50:00+00:00,45.81,45.9,45.8,45.83,7229
2026-07-01T11:55:00+00:00,45.85,45.85,45.7,45.8,8351
2026-07-01T12:00:00+00:00,45.797,45.89,45.66,45.71,22833
2026-07-01T12:05:00+00:00,45.74,45.74,45.6,45.68,6183
2026-07-01T12:10:00+00:00,45.7,45.85,45.65,45.85,8606
2026-07-01T12:15:00+00:00,45.85,46.0,45.75,45.9,6595
2026-07-01T12:20:00+00:00,45.932,45.97,45.78,45.91,1683
2026-07-01T12:25:00+00:00,45.89,45.91,45.78,45.83,2953
2026-07-01T12:30:00+00:00,45.8,45.91,43.46,44.42,91265
2026-07-01T12:35:00+00:00,44.392,44.96,43.5,44.09,122099
2026-07-01T12:40:00+00:00,44.27,44.56,43.7,44.34,98871
2026-07-01T12:45:00+00:00,44.25,44.57,43.61,43.75,82255
2026-07-01T12:50:00+00:00,43.81,44.0,43.42,43.768,104478
2026-07-01T12:55:00+00:00,43.73,44.35,43.6,43.91,97768
2026-07-01T13:00:00+00:00,44.0,44.49,43.89,44.47,50319
2026-07-01T13:05:00+00:00,44.437,44.45,43.95,44.0,46024
2026-07-01T13:10:00+00:00,44.023,44.1,43.69,43.86,59582
2026-07-01T13:15:00+00:00,43.78,44.02,43.63,43.673,81504
2026-07-01T13:20:00+00:00,43.7,43.75,43.51,43.6,78492
2026-07-01T13:25:00+00:00,43.58,44.18,43.5,44.03,84377
2026-07-01T13:30:00+00:00,44.045,44.173,42.59,42.78,1687769
2026-07-01T13:35:00+00:00,42.785,43.35,42.69,43.185,1050940
2026-07-01T13:40:00+00:00,43.16,43.89,43.09,43.25,722125
2026-07-01T13:45:00+00:00,43.22,44.0,42.98,43.595,585457
2026-07-01T13:50:00+00:00,43.58,43.84,43.275,43.72,461628
2026-07-01T13:55:00+00:00,43.739,43.755,43.47,43.7,338414
2026-07-01T14:00:00+00:00,43.68,43.91,43.29,43.49,431298
2026-07-01T14:05:00+00:00,43.48,43.77,43.42,43.681,427565
2026-07-01T14:10:00+00:00,43.66,44.37,43.635,44.015,576314
2026-07-01T14:15:00+00:00,44.015,44.255,43.69,44.19,546629
2026-07-01T14:20:00+00:00,44.17,44.27,43.965,43.995,376755
2026-07-01T14:25:00+00:00,43.99,44.18,43.44,43.54,471026
2026-07-01T14:30:00+00:00,43.53,43.63,42.98,43.05,483026
2026-07-01T14:35:00+00:00,43.02,43.12,42.8,43.05,457537
2026-07-01T14:40:00+00:00,43.06,43.07,42.335,42.339,561267
2026-07-01T14:45:00+00:00,42.33,42.363,41.92,42.363,741276
2026-07-01T14:50:00+00:00,42.37,42.65,42.081,42.119,510422
2026-07-01T14:55:00+00:00,42.11,42.17,41.76,42.096,727580
2026-07-01T15:00:00+00:00,42.11,42.805,42.09,42.805,479722
2026-07-01T15:05:00+00:00,42.805,43.22,42.66,42.75,429138
2026-07-01T15:10:00+00:00,42.755,43.14,42.68,42.96,286931
2026-07-01T15:15:00+00:00,42.96,43.349,42.96,43.34,322577
2026-07-01T15:20:00+00:00,43.34,43.84,43.31,43.655,290082
2026-07-01T15:25:00+00:00,43.655,44.0,43.52,43.99,358309
2026-07-01T15:30:00+00:00,44.0,44.11,43.8,43.82,285410
2026-07-01T15:35:00+00:00,43.81,44.0,43.525,43.64,245299
2026-07-01T15:40:00+00:00,43.645,43.85,43.6,43.69,145624
2026-07-01T15:45:00+00:00,43.65,43.68,43.37,43.41,229147
2026-07-01T15:50:00+00:00,43.41,43.46,43.17,43.185,191553
2026-07-01T15:55:00+00:00,43.19,43.49,43.105,43.33,201435
2026-07-01T16:00:00+00:00,43.34,43.68,43.34,43.46,180813
2026-07-01T16:05:00+00:00,43.43,43.66,43.39,43.585,139601
2026-07-01T16:10:00+00:00,43.585,43.73,43.4,43.615,144429
2026-07-01T16:15:00+00:00,43.625,43.69,43.5,43.67,144140
2026-07-01T16:20:00+00:00,43.65,43.75,43.511,43.7,137627
2026-07-01T16:25:00+00:00,43.69,43.85,43.465,43.84,129458
2026-07-01T16:30:00+00:00,43.81,43.959,43.76,43.89,151672
2026-07-01T16:35:00+00:00,43.87,44.045,43.76,43.98,152106
2026-07-01T16:40:00+00:00,44.0,44.21,43.85,44.2,160788
2026-07-01T16:45:00+00:00,44.16,44.325,44.04,44.25,167896
2026-07-01T16:50:00+00:00,44.25,44.38,43.85,43.975,168950
2026-07-01T16:55:00+00:00,43.99,44.08,43.93,44.0,91409
2026-07-01T17:00:00+00:00,44.02,44.27,43.953,43.985,135930
2026-07-01T17:05:00+00:00,44.0,44.0,43.75,43.82,175102
2026-07-01T17:10:00+00:00,43.85,43.92,43.76,43.858,100229
2026-07-01T17:15:00+00:00,43.86,44.175,43.86,44.159,129893
2026-07-01T17:20:00+00:00,44.15,44.52,44.13,44.48,247029
2026-07-01T17:25:00+00:00,44.49,44.54,44.26,44.38,161581
2026-07-01T17:30:00+00:00,44.37,44.66,44.33,44.62,240037
2026-07-01T17:35:00+00:00,44.66,44.8,44.585,44.635,188937
2026-07-01T17:40:00+00:00,44.635,44.67,44.42,44.49,154045
2026-07-01T17:45:00+00:00,44.49,44.556,44.28,44.37,127172
2026-07-01T17:50:00+00:00,44.38,44.59,44.27,44.369,193549
2026-07-01T17:55:00+00:00,44.37,44.42,44.06,44.074,187972
2026-07-01T18:00:00+00:00,44.074,44.2,44.03,44.09,248793
2026-07-01T18:05:00+00:00,44.1,44.12,43.73,43.74,259826
2026-07-01T18:10:00+00:00,43.745,43.775,43.57,43.64,202937
2026-07-01T18:15:00+00:00,43.64,44.0,43.56,43.945,202723
2026-07-01T18:20:00+00:00,43.956,44.06,43.82,44.02,167808
2026-07-01T18:25:00+00:00,44.03,44.11,43.94,44.035,104053
2026-07-01T18:30:00+00:00,44.01,44.08,43.827,44.02,265163
2026-07-01T18:35:00+00:00,44.01,44.24,43.97,44.01,138394
2026-07-01T18:40:00+00:00,44.0,44.02,43.78,43.895,162179
2026-07-01T18:45:00+00:00,43.895,43.895,43.53,43.696,209151
2026-07-01T18:50:00+00:00,43.69,43.855,43.63,43.66,131925
2026-07-01T18:55:00+00:00,43.68,43.8,43.591,43.75,147802
2026-07-01T19:00:00+00:00,43.76,44.01,43.74,44.01,177437
2026-07-01T19:05:00+00:00,44.01,44.32,43.99,44.3,202375
2026-07-01T19:10:00+00:00,44.3,44.46,44.09,44.145,186813
2026-07-01T19:15:00+00:00,44.13,44.14,43.9,44.098,237542
2026-07-01T19:20:00+00:00,44.09,44.13,43.96,44.07,166954
2026-07-01T19:25:00+00:00,44.08,44.1,43.81,43.99,146464
2026-07-01T19:30:00+00:00,43.991,44.04,43.815,44.02,157650
2026-07-01T19:35:00+00:00,44.02,44.03,43.72,43.74,179712
2026-07-01T19:40:00+00:00,43.72,43.745,43.3,43.305,279430
2026-07-01T19:45:00+00:00,43.305,43.44,43.195,43.44,285001
2026-07-01T19:50:00+00:00,43.45,43.45,43.16,43.25,374287
2026-07-01T19:55:00+00:00,43.25,43.35,43.065,43.32,865437
2026-07-01T20:00:00+00:00,43.34,43.58,43.03,43.325,40006
2026-07-01T20:05:00+00:00,43.33,43.6,43.06,43.509,26322
2026-07-01T20:10:00+00:00,43.5,43.57,43.32,43.43,25790
2026-07-01T20:15:00+00:00,43.43,43.6,43.3,43.41,32606
2026-07-01T20:20:00+00:00,43.35,43.4,43.3,43.35,6012
2026-07-01T20:25:00+00:00,43.349,43.4,43.3,43.35,4677
2026-07-01T20:30:00+00:00,43.3,43.4,43.3,43.35,4525
2026-07-01T20:35:00+00:00,43.286,43.35,43.26,43.26,4052
2026-07-01T20:40:00+00:00,43.258,43.3,43.25,43.27,5391
2026-07-01T20:45:00+00:00,43.25,43.3,43.19,43.26,13188
2026-07-01T20:50:00+00:00,43.3,43.39,43.27,43.38,11274
2026-07-01T20:55:00+00:00,43.39,43.39,43.345,43.389,111309
2026-07-01T21:00:00+00:00,43.38,43.499,43.37,43.499,2283
2026-07-01T21:05:00+00:00,43.49,43.5,43.44,43.47,2489
2026-07-01T21:10:00+00:00,43.5,43.6,43.45,43.55,4337
2026-07-01T21:15:00+00:00,43.56,43.6,43.46,43.59,2773
2026-07-01T21:20:00+00:00,43.581,43.6,43.32,43.32,2054
2026-07-01T21:25:00+00:00,43.54,43.57,43.44,43.461,2825
2026-07-01T21:30:00+00:00,43.451,43.6,43.44,43.549,6753
2026-07-01T21:35:00+00:00,43.56,43.6,43.44,43.59,5405
2026-07-01T21:40:00+00:00,43.5,43.66,43.5,43.63,5092
2026-07-01T21:45:00+00:00,43.62,43.66,43.6,43.63,1670
2026-07-01T21:50:00+00:00,43.63,43.68,43.6,43.68,1900
2026-07-01T21:55:00+00:00,43.63,43.68,43.6,43.63,5509
2026-07-01T22:00:00+00:00,43.68,43.68,43.5,43.56,6551
2026-07-01T22:05:00+00:00,43.53,43.6,43.45,43.5,5096
2026-07-01T22:10:00+00:00,43.5,43.58,43.32,43.53,42391
2026-07-01T22:15:00+00:00,43.44,43.53,43.44,43.518,761
2026-07-01T22:20:00+00:00,43.53,43.53,43.44,43.53,3508
2026-07-01T22:25:00+00:00,43.53,43.69,43.53,43.62,3234
2026-07-01T22:30:00+00:00,43.6,43.69,43.59,43.63,882
2026-07-01T22:35:00+00:00,43.69,43.69,43.6,43.63,2729
2026-07-01T22:40:00+00:00,43.629,43.63,43.6,43.63,988
2026-07-01T22:45:00+00:00,43.63,43.63,43.5,43.55,1456
2026-07-01T22:50:00+00:00,43.5,43.56,43.46,43.494,2253
2026-07-01T22:55:00+00:00,43.49,43.6,43.47,43.51,1024
2026-07-01T23:00:00+00:00,43.6,43.61,43.5,43.51,1142
2026-07-01T23:05:00+00:00,43.55,43.56,43.5,43.56,2654
2026-07-01T23:10:00+00:00,43.51,43.56,43.47,43.5,2499
2026-07-01T23:15:00+00:00,43.471,43.55,43.35,43.36,4652
2026-07-01T23:20:00+00:00,43.37,43.45,43.33,43.4,5830
2026-07-01T23:25:00+00:00,43.409,43.5,43.409,43.44,2104
2026-07-01T23:30:00+00:00,43.44,43.45,43.41,43.44,1020
2026-07-01T23:35:00+00:00,43.41,43.45,43.33,43.35,1171
2026-07-01T23:40:00+00:00,43.39,43.4,43.33,43.338,1692
2026-07-01T23:45:00+00:00,43.33,43.4,43.3,43.4,8339
2026-07-01T23:50:00+00:00,43.35,43.39,43.25,43.267,3682
2026-07-01T23:55:00+00:00,43.25,43.27,43.2,43.22,2816
2026-07-02T08:00:00+00:00,43.49,43.6,42.15,42.4,105656
2026-07-02T08:05:00+00:00,42.31,43.42,42.2,42.28,6129
2026-07-02T08:10:00+00:00,42.2,42.29,42.01,42.06,15075
2026-07-02T08:15:00+00:00,42.06,42.31,42.01,42.22,10351
2026-07-02T08:20:00+00:00,42.224,42.38,42.22,42.33,3163
2026-07-02T08:25:00+00:00,42.35,42.43,42.2,42.28,2723
2026-07-02T08:30:00+00:00,42.27,42.64,42.27,42.52,5726
2026-07-02T08:35:00+00:00,42.59,42.65,42.53,42.57,1381
2026-07-02T08:40:00+00:00,42.6,42.68,42.53,42.53,5892
2026-07-02T08:45:00+00:00,42.6,42.632,42.44,42.56,699
2026-07-02T08:50:00+00:00,42.48,42.68,42.461,42.62,2119
2026-07-02T08:55:00+00:00,42.62,42.84,42.6,42.84,2999
2026-07-02T09:00:00+00:00,42.8,42.855,42.67,42.753,2695
2026-07-02T09:05:00+00:00,42.724,42.724,42.5,42.6,919
2026-07-02T09:10:00+00:00,42.6,42.654,42.471,42.48,2999
2026-07-02T09:15:00+00:00,42.5,42.52,42.43,42.43,1694
2026-07-02T09:20:00+00:00,42.39,42.5,42.36,42.4,8680
2026-07-02T09:25:00+00:00,42.4,42.472,42.304,42.4,841
2026-07-02T09:30:00+00:00,42.44,42.55,42.437,42.53,2288
2026-07-02T09:35:00+00:00,42.516,42.53,42.4,42.5,4908
2026-07-02T09:40:00+00:00,42.44,42.53,42.378,42.423,1452
2026-07-02T09:45:00+00:00,42.422,42.44,42.286,42.359,1559
2026-07-02T09:50:00+00:00,42.3,42.34,42.27,42.27,1426
2026-07-02T09:55:00+00:00,42.34,42.34,42.21,42.21,7610
2026-07-02T10:00:00+00:00,42.219,42.255,42.12,42.13,5587
2026-07-02T10:05:00+00:00,42.13,42.26,42.12,42.15,4352
2026-07-02T10:10:00+00:00,42.254,42.259,42.14,42.218,2031
2026-07-02T10:15:00+00:00,42.2,42.29,42.18,42.208,2093
2026-07-02T10:20:00+00:00,42.211,42.25,42.08,42.186,1647
2026-07-02T10:25:00+00:00,42.18,42.19,42.106,42.13,24543
2026-07-02T10:30:00+00:00,42.15,42.28,42.13,42.24,3137
2026-07-02T10:35:00+00:00,42.23,42.33,42.21,42.33,2504
2026-07-02T10:40:00+00:00,42.312,42.4,42.27,42.298,7367
2026-07-02T10:45:00+00:00,42.366,42.37,42.28,42.327,5167
2026-07-02T10:50:00+00:00,42.3,42.33,42.23,42.3,3265
2026-07-02T10:55:00+00:00,42.3,42.33,42.23,42.3,3735
2026-07-02T11:00:00+00:00,42.35,42.4,42.22,42.233,21594
2026-07-02T11:05:00+00:00,42.22,42.3,42.2,42.22,5310
2026-07-02T11:10:00+00:00,42.239,42.44,42.22,42.42,20113
2026-07-02T11:15:00+00:00,42.42,42.5,42.35,42.35,7189
2026-07-02T11:20:00+00:00,42.35,42.4,42.3,42.38,8694
2026-07-02T11:25:00+00:00,42.3,42.5,42.3,42.36,11926
2026-07-02T11:30:00+00:00,42.378,42.45,42.314,42.408,10487
2026-07-02T11:35:00+00:00,42.41,42.56,42.36,42.537,11983
2026-07-02T11:40:00+00:00,42.54,42.77,42.5,42.71,10549
2026-07-02T11:45:00+00:00,42.77,42.8,42.68,42.75,11349
2026-07-02T11:50:00+00:00,42.75,42.79,42.6,42.75,12383
2026-07-02T11:55:00+00:00,42.767,42.77,42.62,42.75,6507
2026-07-02T12:00:00+00:00,42.745,43.0,42.64,42.91,10246
2026-07-02T12:05:00+00:00,42.982,43.0,42.8,42.83,14647
2026-07-02T12:10:00+00:00,42.959,43.11,42.7,42.935,53046
2026-07-02T12:15:00+00:00,43.0,43.1,42.808,42.9,29283
2026-07-02T12:20:00+00:00,42.885,43.32,42.88,43.25,13573
2026-07-02T12:25:00+00:00,43.25,43.44,43.08,43.41,13858
2026-07-02T12:30:00+00:00,43.41,43.96,43.19,43.7,50741
2026-07-02T12:35:00+00:00,43.61,43.85,43.551,43.63,51012
2026-07-02T12:40:00+00:00,43.59,43.67,43.4,43.58,24812
2026-07-02T12:45:00+00:00,43.578,43.63,43.41,43.56,11711
2026-07-02T12:50:00+00:00,43.522,43.6,43.4,43.4,14083
2026-07-02T12:55:00+00:00,43.48,43.55,43.15,43.2,42167
2026-07-02T13:00:00+00:00,43.26,43.473,43.17,43.41,9740
2026-07-02T13:05:00+00:00,43.39,43.45,43.16,43.27,46071
2026-07-02T13:10:00+00:00,43.23,43.4,43.23,43.269,6436
2026-07-02T13:15:00+00:00,43.281,43.43,43.25,43.43,10702
2026-07-02T13:20:00+00:00,43.429,43.5,43.331,43.47,15381
2026-07-02T13:25:00+00:00,43.34,43.45,42.34,42.51,61135
2026-07-02T13:30:00+00:00,42.525,43.25,41.89,42.96,849304
2026-07-02T13:35:00+00:00,42.95,43.418,42.43,42.55,675941
2026-07-02T13:40:00+00:00,42.54,42.68,42.25,42.44,674351
2026-07-02T13:45:00+00:00,42.44,42.44,41.86,42.27,658888
2026-07-02T13:50:00+00:00,42.24,42.685,42.01,42.63,651924
2026-07-02T13:55:00+00:00,42.62,43.04,42.411,42.94,486542
2026-07-02T14:00:00+00:00,42.94,43.02,42.64,42.92,391437
2026-07-02T14:05:00+00:00,42.9,42.9,42.125,42.15,396042
2026-07-02T14:10:00+00:00,42.15,42.65,41.915,42.475,651262
2026-07-02T14:15:00+00:00,42.47,42.58,42.11,42.155,307502
2026-07-02T14:20:00+00:00,42.14,42.2,41.55,41.58,628611
2026-07-02T14:25:00+00:00,41.58,41.6,40.9,41.035,758472
2026-07-02T14:30:00+00:00,41.035,41.3,40.97,41.03,610860
2026-07-02T14:35:00+00:00,41.01,41.35,40.85,41.115,416700
2026-07-02T14:40:00+00:00,41.12,41.127,40.38,40.449,655823
2026-07-02T14:45:00+00:00,40.44,40.63,39.97,40.4,876798
2026-07-02T14:50:00+00:00,40.385,40.42,39.74,39.91,629725
2026-07-02T14:55:00+00:00,39.92,40.19,39.84,40.155,514707
2026-07-02T15:00:00+00:00,40.16,40.23,39.54,39.559,598366
2026-07-02T15:05:00+00:00,39.57,39.69,39.25,39.58,768725
2026-07-02T15:10:00+00:00,39.58,39.83,39.44,39.51,563511
2026-07-02T15:15:00+00:00,39.52,39.625,39.06,39.07,676112
2026-07-02T15:20:00+00:00,39.075,39.54,38.98,39.54,713206
2026-07-02T15:25:00+00:00,39.54,39.64,39.18,39.205,480647
2026-07-02T15:30:00+00:00,39.2,39.49,39.172,39.415,512145
2026-07-02T15:35:00+00:00,39.43,39.64,39.22,39.275,621724
2026-07-02T15:40:00+00:00,39.28,39.41,39.06,39.07,388181
2026-07-02T15:45:00+00:00,39.065,39.21,38.81,38.84,530330
2026-07-02T15:50:00+00:00,38.845,38.99,38.67,38.8,602659
2026-07-02T15:55:00+00:00,38.79,39.213,38.715,39.12,516766
2026-07-02T16:00:00+00:00,39.13,39.2,38.57,38.637,560689
2026-07-02T16:05:00+00:00,38.63,38.74,38.45,38.67,545971
2026-07-02T16:10:00+00:00,38.655,38.89,38.59,38.68,420060
2026-07-02T16:15:00+00:00,38.68,38.71,38.27,38.27,470153
2026-07-02T16:20:00+00:00,38.26,38.29,38.015,38.21,557904
2026-07-02T16:25:00+00:00,38.21,38.39,38.13,38.162,334061
2026-07-02T16:30:00+00:00,38.165,38.165,37.95,37.99,419744
2026-07-02T16:35:00+00:00,37.982,38.08,37.81,38.01,639882
2026-07-02T16:40:00+00:00,38.01,38.45,37.95,38.32,494430
2026-07-02T16:45:00+00:00,38.315,38.329,38.08,38.13,304997
2026-07-02T16:50:00+00:00,38.125,38.135,37.921,37.97,348221
2026-07-02T16:55:00+00:00,37.975,37.98,37.66,37.91,330744
2026-07-02T17:00:00+00:00,37.91,37.98,37.74,37.855,349845
2026-07-02T17:05:00+00:00,37.85,38.19,37.755,38.075,382859
2026-07-02T17:10:00+00:00,38.08,38.17,37.9,38.12,379714
2026-07-02T17:15:00+00:00,38.12,38.187,38.0,38.105,243170
2026-07-02T17:20:00+00:00,38.105,38.515,38.08,38.33,447895
2026-07-02T17:25:00+00:00,38.33,38.8,38.3,38.785,548403
2026-07-02T17:30:00+00:00,38.785,39.26,38.76,39.195,770610
2026-07-02T17:35:00+00:00,39.2,39.235,38.65,38.794,651017
2026-07-02T17:40:00+00:00,38.8,39.155,38.71,38.815,519354
2026-07-02T17:45:00+00:00,38.84,38.845,38.44,38.5,289710
2026-07-02T17:50:00+00:00,38.49,38.83,38.45,38.69,270318
2026-07-02T17:55:00+00:00,38.665,38.7,38.38,38.435,290405
2026-07-02T18:00:00+00:00,38.44,38.765,38.43,38.705,347455
2026-07-02T18:05:00+00:00,38.705,39.23,38.625,39.23,453649
2026-07-02T18:10:00+00:00,39.215,39.35,38.96,39.005,587096
2026-07-02T18:15:00+00:00,39.0,39.03,38.71,38.955,311571
2026-07-02T18:20:00+00:00,38.95,39.12,38.925,38.975,256959
2026-07-02T18:25:00+00:00,38.97,39.35,38.85,39.31,370334
2026-07-02T18:30:00+00:00,39.305,39.42,39.165,39.26,385568
2026-07-02T18:35:00+00:00,39.26,39.43,39.22,39.43,264433
2026-07-02T18:40:00+00:00,39.44,39.5,39.308,39.308,304663
2026-07-02T18:45:00+00:00,39.315,39.33,39.08,39.27,286625
2026-07-02T18:50:00+00:00,39.27,39.4,39.11,39.11,243431
2026-07-02T18:55:00+00:00,39.1,39.17,38.96,39.12,265475
2026-07-02T19:00:00+00:00,39.13,39.144,38.77,38.78,294941
2026-07-02T19:05:00+00:00,38.79,38.88,38.61,38.77,320949
2026-07-02T19:10:00+00:00,38.76,38.86,38.62,38.805,235596
2026-07-02T19:15:00+00:00,38.805,38.87,38.68,38.68,200669
2026-07-02T19:20:00+00:00,38.67,38.75,38.5,38.515,416961
2026-07-02T19:25:00+00:00,38.51,39.07,38.44,38.92,347590
2026-07-02T19:30:00+00:00,38.92,38.94,38.73,38.906,288408
2026-07-02T19:35:00+00:00,38.9,38.905,38.615,38.675,420140
2026-07-02T19:40:00+00:00,38.67,38.865,38.62,38.835,256941
2026-07-02T19:45:00+00:00,38.835,38.94,38.703,38.81,396287
2026-07-02T19:50:00+00:00,38.805,39.035,38.8,38.811,523986
2026-07-02T19:55:00+00:00,38.815,38.92,38.68,38.82,1141692
2026-07-02T20:00:00+00:00,38.82,38.96,38.58,38.95,132224
2026-07-02T20:05:00+00:00,38.945,39.08,38.9,38.938,17623
2026-07-02T20:10:00+00:00,38.935,39.02,38.8,38.99,8301
2026-07-02T20:15:00+00:00,38.994,39.1,38.9,38.9,30573
2026-07-02T20:20:00+00:00,38.89,39.18,38.89,39.05,16724
2026-07-02T20:25:00+00:00,39.0,39.06,38.88,38.96,5523
2026-07-02T20:30:00+00:00,38.96,39.06,38.9,39.0,64522
2026-07-02T20:35:00+00:00,39.0,39.06,38.93,39.01,11106
2026-07-02T20:40:00+00:00,39.01,39.02,38.95,38.978,5911
2026-07-02T20:45:00+00:00,38.97,39.0,38.938,38.94,7739
2026-07-02T20:50:00+00:00,38.99,39.0,38.93,38.966,6010
2026-07-02T20:55:00+00:00,38.97,39.06,38.93,39.02,9257
2026-07-02T21:00:00+00:00,39.042,39.05,39.0,39.02,6694
2026-07-02T21:05:00+00:00,39.01,39.02,38.939,38.989,7451
2026-07-02T21:10:00+00:00,38.93,39.0,38.93,39.0,3968
2026-07-02T21:15:00+00:00,39.0,39.059,38.98,39.0,7885
2026-07-02T21:20:00+00:00,39.0,39.09,39.0,39.039,4930
2026-07-02T21:25:00+00:00,39.002,39.06,39.0,39.033,4888
2026-07-02T21:30:00+00:00,39.05,39.05,38.99,39.01,3377
2026-07-02T21:35:00+00:00,38.991,39.01,38.98,38.98,3288
2026-07-02T21:40:00+00:00,38.99,39.0,38.98,38.992,4755
2026-07-02T21:45:00+00:00,38.99,39.05,38.99,39.05,4979
2026-07-02T21:50:00+00:00,39.05,39.05,39.012,39.05,8682
2026-07-02T21:55:00+00:00,39.05,39.05,39.0,39.04,5997
2026-07-02T22:00:00+00:00,39.04,39.091,39.03,39.058,3836
2026-07-02T22:05:00+00:00,39.07,39.07,39.04,39.05,8021
2026-07-02T22:10:00+00:00,39.05,39.16,39.05,39.12,6109
2026-07-02T22:15:00+00:00,39.13,39.16,39.11,39.14,1764
2026-07-02T22:20:00+00:00,39.147,39.15,39.07,39.08,7186
2026-07-02T22:25:00+00:00,39.08,39.09,39.04,39.09,5165
2026-07-02T22:30:00+00:00,39.08,39.1,39.04,39.099,9123
2026-07-02T22:35:00+00:00,39.07,39.24,39.07,39.24,8267
2026-07-02T22:40:00+00:00,39.22,39.28,39.15,39.24,6743
2026-07-02T22:45:00+00:00,39.27,39.28,39.19,39.2,2596
2026-07-02T22:50:00+00:00,39.198,39.23,39.05,39.22,7303
2026-07-02T22:55:00+00:00,39.23,39.23,39.15,39.2,4293
2026-07-02T23:00:00+00:00,39.22,39.23,39.04,39.09,6170
2026-07-02T23:05:00+00:00,39.07,39.09,39.04,39.08,5677
2026-07-02T23:10:00+00:00,39.08,39.09,39.0,39.01,7273
2026-07-02T23:15:00+00:00,39.03,39.09,39.002,39.03,14404
2026-07-02T23:20:00+00:00,39.01,39.23,39.01,39.23,6571
2026-07-02T23:25:00+00:00,39.2,39.25,39.107,39.22,4260
2026-07-02T23:30:00+00:00,39.21,39.23,39.14,39.156,6138
2026-07-02T23:35:00+00:00,39.2,39.22,39.084,39.144,6094
2026-07-02T23:40:00+00:00,39.11,39.17,39.04,39.092,6358
2026-07-02T23:45:00+00:00,39.17,39.21,39.1,39.16,6280
2026-07-02T23:50:00+00:00,39.192,39.21,39.1,39.17,6288
2026-07-02T23:55:00+00:00,39.2,39.21,39.12,39.168,7295
2026-07-06T08:00:00+00:00,40.209,41.43,40.09,40.81,111419
2026-07-06T08:05:00+00:00,40.94,41.125,40.14,41.016,9485
2026-07-06T08:10:00+00:00,41.0,41.05,40.81,40.96,6195
2026-07-06T08:15:00+00:00,40.88,41.01,40.84,40.906,3550
2026-07-06T08:20:00+00:00,41.02,41.07,40.98,41.0,6405
2026-07-06T08:25:00+00:00,41.0,41.15,40.938,41.055,1420
2026-07-06T08:30:00+00:00,41.1,41.16,41.06,41.15,5487
2026-07-06T08:35:00+00:00,41.147,41.149,41.06,41.103,3073
2026-07-06T08:40:00+00:00,41.14,41.265,41.11,41.25,7641
2026-07-06T08:45:00+00:00,41.26,41.317,41.226,41.31,7478
2026-07-06T08:50:00+00:00,41.31,41.45,41.27,41.45,9211
2026-07-06T08:55:00+00:00,41.45,41.59,41.43,41.52,5278
2026-07-06T09:00:00+00:00,41.52,41.57,41.47,41.54,8588
2026-07-06T09:05:00+00:00,41.54,41.55,41.393,41.4,5561
2026-07-06T09:10:00+00:00,41.39,41.46,41.27,41.46,3565
2026-07-06T09:15:00+00:00,41.34,41.4,41.34,41.36,3916
2026-07-06T09:20:00+00:00,41.378,41.38,41.3,41.34,3198
2026-07-06T09:25:00+00:00,41.36,41.45,41.33,41.44,2013
2026-07-06T09:30:00+00:00,41.44,41.48,41.25,41.29,8107
2026-07-06T09:35:00+00:00,41.29,41.364,41.17,41.25,1806
2026-07-06T09:40:00+00:00,41.24,41.24,41.15,41.16,1421
2026-07-06T09:45:00+00:00,41.14,41.19,41.06,41.064,7536
2026-07-06T09:50:00+00:00,41.07,41.19,41.07,41.174,2075
2026-07-06T09:55:00+00:00,41.17,41.352,41.11,41.3,2524
2026-07-06T10:00:00+00:00,41.3,41.46,41.25,41.45,12385
2026-07-06T10:05:00+00:00,41.45,41.45,41.3,41.3,4722
2026-07-06T10:10:00+00:00,41.34,41.4,41.3,41.35,1702
2026-07-06T10:15:00+00:00,41.36,41.4,41.31,41.314,1889
2026-07-06T10:20:00+00:00,41.34,41.4,41.3,41.33,5362
2026-07-06T10:25:00+00:00,41.33,41.38,41.24,41.24,5043
2026-07-06T10:30:00+00:00,41.23,41.28,41.15,41.24,4673
2026-07-06T10:35:00+00:00,41.23,41.36,41.15,41.34,1198
2026-07-06T10:40:00+00:00,41.34,41.34,41.12,41.18,5727
2026-07-06T10:45:00+00:00,41.11,41.25,41.11,41.249,3425
2026-07-06T10:50:00+00:00,41.24,41.24,41.15,41.17,3019
2026-07-06T10:55:00+00:00,41.19,41.25,41.18,41.212,5818
2026-07-06T11:00:00+00:00,41.2,41.22,40.8,40.8,81396
2026-07-06T11:05:00+00:00,40.84,41.1,40.8,41.03,13883
2026-07-06T11:10:00+00:00,41.0,41.05,40.92,41.0,26303
2026-07-06T11:15:00+00:00,40.97,41.14,40.93,41.07,12238
2026-07-06T11:20:00+00:00,41.06,41.2,41.03,41.13,12865
2026-07-06T11:25:00+00:00,41.12,41.21,41.1,41.21,10503
2026-07-06T11:30:00+00:00,41.2,41.39,41.16,41.331,58641
2026-07-06T11:35:00+00:00,41.33,41.39,41.25,41.35,14052
2026-07-06T11:40:00+00:00,41.331,41.4,41.32,41.38,13027
2026-07-06T11:45:00+00:00,41.341,41.39,41.25,41.34,11057
2026-07-06T11:50:00+00:00,41.38,41.39,41.3,41.332,8194
2026-07-06T11:55:00+00:00,41.33,41.6,41.32,41.4,18681
2026-07-06T12:00:00+00:00,41.4,41.99,41.4,41.869,79303
2026-07-06T12:05:00+00:00,41.87,41.98,41.67,41.78,54199
2026-07-06T12:10:00+00:00,41.76,41.89,41.6,41.89,32627
2026-07-06T12:15:00+00:00,41.84,41.88,41.73,41.76,37576
2026-07-06T12:20:00+00:00,41.75,41.8,41.4,41.53,50412
2026-07-06T12:25:00+00:00,41.53,42.27,41.51,42.1,79248
2026-07-06T12:30:00+00:00,42.097,42.1,41.86,41.86,26110
2026-07-06T12:35:00+00:00,41.89,41.99,41.72,41.98,28428
2026-07-06T12:40:00+00:00,41.997,42.05,41.8,41.807,34737
2026-07-06T12:45:00+00:00,41.8,41.95,41.76,41.832,26424
2026-07-06T12:50:00+00:00,41.83,41.88,41.75,41.769,23185
2026-07-06T12:55:00+00:00,41.76,41.9,41.72,41.86,26683
2026-07-06T13:00:00+00:00,41.852,41.89,41.65,41.65,46034
2026-07-06T13:05:00+00:00,41.66,41.8,41.57,41.6,19757
2026-07-06T13:10:00+00:00,41.574,41.66,41.41,41.43,34560
2026-07-06T13:15:00+00:00,41.43,41.55,41.32,41.381,38176
2026-07-06T13:20:00+00:00,41.386,41.75,41.35,41.588,31407
2026-07-06T13:25:00+00:00,41.59,41.98,41.59,41.95,62894
2026-07-06T13:30:00+00:00,41.97,43.18,41.79,42.445,2138088
2026-07-06T13:35:00+00:00,42.47,43.58,42.16,43.54,1518145
2026-07-06T13:40:00+00:00,43.545,43.84,43.28,43.65,1471953
2026-07-06T13:45:00+00:00,43.62,44.243,43.4,44.05,1365665
2026-07-06T13:50:00+00:00,44.08,44.345,43.735,44.245,1121775
2026-07-06T13:55:00+00:00,44.245,44.32,43.44,43.54,714337
2026-07-06T14:00:00+00:00,43.56,44.07,43.46,43.95,596682
2026-07-06T14:05:00+00:00,43.94,43.963,43.615,43.83,434065
2026-07-06T14:10:00+00:00,43.825,44.16,43.77,43.93,543598
2026-07-06T14:15:00+00:00,43.93,44.08,43.555,43.71,397743
2026-07-06T14:20:00+00:00,43.71,44.52,43.71,44.26,656827
2026-07-06T14:25:00+00:00,44.259,44.97,44.259,44.655,856562
2026-07-06T14:30:00+00:00,44.655,44.705,44.36,44.44,492935
2026-07-06T14:35:00+00:00,44.42,44.72,44.33,44.47,412481
2026-07-06T14:40:00+00:00,44.47,44.629,44.18,44.334,377068
2026-07-06T14:45:00+00:00,44.33,44.43,44.09,44.107,357565
2026-07-06T14:50:00+00:00,44.105,44.33,44.04,44.08,402392
2026-07-06T14:55:00+00:00,44.082,44.15,43.86,44.11,405707
2026-07-06T15:00:00+00:00,44.1,44.23,43.975,43.98,279505
2026-07-06T15:05:00+00:00,43.97,44.2,43.91,43.99,333933
2026-07-06T15:10:00+00:00,43.99,44.1,43.47,43.68,317450
2026-07-06T15:15:00+00:00,43.685,43.8,43.4,43.795,271828
2026-07-06T15:20:00+00:00,43.8,43.889,43.555,43.65,239995
2026-07-06T15:25:00+00:00,43.655,43.979,43.61,43.979,260176
2026-07-06T15:30:00+00:00,43.97,44.13,43.905,44.04,235850
2026-07-06T15:35:00+00:00,44.04,44.36,43.92,44.14,340930
2026-07-06T15:40:00+00:00,44.125,44.37,44.085,44.198,318726
2026-07-06T15:45:00+00:00,44.2,44.47,44.075,44.36,267615
2026-07-06T15:50:00+00:00,44.36,44.55,44.34,44.385,296078
2026-07-06T15:55:00+00:00,44.39,44.57,44.325,44.44,223809
2026-07-06T16:00:00+00:00,44.43,44.46,44.26,44.393,165296
2026-07-06T16:05:00+00:00,44.4,44.72,44.4,44.57,294725
2026-07-06T16:10:00+00:00,44.57,44.955,44.524,44.805,383127
2026-07-06T16:15:00+00:00,44.805,44.9,44.54,44.73,297069
2026-07-06T16:20:00+00:00,44.74,44.8,44.64,44.69,193441
2026-07-06T16:25:00+00:00,44.68,44.68,44.37,44.55,238218
2026-07-06T16:30:00+00:00,44.54,44.75,44.505,44.725,240113
2026-07-06T16:35:00+00:00,44.725,44.86,44.608,44.835,245483
2026-07-06T16:40:00+00:00,44.84,44.89,44.45,44.58,261615
2026-07-06T16:45:00+00:00,44.58,44.767,44.48,44.73,931731
2026-07-06T16:50:00+00:00,44.72,44.738,44.4,44.4,185670
2026-07-06T16:55:00+00:00,44.42,44.5,44.22,44.34,335687
2026-07-06T17:00:00+00:00,44.34,44.56,44.29,44.54,221399
2026-07-06T17:05:00+00:00,44.53,44.75,44.49,44.7,257561
2026-07-06T17:10:00+00:00,44.7,44.765,44.62,44.69,215030
2026-07-06T17:15:00+00:00,44.705,44.75,44.41,44.43,254539
2026-07-06T17:20:00+00:00,44.44,44.44,44.0,44.164,257172
2026-07-06T17:25:00+00:00,44.16,44.29,43.99,44.0,350975
2026-07-06T17:30:00+00:00,44.0,44.07,43.7,43.72,332053
2026-07-06T17:35:00+00:00,43.72,43.96,43.69,43.93,282079
2026-07-06T17:40:00+00:00,43.92,43.93,43.71,43.8,476658
2026-07-06T17:45:00+00:00,43.79,44.058,43.67,44.055,218543
2026-07-06T17:50:00+00:00,44.05,44.1,43.771,43.945,215142
2026-07-06T17:55:00+00:00,43.945,44.03,43.79,43.86,237909
2026-07-06T18:00:00+00:00,43.86,44.235,43.81,44.235,355419
2026-07-06T18:05:00+00:00,44.24,44.29,44.07,44.195,284928
2026-07-06T18:10:00+00:00,44.19,44.25,43.965,44.03,168360
2026-07-06T18:15:00+00:00,44.04,44.24,44.04,44.13,187768
2026-07-06T18:20:00+00:00,44.125,44.185,44.025,44.11,133304
2026-07-06T18:25:00+00:00,44.105,44.11,43.9,43.925,142397
2026-07-06T18:30:00+00:00,43.92,43.92,43.73,43.804,128435
2026-07-06T18:35:00+00:00,43.807,43.91,43.56,43.59,199288
2026-07-06T18:40:00+00:00,43.59,43.68,43.51,43.615,137249
2026-07-06T18:45:00+00:00,43.62,43.848,43.56,43.82,158878
2026-07-06T18:50:00+00:00,43.81,43.865,43.695,43.86,133663
2026-07-06T18:55:00+00:00,43.87,43.91,43.68,43.745,256322
2026-07-06T19:00:00+00:00,43.75,43.839,43.515,43.54,185814
2026-07-06T19:05:00+00:00,43.535,43.535,43.33,43.475,299239
2026-07-06T19:10:00+00:00,43.47,43.62,43.36,43.52,173651
2026-07-06T19:15:00+00:00,43.515,43.58,43.345,43.57,216554
2026-07-06T19:20:00+00:00,43.575,43.74,43.475,43.71,275766
2026-07-06T19:25:00+00:00,43.708,43.88,43.63,43.86,403003
2026-07-06T19:30:00+00:00,43.85,43.95,43.725,43.88,315166
2026-07-06T19:35:00+00:00,43.88,43.89,43.54,43.593,466655
2026-07-06T19:40:00+00:00,43.59,44.11,43.505,44.035,759831
2026-07-06T19:45:00+00:00,44.03,44.115,43.94,44.075,411596
2026-07-06T19:50:00+00:00,44.07,44.165,43.76,43.91,562578
2026-07-06T19:55:00+00:00,43.91,44.005,43.775,43.91,1345320
2026-07-06T20:00:00+00:00,43.91,44.308,43.81,44.308,120008
2026-07-06T20:05:00+00:00,44.25,44.36,44.2,44.229,49829
2026-07-06T20:10:00+00:00,44.201,44.26,43.91,44.1,14038
2026-07-06T20:15:00+00:00,44.152,44.17,44.1,44.101,104293
2026-07-06T20:20:00+00:00,44.11,44.29,44.1,44.26,84517
2026-07-06T20:25:00+00:00,44.237,44.45,44.2,44.431,8520
2026-07-06T20:30:00+00:00,44.34,44.43,44.3,44.4,6235
2026-07-06T20:35:00+00:00,44.4,44.5,43.91,44.419,6004
2026-07-06T20:40:00+00:00,44.42,44.49,44.3,44.35,10602
2026-07-06T20:45:00+00:00,44.355,44.5,44.31,44.35,8835
2026-07-06T20:50:00+00:00,44.44,44.5,44.36,44.43,6267
2026-07-06T20:55:00+00:00,44.428,44.46,44.35,44.45,3372
2026-07-06T21:00:00+00:00,44.41,44.45,44.4,44.45,2680
2026-07-06T21:05:00+00:00,44.411,44.5,44.4,44.5,3669
2026-07-06T21:10:00+00:00,44.47,44.66,44.45,44.637,5333
2026-07-06T21:15:00+00:00,44.6,44.66,44.446,44.62,9188
2026-07-06T21:20:00+00:00,44.66,44.66,44.51,44.6,7508
2026-07-06T21:25:00+00:00,44.6,44.648,44.51,44.59,4387
2026-07-06T21:30:00+00:00,44.59,44.65,44.57,44.6,4726
2026-07-06T21:35:00+00:00,44.58,44.69,44.58,44.65,5223
2026-07-06T21:40:00+00:00,44.65,44.67,44.6,44.64,3722
2026-07-06T21:45:00+00:00,44.63,44.7,44.63,44.7,10853
2026-07-06T21:50:00+00:00,44.68,44.8,44.68,44.78,7747
2026-07-06T21:55:00+00:00,44.77,44.78,44.689,44.728,11975
2026-07-06T22:00:00+00:00,44.73,44.73,44.56,44.561,8005
2026-07-06T22:05:00+00:00,44.57,44.68,44.54,44.6,5089
2026-07-06T22:10:00+00:00,44.598,44.62,44.55,44.62,6604
2026-07-06T22:15:00+00:00,44.61,44.73,44.6,44.71,1904
2026-07-06T22:20:00+00:00,44.691,44.71,44.6,44.6,5065
2026-07-06T22:25:00+00:00,44.66,44.66,44.55,44.587,1601
2026-07-06T22:30:00+00:00,44.57,44.72,44.5,44.671,14446
2026-07-06T22:35:00+00:00,44.68,44.73,43.91,44.72,23839
2026-07-06T22:40:00+00:00,44.719,44.74,44.6,44.68,5914
2026-07-06T22:45:00+00:00,44.62,44.69,44.51,44.62,6094
2026-07-06T22:50:00+00:00,44.51,44.652,44.51,44.61,4741
2026-07-06T22:55:00+00:00,44.66,44.66,44.52,44.53,4719
2026-07-06T23:00:00+00:00,44.54,44.56,44.4,44.44,19348
2026-07-06T23:05:00+00:00,44.444,44.56,44.35,44.35,4530
2026-07-06T23:10:00+00:00,44.35,44.41,44.26,44.34,13816
2026-07-06T23:15:00+00:00,44.39,44.39,44.26,44.3,2726
2026-07-06T23:20:00+00:00,44.3,44.3,44.07,44.1,31148
2026-07-06T23:25:00+00:00,44.11,44.16,44.008,44.07,6661
2026-07-06T23:30:00+00:00,44.1,44.1,43.95,43.998,4816
2026-07-06T23:35:00+00:00,43.98,44.05,43.86,43.91,9198
2026-07-06T23:40:00+00:00,43.96,44.0,43.86,43.86,7130
2026-07-06T23:45:00+00:00,43.937,43.99,43.75,43.759,4303
2026-07-06T23:50:00+00:00,43.75,43.817,43.6,43.76,25697
2026-07-06T23:55:00+00:00,43.757,43.89,43.64,43.7,10557
2026-07-07T08:00:00+00:00,42.9,43.712,42.47,43.31,118394
2026-07-07T08:05:00+00:00,43.31,43.7,42.34,42.96,36293
2026-07-07T08:10:00+00:00,42.99,43.19,42.901,43.18,14059
2026-07-07T08:15:00+00:00,43.12,43.27,43.03,43.27,6958
2026-07-07T08:20:00+00:00,43.14,43.298,43.14,43.298,9604
2026-07-07T08:25:00+00:00,43.3,43.37,43.2,43.37,1343
2026-07-07T08:30:00+00:00,43.33,43.41,43.27,43.33,818
2026-07-07T08:35:00+00:00,43.3,43.399,43.24,43.34,2751
2026-07-07T08:40:00+00:00,43.34,43.48,43.25,43.42,9857
2026-07-07T08:45:00+00:00,43.42,43.495,43.3,43.3,1982
2026-07-07T08:50:00+00:00,43.3,43.32,43.27,43.31,2053
2026-07-07T08:55:00+00:00,43.3,43.38,43.19,43.19,525
2026-07-07T09:00:00+00:00,43.19,43.2,43.08,43.08,5304
2026-07-07T09:05:00+00:00,43.09,43.234,43.08,43.15,1378
2026-07-07T09:10:00+00:00,43.148,43.25,43.11,43.25,5166
2026-07-07T09:15:00+00:00,43.25,43.3,43.14,43.3,328
2026-07-07T09:20:00+00:00,43.23,43.271,43.13,43.13,1381
2026-07-07T09:25:00+00:00,43.14,43.15,43.001,43.009,1994
2026-07-07T09:30:00+00:00,43.03,43.11,42.88,42.915,5102
2026-07-07T09:35:00+00:00,42.9,42.959,42.89,42.939,1394
2026-07-07T09:40:00+00:00,42.995,43.103,42.961,43.031,1820
2026-07-07T09:45:00+00:00,43.01,43.05,42.95,42.98,749
2026-07-07T09:50:00+00:00,42.98,43.05,42.932,42.99,501
2026-07-07T09:55:00+00:00,42.96,43.01,42.955,42.98,59
2026-07-07T10:00:00+00:00,42.98,43.115,42.979,43.109,2359
2026-07-07T10:05:00+00:00,43.154,43.196,43.046,43.046,2597
2026-07-07T10:10:00+00:00,43.07,43.14,43.02,43.12,1740
2026-07-07T10:15:00+00:00,43.12,43.24,43.06,43.24,1866
2026-07-07T10:20:00+00:00,43.257,43.257,43.103,43.14,655
2026-07-07T10:25:00+00:00,43.19,43.22,43.05,43.056,1552
2026-07-07T10:30:00+00:00,43.155,43.155,43.0,43.09,2149
2026-07-07T10:35:00+00:00,43.04,43.16,43.03,43.16,3204
2026-07-07T10:40:00+00:00,43.157,43.17,43.136,43.16,1601
2026-07-07T10:45:00+00:00,43.16,43.194,43.1,43.1,4210
2026-07-07T10:50:00+00:00,43.1,43.1,43.02,43.06,682
2026-07-07T10:55:00+00:00,43.044,43.048,42.97,42.98,1374
2026-07-07T11:00:00+00:00,43.04,44.01,42.9,43.39,45203
2026-07-07T11:05:00+00:00,43.298,43.48,43.298,43.37,3807
2026-07-07T11:10:00+00:00,43.35,43.37,43.0,43.0,6519
2026-07-07T11:15:00+00:00,43.05,43.21,43.05,43.15,6065
2026-07-07T11:20:00+00:00,43.2,43.39,43.15,43.37,7863
2026-07-07T11:25:00+00:00,43.38,43.39,43.19,43.33,2771
2026-07-07T11:30:00+00:00,43.33,43.33,43.15,43.26,4800
2026-07-07T11:35:00+00:00,43.21,43.26,43.0,43.11,14736
2026-07-07T11:40:00+00:00,43.123,43.32,43.1,43.29,9867
2026-07-07T11:45:00+00:00,43.32,43.38,43.19,43.24,33375
2026-07-07T11:50:00+00:00,43.21,43.29,43.19,43.2,13835
2026-07-07T11:55:00+00:00,43.215,43.39,43.215,43.38,2960
2026-07-07T12:00:00+00:00,43.35,43.47,43.331,43.384,2515
2026-07-07T12:05:00+00:00,43.4,43.78,43.397,43.7,12150
2026-07-07T12:10:00+00:00,43.75,43.83,43.61,43.61,10104
2026-07-07T12:15:00+00:00,43.66,43.75,43.5,43.53,11611
2026-07-07T12:20:00+00:00,43.53,43.69,43.36,43.45,4803
2026-07-07T12:25:00+00:00,43.43,43.63,43.381,43.46,5086
2026-07-07T12:30:00+00:00,43.46,43.61,43.29,43.4,3792
2026-07-07T12:35:00+00:00,43.4,43.47,43.33,43.44,2205
2026-07-07T12:40:00+00:00,43.41,43.57,43.355,43.493,6625
2026-07-07T12:45:00+00:00,43.5,43.5,43.21,43.25,6377
2026-07-07T12:50:00+00:00,43.21,43.91,43.17,43.19,4760
2026-07-07T12:55:00+00:00,43.2,43.246,43.16,43.22,10251
2026-07-07T13:00:00+00:00,43.22,43.22,43.15,43.17,15430
2026-07-07T13:05:00+00:00,43.172,43.25,43.15,43.21,12093
2026-07-07T13:10:00+00:00,43.198,43.2,43.07,43.18,9619
2026-07-07T13:15:00+00:00,43.11,43.16,42.937,42.98,8819
2026-07-07T13:20:00+00:00,42.96,43.0,42.67,42.67,21861
2026-07-07T13:25:00+00:00,42.64,42.76,42.06,42.137,54079
2026-07-07T13:30:00+00:00,42.235,42.71,41.71,41.96,1144754
2026-07-07T13:35:00+00:00,41.98,42.455,41.63,42.185,560758
2026-07-07T13:40:00+00:00,42.18,42.6,42.08,42.36,442384
2026-07-07T13:45:00+00:00,42.35,42.39,41.51,41.6,556999
2026-07-07T13:50:00+00:00,41.61,41.63,40.98,41.165,693800
2026-07-07T13:55:00+00:00,41.15,41.16,40.71,41.01,711802
2026-07-07T14:00:00+00:00,41.01,41.09,40.64,40.667,545384
2026-07-07T14:05:00+00:00,40.67,40.875,40.13,40.41,636606
2026-07-07T14:10:00+00:00,40.41,40.45,39.72,39.725,599637
2026-07-07T14:15:00+00:00,39.735,40.06,39.69,40.0,532068
2026-07-07T14:20:00+00:00,40.012,40.17,39.63,39.66,627899
2026-07-07T14:25:00+00:00,39.66,39.92,39.482,39.88,509649
2026-07-07T14:30:00+00:00,39.88,40.025,39.7,39.75,456906
2026-07-07T14:35:00+00:00,39.73,39.78,39.415,39.505,401350
2026-07-07T14:40:00+00:00,39.505,39.7,39.195,39.7,460908
2026-07-07T14:45:00+00:00,39.73,40.37,39.7,40.14,649915
2026-07-07T14:50:00+00:00,40.13,40.45,40.06,40.27,356047
2026-07-07T14:55:00+00:00,40.275,40.6,40.195,40.57,421463
2026-07-07T15:00:00+00:00,40.58,40.65,40.4,40.54,327033
2026-07-07T15:05:00+00:00,40.54,40.665,40.28,40.66,203316
2026-07-07T15:10:00+00:00,40.65,40.82,40.55,40.6,355597
2026-07-07T15:15:00+00:00,40.58,40.61,40.22,40.3,297121
2026-07-07T15:20:00+00:00,40.28,40.54,40.18,40.39,200861
2026-07-07T15:25:00+00:00,40.4,40.56,40.335,40.529,218973
2026-07-07T15:30:00+00:00,40.52,40.6,40.35,40.35,223597
2026-07-07T15:35:00+00:00,40.34,40.4,40.13,40.145,220848
2026-07-07T15:40:00+00:00,40.15,40.455,40.01,40.45,226136
2026-07-07T15:45:00+00:00,40.455,40.73,40.421,40.421,229119
2026-07-07T15:50:00+00:00,40.41,40.55,40.345,40.47,171536
2026-07-07T15:55:00+00:00,40.47,40.68,40.39,40.67,145804
2026-07-07T16:00:00+00:00,40.67,40.9,40.63,40.82,281868
2026-07-07T16:05:00+00:00,40.81,40.96,40.645,40.71,301906
2026-07-07T16:10:00+00:00,40.705,41.08,40.7,40.815,326015
2026-07-07T16:15:00+00:00,40.815,41.13,40.77,41.12,220764
2026-07-07T16:20:00+00:00,41.12,41.495,41.12,41.31,285725
2026-07-07T16:25:00+00:00,41.3,41.51,41.26,41.365,171008
2026-07-07T16:30:00+00:00,41.36,41.44,41.165,41.23,207454
2026-07-07T16:35:00+00:00,41.237,41.35,41.1,41.155,134431
2026-07-07T16:40:00+00:00,41.155,41.19,40.931,41.07,228987
2026-07-07T16:45:00+00:00,41.078,41.32,41.021,41.32,185940
2026-07-07T16:50:00+00:00,41.33,41.465,41.13,41.13,223287
2026-07-07T16:55:00+00:00,41.14,41.25,41.0,41.22,202755
2026-07-07T17:00:00+00:00,41.22,41.33,41.12,41.315,190014
2026-07-07T17:05:00+00:00,41.315,41.62,41.315,41.55,193715
2026-07-07T17:10:00+00:00,41.55,41.564,41.255,41.265,155938
2026-07-07T17:15:00+00:00,41.27,41.29,41.16,41.23,269115
2026-07-07T17:20:00+00:00,41.24,41.53,41.18,41.455,174888
2026-07-07T17:25:00+00:00,41.455,41.5,41.33,41.37,133136
2026-07-07T17:30:00+00:00,41.365,41.698,41.305,41.64,182816
2026-07-07T17:35:00+00:00,41.64,41.82,41.615,41.777,253250
2026-07-07T17:40:00+00:00,41.78,41.995,41.75,41.925,266017
2026-07-07T17:45:00+00:00,41.925,41.93,41.59,41.6,179974
2026-07-07T17:50:00+00:00,41.595,41.703,41.53,41.58,279310
2026-07-07T17:55:00+00:00,41.59,41.69,41.52,41.68,118614
2026-07-07T18:00:00+00:00,41.695,41.71,41.205,41.43,377270
2026-07-07T18:05:00+00:00,41.425,41.47,41.3,41.345,186441
2026-07-07T18:10:00+00:00,41.345,41.58,41.295,41.51,215652
2026-07-07T18:15:00+00:00,41.505,41.57,41.43,41.56,145981
2026-07-07T18:20:00+00:00,41.56,41.68,41.45,41.49,155860
2026-07-07T18:25:00+00:00,41.48,41.515,41.165,41.215,187004
2026-07-07T18:30:00+00:00,41.215,41.31,41.12,41.2,262694
2026-07-07T18:35:00+00:00,41.19,41.275,41.13,41.225,122195
2026-07-07T18:40:00+00:00,41.22,41.22,41.04,41.135,181374
2026-07-07T18:45:00+00:00,41.14,41.165,40.7,40.79,269078
2026-07-07T18:50:00+00:00,40.785,40.89,40.61,40.88,1170428
2026-07-07T18:55:00+00:00,40.87,40.91,40.76,40.79,138514
2026-07-07T19:00:00+00:00,40.78,40.8,40.52,40.679,168185
2026-07-07T19:05:00+00:00,40.7,40.825,40.45,40.455,257272
2026-07-07T19:10:00+00:00,40.44,40.452,40.27,40.29,203663
2026-07-07T19:15:00+00:00,40.289,40.29,40.025,40.19,261193
2026-07-07T19:20:00+00:00,40.18,40.33,40.115,40.29,262151
2026-07-07T19:25:00+00:00,40.25,40.37,40.085,40.21,238507
2026-07-07T19:30:00+00:00,40.18,40.5,40.18,40.385,267319
2026-07-07T19:35:00+00:00,40.36,40.42,40.155,40.18,176245
2026-07-07T19:40:00+00:00,40.165,40.188,40.07,40.105,255825
2026-07-07T19:45:00+00:00,40.109,40.27,40.06,40.115,225031
2026-07-07T19:50:00+00:00,40.12,40.157,40.0,40.12,443030
2026-07-07T19:55:00+00:00,40.11,40.15,39.8,39.815,1157705
2026-07-07T20:00:00+00:00,39.99,40.1,39.51,40.1,55542
2026-07-07T20:05:00+00:00,40.06,40.06,39.65,39.68,54096
2026-07-07T20:10:00+00:00,39.815,39.84,39.51,39.8,34634
2026-07-07T20:15:00+00:00,39.75,39.84,39.72,39.79,9198
2026-07-07T20:20:00+00:00,39.79,39.98,39.75,39.97,11858
2026-07-07T20:25:00+00:00,39.97,39.98,39.765,39.97,10893
2026-07-07T20:30:00+00:00,39.97,40.0,39.95,39.97,23310
2026-07-07T20:35:00+00:00,39.95,40.0,39.95,40.0,2122479
2026-07-07T20:40:00+00:00,39.99,40.07,39.97,40.07,6844
2026-07-07T20:45:00+00:00,40.099,40.1,40.0,40.01,8563
2026-07-07T20:50:00+00:00,40.04,40.1,39.815,40.1,3371
2026-07-07T20:55:00+00:00,40.09,40.15,40.0,40.1,2721
2026-07-07T21:00:00+00:00,40.1,40.1,40.0,40.09,9596
2026-07-07T21:05:00+00:00,40.09,40.1,40.05,40.1,6591
2026-07-07T21:10:00+00:00,40.1,40.1,40.05,40.1,7791
2026-07-07T21:15:00+00:00,40.09,40.2,40.05,40.063,9213
2026-07-07T21:20:00+00:00,40.02,40.09,39.9,39.95,10908
2026-07-07T21:25:00+00:00,40.12,40.12,39.85,39.9,4421
2026-07-07T21:30:00+00:00,39.889,39.889,39.75,39.79,7578
2026-07-07T21:35:00+00:00,39.81,39.85,39.75,39.79,3121
2026-07-07T21:40:00+00:00,39.79,39.85,39.77,39.8,2035
2026-07-07T21:45:00+00:00,39.78,39.85,39.773,39.81,1753
2026-07-07T21:50:00+00:00,39.8,39.85,39.77,39.79,3189
2026-07-07T21:55:00+00:00,39.85,39.85,39.79,39.809,1120
2026-07-07T22:00:00+00:00,39.8,39.85,39.77,39.8,2128
2026-07-07T22:05:00+00:00,39.84,39.85,39.77,39.81,5453
2026-07-07T22:10:00+00:00,39.85,39.85,39.81,39.827,2102
2026-07-07T22:15:00+00:00,39.83,39.91,39.804,39.91,4812
2026-07-07T22:20:00+00:00,39.95,40.05,39.9,39.999,4353
2026-07-07T22:25:00+00:00,39.99,40.0,39.9,39.99,884
2026-07-07T22:30:00+00:00,39.967,39.99,39.91,39.938,2355
2026-07-07T22:35:00+00:00,39.939,39.94,39.81,39.9,54058
2026-07-07T22:40:00+00:00,39.92,39.92,39.85,39.91,5454
2026-07-07T22:45:00+00:00,39.9,39.95,39.88,39.91,3800
2026-07-07T22:50:00+00:00,39.91,39.95,39.88,39.92,2789
2026-07-07T22:55:00+00:00,39.93,39.95,39.898,39.918,1804
2026-07-07T23:00:00+00:00,39.91,39.92,39.76,39.76,4569
2026-07-07T23:05:00+00:00,39.76,39.76,39.75,39.756,4061
2026-07-07T23:10:00+00:00,39.75,39.757,39.51,39.56,15367
2026-07-07T23:15:00+00:00,39.639,39.68,39.55,39.66,8775
2026-07-07T23:20:00+00:00,39.658,39.66,39.615,39.63,4865
2026-07-07T23:25:00+00:00,39.63,39.65,39.6,39.62,6020
2026-07-07T23:30:00+00:00,39.617,39.62,39.6,39.617,3218
2026-07-07T23:35:00+00:00,39.61,39.645,39.61,39.63,5213
2026-07-07T23:40:00+00:00,39.63,39.65,39.59,39.6,2149
2026-07-07T23:45:00+00:00,39.592,39.6,39.51,39.52,6464
2026-07-07T23:50:00+00:00,39.51,39.51,39.25,39.26,17920
2026-07-07T23:55:00+00:00,39.26,39.51,39.22,39.4,31410
2026-07-08T08:00:00+00:00,39.885,40.16,39.344,39.86,54834
2026-07-08T08:05:00+00:00,39.67,40.15,39.36,39.904,9835
2026-07-08T08:10:00+00:00,39.96,40.17,39.96,40.17,1955
2026-07-08T08:15:00+00:00,40.15,40.15,39.3,39.3,11889
2026-07-08T08:20:00+00:00,39.3,39.32,38.82,38.83,19805
2026-07-08T08:25:00+00:00,38.83,38.83,38.564,38.61,11037
2026-07-08T08:30:00+00:00,38.63,38.68,38.5,38.55,7264
2026-07-08T08:35:00+00:00,38.592,38.73,38.34,38.34,16089
2026-07-08T08:40:00+00:00,38.33,38.43,38.21,38.375,6309
2026-07-08T08:45:00+00:00,38.37,38.69,38.34,38.51,6217
2026-07-08T08:50:00+00:00,38.56,38.81,38.5,38.73,6878
2026-07-08T08:55:00+00:00,38.73,38.807,38.4,38.439,4465
2026-07-08T09:00:00+00:00,38.457,38.6,38.429,38.53,4602
2026-07-08T09:05:00+00:00,38.51,38.55,38.21,38.25,5312
2026-07-08T09:10:00+00:00,38.23,38.27,38.0,38.01,12547
2026-07-08T09:15:00+00:00,38.01,38.2,38.01,38.198,9710
2026-07-08T09:20:00+00:00,38.2,38.36,38.18,38.36,11266
2026-07-08T09:25:00+00:00,38.331,38.41,38.23,38.37,5022
2026-07-08T09:30:00+00:00,38.37,38.75,38.307,38.67,10764
2026-07-08T09:35:00+00:00,38.66,38.86,38.66,38.72,11116
2026-07-08T09:40:00+00:00,38.72,38.766,38.65,38.75,5135
2026-07-08T09:45:00+00:00,38.76,38.9,38.666,38.85,6287
2026-07-08T09:50:00+00:00,38.87,38.87,38.76,38.82,4900
2026-07-08T09:55:00+00:00,38.854,38.87,38.7,38.79,3140
2026-07-08T10:00:00+00:00,38.8,38.87,38.672,38.72,6193
2026-07-08T10:05:00+00:00,38.71,38.72,38.6,38.66,8969
2026-07-08T10:10:00+00:00,38.67,38.69,38.5,38.62,6024
2026-07-08T10:15:00+00:00,38.62,38.914,38.6,38.88,3406
2026-07-08T10:20:00+00:00,38.91,39.01,38.866,38.98,4820
2026-07-08T10:25:00+00:00,39.0,39.18,38.917,39.11,4581
2026-07-08T10:30:00+00:00,39.141,39.284,39.0,39.24,5618
2026-07-08T10:35:00+00:00,39.14,39.205,39.12,39.12,1414
2026-07-08T10:40:00+00:00,39.13,39.229,39.12,39.217,2297
2026-07-08T10:45:00+00:00,39.15,39.248,39.11,39.17,4129
2026-07-08T10:50:00+00:00,39.15,39.194,39.034,39.034,4783
2026-07-08T10:55:00+00:00,39.05,39.12,39.03,39.06,7618
2026-07-08T11:00:00+00:00,39.063,39.11,38.84,38.85,20564
2026-07-08T11:05:00+00:00,38.9,38.99,38.85,38.876,17887
2026-07-08T11:10:00+00:00,38.89,38.94,38.8,38.878,13573
2026-07-08T11:15:00+00:00,38.85,38.86,38.69,38.73,17210
2026-07-08T11:20:00+00:00,38.73,38.75,38.63,38.66,5612
2026-07-08T11:25:00+00:00,38.7,38.81,38.66,38.67,5379
2026-07-08T11:30:00+00:00,38.71,38.809,38.631,38.806,14182
2026-07-08T11:35:00+00:00,38.86,38.96,38.82,38.84,6874
2026-07-08T11:40:00+00:00,38.92,39.22,38.8,39.21,7943
2026-07-08T11:45:00+00:00,39.12,39.22,39.01,39.05,36730
2026-07-08T11:50:00+00:00,39.126,39.14,39.0,39.03,6579
2026-07-08T11:55:00+00:00,39.03,39.19,39.03,39.058,16710
2026-07-08T12:00:00+00:00,39.08,39.12,38.95,39.12,9421
2026-07-08T12:05:00+00:00,39.1,39.39,39.02,39.39,19518
2026-07-08T12:10:00+00:00,39.39,39.45,39.29,39.37,25842
2026-07-08T12:15:00+00:00,39.38,39.44,39.27,39.364,12042
2026-07-08T12:20:00+00:00,39.42,39.45,39.3,39.337,4042
2026-07-08T12:25:00+00:00,39.3,39.542,39.28,39.488,7714
2026-07-08T12:30:00+00:00,39.486,39.55,39.33,39.44,18333
2026-07-08T12:35:00+00:00,39.42,39.5,39.39,39.49,4996
2026-07-08T12:40:00+00:00,39.5,39.55,39.43,39.476,4728
2026-07-08T12:45:00+00:00,39.47,39.53,39.469,39.51,3258
2026-07-08T12:50:00+00:00,39.51,39.75,39.45,39.74,22557
2026-07-08T12:55:00+00:00,39.74,39.77,39.42,39.42,25674
2026-07-08T13:00:00+00:00,39.42,39.44,39.27,39.35,16121
2026-07-08T13:05:00+00:00,39.4,39.5,39.3,39.5,8697
2026-07-08T13:10:00+00:00,39.47,39.48,39.3,39.48,12062
2026-07-08T13:15:00+00:00,39.41,39.63,39.34,39.589,17992
2026-07-08T13:20:00+00:00,39.586,39.588,39.28,39.37,10450
2026-07-08T13:25:00+00:00,39.36,41.26,39.36,40.76,175018
2026-07-08T13:30:00+00:00,40.74,42.125,40.5,42.06,968650
2026-07-08T13:35:00+00:00,42.06,42.35,41.605,41.81,762815
2026-07-08T13:40:00+00:00,41.818,42.49,41.682,42.36,737094
2026-07-08T13:45:00+00:00,42.34,42.55,41.275,41.28,670247
2026-07-08T13:50:00+00:00,41.275,42.04,41.269,41.855,413947
2026-07-08T13:55:00+00:00,41.855,42.7,41.645,42.52,583857
2026-07-08T14:00:00+00:00,42.5,42.84,42.41,42.515,467755
2026-07-08T14:05:00+00:00,42.48,42.59,42.17,42.28,278159
2026-07-08T14:10:00+00:00,42.26,42.41,41.75,41.87,400533
2026-07-08T14:15:00+00:00,41.85,42.255,41.71,42.105,353196
2026-07-08T14:20:00+00:00,42.103,42.6,42.03,42.08,327586
2026-07-08T14:25:00+00:00,42.09,42.32,41.98,42.19,270523
2026-07-08T14:30:00+00:00,42.18,42.455,42.085,42.305,234498
2026-07-08T14:35:00+00:00,42.28,42.33,41.751,41.782,286204
2026-07-08T14:40:00+00:00,41.78,41.92,41.64,41.9,221780
2026-07-08T14:45:00+00:00,41.89,41.9,41.29,41.31,319880
2026-07-08T14:50:00+00:00,41.285,41.935,41.13,41.78,450442
2026-07-08T14:55:00+00:00,41.78,41.95,41.55,41.68,206691
2026-07-08T15:00:00+00:00,41.685,41.71,41.28,41.285,213474
2026-07-08T15:05:00+00:00,41.28,41.5,41.16,41.18,127919
2026-07-08T15:10:00+00:00,41.191,41.31,40.98,41.02,208487
2026-07-08T15:15:00+00:00,41.02,41.25,40.762,41.19,235171
2026-07-08T15:20:00+00:00,41.185,41.185,40.635,40.725,224616
2026-07-08T15:25:00+00:00,40.72,40.81,40.53,40.74,210926
2026-07-08T15:30:00+00:00,40.73,41.09,40.67,40.988,295845
2026-07-08T15:35:00+00:00,40.97,41.16,40.81,40.87,180291
2026-07-08T15:40:00+00:00,40.86,41.02,40.813,40.89,87323
2026-07-08T15:45:00+00:00,40.89,40.899,40.68,40.87,102992
2026-07-08T15:50:00+00:00,40.86,40.86,40.63,40.74,89236
2026-07-08T15:55:00+00:00,40.77,40.97,40.735,40.875,118479
2026-07-08T16:00:00+00:00,40.89,41.07,40.841,40.96,137353
2026-07-08T16:05:00+00:00,40.97,41.05,40.72,40.85,123100
2026-07-08T16:10:00+00:00,40.87,40.985,40.83,40.87,138697
2026-07-08T16:15:00+00:00,40.88,40.88,40.69,40.775,131538
2026-07-08T16:20:00+00:00,40.8,41.01,40.775,40.81,137754
2026-07-08T16:25:00+00:00,40.81,41.08,40.81,41.0,138422
2026-07-08T16:30:00+00:00,40.99,41.21,40.853,40.865,171979
2026-07-08T16:35:00+00:00,40.86,41.02,40.62,40.8,185214
2026-07-08T16:40:00+00:00,40.8,41.03,40.73,40.92,165311
2026-07-08T16:45:00+00:00,40.925,40.94,40.76,40.795,70249
2026-07-08T16:50:00+00:00,40.81,41.0,40.75,40.876,101080
2026-07-08T16:55:00+00:00,40.86,40.89,40.73,40.76,112028
2026-07-08T17:00:00+00:00,40.75,40.75,40.33,40.46,255184
2026-07-08T17:05:00+00:00,40.455,40.63,40.28,40.57,231638
2026-07-08T17:10:00+00:00,40.56,40.62,40.45,40.459,94205
2026-07-08T17:15:00+00:00,40.457,40.66,40.43,40.59,82993
2026-07-08T17:20:00+00:00,40.595,40.8,40.53,40.775,158094
2026-07-08T17:25:00+00:00,40.76,41.01,40.76,40.987,147459
2026-07-08T17:30:00+00:00,40.99,41.21,40.99,41.14,269249
2026-07-08T17:35:00+00:00,41.13,41.215,41.01,41.1,155231
2026-07-08T17:40:00+00:00,41.095,41.14,40.83,40.835,141471
2026-07-08T17:45:00+00:00,40.823,40.83,40.61,40.64,156077
2026-07-08T17:50:00+00:00,40.64,40.93,40.64,40.795,99535
2026-07-08T17:55:00+00:00,40.79,40.895,40.58,40.815,194963
2026-07-08T18:00:00+00:00,40.81,41.14,40.77,41.08,254914
2026-07-08T18:05:00+00:00,41.085,41.21,41.025,41.205,220185
2026-07-08T18:10:00+00:00,41.19,41.49,41.148,41.41,191126
2026-07-08T18:15:00+00:00,41.435,41.48,41.101,41.11,236023
2026-07-08T18:20:00+00:00,41.12,41.285,41.12,41.17,123713
2026-07-08T18:25:00+00:00,41.19,41.37,41.09,41.28,163089
2026-07-08T18:30:00+00:00,41.27,41.27,41.01,41.055,110756
2026-07-08T18:35:00+00:00,41.06,41.315,41.015,41.295,124496
2026-07-08T18:40:00+00:00,41.31,41.435,41.19,41.4,194117
2026-07-08T18:45:00+00:00,41.4,41.619,41.26,41.569,225542
2026-07-08T18:50:00+00:00,41.56,41.79,41.53,41.54,825817
2026-07-08T18:55:00+00:00,41.53,41.648,41.44,41.648,132809
2026-07-08T19:00:00+00:00,41.645,42.03,41.63,41.945,320186
2026-07-08T19:05:00+00:00,41.94,42.06,41.84,41.99,245705
2026-07-08T19:10:00+00:00,41.99,42.235,41.83,42.155,203750
2026-07-08T19:15:00+00:00,42.16,42.25,42.05,42.13,190093
2026-07-08T19:20:00+00:00,42.145,42.27,42.095,42.255,217684
2026-07-08T19:25:00+00:00,42.265,42.69,42.25,42.66,354247
2026-07-08T19:30:00+00:00,42.66,42.74,42.52,42.655,348678
2026-07-08T19:35:00+00:00,42.65,42.795,42.52,42.675,358230
2026-07-08T19:40:00+00:00,42.673,42.88,42.62,42.845,308165
2026-07-08T19:45:00+00:00,42.845,42.92,42.73,42.85,365750
2026-07-08T19:50:00+00:00,42.85,42.95,42.571,42.713,713949
2026-07-08T19:55:00+00:00,42.715,43.06,42.71,43.005,1016876
2026-07-08T20:00:00+00:00,43.01,43.442,42.83,43.22,51341
2026-07-08T20:05:00+00:00,43.21,43.6,43.16,43.56,113716
2026-07-08T20:10:00+00:00,43.56,43.56,43.005,43.01,50392
2026-07-08T20:15:00+00:00,43.01,43.15,43.01,43.13,45094
2026-07-08T20:20:00+00:00,43.05,43.26,43.05,43.23,81535
2026-07-08T20:25:00+00:00,43.22,43.24,43.16,43.199,7638
2026-07-08T20:30:00+00:00,43.198,43.2,42.99,43.002,17533
2026-07-08T20:35:00+00:00,43.007,43.01,42.76,42.94,12461
2026-07-08T20:40:00+00:00,42.931,43.005,42.84,42.89,12784
2026-07-08T20:45:00+00:00,42.86,42.95,42.75,42.76,6522
2026-07-08T20:50:00+00:00,42.8,42.808,42.65,42.808,12462
2026-07-08T20:55:00+00:00,42.764,42.81,42.69,42.8,2851
2026-07-08T21:00:00+00:00,42.69,42.81,42.6,42.81,4527
2026-07-08T21:05:00+00:00,42.82,42.82,42.7,42.711,4445
2026-07-08T21:10:00+00:00,42.724,42.82,42.71,42.734,15272
2026-07-08T21:15:00+00:00,42.75,42.8,42.72,42.791,8159
2026-07-08T21:20:00+00:00,42.81,42.81,42.72,42.79,2772
2026-07-08T21:25:00+00:00,42.81,42.81,42.75,42.79,2989
2026-07-08T21:30:00+00:00,42.78,42.81,42.75,42.81,4193
2026-07-08T21:35:00+00:00,42.762,42.81,42.75,42.784,1931
2026-07-08T21:40:00+00:00,42.79,42.81,42.78,42.8,508
2026-07-08T21:45:00+00:00,42.81,42.82,42.78,42.79,1064
2026-07-08T21:50:00+00:00,42.79,42.81,42.75,42.78,6486
2026-07-08T21:55:00+00:00,42.77,42.799,42.75,42.79,1958
2026-07-08T22:00:00+00:00,42.787,42.85,42.76,42.85,2127
2026-07-08T22:05:00+00:00,42.83,42.84,42.76,42.799,1612
2026-07-08T22:10:00+00:00,42.796,42.93,42.76,42.86,2777
2026-07-08T22:15:00+00:00,42.93,42.93,42.76,42.82,1648
2026-07-08T22:20:00+00:00,42.888,43.01,42.83,42.885,78298
2026-07-08T22:25:00+00:00,42.89,42.89,42.85,42.851,4071
2026-07-08T22:30:00+00:00,42.869,42.87,42.84,42.87,1255
2026-07-08T22:35:00+00:00,42.853,42.87,42.84,42.87,1643
2026-07-08T22:40:00+00:00,42.87,42.88,42.84,42.841,1262
2026-07-08T22:45:00+00:00,42.867,42.9,42.84,42.84,796
2026-07-08T22:50:00+00:00,42.84,42.9,42.84,42.848,1326
2026-07-08T22:55:00+00:00,42.842,42.85,42.78,42.835,1635
2026-07-08T23:00:00+00:00,42.84,42.85,42.78,42.83,2255
2026-07-08T23:05:00+00:00,42.82,42.9,42.78,42.89,4430
2026-07-08T23:10:00+00:00,42.89,42.99,42.79,42.79,1868
2026-07-08T23:15:00+00:00,42.83,42.88,42.8,42.85,394
2026-07-08T23:20:00+00:00,42.85,42.88,42.8,42.85,2758
2026-07-08T23:25:00+00:00,42.88,42.88,42.83,42.832,680
2026-07-08T23:30:00+00:00,42.831,42.88,42.83,42.86,611
2026-07-08T23:35:00+00:00,42.88,43.11,42.832,43.068,7628
2026-07-08T23:40:00+00:00,43.07,43.2,43.07,43.11,12461
2026-07-08T23:45:00+00:00,43.11,43.2,43.07,43.12,14375
2026-07-08T23:50:00+00:00,43.1,43.2,43.07,43.11,2555
2026-07-08T23:55:00+00:00,43.15,43.15,43.15,43.15,0
2026-07-09T08:00:00+00:00,44.0,44.28,43.29,44.25,85061
2026-07-09T08:05:00+00:00,44.275,44.28,44.2,44.28,3346
2026-07-09T08:10:00+00:00,44.28,44.28,44.07,44.109,6532
2026-07-09T08:15:00+00:00,44.13,44.33,44.103,44.19,3970
2026-07-09T08:20:00+00:00,44.18,44.212,44.092,44.124,7309
2026-07-09T08:25:00+00:00,44.12,44.28,44.12,44.24,4076
2026-07-09T08:30:00+00:00,44.18,44.224,44.08,44.14,3587
2026-07-09T08:35:00+00:00,44.11,44.18,44.11,44.18,7929
2026-07-09T08:40:00+00:00,44.18,44.26,44.15,44.2,1786
2026-07-09T08:45:00+00:00,44.207,44.207,44.03,44.031,3793
2026-07-09T08:50:00+00:00,44.016,44.14,44.0,44.1,4074
2026-07-09T08:55:00+00:00,44.164,44.183,44.053,44.12,2307
2026-07-09T09:00:00+00:00,44.12,44.155,44.01,44.04,2316
2026-07-09T09:05:00+00:00,44.048,44.109,43.9,43.97,3141
2026-07-09T09:10:00+00:00,43.94,44.09,43.94,43.98,1460
2026-07-09T09:15:00+00:00,44.01,44.03,43.94,44.03,889
2026-07-09T09:20:00+00:00,43.99,44.025,43.95,43.96,474
2026-07-09T09:25:00+00:00,43.98,44.07,43.945,44.06,1150
2026-07-09T09:30:00+00:00,44.06,44.22,44.01,44.15,3359
2026-07-09T09:35:00+00:00,44.15,44.19,44.06,44.17,2511
2026-07-09T09:40:00+00:00,44.16,44.17,44.0,44.0,904
2026-07-09T09:45:00+00:00,44.02,44.11,44.02,44.04,2852
2026-07-09T09:50:00+00:00,44.04,44.1,44.04,44.06,1332
2026-07-09T09:55:00+00:00,44.08,44.12,44.055,44.08,1291
2026-07-09T10:00:00+00:00,44.07,44.13,44.052,44.07,838
2026-07-09T10:05:00+00:00,44.14,44.18,44.09,44.14,1336
2026-07-09T10:10:00+00:00,44.15,44.23,44.14,44.16,2077
2026-07-09T10:15:00+00:00,44.2,44.27,44.18,44.26,1452
2026-07-09T10:20:00+00:00,44.27,44.306,44.238,44.24,3948
2026-07-09T10:25:00+00:00,44.296,44.296,44.2,44.26,2046
2026-07-09T10:30:00+00:00,44.25,44.3,44.18,44.21,2236
2026-07-09T10:35:00+00:00,44.21,44.4,44.17,44.36,8761
2026-07-09T10:40:00+00:00,44.35,44.38,44.14,44.14,9069
2026-07-09T10:45:00+00:00,44.17,44.17,43.95,43.95,3468
2026-07-09T10:50:00+00:00,43.93,43.99,43.83,43.88,7254
2026-07-09T10:55:00+00:00,43.91,43.97,43.83,43.9,1902
2026-07-09T11:00:00+00:00,43.945,44.05,43.86,44.004,15408
2026-07-09T11:05:00+00:00,44.007,44.05,43.7,43.732,16879
2026-07-09T11:10:00+00:00,43.76,43.91,43.728,43.85,16830
2026-07-09T11:15:00+00:00,43.86,43.91,43.76,43.78,5340
2026-07-09T11:20:00+00:00,43.85,44.12,43.78,43.99,24090
2026-07-09T11:25:00+00:00,44.0,44.4,43.974,44.107,25263
2026-07-09T11:30:00+00:00,44.1,44.87,44.0,44.73,39246
2026-07-09T11:35:00+00:00,44.74,44.97,44.58,44.937,69157
2026-07-09T11:40:00+00:00,44.93,45.1,44.88,44.958,62087
2026-07-09T11:45:00+00:00,44.96,45.09,44.86,44.97,43804
2026-07-09T11:50:00+00:00,44.9,44.99,44.76,44.83,20420
2026-07-09T11:55:00+00:00,44.8,45.05,44.76,44.79,53699
2026-07-09T12:00:00+00:00,44.79,44.88,44.77,44.81,26122
2026-07-09T12:05:00+00:00,44.82,44.95,44.7,44.86,14633
2026-07-09T12:10:00+00:00,44.87,44.96,44.81,44.82,14119
2026-07-09T12:15:00+00:00,44.82,44.83,44.7,44.8,22004
2026-07-09T12:20:00+00:00,44.772,44.913,44.75,44.86,15841
2026-07-09T12:25:00+00:00,44.9,44.94,44.81,44.86,19185
2026-07-09T12:30:00+00:00,44.86,44.98,44.8,44.87,19947
2026-07-09T12:35:00+00:00,44.88,44.98,44.86,44.91,12170
2026-07-09T12:40:00+00:00,44.94,44.94,44.7,44.74,19292
2026-07-09T12:45:00+00:00,44.74,44.78,44.66,44.75,29988
2026-07-09T12:50:00+00:00,44.77,44.82,44.728,44.81,6086
2026-07-09T12:55:00+00:00,44.84,44.88,44.735,44.74,23374
2026-07-09T13:00:00+00:00,44.75,44.87,44.72,44.84,15157
2026-07-09T13:05:00+00:00,44.817,44.95,44.8,44.81,15064
2026-07-09T13:10:00+00:00,44.81,45.1,44.78,44.98,20451
2026-07-09T13:15:00+00:00,45.0,45.03,44.9,44.919,31887
2026-07-09T13:20:00+00:00,44.92,45.0,44.82,44.89,25629
2026-07-09T13:25:00+00:00,44.89,45.03,44.42,44.55,41690
2026-07-09T13:30:00+00:00,44.495,45.54,44.02,44.09,1118419
2026-07-09T13:35:00+00:00,44.03,44.27,43.85,44.25,883226
2026-07-09T13:40:00+00:00,44.25,44.31,43.65,44.125,557847
2026-07-09T13:45:00+00:00,44.11,44.125,43.07,43.56,675856
2026-07-09T13:50:00+00:00,43.57,44.21,43.45,43.79,534373
2026-07-09T13:55:00+00:00,43.804,43.92,43.51,43.895,383408
2026-07-09T14:00:00+00:00,43.91,44.03,43.37,43.57,443608
2026-07-09T14:05:00+00:00,43.565,43.71,43.02,43.2,603130
2026-07-09T14:10:00+00:00,43.21,43.25,42.87,43.02,562985
2026-07-09T14:15:00+00:00,43.01,43.01,42.475,42.59,563021
2026-07-09T14:20:00+00:00,42.61,42.655,42.145,42.625,623616
2026-07-09T14:25:00+00:00,42.62,42.98,42.55,42.81,441747
2026-07-09T14:30:00+00:00,42.8,42.8,42.32,42.49,410241
2026-07-09T14:35:00+00:00,42.486,42.69,42.39,42.66,369601
2026-07-09T14:40:00+00:00,42.67,42.93,42.55,42.65,315628
2026-07-09T14:45:00+00:00,42.66,43.07,42.66,42.91,336157
2026-07-09T14:50:00+00:00,42.9,42.98,42.63,42.965,232795
2026-07-09T14:55:00+00:00,42.965,43.07,42.83,42.88,319976
2026-07-09T15:00:00+00:00,42.9,43.09,42.87,43.01,352305
2026-07-09T15:05:00+00:00,43.005,43.25,42.95,43.12,400871
2026-07-09T15:10:00+00:00,43.13,43.15,42.82,42.82,211212
2026-07-09T15:15:00+00:00,42.8,42.95,42.7,42.81,197383
2026-07-09T15:20:00+00:00,42.8,43.02,42.69,42.99,208353
2026-07-09T15:25:00+00:00,43.0,43.15,42.97,43.09,319423
2026-07-09T15:30:00+00:00,43.091,43.16,42.9,42.99,711305
2026-07-09T15:35:00+00:00,42.98,43.035,42.87,42.91,134382
2026-07-09T15:40:00+00:00,42.92,43.39,42.86,43.34,290019
2026-07-09T15:45:00+00:00,43.36,43.41,43.091,43.26,232481
2026-07-09T15:50:00+00:00,43.27,43.3,43.05,43.06,174176
2026-07-09T15:55:00+00:00,43.05,43.42,43.0,43.27,332277
2026-07-09T16:00:00+00:00,43.28,43.48,43.02,43.03,357699
2026-07-09T16:05:00+00:00,43.04,43.18,43.002,43.155,159648
2026-07-09T16:10:00+00:00,43.155,43.18,42.73,42.73,359130
2026-07-09T16:15:00+00:00,42.72,42.83,42.655,42.72,243641
2026-07-09T16:20:00+00:00,42.71,42.79,42.59,42.74,192354
2026-07-09T16:25:00+00:00,42.74,42.86,42.69,42.829,224343
2026-07-09T16:30:00+00:00,42.81,42.895,42.67,42.693,203961
2026-07-09T16:35:00+00:00,42.66,42.69,42.44,42.67,360471
2026-07-09T16:40:00+00:00,42.675,42.74,42.57,42.61,150308
2026-07-09T16:45:00+00:00,42.61,42.66,42.45,42.65,305042
2026-07-09T16:50:00+00:00,42.64,42.8,42.571,42.78,128919
2026-07-09T16:55:00+00:00,42.78,42.835,42.63,42.65,106989
2026-07-09T17:00:00+00:00,42.66,42.8,42.66,42.72,197767
2026-07-09T17:05:00+00:00,42.68,42.79,42.63,42.74,119040
2026-07-09T17:10:00+00:00,42.74,42.87,42.7,42.85,104107
2026-07-09T17:15:00+00:00,42.86,42.91,42.76,42.9,116175
2026-07-09T17:20:00+00:00,42.91,42.98,42.86,42.925,130600
2026-07-09T17:25:00+00:00,42.92,42.93,42.76,42.865,100092
2026-07-09T17:30:00+00:00,42.86,42.92,42.66,42.665,141627
2026-07-09T17:35:00+00:00,42.68,42.795,42.64,42.78,94998
2026-07-09T17:40:00+00:00,42.77,42.87,42.665,42.665,107410
2026-07-09T17:45:00+00:00,42.67,42.815,42.67,42.795,88552
2026-07-09T17:50:00+00:00,42.8,42.905,42.64,42.65,177009
2026-07-09T17:55:00+00:00,42.64,42.71,42.405,42.475,241376
2026-07-09T18:00:00+00:00,42.473,42.626,42.42,42.565,162834
2026-07-09T18:05:00+00:00,42.565,42.885,42.557,42.845,246883
2026-07-09T18:10:00+00:00,42.83,42.955,42.7,42.77,178851
2026-07-09T18:15:00+00:00,42.75,42.83,42.66,42.7,128032
2026-07-09T18:20:00+00:00,42.7,42.7,42.52,42.65,122566
2026-07-09T18:25:00+00:00,42.655,42.82,42.63,42.81,124884
2026-07-09T18:30:00+00:00,42.81,42.88,42.79,42.87,132188
2026-07-09T18:35:00+00:00,42.86,42.925,42.8,42.834,116568
2026-07-09T18:40:00+00:00,42.8,43.06,42.77,42.97,161455
2026-07-09T18:45:00+00:00,42.97,43.25,42.94,43.1,218819
2026-07-09T18:50:00+00:00,43.1,43.135,42.96,42.96,190100
2026-07-09T18:55:00+00:00,42.955,42.955,42.8,42.82,129813
2026-07-09T19:00:00+00:00,42.84,42.98,42.74,42.74,137011
2026-07-09T19:05:00+00:00,42.73,42.8,42.63,42.725,130769
2026-07-09T19:10:00+00:00,42.715,42.805,42.64,42.69,145595
2026-07-09T19:15:00+00:00,42.69,42.77,42.61,42.705,167089
2026-07-09T19:20:00+00:00,42.7,42.72,42.56,42.62,142752
2026-07-09T19:25:00+00:00,42.61,42.627,42.53,42.56,144956
2026-07-09T19:30:00+00:00,42.56,42.573,42.37,42.43,189266
2026-07-09T19:35:00+00:00,42.43,42.53,42.39,42.51,226897
2026-07-09T19:40:00+00:00,42.52,42.53,42.23,42.24,205435
2026-07-09T19:45:00+00:00,42.242,42.35,41.95,42.03,354337
2026-07-09T19:50:00+00:00,42.03,42.05,41.63,41.63,617262
2026-07-09T19:55:00+00:00,41.63,41.905,41.58,41.72,1329501
2026-07-09T20:00:00+00:00,41.72,41.92,41.7,41.78,82522
2026-07-09T20:05:00+00:00,41.761,41.94,41.73,41.82,570049
2026-07-09T20:10:00+00:00,41.88,42.0,41.72,41.88,12629
2026-07-09T20:15:00+00:00,41.88,41.93,41.81,41.87,34124
2026-07-09T20:20:00+00:00,41.86,41.89,41.81,41.825,8150
2026-07-09T20:25:00+00:00,41.82,41.88,41.81,41.83,4017
2026-07-09T20:30:00+00:00,41.83,41.99,41.72,41.95,7584
2026-07-09T20:35:00+00:00,41.98,41.98,41.9,41.96,3581
2026-07-09T20:40:00+00:00,41.95,41.99,41.91,41.95,13270
2026-07-09T20:45:00+00:00,41.95,42.0,41.91,41.999,2481
2026-07-09T20:50:00+00:00,41.979,42.0,41.95,41.99,3687
2026-07-09T20:55:00+00:00,41.99,42.0,41.92,41.925,6175
2026-07-09T21:00:00+00:00,41.959,42.0,41.92,41.97,1529
2026-07-09T21:05:00+00:00,42.0,42.0,41.94,41.99,9957
2026-07-09T21:10:00+00:00,41.98,41.99,41.96,41.99,1606
2026-07-09T21:15:00+00:00,41.99,42.04,41.98,42.04,5498
2026-07-09T21:20:00+00:00,42.03,42.1,42.0,42.07,6323
2026-07-09T21:25:00+00:00,42.07,42.09,42.01,42.011,6190
2026-07-09T21:30:00+00:00,42.0,42.04,42.0,42.04,5196
2026-07-09T21:35:00+00:00,42.032,42.04,42.02,42.03,1146
2026-07-09T21:40:00+00:00,42.03,42.03,42.0,42.017,2776
2026-07-09T21:45:00+00:00,42.0,42.02,41.93,42.0,3939
2026-07-09T21:50:00+00:00,41.93,41.99,41.93,41.954,1843
2026-07-09T21:55:00+00:00,41.96,41.98,41.72,41.95,706100
2026-07-09T22:00:00+00:00,41.979,42.03,41.95,42.026,2725
2026-07-09T22:05:00+00:00,42.03,42.08,42.0,42.05,6939
2026-07-09T22:10:00+00:00,42.05,42.08,42.0,42.05,5252
2026-07-09T22:15:00+00:00,42.06,42.17,42.05,42.138,11347
2026-07-09T22:20:00+00:00,42.11,42.15,42.0,42.09,3162
2026-07-09T22:25:00+00:00,42.1,42.14,42.04,42.14,1018
2026-07-09T22:30:00+00:00,42.09,42.14,42.041,42.13,467
2026-07-09T22:35:00+00:00,42.14,42.14,42.04,42.08,3081
2026-07-09T22:40:00+00:00,42.079,42.08,42.01,42.04,5051
2026-07-09T22:45:00+00:00,42.04,42.12,42.03,42.1,4735
2026-07-09T22:50:00+00:00,42.12,42.12,42.05,42.089,4572
2026-07-09T22:55:00+00:00,42.08,42.1,42.05,42.05,5750
2026-07-09T23:00:00+00:00,42.0,42.1,42.0,42.06,3647
2026-07-09T23:05:00+00:00,42.025,42.07,42.025,42.055,4370
2026-07-09T23:10:00+00:00,42.06,42.08,42.0,42.0,3853
2026-07-09T23:15:00+00:00,42.045,42.05,42.02,42.05,1790
2026-07-09T23:20:00+00:00,42.02,42.05,42.02,42.05,1329
2026-07-09T23:25:00+00:00,42.08,42.1,42.08,42.096,2786
2026-07-09T23:30:00+00:00,42.091,42.1,42.055,42.06,1576
2026-07-09T23:35:00+00:00,42.08,42.1,42.05,42.1,4715
2026-07-09T23:40:00+00:00,42.08,42.11,42.07,42.11,1657
2026-07-09T23:45:00+00:00,42.11,42.15,42.03,42.074,11238
2026-07-09T23:50:00+00:00,42.04,42.1,42.01,42.098,2588
2026-07-09T23:55:00+00:00,42.19,42.19,42.19,42.19,0
2026-07-10T08:00:00+00:00,41.3,42.255,41.3,41.92,33572
2026-07-10T08:05:00+00:00,41.93,42.24,41.89,41.92,5204
2026-07-10T08:10:00+00:00,41.92,42.01,41.92,41.97,1170
2026-07-10T08:15:00+00:00,41.946,42.0,41.946,41.97,1536
2026-07-10T08:20:00+00:00,41.97,41.97,41.768,41.84,3370
2026-07-10T08:25:00+00:00,41.82,41.95,41.78,41.817,1020
2026-07-10T08:30:00+00:00,41.85,41.87,41.805,41.841,563
2026-07-10T08:35:00+00:00,41.85,41.94,41.85,41.93,549
2026-07-10T08:40:00+00:00,41.9,41.996,41.9,41.996,353
2026-07-10T08:45:00+00:00,41.99,42.01,41.95,41.97,1294
2026-07-10T08:50:00+00:00,41.93,41.96,41.93,41.94,448
2026-07-10T08:55:00+00:00,41.93,41.96,41.9,41.903,550
2026-07-10T09:00:00+00:00,41.95,41.954,41.82,41.954,3050
2026-07-10T09:05:00+00:00,41.95,41.95,41.88,41.92,410
2026-07-10T09:10:00+00:00,41.903,41.949,41.903,41.949,649
2026-07-10T09:15:00+00:00,41.94,42.079,41.92,42.047,1509
2026-07-10T09:20:00+00:00,42.01,42.16,42.01,42.09,2074
2026-07-10T09:25:00+00:00,42.156,42.19,42.11,42.162,701
2026-07-10T09:30:00+00:00,42.162,42.248,42.162,42.184,492
2026-07-10T09:35:00+00:00,42.22,42.37,42.18,42.36,1807
2026-07-10T09:40:00+00:00,42.36,42.45,42.34,42.45,2666
2026-07-10T09:45:00+00:00,42.42,42.475,42.395,42.395,2326
2026-07-10T09:50:00+00:00,42.44,42.49,42.36,42.49,23517
2026-07-10T09:55:00+00:00,42.49,42.49,42.4,42.41,3138
2026-07-10T10:00:00+00:00,42.46,42.6,42.46,42.5,5118
2026-07-10T10:05:00+00:00,42.56,42.563,42.46,42.52,825
2026-07-10T10:10:00+00:00,42.51,42.51,42.425,42.44,1255
2026-07-10T10:15:00+00:00,42.44,42.5,42.371,42.38,2527
2026-07-10T10:20:00+00:00,42.37,42.39,42.3,42.33,1351
2026-07-10T10:25:00+00:00,42.333,42.39,42.33,42.35,2468
2026-07-10T10:30:00+00:00,42.39,42.49,42.38,42.4,759
2026-07-10T10:35:00+00:00,42.4,42.46,42.365,42.45,2478
2026-07-10T10:40:00+00:00,42.445,42.45,42.37,42.43,474
2026-07-10T10:45:00+00:00,42.4,42.43,42.37,42.39,507
2026-07-10T10:50:00+00:00,42.38,42.458,42.34,42.34,1291
2026-07-10T10:55:00+00:00,42.33,42.434,42.33,42.39,408
2026-07-10T11:00:00+00:00,42.37,42.65,42.33,42.568,16946
2026-07-10T11:05:00+00:00,42.56,42.57,42.47,42.57,7392
2026-07-10T11:10:00+00:00,42.58,42.65,42.551,42.6,3961
2026-07-10T11:15:00+00:00,42.62,42.65,42.58,42.599,9540
2026-07-10T11:20:00+00:00,42.599,42.68,42.59,42.68,3789
2026-07-10T11:25:00+00:00,42.69,42.7,42.5,42.559,8191
2026-07-10T11:30:00+00:00,42.53,42.56,42.41,42.49,6811
2026-07-10T11:35:00+00:00,42.43,42.48,42.302,42.302,14294
2026-07-10T11:40:00+00:00,42.3,42.41,42.3,42.38,4178
2026-07-10T11:45:00+00:00,42.363,42.52,42.363,42.473,7574
2026-07-10T11:50:00+00:00,42.41,42.51,42.36,42.435,5322
2026-07-10T11:55:00+00:00,42.4,42.55,42.39,42.45,26295
2026-07-10T12:00:00+00:00,42.46,42.52,42.31,42.34,6165
2026-07-10T12:05:00+00:00,42.3,42.35,42.2,42.3,18901
2026-07-10T12:10:00+00:00,42.29,42.66,42.222,42.532,17674
2026-07-10T12:15:00+00:00,42.527,42.54,42.307,42.307,9657
2026-07-10T12:20:00+00:00,42.33,42.38,42.25,42.35,9135
2026-07-10T12:25:00+00:00,42.339,42.41,42.3,42.31,2306
2026-07-10T12:30:00+00:00,42.352,42.4,42.28,42.319,4132
2026-07-10T12:35:00+00:00,42.3,42.47,42.28,42.45,4800
2026-07-10T12:40:00+00:00,42.43,42.47,42.34,42.396,3168
2026-07-10T12:45:00+00:00,42.32,42.4,42.28,42.298,6379
2026-07-10T12:50:00+00:00,42.298,42.32,42.18,42.18,3052
2026-07-10T12:55:00+00:00,42.18,42.24,42.1,42.1,10925
2026-07-10T13:00:00+00:00,42.1,42.12,41.95,42.01,10587
2026-07-10T13:05:00+00:00,42.02,42.14,41.96,41.97,182785
2026-07-10T13:10:00+00:00,41.96,41.98,41.84,41.92,98842
2026-07-10T13:15:00+00:00,41.92,42.02,41.85,41.99,6046
2026-07-10T13:20:00+00:00,41.96,42.08,41.96,42.03,343796
2026-07-10T13:25:00+00:00,42.02,42.6,41.9,42.57,31775
2026-07-10T13:30:00+00:00,42.61,42.61,41.34,41.98,550681
2026-07-10T13:35:00+00:00,41.96,42.065,41.35,41.38,321693
2026-07-10T13:40:00+00:00,41.387,41.39,40.92,41.0,386111
2026-07-10T13:45:00+00:00,41.02,41.25,40.83,41.08,477867
2026-07-10T13:50:00+00:00,41.08,41.1,40.61,40.625,440703
2026-07-10T13:55:00+00:00,40.675,40.88,40.471,40.8,346132
2026-07-10T14:00:00+00:00,40.77,41.08,40.55,40.87,356691
2026-07-10T14:05:00+00:00,40.88,41.23,40.79,41.16,282795
2026-07-10T14:10:00+00:00,41.13,41.4,40.92,41.13,215427
2026-07-10T14:15:00+00:00,41.12,41.14,40.74,40.81,280316
2026-07-10T14:20:00+00:00,40.82,40.88,40.62,40.745,245920
2026-07-10T14:25:00+00:00,40.735,40.86,40.55,40.721,235511
2026-07-10T14:30:00+00:00,40.72,41.03,40.18,40.64,421863
2026-07-10T14:35:00+00:00,40.63,40.69,40.301,40.45,174528
2026-07-10T14:40:00+00:00,40.46,40.6,40.31,40.58,150113
2026-07-10T14:45:00+00:00,40.56,40.71,40.41,40.65,135277
2026-07-10T14:50:00+00:00,40.67,40.67,40.39,40.43,159897
2026-07-10T14:55:00+00:00,40.42,40.42,39.965,40.14,445542
2026-07-10T15:00:00+00:00,40.16,40.2,40.027,40.07,186599
2026-07-10T15:05:00+00:00,40.086,40.4,39.99,40.305,220225
2026-07-10T15:10:00+00:00,40.3,40.45,40.28,40.3,263945
2026-07-10T15:15:00+00:00,40.31,40.915,40.31,40.62,338213
2026-07-10T15:20:00+00:00,40.63,40.89,40.6,40.86,578936
2026-07-10T15:25:00+00:00,40.87,41.08,40.84,41.072,254350
2026-07-10T15:30:00+00:00,41.06,41.12,40.84,40.89,198084
2026-07-10T15:35:00+00:00,40.87,40.87,40.495,40.53,154176
2026-07-10T15:40:00+00:00,40.54,40.62,40.4,40.53,142990
2026-07-10T15:45:00+00:00,40.54,40.62,40.46,40.59,136158
2026-07-10T15:50:00+00:00,40.58,40.73,40.44,40.71,109990
2026-07-10T15:55:00+00:00,40.7,40.75,40.57,40.655,121917
2026-07-10T16:00:00+00:00,40.67,40.72,40.52,40.64,160744
2026-07-10T16:05:00+00:00,40.64,40.71,40.58,40.7,105648
2026-07-10T16:10:00+00:00,40.71,40.844,40.67,40.745,118519
2026-07-10T16:15:00+00:00,40.75,41.135,40.75,41.065,234657
2026-07-10T16:20:00+00:00,41.08,41.11,40.93,40.995,195385
2026-07-10T16:25:00+00:00,41.01,41.16,40.97,41.1,103785
2026-07-10T16:30:00+00:00,41.11,41.69,41.11,41.67,319284
2026-07-10T16:35:00+00:00,41.68,41.9,41.65,41.88,288421
2026-07-10T16:40:00+00:00,41.86,42.01,41.822,41.945,218182
2026-07-10T16:45:00+00:00,41.96,42.315,41.85,42.177,263838
2026-07-10T16:50:00+00:00,42.18,42.52,42.18,42.378,389224
2026-07-10T16:55:00+00:00,42.38,42.45,42.245,42.39,235278
2026-07-10T17:00:00+00:00,42.39,42.52,42.21,42.405,229488
2026-07-10T17:05:00+00:00,42.41,42.42,42.13,42.2,205045
2026-07-10T17:10:00+00:00,42.21,42.23,41.9,41.98,239624
2026-07-10T17:15:00+00:00,41.98,42.24,41.97,42.17,161612
2026-07-10T17:20:00+00:00,42.17,42.2,42.03,42.18,143818
2026-07-10T17:25:00+00:00,42.19,42.32,42.19,42.31,135901
2026-07-10T17:30:00+00:00,42.31,42.38,42.124,42.23,130087
2026-07-10T17:35:00+00:00,42.23,42.29,42.08,42.13,72290
2026-07-10T17:40:00+00:00,42.13,42.3,42.12,42.26,59453
2026-07-10T17:45:00+00:00,42.27,42.43,42.2,42.42,81583
2026-07-10T17:50:00+00:00,42.437,42.47,42.11,42.17,153097
2026-07-10T17:55:00+00:00,42.16,42.168,41.95,42.02,181982
2026-07-10T18:00:00+00:00,42.03,42.16,41.965,42.15,91581
2026-07-10T18:05:00+00:00,42.14,42.32,42.135,42.16,97568
2026-07-10T18:10:00+00:00,42.175,42.22,42.04,42.07,168304
2026-07-10T18:15:00+00:00,42.07,42.11,41.96,42.03,90794
2026-07-10T18:20:00+00:00,42.04,42.11,41.99,42.07,55499
2026-07-10T18:25:00+00:00,42.07,42.125,42.04,42.11,70470
2026-07-10T18:30:00+00:00,42.11,42.21,42.1,42.19,68542
2026-07-10T18:35:00+00:00,42.2,42.25,42.005,42.119,122908
2026-07-10T18:40:00+00:00,42.12,42.15,42.01,42.02,70824
2026-07-10T18:45:00+00:00,42.02,42.065,41.78,41.79,221130
2026-07-10T18:50:00+00:00,41.8,41.92,41.73,41.87,151828
2026-07-10T18:55:00+00:00,41.861,41.92,41.71,41.8,154576
2026-07-10T19:00:00+00:00,41.81,41.92,41.76,41.9,98185
2026-07-10T19:05:00+00:00,41.89,41.945,41.79,41.84,99424
2026-07-10T19:10:00+00:00,41.85,41.85,41.66,41.72,121064
2026-07-10T19:15:00+00:00,41.71,41.71,41.57,41.58,146774
2026-07-10T19:20:00+00:00,41.58,41.63,41.47,41.61,138434
2026-07-10T19:25:00+00:00,41.612,41.69,41.52,41.585,117948
2026-07-10T19:30:00+00:00,41.58,41.7,41.493,41.57,166582
2026-07-10T19:35:00+00:00,41.52,41.54,41.41,41.41,169175
2026-07-10T19:40:00+00:00,41.41,41.675,41.38,41.575,199402
2026-07-10T19:45:00+00:00,41.575,41.62,41.4,41.41,230700
2026-07-10T19:50:00+00:00,41.42,41.44,41.22,41.37,329447
2026-07-10T19:55:00+00:00,41.35,41.57,41.07,41.14,827971
2026-07-10T20:00:00+00:00,41.14,41.21,40.75,40.87,65148
2026-07-10T20:05:00+00:00,40.87,40.94,40.71,40.85,85818
2026-07-10T20:10:00+00:00,40.85,41.14,40.8,40.838,20025
2026-07-10T20:15:00+00:00,40.84,40.87,40.82,40.868,7295
2026-07-10T20:20:00+00:00,40.87,40.87,40.86,40.868,66854
2026-07-10T20:25:00+00:00,40.87,40.93,40.85,40.901,28402
2026-07-10T20:30:00+00:00,40.91,41.14,40.871,40.93,41121
2026-07-10T20:35:00+00:00,40.93,40.98,40.87,40.88,32168
2026-07-10T20:40:00+00:00,40.88,40.95,40.8,40.95,4387
2026-07-10T20:45:00+00:00,40.92,40.95,40.85,40.93,6454
2026-07-10T20:50:00+00:00,40.94,40.99,40.915,40.98,2926
2026-07-10T20:55:00+00:00,40.95,40.99,40.9,40.964,27964
2026-07-10T21:00:00+00:00,40.93,40.97,40.91,40.969,1556
2026-07-10T21:05:00+00:00,40.96,40.97,40.91,40.95,1791
2026-07-10T21:10:00+00:00,40.92,40.97,40.9,40.95,2516
2026-07-10T21:15:00+00:00,40.95,40.97,40.91,40.966,8548
2026-07-10T21:20:00+00:00,40.91,41.0,40.91,41.0,1008
2026-07-10T21:25:00+00:00,41.0,41.05,40.96,41.03,1450
2026-07-10T21:30:00+00:00,41.05,41.05,40.96,40.968,3673
2026-07-10T21:35:00+00:00,41.015,41.02,40.98,40.991,279
2026-07-10T21:40:00+00:00,41.02,41.05,40.98,41.049,998
2026-07-10T21:45:00+00:00,41.046,41.08,40.93,41.05,4146
2026-07-10T21:50:00+00:00,41.03,41.04,41.0,41.03,1003
2026-07-10T21:55:00+00:00,41.03,41.03,40.95,40.96,3630
2026-07-10T22:00:00+00:00,41.029,41.07,40.95,41.03,644
2026-07-10T22:05:00+00:00,41.028,41.08,40.95,41.0,1245
2026-07-10T22:10:00+00:00,40.95,41.079,40.95,41.0,1174
2026-07-10T22:15:00+00:00,41.0,41.05,40.98,41.05,3312
2026-07-10T22:20:00+00:00,41.02,41.05,41.0,41.0,1426
2026-07-10T22:25:00+00:00,41.044,41.05,40.98,41.0,1033
2026-07-10T22:30:00+00:00,40.98,41.05,40.98,41.0,1564
2026-07-10T22:35:00+00:00,41.05,41.14,40.981,40.981,57557
2026-07-10T22:40:00+00:00,40.98,41.0,40.93,40.93,15860
2026-07-10T22:45:00+00:00,40.93,40.93,40.9,40.93,8659
2026-07-10T22:50:00+00:00,40.91,41.0,40.91,41.0,3092
2026-07-10T22:55:00+00:00,41.0,41.0,40.98,41.0,1814
2026-07-10T23:00:00+00:00,41.0,41.0,40.953,40.953,3361
2026-07-10T23:05:00+00:00,40.96,41.0,40.95,40.956,3374
2026-07-10T23:10:00+00:00,40.99,41.0,40.89,40.91,2011
2026-07-10T23:15:00+00:00,40.91,41.0,40.9,41.0,2331
2026-07-10T23:20:00+00:00,40.986,41.0,40.9,40.98,1144
2026-07-10T23:25:00+00:00,40.945,41.0,40.92,40.98,834
2026-07-10T23:30:00+00:00,40.946,40.96,40.93,40.951,13955
2026-07-10T23:35:00+00:00,40.95,40.96,40.9,40.949,2197
2026-07-10T23:40:00+00:00,40.95,41.0,40.9,40.965,1215
2026-07-10T23:45:00+00:00,40.9,41.0,40.75,40.8,8199
2026-07-10T23:50:00+00:00,40.76,40.89,40.69,40.889,5294
2026-07-10T23:55:00+00:00,40.829,40.829,40.829,40.829,0
2026-07-13T08:00:00+00:00,38.76,40.485,38.76,40.076,47364
2026-07-13T08:05:00+00:00,40.07,40.26,39.68,40.166,10530
2026-07-13T08:10:00+00:00,40.17,40.19,40.028,40.1,3157
2026-07-13T08:15:00+00:00,40.19,40.47,40.18,40.45,4753
2026-07-13T08:20:00+00:00,40.45,40.5,40.39,40.43,7487
2026-07-13T08:25:00+00:00,40.4,40.44,40.37,40.4,3352
2026-07-13T08:30:00+00:00,40.42,40.42,40.36,40.398,662
2026-07-13T08:35:00+00:00,40.35,40.35,40.2,40.277,4123
2026-07-13T08:40:00+00:00,40.28,40.4,40.28,40.36,833
2026-07-13T08:45:00+00:00,40.36,40.384,40.29,40.36,541
2026-07-13T08:50:00+00:00,40.32,40.43,40.32,40.35,1373
2026-07-13T08:55:00+00:00,40.36,40.41,40.33,40.37,2232
2026-07-13T09:00:00+00:00,40.392,40.4,40.34,40.37,645
2026-07-13T09:05:00+00:00,40.35,40.4,40.334,40.35,1702
2026-07-13T09:10:00+00:00,40.361,40.4,40.33,40.342,888
2026-07-13T09:15:00+00:00,40.347,40.497,40.347,40.497,3359
2026-07-13T09:20:00+00:00,40.43,40.48,40.39,40.4,1283
2026-07-13T09:25:00+00:00,40.48,40.481,40.395,40.48,575
2026-07-13T09:30:00+00:00,40.462,40.478,40.43,40.46,906
2026-07-13T09:35:00+00:00,40.429,40.48,40.42,40.46,2207
2026-07-13T09:40:00+00:00,40.46,40.47,40.402,40.44,2542
2026-07-13T09:45:00+00:00,40.45,40.48,40.44,40.48,5123
2026-07-13T09:50:00+00:00,40.45,40.464,40.44,40.44,249
2026-07-13T09:55:00+00:00,40.45,40.564,40.43,40.55,15430
2026-07-13T10:00:00+00:00,40.55,40.69,40.54,40.633,15273
2026-07-13T10:05:00+00:00,40.63,40.69,40.54,40.55,5689
2026-07-13T10:10:00+00:00,40.55,40.55,40.46,40.48,17246
2026-07-13T10:15:00+00:00,40.48,40.5,40.48,40.49,131
2026-07-13T10:20:00+00:00,40.522,40.55,40.456,40.5,360
2026-07-13T10:25:00+00:00,40.466,40.505,40.4,40.405,6923
2026-07-13T10:30:00+00:00,40.413,40.47,40.4,40.47,283
2026-07-13T10:35:00+00:00,40.48,40.48,40.39,40.474,4962
2026-07-13T10:40:00+00:00,40.47,40.47,40.398,40.42,167
2026-07-13T10:45:00+00:00,40.39,40.439,40.39,40.4,1754
2026-07-13T10:50:00+00:00,40.45,40.45,40.306,40.36,5492
2026-07-13T10:55:00+00:00,40.36,40.413,40.245,40.35,8257
2026-07-13T11:00:00+00:00,40.39,40.48,40.28,40.41,9438
2026-07-13T11:05:00+00:00,40.4,40.55,40.36,40.36,4701
2026-07-13T11:10:00+00:00,40.51,40.53,40.32,40.39,7558
2026-07-13T11:15:00+00:00,40.39,40.41,40.28,40.28,3838
2026-07-13T11:20:00+00:00,40.31,40.42,40.24,40.382,879
2026-07-13T11:25:00+00:00,40.32,40.4,40.24,40.313,1928
2026-07-13T11:30:00+00:00,40.33,40.374,40.25,40.26,1442
2026-07-13T11:35:00+00:00,40.26,40.35,40.22,40.27,2609
2026-07-13T11:40:00+00:00,40.25,40.28,40.21,40.25,9926
2026-07-13T11:45:00+00:00,40.23,40.28,40.21,40.26,2223
2026-07-13T11:50:00+00:00,40.251,40.27,40.11,40.15,5986
2026-07-13T11:55:00+00:00,40.12,40.17,40.1,40.138,4438
2026-07-13T12:00:00+00:00,40.15,40.17,40.1,40.12,3571
2026-07-13T12:05:00+00:00,40.111,40.111,39.9,39.919,26703
2026-07-13T12:10:00+00:00,39.917,40.07,39.917,40.04,19364
2026-07-13T12:15:00+00:00,40.05,40.06,39.93,40.0,5097
2026-07-13T12:20:00+00:00,39.986,40.0,39.9,39.92,16305
2026-07-13T12:25:00+00:00,39.92,39.94,39.85,39.876,14917
2026-07-13T12:30:00+00:00,39.909,39.96,39.78,39.85,8986
2026-07-13T12:35:00+00:00,39.895,39.96,39.81,39.95,5583
2026-07-13T12:40:00+00:00,39.91,39.99,39.91,39.98,4576
2026-07-13T12:45:00+00:00,39.95,40.08,39.95,40.08,7969
2026-07-13T12:50:00+00:00,40.08,40.08,40.011,40.06,3235
2026-07-13T12:55:00+00:00,40.031,40.15,40.03,40.101,9676
2026-07-13T13:00:00+00:00,40.13,40.19,40.034,40.07,3303
2026-07-13T13:05:00+00:00,40.12,40.14,40.0,40.0,10227
2026-07-13T13:10:00+00:00,40.02,40.054,39.9,39.981,7126
2026-07-13T13:15:00+00:00,39.96,39.98,39.87,39.93,7548
2026-07-13T13:20:00+00:00,39.91,39.91,39.78,39.816,26652
2026-07-13T13:25:00+00:00,39.85,40.5,39.66,40.43,64749
2026-07-13T13:30:00+00:00,40.34,41.82,39.86,41.815,859059
2026-07-13T13:35:00+00:00,41.84,42.17,41.328,41.66,558294
2026-07-13T13:40:00+00:00,41.65,41.665,40.68,41.15,590825
2026-07-13T13:45:00+00:00,41.15,41.599,40.86,41.46,493161
2026-07-13T13:50:00+00:00,41.5,41.62,40.91,41.05,350386
2026-07-13T13:55:00+00:00,41.01,41.32,40.731,41.17,295970
2026-07-13T14:00:00+00:00,41.22,41.53,40.75,40.77,459574
2026-07-13T14:05:00+00:00,40.77,40.79,40.375,40.6,364612
2026-07-13T14:10:00+00:00,40.581,41.33,40.52,41.15,509363
2026-07-13T14:15:00+00:00,41.11,41.16,40.51,40.89,328034
2026-07-13T14:20:00+00:00,40.92,41.33,40.73,41.29,274294
2026-07-13T14:25:00+00:00,41.29,41.48,41.15,41.43,269030
2026-07-13T14:30:00+00:00,41.435,41.44,41.14,41.29,204092
2026-07-13T14:35:00+00:00,41.29,41.29,40.9,41.11,175634
2026-07-13T14:40:00+00:00,41.091,41.11,40.64,40.77,201768
2026-07-13T14:45:00+00:00,40.78,40.905,40.635,40.875,160985
2026-07-13T14:50:00+00:00,40.879,40.97,40.67,40.725,194951
2026-07-13T14:55:00+00:00,40.73,40.89,40.665,40.845,146199
2026-07-13T15:00:00+00:00,40.86,41.03,40.48,40.54,225375
2026-07-13T15:05:00+00:00,40.55,40.71,40.48,40.68,193185
2026-07-13T15:10:00+00:00,40.68,40.68,40.4,40.46,134137
2026-07-13T15:15:00+00:00,40.435,40.435,40.23,40.41,244136
2026-07-13T15:20:00+00:00,40.42,40.62,40.36,40.45,277405
2026-07-13T15:25:00+00:00,40.45,40.48,40.14,40.43,249692
2026-07-13T15:30:00+00:00,40.43,40.54,40.31,40.32,174896
2026-07-13T15:35:00+00:00,40.34,40.367,40.09,40.1,188888
2026-07-13T15:40:00+00:00,40.1,40.1,39.865,39.905,355814
2026-07-13T15:45:00+00:00,39.905,39.98,39.79,39.905,220107
2026-07-13T15:50:00+00:00,39.93,40.08,39.79,39.83,228262
2026-07-13T15:55:00+00:00,39.82,39.822,39.5,39.6,288032
2026-07-13T16:00:00+00:00,39.62,39.66,39.37,39.37,278236
2026-07-13T16:05:00+00:00,39.375,39.487,39.31,39.39,200038
2026-07-13T16:10:00+00:00,39.375,39.62,39.28,39.355,481991
2026-07-13T16:15:00+00:00,39.34,39.37,39.07,39.195,276561
2026-07-13T16:20:00+00:00,39.185,39.21,39.085,39.12,163623
2026-07-13T16:25:00+00:00,39.12,39.12,38.94,39.115,858043
2026-07-13T16:30:00+00:00,39.11,39.11,38.835,38.844,336462
2026-07-13T16:35:00+00:00,38.83,38.91,38.605,38.876,427015
2026-07-13T16:40:00+00:00,38.87,39.05,38.81,38.87,234044
2026-07-13T16:45:00+00:00,38.877,38.96,38.71,38.72,170261
2026-07-13T16:50:00+00:00,38.705,38.84,38.52,38.82,304366
2026-07-13T16:55:00+00:00,38.81,38.89,38.735,38.86,175901
2026-07-13T17:00:00+00:00,38.87,38.98,38.72,38.8,363062
2026-07-13T17:05:00+00:00,38.785,38.87,38.74,38.835,272516
2026-07-13T17:10:00+00:00,38.84,38.98,38.765,38.81,265330
2026-07-13T17:15:00+00:00,38.77,38.79,38.52,38.67,268266
2026-07-13T17:20:00+00:00,38.66,38.68,38.535,38.54,249236
2026-07-13T17:25:00+00:00,38.535,38.65,38.44,38.593,319743
2026-07-13T17:30:00+00:00,38.62,38.655,38.5,38.6,127777
2026-07-13T17:35:00+00:00,38.595,38.615,38.425,38.535,143047
2026-07-13T17:40:00+00:00,38.5,38.62,38.447,38.51,124675
2026-07-13T17:45:00+00:00,38.51,38.53,38.21,38.225,250915
2026-07-13T17:50:00+00:00,38.23,38.25,38.08,38.22,255319
2026-07-13T17:55:00+00:00,38.23,38.43,38.185,38.41,215906
2026-07-13T18:00:00+00:00,38.415,38.685,38.415,38.67,278055
2026-07-13T18:05:00+00:00,38.66,38.79,38.53,38.64,238982
2026-07-13T18:10:00+00:00,38.66,38.66,38.48,38.61,113307
2026-07-13T18:15:00+00:00,38.59,38.63,38.305,38.35,134755
2026-07-13T18:20:00+00:00,38.36,38.58,38.314,38.58,102584
2026-07-13T18:25:00+00:00,38.57,38.57,38.33,38.334,107919
2026-07-13T18:30:00+00:00,38.34,38.46,38.25,38.33,129215
2026-07-13T18:35:00+00:00,38.33,38.465,38.315,38.385,129405
2026-07-13T18:40:00+00:00,38.38,38.49,38.37,38.4,163265
2026-07-13T18:45:00+00:00,38.41,38.68,38.34,38.673,146757
2026-07-13T18:50:00+00:00,38.66,39.11,38.55,38.935,416060
2026-07-13T18:55:00+00:00,38.935,38.935,38.64,38.705,231706
2026-07-13T19:00:00+00:00,38.74,39.0,38.74,38.87,214137
2026-07-13T19:05:00+00:00,38.88,38.91,38.74,38.743,142095
2026-07-13T19:10:00+00:00,38.74,38.91,38.67,38.87,161674
2026-07-13T19:15:00+00:00,38.87,39.05,38.76,38.99,187274
2026-07-13T19:20:00+00:00,38.99,39.0,38.84,38.97,183441
2026-07-13T19:25:00+00:00,38.97,39.02,38.86,38.93,218012
2026-07-13T19:30:00+00:00,38.94,39.065,38.89,38.97,220524
2026-07-13T19:35:00+00:00,38.97,38.97,38.74,38.75,165383
2026-07-13T19:40:00+00:00,38.75,39.01,38.68,38.998,189725
2026-07-13T19:45:00+00:00,39.02,39.02,38.815,38.85,261860
2026-07-13T19:50:00+00:00,38.84,39.06,38.817,38.93,351565
2026-07-13T19:55:00+00:00,38.95,39.03,38.905,38.98,799078
2026-07-13T20:00:00+00:00,39.0,39.13,38.97,39.04,31862
2026-07-13T20:05:00+00:00,39.04,39.09,39.03,39.068,18601
2026-07-13T20:10:00+00:00,38.98,39.09,38.9,38.912,15417
2026-07-13T20:15:00+00:00,38.93,38.95,38.83,38.86,15618
2026-07-13T20:20:00+00:00,38.86,38.95,38.86,38.89,8368
2026-07-13T20:25:00+00:00,38.87,38.89,38.85,38.89,2519
2026-07-13T20:30:00+00:00,38.87,38.886,38.81,38.84,7266
2026-07-13T20:35:00+00:00,38.848,38.85,38.8,38.82,5710
2026-07-13T20:40:00+00:00,38.82,38.82,38.72,38.73,6410
2026-07-13T20:45:00+00:00,38.759,38.76,38.6,38.65,6894
2026-07-13T20:50:00+00:00,38.706,38.76,38.65,38.75,10493
2026-07-13T20:55:00+00:00,38.75,38.82,38.725,38.8,3782
2026-07-13T21:00:00+00:00,38.804,38.84,38.76,38.839,2488
2026-07-13T21:05:00+00:00,38.76,38.84,38.76,38.839,4347
2026-07-13T21:10:00+00:00,38.839,38.84,38.8,38.82,7939
2026-07-13T21:15:00+00:00,38.81,38.82,38.76,38.772,7090
2026-07-13T21:20:00+00:00,38.82,38.82,38.76,38.79,7042
2026-07-13T21:25:00+00:00,38.8,38.82,38.79,38.8,5037
2026-07-13T21:30:00+00:00,38.801,38.82,38.8,38.82,1164
2026-07-13T21:35:00+00:00,38.813,38.84,38.8,38.82,6741
2026-07-13T21:40:00+00:00,38.84,38.84,38.82,38.84,945
2026-07-13T21:45:00+00:00,38.84,38.84,38.827,38.84,3107
2026-07-13T21:50:00+00:00,38.835,38.84,38.82,38.83,750
2026-07-13T21:55:00+00:00,38.839,38.98,38.82,38.82,53215
2026-07-13T22:00:00+00:00,38.82,38.85,38.82,38.84,14764
2026-07-13T22:05:00+00:00,38.84,38.85,38.83,38.85,2103
2026-07-13T22:10:00+00:00,38.84,38.85,38.83,38.85,1812
2026-07-13T22:15:00+00:00,38.85,38.85,38.83,38.83,1475
2026-07-13T22:20:00+00:00,38.84,38.85,38.82,38.82,2552
2026-07-13T22:25:00+00:00,38.84,38.85,38.82,38.85,4303
2026-07-13T22:30:00+00:00,38.85,38.85,38.83,38.85,2607
2026-07-13T22:35:00+00:00,38.84,38.85,38.83,38.842,5529
2026-07-13T22:40:00+00:00,38.84,38.85,38.84,38.85,20516
2026-07-13T22:45:00+00:00,38.85,38.85,38.84,38.85,2370
2026-07-13T22:50:00+00:00,38.846,38.85,38.82,38.83,2102
2026-07-13T22:55:00+00:00,38.83,38.85,38.83,38.85,1949
2026-07-13T23:00:00+00:00,38.844,38.844,38.68,38.694,3715
2026-07-13T23:05:00+00:00,38.67,38.76,38.5,38.51,17684
2026-07-13T23:10:00+00:00,38.557,38.6,38.505,38.55,11150
2026-07-13T23:15:00+00:00,38.529,38.62,38.52,38.6,1302
2026-07-13T23:20:00+00:00,38.557,38.6,38.557,38.56,6380
2026-07-13T23:25:00+00:00,38.57,38.62,38.56,38.61,4145
2026-07-13T23:30:00+00:00,38.62,38.69,38.6,38.6,2437
2026-07-13T23:35:00+00:00,38.65,38.65,38.56,38.61,1016
2026-07-13T23:40:00+00:00,38.587,38.61,38.5,38.52,6376
2026-07-13T23:45:00+00:00,38.51,38.56,38.36,38.397,19013
2026-07-13T23:50:00+00:00,38.44,38.61,38.4,38.6,13811
2026-07-13T23:55:00+00:00,38.6,38.6,38.5,38.53,3106
2026-07-14T08:00:00+00:00,39.934,39.934,38.63,39.53,144980
2026-07-14T08:05:00+00:00,39.57,39.72,38.63,39.35,10512
2026-07-14T08:10:00+00:00,39.37,39.486,39.35,39.46,1590
2026-07-14T08:15:00+00:00,39.481,39.59,39.46,39.57,2375
2026-07-14T08:20:00+00:00,39.59,39.59,39.47,39.47,3547
2026-07-14T08:25:00+00:00,39.47,39.51,39.42,39.5,4793
2026-07-14T08:30:00+00:00,39.52,39.71,39.52,39.616,1927
2026-07-14T08:35:00+00:00,39.568,39.62,39.54,39.56,500
2026-07-14T08:40:00+00:00,39.56,39.624,39.5,39.54,8675
2026-07-14T08:45:00+00:00,39.54,39.63,39.405,39.42,2325
2026-07-14T08:50:00+00:00,39.41,39.487,39.4,39.47,361
2026-07-14T08:55:00+00:00,39.45,39.49,39.39,39.41,991
2026-07-14T09:00:00+00:00,39.38,39.5,39.36,39.46,1140
2026-07-14T09:05:00+00:00,39.46,39.48,39.41,39.48,2893
2026-07-14T09:10:00+00:00,39.47,39.56,39.456,39.545,1886
2026-07-14T09:15:00+00:00,39.46,39.53,39.443,39.443,659
2026-07-14T09:20:00+00:00,39.454,39.499,39.43,39.43,931
2026-07-14T09:25:00+00:00,39.45,39.46,39.35,39.38,625
2026-07-14T09:30:00+00:00,39.36,39.46,39.36,39.41,516
2026-07-14T09:35:00+00:00,39.37,39.46,39.37,39.43,122
2026-07-14T09:40:00+00:00,39.41,39.488,39.39,39.39,862
2026-07-14T09:45:00+00:00,39.46,39.47,39.377,39.47,64
2026-07-14T09:50:00+00:00,39.468,39.47,39.39,39.43,399
2026-07-14T09:55:00+00:00,39.42,39.47,39.41,39.47,220
2026-07-14T10:00:00+00:00,39.46,40.49,39.46,40.03,32961
2026-07-14T10:05:00+00:00,40.03,40.41,39.68,39.68,14019
2026-07-14T10:10:00+00:00,39.8,39.82,39.68,39.795,7018
2026-07-14T10:15:00+00:00,39.787,39.8,39.51,39.71,6026
2026-07-14T10:20:00+00:00,39.6,39.8,39.6,39.8,4228
2026-07-14T10:25:00+00:00,39.89,39.89,39.61,39.7,4246
2026-07-14T10:30:00+00:00,39.689,39.8,39.62,39.7,2294
2026-07-14T10:35:00+00:00,39.6,39.78,39.59,39.78,1769
2026-07-14T10:40:00+00:00,39.728,39.795,39.67,39.74,2374
2026-07-14T10:45:00+00:00,39.74,39.76,39.686,39.74,1415
2026-07-14T10:50:00+00:00,39.718,39.79,39.64,39.66,2697
2026-07-14T10:55:00+00:00,39.7,39.7,39.63,39.65,1586
2026-07-14T11:00:00+00:00,39.63,39.79,39.48,39.511,25404
2026-07-14T11:05:00+00:00,39.523,39.6,39.45,39.522,2765
2026-07-14T11:10:00+00:00,39.45,39.523,39.205,39.44,20745
2026-07-14T11:15:00+00:00,39.38,39.62,39.38,39.603,8567
2026-07-14T11:20:00+00:00,39.585,39.728,39.55,39.728,7055
2026-07-14T11:25:00+00:00,39.73,39.73,39.49,39.49,7015
2026-07-14T11:30:00+00:00,39.5,39.7,39.5,39.599,9330
2026-07-14T11:35:00+00:00,39.6,39.69,39.58,39.59,8171
2026-07-14T11:40:00+00:00,39.62,39.66,39.58,39.62,4090
2026-07-14T11:45:00+00:00,39.6,39.68,39.51,39.61,19481
2026-07-14T11:50:00+00:00,39.652,39.81,39.6,39.64,6856
2026-07-14T11:55:00+00:00,39.654,39.75,39.55,39.55,6109
2026-07-14T12:00:00+00:00,39.577,39.68,39.1,39.33,24282
2026-07-14T12:05:00+00:00,39.35,39.395,39.3,39.35,10431
2026-07-14T12:10:00+00:00,39.37,39.51,39.25,39.51,2492
2026-07-14T12:15:00+00:00,39.4,39.55,39.34,39.549,5860
2026-07-14T12:20:00+00:00,39.5,39.6,39.43,39.55,7353
2026-07-14T12:25:00+00:00,39.6,39.7,39.54,39.65,5379
2026-07-14T12:30:00+00:00,39.58,40.49,39.58,40.28,114756
2026-07-14T12:35:00+00:00,40.25,40.28,39.91,40.02,36247
2026-07-14T12:40:00+00:00,40.05,40.14,39.84,40.05,37896
2026-07-14T12:45:00+00:00,40.072,40.22,39.912,39.95,15248
2026-07-14T12:50:00+00:00,39.963,39.98,39.82,39.88,68162
2026-07-14T12:55:00+00:00,39.88,40.0,39.83,39.95,6769
2026-07-14T13:00:00+00:00,39.96,40.0,39.88,39.88,14168
2026-07-14T13:05:00+00:00,39.86,40.0,39.82,39.98,12385
2026-07-14T13:10:00+00:00,39.98,40.07,39.946,39.99,29582
2026-07-14T13:15:00+00:00,39.96,40.05,39.95,39.98,14441
2026-07-14T13:20:00+00:00,39.962,40.24,39.95,40.24,12493
2026-07-14T13:25:00+00:00,40.23,40.44,39.9,40.0,51607
2026-07-14T13:30:00+00:00,40.05,40.62,38.79,38.82,728169
2026-07-14T13:35:00+00:00,38.81,39.44,38.68,39.207,741681
2026-07-14T13:40:00+00:00,39.2,39.34,38.87,39.21,336844
2026-07-14T13:45:00+00:00,39.22,39.48,39.03,39.37,341579
2026-07-14T13:50:00+00:00,39.37,39.7,39.315,39.41,289554
2026-07-14T13:55:00+00:00,39.4,39.49,38.93,38.985,309096
2026-07-14T14:00:00+00:00,39.01,39.07,38.17,38.2,543008
2026-07-14T14:05:00+00:00,38.19,38.25,37.93,38.15,572756
2026-07-14T14:10:00+00:00,38.12,38.565,37.79,38.537,573968
2026-07-14T14:15:00+00:00,38.525,38.525,38.06,38.06,309017
2026-07-14T14:20:00+00:00,38.05,38.34,37.905,37.98,333967
2026-07-14T14:25:00+00:00,38.0,38.4,37.89,38.2,318875
2026-07-14T14:30:00+00:00,38.19,38.77,38.06,38.56,462194
2026-07-14T14:35:00+00:00,38.53,38.73,38.32,38.36,309887
2026-07-14T14:40:00+00:00,38.35,38.495,38.22,38.35,236074
2026-07-14T14:45:00+00:00,38.33,38.44,38.075,38.12,247338
2026-07-14T14:50:00+00:00,38.1,38.55,38.04,38.459,202236
2026-07-14T14:55:00+00:00,38.44,38.565,38.4,38.47,162328
2026-07-14T15:00:00+00:00,38.46,38.82,38.44,38.68,349086
2026-07-14T15:05:00+00:00,38.64,38.762,38.43,38.736,201914
2026-07-14T15:10:00+00:00,38.74,38.8,38.61,38.685,156643
2026-07-14T15:15:00+00:00,38.685,39.025,38.685,38.78,320770
2026-07-14T15:20:00+00:00,38.78,38.96,38.7,38.845,151025
2026-07-14T15:25:00+00:00,38.85,38.86,38.67,38.795,148689
2026-07-14T15:30:00+00:00,38.79,38.87,38.59,38.67,162271
2026-07-14T15:35:00+00:00,38.67,38.685,38.5,38.604,128774
2026-07-14T15:40:00+00:00,38.58,38.62,38.26,38.3,242028
2026-07-14T15:45:00+00:00,38.3,38.49,38.26,38.3,208016
2026-07-14T15:50:00+00:00,38.3,38.36,38.08,38.11,196916
2026-07-14T15:55:00+00:00,38.12,38.325,38.07,38.29,163817
2026-07-14T16:00:00+00:00,38.3,38.54,38.3,38.46,146606
2026-07-14T16:05:00+00:00,38.46,38.56,38.41,38.42,100860
2026-07-14T16:10:00+00:00,38.42,38.43,38.23,38.24,181706
2026-07-14T16:15:00+00:00,38.25,38.305,38.1,38.22,165874
2026-07-14T16:20:00+00:00,38.22,38.26,38.13,38.15,152905
2026-07-14T16:25:00+00:00,38.16,38.25,38.16,38.24,100512
2026-07-14T16:30:00+00:00,38.24,38.26,38.077,38.155,104071
2026-07-14T16:35:00+00:00,38.16,38.25,38.015,38.02,139381
2026-07-14T16:40:00+00:00,38.025,38.136,37.981,38.05,165016
2026-07-14T16:45:00+00:00,38.05,38.12,37.91,38.04,211588
2026-07-14T16:50:00+00:00,38.04,38.078,37.67,37.69,359023
2026-07-14T16:55:00+00:00,37.695,37.727,37.45,37.58,428483
2026-07-14T17:00:00+00:00,37.57,37.65,37.45,37.495,232434
2026-07-14T17:05:00+00:00,37.5,37.568,37.29,37.38,365775
2026-07-14T17:10:00+00:00,37.38,37.5,37.26,37.31,315257
2026-07-14T17:15:00+00:00,37.32,37.36,37.04,37.1,491655
2026-07-14T17:20:00+00:00,37.11,37.454,37.04,37.44,365873
2026-07-14T17:25:00+00:00,37.443,37.72,37.37,37.71,277944
2026-07-14T17:30:00+00:00,37.71,37.79,37.6,37.77,278441
2026-07-14T17:35:00+00:00,37.775,38.35,37.77,38.295,480908
2026-07-14T17:40:00+00:00,38.295,38.295,38.04,38.1,185020
2026-07-14T17:45:00+00:00,38.1,38.31,38.085,38.273,124469
2026-07-14T17:50:00+00:00,38.27,38.57,38.255,38.523,268899
2026-07-14T17:55:00+00:00,38.52,38.536,38.34,38.451,250450
2026-07-14T18:00:00+00:00,38.45,38.64,38.265,38.61,245142
2026-07-14T18:05:00+00:00,38.62,38.79,38.61,38.74,203428
2026-07-14T18:10:00+00:00,38.73,38.74,38.62,38.673,153303
2026-07-14T18:15:00+00:00,38.67,38.72,38.63,38.665,117564
2026-07-14T18:20:00+00:00,38.665,38.67,38.47,38.512,127871
2026-07-14T18:25:00+00:00,38.515,38.605,38.455,38.55,109326
2026-07-14T18:30:00+00:00,38.56,38.66,38.555,38.66,85293
2026-07-14T18:35:00+00:00,38.685,38.76,38.48,38.56,150818
2026-07-14T18:40:00+00:00,38.565,38.565,38.36,38.39,159066
2026-07-14T18:45:00+00:00,38.39,38.48,38.35,38.4,96955
2026-07-14T18:50:00+00:00,38.4,38.54,38.363,38.485,113253
2026-07-14T18:55:00+00:00,38.48,38.489,38.341,38.36,114917
2026-07-14T19:00:00+00:00,38.37,38.5,38.315,38.45,183973
2026-07-14T19:05:00+00:00,38.44,38.44,38.2,38.2,156702
2026-07-14T19:10:00+00:00,38.2,38.5,38.18,38.465,180278
2026-07-14T19:15:00+00:00,38.455,38.49,38.175,38.336,182775
2026-07-14T19:20:00+00:00,38.335,38.355,38.16,38.3,180986
2026-07-14T19:25:00+00:00,38.3,38.36,38.19,38.195,134676
2026-07-14T19:30:00+00:00,38.195,38.365,38.12,38.32,242162
2026-07-14T19:35:00+00:00,38.3,38.388,38.22,38.377,130003
2026-07-14T19:40:00+00:00,38.37,38.62,38.33,38.605,201473
2026-07-14T19:45:00+00:00,38.6,38.685,38.48,38.48,213940
2026-07-14T19:50:00+00:00,38.48,38.48,38.28,38.43,494666
2026-07-14T19:55:00+00:00,38.46,38.635,38.405,38.59,923930
2026-07-14T20:00:00+00:00,38.59,38.96,38.51,38.73,158488
2026-07-14T20:05:00+00:00,38.73,38.99,38.687,38.89,113441
2026-07-14T20:10:00+00:00,38.873,38.95,38.59,38.9,46084
2026-07-14T20:15:00+00:00,38.9,38.95,38.84,38.87,3177
2026-07-14T20:20:00+00:00,38.95,38.95,38.87,38.92,54419
2026-07-14T20:25:00+00:00,38.88,38.95,38.876,38.88,8396
2026-07-14T20:30:00+00:00,38.87,38.88,38.8,38.86,3397
2026-07-14T20:35:00+00:00,38.802,38.87,38.8,38.85,2379
2026-07-14T20:40:00+00:00,38.85,38.852,38.75,38.79,918
2026-07-14T20:45:00+00:00,38.81,38.81,38.75,38.758,2678
2026-07-14T20:50:00+00:00,38.81,38.85,38.75,38.83,6098
2026-07-14T20:55:00+00:00,38.79,38.85,38.72,38.8,301
2026-07-14T21:00:00+00:00,38.8,38.8,38.69,38.76,2285
2026-07-14T21:05:00+00:00,38.78,38.8,38.7,38.79,1506
2026-07-14T21:10:00+00:00,38.7,38.79,38.7,38.7,2314
2026-07-14T21:15:00+00:00,38.779,38.79,38.71,38.79,8096
2026-07-14T21:20:00+00:00,38.757,38.8,38.75,38.8,3462
2026-07-14T21:25:00+00:00,38.82,38.84,38.8,38.83,1934
2026-07-14T21:30:00+00:00,38.83,38.84,38.77,38.82,1835
2026-07-14T21:35:00+00:00,38.82,38.84,38.78,38.83,2913
2026-07-14T21:40:00+00:00,38.81,38.839,38.78,38.81,2390
2026-07-14T21:45:00+00:00,38.82,38.83,38.81,38.823,738
2026-07-14T21:50:00+00:00,38.81,38.83,38.78,38.78,2380
2026-07-14T21:55:00+00:00,38.79,38.84,38.78,38.79,1763
2026-07-14T22:00:00+00:00,38.78,38.84,38.78,38.8,1541
2026-07-14T22:05:00+00:00,38.8,38.84,38.75,38.77,6455
2026-07-14T22:10:00+00:00,38.777,38.78,38.71,38.724,2668
2026-07-14T22:15:00+00:00,38.728,38.77,38.724,38.75,508
2026-07-14T22:20:00+00:00,38.73,38.84,38.59,38.84,73341
2026-07-14T22:25:00+00:00,38.84,38.84,38.74,38.79,865
2026-07-14T22:30:00+00:00,38.82,38.85,38.798,38.842,3755
2026-07-14T22:35:00+00:00,38.85,38.959,38.79,38.934,7962
2026-07-14T22:40:00+00:00,38.92,38.96,38.89,38.95,2486
2026-07-14T22:45:00+00:00,38.95,38.97,38.94,38.95,6904
2026-07-14T22:50:00+00:00,38.95,38.97,38.9,38.969,2138
2026-07-14T22:55:00+00:00,38.969,38.97,38.9,38.904,2943
2026-07-14T23:00:00+00:00,38.901,38.95,38.85,38.9,1365
2026-07-14T23:05:00+00:00,38.94,38.97,38.9,38.967,676
2026-07-14T23:10:00+00:00,38.968,39.0,38.94,38.94,4555
2026-07-14T23:15:00+00:00,38.99,39.0,38.96,39.0,699
2026-07-14T23:20:00+00:00,39.0,39.1,38.95,39.05,7418
2026-07-14T23:25:00+00:00,39.01,39.2,39.0,39.17,4218
2026-07-14T23:30:00+00:00,39.16,39.171,39.0,39.079,12697
2026-07-14T23:35:00+00:00,39.08,39.08,39.0,39.04,8701
2026-07-14T23:40:00+00:00,39.04,39.08,39.0,39.0,1497
2026-07-14T23:45:00+00:00,39.04,39.1,39.04,39.099,2230
2026-07-14T23:50:00+00:00,39.1,39.18,39.098,39.133,1718
2026-07-14T23:55:00+00:00,39.136,39.15,39.099,39.14,7088
2026-07-15T08:00:00+00:00,39.51,40.789,39.1,39.15,37278
2026-07-15T08:05:00+00:00,39.16,39.57,39.11,39.124,2751
2026-07-15T08:10:00+00:00,39.12,39.12,39.03,39.045,1940
2026-07-15T08:15:00+00:00,39.04,39.06,38.96,39.06,4298
