ts,o,h,l,c,v
2026-04-15T08:00:00+00:00,62.53,62.53,59.9,59.9,1160
2026-04-15T08:05:00+00:00,60.4,60.4,60.31,60.4,2448
2026-04-15T08:10:00+00:00,60.4,60.71,60.4,60.7,3211
2026-04-15T08:15:00+00:00,60.7,60.88,60.7,60.7,3545
2026-04-15T08:20:00+00:00,60.89,60.89,60.8,60.85,3222
2026-04-15T08:25:00+00:00,60.98,61.39,60.98,61.19,6597
2026-04-15T08:30:00+00:00,61.17,61.43,61.17,61.43,10831
2026-04-15T08:35:00+00:00,61.43,61.8,61.42,61.77,9769
2026-04-15T08:40:00+00:00,61.88,61.92,61.54,61.76,7065
2026-04-15T08:45:00+00:00,61.76,61.76,61.6,61.6,5933
2026-04-15T08:50:00+00:00,61.55,61.55,61.45,61.45,3189
2026-04-15T08:55:00+00:00,61.45,61.76,61.45,61.75,2882
2026-04-15T09:00:00+00:00,61.75,62.09,61.67,62.09,5740
2026-04-15T09:05:00+00:00,62.01,62.09,61.88,62.0,4479
2026-04-15T09:10:00+00:00,62.0,62.0,61.94,61.94,1448
2026-04-15T09:15:00+00:00,61.94,61.94,61.55,61.55,4970
2026-04-15T09:20:00+00:00,61.55,61.95,61.55,61.93,1408
2026-04-15T09:25:00+00:00,61.93,61.93,61.87,61.87,3512
2026-04-15T09:30:00+00:00,61.87,61.87,61.63,61.72,1726
2026-04-15T09:35:00+00:00,61.64,61.64,61.64,61.64,613
2026-04-15T09:40:00+00:00,61.49,61.5,61.35,61.35,1694
2026-04-15T09:45:00+00:00,61.35,61.42,61.35,61.42,586
2026-04-15T09:50:00+00:00,61.42,61.42,61.39,61.4,1702
2026-04-15T09:55:00+00:00,61.4,61.59,61.4,61.59,1363
2026-04-15T10:00:00+00:00,61.59,61.59,61.5,61.5,524
2026-04-15T10:05:00+00:00,61.38,61.68,61.38,61.68,4844
2026-04-15T10:10:00+00:00,61.68,61.68,61.68,61.68,1172
2026-04-15T10:15:00+00:00,61.68,61.68,61.22,61.35,7212
2026-04-15T10:20:00+00:00,61.35,61.39,61.35,61.39,966
2026-04-15T10:25:00+00:00,61.39,61.39,60.95,61.15,3266
2026-04-15T10:30:00+00:00,61.17,61.23,60.97,61.0,6455
2026-04-15T10:35:00+00:00,61.0,61.08,60.92,61.08,9461
2026-04-15T10:40:00+00:00,61.01,61.39,61.01,61.35,1788
2026-04-15T10:45:00+00:00,61.32,61.32,61.32,61.32,307
2026-04-15T10:50:00+00:00,61.32,61.32,61.09,61.09,1377
2026-04-15T10:55:00+00:00,61.09,61.1,61.0,61.0,1400
2026-04-15T11:00:00+00:00,60.8,60.98,60.72,60.98,3997
2026-04-15T11:05:00+00:00,60.99,61.2,60.99,61.2,1549
2026-04-15T11:10:00+00:00,61.3,61.47,61.3,61.38,7963
2026-04-15T11:15:00+00:00,61.48,61.63,61.48,61.6,5000
2026-04-15T11:20:00+00:00,61.6,61.79,61.6,61.79,4625
2026-04-15T11:25:00+00:00,61.8,61.87,61.75,61.87,3245
2026-04-15T11:30:00+00:00,61.9,62.1,61.9,62.0,6478
2026-04-15T11:35:00+00:00,62.06,62.67,61.97,62.62,11559
2026-04-15T11:40:00+00:00,62.5,62.5,62.29,62.34,6145
2026-04-15T11:45:00+00:00,62.34,62.84,62.34,62.7,9951
2026-04-15T11:50:00+00:00,62.73,62.73,62.38,62.38,7608
2026-04-15T11:55:00+00:00,62.55,62.6,62.49,62.5,3272
2026-04-15T12:00:00+00:00,62.45,62.486,62.38,62.38,5689
2026-04-15T12:05:00+00:00,62.1,62.57,62.09,62.55,8302
2026-04-15T12:10:00+00:00,62.62,62.62,62.15,62.31,16316
2026-04-15T12:15:00+00:00,62.34,62.4,62.3,62.4,2165
2026-04-15T12:20:00+00:00,62.4,62.4,62.07,62.08,9743
2026-04-15T12:25:00+00:00,62.0,62.05,61.99,62.0,18643
2026-04-15T12:30:00+00:00,62.0,62.4,62.0,62.4,5852
2026-04-15T12:35:00+00:00,62.5,62.62,62.5,62.6,9097
2026-04-15T12:40:00+00:00,62.57,62.73,62.56,62.59,7554
2026-04-15T12:45:00+00:00,62.65,62.82,62.57,62.79,7751
2026-04-15T12:50:00+00:00,62.79,62.79,62.69,62.75,3167
2026-04-15T12:55:00+00:00,62.62,62.65,62.54,62.55,4292
2026-04-15T13:00:00+00:00,62.46,62.78,62.46,62.77,7616
2026-04-15T13:05:00+00:00,62.84,63.271,62.84,63.0,20371
2026-04-15T13:10:00+00:00,63.09,63.18,62.92,63.02,16213
2026-04-15T13:15:00+00:00,62.95,63.39,62.95,63.38,14818
2026-04-15T13:20:00+00:00,63.42,63.47,62.87,62.98,24712
2026-04-15T13:25:00+00:00,62.95,63.24,62.59,62.79,27588
2026-04-15T13:30:00+00:00,62.555,63.62,61.65,62.34,156308
2026-04-15T13:35:00+00:00,62.46,63.05,61.15,62.95,70641
2026-04-15T13:40:00+00:00,62.96,64.28,62.77,63.76,127392
2026-04-15T13:45:00+00:00,63.71,65.25,63.6,65.105,142801
2026-04-15T13:50:00+00:00,65.03,65.25,64.2,64.495,94523
2026-04-15T13:55:00+00:00,64.49,65.52,64.27,65.51,72080
2026-04-15T14:00:00+00:00,65.5,65.58,64.2,64.48,77727
2026-04-15T14:05:00+00:00,64.56,65.68,64.56,65.26,49795
2026-04-15T14:10:00+00:00,65.18,65.78,64.63,65.72,49727
2026-04-15T14:15:00+00:00,65.78,66.25,65.35,65.35,79650
2026-04-15T14:20:00+00:00,65.38,66.61,65.355,66.3,60814
2026-04-15T14:25:00+00:00,66.3,66.33,65.73,66.03,33554
2026-04-15T14:30:00+00:00,66.1,66.2,65.39,65.52,45004
2026-04-15T14:35:00+00:00,65.48,65.61,64.66,64.73,33036
2026-04-15T14:40:00+00:00,64.76,65.22,64.43,65.2,31498
2026-04-15T14:45:00+00:00,65.12,65.33,65.0,65.06,9653
2026-04-15T14:50:00+00:00,65.16,65.22,64.75,64.83,18904
2026-04-15T14:55:00+00:00,64.82,65.45,64.81,65.32,14514
2026-04-15T15:00:00+00:00,65.39,65.75,65.32,65.58,14801
2026-04-15T15:05:00+00:00,65.6,65.6,65.18,65.28,16346
2026-04-15T15:10:00+00:00,65.33,66.34,65.31,66.21,38386
2026-04-15T15:15:00+00:00,66.2,66.59,66.11,66.2,33844
2026-04-15T15:20:00+00:00,66.205,66.39,65.93,65.93,23515
2026-04-15T15:25:00+00:00,66.0,66.02,65.69,65.69,14418
2026-04-15T15:30:00+00:00,65.69,65.69,64.88,64.88,40493
2026-04-15T15:35:00+00:00,64.9,65.3,64.83,65.26,17541
2026-04-15T15:40:00+00:00,65.27,65.43,65.02,65.25,23105
2026-04-15T15:45:00+00:00,65.15,65.29,64.9,65.0,10146
2026-04-15T15:50:00+00:00,65.02,65.02,64.38,64.4,24139
2026-04-15T15:55:00+00:00,64.39,64.62,64.24,64.6,12331
2026-04-15T16:00:00+00:00,64.57,65.05,64.48,65.0,14798
2026-04-15T16:05:00+00:00,65.05,65.16,64.85,65.04,13826
2026-04-15T16:10:00+00:00,65.07,65.345,65.0,65.3,9327
2026-04-15T16:15:00+00:00,65.31,65.54,65.31,65.41,9083
2026-04-15T16:20:00+00:00,65.35,65.42,65.17,65.17,9525
2026-04-15T16:25:00+00:00,65.165,65.3,65.05,65.09,9056
2026-04-15T16:30:00+00:00,65.0,65.13,64.55,64.68,18689
2026-04-15T16:35:00+00:00,64.68,64.85,64.46,64.46,15829
2026-04-15T16:40:00+00:00,64.46,64.47,63.45,63.58,73679
2026-04-15T16:45:00+00:00,63.58,63.75,62.75,63.06,76610
2026-04-15T16:50:00+00:00,63.1,63.265,62.55,62.67,18393
2026-04-15T16:55:00+00:00,62.63,63.01,62.24,62.97,20269
2026-04-15T17:00:00+00:00,63.02,63.76,63.02,63.62,29416
2026-04-15T17:05:00+00:00,63.6,63.63,63.38,63.42,10663
2026-04-15T17:10:00+00:00,63.4,63.49,62.97,62.97,10339
2026-04-15T17:15:00+00:00,62.99,63.22,62.91,63.07,9752
2026-04-15T17:20:00+00:00,63.09,63.21,63.05,63.21,7749
2026-04-15T17:25:00+00:00,63.3,63.5,63.27,63.45,7245
2026-04-15T17:30:00+00:00,63.48,63.67,63.12,63.13,15543
2026-04-15T17:35:00+00:00,63.105,63.43,63.05,63.1,7673
2026-04-15T17:40:00+00:00,63.07,63.19,62.9,62.95,20559
2026-04-15T17:45:00+00:00,62.92,63.22,62.83,63.12,14550
2026-04-15T17:50:00+00:00,63.1,63.35,63.06,63.175,12919
2026-04-15T17:55:00+00:00,63.2,63.39,63.14,63.2,5773
2026-04-15T18:00:00+00:00,63.13,63.15,62.65,63.07,19378
2026-04-15T18:05:00+00:00,63.13,63.39,63.12,63.33,7561
2026-04-15T18:10:00+00:00,63.3,63.56,63.23,63.5,9356
2026-04-15T18:15:00+00:00,63.45,63.65,63.42,63.505,9038
2026-04-15T18:20:00+00:00,63.53,63.76,63.46,63.63,9136
2026-04-15T18:25:00+00:00,63.71,63.71,63.59,63.69,6630
2026-04-15T18:30:00+00:00,63.76,63.76,63.59,63.66,9581
2026-04-15T18:35:00+00:00,63.67,63.67,63.32,63.53,8891
2026-04-15T18:40:00+00:00,63.45,63.45,63.21,63.31,6266
2026-04-15T18:45:00+00:00,63.305,63.43,63.3,63.39,10282
2026-04-15T18:50:00+00:00,63.41,63.63,63.41,63.6,8941
2026-04-15T18:55:00+00:00,63.605,63.92,63.605,63.81,10394
2026-04-15T19:00:00+00:00,63.85,63.85,63.5,63.645,19140
2026-04-15T19:05:00+00:00,63.645,63.645,63.46,63.57,10279
2026-04-15T19:10:00+00:00,63.56,63.66,63.18,63.2,15543
2026-04-15T19:15:00+00:00,63.19,63.19,62.9,63.01,17955
2026-04-15T19:20:00+00:00,62.97,63.02,62.75,62.985,9701
2026-04-15T19:25:00+00:00,63.02,63.07,62.7,62.86,17818
2026-04-15T19:30:00+00:00,62.88,63.0,62.7,62.85,18281
2026-04-15T19:35:00+00:00,62.83,63.11,62.76,62.79,17535
2026-04-15T19:40:00+00:00,62.67,62.91,62.53,62.88,19328
2026-04-15T19:45:00+00:00,62.9,63.09,62.875,62.91,16159
2026-04-15T19:50:00+00:00,62.93,63.09,62.83,62.99,22685
2026-04-15T19:55:00+00:00,63.0,63.48,62.97,63.3,68139
2026-04-15T20:00:00+00:00,63.35,63.68,63.35,63.68,3583
2026-04-15T20:05:00+00:00,63.7,63.86,63.56,63.56,13797
2026-04-15T20:10:00+00:00,63.56,63.85,63.56,63.85,2673
2026-04-15T20:15:00+00:00,63.85,64.0,63.85,63.98,6436
2026-04-15T20:20:00+00:00,63.98,64.0,63.98,64.0,2106
2026-04-15T20:25:00+00:00,64.0,64.0,63.74,63.75,3896
2026-04-15T20:30:00+00:00,63.75,63.75,63.619,63.7,1379
2026-04-15T20:35:00+00:00,63.74,63.74,63.74,63.74,513
2026-04-15T20:40:00+00:00,63.7,63.84,63.7,63.84,1090
2026-04-15T20:45:00+00:00,63.84,63.9,63.84,63.9,1968
2026-04-15T20:50:00+00:00,63.95,64.01,63.82,64.01,4414
2026-04-15T20:55:00+00:00,63.93,64.11,63.93,64.11,2420
2026-04-15T21:00:00+00:00,64.11,64.35,64.11,64.3,7238
2026-04-15T21:05:00+00:00,64.43,64.48,64.3,64.3,5721
2026-04-15T21:10:00+00:00,64.3,64.48,64.3,64.48,970
2026-04-15T21:15:00+00:00,64.41,64.41,64.4,64.4,922
2026-04-15T21:20:00+00:00,64.5,64.739,64.5,64.739,1701
2026-04-15T21:25:00+00:00,64.75,64.89,64.74,64.89,9402
2026-04-15T21:30:00+00:00,64.89,64.89,64.65,64.65,979
2026-04-15T21:35:00+00:00,64.65,64.72,64.65,64.72,486
2026-04-15T21:40:00+00:00,64.72,64.72,64.62,64.68,1160
2026-04-15T21:45:00+00:00,64.69,64.69,64.69,64.69,413
2026-04-15T21:50:00+00:00,64.69,64.69,64.66,64.66,375
2026-04-15T21:55:00+00:00,64.66,64.66,64.64,64.64,440
2026-04-15T22:00:00+00:00,64.64,64.64,64.57,64.57,457
2026-04-15T22:05:00+00:00,64.57,64.66,64.5,64.57,4537
2026-04-15T22:10:00+00:00,64.57,64.8,64.57,64.8,7741
2026-04-15T22:15:00+00:00,64.83,65.0,64.83,65.0,3711
2026-04-15T22:20:00+00:00,65.03,65.48,65.03,65.48,2696
2026-04-15T22:25:00+00:00,65.48,65.48,65.48,65.48,251
2026-04-15T22:30:00+00:00,65.48,65.48,65.2,65.24,877
2026-04-15T22:35:00+00:00,65.29,65.3,65.29,65.3,1012
2026-04-15T22:40:00+00:00,65.3,65.3,65.25,65.25,1294
2026-04-15T22:45:00+00:00,65.25,65.32,65.25,65.28,1669
2026-04-15T22:50:00+00:00,65.25,65.32,65.25,65.27,1109
2026-04-15T22:55:00+00:00,65.27,65.27,65.27,65.27,273
2026-04-15T23:00:00+00:00,65.27,65.32,65.27,65.32,805
2026-04-15T23:05:00+00:00,65.32,65.44,65.32,65.4,989
2026-04-15T23:10:00+00:00,65.4,65.4,65.23,65.23,884
2026-04-15T23:15:00+00:00,65.19,65.2,65.1,65.1,1540
2026-04-15T23:20:00+00:00,65.1,65.1,65.0,65.1,3127
2026-04-15T23:25:00+00:00,65.1,65.1,65.1,65.1,251
2026-04-15T23:30:00+00:00,65.04,65.17,65.04,65.17,842
2026-04-15T23:35:00+00:00,65.17,65.21,65.17,65.2,1678
2026-04-15T23:40:00+00:00,65.2,65.2,65.2,65.2,244
2026-04-15T23:45:00+00:00,65.2,65.39,65.02,65.39,1105
2026-04-15T23:50:00+00:00,65.33,65.4,65.3,65.39,1574
2026-04-15T23:55:00+00:00,65.37,65.4,65.37,65.39,658
2026-04-16T08:00:00+00:00,67.61,67.61,66.0,66.5,2109
2026-04-16T08:05:00+00:00,66.67,66.72,66.31,66.31,5926
2026-04-16T08:10:00+00:00,66.31,67.3,66.31,67.28,16180
2026-04-16T08:15:00+00:00,67.28,67.61,67.28,67.41,6991
2026-04-16T08:20:00+00:00,67.37,67.54,67.3,67.54,6488
2026-04-16T08:25:00+00:00,67.54,67.54,67.24,67.24,7722
2026-04-16T08:30:00+00:00,67.2,67.35,67.2,67.35,2512
2026-04-16T08:35:00+00:00,67.36,67.4,67.25,67.4,2940
2026-04-16T08:40:00+00:00,67.4,67.8,67.4,67.8,5021
2026-04-16T08:45:00+00:00,67.9,67.95,67.85,67.94,6443
2026-04-16T08:50:00+00:00,67.96,67.99,67.73,67.73,5882
2026-04-16T08:55:00+00:00,67.77,68.0,67.77,67.95,4099
2026-04-16T09:00:00+00:00,67.76,68.01,67.7,68.01,8424
2026-04-16T09:05:00+00:00,67.91,67.92,67.8,67.8,2501
2026-04-16T09:10:00+00:00,67.78,67.83,67.72,67.76,7601
2026-04-16T09:15:00+00:00,67.85,67.85,67.6,67.6,3088
2026-04-16T09:20:00+00:00,67.59,67.83,67.43,67.78,7796
2026-04-16T09:25:00+00:00,67.78,67.85,67.6,67.85,1803
2026-04-16T09:30:00+00:00,67.85,68.15,67.85,68.15,3501
2026-04-16T09:35:00+00:00,68.15,68.4,68.15,68.4,2815
2026-04-16T09:40:00+00:00,68.4,68.4,68.21,68.21,2119
2026-04-16T09:45:00+00:00,68.21,68.75,68.21,68.75,3313
2026-04-16T09:50:00+00:00,68.67,68.88,68.49,68.49,3942
2026-04-16T09:55:00+00:00,68.49,68.83,68.49,68.64,3463
2026-04-16T10:00:00+00:00,68.68,69.06,68.5,69.06,12948
2026-04-16T10:05:00+00:00,69.12,69.33,68.99,68.99,7223
2026-04-16T10:10:00+00:00,68.99,69.0,68.94,68.95,2898
2026-04-16T10:15:00+00:00,68.95,69.1,68.73,68.73,7960
2026-04-16T10:20:00+00:00,68.7,68.7,68.5,68.5,4998
2026-04-16T10:25:00+00:00,68.41,68.58,68.3,68.53,3675
2026-04-16T10:30:00+00:00,68.3,68.99,68.26,68.99,9739
2026-04-16T10:35:00+00:00,68.7,68.71,67.99,68.04,6287
2026-04-16T10:40:00+00:00,68.1,68.26,68.01,68.26,2367
2026-04-16T10:45:00+00:00,68.26,68.37,68.08,68.37,9414
2026-04-16T10:50:00+00:00,68.35,68.5,68.25,68.45,2708
2026-04-16T10:55:00+00:00,68.45,68.45,68.12,68.12,3505
2026-04-16T11:00:00+00:00,68.12,68.69,68.0,68.69,8785
2026-04-16T11:05:00+00:00,68.65,68.65,68.49,68.49,7465
2026-04-16T11:10:00+00:00,68.54,68.59,68.5,68.5,4114
2026-04-16T11:15:00+00:00,68.49,68.5,68.15,68.2,8222
2026-04-16T11:20:00+00:00,68.39,68.49,67.97,68.0,8063
2026-04-16T11:25:00+00:00,67.89,68.09,67.7,67.751,12306
2026-04-16T11:30:00+00:00,67.8,68.0,67.72,68.0,3834
2026-04-16T11:35:00+00:00,68.15,68.15,68.01,68.1,2668
2026-04-16T11:40:00+00:00,68.01,68.21,68.01,68.21,5028
2026-04-16T11:45:00+00:00,68.21,68.25,68.18,68.25,2342
2026-04-16T11:50:00+00:00,68.35,68.7,68.35,68.5,7861
2026-04-16T11:55:00+00:00,68.43,68.43,68.3,68.32,6882
2026-04-16T12:00:00+00:00,68.3,68.5,68.03,68.33,5507
2026-04-16T12:05:00+00:00,68.33,68.33,67.9,67.9,16802
2026-04-16T12:10:00+00:00,67.9,68.0,67.7,67.7,10340
2026-04-16T12:15:00+00:00,67.77,67.77,67.56,67.59,5206
2026-04-16T12:20:00+00:00,67.68,67.78,67.55,67.55,10396
2026-04-16T12:25:00+00:00,67.62,67.91,67.6,67.87,4359
2026-04-16T12:30:00+00:00,67.8,67.8,67.41,67.5,5172
2026-04-16T12:35:00+00:00,67.5,67.5,67.03,67.15,9495
2026-04-16T12:40:00+00:00,67.22,67.31,66.71,66.86,22800
2026-04-16T12:45:00+00:00,66.79,66.79,66.4,66.64,22036
2026-04-16T12:50:00+00:00,66.64,66.81,66.5,66.5,5751
2026-04-16T12:55:00+00:00,66.41,67.2,66.41,67.15,5950
2026-04-16T13:00:00+00:00,67.18,67.2,67.01,67.2,4868
2026-04-16T13:05:00+00:00,67.35,67.48,67.2,67.35,5931
2026-04-16T13:10:00+00:00,67.24,67.25,66.8,66.81,9661
2026-04-16T13:15:00+00:00,66.88,67.4,66.88,67.4,4545
2026-04-16T13:20:00+00:00,67.5,67.5,66.8,67.09,10646
2026-04-16T13:25:00+00:00,67.08,67.49,66.69,67.49,8168
2026-04-16T13:30:00+00:00,67.67,68.6,64.2,65.86,190422
2026-04-16T13:35:00+00:00,65.98,65.99,63.98,64.1,110456
2026-04-16T13:40:00+00:00,64.18,65.3,64.14,65.0,50308
2026-04-16T13:45:00+00:00,64.92,64.92,64.14,64.46,33505
2026-04-16T13:50:00+00:00,64.55,64.61,62.12,62.14,104703
2026-04-16T13:55:00+00:00,62.0,62.72,61.7,62.67,87530
2026-04-16T14:00:00+00:00,62.69,62.69,61.91,62.38,33108
2026-04-16T14:05:00+00:00,62.4,63.0,62.3,63.0,38586
2026-04-16T14:10:00+00:00,63.0,63.35,62.88,62.96,37781
2026-04-16T14:15:00+00:00,62.97,62.98,61.66,61.7,27520
2026-04-16T14:20:00+00:00,61.65,61.99,60.83,61.0,46071
2026-04-16T14:25:00+00:00,60.99,62.0,60.99,62.0,20360
2026-04-16T14:30:00+00:00,62.04,62.27,61.75,61.96,27849
2026-04-16T14:35:00+00:00,62.06,62.09,61.66,61.66,14774
2026-04-16T14:40:00+00:00,61.68,62.25,61.68,62.25,9194
2026-04-16T14:45:00+00:00,62.28,62.69,62.2,62.69,14073
2026-04-16T14:50:00+00:00,62.67,63.1,62.5,63.09,31388
2026-04-16T14:55:00+00:00,63.11,63.11,62.6,62.69,11043
2026-04-16T15:00:00+00:00,62.65,63.1,62.65,62.9,10150
2026-04-16T15:05:00+00:00,62.85,63.79,62.85,63.64,20324
2026-04-16T15:10:00+00:00,63.8,64.2,63.54,63.54,23784
2026-04-16T15:15:00+00:00,63.8,64.34,63.8,63.89,39241
2026-04-16T15:20:00+00:00,63.81,64.59,63.76,64.54,29787
2026-04-16T15:25:00+00:00,64.5,64.66,64.29,64.31,18732
2026-04-16T15:30:00+00:00,64.1,64.2,63.85,64.02,12757
2026-04-16T15:35:00+00:00,64.12,64.6,64.0,64.6,15375
2026-04-16T15:40:00+00:00,64.51,64.58,64.05,64.1,20661
2026-04-16T15:45:00+00:00,64.0,64.0,63.2,63.42,19829
2026-04-16T15:50:00+00:00,63.39,64.08,63.36,63.95,7739
2026-04-16T15:55:00+00:00,63.97,64.31,63.97,64.2,7334
2026-04-16T16:00:00+00:00,64.34,64.66,64.34,64.58,14135
2026-04-16T16:05:00+00:00,64.63,64.63,64.38,64.51,8606
2026-04-16T16:10:00+00:00,64.5,64.81,64.46,64.79,10403
2026-04-16T16:15:00+00:00,64.77,65.37,64.77,65.1,24968
2026-04-16T16:20:00+00:00,65.18,65.43,64.9,64.9,16659
2026-04-16T16:25:00+00:00,64.87,65.06,64.72,64.74,6791
2026-04-16T16:30:00+00:00,64.74,64.8,63.74,63.9,14699
2026-04-16T16:35:00+00:00,63.74,64.34,63.64,64.11,16039
2026-04-16T16:40:00+00:00,64.24,64.25,64.0,64.22,5455
2026-04-16T16:45:00+00:00,64.18,64.18,63.57,63.73,8315
2026-04-16T16:50:00+00:00,63.77,63.8,63.6,63.6,6444
2026-04-16T16:55:00+00:00,63.58,63.58,63.0,63.13,14126
2026-04-16T17:00:00+00:00,63.1,63.17,62.63,62.85,15318
2026-04-16T17:05:00+00:00,62.85,62.93,62.56,62.93,8707
2026-04-16T17:10:00+00:00,63.0,63.47,62.85,62.85,17514
2026-04-16T17:15:00+00:00,62.84,63.04,62.65,62.96,21787
2026-04-16T17:20:00+00:00,63.1,63.56,63.03,63.5,8964
2026-04-16T17:25:00+00:00,63.5,63.7,63.3,63.33,10092
2026-04-16T17:30:00+00:00,63.26,63.51,63.18,63.31,11584
2026-04-16T17:35:00+00:00,63.31,63.33,63.17,63.33,3561
2026-04-16T17:40:00+00:00,63.33,63.7,63.33,63.7,8708
2026-04-16T17:45:00+00:00,63.63,64.06,63.58,64.0,9521
2026-04-16T17:50:00+00:00,64.04,64.15,63.86,64.15,9944
2026-04-16T17:55:00+00:00,64.09,64.09,63.63,63.9,13458
2026-04-16T18:00:00+00:00,63.98,64.18,63.95,64.03,6412
2026-04-16T18:05:00+00:00,64.02,64.12,63.54,63.58,9829
2026-04-16T18:10:00+00:00,63.58,63.63,63.15,63.23,8803
2026-04-16T18:15:00+00:00,63.3,63.57,63.27,63.52,6293
2026-04-16T18:20:00+00:00,63.46,63.63,63.14,63.27,9885
2026-04-16T18:25:00+00:00,63.27,63.27,63.0,63.23,6716
2026-04-16T18:30:00+00:00,63.32,63.83,63.32,63.8,4446
2026-04-16T18:35:00+00:00,63.805,64.04,63.76,63.99,6661
2026-04-16T18:40:00+00:00,64.05,64.05,63.73,63.77,6002
2026-04-16T18:45:00+00:00,63.96,64.09,63.92,63.94,5167
2026-04-16T18:50:00+00:00,63.86,63.96,63.85,63.9,3090
2026-04-16T18:55:00+00:00,63.9,63.9,63.58,63.645,8479
2026-04-16T19:00:00+00:00,63.81,63.86,63.77,63.77,3567
2026-04-16T19:05:00+00:00,63.72,63.77,63.535,63.66,4921
2026-04-16T19:10:00+00:00,63.59,63.59,63.34,63.58,4139
2026-04-16T19:15:00+00:00,63.58,63.685,63.58,63.65,5262
2026-04-16T19:20:00+00:00,63.56,63.65,63.48,63.56,6060
2026-04-16T19:25:00+00:00,63.58,63.58,63.33,63.38,6310
2026-04-16T19:30:00+00:00,63.39,63.74,63.38,63.73,10491
2026-04-16T19:35:00+00:00,63.71,64.0,63.7,63.7,9132
2026-04-16T19:40:00+00:00,63.73,64.04,63.73,64.0,13028
2026-04-16T19:45:00+00:00,63.84,64.3,63.84,64.21,21129
2026-04-16T19:50:00+00:00,64.24,64.39,64.04,64.19,31113
2026-04-16T19:55:00+00:00,64.26,64.26,64.05,64.17,48272
2026-04-16T20:00:00+00:00,67.61,67.61,64.2,64.34,5061
2026-04-16T20:05:00+00:00,64.34,64.42,64.21,64.23,2720
2026-04-16T20:10:00+00:00,64.23,64.25,64.21,64.21,1241
2026-04-16T20:15:00+00:00,64.33,64.33,64.27,64.27,711
2026-04-16T20:20:00+00:00,64.22,64.22,64.17,64.18,5617
2026-04-16T20:25:00+00:00,64.22,64.26,64.15,64.26,4082
2026-04-16T20:30:00+00:00,64.26,64.26,64.26,64.26,378
2026-04-16T20:35:00+00:00,64.26,64.26,64.26,64.26,54
2026-04-16T20:40:00+00:00,64.3,64.3,64.29,64.29,1298
2026-04-16T20:45:00+00:00,64.29,64.35,64.29,64.29,1552
2026-04-16T20:50:00+00:00,64.31,64.31,64.31,64.31,140
2026-04-16T20:55:00+00:00,64.31,64.31,64.21,64.25,463
2026-04-16T21:00:00+00:00,64.33,64.429,64.32,64.429,2578
2026-04-16T21:05:00+00:00,64.429,64.429,64.28,64.28,1054
2026-04-16T21:10:00+00:00,64.28,64.28,64.21,64.21,782
2026-04-16T21:15:00+00:00,64.21,64.21,64.13,64.2,1632
2026-04-16T21:20:00+00:00,64.21,64.21,64.07,64.07,2339
2026-04-16T21:25:00+00:00,64.07,64.07,64.06,64.06,330
2026-04-16T21:30:00+00:00,64.06,64.06,63.9,63.9,443
2026-04-16T21:35:00+00:00,63.9,63.9,63.9,63.9,225
2026-04-16T21:40:00+00:00,63.79,63.8,63.55,63.55,2017
2026-04-16T21:45:00+00:00,63.55,63.55,63.55,63.55,94
2026-04-16T21:50:00+00:00,63.71,63.98,63.71,63.98,611
2026-04-16T21:55:00+00:00,63.98,63.98,63.98,63.98,20
2026-04-16T22:00:00+00:00,63.98,63.98,63.98,63.98,341
2026-04-16T22:05:00+00:00,64.1,64.1,63.88,63.88,3647
2026-04-16T22:10:00+00:00,63.88,63.99,63.88,63.99,413
2026-04-16T22:15:00+00:00,63.99,64.0,63.99,64.0,1119
2026-04-16T22:20:00+00:00,64.0,64.0,64.0,64.0,887
2026-04-16T22:25:00+00:00,64.11,64.13,64.11,64.13,435
2026-04-16T22:30:00+00:00,64.13,64.13,64.13,64.13,42
2026-04-16T22:35:00+00:00,64.13,64.13,64.1,64.12,1104
2026-04-16T22:40:00+00:00,64.12,64.12,64.12,64.12,43
2026-04-16T22:45:00+00:00,64.12,64.12,63.83,63.83,440
2026-04-16T22:50:00+00:00,63.82,63.91,63.81,63.91,985
2026-04-16T22:55:00+00:00,63.91,63.91,63.85,63.85,412
2026-04-16T23:00:00+00:00,63.85,63.9,63.83,63.9,290
2026-04-16T23:05:00+00:00,63.83,63.91,63.83,63.91,1714
2026-04-16T23:10:00+00:00,63.84,63.94,63.84,63.94,452
2026-04-16T23:15:00+00:00,63.94,63.94,63.94,63.94,0
2026-04-16T23:20:00+00:00,63.94,63.94,63.94,63.94,60
2026-04-16T23:25:00+00:00,63.94,63.94,63.94,63.94,3
2026-04-16T23:30:00+00:00,63.94,63.94,63.94,63.94,24
2026-04-16T23:35:00+00:00,63.94,63.94,63.94,63.94,81
2026-04-16T23:40:00+00:00,63.94,63.94,63.94,63.94,167
2026-04-16T23:45:00+00:00,63.94,63.94,63.94,63.94,21
2026-04-16T23:50:00+00:00,63.94,63.98,63.94,63.98,630
2026-04-16T23:55:00+00:00,63.98,63.98,63.86,63.86,656
2026-04-17T08:00:00+00:00,66.06,66.06,66.06,66.06,244
2026-04-17T08:05:00+00:00,64.23,64.42,64.23,64.42,1963
2026-04-17T08:10:00+00:00,64.42,64.53,64.42,64.42,1369
2026-04-17T08:15:00+00:00,64.42,64.44,64.42,64.44,358
2026-04-17T08:20:00+00:00,64.83,65.1,64.83,65.1,4467
2026-04-17T08:25:00+00:00,65.15,65.26,65.02,65.26,4119
2026-04-17T08:30:00+00:00,65.26,65.26,65.18,65.18,1562
2026-04-17T08:35:00+00:00,65.18,65.18,64.96,64.96,6524
2026-04-17T08:40:00+00:00,64.96,65.48,64.96,65.4,2806
2026-04-17T08:45:00+00:00,65.5,65.5,65.35,65.35,1411
2026-04-17T08:50:00+00:00,65.35,65.35,65.2,65.2,1488
2026-04-17T08:55:00+00:00,65.1,65.22,65.1,65.12,1077
2026-04-17T09:00:00+00:00,65.13,65.2,65.13,65.2,2669
2026-04-17T09:05:00+00:00,65.2,65.2,64.89,64.9,1627
2026-04-17T09:10:00+00:00,64.9,64.9,64.9,64.9,779
2026-04-17T09:15:00+00:00,64.9,64.9,64.78,64.78,3867
2026-04-17T09:20:00+00:00,64.78,64.87,64.78,64.87,956
2026-04-17T09:25:00+00:00,64.84,64.84,64.84,64.84,648
2026-04-17T09:30:00+00:00,64.84,64.84,64.84,64.84,222
2026-04-17T09:35:00+00:00,64.84,64.84,64.84,64.84,262
2026-04-17T09:40:00+00:00,64.84,65.12,64.84,65.12,1004
2026-04-17T09:45:00+00:00,64.98,65.04,64.98,65.03,1900
2026-04-17T09:50:00+00:00,65.04,65.08,65.04,65.08,1065
2026-04-17T09:55:00+00:00,65.09,65.1,65.09,65.1,1053
2026-04-17T10:00:00+00:00,65.05,65.05,64.97,64.97,781
2026-04-17T10:05:00+00:00,64.97,64.97,64.97,64.97,391
2026-04-17T10:10:00+00:00,65.07,65.1,65.06,65.1,4968
2026-04-17T10:15:00+00:00,65.1,65.1,64.92,64.92,1834
2026-04-17T10:20:00+00:00,64.92,64.92,64.85,64.85,452
2026-04-17T10:25:00+00:00,64.85,64.85,64.85,64.85,246
2026-04-17T10:30:00+00:00,64.91,64.91,64.8,64.8,2443
2026-04-17T10:35:00+00:00,64.8,64.8,64.8,64.8,932
2026-04-17T10:40:00+00:00,64.8,64.8,64.62,64.62,1119
2026-04-17T10:45:00+00:00,64.62,64.62,64.62,64.62,98
2026-04-17T10:50:00+00:00,64.62,64.69,64.62,64.69,709
2026-04-17T10:55:00+00:00,64.69,64.69,64.6,64.6,609
2026-04-17T11:00:00+00:00,64.6,64.67,64.6,64.67,1424
2026-04-17T11:05:00+00:00,64.67,64.67,64.67,64.67,468
2026-04-17T11:10:00+00:00,64.67,64.67,64.67,64.67,318
2026-04-17T11:15:00+00:00,64.67,64.85,64.67,64.85,3470
2026-04-17T11:20:00+00:00,64.85,64.85,64.85,64.85,222
2026-04-17T11:25:00+00:00,64.85,64.9,64.75,64.75,2799
2026-04-17T11:30:00+00:00,64.75,64.75,64.75,64.75,122
2026-04-17T11:35:00+00:00,64.8,64.8,64.8,64.8,1320
2026-04-17T11:40:00+00:00,64.8,64.8,64.8,64.8,227
2026-04-17T11:45:00+00:00,64.8,64.86,64.8,64.86,279
2026-04-17T11:50:00+00:00,64.86,65.0,64.86,65.0,1195
2026-04-17T11:55:00+00:00,64.995,65.33,64.99,65.3,3707
2026-04-17T12:00:00+00:00,65.25,65.44,65.25,65.44,3049
2026-04-17T12:05:00+00:00,65.43,65.5,65.33,65.33,5761
2026-04-17T12:10:00+00:00,65.28,65.39,65.27,65.39,1605
2026-04-17T12:15:00+00:00,65.39,65.39,65.2,65.2,948
2026-04-17T12:20:00+00:00,65.2,65.2,65.01,65.01,2194
2026-04-17T12:25:00+00:00,65.01,65.24,65.01,65.24,2210
2026-04-17T12:30:00+00:00,65.42,65.5,65.4,65.4,2043
2026-04-17T12:35:00+00:00,65.4,65.4,65.21,65.21,3813
2026-04-17T12:40:00+00:00,65.3,65.3,65.17,65.17,1422
2026-04-17T12:45:00+00:00,65.21,65.7,65.21,65.67,4669
2026-04-17T12:50:00+00:00,65.71,66.16,65.67,66.0,18452
2026-04-17T12:55:00+00:00,66.13,66.34,66.1,66.34,6844
2026-04-17T13:00:00+00:00,66.23,66.27,65.86,66.23,11230
2026-04-17T13:05:00+00:00,66.23,66.76,66.19,66.73,8543
2026-04-17T13:10:00+00:00,66.69,66.72,66.43,66.6,15965
2026-04-17T13:15:00+00:00,66.6,66.61,66.3,66.58,10764
2026-04-17T13:20:00+00:00,66.5,66.5,66.3,66.35,8390
2026-04-17T13:25:00+00:00,66.35,66.38,66.04,66.38,8421
2026-04-17T13:30:00+00:00,65.9,66.14,64.96,66.14,60754
2026-04-17T13:35:00+00:00,66.18,66.47,65.21,65.97,52706
2026-04-17T13:40:00+00:00,65.77,66.3,65.33,66.29,21556
2026-04-17T13:45:00+00:00,66.35,66.85,65.99,66.6,39981
2026-04-17T13:50:00+00:00,66.51,67.01,66.4,66.969,46567
2026-04-17T13:55:00+00:00,66.8,67.0,66.12,66.45,32516
2026-04-17T14:00:00+00:00,66.5,67.1,66.31,67.02,31811
2026-04-17T14:05:00+00:00,67.04,67.28,66.5,66.57,27046
2026-04-17T14:10:00+00:00,66.68,67.45,66.68,67.35,29241
2026-04-17T14:15:00+00:00,67.3,68.68,67.17,68.49,70503
2026-04-17T14:20:00+00:00,68.59,69.76,68.0,69.68,85680
2026-04-17T14:25:00+00:00,69.68,72.22,69.68,71.89,149358
2026-04-17T14:30:00+00:00,71.99,73.02,71.19,72.62,171895
2026-04-17T14:35:00+00:00,72.62,72.9,71.465,72.43,83276
2026-04-17T14:40:00+00:00,72.52,74.14,72.14,73.16,101746
2026-04-17T14:45:00+00:00,73.11,73.335,72.0,72.6,70081
2026-04-17T14:50:00+00:00,72.48,72.56,71.4,71.8,45199
2026-04-17T14:55:00+00:00,71.45,71.51,70.58,70.725,43202
2026-04-17T15:00:00+00:00,70.8,70.91,69.79,69.91,61900
2026-04-17T15:05:00+00:00,69.885,70.16,69.14,69.6,41569
2026-04-17T15:10:00+00:00,69.56,70.22,69.3,69.62,40976
2026-04-17T15:15:00+00:00,69.64,69.815,68.72,68.9,41509
2026-04-17T15:20:00+00:00,68.87,69.56,68.72,69.56,30149
2026-04-17T15:25:00+00:00,69.55,70.4,69.55,70.06,41850
2026-04-17T15:30:00+00:00,70.13,70.38,69.46,69.475,21496
2026-04-17T15:35:00+00:00,69.45,69.67,69.18,69.2,20379
2026-04-17T15:40:00+00:00,69.21,69.21,68.05,68.13,44697
2026-04-17T15:45:00+00:00,68.285,68.78,68.285,68.78,17739
2026-04-17T15:50:00+00:00,68.56,69.1,68.38,69.09,10907
2026-04-17T15:55:00+00:00,69.07,69.67,69.06,69.48,20109
2026-04-17T16:00:00+00:00,69.45,69.6,68.9,69.47,21735
2026-04-17T16:05:00+00:00,69.42,69.65,69.26,69.295,13127
2026-04-17T16:10:00+00:00,69.25,69.54,69.12,69.54,15453
2026-04-17T16:15:00+00:00,69.46,69.555,69.26,69.37,7323
2026-04-17T16:20:00+00:00,69.38,69.52,69.21,69.34,11123
2026-04-17T16:25:00+00:00,69.45,69.81,69.45,69.72,16037
2026-04-17T16:30:00+00:00,69.72,69.83,69.26,69.28,14173
2026-04-17T16:35:00+00:00,69.21,69.21,68.63,68.65,12766
2026-04-17T16:40:00+00:00,68.75,68.75,68.27,68.59,13745
2026-04-17T16:45:00+00:00,68.66,68.98,68.49,68.76,13716
2026-04-17T16:50:00+00:00,68.82,68.83,68.23,68.25,12345
2026-04-17T16:55:00+00:00,68.215,68.36,68.14,68.36,7392
2026-04-17T17:00:00+00:00,68.34,68.59,68.33,68.59,5112
2026-04-17T17:05:00+00:00,68.54,68.69,67.7,67.88,33892
2026-04-17T17:10:00+00:00,67.75,67.8,67.39,67.67,19607
2026-04-17T17:15:00+00:00,67.75,67.92,67.55,67.55,7971
2026-04-17T17:20:00+00:00,67.47,67.55,66.93,66.99,25253
2026-04-17T17:25:00+00:00,66.95,67.31,66.72,66.97,20589
2026-04-17T17:30:00+00:00,66.92,67.28,66.9,67.07,24194
2026-04-17T17:35:00+00:00,67.09,67.67,67.09,67.53,27628
2026-04-17T17:40:00+00:00,67.69,67.8,67.51,67.73,12220
2026-04-17T17:45:00+00:00,67.79,68.31,67.74,67.9,11723
2026-04-17T17:50:00+00:00,67.86,68.12,67.72,67.73,8904
2026-04-17T17:55:00+00:00,67.76,67.76,67.4,67.46,8182
2026-04-17T18:00:00+00:00,67.53,67.54,67.05,67.2,14203
2026-04-17T18:05:00+00:00,67.23,67.26,66.9,66.9,19669
2026-04-17T18:10:00+00:00,66.9,67.07,66.77,66.98,10584
2026-04-17T18:15:00+00:00,67.1,67.395,67.1,67.33,13409
2026-04-17T18:20:00+00:00,67.34,67.34,66.94,67.27,8439
2026-04-17T18:25:00+00:00,67.2,67.505,67.12,67.18,8556
2026-04-17T18:30:00+00:00,67.1,67.32,67.02,67.24,8185
2026-04-17T18:35:00+00:00,67.24,67.5,67.19,67.29,11200
2026-04-17T18:40:00+00:00,67.34,67.79,67.34,67.79,10159
2026-04-17T18:45:00+00:00,67.77,68.02,67.645,67.79,18171
2026-04-17T18:50:00+00:00,67.81,67.82,67.28,67.28,13155
2026-04-17T18:55:00+00:00,67.27,67.39,67.12,67.21,12858
2026-04-17T19:00:00+00:00,67.23,67.25,66.97,67.1,16039
2026-04-17T19:05:00+00:00,67.08,67.13,66.86,67.01,18910
2026-04-17T19:10:00+00:00,67.08,67.08,66.75,67.0,21110
2026-04-17T19:15:00+00:00,66.93,67.36,66.92,67.34,11353
2026-04-17T19:20:00+00:00,67.4,67.57,67.31,67.33,9970
2026-04-17T19:25:00+00:00,67.26,67.41,67.15,67.4,14988
2026-04-17T19:30:00+00:00,67.32,67.32,67.1,67.16,13985
2026-04-17T19:35:00+00:00,67.23,67.23,67.01,67.13,14646
2026-04-17T19:40:00+00:00,67.11,67.36,67.02,67.31,15240
2026-04-17T19:45:00+00:00,67.33,67.33,66.87,67.0,21087
2026-04-17T19:50:00+00:00,66.97,67.29,66.84,67.17,39426
2026-04-17T19:55:00+00:00,67.26,67.26,66.78,66.79,81136
2026-04-17T20:00:00+00:00,66.79,66.8,66.65,66.65,2737
2026-04-17T20:05:00+00:00,66.64,66.8,66.6,66.73,20781
2026-04-17T20:10:00+00:00,66.67,66.78,66.62,66.71,3332
2026-04-17T20:15:00+00:00,66.71,66.829,66.66,66.8,2697
2026-04-17T20:20:00+00:00,66.7,66.71,66.63,66.71,2666
2026-04-17T20:25:00+00:00,66.71,66.71,66.71,66.71,457
2026-04-17T20:30:00+00:00,66.57,66.57,66.44,66.44,5674
2026-04-17T20:35:00+00:00,66.5,66.55,66.38,66.43,6195
2026-04-17T20:40:00+00:00,66.43,66.45,66.42,66.44,1511
2026-04-17T20:45:00+00:00,66.43,66.62,66.43,66.571,1334
2026-04-17T20:50:00+00:00,66.571,66.571,66.571,66.571,418
2026-04-17T20:55:00+00:00,66.571,66.8,66.571,66.8,2137
2026-04-17T21:00:00+00:00,66.8,66.8,66.8,66.8,223
2026-04-17T21:05:00+00:00,66.8,66.8,66.75,66.8,1810
2026-04-17T21:10:00+00:00,66.85,66.87,66.85,66.859,2166
2026-04-17T21:15:00+00:00,66.859,66.859,66.8,66.8,918
2026-04-17T21:20:00+00:00,66.8,66.85,66.8,66.85,227
2026-04-17T21:25:00+00:00,66.85,66.85,66.85,66.85,497
2026-04-17T21:30:00+00:00,66.89,66.95,66.86,66.86,1821
2026-04-17T21:35:00+00:00,66.86,66.92,66.86,66.92,264
2026-04-17T21:40:00+00:00,66.92,66.92,66.9,66.9,1024
2026-04-17T21:45:00+00:00,66.9,66.9,66.9,66.9,221
2026-04-17T21:50:00+00:00,66.9,66.9,66.9,66.9,340
2026-04-17T21:55:00+00:00,66.9,66.9,66.9,66.9,417
2026-04-17T22:00:00+00:00,66.94,66.94,66.87,66.87,730
2026-04-17T22:05:00+00:00,66.87,66.87,66.85,66.87,629
2026-04-17T22:10:00+00:00,66.87,66.87,66.86,66.86,522
2026-04-17T22:15:00+00:00,66.86,66.86,66.86,66.86,124
2026-04-17T22:20:00+00:00,66.91,66.91,66.91,66.91,289
2026-04-17T22:25:00+00:00,66.82,66.85,66.82,66.85,1936
2026-04-17T22:30:00+00:00,66.78,66.78,66.63,66.63,611
2026-04-17T22:35:00+00:00,66.63,66.63,66.62,66.62,489
2026-04-17T22:40:00+00:00,66.62,66.62,66.62,66.62,250
2026-04-17T22:45:00+00:00,66.62,66.67,66.62,66.67,200
2026-04-17T22:50:00+00:00,66.67,66.67,66.61,66.61,638
2026-04-17T22:55:00+00:00,66.61,66.74,66.61,66.74,267
2026-04-17T23:00:00+00:00,66.75,66.88,66.75,66.88,1696
2026-04-17T23:05:00+00:00,66.88,66.9,66.88,66.9,104
2026-04-17T23:10:00+00:00,66.9,66.9,66.9,66.9,238
2026-04-17T23:15:00+00:00,66.9,66.9,66.77,66.81,1478
2026-04-17T23:20:00+00:00,66.81,66.81,66.81,66.81,386
2026-04-17T23:25:00+00:00,66.81,66.82,66.8,66.81,1580
2026-04-17T23:30:00+00:00,66.81,66.81,66.81,66.81,415
2026-04-17T23:35:00+00:00,66.81,66.81,66.81,66.81,50
2026-04-17T23:40:00+00:00,66.81,66.81,66.81,66.81,150
2026-04-17T23:45:00+00:00,66.9,66.94,66.9,66.94,588
2026-04-17T23:50:00+00:00,66.94,66.94,66.88,66.88,154
2026-04-17T23:55:00+00:00,66.88,66.88,66.85,66.85,167
2026-04-20T08:00:00+00:00,65.53,65.53,64.6,64.64,5853
2026-04-20T08:05:00+00:00,64.64,64.64,64.35,64.52,3738
2026-04-20T08:10:00+00:00,64.52,64.85,64.52,64.82,1979
2026-04-20T08:15:00+00:00,64.82,64.82,64.82,64.82,1233
2026-04-20T08:20:00+00:00,64.82,64.82,64.82,64.82,499
2026-04-20T08:25:00+00:00,64.67,64.8,64.67,64.8,1332
2026-04-20T08:30:00+00:00,64.8,64.8,64.8,64.8,584
2026-04-20T08:35:00+00:00,64.8,64.8,64.69,64.7,2897
2026-04-20T08:40:00+00:00,64.7,64.7,64.68,64.68,1596
2026-04-20T08:45:00+00:00,64.68,64.72,64.68,64.72,726
2026-04-20T08:50:00+00:00,64.72,64.72,64.72,64.72,350
2026-04-20T08:55:00+00:00,64.72,65.02,64.72,65.02,944
2026-04-20T09:00:00+00:00,65.02,65.05,65.02,65.05,617
2026-04-20T09:05:00+00:00,65.05,65.13,65.05,65.09,785
2026-04-20T09:10:00+00:00,65.0,65.0,64.81,64.9,1772
2026-04-20T09:15:00+00:00,64.9,64.9,64.9,64.9,404
2026-04-20T09:20:00+00:00,64.9,64.9,64.9,64.9,2
2026-04-20T09:25:00+00:00,64.9,64.9,64.9,64.9,279
2026-04-20T09:30:00+00:00,64.9,64.9,64.9,64.9,420
2026-04-20T09:35:00+00:00,64.9,64.9,64.9,64.9,102
2026-04-20T09:40:00+00:00,64.9,64.9,64.9,64.9,451
2026-04-20T09:45:00+00:00,64.9,64.9,64.9,64.9,80
2026-04-20T09:50:00+00:00,64.9,64.94,64.9,64.9,579
2026-04-20T09:55:00+00:00,64.9,64.91,64.9,64.91,544
2026-04-20T10:00:00+00:00,64.91,64.91,64.91,64.91,519
2026-04-20T10:05:00+00:00,64.94,65.13,64.94,65.13,3911
2026-04-20T10:10:00+00:00,65.1,65.16,65.1,65.16,2064
2026-04-20T10:15:00+00:00,65.03,65.1,65.01,65.1,1954
2026-04-20T10:20:00+00:00,65.12,65.12,65.0,65.0,1330
2026-04-20T10:25:00+00:00,64.92,64.92,64.9,64.9,1365
2026-04-20T10:30:00+00:00,64.86,64.86,64.72,64.75,2134
2026-04-20T10:35:00+00:00,64.75,64.8,64.75,64.75,609
2026-04-20T10:40:00+00:00,64.79,64.8,64.79,64.8,1299
2026-04-20T10:45:00+00:00,64.8,64.8,64.8,64.8,178
2026-04-20T10:50:00+00:00,64.8,65.12,64.73,65.12,4654
2026-04-20T10:55:00+00:00,65.12,65.12,65.03,65.03,714
2026-04-20T11:00:00+00:00,64.72,64.85,64.1,64.1,5038
2026-04-20T11:05:00+00:00,64.25,64.5,64.16,64.45,1899
2026-04-20T11:10:00+00:00,64.45,64.45,64.4,64.4,1910
2026-04-20T11:15:00+00:00,64.4,64.4,64.4,64.4,502
2026-04-20T11:20:00+00:00,64.58,64.58,64.43,64.43,1314
2026-04-20T11:25:00+00:00,64.43,64.43,64.43,64.43,321
2026-04-20T11:30:00+00:00,64.44,64.6,64.44,64.6,1600
2026-04-20T11:35:00+00:00,64.6,64.76,64.6,64.7,1539
2026-04-20T11:40:00+00:00,64.62,64.75,64.62,64.75,645
2026-04-20T11:45:00+00:00,64.75,64.9,64.75,64.9,1313
2026-04-20T11:50:00+00:00,64.9,64.9,64.8,64.8,2820
2026-04-20T11:55:00+00:00,64.8,64.8,64.74,64.74,510
2026-04-20T12:00:00+00:00,64.82,65.2,64.8,65.14,5907
2026-04-20T12:05:00+00:00,65.14,65.2,65.14,65.2,920
2026-04-20T12:10:00+00:00,65.14,65.22,65.14,65.19,1148
2026-04-20T12:15:00+00:00,65.19,65.19,65.19,65.19,491
2026-04-20T12:20:00+00:00,65.19,65.19,65.1,65.1,990
2026-04-20T12:25:00+00:00,65.18,65.29,65.15,65.29,2710
2026-04-20T12:30:00+00:00,65.29,65.3,65.24,65.24,996
2026-04-20T12:35:00+00:00,65.24,65.31,65.24,65.29,1175
2026-04-20T12:40:00+00:00,65.3,65.38,65.26,65.38,1933
2026-04-20T12:45:00+00:00,65.44,65.72,65.44,65.7,5109
2026-04-20T12:50:00+00:00,65.83,65.83,65.48,65.48,628
2026-04-20T12:55:00+00:00,65.48,65.95,65.36,65.79,3225
2026-04-20T13:00:00+00:00,65.71,65.71,65.59,65.61,2213
2026-04-20T13:05:00+00:00,65.71,65.79,65.53,65.79,6884
2026-04-20T13:10:00+00:00,66.0,66.0,65.86,65.86,2466
2026-04-20T13:15:00+00:00,65.86,65.86,65.4,65.43,3433
2026-04-20T13:20:00+00:00,65.5,65.5,65.16,65.16,3258
2026-04-20T13:25:00+00:00,65.2,65.46,64.88,64.88,5879
2026-04-20T13:30:00+00:00,65.47,66.94,64.3,66.65,127244
2026-04-20T13:35:00+00:00,66.6,66.6,65.18,65.51,48417
2026-04-20T13:40:00+00:00,65.34,65.91,65.0,65.68,40727
2026-04-20T13:45:00+00:00,65.62,65.72,64.53,64.69,34230
2026-04-20T13:50:00+00:00,64.8,65.44,64.76,65.4,30432
2026-04-20T13:55:00+00:00,65.46,66.08,65.4,65.8,35938
2026-04-20T14:00:00+00:00,65.7,66.66,65.53,66.37,29021
2026-04-20T14:05:00+00:00,66.5,66.9,66.13,66.29,52547
2026-04-20T14:10:00+00:00,66.35,66.52,65.75,66.0,18803
2026-04-20T14:15:00+00:00,65.88,66.05,65.35,65.41,13952
2026-04-20T14:20:00+00:00,65.62,66.0,65.33,65.92,14080
2026-04-20T14:25:00+00:00,65.97,66.03,65.49,65.8,12909
2026-04-20T14:30:00+00:00,65.76,65.98,65.61,65.61,6659
2026-04-20T14:35:00+00:00,65.8,66.03,65.58,65.58,10831
2026-04-20T14:40:00+00:00,65.7,65.7,65.16,65.55,13522
2026-04-20T14:45:00+00:00,65.46,65.51,65.19,65.44,13952
2026-04-20T14:50:00+00:00,65.5,65.6,64.6,64.72,30752
2026-04-20T14:55:00+00:00,64.72,64.72,64.29,64.67,46912
2026-04-20T15:00:00+00:00,64.7,64.76,64.09,64.24,24147
2026-04-20T15:05:00+00:00,64.33,64.44,63.76,63.95,31696
2026-04-20T15:10:00+00:00,63.89,64.57,63.89,64.53,19660
2026-04-20T15:15:00+00:00,64.57,65.06,64.4,65.01,21314
2026-04-20T15:20:00+00:00,65.08,65.56,64.9,65.45,26955
2026-04-20T15:25:00+00:00,65.41,65.81,65.25,65.81,18295
2026-04-20T15:30:00+00:00,65.76,66.2,65.74,65.93,29115
2026-04-20T15:35:00+00:00,65.865,66.1,65.69,66.01,15089
2026-04-20T15:40:00+00:00,66.1,66.4,66.06,66.17,14157
2026-04-20T15:45:00+00:00,66.16,66.66,66.02,66.62,25223
2026-04-20T15:50:00+00:00,66.55,66.7,66.17,66.24,16030
2026-04-20T15:55:00+00:00,66.195,66.34,66.06,66.2,8136
2026-04-20T16:00:00+00:00,66.05,66.05,65.62,65.85,5977
2026-04-20T16:05:00+00:00,65.77,66.13,65.74,65.885,8464
2026-04-20T16:10:00+00:00,65.88,66.03,65.67,65.67,2853
2026-04-20T16:15:00+00:00,65.62,65.64,65.3,65.58,7375
2026-04-20T16:20:00+00:00,65.61,65.61,65.075,65.1,6278
2026-04-20T16:25:00+00:00,65.12,65.32,65.05,65.19,5646
2026-04-20T16:30:00+00:00,65.22,65.4,65.2,65.34,5435
2026-04-20T16:35:00+00:00,65.25,65.25,65.08,65.16,6594
2026-04-20T16:40:00+00:00,65.16,65.55,65.16,65.31,4453
2026-04-20T16:45:00+00:00,65.29,65.32,65.2,65.32,1572
2026-04-20T16:50:00+00:00,65.11,65.14,64.75,64.8,9996
2026-04-20T16:55:00+00:00,64.9,65.0,64.75,65.0,5771
2026-04-20T17:00:00+00:00,65.02,65.04,64.82,64.92,4190
2026-04-20T17:05:00+00:00,65.03,65.24,65.03,65.2,1629
2026-04-20T17:10:00+00:00,65.155,65.4,65.09,65.34,6792
2026-04-20T17:15:00+00:00,65.32,65.74,65.31,65.74,6216
2026-04-20T17:20:00+00:00,65.56,65.7,65.45,65.7,9857
2026-04-20T17:25:00+00:00,65.56,65.56,65.41,65.5,3139
2026-04-20T17:30:00+00:00,65.53,65.53,65.33,65.385,5990
2026-04-20T17:35:00+00:00,65.35,65.56,65.35,65.5,5136
2026-04-20T17:40:00+00:00,65.6,65.75,65.35,65.35,7329
2026-04-20T17:45:00+00:00,65.5,65.5,65.35,65.38,4405
2026-04-20T17:50:00+00:00,65.49,65.52,65.41,65.43,2929
2026-04-20T17:55:00+00:00,65.34,65.4,65.15,65.37,13741
2026-04-20T18:00:00+00:00,65.5,65.55,65.45,65.49,1508
2026-04-20T18:05:00+00:00,65.7,66.0,65.7,66.0,8671
2026-04-20T18:10:00+00:00,66.12,66.12,65.79,66.02,12177
2026-04-20T18:15:00+00:00,66.0,66.11,65.94,65.97,4493
2026-04-20T18:20:00+00:00,65.97,66.02,65.9,65.9,4057
2026-04-20T18:25:00+00:00,65.93,66.375,65.93,66.34,10763
2026-04-20T18:30:00+00:00,66.46,66.46,66.12,66.42,8059
2026-04-20T18:35:00+00:00,66.42,66.42,66.23,66.23,6160
2026-04-20T18:40:00+00:00,66.23,66.48,66.23,66.38,4652
2026-04-20T18:45:00+00:00,66.37,66.43,66.29,66.37,6624
2026-04-20T18:50:00+00:00,66.47,67.225,66.46,67.17,31320
2026-04-20T18:55:00+00:00,67.185,67.325,67.05,67.3,11159
2026-04-20T19:00:00+00:00,67.385,67.53,67.12,67.16,20536
2026-04-20T19:05:00+00:00,67.16,67.32,67.05,67.19,9254
2026-04-20T19:10:00+00:00,67.2,67.44,67.2,67.37,6780
2026-04-20T19:15:00+00:00,67.45,67.5,67.05,67.29,13190
2026-04-20T19:20:00+00:00,67.39,67.435,67.14,67.14,6463
2026-04-20T19:25:00+00:00,67.16,67.4,67.01,67.4,6972
2026-04-20T19:30:00+00:00,67.39,67.62,67.31,67.39,8063
2026-04-20T19:35:00+00:00,67.39,68.1,67.35,67.96,23509
2026-04-20T19:40:00+00:00,67.87,67.975,67.64,67.77,12570
2026-04-20T19:45:00+00:00,67.75,67.96,67.65,67.71,19141
2026-04-20T19:50:00+00:00,67.65,68.11,67.65,68.06,25160
2026-04-20T19:55:00+00:00,68.08,68.27,67.95,68.11,47250
2026-04-20T20:00:00+00:00,68.1,68.1,68.0,68.03,3664
2026-04-20T20:05:00+00:00,68.03,68.24,68.03,68.1,4261
2026-04-20T20:10:00+00:00,68.1,68.1,68.0,68.0,1255
2026-04-20T20:15:00+00:00,68.0,68.0,67.68,67.68,1798
2026-04-20T20:20:00+00:00,67.83,68.01,67.83,68.0,1557
2026-04-20T20:25:00+00:00,67.86,67.86,67.85,67.85,365
2026-04-20T20:30:00+00:00,67.85,67.86,67.85,67.86,409
2026-04-20T20:35:00+00:00,67.86,68.15,67.86,68.15,1447
2026-04-20T20:40:00+00:00,68.15,68.15,68.15,68.15,615
2026-04-20T20:45:00+00:00,68.15,68.15,68.05,68.1,998
2026-04-20T20:50:00+00:00,68.1,68.1,68.1,68.1,232
2026-04-20T20:55:00+00:00,68.1,68.1,68.1,68.1,372
2026-04-20T21:00:00+00:00,68.1,68.1,68.0,68.0,1748
2026-04-20T21:05:00+00:00,68.0,68.0,67.9,67.9,540
2026-04-20T21:10:00+00:00,67.9,67.9,67.9,67.9,60
2026-04-20T21:15:00+00:00,67.9,67.99,67.9,67.98,2674
2026-04-20T21:20:00+00:00,67.98,67.98,67.98,67.98,44
2026-04-20T21:25:00+00:00,67.98,67.98,67.86,67.9,798
2026-04-20T21:30:00+00:00,67.9,67.9,67.9,67.9,38
2026-04-20T21:35:00+00:00,67.9,67.92,67.9,67.92,308
2026-04-20T21:40:00+00:00,67.88,67.88,67.88,67.88,235
2026-04-20T21:45:00+00:00,67.88,67.88,67.88,67.88,101
2026-04-20T21:50:00+00:00,67.88,67.88,67.88,67.88,19
2026-04-20T21:55:00+00:00,67.88,67.88,67.88,67.88,61
2026-04-20T22:00:00+00:00,67.88,68.0,67.88,68.0,676
2026-04-20T22:05:00+00:00,68.0,68.01,68.0,68.01,736
2026-04-20T22:10:00+00:00,68.01,68.01,68.01,68.01,109
2026-04-20T22:15:00+00:00,67.91,68.02,67.9,67.9,1100
2026-04-20T22:20:00+00:00,67.9,67.9,67.9,67.9,163
2026-04-20T22:25:00+00:00,67.9,67.9,67.9,67.9,214
2026-04-20T22:30:00+00:00,67.9,67.9,67.9,67.9,69
2026-04-20T22:35:00+00:00,67.9,67.9,67.9,67.9,141
2026-04-20T22:40:00+00:00,67.9,67.9,67.9,67.9,32
2026-04-20T22:45:00+00:00,67.95,67.95,67.95,67.95,825
2026-04-20T22:50:00+00:00,67.95,67.95,67.95,67.95,10
2026-04-20T22:55:00+00:00,67.95,67.97,67.95,67.97,286
2026-04-20T23:00:00+00:00,67.97,67.97,67.96,67.96,230
2026-04-20T23:05:00+00:00,67.96,67.96,67.96,67.96,234
2026-04-20T23:10:00+00:00,67.9,67.9,67.5,67.71,6738
2026-04-20T23:15:00+00:00,67.71,67.71,67.71,67.71,35
2026-04-20T23:20:00+00:00,67.71,67.93,67.71,67.93,208
2026-04-20T23:25:00+00:00,67.88,67.88,67.88,67.88,218
2026-04-20T23:30:00+00:00,67.93,67.93,67.93,67.93,136
2026-04-20T23:35:00+00:00,67.89,67.91,67.89,67.91,1515
2026-04-20T23:40:00+00:00,67.91,67.91,67.91,67.91,43
2026-04-20T23:45:00+00:00,67.91,67.91,67.91,67.91,201
2026-04-20T23:50:00+00:00,67.91,67.91,67.91,67.91,6
2026-04-20T23:55:00+00:00,67.91,67.91,67.91,67.91,0
2026-04-21T08:00:00+00:00,68.41,68.99,68.41,68.99,925
2026-04-21T08:05:00+00:00,68.99,68.99,68.99,68.99,206
2026-04-21T08:10:00+00:00,68.99,68.99,68.88,68.92,520
2026-04-21T08:15:00+00:00,68.92,68.92,68.87,68.87,648
2026-04-21T08:20:00+00:00,68.87,69.1,68.87,69.0,1716
2026-04-21T08:25:00+00:00,69.05,69.22,69.05,69.1,4407
2026-04-21T08:30:00+00:00,69.22,69.27,69.19,69.19,2504
2026-04-21T08:35:00+00:00,69.19,69.25,69.18,69.25,5627
2026-04-21T08:40:00+00:00,69.25,69.33,69.15,69.31,3532
2026-04-21T08:45:00+00:00,69.31,69.65,69.31,69.65,714
2026-04-21T08:50:00+00:00,69.67,69.82,69.62,69.75,10601
2026-04-21T08:55:00+00:00,69.75,69.8,69.5,69.55,2228
2026-04-21T09:00:00+00:00,69.54,69.54,69.35,69.35,4613
2026-04-21T09:05:00+00:00,69.35,69.36,69.35,69.36,383
2026-04-21T09:10:00+00:00,69.36,69.49,69.36,69.49,544
2026-04-21T09:15:00+00:00,69.49,69.55,69.44,69.44,418
2026-04-21T09:20:00+00:00,69.36,69.36,69.36,69.36,1982
2026-04-21T09:25:00+00:00,69.35,69.35,69.19,69.19,1276
2026-04-21T09:30:00+00:00,69.19,69.49,69.19,69.49,869
2026-04-21T09:35:00+00:00,69.4,69.58,69.4,69.58,1702
2026-04-21T09:40:00+00:00,69.58,69.67,69.58,69.67,688
2026-04-21T09:45:00+00:00,69.67,69.67,69.5,69.5,522
2026-04-21T09:50:00+00:00,69.5,69.64,69.5,69.64,565
2026-04-21T09:55:00+00:00,69.64,69.65,69.64,69.65,261
2026-04-21T10:00:00+00:00,69.65,69.65,69.65,69.65,378
2026-04-21T10:05:00+00:00,69.94,70.06,69.92,70.06,4413
2026-04-21T10:10:00+00:00,70.0,70.2,69.97,70.19,3779
2026-04-21T10:15:00+00:00,70.06,70.33,70.0,70.32,4119
2026-04-21T10:20:00+00:00,70.44,70.47,70.2,70.34,5958
2026-04-21T10:25:00+00:00,70.34,70.34,70.0,70.0,1267
2026-04-21T10:30:00+00:00,70.0,70.0,70.0,70.0,197
2026-04-21T10:35:00+00:00,70.25,70.39,70.09,70.29,2338
2026-04-21T10:40:00+00:00,70.22,70.3,70.1,70.1,2448
2026-04-21T10:45:00+00:00,70.1,70.16,70.07,70.07,1274
2026-04-21T10:50:00+00:00,70.12,70.17,70.0,70.1,4141
2026-04-21T10:55:00+00:00,70.1,70.12,69.81,69.92,3104
2026-04-21T11:00:00+00:00,69.92,70.0,69.85,70.0,5615
2026-04-21T11:05:00+00:00,70.0,70.15,69.96,69.96,10072
2026-04-21T11:10:00+00:00,69.96,69.99,69.9,69.99,4162
2026-04-21T11:15:00+00:00,69.99,69.99,69.99,69.99,1003
2026-04-21T11:20:00+00:00,69.8,70.0,69.69,70.0,3125
2026-04-21T11:25:00+00:00,70.0,70.15,69.94,70.15,2211
2026-04-21T11:30:00+00:00,69.95,70.05,69.9,69.9,2354
2026-04-21T11:35:00+00:00,69.78,70.0,69.73,69.91,5201
2026-04-21T11:40:00+00:00,69.92,70.02,69.92,69.99,3172
2026-04-21T11:45:00+00:00,69.87,70.0,69.81,70.0,3667
2026-04-21T11:50:00+00:00,70.0,70.0,69.9,69.9,1236
2026-04-21T11:55:00+00:00,69.91,69.91,69.61,69.61,5916
2026-04-21T12:00:00+00:00,69.67,69.8,69.61,69.61,2559
2026-04-21T12:05:00+00:00,69.69,69.82,69.61,69.82,4785
2026-04-21T12:10:00+00:00,69.84,69.95,69.61,69.61,5272
2026-04-21T12:15:00+00:00,69.63,69.63,69.35,69.38,7803
2026-04-21T12:20:00+00:00,69.38,69.6,69.38,69.6,1049
2026-04-21T12:25:00+00:00,69.6,69.75,69.6,69.65,3076
2026-04-21T12:30:00+00:00,69.65,69.7,69.65,69.69,4166
2026-04-21T12:35:00+00:00,69.76,69.76,69.3,69.3,3090
2026-04-21T12:40:00+00:00,69.3,69.52,69.2,69.2,8008
2026-04-21T12:45:00+00:00,69.2,69.2,69.04,69.14,2072
2026-04-21T12:50:00+00:00,69.02,69.4,69.02,69.4,4295
2026-04-21T12:55:00+00:00,69.4,69.4,69.25,69.25,3601
2026-04-21T13:00:00+00:00,69.25,69.38,69.25,69.33,2014
2026-04-21T13:05:00+00:00,69.33,69.33,69.14,69.14,2219
2026-04-21T13:10:00+00:00,69.14,69.18,69.0,69.0,2555
2026-04-21T13:15:00+00:00,69.0,69.02,68.99,69.0,5880
2026-04-21T13:20:00+00:00,69.0,69.08,68.73,68.74,7109
2026-04-21T13:25:00+00:00,68.57,68.61,68.4,68.45,7586
2026-04-21T13:30:00+00:00,68.55,69.0,66.41,66.41,54892
2026-04-21T13:35:00+00:00,66.99,67.42,66.46,66.92,47973
2026-04-21T13:40:00+00:00,66.96,67.49,66.85,67.2,27230
2026-04-21T13:45:00+00:00,67.16,68.27,67.16,67.81,37396
2026-04-21T13:50:00+00:00,67.83,68.21,67.72,67.955,21815
2026-04-21T13:55:00+00:00,68.22,68.47,67.94,68.47,21188
2026-04-21T14:00:00+00:00,68.22,68.3,67.09,67.31,28246
2026-04-21T14:05:00+00:00,67.34,67.72,67.34,67.41,17027
2026-04-21T14:10:00+00:00,67.32,67.8,67.1,67.8,21694
2026-04-21T14:15:00+00:00,67.79,68.1,67.79,67.98,16781
2026-04-21T14:20:00+00:00,68.0,68.0,67.65,67.7,11927
2026-04-21T14:25:00+00:00,67.71,67.8,67.7,67.72,4732
2026-04-21T14:30:00+00:00,67.73,68.0,67.48,67.7,12456
2026-04-21T14:35:00+00:00,67.83,68.01,67.76,67.76,7397
2026-04-21T14:40:00+00:00,67.7,67.89,67.5,67.71,7682
2026-04-21T14:45:00+00:00,67.63,67.635,67.05,67.19,17964
2026-04-21T14:50:00+00:00,67.19,67.19,66.44,66.48,25924
2026-04-21T14:55:00+00:00,66.42,66.43,65.16,65.195,61812
2026-04-21T15:00:00+00:00,65.19,65.34,64.35,64.35,57503
2026-04-21T15:05:00+00:00,64.3,65.25,63.81,65.16,43422
2026-04-21T15:10:00+00:00,65.21,65.7,65.13,65.19,38307
2026-04-21T15:15:00+00:00,65.28,65.59,64.8,65.59,16972
2026-04-21T15:20:00+00:00,65.61,65.83,65.29,65.29,18995
2026-04-21T15:25:00+00:00,65.22,65.23,64.72,64.87,15131
2026-04-21T15:30:00+00:00,65.03,65.31,65.01,65.06,17335
2026-04-21T15:35:00+00:00,65.0,65.0,64.62,64.99,14754
2026-04-21T15:40:00+00:00,64.985,65.21,64.985,65.09,6344
2026-04-21T15:45:00+00:00,65.1,65.4,64.98,65.34,5841
2026-04-21T15:50:00+00:00,65.18,65.18,64.6,64.6,12016
2026-04-21T15:55:00+00:00,64.67,65.0,64.67,64.965,6406
2026-04-21T16:00:00+00:00,65.02,65.3,65.02,65.06,7412
2026-04-21T16:05:00+00:00,65.17,65.3,64.99,65.3,5372
2026-04-21T16:10:00+00:00,65.14,65.14,64.8,64.8,8370
2026-04-21T16:15:00+00:00,64.89,64.99,64.7,64.92,6998
2026-04-21T16:20:00+00:00,64.87,64.87,64.45,64.48,12157
2026-04-21T16:25:00+00:00,64.5,64.61,64.43,64.44,5485
2026-04-21T16:30:00+00:00,64.47,64.91,64.47,64.76,13365
2026-04-21T16:35:00+00:00,64.93,65.0,64.67,64.7,7952
2026-04-21T16:40:00+00:00,64.69,64.76,64.35,64.43,4800
2026-04-21T16:45:00+00:00,64.44,64.85,64.42,64.85,12883
2026-04-21T16:50:00+00:00,64.78,64.78,64.43,64.48,8494
2026-04-21T16:55:00+00:00,64.41,64.49,64.2,64.27,13206
2026-04-21T17:00:00+00:00,64.26,64.55,64.26,64.51,5821
2026-04-21T17:05:00+00:00,64.335,64.335,63.81,63.98,52290
2026-04-21T17:10:00+00:00,63.93,63.99,63.38,63.4,36652
2026-04-21T17:15:00+00:00,63.58,63.72,63.0,63.02,15475
2026-04-21T17:20:00+00:00,63.06,63.21,62.97,63.13,17860
2026-04-21T17:25:00+00:00,63.1,63.295,63.07,63.15,13213
2026-04-21T17:30:00+00:00,63.12,63.51,63.12,63.46,20214
2026-04-21T17:35:00+00:00,63.34,64.02,63.23,63.87,24903
2026-04-21T17:40:00+00:00,63.88,64.2,63.84,64.18,14153
2026-04-21T17:45:00+00:00,64.0,64.03,63.685,63.91,14463
2026-04-21T17:50:00+00:00,63.91,64.0,63.7,63.7,5925
2026-04-21T17:55:00+00:00,63.59,63.76,63.47,63.76,7157
2026-04-21T18:00:00+00:00,63.82,63.96,63.77,63.86,6029
2026-04-21T18:05:00+00:00,63.78,63.91,63.73,63.9,2301
2026-04-21T18:10:00+00:00,63.8,63.81,63.51,63.63,6924
2026-04-21T18:15:00+00:00,63.59,63.68,63.16,63.35,15061
2026-04-21T18:20:00+00:00,63.36,63.47,63.23,63.43,3706
2026-04-21T18:25:00+00:00,63.51,63.51,63.35,63.4,4902
2026-04-21T18:30:00+00:00,63.56,63.82,63.56,63.725,2987
2026-04-21T18:35:00+00:00,63.74,63.76,63.5,63.58,6189
2026-04-21T18:40:00+00:00,63.65,63.65,63.46,63.49,1864
2026-04-21T18:45:00+00:00,63.47,63.48,63.27,63.27,7950
2026-04-21T18:50:00+00:00,63.21,63.54,62.94,63.54,26405
2026-04-21T18:55:00+00:00,63.49,63.53,63.32,63.53,15323
2026-04-21T19:00:00+00:00,63.41,63.5,63.295,63.335,6439
2026-04-21T19:05:00+00:00,63.3,63.43,63.11,63.24,6772
2026-04-21T19:10:00+00:00,63.25,63.43,62.95,63.0,12668
2026-04-21T19:15:00+00:00,63.145,63.505,62.75,63.505,17636
2026-04-21T19:20:00+00:00,63.47,63.83,63.47,63.75,19626
2026-04-21T19:25:00+00:00,63.81,63.96,63.69,63.9,8660
2026-04-21T19:30:00+00:00,63.75,63.84,63.62,63.65,21726
2026-04-21T19:35:00+00:00,63.69,63.69,63.16,63.36,15296
2026-04-21T19:40:00+00:00,63.37,63.4,62.4,62.51,37219
2026-04-21T19:45:00+00:00,62.64,62.95,62.4,62.89,28955
2026-04-21T19:50:00+00:00,62.95,63.05,62.3,62.35,25198
2026-04-21T19:55:00+00:00,62.36,62.66,62.25,62.61,60513
2026-04-21T20:00:00+00:00,62.4,63.01,62.4,62.95,27221
2026-04-21T20:05:00+00:00,63.0,63.06,62.8,62.9,4816
2026-04-21T20:10:00+00:00,63.1,64.0,63.1,63.9,13408
2026-04-21T20:15:00+00:00,63.76,64.02,63.6,63.99,6920
2026-04-21T20:20:00+00:00,63.77,64.37,63.77,64.37,6518
2026-04-21T20:25:00+00:00,64.37,64.48,64.05,64.19,5880
2026-04-21T20:30:00+00:00,64.19,64.19,64.08,64.11,3951
2026-04-21T20:35:00+00:00,64.2,64.2,64.0,64.0,6798
2026-04-21T20:40:00+00:00,64.02,64.04,63.9,63.9,1268
2026-04-21T20:45:00+00:00,63.9,63.9,63.77,63.77,2966
2026-04-21T20:50:00+00:00,63.92,64.0,63.92,64.0,4632
2026-04-21T20:55:00+00:00,64.0,64.14,64.0,64.14,1164
2026-04-21T21:00:00+00:00,64.14,64.14,64.14,64.14,254
2026-04-21T21:05:00+00:00,64.14,64.14,64.0,64.0,9033
2026-04-21T21:10:00+00:00,64.0,64.02,64.0,64.02,353
2026-04-21T21:15:00+00:00,64.02,64.07,64.02,64.05,871
2026-04-21T21:20:00+00:00,64.05,64.286,64.05,64.286,1102
2026-04-21T21:25:00+00:00,64.286,64.36,64.286,64.36,1190
2026-04-21T21:30:00+00:00,64.45,64.5,64.36,64.36,2924
2026-04-21T21:35:00+00:00,64.36,64.36,64.36,64.36,232
2026-04-21T21:40:00+00:00,64.3,64.3,64.23,64.23,3146
2026-04-21T21:45:00+00:00,64.23,64.26,64.23,64.25,1722
2026-04-21T21:50:00+00:00,64.25,64.25,64.25,64.25,229
2026-04-21T21:55:00+00:00,64.1,64.11,64.1,64.11,552
2026-04-21T22:00:00+00:00,64.13,64.4,64.13,64.4,645
2026-04-21T22:05:00+00:00,64.4,64.41,64.4,64.41,1562
2026-04-21T22:10:00+00:00,64.37,64.47,64.36,64.47,675
2026-04-21T22:15:00+00:00,64.47,64.47,64.43,64.43,424
2026-04-21T22:20:00+00:00,64.49,64.62,64.49,64.62,1675
2026-04-21T22:25:00+00:00,64.62,64.62,64.5,64.5,1682
2026-04-21T22:30:00+00:00,64.41,64.45,64.41,64.45,421
2026-04-21T22:35:00+00:00,64.7,64.7,64.7,64.7,357
2026-04-21T22:40:00+00:00,64.7,64.7,64.46,64.5,1331
2026-04-21T22:45:00+00:00,64.5,64.5,64.5,64.5,66
2026-04-21T22:50:00+00:00,64.5,64.5,64.5,64.5,80
2026-04-21T22:55:00+00:00,64.5,64.5,64.49,64.49,370
2026-04-21T23:00:00+00:00,64.49,64.49,64.47,64.47,1111
2026-04-21T23:05:00+00:00,64.47,64.47,64.45,64.45,991
2026-04-21T23:10:00+00:00,64.45,64.45,64.45,64.45,112
2026-04-21T23:15:00+00:00,64.45,64.45,64.37,64.39,4863
2026-04-21T23:20:00+00:00,64.39,64.39,64.39,64.39,90
2026-04-21T23:25:00+00:00,64.39,64.39,64.32,64.32,558
2026-04-21T23:30:00+00:00,64.32,64.32,64.29,64.29,261
2026-04-21T23:35:00+00:00,64.3,64.44,64.3,64.44,1157
2026-04-21T23:40:00+00:00,64.43,64.43,64.43,64.43,2207
2026-04-21T23:45:00+00:00,64.43,64.47,64.43,64.47,596
2026-04-21T23:50:00+00:00,64.47,64.5,64.4,64.5,2937
2026-04-21T23:55:00+00:00,64.54,64.55,64.54,64.55,453
2026-04-22T08:00:00+00:00,65.07,65.07,65.07,65.07,560
2026-04-22T08:05:00+00:00,65.07,65.28,65.07,65.21,2613
2026-04-22T08:10:00+00:00,65.24,65.25,65.15,65.16,2833
2026-04-22T08:15:00+00:00,65.16,65.16,65.16,65.16,346
2026-04-22T08:20:00+00:00,65.15,65.15,65.0,65.0,1667
2026-04-22T08:25:00+00:00,65.0,65.0,65.0,65.0,951
2026-04-22T08:30:00+00:00,65.0,65.0,64.93,64.93,342
2026-04-22T08:35:00+00:00,64.93,64.93,64.8,64.8,367
2026-04-22T08:40:00+00:00,64.8,64.98,64.79,64.98,1634
2026-04-22T08:45:00+00:00,64.9,64.91,64.9,64.91,466
2026-04-22T08:50:00+00:00,64.97,65.0,64.97,65.0,528
2026-04-22T08:55:00+00:00,65.0,65.0,64.95,64.95,1609
2026-04-22T09:00:00+00:00,65.0,65.02,65.0,65.01,3527
2026-04-22T09:05:00+00:00,65.01,65.01,65.01,65.01,141
2026-04-22T09:10:00+00:00,65.01,65.01,64.95,65.0,597
2026-04-22T09:15:00+00:00,65.0,65.0,65.0,65.0,936
2026-04-22T09:20:00+00:00,65.0,65.0,65.0,65.0,142
2026-04-22T09:25:00+00:00,65.0,65.11,65.0,65.11,383
2026-04-22T09:30:00+00:00,65.11,65.11,65.06,65.06,533
2026-04-22T09:35:00+00:00,65.06,65.06,65.06,65.06,282
2026-04-22T09:40:00+00:00,64.94,64.94,64.93,64.93,1214
2026-04-22T09:45:00+00:00,64.93,65.0,64.93,65.0,200
2026-04-22T09:50:00+00:00,65.0,65.0,64.8,64.8,538
2026-04-22T09:55:00+00:00,64.74,64.74,64.71,64.74,2259
2026-04-22T10:00:00+00:00,64.74,64.74,64.71,64.71,560
2026-04-22T10:05:00+00:00,64.71,64.71,64.6,64.6,1754
2026-04-22T10:10:00+00:00,64.6,64.6,64.52,64.57,1215
2026-04-22T10:15:00+00:00,64.73,64.73,64.73,64.73,419
2026-04-22T10:20:00+00:00,64.73,64.73,64.73,64.73,538
2026-04-22T10:25:00+00:00,64.52,64.6,64.5,64.6,1614
2026-04-22T10:30:00+00:00,64.6,64.6,64.6,64.6,621
2026-04-22T10:35:00+00:00,64.6,64.6,64.6,64.6,113
2026-04-22T10:40:00+00:00,64.6,64.7,64.6,64.7,1213
2026-04-22T10:45:00+00:00,64.7,64.7,64.7,64.7,397
2026-04-22T10:50:00+00:00,64.7,64.7,64.7,64.7,915
2026-04-22T10:55:00+00:00,64.7,64.7,64.5,64.5,848
2026-04-22T11:00:00+00:00,64.51,64.9,64.51,64.64,8916
2026-04-22T11:05:00+00:00,64.8,64.8,64.75,64.75,794
2026-04-22T11:10:00+00:00,64.75,64.84,64.75,64.83,769
2026-04-22T11:15:00+00:00,64.83,64.95,64.83,64.9,2716
2026-04-22T11:20:00+00:00,64.94,64.94,64.81,64.81,1401
2026-04-22T11:25:00+00:00,64.81,64.84,64.81,64.84,801
2026-04-22T11:30:00+00:00,64.84,64.97,64.84,64.97,845
2026-04-22T11:35:00+00:00,64.95,65.05,64.89,65.01,2791
2026-04-22T11:40:00+00:00,65.0,65.0,65.0,65.0,742
2026-04-22T11:45:00+00:00,65.0,65.0,64.81,64.81,1856
2026-04-22T11:50:00+00:00,64.81,64.81,64.81,64.81,372
2026-04-22T11:55:00+00:00,64.81,65.0,64.81,65.0,812
2026-04-22T12:00:00+00:00,65.0,65.16,65.0,65.16,1554
2026-04-22T12:05:00+00:00,65.15,65.15,65.02,65.1,2798
2026-04-22T12:10:00+00:00,65.07,65.3,64.98,65.3,7048
2026-04-22T12:15:00+00:00,65.4,65.4,65.3,65.3,2141
2026-04-22T12:20:00+00:00,65.2,65.2,64.94,64.95,3457
2026-04-22T12:25:00+00:00,65.0,65.0,65.0,65.0,816
2026-04-22T12:30:00+00:00,64.87,64.97,64.7,64.7,4358
2026-04-22T12:35:00+00:00,64.7,64.8,64.7,64.73,921
2026-04-22T12:40:00+00:00,64.73,64.75,64.73,64.75,414
2026-04-22T12:45:00+00:00,64.75,64.75,64.71,64.71,993
2026-04-22T12:50:00+00:00,64.63,64.66,64.63,64.65,701
2026-04-22T12:55:00+00:00,64.65,64.65,64.65,64.65,715
2026-04-22T13:00:00+00:00,64.54,64.54,64.4,64.48,5992
2026-04-22T13:05:00+00:00,64.54,64.61,64.52,64.6,2987
2026-04-22T13:10:00+00:00,64.6,64.6,64.4,64.5,8255
2026-04-22T13:15:00+00:00,64.5,64.55,64.44,64.55,3514
2026-04-22T13:20:00+00:00,64.55,64.92,64.55,64.92,3843
2026-04-22T13:25:00+00:00,64.92,65.05,64.8,65.05,5357
2026-04-22T13:30:00+00:00,65.19,66.5,64.9,66.49,67919
2026-04-22T13:35:00+00:00,66.42,67.07,66.03,66.865,61561
2026-04-22T13:40:00+00:00,66.94,68.08,66.68,67.87,102340
2026-04-22T13:45:00+00:00,67.85,67.85,67.0,67.65,54814
2026-04-22T13:50:00+00:00,67.76,67.76,66.9,67.2,37092
2026-04-22T13:55:00+00:00,67.34,67.73,67.1,67.62,33844
2026-04-22T14:00:00+00:00,67.43,67.75,67.16,67.72,24473
2026-04-22T14:05:00+00:00,67.56,67.8,67.09,67.29,36956
2026-04-22T14:10:00+00:00,67.4,68.55,67.4,68.52,132480
2026-04-22T14:15:00+00:00,68.3,68.52,67.88,68.3,42971
2026-04-22T14:20:00+00:00,68.38,68.4,67.41,67.57,19160
2026-04-22T14:25:00+00:00,67.6,67.98,67.25,67.93,20230
2026-04-22T14:30:00+00:00,67.88,67.88,67.08,67.54,17475
2026-04-22T14:35:00+00:00,67.6,67.6,67.11,67.4,13238
2026-04-22T14:40:00+00:00,67.5,67.76,67.08,67.13,13691
2026-04-22T14:45:00+00:00,67.1,67.4,67.1,67.375,7329
2026-04-22T14:50:00+00:00,67.4,67.51,66.6,66.75,30924
2026-04-22T14:55:00+00:00,66.81,67.3,66.75,67.16,12086
2026-04-22T15:00:00+00:00,67.15,67.15,66.66,67.09,12615
2026-04-22T15:05:00+00:00,67.09,68.115,67.09,68.01,29946
2026-04-22T15:10:00+00:00,68.01,68.3,67.82,68.1,27560
2026-04-22T15:15:00+00:00,68.17,68.24,67.5,67.79,15154
2026-04-22T15:20:00+00:00,67.99,68.12,67.86,68.01,14172
2026-04-22T15:25:00+00:00,67.96,67.96,67.48,67.76,14458
2026-04-22T15:30:00+00:00,67.78,67.78,67.45,67.46,10618
2026-04-22T15:35:00+00:00,67.49,67.63,67.12,67.62,23413
2026-04-22T15:40:00+00:00,67.66,67.7,67.05,67.26,7194
2026-04-22T15:45:00+00:00,67.12,67.42,67.1,67.1,9205
2026-04-22T15:50:00+00:00,67.01,67.28,66.85,67.25,9608
2026-04-22T15:55:00+00:00,67.26,67.5,67.05,67.22,7544
2026-04-22T16:00:00+00:00,67.29,67.72,67.165,67.67,12098
2026-04-22T16:05:00+00:00,67.72,67.85,67.3,67.3,10918
2026-04-22T16:10:00+00:00,67.44,67.47,67.21,67.45,11384
2026-04-22T16:15:00+00:00,67.37,67.37,66.96,66.96,7966
2026-04-22T16:20:00+00:00,67.11,67.31,67.11,67.13,6501
2026-04-22T16:25:00+00:00,67.14,67.35,67.12,67.16,6593
2026-04-22T16:30:00+00:00,67.15,67.28,67.09,67.12,5769
2026-04-22T16:35:00+00:00,67.17,67.51,67.17,67.42,9076
2026-04-22T16:40:00+00:00,67.38,67.38,67.04,67.04,9609
2026-04-22T16:45:00+00:00,67.13,67.31,67.1,67.15,5087
2026-04-22T16:50:00+00:00,67.15,67.15,66.7,66.92,18948
2026-04-22T16:55:00+00:00,66.79,66.79,66.48,66.57,14381
2026-04-22T17:00:00+00:00,66.7,67.1,66.59,66.97,8815
2026-04-22T17:05:00+00:00,67.07,67.07,66.8,66.95,9425
2026-04-22T17:10:00+00:00,67.04,67.225,66.8,66.84,7456
2026-04-22T17:15:00+00:00,67.0,67.03,66.89,66.98,4652
2026-04-22T17:20:00+00:00,67.04,67.48,67.04,67.23,9429
2026-04-22T17:25:00+00:00,67.21,67.41,67.18,67.33,8020
2026-04-22T17:30:00+00:00,67.37,67.62,67.37,67.4,14481
2026-04-22T17:35:00+00:00,67.5,68.06,67.5,68.06,22974
2026-04-22T17:40:00+00:00,68.08,68.13,67.9,67.93,10303
2026-04-22T17:45:00+00:00,67.86,68.03,67.66,68.03,6748
2026-04-22T17:50:00+00:00,68.05,68.25,68.05,68.09,17684
2026-04-22T17:55:00+00:00,68.07,68.08,67.8,67.94,8149
2026-04-22T18:00:00+00:00,67.9,68.4,67.9,68.38,21890
2026-04-22T18:05:00+00:00,68.35,68.56,68.32,68.5,22368
2026-04-22T18:10:00+00:00,68.5,69.05,68.45,69.05,61975
2026-04-22T18:15:00+00:00,69.04,69.19,68.64,68.83,20759
2026-04-22T18:20:00+00:00,68.86,69.03,68.74,69.01,18413
2026-04-22T18:25:00+00:00,69.005,69.26,69.005,69.2,19629
2026-04-22T18:30:00+00:00,69.21,69.35,69.21,69.25,6534
2026-04-22T18:35:00+00:00,69.19,69.27,69.0,69.27,9149
2026-04-22T18:40:00+00:00,69.29,69.89,69.29,69.73,32214
2026-04-22T18:45:00+00:00,69.72,70.22,69.72,70.2,59826
2026-04-22T18:50:00+00:00,70.15,71.22,70.15,70.4,44336
2026-04-22T18:55:00+00:00,70.425,70.425,69.895,70.16,36072
2026-04-22T19:00:00+00:00,70.05,70.15,69.75,70.09,17613
2026-04-22T19:05:00+00:00,70.04,70.59,69.92,70.27,22236
2026-04-22T19:10:00+00:00,70.39,70.71,70.39,70.66,20163
2026-04-22T19:15:00+00:00,70.7,71.13,70.7,71.0,31406
2026-04-22T19:20:00+00:00,70.99,71.14,70.79,71.02,16330
2026-04-22T19:25:00+00:00,71.0,71.35,71.0,71.34,26547
2026-04-22T19:30:00+00:00,71.31,71.99,71.25,71.6,54874
2026-04-22T19:35:00+00:00,71.52,72.22,71.45,72.05,56371
2026-04-22T19:40:00+00:00,71.96,72.0,71.6,71.84,28967
2026-04-22T19:45:00+00:00,71.89,72.08,71.79,71.85,21068
2026-04-22T19:50:00+00:00,71.92,72.3,71.7,72.22,52146
2026-04-22T19:55:00+00:00,72.26,72.58,72.0,72.46,100741
2026-04-22T20:00:00+00:00,72.28,72.7,72.19,72.5,11247
2026-04-22T20:05:00+00:00,72.68,73.15,72.68,73.0,35063
2026-04-22T20:10:00+00:00,73.0,73.0,72.51,72.56,3454
2026-04-22T20:15:00+00:00,72.5,72.5,71.7,71.72,12974
2026-04-22T20:20:00+00:00,71.58,71.65,71.3,71.3,13035
2026-04-22T20:25:00+00:00,71.27,71.7,71.12,71.65,5301
2026-04-22T20:30:00+00:00,71.52,72.0,71.52,72.0,8553
2026-04-22T20:35:00+00:00,72.0,72.0,71.99,71.99,1282
2026-04-22T20:40:00+00:00,71.78,71.81,71.66,71.66,1926
2026-04-22T20:45:00+00:00,71.7,71.77,71.48,71.48,2788
2026-04-22T20:50:00+00:00,71.5,71.82,71.5,71.587,8301
2026-04-22T20:55:00+00:00,71.587,71.587,71.37,71.44,541
2026-04-22T21:00:00+00:00,71.44,71.48,71.4,71.48,1713
2026-04-22T21:05:00+00:00,71.647,71.647,71.647,71.647,650
2026-04-22T21:10:00+00:00,71.647,71.647,71.4,71.47,1755
2026-04-22T21:15:00+00:00,71.32,71.32,71.13,71.13,4113
2026-04-22T21:20:00+00:00,71.13,71.265,71.13,71.25,1451
2026-04-22T21:25:00+00:00,71.33,71.33,71.16,71.31,5697
2026-04-22T21:30:00+00:00,71.25,71.25,71.2,71.2,462
2026-04-22T21:35:00+00:00,71.2,71.35,71.2,71.35,2090
2026-04-22T21:40:00+00:00,71.5,71.53,71.36,71.4,2497
2026-04-22T21:45:00+00:00,71.26,71.41,71.2,71.24,2705
2026-04-22T21:50:00+00:00,71.16,71.3,71.16,71.3,934
2026-04-22T21:55:00+00:00,71.3,71.37,71.3,71.37,453
2026-04-22T22:00:00+00:00,71.28,71.4,71.28,71.37,657
2026-04-22T22:05:00+00:00,71.37,71.37,71.37,71.37,217
2026-04-22T22:10:00+00:00,71.22,71.29,71.22,71.25,1236
2026-04-22T22:15:00+00:00,71.25,71.25,71.04,71.04,5095
2026-04-22T22:20:00+00:00,71.04,71.2,71.04,71.15,1227
2026-04-22T22:25:00+00:00,71.25,71.3,71.22,71.28,1590
2026-04-22T22:30:00+00:00,71.28,71.28,71.11,71.11,1201
2026-04-22T22:35:00+00:00,71.11,71.18,71.11,71.18,576
2026-04-22T22:40:00+00:00,71.18,71.23,71.18,71.23,455
2026-04-22T22:45:00+00:00,71.23,71.35,71.23,71.35,924
2026-04-22T22:50:00+00:00,71.35,71.35,71.2,71.2,1613
2026-04-22T22:55:00+00:00,71.2,71.2,71.17,71.17,555
2026-04-22T23:00:00+00:00,71.17,71.17,71.17,71.17,707
2026-04-22T23:05:00+00:00,71.17,71.17,71.15,71.15,279
2026-04-22T23:10:00+00:00,71.19,71.19,71.19,71.19,314
2026-04-22T23:15:00+00:00,71.28,71.28,71.25,71.25,1425
2026-04-22T23:20:00+00:00,71.25,71.4,71.25,71.4,2893
2026-04-22T23:25:00+00:00,71.4,71.5,71.39,71.39,1229
2026-04-22T23:30:00+00:00,71.39,71.4,71.21,71.21,1182
2026-04-22T23:35:00+00:00,71.3,71.3,71.3,71.3,4922
2026-04-22T23:40:00+00:00,71.38,71.4,71.38,71.4,1154
2026-04-22T23:45:00+00:00,71.4,71.68,71.4,71.66,1693
2026-04-22T23:50:00+00:00,71.66,71.75,71.55,71.7,1591
2026-04-22T23:55:00+00:00,71.7,71.89,71.6,71.8,3675
2026-04-23T08:00:00+00:00,77.73,77.73,70.93,70.97,3629
2026-04-23T08:05:00+00:00,70.95,70.95,70.7,70.95,1872
2026-04-23T08:10:00+00:00,70.91,71.33,70.91,71.33,5574
2026-04-23T08:15:00+00:00,71.33,71.33,71.11,71.11,401
2026-04-23T08:20:00+00:00,71.11,71.11,71.07,71.07,496
2026-04-23T08:25:00+00:00,71.2,71.2,71.05,71.05,887
2026-04-23T08:30:00+00:00,70.84,70.84,70.63,70.63,410
2026-04-23T08:35:00+00:00,70.55,70.63,70.55,70.63,757
2026-04-23T08:40:00+00:00,70.58,70.58,70.49,70.5,2045
2026-04-23T08:45:00+00:00,70.4,70.5,70.35,70.5,1753
2026-04-23T08:50:00+00:00,70.41,70.41,70.14,70.14,1545
2026-04-23T08:55:00+00:00,70.2,70.5,70.2,70.5,2504
2026-04-23T09:00:00+00:00,70.5,70.66,70.5,70.66,551
2026-04-23T09:05:00+00:00,70.66,70.66,69.8,70.1,4454
2026-04-23T09:10:00+00:00,70.13,70.42,70.04,70.04,2223
2026-04-23T09:15:00+00:00,70.54,70.64,70.51,70.63,5338
2026-04-23T09:20:00+00:00,70.63,70.63,70.63,70.63,302
2026-04-23T09:25:00+00:00,70.6,70.6,70.6,70.6,1105
2026-04-23T09:30:00+00:00,70.6,70.91,70.6,70.91,1433
2026-04-23T09:35:00+00:00,70.91,70.91,70.91,70.91,103
2026-04-23T09:40:00+00:00,70.91,70.94,70.9,70.94,656
2026-04-23T09:45:00+00:00,70.94,70.94,70.75,70.75,557
2026-04-23T09:50:00+00:00,70.75,70.75,70.58,70.58,2098
2026-04-23T09:55:00+00:00,70.58,70.58,70.58,70.58,284
2026-04-23T10:00:00+00:00,70.68,70.68,70.68,70.68,356
2026-04-23T10:05:00+00:00,70.6,70.6,70.245,70.245,1124
2026-04-23T10:10:00+00:00,70.245,70.4,70.245,70.26,774
2026-04-23T10:15:00+00:00,70.26,70.51,70.26,70.5,641
2026-04-23T10:20:00+00:00,70.5,70.75,70.5,70.75,189
2026-04-23T10:25:00+00:00,70.865,70.9,70.865,70.9,535
2026-04-23T10:30:00+00:00,70.9,71.2,70.8,71.0,5357
2026-04-23T10:35:00+00:00,70.98,71.0,70.75,70.75,962
2026-04-23T10:40:00+00:00,70.75,70.83,70.75,70.79,899
2026-04-23T10:45:00+00:00,70.79,70.79,70.78,70.78,893
2026-04-23T10:50:00+00:00,70.78,70.78,70.78,70.78,290
2026-04-23T10:55:00+00:00,71.0,71.95,71.0,71.19,13398
2026-04-23T11:00:00+00:00,71.19,71.68,71.19,71.4,5128
2026-04-23T11:05:00+00:00,71.46,71.68,71.4,71.68,5588
2026-04-23T11:10:00+00:00,71.75,72.52,71.73,71.75,27225
2026-04-23T11:15:00+00:00,72.12,72.25,71.74,71.9,8476
2026-04-23T11:20:00+00:00,72.0,72.0,71.74,71.81,4793
2026-04-23T11:25:00+00:00,71.81,72.0,71.81,71.85,2111
2026-04-23T11:30:00+00:00,71.79,71.9,71.5,71.81,4753
2026-04-23T11:35:00+00:00,71.99,72.8,71.91,72.6,11727
2026-04-23T11:40:00+00:00,72.58,74.68,72.58,74.66,40858
2026-04-23T11:45:00+00:00,74.76,74.9,74.1,74.23,15484
2026-04-23T11:50:00+00:00,74.0,74.71,74.0,74.63,30095
2026-04-23T11:55:00+00:00,74.5,75.0,74.46,74.5,12882
2026-04-23T12:00:00+00:00,74.5,79.95,74.5,78.91,131010
2026-04-23T12:05:00+00:00,78.932,78.932,77.01,77.9,77109
2026-04-23T12:10:00+00:00,77.91,78.71,77.29,78.21,52794
2026-04-23T12:15:00+00:00,78.33,80.25,78.06,80.25,85009
2026-04-23T12:20:00+00:00,80.29,80.34,78.97,79.75,73766
2026-04-23T12:25:00+00:00,79.71,80.0,79.46,79.62,54725
2026-04-23T12:30:00+00:00,79.7,80.62,79.7,80.0,55608
2026-04-23T12:35:00+00:00,79.98,80.0,78.71,79.01,78352
2026-04-23T12:40:00+00:00,79.01,79.05,78.32,78.6,53863
2026-04-23T12:45:00+00:00,78.6,78.88,77.95,78.32,81481
2026-04-23T12:50:00+00:00,78.35,78.9,78.2,78.75,43516
2026-04-23T12:55:00+00:00,78.75,79.6,78.75,79.49,64634
2026-04-23T13:00:00+00:00,79.5,79.82,79.14,79.4,60933
2026-04-23T13:05:00+00:00,79.31,79.56,78.69,78.94,52130
2026-04-23T13:10:00+00:00,78.88,78.88,78.21,78.21,30273
2026-04-23T13:15:00+00:00,78.26,78.48,78.0,78.29,48642
2026-04-23T13:20:00+00:00,78.14,78.75,78.0,78.54,41192
2026-04-23T13:25:00+00:00,78.51,78.51,77.73,77.73,35683
2026-04-23T13:30:00+00:00,77.73,79.94,76.2,77.1,244973
2026-04-23T13:35:00+00:00,77.17,79.14,77.17,78.29,126587
2026-04-23T13:40:00+00:00,78.23,79.61,77.8,78.99,122548
2026-04-23T13:45:00+00:00,79.03,80.6,78.9,79.6,221935
2026-04-23T13:50:00+00:00,79.56,79.6,77.74,78.0,136161
2026-04-23T13:55:00+00:00,77.93,78.07,77.1,77.25,60508
2026-04-23T14:00:00+00:00,77.25,77.25,75.82,76.19,100824
2026-04-23T14:05:00+00:00,76.27,77.23,75.63,75.81,47377
2026-04-23T14:10:00+00:00,75.58,75.59,74.35,74.8,103480
2026-04-23T14:15:00+00:00,74.85,76.22,74.85,75.0,98366
2026-04-23T14:20:00+00:00,74.88,76.3,74.85,76.3,29546
2026-04-23T14:25:00+00:00,76.29,77.43,76.15,77.38,134606
2026-04-23T14:30:00+00:00,77.45,78.6,77.39,78.08,136512
2026-04-23T14:35:00+00:00,78.0,78.61,77.5,77.55,46267
2026-04-23T14:40:00+00:00,77.47,77.7,76.65,77.32,42078
2026-04-23T14:45:00+00:00,77.41,78.1,77.4,77.52,37432
2026-04-23T14:50:00+00:00,77.5,78.335,77.29,78.09,38984
2026-04-23T14:55:00+00:00,78.13,78.82,78.13,78.8,48796
2026-04-23T15:00:00+00:00,78.84,79.39,78.0,78.0,53974
2026-04-23T15:05:00+00:00,78.04,78.77,77.98,78.75,20000
2026-04-23T15:10:00+00:00,78.9,79.22,78.69,78.69,30519
2026-04-23T15:15:00+00:00,78.54,79.42,78.3,78.95,36276
2026-04-23T15:20:00+00:00,78.9,78.9,78.44,78.77,22395
2026-04-23T15:25:00+00:00,78.59,78.59,78.04,78.23,24884
2026-04-23T15:30:00+00:00,78.31,78.46,77.7,77.7,27192
2026-04-23T15:35:00+00:00,77.6,77.61,77.17,77.41,42324
2026-04-23T15:40:00+00:00,77.42,77.53,77.15,77.38,22404
2026-04-23T15:45:00+00:00,77.3,77.3,75.96,76.0,53640
2026-04-23T15:50:00+00:00,76.0,76.39,75.66,76.28,37085
2026-04-23T15:55:00+00:00,76.5,76.73,75.91,76.0,36063
2026-04-23T16:00:00+00:00,76.13,76.86,76.13,76.49,19170
2026-04-23T16:05:00+00:00,76.4,76.86,76.26,76.67,17626
2026-04-23T16:10:00+00:00,76.65,77.13,76.55,76.56,30747
2026-04-23T16:15:00+00:00,76.58,76.8,76.3,76.55,10495
2026-04-23T16:20:00+00:00,76.5,76.86,76.17,76.8,14697
2026-04-23T16:25:00+00:00,76.82,77.215,76.64,76.7,23102
2026-04-23T16:30:00+00:00,76.8,77.32,76.79,77.04,12972
2026-04-23T16:35:00+00:00,77.09,77.09,76.77,76.85,10343
2026-04-23T16:40:00+00:00,76.85,76.85,76.41,76.71,7734
2026-04-23T16:45:00+00:00,76.74,76.74,75.89,76.12,18810
2026-04-23T16:50:00+00:00,76.09,76.35,75.99,76.35,12007
2026-04-23T16:55:00+00:00,76.45,76.9,76.45,76.7,11805
2026-04-23T17:00:00+00:00,76.77,77.0,75.95,76.07,21819
2026-04-23T17:05:00+00:00,76.04,76.18,75.42,75.52,24970
2026-04-23T17:10:00+00:00,75.4,75.8,75.4,75.77,17150
2026-04-23T17:15:00+00:00,75.83,76.0,75.55,75.72,19153
2026-04-23T17:20:00+00:00,75.85,76.32,75.74,76.13,11328
2026-04-23T17:25:00+00:00,76.05,76.74,75.94,76.43,21941
2026-04-23T17:30:00+00:00,76.45,76.85,75.8,76.79,30233
2026-04-23T17:35:00+00:00,76.76,76.9,75.68,75.68,26972
2026-04-23T17:40:00+00:00,75.68,75.68,74.04,74.39,66872
2026-04-23T17:45:00+00:00,74.33,74.53,73.67,74.41,55176
2026-04-23T17:50:00+00:00,74.45,76.23,74.32,75.85,38881
2026-04-23T17:55:00+00:00,76.0,76.75,76.0,76.48,31951
2026-04-23T18:00:00+00:00,76.65,77.01,76.29,76.7,28718
2026-04-23T18:05:00+00:00,76.62,77.115,76.51,76.69,20160
2026-04-23T18:10:00+00:00,76.52,76.89,76.39,76.66,15606
2026-04-23T18:15:00+00:00,76.82,76.82,76.3,76.73,10564
2026-04-23T18:20:00+00:00,76.67,76.96,76.475,76.88,15121
2026-04-23T18:25:00+00:00,76.8,76.895,76.5,76.73,6182
2026-04-23T18:30:00+00:00,76.83,77.65,76.83,77.58,27508
2026-04-23T18:35:00+00:00,77.59,77.83,77.36,77.425,23793
2026-04-23T18:40:00+00:00,77.4,77.49,77.09,77.22,11668
2026-04-23T18:45:00+00:00,77.15,77.65,77.15,77.28,9021
2026-04-23T18:50:00+00:00,77.2,77.2,76.7,76.95,21595
2026-04-23T18:55:00+00:00,76.85,76.85,76.26,76.39,13418
2026-04-23T19:00:00+00:00,76.35,76.52,76.13,76.4,14591
2026-04-23T19:05:00+00:00,76.46,76.93,76.46,76.72,8909
2026-04-23T19:10:00+00:00,76.66,77.0,76.4,76.985,17037
2026-04-23T19:15:00+00:00,77.0,77.24,76.8,76.8,9140
2026-04-23T19:20:00+00:00,76.84,76.98,76.71,76.79,8327
2026-04-23T19:25:00+00:00,76.67,76.86,76.58,76.67,8205
2026-04-23T19:30:00+00:00,76.69,76.7,76.26,76.285,17511
2026-04-23T19:35:00+00:00,76.25,76.25,75.54,75.63,27999
2026-04-23T19:40:00+00:00,75.69,75.88,75.35,75.39,22619
2026-04-23T19:45:00+00:00,75.46,75.5,75.15,75.18,18663
2026-04-23T19:50:00+00:00,75.11,75.6,74.93,75.58,31330
2026-04-23T19:55:00+00:00,75.555,76.44,75.36,76.44,56844
2026-04-23T20:00:00+00:00,76.39,77.01,76.31,77.0,54046
2026-04-23T20:05:00+00:00,77.0,77.1,76.7,76.95,10677
2026-04-23T20:10:00+00:00,76.95,77.0,76.75,76.75,7012
2026-04-23T20:15:00+00:00,76.75,76.98,76.75,76.98,3313
2026-04-23T20:20:00+00:00,76.98,77.21,76.9,77.21,5012
2026-04-23T20:25:00+00:00,77.29,77.35,77.08,77.1,4693
2026-04-23T20:30:00+00:00,77.1,77.45,76.75,76.82,8768
2026-04-23T20:35:00+00:00,76.82,77.17,76.82,77.17,2364
2026-04-23T20:40:00+00:00,77.2,77.33,77.17,77.31,2903
2026-04-23T20:45:00+00:00,77.31,77.39,77.31,77.39,747
2026-04-23T20:50:00+00:00,77.39,77.39,77.13,77.13,1087
2026-04-23T20:55:00+00:00,77.26,77.31,77.13,77.13,4316
2026-04-23T21:00:00+00:00,77.17,77.299,77.15,77.299,2281
2026-04-23T21:05:00+00:00,77.32,77.4,77.21,77.4,4424
2026-04-23T21:10:00+00:00,77.419,77.419,77.39,77.39,777
2026-04-23T21:15:00+00:00,77.39,77.39,77.25,77.25,1972
2026-04-23T21:20:00+00:00,77.25,77.25,77.01,77.05,1916
2026-04-23T21:25:00+00:00,77.12,77.6,77.12,77.6,9156
2026-04-23T21:30:00+00:00,77.68,78.3,77.68,78.3,8751
2026-04-23T21:35:00+00:00,78.26,78.26,78.1,78.1,6049
2026-04-23T21:40:00+00:00,78.1,78.18,78.0,78.0,3453
2026-04-23T21:45:00+00:00,78.0,78.2,78.0,78.14,4134
2026-04-23T21:50:00+00:00,78.14,78.14,78.0,78.0,1276
2026-04-23T21:55:00+00:00,78.0,78.0,77.81,78.0,2933
2026-04-23T22:00:00+00:00,78.1,78.25,78.1,78.2,3238
2026-04-23T22:05:00+00:00,78.2,78.34,78.2,78.27,1595
2026-04-23T22:10:00+00:00,78.27,78.29,78.25,78.29,1084
2026-04-23T22:15:00+00:00,78.2,78.2,78.001,78.05,905
2026-04-23T22:20:00+00:00,78.01,78.01,77.5,77.54,2981
2026-04-23T22:25:00+00:00,77.54,77.99,77.54,77.99,1006
2026-04-23T22:30:00+00:00,77.99,78.1,77.99,78.1,857
2026-04-23T22:35:00+00:00,78.0,78.099,78.0,78.0,1165
2026-04-23T22:40:00+00:00,78.0,78.0,78.0,78.0,1146
2026-04-23T22:45:00+00:00,78.0,78.0,78.0,78.0,580
2026-04-23T22:50:00+00:00,78.0,78.0,78.0,78.0,888
2026-04-23T22:55:00+00:00,78.06,78.1,77.93,78.1,588
2026-04-23T23:00:00+00:00,78.1,78.11,77.98,77.98,1857
2026-04-23T23:05:00+00:00,77.98,77.98,77.89,77.89,452
2026-04-23T23:10:00+00:00,77.89,77.89,77.77,77.77,669
2026-04-23T23:15:00+00:00,77.77,77.77,77.77,77.77,557
2026-04-23T23:20:00+00:00,77.77,77.93,77.77,77.93,1006
2026-04-23T23:25:00+00:00,77.93,77.95,77.93,77.95,219
2026-04-23T23:30:00+00:00,77.95,77.96,77.95,77.96,741
2026-04-23T23:35:00+00:00,78.1,78.1,78.08,78.1,685
2026-04-23T23:40:00+00:00,78.1,78.2,78.1,78.2,780
2026-04-23T23:45:00+00:00,78.35,78.39,78.3,78.39,5689
2026-04-23T23:50:00+00:00,78.38,78.45,78.38,78.45,5444
2026-04-23T23:55:00+00:00,78.33,78.54,78.33,78.54,3346
2026-04-24T08:00:00+00:00,78.61,79.05,78.54,78.89,4953
2026-04-24T08:05:00+00:00,78.98,79.29,78.98,79.29,6627
2026-04-24T08:10:00+00:00,79.3,79.48,79.23,79.39,11640
2026-04-24T08:15:00+00:00,79.36,79.89,79.36,79.86,9138
2026-04-24T08:20:00+00:00,79.86,79.87,79.3,79.3,3264
2026-04-24T08:25:00+00:00,79.3,79.3,79.0,79.3,6648
2026-04-24T08:30:00+00:00,79.29,79.3,79.29,79.3,1792
2026-04-24T08:35:00+00:00,79.0,79.1,78.85,79.1,2615
2026-04-24T08:40:00+00:00,79.2,79.22,79.18,79.18,1067
2026-04-24T08:45:00+00:00,78.97,79.22,78.97,79.22,1100
2026-04-24T08:50:00+00:00,79.22,79.22,78.79,78.8,1616
2026-04-24T08:55:00+00:00,78.75,78.84,78.5,78.5,2634
2026-04-24T09:00:00+00:00,78.5,78.5,78.5,78.5,166
2026-04-24T09:05:00+00:00,78.5,78.9,78.5,78.65,2101
2026-04-24T09:10:00+00:00,78.65,78.79,78.65,78.79,1177
2026-04-24T09:15:00+00:00,78.79,78.79,78.79,78.79,1315
2026-04-24T09:20:00+00:00,78.79,78.92,78.79,78.84,623
2026-04-24T09:25:00+00:00,78.84,78.9,78.84,78.9,232
2026-04-24T09:30:00+00:00,78.9,78.9,78.65,78.65,1306
2026-04-24T09:35:00+00:00,78.65,78.65,78.51,78.51,1862
2026-04-24T09:40:00+00:00,78.51,78.51,78.51,78.51,470
2026-04-24T09:45:00+00:00,78.64,78.65,78.61,78.61,1759
2026-04-24T09:50:00+00:00,78.72,78.73,78.7,78.7,1046
2026-04-24T09:55:00+00:00,78.7,79.03,78.7,79.03,3146
2026-04-24T10:00:00+00:00,79.03,79.03,78.92,78.95,350
2026-04-24T10:05:00+00:00,78.9,78.95,78.9,78.95,2276
2026-04-24T10:10:00+00:00,78.95,78.95,78.95,78.95,740
2026-04-24T10:15:00+00:00,79.1,79.19,79.04,79.17,1937
2026-04-24T10:20:00+00:00,79.24,79.24,79.0,79.0,2426
2026-04-24T10:25:00+00:00,79.0,79.0,78.8,78.8,670
2026-04-24T10:30:00+00:00,78.8,79.08,78.8,79.08,653
2026-04-24T10:35:00+00:00,79.2,79.2,79.2,79.2,1770
2026-04-24T10:40:00+00:00,79.2,79.2,79.0,79.0,673
2026-04-24T10:45:00+00:00,79.0,79.17,79.0,79.17,496
2026-04-24T10:50:00+00:00,79.17,79.17,78.9,78.9,808
2026-04-24T10:55:00+00:00,78.9,78.9,78.9,78.9,1606
2026-04-24T11:00:00+00:00,78.79,79.07,78.6,79.06,8888
2026-04-24T11:05:00+00:00,79.2,79.64,79.04,79.61,10616
2026-04-24T11:10:00+00:00,79.49,79.85,79.36,79.46,15654
2026-04-24T11:15:00+00:00,79.42,79.79,79.39,79.76,2356
2026-04-24T11:20:00+00:00,79.71,80.32,79.61,80.28,22137
2026-04-24T11:25:00+00:00,80.41,80.81,80.4,80.69,14925
2026-04-24T11:30:00+00:00,80.69,80.69,80.13,80.29,4359
2026-04-24T11:35:00+00:00,80.28,80.31,80.15,80.2,4942
2026-04-24T11:40:00+00:00,80.19,80.35,80.19,80.3,9704
2026-04-24T11:45:00+00:00,80.3,80.3,79.97,80.05,9208
2026-04-24T11:50:00+00:00,79.999,80.3,79.95,80.14,6055
2026-04-24T11:55:00+00:00,80.14,80.14,79.89,79.94,4301
2026-04-24T12:00:00+00:00,79.95,80.0,79.8,79.95,4437
2026-04-24T12:05:00+00:00,79.88,80.15,79.8,80.15,8667
2026-04-24T12:10:00+00:00,80.28,80.35,80.02,80.02,3134
2026-04-24T12:15:00+00:00,80.02,80.02,79.5,79.5,11675
2026-04-24T12:20:00+00:00,79.571,79.7,79.3,79.7,13290
2026-04-24T12:25:00+00:00,79.62,79.69,79.45,79.64,10665
2026-04-24T12:30:00+00:00,79.51,79.51,79.08,79.08,5268
2026-04-24T12:35:00+00:00,79.04,79.1,78.78,79.09,11491
2026-04-24T12:40:00+00:00,79.0,79.32,79.0,79.05,4781
2026-04-24T12:45:00+00:00,78.91,79.32,78.85,78.85,3259
2026-04-24T12:50:00+00:00,78.79,79.2,78.72,78.72,13102
2026-04-24T12:55:00+00:00,78.99,79.97,78.99,79.71,62247
2026-04-24T13:00:00+00:00,79.71,80.26,79.67,80.0,37799
2026-04-24T13:05:00+00:00,80.2,80.32,80.02,80.2,11608
2026-04-24T13:10:00+00:00,80.1,80.38,80.1,80.35,9623
2026-04-24T13:15:00+00:00,80.34,80.39,80.05,80.13,5504
2026-04-24T13:20:00+00:00,80.19,80.7,80.19,80.6,10513
2026-04-24T13:25:00+00:00,80.65,81.5,80.65,81.19,42935
2026-04-24T13:30:00+00:00,81.0,81.5,78.41,78.88,174798
2026-04-24T13:35:00+00:00,78.975,80.61,78.44,80.59,81659
2026-04-24T13:40:00+00:00,80.6,80.7,78.5,79.5,61122
2026-04-24T13:45:00+00:00,79.755,79.755,77.89,78.16,57094
2026-04-24T13:50:00+00:00,78.4,78.41,75.33,75.58,99109
2026-04-24T13:55:00+00:00,75.51,76.0,74.78,76.0,50907
2026-04-24T14:00:00+00:00,75.79,75.95,74.0,74.48,66822
2026-04-24T14:05:00+00:00,74.445,75.25,74.445,74.7,64539
2026-04-24T14:10:00+00:00,74.79,75.435,74.415,74.51,40166
2026-04-24T14:15:00+00:00,74.5,75.47,74.32,74.72,28521
2026-04-24T14:20:00+00:00,74.67,74.9,74.06,74.44,37798
2026-04-24T14:25:00+00:00,74.37,74.37,73.3,73.48,48003
2026-04-24T14:30:00+00:00,73.42,74.14,72.69,73.95,52292
2026-04-24T14:35:00+00:00,73.99,74.92,73.55,74.92,26011
2026-04-24T14:40:00+00:00,75.0,75.57,74.92,75.13,37558
2026-04-24T14:45:00+00:00,75.11,75.11,74.4,74.59,19507
2026-04-24T14:50:00+00:00,74.66,74.71,73.99,74.2,19806
2026-04-24T14:55:00+00:00,74.255,74.54,74.17,74.38,16717
2026-04-24T15:00:00+00:00,74.405,74.7,74.25,74.52,22375
2026-04-24T15:05:00+00:00,74.5,74.65,73.46,73.47,31441
2026-04-24T15:10:00+00:00,73.47,73.5,72.95,73.38,37393
2026-04-24T15:15:00+00:00,73.365,73.565,72.63,72.75,36400
2026-04-24T15:20:00+00:00,72.63,73.26,72.35,72.925,53941
2026-04-24T15:25:00+00:00,72.87,73.1,72.57,72.78,44838
2026-04-24T15:30:00+00:00,72.83,73.1,72.48,72.51,23031
2026-04-24T15:35:00+00:00,72.41,73.03,72.32,72.97,17578
2026-04-24T15:40:00+00:00,73.1,73.9,72.81,73.79,20834
2026-04-24T15:45:00+00:00,74.0,74.23,73.51,73.83,22097
2026-04-24T15:50:00+00:00,73.9,74.2,73.6,73.66,16586
2026-04-24T15:55:00+00:00,73.68,73.73,73.03,73.25,14165
2026-04-24T16:00:00+00:00,73.29,73.41,72.63,72.72,17912
2026-04-24T16:05:00+00:00,72.69,72.85,72.25,72.51,26709
2026-04-24T16:10:00+00:00,72.71,72.71,72.14,72.31,22089
2026-04-24T16:15:00+00:00,72.345,72.61,72.1,72.61,12529
2026-04-24T16:20:00+00:00,72.55,72.6,72.2,72.24,12640
2026-04-24T16:25:00+00:00,72.4,72.5,72.21,72.4,15536
2026-04-24T16:30:00+00:00,72.41,73.0,72.41,72.81,10936
2026-04-24T16:35:00+00:00,73.0,73.62,72.99,73.05,22196
2026-04-24T16:40:00+00:00,72.97,73.2,72.67,73.16,12570
2026-04-24T16:45:00+00:00,73.15,73.7,73.15,73.25,22081
2026-04-24T16:50:00+00:00,73.4,73.9,73.11,73.71,32010
2026-04-24T16:55:00+00:00,73.74,73.75,73.38,73.58,9500
2026-04-24T17:00:00+00:00,73.7,73.7,72.36,72.45,29038
2026-04-24T17:05:00+00:00,72.47,72.86,72.37,72.77,25859
2026-04-24T17:10:00+00:00,72.83,73.11,72.8,73.01,12208
2026-04-24T17:15:00+00:00,72.97,72.97,72.68,72.8,16663
2026-04-24T17:20:00+00:00,72.8,72.8,71.85,72.18,61321
2026-04-24T17:25:00+00:00,72.2,72.22,71.5,71.71,30988
2026-04-24T17:30:00+00:00,71.71,71.71,71.32,71.5,19605
2026-04-24T17:35:00+00:00,71.46,71.55,71.28,71.28,17701
2026-04-24T17:40:00+00:00,71.2,71.8,71.2,71.77,14824
2026-04-24T17:45:00+00:00,71.6,72.04,71.6,71.9,14096
2026-04-24T17:50:00+00:00,71.98,73.0,71.98,72.78,20625
2026-04-24T17:55:00+00:00,72.77,72.89,72.61,72.63,16136
2026-04-24T18:00:00+00:00,72.57,72.67,72.35,72.5,14700
2026-04-24T18:05:00+00:00,72.45,72.61,72.36,72.61,11466
2026-04-24T18:10:00+00:00,72.56,72.59,72.45,72.52,8354
2026-04-24T18:15:00+00:00,72.51,72.86,72.51,72.77,9700
2026-04-24T18:20:00+00:00,72.78,72.83,72.64,72.81,10416
2026-04-24T18:25:00+00:00,72.9,73.1,72.85,72.98,10155
2026-04-24T18:30:00+00:00,73.0,73.315,72.975,73.16,12294
2026-04-24T18:35:00+00:00,73.23,73.25,72.74,72.8,15446
2026-04-24T18:40:00+00:00,72.73,72.88,72.64,72.71,15129
2026-04-24T18:45:00+00:00,72.73,73.12,72.67,72.94,12711
2026-04-24T18:50:00+00:00,72.84,73.22,72.695,73.04,18701
2026-04-24T18:55:00+00:00,72.93,73.11,72.72,73.06,10865
2026-04-24T19:00:00+00:00,73.19,73.5,73.05,73.15,20452
2026-04-24T19:05:00+00:00,73.18,73.25,72.99,73.0,14834
2026-04-24T19:10:00+00:00,72.97,73.09,72.75,72.9,11497
2026-04-24T19:15:00+00:00,72.905,73.19,72.83,73.12,14497
2026-04-24T19:20:00+00:00,73.11,73.12,72.64,72.72,19853
2026-04-24T19:25:00+00:00,72.74,72.83,72.64,72.735,12386
2026-04-24T19:30:00+00:00,72.735,72.77,72.04,72.07,22868
2026-04-24T19:35:00+00:00,72.03,72.12,71.63,72.06,26063
2026-04-24T19:40:00+00:00,72.05,72.16,71.89,71.905,22061
2026-04-24T19:45:00+00:00,71.8,71.81,71.47,71.61,23832
2026-04-24T19:50:00+00:00,71.59,71.59,71.235,71.235,43146
2026-04-24T19:55:00+00:00,71.26,71.44,70.89,70.99,86114
2026-04-24T20:00:00+00:00,71.01,71.49,70.93,71.02,16385
2026-04-24T20:05:00+00:00,71.43,71.46,71.21,71.21,3357
2026-04-24T20:10:00+00:00,71.24,71.24,71.16,71.21,1759
2026-04-24T20:15:00+00:00,71.21,71.25,71.21,71.23,1198
2026-04-24T20:20:00+00:00,71.23,71.34,71.23,71.34,1259
2026-04-24T20:25:00+00:00,71.34,71.34,71.32,71.32,1069
2026-04-24T20:30:00+00:00,71.32,71.32,71.32,71.32,846
2026-04-24T20:35:00+00:00,71.32,71.59,71.32,71.59,3029
2026-04-24T20:40:00+00:00,71.78,71.8,71.75,71.75,2253
2026-04-24T20:45:00+00:00,71.75,71.85,71.75,71.8,2326
2026-04-24T20:50:00+00:00,71.8,72.0,71.78,72.0,2312
2026-04-24T20:55:00+00:00,72.0,72.0,72.0,72.0,356
2026-04-24T21:00:00+00:00,71.77,71.79,71.77,71.79,939
2026-04-24T21:05:00+00:00,71.79,71.92,71.79,71.92,3020
2026-04-24T21:10:00+00:00,71.95,71.99,71.95,71.99,1610
2026-04-24T21:15:00+00:00,71.98,71.99,71.9,71.9,1419
2026-04-24T21:20:00+00:00,71.9,71.9,71.9,71.9,203
2026-04-24T21:25:00+00:00,71.9,71.97,71.9,71.97,4152
2026-04-24T21:30:00+00:00,71.91,71.91,71.88,71.88,520
2026-04-24T21:35:00+00:00,71.91,71.95,71.91,71.95,1453
2026-04-24T21:40:00+00:00,71.95,72.19,71.95,72.19,1557
2026-04-24T21:45:00+00:00,72.18,72.29,72.0,72.16,3691
2026-04-24T21:50:00+00:00,72.16,72.16,72.09,72.09,986
2026-04-24T21:55:00+00:00,72.2,72.25,72.2,72.25,1007
2026-04-24T22:00:00+00:00,72.2,72.21,72.2,72.21,727
2026-04-24T22:05:00+00:00,72.21,72.21,72.21,72.21,157
2026-04-24T22:10:00+00:00,72.21,72.21,72.21,72.21,181
2026-04-24T22:15:00+00:00,72.21,72.21,72.21,72.21,295
2026-04-24T22:20:00+00:00,72.21,72.36,72.2,72.25,1863
2026-04-24T22:25:00+00:00,72.25,72.25,72.25,72.25,122
2026-04-24T22:30:00+00:00,72.25,72.25,72.25,72.25,427
2026-04-24T22:35:00+00:00,72.25,72.25,72.2,72.2,488
2026-04-24T22:40:00+00:00,72.2,72.2,72.2,72.2,92
2026-04-24T22:45:00+00:00,72.0,72.0,72.0,72.0,606
2026-04-24T22:50:00+00:00,72.0,72.0,72.0,72.0,10
2026-04-24T22:55:00+00:00,72.11,72.11,72.02,72.05,2170
2026-04-24T23:00:00+00:00,72.05,72.05,72.0,72.0,735
2026-04-24T23:05:00+00:00,72.0,72.0,71.75,71.75,2935
2026-04-24T23:10:00+00:00,71.75,71.9,71.75,71.8,921
2026-04-24T23:15:00+00:00,71.8,71.8,71.8,71.8,922
2026-04-24T23:20:00+00:00,71.8,71.8,71.8,71.8,212
2026-04-24T23:25:00+00:00,71.8,71.8,71.63,71.63,369
2026-04-24T23:30:00+00:00,71.63,71.63,71.62,71.62,462
2026-04-24T23:35:00+00:00,71.56,71.56,71.56,71.56,319
2026-04-24T23:40:00+00:00,71.5,71.5,71.41,71.41,867
2026-04-24T23:45:00+00:00,71.5,71.54,71.5,71.5,993
2026-04-24T23:50:00+00:00,71.5,71.53,71.5,71.53,612
2026-04-24T23:55:00+00:00,71.53,71.53,71.21,71.21,2512
2026-04-27T08:00:00+00:00,71.53,71.53,71.46,71.46,2957
2026-04-27T08:05:00+00:00,71.46,71.46,71.15,71.15,4245
2026-04-27T08:10:00+00:00,71.15,71.19,71.04,71.04,1564
2026-04-27T08:15:00+00:00,71.05,71.34,70.95,71.34,8933
2026-04-27T08:20:00+00:00,71.34,71.34,71.25,71.32,588
2026-04-27T08:25:00+00:00,71.32,71.32,71.32,71.32,487
2026-04-27T08:30:00+00:00,71.32,71.32,71.32,71.32,90
2026-04-27T08:35:00+00:00,71.32,71.43,71.32,71.41,1264
2026-04-27T08:40:00+00:00,71.39,71.4,71.39,71.4,841
2026-04-27T08:45:00+00:00,71.4,71.68,71.4,71.68,530
2026-04-27T08:50:00+00:00,71.75,71.89,71.75,71.84,1828
2026-04-27T08:55:00+00:00,71.84,71.84,71.78,71.78,648
2026-04-27T09:00:00+00:00,71.8,71.8,71.78,71.78,1220
2026-04-27T09:05:00+00:00,71.78,71.98,71.78,71.97,1950
2026-04-27T09:10:00+00:00,71.81,71.81,71.71,71.71,1676
2026-04-27T09:15:00+00:00,71.81,71.81,71.81,71.81,931
2026-04-27T09:20:00+00:00,71.81,71.81,71.81,71.81,164
2026-04-27T09:25:00+00:00,71.81,72.19,71.81,72.19,3431
2026-04-27T09:30:00+00:00,72.19,72.19,72.19,72.19,120
2026-04-27T09:35:00+00:00,72.0,72.05,72.0,72.05,539
2026-04-27T09:40:00+00:00,72.05,72.05,72.0,72.0,397
2026-04-27T09:45:00+00:00,72.0,72.0,72.0,72.0,177
2026-04-27T09:50:00+00:00,72.0,72.0,71.85,71.85,295
2026-04-27T09:55:00+00:00,71.85,71.85,71.7,71.7,223
2026-04-27T10:00:00+00:00,71.65,71.65,71.6,71.6,989
2026-04-27T10:05:00+00:00,71.6,71.6,71.55,71.55,976
2026-04-27T10:10:00+00:00,71.55,71.55,71.13,71.13,1898
2026-04-27T10:15:00+00:00,71.13,71.39,71.13,71.39,422
2026-04-27T10:20:00+00:00,71.39,71.39,71.39,71.39,2
2026-04-27T10:25:00+00:00,71.39,71.39,71.39,71.39,214
2026-04-27T10:30:00+00:00,71.35,71.35,71.35,71.35,562
2026-04-27T10:35:00+00:00,71.35,71.73,71.35,71.73,239
2026-04-27T10:40:00+00:00,71.73,71.82,71.73,71.82,354
2026-04-27T10:45:00+00:00,71.82,71.82,71.82,71.82,72
2026-04-27T10:50:00+00:00,71.64,71.65,71.64,71.65,434
2026-04-27T10:55:00+00:00,71.65,71.76,71.63,71.63,849
2026-04-27T11:00:00+00:00,71.63,71.63,71.48,71.5,1723
2026-04-27T11:05:00+00:00,71.5,71.59,71.41,71.41,853
2026-04-27T11:10:00+00:00,71.34,71.34,71.24,71.32,1757
2026-04-27T11:15:00+00:00,71.32,71.39,71.32,71.39,1051
2026-04-27T11:20:00+00:00,71.45,71.6,71.45,71.6,1783
2026-04-27T11:25:00+00:00,71.77,71.77,71.77,71.77,611
2026-04-27T11:30:00+00:00,71.77,71.77,71.6,71.6,4073
2026-04-27T11:35:00+00:00,71.6,71.76,71.6,71.76,577
2026-04-27T11:40:00+00:00,71.76,71.76,71.74,71.74,1246
2026-04-27T11:45:00+00:00,71.74,71.74,71.74,71.74,457
2026-04-27T11:50:00+00:00,71.74,72.1,71.74,72.1,3281
2026-04-27T11:55:00+00:00,72.1,72.1,72.0,72.0,362
2026-04-27T12:00:00+00:00,72.0,72.0,71.87,71.91,3386
2026-04-27T12:05:00+00:00,71.9,71.93,71.85,71.85,1630
2026-04-27T12:10:00+00:00,71.98,72.2,71.98,72.12,2278
2026-04-27T12:15:00+00:00,72.12,72.45,72.12,72.45,3174
2026-04-27T12:20:00+00:00,72.45,72.69,72.34,72.69,5821
2026-04-27T12:25:00+00:00,72.68,72.69,72.33,72.584,3862
2026-04-27T12:30:00+00:00,72.58,72.6,72.49,72.6,1535
2026-04-27T12:35:00+00:00,72.5,72.5,72.1,72.1,4369
2026-04-27T12:40:00+00:00,72.1,72.31,72.06,72.07,2172
2026-04-27T12:45:00+00:00,72.11,72.11,72.0,72.0,7840
2026-04-27T12:50:00+00:00,72.0,72.25,72.0,72.22,2807
2026-04-27T12:55:00+00:00,72.22,72.45,72.22,72.25,2606
2026-04-27T13:00:00+00:00,72.22,72.28,71.87,71.87,3872
2026-04-27T13:05:00+00:00,71.87,72.03,71.68,72.03,7222
2026-04-27T13:10:00+00:00,71.86,71.86,71.58,71.58,10548
2026-04-27T13:15:00+00:00,71.65,71.9,71.51,71.75,4301
2026-04-27T13:20:00+00:00,71.75,71.75,71.55,71.6,3690
2026-04-27T13:25:00+00:00,71.69,71.69,71.08,71.1,11328
2026-04-27T13:30:00+00:00,71.0,75.15,70.36,74.65,97003
2026-04-27T13:35:00+00:00,74.57,76.15,73.88,73.88,110117
2026-04-27T13:40:00+00:00,73.82,74.605,72.78,72.81,67774
2026-04-27T13:45:00+00:00,72.7,73.25,71.75,71.79,76379
2026-04-27T13:50:00+00:00,71.7,72.26,70.63,72.18,69894
2026-04-27T13:55:00+00:00,72.22,72.42,71.68,72.07,30783
2026-04-27T14:00:00+00:00,72.01,73.12,71.57,72.98,41116
2026-04-27T14:05:00+00:00,72.9,73.08,71.91,72.07,39957
2026-04-27T14:10:00+00:00,71.97,72.85,71.88,72.45,36358
2026-04-27T14:15:00+00:00,72.4,72.68,71.9,72.435,26819
2026-04-27T14:20:00+00:00,72.42,72.79,72.17,72.76,20624
2026-04-27T14:25:00+00:00,72.76,73.35,72.57,73.0,23186
2026-04-27T14:30:00+00:00,72.65,73.13,72.42,73.06,14941
2026-04-27T14:35:00+00:00,73.15,74.23,73.06,74.16,61241
2026-04-27T14:40:00+00:00,74.18,74.47,73.5,74.25,47500
2026-04-27T14:45:00+00:00,74.3,75.13,74.3,74.62,54979
2026-04-27T14:50:00+00:00,74.51,75.05,73.195,73.27,41868
2026-04-27T14:55:00+00:00,73.27,73.39,72.45,72.57,40313
2026-04-27T15:00:00+00:00,72.5,72.5,71.74,71.88,43237
2026-04-27T15:05:00+00:00,71.74,72.34,71.6,72.18,33326
2026-04-27T15:10:00+00:00,72.205,72.605,72.0,72.425,16175
2026-04-27T15:15:00+00:00,72.41,72.51,71.65,71.65,18043
2026-04-27T15:20:00+00:00,71.86,72.39,71.6,72.12,13862
2026-04-27T15:25:00+00:00,71.98,72.66,71.885,72.6,15375
2026-04-27T15:30:00+00:00,72.67,72.67,72.175,72.175,16841
2026-04-27T15:35:00+00:00,72.16,72.695,72.05,72.68,15150
2026-04-27T15:40:00+00:00,72.71,72.799,72.415,72.545,15049
2026-04-27T15:45:00+00:00,72.62,72.76,72.3,72.3,8555
2026-04-27T15:50:00+00:00,72.4,72.56,72.0,72.06,8322
2026-04-27T15:55:00+00:00,72.18,72.3,72.05,72.29,7508
2026-04-27T16:00:00+00:00,72.22,72.27,71.98,72.09,5636
2026-04-27T16:05:00+00:00,72.05,72.17,72.02,72.11,5195
2026-04-27T16:10:00+00:00,72.13,72.455,72.11,72.455,7377
2026-04-27T16:15:00+00:00,72.49,72.685,72.49,72.57,6939
2026-04-27T16:20:00+00:00,72.65,73.02,72.6,72.69,21367
2026-04-27T16:25:00+00:00,72.74,73.02,72.74,73.02,9589
2026-04-27T16:30:00+00:00,73.02,73.12,72.77,72.77,7389
2026-04-27T16:35:00+00:00,72.815,72.815,72.5,72.67,6002
2026-04-27T16:40:00+00:00,72.66,72.88,72.66,72.8,5851
2026-04-27T16:45:00+00:00,72.84,73.22,72.73,73.19,10469
2026-04-27T16:50:00+00:00,73.17,73.36,73.14,73.14,7701
2026-04-27T16:55:00+00:00,73.15,73.51,73.08,73.51,12494
2026-04-27T17:00:00+00:00,73.6,74.38,73.6,74.19,25423
2026-04-27T17:05:00+00:00,74.23,74.6,74.21,74.51,19462
2026-04-27T17:10:00+00:00,74.57,75.1,74.46,74.77,29168
2026-04-27T17:15:00+00:00,74.71,74.73,74.4,74.69,13501
2026-04-27T17:20:00+00:00,74.69,75.29,74.69,75.25,23690
2026-04-27T17:25:00+00:00,75.15,75.46,75.06,75.25,22123
2026-04-27T17:30:00+00:00,75.19,75.79,75.19,75.49,31632
2026-04-27T17:35:00+00:00,75.47,75.64,75.0,75.01,10872
2026-04-27T17:40:00+00:00,74.9,74.9,74.55,74.84,11292
2026-04-27T17:45:00+00:00,74.8,74.8,74.5,74.56,11863
2026-04-27T17:50:00+00:00,74.58,74.58,74.16,74.17,11572
2026-04-27T17:55:00+00:00,74.19,74.51,74.19,74.51,9916
2026-04-27T18:00:00+00:00,74.46,74.7,74.46,74.5,8045
2026-04-27T18:05:00+00:00,74.5,74.7,74.41,74.55,4963
2026-04-27T18:10:00+00:00,74.55,74.77,74.49,74.53,6343
2026-04-27T18:15:00+00:00,74.52,74.58,74.27,74.42,11387
2026-04-27T18:20:00+00:00,74.51,74.73,74.51,74.73,5874
2026-04-27T18:25:00+00:00,74.71,75.31,74.685,75.31,18676
2026-04-27T18:30:00+00:00,75.23,75.35,74.94,75.04,7583
2026-04-27T18:35:00+00:00,74.89,75.45,74.89,75.45,12984
2026-04-27T18:40:00+00:00,75.48,75.65,75.4,75.57,21197
2026-04-27T18:45:00+00:00,75.45,75.45,75.1,75.19,13011
2026-04-27T18:50:00+00:00,75.19,75.55,75.1,75.13,9231
2026-04-27T18:55:00+00:00,75.165,75.5,75.165,75.46,13367
2026-04-27T19:00:00+00:00,75.44,75.61,74.77,74.89,20451
2026-04-27T19:05:00+00:00,74.88,74.92,74.645,74.69,9006
2026-04-27T19:10:00+00:00,74.76,74.87,74.51,74.77,14166
2026-04-27T19:15:00+00:00,74.77,75.11,74.76,75.1,17537
2026-04-27T19:20:00+00:00,75.05,75.14,74.8,74.93,16888
2026-04-27T19:25:00+00:00,74.89,75.1,74.82,75.1,13000
2026-04-27T19:30:00+00:00,75.09,75.11,74.8,74.88,16159
2026-04-27T19:35:00+00:00,74.84,75.02,74.8,74.92,14173
2026-04-27T19:40:00+00:00,74.89,75.265,74.8,75.23,18679
2026-04-27T19:45:00+00:00,75.28,75.38,75.135,75.38,9195
2026-04-27T19:50:00+00:00,75.48,75.9,75.385,75.84,40833
2026-04-27T19:55:00+00:00,75.71,76.185,75.62,75.94,76864
2026-04-27T20:00:00+00:00,75.98,76.2,75.7,76.0,11774
2026-04-27T20:05:00+00:00,76.0,76.0,75.8,75.92,1726
2026-04-27T20:10:00+00:00,75.92,76.06,75.92,76.06,14356
2026-04-27T20:15:00+00:00,76.07,76.09,76.0,76.0,3999
2026-04-27T20:20:00+00:00,76.0,76.0,75.87,75.87,1891
2026-04-27T20:25:00+00:00,75.87,75.9,75.87,75.9,1186
2026-04-27T20:30:00+00:00,75.929,76.04,75.929,76.04,4458
2026-04-27T20:35:00+00:00,76.08,76.08,76.05,76.05,1081
2026-04-27T20:40:00+00:00,76.05,76.05,75.99,75.99,474
2026-04-27T20:45:00+00:00,75.99,75.99,75.99,75.99,505
2026-04-27T20:50:00+00:00,75.99,75.99,75.99,75.99,455
2026-04-27T20:55:00+00:00,75.95,76.05,75.95,76.05,2968
2026-04-27T21:00:00+00:00,76.05,76.05,76.05,76.05,1094
2026-04-27T21:05:00+00:00,76.05,76.05,75.95,75.95,577
2026-04-27T21:10:00+00:00,75.95,75.95,75.95,75.95,436
2026-04-27T21:15:00+00:00,75.95,75.95,75.95,75.95,110
2026-04-27T21:20:00+00:00,75.95,75.95,75.85,75.85,1761
2026-04-27T21:25:00+00:00,75.82,75.82,75.77,75.77,3136
2026-04-27T21:30:00+00:00,75.77,75.77,75.76,75.76,635
2026-04-27T21:35:00+00:00,75.75,75.75,75.72,75.72,764
2026-04-27T21:40:00+00:00,75.72,75.76,75.72,75.76,707
2026-04-27T21:45:00+00:00,75.76,75.76,75.6,75.6,3792
2026-04-27T21:50:00+00:00,75.6,75.77,75.6,75.77,1702
2026-04-27T21:55:00+00:00,75.77,75.77,75.77,75.77,76
2026-04-27T22:00:00+00:00,75.77,75.77,75.77,75.77,59
2026-04-27T22:05:00+00:00,75.77,75.85,75.77,75.85,5579
2026-04-27T22:10:00+00:00,75.85,75.85,75.85,75.85,3
2026-04-27T22:15:00+00:00,75.96,76.12,75.96,76.12,3466
2026-04-27T22:20:00+00:00,76.12,76.12,76.09,76.09,279
2026-04-27T22:25:00+00:00,76.09,76.09,75.99,75.99,800
2026-04-27T22:30:00+00:00,75.99,76.1,75.99,76.05,1979
2026-04-27T22:35:00+00:00,76.06,76.06,75.8,75.8,831
2026-04-27T22:40:00+00:00,75.8,75.98,75.8,75.98,1062
2026-04-27T22:45:00+00:00,75.98,76.09,75.98,76.09,1091
2026-04-27T22:50:00+00:00,76.08,76.08,76.08,76.08,862
2026-04-27T22:55:00+00:00,76.01,76.01,76.01,76.01,399
2026-04-27T23:00:00+00:00,76.01,76.01,76.01,76.01,40
2026-04-27T23:05:00+00:00,76.01,76.01,76.01,76.01,208
2026-04-27T23:10:00+00:00,76.01,76.01,76.01,76.01,137
2026-04-27T23:15:00+00:00,76.05,76.05,76.05,76.05,600
2026-04-27T23:20:00+00:00,76.05,76.05,76.05,76.05,120
2026-04-27T23:25:00+00:00,76.0,76.01,76.0,76.01,386
2026-04-27T23:30:00+00:00,75.9,75.96,75.83,75.96,665
2026-04-27T23:35:00+00:00,75.96,76.0,75.96,76.0,462
2026-04-27T23:40:00+00:00,76.0,76.0,75.98,75.98,477
2026-04-27T23:45:00+00:00,75.98,75.98,75.98,75.98,542
2026-04-27T23:50:00+00:00,75.98,75.98,75.98,75.98,52
2026-04-27T23:55:00+00:00,75.88,76.14,75.86,76.13,4802
2026-04-28T08:00:00+00:00,71.51,74.23,71.51,74.17,1760
2026-04-28T08:05:00+00:00,74.0,74.0,73.94,73.99,2722
2026-04-28T08:10:00+00:00,73.99,73.99,73.86,73.86,707
2026-04-28T08:15:00+00:00,73.86,74.26,73.86,74.26,2141
2026-04-28T08:20:00+00:00,74.26,74.41,74.26,74.41,418
2026-04-28T08:25:00+00:00,74.41,74.41,74.41,74.41,11
2026-04-28T08:30:00+00:00,74.28,74.41,74.28,74.4,596
2026-04-28T08:35:00+00:00,74.4,74.49,74.4,74.49,450
2026-04-28T08:40:00+00:00,74.49,74.49,74.49,74.49,0
2026-04-28T08:45:00+00:00,74.49,74.49,74.49,74.49,326
2026-04-28T08:50:00+00:00,74.2,74.2,74.15,74.15,965
2026-04-28T08:55:00+00:00,74.2,74.3,74.2,74.3,1881
2026-04-28T09:00:00+00:00,74.3,74.3,74.03,74.03,1158
2026-04-28T09:05:00+00:00,74.03,74.03,74.03,74.03,50
2026-04-28T09:10:00+00:00,74.03,74.03,74.03,74.03,105
2026-04-28T09:15:00+00:00,74.06,74.06,74.01,74.02,852
2026-04-28T09:20:00+00:00,74.02,74.02,73.8,73.81,1342
2026-04-28T09:25:00+00:00,73.81,73.81,73.67,73.75,2112
2026-04-28T09:30:00+00:00,73.75,73.75,73.5,73.5,3026
2026-04-28T09:35:00+00:00,73.42,73.51,73.0,73.0,3960
2026-04-28T09:40:00+00:00,73.0,73.0,72.8,72.8,2791
2026-04-28T09:45:00+00:00,72.99,73.0,72.57,72.57,2195
2026-04-28T09:50:00+00:00,72.51,72.85,72.51,72.85,2249
2026-04-28T09:55:00+00:00,73.3,73.39,72.66,72.66,4865
2026-04-28T10:00:00+00:00,73.0,73.0,73.0,73.0,216
2026-04-28T10:05:00+00:00,73.0,73.0,72.92,72.93,784
2026-04-28T10:10:00+00:00,72.77,73.03,72.77,73.03,2418
2026-04-28T10:15:00+00:00,73.03,73.03,72.91,72.91,4493
2026-04-28T10:20:00+00:00,72.91,72.91,72.79,72.79,1543
2026-04-28T10:25:00+00:00,72.79,72.82,72.79,72.82,2131
2026-04-28T10:30:00+00:00,72.72,72.72,72.49,72.49,4244
2026-04-28T10:35:00+00:00,72.49,72.49,72.49,72.49,441
2026-04-28T10:40:00+00:00,72.49,72.49,72.49,72.49,136
2026-04-28T10:45:00+00:00,72.49,72.49,72.46,72.46,829
2026-04-28T10:50:00+00:00,72.46,72.47,72.44,72.47,796
2026-04-28T10:55:00+00:00,72.34,72.47,72.34,72.47,1287
2026-04-28T11:00:00+00:00,72.64,72.64,72.25,72.52,6683
2026-04-28T11:05:00+00:00,72.33,72.33,72.0,72.0,8532
2026-04-28T11:10:00+00:00,72.2,72.26,71.9,72.11,4980
2026-04-28T11:15:00+00:00,72.11,72.11,71.85,71.9,8500
2026-04-28T11:20:00+00:00,71.9,71.9,71.7,71.71,3211
2026-04-28T11:25:00+00:00,71.71,72.13,71.71,71.9,18892
2026-04-28T11:30:00+00:00,71.9,71.9,71.73,71.84,3126
2026-04-28T11:35:00+00:00,71.84,71.84,71.6,71.8,5166
2026-04-28T11:40:00+00:00,71.8,72.1,71.6,72.1,4440
2026-04-28T11:45:00+00:00,72.15,72.27,71.89,71.9,3596
2026-04-28T11:50:00+00:00,71.88,72.1,71.88,71.95,1748
2026-04-28T11:55:00+00:00,72.2,72.3,72.06,72.3,3585
2026-04-28T12:00:00+00:00,72.45,72.5,72.15,72.15,3652
2026-04-28T12:05:00+00:00,72.15,72.2,72.09,72.1,6993
2026-04-28T12:10:00+00:00,72.1,72.67,72.0,72.5,9504
2026-04-28T12:15:00+00:00,72.65,72.68,72.34,72.34,7096
2026-04-28T12:20:00+00:00,72.2,72.55,72.01,72.2,5339
2026-04-28T12:25:00+00:00,72.2,72.2,72.2,72.2,390
2026-04-28T12:30:00+00:00,72.2,72.2,72.14,72.17,1014
2026-04-28T12:35:00+00:00,72.26,72.38,72.26,72.38,1329
2026-04-28T12:40:00+00:00,72.35,72.9,72.3,72.64,4327
2026-04-28T12:45:00+00:00,72.64,73.0,72.61,72.7,8720
2026-04-28T12:50:00+00:00,72.7,72.86,72.68,72.68,1661
2026-04-28T12:55:00+00:00,72.61,72.67,72.55,72.6,2774
2026-04-28T13:00:00+00:00,72.58,72.65,72.41,72.42,5105
2026-04-28T13:05:00+00:00,72.38,72.57,72.3,72.35,2195
2026-04-28T13:10:00+00:00,72.49,72.49,72.35,72.35,6096
2026-04-28T13:15:00+00:00,72.3,72.31,72.28,72.28,1021
2026-04-28T13:20:00+00:00,72.28,72.28,71.8,71.8,3611
2026-04-28T13:25:00+00:00,71.6,71.6,71.08,71.17,17122
2026-04-28T13:30:00+00:00,71.21,71.43,69.51,71.26,201120
2026-04-28T13:35:00+00:00,71.36,71.59,70.78,71.19,63512
2026-04-28T13:40:00+00:00,71.11,72.85,70.8,72.53,51699
2026-04-28T13:45:00+00:00,72.41,72.55,71.45,71.66,48852
2026-04-28T13:50:00+00:00,71.55,71.55,70.9,71.31,25085
2026-04-28T13:55:00+00:00,71.33,72.32,71.0,72.07,28572
2026-04-28T14:00:00+00:00,72.0,72.21,71.42,71.51,37454
2026-04-28T14:05:00+00:00,71.62,72.15,71.59,71.85,32021
2026-04-28T14:10:00+00:00,71.8,72.2,71.7,72.15,19376
2026-04-28T14:15:00+00:00,72.08,72.1,71.4,72.05,24053
2026-04-28T14:20:00+00:00,72.0,72.45,71.6,71.68,32918
2026-04-28T14:25:00+00:00,71.65,71.69,71.06,71.17,38568
2026-04-28T14:30:00+00:00,71.12,71.43,70.6,70.6,52412
2026-04-28T14:35:00+00:00,70.61,70.68,69.75,69.99,118839
2026-04-28T14:40:00+00:00,69.9,70.31,69.65,70.28,33849
2026-04-28T14:45:00+00:00,70.2,70.27,69.5,69.56,50471
2026-04-28T14:50:00+00:00,69.5,69.5,69.04,69.32,42392
2026-04-28T14:55:00+00:00,69.27,70.2,69.2,70.2,30971
2026-04-28T15:00:00+00:00,70.36,70.82,70.35,70.69,14989
2026-04-28T15:05:00+00:00,70.6,70.6,69.91,70.2,13874
2026-04-28T15:10:00+00:00,70.2,70.645,70.0,70.3,15226
2026-04-28T15:15:00+00:00,70.25,70.8,70.18,70.66,18252
2026-04-28T15:20:00+00:00,70.71,70.71,70.14,70.38,11529
2026-04-28T15:25:00+00:00,70.4,70.59,70.19,70.47,11893
2026-04-28T15:30:00+00:00,70.44,70.44,70.05,70.2,8213
2026-04-28T15:35:00+00:00,70.18,70.57,70.0,70.5,8021
2026-04-28T15:40:00+00:00,70.45,70.52,70.35,70.47,13653
2026-04-28T15:45:00+00:00,70.48,70.48,70.22,70.32,9081
2026-04-28T15:50:00+00:00,70.34,70.44,70.23,70.3,6144
2026-04-28T15:55:00+00:00,70.39,70.5,70.25,70.35,8664
2026-04-28T16:00:00+00:00,70.21,70.57,70.2,70.44,10848
2026-04-28T16:05:00+00:00,70.355,70.42,70.085,70.24,12503
2026-04-28T16:10:00+00:00,70.28,70.3,70.1,70.27,9876
2026-04-28T16:15:00+00:00,70.12,70.2,69.92,70.0,14367
2026-04-28T16:20:00+00:00,70.0,70.0,69.8,69.94,9912
2026-04-28T16:25:00+00:00,69.98,70.0,69.81,69.95,5104
2026-04-28T16:30:00+00:00,69.88,70.1,69.88,69.9,7491
2026-04-28T16:35:00+00:00,69.865,69.92,69.67,69.8,12634
2026-04-28T16:40:00+00:00,69.75,69.89,69.59,69.73,8671
2026-04-28T16:45:00+00:00,69.73,69.89,69.7,69.81,9370
2026-04-28T16:50:00+00:00,69.85,70.37,69.85,70.32,9811
2026-04-28T16:55:00+00:00,70.37,70.57,70.28,70.36,11570
2026-04-28T17:00:00+00:00,70.335,70.51,70.17,70.24,9420
2026-04-28T17:05:00+00:00,70.14,70.195,70.03,70.13,4767
2026-04-28T17:10:00+00:00,70.14,70.14,69.87,69.93,7139
2026-04-28T17:15:00+00:00,69.78,69.9,69.735,69.81,6207
2026-04-28T17:20:00+00:00,69.84,69.9,69.755,69.9,8393
2026-04-28T17:25:00+00:00,69.93,70.13,69.84,69.95,5960
2026-04-28T17:30:00+00:00,70.0,70.09,69.83,69.9,6847
2026-04-28T17:35:00+00:00,69.94,70.3,69.92,70.3,5660
2026-04-28T17:40:00+00:00,70.085,70.2,70.085,70.15,5728
2026-04-28T17:45:00+00:00,70.16,70.35,70.16,70.34,4223
2026-04-28T17:50:00+00:00,70.305,70.6,70.305,70.55,14104
2026-04-28T17:55:00+00:00,70.5,70.55,70.34,70.375,7882
2026-04-28T18:00:00+00:00,70.39,70.59,70.39,70.52,5786
2026-04-28T18:05:00+00:00,70.35,70.61,70.35,70.61,9329
2026-04-28T18:10:00+00:00,70.565,70.76,70.475,70.48,11339
2026-04-28T18:15:00+00:00,70.5,70.55,70.31,70.36,8519
2026-04-28T18:20:00+00:00,70.35,70.73,70.35,70.7,24909
2026-04-28T18:25:00+00:00,70.73,70.9,70.63,70.88,8405
2026-04-28T18:30:00+00:00,70.94,71.2,70.85,70.9,12225
2026-04-28T18:35:00+00:00,70.84,70.88,70.6,70.6,16035
2026-04-28T18:40:00+00:00,70.67,70.83,70.47,70.8,8821
2026-04-28T18:45:00+00:00,70.78,70.81,70.61,70.81,11351
2026-04-28T18:50:00+00:00,70.87,70.93,70.76,70.83,4770
2026-04-28T18:55:00+00:00,70.8,70.8,70.5,70.62,10609
2026-04-28T19:00:00+00:00,70.56,70.575,70.28,70.38,12308
2026-04-28T19:05:00+00:00,70.47,70.53,70.275,70.38,9579
2026-04-28T19:10:00+00:00,70.34,70.41,70.23,70.23,6630
2026-04-28T19:15:00+00:00,70.17,70.45,70.05,70.05,19219
2026-04-28T19:20:00+00:00,70.02,70.02,69.73,69.77,32121
2026-04-28T19:25:00+00:00,69.73,69.79,69.43,69.43,38401
2026-04-28T19:30:00+00:00,69.43,69.43,68.91,69.1,65018
2026-04-28T19:35:00+00:00,69.1,69.36,68.8,69.34,19225
2026-04-28T19:40:00+00:00,69.46,69.83,69.435,69.79,16975
2026-04-28T19:45:00+00:00,69.79,70.025,69.55,70.0,23459
2026-04-28T19:50:00+00:00,70.05,70.15,69.355,69.5,31345
2026-04-28T19:55:00+00:00,69.51,69.75,69.06,69.06,80538
2026-04-28T20:00:00+00:00,71.51,71.51,69.0,69.0,10058
2026-04-28T20:05:00+00:00,68.91,69.0,68.75,68.8,18568
2026-04-28T20:10:00+00:00,68.8,69.0,68.8,68.95,2328
2026-04-28T20:15:00+00:00,68.95,69.0,68.87,68.87,2194
2026-04-28T20:20:00+00:00,68.87,68.87,68.87,68.87,414
2026-04-28T20:25:00+00:00,68.87,69.0,68.87,69.0,829
2026-04-28T20:30:00+00:00,69.0,69.44,69.0,69.44,1035
2026-04-28T20:35:00+00:00,69.34,69.36,69.34,69.36,965
2026-04-28T20:40:00+00:00,69.36,69.4,69.36,69.4,1000
2026-04-28T20:45:00+00:00,69.4,69.4,69.35,69.35,582
2026-04-28T20:50:00+00:00,69.35,69.59,69.35,69.59,1281
2026-04-28T20:55:00+00:00,69.59,69.6,69.59,69.6,615
2026-04-28T21:00:00+00:00,69.6,69.6,69.6,69.6,393
2026-04-28T21:05:00+00:00,69.6,69.6,69.6,69.6,238
2026-04-28T21:10:00+00:00,69.7,69.7,69.51,69.55,1376
2026-04-28T21:15:00+00:00,69.55,69.55,69.55,69.55,433
2026-04-28T21:20:00+00:00,69.39,69.48,69.38,69.48,879
2026-04-28T21:25:00+00:00,69.48,69.48,69.25,69.25,706
2026-04-28T21:30:00+00:00,69.25,69.47,69.25,69.47,191
2026-04-28T21:35:00+00:00,69.47,69.47,69.45,69.45,301
2026-04-28T21:40:00+00:00,69.33,69.33,69.33,69.33,436
2026-04-28T21:45:00+00:00,69.33,69.33,69.14,69.28,998
2026-04-28T21:50:00+00:00,69.16,69.16,69.16,69.16,244
2026-04-28T21:55:00+00:00,69.16,69.16,69.16,69.16,52
2026-04-28T22:00:00+00:00,69.16,69.4,69.16,69.4,306
2026-04-28T22:05:00+00:00,69.43,69.44,69.43,69.44,658
2026-04-28T22:10:00+00:00,69.44,69.44,69.44,69.44,65
2026-04-28T22:15:00+00:00,69.49,69.6,69.49,69.6,1092
2026-04-28T22:20:00+00:00,69.6,69.6,69.6,69.6,249
2026-04-28T22:25:00+00:00,69.6,69.6,69.6,69.6,154
2026-04-28T22:30:00+00:00,69.6,69.6,69.6,69.6,170
2026-04-28T22:35:00+00:00,69.78,69.78,69.78,69.78,339
2026-04-28T22:40:00+00:00,69.78,69.78,69.72,69.72,448
2026-04-28T22:45:00+00:00,69.72,69.86,69.72,69.859,397
2026-04-28T22:50:00+00:00,69.859,69.859,69.67,69.67,328
2026-04-28T22:55:00+00:00,69.66,69.66,69.66,69.66,164
2026-04-28T23:00:00+00:00,69.66,69.66,69.63,69.63,112
2026-04-28T23:05:00+00:00,69.63,69.63,69.55,69.55,933
2026-04-28T23:10:00+00:00,69.55,69.55,69.55,69.55,47
2026-04-28T23:15:00+00:00,69.55,69.55,69.5,69.5,696
2026-04-28T23:20:00+00:00,69.5,69.5,69.5,69.5,36
2026-04-28T23:25:00+00:00,69.5,69.5,69.45,69.45,291
2026-04-28T23:30:00+00:00,69.45,69.45,69.45,69.45,90
2026-04-28T23:35:00+00:00,69.6,69.6,69.6,69.6,790
2026-04-28T23:40:00+00:00,69.6,69.6,69.6,69.6,10
2026-04-28T23:45:00+00:00,69.6,69.6,69.6,69.6,151
2026-04-28T23:50:00+00:00,69.6,69.75,69.6,69.75,119
2026-04-28T23:55:00+00:00,69.71,69.75,69.7,69.75,1397
2026-04-29T08:00:00+00:00,70.54,70.54,70.33,70.34,3757
2026-04-29T08:05:00+00:00,70.39,70.4,70.07,70.1,3004
2026-04-29T08:10:00+00:00,70.1,70.1,70.1,70.1,50
2026-04-29T08:15:00+00:00,70.1,70.2,70.1,70.2,328
2026-04-29T08:20:00+00:00,70.2,70.2,70.2,70.2,367
2026-04-29T08:25:00+00:00,70.37,70.37,70.37,70.37,632
2026-04-29T08:30:00+00:00,70.4,70.4,70.3,70.3,507
2026-04-29T08:35:00+00:00,70.3,70.3,70.3,70.3,166
2026-04-29T08:40:00+00:00,70.3,70.3,70.3,70.3,216
2026-04-29T08:45:00+00:00,70.3,70.3,70.3,70.3,1
2026-04-29T08:50:00+00:00,70.3,70.3,70.3,70.3,122
2026-04-29T08:55:00+00:00,70.3,70.3,70.3,70.3,363
2026-04-29T09:00:00+00:00,70.3,70.3,70.3,70.3,212
2026-04-29T09:05:00+00:00,70.3,70.3,70.3,70.3,95
2026-04-29T09:10:00+00:00,70.3,70.3,70.3,70.3,420
2026-04-29T09:15:00+00:00,70.3,70.35,70.3,70.35,301
2026-04-29T09:20:00+00:00,70.35,70.35,70.33,70.33,513
2026-04-29T09:25:00+00:00,70.33,70.33,70.33,70.33,175
2026-04-29T09:30:00+00:00,70.26,70.55,70.26,70.3,5612
2026-04-29T09:35:00+00:00,70.3,70.6,70.3,70.6,104
2026-04-29T09:40:00+00:00,70.6,70.6,70.6,70.6,160
2026-04-29T09:45:00+00:00,70.54,70.54,70.28,70.28,893
2026-04-29T09:50:00+00:00,70.28,70.28,70.28,70.28,65
2026-04-29T09:55:00+00:00,70.28,70.28,70.28,70.28,116
2026-04-29T10:00:00+00:00,70.28,70.28,70.19,70.19,1447
2026-04-29T10:05:00+00:00,70.19,70.19,70.19,70.19,279
2026-04-29T10:10:00+00:00,70.3,70.31,70.29,70.31,1274
2026-04-29T10:15:00+00:00,70.31,70.4,70.31,70.4,760
2026-04-29T10:20:00+00:00,70.37,70.74,70.37,70.74,1136
2026-04-29T10:25:00+00:00,70.74,70.76,70.74,70.76,1496
2026-04-29T10:30:00+00:00,70.76,70.76,70.75,70.75,430
2026-04-29T10:35:00+00:00,70.75,70.75,70.6,70.6,2061
2026-04-29T10:40:00+00:00,70.6,70.6,70.45,70.45,1449
2026-04-29T10:45:00+00:00,70.48,70.48,70.48,70.48,1298
2026-04-29T10:50:00+00:00,70.5,70.5,70.5,70.5,126
2026-04-29T10:55:00+00:00,70.45,70.45,70.35,70.35,2515
2026-04-29T11:00:00+00:00,70.6,70.6,70.5,70.5,2652
2026-04-29T11:05:00+00:00,70.5,70.62,70.5,70.62,1604
2026-04-29T11:10:00+00:00,70.62,70.98,70.62,70.87,3017
2026-04-29T11:15:00+00:00,70.87,71.02,70.87,70.95,3307
2026-04-29T11:20:00+00:00,70.95,71.02,70.95,71.0,2048
2026-04-29T11:25:00+00:00,71.0,71.25,71.0,71.2,7168
2026-04-29T11:30:00+00:00,71.25,71.41,71.2,71.41,2793
2026-04-29T11:35:00+00:00,71.41,71.44,71.29,71.41,3905
2026-04-29T11:40:00+00:00,71.2,71.2,70.9,70.92,4888
2026-04-29T11:45:00+00:00,70.92,71.12,70.92,71.05,3169
2026-04-29T11:50:00+00:00,71.1,71.1,71.02,71.02,2304
2026-04-29T11:55:00+00:00,71.02,71.02,70.9,70.9,314
2026-04-29T12:00:00+00:00,70.9,70.9,70.8,70.8,498
2026-04-29T12:05:00+00:00,70.7,70.83,70.7,70.83,1751
2026-04-29T12:10:00+00:00,70.83,70.83,70.7,70.7,1413
2026-04-29T12:15:00+00:00,70.7,70.7,70.69,70.7,811
2026-04-29T12:20:00+00:00,70.77,70.8,70.65,70.65,1236
2026-04-29T12:25:00+00:00,70.8,70.83,70.8,70.83,1468
2026-04-29T12:30:00+00:00,70.83,70.83,70.2,70.2,2633
2026-04-29T12:35:00+00:00,70.279,70.35,70.15,70.35,16011
2026-04-29T12:40:00+00:00,70.18,70.4,70.18,70.4,3448
2026-04-29T12:45:00+00:00,70.4,70.5,70.3,70.48,5895
2026-04-29T12:50:00+00:00,70.48,70.74,70.48,70.74,5216
2026-04-29T12:55:00+00:00,70.74,70.74,70.5,70.5,674
2026-04-29T13:00:00+00:00,70.63,70.84,70.63,70.7,5970
2026-04-29T13:05:00+00:00,70.7,70.9,70.7,70.9,3216
2026-04-29T13:10:00+00:00,70.67,70.84,70.67,70.84,1355
2026-04-29T13:15:00+00:00,70.83,71.2,70.83,70.99,6952
2026-04-29T13:20:00+00:00,70.82,71.0,70.65,70.65,3552
2026-04-29T13:25:00+00:00,70.65,70.98,70.48,70.48,4243
2026-04-29T13:30:00+00:00,70.54,70.54,67.39,67.39,67983
2026-04-29T13:35:00+00:00,67.46,68.58,67.36,68.2,34823
2026-04-29T13:40:00+00:00,68.25,68.35,66.64,67.05,51078
2026-04-29T13:45:00+00:00,67.05,67.2,66.12,66.34,45959
2026-04-29T13:50:00+00:00,66.22,67.15,65.72,66.31,66525
2026-04-29T13:55:00+00:00,66.27,66.5,65.69,66.0,53885
2026-04-29T14:00:00+00:00,65.96,65.96,65.02,65.47,55633
2026-04-29T14:05:00+00:00,65.36,65.36,64.26,64.26,116456
2026-04-29T14:10:00+00:00,64.24,64.935,64.15,64.88,95903
2026-04-29T14:15:00+00:00,64.75,64.88,63.93,64.81,49959
2026-04-29T14:20:00+00:00,64.8,65.55,64.59,65.44,32267
2026-04-29T14:25:00+00:00,65.35,65.44,64.85,65.09,22513
2026-04-29T14:30:00+00:00,65.0,65.0,64.65,64.75,23190
2026-04-29T14:35:00+00:00,64.78,64.97,64.35,64.87,26307
2026-04-29T14:40:00+00:00,64.82,65.1,64.68,65.02,20246
2026-04-29T14:45:00+00:00,65.15,65.21,64.27,64.37,23668
2026-04-29T14:50:00+00:00,64.35,64.42,63.9,64.3,50346
2026-04-29T14:55:00+00:00,64.13,64.13,63.76,63.92,66302
2026-04-29T15:00:00+00:00,63.94,63.96,63.55,63.88,25954
2026-04-29T15:05:00+00:00,63.83,63.86,63.6,63.8,18025
2026-04-29T15:10:00+00:00,63.71,64.09,63.665,63.96,14948
2026-04-29T15:15:00+00:00,64.05,64.52,64.0,64.5,24540
2026-04-29T15:20:00+00:00,64.5,64.555,64.06,64.29,10340
2026-04-29T15:25:00+00:00,64.325,64.45,64.14,64.45,11798
2026-04-29T15:30:00+00:00,64.435,64.5,64.1,64.2,12080
2026-04-29T15:35:00+00:00,64.34,64.43,64.2,64.285,10067
2026-04-29T15:40:00+00:00,64.21,64.21,64.03,64.09,8708
2026-04-29T15:45:00+00:00,64.09,64.33,64.09,64.32,11055
2026-04-29T15:50:00+00:00,64.32,64.41,63.83,63.94,32098
2026-04-29T15:55:00+00:00,63.99,64.2,63.83,64.2,16901
2026-04-29T16:00:00+00:00,64.17,64.265,64.05,64.13,6104
2026-04-29T16:05:00+00:00,64.23,64.24,64.02,64.02,5114
2026-04-29T16:10:00+00:00,64.0,64.16,63.93,64.11,9250
2026-04-29T16:15:00+00:00,64.12,64.32,63.99,64.03,8181
2026-04-29T16:20:00+00:00,64.05,64.12,63.96,64.03,7949
2026-04-29T16:25:00+00:00,64.08,64.13,63.93,63.97,9960
2026-04-29T16:30:00+00:00,63.9,63.92,63.75,63.775,33220
2026-04-29T16:35:00+00:00,63.76,63.76,63.24,63.45,32180
2026-04-29T16:40:00+00:00,63.45,63.74,63.45,63.74,10490
2026-04-29T16:45:00+00:00,63.7,63.85,63.57,63.85,6339
2026-04-29T16:50:00+00:00,63.77,63.98,63.76,63.94,8616
2026-04-29T16:55:00+00:00,63.88,63.92,63.73,63.92,5963
2026-04-29T17:00:00+00:00,63.9,63.94,63.73,63.92,8052
2026-04-29T17:05:00+00:00,63.91,64.06,63.86,64.06,11367
2026-04-29T17:10:00+00:00,64.11,64.3,63.945,64.0,5216
2026-04-29T17:15:00+00:00,63.94,64.24,63.94,64.05,4906
2026-04-29T17:20:00+00:00,64.11,64.29,64.11,64.245,11611
2026-04-29T17:25:00+00:00,64.22,64.42,64.21,64.42,8748
2026-04-29T17:30:00+00:00,64.37,64.66,64.37,64.5,21928
2026-04-29T17:35:00+00:00,64.5,64.5,64.125,64.145,14776
2026-04-29T17:40:00+00:00,64.13,64.16,63.95,64.16,5968
2026-04-29T17:45:00+00:00,64.07,64.32,63.95,64.32,9507
2026-04-29T17:50:00+00:00,64.4,64.62,64.365,64.42,7374
2026-04-29T17:55:00+00:00,64.46,64.59,64.41,64.57,5737
2026-04-29T18:00:00+00:00,64.64,64.64,64.08,64.1,3665
2026-04-29T18:05:00+00:00,64.1,64.15,63.88,63.88,12103
2026-04-29T18:10:00+00:00,63.86,63.89,63.685,63.845,16107
2026-04-29T18:15:00+00:00,63.8,64.09,63.745,64.0,7171
2026-04-29T18:20:00+00:00,63.96,64.13,63.92,64.11,8959
2026-04-29T18:25:00+00:00,64.08,64.12,63.97,64.11,7139
2026-04-29T18:30:00+00:00,64.11,64.16,63.95,63.95,9104
2026-04-29T18:35:00+00:00,63.93,64.62,63.92,64.44,17639
2026-04-29T18:40:00+00:00,64.34,64.46,64.26,64.28,13287
2026-04-29T18:45:00+00:00,64.26,64.61,64.18,64.605,20616
2026-04-29T18:50:00+00:00,64.62,64.72,64.2,64.22,11075
2026-04-29T18:55:00+00:00,64.19,64.48,64.14,64.42,9358
2026-04-29T19:00:00+00:00,64.4,64.4,64.24,64.3,10784
2026-04-29T19:05:00+00:00,64.26,64.4,64.22,64.28,9853
2026-04-29T19:10:00+00:00,64.26,64.73,64.23,64.67,11813
2026-04-29T19:15:00+00:00,64.67,64.85,64.63,64.8,8180
2026-04-29T19:20:00+00:00,64.71,64.79,64.59,64.76,10119
2026-04-29T19:25:00+00:00,64.72,64.75,64.27,64.35,15966
2026-04-29T19:30:00+00:00,64.31,64.31,63.92,64.1,24550
2026-04-29T19:35:00+00:00,64.09,64.225,63.96,64.17,15031
2026-04-29T19:40:00+00:00,64.18,64.4,64.1,64.4,10308
2026-04-29T19:45:00+00:00,64.47,64.65,64.36,64.58,12804
2026-04-29T19:50:00+00:00,64.56,64.56,64.21,64.51,29621
2026-04-29T19:55:00+00:00,64.52,65.06,64.495,64.975,90426
2026-04-29T20:00:00+00:00,70.54,70.54,64.87,65.3,13903
2026-04-29T20:05:00+00:00,65.56,66.0,65.21,65.21,49110
2026-04-29T20:10:00+00:00,65.17,65.41,64.69,64.87,10910
2026-04-29T20:15:00+00:00,64.57,64.57,64.2,64.23,4101
2026-04-29T20:20:00+00:00,64.49,64.75,64.49,64.75,2615
2026-04-29T20:25:00+00:00,64.82,65.0,64.77,65.0,2741
2026-04-29T20:30:00+00:00,65.0,65.0,65.0,65.0,355
2026-04-29T20:35:00+00:00,64.82,65.21,64.82,65.08,2556
2026-04-29T20:40:00+00:00,65.42,65.709,65.2,65.2,5841
2026-04-29T20:45:00+00:00,65.2,65.49,65.2,65.35,3728
2026-04-29T20:50:00+00:00,65.12,65.28,65.12,65.2,1284
2026-04-29T20:55:00+00:00,65.2,65.2,65.0,65.0,1637
2026-04-29T21:00:00+00:00,64.9,64.9,64.85,64.85,2010
2026-04-29T21:05:00+00:00,64.75,65.0,64.75,65.0,2992
2026-04-29T21:10:00+00:00,65.0,65.0,65.0,65.0,480
2026-04-29T21:15:00+00:00,65.0,65.08,65.0,65.08,469
2026-04-29T21:20:00+00:00,65.08,65.25,65.08,65.25,255
2026-04-29T21:25:00+00:00,65.25,65.25,65.11,65.11,872
2026-04-29T21:30:00+00:00,65.11,65.11,65.11,65.11,32
2026-04-29T21:35:00+00:00,65.11,65.11,65.11,65.11,997
2026-04-29T21:40:00+00:00,65.12,65.35,65.12,65.31,1964
2026-04-29T21:45:00+00:00,65.31,65.46,65.31,65.46,3153
2026-04-29T21:50:00+00:00,65.38,65.45,65.38,65.45,237
2026-04-29T21:55:00+00:00,65.45,65.69,65.45,65.69,2668
2026-04-29T22:00:00+00:00,65.69,65.69,65.6,65.6,889
2026-04-29T22:05:00+00:00,65.65,66.15,65.65,66.15,6474
2026-04-29T22:10:00+00:00,66.15,66.66,66.15,66.5,12655
2026-04-29T22:15:00+00:00,66.72,67.0,66.65,67.0,4637
2026-04-29T22:20:00+00:00,67.1,67.32,66.55,66.55,6624
2026-04-29T22:25:00+00:00,66.55,66.979,66.5,66.979,2342
2026-04-29T22:30:00+00:00,66.979,66.979,66.53,66.63,2662
2026-04-29T22:35:00+00:00,66.6,66.76,66.6,66.66,1895
2026-04-29T22:40:00+00:00,66.66,66.66,66.56,66.56,1843
2026-04-29T22:45:00+00:00,66.56,66.84,66.56,66.7,1260
2026-04-29T22:50:00+00:00,66.7,66.7,66.5,66.5,3109
2026-04-29T22:55:00+00:00,66.5,66.58,66.46,66.46,329
2026-04-29T23:00:00+00:00,66.49,66.5,66.49,66.5,621
2026-04-29T23:05:00+00:00,66.5,66.5,66.5,66.5,319
2026-04-29T23:10:00+00:00,66.38,66.38,66.2,66.2,670
2026-04-29T23:15:00+00:00,66.01,66.01,66.0,66.0,1024
2026-04-29T23:20:00+00:00,66.0,66.21,66.0,66.21,653
2026-04-29T23:25:00+00:00,66.34,66.4,66.33,66.4,684
2026-04-29T23:30:00+00:00,66.4,66.4,66.4,66.4,382
2026-04-29T23:35:00+00:00,66.4,66.41,66.4,66.41,336
2026-04-29T23:40:00+00:00,66.41,66.42,66.41,66.42,732
2026-04-29T23:45:00+00:00,66.42,66.42,66.42,66.42,490
2026-04-29T23:50:00+00:00,66.42,66.42,66.2,66.2,6527
2026-04-29T23:55:00+00:00,66.36,66.36,66.36,66.36,161
2026-04-30T08:00:00+00:00,65.41,65.6,65.41,65.6,959
2026-04-30T08:05:00+00:00,65.51,65.51,65.51,65.51,223
2026-04-30T08:10:00+00:00,65.51,65.51,65.36,65.36,622
2026-04-30T08:15:00+00:00,65.36,65.36,65.36,65.36,2
2026-04-30T08:20:00+00:00,65.36,65.36,65.03,65.03,1412
2026-04-30T08:25:00+00:00,65.03,65.03,65.03,65.03,20
2026-04-30T08:30:00+00:00,65.03,65.37,65.03,65.37,630
2026-04-30T08:35:00+00:00,65.37,65.37,65.37,65.37,321
2026-04-30T08:40:00+00:00,65.41,65.41,65.41,65.41,236
2026-04-30T08:45:00+00:00,65.3,65.3,65.3,65.3,542
2026-04-30T08:50:00+00:00,65.3,65.3,65.3,65.3,220
2026-04-30T08:55:00+00:00,65.3,65.3,65.3,65.3,2
2026-04-30T09:00:00+00:00,65.3,65.3,65.3,65.3,82
2026-04-30T09:05:00+00:00,65.3,65.3,65.3,65.3,143
2026-04-30T09:10:00+00:00,65.3,65.4,65.3,65.35,693
2026-04-30T09:15:00+00:00,65.4,65.4,65.4,65.4,595
2026-04-30T09:20:00+00:00,65.4,65.4,65.4,65.4,44
2026-04-30T09:25:00+00:00,65.4,65.4,65.32,65.32,632
2026-04-30T09:30:00+00:00,65.54,65.65,65.54,65.65,926
2026-04-30T09:35:00+00:00,65.65,65.65,65.65,65.65,50
2026-04-30T09:40:00+00:00,65.65,65.65,65.45,65.45,1065
2026-04-30T09:45:00+00:00,65.47,65.47,65.45,65.45,552
2026-04-30T09:50:00+00:00,65.45,65.45,65.45,65.45,0
2026-04-30T09:55:00+00:00,65.47,65.47,65.47,65.47,147
2026-04-30T10:00:00+00:00,65.47,65.47,65.47,65.47,0
2026-04-30T10:05:00+00:00,65.47,65.47,65.47,65.47,322
2026-04-30T10:10:00+00:00,65.47,65.47,65.47,65.47,360
2026-04-30T10:15:00+00:00,65.47,65.47,65.47,65.47,65
2026-04-30T10:20:00+00:00,65.6,65.6,65.5,65.5,399
2026-04-30T10:25:00+00:00,65.62,65.67,65.62,65.67,1870
2026-04-30T10:30:00+00:00,65.85,65.87,65.84,65.84,1902
2026-04-30T10:35:00+00:00,65.88,65.88,65.88,65.88,378
2026-04-30T10:40:00+00:00,65.88,65.88,65.82,65.82,329
2026-04-30T10:45:00+00:00,65.82,65.82,65.82,65.82,42
2026-04-30T10:50:00+00:00,65.6,65.65,65.55,65.55,1040
2026-04-30T10:55:00+00:00,65.66,65.66,65.66,65.66,350
2026-04-30T11:00:00+00:00,65.5,65.5,65.5,65.5,602
2026-04-30T11:05:00+00:00,65.69,66.05,65.69,66.05,2246
2026-04-30T11:10:00+00:00,66.01,66.1,66.0,66.1,3282
2026-04-30T11:15:00+00:00,66.28,66.3,66.17,66.17,1598
2026-04-30T11:20:00+00:00,66.17,66.27,66.17,66.27,669
2026-04-30T11:25:00+00:00,66.27,66.45,66.27,66.41,1904
2026-04-30T11:30:00+00:00,66.4,66.4,66.11,66.11,4356
2026-04-30T11:35:00+00:00,66.13,66.3,66.13,66.3,560
2026-04-30T11:40:00+00:00,66.3,66.3,66.0,66.0,982
2026-04-30T11:45:00+00:00,66.0,66.15,66.0,66.15,2189
2026-04-30T11:50:00+00:00,66.15,66.15,66.15,66.15,137
2026-04-30T11:55:00+00:00,66.0,66.0,65.85,65.85,1950
2026-04-30T12:00:00+00:00,65.85,65.85,65.8,65.8,464
2026-04-30T12:05:00+00:00,65.8,65.97,65.8,65.97,1671
2026-04-30T12:10:00+00:00,65.9,66.0,65.9,66.0,2110
2026-04-30T12:15:00+00:00,66.0,66.15,66.0,66.13,4076
2026-04-30T12:20:00+00:00,66.13,66.13,66.12,66.12,586
2026-04-30T12:25:00+00:00,66.19,66.25,66.11,66.25,4243
2026-04-30T12:30:00+00:00,66.2,66.3,65.89,65.89,3713
2026-04-30T12:35:00+00:00,65.89,66.0,65.89,66.0,1777
2026-04-30T12:40:00+00:00,66.0,66.0,65.86,65.86,2287
2026-04-30T12:45:00+00:00,65.86,66.0,65.86,66.0,2974
2026-04-30T12:50:00+00:00,66.0,66.0,66.0,66.0,416
2026-04-30T12:55:00+00:00,66.24,66.31,66.24,66.31,1998
2026-04-30T13:00:00+00:00,66.34,66.6,66.34,66.59,2474
2026-04-30T13:05:00+00:00,66.4,66.42,66.25,66.34,9921
2026-04-30T13:10:00+00:00,66.3,66.3,66.19,66.21,2495
2026-04-30T13:15:00+00:00,66.11,66.11,66.03,66.03,1456
2026-04-30T13:20:00+00:00,66.09,66.11,66.08,66.11,1182
2026-04-30T13:25:00+00:00,66.11,66.13,65.53,66.13,6229
2026-04-30T13:30:00+00:00,66.37,66.71,65.3,65.98,28703
2026-04-30T13:35:00+00:00,65.96,67.22,65.96,67.22,24219
2026-04-30T13:40:00+00:00,67.17,68.1,67.15,68.0,44425
2026-04-30T13:45:00+00:00,67.95,68.6,67.88,68.0,38264
2026-04-30T13:50:00+00:00,67.98,68.1,67.06,67.12,21844
2026-04-30T13:55:00+00:00,67.06,68.05,66.99,67.68,23818
2026-04-30T14:00:00+00:00,67.75,68.71,67.75,68.5,41572
2026-04-30T14:05:00+00:00,68.53,68.76,68.0,68.09,34916
2026-04-30T14:10:00+00:00,68.0,68.43,67.95,68.39,11360
2026-04-30T14:15:00+00:00,68.23,68.23,67.6,68.2,13558
2026-04-30T14:20:00+00:00,68.21,68.23,67.4,68.1,10954
2026-04-30T14:25:00+00:00,67.96,68.37,67.6,68.37,11187
2026-04-30T14:30:00+00:00,68.25,68.42,67.93,68.0,13474
2026-04-30T14:35:00+00:00,67.94,68.22,67.62,67.62,8775
2026-04-30T14:40:00+00:00,67.68,68.4,67.68,68.4,12443
2026-04-30T14:45:00+00:00,68.44,68.85,68.44,68.71,41459
2026-04-30T14:50:00+00:00,68.68,69.3,68.68,69.25,48037
2026-04-30T14:55:00+00:00,69.2,69.66,69.2,69.44,20673
2026-04-30T15:00:00+00:00,69.68,69.68,69.08,69.21,24419
2026-04-30T15:05:00+00:00,69.15,69.46,69.06,69.46,15716
2026-04-30T15:10:00+00:00,69.48,69.58,69.25,69.38,7081
2026-04-30T15:15:00+00:00,69.32,70.04,69.32,70.04,25081
2026-04-30T15:20:00+00:00,70.05,70.1,69.59,69.7,20893
2026-04-30T15:25:00+00:00,69.54,70.1,69.54,70.05,23180
2026-04-30T15:30:00+00:00,70.0,70.12,69.59,69.6,17144
2026-04-30T15:35:00+00:00,69.57,69.57,69.21,69.4,10501
2026-04-30T15:40:00+00:00,69.31,69.8,69.3,69.8,7259
2026-04-30T15:45:00+00:00,69.7,69.8,69.48,69.8,6423
2026-04-30T15:50:00+00:00,69.9,69.91,69.68,69.74,7590
2026-04-30T15:55:00+00:00,69.84,69.9,69.65,69.85,6475
2026-04-30T16:00:00+00:00,69.8,70.01,69.55,69.64,12278
2026-04-30T16:05:00+00:00,69.6,69.74,69.56,69.59,5458
2026-04-30T16:10:00+00:00,69.6,70.01,69.6,70.01,18996
2026-04-30T16:15:00+00:00,69.99,70.31,69.99,70.12,32799
2026-04-30T16:20:00+00:00,70.0,70.08,69.89,70.08,11752
2026-04-30T16:25:00+00:00,70.0,70.0,69.85,69.88,10239
2026-04-30T16:30:00+00:00,69.85,69.94,69.8,69.86,4367
2026-04-30T16:35:00+00:00,69.69,69.85,69.69,69.85,4613
2026-04-30T16:40:00+00:00,69.87,70.13,69.87,70.04,7186
2026-04-30T16:45:00+00:00,70.04,70.36,70.04,70.26,11031
2026-04-30T16:50:00+00:00,70.33,70.51,70.22,70.31,12491
2026-04-30T16:55:00+00:00,70.24,70.24,70.1,70.17,7192
2026-04-30T17:00:00+00:00,70.12,70.31,70.11,70.22,5824
2026-04-30T17:05:00+00:00,70.2,70.32,70.0,70.2,11884
2026-04-30T17:10:00+00:00,70.28,70.33,70.17,70.2,4035
2026-04-30T17:15:00+00:00,70.19,70.3,69.82,69.82,9446
2026-04-30T17:20:00+00:00,69.81,70.09,69.81,70.04,8263
2026-04-30T17:25:00+00:00,69.98,70.15,69.9,70.11,8042
2026-04-30T17:30:00+00:00,70.2,70.72,70.2,70.72,28241
2026-04-30T17:35:00+00:00,70.76,71.0,70.62,70.72,24948
2026-04-30T17:40:00+00:00,70.73,70.81,70.54,70.6,5855
2026-04-30T17:45:00+00:00,70.63,70.75,70.58,70.71,8420
2026-04-30T17:50:00+00:00,70.68,70.8,70.63,70.7,7742
2026-04-30T17:55:00+00:00,70.63,70.92,70.63,70.81,5646
2026-04-30T18:00:00+00:00,70.88,70.99,70.79,70.81,3078
2026-04-30T18:05:00+00:00,70.7,70.77,70.68,70.75,2925
2026-04-30T18:10:00+00:00,70.75,70.97,70.75,70.91,15133
2026-04-30T18:15:00+00:00,70.88,71.225,70.87,71.1,20071
2026-04-30T18:20:00+00:00,71.16,71.4,71.14,71.36,18605
2026-04-30T18:25:00+00:00,71.355,71.75,71.355,71.6,24225
2026-04-30T18:30:00+00:00,71.59,71.73,71.52,71.67,14690
2026-04-30T18:35:00+00:00,71.72,71.97,71.69,71.97,15435
2026-04-30T18:40:00+00:00,72.0,72.05,71.65,71.79,20065
2026-04-30T18:45:00+00:00,71.87,72.2,71.87,72.17,20672
2026-04-30T18:50:00+00:00,72.21,72.28,71.85,71.85,15749
2026-04-30T18:55:00+00:00,71.81,71.99,71.5,71.8,28370
2026-04-30T19:00:00+00:00,71.73,71.94,71.59,71.91,21275
2026-04-30T19:05:00+00:00,71.94,72.14,71.82,72.14,28402
2026-04-30T19:10:00+00:00,72.15,72.2,71.88,72.09,17716
2026-04-30T19:15:00+00:00,72.01,72.01,71.655,71.77,13115
2026-04-30T19:20:00+00:00,71.75,71.75,71.42,71.6,17809
2026-04-30T19:25:00+00:00,71.55,71.7,71.43,71.59,19618
2026-04-30T19:30:00+00:00,71.56,71.89,71.52,71.79,21627
2026-04-30T19:35:00+00:00,71.83,71.89,71.675,71.89,16665
2026-04-30T19:40:00+00:00,71.84,71.84,71.5,71.72,18336
2026-04-30T19:45:00+00:00,71.65,71.75,71.43,71.68,20087
2026-04-30T19:50:00+00:00,71.67,72.17,71.56,72.065,37658
2026-04-30T19:55:00+00:00,71.98,72.82,71.87,72.47,94018
2026-04-30T20:00:00+00:00,72.5,72.8,72.01,72.54,18973
2026-04-30T20:05:00+00:00,72.66,72.67,72.35,72.35,2625
2026-04-30T20:10:00+00:00,72.16,72.2,72.11,72.11,1136
2026-04-30T20:15:00+00:00,72.11,72.2,72.11,72.12,2852
2026-04-30T20:20:00+00:00,72.0,72.09,71.97,72.0,2902
2026-04-30T20:25:00+00:00,72.1,72.11,72.1,72.11,730
2026-04-30T20:30:00+00:00,72.14,72.3,72.14,72.3,3047
2026-04-30T20:35:00+00:00,72.3,72.3,72.3,72.3,139
2026-04-30T20:40:00+00:00,72.3,72.3,72.01,72.01,1019
2026-04-30T20:45:00+00:00,72.01,72.01,72.0,72.0,646
2026-04-30T20:50:00+00:00,72.0,72.0,71.91,71.91,655
2026-04-30T20:55:00+00:00,71.91,72.0,71.9,71.9,1882
2026-04-30T21:00:00+00:00,71.81,71.83,71.77,71.77,2324
2026-04-30T21:05:00+00:00,71.52,71.72,71.45,71.72,2944
2026-04-30T21:10:00+00:00,71.72,71.72,71.72,71.72,271
2026-04-30T21:15:00+00:00,71.67,71.67,71.67,71.67,574
2026-04-30T21:20:00+00:00,71.67,71.67,71.67,71.67,283
2026-04-30T21:25:00+00:00,71.67,71.67,71.62,71.62,572
2026-04-30T21:30:00+00:00,71.62,71.62,71.62,71.62,502
2026-04-30T21:35:00+00:00,71.95,71.95,71.95,71.95,625
2026-04-30T21:40:00+00:00,71.95,71.95,71.95,71.95,76
2026-04-30T21:45:00+00:00,71.95,71.95,71.73,71.73,291
2026-04-30T21:50:00+00:00,71.73,71.73,71.73,71.73,210
2026-04-30T21:55:00+00:00,71.73,71.92,71.73,71.92,735
2026-04-30T22:00:00+00:00,71.92,71.92,71.92,71.92,134
2026-04-30T22:05:00+00:00,71.92,72.03,71.92,72.0,3139
2026-04-30T22:10:00+00:00,72.0,72.06,72.0,72.06,596
2026-04-30T22:15:00+00:00,72.06,72.06,71.92,71.92,257
2026-04-30T22:20:00+00:00,71.92,72.1,71.92,72.1,670
2026-04-30T22:25:00+00:00,72.1,72.1,72.1,72.1,37
2026-04-30T22:30:00+00:00,72.1,72.1,72.1,72.1,466
2026-04-30T22:35:00+00:00,72.02,72.02,72.02,72.02,416
2026-04-30T22:40:00+00:00,72.02,72.02,72.02,72.02,79
2026-04-30T22:45:00+00:00,72.02,72.02,72.02,72.02,66
2026-04-30T22:50:00+00:00,71.92,71.92,71.82,71.82,1553
2026-04-30T22:55:00+00:00,71.81,71.81,71.73,71.73,2127
2026-04-30T23:00:00+00:00,71.73,71.73,71.57,71.6,983
2026-04-30T23:05:00+00:00,71.6,71.6,71.6,71.6,183
2026-04-30T23:10:00+00:00,71.6,71.6,71.6,71.6,424
2026-04-30T23:15:00+00:00,71.6,71.6,71.6,71.6,103
2026-04-30T23:20:00+00:00,71.58,71.58,71.58,71.58,534
2026-04-30T23:25:00+00:00,71.58,71.58,71.55,71.55,265
2026-04-30T23:30:00+00:00,71.55,71.9,71.55,71.9,930
2026-04-30T23:35:00+00:00,71.9,71.9,71.9,71.9,25
2026-04-30T23:40:00+00:00,71.9,71.9,71.9,71.9,207
2026-04-30T23:45:00+00:00,71.8,71.8,71.8,71.8,475
2026-04-30T23:50:00+00:00,71.78,71.78,71.78,71.78,373
2026-04-30T23:55:00+00:00,71.78,71.78,71.78,71.78,250
2026-05-01T08:00:00+00:00,72.1,72.32,71.61,72.07,14390
2026-05-01T08:05:00+00:00,72.123,72.22,71.61,72.08,4685
2026-05-01T08:10:00+00:00,72.0,72.326,72.0,72.22,152
2026-05-01T08:15:00+00:00,72.3,72.41,72.3,72.41,271
2026-05-01T08:20:00+00:00,72.39,72.39,72.2,72.26,223
2026-05-01T08:25:00+00:00,72.42,72.42,72.316,72.316,899
2026-05-01T08:30:00+00:00,72.32,72.412,72.18,72.2,631
2026-05-01T08:35:00+00:00,72.2,72.2,72.014,72.2,335
2026-05-01T08:40:00+00:00,72.237,72.237,72.01,72.15,218
2026-05-01T08:45:00+00:00,72.15,72.17,72.08,72.08,201
2026-05-01T08:50:00+00:00,72.08,72.2,72.011,72.011,475
2026-05-01T08:55:00+00:00,72.09,72.42,72.047,72.42,362
2026-05-01T09:00:00+00:00,72.386,72.386,72.07,72.16,758
2026-05-01T09:05:00+00:00,72.4,72.4,72.078,72.1,205
2026-05-01T09:10:00+00:00,72.15,72.15,72.12,72.12,112
2026-05-01T09:15:00+00:00,72.09,72.09,71.89,71.89,629
2026-05-01T09:20:00+00:00,71.888,72.032,71.88,71.886,301
2026-05-01T09:25:00+00:00,72.0,72.04,71.888,71.888,28
2026-05-01T09:30:00+00:00,71.95,72.01,71.914,72.01,1084
2026-05-01T09:35:00+00:00,72.01,72.04,71.9,72.04,39
2026-05-01T09:40:00+00:00,72.01,72.16,71.94,71.94,1162
2026-05-01T09:45:00+00:00,71.9,72.17,71.9,72.008,95
2026-05-01T09:50:00+00:00,72.0,72.2,72.0,72.2,650
2026-05-01T09:55:00+00:00,72.17,72.386,72.17,72.2,440
2026-05-01T10:00:00+00:00,72.2,72.25,72.2,72.25,7
2026-05-01T10:05:00+00:00,72.25,72.349,72.15,72.21,115
2026-05-01T10:10:00+00:00,72.21,72.326,72.21,72.326,82
2026-05-01T10:15:00+00:00,72.4,72.4,72.2,72.2,1351
2026-05-01T10:20:00+00:00,72.2,72.4,72.18,72.18,30
2026-05-01T10:25:00+00:00,72.1,72.14,72.1,72.1,61
2026-05-01T10:30:00+00:00,72.1,72.4,71.96,72.4,572
2026-05-01T10:35:00+00:00,72.386,72.386,71.894,71.9,190
2026-05-01T10:40:00+00:00,71.9,71.95,71.89,71.95,244
2026-05-01T10:45:00+00:00,71.95,72.12,71.85,72.12,156
2026-05-01T10:50:00+00:00,72.12,72.12,71.86,71.89,664
2026-05-01T10:55:00+00:00,71.89,72.2,71.89,72.18,28
2026-05-01T11:00:00+00:00,71.86,72.0,71.7,71.81,4167
2026-05-01T11:05:00+00:00,71.8,71.98,71.5,71.681,788
2026-05-01T11:10:00+00:00,71.69,71.95,71.5,71.71,186
2026-05-01T11:15:00+00:00,71.5,71.94,71.5,71.74,753
2026-05-01T11:20:00+00:00,71.606,71.94,71.6,71.75,705
2026-05-01T11:25:00+00:00,71.6,71.95,71.6,71.95,831
2026-05-01T11:30:00+00:00,71.82,71.95,71.75,71.91,2682
2026-05-01T11:35:00+00:00,71.91,71.95,71.8,71.95,204
2026-05-01T11:40:00+00:00,71.86,71.95,71.81,71.81,660
2026-05-01T11:45:00+00:00,71.81,72.1,71.81,72.003,252
2026-05-01T11:50:00+00:00,72.024,72.38,72.01,72.21,934
2026-05-01T11:55:00+00:00,72.02,72.3,72.02,72.06,1633
2026-05-01T12:00:00+00:00,72.05,72.3,72.03,72.092,699
2026-05-01T12:05:00+00:00,72.08,72.28,71.81,72.15,570
2026-05-01T12:10:00+00:00,71.82,72.38,71.82,72.38,787
2026-05-01T12:15:00+00:00,72.33,72.39,72.01,72.29,746
2026-05-01T12:20:00+00:00,72.104,72.23,71.85,72.2,1641
2026-05-01T12:25:00+00:00,72.186,72.26,71.81,72.26,3107
2026-05-01T12:30:00+00:00,72.26,72.3,71.86,72.014,4183
2026-05-01T12:35:00+00:00,72.01,72.3,71.68,71.73,2046
2026-05-01T12:40:00+00:00,71.8,71.976,71.6,71.64,1225
2026-05-01T12:45:00+00:00,71.74,71.88,71.5,71.65,766
2026-05-01T12:50:00+00:00,71.63,71.8,71.5,71.772,1956
2026-05-01T12:55:00+00:00,71.79,71.88,71.55,71.63,3809
2026-05-01T13:00:00+00:00,71.63,71.7,71.33,71.64,3079
2026-05-01T13:05:00+00:00,71.66,71.88,71.5,71.835,4273
2026-05-01T13:10:00+00:00,71.8,71.88,71.57,71.7,3674
2026-05-01T13:15:00+00:00,71.7,72.5,71.5,71.56,1032
2026-05-01T13:20:00+00:00,71.579,72.5,71.38,71.495,4324
2026-05-01T13:25:00+00:00,71.49,71.57,70.6,70.95,11252
2026-05-01T13:30:00+00:00,71.68,71.68,69.56,70.22,258562
2026-05-01T13:35:00+00:00,70.565,70.698,69.7,70.22,162019
2026-05-01T13:40:00+00:00,70.202,70.69,69.95,70.17,133124
2026-05-01T13:45:00+00:00,70.163,70.36,70.0,70.277,87675
2026-05-01T13:50:00+00:00,70.255,70.49,70.0,70.085,92260
2026-05-01T13:55:00+00:00,70.105,70.44,69.85,69.865,82854
2026-05-01T14:00:00+00:00,69.86,69.925,69.38,69.66,192713
2026-05-01T14:05:00+00:00,69.67,70.09,69.54,69.81,87501
2026-05-01T14:10:00+00:00,69.81,69.99,69.25,69.9,121770
2026-05-01T14:15:00+00:00,69.89,70.528,69.86,70.495,88692
2026-05-01T14:20:00+00:00,70.46,70.53,69.972,70.16,82118
2026-05-01T14:25:00+00:00,70.155,70.172,69.51,69.62,71562
2026-05-01T14:30:00+00:00,69.565,69.57,68.8,69.06,162306
2026-05-01T14:35:00+00:00,69.045,69.39,68.47,68.84,120899
2026-05-01T14:40:00+00:00,68.82,69.18,68.65,69.07,77207
2026-05-01T14:45:00+00:00,69.065,69.52,69.065,69.435,80601
2026-05-01T14:50:00+00:00,69.435,69.8,69.04,69.665,74754
2026-05-01T14:55:00+00:00,69.665,70.14,69.665,69.87,76725
2026-05-01T15:00:00+00:00,69.92,70.0,69.51,69.755,45912
2026-05-01T15:05:00+00:00,69.71,69.98,69.55,69.98,40100
2026-05-01T15:10:00+00:00,69.93,70.38,69.88,70.287,56041
2026-05-01T15:15:00+00:00,70.27,70.62,70.23,70.52,85890
2026-05-01T15:20:00+00:00,70.45,70.695,70.43,70.55,66233
2026-05-01T15:25:00+00:00,70.5,70.83,70.435,70.8,79360
2026-05-01T15:30:00+00:00,70.78,70.89,70.67,70.705,58215
2026-05-01T15:35:00+00:00,70.705,71.129,70.66,70.95,80865
2026-05-01T15:40:00+00:00,70.95,71.1,70.785,70.99,49161
2026-05-01T15:45:00+00:00,71.01,71.1,70.84,70.89,51532
2026-05-01T15:50:00+00:00,70.89,70.89,70.07,70.155,89067
2026-05-01T15:55:00+00:00,70.15,70.45,70.15,70.4,50616
2026-05-01T16:00:00+00:00,70.3,70.45,70.16,70.415,38459
2026-05-01T16:05:00+00:00,70.41,70.6,70.252,70.41,39453
2026-05-01T16:10:00+00:00,70.37,70.57,70.35,70.57,25967
2026-05-01T16:15:00+00:00,70.585,70.935,70.45,70.93,46040
2026-05-01T16:20:00+00:00,70.93,70.93,70.23,70.4,41844
2026-05-01T16:25:00+00:00,70.37,70.397,70.14,70.3,41115
2026-05-01T16:30:00+00:00,70.275,70.35,70.11,70.225,36665
2026-05-01T16:35:00+00:00,70.25,70.509,70.175,70.475,28529
2026-05-01T16:40:00+00:00,70.48,70.54,70.321,70.39,15642
2026-05-01T16:45:00+00:00,70.345,70.345,70.1,70.29,31860
2026-05-01T16:50:00+00:00,70.285,70.59,70.24,70.54,24188
2026-05-01T16:55:00+00:00,70.56,70.8,70.56,70.74,23435
2026-05-01T17:00:00+00:00,70.79,70.925,70.57,70.645,52944
2026-05-01T17:05:00+00:00,70.65,70.658,70.4,70.49,30970
2026-05-01T17:10:00+00:00,70.53,70.705,70.424,70.705,38224
2026-05-01T17:15:00+00:00,70.724,71.09,70.68,70.97,48221
2026-05-01T17:20:00+00:00,71.04,71.2,70.89,71.07,49733
2026-05-01T17:25:00+00:00,71.18,71.439,71.05,71.27,85255
2026-05-01T17:30:00+00:00,71.282,71.448,71.26,71.291,48041
2026-05-01T17:35:00+00:00,71.248,71.29,70.96,71.205,46589
2026-05-01T17:40:00+00:00,71.27,71.27,71.02,71.069,19920
2026-05-01T17:45:00+00:00,71.105,71.105,70.63,70.79,47624
2026-05-01T17:50:00+00:00,70.79,71.0,70.75,70.88,29939
2026-05-01T17:55:00+00:00,70.94,71.115,70.9,70.98,22334
2026-05-01T18:00:00+00:00,70.99,71.13,70.58,70.72,60170
2026-05-01T18:05:00+00:00,70.72,70.87,70.58,70.615,33834
2026-05-01T18:10:00+00:00,70.65,70.98,70.562,70.62,42269
2026-05-01T18:15:00+00:00,70.66,70.797,70.59,70.635,29248
2026-05-01T18:20:00+00:00,70.6,70.86,70.6,70.829,19876
2026-05-01T18:25:00+00:00,70.89,70.9,70.691,70.9,32808
2026-05-01T18:30:00+00:00,70.915,70.95,70.41,70.42,38879
2026-05-01T18:35:00+00:00,70.42,70.42,70.095,70.15,31084
2026-05-01T18:40:00+00:00,70.19,70.25,70.071,70.248,27464
2026-05-01T18:45:00+00:00,70.25,70.26,70.0,70.21,48485
2026-05-01T18:50:00+00:00,70.22,70.3,70.03,70.075,25608
2026-05-01T18:55:00+00:00,70.0,70.35,70.0,70.21,75893
2026-05-01T19:00:00+00:00,70.215,70.215,70.0,70.02,36320
2026-05-01T19:05:00+00:00,70.04,70.24,69.995,70.105,43371
2026-05-01T19:10:00+00:00,70.07,70.13,70.0,70.13,26298
2026-05-01T19:15:00+00:00,70.1,70.17,70.0,70.08,48252
2026-05-01T19:20:00+00:00,70.05,70.215,70.0,70.215,37320
2026-05-01T19:25:00+00:00,70.25,70.339,70.02,70.03,47396
2026-05-01T19:30:00+00:00,70.1,70.22,70.0,70.16,43768
2026-05-01T19:35:00+00:00,70.174,70.585,70.17,70.585,30093
2026-05-01T19:40:00+00:00,70.6,70.82,70.35,70.43,64357
2026-05-01T19:45:00+00:00,70.465,70.8,70.436,70.8,45626
2026-05-01T19:50:00+00:00,70.77,70.77,70.22,70.465,100541
2026-05-01T19:55:00+00:00,70.44,70.56,70.4,70.4,209975
2026-05-01T20:00:00+00:00,70.4,70.75,70.0,70.05,245809
2026-05-01T20:05:00+00:00,70.33,70.5,70.2,70.23,4292
2026-05-01T20:10:00+00:00,70.4,70.4,70.23,70.35,2794
2026-05-01T20:15:00+00:00,70.32,70.45,70.26,70.35,572
2026-05-01T20:20:00+00:00,70.35,70.4,70.25,70.25,1986
2026-05-01T20:25:00+00:00,70.32,70.46,70.25,70.46,996
2026-05-01T20:30:00+00:00,70.46,70.46,70.25,70.26,355
2026-05-01T20:35:00+00:00,70.3,70.373,70.26,70.27,252
2026-05-01T20:40:00+00:00,70.27,70.48,70.27,70.48,3106
2026-05-01T20:45:00+00:00,70.35,70.48,70.29,70.32,539
2026-05-01T20:50:00+00:00,70.345,70.4,70.29,70.3,300
2026-05-01T20:55:00+00:00,70.26,70.274,70.05,70.05,510
2026-05-01T21:00:00+00:00,70.134,70.35,70.05,70.35,4825
2026-05-01T21:05:00+00:00,70.24,70.39,70.1,70.1,120
2026-05-01T21:10:00+00:00,70.19,70.26,70.19,70.26,326
2026-05-01T21:15:00+00:00,70.21,70.3,70.12,70.25,1200
2026-05-01T21:20:00+00:00,70.25,70.25,70.2,70.22,288
2026-05-01T21:25:00+00:00,70.2,70.25,70.14,70.25,931
2026-05-01T21:30:00+00:00,70.25,70.25,70.2,70.25,468
2026-05-01T21:35:00+00:00,70.3,70.3,70.12,70.26,367
2026-05-01T21:40:00+00:00,70.25,70.3,70.12,70.12,315
2026-05-01T21:45:00+00:00,70.2,70.299,70.19,70.19,2168
2026-05-01T21:50:00+00:00,70.16,70.27,70.16,70.27,1291
2026-05-01T21:55:00+00:00,70.253,70.27,70.15,70.21,704
2026-05-01T22:00:00+00:00,70.2,70.27,70.12,70.12,384
2026-05-01T22:05:00+00:00,70.27,70.27,70.12,70.19,508
2026-05-01T22:10:00+00:00,70.25,70.27,70.14,70.25,858
2026-05-01T22:15:00+00:00,70.2,70.49,70.2,70.296,837
2026-05-01T22:20:00+00:00,70.3,70.3,70.2,70.2,329
2026-05-01T22:25:00+00:00,70.23,70.3,70.213,70.3,535
2026-05-01T22:30:00+00:00,70.3,70.3,70.25,70.265,699
2026-05-01T22:35:00+00:00,70.26,70.3,70.2,70.26,976
2026-05-01T22:40:00+00:00,70.138,70.26,70.138,70.2,692
2026-05-01T22:45:00+00:00,70.2,70.2,70.12,70.2,337
2026-05-01T22:50:00+00:00,70.16,70.2,70.16,70.16,130
2026-05-01T22:55:00+00:00,70.2,70.2,70.15,70.19,279
2026-05-01T23:00:00+00:00,70.2,70.289,70.15,70.18,790
2026-05-01T23:05:00+00:00,70.18,70.27,70.18,70.22,404
2026-05-01T23:10:00+00:00,70.278,70.278,70.22,70.24,807
2026-05-01T23:15:00+00:00,70.27,70.3,70.24,70.24,878
2026-05-01T23:20:00+00:00,70.26,70.28,70.23,70.23,1363
2026-05-01T23:25:00+00:00,70.27,70.28,70.24,70.26,67
2026-05-01T23:30:00+00:00,70.26,70.3,70.22,70.24,2346
2026-05-01T23:35:00+00:00,70.27,70.27,70.23,70.234,862
2026-05-01T23:40:00+00:00,70.25,70.28,70.25,70.27,1908
2026-05-01T23:45:00+00:00,70.27,70.3,70.27,70.29,463
2026-05-01T23:50:00+00:00,70.3,70.4,70.287,70.4,8505
2026-05-01T23:55:00+00:00,70.306,70.4,70.3,70.35,619
2026-05-04T08:00:00+00:00,71.5,71.615,70.93,71.17,14125
2026-05-04T08:05:00+00:00,71.3,71.39,71.047,71.39,2601
2026-05-04T08:10:00+00:00,71.39,71.58,70.98,71.16,3096
2026-05-04T08:15:00+00:00,71.16,71.245,71.07,71.245,217
2026-05-04T08:20:00+00:00,71.11,71.39,71.05,71.14,2816
2026-05-04T08:25:00+00:00,71.13,71.4,71.07,71.21,172
2026-05-04T08:30:00+00:00,71.29,71.4,71.2,71.29,864
2026-05-04T08:35:00+00:00,71.27,71.37,71.27,71.37,563
2026-05-04T08:40:00+00:00,71.3,71.39,71.22,71.381,604
2026-05-04T08:45:00+00:00,71.35,71.381,71.27,71.343,314
2026-05-04T08:50:00+00:00,71.35,71.44,71.25,71.44,1490
2026-05-04T08:55:00+00:00,71.44,71.5,71.232,71.435,452
2026-05-04T09:00:00+00:00,71.43,71.43,71.28,71.398,1137
2026-05-04T09:05:00+00:00,71.39,71.39,71.25,71.25,186
2026-05-04T09:10:00+00:00,71.234,71.38,71.23,71.3,255
2026-05-04T09:15:00+00:00,71.3,71.38,71.24,71.373,418
2026-05-04T09:20:00+00:00,71.37,71.373,71.256,71.363,501
2026-05-04T09:25:00+00:00,71.36,71.36,71.2,71.2,596
2026-05-04T09:30:00+00:00,71.209,71.32,71.2,71.238,542
2026-05-04T09:35:00+00:00,71.32,71.51,71.3,71.51,877
2026-05-04T09:40:00+00:00,71.57,71.58,71.476,71.51,1843
2026-05-04T09:45:00+00:00,71.5,71.6,71.44,71.55,1664
2026-05-04T09:50:00+00:00,71.51,71.6,71.49,71.496,495
2026-05-04T09:55:00+00:00,71.47,71.49,71.244,71.39,488
2026-05-04T10:00:00+00:00,71.39,71.49,70.7,70.7,3984
2026-05-04T10:05:00+00:00,70.7,70.7,69.8,69.91,2853
2026-05-04T10:10:00+00:00,69.93,70.27,69.124,69.73,7608
2026-05-04T10:15:00+00:00,69.69,69.7,68.634,68.97,7056
2026-05-04T10:20:00+00:00,68.78,69.08,68.18,68.8,4011
2026-05-04T10:25:00+00:00,68.8,69.68,68.8,69.27,11887
2026-05-04T10:30:00+00:00,69.42,70.3,69.15,69.834,4344
2026-05-04T10:35:00+00:00,69.98,70.29,69.5,69.814,1385
2026-05-04T10:40:00+00:00,69.8,70.06,69.8,69.86,2504
2026-05-04T10:45:00+00:00,69.89,70.02,69.56,70.02,1916
2026-05-04T10:50:00+00:00,70.02,70.12,69.5,69.65,736
2026-05-04T10:55:00+00:00,69.737,69.795,69.65,69.66,2563
2026-05-04T11:00:00+00:00,69.73,70.066,69.526,69.81,6889
2026-05-04T11:05:00+00:00,69.65,70.08,69.65,69.753,2934
2026-05-04T11:10:00+00:00,69.765,69.959,69.51,69.602,5441
2026-05-04T11:15:00+00:00,69.976,70.12,69.62,69.899,2124
2026-05-04T11:20:00+00:00,69.977,70.12,69.91,70.12,2939
2026-05-04T11:25:00+00:00,69.9,70.12,69.86,69.88,1431
2026-05-04T11:30:00+00:00,69.86,70.12,69.82,69.969,718
2026-05-04T11:35:00+00:00,70.12,70.12,69.82,69.9,1556
2026-05-04T11:40:00+00:00,69.81,69.9,69.7,69.87,5848
2026-05-04T11:45:00+00:00,69.69,69.9,69.63,69.89,1841
2026-05-04T11:50:00+00:00,69.65,69.876,69.63,69.786,417
2026-05-04T11:55:00+00:00,69.9,69.99,69.78,69.83,1756
2026-05-04T12:00:00+00:00,69.935,70.12,69.85,69.97,1629
2026-05-04T12:05:00+00:00,69.97,70.1,69.9,69.91,1397
2026-05-04T12:10:00+00:00,70.002,70.27,69.9,70.16,3696
2026-05-04T12:15:00+00:00,70.2,70.5,69.914,70.5,1826
2026-05-04T12:20:00+00:00,70.134,70.98,70.134,70.59,2198
2026-05-04T12:25:00+00:00,70.566,70.58,70.25,70.48,1746
2026-05-04T12:30:00+00:00,70.467,70.5,70.2,70.314,1734
2026-05-04T12:35:00+00:00,70.2,70.32,70.12,70.149,2562
2026-05-04T12:40:00+00:00,70.25,70.47,70.014,70.29,2841
2026-05-04T12:45:00+00:00,70.11,70.289,70.093,70.289,1523
2026-05-04T12:50:00+00:00,70.08,70.19,70.02,70.08,2301
2026-05-04T12:55:00+00:00,70.08,70.19,69.87,69.94,971
2026-05-04T13:00:00+00:00,69.899,69.95,69.62,69.71,2275
2026-05-04T13:05:00+00:00,69.76,70.0,69.66,69.99,3216
2026-05-04T13:10:00+00:00,70.0,70.19,69.85,69.99,2398
2026-05-04T13:15:00+00:00,69.98,70.19,69.901,70.185,1647
2026-05-04T13:20:00+00:00,70.11,70.19,69.85,69.97,2445
2026-05-04T13:25:00+00:00,70.0,70.46,69.87,70.46,3324
2026-05-04T13:30:00+00:00,70.454,71.6,70.02,71.52,103312
2026-05-04T13:35:00+00:00,71.66,71.978,70.98,71.89,171401
2026-05-04T13:40:00+00:00,71.79,72.17,71.06,71.25,157164
2026-05-04T13:45:00+00:00,71.18,71.64,70.46,70.61,124759
2026-05-04T13:50:00+00:00,70.62,71.08,70.12,71.08,112428
2026-05-04T13:55:00+00:00,71.07,71.75,70.88,70.95,112960
2026-05-04T14:00:00+00:00,70.94,71.14,70.712,70.715,75130
2026-05-04T14:05:00+00:00,70.69,70.91,69.7,70.04,98621
2026-05-04T14:10:00+00:00,70.09,70.99,70.04,70.75,98287
2026-05-04T14:15:00+00:00,70.82,70.99,70.35,70.99,55239
2026-05-04T14:20:00+00:00,71.03,71.19,70.41,70.52,64186
2026-05-04T14:25:00+00:00,70.46,71.572,70.32,71.2,78082
2026-05-04T14:30:00+00:00,71.05,71.7,70.89,71.58,55002
2026-05-04T14:35:00+00:00,71.63,71.72,71.26,71.36,65553
2026-05-04T14:40:00+00:00,71.465,71.75,71.27,71.27,53307
2026-05-04T14:45:00+00:00,71.27,71.44,71.21,71.3,28873
2026-05-04T14:50:00+00:00,71.27,72.23,71.15,72.17,92582
2026-05-04T14:55:00+00:00,72.2,72.3,71.17,71.17,68659
2026-05-04T15:00:00+00:00,71.15,71.61,70.76,71.445,58609
2026-05-04T15:05:00+00:00,71.44,72.01,71.4,71.71,65288
2026-05-04T15:10:00+00:00,71.75,72.0,71.24,71.385,48362
2026-05-04T15:15:00+00:00,71.385,71.535,70.42,70.52,64889
2026-05-04T15:20:00+00:00,70.44,70.55,69.92,70.19,95577
2026-05-04T15:25:00+00:00,70.15,70.715,69.98,70.57,52823
2026-05-04T15:30:00+00:00,70.595,70.67,70.2,70.64,38043
2026-05-04T15:35:00+00:00,70.44,70.62,70.15,70.275,36083
2026-05-04T15:40:00+00:00,70.2,70.251,69.56,70.165,126342
2026-05-04T15:45:00+00:00,70.16,70.31,69.83,69.914,39347
2026-05-04T15:50:00+00:00,69.93,70.4,69.6,70.39,33528
2026-05-04T15:55:00+00:00,70.335,70.5,70.11,70.12,41784
2026-05-04T16:00:00+00:00,70.15,70.235,69.768,69.87,37453
2026-05-04T16:05:00+00:00,69.9,70.1,69.12,69.25,44405
2026-05-04T16:10:00+00:00,69.326,69.543,69.0,69.365,47368
2026-05-04T16:15:00+00:00,69.42,69.97,68.922,69.875,74339
2026-05-04T16:20:00+00:00,69.82,70.02,69.72,69.945,28068
2026-05-04T16:25:00+00:00,69.98,70.04,69.73,69.97,29957
2026-05-04T16:30:00+00:00,70.0,70.295,69.83,70.254,37928
2026-05-04T16:35:00+00:00,70.29,70.311,69.93,69.93,22542
2026-05-04T16:40:00+00:00,69.925,70.26,69.925,70.225,26363
2026-05-04T16:45:00+00:00,70.184,70.4,70.16,70.36,26110
2026-05-04T16:50:00+00:00,70.315,70.465,70.04,70.21,24626
2026-05-04T16:55:00+00:00,70.15,70.25,69.96,70.11,24155
2026-05-04T17:00:00+00:00,70.1,70.328,69.95,70.06,23148
2026-05-04T17:05:00+00:00,70.01,70.16,69.96,70.03,12874
2026-05-04T17:10:00+00:00,70.0,70.16,69.93,70.16,26620
2026-05-04T17:15:00+00:00,70.127,70.705,70.09,70.65,34685
2026-05-04T17:20:00+00:00,70.75,70.79,70.296,70.296,31699
2026-05-04T17:25:00+00:00,70.26,70.61,70.26,70.53,30459
2026-05-04T17:30:00+00:00,70.53,70.59,70.25,70.27,28081
2026-05-04T17:35:00+00:00,70.319,70.32,70.106,70.3,17437
2026-05-04T17:40:00+00:00,70.34,70.64,70.32,70.605,16025
2026-05-04T17:45:00+00:00,70.61,70.72,70.53,70.61,30344
2026-05-04T17:50:00+00:00,70.555,70.96,70.555,70.85,29933
2026-05-04T17:55:00+00:00,70.67,70.98,70.64,70.64,25798
2026-05-04T18:00:00+00:00,70.67,70.805,70.61,70.65,30898
2026-05-04T18:05:00+00:00,70.68,70.708,70.36,70.46,21192
2026-05-04T18:10:00+00:00,70.41,70.585,70.36,70.55,34604
2026-05-04T18:15:00+00:00,70.54,70.6,70.44,70.56,13981
2026-05-04T18:20:00+00:00,70.5,70.5,70.28,70.44,24187
2026-05-04T18:25:00+00:00,70.46,70.645,70.1,70.645,27410
2026-05-04T18:30:00+00:00,70.68,70.91,70.43,70.58,56676
2026-05-04T18:35:00+00:00,70.575,70.575,70.4,70.405,28148
2026-05-04T18:40:00+00:00,70.45,70.5,70.28,70.28,26107
2026-05-04T18:45:00+00:00,70.28,70.36,70.12,70.285,33058
2026-05-04T18:50:00+00:00,70.31,70.34,69.723,69.795,44528
2026-05-04T18:55:00+00:00,69.76,70.13,69.722,70.12,31933
2026-05-04T19:00:00+00:00,70.159,70.159,69.75,69.82,32120
2026-05-04T19:05:00+00:00,69.75,70.09,69.7,69.91,35678
2026-05-04T19:10:00+00:00,69.92,69.96,69.65,69.67,28810
2026-05-04T19:15:00+00:00,69.62,69.655,69.23,69.24,68629
2026-05-04T19:20:00+00:00,69.22,69.22,68.95,69.055,62892
2026-05-04T19:25:00+00:00,68.97,69.23,68.935,69.125,48303
2026-05-04T19:30:00+00:00,69.11,69.4,69.05,69.12,68971
2026-05-04T19:35:00+00:00,69.09,69.25,69.03,69.12,43819
2026-05-04T19:40:00+00:00,69.165,69.455,69.165,69.36,41721
2026-05-04T19:45:00+00:00,69.37,69.47,69.141,69.185,52896
2026-05-04T19:50:00+00:00,69.051,69.147,68.61,68.85,145830
2026-05-04T19:55:00+00:00,68.85,68.86,68.5,68.6,183397
2026-05-04T20:00:00+00:00,68.6,69.05,68.4,68.69,37184
2026-05-04T20:05:00+00:00,68.72,68.92,68.65,68.74,2454
2026-05-04T20:10:00+00:00,68.6,68.79,68.6,68.75,3039
2026-05-04T20:15:00+00:00,68.6,68.79,68.6,68.76,856
2026-05-04T20:20:00+00:00,68.71,68.85,68.6,68.85,3630
2026-05-04T20:25:00+00:00,68.66,68.85,68.6,68.81,1360
2026-05-04T20:30:00+00:00,68.6,68.88,68.6,68.62,2285
2026-05-04T20:35:00+00:00,68.89,68.89,68.63,68.72,796
2026-05-04T20:40:00+00:00,68.8,68.89,68.72,68.89,300
2026-05-04T20:45:00+00:00,68.76,68.79,68.65,68.79,1172
2026-05-04T20:50:00+00:00,68.703,68.79,68.66,68.739,293
2026-05-04T20:55:00+00:00,68.72,68.88,68.71,68.79,1676
2026-05-04T21:00:00+00:00,68.66,68.82,68.65,68.765,604
2026-05-04T21:05:00+00:00,68.82,68.88,68.79,68.88,716
2026-05-04T21:10:00+00:00,68.87,68.87,68.7,68.85,1494
2026-05-04T21:15:00+00:00,68.86,68.92,68.82,68.82,573
2026-05-04T21:20:00+00:00,68.84,68.92,68.8,68.85,510
2026-05-04T21:25:00+00:00,68.86,68.92,68.78,68.88,788
2026-05-04T21:30:00+00:00,68.79,68.92,68.73,68.92,641
2026-05-04T21:35:00+00:00,68.907,68.92,68.75,68.88,149
2026-05-04T21:40:00+00:00,68.88,68.92,68.78,68.91,622
2026-05-04T21:45:00+00:00,68.91,68.91,68.75,68.89,221
2026-05-04T21:50:00+00:00,68.88,69.0,68.75,68.92,3807
2026-05-04T21:55:00+00:00,68.8,69.0,68.73,68.85,1232
2026-05-04T22:00:00+00:00,69.0,69.05,68.92,69.04,3873
2026-05-04T22:05:00+00:00,69.05,69.05,68.75,69.04,151
2026-05-04T22:10:00+00:00,69.04,69.04,69.0,69.0,28
2026-05-04T22:15:00+00:00,69.0,69.05,68.85,68.85,258
2026-05-04T22:20:00+00:00,69.05,69.05,68.81,68.97,327
2026-05-04T22:25:00+00:00,68.97,69.05,68.9,68.9,640
2026-05-04T22:30:00+00:00,69.05,69.05,68.81,68.97,259
2026-05-04T22:35:00+00:00,69.0,69.0,68.81,68.983,270
2026-05-04T22:40:00+00:00,68.95,69.0,68.85,68.9,276
2026-05-04T22:45:00+00:00,68.91,68.96,68.78,68.78,696
2026-05-04T22:50:00+00:00,68.87,68.87,68.75,68.791,838
2026-05-04T22:55:00+00:00,68.78,68.8,68.72,68.8,998
2026-05-04T23:00:00+00:00,68.79,68.8,68.7,68.8,221
2026-05-04T23:05:00+00:00,68.799,68.8,68.6,68.69,346
2026-05-04T23:10:00+00:00,68.69,68.8,68.68,68.71,240
2026-05-04T23:15:00+00:00,68.8,68.8,68.71,68.78,206
2026-05-04T23:20:00+00:00,68.67,68.8,68.65,68.67,212
2026-05-04T23:25:00+00:00,68.68,68.8,68.67,68.7,557
2026-05-04T23:30:00+00:00,68.7,68.72,68.6,68.7,1595
2026-05-04T23:35:00+00:00,68.6,68.72,68.6,68.72,2174
2026-05-04T23:40:00+00:00,68.72,68.72,68.6,68.688,617
2026-05-04T23:45:00+00:00,68.71,68.71,68.6,68.68,939
2026-05-04T23:50:00+00:00,68.69,68.719,68.61,68.662,612
2026-05-04T23:55:00+00:00,68.67,68.72,68.61,68.72,6362
2026-05-05T08:00:00+00:00,68.8,69.33,68.74,69.23,6874
2026-05-05T08:05:00+00:00,69.33,69.78,68.74,69.17,1103
2026-05-05T08:10:00+00:00,69.5,69.836,69.246,69.816,1273
2026-05-05T08:15:00+00:00,69.66,69.83,69.66,69.79,476
2026-05-05T08:20:00+00:00,69.79,69.79,69.414,69.72,256
2026-05-05T08:25:00+00:00,69.776,69.776,69.53,69.63,256
2026-05-05T08:30:00+00:00,69.64,69.7,69.52,69.61,625
2026-05-05T08:35:00+00:00,69.61,69.69,69.58,69.61,732
2026-05-05T08:40:00+00:00,69.52,69.62,69.458,69.49,1305
2026-05-05T08:45:00+00:00,69.48,69.68,69.333,69.333,650
2026-05-05T08:50:00+00:00,69.4,69.68,69.25,69.68,1816
2026-05-05T08:55:00+00:00,69.67,69.67,69.44,69.44,10
2026-05-05T09:00:00+00:00,69.46,69.67,69.4,69.4,690
2026-05-05T09:05:00+00:00,69.41,69.41,69.31,69.31,57
2026-05-05T09:10:00+00:00,69.31,69.4,69.31,69.39,225
2026-05-05T09:15:00+00:00,69.39,69.6,69.39,69.58,63
2026-05-05T09:20:00+00:00,69.586,69.586,69.3,69.4,158
2026-05-05T09:25:00+00:00,69.4,69.67,69.4,69.47,94
2026-05-05T09:30:00+00:00,69.31,69.4,69.31,69.38,191
2026-05-05T09:35:00+00:00,69.39,69.57,69.39,69.57,189
2026-05-05T09:40:00+00:00,69.44,69.44,69.3,69.3,372
2026-05-05T09:45:00+00:00,69.44,69.44,69.3,69.31,228
2026-05-05T09:50:00+00:00,69.31,69.333,69.31,69.32,116
2026-05-05T09:55:00+00:00,69.34,69.67,69.34,69.67,127
2026-05-05T10:00:00+00:00,69.42,69.42,69.32,69.32,119
2026-05-05T10:05:00+00:00,69.32,69.54,69.264,69.264,361
2026-05-05T10:10:00+00:00,69.25,69.647,69.25,69.36,450
2026-05-05T10:15:00+00:00,69.32,69.65,69.23,69.34,89
2026-05-05T10:20:00+00:00,69.39,69.59,69.37,69.59,542
2026-05-05T10:25:00+00:00,69.576,69.59,69.28,69.59,155
2026-05-05T10:30:00+00:00,69.59,69.59,69.28,69.49,81
2026-05-05T10:35:00+00:00,69.37,69.49,69.32,69.32,464
2026-05-05T10:40:00+00:00,69.32,69.47,69.214,69.35,258
2026-05-05T10:45:00+00:00,69.3,69.443,69.27,69.44,1023
2026-05-05T10:50:00+00:00,69.44,69.5,69.26,69.34,365
2026-05-05T10:55:00+00:00,69.26,69.34,69.26,69.29,693
2026-05-05T11:00:00+00:00,69.26,69.49,69.124,69.18,3388
2026-05-05T11:05:00+00:00,69.18,69.4,69.12,69.4,1857
2026-05-05T11:10:00+00:00,69.334,69.4,69.17,69.179,466
2026-05-05T11:15:00+00:00,69.26,69.28,69.12,69.12,1120
2026-05-05T11:20:00+00:00,69.111,69.4,69.111,69.26,509
2026-05-05T11:25:00+00:00,69.255,69.4,69.11,69.32,823
2026-05-05T11:30:00+00:00,69.4,69.4,69.11,69.13,987
2026-05-05T11:35:00+00:00,69.25,69.39,69.131,69.39,2543
2026-05-05T11:40:00+00:00,69.35,69.43,69.23,69.321,1529
2026-05-05T11:45:00+00:00,69.32,69.5,69.32,69.421,3498
2026-05-05T11:50:00+00:00,69.4,69.5,69.315,69.44,1047
2026-05-05T11:55:00+00:00,69.25,69.5,69.25,69.5,2332
2026-05-05T12:00:00+00:00,69.49,69.5,69.4,69.44,2430
2026-05-05T12:05:00+00:00,69.46,69.59,69.39,69.59,3846
2026-05-05T12:10:00+00:00,69.59,69.6,69.4,69.6,3178
2026-05-05T12:15:00+00:00,69.59,69.59,69.455,69.482,2266
2026-05-05T12:20:00+00:00,69.512,69.59,69.4,69.55,278
2026-05-05T12:25:00+00:00,69.59,69.67,69.48,69.517,3392
2026-05-05T12:30:00+00:00,69.62,69.67,69.5,69.67,1460
2026-05-05T12:35:00+00:00,69.591,69.67,69.5,69.56,1145
2026-05-05T12:40:00+00:00,69.55,69.65,69.54,69.56,1615
2026-05-05T12:45:00+00:00,69.58,69.6,69.51,69.6,1346
2026-05-05T12:50:00+00:00,69.5,69.598,69.48,69.52,2150
2026-05-05T12:55:00+00:00,69.57,69.64,69.5,69.57,1524
2026-05-05T13:00:00+00:00,69.57,69.637,69.5,69.57,1964
2026-05-05T13:05:00+00:00,69.58,69.75,69.516,69.7,4463
2026-05-05T13:10:00+00:00,69.655,69.74,69.5,69.59,3273
2026-05-05T13:15:00+00:00,69.7,69.7,69.4,69.59,8552
2026-05-05T13:20:00+00:00,69.61,69.7,69.25,69.31,3813
2026-05-05T13:25:00+00:00,69.47,69.49,69.0,69.0,4749
2026-05-05T13:30:00+00:00,69.01,69.24,66.89,67.03,267738
2026-05-05T13:35:00+00:00,66.97,67.5,66.64,66.86,199694
2026-05-05T13:40:00+00:00,66.77,67.3,66.23,66.35,170618
2026-05-05T13:45:00+00:00,66.25,66.717,66.1,66.16,149945
2026-05-05T13:50:00+00:00,66.12,66.6,66.1,66.1,119214
2026-05-05T13:55:00+00:00,66.105,66.62,66.105,66.38,113600
2026-05-05T14:00:00+00:00,66.31,66.567,66.1,66.25,116272
2026-05-05T14:05:00+00:00,66.23,66.798,66.1,66.64,139921
2026-05-05T14:10:00+00:00,66.658,67.08,66.41,66.47,111572
2026-05-05T14:15:00+00:00,66.425,67.07,66.17,66.905,115189
2026-05-05T14:20:00+00:00,66.876,67.62,66.85,67.31,66587
2026-05-05T14:25:00+00:00,67.37,67.46,67.2,67.32,49951
2026-05-05T14:30:00+00:00,67.264,67.36,66.7,66.995,81332
2026-05-05T14:35:00+00:00,66.925,67.093,66.61,66.79,78974
2026-05-05T14:40:00+00:00,66.67,66.91,66.44,66.74,46163
2026-05-05T14:45:00+00:00,66.73,66.93,66.6,66.715,45597
2026-05-05T14:50:00+00:00,66.693,66.693,66.32,66.46,44868
2026-05-05T14:55:00+00:00,66.482,66.83,66.4,66.61,43902
2026-05-05T15:00:00+00:00,66.665,66.735,66.409,66.66,36489
2026-05-05T15:05:00+00:00,66.635,67.22,66.58,67.125,48228
2026-05-05T15:10:00+00:00,67.135,67.3,66.98,66.98,27964
2026-05-05T15:15:00+00:00,67.045,67.29,66.96,67.225,43703
2026-05-05T15:20:00+00:00,67.215,67.29,66.96,67.165,33928
2026-05-05T15:25:00+00:00,67.15,67.238,66.98,67.14,22528
2026-05-05T15:30:00+00:00,67.155,67.28,66.81,66.825,22425
2026-05-05T15:35:00+00:00,66.82,67.218,66.82,67.09,29281
2026-05-05T15:40:00+00:00,67.2,67.55,67.14,67.503,57198
2026-05-05T15:45:00+00:00,67.51,67.76,67.49,67.63,37137
2026-05-05T15:50:00+00:00,67.61,67.66,67.18,67.34,57540
2026-05-05T15:55:00+00:00,67.26,67.35,66.94,67.15,42623
2026-05-05T16:00:00+00:00,67.15,67.38,67.01,67.34,21214
2026-05-05T16:05:00+00:00,67.27,67.27,67.04,67.185,26019
2026-05-05T16:10:00+00:00,67.075,67.1,66.63,66.66,48959
2026-05-05T16:15:00+00:00,66.62,66.91,66.51,66.81,54635
2026-05-05T16:20:00+00:00,66.76,67.158,66.76,66.945,56728
2026-05-05T16:25:00+00:00,66.945,67.07,66.61,66.78,29338
2026-05-05T16:30:00+00:00,66.8,66.84,66.65,66.729,24521
2026-05-05T16:35:00+00:00,66.725,66.84,66.51,66.64,25180
2026-05-05T16:40:00+00:00,66.51,66.79,66.44,66.77,33819
2026-05-05T16:45:00+00:00,66.65,66.85,66.61,66.8,21656
2026-05-05T16:50:00+00:00,66.825,66.9,66.7,66.7,27601
2026-05-05T16:55:00+00:00,66.73,66.8,66.49,66.555,22891
2026-05-05T17:00:00+00:00,66.52,66.58,66.3,66.49,42553
2026-05-05T17:05:00+00:00,66.455,66.505,66.4,66.42,23726
2026-05-05T17:10:00+00:00,66.4,66.81,66.39,66.65,30164
2026-05-05T17:15:00+00:00,66.62,66.86,66.4,66.856,20684
2026-05-05T17:20:00+00:00,66.88,66.89,66.56,66.56,25469
2026-05-05T17:25:00+00:00,66.527,66.77,66.509,66.77,21217
2026-05-05T17:30:00+00:00,66.66,66.66,66.46,66.5,19395
2026-05-05T17:35:00+00:00,66.49,66.574,66.45,66.47,20756
2026-05-05T17:40:00+00:00,66.48,66.7,66.34,66.62,24236
2026-05-05T17:45:00+00:00,66.59,66.7,66.59,66.69,12097
2026-05-05T17:50:00+00:00,66.65,66.83,66.65,66.76,29593
2026-05-05T17:55:00+00:00,66.72,66.76,66.547,66.565,23855
2026-05-05T18:00:00+00:00,66.565,66.83,66.565,66.81,86233
2026-05-05T18:05:00+00:00,66.79,67.1,66.72,67.1,43960
2026-05-05T18:10:00+00:00,67.09,67.19,66.945,67.15,25037
2026-05-05T18:15:00+00:00,67.2,67.25,67.05,67.07,26809
2026-05-05T18:20:00+00:00,67.13,67.41,67.03,67.41,25342
2026-05-05T18:25:00+00:00,67.39,67.98,67.36,67.91,107318
2026-05-05T18:30:00+00:00,67.888,68.06,67.581,67.805,87431
2026-05-05T18:35:00+00:00,67.805,68.01,67.64,67.68,47945
2026-05-05T18:40:00+00:00,67.66,67.69,67.24,67.43,54887
2026-05-05T18:45:00+00:00,67.35,67.93,67.34,67.85,34035
2026-05-05T18:50:00+00:00,67.85,68.07,67.5,67.65,41360
2026-05-05T18:55:00+00:00,67.66,68.16,67.66,68.07,75784
2026-05-05T19:00:00+00:00,68.045,68.193,67.5,67.615,45065
2026-05-05T19:05:00+00:00,67.62,67.76,67.56,67.61,28795
2026-05-05T19:10:00+00:00,67.65,67.78,67.5,67.5,35215
2026-05-05T19:15:00+00:00,67.55,67.79,67.5,67.561,32853
2026-05-05T19:20:00+00:00,67.555,67.7,67.5,67.67,29762
2026-05-05T19:25:00+00:00,67.795,67.82,67.4,67.4,41917
2026-05-05T19:30:00+00:00,67.46,67.71,67.455,67.56,44721
2026-05-05T19:35:00+00:00,67.61,67.96,67.551,67.93,38128
2026-05-05T19:40:00+00:00,67.96,68.1,67.94,68.03,58759
2026-05-05T19:45:00+00:00,68.03,68.16,67.92,68.08,70315
2026-05-05T19:50:00+00:00,68.08,68.185,67.92,68.09,59349
2026-05-05T19:55:00+00:00,68.105,68.51,68.01,68.38,153909
2026-05-05T20:00:00+00:00,68.25,68.5,67.8,68.3,59164
2026-05-05T20:05:00+00:00,68.37,68.5,67.76,68.24,2297
2026-05-05T20:10:00+00:00,68.15,68.38,68.02,68.3,3849
2026-05-05T20:15:00+00:00,68.3,68.38,67.76,68.299,2602
2026-05-05T20:20:00+00:00,68.3,68.331,68.0,68.18,1421
2026-05-05T20:25:00+00:00,68.16,68.7,68.0,68.341,2378
2026-05-05T20:30:00+00:00,68.5,68.68,68.0,68.36,1656
2026-05-05T20:35:00+00:00,68.37,68.57,68.06,68.46,996
2026-05-05T20:40:00+00:00,68.46,68.56,68.06,68.18,1943
2026-05-05T20:45:00+00:00,68.19,68.413,68.06,68.11,1454
2026-05-05T20:50:00+00:00,68.09,68.09,67.92,68.0,1083
2026-05-05T20:55:00+00:00,67.76,67.951,67.76,67.822,2972
2026-05-05T21:00:00+00:00,68.0,68.09,67.76,68.03,608
2026-05-05T21:05:00+00:00,68.03,68.24,67.92,68.24,1016
2026-05-05T21:10:00+00:00,68.09,68.29,67.968,67.968,623
2026-05-05T21:15:00+00:00,68.2,68.29,67.92,68.05,290
2026-05-05T21:20:00+00:00,68.24,68.24,67.92,68.23,778
2026-05-05T21:25:00+00:00,68.07,68.23,67.92,68.15,506
2026-05-05T21:30:00+00:00,68.15,68.15,67.92,68.035,422
2026-05-05T21:35:00+00:00,67.96,68.23,67.92,67.92,902
2026-05-05T21:40:00+00:00,67.92,68.059,67.68,67.68,4058
2026-05-05T21:45:00+00:00,67.68,67.92,67.5,67.7,4957
2026-05-05T21:50:00+00:00,67.734,68.08,67.56,67.95,739
2026-05-05T21:55:00+00:00,68.0,68.08,67.75,68.0,1878
2026-05-05T22:00:00+00:00,67.89,68.0,67.5,67.5,706
2026-05-05T22:05:00+00:00,67.605,67.89,67.5,67.58,1027
2026-05-05T22:10:00+00:00,67.56,67.68,67.4,67.458,732
2026-05-05T22:15:00+00:00,67.48,67.68,67.4,67.45,1273
2026-05-05T22:20:00+00:00,67.6,67.6,67.46,67.46,1005
2026-05-05T22:25:00+00:00,67.46,67.73,67.46,67.67,6241
2026-05-05T22:30:00+00:00,67.517,67.768,67.5,67.55,797
2026-05-05T22:35:00+00:00,67.55,67.71,67.5,67.58,1060
2026-05-05T22:40:00+00:00,67.52,67.58,67.5,67.51,815
2026-05-05T22:45:00+00:00,67.51,67.51,67.3,67.47,2450
2026-05-05T22:50:00+00:00,67.302,67.54,67.18,67.35,2574
2026-05-05T22:55:00+00:00,67.5,68.05,67.18,68.0,795
2026-05-05T23:00:00+00:00,67.99,67.99,67.24,67.5,1137
2026-05-05T23:05:00+00:00,67.5,67.98,67.5,67.97,299
2026-05-05T23:10:00+00:00,67.58,67.97,67.58,67.89,1203
2026-05-05T23:15:00+00:00,67.9,67.96,67.25,67.64,597
2026-05-05T23:20:00+00:00,67.75,67.97,67.52,67.62,631
2026-05-05T23:25:00+00:00,67.63,67.9,67.62,67.83,750
2026-05-05T23:30:00+00:00,67.83,67.97,67.62,67.62,143
2026-05-05T23:35:00+00:00,67.75,67.97,67.62,67.85,1415
2026-05-05T23:40:00+00:00,67.85,67.99,67.62,67.85,1052
2026-05-05T23:45:00+00:00,67.97,67.97,67.74,67.9,1278
2026-05-05T23:50:00+00:00,67.95,67.96,67.73,67.79,10251
2026-05-05T23:55:00+00:00,67.62,67.96,67.62,67.96,1456
2026-05-06T08:00:00+00:00,68.212,69.0,68.212,68.67,9945
2026-05-06T08:05:00+00:00,68.67,68.786,68.54,68.59,498
2026-05-06T08:10:00+00:00,68.58,68.93,68.34,68.59,2888
2026-05-06T08:15:00+00:00,68.512,68.6,68.225,68.225,535
2026-05-06T08:20:00+00:00,68.22,68.55,68.22,68.55,447
2026-05-06T08:25:00+00:00,68.55,68.55,68.37,68.538,373
2026-05-06T08:30:00+00:00,68.5,68.62,68.37,68.62,10593
2026-05-06T08:35:00+00:00,68.62,68.66,68.62,68.65,102
2026-05-06T08:40:00+00:00,68.66,68.66,68.5,68.6,1514
2026-05-06T08:45:00+00:00,68.59,68.88,68.5,68.88,1038
2026-05-06T08:50:00+00:00,68.574,69.27,68.56,69.25,2120
2026-05-06T08:55:00+00:00,69.17,69.71,69.17,69.546,1838
2026-05-06T09:00:00+00:00,69.4,69.5,69.0,69.238,2046
2026-05-06T09:05:00+00:00,69.2,69.35,69.009,69.35,1117
2026-05-06T09:10:00+00:00,69.295,69.63,69.25,69.54,1580
2026-05-06T09:15:00+00:00,69.553,69.72,69.54,69.72,2524
2026-05-06T09:20:00+00:00,69.769,69.966,69.5,69.64,2519
2026-05-06T09:25:00+00:00,69.61,69.87,69.61,69.8,2289
2026-05-06T09:30:00+00:00,69.7,70.3,69.7,70.15,1667
2026-05-06T09:35:00+00:00,70.13,70.5,70.07,70.25,2531
2026-05-06T09:40:00+00:00,70.26,70.26,70.02,70.19,5403
2026-05-06T09:45:00+00:00,70.13,70.2,69.9,69.99,3243
2026-05-06T09:50:00+00:00,70.03,70.18,69.9,70.04,1800
2026-05-06T09:55:00+00:00,70.01,70.24,69.99,70.21,2261
2026-05-06T10:00:00+00:00,70.01,70.43,70.01,70.25,2035
2026-05-06T10:05:00+00:00,70.22,70.386,70.06,70.268,1337
2026-05-06T10:10:00+00:00,70.1,70.2,70.01,70.01,3702
2026-05-06T10:15:00+00:00,70.105,70.273,69.977,70.273,3371
2026-05-06T10:20:00+00:00,70.26,70.4,70.16,70.3,1123
2026-05-06T10:25:00+00:00,70.242,70.36,70.16,70.36,1109
2026-05-06T10:30:00+00:00,70.36,70.36,70.15,70.24,2352
2026-05-06T10:35:00+00:00,70.32,70.34,70.09,70.15,2470
2026-05-06T10:40:00+00:00,70.28,70.36,70.014,70.36,1473
2026-05-06T10:45:00+00:00,70.36,70.486,70.05,70.05,1172
2026-05-06T10:50:00+00:00,70.1,70.34,70.0,70.34,2132
2026-05-06T10:55:00+00:00,70.33,70.33,70.01,70.04,4062
2026-05-06T11:00:00+00:00,70.0,70.22,68.56,70.088,36026
2026-05-06T11:05:00+00:00,70.01,70.4,70.01,70.32,7480
2026-05-06T11:10:00+00:00,70.371,70.61,70.152,70.367,11109
2026-05-06T11:15:00+00:00,70.45,70.63,70.3,70.52,7217
2026-05-06T11:20:00+00:00,70.5,70.8,70.32,70.4,10893
2026-05-06T11:25:00+00:00,70.376,70.5,70.25,70.5,6798
2026-05-06T11:30:00+00:00,70.43,70.5,70.26,70.31,7446
2026-05-06T11:35:00+00:00,70.301,70.44,70.3,70.42,6312
2026-05-06T11:40:00+00:00,70.31,70.43,70.05,70.17,11127
2026-05-06T11:45:00+00:00,70.05,70.09,69.86,70.04,6296
2026-05-06T11:50:00+00:00,70.07,70.26,70.0,70.15,2874
2026-05-06T11:55:00+00:00,70.15,70.25,69.99,70.12,4386
2026-05-06T12:00:00+00:00,70.25,71.9,70.25,71.32,39880
2026-05-06T12:05:00+00:00,71.2,74.32,71.0,73.65,104727
2026-05-06T12:10:00+00:00,73.78,74.5,73.1,73.65,115205
2026-05-06T12:15:00+00:00,73.56,73.8,72.89,73.61,45750
2026-05-06T12:20:00+00:00,73.66,73.92,73.02,73.1,18728
2026-05-06T12:25:00+00:00,73.169,73.3,72.51,72.6,21959
2026-05-06T12:30:00+00:00,72.61,72.75,72.12,72.58,15722
2026-05-06T12:35:00+00:00,72.57,72.71,72.12,72.41,12710
2026-05-06T12:40:00+00:00,72.44,72.46,71.8,72.25,15881
2026-05-06T12:45:00+00:00,72.2,72.48,72.11,72.14,9683
2026-05-06T12:50:00+00:00,72.2,72.25,71.8,72.079,6464
2026-05-06T12:55:00+00:00,72.07,72.22,71.8,72.13,11578
2026-05-06T13:00:00+00:00,72.016,72.22,71.75,72.02,11425
2026-05-06T13:05:00+00:00,72.0,72.06,71.4,71.51,15906
2026-05-06T13:10:00+00:00,71.42,71.68,71.2,71.59,13578
2026-05-06T13:15:00+00:00,71.59,71.852,71.19,71.36,9829
2026-05-06T13:20:00+00:00,71.3,71.816,71.1,71.49,13039
2026-05-06T13:25:00+00:00,71.6,71.6,70.601,71.14,12162
2026-05-06T13:30:00+00:00,71.21,72.8,70.6,72.055,324885
2026-05-06T13:35:00+00:00,72.08,73.57,72.001,72.16,369317
2026-05-06T13:40:00+00:00,72.115,72.17,70.63,70.92,206154
2026-05-06T13:45:00+00:00,70.875,71.39,69.25,69.919,291490
2026-05-06T13:50:00+00:00,69.875,70.15,69.28,70.095,160815
2026-05-06T13:55:00+00:00,70.15,70.6,69.5,69.7,185250
2026-05-06T14:00:00+00:00,69.76,70.47,69.74,70.345,79650
2026-05-06T14:05:00+00:00,70.345,71.166,69.99,71.06,145133
2026-05-06T14:10:00+00:00,71.14,71.79,70.9,71.545,123873
2026-05-06T14:15:00+00:00,71.42,71.6,70.615,71.09,114405
2026-05-06T14:20:00+00:00,71.075,71.945,71.02,71.93,101761
2026-05-06T14:25:00+00:00,71.93,72.77,71.91,72.18,209789
2026-05-06T14:30:00+00:00,72.19,72.97,72.16,72.791,127826
2026-05-06T14:35:00+00:00,72.68,73.4,72.46,73.36,207526
2026-05-06T14:40:00+00:00,73.355,73.45,72.98,73.31,184954
2026-05-06T14:45:00+00:00,73.349,73.86,72.87,72.87,164816
2026-05-06T14:50:00+00:00,72.93,73.0,72.5,72.645,105852
2026-05-06T14:55:00+00:00,72.7,72.95,71.89,71.899,92234
2026-05-06T15:00:00+00:00,71.9,72.0,71.364,71.465,86993
2026-05-06T15:05:00+00:00,71.5,71.92,71.4,71.72,78048
2026-05-06T15:10:00+00:00,71.749,72.1,71.6,72.065,69110
2026-05-06T15:15:00+00:00,72.09,72.81,71.95,72.79,192292
2026-05-06T15:20:00+00:00,72.767,73.45,72.64,73.4,130231
2026-05-06T15:25:00+00:00,73.368,73.7,73.27,73.63,221909
2026-05-06T15:30:00+00:00,73.605,74.56,73.495,73.88,270469
2026-05-06T15:35:00+00:00,73.81,74.6,73.81,74.26,164850
2026-05-06T15:40:00+00:00,74.2,74.95,73.82,74.27,192670
2026-05-06T15:45:00+00:00,74.38,75.55,74.34,75.445,205972
2026-05-06T15:50:00+00:00,75.42,75.55,74.92,75.29,173721
2026-05-06T15:55:00+00:00,75.313,75.45,74.61,75.265,121224
2026-05-06T16:00:00+00:00,75.23,75.85,75.08,75.725,141950
2026-05-06T16:05:00+00:00,75.72,76.09,75.5,75.65,158971
2026-05-06T16:10:00+00:00,75.65,76.197,75.54,76.16,131799
2026-05-06T16:15:00+00:00,76.15,76.49,75.72,76.15,163710
2026-05-06T16:20:00+00:00,76.145,76.65,76.07,76.31,117500
2026-05-06T16:25:00+00:00,76.345,76.95,76.25,76.95,135103
2026-05-06T16:30:00+00:00,76.944,77.3,76.83,77.145,184045
2026-05-06T16:35:00+00:00,77.15,77.15,76.375,76.645,148506
2026-05-06T16:40:00+00:00,76.65,77.0,76.38,76.82,101122
2026-05-06T16:45:00+00:00,76.81,77.0,76.33,76.33,76862
2026-05-06T16:50:00+00:00,76.42,76.74,76.02,76.06,107119
2026-05-06T16:55:00+00:00,76.09,76.61,76.06,76.365,67205
2026-05-06T17:00:00+00:00,76.355,77.08,76.355,76.99,76369
2026-05-06T17:05:00+00:00,77.03,77.087,76.84,77.01,61495
2026-05-06T17:10:00+00:00,77.02,77.463,76.91,77.375,117267
2026-05-06T17:15:00+00:00,77.375,77.57,77.15,77.56,94310
2026-05-06T17:20:00+00:00,77.555,78.22,77.54,77.875,164431
2026-05-06T17:25:00+00:00,77.861,78.49,77.861,78.479,146565
2026-05-06T17:30:00+00:00,78.445,79.07,78.2,78.895,170342
2026-05-06T17:35:00+00:00,78.895,78.99,78.12,78.15,144761
2026-05-06T17:40:00+00:00,78.15,78.65,78.07,78.56,105149
2026-05-06T17:45:00+00:00,78.58,78.58,78.08,78.25,128253
2026-05-06T17:50:00+00:00,78.23,78.34,77.71,78.12,123901
2026-05-06T17:55:00+00:00,78.104,78.4,77.28,77.3,127787
2026-05-06T18:00:00+00:00,77.39,77.64,77.12,77.48,118193
2026-05-06T18:05:00+00:00,77.499,78.0,77.46,77.93,120767
2026-05-06T18:10:00+00:00,77.83,78.05,77.66,78.01,75241
2026-05-06T18:15:00+00:00,78.03,78.45,77.95,78.266,156042
2026-05-06T18:20:00+00:00,78.3,78.77,78.3,78.75,114672
2026-05-06T18:25:00+00:00,78.72,78.89,78.55,78.69,94519
2026-05-06T18:30:00+00:00,78.76,78.865,78.5,78.755,99271
2026-05-06T18:35:00+00:00,78.72,78.78,78.28,78.315,98076
2026-05-06T18:40:00+00:00,78.306,78.658,78.165,78.3,109098
2026-05-06T18:45:00+00:00,78.33,78.5,77.66,77.665,100978
2026-05-06T18:50:00+00:00,77.67,78.38,77.67,78.35,126188
2026-05-06T18:55:00+00:00,78.315,78.87,78.305,78.85,161920
2026-05-06T19:00:00+00:00,78.857,79.08,78.135,78.51,154408
2026-05-06T19:05:00+00:00,78.53,78.97,78.5,78.67,108853
2026-05-06T19:10:00+00:00,78.71,78.74,78.33,78.42,82665
2026-05-06T19:15:00+00:00,78.38,78.84,78.38,78.84,88548
2026-05-06T19:20:00+00:00,78.87,79.2,78.855,79.059,153120
2026-05-06T19:25:00+00:00,79.02,79.14,78.535,78.595,137988
2026-05-06T19:30:00+00:00,78.61,78.97,78.5,78.95,83205
2026-05-06T19:35:00+00:00,78.955,79.35,78.882,79.315,132625
2026-05-06T19:40:00+00:00,79.28,79.65,79.04,79.46,145657
2026-05-06T19:45:00+00:00,79.44,79.6,79.11,79.232,163547
2026-05-06T19:50:00+00:00,79.22,79.84,79.16,79.47,190455
2026-05-06T19:55:00+00:00,79.47,80.08,79.46,79.62,441628
2026-05-06T20:00:00+00:00,79.5,79.625,79.01,79.1,190342
2026-05-06T20:05:00+00:00,79.18,79.45,79.06,79.06,14328
2026-05-06T20:10:00+00:00,79.3,79.62,78.53,79.039,12717
2026-05-06T20:15:00+00:00,79.05,79.62,78.793,79.0,5498
2026-05-06T20:20:00+00:00,79.03,79.09,78.783,78.97,2258
2026-05-06T20:25:00+00:00,78.87,79.01,78.52,78.666,5384
2026-05-06T20:30:00+00:00,78.651,78.991,78.35,78.45,7697
2026-05-06T20:35:00+00:00,78.47,78.49,78.15,78.45,6875
2026-05-06T20:40:00+00:00,78.42,78.45,77.852,78.34,8948
2026-05-06T20:45:00+00:00,78.22,78.42,77.76,77.99,12988
2026-05-06T20:50:00+00:00,77.89,78.1,77.75,77.75,11612
2026-05-06T20:55:00+00:00,77.781,77.99,77.2,77.67,14702
2026-05-06T21:00:00+00:00,77.7,77.78,77.3,77.47,4522
2026-05-06T21:05:00+00:00,77.6,78.4,77.48,78.18,40260
2026-05-06T21:10:00+00:00,78.3,78.4,77.66,77.9,6663
2026-05-06T21:15:00+00:00,77.9,78.16,77.73,77.78,4334
2026-05-06T21:20:00+00:00,77.8,77.957,77.4,77.885,8053
2026-05-06T21:25:00+00:00,77.4,77.96,76.83,77.14,8681
2026-05-06T21:30:00+00:00,77.3,77.35,76.5,76.55,4915
2026-05-06T21:35:00+00:00,76.5,77.0,76.02,76.25,13655
2026-05-06T21:40:00+00:00,76.52,76.98,76.01,76.55,7479
2026-05-06T21:45:00+00:00,76.98,77.0,76.45,76.5,4035
2026-05-06T21:50:00+00:00,76.707,76.95,76.659,76.7,1978
2026-05-06T21:55:00+00:00,76.7,77.0,76.5,76.74,3863
2026-05-06T22:00:00+00:00,76.74,77.49,76.68,77.0,4302
2026-05-06T22:05:00+00:00,77.1,77.49,76.889,77.15,6008
2026-05-06T22:10:00+00:00,77.407,77.49,77.03,77.149,6007
2026-05-06T22:15:00+00:00,77.38,77.48,77.119,77.39,6317
2026-05-06T22:20:00+00:00,77.37,77.75,77.36,77.361,3827
2026-05-06T22:25:00+00:00,77.444,77.6,77.14,77.37,3822
2026-05-06T22:30:00+00:00,77.37,77.41,77.0,77.33,6050
2026-05-06T22:35:00+00:00,77.33,77.37,77.01,77.01,1829
2026-05-06T22:40:00+00:00,77.18,77.3,77.0,77.29,580
2026-05-06T22:45:00+00:00,77.29,77.6,77.15,77.6,1015
2026-05-06T22:50:00+00:00,77.5,77.96,77.49,77.69,1123
2026-05-06T22:55:00+00:00,77.66,77.96,77.58,77.96,2845
2026-05-06T23:00:00+00:00,77.75,77.95,77.53,77.71,1011
2026-05-06T23:05:00+00:00,77.71,77.71,77.326,77.54,2086
2026-05-06T23:10:00+00:00,77.34,77.6,77.33,77.5,867
2026-05-06T23:15:00+00:00,77.51,77.8,77.5,77.5,411
2026-05-06T23:20:00+00:00,77.6,77.95,77.53,77.85,1822
2026-05-06T23:25:00+00:00,77.85,77.9,77.5,77.5,1422
2026-05-06T23:30:00+00:00,77.56,77.77,77.5,77.7,965
2026-05-06T23:35:00+00:00,77.717,77.94,77.712,77.77,5168
2026-05-06T23:40:00+00:00,77.95,78.39,77.81,78.39,5946
2026-05-06T23:45:00+00:00,77.81,78.3,77.81,78.243,5158
2026-05-06T23:50:00+00:00,78.3,78.6,78.2,78.39,4805
2026-05-06T23:55:00+00:00,78.59,78.87,78.21,78.73,4350
2026-05-07T08:00:00+00:00,78.03,80.17,78.03,79.48,33696
2026-05-07T08:05:00+00:00,79.2,80.01,78.59,79.01,10859
2026-05-07T08:10:00+00:00,79.21,79.228,78.8,78.91,1629
2026-05-07T08:15:00+00:00,78.86,79.0,78.416,78.5,2729
2026-05-07T08:20:00+00:00,78.78,79.17,78.4,79.0,2398
2026-05-07T08:25:00+00:00,78.88,79.24,78.736,78.8,1381
2026-05-07T08:30:00+00:00,78.82,78.93,78.426,78.426,1302
2026-05-07T08:35:00+00:00,78.56,78.874,78.28,78.37,2702
2026-05-07T08:40:00+00:00,78.32,78.784,78.2,78.22,5730
2026-05-07T08:45:00+00:00,78.22,78.584,77.76,77.8,6399
2026-05-07T08:50:00+00:00,77.8,78.33,77.8,78.23,1542
2026-05-07T08:55:00+00:00,78.23,78.23,77.9,78.08,6701
2026-05-07T09:00:00+00:00,78.0,78.256,77.9,77.91,1525
2026-05-07T09:05:00+00:00,78.0,78.25,77.8,78.25,1522
2026-05-07T09:10:00+00:00,78.0,78.26,78.0,78.26,2752
2026-05-07T09:15:00+00:00,78.224,78.53,78.15,78.32,1161
2026-05-07T09:20:00+00:00,78.32,78.55,78.32,78.36,548
2026-05-07T09:25:00+00:00,78.19,78.492,78.16,78.3,895
2026-05-07T09:30:00+00:00,78.31,78.49,78.2,78.34,999
2026-05-07T09:35:00+00:00,78.34,78.49,78.23,78.45,844
2026-05-07T09:40:00+00:00,78.44,78.48,78.21,78.45,1140
2026-05-07T09:45:00+00:00,78.5,78.75,78.5,78.75,2877
2026-05-07T09:50:00+00:00,78.75,78.75,78.41,78.41,972
2026-05-07T09:55:00+00:00,78.4,78.45,78.21,78.23,385
2026-05-07T10:00:00+00:00,78.66,78.66,78.11,78.28,997
2026-05-07T10:05:00+00:00,78.28,78.3,78.02,78.06,2505
2026-05-07T10:10:00+00:00,78.06,78.159,77.8,77.88,5027
2026-05-07T10:15:00+00:00,77.88,78.15,77.76,77.8,1850
2026-05-07T10:20:00+00:00,77.8,78.138,77.774,78.12,1415
2026-05-07T10:25:00+00:00,78.12,78.28,77.83,78.0,542
2026-05-07T10:30:00+00:00,78.062,78.25,78.01,78.013,335
2026-05-07T10:35:00+00:00,78.02,78.487,78.02,78.265,1172
2026-05-07T10:40:00+00:00,78.33,78.6,78.25,78.56,2968
2026-05-07T10:45:00+00:00,78.56,78.583,78.3,78.56,2148
2026-05-07T10:50:00+00:00,78.3,78.37,78.3,78.32,947
2026-05-07T10:55:00+00:00,78.32,78.37,78.26,78.26,157
2026-05-07T11:00:00+00:00,78.375,78.4,77.93,78.25,4655
2026-05-07T11:05:00+00:00,78.13,78.4,78.08,78.3,1720
2026-05-07T11:10:00+00:00,78.106,78.49,77.77,78.0,4183
2026-05-07T11:15:00+00:00,78.0,78.19,77.7,77.77,4938
2026-05-07T11:20:00+00:00,77.786,78.01,77.53,77.745,4694
2026-05-07T11:25:00+00:00,77.673,77.81,77.53,77.565,5379
2026-05-07T11:30:00+00:00,77.564,77.9,77.56,77.83,2447
2026-05-07T11:35:00+00:00,77.696,77.92,77.65,77.8,1924
2026-05-07T11:40:00+00:00,77.9,78.0,77.65,78.0,3343
2026-05-07T11:45:00+00:00,78.0,78.0,77.65,77.72,2157
2026-05-07T11:50:00+00:00,77.7,78.0,77.62,77.93,2775
2026-05-07T11:55:00+00:00,77.92,78.3,77.8,78.05,4019
2026-05-07T12:00:00+00:00,78.085,78.21,77.8,77.95,6780
2026-05-07T12:05:00+00:00,78.01,78.185,77.92,78.046,2181
2026-05-07T12:10:00+00:00,77.98,78.15,77.9,78.14,3422
2026-05-07T12:15:00+00:00,78.1,78.15,77.81,77.974,2464
2026-05-07T12:20:00+00:00,77.9,78.0,77.62,77.72,1593
2026-05-07T12:25:00+00:00,77.76,77.9,77.62,77.722,4861
2026-05-07T12:30:00+00:00,77.885,77.9,77.6,77.8,3965
2026-05-07T12:35:00+00:00,77.72,77.9,77.66,77.9,3220
2026-05-07T12:40:00+00:00,77.9,78.05,77.7,78.04,2626
2026-05-07T12:45:00+00:00,78.04,78.05,77.68,77.68,2768
2026-05-07T12:50:00+00:00,77.72,77.99,77.3,77.31,17520
2026-05-07T12:55:00+00:00,77.315,77.98,77.15,77.8,11302
2026-05-07T13:00:00+00:00,77.8,77.8,77.1,77.49,30818
2026-05-07T13:05:00+00:00,77.2,77.48,77.0,77.01,7372
2026-05-07T13:10:00+00:00,77.28,77.35,77.0,77.3,6955
2026-05-07T13:15:00+00:00,77.24,77.67,77.22,77.457,3727
2026-05-07T13:20:00+00:00,77.54,77.77,77.14,77.33,8046
2026-05-07T13:25:00+00:00,77.21,78.0,76.97,78.0,11316
2026-05-07T13:30:00+00:00,78.0,79.5,77.22,78.107,258797
2026-05-07T13:35:00+00:00,78.11,79.0,77.42,78.26,176286
2026-05-07T13:40:00+00:00,78.35,78.38,76.522,76.54,262899
2026-05-07T13:45:00+00:00,76.66,77.13,75.73,76.427,322976
2026-05-07T13:50:00+00:00,76.365,76.44,75.61,76.04,139069
2026-05-07T13:55:00+00:00,76.0,76.57,75.27,75.33,192609
2026-05-07T14:00:00+00:00,75.35,76.52,75.176,76.016,166041
2026-05-07T14:05:00+00:00,75.91,76.99,75.9,76.81,96380
2026-05-07T14:10:00+00:00,76.831,77.45,76.52,77.285,146077
2026-05-07T14:15:00+00:00,77.266,78.3,76.67,78.011,175202
2026-05-07T14:20:00+00:00,78.07,78.16,77.17,77.33,148418
2026-05-07T14:25:00+00:00,77.305,78.1,77.06,77.805,185007
2026-05-07T14:30:00+00:00,77.895,78.45,77.4,77.91,108251
2026-05-07T14:35:00+00:00,77.88,78.09,77.68,78.02,61960
2026-05-07T14:40:00+00:00,78.03,78.2,77.29,77.4,79569
2026-05-07T14:45:00+00:00,77.485,77.876,77.45,77.54,43703
2026-05-07T14:50:00+00:00,77.66,77.77,76.91,77.21,87853
2026-05-07T14:55:00+00:00,77.2,77.59,76.71,76.77,104815
2026-05-07T15:00:00+00:00,76.785,77.017,76.5,76.986,48080
2026-05-07T15:05:00+00:00,76.98,77.2,76.61,76.975,56734
2026-05-07T15:10:00+00:00,76.99,77.2,76.47,76.75,56098
2026-05-07T15:15:00+00:00,76.71,76.87,76.5,76.65,35502
2026-05-07T15:20:00+00:00,76.6,76.67,76.0,76.14,81183
2026-05-07T15:25:00+00:00,76.09,76.55,75.95,76.3,59157
2026-05-07T15:30:00+00:00,76.36,76.77,76.319,76.63,41357
2026-05-07T15:35:00+00:00,76.545,76.99,76.475,76.78,37367
2026-05-07T15:40:00+00:00,76.771,76.88,76.48,76.87,47818
2026-05-07T15:45:00+00:00,76.85,77.0,76.16,76.2,40465
2026-05-07T15:50:00+00:00,76.142,76.349,76.01,76.253,67977
2026-05-07T15:55:00+00:00,76.28,76.34,75.385,75.57,111394
2026-05-07T16:00:00+00:00,75.555,75.72,75.25,75.685,69066
2026-05-07T16:05:00+00:00,75.51,75.51,74.7,74.93,108147
2026-05-07T16:10:00+00:00,74.97,75.07,74.24,74.29,100230
2026-05-07T16:15:00+00:00,74.29,74.29,73.08,73.08,191897
2026-05-07T16:20:00+00:00,73.11,73.6,72.92,73.459,132140
2026-05-07T16:25:00+00:00,73.405,74.22,73.35,74.15,99562
2026-05-07T16:30:00+00:00,74.2,74.37,73.84,74.358,53327
2026-05-07T16:35:00+00:00,74.285,74.285,73.53,73.53,37228
2026-05-07T16:40:00+00:00,73.65,74.175,73.513,74.0,40600
2026-05-07T16:45:00+00:00,73.935,74.09,73.63,73.7,31650
2026-05-07T16:50:00+00:00,73.73,74.025,73.73,74.02,28646
2026-05-07T16:55:00+00:00,74.01,74.1,72.95,73.384,133441
2026-05-07T17:00:00+00:00,73.435,73.85,73.32,73.62,39031
2026-05-07T17:05:00+00:00,73.65,73.949,73.41,73.51,35155
2026-05-07T17:10:00+00:00,73.421,73.5,73.01,73.135,44987
2026-05-07T17:15:00+00:00,73.04,73.1,72.56,72.61,66384
2026-05-07T17:20:00+00:00,72.61,73.15,72.44,72.89,85499
2026-05-07T17:25:00+00:00,72.94,72.98,72.0,72.23,131286
2026-05-07T17:30:00+00:00,72.17,72.4,71.87,72.309,67687
2026-05-07T17:35:00+00:00,72.29,72.855,72.16,72.5,75719
2026-05-07T17:40:00+00:00,72.55,72.84,72.33,72.35,50719
2026-05-07T17:45:00+00:00,72.405,72.54,72.25,72.43,52194
2026-05-07T17:50:00+00:00,72.44,72.6,72.28,72.44,20852
2026-05-07T17:55:00+00:00,72.4,73.09,72.37,73.073,59061
2026-05-07T18:00:00+00:00,73.095,73.5,73.0,73.4,60201
2026-05-07T18:05:00+00:00,73.35,73.7,73.25,73.305,60186
2026-05-07T18:10:00+00:00,73.3,73.47,73.16,73.3,29643
2026-05-07T18:15:00+00:00,73.24,73.247,72.91,72.965,39649
2026-05-07T18:20:00+00:00,72.98,72.98,72.59,72.61,27129
2026-05-07T18:25:00+00:00,72.59,72.59,71.907,72.065,64767
2026-05-07T18:30:00+00:00,72.09,72.74,72.03,72.44,44007
2026-05-07T18:35:00+00:00,72.4,72.71,72.33,72.63,48535
2026-05-07T18:40:00+00:00,72.513,72.73,72.04,72.18,31774
2026-05-07T18:45:00+00:00,72.1,72.49,72.1,72.21,31975
2026-05-07T18:50:00+00:00,72.19,72.28,72.065,72.14,34038
2026-05-07T18:55:00+00:00,72.04,72.67,71.916,72.3,43658
2026-05-07T19:00:00+00:00,72.46,72.5,72.15,72.3,32685
2026-05-07T19:05:00+00:00,72.31,72.48,71.88,71.96,40507
2026-05-07T19:10:00+00:00,71.955,72.0,71.47,71.66,74864
2026-05-07T19:15:00+00:00,71.67,71.76,71.39,71.39,106219
2026-05-07T19:20:00+00:00,71.395,71.595,71.35,71.35,103770
2026-05-07T19:25:00+00:00,71.35,71.51,71.152,71.2,92368
2026-05-07T19:30:00+00:00,71.19,71.275,70.88,71.17,110575
2026-05-07T19:35:00+00:00,71.19,71.51,71.025,71.495,77980
2026-05-07T19:40:00+00:00,71.5,71.79,71.465,71.47,97419
2026-05-07T19:45:00+00:00,71.43,71.95,71.42,71.9,89461
2026-05-07T19:50:00+00:00,71.9,72.215,71.795,72.215,137150
2026-05-07T19:55:00+00:00,72.21,72.26,71.653,71.83,270045
2026-05-07T20:00:00+00:00,71.84,72.22,71.79,71.83,104497
2026-05-07T20:05:00+00:00,71.9,72.5,71.73,72.43,33806
2026-05-07T20:10:00+00:00,72.22,72.4,71.83,72.29,3835
2026-05-07T20:15:00+00:00,72.21,72.29,71.5,71.53,5393
2026-05-07T20:20:00+00:00,71.83,72.12,71.5,72.08,6100
2026-05-07T20:25:00+00:00,72.08,72.66,72.08,72.57,6002
2026-05-07T20:30:00+00:00,72.565,72.59,72.3,72.55,1759
2026-05-07T20:35:00+00:00,72.448,72.55,72.26,72.29,3627
2026-05-07T20:40:00+00:00,72.36,72.6,72.25,72.31,1007
2026-05-07T20:45:00+00:00,72.434,72.5,72.16,72.346,2295
2026-05-07T20:50:00+00:00,72.35,72.49,72.0,72.37,2509
2026-05-07T20:55:00+00:00,72.33,72.4,72.0,72.01,2083
2026-05-07T21:00:00+00:00,72.01,72.54,71.9,71.91,2336
2026-05-07T21:05:00+00:00,72.148,72.5,72.0,72.16,1625
2026-05-07T21:10:00+00:00,72.3,72.49,72.04,72.19,2042
2026-05-07T21:15:00+00:00,72.19,72.49,72.04,72.49,3101
2026-05-07T21:20:00+00:00,72.47,72.49,72.25,72.381,3165
2026-05-07T21:25:00+00:00,72.25,72.25,72.05,72.18,1485
2026-05-07T21:30:00+00:00,72.14,72.18,71.93,72.04,4459
2026-05-07T21:35:00+00:00,72.04,72.04,71.5,71.58,4146
2026-05-07T21:40:00+00:00,71.52,71.77,71.4,71.59,2327
2026-05-07T21:45:00+00:00,71.42,71.82,71.42,71.51,2636
2026-05-07T21:50:00+00:00,71.48,71.61,71.0,71.022,7084
2026-05-07T21:55:00+00:00,71.05,71.22,70.7,70.9,5519
2026-05-07T22:00:00+00:00,70.98,71.79,70.77,71.5,4484
2026-05-07T22:05:00+00:00,71.494,71.773,71.2,71.27,1065
2026-05-07T22:10:00+00:00,71.06,71.5,71.0,71.132,3617
2026-05-07T22:15:00+00:00,71.13,71.85,71.13,71.64,2939
2026-05-07T22:20:00+00:00,71.54,71.85,71.28,71.75,2141
2026-05-07T22:25:00+00:00,71.805,72.25,71.805,72.25,2909
2026-05-07T22:30:00+00:00,72.21,72.25,72.0,72.15,1553
2026-05-07T22:35:00+00:00,72.15,72.15,72.0,72.15,2326
2026-05-07T22:40:00+00:00,72.13,72.19,72.0,72.05,1313
2026-05-07T22:45:00+00:00,72.1,72.25,72.0,72.1,1010
2026-05-07T22:50:00+00:00,72.0,72.099,72.0,72.09,2633
2026-05-07T22:55:00+00:00,72.09,72.09,71.71,71.773,3543
2026-05-07T23:00:00+00:00,71.75,71.99,71.5,71.72,1023
2026-05-07T23:05:00+00:00,71.79,71.84,71.51,71.73,1075
2026-05-07T23:10:00+00:00,71.73,71.9,71.69,71.7,1698
2026-05-07T23:15:00+00:00,71.7,71.7,71.58,71.68,792
2026-05-07T23:20:00+00:00,71.7,71.99,71.6,71.6,968
2026-05-07T23:25:00+00:00,71.83,71.9,71.6,71.77,628
2026-05-07T23:30:00+00:00,71.77,72.0,71.72,71.879,2226
2026-05-07T23:35:00+00:00,71.88,72.13,71.8,72.05,983
2026-05-07T23:40:00+00:00,72.0,72.13,72.0,72.0,858
2026-05-07T23:45:00+00:00,72.0,72.1,71.8,72.0,1100
2026-05-07T23:50:00+00:00,71.98,72.08,71.8,71.91,2290
2026-05-07T23:55:00+00:00,72.02,72.1,71.83,72.08,1563
2026-05-08T08:00:00+00:00,73.124,73.5,72.628,73.5,18633
2026-05-08T08:05:00+00:00,73.39,73.9,72.69,73.89,7531
2026-05-08T08:10:00+00:00,73.7,73.9,73.595,73.7,3938
2026-05-08T08:15:00+00:00,73.7,73.8,73.5,73.51,974
2026-05-08T08:20:00+00:00,73.737,73.839,73.51,73.7,852
2026-05-08T08:25:00+00:00,73.7,73.9,73.61,73.9,1124
2026-05-08T08:30:00+00:00,73.87,74.385,73.75,74.15,3252
2026-05-08T08:35:00+00:00,74.01,74.432,73.83,74.432,2557
2026-05-08T08:40:00+00:00,74.43,74.43,74.015,74.24,2350
2026-05-08T08:45:00+00:00,74.13,74.238,73.88,73.91,2269
2026-05-08T08:50:00+00:00,73.992,74.06,73.81,73.89,4436
2026-05-08T08:55:00+00:00,73.85,74.04,73.81,74.04,2652
2026-05-08T09:00:00+00:00,73.85,74.28,73.85,74.28,2833
2026-05-08T09:05:00+00:00,74.33,74.5,74.059,74.38,2815
2026-05-08T09:10:00+00:00,74.38,74.39,74.2,74.31,1122
2026-05-08T09:15:00+00:00,74.3,74.31,74.15,74.21,1233
2026-05-08T09:20:00+00:00,74.31,74.47,74.25,74.35,5526
2026-05-08T09:25:00+00:00,74.2,74.456,74.2,74.22,1302
2026-05-08T09:30:00+00:00,74.2,74.332,73.85,73.94,1787
2026-05-08T09:35:00+00:00,73.95,74.33,73.87,74.29,1064
2026-05-08T09:40:00+00:00,74.0,74.3,73.889,74.255,532
2026-05-08T09:45:00+00:00,73.96,74.255,73.54,73.8,1351
2026-05-08T09:50:00+00:00,73.78,73.84,73.5,73.52,1060
2026-05-08T09:55:00+00:00,73.55,73.57,73.35,73.44,1132
2026-05-08T10:00:00+00:00,73.454,73.85,73.454,73.8,958
2026-05-08T10:05:00+00:00,73.54,73.79,73.53,73.63,2031
2026-05-08T10:10:00+00:00,73.63,73.72,73.622,73.706,185
2026-05-08T10:15:00+00:00,73.71,74.0,73.71,73.75,262
2026-05-08T10:20:00+00:00,73.68,73.85,73.55,73.75,401
2026-05-08T10:25:00+00:00,73.738,73.9,73.6,73.81,2656
2026-05-08T10:30:00+00:00,73.75,74.0,73.645,73.98,477
2026-05-08T10:35:00+00:00,73.9,73.98,73.638,73.95,2619
2026-05-08T10:40:00+00:00,73.95,73.99,73.643,73.643,2703
2026-05-08T10:45:00+00:00,73.89,73.89,73.62,73.853,585
2026-05-08T10:50:00+00:00,73.62,73.71,73.5,73.52,2482
2026-05-08T10:55:00+00:00,73.51,73.51,73.329,73.49,776
2026-05-08T11:00:00+00:00,73.4,73.75,73.343,73.57,4739
2026-05-08T11:05:00+00:00,73.75,73.75,73.57,73.7,2582
2026-05-08T11:10:00+00:00,73.75,73.75,73.55,73.6,4194
2026-05-08T11:15:00+00:00,73.56,73.87,73.56,73.8,2755
2026-05-08T11:20:00+00:00,73.78,73.87,73.7,73.791,1627
2026-05-08T11:25:00+00:00,73.785,73.98,73.73,73.97,674
2026-05-08T11:30:00+00:00,73.99,74.25,73.88,74.25,2177
2026-05-08T11:35:00+00:00,74.0,74.4,74.0,74.17,7355
2026-05-08T11:40:00+00:00,74.2,74.35,74.0,74.0,3284
2026-05-08T11:45:00+00:00,74.08,74.08,74.0,74.08,3655
2026-05-08T11:50:00+00:00,74.0,74.13,73.981,74.017,2730
2026-05-08T11:55:00+00:00,73.981,74.08,73.86,74.054,3205
2026-05-08T12:00:00+00:00,73.88,74.0,73.88,73.9,3130
2026-05-08T12:05:00+00:00,73.88,74.05,73.88,73.971,5086
2026-05-08T12:10:00+00:00,74.0,74.0,73.73,74.0,3612
2026-05-08T12:15:00+00:00,74.0,74.0,73.6,73.847,3798
2026-05-08T12:20:00+00:00,73.6,73.98,73.6,73.77,2821
2026-05-08T12:25:00+00:00,73.78,73.95,73.613,73.8,2070
2026-05-08T12:30:00+00:00,73.83,74.18,73.75,74.18,8130
2026-05-08T12:35:00+00:00,74.2,74.288,73.883,74.01,5715
2026-05-08T12:40:00+00:00,74.08,75.38,73.93,74.82,26011
2026-05-08T12:45:00+00:00,74.78,75.3,74.4,74.5,6081
2026-05-08T12:50:00+00:00,74.6,74.6,74.22,74.45,5449
2026-05-08T12:55:00+00:00,74.42,74.44,74.16,74.16,2270
2026-05-08T13:00:00+00:00,74.17,74.38,74.011,74.011,4212
2026-05-08T13:05:00+00:00,74.01,74.19,73.76,73.925,5227
2026-05-08T13:10:00+00:00,73.99,74.0,73.6,73.76,5348
2026-05-08T13:15:00+00:00,73.76,74.01,73.75,74.01,6039
2026-05-08T13:20:00+00:00,73.94,74.2,73.89,74.142,3508
2026-05-08T13:25:00+00:00,74.15,74.19,73.6,73.72,3955
2026-05-08T13:30:00+00:00,73.7,73.956,72.105,72.285,242441
2026-05-08T13:35:00+00:00,72.33,72.99,71.05,71.12,248932
2026-05-08T13:40:00+00:00,71.18,72.16,71.18,71.3,151715
2026-05-08T13:45:00+00:00,71.335,71.64,70.23,70.675,130906
2026-05-08T13:50:00+00:00,70.625,71.39,70.625,71.215,106999
2026-05-08T13:55:00+00:00,71.205,71.589,70.55,70.758,85595
2026-05-08T14:00:00+00:00,70.75,71.469,70.705,71.233,100629
2026-05-08T14:05:00+00:00,71.238,72.57,71.16,72.495,152336
2026-05-08T14:10:00+00:00,72.48,72.5,71.95,72.27,156644
2026-05-08T14:15:00+00:00,72.275,72.796,72.213,72.69,108071
2026-05-08T14:20:00+00:00,72.66,72.684,71.651,71.71,114233
2026-05-08T14:25:00+00:00,71.68,71.68,70.4,70.475,107146
2026-05-08T14:30:00+00:00,70.43,71.2,70.2,70.745,99038
2026-05-08T14:35:00+00:00,70.71,70.71,70.26,70.455,80563
2026-05-08T14:40:00+00:00,70.455,70.5,70.0,70.5,92428
2026-05-08T14:45:00+00:00,70.499,70.89,70.21,70.8,67411
2026-05-08T14:50:00+00:00,70.69,71.75,70.69,71.55,105188
2026-05-08T14:55:00+00:00,71.545,71.72,71.1,71.15,72524
2026-05-08T15:00:00+00:00,71.18,71.42,71.11,71.14,25949
2026-05-08T15:05:00+00:00,71.25,71.78,71.119,71.408,33321
2026-05-08T15:10:00+00:00,71.43,71.66,71.203,71.235,44075
2026-05-08T15:15:00+00:00,71.28,71.47,71.22,71.36,19032
2026-05-08T15:20:00+00:00,71.425,71.704,71.25,71.27,29898
2026-05-08T15:25:00+00:00,71.28,71.45,71.17,71.3,28063
2026-05-08T15:30:00+00:00,71.28,71.57,71.08,71.55,39370
2026-05-08T15:35:00+00:00,71.555,71.79,71.476,71.71,31055
2026-05-08T15:40:00+00:00,71.7,71.74,71.239,71.385,25537
2026-05-08T15:45:00+00:00,71.383,71.505,71.17,71.26,39494
2026-05-08T15:50:00+00:00,71.27,71.33,70.7,70.895,37998
2026-05-08T15:55:00+00:00,70.885,70.9,70.467,70.56,56774
2026-05-08T16:00:00+00:00,70.55,71.1,70.51,70.89,33896
2026-05-08T16:05:00+00:00,70.96,71.146,70.92,71.065,25158
2026-05-08T16:10:00+00:00,71.03,71.3,71.03,71.17,39827
2026-05-08T16:15:00+00:00,71.16,71.16,70.63,70.63,31962
2026-05-08T16:20:00+00:00,70.66,70.8,70.59,70.755,28034
2026-05-08T16:25:00+00:00,70.74,70.89,70.65,70.73,28501
2026-05-08T16:30:00+00:00,70.76,71.025,70.69,70.94,15050
2026-05-08T16:35:00+00:00,70.83,71.08,70.73,71.03,28634
2026-05-08T16:40:00+00:00,71.03,71.055,70.66,70.675,23005
2026-05-08T16:45:00+00:00,70.685,70.895,70.55,70.57,32636
2026-05-08T16:50:00+00:00,70.57,70.75,70.45,70.48,23262
2026-05-08T16:55:00+00:00,70.51,70.547,70.275,70.29,36600
2026-05-08T17:00:00+00:00,70.22,70.295,70.085,70.09,57496
2026-05-08T17:05:00+00:00,70.09,70.375,70.0,70.318,78149
2026-05-08T17:10:00+00:00,70.29,70.39,70.26,70.35,31496
2026-05-08T17:15:00+00:00,70.333,70.77,70.33,70.68,33022
2026-05-08T17:20:00+00:00,70.64,70.883,70.5,70.753,30820
2026-05-08T17:25:00+00:00,70.77,71.2,70.77,71.11,23584
2026-05-08T17:30:00+00:00,71.178,71.38,71.01,71.25,38649
2026-05-08T17:35:00+00:00,71.27,71.61,71.26,71.495,38506
2026-05-08T17:40:00+00:00,71.588,71.858,71.47,71.858,57285
2026-05-08T17:45:00+00:00,71.845,72.665,71.845,72.6,82822
2026-05-08T17:50:00+00:00,72.58,72.6,72.1,72.55,64720
2026-05-08T17:55:00+00:00,72.57,72.64,71.8,71.93,51826
2026-05-08T18:00:00+00:00,71.98,72.83,71.98,72.826,63482
2026-05-08T18:05:00+00:00,72.81,73.0,72.62,72.91,83581
2026-05-08T18:10:00+00:00,72.91,73.21,72.88,73.05,68673
2026-05-08T18:15:00+00:00,73.08,73.12,72.435,72.525,55695
2026-05-08T18:20:00+00:00,72.548,72.97,72.505,72.97,46717
2026-05-08T18:25:00+00:00,72.969,73.17,72.75,73.034,45552
2026-05-08T18:30:00+00:00,73.1,73.22,72.835,72.93,66119
2026-05-08T18:35:00+00:00,72.995,73.119,72.75,72.83,29683
2026-05-08T18:40:00+00:00,72.82,72.98,72.44,72.5,35956
2026-05-08T18:45:00+00:00,72.489,72.545,72.08,72.315,56439
2026-05-08T18:50:00+00:00,72.26,72.7,72.16,72.16,54022
2026-05-08T18:55:00+00:00,72.16,72.585,71.68,71.76,75442
2026-05-08T19:00:00+00:00,71.77,72.08,71.77,71.99,52165
2026-05-08T19:05:00+00:00,72.03,72.35,72.03,72.235,36378
2026-05-08T19:10:00+00:00,72.24,72.4,72.052,72.15,37302
2026-05-08T19:15:00+00:00,72.19,72.51,72.19,72.27,40716
2026-05-08T19:20:00+00:00,72.3,72.31,71.905,71.93,44196
2026-05-08T19:25:00+00:00,71.91,72.07,71.51,71.54,44113
2026-05-08T19:30:00+00:00,71.543,71.875,71.51,71.839,55348
2026-05-08T19:35:00+00:00,71.82,71.969,71.6,71.9,41019
2026-05-08T19:40:00+00:00,71.88,72.24,71.88,72.13,41964
2026-05-08T19:45:00+00:00,72.13,72.17,72.01,72.05,41075
2026-05-08T19:50:00+00:00,72.06,72.52,72.05,72.435,75338
2026-05-08T19:55:00+00:00,72.5,72.855,72.41,72.51,155137
2026-05-08T20:00:00+00:00,72.51,72.693,72.2,72.69,5333
2026-05-08T20:05:00+00:00,72.611,72.79,72.4,72.75,5255
2026-05-08T20:10:00+00:00,72.51,72.79,72.51,72.79,817
2026-05-08T20:15:00+00:00,72.51,72.9,72.51,72.76,3539
2026-05-08T20:20:00+00:00,72.7,72.9,72.7,72.8,1093
2026-05-08T20:25:00+00:00,72.76,72.9,72.7,72.72,2370
2026-05-08T20:30:00+00:00,72.82,72.85,72.73,72.82,2408
2026-05-08T20:35:00+00:00,72.84,72.9,72.74,72.77,3033
2026-05-08T20:40:00+00:00,72.799,72.82,72.6,72.8,1333
2026-05-08T20:45:00+00:00,72.8,72.837,72.74,72.75,520
2026-05-08T20:50:00+00:00,72.75,72.85,72.75,72.839,4262
2026-05-08T20:55:00+00:00,72.81,72.85,72.61,72.825,767
2026-05-08T21:00:00+00:00,72.85,72.85,72.7,72.74,528
2026-05-08T21:05:00+00:00,72.74,72.77,72.6,72.71,209
2026-05-08T21:10:00+00:00,72.71,72.77,72.6,72.63,574
2026-05-08T21:15:00+00:00,72.62,72.75,72.52,72.665,1054
2026-05-08T21:20:00+00:00,72.52,72.75,72.52,72.53,1957
2026-05-08T21:25:00+00:00,72.61,72.75,72.57,72.58,2884
2026-05-08T21:30:00+00:00,72.71,72.71,72.4,72.499,1111
2026-05-08T21:35:00+00:00,72.4,72.5,72.21,72.21,2116
2026-05-08T21:40:00+00:00,72.21,72.45,72.2,72.44,1256
2026-05-08T21:45:00+00:00,72.37,72.45,72.25,72.43,807
2026-05-08T21:50:00+00:00,72.43,72.59,72.25,72.4,2167
2026-05-08T21:55:00+00:00,72.5,72.5,72.41,72.5,1157
2026-05-08T22:00:00+00:00,72.5,72.55,72.4,72.55,1410
2026-05-08T22:05:00+00:00,72.48,72.6,72.407,72.5,1077
2026-05-08T22:10:00+00:00,72.5,72.6,72.5,72.54,2648
2026-05-08T22:15:00+00:00,72.502,72.51,72.45,72.49,3025
2026-05-08T22:20:00+00:00,72.45,72.6,72.25,72.47,487
2026-05-08T22:25:00+00:00,72.555,72.6,72.25,72.52,646
2026-05-08T22:30:00+00:00,72.588,72.6,72.5,72.514,96
2026-05-08T22:35:00+00:00,72.6,72.6,72.34,72.4,2043
2026-05-08T22:40:00+00:00,72.4,72.49,72.25,72.49,403
2026-05-08T22:45:00+00:00,72.45,72.48,72.22,72.4,820
2026-05-08T22:50:00+00:00,72.4,72.6,72.38,72.45,744
2026-05-08T22:55:00+00:00,72.47,72.6,72.46,72.58,1115
2026-05-08T23:00:00+00:00,72.599,72.818,72.55,72.818,339
2026-05-08T23:05:00+00:00,72.6,72.783,72.6,72.75,1426
2026-05-08T23:10:00+00:00,72.6,72.75,72.57,72.743,434
2026-05-08T23:15:00+00:00,72.65,72.75,72.59,72.74,2768
2026-05-08T23:20:00+00:00,72.67,72.72,72.54,72.63,1361
2026-05-08T23:25:00+00:00,72.6,72.72,72.54,72.55,5332
2026-05-08T23:30:00+00:00,72.55,72.72,72.54,72.55,880
2026-05-08T23:35:00+00:00,72.64,72.72,72.54,72.6,1021
2026-05-08T23:40:00+00:00,72.717,72.72,72.54,72.54,123
2026-05-08T23:45:00+00:00,72.66,72.75,72.66,72.75,453
2026-05-08T23:50:00+00:00,72.73,72.75,72.66,72.74,3341
2026-05-08T23:55:00+00:00,72.74,72.75,72.66,72.7,2643
2026-05-11T08:00:00+00:00,72.52,73.468,71.904,73.468,20607
2026-05-11T08:05:00+00:00,73.2,73.5,72.71,72.89,1640
2026-05-11T08:10:00+00:00,72.76,72.89,71.98,72.76,5084
2026-05-11T08:15:00+00:00,72.77,72.986,72.64,72.986,1176
2026-05-11T08:20:00+00:00,72.99,72.99,72.73,72.77,1697
2026-05-11T08:25:00+00:00,72.888,72.888,72.48,72.65,500
2026-05-11T08:30:00+00:00,72.41,72.75,72.41,72.415,301
2026-05-11T08:35:00+00:00,72.415,72.48,72.17,72.48,1483
2026-05-11T08:40:00+00:00,72.177,72.32,72.014,72.06,592
2026-05-11T08:45:00+00:00,72.07,72.22,72.06,72.15,3464
2026-05-11T08:50:00+00:00,72.15,72.29,71.836,71.836,984
2026-05-11T08:55:00+00:00,71.83,72.03,71.83,72.03,635
2026-05-11T09:00:00+00:00,72.11,72.25,72.03,72.2,309
2026-05-11T09:05:00+00:00,72.2,72.67,72.2,72.67,1121
2026-05-11T09:10:00+00:00,72.62,72.76,72.45,72.625,2106
2026-05-11T09:15:00+00:00,72.62,72.62,72.1,72.1,334
2026-05-11T09:20:00+00:00,72.1,72.75,72.1,72.44,401
2026-05-11T09:25:00+00:00,72.1,72.4,72.1,72.4,530
2026-05-11T09:30:00+00:00,72.5,72.504,72.1,72.34,221
2026-05-11T09:35:00+00:00,72.34,72.5,72.09,72.34,602
2026-05-11T09:40:00+00:00,72.34,72.4,72.024,72.34,281
2026-05-11T09:45:00+00:00,72.34,72.4,72.13,72.3,228
2026-05-11T09:50:00+00:00,72.4,72.4,72.13,72.3,236
2026-05-11T09:55:00+00:00,72.3,72.3,72.143,72.171,344
2026-05-11T10:00:00+00:00,72.17,72.17,71.86,71.9,1072
2026-05-11T10:05:00+00:00,71.9,72.0,71.84,71.87,519
2026-05-11T10:10:00+00:00,71.9,72.288,71.83,72.02,1071
2026-05-11T10:15:00+00:00,72.02,72.02,71.869,71.95,220
2026-05-11T10:20:00+00:00,71.95,72.02,71.83,71.83,347
2026-05-11T10:25:00+00:00,71.83,71.925,71.83,71.87,303
2026-05-11T10:30:00+00:00,71.894,72.3,71.894,71.94,239
2026-05-11T10:35:00+00:00,71.964,72.04,71.781,71.79,649
2026-05-11T10:40:00+00:00,71.77,71.79,71.529,71.7,939
2026-05-11T10:45:00+00:00,71.7,71.79,71.55,71.71,282
2026-05-11T10:50:00+00:00,71.674,71.89,71.67,71.89,329
2026-05-11T10:55:00+00:00,71.92,71.99,71.9,71.9,66
2026-05-11T11:00:00+00:00,71.89,72.145,71.51,71.69,5160
2026-05-11T11:05:00+00:00,71.69,71.98,71.38,71.63,2036
2026-05-11T11:10:00+00:00,71.63,71.8,71.5,71.6,4335
2026-05-11T11:15:00+00:00,71.611,71.74,71.5,71.56,993
2026-05-11T11:20:00+00:00,71.521,71.715,71.5,71.715,1322
2026-05-11T11:25:00+00:00,71.54,71.95,71.5,71.648,1627
2026-05-11T11:30:00+00:00,71.79,71.96,71.5,71.83,2143
2026-05-11T11:35:00+00:00,71.83,72.106,71.83,71.93,2322
2026-05-11T11:40:00+00:00,72.08,72.11,71.71,71.91,2188
2026-05-11T11:45:00+00:00,71.92,72.11,71.7,72.02,2046
2026-05-11T11:50:00+00:00,71.974,72.04,71.55,71.92,2205
2026-05-11T11:55:00+00:00,71.66,72.03,71.66,71.81,1195
2026-05-11T12:00:00+00:00,71.87,72.0,71.684,71.77,16164
2026-05-11T12:05:00+00:00,71.77,71.8,71.6,71.74,1408
2026-05-11T12:10:00+00:00,71.61,71.75,71.5,71.65,1455
2026-05-11T12:15:00+00:00,71.65,71.68,71.5,71.54,2559
2026-05-11T12:20:00+00:00,71.5,71.65,71.4,71.6,1745
2026-05-11T12:25:00+00:00,71.65,71.8,71.51,71.682,3809
2026-05-11T12:30:00+00:00,71.73,71.8,71.63,71.65,596
2026-05-11T12:35:00+00:00,71.7,71.762,71.5,71.57,879
2026-05-11T12:40:00+00:00,71.57,71.67,71.4,71.45,3396
2026-05-11T12:45:00+00:00,71.42,71.67,71.25,71.37,4323
2026-05-11T12:50:00+00:00,71.3,71.54,71.25,71.49,2329
2026-05-11T12:55:00+00:00,71.41,71.68,71.35,71.644,3095
2026-05-11T13:00:00+00:00,71.69,71.8,71.4,71.65,1527
2026-05-11T13:05:00+00:00,71.52,71.98,71.4,71.98,1447
2026-05-11T13:10:00+00:00,71.98,71.98,71.5,71.79,3485
2026-05-11T13:15:00+00:00,71.8,71.9,71.5,71.75,1975
2026-05-11T13:20:00+00:00,71.75,71.95,71.5,71.78,7504
2026-05-11T13:25:00+00:00,71.78,72.0,71.414,71.7,1687
2026-05-11T13:30:00+00:00,71.41,71.7,69.3,69.405,244736
2026-05-11T13:35:00+00:00,69.338,70.93,69.22,70.77,204144
2026-05-11T13:40:00+00:00,70.51,70.96,70.2,70.735,133289
2026-05-11T13:45:00+00:00,70.765,73.01,70.765,72.94,189166
2026-05-11T13:50:00+00:00,72.89,74.25,72.82,74.22,224871
2026-05-11T13:55:00+00:00,74.25,75.0,73.33,73.765,264173
2026-05-11T14:00:00+00:00,73.75,74.96,73.63,74.61,165426
2026-05-11T14:05:00+00:00,74.55,76.15,74.405,76.11,202173
2026-05-11T14:10:00+00:00,76.1,76.76,75.87,76.76,242943
2026-05-11T14:15:00+00:00,76.757,77.18,76.102,76.175,219970
2026-05-11T14:20:00+00:00,76.17,77.16,76.03,76.845,216020
2026-05-11T14:25:00+00:00,76.81,77.52,76.13,76.355,246018
2026-05-11T14:30:00+00:00,76.218,76.99,75.62,76.13,208006
2026-05-11T14:35:00+00:00,76.095,77.46,76.01,77.295,135761
2026-05-11T14:40:00+00:00,77.295,78.248,77.05,78.16,201430
2026-05-11T14:45:00+00:00,78.121,78.465,77.15,77.2,189279
2026-05-11T14:50:00+00:00,77.33,78.155,77.08,78.086,100010
2026-05-11T14:55:00+00:00,78.075,78.29,77.312,77.622,117560
2026-05-11T15:00:00+00:00,77.73,78.15,77.119,77.915,118245
2026-05-11T15:05:00+00:00,77.93,78.3,77.71,77.98,103747
2026-05-11T15:10:00+00:00,77.975,78.8,77.91,78.26,134162
2026-05-11T15:15:00+00:00,78.27,78.522,78.0,78.41,97905
2026-05-11T15:20:00+00:00,78.41,78.82,78.335,78.485,95270
2026-05-11T15:25:00+00:00,78.42,78.77,78.235,78.64,75069
2026-05-11T15:30:00+00:00,78.64,78.895,77.8,77.96,105144
2026-05-11T15:35:00+00:00,77.95,78.099,77.5,77.685,64345
2026-05-11T15:40:00+00:00,77.67,77.97,77.5,77.905,80616
2026-05-11T15:45:00+00:00,77.91,78.08,77.1,77.15,70627
2026-05-11T15:50:00+00:00,77.15,77.82,77.02,77.55,94616
2026-05-11T15:55:00+00:00,77.57,77.67,76.71,76.9,76947
2026-05-11T16:00:00+00:00,76.92,77.37,76.87,77.36,45432
2026-05-11T16:05:00+00:00,77.38,77.63,77.33,77.425,48745
2026-05-11T16:10:00+00:00,77.368,77.99,77.368,77.77,58486
2026-05-11T16:15:00+00:00,77.77,78.22,77.42,77.52,69021
2026-05-11T16:20:00+00:00,77.6,77.7,77.43,77.43,42575
2026-05-11T16:25:00+00:00,77.44,77.6,77.29,77.54,57900
2026-05-11T16:30:00+00:00,77.545,77.57,77.2,77.375,33408
2026-05-11T16:35:00+00:00,77.365,77.5,77.062,77.09,33488
2026-05-11T16:40:00+00:00,77.08,77.155,76.23,76.62,88315
2026-05-11T16:45:00+00:00,76.575,77.4,76.57,77.15,56004
2026-05-11T16:50:00+00:00,77.195,77.3,77.02,77.16,33230
2026-05-11T16:55:00+00:00,77.171,77.5,76.95,77.33,43633
2026-05-11T17:00:00+00:00,77.4,77.52,76.96,77.187,30381
2026-05-11T17:05:00+00:00,77.1,77.27,76.85,77.27,23465
2026-05-11T17:10:00+00:00,77.331,77.656,77.26,77.54,32669
2026-05-11T17:15:00+00:00,77.52,77.79,77.45,77.45,36022
2026-05-11T17:20:00+00:00,77.465,77.72,77.21,77.705,47930
2026-05-11T17:25:00+00:00,77.73,78.06,77.682,78.06,68142
2026-05-11T17:30:00+00:00,78.09,78.5,78.06,78.17,78998
2026-05-11T17:35:00+00:00,78.2,78.66,78.185,78.38,106058
2026-05-11T17:40:00+00:00,78.41,79.26,78.09,79.075,161650
2026-05-11T17:45:00+00:00,79.001,79.26,78.84,79.015,109803
2026-05-11T17:50:00+00:00,79.04,79.11,78.8,78.92,50606
2026-05-11T17:55:00+00:00,78.92,79.14,78.3,78.312,56879
2026-05-11T18:00:00+00:00,78.31,79.02,78.251,78.89,87055
2026-05-11T18:05:00+00:00,78.88,79.35,78.695,79.32,60852
2026-05-11T18:10:00+00:00,79.305,79.48,79.13,79.19,80344
2026-05-11T18:15:00+00:00,79.23,79.44,79.141,79.38,51624
2026-05-11T18:20:00+00:00,79.42,79.56,79.205,79.4,74723
2026-05-11T18:25:00+00:00,79.41,79.65,79.24,79.31,47237
2026-05-11T18:30:00+00:00,79.24,79.27,78.91,79.101,68631
2026-05-11T18:35:00+00:00,79.18,79.42,79.01,79.255,59945
2026-05-11T18:40:00+00:00,79.265,79.35,79.03,79.07,55540
2026-05-11T18:45:00+00:00,79.01,79.35,78.9,78.98,45070
2026-05-11T18:50:00+00:00,78.97,79.39,78.92,79.0,58023
2026-05-11T18:55:00+00:00,78.971,79.08,78.02,78.15,106999
2026-05-11T19:00:00+00:00,78.13,78.78,78.13,78.405,73745
2026-05-11T19:05:00+00:00,78.4,79.26,78.35,79.22,43867
2026-05-11T19:10:00+00:00,79.215,79.34,78.975,79.135,59415
2026-05-11T19:15:00+00:00,79.139,79.14,78.21,78.25,54007
2026-05-11T19:20:00+00:00,78.22,78.385,77.74,77.77,85502
2026-05-11T19:25:00+00:00,77.75,77.82,76.6,76.75,105028
2026-05-11T19:30:00+00:00,76.75,77.38,76.741,77.235,80255
2026-05-11T19:35:00+00:00,77.243,77.69,77.18,77.54,107485
2026-05-11T19:40:00+00:00,77.51,77.74,77.464,77.62,87248
2026-05-11T19:45:00+00:00,77.62,77.74,77.42,77.541,84914
2026-05-11T19:50:00+00:00,77.535,77.79,77.26,77.43,127301
2026-05-11T19:55:00+00:00,77.47,78.25,77.47,78.13,282421
2026-05-11T20:00:00+00:00,78.13,78.3,77.77,78.22,550342
2026-05-11T20:05:00+00:00,78.18,78.63,77.9,78.16,46340
2026-05-11T20:10:00+00:00,78.13,78.3,77.77,77.9,2320
2026-05-11T20:15:00+00:00,78.13,78.13,77.62,77.735,1968
2026-05-11T20:20:00+00:00,78.13,78.13,77.62,77.75,1974
2026-05-11T20:25:00+00:00,77.68,78.0,77.67,77.81,1103
2026-05-11T20:30:00+00:00,77.86,77.86,77.47,77.68,1452
2026-05-11T20:35:00+00:00,77.55,77.78,77.09,77.09,35083
2026-05-11T20:40:00+00:00,77.84,77.86,77.09,77.36,2957
2026-05-11T20:45:00+00:00,77.36,77.86,77.1,77.33,1590
2026-05-11T20:50:00+00:00,77.33,77.86,77.1,77.6,3166
2026-05-11T20:55:00+00:00,77.6,77.87,77.33,77.35,5022
2026-05-11T21:00:00+00:00,77.31,77.88,77.1,77.53,1504
2026-05-11T21:05:00+00:00,77.6,77.86,77.35,77.375,708
2026-05-11T21:10:00+00:00,77.35,77.55,77.3,77.3,2220
2026-05-11T21:15:00+00:00,77.3,77.37,77.1,77.22,1288
2026-05-11T21:20:00+00:00,77.2,77.37,77.0,77.28,3928
2026-05-11T21:25:00+00:00,77.3,77.55,77.17,77.26,3336
2026-05-11T21:30:00+00:00,77.25,77.55,77.06,77.22,602
2026-05-11T21:35:00+00:00,77.21,77.55,77.16,77.3,2130
2026-05-11T21:40:00+00:00,77.5,77.5,77.25,77.28,1908
2026-05-11T21:45:00+00:00,77.318,77.46,77.15,77.3,871
2026-05-11T21:50:00+00:00,77.3,77.46,77.15,77.26,686
2026-05-11T21:55:00+00:00,77.26,77.5,77.15,77.4,6378
2026-05-11T22:00:00+00:00,77.25,77.5,77.16,77.421,2219
2026-05-11T22:05:00+00:00,77.4,77.45,77.16,77.16,155
2026-05-11T22:10:00+00:00,77.22,77.4,77.12,77.12,664
2026-05-11T22:15:00+00:00,77.12,77.5,77.12,77.37,1772
2026-05-11T22:20:00+00:00,77.13,77.4,77.13,77.25,1007
2026-05-11T22:25:00+00:00,77.3,77.4,77.226,77.35,412
2026-05-11T22:30:00+00:00,77.3,77.37,77.141,77.37,733
2026-05-11T22:35:00+00:00,77.34,77.5,77.18,77.4,812
2026-05-11T22:40:00+00:00,77.412,77.86,77.21,77.34,2581
2026-05-11T22:45:00+00:00,77.5,77.6,77.28,77.36,99
2026-05-11T22:50:00+00:00,77.6,77.6,77.24,77.443,951
2026-05-11T22:55:00+00:00,77.26,77.45,77.202,77.35,1659
2026-05-11T23:00:00+00:00,77.34,77.6,77.18,77.57,125
2026-05-11T23:05:00+00:00,77.5,77.6,77.35,77.5,759
2026-05-11T23:10:00+00:00,77.452,77.8,77.4,77.4,881
2026-05-11T23:15:00+00:00,77.447,77.76,77.447,77.72,1417
2026-05-11T23:20:00+00:00,77.4,77.71,77.4,77.4,4709
2026-05-11T23:25:00+00:00,77.48,77.72,77.4,77.71,1326
2026-05-11T23:30:00+00:00,77.67,77.72,77.56,77.7,986
2026-05-11T23:35:00+00:00,77.72,77.75,77.579,77.75,889
2026-05-11T23:40:00+00:00,77.75,77.86,77.585,77.86,1406
2026-05-11T23:45:00+00:00,77.75,77.95,77.75,77.83,848
2026-05-11T23:50:00+00:00,77.771,77.9,77.77,77.819,1318
2026-05-11T23:55:00+00:00,77.819,77.993,77.77,77.993,1673
2026-05-12T08:00:00+00:00,74.02,76.55,74.02,76.23,18564
2026-05-12T08:05:00+00:00,76.1,76.49,75.58,76.22,836
2026-05-12T08:10:00+00:00,76.001,76.54,75.46,75.8,4012
2026-05-12T08:15:00+00:00,76.0,76.0,75.7,75.7,3104
2026-05-12T08:20:00+00:00,75.983,76.0,75.71,75.71,717
2026-05-12T08:25:00+00:00,75.751,76.2,75.71,76.1,820
2026-05-12T08:30:00+00:00,75.881,76.2,75.52,76.01,4523
2026-05-12T08:35:00+00:00,75.99,76.39,75.7,75.71,295
2026-05-12T08:40:00+00:00,76.36,76.36,75.71,76.0,331
2026-05-12T08:45:00+00:00,76.15,76.176,75.71,75.9,915
2026-05-12T08:50:00+00:00,75.95,76.14,75.731,75.765,513
2026-05-12T08:55:00+00:00,76.0,76.3,75.868,76.23,2874
2026-05-12T09:00:00+00:00,76.23,76.23,75.844,76.06,900
2026-05-12T09:05:00+00:00,76.05,76.39,76.0,76.1,625
2026-05-12T09:10:00+00:00,76.15,76.22,75.9,76.19,273
2026-05-12T09:15:00+00:00,76.19,76.369,76.17,76.2,194
2026-05-12T09:20:00+00:00,76.21,76.39,76.21,76.39,952
2026-05-12T09:25:00+00:00,76.65,76.65,76.192,76.402,209
2026-05-12T09:30:00+00:00,76.74,76.75,76.53,76.75,2274
2026-05-12T09:35:00+00:00,76.75,76.75,76.636,76.735,546
2026-05-12T09:40:00+00:00,76.74,76.74,76.6,76.74,172
2026-05-12T09:45:00+00:00,76.74,76.74,76.57,76.68,186
2026-05-12T09:50:00+00:00,76.68,76.75,76.41,76.54,2042
2026-05-12T09:55:00+00:00,76.55,76.735,76.381,76.52,1336
2026-05-12T10:00:00+00:00,76.67,76.722,76.394,76.64,265
2026-05-12T10:05:00+00:00,76.64,76.73,76.21,76.44,3089
2026-05-12T10:10:00+00:00,76.72,77.15,76.39,77.15,4777
2026-05-12T10:15:00+00:00,77.15,77.4,76.95,76.95,2478
2026-05-12T10:20:00+00:00,76.96,77.39,76.36,77.305,635
2026-05-12T10:25:00+00:00,77.285,77.285,76.7,76.72,450
2026-05-12T10:30:00+00:00,76.98,76.99,76.42,76.42,1070
2026-05-12T10:35:00+00:00,76.41,77.3,76.41,76.7,611
2026-05-12T10:40:00+00:00,76.69,76.865,76.5,76.7,1084
2026-05-12T10:45:00+00:00,76.7,76.7,76.16,76.28,1319
2026-05-12T10:50:00+00:00,76.3,76.315,76.29,76.31,1030
2026-05-12T10:55:00+00:00,76.31,76.6,76.31,76.6,627
2026-05-12T11:00:00+00:00,76.45,76.7,76.0,76.384,6697
2026-05-12T11:05:00+00:00,76.01,76.44,75.84,75.98,4486
2026-05-12T11:10:00+00:00,76.115,76.38,75.79,75.79,4699
2026-05-12T11:15:00+00:00,75.968,76.0,75.5,75.86,2713
2026-05-12T11:20:00+00:00,75.8,76.0,75.5,75.59,2550
2026-05-12T11:25:00+00:00,75.63,76.4,75.5,75.97,4290
2026-05-12T11:30:00+00:00,76.0,76.4,75.735,76.0,2955
2026-05-12T11:35:00+00:00,76.035,76.35,75.8,76.3,1811
2026-05-12T11:40:00+00:00,76.0,76.33,75.82,76.04,1179
2026-05-12T11:45:00+00:00,76.091,76.1,75.85,76.0,5580
2026-05-12T11:50:00+00:00,75.97,76.1,75.83,75.9,531
2026-05-12T11:55:00+00:00,75.85,75.97,75.78,75.845,1781
2026-05-12T12:00:00+00:00,75.85,75.85,75.62,75.7,2130
2026-05-12T12:05:00+00:00,75.71,75.81,75.511,75.7,4699
2026-05-12T12:10:00+00:00,75.66,75.8,75.507,75.73,4038
2026-05-12T12:15:00+00:00,75.71,75.8,75.25,75.27,15263
2026-05-12T12:20:00+00:00,75.28,75.49,74.81,75.1,6978
2026-05-12T12:25:00+00:00,75.06,75.4,75.05,75.384,3940
2026-05-12T12:30:00+00:00,75.39,76.1,74.81,76.0,8210
2026-05-12T12:35:00+00:00,76.0,76.25,75.52,76.17,7777
2026-05-12T12:40:00+00:00,76.17,76.17,75.515,75.7,2028
2026-05-12T12:45:00+00:00,75.73,76.25,75.71,76.184,2749
2026-05-12T12:50:00+00:00,76.16,76.88,76.1,76.85,8203
2026-05-12T12:55:00+00:00,76.65,76.87,76.3,76.67,3917
2026-05-12T13:00:00+00:00,76.64,76.85,76.45,76.5,8873
2026-05-12T13:05:00+00:00,76.38,76.85,76.13,76.5,2641
2026-05-12T13:10:00+00:00,76.5,76.685,76.25,76.324,6306
2026-05-12T13:15:00+00:00,76.35,76.55,76.1,76.15,4938
2026-05-12T13:20:00+00:00,76.15,76.55,76.1,76.35,2130
2026-05-12T13:25:00+00:00,76.12,76.535,75.44,75.66,2136
2026-05-12T13:30:00+00:00,75.73,76.68,74.882,75.65,197021
2026-05-12T13:35:00+00:00,75.54,75.94,74.95,75.59,209582
2026-05-12T13:40:00+00:00,75.63,76.22,75.18,75.3,149950
2026-05-12T13:45:00+00:00,75.34,76.59,75.294,75.405,146654
2026-05-12T13:50:00+00:00,75.33,75.343,74.61,74.89,137483
2026-05-12T13:55:00+00:00,74.968,75.005,73.7,73.88,190540
2026-05-12T14:00:00+00:00,73.92,74.752,73.71,74.74,123576
2026-05-12T14:05:00+00:00,74.74,75.55,74.67,75.395,125101
2026-05-12T14:10:00+00:00,75.42,75.65,74.83,75.56,82267
2026-05-12T14:15:00+00:00,75.58,75.75,74.495,74.55,144061
2026-05-12T14:20:00+00:00,74.5,74.71,74.0,74.3,116974
2026-05-12T14:25:00+00:00,74.35,74.52,73.45,73.66,154802
2026-05-12T14:30:00+00:00,73.69,73.78,72.68,73.0,138694
2026-05-12T14:35:00+00:00,73.04,73.81,72.6,73.68,127677
2026-05-12T14:40:00+00:00,73.645,73.8,73.08,73.26,55628
2026-05-12T14:45:00+00:00,73.22,73.22,72.38,72.53,97407
2026-05-12T14:50:00+00:00,72.4,72.74,71.91,72.68,90674
2026-05-12T14:55:00+00:00,72.68,72.805,72.06,72.27,110714
2026-05-12T15:00:00+00:00,72.27,72.48,71.84,72.093,94041
2026-05-12T15:05:00+00:00,72.095,72.517,71.86,72.47,63404
2026-05-12T15:10:00+00:00,72.461,72.47,71.61,71.639,76142
2026-05-12T15:15:00+00:00,71.6,71.67,71.04,71.4,168566
2026-05-12T15:20:00+00:00,71.44,71.55,70.75,70.78,117187
2026-05-12T15:25:00+00:00,70.75,71.08,70.63,70.719,119227
2026-05-12T15:30:00+00:00,70.73,71.68,70.705,71.68,102850
2026-05-12T15:35:00+00:00,71.65,72.15,71.4,72.105,112086
2026-05-12T15:40:00+00:00,72.12,72.27,71.6,72.04,88399
2026-05-12T15:45:00+00:00,72.08,72.3,71.78,71.815,60491
2026-05-12T15:50:00+00:00,71.815,71.89,71.25,71.3,55138
2026-05-12T15:55:00+00:00,71.25,71.32,70.805,70.85,56426
2026-05-12T16:00:00+00:00,70.85,71.63,70.74,71.54,75752
2026-05-12T16:05:00+00:00,71.46,71.69,71.414,71.54,70392
2026-05-12T16:10:00+00:00,71.579,72.04,71.54,71.91,52764
2026-05-12T16:15:00+00:00,71.937,72.18,71.62,71.79,82142
2026-05-12T16:20:00+00:00,71.82,72.15,71.8,71.92,30678
2026-05-12T16:25:00+00:00,71.98,72.075,71.71,71.79,51101
2026-05-12T16:30:00+00:00,71.815,71.91,71.31,71.5,54199
2026-05-12T16:35:00+00:00,71.475,71.68,71.264,71.28,47150
2026-05-12T16:40:00+00:00,71.22,71.53,70.92,71.08,46762
2026-05-12T16:45:00+00:00,71.04,71.139,70.75,70.815,50724
2026-05-12T16:50:00+00:00,70.84,70.98,70.3,70.61,103117
2026-05-12T16:55:00+00:00,70.62,70.88,70.55,70.77,79884
2026-05-12T17:00:00+00:00,70.84,71.4,70.84,71.261,66117
2026-05-12T17:05:00+00:00,71.265,71.61,71.25,71.55,64466
2026-05-12T17:10:00+00:00,71.555,72.0,71.522,71.99,77881
2026-05-12T17:15:00+00:00,72.0,72.425,71.985,72.299,117431
2026-05-12T17:20:00+00:00,72.29,72.655,72.11,72.52,117750
2026-05-12T17:25:00+00:00,72.526,72.75,72.13,72.659,55603
2026-05-12T17:30:00+00:00,72.64,73.16,72.61,73.05,84106
2026-05-12T17:35:00+00:00,73.04,73.12,72.84,72.92,53960
2026-05-12T17:40:00+00:00,72.93,72.94,72.26,72.53,81392
2026-05-12T17:45:00+00:00,72.555,72.564,72.15,72.495,49818
2026-05-12T17:50:00+00:00,72.53,72.56,72.16,72.315,61373
2026-05-12T17:55:00+00:00,72.34,72.57,72.21,72.535,39145
2026-05-12T18:00:00+00:00,72.515,73.2,72.515,73.18,48821
2026-05-12T18:05:00+00:00,73.19,73.32,73.05,73.15,46833
2026-05-12T18:10:00+00:00,73.15,73.66,73.15,73.63,89121
2026-05-12T18:15:00+00:00,73.62,73.76,73.44,73.64,71168
2026-05-12T18:20:00+00:00,73.625,73.823,73.442,73.48,35612
2026-05-12T18:25:00+00:00,73.49,73.729,73.42,73.601,82338
2026-05-12T18:30:00+00:00,73.63,74.19,73.63,74.05,91857
2026-05-12T18:35:00+00:00,74.04,74.329,73.785,73.985,92029
2026-05-12T18:40:00+00:00,73.99,74.12,73.84,73.84,50584
2026-05-12T18:45:00+00:00,73.805,73.81,73.325,73.539,99310
2026-05-12T18:50:00+00:00,73.51,73.64,73.37,73.395,69322
2026-05-12T18:55:00+00:00,73.46,73.92,73.01,73.02,82719
2026-05-12T19:00:00+00:00,73.09,73.33,73.055,73.14,51870
2026-05-12T19:05:00+00:00,73.16,73.66,73.11,73.53,58361
2026-05-12T19:10:00+00:00,73.53,73.85,73.5,73.5,59853
2026-05-12T19:15:00+00:00,73.495,73.56,73.285,73.285,56429
2026-05-12T19:20:00+00:00,73.29,73.443,73.21,73.38,53838
2026-05-12T19:25:00+00:00,73.37,73.52,73.0,73.0,89235
2026-05-12T19:30:00+00:00,73.02,73.9,73.02,73.83,89006
2026-05-12T19:35:00+00:00,73.87,74.1,73.81,73.92,98811
2026-05-12T19:40:00+00:00,73.925,73.965,73.601,73.705,121047
2026-05-12T19:45:00+00:00,73.69,73.69,73.29,73.55,148100
2026-05-12T19:50:00+00:00,73.57,73.965,73.5,73.84,216569
2026-05-12T19:55:00+00:00,73.83,73.895,73.255,73.63,287801
2026-05-12T20:00:00+00:00,73.63,74.96,73.63,73.68,46889
2026-05-12T20:05:00+00:00,73.68,73.819,71.2,72.1,88202
2026-05-12T20:10:00+00:00,72.141,76.36,72.06,73.69,152707
2026-05-12T20:15:00+00:00,74.0,74.0,71.85,72.04,50414
2026-05-12T20:20:00+00:00,72.072,72.74,71.5,71.505,44505
2026-05-12T20:25:00+00:00,71.41,73.6,71.35,73.05,29633
2026-05-12T20:30:00+00:00,73.11,73.39,72.6,73.015,20026
2026-05-12T20:35:00+00:00,73.16,73.36,72.96,73.18,11252
2026-05-12T20:40:00+00:00,73.137,73.6,73.06,73.151,10584
2026-05-12T20:45:00+00:00,73.16,73.2,72.4,72.786,15083
2026-05-12T20:50:00+00:00,72.83,73.11,72.5,73.109,8717
2026-05-12T20:55:00+00:00,73.01,73.4,72.96,73.145,9117
2026-05-12T21:00:00+00:00,73.29,75.0,73.05,74.73,23137
2026-05-12T21:05:00+00:00,75.0,75.0,72.6,73.5,44469
2026-05-12T21:10:00+00:00,73.49,73.49,73.0,73.0,6776
2026-05-12T21:15:00+00:00,73.14,73.4,72.65,73.1,10366
2026-05-12T21:20:00+00:00,73.15,73.19,72.65,72.7,9419
2026-05-12T21:25:00+00:00,72.8,72.88,72.6,72.7,6178
2026-05-12T21:30:00+00:00,72.786,72.86,72.05,72.21,16417
2026-05-12T21:35:00+00:00,72.39,72.46,72.05,72.15,381086
2026-05-12T21:40:00+00:00,72.257,72.257,71.51,71.75,17884
2026-05-12T21:45:00+00:00,71.825,72.415,71.815,72.11,5499
2026-05-12T21:50:00+00:00,72.01,72.3,71.8,71.81,6641
2026-05-12T21:55:00+00:00,71.957,72.0,71.5,71.67,11537
2026-05-12T22:00:00+00:00,71.67,72.5,71.67,72.49,9382
2026-05-12T22:05:00+00:00,72.49,72.49,72.14,72.276,7475
2026-05-12T22:10:00+00:00,72.287,72.45,72.28,72.398,2169
2026-05-12T22:15:00+00:00,72.35,72.49,72.2,72.24,4408
2026-05-12T22:20:00+00:00,72.06,72.37,72.05,72.32,2656
2026-05-12T22:25:00+00:00,72.32,72.49,72.11,72.479,4171
2026-05-12T22:30:00+00:00,72.42,72.48,72.32,72.32,1930
2026-05-12T22:35:00+00:00,72.369,72.75,72.06,72.15,3600
2026-05-12T22:40:00+00:00,72.22,72.3,72.05,72.052,3922
2026-05-12T22:45:00+00:00,72.02,72.11,71.75,71.982,4037
2026-05-12T22:50:00+00:00,71.86,72.24,71.86,72.13,5070
2026-05-12T22:55:00+00:00,72.12,72.22,72.01,72.127,1998
2026-05-12T23:00:00+00:00,72.07,72.113,71.85,71.85,1666
2026-05-12T23:05:00+00:00,71.87,72.1,71.65,71.7,2887
2026-05-12T23:10:00+00:00,71.61,71.797,71.52,71.67,6768
2026-05-12T23:15:00+00:00,71.57,72.01,71.55,71.798,1948
2026-05-12T23:20:00+00:00,71.7,71.8,71.65,71.75,1396
2026-05-12T23:25:00+00:00,71.75,71.86,71.681,71.7,2413
2026-05-12T23:30:00+00:00,71.7,71.86,71.65,71.65,2546
2026-05-12T23:35:00+00:00,71.645,71.68,71.36,71.4,6394
2026-05-12T23:40:00+00:00,71.36,71.43,71.25,71.25,3531
2026-05-12T23:45:00+00:00,71.279,71.9,71.24,71.4,4023
2026-05-12T23:50:00+00:00,71.674,71.9,71.5,71.8,4886
2026-05-12T23:55:00+00:00,71.8,71.8,71.3,71.499,7778
2026-05-13T08:00:00+00:00,73.99,74.47,72.87,74.465,26241
2026-05-13T08:05:00+00:00,74.15,74.47,73.27,74.375,3421
2026-05-13T08:10:00+00:00,74.37,74.928,74.22,74.69,4980
2026-05-13T08:15:00+00:00,74.65,74.98,74.51,74.68,3817
2026-05-13T08:20:00+00:00,74.525,74.92,74.52,74.81,4970
2026-05-13T08:25:00+00:00,74.736,75.1,74.736,75.07,5763
2026-05-13T08:30:00+00:00,75.0,75.4,74.95,75.32,1150
2026-05-13T08:35:00+00:00,75.4,75.4,74.947,75.06,3219
2026-05-13T08:40:00+00:00,75.063,75.29,74.955,75.16,2207
2026-05-13T08:45:00+00:00,75.08,75.16,74.9,74.94,3347
2026-05-13T08:50:00+00:00,74.94,75.139,74.94,74.95,1119
2026-05-13T08:55:00+00:00,74.95,75.263,74.88,75.128,1063
2026-05-13T09:00:00+00:00,75.12,75.262,75.12,75.23,1109
2026-05-13T09:05:00+00:00,75.23,75.243,75.0,75.114,1059
2026-05-13T09:10:00+00:00,75.12,75.12,74.94,75.0,1602
2026-05-13T09:15:00+00:00,74.943,75.1,74.94,75.08,186
2026-05-13T09:20:00+00:00,75.07,75.07,74.94,75.0,2578
2026-05-13T09:25:00+00:00,74.997,75.215,74.97,75.16,1474
2026-05-13T09:30:00+00:00,75.0,75.24,75.0,75.16,1045
2026-05-13T09:35:00+00:00,75.16,75.44,75.16,75.3,2639
2026-05-13T09:40:00+00:00,75.16,75.31,75.16,75.28,1367
2026-05-13T09:45:00+00:00,75.204,75.25,75.009,75.15,1279
2026-05-13T09:50:00+00:00,75.14,75.237,75.0,75.21,1188
2026-05-13T09:55:00+00:00,75.21,75.24,75.149,75.22,159
2026-05-13T10:00:00+00:00,75.2,75.22,75.0,75.0,1027
2026-05-13T10:05:00+00:00,75.0,75.05,74.94,74.94,533
2026-05-13T10:10:00+00:00,74.941,75.0,74.515,74.65,1499
2026-05-13T10:15:00+00:00,74.515,74.88,74.445,74.5,4060
2026-05-13T10:20:00+00:00,74.51,74.82,74.5,74.51,1608
2026-05-13T10:25:00+00:00,74.51,74.55,74.26,74.36,1124
2026-05-13T10:30:00+00:00,74.383,74.383,74.0,74.015,5136
2026-05-13T10:35:00+00:00,74.0,74.3,73.7,74.28,1443
2026-05-13T10:40:00+00:00,74.11,74.27,73.781,73.92,2549
2026-05-13T10:45:00+00:00,73.92,74.2,73.71,73.71,2709
2026-05-13T10:50:00+00:00,74.185,74.88,73.71,74.49,1783
2026-05-13T10:55:00+00:00,74.5,74.5,73.99,74.11,1458
2026-05-13T11:00:00+00:00,74.425,74.562,73.92,74.089,12073
2026-05-13T11:05:00+00:00,74.102,74.11,73.8,74.0,3833
2026-05-13T11:10:00+00:00,73.983,74.1,73.8,74.1,1798
2026-05-13T11:15:00+00:00,74.1,74.25,73.8,74.235,3006
2026-05-13T11:20:00+00:00,74.15,74.2,74.0,74.2,1462
2026-05-13T11:25:00+00:00,74.04,74.13,73.8,73.83,4905
2026-05-13T11:30:00+00:00,74.01,74.5,73.844,74.45,5195
2026-05-13T11:35:00+00:00,74.5,74.5,74.2,74.25,2080
2026-05-13T11:40:00+00:00,74.25,74.38,74.15,74.38,2958
2026-05-13T11:45:00+00:00,74.32,74.48,74.2,74.37,3996
2026-05-13T11:50:00+00:00,74.38,74.45,74.12,74.301,2266
2026-05-13T11:55:00+00:00,74.23,74.48,74.23,74.45,3610
2026-05-13T12:00:00+00:00,74.416,74.493,74.3,74.45,3409
2026-05-13T12:05:00+00:00,74.4,74.5,74.1,74.11,1986
2026-05-13T12:10:00+00:00,74.1,74.29,73.91,74.0,3557
2026-05-13T12:15:00+00:00,74.25,74.25,73.8,73.93,5665
2026-05-13T12:20:00+00:00,73.913,73.913,73.52,73.524,17240
2026-05-13T12:25:00+00:00,73.53,73.7,73.4,73.51,18182
2026-05-13T12:30:00+00:00,73.58,73.835,72.33,72.75,12020
2026-05-13T12:35:00+00:00,72.75,73.47,72.05,72.051,10845
2026-05-13T12:40:00+00:00,72.24,72.3,71.94,72.25,11453
2026-05-13T12:45:00+00:00,72.06,72.25,71.6,71.85,11044
2026-05-13T12:50:00+00:00,71.86,72.0,71.6,71.7,5256
2026-05-13T12:55:00+00:00,71.7,71.87,71.5,71.751,11721
2026-05-13T13:00:00+00:00,71.84,72.26,71.75,72.06,11349
2026-05-13T13:05:00+00:00,72.24,72.66,72.01,72.119,6538
2026-05-13T13:10:00+00:00,72.11,72.6,72.0,72.314,9275
2026-05-13T13:15:00+00:00,72.4,72.61,72.11,72.53,4100
2026-05-13T13:20:00+00:00,72.52,73.27,72.33,72.87,5627
2026-05-13T13:25:00+00:00,72.78,73.5,72.78,73.33,7959
2026-05-13T13:30:00+00:00,73.37,73.4,72.94,73.1,40820
2026-05-13T13:35:00+00:00,73.04,73.06,71.04,71.3,294380
2026-05-13T13:40:00+00:00,71.325,72.84,71.325,71.57,183339
2026-05-13T13:45:00+00:00,71.62,71.68,70.22,71.04,257838
2026-05-13T13:50:00+00:00,71.16,71.16,70.0,70.47,271833
2026-05-13T13:55:00+00:00,70.47,70.69,68.51,68.85,336469
2026-05-13T14:00:00+00:00,68.88,69.135,68.1,69.03,302414
2026-05-13T14:05:00+00:00,69.02,69.75,68.89,69.353,221151
2026-05-13T14:10:00+00:00,69.37,69.799,69.01,69.18,112681
2026-05-13T14:15:00+00:00,69.16,69.651,69.06,69.33,135828
2026-05-13T14:20:00+00:00,69.305,70.43,69.29,69.92,147376
2026-05-13T14:25:00+00:00,69.911,70.74,69.608,69.65,144374
2026-05-13T14:30:00+00:00,69.66,70.325,69.531,70.32,143559
2026-05-13T14:35:00+00:00,70.34,70.595,69.96,70.18,104239
2026-05-13T14:40:00+00:00,70.205,70.4,69.95,70.382,78534
2026-05-13T14:45:00+00:00,70.399,70.94,70.06,70.7,87640
2026-05-13T14:50:00+00:00,70.74,71.359,70.64,71.28,105145
2026-05-13T14:55:00+00:00,71.255,71.395,70.7,70.771,114651
2026-05-13T15:00:00+00:00,70.79,70.948,70.401,70.418,76509
2026-05-13T15:05:00+00:00,70.44,70.79,70.34,70.72,64548
2026-05-13T15:10:00+00:00,70.76,70.986,70.5,70.88,99505
2026-05-13T15:15:00+00:00,70.86,71.38,70.768,70.91,65892
2026-05-13T15:20:00+00:00,70.91,71.1,70.58,70.8,47078
2026-05-13T15:25:00+00:00,70.77,71.2,70.65,71.2,52989
2026-05-13T15:30:00+00:00,71.17,71.18,70.72,70.77,53640
2026-05-13T15:35:00+00:00,70.79,70.94,70.723,70.94,41587
2026-05-13T15:40:00+00:00,70.935,70.98,70.21,70.537,91109
2026-05-13T15:45:00+00:00,70.53,70.575,70.21,70.33,60054
2026-05-13T15:50:00+00:00,70.31,70.38,69.96,69.975,83448
2026-05-13T15:55:00+00:00,69.975,70.09,69.315,69.36,110855
2026-05-13T16:00:00+00:00,69.36,70.029,69.36,69.91,93742
2026-05-13T16:05:00+00:00,69.882,70.241,69.8,70.19,43893
2026-05-13T16:10:00+00:00,70.16,70.82,70.1,70.807,59867
2026-05-13T16:15:00+00:00,70.82,70.85,70.425,70.63,57408
2026-05-13T16:20:00+00:00,70.64,71.32,70.528,71.28,65304
2026-05-13T16:25:00+00:00,71.31,71.36,71.13,71.132,79348
2026-05-13T16:30:00+00:00,71.16,71.76,71.155,71.685,73960
2026-05-13T16:35:00+00:00,71.682,71.682,71.32,71.65,58822
2026-05-13T16:40:00+00:00,71.655,71.712,71.2,71.2,38406
2026-05-13T16:45:00+00:00,71.215,71.31,70.756,70.785,55999
2026-05-13T16:50:00+00:00,70.785,70.902,70.51,70.775,75793
2026-05-13T16:55:00+00:00,70.76,71.051,70.56,70.83,51501
2026-05-13T17:00:00+00:00,70.84,71.14,70.635,70.64,37973
2026-05-13T17:05:00+00:00,70.625,70.648,70.35,70.46,58822
2026-05-13T17:10:00+00:00,70.52,70.597,70.385,70.52,31417
2026-05-13T17:15:00+00:00,70.49,70.65,70.42,70.48,23747
2026-05-13T17:20:00+00:00,70.505,70.57,70.052,70.1,42346
2026-05-13T17:25:00+00:00,70.075,70.36,70.06,70.125,47976
2026-05-13T17:30:00+00:00,70.14,70.17,69.92,69.935,60042
2026-05-13T17:35:00+00:00,69.923,69.95,69.7,69.915,69860
2026-05-13T17:40:00+00:00,69.93,70.37,69.93,70.04,70112
2026-05-13T17:45:00+00:00,70.08,70.184,69.87,70.11,55149
2026-05-13T17:50:00+00:00,70.11,70.3,70.04,70.18,38162
2026-05-13T17:55:00+00:00,70.165,70.38,70.0,70.008,40868
2026-05-13T18:00:00+00:00,70.01,70.12,69.87,70.07,42372
2026-05-13T18:05:00+00:00,70.06,70.56,69.92,70.52,45319
2026-05-13T18:10:00+00:00,70.515,70.75,70.423,70.72,41860
2026-05-13T18:15:00+00:00,70.735,71.0,70.69,70.91,62806
2026-05-13T18:20:00+00:00,70.91,70.92,70.58,70.68,34477
2026-05-13T18:25:00+00:00,70.68,70.75,70.38,70.43,35622
2026-05-13T18:30:00+00:00,70.47,70.73,70.39,70.43,39423
2026-05-13T18:35:00+00:00,70.415,70.715,70.36,70.675,47355
2026-05-13T18:40:00+00:00,70.693,70.87,70.44,70.44,51318
2026-05-13T18:45:00+00:00,70.47,70.52,70.0,70.03,68122
2026-05-13T18:50:00+00:00,70.05,70.319,69.91,70.105,57783
2026-05-13T18:55:00+00:00,70.105,70.245,69.69,69.69,67752
2026-05-13T19:00:00+00:00,69.685,69.9,69.601,69.604,66463
2026-05-13T19:05:00+00:00,69.601,69.82,69.6,69.71,56392
2026-05-13T19:10:00+00:00,69.725,69.962,69.725,69.81,40885
2026-05-13T19:15:00+00:00,69.785,70.09,69.605,70.028,50417
2026-05-13T19:20:00+00:00,70.005,70.11,69.65,69.67,51624
2026-05-13T19:25:00+00:00,69.675,69.86,69.44,69.51,126154
2026-05-13T19:30:00+00:00,69.51,69.87,69.49,69.765,64604
2026-05-13T19:35:00+00:00,69.765,70.045,69.765,69.989,53070
2026-05-13T19:40:00+00:00,70.0,70.09,69.9,69.915,80297
2026-05-13T19:45:00+00:00,69.93,69.94,69.47,69.485,96797
2026-05-13T19:50:00+00:00,69.47,69.5,69.17,69.39,199146
2026-05-13T19:55:00+00:00,69.35,69.82,69.25,69.66,265117
2026-05-13T20:00:00+00:00,69.66,70.03,69.5,69.97,21574
2026-05-13T20:05:00+00:00,69.996,70.1,69.66,70.04,29519
2026-05-13T20:10:00+00:00,69.66,70.05,69.66,70.0,4874
2026-05-13T20:15:00+00:00,69.98,70.29,69.66,70.07,3041
2026-05-13T20:20:00+00:00,70.29,70.29,70.08,70.25,22030
2026-05-13T20:25:00+00:00,70.2,70.29,70.1,70.17,2408
2026-05-13T20:30:00+00:00,70.11,70.3,70.11,70.26,4264
2026-05-13T20:35:00+00:00,70.23,70.3,70.13,70.248,2178
2026-05-13T20:40:00+00:00,70.29,70.33,70.1,70.136,3014
2026-05-13T20:45:00+00:00,70.17,70.24,70.12,70.22,1974
2026-05-13T20:50:00+00:00,70.2,70.24,70.12,70.21,1536
2026-05-13T20:55:00+00:00,70.24,70.33,70.2,70.227,2090
2026-05-13T21:00:00+00:00,70.251,70.4,70.251,70.38,1883
2026-05-13T21:05:00+00:00,70.41,70.42,70.3,70.34,1277
2026-05-13T21:10:00+00:00,70.31,70.42,70.25,70.293,694
2026-05-13T21:15:00+00:00,70.29,70.3,70.2,70.219,1105
2026-05-13T21:20:00+00:00,70.25,70.3,68.9,69.18,48972
2026-05-13T21:25:00+00:00,69.4,70.42,69.018,69.2,19796
2026-05-13T21:30:00+00:00,69.49,70.24,69.2,70.24,6154
2026-05-13T21:35:00+00:00,70.2,70.66,69.51,69.81,22241
2026-05-13T21:40:00+00:00,69.58,69.81,69.55,69.707,2339
2026-05-13T21:45:00+00:00,69.748,69.748,69.55,69.7,2138
2026-05-13T21:50:00+00:00,69.7,69.7,69.56,69.67,2652
2026-05-13T21:55:00+00:00,69.66,69.67,69.56,69.57,1427
2026-05-13T22:00:00+00:00,69.56,69.708,69.56,69.708,6740
2026-05-13T22:05:00+00:00,69.66,70.3,69.66,69.93,2392
2026-05-13T22:10:00+00:00,69.93,69.93,69.7,69.82,3775
2026-05-13T22:15:00+00:00,69.82,69.88,69.6,69.8,8003
2026-05-13T22:20:00+00:00,69.7,69.8,69.6,69.6,2840
2026-05-13T22:25:00+00:00,69.8,69.8,69.6,69.699,1666
2026-05-13T22:30:00+00:00,69.68,69.8,69.6,69.722,5218
2026-05-13T22:35:00+00:00,69.73,69.77,69.6,69.731,3517
2026-05-13T22:40:00+00:00,69.75,69.75,69.55,69.55,5227
2026-05-13T22:45:00+00:00,69.56,69.685,69.1,69.15,3293
2026-05-13T22:50:00+00:00,69.28,69.29,69.07,69.19,3722
2026-05-13T22:55:00+00:00,69.12,69.2,69.0,69.08,4421
2026-05-13T23:00:00+00:00,69.1,69.19,69.06,69.09,1471
2026-05-13T23:05:00+00:00,69.09,69.65,69.09,69.65,4712
2026-05-13T23:10:00+00:00,69.276,69.65,69.22,69.31,790
2026-05-13T23:15:00+00:00,69.34,69.65,69.34,69.4,1304
2026-05-13T23:20:00+00:00,69.35,69.49,69.21,69.22,1515
2026-05-13T23:25:00+00:00,69.15,69.5,69.05,69.5,3067
2026-05-13T23:30:00+00:00,69.31,69.31,69.12,69.2,1703
2026-05-13T23:35:00+00:00,69.26,69.6,69.2,69.29,2699
2026-05-13T23:40:00+00:00,69.48,69.5,69.2,69.38,2375
2026-05-13T23:45:00+00:00,69.39,69.55,69.28,69.33,1445
2026-05-13T23:50:00+00:00,69.38,69.48,69.29,69.32,4222
2026-05-13T23:55:00+00:00,69.35,69.48,69.28,69.45,2617
2026-05-14T08:00:00+00:00,68.31,68.983,67.49,68.8,34820
2026-05-14T08:05:00+00:00,68.723,69.23,67.51,69.23,2697
2026-05-14T08:10:00+00:00,69.0,69.01,68.73,68.8,2399
2026-05-14T08:15:00+00:00,68.89,69.23,68.5,68.51,10932
2026-05-14T08:20:00+00:00,68.54,68.56,67.49,67.52,7715
2026-05-14T08:25:00+00:00,67.52,67.974,67.33,67.48,7191
2026-05-14T08:30:00+00:00,67.52,67.69,67.33,67.4,4590
2026-05-14T08:35:00+00:00,67.46,67.81,67.36,67.462,1315
2026-05-14T08:40:00+00:00,67.4,67.522,67.35,67.47,759
2026-05-14T08:45:00+00:00,67.43,68.0,67.4,67.42,2647
2026-05-14T08:50:00+00:00,67.43,67.66,67.4,67.42,2007
2026-05-14T08:55:00+00:00,67.57,67.79,67.4,67.51,1046
2026-05-14T09:00:00+00:00,67.5,67.79,67.413,67.57,1108
2026-05-14T09:05:00+00:00,67.74,67.777,67.42,67.42,2065
2026-05-14T09:10:00+00:00,67.43,67.66,67.36,67.66,4391
2026-05-14T09:15:00+00:00,67.4,67.65,67.4,67.52,1401
2026-05-14T09:20:00+00:00,67.5,67.7,67.307,67.5,4820
2026-05-14T09:25:00+00:00,67.4,67.66,67.32,67.39,997
2026-05-14T09:30:00+00:00,67.39,67.6,67.341,67.5,2211
2026-05-14T09:35:00+00:00,67.52,67.598,67.28,67.34,2420
2026-05-14T09:40:00+00:00,67.34,67.5,67.25,67.49,6243
2026-05-14T09:45:00+00:00,67.43,67.59,67.31,67.59,513
2026-05-14T09:50:00+00:00,67.59,67.98,67.3,67.5,17322
2026-05-14T09:55:00+00:00,67.5,67.82,67.5,67.6,910
2026-05-14T10:00:00+00:00,67.63,67.74,67.48,67.49,1254
2026-05-14T10:05:00+00:00,67.64,67.74,67.523,67.63,469
2026-05-14T10:10:00+00:00,67.67,67.83,67.5,67.65,4129
2026-05-14T10:15:00+00:00,67.514,67.75,67.5,67.742,655
2026-05-14T10:20:00+00:00,67.74,67.98,67.57,67.61,1199
2026-05-14T10:25:00+00:00,67.61,67.969,67.6,67.64,507
2026-05-14T10:30:00+00:00,67.61,67.72,67.49,67.5,416
2026-05-14T10:35:00+00:00,67.5,67.727,67.49,67.5,1139
2026-05-14T10:40:00+00:00,67.5,67.567,67.45,67.45,1044
2026-05-14T10:45:00+00:00,67.463,67.5,66.39,67.1,11984
2026-05-14T10:50:00+00:00,67.0,67.488,66.88,67.13,1622
2026-05-14T10:55:00+00:00,67.13,67.49,67.0,67.24,657
2026-05-14T11:00:00+00:00,67.49,67.49,67.12,67.4,14333
2026-05-14T11:05:00+00:00,67.33,67.49,67.3,67.4,4152
2026-05-14T11:10:00+00:00,67.41,67.8,67.4,67.64,8137
2026-05-14T11:15:00+00:00,67.64,67.7,67.33,67.4,2309
2026-05-14T11:20:00+00:00,67.4,67.49,67.14,67.19,3343
2026-05-14T11:25:00+00:00,67.3,67.3,67.1,67.21,2654
2026-05-14T11:30:00+00:00,67.214,67.473,67.2,67.2,1630
2026-05-14T11:35:00+00:00,67.16,67.35,67.16,67.16,827
2026-05-14T11:40:00+00:00,67.26,67.474,67.16,67.36,1877
2026-05-14T11:45:00+00:00,67.385,67.47,67.29,67.46,1442
2026-05-14T11:50:00+00:00,67.46,67.478,67.395,67.43,3763
2026-05-14T11:55:00+00:00,67.476,67.8,67.428,67.5,3788
2026-05-14T12:00:00+00:00,67.5,67.8,67.48,67.67,2464
2026-05-14T12:05:00+00:00,67.68,67.8,67.5,67.75,4058
2026-05-14T12:10:00+00:00,67.74,67.8,67.5,67.73,2611
2026-05-14T12:15:00+00:00,67.73,67.89,67.7,67.78,4130
2026-05-14T12:20:00+00:00,67.785,68.08,67.785,68.05,3818
2026-05-14T12:25:00+00:00,68.1,68.25,67.9,68.2,10380
2026-05-14T12:30:00+00:00,68.2,68.23,67.913,67.93,2801
2026-05-14T12:35:00+00:00,67.96,68.22,67.87,67.94,3499
2026-05-14T12:40:00+00:00,67.97,68.06,67.9,68.0,3039
2026-05-14T12:45:00+00:00,67.972,68.0,67.85,67.863,1883
2026-05-14T12:50:00+00:00,67.91,68.0,67.7,67.76,2044
2026-05-14T12:55:00+00:00,67.72,68.0,67.7,67.88,4242
2026-05-14T13:00:00+00:00,68.0,68.19,67.88,68.1,3884
2026-05-14T13:05:00+00:00,68.067,68.11,67.03,67.892,20487
2026-05-14T13:10:00+00:00,67.6,67.89,66.92,67.17,14193
2026-05-14T13:15:00+00:00,67.0,67.66,67.0,67.49,6266
2026-05-14T13:20:00+00:00,67.455,67.65,67.4,67.52,5179
2026-05-14T13:25:00+00:00,67.531,67.86,67.37,67.39,6447
2026-05-14T13:30:00+00:00,67.39,67.39,65.82,66.0,68091
2026-05-14T13:35:00+00:00,66.03,66.81,65.27,66.165,360468
2026-05-14T13:40:00+00:00,66.2,66.23,65.33,65.915,221722
2026-05-14T13:45:00+00:00,65.93,66.888,65.79,66.385,184919
2026-05-14T13:50:00+00:00,66.39,66.98,65.9,65.946,160611
2026-05-14T13:55:00+00:00,65.945,66.96,64.83,65.04,254563
2026-05-14T14:00:00+00:00,65.01,66.09,65.01,66.09,191327
2026-05-14T14:05:00+00:00,66.09,66.09,65.1,65.56,169019
2026-05-14T14:10:00+00:00,65.6,65.755,65.352,65.555,142928
2026-05-14T14:15:00+00:00,65.555,65.7,64.92,65.0,161809
2026-05-14T14:20:00+00:00,64.98,65.368,64.66,65.271,194048
2026-05-14T14:25:00+00:00,65.245,65.611,64.78,65.135,159441
2026-05-14T14:30:00+00:00,65.11,65.25,64.8,65.05,142235
2026-05-14T14:35:00+00:00,64.875,65.5,64.82,65.278,132817
2026-05-14T14:40:00+00:00,65.24,65.375,65.06,65.36,101405
2026-05-14T14:45:00+00:00,65.382,65.81,65.25,65.724,114593
2026-05-14T14:50:00+00:00,65.685,66.26,65.63,66.26,119287
2026-05-14T14:55:00+00:00,66.22,66.7,65.32,65.38,184235
2026-05-14T15:00:00+00:00,65.4,65.856,65.26,65.26,85841
2026-05-14T15:05:00+00:00,65.26,66.0,65.26,65.75,78067
2026-05-14T15:10:00+00:00,65.767,66.35,65.39,66.305,80745
2026-05-14T15:15:00+00:00,66.27,66.34,66.01,66.33,80704
2026-05-14T15:20:00+00:00,66.3,66.55,66.01,66.13,77090
2026-05-14T15:25:00+00:00,66.155,66.21,65.73,66.205,64329
2026-05-14T15:30:00+00:00,66.164,66.45,65.94,66.07,80793
2026-05-14T15:35:00+00:00,66.045,66.42,65.93,66.0,60882
2026-05-14T15:40:00+00:00,66.0,66.35,66.0,66.35,62877
2026-05-14T15:45:00+00:00,66.34,66.45,66.13,66.221,54031
2026-05-14T15:50:00+00:00,66.255,66.619,66.039,66.455,54382
2026-05-14T15:55:00+00:00,66.4,66.505,65.93,66.0,53321
2026-05-14T16:00:00+00:00,65.94,66.49,65.94,66.49,52812
2026-05-14T16:05:00+00:00,66.39,66.97,66.39,66.97,63855
2026-05-14T16:10:00+00:00,66.963,67.476,66.92,67.3,98031
2026-05-14T16:15:00+00:00,67.34,67.57,67.04,67.125,91468
2026-05-14T16:20:00+00:00,67.173,67.31,67.08,67.13,45162
2026-05-14T16:25:00+00:00,67.15,67.4,67.02,67.22,59429
2026-05-14T16:30:00+00:00,67.17,67.65,67.16,67.495,51239
2026-05-14T16:35:00+00:00,67.532,67.68,67.241,67.585,64706
2026-05-14T16:40:00+00:00,67.43,67.67,67.16,67.19,53671
2026-05-14T16:45:00+00:00,67.205,67.47,66.9,67.37,66923
2026-05-14T16:50:00+00:00,67.375,67.595,66.87,66.95,62970
2026-05-14T16:55:00+00:00,66.95,67.13,66.658,66.895,81901
2026-05-14T17:00:00+00:00,66.895,67.7,66.81,67.35,80176
2026-05-14T17:05:00+00:00,67.34,67.38,66.955,67.065,48573
2026-05-14T17:10:00+00:00,67.06,67.1,66.41,66.455,60219
2026-05-14T17:15:00+00:00,66.48,66.595,66.08,66.15,92386
2026-05-14T17:20:00+00:00,66.14,66.36,65.68,65.9,78551
2026-05-14T17:25:00+00:00,65.78,66.33,65.755,66.1,59318
2026-05-14T17:30:00+00:00,66.02,66.41,65.88,66.305,41367
2026-05-14T17:35:00+00:00,66.31,66.73,66.3,66.56,78267
2026-05-14T17:40:00+00:00,66.45,66.465,66.211,66.35,52160
2026-05-14T17:45:00+00:00,66.33,66.47,66.21,66.43,58976
2026-05-14T17:50:00+00:00,66.44,66.85,66.44,66.715,67423
2026-05-14T17:55:00+00:00,66.72,66.82,66.35,66.36,40291
2026-05-14T18:00:00+00:00,66.395,66.69,66.15,66.58,52181
2026-05-14T18:05:00+00:00,66.59,66.95,66.52,66.89,34699
2026-05-14T18:10:00+00:00,66.91,67.25,66.75,67.19,65331
2026-05-14T18:15:00+00:00,67.16,67.17,66.604,66.694,41621
2026-05-14T18:20:00+00:00,66.735,67.6,66.735,66.843,114131
2026-05-14T18:25:00+00:00,66.84,67.04,66.52,66.645,41113
2026-05-14T18:30:00+00:00,66.73,67.29,66.69,67.2,43575
2026-05-14T18:35:00+00:00,67.167,67.28,67.0,67.075,33101
2026-05-14T18:40:00+00:00,67.06,67.12,66.695,66.75,39379
2026-05-14T18:45:00+00:00,66.75,66.86,66.67,66.71,31209
2026-05-14T18:50:00+00:00,66.748,66.94,66.6,66.76,91234
2026-05-14T18:55:00+00:00,66.747,67.11,66.235,66.36,60137
2026-05-14T19:00:00+00:00,66.43,66.67,66.43,66.57,73786
2026-05-14T19:05:00+00:00,66.57,66.97,66.57,66.66,52237
2026-05-14T19:10:00+00:00,66.705,66.78,66.4,66.58,51746
2026-05-14T19:15:00+00:00,66.52,66.72,66.37,66.49,52367
2026-05-14T19:20:00+00:00,66.505,66.55,66.33,66.425,42450
2026-05-14T19:25:00+00:00,66.4,66.51,65.88,65.945,77808
2026-05-14T19:30:00+00:00,65.958,66.72,65.958,66.58,58687
2026-05-14T19:35:00+00:00,66.61,67.08,66.44,67.0,103130
2026-05-14T19:40:00+00:00,66.94,67.25,66.71,66.74,133205
2026-05-14T19:45:00+00:00,66.7,67.07,66.58,67.06,83643
2026-05-14T19:50:00+00:00,67.06,67.59,67.03,67.57,163582
2026-05-14T19:55:00+00:00,67.57,67.57,66.92,67.21,320122
2026-05-14T20:00:00+00:00,67.21,67.48,66.5,67.04,385619
2026-05-14T20:05:00+00:00,66.84,67.21,66.5,66.85,4101
2026-05-14T20:10:00+00:00,67.21,67.21,66.84,66.91,7381
2026-05-14T20:15:00+00:00,67.21,67.21,66.62,66.81,627
2026-05-14T20:20:00+00:00,67.0,67.0,66.71,66.968,23975
2026-05-14T20:25:00+00:00,66.81,67.0,66.73,66.881,1899
2026-05-14T20:30:00+00:00,66.8,67.0,66.8,66.82,4504
2026-05-14T20:35:00+00:00,66.95,66.96,66.82,66.95,839
2026-05-14T20:40:00+00:00,66.875,66.95,66.66,66.67,1769
2026-05-14T20:45:00+00:00,66.67,66.95,66.66,66.87,3334
2026-05-14T20:50:00+00:00,66.85,66.95,66.66,66.95,717
2026-05-14T20:55:00+00:00,66.87,66.95,66.66,66.95,339409
2026-05-14T21:00:00+00:00,66.94,66.95,66.698,66.95,3297
2026-05-14T21:05:00+00:00,66.87,66.88,66.7,66.8,1420
2026-05-14T21:10:00+00:00,66.69,66.94,66.6,66.9,1038
2026-05-14T21:15:00+00:00,66.9,66.94,66.8,66.899,1349
2026-05-14T21:20:00+00:00,66.88,66.94,66.8,66.94,586
2026-05-14T21:25:00+00:00,66.94,67.0,66.8,66.85,1482
2026-05-14T21:30:00+00:00,66.82,67.0,66.82,66.9,472
2026-05-14T21:35:00+00:00,66.8,67.03,66.8,67.03,148
2026-05-14T21:40:00+00:00,67.01,67.1,67.0,67.1,2520
2026-05-14T21:45:00+00:00,67.0,67.15,66.99,67.001,1932
2026-05-14T21:50:00+00:00,66.98,67.15,66.84,67.03,3202
2026-05-14T21:55:00+00:00,67.016,67.15,66.8,66.91,465
2026-05-14T22:00:00+00:00,67.1,67.1,66.8,66.8,427
2026-05-14T22:05:00+00:00,66.99,67.0,66.61,66.61,1646
2026-05-14T22:10:00+00:00,66.66,66.96,66.6,66.916,12297
2026-05-14T22:15:00+00:00,66.88,66.9,66.76,66.89,737
2026-05-14T22:20:00+00:00,66.9,66.9,66.78,66.79,1778
2026-05-14T22:25:00+00:00,66.85,66.91,66.7,66.77,347
2026-05-14T22:30:00+00:00,66.75,67.0,66.7,67.0,285
2026-05-14T22:35:00+00:00,66.9,67.09,66.802,67.0,714
2026-05-14T22:40:00+00:00,67.076,67.33,67.076,67.25,757
2026-05-14T22:45:00+00:00,67.25,67.33,67.043,67.23,1500
2026-05-14T22:50:00+00:00,67.28,67.48,67.25,67.28,238
2026-05-14T22:55:00+00:00,67.25,67.48,67.25,67.3,813
2026-05-14T23:00:00+00:00,67.42,67.441,67.3,67.35,1254
2026-05-14T23:05:00+00:00,67.339,67.39,67.26,67.35,968
2026-05-14T23:10:00+00:00,67.35,67.35,67.28,67.315,643
2026-05-14T23:15:00+00:00,67.349,67.48,67.28,67.35,1559
2026-05-14T23:20:00+00:00,67.29,67.43,67.28,67.35,219
2026-05-14T23:25:00+00:00,67.3,67.358,67.28,67.318,249
2026-05-14T23:30:00+00:00,67.43,67.43,67.3,67.3,719
2026-05-14T23:35:00+00:00,67.43,67.43,67.32,67.43,1008
2026-05-14T23:40:00+00:00,67.413,67.42,67.3,67.384,757
2026-05-14T23:45:00+00:00,67.37,67.4,67.25,67.25,601
2026-05-14T23:50:00+00:00,67.38,67.38,67.21,67.27,1430
2026-05-14T23:55:00+00:00,67.05,67.29,67.05,67.29,331
2026-05-15T08:00:00+00:00,66.37,66.47,64.67,65.31,34029
2026-05-15T08:05:00+00:00,65.32,65.5,65.07,65.17,3133
2026-05-15T08:10:00+00:00,65.091,66.31,64.67,65.1,4592
2026-05-15T08:15:00+00:00,65.27,65.3,64.99,65.06,2216
2026-05-15T08:20:00+00:00,65.07,65.287,65.0,65.28,1539
2026-05-15T08:25:00+00:00,65.15,65.17,64.94,64.949,951
2026-05-15T08:30:00+00:00,64.94,64.99,64.7,64.713,4184
2026-05-15T08:35:00+00:00,64.82,65.18,64.7,64.807,1289
2026-05-15T08:40:00+00:00,64.81,65.2,64.7,65.07,902
2026-05-15T08:45:00+00:00,65.08,65.249,64.89,65.0,905
2026-05-15T08:50:00+00:00,65.0,65.159,64.9,64.96,731
2026-05-15T08:55:00+00:00,64.88,65.161,64.8,64.8,2045
2026-05-15T09:00:00+00:00,64.97,65.0,64.8,64.8,295
2026-05-15T09:05:00+00:00,64.83,65.15,64.82,65.03,559
2026-05-15T09:10:00+00:00,64.91,65.15,64.8,64.84,1420
2026-05-15T09:15:00+00:00,65.0,65.0,64.7,64.7,1355
2026-05-15T09:20:00+00:00,64.713,64.87,64.68,64.74,2048
2026-05-15T09:25:00+00:00,64.71,64.9,64.678,64.9,472
2026-05-15T09:30:00+00:00,64.87,65.0,64.83,64.839,3128
2026-05-15T09:35:00+00:00,64.83,64.95,64.8,64.8,1636
2026-05-15T09:40:00+00:00,64.8,64.985,64.8,64.82,403
2026-05-15T09:45:00+00:00,64.81,64.937,64.66,64.8,825
2026-05-15T09:50:00+00:00,64.7,64.79,64.61,64.72,7553
2026-05-15T09:55:00+00:00,64.78,64.784,64.6,64.66,985
2026-05-15T10:00:00+00:00,64.627,64.741,64.57,64.6,1118
2026-05-15T10:05:00+00:00,64.57,64.79,64.57,64.583,785
2026-05-15T10:10:00+00:00,64.65,64.917,64.57,64.57,1167
2026-05-15T10:15:00+00:00,64.917,64.921,64.7,64.9,1277
2026-05-15T10:20:00+00:00,64.888,64.94,64.673,64.94,533
2026-05-15T10:25:00+00:00,64.84,65.1,64.8,64.98,455
2026-05-15T10:30:00+00:00,64.8,65.249,64.8,65.0,967
2026-05-15T10:35:00+00:00,65.0,65.01,64.98,64.98,104
2026-05-15T10:40:00+00:00,64.98,65.073,64.85,65.05,167
2026-05-15T10:45:00+00:00,65.05,65.39,65.01,65.35,1301
2026-05-15T10:50:00+00:00,65.35,65.45,65.16,65.16,295
2026-05-15T10:55:00+00:00,65.2,65.36,65.063,65.35,507
2026-05-15T11:00:00+00:00,65.205,65.35,65.0,65.23,6273
2026-05-15T11:05:00+00:00,65.279,65.279,65.04,65.16,2298
2026-05-15T11:10:00+00:00,65.06,65.5,65.06,65.5,1223
2026-05-15T11:15:00+00:00,65.5,65.59,65.1,65.487,1610
2026-05-15T11:20:00+00:00,65.4,65.51,65.22,65.35,824
2026-05-15T11:25:00+00:00,65.3,65.5,65.2,65.23,938
2026-05-15T11:30:00+00:00,65.5,65.5,65.1,65.3,2636
2026-05-15T11:35:00+00:00,65.37,65.5,65.098,65.15,3381
2026-05-15T11:40:00+00:00,65.15,65.48,65.1,65.2,1290
2026-05-15T11:45:00+00:00,65.142,65.48,65.1,65.17,811
2026-05-15T11:50:00+00:00,65.17,65.33,65.1,65.1,1102
2026-05-15T11:55:00+00:00,65.1,65.3,65.0,65.2,1844
2026-05-15T12:00:00+00:00,65.0,65.3,65.0,65.01,1247
2026-05-15T12:05:00+00:00,65.01,65.2,64.9,64.97,6588
2026-05-15T12:10:00+00:00,64.92,65.0,64.68,64.71,4097
2026-05-15T12:15:00+00:00,64.7,64.9,64.67,64.78,1587
2026-05-15T12:20:00+00:00,64.73,65.0,64.7,64.87,2488
2026-05-15T12:25:00+00:00,64.76,65.0,64.66,64.72,2743
2026-05-15T12:30:00+00:00,64.79,64.8,64.52,64.57,2434
2026-05-15T12:35:00+00:00,64.64,64.96,64.52,64.65,2973
2026-05-15T12:40:00+00:00,64.851,64.9,64.52,64.9,3547
2026-05-15T12:45:00+00:00,64.639,64.74,64.55,64.66,2128
2026-05-15T12:50:00+00:00,64.69,64.9,64.56,64.75,2186
2026-05-15T12:55:00+00:00,64.72,64.9,64.63,64.8,3329
2026-05-15T13:00:00+00:00,64.83,64.89,64.55,64.66,4967
2026-05-15T13:05:00+00:00,64.57,64.7,64.51,64.52,4216
2026-05-15T13:10:00+00:00,64.54,64.55,64.35,64.51,8900
2026-05-15T13:15:00+00:00,64.478,64.51,64.33,64.447,5932
2026-05-15T13:20:00+00:00,64.4,64.74,64.32,64.65,16016
2026-05-15T13:25:00+00:00,64.55,64.87,64.3,64.77,8234
2026-05-15T13:30:00+00:00,64.8,64.98,62.42,62.96,378876
2026-05-15T13:35:00+00:00,62.92,63.38,62.62,63.18,228066
2026-05-15T13:40:00+00:00,63.0,63.88,62.62,62.745,169749
2026-05-15T13:45:00+00:00,62.79,63.27,62.302,63.225,197786
2026-05-15T13:50:00+00:00,63.18,63.63,62.835,63.55,112968
2026-05-15T13:55:00+00:00,63.54,63.81,62.68,63.01,146784
2026-05-15T14:00:00+00:00,62.987,63.32,62.73,62.795,111757
2026-05-15T14:05:00+00:00,62.84,63.7,62.795,63.59,124106
2026-05-15T14:10:00+00:00,63.64,63.75,63.05,63.56,111037
2026-05-15T14:15:00+00:00,63.595,63.92,63.42,63.55,92471
2026-05-15T14:20:00+00:00,63.585,63.85,63.45,63.52,148395
2026-05-15T14:25:00+00:00,63.52,63.66,62.925,63.01,82720
2026-05-15T14:30:00+00:00,63.01,63.46,63.01,63.38,60359
2026-05-15T14:35:00+00:00,63.39,63.5,63.3,63.43,66561
2026-05-15T14:40:00+00:00,63.48,63.65,63.11,63.225,61226
2026-05-15T14:45:00+00:00,63.257,63.295,62.885,62.96,86323
2026-05-15T14:50:00+00:00,62.93,62.94,62.6,62.895,82507
2026-05-15T14:55:00+00:00,62.977,63.13,62.62,62.67,65466
2026-05-15T15:00:00+00:00,62.61,62.89,62.5,62.8,89999
2026-05-15T15:05:00+00:00,62.725,62.92,62.37,62.92,57550
2026-05-15T15:10:00+00:00,62.915,62.959,62.54,62.65,51891
2026-05-15T15:15:00+00:00,62.69,62.73,62.38,62.47,116194
2026-05-15T15:20:00+00:00,62.54,62.88,62.54,62.685,51422
2026-05-15T15:25:00+00:00,62.675,62.89,62.545,62.73,41881
2026-05-15T15:30:00+00:00,62.79,63.09,62.76,62.76,36859
2026-05-15T15:35:00+00:00,62.805,62.97,62.67,62.945,53569
2026-05-15T15:40:00+00:00,62.86,62.86,62.603,62.64,42976
2026-05-15T15:45:00+00:00,62.655,62.86,62.55,62.655,40121
2026-05-15T15:50:00+00:00,62.61,62.63,62.3,62.41,75588
2026-05-15T15:55:00+00:00,62.31,62.488,62.031,62.223,112426
2026-05-15T16:00:00+00:00,62.28,62.305,61.91,62.12,106100
2026-05-15T16:05:00+00:00,62.135,62.145,61.935,62.12,64257
2026-05-15T16:10:00+00:00,62.115,62.18,61.875,62.16,50567
2026-05-15T16:15:00+00:00,62.165,62.19,61.835,61.965,59820
2026-05-15T16:20:00+00:00,61.94,62.11,61.87,62.075,42543
2026-05-15T16:25:00+00:00,62.058,62.13,61.82,61.9,53926
2026-05-15T16:30:00+00:00,61.895,62.09,61.895,62.0,38884
2026-05-15T16:35:00+00:00,62.018,62.27,61.91,62.14,52433
2026-05-15T16:40:00+00:00,62.18,62.24,62.0,62.2,27130
2026-05-15T16:45:00+00:00,62.2,62.2,61.953,62.09,27310
2026-05-15T16:50:00+00:00,62.09,62.12,61.87,61.96,51937
2026-05-15T16:55:00+00:00,61.965,62.06,61.73,61.81,57234
2026-05-15T17:00:00+00:00,61.82,61.999,61.77,61.885,36054
2026-05-15T17:05:00+00:00,61.84,62.27,61.8,62.26,41149
2026-05-15T17:10:00+00:00,62.255,62.438,62.05,62.4,50460
2026-05-15T17:15:00+00:00,62.44,62.469,62.2,62.27,35608
2026-05-15T17:20:00+00:00,62.369,62.72,62.3,62.645,74930
2026-05-15T17:25:00+00:00,62.65,62.7,62.52,62.59,34897
2026-05-15T17:30:00+00:00,62.65,62.783,62.63,62.66,43123
2026-05-15T17:35:00+00:00,62.71,62.81,62.595,62.67,33099
2026-05-15T17:40:00+00:00,62.66,62.718,62.51,62.615,34965
2026-05-15T17:45:00+00:00,62.64,62.68,62.35,62.4,25322
2026-05-15T17:50:00+00:00,62.388,62.7,62.388,62.7,25582
2026-05-15T17:55:00+00:00,62.706,63.0,62.7,62.85,41108
2026-05-15T18:00:00+00:00,62.85,62.98,62.8,62.92,39453
2026-05-15T18:05:00+00:00,62.897,62.96,62.7,62.755,39957
2026-05-15T18:10:00+00:00,62.745,62.965,62.735,62.84,33895
2026-05-15T18:15:00+00:00,62.83,62.93,62.55,62.55,35594
2026-05-15T18:20:00+00:00,62.6,62.89,62.55,62.757,42815
2026-05-15T18:25:00+00:00,62.72,62.825,62.375,62.41,36200
2026-05-15T18:30:00+00:00,62.43,62.55,62.3,62.42,39210
2026-05-15T18:35:00+00:00,62.42,62.74,62.36,62.71,42725
2026-05-15T18:40:00+00:00,62.73,62.82,62.5,62.82,31909
2026-05-15T18:45:00+00:00,62.85,62.85,62.58,62.785,23401
2026-05-15T18:50:00+00:00,62.805,62.97,62.73,62.925,42860
2026-05-15T18:55:00+00:00,62.94,63.08,62.44,62.485,55943
2026-05-15T19:00:00+00:00,62.485,62.69,62.35,62.35,48885
2026-05-15T19:05:00+00:00,62.36,62.55,62.3,62.54,38140
2026-05-15T19:10:00+00:00,62.5,62.95,62.48,62.73,51811
2026-05-15T19:15:00+00:00,62.76,63.0,62.68,62.85,50020
2026-05-15T19:20:00+00:00,62.86,63.04,62.62,62.64,76621
2026-05-15T19:25:00+00:00,62.64,62.745,62.59,62.63,49751
2026-05-15T19:30:00+00:00,62.658,62.9,62.55,62.67,64419
2026-05-15T19:35:00+00:00,62.675,62.95,62.56,62.785,92960
2026-05-15T19:40:00+00:00,62.785,62.88,62.4,62.43,88184
2026-05-15T19:45:00+00:00,62.43,62.48,62.23,62.43,134380
2026-05-15T19:50:00+00:00,62.43,62.71,62.33,62.54,132518
2026-05-15T19:55:00+00:00,62.55,62.56,62.2,62.25,338872
2026-05-15T20:00:00+00:00,62.28,62.75,62.19,62.25,242661
2026-05-15T20:05:00+00:00,62.18,62.25,61.86,61.878,36689
2026-05-15T20:10:00+00:00,61.97,62.25,61.78,62.14,3633
2026-05-15T20:15:00+00:00,62.16,62.25,61.9,62.061,3115
2026-05-15T20:20:00+00:00,62.05,62.14,62.008,62.12,984
2026-05-15T20:25:00+00:00,62.13,62.14,61.9,61.997,1048
2026-05-15T20:30:00+00:00,62.1,62.139,61.91,62.111,687
2026-05-15T20:35:00+00:00,62.07,62.14,62.0,62.14,2539
2026-05-15T20:40:00+00:00,62.14,62.14,62.018,62.07,1261
2026-05-15T20:45:00+00:00,62.06,62.14,62.0,62.1,472
2026-05-15T20:50:00+00:00,62.1,62.14,62.03,62.14,2620
2026-05-15T20:55:00+00:00,62.13,62.14,61.959,61.959,5370
2026-05-15T21:00:00+00:00,61.969,62.14,61.9,62.14,1529
2026-05-15T21:05:00+00:00,62.087,62.16,62.0,62.0,1030
2026-05-15T21:10:00+00:00,62.08,62.16,62.0,62.0,200
2026-05-15T21:15:00+00:00,62.04,62.16,61.97,62.07,1345
2026-05-15T21:20:00+00:00,62.0,62.0,61.9,61.97,389
2026-05-15T21:25:00+00:00,61.98,62.04,61.935,62.04,667
2026-05-15T21:30:00+00:00,62.04,62.06,61.96,61.97,811
2026-05-15T21:35:00+00:00,61.96,62.03,61.95,62.0,1976
2026-05-15T21:40:00+00:00,61.99,62.07,61.97,62.05,1217
2026-05-15T21:45:00+00:00,62.0,62.07,61.99,62.035,197
2026-05-15T21:50:00+00:00,62.04,62.04,61.92,61.92,4577
2026-05-15T21:55:00+00:00,61.91,62.04,61.91,61.98,566
2026-05-15T22:00:00+00:00,62.0,62.0,61.93,61.948,313
2026-05-15T22:05:00+00:00,61.937,62.04,61.91,61.98,874
2026-05-15T22:10:00+00:00,61.96,62.04,61.96,62.03,998
2026-05-15T22:15:00+00:00,62.026,62.03,61.91,61.96,1157
2026-05-15T22:20:00+00:00,61.91,61.96,61.9,61.95,556
2026-05-15T22:25:00+00:00,61.95,61.95,61.89,61.89,532
2026-05-15T22:30:00+00:00,61.9,61.99,61.898,61.99,2612
2026-05-15T22:35:00+00:00,61.9,62.0,61.9,61.98,166
2026-05-15T22:40:00+00:00,61.96,62.0,61.9,61.98,1103
2026-05-15T22:45:00+00:00,61.98,62.0,61.9,61.955,2352
2026-05-15T22:50:00+00:00,61.91,62.0,61.91,61.93,532
2026-05-15T22:55:00+00:00,62.0,62.0,61.9,61.92,250
2026-05-15T23:00:00+00:00,61.987,62.0,61.93,61.993,806
2026-05-15T23:05:00+00:00,61.97,61.97,61.9,61.95,502
2026-05-15T23:10:00+00:00,61.93,61.95,61.92,61.92,1677
2026-05-15T23:15:00+00:00,61.95,61.95,61.92,61.94,589
2026-05-15T23:20:00+00:00,61.946,61.95,61.92,61.95,1476
2026-05-15T23:25:00+00:00,61.95,61.95,61.81,61.87,3203
2026-05-15T23:30:00+00:00,61.92,61.92,61.81,61.87,1533
2026-05-15T23:35:00+00:00,61.85,61.95,61.81,61.94,468
2026-05-15T23:40:00+00:00,61.831,61.95,61.81,61.92,1369
2026-05-15T23:45:00+00:00,61.91,61.92,61.85,61.859,6576
2026-05-15T23:50:00+00:00,61.86,61.92,61.7,61.71,3899
2026-05-15T23:55:00+00:00,61.75,61.8,61.71,61.75,2535
2026-05-18T08:00:00+00:00,61.6,61.64,60.94,61.63,9965
2026-05-18T08:05:00+00:00,61.63,61.99,60.94,61.77,4151
2026-05-18T08:10:00+00:00,61.77,61.9,61.65,61.9,1140
2026-05-18T08:15:00+00:00,61.79,61.96,61.66,61.79,1381
2026-05-18T08:20:00+00:00,61.65,62.0,61.65,62.0,831
2026-05-18T08:25:00+00:00,62.2,62.5,62.014,62.4,1479
2026-05-18T08:30:00+00:00,62.48,62.7,62.01,62.638,3215
2026-05-18T08:35:00+00:00,62.63,62.75,62.29,62.41,1083
2026-05-18T08:40:00+00:00,62.328,62.43,62.01,62.108,1091
2026-05-18T08:45:00+00:00,62.11,62.62,62.01,62.33,959
2026-05-18T08:50:00+00:00,62.33,62.85,62.3,62.698,861
2026-05-18T08:55:00+00:00,62.65,62.75,62.6,62.64,1005
2026-05-18T09:00:00+00:00,62.7,62.7,62.309,62.7,587
2026-05-18T09:05:00+00:00,62.4,62.7,62.29,62.293,1570
2026-05-18T09:10:00+00:00,62.32,62.5,62.12,62.5,728
2026-05-18T09:15:00+00:00,62.37,62.4,62.12,62.17,1524
2026-05-18T09:20:00+00:00,62.1,62.38,62.1,62.12,253
2026-05-18T09:25:00+00:00,62.03,62.15,62.03,62.042,170
2026-05-18T09:30:00+00:00,62.2,62.4,62.15,62.388,441
2026-05-18T09:35:00+00:00,62.3,62.4,62.112,62.3,616
2026-05-18T09:40:00+00:00,62.383,62.4,62.25,62.36,5405
2026-05-18T09:45:00+00:00,62.39,62.4,62.162,62.39,959
2026-05-18T09:50:00+00:00,62.39,62.4,62.18,62.18,772
2026-05-18T09:55:00+00:00,62.23,62.39,62.05,62.24,1236
2026-05-18T10:00:00+00:00,62.235,62.235,61.912,61.912,539
2026-05-18T10:05:00+00:00,61.91,62.116,61.66,61.76,1439
2026-05-18T10:10:00+00:00,61.8,61.96,61.709,61.882,357
2026-05-18T10:15:00+00:00,61.96,62.381,61.88,61.91,661
2026-05-18T10:20:00+00:00,62.17,62.4,61.71,61.71,136
2026-05-18T10:25:00+00:00,62.189,62.189,61.903,61.903,438
2026-05-18T10:30:00+00:00,62.05,62.1,61.71,62.1,235
2026-05-18T10:35:00+00:00,61.95,62.188,61.67,62.0,179
2026-05-18T10:40:00+00:00,62.0,62.0,61.65,61.67,98
2026-05-18T10:45:00+00:00,61.67,61.82,61.65,61.65,320
2026-05-18T10:50:00+00:00,61.8,62.193,61.69,62.193,161
2026-05-18T10:55:00+00:00,61.86,61.88,61.8,61.81,164
2026-05-18T11:00:00+00:00,61.82,62.0,61.11,61.5,51388
2026-05-18T11:05:00+00:00,61.5,61.64,61.11,61.56,355
2026-05-18T11:10:00+00:00,61.56,61.65,61.12,61.3,6745
2026-05-18T11:15:00+00:00,61.311,61.542,61.21,61.49,603
2026-05-18T11:20:00+00:00,61.49,61.58,61.21,61.5,461
2026-05-18T11:25:00+00:00,61.59,61.59,61.21,61.5,1164
2026-05-18T11:30:00+00:00,61.5,61.943,61.3,61.75,610
2026-05-18T11:35:00+00:00,61.72,62.01,61.38,62.0,17188
2026-05-18T11:40:00+00:00,62.12,62.59,61.995,62.3,1229
2026-05-18T11:45:00+00:00,62.29,62.45,61.73,61.98,1655
2026-05-18T11:50:00+00:00,61.994,62.39,61.8,62.21,665
2026-05-18T11:55:00+00:00,62.18,62.25,61.81,62.04,510
2026-05-18T12:00:00+00:00,62.05,62.25,62.0,62.24,364
2026-05-18T12:05:00+00:00,62.13,62.2,62.0,62.1,1481
2026-05-18T12:10:00+00:00,62.1,62.2,61.85,62.188,2487
2026-05-18T12:15:00+00:00,62.14,62.2,61.8,61.81,1174
2026-05-18T12:20:00+00:00,62.1,62.19,61.897,62.178,1636
2026-05-18T12:25:00+00:00,62.02,62.19,61.9,62.17,1322
2026-05-18T12:30:00+00:00,62.0,62.21,61.852,62.21,4601
2026-05-18T12:35:00+00:00,62.23,62.4,62.15,62.291,2560
2026-05-18T12:40:00+00:00,62.36,62.75,62.22,62.67,4588
2026-05-18T12:45:00+00:00,62.67,62.98,62.62,62.93,9232
2026-05-18T12:50:00+00:00,62.925,62.98,62.62,62.88,18230
2026-05-18T12:55:00+00:00,62.97,63.02,62.843,62.848,6646
2026-05-18T13:00:00+00:00,62.963,63.0,62.51,62.7,4217
2026-05-18T13:05:00+00:00,62.8,62.96,62.58,62.874,2341
2026-05-18T13:10:00+00:00,62.88,62.9,62.58,62.75,7263
2026-05-18T13:15:00+00:00,62.74,62.8,62.55,62.55,9672
2026-05-18T13:20:00+00:00,62.66,62.9,62.4,62.75,14474
2026-05-18T13:25:00+00:00,62.89,62.9,62.3,62.3,2658
2026-05-18T13:30:00+00:00,62.45,62.45,60.61,60.62,180097
2026-05-18T13:35:00+00:00,60.61,60.88,59.36,59.425,273583
2026-05-18T13:40:00+00:00,59.55,59.852,58.75,58.823,204357
2026-05-18T13:45:00+00:00,58.795,59.99,58.78,59.35,188162
2026-05-18T13:50:00+00:00,59.38,60.55,59.31,60.1,162163
2026-05-18T13:55:00+00:00,60.05,60.21,59.22,59.39,147035
2026-05-18T14:00:00+00:00,59.395,59.4,58.665,58.89,257766
2026-05-18T14:05:00+00:00,58.95,59.776,58.8,59.706,136422
2026-05-18T14:10:00+00:00,59.66,59.98,59.45,59.75,81865
2026-05-18T14:15:00+00:00,59.685,60.1,59.36,59.525,145560
2026-05-18T14:20:00+00:00,59.54,59.7,59.23,59.31,55482
2026-05-18T14:25:00+00:00,59.225,59.392,58.92,59.035,81458
2026-05-18T14:30:00+00:00,59.035,59.11,58.28,58.385,168809
2026-05-18T14:35:00+00:00,58.375,58.89,57.88,58.82,239510
2026-05-18T14:40:00+00:00,58.796,59.09,58.485,58.89,130137
2026-05-18T14:45:00+00:00,58.945,59.0,58.35,58.5,78226
2026-05-18T14:50:00+00:00,58.52,58.89,58.25,58.28,87007
2026-05-18T14:55:00+00:00,58.24,58.63,58.21,58.35,176627
2026-05-18T15:00:00+00:00,58.37,58.42,58.0,58.26,171200
2026-05-18T15:05:00+00:00,58.26,58.33,57.55,57.598,241326
2026-05-18T15:10:00+00:00,57.55,58.06,57.5,57.925,116605
2026-05-18T15:15:00+00:00,57.91,58.03,57.52,57.565,88021
2026-05-18T15:20:00+00:00,57.564,57.875,57.52,57.82,97751
2026-05-18T15:25:00+00:00,57.825,58.089,57.635,57.666,71848
2026-05-18T15:30:00+00:00,57.602,57.95,57.58,57.87,62185
2026-05-18T15:35:00+00:00,57.875,58.33,57.75,58.0,100237
2026-05-18T15:40:00+00:00,57.955,58.11,57.781,57.87,42771
2026-05-18T15:45:00+00:00,57.835,57.985,57.74,57.85,53420
2026-05-18T15:50:00+00:00,57.85,57.85,57.55,57.73,69275
2026-05-18T15:55:00+00:00,57.735,57.965,57.65,57.72,52061
2026-05-18T16:00:00+00:00,57.65,57.69,57.5,57.525,51629
2026-05-18T16:05:00+00:00,57.545,57.59,57.42,57.54,48350
2026-05-18T16:10:00+00:00,57.529,57.84,57.461,57.789,43030
2026-05-18T16:15:00+00:00,57.85,57.91,57.78,57.84,23122
2026-05-18T16:20:00+00:00,57.88,58.1,57.541,57.652,39375
2026-05-18T16:25:00+00:00,57.6,57.64,57.15,57.2,50404
2026-05-18T16:30:00+00:00,57.2,57.54,57.1,57.35,40963
2026-05-18T16:35:00+00:00,57.28,57.51,57.26,57.27,37645
2026-05-18T16:40:00+00:00,57.23,57.38,57.23,57.36,36312
2026-05-18T16:45:00+00:00,57.376,57.419,57.25,57.36,22970
2026-05-18T16:50:00+00:00,57.4,57.8,57.32,57.75,37953
2026-05-18T16:55:00+00:00,57.78,57.98,57.67,57.85,39427
2026-05-18T17:00:00+00:00,57.88,57.88,57.62,57.678,30240
2026-05-18T17:05:00+00:00,57.71,57.99,57.71,57.81,37688
2026-05-18T17:10:00+00:00,57.81,57.86,57.6,57.613,29134
2026-05-18T17:15:00+00:00,57.625,57.72,57.57,57.6,21227
2026-05-18T17:20:00+00:00,57.62,57.62,57.31,57.348,31032
2026-05-18T17:25:00+00:00,57.35,57.5,57.3,57.49,42891
2026-05-18T17:30:00+00:00,57.43,57.51,57.24,57.4,27329
2026-05-18T17:35:00+00:00,57.44,57.44,57.17,57.27,25364
2026-05-18T17:40:00+00:00,57.275,57.48,57.225,57.45,32862
2026-05-18T17:45:00+00:00,57.445,57.48,57.28,57.31,22767
2026-05-18T17:50:00+00:00,57.31,57.495,57.25,57.448,22922
2026-05-18T17:55:00+00:00,57.37,57.66,57.35,57.465,32639
2026-05-18T18:00:00+00:00,57.465,57.55,57.25,57.37,35124
2026-05-18T18:05:00+00:00,57.37,57.504,57.28,57.435,39767
2026-05-18T18:10:00+00:00,57.435,57.57,57.341,57.41,44834
2026-05-18T18:15:00+00:00,57.4,57.45,57.16,57.219,43621
2026-05-18T18:20:00+00:00,57.229,57.29,57.12,57.275,41614
2026-05-18T18:25:00+00:00,57.265,57.3,56.94,57.13,78771
2026-05-18T18:30:00+00:00,57.09,57.4,57.09,57.26,42069
2026-05-18T18:35:00+00:00,57.29,57.328,57.1,57.135,31297
2026-05-18T18:40:00+00:00,57.069,57.23,57.012,57.22,25011
2026-05-18T18:45:00+00:00,57.25,57.36,56.878,56.925,40489
2026-05-18T18:50:00+00:00,56.925,57.11,56.85,56.86,48998
2026-05-18T18:55:00+00:00,56.84,57.09,56.8,57.07,47870
2026-05-18T19:00:00+00:00,57.028,58.29,57.0,57.84,89896
2026-05-18T19:05:00+00:00,57.86,58.1,57.4,57.69,106019
2026-05-18T19:10:00+00:00,57.73,58.07,57.624,57.785,57388
2026-05-18T19:15:00+00:00,57.785,57.97,57.71,57.933,56297
2026-05-18T19:20:00+00:00,57.905,58.165,57.84,57.905,65618
2026-05-18T19:25:00+00:00,57.905,57.93,57.58,57.87,50427
2026-05-18T19:30:00+00:00,57.91,58.17,57.75,58.09,50951
2026-05-18T19:35:00+00:00,58.11,58.44,58.09,58.3,71599
2026-05-18T19:40:00+00:00,58.37,58.55,58.16,58.475,95876
2026-05-18T19:45:00+00:00,58.52,58.97,58.49,58.88,113365
2026-05-18T19:50:00+00:00,58.88,59.0,58.81,58.94,124371
2026-05-18T19:55:00+00:00,58.9,58.917,58.53,58.56,305066
2026-05-18T20:00:00+00:00,58.56,58.74,58.13,58.26,414652
2026-05-18T20:05:00+00:00,58.23,58.6,57.5,58.387,44962
2026-05-18T20:10:00+00:00,58.05,58.56,58.05,58.49,558
2026-05-18T20:15:00+00:00,58.44,58.5,58.2,58.35,1445
2026-05-18T20:20:00+00:00,58.27,58.35,58.2,58.251,556
2026-05-18T20:25:00+00:00,58.287,58.35,58.15,58.28,2050
2026-05-18T20:30:00+00:00,58.17,58.3,58.17,58.3,811
2026-05-18T20:35:00+00:00,58.3,58.3,58.17,58.17,984
2026-05-18T20:40:00+00:00,58.23,58.3,58.187,58.3,904
2026-05-18T20:45:00+00:00,58.298,58.56,58.2,58.29,1818
2026-05-18T20:50:00+00:00,58.29,58.29,58.17,58.28,646
2026-05-18T20:55:00+00:00,58.25,58.49,58.17,58.21,996
2026-05-18T21:00:00+00:00,58.3,58.3,58.17,58.29,584
2026-05-18T21:05:00+00:00,58.3,58.3,58.24,58.3,295
2026-05-18T21:10:00+00:00,58.3,58.3,58.0,58.137,457
2026-05-18T21:15:00+00:00,58.22,58.3,58.0,58.28,865
2026-05-18T21:20:00+00:00,58.3,58.3,58.0,58.3,262
2026-05-18T21:25:00+00:00,58.38,58.38,58.21,58.31,1274
2026-05-18T21:30:00+00:00,58.57,58.589,58.16,58.444,400
2026-05-18T21:35:00+00:00,58.57,58.57,58.21,58.52,135
2026-05-18T21:40:00+00:00,58.42,58.56,58.3,58.43,1741
2026-05-18T21:45:00+00:00,58.371,58.5,58.3,58.49,304
2026-05-18T21:50:00+00:00,58.5,58.5,58.45,58.49,1649
2026-05-18T21:55:00+00:00,58.472,58.5,58.32,58.32,930
2026-05-18T22:00:00+00:00,58.477,58.5,58.4,58.457,1850
2026-05-18T22:05:00+00:00,58.5,58.7,58.5,58.64,582
2026-05-18T22:10:00+00:00,58.75,58.9,58.6,58.8,2585
2026-05-18T22:15:00+00:00,58.85,58.85,58.6,58.63,405
2026-05-18T22:20:00+00:00,58.79,58.85,58.6,58.602,1977
2026-05-18T22:25:00+00:00,58.7,58.85,58.6,58.607,791
2026-05-18T22:30:00+00:00,58.77,58.78,58.6,58.78,840
2026-05-18T22:35:00+00:00,58.76,58.85,58.6,58.78,5546
2026-05-18T22:40:00+00:00,58.85,58.85,58.76,58.82,2857
2026-05-18T22:45:00+00:00,58.796,58.8,58.7,58.76,717
2026-05-18T22:50:00+00:00,58.76,58.78,58.69,58.77,1030
2026-05-18T22:55:00+00:00,58.76,58.9,58.76,58.89,456
2026-05-18T23:00:00+00:00,58.81,58.99,58.69,58.951,1765
2026-05-18T23:05:00+00:00,58.99,58.99,58.794,58.85,575
2026-05-18T23:10:00+00:00,58.85,58.99,58.69,58.69,606
2026-05-18T23:15:00+00:00,58.77,58.9,58.717,58.85,1210
2026-05-18T23:20:00+00:00,58.85,58.9,58.69,58.9,1603
2026-05-18T23:25:00+00:00,58.85,58.9,58.85,58.89,1690
2026-05-18T23:30:00+00:00,58.89,58.9,58.72,58.85,1325
2026-05-18T23:35:00+00:00,58.87,58.9,58.75,58.9,287
2026-05-18T23:40:00+00:00,58.89,58.89,58.81,58.878,356
2026-05-18T23:45:00+00:00,58.85,58.881,58.7,58.881,781
2026-05-18T23:50:00+00:00,58.815,58.9,58.69,58.74,378
2026-05-18T23:55:00+00:00,58.747,58.9,58.65,58.67,2457
2026-05-19T08:00:00+00:00,58.19,58.9,57.71,58.59,8490
2026-05-19T08:05:00+00:00,58.7,58.7,57.72,58.52,3237
2026-05-19T08:10:00+00:00,58.45,58.511,58.36,58.36,345
2026-05-19T08:15:00+00:00,58.36,58.85,58.36,58.625,233
2026-05-19T08:20:00+00:00,58.57,58.58,57.999,58.0,1997
2026-05-19T08:25:00+00:00,58.0,58.83,58.0,58.01,119
2026-05-19T08:30:00+00:00,58.022,58.303,58.0,58.05,263
2026-05-19T08:35:00+00:00,58.11,58.31,58.007,58.01,141
2026-05-19T08:40:00+00:00,58.04,58.4,58.0,58.0,406
2026-05-19T08:45:00+00:00,58.4,58.4,58.06,58.06,46
2026-05-19T08:50:00+00:00,58.022,58.388,58.022,58.26,131
2026-05-19T08:55:00+00:00,58.012,58.26,58.012,58.249,65
2026-05-19T09:00:00+00:00,58.03,58.03,57.9,57.949,250
2026-05-19T09:05:00+00:00,57.93,57.935,57.81,57.85,92
2026-05-19T09:10:00+00:00,57.89,57.946,57.814,57.814,276
2026-05-19T09:15:00+00:00,57.81,57.81,57.6,57.602,260
2026-05-19T09:20:00+00:00,57.6,57.97,57.6,57.68,176
2026-05-19T09:25:00+00:00,57.57,57.643,57.5,57.5,5375
2026-05-19T09:30:00+00:00,57.57,57.851,57.41,57.43,536
2026-05-19T09:35:00+00:00,57.2,57.748,57.2,57.24,962
2026-05-19T09:40:00+00:00,57.39,57.39,57.16,57.21,410
2026-05-19T09:45:00+00:00,57.28,57.721,57.2,57.721,354
2026-05-19T09:50:00+00:00,57.199,57.5,57.199,57.5,144
2026-05-19T09:55:00+00:00,57.58,57.889,57.58,57.69,22
2026-05-19T10:00:00+00:00,57.58,57.86,57.58,57.634,249
2026-05-19T10:05:00+00:00,57.71,57.87,57.63,57.87,221
2026-05-19T10:10:00+00:00,57.75,57.79,57.58,57.6,1319
2026-05-19T10:15:00+00:00,57.63,57.789,57.58,57.6,806
2026-05-19T10:20:00+00:00,57.59,57.59,57.46,57.477,204
2026-05-19T10:25:00+00:00,57.46,57.6,57.4,57.6,214
2026-05-19T10:30:00+00:00,57.5,57.76,57.45,57.7,475
2026-05-19T10:35:00+00:00,57.68,57.8,57.45,57.61,420
2026-05-19T10:40:00+00:00,57.6,57.6,57.37,57.589,122
2026-05-19T10:45:00+00:00,57.36,57.55,57.3,57.55,789
2026-05-19T10:50:00+00:00,57.55,57.59,57.55,57.58,549
2026-05-19T10:55:00+00:00,57.55,57.788,57.312,57.65,227
2026-05-19T11:00:00+00:00,57.78,58.0,57.49,57.63,650
2026-05-19T11:05:00+00:00,57.68,57.71,57.45,57.55,1713
2026-05-19T11:10:00+00:00,57.53,57.66,57.4,57.4,782
2026-05-19T11:15:00+00:00,57.57,57.7,57.36,57.605,1468
2026-05-19T11:20:00+00:00,57.4,57.85,57.36,57.61,636
2026-05-19T11:25:00+00:00,57.5,57.839,57.35,57.391,532
2026-05-19T11:30:00+00:00,57.48,57.85,57.48,57.73,422
2026-05-19T11:35:00+00:00,57.7,57.839,57.46,57.52,806
2026-05-19T11:40:00+00:00,57.52,57.59,57.35,57.46,1055
2026-05-19T11:45:00+00:00,57.46,57.57,57.33,57.43,476
2026-05-19T11:50:00+00:00,57.43,57.57,57.33,57.44,559
2026-05-19T11:55:00+00:00,57.32,57.57,57.1,57.17,1260
2026-05-19T12:00:00+00:00,57.21,57.3,57.1,57.3,370
2026-05-19T12:05:00+00:00,57.245,57.57,57.1,57.44,4123
2026-05-19T12:10:00+00:00,57.21,57.57,57.1,57.274,894
2026-05-19T12:15:00+00:00,57.268,57.34,57.07,57.14,817
2026-05-19T12:20:00+00:00,57.15,57.27,57.1,57.17,2825
2026-05-19T12:25:00+00:00,57.25,57.25,57.06,57.161,1015
2026-05-19T12:30:00+00:00,57.07,57.4,57.07,57.27,253
2026-05-19T12:35:00+00:00,57.27,57.39,57.081,57.34,1263
2026-05-19T12:40:00+00:00,57.26,57.4,57.26,57.29,1779
2026-05-19T12:45:00+00:00,57.32,57.38,57.081,57.298,2180
2026-05-19T12:50:00+00:00,57.333,57.36,57.208,57.36,312
2026-05-19T12:55:00+00:00,57.35,57.4,57.1,57.1,13156
2026-05-19T13:00:00+00:00,57.21,57.4,57.08,57.3,1125
2026-05-19T13:05:00+00:00,57.21,57.4,56.85,57.04,5661
2026-05-19T13:10:00+00:00,56.99,57.38,56.85,57.25,3058
2026-05-19T13:15:00+00:00,57.02,57.38,57.0,57.2,3448
2026-05-19T13:20:00+00:00,56.85,57.2,56.85,56.86,5623
2026-05-19T13:25:00+00:00,57.14,57.14,56.5,56.5,3708
2026-05-19T13:30:00+00:00,56.73,56.85,55.45,56.07,221294
2026-05-19T13:35:00+00:00,56.06,57.77,55.947,57.0,137498
2026-05-19T13:40:00+00:00,56.94,56.98,56.15,56.22,89651
2026-05-19T13:45:00+00:00,56.12,56.868,55.87,56.47,118778
2026-05-19T13:50:00+00:00,56.49,56.815,55.99,56.815,118153
2026-05-19T13:55:00+00:00,56.87,57.13,56.21,56.64,143106
2026-05-19T14:00:00+00:00,56.515,56.515,55.69,56.22,184664
2026-05-19T14:05:00+00:00,56.27,56.3,55.0,55.16,235574
2026-05-19T14:10:00+00:00,55.17,55.678,54.97,54.975,119497
2026-05-19T14:15:00+00:00,54.95,55.17,54.63,54.835,136729
2026-05-19T14:20:00+00:00,54.87,54.87,54.6,54.742,107159
2026-05-19T14:25:00+00:00,54.875,55.08,54.64,54.735,119884
2026-05-19T14:30:00+00:00,54.795,55.1,54.55,54.55,76967
2026-05-19T14:35:00+00:00,54.575,55.15,54.575,54.92,93684
2026-05-19T14:40:00+00:00,54.915,55.04,54.61,54.68,76108
2026-05-19T14:45:00+00:00,54.68,54.74,53.955,54.16,187398
2026-05-19T14:50:00+00:00,54.16,54.4,54.08,54.22,76852
2026-05-19T14:55:00+00:00,54.175,54.45,54.05,54.225,70419
2026-05-19T15:00:00+00:00,54.19,54.825,54.19,54.642,73100
2026-05-19T15:05:00+00:00,54.64,54.67,54.2,54.47,58885
2026-05-19T15:10:00+00:00,54.47,54.82,54.435,54.82,48053
2026-05-19T15:15:00+00:00,54.84,55.08,54.6,54.63,88483
2026-05-19T15:20:00+00:00,54.58,54.7,54.072,54.16,119974
2026-05-19T15:25:00+00:00,54.12,54.43,54.08,54.41,72403
2026-05-19T15:30:00+00:00,54.38,54.68,54.36,54.6,56924
2026-05-19T15:35:00+00:00,54.54,54.588,54.34,54.525,56553
2026-05-19T15:40:00+00:00,54.51,54.95,54.475,54.765,104764
2026-05-19T15:45:00+00:00,54.83,55.12,54.8,55.06,90860
2026-05-19T15:50:00+00:00,55.055,55.1,54.56,54.66,59630
2026-05-19T15:55:00+00:00,54.62,54.71,54.48,54.635,51477
2026-05-19T16:00:00+00:00,54.66,55.125,54.65,54.93,80326
2026-05-19T16:05:00+00:00,54.93,54.98,54.55,54.615,89586
2026-05-19T16:10:00+00:00,54.59,54.68,54.33,54.465,67301
2026-05-19T16:15:00+00:00,54.46,54.62,54.456,54.52,36977
2026-05-19T16:20:00+00:00,54.535,54.7,54.35,54.45,56024
2026-05-19T16:25:00+00:00,54.455,54.725,54.455,54.67,53251
2026-05-19T16:30:00+00:00,54.67,54.94,54.65,54.919,47325
2026-05-19T16:35:00+00:00,54.96,54.99,54.75,54.84,41689
2026-05-19T16:40:00+00:00,54.8,55.09,54.792,55.08,51185
2026-05-19T16:45:00+00:00,55.07,55.18,54.92,54.996,41916
2026-05-19T16:50:00+00:00,55.02,55.45,54.89,55.45,65383
2026-05-19T16:55:00+00:00,55.45,55.55,55.29,55.46,57009
2026-05-19T17:00:00+00:00,55.435,55.68,55.4,55.68,73954
2026-05-19T17:05:00+00:00,55.67,55.87,55.55,55.82,92623
2026-05-19T17:10:00+00:00,55.82,55.84,55.61,55.732,46397
2026-05-19T17:15:00+00:00,55.75,55.91,55.68,55.805,49452
2026-05-19T17:20:00+00:00,55.79,55.9,55.54,55.61,54796
2026-05-19T17:25:00+00:00,55.62,55.62,55.38,55.6,71875
2026-05-19T17:30:00+00:00,55.59,55.82,55.52,55.54,33471
2026-05-19T17:35:00+00:00,55.55,55.78,55.45,55.695,52906
2026-05-19T17:40:00+00:00,55.74,55.75,55.5,55.57,31344
2026-05-19T17:45:00+00:00,55.57,55.57,55.11,55.42,55034
2026-05-19T17:50:00+00:00,55.35,55.459,55.14,55.145,34782
2026-05-19T17:55:00+00:00,55.226,55.49,55.182,55.48,37897
2026-05-19T18:00:00+00:00,55.51,55.71,55.495,55.65,53857
2026-05-19T18:05:00+00:00,55.67,55.91,55.6,55.88,44495
2026-05-19T18:10:00+00:00,55.9,56.265,55.86,56.08,101179
2026-05-19T18:15:00+00:00,56.105,56.43,56.1,56.42,53285
2026-05-19T18:20:00+00:00,56.43,56.43,55.895,55.95,53071
2026-05-19T18:25:00+00:00,55.93,56.06,55.8,55.985,55636
2026-05-19T18:30:00+00:00,56.0,56.185,55.91,56.134,40800
2026-05-19T18:35:00+00:00,56.17,56.17,55.8,55.8,37078
2026-05-19T18:40:00+00:00,55.78,55.88,55.63,55.8,28063
2026-05-19T18:45:00+00:00,55.795,55.82,55.54,55.56,29350
2026-05-19T18:50:00+00:00,55.7,55.8,55.45,55.52,39344
2026-05-19T18:55:00+00:00,55.5,55.5,55.25,55.42,34842
2026-05-19T19:00:00+00:00,55.415,55.757,55.415,55.68,42344
2026-05-19T19:05:00+00:00,55.64,55.96,55.45,55.92,29946
2026-05-19T19:10:00+00:00,55.93,56.13,55.77,55.939,41810
2026-05-19T19:15:00+00:00,55.93,55.98,55.61,55.64,32907
2026-05-19T19:20:00+00:00,55.64,55.69,55.38,55.435,34117
2026-05-19T19:25:00+00:00,55.4,55.5,55.29,55.47,38600
2026-05-19T19:30:00+00:00,55.566,55.87,55.514,55.615,72143
2026-05-19T19:35:00+00:00,55.71,55.76,55.59,55.71,54525
2026-05-19T19:40:00+00:00,55.72,55.81,55.512,55.68,59378
2026-05-19T19:45:00+00:00,55.695,55.91,55.655,55.88,71780
2026-05-19T19:50:00+00:00,55.87,55.95,55.675,55.78,96406
2026-05-19T19:55:00+00:00,55.74,56.06,55.59,55.88,269313
2026-05-19T20:00:00+00:00,55.88,56.07,55.6,56.05,298551
2026-05-19T20:05:00+00:00,56.0,56.06,55.62,56.02,11974
2026-05-19T20:10:00+00:00,55.88,56.03,55.7,56.004,1040
2026-05-19T20:15:00+00:00,56.02,56.02,55.9,55.96,282
2026-05-19T20:20:00+00:00,55.977,56.02,55.872,56.0,445
2026-05-19T20:25:00+00:00,56.002,56.002,55.88,55.91,1197
2026-05-19T20:30:00+00:00,55.9,55.99,55.8,55.95,2177
2026-05-19T20:35:00+00:00,55.989,55.99,55.8,55.92,1043
2026-05-19T20:40:00+00:00,55.92,55.99,55.8,55.924,1010
2026-05-19T20:45:00+00:00,55.89,55.99,55.87,55.97,446
2026-05-19T20:50:00+00:00,55.98,55.98,55.8,55.832,2541
2026-05-19T20:55:00+00:00,55.821,55.965,55.8,55.965,508
2026-05-19T21:00:00+00:00,55.907,55.99,55.79,55.88,1407
2026-05-19T21:05:00+00:00,55.825,55.99,55.8,55.88,668
2026-05-19T21:10:00+00:00,55.88,55.96,55.8,55.928,599
2026-05-19T21:15:00+00:00,55.92,55.99,55.89,55.95,163
2026-05-19T21:20:00+00:00,55.96,55.97,55.9,55.9,228
2026-05-19T21:25:00+00:00,55.92,55.99,55.81,55.99,149
2026-05-19T21:30:00+00:00,55.96,55.98,55.9,55.95,23
2026-05-19T21:35:00+00:00,55.99,55.99,55.83,55.95,137
2026-05-19T21:40:00+00:00,55.98,56.06,55.88,55.96,823
2026-05-19T21:45:00+00:00,55.96,55.98,55.83,55.97,1390
2026-05-19T21:50:00+00:00,55.979,55.979,55.9,55.94,1206
2026-05-19T21:55:00+00:00,55.95,55.98,55.884,55.9,662
2026-05-19T22:00:00+00:00,55.92,55.978,55.9,55.9,452
2026-05-19T22:05:00+00:00,55.9,55.95,55.9,55.91,1065
2026-05-19T22:10:00+00:00,55.95,55.95,55.89,55.9,766
2026-05-19T22:15:00+00:00,55.92,55.95,55.88,55.94,107
2026-05-19T22:20:00+00:00,55.94,55.95,55.94,55.95,556
2026-05-19T22:25:00+00:00,55.891,55.95,55.831,55.84,1529
2026-05-19T22:30:00+00:00,55.81,55.941,55.6,55.82,2404
2026-05-19T22:35:00+00:00,55.82,55.82,55.66,55.8,457
2026-05-19T22:40:00+00:00,55.6,55.82,55.6,55.8,261
2026-05-19T22:45:00+00:00,55.65,55.82,55.62,55.64,4073
2026-05-19T22:50:00+00:00,55.82,55.82,55.6,55.748,1509
2026-05-19T22:55:00+00:00,55.72,55.82,55.622,55.73,361
2026-05-19T23:00:00+00:00,55.7,55.82,55.45,55.555,1187
2026-05-19T23:05:00+00:00,55.61,55.73,55.31,55.31,1612
2026-05-19T23:10:00+00:00,55.632,55.69,55.16,55.69,316
2026-05-19T23:15:00+00:00,55.41,55.69,55.41,55.5,109
2026-05-19T23:20:00+00:00,55.624,55.69,55.18,55.6,699
2026-05-19T23:25:00+00:00,55.6,55.67,55.58,55.63,329
2026-05-19T23:30:00+00:00,55.59,55.63,55.28,55.28,806
2026-05-19T23:35:00+00:00,55.63,55.82,55.446,55.446,498
2026-05-19T23:40:00+00:00,55.5,55.82,55.5,55.5,125
2026-05-19T23:45:00+00:00,55.78,55.82,55.66,55.8,661
2026-05-19T23:50:00+00:00,55.82,55.82,55.7,55.7,555
2026-05-19T23:55:00+00:00,55.8,55.8,55.528,55.8,1835
2026-05-20T08:00:00+00:00,55.92,56.59,55.471,56.2,14644
2026-05-20T08:05:00+00:00,56.6,57.03,55.69,57.01,5886
2026-05-20T08:10:00+00:00,56.88,57.233,56.811,57.233,1456
2026-05-20T08:15:00+00:00,57.19,57.48,56.98,57.48,6416
2026-05-20T08:20:00+00:00,57.469,57.989,57.26,57.73,2213
2026-05-20T08:25:00+00:00,57.62,58.0,57.54,57.77,2781
2026-05-20T08:30:00+00:00,57.69,58.0,57.69,57.93,1335
2026-05-20T08:35:00+00:00,57.93,58.0,57.76,57.91,3159
2026-05-20T08:40:00+00:00,57.89,57.9,57.576,57.74,1661
2026-05-20T08:45:00+00:00,57.68,57.88,57.65,57.65,2262
2026-05-20T08:50:00+00:00,57.67,57.77,57.5,57.5,825
2026-05-20T08:55:00+00:00,57.63,57.64,57.346,57.55,1895
2026-05-20T09:00:00+00:00,57.55,57.689,57.42,57.53,1045
2026-05-20T09:05:00+00:00,57.53,57.7,57.45,57.5,1162
2026-05-20T09:10:00+00:00,57.55,57.689,57.45,57.55,784
2026-05-20T09:15:00+00:00,57.55,57.61,57.458,57.458,657
2026-05-20T09:20:00+00:00,57.52,57.61,57.45,57.45,418
2026-05-20T09:25:00+00:00,57.458,57.69,57.458,57.59,3252
2026-05-20T09:30:00+00:00,57.67,57.793,57.61,57.61,4308
2026-05-20T09:35:00+00:00,57.61,57.62,57.5,57.62,196
2026-05-20T09:40:00+00:00,57.62,57.75,57.45,57.45,842
2026-05-20T09:45:00+00:00,57.45,57.791,57.43,57.5,2230
2026-05-20T09:50:00+00:00,57.505,57.8,57.49,57.63,1861
2026-05-20T09:55:00+00:00,57.65,57.78,57.58,57.72,1632
2026-05-20T10:00:00+00:00,57.8,57.8,57.6,57.8,985
2026-05-20T10:05:00+00:00,57.69,57.8,57.6,57.78,2632
2026-05-20T10:10:00+00:00,57.73,57.73,57.62,57.66,310
2026-05-20T10:15:00+00:00,57.789,57.8,57.55,57.55,1030
2026-05-20T10:20:00+00:00,57.55,57.79,57.55,57.56,256
2026-05-20T10:25:00+00:00,57.7,57.7,57.529,57.54,70
2026-05-20T10:30:00+00:00,57.54,57.695,57.51,57.61,1236
2026-05-20T10:35:00+00:00,57.55,57.7,57.43,57.48,530
2026-05-20T10:40:00+00:00,57.46,57.58,57.43,57.45,959
2026-05-20T10:45:00+00:00,57.5,57.65,57.49,57.49,5547
2026-05-20T10:50:00+00:00,57.47,57.6,57.43,57.49,1237
2026-05-20T10:55:00+00:00,57.49,57.51,57.37,57.39,1946
2026-05-20T11:00:00+00:00,57.375,57.86,57.31,57.8,10865
2026-05-20T11:05:00+00:00,57.86,57.86,57.74,57.836,4884
2026-05-20T11:10:00+00:00,57.84,57.86,57.52,57.58,2998
2026-05-20T11:15:00+00:00,57.54,57.771,57.523,57.61,1979
2026-05-20T11:20:00+00:00,57.63,57.86,57.63,57.7,568
2026-05-20T11:25:00+00:00,57.86,57.9,57.7,57.88,9228
2026-05-20T11:30:00+00:00,57.83,58.3,57.79,58.125,4052
2026-05-20T11:35:00+00:00,58.12,58.13,57.8,57.91,5125
2026-05-20T11:40:00+00:00,57.89,58.11,57.69,57.9,3385
2026-05-20T11:45:00+00:00,57.75,57.9,57.68,57.74,756
2026-05-20T11:50:00+00:00,57.61,57.85,57.54,57.612,2296
2026-05-20T11:55:00+00:00,57.584,57.73,57.56,57.7,2018
2026-05-20T12:00:00+00:00,57.62,57.87,57.588,57.7,3093
2026-05-20T12:05:00+00:00,57.7,57.87,57.61,57.81,1081
2026-05-20T12:10:00+00:00,57.742,58.1,57.742,58.089,2791
2026-05-20T12:15:00+00:00,58.0,58.0,57.79,57.88,2194
2026-05-20T12:20:00+00:00,57.88,57.944,57.8,57.94,2887
2026-05-20T12:25:00+00:00,58.0,58.24,57.9,58.1,3743
2026-05-20T12:30:00+00:00,58.09,58.1,57.8,58.0,3950
2026-05-20T12:35:00+00:00,58.12,58.3,57.9,58.1,5819
2026-05-20T12:40:00+00:00,58.18,58.18,57.79,57.96,4172
2026-05-20T12:45:00+00:00,57.95,58.08,57.8,58.048,5665
2026-05-20T12:50:00+00:00,57.972,58.057,57.79,57.95,4728
2026-05-20T12:55:00+00:00,58.0,58.0,57.7,57.82,3857
2026-05-20T13:00:00+00:00,57.79,58.0,57.66,57.797,2011
2026-05-20T13:05:00+00:00,57.79,57.99,57.72,57.74,3428
2026-05-20T13:10:00+00:00,57.816,57.88,57.56,57.65,3364
2026-05-20T13:15:00+00:00,57.65,57.7,57.413,57.54,5530
2026-05-20T13:20:00+00:00,57.63,58.0,57.45,57.78,3474
2026-05-20T13:25:00+00:00,57.9,58.1,57.5,57.73,19222
2026-05-20T13:30:00+00:00,57.56,58.38,56.78,56.8,184115
2026-05-20T13:35:00+00:00,56.77,57.87,56.64,57.435,152520
2026-05-20T13:40:00+00:00,57.37,58.193,57.3,57.695,100755
2026-05-20T13:45:00+00:00,57.76,58.59,57.59,58.138,146657
2026-05-20T13:50:00+00:00,58.215,58.26,57.53,57.66,93563
2026-05-20T13:55:00+00:00,57.69,58.18,57.46,58.07,78575
2026-05-20T14:00:00+00:00,58.14,59.019,58.1,58.94,148841
2026-05-20T14:05:00+00:00,58.98,59.479,58.64,59.08,207483
2026-05-20T14:10:00+00:00,59.085,59.5,58.3,59.01,154587
2026-05-20T14:15:00+00:00,59.015,60.2,58.82,59.365,241548
2026-05-20T14:20:00+00:00,59.365,60.15,59.203,59.215,163271
2026-05-20T14:25:00+00:00,59.17,59.92,59.17,59.78,81260
2026-05-20T14:30:00+00:00,59.84,60.55,59.7,59.82,136580
2026-05-20T14:35:00+00:00,59.85,60.2,59.51,59.614,104793
2026-05-20T14:40:00+00:00,59.54,60.13,59.52,60.13,62574
2026-05-20T14:45:00+00:00,60.17,60.45,60.1,60.35,80676
2026-05-20T14:50:00+00:00,60.33,60.46,60.06,60.43,82279
2026-05-20T14:55:00+00:00,60.41,60.73,60.38,60.53,111578
2026-05-20T15:00:00+00:00,60.55,60.83,60.209,60.41,87447
2026-05-20T15:05:00+00:00,60.385,60.69,60.19,60.43,78978
2026-05-20T15:10:00+00:00,60.375,60.41,60.16,60.37,77774
2026-05-20T15:15:00+00:00,60.29,61.3,60.29,60.75,144038
2026-05-20T15:20:00+00:00,60.76,61.09,60.589,60.71,86276
2026-05-20T15:25:00+00:00,60.635,60.79,60.27,60.59,78210
2026-05-20T15:30:00+00:00,60.592,60.84,60.508,60.665,45084
2026-05-20T15:35:00+00:00,60.703,60.76,60.44,60.44,47080
2026-05-20T15:40:00+00:00,60.463,60.62,60.32,60.5,45023
2026-05-20T15:45:00+00:00,60.53,60.903,60.487,60.82,39357
2026-05-20T15:50:00+00:00,60.85,60.9,60.64,60.73,38761
2026-05-20T15:55:00+00:00,60.78,60.97,60.68,60.825,47032
2026-05-20T16:00:00+00:00,60.815,61.06,60.75,60.83,36111
2026-05-20T16:05:00+00:00,60.93,61.1,60.8,61.06,49530
2026-05-20T16:10:00+00:00,61.055,61.42,61.02,61.265,73436
2026-05-20T16:15:00+00:00,61.23,61.25,60.811,60.85,56599
2026-05-20T16:20:00+00:00,60.873,61.04,60.66,60.662,36061
2026-05-20T16:25:00+00:00,60.68,60.86,60.49,60.645,46558
2026-05-20T16:30:00+00:00,60.725,61.08,60.63,60.94,33037
2026-05-20T16:35:00+00:00,60.9,61.08,60.755,60.765,24795
2026-05-20T16:40:00+00:00,60.74,61.08,60.675,61.03,28257
2026-05-20T16:45:00+00:00,61.12,61.198,60.72,60.99,34502
2026-05-20T16:50:00+00:00,60.99,61.44,60.945,61.44,54461
2026-05-20T16:55:00+00:00,61.445,61.9,61.22,61.77,109333
2026-05-20T17:00:00+00:00,61.79,61.8,61.4,61.4,47200
2026-05-20T17:05:00+00:00,61.39,61.57,61.34,61.45,32809
2026-05-20T17:10:00+00:00,61.45,61.84,61.31,61.72,50647
2026-05-20T17:15:00+00:00,61.725,61.88,61.44,61.84,33224
2026-05-20T17:20:00+00:00,61.8,61.95,61.67,61.782,41951
2026-05-20T17:25:00+00:00,61.67,61.95,61.61,61.89,69607
2026-05-20T17:30:00+00:00,61.94,61.97,61.7,61.88,68662
2026-05-20T17:35:00+00:00,61.85,62.04,61.81,61.88,40525
2026-05-20T17:40:00+00:00,61.86,61.86,61.41,61.65,52491
2026-05-20T17:45:00+00:00,61.65,61.675,61.44,61.5,23501
2026-05-20T17:50:00+00:00,61.45,61.584,61.4,61.515,30871
2026-05-20T17:55:00+00:00,61.515,61.6,61.32,61.485,43317
2026-05-20T18:00:00+00:00,61.57,61.89,61.48,61.73,55128
2026-05-20T18:05:00+00:00,61.77,61.9,61.7,61.9,31589
2026-05-20T18:10:00+00:00,61.881,61.93,61.71,61.75,30700
2026-05-20T18:15:00+00:00,61.74,61.79,61.53,61.57,40664
2026-05-20T18:20:00+00:00,61.595,61.668,61.42,61.63,45272
2026-05-20T18:25:00+00:00,61.625,61.95,61.412,61.94,79452
2026-05-20T18:30:00+00:00,61.89,62.055,61.59,61.7,84006
2026-05-20T18:35:00+00:00,61.72,61.73,61.48,61.62,32000
2026-05-20T18:40:00+00:00,61.64,61.66,61.305,61.43,58890
2026-05-20T18:45:00+00:00,61.44,61.56,61.141,61.41,66670
2026-05-20T18:50:00+00:00,61.41,61.55,61.29,61.494,35935
2026-05-20T18:55:00+00:00,61.46,61.467,60.82,61.1,68287
2026-05-20T19:00:00+00:00,61.247,61.595,61.185,61.355,52634
2026-05-20T19:05:00+00:00,61.355,61.57,61.31,61.52,48573
2026-05-20T19:10:00+00:00,61.55,61.605,61.35,61.45,32057
2026-05-20T19:15:00+00:00,61.45,61.635,61.38,61.63,35582
2026-05-20T19:20:00+00:00,61.615,62.159,61.59,62.135,73178
2026-05-20T19:25:00+00:00,62.135,62.24,61.94,62.19,75605
2026-05-20T19:30:00+00:00,62.19,62.42,62.19,62.3,87606
2026-05-20T19:35:00+00:00,62.325,62.61,62.325,62.52,105524
2026-05-20T19:40:00+00:00,62.47,62.48,62.13,62.22,93222
2026-05-20T19:45:00+00:00,62.2,62.49,62.17,62.174,98588
2026-05-20T19:50:00+00:00,62.16,62.43,62.08,62.25,165353
2026-05-20T19:55:00+00:00,62.27,62.89,62.27,62.58,358794
2026-05-20T20:00:00+00:00,62.58,62.91,62.27,62.88,547588
2026-05-20T20:05:00+00:00,62.858,63.17,62.58,62.9,33630
2026-05-20T20:10:00+00:00,62.9,62.95,62.28,62.67,3411
2026-05-20T20:15:00+00:00,62.68,62.7,62.3,62.3,2025
2026-05-20T20:20:00+00:00,62.41,62.5,61.5,61.66,16464
2026-05-20T20:25:00+00:00,61.756,62.68,61.756,62.37,4263
2026-05-20T20:30:00+00:00,62.8,62.8,61.81,62.3,1802
2026-05-20T20:35:00+00:00,62.01,62.5,61.68,61.69,4367
2026-05-20T20:40:00+00:00,61.846,62.28,61.81,62.23,2664
2026-05-20T20:45:00+00:00,62.24,62.29,62.0,62.074,1443
2026-05-20T20:50:00+00:00,62.16,62.4,62.031,62.031,230657
2026-05-20T20:55:00+00:00,62.29,62.4,61.72,62.4,1933
2026-05-20T21:00:00+00:00,62.03,62.4,62.03,62.14,2119
2026-05-20T21:05:00+00:00,62.141,62.38,61.91,62.065,2070
2026-05-20T21:10:00+00:00,62.0,62.19,61.72,61.878,5110
2026-05-20T21:15:00+00:00,61.928,62.19,61.9,62.136,1424
2026-05-20T21:20:00+00:00,62.58,62.58,61.72,61.9,9948
2026-05-20T21:25:00+00:00,61.9,62.19,61.9,62.15,3924
2026-05-20T21:30:00+00:00,62.14,62.14,62.0,62.07,736
2026-05-20T21:35:00+00:00,62.1,62.14,62.01,62.11,298
2026-05-20T21:40:00+00:00,62.11,62.25,62.1,62.2,2439
2026-05-20T21:45:00+00:00,62.2,62.25,62.11,62.11,592
2026-05-20T21:50:00+00:00,62.165,62.23,62.09,62.22,885
2026-05-20T21:55:00+00:00,62.09,62.2,62.09,62.1,464
2026-05-20T22:00:00+00:00,62.15,62.187,61.5,61.69,11393
2026-05-20T22:05:00+00:00,61.82,61.82,61.47,61.48,3341
2026-05-20T22:10:00+00:00,61.47,61.48,61.12,61.45,7620
2026-05-20T22:15:00+00:00,61.21,61.45,61.0,61.131,6780
2026-05-20T22:20:00+00:00,61.0,61.2,60.83,61.01,10541
2026-05-20T22:25:00+00:00,61.24,61.47,61.02,61.27,1845
2026-05-20T22:30:00+00:00,61.27,61.47,61.192,61.47,2520
2026-05-20T22:35:00+00:00,61.46,61.47,61.27,61.304,925
2026-05-20T22:40:00+00:00,61.3,61.75,61.3,61.62,973
2026-05-20T22:45:00+00:00,61.62,61.8,61.4,61.6,469
2026-05-20T22:50:00+00:00,61.6,61.6,61.5,61.58,1498
2026-05-20T22:55:00+00:00,61.6,61.71,61.55,61.71,415
2026-05-20T23:00:00+00:00,61.8,61.82,61.7,61.82,132
2026-05-20T23:05:00+00:00,61.9,61.9,61.67,61.67,1234
2026-05-20T23:10:00+00:00,61.82,61.9,61.58,61.9,469
2026-05-20T23:15:00+00:00,61.9,61.9,61.65,61.769,932
2026-05-20T23:20:00+00:00,61.77,61.77,61.65,61.65,298
2026-05-20T23:25:00+00:00,61.76,61.77,61.65,61.748,356
2026-05-20T23:30:00+00:00,61.65,61.766,61.6,61.74,1010
2026-05-20T23:35:00+00:00,61.67,61.77,61.67,61.71,991
2026-05-20T23:40:00+00:00,61.671,61.77,61.528,61.56,1479
2026-05-20T23:45:00+00:00,61.56,61.75,61.56,61.75,841
2026-05-20T23:50:00+00:00,61.751,61.76,61.56,61.56,641
2026-05-20T23:55:00+00:00,61.745,61.75,61.56,61.61,1194
2026-05-21T08:00:00+00:00,62.791,63.19,61.37,62.4,52709
2026-05-21T08:05:00+00:00,62.55,63.18,61.38,62.569,8528
2026-05-21T08:10:00+00:00,62.53,63.0,62.44,62.99,2697
2026-05-21T08:15:00+00:00,63.0,63.293,62.88,63.051,3712
2026-05-21T08:20:00+00:00,62.999,63.08,62.78,62.88,3071
2026-05-21T08:25:00+00:00,62.88,62.978,62.69,62.88,679
2026-05-21T08:30:00+00:00,62.84,62.94,62.6,62.6,225
2026-05-21T08:35:00+00:00,62.613,62.76,62.6,62.6,399
2026-05-21T08:40:00+00:00,62.7,62.75,62.594,62.75,1158
2026-05-21T08:45:00+00:00,62.76,62.76,62.58,62.681,214
2026-05-21T08:50:00+00:00,62.75,62.81,62.637,62.67,1553
2026-05-21T08:55:00+00:00,62.66,62.82,62.66,62.73,599
2026-05-21T09:00:00+00:00,62.8,62.91,62.68,62.75,1216
2026-05-21T09:05:00+00:00,62.89,63.258,62.72,63.1,791
2026-05-21T09:10:00+00:00,62.933,63.234,62.933,62.97,2661
2026-05-21T09:15:00+00:00,62.98,63.29,62.98,63.19,5006
2026-05-21T09:20:00+00:00,63.19,63.478,63.17,63.27,1676
2026-05-21T09:25:00+00:00,63.3,63.402,63.101,63.4,3954
2026-05-21T09:30:00+00:00,63.4,63.49,63.23,63.25,865
2026-05-21T09:35:00+00:00,63.12,63.49,63.12,63.23,1597
2026-05-21T09:40:00+00:00,63.19,63.19,62.89,62.89,3941
2026-05-21T09:45:00+00:00,63.18,63.238,62.92,63.0,488
2026-05-21T09:50:00+00:00,62.933,63.238,62.92,63.03,285
2026-05-21T09:55:00+00:00,62.95,63.18,62.95,63.09,200
2026-05-21T10:00:00+00:00,63.11,63.73,63.11,63.56,9217
2026-05-21T10:05:00+00:00,63.723,63.723,63.04,63.58,2899
2026-05-21T10:10:00+00:00,63.51,63.61,63.51,63.51,949
2026-05-21T10:15:00+00:00,63.6,63.967,63.52,63.76,3160
2026-05-21T10:20:00+00:00,63.87,63.91,63.47,63.747,1687
2026-05-21T10:25:00+00:00,63.75,63.75,62.8,62.8,3310
2026-05-21T10:30:00+00:00,62.815,63.65,62.72,63.288,3815
2026-05-21T10:35:00+00:00,62.79,63.02,62.122,62.42,10091
2026-05-21T10:40:00+00:00,62.42,62.5,62.0,62.4,4379
2026-05-21T10:45:00+00:00,62.31,62.39,61.6,61.8,1756
2026-05-21T10:50:00+00:00,61.82,61.99,61.61,61.763,3291
2026-05-21T10:55:00+00:00,61.96,61.96,61.73,61.79,1105
2026-05-21T11:00:00+00:00,61.815,62.0,61.27,61.9,7884
2026-05-21T11:05:00+00:00,61.79,62.0,61.53,62.0,9466
2026-05-21T11:10:00+00:00,62.0,62.29,61.54,62.24,956
2026-05-21T11:15:00+00:00,62.2,62.395,61.88,62.36,1768
2026-05-21T11:20:00+00:00,62.35,62.491,62.169,62.38,2544
2026-05-21T11:25:00+00:00,62.25,62.44,62.13,62.31,3042
2026-05-21T11:30:00+00:00,62.31,62.44,62.12,62.3,2150
2026-05-21T11:35:00+00:00,62.3,62.3,62.0,62.0,604
2026-05-21T11:40:00+00:00,62.0,62.288,62.0,62.18,754
2026-05-21T11:45:00+00:00,62.171,62.5,62.14,62.2,1543
2026-05-21T11:50:00+00:00,62.44,62.5,62.0,62.0,1160
2026-05-21T11:55:00+00:00,62.2,62.5,61.8,62.483,10878
2026-05-21T12:00:00+00:00,62.118,62.5,62.0,62.381,3480
2026-05-21T12:05:00+00:00,62.19,62.483,61.81,62.1,968
2026-05-21T12:10:00+00:00,61.97,62.33,61.79,61.8,1830
2026-05-21T12:15:00+00:00,61.76,61.85,61.6,61.85,4039
2026-05-21T12:20:00+00:00,61.85,61.85,61.65,61.67,1371
2026-05-21T12:25:00+00:00,61.6,61.75,61.5,61.54,10718
2026-05-21T12:30:00+00:00,61.5,61.98,61.38,61.6,3163
2026-05-21T12:35:00+00:00,61.75,62.0,61.6,61.84,2302
2026-05-21T12:40:00+00:00,61.96,61.96,61.44,61.44,2299
2026-05-21T12:45:00+00:00,61.65,61.938,61.45,61.52,1035
2026-05-21T12:50:00+00:00,61.7,61.91,61.41,61.45,1894
2026-05-21T12:55:00+00:00,61.6,61.91,61.11,61.15,11391
2026-05-21T13:00:00+00:00,61.293,61.9,61.18,61.59,6713
2026-05-21T13:05:00+00:00,61.445,61.6,61.171,61.6,8913
2026-05-21T13:10:00+00:00,61.47,61.47,61.11,61.26,1754
2026-05-21T13:15:00+00:00,61.2,61.59,61.11,61.28,3494
2026-05-21T13:20:00+00:00,61.2,61.6,61.11,61.11,4291
2026-05-21T13:25:00+00:00,61.06,61.55,61.06,61.55,2516
2026-05-21T13:30:00+00:00,61.92,63.34,61.3,63.187,157094
2026-05-21T13:35:00+00:00,63.145,63.76,62.84,63.14,205495
2026-05-21T13:40:00+00:00,63.105,63.64,62.88,63.19,153533
2026-05-21T13:45:00+00:00,63.31,63.64,62.9,63.34,130545
2026-05-21T13:50:00+00:00,63.321,63.75,63.11,63.745,88560
2026-05-21T13:55:00+00:00,63.73,63.8,62.98,63.265,115266
2026-05-21T14:00:00+00:00,63.26,63.51,62.83,63.083,82850
2026-05-21T14:05:00+00:00,63.13,63.19,62.8,63.12,70107
2026-05-21T14:10:00+00:00,63.12,63.26,62.716,62.882,78462
2026-05-21T14:15:00+00:00,62.875,63.01,61.774,61.774,165110
2026-05-21T14:20:00+00:00,61.7,61.9,61.14,61.81,123159
2026-05-21T14:25:00+00:00,61.81,62.2,61.68,62.053,76177
2026-05-21T14:30:00+00:00,62.0,62.46,61.64,61.715,63446
2026-05-21T14:35:00+00:00,61.68,62.335,61.65,62.3,82647
2026-05-21T14:40:00+00:00,62.29,62.29,61.78,62.15,46215
2026-05-21T14:45:00+00:00,62.14,62.26,61.7,61.94,55270
2026-05-21T14:50:00+00:00,61.91,62.17,61.65,62.05,58252
2026-05-21T14:55:00+00:00,62.055,62.46,62.055,62.38,60360
2026-05-21T15:00:00+00:00,62.355,62.42,62.11,62.165,52895
2026-05-21T15:05:00+00:00,62.12,62.18,61.623,61.88,68806
2026-05-21T15:10:00+00:00,61.67,62.48,61.6,62.335,47178
2026-05-21T15:15:00+00:00,62.315,62.68,62.168,62.6,35096
2026-05-21T15:20:00+00:00,62.57,62.868,62.53,62.61,57038
2026-05-21T15:25:00+00:00,62.59,62.88,62.51,62.77,36336
2026-05-21T15:30:00+00:00,62.785,62.94,62.62,62.67,74310
2026-05-21T15:35:00+00:00,62.66,63.13,62.66,63.12,45872
2026-05-21T15:40:00+00:00,63.14,63.3,63.02,63.27,40430
2026-05-21T15:45:00+00:00,63.355,63.373,63.02,63.08,39340
2026-05-21T15:50:00+00:00,63.13,63.33,62.96,63.11,32970
2026-05-21T15:55:00+00:00,63.14,63.35,63.07,63.195,32320
2026-05-21T16:00:00+00:00,63.14,63.46,63.14,63.42,53724
2026-05-21T16:05:00+00:00,63.38,63.63,63.19,63.62,57672
2026-05-21T16:10:00+00:00,63.63,63.7,63.185,63.38,54314
2026-05-21T16:15:00+00:00,63.38,63.42,63.14,63.14,34054
2026-05-21T16:20:00+00:00,63.24,63.25,62.962,63.19,39518
2026-05-21T16:25:00+00:00,63.11,63.28,63.02,63.16,22715
2026-05-21T16:30:00+00:00,63.12,63.3,63.07,63.22,13212
2026-05-21T16:35:00+00:00,63.165,63.2,62.87,63.02,21363
2026-05-21T16:40:00+00:00,62.95,63.3,62.95,63.17,31242
2026-05-21T16:45:00+00:00,63.19,63.26,63.01,63.165,24426
2026-05-21T16:50:00+00:00,63.14,63.3,62.94,63.21,28023
2026-05-21T16:55:00+00:00,63.29,63.42,63.16,63.23,25073
2026-05-21T17:00:00+00:00,63.27,63.41,63.16,63.175,23823
2026-05-21T17:05:00+00:00,63.195,63.53,63.19,63.5,43563
2026-05-21T17:10:00+00:00,63.46,64.217,63.46,63.81,110919
2026-05-21T17:15:00+00:00,63.86,64.3,63.76,64.145,70251
2026-05-21T17:20:00+00:00,64.145,64.52,63.71,64.258,150592
2026-05-21T17:25:00+00:00,64.22,64.46,64.18,64.28,54633
2026-05-21T17:30:00+00:00,64.275,64.69,64.26,64.635,72814
2026-05-21T17:35:00+00:00,64.675,64.89,64.48,64.765,53247
2026-05-21T17:40:00+00:00,64.765,64.95,64.711,64.8,53303
2026-05-21T17:45:00+00:00,64.8,65.04,64.67,64.99,54119
2026-05-21T17:50:00+00:00,65.015,65.29,64.96,65.0,83656
2026-05-21T17:55:00+00:00,65.02,65.19,64.343,64.365,64631
2026-05-21T18:00:00+00:00,64.385,64.79,64.385,64.66,43446
2026-05-21T18:05:00+00:00,64.63,64.68,64.34,64.43,53081
2026-05-21T18:10:00+00:00,64.42,64.54,64.1,64.2,45088
2026-05-21T18:15:00+00:00,64.14,64.26,63.849,64.205,79983
2026-05-21T18:20:00+00:00,64.235,64.43,64.1,64.41,18287
2026-05-21T18:25:00+00:00,64.43,64.43,64.04,64.245,27581
2026-05-21T18:30:00+00:00,64.29,64.499,64.11,64.25,42382
2026-05-21T18:35:00+00:00,64.27,64.28,63.965,63.965,19328
2026-05-21T18:40:00+00:00,63.965,64.29,63.96,64.21,28329
2026-05-21T18:45:00+00:00,64.205,64.22,63.9,64.008,45302
2026-05-21T18:50:00+00:00,64.035,64.12,63.59,63.59,54531
2026-05-21T18:55:00+00:00,63.51,63.84,63.4,63.73,66350
2026-05-21T19:00:00+00:00,63.75,64.13,63.7,63.95,45536
2026-05-21T19:05:00+00:00,63.995,64.115,63.88,64.034,29298
2026-05-21T19:10:00+00:00,64.033,64.07,63.87,63.98,32418
2026-05-21T19:15:00+00:00,63.99,64.12,63.88,64.12,20701
2026-05-21T19:20:00+00:00,64.09,64.173,63.96,64.01,20906
2026-05-21T19:25:00+00:00,64.035,64.17,63.8,64.09,51701
2026-05-21T19:30:00+00:00,64.1,64.416,64.06,64.34,39975
2026-05-21T19:35:00+00:00,64.41,64.52,64.191,64.23,44548
2026-05-21T19:40:00+00:00,64.21,64.298,63.99,64.13,40953
2026-05-21T19:45:00+00:00,64.12,64.205,64.035,64.145,40969
2026-05-21T19:50:00+00:00,64.18,64.39,64.146,64.37,67087
2026-05-21T19:55:00+00:00,64.37,65.14,64.37,65.09,277700
2026-05-21T20:00:00+00:00,65.09,65.37,64.5,65.35,116855
2026-05-21T20:05:00+00:00,65.37,66.05,65.09,65.85,70255
2026-05-21T20:10:00+00:00,65.09,65.9,65.09,65.59,5376
2026-05-21T20:15:00+00:00,65.58,65.711,65.43,65.7,3476
2026-05-21T20:20:00+00:00,65.7,65.77,65.36,65.69,2874
2026-05-21T20:25:00+00:00,65.396,65.5,65.35,65.381,1793
2026-05-21T20:30:00+00:00,65.396,65.51,65.38,65.42,3544
2026-05-21T20:35:00+00:00,65.478,65.49,65.41,65.43,1673
2026-05-21T20:40:00+00:00,65.43,65.49,65.2,65.2,1199
2026-05-21T20:45:00+00:00,65.43,65.49,64.99,65.31,835
2026-05-21T20:50:00+00:00,65.25,65.49,65.25,65.49,2388
2026-05-21T20:55:00+00:00,65.48,65.48,65.25,65.4,1247
2026-05-21T21:00:00+00:00,65.4,65.42,65.25,65.42,119604
2026-05-21T21:05:00+00:00,65.28,65.84,65.28,65.4,2580
2026-05-21T21:10:00+00:00,65.46,65.46,65.28,65.33,571
2026-05-21T21:15:00+00:00,65.404,65.45,65.33,65.45,751
2026-05-21T21:20:00+00:00,65.449,65.48,65.33,65.48,895
2026-05-21T21:25:00+00:00,65.48,65.55,65.45,65.49,613
2026-05-21T21:30:00+00:00,65.49,65.55,65.4,65.41,414
2026-05-21T21:35:00+00:00,65.4,65.55,65.4,65.41,251
2026-05-21T21:40:00+00:00,65.401,65.5,65.4,65.41,657
2026-05-21T21:45:00+00:00,65.41,65.5,65.33,65.331,1442
2026-05-21T21:50:00+00:00,65.421,65.5,65.33,65.4,530
2026-05-21T21:55:00+00:00,65.335,65.5,65.33,65.35,738
2026-05-21T22:00:00+00:00,65.4,65.429,65.33,65.4,1415
2026-05-21T22:05:00+00:00,65.4,65.4,65.339,65.4,1864
2026-05-21T22:10:00+00:00,65.5,65.5,65.357,65.357,501
2026-05-21T22:15:00+00:00,65.4,65.5,65.33,65.33,5879
2026-05-21T22:20:00+00:00,65.43,65.478,65.33,65.45,990
2026-05-21T22:25:00+00:00,65.42,65.45,65.33,65.33,198
2026-05-21T22:30:00+00:00,65.335,65.447,65.33,65.4,2091
2026-05-21T22:35:00+00:00,65.4,65.45,65.354,65.4,3188
2026-05-21T22:40:00+00:00,65.4,65.4,65.34,65.37,846
2026-05-21T22:45:00+00:00,65.45,65.45,65.34,65.44,6008
2026-05-21T22:50:00+00:00,65.37,65.5,65.37,65.461,379
2026-05-21T22:55:00+00:00,65.46,65.5,65.41,65.5,778
2026-05-21T23:00:00+00:00,65.55,65.7,65.55,65.63,383
2026-05-21T23:05:00+00:00,65.77,65.88,65.58,65.7,1139
2026-05-21T23:10:00+00:00,65.73,65.73,65.58,65.59,3036
2026-05-21T23:15:00+00:00,65.62,65.62,65.34,65.607,1640
2026-05-21T23:20:00+00:00,65.52,65.62,65.52,65.61,440
2026-05-21T23:25:00+00:00,65.6,65.6,65.5,65.5,4018
2026-05-21T23:30:00+00:00,65.58,65.62,65.51,65.55,949
2026-05-21T23:35:00+00:00,65.52,65.62,65.52,65.616,123
2026-05-21T23:40:00+00:00,65.57,65.62,65.57,65.609,458
2026-05-21T23:45:00+00:00,65.62,65.62,65.58,65.6,2907
2026-05-21T23:50:00+00:00,65.61,65.62,65.56,65.62,1702
2026-05-21T23:55:00+00:00,65.619,65.75,65.6,65.7,1398
2026-05-22T08:00:00+00:00,66.68,66.891,65.68,66.7,26116
2026-05-22T08:05:00+00:00,66.67,66.78,65.69,66.518,9604
2026-05-22T08:10:00+00:00,66.56,66.69,66.4,66.53,507
2026-05-22T08:15:00+00:00,66.54,66.895,66.513,66.76,2757
2026-05-22T08:20:00+00:00,66.8,66.938,66.54,66.703,815
2026-05-22T08:25:00+00:00,66.71,66.9,66.61,66.627,1079
2026-05-22T08:30:00+00:00,66.706,66.9,66.59,66.65,22893
2026-05-22T08:35:00+00:00,66.546,66.9,66.313,66.6,1663
2026-05-22T08:40:00+00:00,66.55,66.908,66.433,66.66,1120
2026-05-22T08:45:00+00:00,66.66,66.827,66.51,66.72,2341
2026-05-22T08:50:00+00:00,66.72,66.72,66.203,66.203,898
2026-05-22T08:55:00+00:00,66.25,66.444,66.05,66.3,2572
2026-05-22T09:00:00+00:00,66.1,66.29,65.71,65.82,3529
2026-05-22T09:05:00+00:00,65.82,65.95,65.51,65.95,2109
2026-05-22T09:10:00+00:00,65.89,66.008,65.75,65.75,1055
2026-05-22T09:15:00+00:00,65.89,66.1,65.523,65.64,625
2026-05-22T09:20:00+00:00,65.62,66.1,65.62,65.77,898
2026-05-22T09:25:00+00:00,65.78,66.0,65.59,65.6,1066
2026-05-22T09:30:00+00:00,65.867,65.867,65.2,65.4,1600
2026-05-22T09:35:00+00:00,65.5,65.5,65.39,65.39,12
2026-05-22T09:40:00+00:00,65.4,65.6,65.21,65.41,1089
2026-05-22T09:45:00+00:00,65.5,65.7,65.42,65.6,626
2026-05-22T09:50:00+00:00,65.6,65.737,65.53,65.7,1677
2026-05-22T09:55:00+00:00,65.62,65.62,65.53,65.57,193
2026-05-22T10:00:00+00:00,65.5,66.68,65.432,66.53,19047
2026-05-22T10:05:00+00:00,66.51,66.79,66.01,66.25,6686
2026-05-22T10:10:00+00:00,66.07,66.25,65.97,66.01,2378
2026-05-22T10:15:00+00:00,66.01,66.2,65.823,65.88,476
2026-05-22T10:20:00+00:00,65.83,66.04,65.7,65.99,2265
2026-05-22T10:25:00+00:00,65.98,66.0,65.68,65.992,1736
2026-05-22T10:30:00+00:00,65.692,65.8,65.278,65.53,5329
2026-05-22T10:35:00+00:00,65.53,65.787,65.21,65.787,1142
2026-05-22T10:40:00+00:00,65.527,65.8,65.38,65.54,543
2026-05-22T10:45:00+00:00,65.54,65.77,65.5,65.54,522
2026-05-22T10:50:00+00:00,65.75,65.75,65.53,65.53,4285
2026-05-22T10:55:00+00:00,65.787,65.8,65.6,65.76,210
2026-05-22T11:00:00+00:00,65.73,66.8,65.5,66.13,19613
2026-05-22T11:05:00+00:00,66.26,66.33,65.892,66.0,2940
2026-05-22T11:10:00+00:00,65.98,66.15,65.8,65.94,3998
2026-05-22T11:15:00+00:00,65.914,66.15,65.79,66.11,3744
2026-05-22T11:20:00+00:00,66.15,66.28,65.9,66.2,1073
2026-05-22T11:25:00+00:00,66.28,66.28,65.85,65.94,2974
2026-05-22T11:30:00+00:00,66.1,66.33,65.95,66.19,3351
2026-05-22T11:35:00+00:00,66.19,66.32,66.07,66.17,1635
2026-05-22T11:40:00+00:00,66.29,66.33,66.11,66.265,1602
2026-05-22T11:45:00+00:00,66.39,66.79,66.39,66.61,4806
2026-05-22T11:50:00+00:00,66.58,66.78,66.5,66.6,5907
2026-05-22T11:55:00+00:00,66.7,66.82,66.6,66.7,4562
2026-05-22T12:00:00+00:00,66.685,66.82,66.308,66.4,7711
2026-05-22T12:05:00+00:00,66.31,66.82,66.26,66.62,2200
2026-05-22T12:10:00+00:00,66.68,67.21,66.65,67.11,11376
2026-05-22T12:15:00+00:00,67.12,67.18,66.65,67.14,9752
2026-05-22T12:20:00+00:00,67.15,67.25,66.88,67.015,10469
2026-05-22T12:25:00+00:00,67.01,67.39,66.99,67.08,9251
2026-05-22T12:30:00+00:00,67.23,67.3,66.99,67.15,4767
2026-05-22T12:35:00+00:00,67.05,67.24,66.65,66.999,2568
2026-05-22T12:40:00+00:00,66.979,67.15,66.85,67.03,4384
2026-05-22T12:45:00+00:00,67.1,67.134,66.92,66.92,3304
2026-05-22T12:50:00+00:00,67.0,67.08,66.65,67.08,4951
2026-05-22T12:55:00+00:00,66.97,67.14,66.758,67.0,5866
2026-05-22T13:00:00+00:00,66.99,67.1,66.78,66.9,2277
2026-05-22T13:05:00+00:00,66.9,67.16,66.82,67.13,2802
2026-05-22T13:10:00+00:00,67.13,67.2,66.872,67.1,8097
2026-05-22T13:15:00+00:00,67.12,67.17,66.82,66.984,3188
2026-05-22T13:20:00+00:00,66.97,67.08,66.82,67.0,4635
2026-05-22T13:25:00+00:00,67.0,67.05,66.65,66.7,2142
2026-05-22T13:30:00+00:00,66.82,69.35,66.21,68.9,453730
2026-05-22T13:35:00+00:00,68.95,69.717,68.0,68.25,323847
2026-05-22T13:40:00+00:00,68.294,69.08,67.46,67.63,254666
2026-05-22T13:45:00+00:00,67.63,68.326,67.31,67.436,210414
2026-05-22T13:50:00+00:00,67.4,67.92,66.83,67.33,186578
2026-05-22T13:55:00+00:00,67.325,67.62,67.0,67.562,147347
2026-05-22T14:00:00+00:00,67.49,68.356,67.31,67.79,188049
2026-05-22T14:05:00+00:00,67.755,67.88,67.2,67.5,129637
2026-05-22T14:10:00+00:00,67.55,67.92,67.01,67.01,96723
2026-05-22T14:15:00+00:00,67.039,67.365,66.83,67.23,233173
2026-05-22T14:20:00+00:00,67.22,67.305,66.38,66.52,181557
2026-05-22T14:25:00+00:00,66.472,66.93,66.18,66.9,144368
2026-05-22T14:30:00+00:00,66.94,67.049,66.63,66.92,72631
2026-05-22T14:35:00+00:00,67.05,67.7,67.02,67.54,113509
2026-05-22T14:40:00+00:00,67.51,67.67,67.324,67.37,74960
2026-05-22T14:45:00+00:00,67.41,67.57,67.02,67.245,62808
2026-05-22T14:50:00+00:00,67.17,67.205,66.09,66.34,94702
2026-05-22T14:55:00+00:00,66.3,66.7,66.2,66.62,63471
2026-05-22T15:00:00+00:00,66.61,66.63,66.16,66.19,50732
2026-05-22T15:05:00+00:00,66.205,66.55,66.19,66.43,49587
2026-05-22T15:10:00+00:00,66.43,66.62,66.279,66.565,35482
2026-05-22T15:15:00+00:00,66.55,66.72,66.41,66.72,96208
2026-05-22T15:20:00+00:00,66.69,66.98,66.65,66.95,76060
2026-05-22T15:25:00+00:00,66.94,66.97,66.6,66.845,44139
2026-05-22T15:30:00+00:00,66.87,66.939,66.48,66.6,37557
2026-05-22T15:35:00+00:00,66.58,66.58,66.03,66.29,75713
2026-05-22T15:40:00+00:00,66.37,66.47,66.243,66.32,39907
2026-05-22T15:45:00+00:00,66.363,66.47,66.11,66.15,44855
2026-05-22T15:50:00+00:00,66.145,66.44,66.1,66.425,33899
2026-05-22T15:55:00+00:00,66.38,66.62,66.235,66.36,64787
2026-05-22T16:00:00+00:00,66.355,66.66,66.355,66.516,57944
2026-05-22T16:05:00+00:00,66.535,66.6,66.4,66.45,33607
2026-05-22T16:10:00+00:00,66.451,66.75,66.44,66.73,35512
2026-05-22T16:15:00+00:00,66.74,66.9,66.25,66.281,82465
2026-05-22T16:20:00+00:00,66.33,66.6,66.33,66.42,34569
2026-05-22T16:25:00+00:00,66.46,66.88,66.4,66.845,37245
2026-05-22T16:30:00+00:00,66.794,67.11,66.72,67.02,48794
2026-05-22T16:35:00+00:00,66.99,67.36,66.91,67.18,86515
2026-05-22T16:40:00+00:00,67.095,67.22,66.8,66.92,35071
2026-05-22T16:45:00+00:00,67.01,67.259,66.871,66.871,39116
2026-05-22T16:50:00+00:00,66.93,67.0,66.62,66.66,40826
2026-05-22T16:55:00+00:00,66.67,66.79,66.461,66.505,28057
2026-05-22T17:00:00+00:00,66.528,66.75,66.46,66.71,25553
2026-05-22T17:05:00+00:00,66.71,67.26,66.63,67.2,25417
2026-05-22T17:10:00+00:00,67.21,67.21,66.73,67.0,26740
2026-05-22T17:15:00+00:00,66.97,67.2,66.88,66.92,40583
2026-05-22T17:20:00+00:00,66.935,67.44,66.85,67.41,43371
2026-05-22T17:25:00+00:00,67.45,68.0,67.33,67.72,92034
2026-05-22T17:30:00+00:00,67.79,67.8,67.24,67.4,59798
2026-05-22T17:35:00+00:00,67.345,67.48,67.07,67.16,25427
2026-05-22T17:40:00+00:00,67.2,67.22,67.0,67.16,17341
2026-05-22T17:45:00+00:00,67.21,67.22,66.88,66.94,36130
2026-05-22T17:50:00+00:00,66.93,66.96,66.44,66.665,53755
2026-05-22T17:55:00+00:00,66.69,66.89,66.406,66.425,33678
2026-05-22T18:00:00+00:00,66.445,66.656,66.2,66.656,50255
2026-05-22T18:05:00+00:00,66.47,66.591,66.31,66.37,33056
2026-05-22T18:10:00+00:00,66.381,66.55,66.27,66.455,28224
2026-05-22T18:15:00+00:00,66.42,66.5,66.22,66.41,26626
2026-05-22T18:20:00+00:00,66.43,66.5,66.27,66.455,23004
2026-05-22T18:25:00+00:00,66.46,66.545,66.355,66.485,37990
2026-05-22T18:30:00+00:00,66.42,66.53,66.17,66.49,34060
2026-05-22T18:35:00+00:00,66.49,66.51,66.21,66.36,25891
2026-05-22T18:40:00+00:00,66.445,66.485,66.26,66.34,16050
2026-05-22T18:45:00+00:00,66.29,66.32,65.85,66.02,114271
2026-05-22T18:50:00+00:00,66.075,66.37,65.98,66.21,49014
2026-05-22T18:55:00+00:00,66.192,66.39,65.9,66.07,53948
2026-05-22T19:00:00+00:00,66.08,66.35,66.02,66.265,27637
2026-05-22T19:05:00+00:00,66.286,66.35,66.0,66.115,30468
2026-05-22T19:10:00+00:00,66.115,66.217,66.06,66.17,25916
2026-05-22T19:15:00+00:00,66.092,66.17,65.68,65.76,51140
2026-05-22T19:20:00+00:00,65.72,65.829,65.4,65.475,61615
2026-05-22T19:25:00+00:00,65.522,65.62,65.2,65.39,85674
2026-05-22T19:30:00+00:00,65.385,65.4,65.2,65.355,53813
2026-05-22T19:35:00+00:00,65.38,65.635,65.31,65.405,35647
2026-05-22T19:40:00+00:00,65.42,65.46,65.272,65.4,49116
2026-05-22T19:45:00+00:00,65.37,65.505,65.13,65.43,55887
2026-05-22T19:50:00+00:00,65.4,65.55,65.3,65.445,63177
2026-05-22T19:55:00+00:00,65.48,65.92,65.45,65.88,210129
2026-05-22T20:00:00+00:00,65.88,65.9,65.12,65.68,123573
2026-05-22T20:05:00+00:00,65.68,65.99,65.5,65.8,28265
2026-05-22T20:10:00+00:00,65.88,65.88,65.22,65.53,7931
2026-05-22T20:15:00+00:00,65.88,65.88,65.51,65.54,623
2026-05-22T20:20:00+00:00,65.69,65.7,65.51,65.67,512
2026-05-22T20:25:00+00:00,65.6,65.7,65.51,65.55,992
2026-05-22T20:30:00+00:00,65.55,65.793,65.51,65.57,2242
2026-05-22T20:35:00+00:00,65.57,65.66,65.5,65.5,2084
2026-05-22T20:40:00+00:00,65.51,65.66,65.51,65.51,1152
2026-05-22T20:45:00+00:00,65.54,65.66,65.52,65.63,839
2026-05-22T20:50:00+00:00,65.511,65.66,65.51,65.66,158
2026-05-22T20:55:00+00:00,65.63,65.66,65.51,65.51,1003
2026-05-22T21:00:00+00:00,65.51,65.66,65.51,65.59,763
2026-05-22T21:05:00+00:00,65.6,65.64,65.59,65.62,472
2026-05-22T21:10:00+00:00,65.649,65.86,65.61,65.67,791
2026-05-22T21:15:00+00:00,65.67,65.86,65.66,65.7,799
2026-05-22T21:20:00+00:00,65.7,65.8,65.66,65.78,87
2026-05-22T21:25:00+00:00,65.71,65.79,65.66,65.66,348
2026-05-22T21:30:00+00:00,65.74,65.79,65.7,65.79,273
2026-05-22T21:35:00+00:00,65.75,65.75,65.7,65.75,91
2026-05-22T21:40:00+00:00,65.75,65.86,65.75,65.787,730
2026-05-22T21:45:00+00:00,65.79,65.8,65.713,65.75,422
2026-05-22T21:50:00+00:00,65.75,65.75,65.707,65.72,336
2026-05-22T21:55:00+00:00,65.75,65.8,65.7,65.799,127
2026-05-22T22:00:00+00:00,65.72,65.8,65.71,65.79,186
2026-05-22T22:05:00+00:00,65.79,65.8,65.71,65.8,323
2026-05-22T22:10:00+00:00,65.73,65.8,65.71,65.71,691
2026-05-22T22:15:00+00:00,65.71,65.77,65.7,65.77,874
2026-05-22T22:20:00+00:00,65.7,65.787,65.7,65.78,1045
2026-05-22T22:25:00+00:00,65.78,65.86,65.7,65.7,568
2026-05-22T22:30:00+00:00,65.7,65.841,65.7,65.841,420
2026-05-22T22:35:00+00:00,65.852,65.86,65.7,65.8,3443
2026-05-22T22:40:00+00:00,65.7,65.86,65.7,65.71,2581
2026-05-22T22:45:00+00:00,65.73,65.85,65.7,65.7,515
2026-05-22T22:50:00+00:00,65.73,65.85,65.7,65.85,134
2026-05-22T22:55:00+00:00,65.85,65.85,65.7,65.75,209
2026-05-22T23:00:00+00:00,65.7,65.75,65.7,65.7,128
2026-05-22T23:05:00+00:00,65.7,65.75,65.7,65.744,2602
2026-05-22T23:10:00+00:00,65.739,65.74,65.68,65.68,1091
2026-05-22T23:15:00+00:00,65.7,65.74,65.66,65.7,3474
2026-05-22T23:20:00+00:00,65.63,65.8,65.62,65.8,1924
2026-05-22T23:25:00+00:00,65.75,65.8,65.75,65.775,639
2026-05-22T23:30:00+00:00,65.751,65.8,65.748,65.748,606
2026-05-22T23:35:00+00:00,65.68,65.75,65.66,65.7,2597
2026-05-22T23:40:00+00:00,65.65,65.691,65.54,65.68,3316
2026-05-22T23:45:00+00:00,65.62,65.7,65.44,65.62,412
2026-05-22T23:50:00+00:00,65.64,65.65,65.6,65.6,68
2026-05-22T23:55:00+00:00,65.637,65.637,65.2,65.2,729
2026-05-26T08:00:00+00:00,67.5,67.72,67.0,67.4,18318
2026-05-26T08:05:00+00:00,67.465,67.77,67.43,67.748,2826
2026-05-26T08:10:00+00:00,67.46,67.85,67.25,67.63,4683
2026-05-26T08:15:00+00:00,67.488,67.85,67.412,67.78,916
2026-05-26T08:20:00+00:00,67.78,67.83,67.58,67.722,828
2026-05-26T08:25:00+00:00,67.6,67.824,67.5,67.69,527
2026-05-26T08:30:00+00:00,67.67,67.822,67.511,67.511,234
2026-05-26T08:35:00+00:00,67.52,67.59,67.413,67.59,1127
2026-05-26T08:40:00+00:00,67.6,67.75,67.49,67.5,830
2026-05-26T08:45:00+00:00,67.53,67.6,67.41,67.462,587
2026-05-26T08:50:00+00:00,67.542,67.6,67.449,67.5,2170
2026-05-26T08:55:00+00:00,67.5,67.61,67.413,67.61,760
2026-05-26T09:00:00+00:00,67.61,67.823,67.6,67.82,2911
2026-05-26T09:05:00+00:00,67.795,67.795,67.6,67.661,1085
2026-05-26T09:10:00+00:00,67.6,67.73,67.6,67.68,908
2026-05-26T09:15:00+00:00,67.65,67.82,67.56,67.82,1838
2026-05-26T09:20:00+00:00,67.72,67.787,67.71,67.75,180
2026-05-26T09:25:00+00:00,67.738,67.99,67.61,67.97,474
2026-05-26T09:30:00+00:00,67.96,68.05,67.86,67.955,1705
2026-05-26T09:35:00+00:00,67.958,68.1,67.958,68.09,1104
2026-05-26T09:40:00+00:00,68.09,68.09,68.0,68.0,1424
2026-05-26T09:45:00+00:00,68.0,68.1,67.948,68.0,1139
2026-05-26T09:50:00+00:00,68.0,68.08,67.938,68.08,672
2026-05-26T09:55:00+00:00,68.044,68.193,68.044,68.1,1485
2026-05-26T10:00:00+00:00,68.1,68.6,68.05,68.6,5804
2026-05-26T10:05:00+00:00,68.6,68.6,68.3,68.4,1942
2026-05-26T10:10:00+00:00,68.49,68.6,68.329,68.6,1046
2026-05-26T10:15:00+00:00,68.55,68.76,68.527,68.74,2020
2026-05-26T10:20:00+00:00,68.79,68.866,68.534,68.627,1525
2026-05-26T10:25:00+00:00,68.624,68.75,68.55,68.68,792
2026-05-26T10:30:00+00:00,68.72,68.9,68.72,68.72,2813
2026-05-26T10:35:00+00:00,68.688,68.85,68.6,68.643,881
2026-05-26T10:40:00+00:00,68.527,68.79,68.334,68.5,1597
2026-05-26T10:45:00+00:00,68.8,68.8,68.28,68.48,5175
2026-05-26T10:50:00+00:00,68.4,68.45,68.18,68.18,1409
2026-05-26T10:55:00+00:00,68.21,68.347,68.04,68.143,1684
2026-05-26T11:00:00+00:00,68.02,68.35,67.854,67.992,12350
2026-05-26T11:05:00+00:00,67.99,68.34,67.99,68.26,4042
2026-05-26T11:10:00+00:00,68.2,68.39,68.1,68.346,4300
2026-05-26T11:15:00+00:00,68.21,68.44,68.1,68.41,2873
2026-05-26T11:20:00+00:00,68.44,68.6,68.35,68.57,5278
2026-05-26T11:25:00+00:00,68.37,68.64,68.37,68.64,3106
2026-05-26T11:30:00+00:00,68.52,68.666,68.36,68.4,3525
2026-05-26T11:35:00+00:00,68.55,68.55,68.2,68.311,3682
2026-05-26T11:40:00+00:00,68.38,68.41,68.2,68.39,7404
2026-05-26T11:45:00+00:00,68.21,68.45,68.21,68.25,2479
2026-05-26T11:50:00+00:00,68.291,68.41,68.21,68.39,1455
2026-05-26T11:55:00+00:00,68.355,68.36,68.252,68.27,488
2026-05-26T12:00:00+00:00,68.26,71.38,68.26,70.7,101048
2026-05-26T12:05:00+00:00,70.749,74.1,70.71,73.81,205479
2026-05-26T12:10:00+00:00,73.82,74.25,72.9,73.1,93244
2026-05-26T12:15:00+00:00,73.11,74.22,72.9,73.82,109282
2026-05-26T12:20:00+00:00,73.8,73.86,73.2,73.64,45389
2026-05-26T12:25:00+00:00,73.66,74.02,73.3,73.46,46155
2026-05-26T12:30:00+00:00,73.422,73.5,72.363,72.905,55079
2026-05-26T12:35:00+00:00,72.96,73.0,72.4,72.48,24998
2026-05-26T12:40:00+00:00,72.477,72.8,72.34,72.55,28643
2026-05-26T12:45:00+00:00,72.609,72.7,72.33,72.68,24938
2026-05-26T12:50:00+00:00,72.676,72.88,72.44,72.45,17152
2026-05-26T12:55:00+00:00,72.45,72.91,72.45,72.73,25736
2026-05-26T13:00:00+00:00,72.778,73.04,72.18,72.4,26989
2026-05-26T13:05:00+00:00,72.35,72.35,71.88,72.176,40255
2026-05-26T13:10:00+00:00,72.11,72.69,72.04,72.35,26374
2026-05-26T13:15:00+00:00,72.35,72.39,71.91,71.93,24911
2026-05-26T13:20:00+00:00,71.9,72.19,71.74,72.13,23140
2026-05-26T13:25:00+00:00,72.13,72.39,71.81,71.88,24342
2026-05-26T13:30:00+00:00,71.87,73.29,70.63,72.92,108186
2026-05-26T13:35:00+00:00,72.91,73.01,70.69,71.991,647831
2026-05-26T13:40:00+00:00,71.99,72.48,70.841,70.925,320803
2026-05-26T13:45:00+00:00,70.9,71.35,69.762,70.55,413337
2026-05-26T13:50:00+00:00,70.57,70.91,69.51,69.668,283865
2026-05-26T13:55:00+00:00,69.685,69.89,69.17,69.67,326250
2026-05-26T14:00:00+00:00,69.73,70.38,69.695,70.16,242623
2026-05-26T14:05:00+00:00,70.165,70.505,69.63,70.445,183906
2026-05-26T14:10:00+00:00,70.445,70.8,70.104,70.765,162621
2026-05-26T14:15:00+00:00,70.8,71.24,70.54,70.92,143247
2026-05-26T14:20:00+00:00,70.98,71.309,70.775,71.03,193048
2026-05-26T14:25:00+00:00,71.045,71.28,69.8,70.22,158712
2026-05-26T14:30:00+00:00,70.17,70.32,69.81,69.86,123876
2026-05-26T14:35:00+00:00,69.96,71.03,69.86,70.975,140864
2026-05-26T14:40:00+00:00,70.99,71.28,70.75,70.81,147821
2026-05-26T14:45:00+00:00,70.84,70.87,70.18,70.38,105574
2026-05-26T14:50:00+00:00,70.405,70.94,70.37,70.835,91123
2026-05-26T14:55:00+00:00,70.89,71.07,70.45,70.47,78761
2026-05-26T15:00:00+00:00,70.51,70.77,70.02,70.17,98690
2026-05-26T15:05:00+00:00,70.146,70.31,69.62,70.18,106014
2026-05-26T15:10:00+00:00,70.14,70.18,69.71,69.758,86798
2026-05-26T15:15:00+00:00,69.85,70.07,69.68,69.97,89639
2026-05-26T15:20:00+00:00,69.975,70.115,69.5,69.799,70896
2026-05-26T15:25:00+00:00,69.73,70.48,69.72,70.18,89331
2026-05-26T15:30:00+00:00,70.22,70.53,70.07,70.29,82216
2026-05-26T15:35:00+00:00,70.26,70.52,69.96,70.21,87099
2026-05-26T15:40:00+00:00,70.225,70.35,70.05,70.09,89854
2026-05-26T15:45:00+00:00,70.07,70.22,69.19,69.41,102000
2026-05-26T15:50:00+00:00,69.37,69.48,68.68,68.83,176197
2026-05-26T15:55:00+00:00,68.79,69.05,68.57,68.845,127565
2026-05-26T16:00:00+00:00,68.845,69.6,68.845,69.265,90024
2026-05-26T16:05:00+00:00,69.27,69.41,69.24,69.335,52001
2026-05-26T16:10:00+00:00,69.27,69.595,69.265,69.54,67922
2026-05-26T16:15:00+00:00,69.56,69.83,69.45,69.65,38827
2026-05-26T16:20:00+00:00,69.645,70.26,69.6,70.235,57549
2026-05-26T16:25:00+00:00,70.23,70.503,70.191,70.395,85188
2026-05-26T16:30:00+00:00,70.42,70.7,70.402,70.63,63079
2026-05-26T16:35:00+00:00,70.52,70.77,70.52,70.61,60125
2026-05-26T16:40:00+00:00,70.54,70.81,70.39,70.69,77164
2026-05-26T16:45:00+00:00,70.725,70.96,70.63,70.635,71105
2026-05-26T16:50:00+00:00,70.64,70.78,70.21,70.21,81211
2026-05-26T16:55:00+00:00,70.245,70.275,69.966,70.124,61020
2026-05-26T17:00:00+00:00,70.105,70.48,70.001,70.425,71836
2026-05-26T17:05:00+00:00,70.46,70.727,70.41,70.585,94101
2026-05-26T17:10:00+00:00,70.6,70.72,70.53,70.72,43832
2026-05-26T17:15:00+00:00,70.71,70.795,70.42,70.59,40341
2026-05-26T17:20:00+00:00,70.49,70.83,70.3,70.365,49923
2026-05-26T17:25:00+00:00,70.37,70.51,70.1,70.198,30109
2026-05-26T17:30:00+00:00,70.16,70.8,70.05,70.62,66827
2026-05-26T17:35:00+00:00,70.68,70.69,70.34,70.43,45278
2026-05-26T17:40:00+00:00,70.446,70.49,70.32,70.43,39061
2026-05-26T17:45:00+00:00,70.363,70.88,70.363,70.8,81779
2026-05-26T17:50:00+00:00,70.775,70.775,70.52,70.55,49360
2026-05-26T17:55:00+00:00,70.5,70.59,70.23,70.32,26707
2026-05-26T18:00:00+00:00,70.345,70.66,70.32,70.593,54555
2026-05-26T18:05:00+00:00,70.595,70.7,70.41,70.555,53404
2026-05-26T18:10:00+00:00,70.51,70.63,70.3,70.325,32085
2026-05-26T18:15:00+00:00,70.37,70.56,70.33,70.53,45066
2026-05-26T18:20:00+00:00,70.535,70.63,70.219,70.235,31989
2026-05-26T18:25:00+00:00,70.24,70.37,69.5,69.66,103352
2026-05-26T18:30:00+00:00,69.66,69.77,69.32,69.49,68421
2026-05-26T18:35:00+00:00,69.445,69.522,69.2,69.285,68885
2026-05-26T18:40:00+00:00,69.305,69.479,68.95,69.06,82372
2026-05-26T18:45:00+00:00,69.06,69.17,68.84,69.17,59709
2026-05-26T18:50:00+00:00,69.216,69.3,68.9,68.965,50218
2026-05-26T18:55:00+00:00,69.0,69.11,68.08,68.2,139493
2026-05-26T19:00:00+00:00,68.18,68.74,68.17,68.7,67244
2026-05-26T19:05:00+00:00,68.73,68.93,68.6,68.78,51065
2026-05-26T19:10:00+00:00,68.82,68.93,68.55,68.6,53728
2026-05-26T19:15:00+00:00,68.62,68.768,68.361,68.51,58221
2026-05-26T19:20:00+00:00,68.48,68.67,68.435,68.56,63384
2026-05-26T19:25:00+00:00,68.53,68.62,68.32,68.53,54040
2026-05-26T19:30:00+00:00,68.53,68.95,68.5,68.855,77480
2026-05-26T19:35:00+00:00,68.89,69.06,68.85,68.936,59426
2026-05-26T19:40:00+00:00,68.935,68.94,68.37,68.385,73499
2026-05-26T19:45:00+00:00,68.36,68.77,68.3,68.755,72953
2026-05-26T19:50:00+00:00,68.77,68.955,68.5,68.82,101722
2026-05-26T19:55:00+00:00,68.815,68.909,68.66,68.7,194458
2026-05-26T20:00:00+00:00,68.7,68.94,68.5,68.78,223360
2026-05-26T20:05:00+00:00,68.79,68.9,68.6,68.63,1701
2026-05-26T20:10:00+00:00,68.7,68.9,68.61,68.67,55983
2026-05-26T20:15:00+00:00,68.65,68.9,68.61,68.9,5486
2026-05-26T20:20:00+00:00,68.713,68.85,68.4,68.591,1966
2026-05-26T20:25:00+00:00,68.62,68.85,68.2,68.27,1071
2026-05-26T20:30:00+00:00,68.35,68.42,68.21,68.39,4527
2026-05-26T20:35:00+00:00,68.315,68.62,68.27,68.62,3515
2026-05-26T20:40:00+00:00,68.369,68.7,68.32,68.62,1266
2026-05-26T20:45:00+00:00,68.5,68.67,68.475,68.62,5099
2026-05-26T20:50:00+00:00,68.619,68.62,68.5,68.55,705
2026-05-26T20:55:00+00:00,68.55,68.59,68.5,68.55,1247
2026-05-26T21:00:00+00:00,68.55,68.7,68.5,68.7,286
2026-05-26T21:05:00+00:00,68.7,69.0,68.65,68.705,43642
2026-05-26T21:10:00+00:00,68.701,69.0,68.7,68.944,827
2026-05-26T21:15:00+00:00,68.99,69.23,68.87,69.06,4526
2026-05-26T21:20:00+00:00,69.229,69.23,68.87,68.9,3946
2026-05-26T21:25:00+00:00,69.15,69.15,68.81,68.9,1759
2026-05-26T21:30:00+00:00,69.13,69.13,68.81,68.988,1016
2026-05-26T21:35:00+00:00,68.831,68.987,68.831,68.92,578
2026-05-26T21:40:00+00:00,68.95,68.97,68.908,68.958,12951
2026-05-26T21:45:00+00:00,68.97,69.15,68.91,69.02,1426
2026-05-26T21:50:00+00:00,69.1,69.15,68.95,69.064,1387
2026-05-26T21:55:00+00:00,69.11,69.15,68.89,68.89,1351
2026-05-26T22:00:00+00:00,68.89,69.05,68.866,69.02,832
2026-05-26T22:05:00+00:00,68.95,69.03,68.8,68.9,1579
2026-05-26T22:10:00+00:00,68.89,69.03,68.8,69.03,1065
2026-05-26T22:15:00+00:00,68.83,69.03,68.83,68.97,1065
2026-05-26T22:20:00+00:00,69.03,69.03,68.88,68.922,609
2026-05-26T22:25:00+00:00,68.92,69.0,68.92,69.0,258
2026-05-26T22:30:00+00:00,69.0,69.099,69.0,69.09,1979
2026-05-26T22:35:00+00:00,69.08,69.088,68.92,68.92,541
2026-05-26T22:40:00+00:00,68.97,69.09,68.97,69.09,767
2026-05-26T22:45:00+00:00,69.089,69.09,68.95,69.0,3815
2026-05-26T22:50:00+00:00,69.0,69.09,68.99,69.004,1183
2026-05-26T22:55:00+00:00,69.008,69.09,69.008,69.03,779
2026-05-26T23:00:00+00:00,69.029,69.2,69.02,69.2,2806
2026-05-26T23:05:00+00:00,69.187,69.2,69.02,69.16,1634
2026-05-26T23:10:00+00:00,69.16,69.2,69.11,69.19,1218
2026-05-26T23:15:00+00:00,69.18,69.186,69.02,69.18,4118
2026-05-26T23:20:00+00:00,69.18,69.18,69.048,69.119,1803
2026-05-26T23:25:00+00:00,69.15,69.17,69.1,69.17,345
2026-05-26T23:30:00+00:00,69.1,69.33,69.1,69.23,5451
2026-05-26T23:35:00+00:00,69.32,69.5,69.23,69.319,2553
2026-05-26T23:40:00+00:00,69.5,69.68,69.23,69.536,3191
2026-05-26T23:45:00+00:00,69.54,69.7,69.3,69.595,4456
2026-05-26T23:50:00+00:00,69.5,69.7,69.4,69.591,3854
2026-05-26T23:55:00+00:00,69.589,69.6,69.4,69.4,252
2026-05-27T08:00:00+00:00,68.93,69.72,68.6,69.72,29306
2026-05-27T08:05:00+00:00,69.7,69.9,68.78,69.739,5969
2026-05-27T08:10:00+00:00,69.802,70.28,69.802,70.2,6142
2026-05-27T08:15:00+00:00,70.23,70.449,70.1,70.1,2015
2026-05-27T08:20:00+00:00,70.0,70.209,69.91,70.01,2044
2026-05-27T08:25:00+00:00,70.11,70.27,70.09,70.195,1344
2026-05-27T08:30:00+00:00,70.16,70.3,70.0,70.028,1660
2026-05-27T08:35:00+00:00,70.162,70.162,69.92,69.92,4203
2026-05-27T08:40:00+00:00,69.92,70.0,69.9,69.9,217
2026-05-27T08:45:00+00:00,69.86,70.0,69.85,69.94,775
2026-05-27T08:50:00+00:00,69.94,69.94,69.815,69.815,4855
2026-05-27T08:55:00+00:00,69.89,69.999,69.81,69.89,2312
2026-05-27T09:00:00+00:00,69.89,69.933,69.77,69.88,1829
2026-05-27T09:05:00+00:00,69.88,69.9,69.705,69.75,1224
2026-05-27T09:10:00+00:00,69.75,69.99,69.748,69.78,444
2026-05-27T09:15:00+00:00,69.78,69.98,69.756,69.98,4409
2026-05-27T09:20:00+00:00,69.98,70.146,69.88,70.146,1640
2026-05-27T09:25:00+00:00,70.0,70.14,70.0,70.07,2213
2026-05-27T09:30:00+00:00,70.0,70.14,69.91,70.09,593
2026-05-27T09:35:00+00:00,70.02,70.1,70.0,70.1,1005
2026-05-27T09:40:00+00:00,70.15,70.15,70.01,70.07,4322
2026-05-27T09:45:00+00:00,70.038,70.3,70.007,70.3,983
2026-05-27T09:50:00+00:00,70.3,70.3,69.93,70.08,836
2026-05-27T09:55:00+00:00,70.072,70.24,69.919,70.24,288
2026-05-27T10:00:00+00:00,70.24,70.25,70.04,70.04,449
2026-05-27T10:05:00+00:00,70.04,70.2,70.04,70.19,629
2026-05-27T10:10:00+00:00,70.19,70.25,70.1,70.14,1035
2026-05-27T10:15:00+00:00,70.13,70.2,70.07,70.1,524
2026-05-27T10:20:00+00:00,70.09,70.17,70.046,70.11,654
2026-05-27T10:25:00+00:00,70.1,70.23,70.06,70.14,456
2026-05-27T10:30:00+00:00,70.15,70.18,70.03,70.09,888
2026-05-27T10:35:00+00:00,70.03,70.12,70.0,70.025,7545
2026-05-27T10:40:00+00:00,70.031,70.123,70.0,70.06,440
2026-05-27T10:45:00+00:00,70.06,70.179,70.007,70.14,842
2026-05-27T10:50:00+00:00,70.123,70.25,70.11,70.16,923
2026-05-27T10:55:00+00:00,70.245,70.25,70.003,70.003,675
2026-05-27T11:00:00+00:00,70.06,70.79,70.0,70.4,6851
2026-05-27T11:05:00+00:00,70.37,70.6,70.32,70.6,8722
2026-05-27T11:10:00+00:00,70.413,70.63,70.4,70.6,5916
2026-05-27T11:15:00+00:00,70.625,70.78,70.45,70.78,4693
2026-05-27T11:20:00+00:00,70.78,70.92,70.736,70.847,14390
2026-05-27T11:25:00+00:00,70.81,70.85,70.6,70.8,2769
2026-05-27T11:30:00+00:00,70.85,70.85,70.59,70.599,3767
2026-05-27T11:35:00+00:00,70.57,70.71,70.505,70.53,2331
2026-05-27T11:40:00+00:00,70.57,70.627,70.5,70.62,3831
2026-05-27T11:45:00+00:00,70.6,70.71,70.55,70.7,4207
2026-05-27T11:50:00+00:00,70.699,70.699,70.45,70.45,4786
2026-05-27T11:55:00+00:00,70.45,70.48,70.2,70.34,6008
2026-05-27T12:00:00+00:00,70.3,70.4,70.19,70.342,4233
2026-05-27T12:05:00+00:00,70.3,70.4,70.2,70.298,3110
2026-05-27T12:10:00+00:00,70.27,70.3,69.95,70.0,11259
2026-05-27T12:15:00+00:00,69.94,70.2,69.65,70.199,8190
2026-05-27T12:20:00+00:00,70.01,70.4,70.01,70.2,4848
2026-05-27T12:25:00+00:00,70.192,70.61,70.068,70.47,3080
2026-05-27T12:30:00+00:00,70.41,70.44,70.18,70.27,3426
2026-05-27T12:35:00+00:00,70.37,70.42,70.2,70.4,3124
2026-05-27T12:40:00+00:00,70.302,70.38,70.06,70.2,5329
2026-05-27T12:45:00+00:00,70.12,70.3,70.0,70.05,7987
2026-05-27T12:50:00+00:00,70.05,70.3,70.0,70.07,4692
2026-05-27T12:55:00+00:00,70.139,70.3,70.05,70.15,3156
2026-05-27T13:00:00+00:00,70.15,70.19,70.0,70.005,8486
2026-05-27T13:05:00+00:00,70.045,70.09,69.6,69.797,3861
2026-05-27T13:10:00+00:00,69.66,69.8,69.41,69.44,18198
2026-05-27T13:15:00+00:00,69.46,69.734,69.427,69.611,8680
2026-05-27T13:20:00+00:00,69.6,69.76,69.5,69.55,3191
2026-05-27T13:25:00+00:00,69.54,69.69,69.01,69.37,6790
2026-05-27T13:30:00+00:00,69.34,69.52,67.73,67.78,196091
2026-05-27T13:35:00+00:00,67.79,68.35,66.88,67.316,205457
2026-05-27T13:40:00+00:00,67.26,67.325,65.75,66.16,295806
2026-05-27T13:45:00+00:00,66.21,66.766,65.5,65.82,200593
2026-05-27T13:50:00+00:00,65.775,67.037,65.65,66.24,186309
2026-05-27T13:55:00+00:00,66.195,66.87,65.775,66.69,124042
2026-05-27T14:00:00+00:00,66.71,67.305,66.63,67.272,100556
2026-05-27T14:05:00+00:00,67.286,67.3,66.63,66.89,92632
2026-05-27T14:10:00+00:00,66.9,66.96,66.01,66.77,133316
2026-05-27T14:15:00+00:00,66.76,67.24,66.51,66.91,78752
2026-05-27T14:20:00+00:00,66.925,66.95,66.031,66.43,80203
2026-05-27T14:25:00+00:00,66.3,66.48,65.61,66.095,127414
2026-05-27T14:30:00+00:00,66.09,66.72,66.09,66.695,77723
2026-05-27T14:35:00+00:00,66.76,67.1,66.44,67.02,70127
2026-05-27T14:40:00+00:00,66.946,67.23,66.7,67.07,66890
2026-05-27T14:45:00+00:00,67.024,67.53,66.695,66.708,67433
2026-05-27T14:50:00+00:00,66.65,67.103,66.65,66.95,44009
2026-05-27T14:55:00+00:00,66.95,66.99,66.318,66.51,48226
2026-05-27T15:00:00+00:00,66.555,66.579,66.2,66.41,43399
2026-05-27T15:05:00+00:00,66.421,66.79,66.355,66.735,35066
2026-05-27T15:10:00+00:00,66.73,67.17,66.73,67.1,42617
2026-05-27T15:15:00+00:00,66.91,66.945,66.625,66.625,33341
2026-05-27T15:20:00+00:00,66.63,66.725,66.325,66.64,47714
2026-05-27T15:25:00+00:00,66.64,66.87,66.59,66.82,34845
2026-05-27T15:30:00+00:00,66.855,67.04,66.76,66.855,32163
2026-05-27T15:35:00+00:00,66.885,66.885,66.25,66.29,33105
2026-05-27T15:40:00+00:00,66.29,66.428,66.22,66.23,42067
2026-05-27T15:45:00+00:00,66.23,66.36,65.57,65.735,92161
2026-05-27T15:50:00+00:00,65.77,66.01,65.37,65.58,84282
2026-05-27T15:55:00+00:00,65.625,65.84,65.4,65.76,47884
2026-05-27T16:00:00+00:00,65.77,66.21,65.66,66.1,64043
2026-05-27T16:05:00+00:00,66.134,66.355,66.01,66.315,53442
2026-05-27T16:10:00+00:00,66.33,66.77,66.24,66.6,53830
2026-05-27T16:15:00+00:00,66.595,66.74,66.42,66.575,48877
2026-05-27T16:20:00+00:00,66.545,67.103,66.545,67.02,55629
2026-05-27T16:25:00+00:00,67.035,67.52,66.88,67.422,86751
2026-05-27T16:30:00+00:00,67.455,67.64,67.385,67.485,52291
2026-05-27T16:35:00+00:00,67.485,67.55,67.2,67.295,42895
2026-05-27T16:40:00+00:00,67.295,67.505,67.07,67.115,43291
2026-05-27T16:45:00+00:00,67.115,67.748,67.02,67.694,60922
2026-05-27T16:50:00+00:00,67.72,67.96,67.5,67.67,102404
2026-05-27T16:55:00+00:00,67.655,67.95,67.45,67.87,49663
2026-05-27T17:00:00+00:00,67.89,68.16,67.785,67.79,90976
2026-05-27T17:05:00+00:00,67.76,67.82,67.29,67.315,59499
2026-05-27T17:10:00+00:00,67.32,67.47,66.86,67.09,67051
2026-05-27T17:15:00+00:00,67.11,67.709,67.002,67.675,38683
2026-05-27T17:20:00+00:00,67.66,67.72,67.6,67.615,25997
2026-05-27T17:25:00+00:00,67.581,67.738,67.52,67.734,29667
2026-05-27T17:30:00+00:00,67.725,67.85,67.53,67.78,25795
2026-05-27T17:35:00+00:00,67.745,67.745,67.43,67.43,25562
2026-05-27T17:40:00+00:00,67.455,67.5,67.21,67.35,26853
2026-05-27T17:45:00+00:00,67.38,67.438,67.25,67.355,20321
2026-05-27T17:50:00+00:00,67.35,67.575,67.3,67.31,42044
2026-05-27T17:55:00+00:00,67.355,67.4,67.14,67.349,32915
2026-05-27T18:00:00+00:00,67.38,67.38,67.12,67.16,21772
2026-05-27T18:05:00+00:00,67.225,67.56,67.16,67.44,32569
2026-05-27T18:10:00+00:00,67.405,67.495,67.29,67.417,26769
2026-05-27T18:15:00+00:00,67.44,67.54,67.31,67.485,25574
2026-05-27T18:20:00+00:00,67.528,67.528,67.08,67.365,40874
2026-05-27T18:25:00+00:00,67.375,67.58,67.2,67.385,41394
2026-05-27T18:30:00+00:00,67.35,67.45,67.3,67.4,21113
2026-05-27T18:35:00+00:00,67.37,67.39,67.14,67.24,23886
2026-05-27T18:40:00+00:00,67.2,67.35,67.091,67.192,22657
2026-05-27T18:45:00+00:00,67.175,67.32,67.05,67.05,25778
2026-05-27T18:50:00+00:00,67.21,67.36,67.06,67.26,45930
2026-05-27T18:55:00+00:00,67.265,67.32,66.7,66.95,54617
2026-05-27T19:00:00+00:00,66.95,67.04,66.75,66.9,34811
2026-05-27T19:05:00+00:00,66.89,66.96,66.6,66.67,37484
2026-05-27T19:10:00+00:00,66.72,66.76,66.55,66.61,27638
2026-05-27T19:15:00+00:00,66.59,66.934,66.59,66.93,45051
2026-05-27T19:20:00+00:00,66.915,67.198,66.88,67.045,33627
2026-05-27T19:25:00+00:00,67.06,67.12,66.925,67.1,35625
2026-05-27T19:30:00+00:00,67.12,67.44,67.03,67.415,43657
2026-05-27T19:35:00+00:00,67.5,67.693,67.302,67.32,41996
2026-05-27T19:40:00+00:00,67.34,67.65,67.305,67.65,50629
2026-05-27T19:45:00+00:00,67.665,67.83,67.59,67.8,57073
2026-05-27T19:50:00+00:00,67.83,67.96,67.78,67.87,78943
2026-05-27T19:55:00+00:00,67.87,67.89,67.53,67.82,220187
2026-05-27T20:00:00+00:00,67.552,67.9,67.02,67.82,166231
2026-05-27T20:05:00+00:00,67.2,67.44,67.025,67.29,8313
2026-05-27T20:10:00+00:00,67.29,67.82,67.198,67.465,1359
2026-05-27T20:15:00+00:00,67.463,67.7,67.46,67.7,2069
2026-05-27T20:20:00+00:00,67.6,67.8,67.6,67.8,2012
2026-05-27T20:25:00+00:00,67.8,67.8,67.65,67.8,1640
2026-05-27T20:30:00+00:00,67.77,67.8,67.7,67.74,360
2026-05-27T20:35:00+00:00,67.797,67.82,67.71,67.789,943
2026-05-27T20:40:00+00:00,67.83,67.88,67.67,67.74,473
2026-05-27T20:45:00+00:00,67.81,67.89,67.75,67.887,495
2026-05-27T20:50:00+00:00,67.89,67.89,67.75,67.89,2402
2026-05-27T20:55:00+00:00,67.887,67.89,67.66,67.66,2203
2026-05-27T21:00:00+00:00,67.708,67.8,67.65,67.7,216
2026-05-27T21:05:00+00:00,67.787,67.8,67.46,67.46,565
2026-05-27T21:10:00+00:00,67.623,67.73,67.5,67.57,433
2026-05-27T21:15:00+00:00,67.57,67.792,67.46,67.55,225
2026-05-27T21:20:00+00:00,67.55,67.79,67.5,67.79,494
2026-05-27T21:25:00+00:00,67.8,67.8,67.5,67.8,479
2026-05-27T21:30:00+00:00,67.56,67.8,67.5,67.73,2254
2026-05-27T21:35:00+00:00,67.64,67.8,67.53,67.64,492
2026-05-27T21:40:00+00:00,67.64,67.72,67.5,67.534,736
2026-05-27T21:45:00+00:00,67.55,67.72,67.53,67.57,1802
2026-05-27T21:50:00+00:00,67.69,67.72,67.581,67.72,1612
2026-05-27T21:55:00+00:00,67.619,67.62,67.5,67.6,958
2026-05-27T22:00:00+00:00,67.6,67.8,67.5,67.7,1370
2026-05-27T22:05:00+00:00,67.73,67.8,67.526,67.69,929
2026-05-27T22:10:00+00:00,67.7,67.7,67.5,67.68,3590
2026-05-27T22:15:00+00:00,67.523,67.678,67.5,67.53,548
2026-05-27T22:20:00+00:00,67.523,67.68,67.5,67.67,658
2026-05-27T22:25:00+00:00,67.66,67.68,67.54,67.63,381
2026-05-27T22:30:00+00:00,67.6,67.68,67.56,67.6,1966
2026-05-27T22:35:00+00:00,67.6,67.8,67.57,67.7,746
2026-05-27T22:40:00+00:00,67.7,67.7,67.57,67.658,68
2026-05-27T22:45:00+00:00,67.69,67.75,67.57,67.61,644
2026-05-27T22:50:00+00:00,67.75,67.75,67.57,67.61,247
2026-05-27T22:55:00+00:00,67.68,67.68,67.6,67.61,448
2026-05-27T23:00:00+00:00,67.669,67.75,67.6,67.75,532
2026-05-27T23:05:00+00:00,67.68,67.75,67.68,67.709,648
2026-05-27T23:10:00+00:00,67.61,67.75,67.59,67.75,1985
2026-05-27T23:15:00+00:00,67.595,67.75,67.59,67.75,657
2026-05-27T23:20:00+00:00,67.67,67.7,67.561,67.57,716
2026-05-27T23:25:00+00:00,67.57,67.57,67.54,67.54,628
2026-05-27T23:30:00+00:00,67.75,67.75,67.5,67.5,331
2026-05-27T23:35:00+00:00,67.7,67.7,67.403,67.403,929
2026-05-27T23:40:00+00:00,67.4,67.6,67.22,67.57,470
2026-05-27T23:45:00+00:00,67.56,67.59,67.3,67.422,547
2026-05-27T23:50:00+00:00,67.3,67.59,67.22,67.44,1085
2026-05-27T23:55:00+00:00,67.37,67.571,67.3,67.3,1234
2026-05-28T08:00:00+00:00,66.47,67.168,64.36,66.05,53326
2026-05-28T08:05:00+00:00,66.48,66.594,66.07,66.2,776
2026-05-28T08:10:00+00:00,66.493,66.71,65.18,66.39,14446
2026-05-28T08:15:00+00:00,66.45,66.49,66.216,66.49,484
2026-05-28T08:20:00+00:00,66.5,66.66,66.33,66.59,1473
2026-05-28T08:25:00+00:00,66.363,66.598,66.36,66.38,668
2026-05-28T08:30:00+00:00,66.49,66.593,66.33,66.49,26
2026-05-28T08:35:00+00:00,66.49,66.6,66.32,66.37,755
2026-05-28T08:40:00+00:00,66.37,66.478,66.29,66.29,2601
2026-05-28T08:45:00+00:00,66.38,66.466,66.28,66.31,2079
2026-05-28T08:50:00+00:00,66.31,66.46,66.22,66.46,1449
2026-05-28T08:55:00+00:00,66.39,66.473,66.33,66.39,455
2026-05-28T09:00:00+00:00,66.435,66.593,66.435,66.45,754
2026-05-28T09:05:00+00:00,66.45,66.587,66.21,66.22,481
2026-05-28T09:10:00+00:00,66.19,66.46,66.17,66.46,842
2026-05-28T09:15:00+00:00,66.34,66.487,66.18,66.18,205
2026-05-28T09:20:00+00:00,66.199,66.437,66.09,66.437,286
2026-05-28T09:25:00+00:00,66.43,66.439,66.0,66.05,35
2026-05-28T09:30:00+00:00,66.2,66.2,66.05,66.08,540
2026-05-28T09:35:00+00:00,66.08,66.287,65.86,65.88,2035
2026-05-28T09:40:00+00:00,66.283,66.283,65.83,66.04,186
2026-05-28T09:45:00+00:00,66.05,66.3,65.99,66.16,337
2026-05-28T09:50:00+00:00,66.1,66.18,66.1,66.13,304
2026-05-28T09:55:00+00:00,66.13,66.16,66.06,66.16,300
2026-05-28T10:00:00+00:00,66.21,66.297,66.2,66.26,253
2026-05-28T10:05:00+00:00,66.26,66.288,66.07,66.07,182
2026-05-28T10:10:00+00:00,66.1,66.21,66.1,66.138,409
2026-05-28T10:15:00+00:00,66.22,66.3,66.07,66.1,389
2026-05-28T10:20:00+00:00,66.1,66.2,65.9,66.19,1482
2026-05-28T10:25:00+00:00,66.0,66.18,66.0,66.11,325
2026-05-28T10:30:00+00:00,66.11,66.17,66.0,66.161,275
2026-05-28T10:35:00+00:00,66.02,66.3,65.92,66.0,1393
2026-05-28T10:40:00+00:00,65.94,66.136,65.94,65.99,355
2026-05-28T10:45:00+00:00,65.97,66.287,65.81,66.2,1064
2026-05-28T10:50:00+00:00,65.93,66.287,65.7,65.87,839
2026-05-28T10:55:00+00:00,65.87,66.0,65.83,65.9,706
2026-05-28T11:00:00+00:00,66.0,66.19,65.55,65.72,8039
2026-05-28T11:05:00+00:00,65.55,65.99,65.5,65.61,5876
2026-05-28T11:10:00+00:00,65.57,65.9,65.46,65.503,10337
2026-05-28T11:15:00+00:00,65.6,66.0,65.542,65.71,2477
2026-05-28T11:20:00+00:00,65.73,66.0,65.709,65.709,2373
2026-05-28T11:25:00+00:00,65.76,65.88,65.75,65.877,1385
2026-05-28T11:30:00+00:00,65.77,65.94,65.75,65.85,2027
2026-05-28T11:35:00+00:00,65.82,65.95,65.76,65.88,1247
2026-05-28T11:40:00+00:00,65.9,66.04,65.818,65.93,1036
2026-05-28T11:45:00+00:00,66.0,66.19,65.889,66.09,1055
2026-05-28T11:50:00+00:00,66.09,66.09,65.83,66.0,853
2026-05-28T11:55:00+00:00,66.0,66.06,65.9,65.97,2113
2026-05-28T12:00:00+00:00,66.05,66.16,65.95,66.04,826
2026-05-28T12:05:00+00:00,65.99,66.45,65.99,66.419,2940
2026-05-28T12:10:00+00:00,66.27,66.4,66.0,66.21,343
2026-05-28T12:15:00+00:00,66.3,66.3,66.1,66.12,1805
2026-05-28T12:20:00+00:00,66.12,66.3,66.0,66.0,1451
2026-05-28T12:25:00+00:00,66.061,66.29,66.0,66.1,1855
2026-05-28T12:30:00+00:00,66.05,66.55,66.04,66.47,1750
2026-05-28T12:35:00+00:00,66.47,66.76,66.47,66.62,4223
2026-05-28T12:40:00+00:00,66.68,66.76,66.53,66.71,8777
2026-05-28T12:45:00+00:00,66.63,66.981,66.63,66.97,5197
2026-05-28T12:50:00+00:00,66.9,67.29,66.8,67.24,6216
2026-05-28T12:55:00+00:00,67.23,67.29,67.03,67.04,6061
2026-05-28T13:00:00+00:00,67.178,67.5,67.052,67.396,1380
2026-05-28T13:05:00+00:00,67.37,67.37,66.78,66.79,5323
2026-05-28T13:10:00+00:00,66.86,66.927,66.6,66.67,2266
2026-05-28T13:15:00+00:00,66.68,66.85,66.57,66.7,7373
2026-05-28T13:20:00+00:00,66.69,66.95,66.21,66.214,13205
2026-05-28T13:25:00+00:00,66.255,66.52,66.08,66.52,11950
2026-05-28T13:30:00+00:00,66.48,67.17,65.62,66.51,170979
2026-05-28T13:35:00+00:00,66.45,67.46,66.38,66.94,106732
2026-05-28T13:40:00+00:00,66.86,67.463,66.86,67.36,82060
2026-05-28T13:45:00+00:00,67.39,67.99,66.96,67.615,123772
2026-05-28T13:50:00+00:00,67.67,67.85,67.3,67.56,124950
2026-05-28T13:55:00+00:00,67.6,67.99,67.24,67.92,83098
2026-05-28T14:00:00+00:00,67.97,68.23,67.25,67.25,95490
2026-05-28T14:05:00+00:00,67.3,67.67,67.14,67.5,68065
2026-05-28T14:10:00+00:00,67.51,68.19,67.12,67.973,104287
2026-05-28T14:15:00+00:00,68.01,68.31,67.525,68.07,123018
2026-05-28T14:20:00+00:00,68.073,68.21,67.44,68.2,110382
2026-05-28T14:25:00+00:00,68.21,68.31,67.814,68.0,99663
2026-05-28T14:30:00+00:00,68.02,68.13,67.49,67.57,78836
2026-05-28T14:35:00+00:00,67.59,67.87,67.43,67.85,66717
2026-05-28T14:40:00+00:00,67.855,68.31,67.855,68.3,70029
2026-05-28T14:45:00+00:00,68.29,68.73,68.16,68.315,91029
2026-05-28T14:50:00+00:00,68.36,68.677,68.27,68.27,73833
2026-05-28T14:55:00+00:00,68.315,68.47,68.15,68.29,81854
2026-05-28T15:00:00+00:00,68.265,68.67,68.25,68.39,58402
2026-05-28T15:05:00+00:00,68.38,68.73,68.334,68.73,41880
2026-05-28T15:10:00+00:00,68.74,68.91,68.63,68.86,79003
2026-05-28T15:15:00+00:00,68.91,69.615,68.74,69.58,101630
2026-05-28T15:20:00+00:00,69.615,70.18,69.54,69.94,153290
2026-05-28T15:25:00+00:00,69.91,70.69,69.91,70.35,207161
2026-05-28T15:30:00+00:00,70.365,70.37,69.565,69.84,131009
2026-05-28T15:35:00+00:00,69.86,70.38,69.72,70.08,116686
2026-05-28T15:40:00+00:00,70.095,70.53,69.8,70.415,93315
2026-05-28T15:45:00+00:00,70.447,70.47,69.97,70.137,100991
2026-05-28T15:50:00+00:00,70.125,70.48,70.12,70.445,71350
2026-05-28T15:55:00+00:00,70.41,70.665,70.37,70.665,63810
2026-05-28T16:00:00+00:00,70.66,70.978,70.47,70.605,98078
2026-05-28T16:05:00+00:00,70.62,70.72,70.42,70.575,62638
2026-05-28T16:10:00+00:00,70.575,70.575,70.269,70.269,57983
2026-05-28T16:15:00+00:00,70.305,70.36,70.13,70.18,73295
2026-05-28T16:20:00+00:00,70.172,70.18,69.41,69.575,134984
2026-05-28T16:25:00+00:00,69.6,69.638,69.35,69.54,59852
2026-05-28T16:30:00+00:00,69.558,69.57,69.03,69.505,79281
2026-05-28T16:35:00+00:00,69.523,69.71,69.47,69.575,45434
2026-05-28T16:40:00+00:00,69.61,69.66,69.405,69.5,47758
2026-05-28T16:45:00+00:00,69.47,69.69,69.4,69.49,44342
2026-05-28T16:50:00+00:00,69.49,69.62,69.26,69.595,61215
2026-05-28T16:55:00+00:00,69.6,69.88,69.6,69.76,51912
2026-05-28T17:00:00+00:00,69.762,70.02,69.57,69.595,42928
2026-05-28T17:05:00+00:00,69.52,69.56,69.21,69.365,55466
2026-05-28T17:10:00+00:00,69.35,69.4,68.74,68.75,69026
2026-05-28T17:15:00+00:00,68.75,68.95,68.741,68.865,52616
2026-05-28T17:20:00+00:00,68.87,68.925,68.43,68.475,59637
2026-05-28T17:25:00+00:00,68.475,68.61,68.44,68.56,40092
2026-05-28T17:30:00+00:00,68.542,68.62,68.17,68.18,47389
2026-05-28T17:35:00+00:00,68.18,68.3,67.98,68.178,56857
2026-05-28T17:40:00+00:00,68.11,68.24,67.97,67.995,52954
2026-05-28T17:45:00+00:00,67.96,68.47,67.83,68.265,64069
2026-05-28T17:50:00+00:00,68.26,68.39,68.12,68.195,57993
2026-05-28T17:55:00+00:00,68.22,68.25,67.97,68.02,43094
2026-05-28T18:00:00+00:00,68.05,68.39,68.02,68.1,53441
2026-05-28T18:05:00+00:00,68.07,68.49,68.07,68.37,49024
2026-05-28T18:10:00+00:00,68.38,68.43,68.25,68.25,30246
2026-05-28T18:15:00+00:00,68.275,68.45,68.2,68.309,42107
2026-05-28T18:20:00+00:00,68.25,68.533,68.16,68.533,35219
2026-05-28T18:25:00+00:00,68.539,68.61,68.41,68.5,36350
2026-05-28T18:30:00+00:00,68.52,68.67,68.45,68.53,36153
2026-05-28T18:35:00+00:00,68.49,68.505,68.22,68.33,35686
2026-05-28T18:40:00+00:00,68.325,68.45,68.17,68.45,22903
2026-05-28T18:45:00+00:00,68.412,68.47,68.17,68.31,23002
2026-05-28T18:50:00+00:00,68.31,68.34,68.12,68.3,42721
2026-05-28T18:55:00+00:00,68.34,68.5,68.2,68.42,43737
2026-05-28T19:00:00+00:00,68.44,68.58,68.32,68.505,38221
2026-05-28T19:05:00+00:00,68.545,68.545,68.283,68.34,18423
2026-05-28T19:10:00+00:00,68.343,68.36,67.88,67.88,60973
2026-05-28T19:15:00+00:00,67.91,68.18,67.84,67.96,52506
2026-05-28T19:20:00+00:00,67.986,68.019,67.52,67.991,49076
2026-05-28T19:25:00+00:00,68.0,68.03,67.839,67.902,40095
2026-05-28T19:30:00+00:00,67.97,67.989,67.825,67.87,47281
2026-05-28T19:35:00+00:00,67.86,67.905,67.7,67.83,46577
2026-05-28T19:40:00+00:00,67.81,67.84,67.55,67.75,71118
2026-05-28T19:45:00+00:00,67.74,68.147,67.65,68.1,63066
2026-05-28T19:50:00+00:00,68.08,68.379,68.08,68.235,87798
2026-05-28T19:55:00+00:00,68.25,68.39,67.985,68.09,232549
2026-05-28T20:00:00+00:00,68.09,68.38,67.55,67.84,200429
2026-05-28T20:05:00+00:00,67.84,68.0,67.6,67.999,1171
2026-05-28T20:10:00+00:00,68.09,68.2,67.913,68.198,3789
2026-05-28T20:15:00+00:00,68.2,68.2,68.107,68.18,1297
2026-05-28T20:20:00+00:00,68.11,68.2,67.9,68.19,12213
2026-05-28T20:25:00+00:00,68.08,68.19,67.9,68.19,1567
2026-05-28T20:30:00+00:00,68.19,68.19,68.1,68.18,2182
2026-05-28T20:35:00+00:00,68.1,68.18,67.99,68.1,5799
2026-05-28T20:40:00+00:00,68.06,68.12,68.0,68.11,2701
2026-05-28T20:45:00+00:00,68.104,68.12,68.0,68.1,1112
2026-05-28T20:50:00+00:00,68.11,68.2,68.0,68.19,2734
2026-05-28T20:55:00+00:00,68.19,68.36,68.0,68.0,63108
2026-05-28T21:00:00+00:00,68.28,68.28,68.136,68.23,2028
2026-05-28T21:05:00+00:00,68.18,68.32,68.18,68.288,524
2026-05-28T21:10:00+00:00,68.18,68.25,68.0,68.03,1868
2026-05-28T21:15:00+00:00,68.03,68.3,68.03,68.3,1196
2026-05-28T21:20:00+00:00,68.28,68.38,68.2,68.28,2547
2026-05-28T21:25:00+00:00,68.38,68.56,68.25,68.524,2967
2026-05-28T21:30:00+00:00,68.49,68.5,68.304,68.4,1502
2026-05-28T21:35:00+00:00,68.32,68.47,68.3,68.469,1117
2026-05-28T21:40:00+00:00,68.47,68.47,68.32,68.44,701
2026-05-28T21:45:00+00:00,68.439,68.46,68.22,68.22,1476
2026-05-28T21:50:00+00:00,68.318,68.35,68.24,68.262,4759
2026-05-28T21:55:00+00:00,68.32,68.35,68.26,68.28,417
2026-05-28T22:00:00+00:00,68.349,68.47,68.29,68.332,1485
2026-05-28T22:05:00+00:00,68.47,68.47,68.3,68.46,725
2026-05-28T22:10:00+00:00,68.46,68.47,68.35,68.35,3105
2026-05-28T22:15:00+00:00,68.4,68.47,68.322,68.4,1257
2026-05-28T22:20:00+00:00,68.353,68.47,68.353,68.45,1979
2026-05-28T22:25:00+00:00,68.4,68.464,68.38,68.44,3092
2026-05-28T22:30:00+00:00,68.44,68.464,68.35,68.43,841
2026-05-28T22:35:00+00:00,68.47,68.5,68.35,68.481,623
2026-05-28T22:40:00+00:00,68.48,68.56,68.35,68.45,1607
2026-05-28T22:45:00+00:00,68.56,68.73,68.455,68.7,1967
2026-05-28T22:50:00+00:00,68.511,68.7,68.5,68.55,944
2026-05-28T22:55:00+00:00,68.581,68.73,68.55,68.55,804
2026-05-28T23:00:00+00:00,68.561,68.73,68.55,68.73,1237
2026-05-28T23:05:00+00:00,68.69,68.73,68.57,68.7,560
2026-05-28T23:10:00+00:00,68.68,68.7,68.5,68.68,387
2026-05-28T23:15:00+00:00,68.6,68.7,68.5,68.7,886
2026-05-28T23:20:00+00:00,68.68,68.7,68.5,68.68,164
2026-05-28T23:25:00+00:00,68.57,68.7,68.5,68.514,949
2026-05-28T23:30:00+00:00,68.521,68.7,68.5,68.5,541
2026-05-28T23:35:00+00:00,68.6,68.72,68.6,68.72,1036
2026-05-28T23:40:00+00:00,68.72,68.75,68.62,68.742,1478
2026-05-28T23:45:00+00:00,68.8,68.9,68.777,68.864,1306
2026-05-28T23:50:00+00:00,68.86,68.9,68.7,68.77,2280
2026-05-28T23:55:00+00:00,68.7,68.77,68.657,68.657,1051
2026-05-29T08:00:00+00:00,69.29,69.53,68.31,69.02,27542
2026-05-29T08:05:00+00:00,69.19,69.2,68.45,69.19,5275
2026-05-29T08:10:00+00:00,69.19,69.5,69.014,69.225,897
2026-05-29T08:15:00+00:00,69.486,69.5,69.014,69.49,831
2026-05-29T08:20:00+00:00,69.2,69.5,69.1,69.38,10059
2026-05-29T08:25:00+00:00,69.26,69.34,69.04,69.2,1696
2026-05-29T08:30:00+00:00,69.34,69.34,69.05,69.05,556
2026-05-29T08:35:00+00:00,69.05,69.34,69.0,69.0,974
2026-05-29T08:40:00+00:00,68.98,69.326,68.8,68.8,385
2026-05-29T08:45:00+00:00,68.78,68.799,68.61,68.72,799
2026-05-29T08:50:00+00:00,68.72,68.799,68.52,68.52,287
2026-05-29T08:55:00+00:00,68.786,68.786,68.56,68.56,487
2026-05-29T09:00:00+00:00,68.583,68.98,68.564,68.98,972
2026-05-29T09:05:00+00:00,68.992,68.992,68.704,68.96,189
2026-05-29T09:10:00+00:00,68.93,69.0,68.76,68.991,361
2026-05-29T09:15:00+00:00,68.991,69.326,68.93,69.03,810
2026-05-29T09:20:00+00:00,69.077,69.084,68.93,68.93,686
2026-05-29T09:25:00+00:00,69.01,69.33,68.94,69.326,665
2026-05-29T09:30:00+00:00,69.33,69.33,69.06,69.06,280
2026-05-29T09:35:00+00:00,69.06,69.06,68.92,68.923,310
2026-05-29T09:40:00+00:00,68.916,69.19,68.908,68.963,326
2026-05-29T09:45:00+00:00,69.056,69.1,68.98,68.98,78
2026-05-29T09:50:00+00:00,68.98,69.08,68.914,69.0,639
2026-05-29T09:55:00+00:00,69.0,69.0,68.84,68.89,611
2026-05-29T10:00:00+00:00,68.89,69.0,68.7,68.71,1661
2026-05-29T10:05:00+00:00,68.71,68.956,68.69,68.926,734
2026-05-29T10:10:00+00:00,68.62,68.795,68.62,68.696,305
2026-05-29T10:15:00+00:00,68.696,68.88,68.696,68.875,865
2026-05-29T10:20:00+00:00,68.714,68.871,68.711,68.727,257
2026-05-29T10:25:00+00:00,68.72,68.88,68.71,68.719,529
2026-05-29T10:30:00+00:00,68.78,68.88,68.74,68.796,300
2026-05-29T10:35:00+00:00,68.855,68.859,68.76,68.83,749
2026-05-29T10:40:00+00:00,68.833,68.833,68.73,68.83,545
2026-05-29T10:45:00+00:00,68.854,68.88,68.767,68.85,1187
2026-05-29T10:50:00+00:00,68.89,68.9,68.767,68.87,299
2026-05-29T10:55:00+00:00,68.85,69.3,68.78,68.84,22
2026-05-29T11:00:00+00:00,68.855,69.274,68.09,69.095,8781
2026-05-29T11:05:00+00:00,69.098,69.29,68.82,68.88,4586
2026-05-29T11:10:00+00:00,69.0,69.03,68.92,69.03,1191
2026-05-29T11:15:00+00:00,69.09,69.29,68.91,69.25,1618
2026-05-29T11:20:00+00:00,68.95,69.3,68.95,69.089,7141
2026-05-29T11:25:00+00:00,68.951,69.1,68.82,68.92,7869
2026-05-29T11:30:00+00:00,68.8,68.907,68.6,68.77,14637
2026-05-29T11:35:00+00:00,68.77,69.3,68.6,68.86,6435
2026-05-29T11:40:00+00:00,68.86,69.0,68.76,68.979,1654
2026-05-29T11:45:00+00:00,68.9,69.0,68.76,68.87,1940
2026-05-29T11:50:00+00:00,68.88,69.1,68.76,68.99,5546
2026-05-29T11:55:00+00:00,68.95,69.1,68.82,69.05,2165
2026-05-29T12:00:00+00:00,69.086,69.09,68.87,68.871,4647
2026-05-29T12:05:00+00:00,69.09,69.09,68.77,68.96,746
2026-05-29T12:10:00+00:00,68.78,69.09,68.78,68.958,2949
2026-05-29T12:15:00+00:00,68.928,69.1,68.796,69.027,1496
2026-05-29T12:20:00+00:00,69.07,69.08,68.814,68.95,1146
2026-05-29T12:25:00+00:00,68.95,69.09,68.91,69.03,1388
2026-05-29T12:30:00+00:00,69.1,69.15,68.8,68.9,1375
2026-05-29T12:35:00+00:00,69.136,69.15,68.714,68.8,1597
2026-05-29T12:40:00+00:00,68.85,69.15,68.7,68.8,749
2026-05-29T12:45:00+00:00,68.9,69.15,68.75,68.93,2272
2026-05-29T12:50:00+00:00,68.9,69.25,68.89,69.001,13391
2026-05-29T12:55:00+00:00,69.19,69.19,69.0,69.004,17132
2026-05-29T13:00:00+00:00,69.071,69.1,68.82,69.059,1279
2026-05-29T13:05:00+00:00,69.0,69.07,68.83,69.0,4248
2026-05-29T13:10:00+00:00,68.9,69.07,68.72,68.85,1971
2026-05-29T13:15:00+00:00,68.93,69.0,68.65,68.69,15264
2026-05-29T13:20:00+00:00,68.72,68.89,68.65,68.86,3980
2026-05-29T13:25:00+00:00,68.8,68.86,68.0,68.0,9653
2026-05-29T13:30:00+00:00,68.09,68.09,65.79,66.36,290005
2026-05-29T13:35:00+00:00,66.36,66.601,66.06,66.165,179513
2026-05-29T13:40:00+00:00,66.165,66.278,65.5,65.972,296925
2026-05-29T13:45:00+00:00,65.9,66.45,65.62,66.375,175577
2026-05-29T13:50:00+00:00,66.409,67.095,66.31,66.79,152113
2026-05-29T13:55:00+00:00,66.73,66.88,66.43,66.492,126659
2026-05-29T14:00:00+00:00,66.47,66.588,66.16,66.34,103634
2026-05-29T14:05:00+00:00,66.373,66.585,65.73,65.75,110583
2026-05-29T14:10:00+00:00,65.736,65.81,65.04,65.14,229935
2026-05-29T14:15:00+00:00,65.16,65.27,64.8,64.85,191385
2026-05-29T14:20:00+00:00,64.88,65.0,64.5,64.53,151325
2026-05-29T14:25:00+00:00,64.54,64.75,64.284,64.74,155420
2026-05-29T14:30:00+00:00,64.74,65.33,64.74,65.33,83506
2026-05-29T14:35:00+00:00,65.33,65.33,65.0,65.24,98363
2026-05-29T14:40:00+00:00,65.23,65.45,64.97,64.971,88268
2026-05-29T14:45:00+00:00,64.98,65.49,64.95,65.47,89636
2026-05-29T14:50:00+00:00,65.45,65.92,65.43,65.8,131304
2026-05-29T14:55:00+00:00,65.83,66.22,65.79,66.06,83550
2026-05-29T15:00:00+00:00,66.1,66.46,66.08,66.32,77976
2026-05-29T15:05:00+00:00,66.335,66.705,66.05,66.64,76181
2026-05-29T15:10:00+00:00,66.65,67.05,66.58,66.99,97582
2026-05-29T15:15:00+00:00,67.029,67.265,66.89,66.925,113325
2026-05-29T15:20:00+00:00,66.9,67.0,66.48,66.915,69345
2026-05-29T15:25:00+00:00,66.9,67.29,66.75,67.17,59286
2026-05-29T15:30:00+00:00,67.17,68.21,67.12,68.17,213474
2026-05-29T15:35:00+00:00,68.15,68.25,67.62,68.205,129013
2026-05-29T15:40:00+00:00,68.22,68.55,67.84,67.9,139744
2026-05-29T15:45:00+00:00,67.91,67.975,67.58,67.92,82089
2026-05-29T15:50:00+00:00,67.88,68.34,67.88,68.33,81965
2026-05-29T15:55:00+00:00,68.325,68.88,68.3,68.865,164095
2026-05-29T16:00:00+00:00,68.88,69.37,68.64,69.09,119073
2026-05-29T16:05:00+00:00,69.125,69.452,68.895,69.32,73494
2026-05-29T16:10:00+00:00,69.32,69.43,68.978,69.24,91084
2026-05-29T16:15:00+00:00,69.22,69.61,69.092,69.555,80478
2026-05-29T16:20:00+00:00,69.57,70.01,68.43,68.5,219283
2026-05-29T16:25:00+00:00,68.5,68.52,67.91,68.0,139214
2026-05-29T16:30:00+00:00,67.995,68.54,67.929,68.39,84221
2026-05-29T16:35:00+00:00,68.44,68.54,68.35,68.41,62801
2026-05-29T16:40:00+00:00,68.48,68.71,68.375,68.39,49260
2026-05-29T16:45:00+00:00,68.385,68.45,68.12,68.26,47265
2026-05-29T16:50:00+00:00,68.23,68.535,68.144,68.46,52991
2026-05-29T16:55:00+00:00,68.471,68.62,68.28,68.575,44467
2026-05-29T17:00:00+00:00,68.68,68.767,68.59,68.65,38891
2026-05-29T17:05:00+00:00,68.625,68.85,68.45,68.835,32908
2026-05-29T17:10:00+00:00,68.83,68.872,68.45,68.819,31382
2026-05-29T17:15:00+00:00,68.89,69.18,68.77,69.13,72766
2026-05-29T17:20:00+00:00,69.12,69.55,68.88,69.42,77752
2026-05-29T17:25:00+00:00,69.385,69.385,68.87,68.87,68417
2026-05-29T17:30:00+00:00,68.875,69.33,68.77,69.3,51343
2026-05-29T17:35:00+00:00,69.328,69.39,69.06,69.325,56788
2026-05-29T17:40:00+00:00,69.325,69.46,68.935,68.94,74519
2026-05-29T17:45:00+00:00,68.97,68.98,68.44,68.578,69832
2026-05-29T17:50:00+00:00,68.57,68.77,68.49,68.65,39841
2026-05-29T17:55:00+00:00,68.61,68.61,68.365,68.44,38589
2026-05-29T18:00:00+00:00,68.425,68.457,68.13,68.379,71817
2026-05-29T18:05:00+00:00,68.34,68.62,68.28,68.555,39915
2026-05-29T18:10:00+00:00,68.555,68.555,68.312,68.375,39988
2026-05-29T18:15:00+00:00,68.41,68.64,68.31,68.345,36255
2026-05-29T18:20:00+00:00,68.345,68.51,68.24,68.316,24897
2026-05-29T18:25:00+00:00,68.29,68.39,68.145,68.255,45624
2026-05-29T18:30:00+00:00,68.24,68.3,68.11,68.18,39651
2026-05-29T18:35:00+00:00,68.195,68.3,68.047,68.17,50498
2026-05-29T18:40:00+00:00,68.18,68.18,67.62,67.7,65764
2026-05-29T18:45:00+00:00,67.67,67.67,67.25,67.3,94803
2026-05-29T18:50:00+00:00,67.28,67.48,67.11,67.23,58476
2026-05-29T18:55:00+00:00,67.23,67.245,66.75,66.93,84944
2026-05-29T19:00:00+00:00,66.965,67.0,66.23,66.34,125417
2026-05-29T19:05:00+00:00,66.33,66.905,66.29,66.905,58086
2026-05-29T19:10:00+00:00,66.9,66.97,66.725,66.95,56341
2026-05-29T19:15:00+00:00,66.92,67.045,66.76,66.84,63067
2026-05-29T19:20:00+00:00,66.84,67.11,66.78,67.06,46007
2026-05-29T19:25:00+00:00,67.065,67.14,66.898,67.02,42768
2026-05-29T19:30:00+00:00,67.01,67.645,67.01,67.5,85154
2026-05-29T19:35:00+00:00,67.54,67.75,67.41,67.72,76241
2026-05-29T19:40:00+00:00,67.745,67.8,67.44,67.505,69306
2026-05-29T19:45:00+00:00,67.5,67.69,67.391,67.42,107079
2026-05-29T19:50:00+00:00,67.42,67.43,66.66,67.06,181179
2026-05-29T19:55:00+00:00,67.065,67.195,66.765,66.88,248303
2026-05-29T20:00:00+00:00,66.88,67.0,66.708,66.96,1449089
2026-05-29T20:05:00+00:00,66.95,67.15,66.76,67.15,422789
2026-05-29T20:10:00+00:00,66.88,67.06,66.61,67.05,598820
2026-05-29T20:15:00+00:00,66.88,67.05,66.88,66.94,1429854
2026-05-29T20:20:00+00:00,66.92,67.04,66.75,67.01,3230
2026-05-29T20:25:00+00:00,67.0,67.02,66.86,66.92,5470
2026-05-29T20:30:00+00:00,67.01,67.02,66.865,66.922,33085
2026-05-29T20:35:00+00:00,67.04,67.15,66.95,67.0,10368
2026-05-29T20:40:00+00:00,67.1,67.15,67.002,67.09,186
2026-05-29T20:45:00+00:00,67.0,67.15,66.88,66.99,19491
2026-05-29T20:50:00+00:00,67.059,67.15,66.993,67.15,1049
2026-05-29T20:55:00+00:00,67.07,67.15,66.95,67.04,367847
2026-05-29T21:00:00+00:00,67.14,67.144,67.0,67.144,564
2026-05-29T21:05:00+00:00,67.15,67.15,66.94,67.15,1520
2026-05-29T21:10:00+00:00,67.15,67.15,66.9,66.99,1889
2026-05-29T21:15:00+00:00,66.9,67.15,66.9,67.09,684
2026-05-29T21:20:00+00:00,67.15,67.15,67.0,67.15,2207
2026-05-29T21:25:00+00:00,67.0,67.18,66.92,67.117,895
2026-05-29T21:30:00+00:00,67.15,67.15,66.94,66.94,11430
2026-05-29T21:35:00+00:00,67.1,67.15,66.945,67.0,587
2026-05-29T21:40:00+00:00,67.09,67.15,67.09,67.12,1168
2026-05-29T21:45:00+00:00,67.08,67.15,67.0,67.0,647
2026-05-29T21:50:00+00:00,66.99,67.01,66.94,66.94,846
2026-05-29T21:55:00+00:00,66.97,67.15,66.94,67.1,376
2026-05-29T22:00:00+00:00,67.15,67.15,66.94,67.15,927
2026-05-29T22:05:00+00:00,67.131,67.15,67.0,67.0,552
2026-05-29T22:10:00+00:00,67.0,67.1,67.0,67.07,303
2026-05-29T22:15:00+00:00,67.07,67.1,67.0,67.043,593
2026-05-29T22:20:00+00:00,67.007,67.1,67.0,67.01,1314
2026-05-29T22:25:00+00:00,67.05,67.1,67.01,67.05,360
2026-05-29T22:30:00+00:00,67.05,67.09,66.98,67.09,1459
2026-05-29T22:35:00+00:00,66.98,67.09,66.96,67.057,1182
2026-05-29T22:40:00+00:00,67.05,67.05,66.95,67.03,827
2026-05-29T22:45:00+00:00,67.0,67.05,66.95,66.95,855
2026-05-29T22:50:00+00:00,66.95,67.0,66.95,66.98,1564
2026-05-29T22:55:00+00:00,66.994,67.05,66.95,66.95,1786
2026-05-29T23:00:00+00:00,67.05,67.05,66.95,67.0,358
2026-05-29T23:05:00+00:00,66.95,67.05,66.95,67.0,2764
2026-05-29T23:10:00+00:00,67.01,67.05,67.0,67.05,181
2026-05-29T23:15:00+00:00,67.05,67.05,66.95,66.95,1438
2026-05-29T23:20:00+00:00,67.04,67.1,67.0,67.1,318
2026-05-29T23:25:00+00:00,67.132,67.15,67.05,67.05,4803
2026-05-29T23:30:00+00:00,67.02,67.21,67.0,67.15,2494
2026-05-29T23:35:00+00:00,67.11,67.38,67.1,67.34,20470
2026-05-29T23:40:00+00:00,67.34,67.35,67.15,67.35,813
2026-05-29T23:45:00+00:00,67.35,67.35,67.15,67.21,2520
2026-05-29T23:50:00+00:00,67.21,67.3,67.0,67.3,13971
2026-05-29T23:55:00+00:00,67.23,67.29,67.0,67.2,1392
2026-06-01T08:00:00+00:00,68.25,68.446,67.65,68.01,20229
2026-06-01T08:05:00+00:00,67.95,68.2,67.602,68.146,1625
2026-06-01T08:10:00+00:00,68.12,68.37,67.83,67.93,1762
2026-06-01T08:15:00+00:00,67.92,67.99,67.82,67.91,401
2026-06-01T08:20:00+00:00,67.985,67.985,67.76,67.76,2189
2026-06-01T08:25:00+00:00,67.77,67.98,67.73,67.73,948
2026-06-01T08:30:00+00:00,67.79,67.8,67.56,67.63,2590
2026-06-01T08:35:00+00:00,67.8,67.8,67.63,67.8,421
2026-06-01T08:40:00+00:00,67.7,67.7,67.35,67.5,1796
2026-06-01T08:45:00+00:00,67.8,67.8,67.41,67.5,1806
2026-06-01T08:50:00+00:00,67.5,67.69,67.35,67.5,2793
2026-06-01T08:55:00+00:00,67.5,67.773,67.5,67.52,553
2026-06-01T09:00:00+00:00,67.5,67.69,67.46,67.673,317
2026-06-01T09:05:00+00:00,67.67,67.793,67.53,67.66,472
2026-06-01T09:10:00+00:00,67.63,67.687,67.26,67.26,1676
2026-06-01T09:15:00+00:00,67.27,67.48,67.21,67.45,510
2026-06-01T09:20:00+00:00,67.45,67.7,67.3,67.5,1133
2026-06-01T09:25:00+00:00,67.5,67.8,67.383,67.383,402
2026-06-01T09:30:00+00:00,67.787,67.787,67.313,67.43,928
2026-06-01T09:35:00+00:00,67.41,67.55,67.41,67.5,1191
2026-06-01T09:40:00+00:00,67.5,67.63,67.3,67.63,756
2026-06-01T09:45:00+00:00,67.63,67.67,67.53,67.537,289
2026-06-01T09:50:00+00:00,67.53,67.595,67.34,67.48,1049
2026-06-01T09:55:00+00:00,67.49,67.5,67.34,67.43,499
2026-06-01T10:00:00+00:00,67.49,67.5,67.25,67.341,903
2026-06-01T10:05:00+00:00,67.25,67.295,67.102,67.2,2323
2026-06-01T10:10:00+00:00,67.2,67.35,67.15,67.18,747
2026-06-01T10:15:00+00:00,67.2,67.394,67.2,67.39,1113
2026-06-01T10:20:00+00:00,67.454,67.454,67.223,67.223,1158
2026-06-01T10:25:00+00:00,67.25,67.49,67.25,67.43,1059
2026-06-01T10:30:00+00:00,67.55,67.64,67.31,67.359,1123
2026-06-01T10:35:00+00:00,67.5,67.6,67.25,67.587,1083
2026-06-01T10:40:00+00:00,67.45,67.5,67.295,67.5,328
2026-06-01T10:45:00+00:00,67.6,67.6,67.299,67.47,1206
2026-06-01T10:50:00+00:00,67.441,67.441,67.337,67.37,423
2026-06-01T10:55:00+00:00,67.42,67.42,67.3,67.3,398
2026-06-01T11:00:00+00:00,67.335,67.39,67.0,67.3,6984
2026-06-01T11:05:00+00:00,67.22,67.39,67.15,67.32,4389
2026-06-01T11:10:00+00:00,67.32,67.39,67.05,67.39,2345
2026-06-01T11:15:00+00:00,67.384,67.39,67.0,67.05,3093
2026-06-01T11:20:00+00:00,67.09,67.38,67.09,67.171,2076
2026-06-01T11:25:00+00:00,67.16,67.37,67.15,67.24,1666
2026-06-01T11:30:00+00:00,67.248,67.37,67.16,67.33,2954
2026-06-01T11:35:00+00:00,67.35,67.45,67.15,67.45,5475
2026-06-01T11:40:00+00:00,67.45,67.6,67.24,67.429,2766
2026-06-01T11:45:00+00:00,67.42,67.6,67.33,67.37,783
2026-06-01T11:50:00+00:00,67.41,67.6,67.039,67.337,3764
2026-06-01T11:55:00+00:00,67.15,67.35,67.02,67.1,2627
2026-06-01T12:00:00+00:00,67.1,67.2,67.05,67.14,1514
2026-06-01T12:05:00+00:00,67.14,67.2,66.91,66.99,2913
2026-06-01T12:10:00+00:00,66.99,67.2,66.8,66.848,3656
2026-06-01T12:15:00+00:00,66.75,67.07,66.59,66.8,2999
2026-06-01T12:20:00+00:00,67.05,67.06,66.65,66.94,1773
2026-06-01T12:25:00+00:00,66.95,67.03,66.85,66.97,3391
2026-06-01T12:30:00+00:00,66.97,67.0,66.7,66.8,2507
2026-06-01T12:35:00+00:00,66.86,67.2,66.83,67.2,2935
2026-06-01T12:40:00+00:00,67.17,67.2,67.01,67.13,4828
2026-06-01T12:45:00+00:00,67.2,67.3,67.03,67.043,1382
2026-06-01T12:50:00+00:00,67.2,67.3,66.96,67.07,7248
2026-06-01T12:55:00+00:00,67.06,67.2,66.75,67.0,4319
2026-06-01T13:00:00+00:00,66.88,67.046,66.66,66.82,6392
2026-06-01T13:05:00+00:00,66.91,67.2,66.76,67.06,2828
2026-06-01T13:10:00+00:00,67.06,67.06,66.42,66.5,7029
2026-06-01T13:15:00+00:00,66.5,67.02,66.4,66.42,8941
2026-06-01T13:20:00+00:00,66.41,66.5,66.08,66.12,12087
2026-06-01T13:25:00+00:00,66.17,66.2,65.31,65.34,17339
2026-06-01T13:30:00+00:00,65.9,65.9,64.57,64.8,311452
2026-06-01T13:35:00+00:00,64.82,66.29,64.631,66.12,247356
2026-06-01T13:40:00+00:00,66.22,67.26,66.0,66.889,215621
2026-06-01T13:45:00+00:00,66.89,68.28,66.89,67.525,332346
2026-06-01T13:50:00+00:00,67.58,68.68,66.8,67.235,241961
2026-06-01T13:55:00+00:00,67.235,67.39,66.5,66.763,160389
2026-06-01T14:00:00+00:00,66.75,68.178,66.5,68.178,159652
2026-06-01T14:05:00+00:00,68.17,69.07,67.93,68.5,193130
2026-06-01T14:10:00+00:00,68.63,68.95,68.17,68.17,197145
2026-06-01T14:15:00+00:00,68.19,69.45,68.121,68.73,204846
2026-06-01T14:20:00+00:00,68.76,70.14,68.72,69.51,378382
2026-06-01T14:25:00+00:00,69.465,69.56,68.74,69.32,192455
2026-06-01T14:30:00+00:00,69.36,69.555,68.18,68.41,146705
2026-06-01T14:35:00+00:00,68.46,69.15,68.4,68.64,125443
2026-06-01T14:40:00+00:00,68.59,69.57,68.51,69.265,111594
2026-06-01T14:45:00+00:00,69.3,69.3,68.45,68.84,180600
2026-06-01T14:50:00+00:00,68.91,69.2,68.62,69.135,91459
2026-06-01T14:55:00+00:00,69.135,69.67,68.833,69.55,116242
2026-06-01T15:00:00+00:00,69.61,69.9,69.09,69.435,157285
2026-06-01T15:05:00+00:00,69.465,70.0,69.45,69.755,154514
2026-06-01T15:10:00+00:00,69.804,70.07,69.44,69.875,235709
2026-06-01T15:15:00+00:00,69.81,69.83,69.265,69.345,128488
2026-06-01T15:20:00+00:00,69.351,69.63,69.13,69.3,93505
2026-06-01T15:25:00+00:00,69.285,69.69,69.09,69.505,83673
2026-06-01T15:30:00+00:00,69.549,70.44,69.49,70.349,208785
2026-06-01T15:35:00+00:00,70.315,70.6,70.17,70.28,147718
2026-06-01T15:40:00+00:00,70.26,70.29,69.927,70.005,89749
2026-06-01T15:45:00+00:00,69.98,70.09,69.144,69.16,122370
2026-06-01T15:50:00+00:00,69.16,69.22,68.58,68.63,164459
2026-06-01T15:55:00+00:00,68.645,68.68,68.2,68.54,112777
2026-06-01T16:00:00+00:00,68.45,68.96,68.45,68.785,98072
2026-06-01T16:05:00+00:00,68.815,68.93,68.54,68.64,105684
2026-06-01T16:10:00+00:00,68.67,68.67,68.15,68.2,103271
2026-06-01T16:15:00+00:00,68.19,68.328,67.8,68.135,90150
2026-06-01T16:20:00+00:00,68.15,68.52,67.99,68.429,54137
2026-06-01T16:25:00+00:00,68.43,68.5,67.86,67.86,83664
2026-06-01T16:30:00+00:00,67.91,68.11,67.723,68.0,64074
2026-06-01T16:35:00+00:00,67.99,68.36,67.7,68.33,66500
2026-06-01T16:40:00+00:00,68.28,68.5,68.19,68.39,67829
2026-06-01T16:45:00+00:00,68.4,68.42,67.96,68.1,33938
2026-06-01T16:50:00+00:00,68.12,68.49,68.12,68.37,54019
2026-06-01T16:55:00+00:00,68.346,68.66,68.25,68.5,46213
2026-06-01T17:00:00+00:00,68.48,68.8,68.36,68.5,92467
2026-06-01T17:05:00+00:00,68.509,69.09,68.509,69.01,69027
2026-06-01T17:10:00+00:00,69.02,69.38,68.72,69.07,76647
2026-06-01T17:15:00+00:00,69.085,69.27,68.96,69.168,43012
2026-06-01T17:20:00+00:00,69.18,69.39,69.15,69.32,62163
2026-06-01T17:25:00+00:00,69.36,69.75,69.18,69.74,80764
2026-06-01T17:30:00+00:00,69.75,69.86,69.42,69.475,48214
2026-06-01T17:35:00+00:00,69.47,69.551,69.14,69.29,74904
2026-06-01T17:40:00+00:00,69.27,69.68,69.21,69.32,77929
2026-06-01T17:45:00+00:00,69.403,69.75,69.324,69.6,53018
2026-06-01T17:50:00+00:00,69.61,69.68,69.21,69.21,83031
2026-06-01T17:55:00+00:00,69.27,69.41,69.1,69.41,49097
2026-06-01T18:00:00+00:00,69.46,69.7,69.421,69.68,36975
2026-06-01T18:05:00+00:00,69.67,69.84,69.32,69.32,43376
2026-06-01T18:10:00+00:00,69.3,69.31,68.92,69.24,54109
2026-06-01T18:15:00+00:00,69.23,69.33,69.04,69.235,40556
2026-06-01T18:20:00+00:00,69.235,69.5,69.225,69.4,53506
2026-06-01T18:25:00+00:00,69.405,69.75,69.4,69.71,55158
2026-06-01T18:30:00+00:00,69.66,69.72,69.54,69.64,37151
2026-06-01T18:35:00+00:00,69.65,69.84,69.555,69.66,53634
2026-06-01T18:40:00+00:00,69.685,69.74,69.435,69.5,61108
2026-06-01T18:45:00+00:00,69.5,69.585,69.16,69.28,49664
2026-06-01T18:50:00+00:00,69.285,69.36,69.1,69.17,63894
2026-06-01T18:55:00+00:00,69.23,69.24,68.615,68.7,79755
2026-06-01T19:00:00+00:00,68.72,68.77,68.44,68.49,73074
2026-06-01T19:05:00+00:00,68.5,68.586,68.09,68.098,59391
2026-06-01T19:10:00+00:00,68.07,68.32,67.95,68.255,73320
2026-06-01T19:15:00+00:00,68.27,68.4,68.02,68.097,69417
2026-06-01T19:20:00+00:00,68.1,68.17,67.9,68.095,69376
2026-06-01T19:25:00+00:00,68.095,68.245,68.05,68.195,40964
2026-06-01T19:30:00+00:00,68.23,68.335,68.025,68.045,70951
2026-06-01T19:35:00+00:00,68.055,68.23,67.8,67.8,89852
2026-06-01T19:40:00+00:00,67.77,67.92,67.5,67.7,105960
2026-06-01T19:45:00+00:00,67.7,67.75,67.5,67.555,70915
2026-06-01T19:50:00+00:00,67.53,67.59,66.97,67.09,157042
2026-06-01T19:55:00+00:00,67.125,67.45,66.89,66.89,236792
2026-06-01T20:00:00+00:00,66.89,67.5,66.85,67.0,186259
2026-06-01T20:05:00+00:00,66.95,67.0,66.6,66.88,15874
2026-06-01T20:10:00+00:00,66.7,67.2,66.665,67.2,7440
2026-06-01T20:15:00+00:00,67.2,67.2,67.0,67.094,2909
2026-06-01T20:20:00+00:00,67.1,67.149,67.0,67.149,3820
2026-06-01T20:25:00+00:00,67.143,67.35,67.0,67.16,4977
2026-06-01T20:30:00+00:00,67.282,67.35,67.18,67.33,5320
2026-06-01T20:35:00+00:00,67.25,67.34,67.16,67.33,2754
2026-06-01T20:40:00+00:00,67.23,67.28,67.098,67.098,4456
2026-06-01T20:45:00+00:00,67.09,67.26,67.03,67.1,10314
2026-06-01T20:50:00+00:00,67.2,67.2,67.08,67.151,3366
2026-06-01T20:55:00+00:00,67.1,67.15,67.05,67.15,1659
2026-06-01T21:00:00+00:00,67.15,67.15,67.05,67.05,313760
2026-06-01T21:05:00+00:00,67.102,67.14,67.0,67.14,890
2026-06-01T21:10:00+00:00,67.14,67.14,67.03,67.08,6180
2026-06-01T21:15:00+00:00,67.09,67.14,67.03,67.14,1314
2026-06-01T21:20:00+00:00,67.131,67.2,67.1,67.1,5414
2026-06-01T21:25:00+00:00,67.15,67.2,67.1,67.14,1933
2026-06-01T21:30:00+00:00,67.18,67.2,67.07,67.1,807
2026-06-01T21:35:00+00:00,67.03,67.11,67.03,67.05,2596
2026-06-01T21:40:00+00:00,67.08,67.1,67.03,67.1,3349
2026-06-01T21:45:00+00:00,67.1,67.16,67.1,67.16,2444
2026-06-01T21:50:00+00:00,67.16,67.42,67.13,67.418,7274
2026-06-01T21:55:00+00:00,67.42,67.42,67.3,67.31,2540
2026-06-01T22:00:00+00:00,67.39,67.42,67.299,67.39,6209
2026-06-01T22:05:00+00:00,67.27,67.42,67.08,67.35,4223
2026-06-01T22:10:00+00:00,67.35,67.35,67.15,67.15,1713
2026-06-01T22:15:00+00:00,67.19,67.3,67.15,67.3,4293
2026-06-01T22:20:00+00:00,67.28,67.3,67.15,67.265,1167
2026-06-01T22:25:00+00:00,67.184,67.3,67.15,67.3,2224
2026-06-01T22:30:00+00:00,67.15,67.41,67.15,67.347,5629
2026-06-01T22:35:00+00:00,67.32,67.41,67.29,67.37,1774
2026-06-01T22:40:00+00:00,67.33,67.4,67.33,67.396,779
2026-06-01T22:45:00+00:00,67.396,67.396,67.3,67.37,615
2026-06-01T22:50:00+00:00,67.37,67.4,67.3,67.39,1834
2026-06-01T22:55:00+00:00,67.3,67.4,67.15,67.375,1253
2026-06-01T23:00:00+00:00,67.37,67.37,67.3,67.33,3024
2026-06-01T23:05:00+00:00,67.349,67.35,67.3,67.349,900
2026-06-01T23:10:00+00:00,67.35,67.5,67.31,67.4,7131
2026-06-01T23:15:00+00:00,67.4,67.5,67.3,67.44,333
2026-06-01T23:20:00+00:00,67.37,67.44,67.3,67.3,772
2026-06-01T23:25:00+00:00,67.378,67.38,67.3,67.3,1698
2026-06-01T23:30:00+00:00,67.39,67.39,67.3,67.388,1740
2026-06-01T23:35:00+00:00,67.388,67.44,67.35,67.44,21957
2026-06-01T23:40:00+00:00,67.44,67.53,67.35,67.45,407
2026-06-01T23:45:00+00:00,67.45,67.53,67.45,67.46,950
2026-06-01T23:50:00+00:00,67.53,67.65,67.45,67.5,2421
2026-06-01T23:55:00+00:00,67.5,67.65,67.4,67.6,1605
2026-06-02T08:00:00+00:00,66.41,67.73,66.3,67.73,21788
2026-06-02T08:05:00+00:00,67.6,67.73,67.6,67.72,1126
2026-06-02T08:10:00+00:00,67.76,68.11,66.72,68.1,7692
2026-06-02T08:15:00+00:00,68.1,68.1,67.929,68.096,2456
2026-06-02T08:20:00+00:00,67.92,68.095,67.839,67.97,2035
2026-06-02T08:25:00+00:00,67.97,68.0,67.71,67.891,394
2026-06-02T08:30:00+00:00,67.71,67.99,67.71,67.85,500
2026-06-02T08:35:00+00:00,67.889,67.985,67.8,67.985,3393
2026-06-02T08:40:00+00:00,67.99,68.186,67.83,68.186,2383
2026-06-02T08:45:00+00:00,68.11,68.36,68.1,68.34,2912
2026-06-02T08:50:00+00:00,68.35,68.37,68.0,68.0,2346
2026-06-02T08:55:00+00:00,68.21,68.29,68.01,68.1,541
2026-06-02T09:00:00+00:00,68.077,68.077,67.86,67.9,2009
2026-06-02T09:05:00+00:00,67.94,68.08,67.92,68.08,2231
2026-06-02T09:10:00+00:00,68.07,68.07,67.839,67.99,776
2026-06-02T09:15:00+00:00,67.839,68.08,67.83,68.06,1261
2026-06-02T09:20:00+00:00,68.031,68.05,67.85,67.95,1010
2026-06-02T09:25:00+00:00,67.84,67.917,67.72,67.72,1045
2026-06-02T09:30:00+00:00,67.733,67.92,67.73,67.92,627
2026-06-02T09:35:00+00:00,67.9,67.9,67.785,67.88,1633
2026-06-02T09:40:00+00:00,67.78,67.93,67.73,67.93,10583
2026-06-02T09:45:00+00:00,67.93,68.17,67.9,68.17,6593
2026-06-02T09:50:00+00:00,68.14,68.3,68.14,68.26,2548
2026-06-02T09:55:00+00:00,68.229,68.25,68.044,68.19,2271
2026-06-02T10:00:00+00:00,68.11,68.163,67.99,68.0,1881
2026-06-02T10:05:00+00:00,68.0,68.0,67.9,67.934,1319
2026-06-02T10:10:00+00:00,67.95,68.195,67.9,68.007,456
2026-06-02T10:15:00+00:00,68.09,68.13,68.0,68.08,3587
2026-06-02T10:20:00+00:00,68.083,68.16,68.03,68.09,743
2026-06-02T10:25:00+00:00,68.01,68.15,67.92,68.146,1651
2026-06-02T10:30:00+00:00,68.1,68.15,67.88,67.9,1200
2026-06-02T10:35:00+00:00,67.88,68.08,67.87,68.08,1041
2026-06-02T10:40:00+00:00,67.914,68.0,67.9,67.93,1950
2026-06-02T10:45:00+00:00,67.905,67.99,67.86,67.86,201
2026-06-02T10:50:00+00:00,67.91,68.04,67.9,68.0,186
2026-06-02T10:55:00+00:00,67.93,67.957,67.72,67.72,356
2026-06-02T11:00:00+00:00,67.855,67.98,67.61,67.75,3344
2026-06-02T11:05:00+00:00,67.561,67.98,67.56,67.7,8591
2026-06-02T11:10:00+00:00,67.7,68.04,67.7,68.03,3366
2026-06-02T11:15:00+00:00,67.84,68.06,67.84,68.06,948
2026-06-02T11:20:00+00:00,68.015,68.15,67.88,67.91,2430
2026-06-02T11:25:00+00:00,68.01,68.16,67.9,68.16,848
2026-06-02T11:30:00+00:00,68.16,68.3,68.01,68.3,4402
2026-06-02T11:35:00+00:00,68.28,68.4,68.2,68.4,3256
2026-06-02T11:40:00+00:00,68.398,68.47,68.2,68.35,1753
2026-06-02T11:45:00+00:00,68.35,68.352,68.2,68.2,2131
2026-06-02T11:50:00+00:00,68.2,68.4,68.05,68.12,8742
2026-06-02T11:55:00+00:00,68.12,68.37,68.1,68.26,6371
2026-06-02T12:00:00+00:00,68.3,68.34,68.06,68.19,916
2026-06-02T12:05:00+00:00,68.2,68.35,68.07,68.33,2142
2026-06-02T12:10:00+00:00,68.31,68.39,68.11,68.3,3783
2026-06-02T12:15:00+00:00,68.4,68.4,68.0,68.03,3588
2026-06-02T12:20:00+00:00,68.08,68.29,68.0,68.111,2288
2026-06-02T12:25:00+00:00,68.111,68.16,68.0,68.03,2307
2026-06-02T12:30:00+00:00,68.0,68.04,67.7,67.7,2384
2026-06-02T12:35:00+00:00,67.77,68.0,67.769,67.81,1130
2026-06-02T12:40:00+00:00,67.99,68.093,67.91,67.95,5199
2026-06-02T12:45:00+00:00,68.08,68.1,67.81,68.0,4571
2026-06-02T12:50:00+00:00,68.0,68.08,67.88,67.88,1700
2026-06-02T12:55:00+00:00,67.99,68.06,67.8,67.857,2346
2026-06-02T13:00:00+00:00,67.884,68.044,67.8,67.85,4581
2026-06-02T13:05:00+00:00,67.801,67.98,67.55,67.91,9467
2026-06-02T13:10:00+00:00,67.56,67.98,67.55,67.931,2977
2026-06-02T13:15:00+00:00,67.89,68.06,67.6,67.92,2151
2026-06-02T13:20:00+00:00,67.83,68.08,67.59,67.7,3540
2026-06-02T13:25:00+00:00,67.61,67.82,67.0,67.02,7271
2026-06-02T13:30:00+00:00,67.1,68.7,65.66,68.565,307342
2026-06-02T13:35:00+00:00,68.565,69.04,68.05,68.4,249276
2026-06-02T13:40:00+00:00,68.43,69.04,67.92,69.0,195424
2026-06-02T13:45:00+00:00,69.04,69.17,68.38,68.649,120404
2026-06-02T13:50:00+00:00,68.64,69.21,68.505,69.09,158373
2026-06-02T13:55:00+00:00,68.99,69.07,68.33,68.945,158447
2026-06-02T14:00:00+00:00,69.0,69.03,68.27,68.33,115988
2026-06-02T14:05:00+00:00,68.303,68.735,68.255,68.645,83613
2026-06-02T14:10:00+00:00,68.665,69.02,68.43,68.88,109804
2026-06-02T14:15:00+00:00,68.899,69.3,68.81,68.93,178043
2026-06-02T14:20:00+00:00,68.87,69.06,67.66,67.692,184284
2026-06-02T14:25:00+00:00,67.75,69.07,67.36,67.825,144625
2026-06-02T14:30:00+00:00,67.84,69.015,67.834,68.335,111844
2026-06-02T14:35:00+00:00,68.31,68.8,68.26,68.58,68217
2026-06-02T14:40:00+00:00,68.645,69.025,68.6,68.97,147739
2026-06-02T14:45:00+00:00,68.98,70.13,68.98,70.06,245194
2026-06-02T14:50:00+00:00,70.059,71.32,69.92,70.874,407805
2026-06-02T14:55:00+00:00,70.85,71.44,70.53,71.42,308257
2026-06-02T15:00:00+00:00,71.41,72.65,71.41,72.42,581946
2026-06-02T15:05:00+00:00,72.4,73.1,71.92,72.97,467658
2026-06-02T15:10:00+00:00,72.975,73.16,72.14,72.99,295849
2026-06-02T15:15:00+00:00,72.98,73.0,72.32,72.56,211125
2026-06-02T15:20:00+00:00,72.67,72.85,71.942,72.545,194059
2026-06-02T15:25:00+00:00,72.525,72.64,72.03,72.06,153879
2026-06-02T15:30:00+00:00,72.0,72.02,71.23,71.605,157071
2026-06-02T15:35:00+00:00,71.59,72.35,71.5,72.17,141271
2026-06-02T15:40:00+00:00,72.19,72.88,72.0,72.665,164697
2026-06-02T15:45:00+00:00,72.68,73.56,72.52,72.565,280452
2026-06-02T15:50:00+00:00,72.502,72.9,72.44,72.66,163134
2026-06-02T15:55:00+00:00,72.695,72.755,72.4,72.66,143679
2026-06-02T16:00:00+00:00,72.69,73.3,72.64,73.21,125634
2026-06-02T16:05:00+00:00,73.24,73.79,72.89,73.29,212193
2026-06-02T16:10:00+00:00,73.28,73.55,73.01,73.32,144916
2026-06-02T16:15:00+00:00,73.25,73.52,72.95,73.47,154261
2026-06-02T16:20:00+00:00,73.48,73.588,73.13,73.355,136047
2026-06-02T16:25:00+00:00,73.36,73.409,73.06,73.145,97067
2026-06-02T16:30:00+00:00,73.17,73.19,72.82,72.926,106221
2026-06-02T16:35:00+00:00,72.93,72.97,72.38,72.732,124261
2026-06-02T16:40:00+00:00,72.73,73.06,72.56,73.059,84063
2026-06-02T16:45:00+00:00,73.03,73.29,72.92,73.16,115445
2026-06-02T16:50:00+00:00,73.16,73.27,72.88,73.06,69100
2026-06-02T16:55:00+00:00,73.085,73.085,72.5,72.66,57880
2026-06-02T17:00:00+00:00,72.62,73.085,72.37,72.685,155876
2026-06-02T17:05:00+00:00,72.685,73.32,72.68,73.3,80028
2026-06-02T17:10:00+00:00,73.286,73.5,73.105,73.45,94383
2026-06-02T17:15:00+00:00,73.34,73.61,72.81,73.1,119974
2026-06-02T17:20:00+00:00,73.11,73.27,73.0,73.155,57954
2026-06-02T17:25:00+00:00,73.155,73.155,72.75,73.11,51729
2026-06-02T17:30:00+00:00,73.09,73.26,72.98,73.06,63649
2026-06-02T17:35:00+00:00,73.065,73.14,72.87,72.9,67693
2026-06-02T17:40:00+00:00,72.91,73.082,72.66,72.66,70417
2026-06-02T17:45:00+00:00,72.685,72.77,72.395,72.61,101315
2026-06-02T17:50:00+00:00,72.679,72.68,71.92,71.92,133060
2026-06-02T17:55:00+00:00,71.9,71.93,71.36,71.658,137218
2026-06-02T18:00:00+00:00,71.69,72.19,71.61,72.07,151702
2026-06-02T18:05:00+00:00,72.07,72.67,72.04,72.47,103485
2026-06-02T18:10:00+00:00,72.49,72.56,72.3,72.44,66744
2026-06-02T18:15:00+00:00,72.47,73.13,72.42,73.13,118545
2026-06-02T18:20:00+00:00,73.17,73.28,72.58,72.963,103918
2026-06-02T18:25:00+00:00,72.99,73.015,72.5,72.72,220695
2026-06-02T18:30:00+00:00,72.795,72.82,72.35,72.7,87833
2026-06-02T18:35:00+00:00,72.74,72.96,72.29,72.33,99487
2026-06-02T18:40:00+00:00,72.29,72.4,72.16,72.38,72389
2026-06-02T18:45:00+00:00,72.41,72.47,72.26,72.425,49180
2026-06-02T18:50:00+00:00,72.46,72.6,72.12,72.3,69504
2026-06-02T18:55:00+00:00,72.29,72.33,71.73,71.95,123576
2026-06-02T19:00:00+00:00,71.925,72.189,71.721,72.189,79152
2026-06-02T19:05:00+00:00,72.19,72.91,72.16,72.57,170568
2026-06-02T19:10:00+00:00,72.55,72.66,72.17,72.39,106352
2026-06-02T19:15:00+00:00,72.385,73.1,72.38,73.035,104729
2026-06-02T19:20:00+00:00,73.035,73.199,72.61,73.155,119168
2026-06-02T19:25:00+00:00,73.15,73.15,72.72,72.788,114603
2026-06-02T19:30:00+00:00,72.75,73.1,72.65,72.905,91490
2026-06-02T19:35:00+00:00,72.91,73.005,72.66,72.75,77547
2026-06-02T19:40:00+00:00,72.68,73.32,72.55,73.235,120479
2026-06-02T19:45:00+00:00,73.24,73.67,73.23,73.52,180623
2026-06-02T19:50:00+00:00,73.5,73.725,73.341,73.65,191488
2026-06-02T19:55:00+00:00,73.62,73.86,73.44,73.47,338419
2026-06-02T20:00:00+00:00,73.47,73.68,73.25,73.53,283740
2026-06-02T20:05:00+00:00,73.53,73.68,73.283,73.47,3816
2026-06-02T20:10:00+00:00,73.283,73.68,73.283,73.41,13208
2026-06-02T20:15:00+00:00,73.41,73.59,73.25,73.5,6982
2026-06-02T20:20:00+00:00,73.499,73.5,73.25,73.4,5123
2026-06-02T20:25:00+00:00,73.43,73.5,73.25,73.465,31583
2026-06-02T20:30:00+00:00,73.44,73.5,73.25,73.438,2856
2026-06-02T20:35:00+00:00,73.431,73.81,72.5,73.35,17204
2026-06-02T20:40:00+00:00,73.35,73.47,73.21,73.23,22086
2026-06-02T20:45:00+00:00,73.25,73.53,73.1,73.11,11137
2026-06-02T20:50:00+00:00,73.11,73.48,73.0,73.29,25722
2026-06-02T20:55:00+00:00,73.251,73.36,73.05,73.26,44458
2026-06-02T21:00:00+00:00,73.212,73.35,73.0,73.14,11151
2026-06-02T21:05:00+00:00,73.12,73.12,72.8,73.07,7042
2026-06-02T21:10:00+00:00,72.8,73.35,72.8,73.06,1855
2026-06-02T21:15:00+00:00,73.12,73.25,72.88,73.14,1160
2026-06-02T21:20:00+00:00,73.05,73.19,72.88,73.19,4824
2026-06-02T21:25:00+00:00,73.18,73.19,73.12,73.16,2862
2026-06-02T21:30:00+00:00,73.15,73.18,73.0,73.124,3478
2026-06-02T21:35:00+00:00,73.0,73.1,72.88,72.93,1362
2026-06-02T21:40:00+00:00,73.07,73.07,72.97,73.07,1461
2026-06-02T21:45:00+00:00,73.07,73.08,73.0,73.08,977
2026-06-02T21:50:00+00:00,73.0,73.19,73.0,73.18,2348
2026-06-02T21:55:00+00:00,73.12,73.19,73.12,73.18,1330
2026-06-02T22:00:00+00:00,73.127,73.18,73.0,73.012,1348
2026-06-02T22:05:00+00:00,73.06,73.061,73.0,73.061,3100
2026-06-02T22:10:00+00:00,73.069,73.07,72.93,72.93,1094
2026-06-02T22:15:00+00:00,72.903,72.99,72.85,72.9,882
2026-06-02T22:20:00+00:00,72.86,72.96,72.8,72.91,2746
2026-06-02T22:25:00+00:00,72.85,72.93,72.813,72.86,5727
2026-06-02T22:30:00+00:00,72.9,72.93,72.85,72.91,4343
2026-06-02T22:35:00+00:00,72.91,72.91,72.76,72.8,5607
2026-06-02T22:40:00+00:00,72.7,72.79,72.6,72.77,3464
2026-06-02T22:45:00+00:00,72.65,72.88,72.54,72.56,5217
2026-06-02T22:50:00+00:00,72.86,72.86,72.28,72.31,2985
2026-06-02T22:55:00+00:00,72.31,72.55,72.01,72.113,3443
2026-06-02T23:00:00+00:00,72.32,72.49,72.1,72.34,1002
2026-06-02T23:05:00+00:00,72.36,72.46,72.3,72.41,5114
2026-06-02T23:10:00+00:00,72.36,72.39,72.2,72.269,5346
2026-06-02T23:15:00+00:00,72.37,72.5,72.2,72.335,1265
2026-06-02T23:20:00+00:00,72.33,72.5,71.85,71.862,6148
2026-06-02T23:25:00+00:00,71.9,72.0,71.81,71.827,6256
2026-06-02T23:30:00+00:00,71.83,72.18,71.65,71.85,5090
2026-06-02T23:35:00+00:00,71.88,72.36,71.88,72.13,1988
2026-06-02T23:40:00+00:00,72.12,72.36,72.0,72.29,8562
2026-06-02T23:45:00+00:00,72.17,72.5,72.1,72.3,2774
2026-06-02T23:50:00+00:00,72.2,72.68,72.2,72.56,6216
2026-06-02T23:55:00+00:00,72.52,72.64,72.4,72.46,4241
2026-06-03T08:00:00+00:00,74.234,74.43,73.55,73.75,29599
2026-06-03T08:05:00+00:00,73.8,74.4,73.61,73.8,12962
2026-06-03T08:10:00+00:00,73.9,74.08,73.8,74.006,3659
2026-06-03T08:15:00+00:00,74.01,74.01,73.817,73.89,3771
2026-06-03T08:20:00+00:00,73.88,73.9,72.9,72.9,12725
2026-06-03T08:25:00+00:00,72.9,73.0,72.34,72.6,3767
2026-06-03T08:30:00+00:00,72.75,73.532,72.48,73.01,3453
2026-06-03T08:35:00+00:00,73.04,73.53,72.81,72.86,1294
2026-06-03T08:40:00+00:00,72.86,73.2,72.86,73.14,1004
2026-06-03T08:45:00+00:00,73.06,73.15,72.56,72.56,1654
2026-06-03T08:50:00+00:00,73.03,73.105,72.68,72.68,929
2026-06-03T08:55:00+00:00,72.5,72.84,72.22,72.356,2862
2026-06-03T09:00:00+00:00,72.35,72.8,72.35,72.554,568
2026-06-03T09:05:00+00:00,72.8,72.85,72.56,72.85,926
2026-06-03T09:10:00+00:00,72.883,72.99,72.327,72.327,2920
2026-06-03T09:15:00+00:00,72.59,72.776,72.05,72.05,4631
2026-06-03T09:20:00+00:00,72.05,72.426,71.9,72.0,4509
2026-06-03T09:25:00+00:00,72.0,72.45,71.98,72.1,1379
2026-06-03T09:30:00+00:00,72.14,72.229,71.995,72.08,2939
2026-06-03T09:35:00+00:00,72.03,72.2,71.869,72.0,615
2026-06-03T09:40:00+00:00,72.05,72.13,71.707,71.98,1425
2026-06-03T09:45:00+00:00,71.91,72.011,71.65,71.74,2295
2026-06-03T09:50:00+00:00,71.75,72.0,71.4,71.4,8487
2026-06-03T09:55:00+00:00,71.4,71.9,71.17,71.367,7278
2026-06-03T10:00:00+00:00,71.41,71.896,71.33,71.35,2332
2026-06-03T10:05:00+00:00,71.37,72.37,71.288,72.328,15973
2026-06-03T10:10:00+00:00,72.3,72.351,71.6,72.13,1101
2026-06-03T10:15:00+00:00,72.12,72.294,72.0,72.02,1081
2026-06-03T10:20:00+00:00,72.0,72.3,71.717,72.3,1970
2026-06-03T10:25:00+00:00,72.3,72.37,72.02,72.23,2686
2026-06-03T10:30:00+00:00,72.23,72.49,72.0,72.4,2401
2026-06-03T10:35:00+00:00,72.35,72.54,72.19,72.25,901
2026-06-03T10:40:00+00:00,72.2,72.25,72.0,72.02,9135
2026-06-03T10:45:00+00:00,72.15,72.26,72.0,72.147,9082
2026-06-03T10:50:00+00:00,72.17,72.17,71.82,71.82,7180
2026-06-03T10:55:00+00:00,71.85,72.27,71.754,72.0,3037
2026-06-03T11:00:00+00:00,72.052,72.3,71.74,72.2,8224
2026-06-03T11:05:00+00:00,72.05,72.54,72.05,72.2,3288
2026-06-03T11:10:00+00:00,72.08,72.54,72.06,72.08,3165
2026-06-03T11:15:00+00:00,72.266,72.266,71.7,71.84,4385
2026-06-03T11:20:00+00:00,71.8,72.0,71.7,72.0,9706
2026-06-03T11:25:00+00:00,71.85,72.0,71.75,71.815,2738
2026-06-03T11:30:00+00:00,71.75,72.24,71.7,72.24,4614
2026-06-03T11:35:00+00:00,72.24,72.24,71.66,71.72,1870
2026-06-03T11:40:00+00:00,71.83,71.998,71.73,71.823,3015
2026-06-03T11:45:00+00:00,71.84,71.89,71.66,71.73,7074
2026-06-03T11:50:00+00:00,71.78,72.28,71.73,72.28,5161
2026-06-03T11:55:00+00:00,72.221,72.47,72.079,72.302,3511
2026-06-03T12:00:00+00:00,72.3,72.75,72.08,72.6,6124
2026-06-03T12:05:00+00:00,72.55,72.55,72.11,72.24,3912
2026-06-03T12:10:00+00:00,72.24,72.34,72.13,72.25,2223
2026-06-03T12:15:00+00:00,72.32,72.34,72.05,72.19,2449
2026-06-03T12:20:00+00:00,72.19,72.56,72.01,72.185,4876
2026-06-03T12:25:00+00:00,72.04,72.34,72.0,72.09,2628
2026-06-03T12:30:00+00:00,72.088,72.088,71.8,71.852,5655
2026-06-03T12:35:00+00:00,71.85,71.924,71.656,71.73,3970
2026-06-03T12:40:00+00:00,71.72,71.895,71.66,71.81,2863
2026-06-03T12:45:00+00:00,71.81,71.97,71.7,71.79,3315
2026-06-03T12:50:00+00:00,71.7,71.97,71.67,71.68,10926
2026-06-03T12:55:00+00:00,71.67,71.9,71.58,71.66,3396
2026-06-03T13:00:00+00:00,71.735,71.84,71.62,71.75,3477
2026-06-03T13:05:00+00:00,71.67,71.775,71.56,71.67,5211
2026-06-03T13:10:00+00:00,71.611,71.77,71.5,71.55,9479
2026-06-03T13:15:00+00:00,71.58,72.17,71.55,72.0,2347
2026-06-03T13:20:00+00:00,72.0,72.06,71.55,71.55,7549
2026-06-03T13:25:00+00:00,71.77,71.87,70.73,70.73,14430
2026-06-03T13:30:00+00:00,70.72,70.72,68.22,68.26,654526
2026-06-03T13:35:00+00:00,68.28,68.8,67.674,68.625,477194
2026-06-03T13:40:00+00:00,68.67,68.68,66.7,66.75,591082
2026-06-03T13:45:00+00:00,66.8,67.135,66.0,66.27,532231
2026-06-03T13:50:00+00:00,66.24,67.658,66.15,67.0,496694
2026-06-03T13:55:00+00:00,67.028,67.76,66.99,67.46,262910
2026-06-03T14:00:00+00:00,67.46,68.52,67.291,68.47,244373
2026-06-03T14:05:00+00:00,68.46,68.78,68.2,68.37,227613
2026-06-03T14:10:00+00:00,68.37,68.93,68.32,68.813,196107
2026-06-03T14:15:00+00:00,68.785,68.8,67.75,67.84,206971
2026-06-03T14:20:00+00:00,67.83,68.06,67.25,67.425,170557
2026-06-03T14:25:00+00:00,67.45,68.25,67.41,68.195,101000
2026-06-03T14:30:00+00:00,68.17,68.17,67.51,67.625,97619
2026-06-03T14:35:00+00:00,67.61,67.65,67.02,67.435,131623
2026-06-03T14:40:00+00:00,67.355,67.63,67.15,67.249,125587
2026-06-03T14:45:00+00:00,67.2,67.42,67.17,67.175,110120
2026-06-03T14:50:00+00:00,67.16,67.43,66.92,67.23,147522
2026-06-03T14:55:00+00:00,67.23,67.28,66.98,67.197,82041
2026-06-03T15:00:00+00:00,67.21,67.451,67.01,67.03,86932
2026-06-03T15:05:00+00:00,67.03,67.08,66.35,66.435,233162
2026-06-03T15:10:00+00:00,66.43,66.85,66.35,66.43,117213
2026-06-03T15:15:00+00:00,66.4,66.48,66.05,66.08,190963
2026-06-03T15:20:00+00:00,66.088,66.15,65.465,65.71,388776
2026-06-03T15:25:00+00:00,65.68,65.742,65.3,65.61,193680
2026-06-03T15:30:00+00:00,65.605,65.87,65.07,65.235,196325
2026-06-03T15:35:00+00:00,65.22,65.49,65.18,65.41,147791
2026-06-03T15:40:00+00:00,65.41,65.618,65.07,65.16,129770
2026-06-03T15:45:00+00:00,65.081,65.41,65.052,65.16,138029
2026-06-03T15:50:00+00:00,65.185,65.38,64.91,65.08,251050
2026-06-03T15:55:00+00:00,65.079,65.34,65.0,65.1,132369
2026-06-03T16:00:00+00:00,65.11,65.21,64.85,65.1,108916
2026-06-03T16:05:00+00:00,65.1,65.28,64.985,65.09,105875
2026-06-03T16:10:00+00:00,65.05,65.087,64.68,64.732,119545
2026-06-03T16:15:00+00:00,64.76,64.77,64.425,64.47,189178
2026-06-03T16:20:00+00:00,64.47,64.6,64.05,64.535,167573
2026-06-03T16:25:00+00:00,64.55,64.74,64.35,64.56,219719
2026-06-03T16:30:00+00:00,64.58,64.963,64.485,64.64,137348
2026-06-03T16:35:00+00:00,64.666,64.84,64.49,64.74,85782
2026-06-03T16:40:00+00:00,64.72,64.77,64.315,64.365,145901
2026-06-03T16:45:00+00:00,64.37,64.83,64.365,64.76,70159
2026-06-03T16:50:00+00:00,64.74,64.99,64.72,64.85,76257
2026-06-03T16:55:00+00:00,64.83,65.39,64.8,65.155,115757
2026-06-03T17:00:00+00:00,65.17,65.54,65.14,65.3,82925
2026-06-03T17:05:00+00:00,65.36,65.47,65.25,65.27,61994
2026-06-03T17:10:00+00:00,65.265,65.44,65.15,65.205,53557
2026-06-03T17:15:00+00:00,65.21,65.395,65.15,65.28,56753
2026-06-03T17:20:00+00:00,65.26,65.54,65.25,65.515,59258
2026-06-03T17:25:00+00:00,65.525,65.79,65.45,65.575,89529
2026-06-03T17:30:00+00:00,65.521,65.55,65.25,65.465,61563
2026-06-03T17:35:00+00:00,65.5,65.589,65.44,65.57,48346
2026-06-03T17:40:00+00:00,65.57,65.82,65.53,65.695,81569
2026-06-03T17:45:00+00:00,65.7,65.705,65.4,65.49,78167
2026-06-03T17:50:00+00:00,65.485,65.615,65.43,65.555,54127
2026-06-03T17:55:00+00:00,65.555,65.58,65.34,65.459,64348
2026-06-03T18:00:00+00:00,65.47,66.09,65.405,66.044,61170
2026-06-03T18:05:00+00:00,65.992,66.2,65.86,65.92,62778
2026-06-03T18:10:00+00:00,65.91,65.91,65.63,65.865,59631
2026-06-03T18:15:00+00:00,65.85,65.859,65.53,65.72,54505
2026-06-03T18:20:00+00:00,65.72,65.989,65.645,65.986,47889
2026-06-03T18:25:00+00:00,65.975,66.268,65.965,66.268,71745
2026-06-03T18:30:00+00:00,66.275,66.548,66.17,66.32,63783
2026-06-03T18:35:00+00:00,66.27,66.34,66.07,66.18,67864
2026-06-03T18:40:00+00:00,66.19,66.267,66.11,66.267,58612
2026-06-03T18:45:00+00:00,66.28,66.28,65.87,65.935,69792
2026-06-03T18:50:00+00:00,65.935,65.97,65.815,65.835,49024
2026-06-03T18:55:00+00:00,65.865,65.99,65.71,65.85,72300
2026-06-03T19:00:00+00:00,65.85,65.85,65.5,65.726,91754
2026-06-03T19:05:00+00:00,65.71,65.818,65.35,65.42,93510
2026-06-03T19:10:00+00:00,65.44,65.72,65.43,65.68,67516
2026-06-03T19:15:00+00:00,65.67,65.95,65.61,65.825,55840
2026-06-03T19:20:00+00:00,65.825,65.825,65.385,65.385,79400
2026-06-03T19:25:00+00:00,65.385,65.565,65.15,65.555,112514
2026-06-03T19:30:00+00:00,65.54,65.565,65.35,65.445,53317
2026-06-03T19:35:00+00:00,65.44,65.728,65.36,65.65,65976
2026-06-03T19:40:00+00:00,65.65,65.99,65.65,65.905,108576
2026-06-03T19:45:00+00:00,65.9,65.96,65.795,65.96,96092
2026-06-03T19:50:00+00:00,65.945,65.945,65.46,65.69,173477
2026-06-03T19:55:00+00:00,65.67,65.68,65.2,65.21,258732
2026-06-03T20:00:00+00:00,65.11,65.6,64.91,65.0,9736
2026-06-03T20:05:00+00:00,64.988,65.21,64.7,64.8,136368
2026-06-03T20:10:00+00:00,64.8,65.21,64.5,64.63,24062
2026-06-03T20:15:00+00:00,64.63,65.41,64.48,65.009,9499
2026-06-03T20:20:00+00:00,65.0,65.2,64.936,65.146,6111
2026-06-03T20:25:00+00:00,65.14,65.15,64.878,64.95,5918
2026-06-03T20:30:00+00:00,64.95,65.06,64.6,64.86,3522
2026-06-03T20:35:00+00:00,64.75,64.95,64.64,64.81,3623
2026-06-03T20:40:00+00:00,64.95,64.95,64.64,64.67,7499
2026-06-03T20:45:00+00:00,64.6,64.78,64.51,64.713,3594
2026-06-03T20:50:00+00:00,64.617,64.73,64.6,64.66,3727
2026-06-03T20:55:00+00:00,64.66,64.73,64.5,64.61,167206
2026-06-03T21:00:00+00:00,64.63,64.95,64.51,64.865,3641
2026-06-03T21:05:00+00:00,64.89,64.89,64.7,64.723,1152
2026-06-03T21:10:00+00:00,64.787,64.8,64.5,64.76,2658
2026-06-03T21:15:00+00:00,64.7,64.76,64.5,64.61,3880
2026-06-03T21:20:00+00:00,64.57,64.7,64.1,64.1,18216
2026-06-03T21:25:00+00:00,64.27,64.27,64.05,64.14,3896
2026-06-03T21:30:00+00:00,64.08,64.15,63.657,63.69,9610
2026-06-03T21:35:00+00:00,63.69,64.0,63.68,63.85,6091
2026-06-03T21:40:00+00:00,63.93,64.27,63.81,64.21,4962
2026-06-03T21:45:00+00:00,64.26,64.26,63.98,64.2,2276
2026-06-03T21:50:00+00:00,64.11,64.22,63.99,64.1,3361
2026-06-03T21:55:00+00:00,64.1,64.15,63.99,64.07,1987
2026-06-03T22:00:00+00:00,64.025,64.23,64.0,64.08,1832
2026-06-03T22:05:00+00:00,64.0,64.08,63.64,63.77,3183
2026-06-03T22:10:00+00:00,63.77,63.82,63.63,63.66,5479
2026-06-03T22:15:00+00:00,63.67,63.82,63.51,63.54,1251
2026-06-03T22:20:00+00:00,63.54,63.54,63.3,63.401,4674
2026-06-03T22:25:00+00:00,63.46,63.71,63.21,63.71,4525
2026-06-03T22:30:00+00:00,63.71,64.0,63.5,63.9,3033
2026-06-03T22:35:00+00:00,63.89,63.9,63.69,63.84,1131
2026-06-03T22:40:00+00:00,63.8,63.9,63.6,63.61,1510
2026-06-03T22:45:00+00:00,63.6,63.76,63.6,63.69,2799
2026-06-03T22:50:00+00:00,63.734,63.75,63.55,63.58,6203
2026-06-03T22:55:00+00:00,63.5,63.72,63.4,63.7,2810
2026-06-03T23:00:00+00:00,63.56,63.72,63.5,63.69,613
2026-06-03T23:05:00+00:00,63.69,63.72,63.5,63.62,1308
2026-06-03T23:10:00+00:00,63.7,63.7,63.28,63.3,1915
2026-06-03T23:15:00+00:00,63.3,63.5,63.3,63.4,2241
2026-06-03T23:20:00+00:00,63.5,63.72,63.34,63.47,3154
2026-06-03T23:25:00+00:00,63.47,63.72,63.29,63.45,2764
2026-06-03T23:30:00+00:00,63.4,63.72,63.3,63.34,3102
2026-06-03T23:35:00+00:00,63.52,63.6,63.3,63.36,1768
2026-06-03T23:40:00+00:00,63.35,63.6,63.3,63.3,3151
2026-06-03T23:45:00+00:00,63.28,63.4,63.11,63.178,3590
2026-06-03T23:50:00+00:00,63.11,63.6,63.11,63.42,5991
2026-06-03T23:55:00+00:00,63.59,63.6,63.37,63.42,3532
2026-06-04T08:00:00+00:00,64.5,65.393,64.5,64.97,21679
2026-06-04T08:05:00+00:00,65.137,65.38,64.6,64.94,6075
2026-06-04T08:10:00+00:00,64.9,64.91,64.52,64.529,690
2026-06-04T08:15:00+00:00,64.494,65.38,64.23,64.439,3218
2026-06-04T08:20:00+00:00,64.439,64.45,64.05,64.05,1209
2026-06-04T08:25:00+00:00,64.07,64.42,64.07,64.22,1581
2026-06-04T08:30:00+00:00,64.741,64.75,64.091,64.16,1628
2026-06-04T08:35:00+00:00,64.17,64.68,64.05,64.68,1489
2026-06-04T08:40:00+00:00,64.033,64.187,63.9,64.02,1944
2026-06-04T08:45:00+00:00,63.92,64.0,63.68,63.68,564
2026-06-04T08:50:00+00:00,63.68,64.0,63.62,64.0,1246
2026-06-04T08:55:00+00:00,63.79,64.0,63.58,63.95,1529
2026-06-04T09:00:00+00:00,63.95,63.95,63.5,63.52,7294
2026-06-04T09:05:00+00:00,63.51,63.95,63.3,63.3,3674
2026-06-04T09:10:00+00:00,63.33,63.4,63.0,63.004,6342
2026-06-04T09:15:00+00:00,63.0,63.06,62.6,62.939,4528
2026-06-04T09:20:00+00:00,62.71,62.99,62.6,62.76,3028
2026-06-04T09:25:00+00:00,62.613,63.2,62.613,63.18,1715
2026-06-04T09:30:00+00:00,63.06,63.5,63.03,63.48,3517
2026-06-04T09:35:00+00:00,63.48,63.55,63.31,63.47,1447
2026-06-04T09:40:00+00:00,63.4,63.53,63.31,63.32,775
2026-06-04T09:45:00+00:00,63.443,63.899,63.315,63.787,2652
2026-06-04T09:50:00+00:00,63.63,63.741,63.31,63.741,594
2026-06-04T09:55:00+00:00,63.77,63.8,63.566,63.79,298
2026-06-04T10:00:00+00:00,63.76,63.8,63.6,63.775,1257
2026-06-04T10:05:00+00:00,63.685,63.768,63.553,63.65,171
2026-06-04T10:10:00+00:00,63.5,63.8,63.31,63.58,1530
2026-06-04T10:15:00+00:00,63.5,63.5,63.33,63.47,477
2026-06-04T10:20:00+00:00,63.368,63.66,63.34,63.52,922
2026-06-04T10:25:00+00:00,63.6,63.6,63.349,63.6,40
2026-06-04T10:30:00+00:00,63.37,63.592,63.34,63.34,235
2026-06-04T10:35:00+00:00,63.34,63.587,63.34,63.39,523
2026-06-04T10:40:00+00:00,63.37,63.38,63.35,63.35,408
2026-06-04T10:45:00+00:00,63.35,63.549,63.156,63.19,818
2026-06-04T10:50:00+00:00,63.213,63.49,63.03,63.3,985
2026-06-04T10:55:00+00:00,63.14,63.35,63.05,63.35,1109
2026-06-04T11:00:00+00:00,63.3,63.461,63.1,63.23,10005
2026-06-04T11:05:00+00:00,63.15,63.25,63.05,63.058,1182
2026-06-04T11:10:00+00:00,63.08,63.3,63.0,63.3,5740
2026-06-04T11:15:00+00:00,63.293,63.54,63.243,63.43,847
2026-06-04T11:20:00+00:00,63.43,63.7,63.36,63.691,2573
2026-06-04T11:25:00+00:00,63.687,63.95,63.36,63.95,1747
2026-06-04T11:30:00+00:00,63.95,63.95,63.673,63.7,1881
2026-06-04T11:35:00+00:00,63.67,63.95,63.54,63.541,4056
2026-06-04T11:40:00+00:00,63.54,63.63,63.51,63.62,3030
2026-06-04T11:45:00+00:00,63.58,63.95,63.51,63.95,5630
2026-06-04T11:50:00+00:00,63.66,63.8,63.51,63.6,1939
2026-06-04T11:55:00+00:00,63.8,63.8,63.51,63.75,3158
2026-06-04T12:00:00+00:00,63.78,64.0,63.656,63.974,3898
2026-06-04T12:05:00+00:00,63.97,64.5,63.74,64.02,2846
2026-06-04T12:10:00+00:00,64.02,64.18,63.74,63.77,3671
2026-06-04T12:15:00+00:00,63.78,63.92,63.7,63.787,1614
2026-06-04T12:20:00+00:00,63.74,63.92,63.7,63.88,3868
2026-06-04T12:25:00+00:00,63.871,63.9,63.7,63.89,3354
2026-06-04T12:30:00+00:00,64.0,64.43,63.71,64.27,9005
2026-06-04T12:35:00+00:00,64.449,64.45,64.0,64.06,1812
2026-06-04T12:40:00+00:00,64.14,64.495,64.076,64.495,2208
2026-06-04T12:45:00+00:00,64.47,64.65,64.31,64.31,2071
2026-06-04T12:50:00+00:00,64.31,64.65,64.25,64.37,3552
2026-06-04T12:55:00+00:00,64.39,64.49,64.25,64.38,3689
2026-06-04T13:00:00+00:00,64.35,64.48,64.25,64.3,8904
2026-06-04T13:05:00+00:00,64.309,64.65,64.3,64.6,4128
2026-06-04T13:10:00+00:00,64.5,64.65,64.4,64.452,1910
2026-06-04T13:15:00+00:00,64.54,64.88,64.4,64.513,4142
2026-06-04T13:20:00+00:00,64.82,65.0,64.5,64.9,4663
2026-06-04T13:25:00+00:00,64.924,65.0,64.5,64.5,4699
2026-06-04T13:30:00+00:00,64.51,64.963,63.87,64.478,185687
2026-06-04T13:35:00+00:00,64.47,65.08,64.201,64.635,156778
2026-06-04T13:40:00+00:00,64.63,64.95,64.06,64.3,129015
2026-06-04T13:45:00+00:00,64.337,64.337,63.36,63.755,197874
2026-06-04T13:50:00+00:00,63.71,64.07,63.41,63.51,152332
2026-06-04T13:55:00+00:00,63.565,63.77,63.33,63.47,140120
2026-06-04T14:00:00+00:00,63.53,64.07,63.41,63.69,120876
2026-06-04T14:05:00+00:00,63.69,63.949,63.56,63.65,138436
2026-06-04T14:10:00+00:00,63.655,64.37,63.655,64.12,149933
2026-06-04T14:15:00+00:00,64.11,64.269,63.75,63.84,100216
2026-06-04T14:20:00+00:00,63.83,64.4,63.7,64.295,92304
2026-06-04T14:25:00+00:00,64.3,64.47,64.17,64.285,82345
2026-06-04T14:30:00+00:00,64.286,64.63,64.01,64.57,98381
2026-06-04T14:35:00+00:00,64.55,64.66,64.24,64.33,65639
2026-06-04T14:40:00+00:00,64.368,64.39,63.945,64.18,89208
2026-06-04T14:45:00+00:00,64.23,64.31,63.93,64.0,65989
2026-06-04T14:50:00+00:00,64.0,64.5,63.97,64.38,65458
2026-06-04T14:55:00+00:00,64.36,64.73,64.29,64.7,62775
2026-06-04T15:00:00+00:00,64.715,64.77,64.48,64.5,66654
2026-06-04T15:05:00+00:00,64.49,64.91,64.49,64.835,75035
2026-06-04T15:10:00+00:00,64.83,65.53,64.795,65.45,181791
2026-06-04T15:15:00+00:00,65.44,65.78,65.415,65.77,140311
2026-06-04T15:20:00+00:00,65.75,65.78,65.2,65.52,79984
2026-06-04T15:25:00+00:00,65.52,65.52,64.972,65.035,67173
2026-06-04T15:30:00+00:00,65.025,65.025,64.505,64.62,101785
2026-06-04T15:35:00+00:00,64.62,64.63,64.2,64.205,69437
2026-06-04T15:40:00+00:00,64.2,64.43,64.12,64.375,43928
2026-06-04T15:45:00+00:00,64.37,64.39,63.91,63.93,71085
2026-06-04T15:50:00+00:00,63.96,64.085,63.79,63.975,120844
2026-06-04T15:55:00+00:00,63.975,64.22,63.94,64.085,57929
2026-06-04T16:00:00+00:00,64.11,64.2,64.0,64.11,44501
2026-06-04T16:05:00+00:00,64.14,64.35,64.01,64.27,41429
2026-06-04T16:10:00+00:00,64.28,64.49,64.22,64.4,51640
2026-06-04T16:15:00+00:00,64.41,64.66,64.41,64.52,28622
2026-06-04T16:20:00+00:00,64.52,64.84,64.42,64.8,72314
2026-06-04T16:25:00+00:00,64.82,65.1,64.67,65.1,57095
2026-06-04T16:30:00+00:00,65.097,65.1,64.667,64.89,58650
2026-06-04T16:35:00+00:00,64.89,65.32,64.89,65.19,59560
2026-06-04T16:40:00+00:00,65.2,65.39,65.08,65.2,44098
2026-06-04T16:45:00+00:00,65.2,65.45,64.955,65.04,36244
2026-06-04T16:50:00+00:00,65.02,65.16,64.95,65.02,41652
2026-06-04T16:55:00+00:00,64.96,65.44,64.955,65.325,35166
2026-06-04T17:00:00+00:00,65.32,65.72,65.26,65.57,63809
2026-06-04T17:05:00+00:00,65.575,65.83,65.5,65.83,57853
2026-06-04T17:10:00+00:00,65.81,65.83,65.502,65.55,41793
2026-06-04T17:15:00+00:00,65.555,65.69,65.48,65.62,32887
2026-06-04T17:20:00+00:00,65.6,65.63,65.4,65.435,31935
2026-06-04T17:25:00+00:00,65.44,65.67,65.4,65.634,32532
2026-06-04T17:30:00+00:00,65.65,65.99,65.597,65.84,72160
2026-06-04T17:35:00+00:00,65.85,65.86,65.295,65.41,40615
2026-06-04T17:40:00+00:00,65.47,65.64,65.37,65.41,29055
2026-06-04T17:45:00+00:00,65.42,65.57,65.395,65.53,22866
2026-06-04T17:50:00+00:00,65.57,65.73,65.548,65.7,36323
2026-06-04T17:55:00+00:00,65.7,65.94,65.66,65.84,47927
2026-06-04T18:00:00+00:00,65.806,66.08,65.7,66.03,50473
2026-06-04T18:05:00+00:00,66.08,66.17,65.965,66.06,65482
2026-06-04T18:10:00+00:00,66.06,66.18,65.95,65.99,37105
2026-06-04T18:15:00+00:00,65.98,66.015,65.869,66.015,41012
2026-06-04T18:20:00+00:00,66.05,66.16,65.973,66.16,31734
2026-06-04T18:25:00+00:00,66.16,66.385,66.14,66.35,49149
2026-06-04T18:30:00+00:00,66.35,66.45,66.102,66.36,50246
2026-06-04T18:35:00+00:00,66.37,66.57,66.21,66.305,63863
2026-06-04T18:40:00+00:00,66.305,66.305,65.92,66.0,48928
2026-06-04T18:45:00+00:00,65.975,65.99,65.735,65.91,39121
2026-06-04T18:50:00+00:00,65.91,65.95,65.755,65.84,31494
2026-06-04T18:55:00+00:00,65.84,65.87,65.5,65.55,46948
2026-06-04T19:00:00+00:00,65.55,65.555,65.365,65.51,36612
2026-06-04T19:05:00+00:00,65.505,65.59,65.455,65.505,34229
2026-06-04T19:10:00+00:00,65.505,65.52,65.26,65.305,44352
2026-06-04T19:15:00+00:00,65.285,65.35,65.12,65.33,40892
2026-06-04T19:20:00+00:00,65.35,65.57,65.35,65.515,39406
2026-06-04T19:25:00+00:00,65.53,65.615,65.51,65.59,28414
2026-06-04T19:30:00+00:00,65.58,65.8,65.575,65.71,46539
2026-06-04T19:35:00+00:00,65.73,65.78,65.59,65.68,45200
2026-06-04T19:40:00+00:00,65.69,65.79,65.6,65.62,43601
2026-06-04T19:45:00+00:00,65.62,65.69,65.502,65.69,54917
2026-06-04T19:50:00+00:00,65.75,65.89,65.6,65.82,92523
2026-06-04T19:55:00+00:00,65.81,65.81,65.27,65.39,153237
2026-06-04T20:00:00+00:00,65.39,66.73,65.0,66.6,84092
2026-06-04T20:05:00+00:00,66.6,67.0,66.01,66.5,60506
2026-06-04T20:10:00+00:00,66.21,66.8,65.39,66.0,12566
2026-06-04T20:15:00+00:00,65.97,66.8,65.39,66.75,10439
2026-06-04T20:20:00+00:00,66.52,66.8,66.0,66.7,7927
2026-06-04T20:25:00+00:00,66.58,66.7,66.0,66.5,4499
2026-06-04T20:30:00+00:00,66.49,66.99,66.4,66.96,15550
2026-06-04T20:35:00+00:00,66.959,67.05,66.7,66.9,14837
2026-06-04T20:40:00+00:00,66.899,66.95,66.5,66.6,4231
2026-06-04T20:45:00+00:00,66.6,66.9,66.6,66.81,4615
2026-06-04T20:50:00+00:00,66.78,67.0,66.7,66.81,4485
2026-06-04T20:55:00+00:00,66.98,66.98,66.766,66.91,2470
2026-06-04T21:00:00+00:00,66.96,66.98,66.77,66.93,4376
2026-06-04T21:05:00+00:00,66.903,66.96,66.9,66.96,1950
2026-06-04T21:10:00+00:00,66.91,66.95,66.77,66.883,7388
2026-06-04T21:15:00+00:00,66.88,66.95,66.77,66.93,1421
2026-06-04T21:20:00+00:00,66.94,66.94,66.77,66.909,575
2026-06-04T21:25:00+00:00,66.77,66.93,66.77,66.84,4095
2026-06-04T21:30:00+00:00,66.88,66.919,66.76,66.782,9622
2026-06-04T21:35:00+00:00,66.89,66.92,66.76,66.9,1328
2026-06-04T21:40:00+00:00,66.91,66.91,66.76,66.76,1545
2026-06-04T21:45:00+00:00,66.79,66.88,66.75,66.88,1428
2026-06-04T21:50:00+00:00,66.88,66.95,66.75,66.927,2752
2026-06-04T21:55:00+00:00,66.94,66.94,66.77,66.9,1930
2026-06-04T22:00:00+00:00,66.8,66.88,66.77,66.79,4085
2026-06-04T22:05:00+00:00,66.84,66.9,66.79,66.83,1125
2026-06-04T22:10:00+00:00,66.83,66.85,66.77,66.79,576
2026-06-04T22:15:00+00:00,66.78,66.85,66.77,66.84,1842
2026-06-04T22:20:00+00:00,66.84,66.88,66.77,66.772,1545
2026-06-04T22:25:00+00:00,66.79,66.83,66.61,66.76,3093
2026-06-04T22:30:00+00:00,66.739,67.58,66.629,67.5,14338
2026-06-04T22:35:00+00:00,67.51,67.8,67.04,67.74,21819
2026-06-04T22:40:00+00:00,67.78,67.85,67.56,67.8,7254
2026-06-04T22:45:00+00:00,67.8,68.0,67.522,67.99,14982
2026-06-04T22:50:00+00:00,68.0,68.0,67.64,67.96,6498
2026-06-04T22:55:00+00:00,67.97,67.97,67.58,67.812,6382
2026-06-04T23:00:00+00:00,67.82,67.88,67.35,67.49,5830
2026-06-04T23:05:00+00:00,67.6,67.77,67.0,67.3,4977
2026-06-04T23:10:00+00:00,67.28,67.35,67.0,67.08,12547
2026-06-04T23:15:00+00:00,67.1,67.18,67.0,67.1,1692
2026-06-04T23:20:00+00:00,67.101,67.38,67.101,67.28,11021
2026-06-04T23:25:00+00:00,67.35,67.35,67.17,67.19,1915
2026-06-04T23:30:00+00:00,67.19,67.25,66.71,66.71,5247
2026-06-04T23:35:00+00:00,66.66,67.0,66.66,66.904,3184
2026-06-04T23:40:00+00:00,66.913,67.15,66.72,66.72,3197
2026-06-04T23:45:00+00:00,66.8,66.97,66.8,66.88,2905
2026-06-04T23:50:00+00:00,66.88,67.11,66.66,67.0,2060
2026-06-04T23:55:00+00:00,66.827,67.0,66.8,66.81,1142
2026-06-05T08:00:00+00:00,65.5,67.57,65.34,66.0,38317
2026-06-05T08:05:00+00:00,66.0,66.4,66.0,66.06,2158
2026-06-05T08:10:00+00:00,66.26,67.25,65.36,66.3,2332
2026-06-05T08:15:00+00:00,66.49,66.49,66.071,66.25,541
2026-06-05T08:20:00+00:00,66.5,66.5,66.06,66.21,710
2026-06-05T08:25:00+00:00,66.233,66.5,66.233,66.48,605
2026-06-05T08:30:00+00:00,66.35,66.75,66.253,66.633,3071
2026-06-05T08:35:00+00:00,66.63,66.8,66.515,66.74,1056
2026-06-05T08:40:00+00:00,66.66,66.825,66.5,66.63,926
2026-06-05T08:45:00+00:00,66.6,66.789,66.5,66.7,203
2026-06-05T08:50:00+00:00,66.7,66.8,66.213,66.48,1271
2026-06-05T08:55:00+00:00,66.48,66.73,66.213,66.52,1567
2026-06-05T09:00:00+00:00,66.55,66.72,66.493,66.493,602
2026-06-05T09:05:00+00:00,66.5,66.5,66.33,66.45,689
2026-06-05T09:10:00+00:00,66.43,66.97,66.21,66.77,1585
2026-06-05T09:15:00+00:00,66.79,66.99,66.663,66.8,1534
2026-06-05T09:20:00+00:00,66.8,66.989,66.62,66.633,506
2026-06-05T09:25:00+00:00,66.971,66.982,66.63,66.66,846
2026-06-05T09:30:00+00:00,66.66,66.8,66.5,66.63,1839
2026-06-05T09:35:00+00:00,66.63,66.8,66.572,66.761,962
2026-06-05T09:40:00+00:00,66.752,66.89,66.62,66.86,462
2026-06-05T09:45:00+00:00,66.86,67.3,66.776,67.29,6358
2026-06-05T09:50:00+00:00,67.12,67.9,67.12,67.884,12338
2026-06-05T09:55:00+00:00,67.8,67.91,67.533,67.78,3841
2026-06-05T10:00:00+00:00,67.78,67.87,67.397,67.71,4697
2026-06-05T10:05:00+00:00,67.71,67.71,67.4,67.692,1239
2026-06-05T10:10:00+00:00,67.5,67.7,67.48,67.48,3337
2026-06-05T10:15:00+00:00,67.5,67.67,67.3,67.31,4105
2026-06-05T10:20:00+00:00,67.3,67.56,67.19,67.431,2462
2026-06-05T10:25:00+00:00,67.43,67.44,67.288,67.37,612
2026-06-05T10:30:00+00:00,67.42,67.877,67.263,67.877,3233
2026-06-05T10:35:00+00:00,67.874,67.884,67.43,67.5,4319
2026-06-05T10:40:00+00:00,67.313,67.664,67.21,67.46,1387
2026-06-05T10:45:00+00:00,67.49,67.5,67.22,67.3,1171
2026-06-05T10:50:00+00:00,67.26,67.5,67.03,67.04,2609
2026-06-05T10:55:00+00:00,67.038,67.46,66.85,66.85,1457
2026-06-05T11:00:00+00:00,67.3,67.4,66.67,66.717,2380
2026-06-05T11:05:00+00:00,66.7,67.0,66.7,66.98,2466
2026-06-05T11:10:00+00:00,66.98,66.98,66.6,66.78,2781
2026-06-05T11:15:00+00:00,66.6,66.94,66.54,66.94,2724
2026-06-05T11:20:00+00:00,66.52,66.94,66.31,66.36,6255
2026-06-05T11:25:00+00:00,66.36,66.8,66.36,66.624,1686
2026-06-05T11:30:00+00:00,66.62,66.9,66.51,66.73,2370
2026-06-05T11:35:00+00:00,66.85,66.9,66.66,66.7,2169
2026-06-05T11:40:00+00:00,66.67,66.94,66.6,66.86,1495
2026-06-05T11:45:00+00:00,66.76,66.76,66.6,66.63,1288
2026-06-05T11:50:00+00:00,66.5,66.7,66.5,66.6,295
2026-06-05T11:55:00+00:00,66.526,66.7,66.39,66.39,4780
2026-06-05T12:00:00+00:00,66.45,66.5,65.9,65.98,7321
2026-06-05T12:05:00+00:00,65.96,66.35,65.7,65.913,6441
2026-06-05T12:10:00+00:00,65.9,66.3,65.85,65.85,2522
2026-06-05T12:15:00+00:00,65.86,66.2,65.86,66.2,1932
2026-06-05T12:20:00+00:00,66.045,66.35,65.99,66.1,2119
2026-06-05T12:25:00+00:00,66.18,66.35,65.91,66.25,7008
2026-06-05T12:30:00+00:00,66.29,66.5,65.5,65.6,4837
2026-06-05T12:35:00+00:00,65.6,65.88,65.4,65.66,4032
2026-06-05T12:40:00+00:00,65.85,66.0,65.5,65.8,5435
2026-06-05T12:45:00+00:00,65.81,66.07,65.8,65.98,4372
2026-06-05T12:50:00+00:00,66.0,66.0,65.763,65.79,2001
2026-06-05T12:55:00+00:00,65.933,66.3,65.803,66.05,4803
2026-06-05T13:00:00+00:00,66.0,66.3,65.89,66.077,4592
2026-06-05T13:05:00+00:00,66.07,66.16,65.8,65.89,1947
2026-06-05T13:10:00+00:00,65.9,66.16,65.83,66.018,8251
2026-06-05T13:15:00+00:00,65.99,66.16,65.8,66.07,7200
2026-06-05T13:20:00+00:00,66.0,66.13,65.7,65.7,9484
2026-06-05T13:25:00+00:00,65.7,65.97,64.54,64.54,14385
2026-06-05T13:30:00+00:00,64.8,64.8,62.9,63.6,240292
2026-06-05T13:35:00+00:00,63.585,63.78,62.25,62.32,231138
2026-06-05T13:40:00+00:00,62.335,62.385,61.61,61.905,338803
2026-06-05T13:45:00+00:00,61.94,62.23,60.93,61.09,305530
2026-06-05T13:50:00+00:00,61.16,61.7,60.925,61.68,208819
2026-06-05T13:55:00+00:00,61.71,61.71,60.42,60.545,185235
2026-06-05T14:00:00+00:00,60.57,61.25,60.37,60.89,185225
2026-06-05T14:05:00+00:00,60.905,61.297,60.71,61.14,145760
2026-06-05T14:10:00+00:00,61.17,61.36,60.75,61.33,124762
2026-06-05T14:15:00+00:00,61.36,61.925,61.1,61.925,119054
2026-06-05T14:20:00+00:00,61.94,62.03,60.902,61.055,154651
2026-06-05T14:25:00+00:00,61.015,61.015,60.38,60.505,159044
2026-06-05T14:30:00+00:00,60.58,61.12,60.48,61.12,127418
2026-06-05T14:35:00+00:00,61.14,61.34,60.975,61.14,96172
2026-06-05T14:40:00+00:00,61.14,61.16,60.6,60.755,88892
2026-06-05T14:45:00+00:00,60.76,61.01,60.7,60.93,81044
2026-06-05T14:50:00+00:00,60.88,61.43,60.858,61.4,88909
2026-06-05T14:55:00+00:00,61.4,61.59,61.18,61.23,129414
2026-06-05T15:00:00+00:00,61.2,61.24,60.8,61.06,79065
2026-06-05T15:05:00+00:00,61.09,61.1,60.435,60.511,95247
2026-06-05T15:10:00+00:00,60.51,60.55,60.06,60.085,113850
2026-06-05T15:15:00+00:00,60.12,60.31,59.94,60.22,138976
2026-06-05T15:20:00+00:00,60.23,60.23,59.67,59.825,165443
2026-06-05T15:25:00+00:00,59.84,60.02,59.74,59.965,70386
2026-06-05T15:30:00+00:00,59.95,60.16,59.85,59.92,91500
2026-06-05T15:35:00+00:00,59.885,59.885,59.5,59.572,127415
2026-06-05T15:40:00+00:00,59.55,59.65,59.239,59.488,126369
2026-06-05T15:45:00+00:00,59.47,59.77,59.47,59.6,97979
2026-06-05T15:50:00+00:00,59.585,60.0,59.585,59.93,83148
2026-06-05T15:55:00+00:00,59.94,60.02,59.69,59.795,55282
2026-06-05T16:00:00+00:00,59.795,59.795,59.56,59.66,72623
2026-06-05T16:05:00+00:00,59.655,59.7,59.32,59.36,61954
2026-06-05T16:10:00+00:00,59.345,59.599,59.25,59.425,68347
2026-06-05T16:15:00+00:00,59.367,59.41,58.98,58.98,112413
2026-06-05T16:20:00+00:00,59.02,59.38,58.96,59.31,63862
2026-06-05T16:25:00+00:00,59.27,59.42,59.01,59.035,86311
2026-06-05T16:30:00+00:00,59.035,59.08,58.75,58.9,87128
2026-06-05T16:35:00+00:00,58.845,58.95,58.652,58.735,90785
2026-06-05T16:40:00+00:00,58.735,58.79,58.24,58.28,113734
2026-06-05T16:45:00+00:00,58.285,58.33,57.92,58.25,153194
2026-06-05T16:50:00+00:00,58.24,59.0,58.075,58.98,122615
2026-06-05T16:55:00+00:00,58.98,58.98,58.56,58.92,84961
2026-06-05T17:00:00+00:00,58.96,59.03,58.375,58.755,115328
2026-06-05T17:05:00+00:00,58.755,58.788,57.95,58.17,103198
2026-06-05T17:10:00+00:00,58.22,58.24,57.93,58.025,98068
2026-06-05T17:15:00+00:00,58.025,58.06,57.9,58.03,67729
2026-06-05T17:20:00+00:00,58.06,58.36,57.86,58.36,71697
2026-06-05T17:25:00+00:00,58.32,58.38,57.98,58.18,76443
2026-06-05T17:30:00+00:00,58.185,58.35,58.063,58.3,57779
2026-06-05T17:35:00+00:00,58.33,58.4,58.15,58.235,100854
2026-06-05T17:40:00+00:00,58.26,58.39,57.805,57.86,115760
2026-06-05T17:45:00+00:00,57.87,57.92,57.75,57.81,65942
2026-06-05T17:50:00+00:00,57.83,58.05,57.82,57.95,52322
2026-06-05T17:55:00+00:00,57.935,58.26,57.865,58.23,56399
2026-06-05T18:00:00+00:00,58.23,58.31,57.8,57.8,66112
2026-06-05T18:05:00+00:00,57.8,57.83,57.7,57.7,68384
2026-06-05T18:10:00+00:00,57.701,57.77,57.65,57.71,81266
2026-06-05T18:15:00+00:00,57.69,57.69,57.39,57.45,104790
2026-06-05T18:20:00+00:00,57.43,57.55,57.16,57.19,112983
2026-06-05T18:25:00+00:00,57.23,57.385,57.113,57.29,96632
2026-06-05T18:30:00+00:00,57.3,57.445,57.16,57.251,63377
2026-06-05T18:35:00+00:00,57.25,57.28,56.96,57.045,107531
2026-06-05T18:40:00+00:00,57.04,57.055,56.78,56.828,121959
2026-06-05T18:45:00+00:00,56.82,57.037,56.625,57.02,142630
2026-06-05T18:50:00+00:00,57.0,57.1,56.78,57.095,92260
2026-06-05T18:55:00+00:00,57.095,57.605,57.05,57.43,114420
2026-06-05T19:00:00+00:00,57.42,57.74,57.14,57.7,111308
2026-06-05T19:05:00+00:00,57.72,57.72,56.78,56.89,163593
2026-06-05T19:10:00+00:00,56.89,56.95,56.7,56.88,89814
2026-06-05T19:15:00+00:00,56.88,57.075,56.665,56.97,100260
2026-06-05T19:20:00+00:00,56.965,57.45,56.91,57.435,92375
2026-06-05T19:25:00+00:00,57.43,57.91,57.43,57.91,82400
2026-06-05T19:30:00+00:00,57.92,57.95,57.64,57.745,112768
2026-06-05T19:35:00+00:00,57.75,58.19,57.75,58.16,136471
2026-06-05T19:40:00+00:00,58.198,58.24,57.83,58.12,133661
2026-06-05T19:45:00+00:00,58.12,58.645,57.87,58.575,179958
2026-06-05T19:50:00+00:00,58.565,58.72,58.335,58.34,223897
2026-06-05T19:55:00+00:00,58.33,58.33,58.03,58.09,256639
2026-06-05T20:00:00+00:00,58.09,58.4,57.69,58.09,8695
2026-06-05T20:05:00+00:00,57.7,57.7,56.57,57.17,57979
2026-06-05T20:10:00+00:00,57.026,58.09,56.83,57.48,16160
2026-06-05T20:15:00+00:00,57.0,58.09,56.83,57.11,4287
2026-06-05T20:20:00+00:00,58.09,58.09,57.11,57.63,10713
2026-06-05T20:25:00+00:00,57.55,57.7,57.36,57.549,1478
2026-06-05T20:30:00+00:00,57.53,57.55,57.31,57.47,1059
2026-06-05T20:35:00+00:00,57.36,57.6,57.31,57.48,4842
2026-06-05T20:40:00+00:00,57.549,57.55,57.35,57.449,5242
2026-06-05T20:45:00+00:00,57.44,57.45,57.35,57.45,137433
2026-06-05T20:50:00+00:00,57.45,57.7,57.43,57.551,3451
2026-06-05T20:55:00+00:00,57.69,57.69,57.507,57.54,1584
2026-06-05T21:00:00+00:00,57.55,57.55,57.25,57.25,2318
2026-06-05T21:05:00+00:00,57.5,57.5,57.11,57.3,1953
2026-06-05T21:10:00+00:00,57.31,57.68,57.3,57.51,1180
2026-06-05T21:15:00+00:00,57.51,57.68,57.25,57.6,1423
2026-06-05T21:20:00+00:00,57.52,57.61,57.46,57.46,302006
2026-06-05T21:25:00+00:00,57.68,57.68,57.51,57.67,3032
2026-06-05T21:30:00+00:00,57.67,57.68,57.46,57.46,1490
2026-06-05T21:35:00+00:00,57.68,57.7,57.5,57.68,2488
2026-06-05T21:40:00+00:00,57.601,58.0,57.601,57.8,4478
2026-06-05T21:45:00+00:00,58.0,58.0,57.722,57.82,3846
2026-06-05T21:50:00+00:00,57.8,57.8,57.6,57.707,1847
2026-06-05T21:55:00+00:00,57.72,57.9,57.62,57.78,1043
2026-06-05T22:00:00+00:00,57.77,57.9,57.75,57.83,698
2026-06-05T22:05:00+00:00,57.9,57.9,57.8,57.8,1215
2026-06-05T22:10:00+00:00,57.8,57.9,57.6,57.65,4101
2026-06-05T22:15:00+00:00,57.79,57.9,57.65,57.9,566
2026-06-05T22:20:00+00:00,57.669,57.9,57.63,57.76,1117
2026-06-05T22:25:00+00:00,57.88,57.89,57.63,57.65,2344
2026-06-05T22:30:00+00:00,57.69,57.85,57.63,57.67,1317
2026-06-05T22:35:00+00:00,57.65,57.77,57.605,57.67,1759
2026-06-05T22:40:00+00:00,57.669,57.73,57.46,57.69,890
2026-06-05T22:45:00+00:00,57.535,57.55,57.2,57.2,2140
2026-06-05T22:50:00+00:00,57.449,57.52,57.2,57.45,1060
2026-06-05T22:55:00+00:00,57.449,57.5,57.3,57.3,3449
2026-06-05T23:00:00+00:00,57.43,57.5,57.4,57.48,759
2026-06-05T23:05:00+00:00,57.5,57.78,57.47,57.6,379
2026-06-05T23:10:00+00:00,57.7,57.75,57.5,57.5,653
2026-06-05T23:15:00+00:00,57.562,57.789,57.37,57.5,1516
2026-06-05T23:20:00+00:00,57.37,57.85,57.37,57.675,1421
2026-06-05T23:25:00+00:00,57.5,57.8,57.385,57.7,1528
2026-06-05T23:30:00+00:00,57.67,57.8,57.4,57.66,737
2026-06-05T23:35:00+00:00,57.58,57.61,57.4,57.61,777
2026-06-05T23:40:00+00:00,57.579,57.6,57.427,57.571,1448
2026-06-05T23:45:00+00:00,57.51,57.6,57.4,57.4,2318
2026-06-05T23:50:00+00:00,57.5,57.6,57.4,57.47,4526
2026-06-05T23:55:00+00:00,57.47,57.59,57.42,57.48,2233
2026-06-08T08:00:00+00:00,58.725,58.74,57.34,58.74,40171
2026-06-08T08:05:00+00:00,58.5,59.341,58.5,58.819,2872
2026-06-08T08:10:00+00:00,58.94,59.3,57.46,59.02,3306
2026-06-08T08:15:00+00:00,59.14,59.39,59.0,59.238,1159
2026-06-08T08:20:00+00:00,59.37,59.376,59.205,59.21,903
2026-06-08T08:25:00+00:00,59.191,59.2,58.99,58.99,1366
2026-06-08T08:30:00+00:00,59.09,59.29,58.812,59.29,1787
2026-06-08T08:35:00+00:00,59.25,59.29,58.899,59.09,847
2026-06-08T08:40:00+00:00,59.05,59.09,58.81,58.9,1505
2026-06-08T08:45:00+00:00,58.81,58.89,58.58,58.65,2723
2026-06-08T08:50:00+00:00,58.51,58.7,58.405,58.62,2540
2026-06-08T08:55:00+00:00,58.482,58.82,58.482,58.61,381
2026-06-08T09:00:00+00:00,58.512,58.59,58.41,58.41,1157
2026-06-08T09:05:00+00:00,58.4,58.78,58.3,58.42,910
2026-06-08T09:10:00+00:00,58.42,58.872,58.4,58.69,206
2026-06-08T09:15:00+00:00,58.69,58.7,58.31,58.31,284
2026-06-08T09:20:00+00:00,58.46,58.849,58.42,58.849,598
2026-06-08T09:25:00+00:00,58.48,58.85,58.43,58.542,157
2026-06-08T09:30:00+00:00,58.5,58.8,58.433,58.62,286
2026-06-08T09:35:00+00:00,58.43,58.949,58.43,58.79,593
2026-06-08T09:40:00+00:00,58.79,58.9,58.463,58.9,629
2026-06-08T09:45:00+00:00,58.85,59.18,58.78,59.18,773
2026-06-08T09:50:00+00:00,59.06,59.25,59.05,59.25,17103
2026-06-08T09:55:00+00:00,59.27,59.288,58.892,59.248,105
2026-06-08T10:00:00+00:00,59.179,59.18,58.78,58.83,249
2026-06-08T10:05:00+00:00,58.812,59.18,58.812,58.97,760
2026-06-08T10:10:00+00:00,58.9,59.144,58.85,58.95,141
2026-06-08T10:15:00+00:00,58.92,58.92,58.62,58.75,276
2026-06-08T10:20:00+00:00,58.738,58.9,58.57,58.62,108
2026-06-08T10:25:00+00:00,58.711,58.988,58.53,58.988,676
2026-06-08T10:30:00+00:00,58.9,59.35,58.9,59.103,6191
2026-06-08T10:35:00+00:00,59.04,59.6,59.04,59.23,953
2026-06-08T10:40:00+00:00,59.221,59.23,59.05,59.23,737
2026-06-08T10:45:00+00:00,59.24,59.391,59.0,59.005,3015
2026-06-08T10:50:00+00:00,59.05,59.36,59.01,59.24,818
2026-06-08T10:55:00+00:00,59.24,59.29,59.12,59.18,2711
2026-06-08T11:00:00+00:00,59.275,59.47,59.11,59.41,5945
2026-06-08T11:05:00+00:00,59.5,59.82,59.4,59.634,2825
2026-06-08T11:10:00+00:00,59.75,60.05,59.68,59.9,12488
2026-06-08T11:15:00+00:00,60.18,60.35,59.9,60.098,3785
2026-06-08T11:20:00+00:00,60.1,60.35,60.02,60.19,5002
2026-06-08T11:25:00+00:00,60.043,60.37,60.03,60.37,9453
2026-06-08T11:30:00+00:00,60.31,60.37,60.13,60.13,4592
2026-06-08T11:35:00+00:00,60.14,60.37,60.14,60.26,3536
2026-06-08T11:40:00+00:00,60.3,60.3,60.0,60.03,8253
2026-06-08T11:45:00+00:00,60.03,60.14,59.9,59.922,6941
2026-06-08T11:50:00+00:00,60.1,60.14,59.9,60.0,5173
2026-06-08T11:55:00+00:00,59.95,60.1,59.95,60.011,5826
2026-06-08T12:00:00+00:00,60.07,60.62,59.95,60.06,9128
2026-06-08T12:05:00+00:00,60.14,60.5,59.97,60.35,5842
2026-06-08T12:10:00+00:00,60.48,60.5,60.25,60.29,5591
2026-06-08T12:15:00+00:00,60.299,60.45,60.1,60.25,6199
2026-06-08T12:20:00+00:00,60.4,60.52,60.26,60.39,2529
2026-06-08T12:25:00+00:00,60.4,60.55,60.39,60.53,12401
2026-06-08T12:30:00+00:00,60.51,60.77,60.46,60.6,10630
2026-06-08T12:35:00+00:00,60.61,60.7,60.5,60.61,2639
2026-06-08T12:40:00+00:00,60.65,60.73,60.5,60.64,5004
2026-06-08T12:45:00+00:00,60.68,60.72,60.5,60.6,4246
2026-06-08T12:50:00+00:00,60.65,60.7,60.38,60.38,9717
2026-06-08T12:55:00+00:00,60.376,60.5,60.3,60.3,2743
2026-06-08T13:00:00+00:00,60.44,60.65,60.31,60.408,4977
2026-06-08T13:05:00+00:00,60.408,60.73,60.408,60.698,7242
2026-06-08T13:10:00+00:00,60.69,60.7,60.382,60.41,15261
2026-06-08T13:15:00+00:00,60.43,60.5,60.2,60.232,6289
2026-06-08T13:20:00+00:00,60.27,60.38,60.05,60.23,5803
2026-06-08T13:25:00+00:00,60.35,60.449,60.1,60.26,8975
2026-06-08T13:30:00+00:00,60.1,60.351,58.21,58.523,261609
2026-06-08T13:35:00+00:00,58.525,59.26,58.42,59.1,163662
2026-06-08T13:40:00+00:00,59.05,59.53,58.66,59.0,125917
2026-06-08T13:45:00+00:00,58.975,59.4,58.695,58.82,126255
2026-06-08T13:50:00+00:00,58.81,59.15,58.404,58.84,137339
2026-06-08T13:55:00+00:00,58.846,59.05,58.0,58.23,129741
2026-06-08T14:00:00+00:00,58.25,58.88,58.25,58.58,98421
2026-06-08T14:05:00+00:00,58.56,59.08,58.431,58.92,98311
2026-06-08T14:10:00+00:00,58.86,58.97,58.43,58.55,70064
2026-06-08T14:15:00+00:00,58.57,58.57,58.13,58.27,71261
2026-06-08T14:20:00+00:00,58.29,58.93,58.29,58.925,58142
2026-06-08T14:25:00+00:00,58.83,59.163,58.755,58.97,55693
2026-06-08T14:30:00+00:00,58.9,59.45,58.86,59.355,64284
2026-06-08T14:35:00+00:00,59.355,59.8,59.355,59.71,65129
2026-06-08T14:40:00+00:00,59.725,59.875,59.45,59.7,80334
2026-06-08T14:45:00+00:00,59.715,59.94,59.53,59.65,49041
2026-06-08T14:50:00+00:00,59.68,60.1,59.6,59.98,55058
2026-06-08T14:55:00+00:00,59.97,60.2,59.81,59.81,58463
2026-06-08T15:00:00+00:00,59.81,60.05,59.48,59.55,62012
2026-06-08T15:05:00+00:00,59.56,59.94,59.53,59.71,39131
2026-06-08T15:10:00+00:00,59.747,60.1,59.695,59.9,44510
2026-06-08T15:15:00+00:00,59.95,60.1,59.9,60.044,41833
2026-06-08T15:20:00+00:00,60.042,60.3,59.97,60.3,62074
2026-06-08T15:25:00+00:00,60.263,60.276,59.81,59.835,43246
2026-06-08T15:30:00+00:00,59.83,59.87,59.52,59.67,44473
2026-06-08T15:35:00+00:00,59.705,60.0,59.515,60.0,38235
2026-06-08T15:40:00+00:00,60.0,60.07,59.85,59.95,37774
2026-06-08T15:45:00+00:00,59.949,60.09,59.83,59.88,27676
2026-06-08T15:50:00+00:00,59.88,59.98,59.66,59.77,34790
2026-06-08T15:55:00+00:00,59.74,59.77,59.33,59.355,63359
2026-06-08T16:00:00+00:00,59.415,59.69,59.3,59.61,29121
2026-06-08T16:05:00+00:00,59.634,59.657,59.46,59.49,28027
2026-06-08T16:10:00+00:00,59.47,59.604,59.375,59.52,28649
2026-06-08T16:15:00+00:00,59.54,59.81,59.53,59.78,35355
2026-06-08T16:20:00+00:00,59.782,59.965,59.63,59.68,28350
2026-06-08T16:25:00+00:00,59.71,59.8,59.445,59.445,25718
2026-06-08T16:30:00+00:00,59.52,59.79,59.46,59.69,36342
2026-06-08T16:35:00+00:00,59.67,59.79,59.66,59.73,26306
2026-06-08T16:40:00+00:00,59.71,59.88,59.635,59.88,33682
2026-06-08T16:45:00+00:00,59.875,59.9,59.745,59.77,16526
2026-06-08T16:50:00+00:00,59.745,59.865,59.641,59.82,21112
2026-06-08T16:55:00+00:00,59.82,59.9,59.65,59.72,23360
2026-06-08T17:00:00+00:00,59.7,59.7,59.3,59.334,23995
2026-06-08T17:05:00+00:00,59.44,59.57,59.334,59.375,37670
2026-06-08T17:10:00+00:00,59.35,59.44,59.282,59.43,26349
2026-06-08T17:15:00+00:00,59.445,59.445,59.18,59.23,24074
2026-06-08T17:20:00+00:00,59.263,59.33,59.14,59.215,31821
2026-06-08T17:25:00+00:00,59.215,59.53,59.18,59.49,42910
2026-06-08T17:30:00+00:00,59.49,59.586,59.292,59.395,26205
2026-06-08T17:35:00+00:00,59.43,59.452,59.175,59.319,27344
2026-06-08T17:40:00+00:00,59.315,59.37,59.23,59.3,27240
2026-06-08T17:45:00+00:00,59.32,59.52,59.295,59.46,24075
2026-06-08T17:50:00+00:00,59.57,59.699,59.485,59.6,17739
2026-06-08T17:55:00+00:00,59.575,59.62,59.4,59.45,27065
2026-06-08T18:00:00+00:00,59.53,59.74,59.527,59.67,35035
2026-06-08T18:05:00+00:00,59.69,59.84,59.69,59.78,34922
2026-06-08T18:10:00+00:00,59.79,59.86,59.62,59.64,32174
2026-06-08T18:15:00+00:00,59.66,59.75,59.57,59.57,11824
2026-06-08T18:20:00+00:00,59.561,59.6,59.5,59.57,19660
2026-06-08T18:25:00+00:00,59.55,59.55,59.345,59.345,25884
2026-06-08T18:30:00+00:00,59.335,59.39,59.2,59.2,27643
2026-06-08T18:35:00+00:00,59.2,59.24,59.11,59.11,27204
2026-06-08T18:40:00+00:00,59.105,59.16,58.968,59.025,52338
2026-06-08T18:45:00+00:00,59.04,59.15,59.04,59.11,44342
2026-06-08T18:50:00+00:00,59.1,59.19,59.02,59.185,43167
2026-06-08T18:55:00+00:00,59.19,59.37,59.19,59.2,36112
2026-06-08T19:00:00+00:00,59.2,59.24,58.97,59.085,38255
2026-06-08T19:05:00+00:00,59.09,59.119,58.83,58.84,34122
2026-06-08T19:10:00+00:00,58.8,58.95,58.7,58.865,32138
2026-06-08T19:15:00+00:00,58.889,58.89,58.73,58.77,31971
2026-06-08T19:20:00+00:00,58.8,58.849,58.45,58.55,75539
2026-06-08T19:25:00+00:00,58.55,58.77,58.41,58.76,56989
2026-06-08T19:30:00+00:00,58.78,59.02,58.705,58.909,39893
2026-06-08T19:35:00+00:00,58.88,58.939,58.768,58.789,23536
2026-06-08T19:40:00+00:00,58.775,58.79,58.634,58.65,51240
2026-06-08T19:45:00+00:00,58.65,58.76,58.61,58.675,35630
2026-06-08T19:50:00+00:00,58.68,58.92,58.623,58.785,87019
2026-06-08T19:55:00+00:00,58.82,59.03,58.785,58.94,154468
2026-06-08T20:00:00+00:00,58.94,59.15,58.45,59.15,12802
2026-06-08T20:05:00+00:00,59.11,59.55,58.99,59.263,13212
2026-06-08T20:10:00+00:00,58.94,59.29,58.94,59.12,2834
2026-06-08T20:15:00+00:00,58.94,59.26,58.94,59.18,9523
2026-06-08T20:20:00+00:00,59.06,59.3,59.0,59.15,1988
2026-06-08T20:25:00+00:00,59.11,59.15,59.0,59.11,214
2026-06-08T20:30:00+00:00,59.15,59.26,59.0,59.129,747
2026-06-08T20:35:00+00:00,59.26,59.49,59.0,59.2,843
2026-06-08T20:40:00+00:00,59.26,59.49,59.1,59.4,392
2026-06-08T20:45:00+00:00,59.4,59.48,59.25,59.32,273
2026-06-08T20:50:00+00:00,59.31,59.32,59.19,59.27,169
2026-06-08T20:55:00+00:00,59.25,59.5,59.1,59.43,878
2026-06-08T21:00:00+00:00,59.43,59.43,59.14,59.296,722
2026-06-08T21:05:00+00:00,59.2,59.32,59.2,59.318,172
2026-06-08T21:10:00+00:00,59.32,59.41,59.23,59.37,696
2026-06-08T21:15:00+00:00,59.2,59.37,59.2,59.37,459
2026-06-08T21:20:00+00:00,59.22,59.37,59.16,59.31,130
2026-06-08T21:25:00+00:00,59.3,59.37,59.1,59.1,14668
2026-06-08T21:30:00+00:00,59.13,59.31,59.1,59.15,582
2026-06-08T21:35:00+00:00,59.2,59.31,59.11,59.2,761
2026-06-08T21:40:00+00:00,59.145,59.31,59.11,59.11,643
2026-06-08T21:45:00+00:00,59.111,59.15,59.11,59.11,324
2026-06-08T21:50:00+00:00,59.15,59.25,59.1,59.19,879
2026-06-08T21:55:00+00:00,59.1,59.3,59.1,59.25,119
2026-06-08T22:00:00+00:00,59.3,59.3,59.25,59.25,158
2026-06-08T22:05:00+00:00,59.1,59.293,59.01,59.1,179
2026-06-08T22:10:00+00:00,59.0,59.2,58.99,58.99,471
2026-06-08T22:15:00+00:00,59.1,59.1,58.9,59.1,474
2026-06-08T22:20:00+00:00,59.087,59.087,59.0,59.021,1385
2026-06-08T22:25:00+00:00,59.0,59.01,58.91,59.0,2732
2026-06-08T22:30:00+00:00,58.9,59.1,58.9,59.1,357
2026-06-08T22:35:00+00:00,59.05,59.05,58.917,58.98,216
2026-06-08T22:40:00+00:00,58.93,59.1,58.91,59.009,536
2026-06-08T22:45:00+00:00,58.92,59.1,58.91,58.91,314
2026-06-08T22:50:00+00:00,59.1,59.1,58.9,58.968,142
2026-06-08T22:55:00+00:00,59.0,59.04,58.9,59.02,452
2026-06-08T23:00:00+00:00,59.03,59.1,59.0,59.03,292
2026-06-08T23:05:00+00:00,59.026,59.05,58.9,59.02,123
2026-06-08T23:10:00+00:00,59.02,59.05,58.93,59.0,718
2026-06-08T23:15:00+00:00,59.01,59.01,58.9,58.9,241
2026-06-08T23:20:00+00:00,58.9,59.0,58.9,58.999,132
2026-06-08T23:25:00+00:00,58.999,59.0,58.91,58.911,1379
2026-06-08T23:30:00+00:00,58.9,59.0,58.9,58.989,433
2026-06-08T23:35:00+00:00,58.973,58.98,58.9,58.958,484
2026-06-08T23:40:00+00:00,59.0,59.0,58.987,59.0,64
2026-06-08T23:45:00+00:00,58.94,59.0,58.913,58.95,288
2026-06-08T23:50:00+00:00,58.95,59.0,58.9,58.91,348
2026-06-08T23:55:00+00:00,59.0,59.0,58.77,58.898,190
2026-06-09T08:00:00+00:00,59.66,60.24,59.35,60.0,15701
2026-06-09T08:05:00+00:00,59.97,60.22,59.41,60.05,5462
2026-06-09T08:10:00+00:00,60.09,60.4,60.08,60.35,657
2026-06-09T08:15:00+00:00,60.34,60.483,60.092,60.38,3290
2026-06-09T08:20:00+00:00,60.36,60.42,60.29,60.39,2758
2026-06-09T08:25:00+00:00,60.4,60.44,60.33,60.4,2391
2026-06-09T08:30:00+00:00,60.404,60.473,60.35,60.41,877
2026-06-09T08:35:00+00:00,60.473,60.473,60.27,60.27,371
2026-06-09T08:40:00+00:00,60.27,60.47,60.27,60.46,2992
2026-06-09T08:45:00+00:00,60.46,60.474,60.27,60.37,513
2026-06-09T08:50:00+00:00,60.396,60.396,60.24,60.353,350
2026-06-09T08:55:00+00:00,60.36,60.36,60.2,60.2,1161
2026-06-09T09:00:00+00:00,60.34,60.429,60.22,60.32,520
2026-06-09T09:05:00+00:00,60.35,60.473,60.35,60.39,277
2026-06-09T09:10:00+00:00,60.35,60.394,60.35,60.394,54
2026-06-09T09:15:00+00:00,60.456,60.46,60.37,60.37,723
2026-06-09T09:20:00+00:00,60.43,60.46,60.42,60.45,233
2026-06-09T09:25:00+00:00,60.41,60.5,60.35,60.5,2725
2026-06-09T09:30:00+00:00,60.48,60.48,60.39,60.39,441
2026-06-09T09:35:00+00:00,60.35,60.53,60.35,60.52,459
2026-06-09T09:40:00+00:00,60.5,60.594,60.379,60.5,484
2026-06-09T09:45:00+00:00,60.48,60.597,60.46,60.5,207
2026-06-09T09:50:00+00:00,60.5,60.648,60.48,60.6,3277
2026-06-09T09:55:00+00:00,60.59,60.649,60.35,60.35,433
2026-06-09T10:00:00+00:00,60.362,60.594,60.362,60.51,345
2026-06-09T10:05:00+00:00,60.559,60.56,60.14,60.23,1783
2026-06-09T10:10:00+00:00,60.3,60.57,60.22,60.548,458
2026-06-09T10:15:00+00:00,60.52,60.53,60.26,60.26,562
2026-06-09T10:20:00+00:00,60.57,60.57,60.41,60.49,280
2026-06-09T10:25:00+00:00,60.558,60.558,60.4,60.47,614
2026-06-09T10:30:00+00:00,60.46,60.5,60.23,60.23,458
2026-06-09T10:35:00+00:00,60.4,60.45,60.25,60.421,928
2026-06-09T10:40:00+00:00,60.36,60.41,60.254,60.334,430
2026-06-09T10:45:00+00:00,60.33,60.33,60.3,60.3,980
2026-06-09T10:50:00+00:00,60.35,60.49,60.3,60.486,670
2026-06-09T10:55:00+00:00,60.38,60.561,60.232,60.232,522
2026-06-09T11:00:00+00:00,60.23,60.35,60.01,60.25,1126
2026-06-09T11:05:00+00:00,60.25,60.57,60.23,60.57,2373
2026-06-09T11:10:00+00:00,60.535,60.57,60.05,60.5,461
2026-06-09T11:15:00+00:00,60.18,60.5,60.01,60.12,2219
2026-06-09T11:20:00+00:00,60.19,60.2,60.01,60.07,933
2026-06-09T11:25:00+00:00,60.149,60.15,60.01,60.15,669
2026-06-09T11:30:00+00:00,60.01,60.3,60.01,60.291,1038
2026-06-09T11:35:00+00:00,60.29,60.3,60.05,60.063,762
2026-06-09T11:40:00+00:00,60.055,60.294,60.05,60.11,327
2026-06-09T11:45:00+00:00,60.18,60.3,60.05,60.1,2147
2026-06-09T11:50:00+00:00,60.07,60.259,60.05,60.15,577
2026-06-09T11:55:00+00:00,60.055,60.07,59.89,59.98,1245
2026-06-09T12:00:00+00:00,59.94,60.24,59.912,60.01,604
2026-06-09T12:05:00+00:00,60.021,60.16,59.98,60.12,1712
2026-06-09T12:10:00+00:00,60.11,60.24,59.92,60.0,1123
2026-06-09T12:15:00+00:00,59.98,60.04,59.9,59.9,1073
2026-06-09T12:20:00+00:00,60.0,60.05,59.79,59.82,1369
2026-06-09T12:25:00+00:00,59.88,60.06,59.75,59.85,414
2026-06-09T12:30:00+00:00,59.931,60.185,59.85,60.07,989
2026-06-09T12:35:00+00:00,60.085,60.085,59.8,59.88,704
2026-06-09T12:40:00+00:00,59.85,59.88,59.68,59.813,2003
2026-06-09T12:45:00+00:00,59.7,59.85,59.55,59.65,1531
2026-06-09T12:50:00+00:00,59.58,59.85,59.58,59.67,1467
2026-06-09T12:55:00+00:00,59.844,59.844,59.6,59.81,950
2026-06-09T13:00:00+00:00,59.85,59.85,59.55,59.62,2349
2026-06-09T13:05:00+00:00,59.64,59.75,59.56,59.73,846
2026-06-09T13:10:00+00:00,59.57,59.73,59.41,59.56,4462
2026-06-09T13:15:00+00:00,59.5,59.57,59.35,59.44,2332
2026-06-09T13:20:00+00:00,59.44,59.75,59.19,59.19,5065
2026-06-09T13:25:00+00:00,59.28,59.55,58.9,59.03,3074
2026-06-09T13:30:00+00:00,59.01,59.55,58.402,58.48,141433
2026-06-09T13:35:00+00:00,58.54,58.85,58.27,58.39,122634
2026-06-09T13:40:00+00:00,58.41,59.88,58.203,58.81,114913
2026-06-09T13:45:00+00:00,58.79,59.493,58.75,59.31,85053
2026-06-09T13:50:00+00:00,59.285,59.78,59.2,59.3,91408
2026-06-09T13:55:00+00:00,59.26,59.33,58.62,58.75,81273
2026-06-09T14:00:00+00:00,58.72,59.12,58.52,58.66,97465
2026-06-09T14:05:00+00:00,58.71,58.95,58.61,58.72,73699
2026-06-09T14:10:00+00:00,58.665,58.69,57.9,58.0,144551
2026-06-09T14:15:00+00:00,58.06,58.18,56.82,57.01,192855
2026-06-09T14:20:00+00:00,57.023,57.7,56.94,57.7,91315
2026-06-09T14:25:00+00:00,57.65,57.855,57.13,57.3,81169
2026-06-09T14:30:00+00:00,57.265,57.44,56.7,57.245,120234
2026-06-09T14:35:00+00:00,57.19,57.3,56.85,57.24,65747
2026-06-09T14:40:00+00:00,57.25,57.4,56.41,56.445,113750
2026-06-09T14:45:00+00:00,56.48,56.6,55.65,55.758,211941
2026-06-09T14:50:00+00:00,55.69,56.475,55.64,56.44,123730
2026-06-09T14:55:00+00:00,56.44,56.574,56.1,56.54,54394
2026-06-09T15:00:00+00:00,56.5,56.5,56.0,56.24,48020
2026-06-09T15:05:00+00:00,56.234,56.75,56.085,56.74,58971
2026-06-09T15:10:00+00:00,56.721,56.83,56.36,56.57,48928
2026-06-09T15:15:00+00:00,56.56,56.58,56.03,56.09,71152
2026-06-09T15:20:00+00:00,56.09,56.31,55.48,55.49,88363
2026-06-09T15:25:00+00:00,55.5,55.57,54.68,54.77,182240
2026-06-09T15:30:00+00:00,54.77,55.1,54.67,54.955,111414
2026-06-09T15:35:00+00:00,54.96,55.07,54.679,54.953,81281
2026-06-09T15:40:00+00:00,54.945,55.69,54.93,55.5,94026
2026-06-09T15:45:00+00:00,55.575,55.78,55.49,55.54,58300
2026-06-09T15:50:00+00:00,55.51,55.79,55.281,55.35,54227
2026-06-09T15:55:00+00:00,55.31,55.39,54.33,54.454,159110
2026-06-09T16:00:00+00:00,54.43,54.905,54.43,54.55,99055
2026-06-09T16:05:00+00:00,54.573,54.65,53.92,54.12,103215
2026-06-09T16:10:00+00:00,54.11,54.34,53.9,54.08,116193
2026-06-09T16:15:00+00:00,54.14,54.19,53.3,53.4,113940
2026-06-09T16:20:00+00:00,53.405,54.07,53.214,54.0,120507
2026-06-09T16:25:00+00:00,54.0,54.3,54.0,54.2,68893
2026-06-09T16:30:00+00:00,54.165,54.49,53.83,54.12,68626
2026-06-09T16:35:00+00:00,54.12,54.55,53.18,53.215,116745
2026-06-09T16:40:00+00:00,53.165,53.57,53.01,53.475,101843
2026-06-09T16:45:00+00:00,53.49,53.89,53.39,53.61,107724
2026-06-09T16:50:00+00:00,53.64,53.72,53.35,53.35,69310
2026-06-09T16:55:00+00:00,53.29,54.25,53.26,54.2,70262
2026-06-09T17:00:00+00:00,54.215,55.11,54.04,55.02,94893
2026-06-09T17:05:00+00:00,55.01,55.12,54.72,54.905,56960
2026-06-09T17:10:00+00:00,54.87,55.168,54.56,55.08,92500
2026-06-09T17:15:00+00:00,55.078,55.49,54.875,55.44,57363
2026-06-09T17:20:00+00:00,55.47,55.718,55.26,55.51,72778
2026-06-09T17:25:00+00:00,55.47,55.563,55.18,55.48,50451
2026-06-09T17:30:00+00:00,55.5,55.88,55.399,55.82,54935
2026-06-09T17:35:00+00:00,55.84,56.0,55.71,55.85,59022
2026-06-09T17:40:00+00:00,55.909,56.25,55.85,55.925,44584
2026-06-09T17:45:00+00:00,55.88,55.935,55.13,55.201,75666
2026-06-09T17:50:00+00:00,55.355,55.787,55.31,55.56,84973
2026-06-09T17:55:00+00:00,55.53,55.77,55.5,55.62,53680
2026-06-09T18:00:00+00:00,55.68,55.83,55.52,55.635,74815
2026-06-09T18:05:00+00:00,55.644,55.88,55.56,55.87,54218
2026-06-09T18:10:00+00:00,55.86,55.91,55.63,55.856,28353
2026-06-09T18:15:00+00:00,55.86,56.07,55.73,56.05,30334
2026-06-09T18:20:00+00:00,56.055,56.49,55.87,56.43,49669
2026-06-09T18:25:00+00:00,56.45,56.45,56.18,56.22,67851
2026-06-09T18:30:00+00:00,56.24,56.56,56.24,56.45,36063
2026-06-09T18:35:00+00:00,56.46,56.545,56.32,56.335,38114
2026-06-09T18:40:00+00:00,56.36,56.36,56.0,56.01,39593
2026-06-09T18:45:00+00:00,56.0,56.155,56.0,56.151,34382
2026-06-09T18:50:00+00:00,56.18,56.27,56.06,56.23,42253
2026-06-09T18:55:00+00:00,56.21,56.58,56.21,56.41,35585
2026-06-09T19:00:00+00:00,56.415,56.51,56.176,56.5,36298
2026-06-09T19:05:00+00:00,56.495,56.582,56.17,56.17,60611
2026-06-09T19:10:00+00:00,56.17,56.22,56.01,56.07,50362
2026-06-09T19:15:00+00:00,56.07,56.115,55.76,55.99,72513
2026-06-09T19:20:00+00:00,55.95,56.255,55.91,56.08,40491
2026-06-09T19:25:00+00:00,56.05,56.42,56.03,56.33,55747
2026-06-09T19:30:00+00:00,56.295,56.655,56.255,56.6,68639
2026-06-09T19:35:00+00:00,56.605,56.605,56.385,56.385,36413
2026-06-09T19:40:00+00:00,56.39,56.625,56.175,56.495,103219
2026-06-09T19:45:00+00:00,56.5,56.51,56.145,56.25,67858
2026-06-09T19:50:00+00:00,56.25,56.37,56.115,56.28,142440
2026-06-09T19:55:00+00:00,56.27,56.725,56.18,56.48,222164
2026-06-09T20:00:00+00:00,56.48,56.9,56.02,56.67,3261
2026-06-09T20:05:00+00:00,56.435,56.97,56.26,56.912,12540
2026-06-09T20:10:00+00:00,56.48,57.0,56.48,56.85,15560
2026-06-09T20:15:00+00:00,56.728,56.9,56.507,56.76,296
2026-06-09T20:20:00+00:00,56.67,56.85,56.6,56.77,1901
2026-06-09T20:25:00+00:00,56.8,56.85,56.7,56.84,454
2026-06-09T20:30:00+00:00,56.73,56.85,56.48,56.85,362
2026-06-09T20:35:00+00:00,56.7,56.84,56.7,56.75,989
2026-06-09T20:40:00+00:00,56.83,56.83,56.7,56.7,1307
2026-06-09T20:45:00+00:00,56.7,56.84,56.7,56.72,524
2026-06-09T20:50:00+00:00,56.792,56.83,56.72,56.755,781
2026-06-09T20:55:00+00:00,56.78,56.78,56.7,56.72,616
2026-06-09T21:00:00+00:00,56.707,56.83,56.59,56.59,1616
2026-06-09T21:05:00+00:00,56.58,56.66,56.5,56.557,662
2026-06-09T21:10:00+00:00,56.56,56.56,56.5,56.501,2417
2026-06-09T21:15:00+00:00,56.6,56.79,56.45,56.45,409
2026-06-09T21:20:00+00:00,56.3,56.5,56.081,56.133,5064
2026-06-09T21:25:00+00:00,56.218,56.218,56.0,56.05,1476
2026-06-09T21:30:00+00:00,56.0,56.12,56.0,56.11,886
2026-06-09T21:35:00+00:00,56.107,56.107,55.88,56.1,1644
2026-06-09T21:40:00+00:00,56.03,56.39,55.887,56.0,1617
2026-06-09T21:45:00+00:00,56.1,56.39,56.03,56.39,765
2026-06-09T21:50:00+00:00,56.04,56.381,56.04,56.25,856
2026-06-09T21:55:00+00:00,56.071,56.39,56.04,56.22,2281
2026-06-09T22:00:00+00:00,56.38,56.38,56.05,56.22,204
2026-06-09T22:05:00+00:00,56.22,56.22,56.04,56.21,202
2026-06-09T22:10:00+00:00,56.15,56.4,56.09,56.26,808
2026-06-09T22:15:00+00:00,56.359,56.4,56.04,56.08,1042
2026-06-09T22:20:00+00:00,56.054,56.4,56.04,56.36,285
2026-06-09T22:25:00+00:00,56.4,56.4,56.04,56.353,324
2026-06-09T22:30:00+00:00,56.04,56.4,56.04,56.35,72
2026-06-09T22:35:00+00:00,56.1,56.4,56.051,56.051,615
2026-06-09T22:40:00+00:00,56.09,56.1,56.05,56.1,260
2026-06-09T22:45:00+00:00,56.15,56.15,56.04,56.09,303
2026-06-09T22:50:00+00:00,56.09,56.35,55.88,55.88,865
2026-06-09T22:55:00+00:00,55.88,56.0,55.8,55.8,587
2026-06-09T23:00:00+00:00,56.0,56.075,55.8,55.814,491
2026-06-09T23:05:00+00:00,55.8,56.35,55.8,56.1,1383
2026-06-09T23:10:00+00:00,56.279,56.279,55.8,55.9,97
2026-06-09T23:15:00+00:00,56.35,56.35,55.9,55.9,231
2026-06-09T23:20:00+00:00,55.9,56.35,55.9,55.9,1459
2026-06-09T23:25:00+00:00,55.9,56.35,55.8,55.84,831
2026-06-09T23:30:00+00:00,55.84,56.0,55.83,56.0,412
2026-06-09T23:35:00+00:00,56.0,56.24,55.835,56.24,241
2026-06-09T23:40:00+00:00,56.24,56.24,55.8,55.988,654
2026-06-09T23:45:00+00:00,55.98,56.0,55.826,55.83,995
2026-06-09T23:50:00+00:00,55.9,56.0,55.8,55.8,785
2026-06-09T23:55:00+00:00,55.88,56.0,55.8,55.89,121
2026-06-10T08:00:00+00:00,55.794,55.82,54.88,55.37,15915
2026-06-10T08:05:00+00:00,55.37,55.81,54.87,55.64,3169
2026-06-10T08:10:00+00:00,54.99,55.66,54.99,55.21,1543
2026-06-10T08:15:00+00:00,55.14,55.3,55.02,55.02,1167
2026-06-10T08:20:00+00:00,55.03,55.19,54.81,55.011,1299
2026-06-10T08:25:00+00:00,55.05,55.06,54.81,54.896,405
2026-06-10T08:30:00+00:00,54.97,55.318,54.81,55.08,814
2026-06-10T08:35:00+00:00,54.85,55.09,54.85,54.99,3035
2026-06-10T08:40:00+00:00,54.95,55.445,54.5,54.61,737
2026-06-10T08:45:00+00:00,54.503,55.5,54.5,54.69,1971
2026-06-10T08:50:00+00:00,54.7,54.9,54.7,54.9,191
2026-06-10T08:55:00+00:00,54.72,54.72,54.5,54.5,63
2026-06-10T09:00:00+00:00,54.989,54.989,54.503,54.598,687
2026-06-10T09:05:00+00:00,54.501,54.7,54.5,54.7,1723
2026-06-10T09:10:00+00:00,54.51,54.74,54.5,54.5,59
2026-06-10T09:15:00+00:00,54.5,54.74,54.29,54.5,177
2026-06-10T09:20:00+00:00,54.729,54.729,54.28,54.291,868
2026-06-10T09:25:00+00:00,54.64,54.74,54.28,54.74,990
2026-06-10T09:30:00+00:00,54.74,54.9,54.61,54.71,404
2026-06-10T09:35:00+00:00,54.71,55.2,54.71,54.92,169
2026-06-10T09:40:00+00:00,54.92,54.99,54.61,54.64,6132
2026-06-10T09:45:00+00:00,54.63,55.1,54.362,54.5,665
2026-06-10T09:50:00+00:00,54.5,54.6,54.372,54.5,348
2026-06-10T09:55:00+00:00,55.1,55.1,54.8,54.81,210
2026-06-10T10:00:00+00:00,54.75,55.1,54.3,54.7,74
2026-06-10T10:05:00+00:00,54.86,54.86,54.51,54.51,552
2026-06-10T10:10:00+00:00,54.51,54.86,54.51,54.86,327
2026-06-10T10:15:00+00:00,54.5,54.87,54.345,54.58,92
2026-06-10T10:20:00+00:00,54.5,54.59,54.5,54.58,241
2026-06-10T10:25:00+00:00,54.68,54.83,54.55,54.75,397
2026-06-10T10:30:00+00:00,54.86,55.066,54.546,54.84,68
2026-06-10T10:35:00+00:00,54.6,55.088,54.6,54.7,37
2026-06-10T10:40:00+00:00,54.711,55.188,54.711,55.1,231
2026-06-10T10:45:00+00:00,54.95,55.26,54.95,55.2,302
2026-06-10T10:50:00+00:00,55.2,55.48,54.96,54.96,574
2026-06-10T10:55:00+00:00,54.96,55.49,54.96,55.49,47
2026-06-10T11:00:00+00:00,55.27,55.27,54.7,55.0,1042
2026-06-10T11:05:00+00:00,55.0,55.0,54.5,54.55,2464
2026-06-10T11:10:00+00:00,54.573,55.25,54.5,54.65,959
2026-06-10T11:15:00+00:00,54.65,55.27,54.5,54.75,459
2026-06-10T11:20:00+00:00,54.56,54.75,54.5,54.58,754
2026-06-10T11:25:00+00:00,54.542,54.6,54.14,54.161,4828
2026-06-10T11:30:00+00:00,54.6,54.6,54.17,54.33,651
2026-06-10T11:35:00+00:00,54.41,54.41,54.03,54.04,6082
2026-06-10T11:40:00+00:00,54.041,54.3,54.03,54.046,2792
2026-06-10T11:45:00+00:00,54.07,54.3,54.0,54.178,1416
2026-06-10T11:50:00+00:00,54.011,54.38,54.0,54.2,4356
2026-06-10T11:55:00+00:00,54.206,54.35,54.111,54.245,3145
2026-06-10T12:00:00+00:00,54.193,54.6,54.193,54.33,3677
2026-06-10T12:05:00+00:00,54.2,54.6,54.2,54.35,3680
2026-06-10T12:10:00+00:00,54.4,54.6,54.2,54.22,1005
2026-06-10T12:15:00+00:00,54.2,54.57,54.19,54.314,1970
2026-06-10T12:20:00+00:00,54.306,54.5,54.21,54.45,755
2026-06-10T12:25:00+00:00,54.3,54.6,54.19,54.55,2603
2026-06-10T12:30:00+00:00,54.6,56.4,54.56,55.98,10438
2026-06-10T12:35:00+00:00,55.97,56.4,55.75,56.15,10528
2026-06-10T12:40:00+00:00,56.15,56.43,55.95,56.0,10419
2026-06-10T12:45:00+00:00,56.1,56.4,56.0,56.06,3237
2026-06-10T12:50:00+00:00,56.06,56.34,55.0,55.82,8008
2026-06-10T12:55:00+00:00,55.106,55.83,55.106,55.38,2221
2026-06-10T13:00:00+00:00,55.241,55.63,55.23,55.47,2729
2026-06-10T13:05:00+00:00,55.4,55.6,55.34,55.59,1965
2026-06-10T13:10:00+00:00,55.54,55.787,55.35,55.761,2607
2026-06-10T13:15:00+00:00,55.8,55.8,55.35,55.72,1413
2026-06-10T13:20:00+00:00,55.404,55.72,55.35,55.67,1781
2026-06-10T13:25:00+00:00,55.36,55.72,55.35,55.38,3751
2026-06-10T13:30:00+00:00,55.43,56.07,55.06,55.25,115670
2026-06-10T13:35:00+00:00,55.22,57.19,55.19,56.81,105085
2026-06-10T13:40:00+00:00,56.83,57.15,56.429,57.13,111514
2026-06-10T13:45:00+00:00,57.13,57.88,57.01,57.54,104978
2026-06-10T13:50:00+00:00,57.511,57.511,56.52,56.764,104465
2026-06-10T13:55:00+00:00,56.73,56.81,56.21,56.42,66773
2026-06-10T14:00:00+00:00,56.425,56.54,55.94,56.54,78358
2026-06-10T14:05:00+00:00,56.55,56.57,56.031,56.236,53798
2026-06-10T14:10:00+00:00,56.278,56.48,56.02,56.09,53479
2026-06-10T14:15:00+00:00,56.09,56.29,55.88,56.12,56868
2026-06-10T14:20:00+00:00,56.105,56.69,55.95,56.635,53560
2026-06-10T14:25:00+00:00,56.7,57.06,56.37,57.02,60843
2026-06-10T14:30:00+00:00,56.97,57.13,56.58,57.055,63410
2026-06-10T14:35:00+00:00,57.05,57.09,56.53,56.77,41967
2026-06-10T14:40:00+00:00,56.67,56.91,56.32,56.32,34494
2026-06-10T14:45:00+00:00,56.31,56.4,56.01,56.12,59515
2026-06-10T14:50:00+00:00,56.12,56.42,56.03,56.25,61629
2026-06-10T14:55:00+00:00,56.26,56.36,55.37,55.67,78990
2026-06-10T15:00:00+00:00,55.71,56.32,55.45,55.899,80459
2026-06-10T15:05:00+00:00,55.85,55.85,55.4,55.45,37860
2026-06-10T15:10:00+00:00,55.54,55.54,54.95,55.11,78977
2026-06-10T15:15:00+00:00,55.07,55.11,54.6,54.87,73566
2026-06-10T15:20:00+00:00,54.9,55.83,54.87,55.77,61823
2026-06-10T15:25:00+00:00,55.77,56.15,55.67,55.895,36865
2026-06-10T15:30:00+00:00,55.88,56.11,55.655,55.86,38541
2026-06-10T15:35:00+00:00,55.88,55.99,55.66,55.855,42502
2026-06-10T15:40:00+00:00,55.922,56.26,55.81,56.19,60366
2026-06-10T15:45:00+00:00,56.19,56.416,55.63,55.79,51669
2026-06-10T15:50:00+00:00,55.84,56.11,55.335,55.92,122346
2026-06-10T15:55:00+00:00,55.81,55.98,55.55,55.98,52566
2026-06-10T16:00:00+00:00,55.941,56.05,55.58,55.71,22880
2026-06-10T16:05:00+00:00,55.67,55.75,55.38,55.42,33510
2026-06-10T16:10:00+00:00,55.44,55.44,55.108,55.24,19376
2026-06-10T16:15:00+00:00,55.225,55.43,55.225,55.34,21222
2026-06-10T16:20:00+00:00,55.358,55.38,55.16,55.26,25464
2026-06-10T16:25:00+00:00,55.26,55.49,55.185,55.49,41621
2026-06-10T16:30:00+00:00,55.445,55.69,55.304,55.69,20834
2026-06-10T16:35:00+00:00,55.69,55.8,55.595,55.715,27149
2026-06-10T16:40:00+00:00,55.7,55.715,55.258,55.3,25906
2026-06-10T16:45:00+00:00,55.24,55.255,54.96,55.135,39672
2026-06-10T16:50:00+00:00,55.14,55.345,55.11,55.225,22009
2026-06-10T16:55:00+00:00,55.185,55.19,55.05,55.19,23484
2026-06-10T17:00:00+00:00,55.23,55.379,55.03,55.34,16432
2026-06-10T17:05:00+00:00,55.299,55.34,55.08,55.18,34652
2026-06-10T17:10:00+00:00,55.16,55.175,54.91,55.07,51006
2026-06-10T17:15:00+00:00,55.075,55.215,54.94,55.02,28764
2026-06-10T17:20:00+00:00,55.01,55.12,54.89,55.12,34898
2026-06-10T17:25:00+00:00,55.11,55.15,55.025,55.06,21343
2026-06-10T17:30:00+00:00,55.07,55.07,54.8,54.89,43039
2026-06-10T17:35:00+00:00,54.87,54.87,54.76,54.789,22250
2026-06-10T17:40:00+00:00,54.8,54.845,54.71,54.725,21311
2026-06-10T17:45:00+00:00,54.7,55.37,54.65,55.25,62312
2026-06-10T17:50:00+00:00,55.27,55.31,55.04,55.2,21682
2026-06-10T17:55:00+00:00,55.25,55.4,55.2,55.345,26215
2026-06-10T18:00:00+00:00,55.39,55.53,55.29,55.325,26298
2026-06-10T18:05:00+00:00,55.3,55.325,55.0,55.105,16642
2026-06-10T18:10:00+00:00,55.03,55.145,55.02,55.115,17050
2026-06-10T18:15:00+00:00,55.1,55.183,54.86,54.952,16656
2026-06-10T18:20:00+00:00,54.93,54.963,54.68,54.77,55451
2026-06-10T18:25:00+00:00,54.78,54.81,54.671,54.73,37201
2026-06-10T18:30:00+00:00,54.69,54.7,54.43,54.51,54407
2026-06-10T18:35:00+00:00,54.52,54.56,54.26,54.465,62445
2026-06-10T18:40:00+00:00,54.46,54.48,54.26,54.285,28104
2026-06-10T18:45:00+00:00,54.275,54.415,54.25,54.38,32776
2026-06-10T18:50:00+00:00,54.335,54.54,54.24,54.5,29838
2026-06-10T18:55:00+00:00,54.51,54.59,54.36,54.54,41467
2026-06-10T19:00:00+00:00,54.53,54.53,54.31,54.33,33936
2026-06-10T19:05:00+00:00,54.35,54.426,54.245,54.285,34579
2026-06-10T19:10:00+00:00,54.28,54.31,54.2,54.22,32103
2026-06-10T19:15:00+00:00,54.25,54.3,54.0,54.005,92699
2026-06-10T19:20:00+00:00,54.005,54.035,53.83,53.975,132155
2026-06-10T19:25:00+00:00,53.975,54.16,53.87,54.09,60239
2026-06-10T19:30:00+00:00,54.065,54.284,53.94,54.105,82741
2026-06-10T19:35:00+00:00,54.1,54.56,54.07,54.52,76397
2026-06-10T19:40:00+00:00,54.528,54.55,54.36,54.435,97580
2026-06-10T19:45:00+00:00,54.41,54.42,54.07,54.25,67063
2026-06-10T19:50:00+00:00,54.22,54.42,54.075,54.41,84374
2026-06-10T19:55:00+00:00,54.39,54.39,54.015,54.02,148483
2026-06-10T20:00:00+00:00,54.02,54.32,54.0,54.038,26820
2026-06-10T20:05:00+00:00,54.158,54.31,53.699,53.97,27271
2026-06-10T20:10:00+00:00,53.86,54.31,53.86,54.1,1718
2026-06-10T20:15:00+00:00,54.05,54.2,54.0,54.0,4844
2026-06-10T20:20:00+00:00,54.0,54.31,54.0,54.12,1092
2026-06-10T20:25:00+00:00,54.2,54.2,54.0,54.02,844
2026-06-10T20:30:00+00:00,54.02,54.02,53.75,53.83,574
2026-06-10T20:35:00+00:00,53.75,54.02,53.75,54.02,755
2026-06-10T20:40:00+00:00,54.0,54.02,53.85,53.85,12957
2026-06-10T20:45:00+00:00,53.928,54.02,53.7,53.85,751
2026-06-10T20:50:00+00:00,53.8,54.0,53.68,53.8,53825
2026-06-10T20:55:00+00:00,53.992,54.0,53.72,53.889,355
2026-06-10T21:00:00+00:00,53.958,54.0,53.68,53.784,462
2026-06-10T21:05:00+00:00,53.79,53.9,53.69,53.73,1778
2026-06-10T21:10:00+00:00,53.8,53.8,53.69,53.8,779
2026-06-10T21:15:00+00:00,53.77,54.01,53.77,53.9,666
2026-06-10T21:20:00+00:00,53.87,53.93,53.77,53.77,635
2026-06-10T21:25:00+00:00,53.94,53.94,53.85,53.86,739
2026-06-10T21:30:00+00:00,53.86,53.94,53.85,53.93,729
2026-06-10T21:35:00+00:00,54.1,54.1,53.93,54.0,181
2026-06-10T21:40:00+00:00,54.0,54.0,53.93,53.95,346
2026-06-10T21:45:00+00:00,53.95,54.0,53.85,53.86,813
2026-06-10T21:50:00+00:00,53.856,54.2,53.82,54.2,2526
2026-06-10T21:55:00+00:00,54.0,54.0,53.895,53.895,536
2026-06-10T22:00:00+00:00,53.95,53.95,53.6,53.66,1974
2026-06-10T22:05:00+00:00,53.6,53.81,53.37,53.46,2347
2026-06-10T22:10:00+00:00,53.51,53.81,53.49,53.501,2511
2026-06-10T22:15:00+00:00,53.618,53.67,53.5,53.5,797
2026-06-10T22:20:00+00:00,53.539,53.67,53.52,53.67,1425
2026-06-10T22:25:00+00:00,53.6,53.6,53.212,53.29,1649
2026-06-10T22:30:00+00:00,53.27,53.81,53.05,53.51,2700
2026-06-10T22:35:00+00:00,53.52,53.81,53.5,53.53,3076
2026-06-10T22:40:00+00:00,53.66,53.66,53.5,53.5,317
2026-06-10T22:45:00+00:00,53.501,53.66,53.45,53.5,1235
2026-06-10T22:50:00+00:00,53.45,53.45,53.15,53.19,850
2026-06-10T22:55:00+00:00,53.153,53.26,53.05,53.19,852
2026-06-10T23:00:00+00:00,53.19,53.6,53.05,53.399,2306
2026-06-10T23:05:00+00:00,53.5,53.71,53.15,53.17,769
2026-06-10T23:10:00+00:00,53.64,53.71,53.15,53.15,922
2026-06-10T23:15:00+00:00,53.15,53.26,53.1,53.121,1298
2026-06-10T23:20:00+00:00,53.1,53.24,53.1,53.15,1217
2026-06-10T23:25:00+00:00,53.15,53.25,53.1,53.25,2469
2026-06-10T23:30:00+00:00,53.25,53.25,53.16,53.23,562
2026-06-10T23:35:00+00:00,53.17,53.25,53.1,53.25,396
2026-06-10T23:40:00+00:00,53.13,53.71,53.1,53.71,1397
2026-06-10T23:45:00+00:00,53.15,53.3,53.15,53.248,6228
2026-06-10T23:50:00+00:00,53.25,53.71,53.186,53.71,1324
2026-06-10T23:55:00+00:00,53.35,53.71,53.25,53.48,3054
2026-06-11T08:00:00+00:00,55.805,55.95,54.46,55.85,15703
2026-06-11T08:05:00+00:00,55.85,56.3,54.68,56.3,6493
2026-06-11T08:10:00+00:00,56.22,56.27,55.94,56.02,4393
2026-06-11T08:15:00+00:00,56.0,56.2,55.96,56.109,2003
2026-06-11T08:20:00+00:00,56.03,56.03,55.89,55.95,661
2026-06-11T08:25:00+00:00,55.948,56.0,55.77,55.77,2960
2026-06-11T08:30:00+00:00,55.989,56.0,55.62,55.737,2253
2026-06-11T08:35:00+00:00,55.8,55.96,55.746,55.96,829
2026-06-11T08:40:00+00:00,55.939,56.0,55.87,55.88,1603
2026-06-11T08:45:00+00:00,55.88,56.0,55.83,55.83,385
2026-06-11T08:50:00+00:00,55.846,55.99,55.846,55.9,668
2026-06-11T08:55:00+00:00,55.9,55.982,55.9,55.98,254
2026-06-11T09:00:00+00:00,56.0,56.113,55.97,56.11,644
2026-06-11T09:05:00+00:00,55.99,56.09,55.87,55.87,1130
2026-06-11T09:10:00+00:00,55.87,56.09,55.76,56.09,1478
2026-06-11T09:15:00+00:00,56.079,56.08,55.76,55.91,106
2026-06-11T09:20:00+00:00,56.09,56.09,55.75,55.86,495
2026-06-11T09:25:00+00:00,55.989,55.989,55.75,55.76,363
2026-06-11T09:30:00+00:00,55.86,55.94,55.75,55.94,106
2026-06-11T09:35:00+00:00,55.85,55.937,55.7,55.74,524
2026-06-11T09:40:00+00:00,55.77,55.77,55.77,55.77,564
2026-06-11T09:45:00+00:00,55.85,55.85,55.77,55.77,102
2026-06-11T09:50:00+00:00,56.01,56.01,55.85,55.93,198
2026-06-11T09:55:00+00:00,55.85,55.85,55.8,55.85,135
2026-06-11T10:00:00+00:00,55.81,55.9,55.75,55.75,250
2026-06-11T10:05:00+00:00,55.89,55.9,55.81,55.9,270
2026-06-11T10:10:00+00:00,55.86,55.93,55.85,55.93,53
2026-06-11T10:15:00+00:00,55.87,55.89,55.75,55.75,189
2026-06-11T10:20:00+00:00,55.86,56.0,55.75,55.75,145
2026-06-11T10:25:00+00:00,55.758,55.93,55.75,55.75,311
2026-06-11T10:30:00+00:00,55.78,55.96,55.76,55.8,345
2026-06-11T10:35:00+00:00,55.76,55.82,55.64,55.82,502
2026-06-11T10:40:00+00:00,55.9,55.9,55.676,55.76,297
2026-06-11T10:45:00+00:00,55.76,55.8,55.65,55.685,468
2026-06-11T10:50:00+00:00,55.63,55.8,55.624,55.641,372
2026-06-11T10:55:00+00:00,55.75,55.829,55.501,55.52,300
2026-06-11T11:00:00+00:00,55.67,55.99,55.2,55.5,49776
2026-06-11T11:05:00+00:00,55.51,55.77,55.4,55.758,5191
2026-06-11T11:10:00+00:00,55.37,55.598,55.3,55.5,308
2026-06-11T11:15:00+00:00,55.501,55.57,55.5,55.562,662
2026-06-11T11:20:00+00:00,55.51,55.57,55.37,55.37,1445
2026-06-11T11:25:00+00:00,55.36,55.57,55.36,55.55,1411
2026-06-11T11:30:00+00:00,55.412,55.75,55.3,55.63,1819
2026-06-11T11:35:00+00:00,55.75,55.99,55.66,55.85,840
2026-06-11T11:40:00+00:00,55.839,55.99,55.67,55.78,435
2026-06-11T11:45:00+00:00,55.78,55.88,55.543,55.85,757
2026-06-11T11:50:00+00:00,55.67,55.85,55.5,55.736,721
2026-06-11T11:55:00+00:00,55.8,55.85,55.5,55.85,706
2026-06-11T12:00:00+00:00,55.82,57.75,55.82,56.72,28377
2026-06-11T12:05:00+00:00,56.7,57.45,56.5,56.65,16352
2026-06-11T12:10:00+00:00,57.159,57.159,56.6,56.74,18824
2026-06-11T12:15:00+00:00,56.66,56.74,56.25,56.399,8648
2026-06-11T12:20:00+00:00,56.316,56.72,55.6,55.96,6564
2026-06-11T12:25:00+00:00,55.96,55.96,55.3,55.74,10773
2026-06-11T12:30:00+00:00,55.75,56.4,54.88,55.827,14575
2026-06-11T12:35:00+00:00,55.12,55.89,55.12,55.3,4279
2026-06-11T12:40:00+00:00,55.25,55.6,55.19,55.6,4833
2026-06-11T12:45:00+00:00,55.6,55.98,55.36,55.49,2317
2026-06-11T12:50:00+00:00,55.48,55.9,55.36,55.67,3464
2026-06-11T12:55:00+00:00,55.67,55.8,55.45,55.67,4336
2026-06-11T13:00:00+00:00,55.63,55.75,55.33,55.54,2402
2026-06-11T13:05:00+00:00,55.54,55.65,55.15,55.19,9634
2026-06-11T13:10:00+00:00,55.26,55.5,55.13,55.22,2399
2026-06-11T13:15:00+00:00,55.39,55.4,55.14,55.14,1636
2026-06-11T13:20:00+00:00,55.16,55.3,55.01,55.173,2290
2026-06-11T13:25:00+00:00,55.1,55.4,54.15,54.15,16965
2026-06-11T13:30:00+00:00,54.15,55.77,53.888,55.23,186194
2026-06-11T13:35:00+00:00,55.2,56.07,55.0,55.11,131693
2026-06-11T13:40:00+00:00,55.15,55.35,54.45,55.17,107629
2026-06-11T13:45:00+00:00,55.119,56.12,55.119,55.79,120512
2026-06-11T13:50:00+00:00,55.89,56.54,55.79,56.33,112846
2026-06-11T13:55:00+00:00,56.26,56.46,55.85,56.02,88872
2026-06-11T14:00:00+00:00,56.055,56.39,55.63,55.913,75848
2026-06-11T14:05:00+00:00,55.93,56.06,55.5,55.64,56050
2026-06-11T14:10:00+00:00,55.58,55.62,55.11,55.165,56388
2026-06-11T14:15:00+00:00,55.165,55.54,54.806,54.9,70798
2026-06-11T14:20:00+00:00,54.91,55.78,54.91,55.37,53582
2026-06-11T14:25:00+00:00,55.375,55.68,55.18,55.62,62717
2026-06-11T14:30:00+00:00,55.573,55.67,55.3,55.585,49764
2026-06-11T14:35:00+00:00,55.705,56.1,55.65,55.83,50051
2026-06-11T14:40:00+00:00,55.83,56.02,55.54,55.54,52479
2026-06-11T14:45:00+00:00,55.564,56.05,55.514,55.98,55567
2026-06-11T14:50:00+00:00,55.89,56.14,55.78,55.94,78624
2026-06-11T14:55:00+00:00,55.91,55.91,55.16,55.36,70931
2026-06-11T15:00:00+00:00,55.32,55.76,54.97,55.615,74182
2026-06-11T15:05:00+00:00,55.605,56.15,55.38,55.94,46339
2026-06-11T15:10:00+00:00,55.955,56.41,55.89,56.35,62588
2026-06-11T15:15:00+00:00,56.305,56.5,56.04,56.2,67791
2026-06-11T15:20:00+00:00,56.25,56.67,56.205,56.54,95059
2026-06-11T15:25:00+00:00,56.46,56.51,56.07,56.2,59266
2026-06-11T15:30:00+00:00,56.135,56.22,55.96,56.2,47654
2026-06-11T15:35:00+00:00,56.2,56.37,56.11,56.28,66314
2026-06-11T15:40:00+00:00,56.335,56.445,55.9,56.065,29790
2026-06-11T15:45:00+00:00,56.11,56.335,55.936,56.11,24038
2026-06-11T15:50:00+00:00,56.07,56.165,55.87,56.03,21874
2026-06-11T15:55:00+00:00,55.97,56.235,55.91,56.11,25920
2026-06-11T16:00:00+00:00,56.05,56.448,55.96,56.01,37229
2026-06-11T16:05:00+00:00,56.04,56.3,55.985,56.03,27932
2026-06-11T16:10:00+00:00,56.03,56.05,55.84,55.98,24134
2026-06-11T16:15:00+00:00,56.0,56.1,55.75,55.915,35603
2026-06-11T16:20:00+00:00,55.925,55.975,55.715,55.82,32198
2026-06-11T16:25:00+00:00,55.84,55.897,55.585,55.59,47463
2026-06-11T16:30:00+00:00,55.59,56.03,55.5,55.83,27768
2026-06-11T16:35:00+00:00,55.83,55.9,55.55,55.64,18841
2026-06-11T16:40:00+00:00,55.66,55.71,55.5,55.585,26921
2026-06-11T16:45:00+00:00,55.59,55.61,55.36,55.51,27750
2026-06-11T16:50:00+00:00,55.51,55.51,55.15,55.2,20193
2026-06-11T16:55:00+00:00,55.21,55.29,54.942,54.975,24653
2026-06-11T17:00:00+00:00,54.96,55.19,54.88,54.975,43334
2026-06-11T17:05:00+00:00,55.03,55.27,54.981,55.18,22172
2026-06-11T17:10:00+00:00,55.19,55.23,54.9,54.99,18001
2026-06-11T17:15:00+00:00,54.985,55.03,54.64,54.73,33801
2026-06-11T17:20:00+00:00,54.73,54.915,54.64,54.81,29279
2026-06-11T17:25:00+00:00,54.865,55.89,54.83,55.875,50207
2026-06-11T17:30:00+00:00,55.89,56.5,55.72,56.21,72680
2026-06-11T17:35:00+00:00,56.215,56.625,56.075,56.49,84142
2026-06-11T17:40:00+00:00,56.51,56.84,56.4,56.73,55201
2026-06-11T17:45:00+00:00,56.84,56.85,56.44,56.6,72986
2026-06-11T17:50:00+00:00,56.64,56.64,56.22,56.63,47346
2026-06-11T17:55:00+00:00,56.515,56.833,56.44,56.755,57405
2026-06-11T18:00:00+00:00,56.755,56.97,56.3,56.415,56045
2026-06-11T18:05:00+00:00,56.36,56.55,56.12,56.35,39740
2026-06-11T18:10:00+00:00,56.34,56.63,56.34,56.395,24833
2026-06-11T18:15:00+00:00,56.431,56.628,56.35,56.44,17815
2026-06-11T18:20:00+00:00,56.465,56.51,56.065,56.47,28523
2026-06-11T18:25:00+00:00,56.465,56.555,56.28,56.44,21056
2026-06-11T18:30:00+00:00,56.38,56.64,56.35,56.4,27025
2026-06-11T18:35:00+00:00,56.416,56.59,56.36,56.485,29723
2026-06-11T18:40:00+00:00,56.49,56.53,56.385,56.46,18091
2026-06-11T18:45:00+00:00,56.45,56.59,56.39,56.45,39438
2026-06-11T18:50:00+00:00,56.54,56.75,56.48,56.69,40983
2026-06-11T18:55:00+00:00,56.63,56.74,56.502,56.64,22938
2026-06-11T19:00:00+00:00,56.76,56.933,56.69,56.84,45825
2026-06-11T19:05:00+00:00,56.83,56.86,56.55,56.71,36983
2026-06-11T19:10:00+00:00,56.69,57.03,56.611,56.9,65888
2026-06-11T19:15:00+00:00,56.9,57.34,56.9,57.34,53568
2026-06-11T19:20:00+00:00,57.34,57.46,57.265,57.358,65996
2026-06-11T19:25:00+00:00,57.34,57.57,57.26,57.51,73193
2026-06-11T19:30:00+00:00,57.53,58.23,57.53,58.2,89381
2026-06-11T19:35:00+00:00,58.2,58.2,57.67,57.76,71527
2026-06-11T19:40:00+00:00,57.76,58.11,57.65,57.885,81054
2026-06-11T19:45:00+00:00,57.885,57.91,57.7,57.91,98830
2026-06-11T19:50:00+00:00,57.88,58.05,57.617,58.0,101297
2026-06-11T19:55:00+00:00,57.94,58.04,57.57,57.86,211880
2026-06-11T20:00:00+00:00,57.86,58.4,57.41,57.86,580096
2026-06-11T20:05:00+00:00,57.9,58.69,57.75,58.0,37264
2026-06-11T20:10:00+00:00,57.75,58.19,57.75,58.096,6498
2026-06-11T20:15:00+00:00,57.86,58.3,57.86,58.3,3708
2026-06-11T20:20:00+00:00,58.188,58.3,58.0,58.26,8202
2026-06-11T20:25:00+00:00,58.29,58.3,58.03,58.1,1632
2026-06-11T20:30:00+00:00,58.1,58.3,58.04,58.242,1925
2026-06-11T20:35:00+00:00,58.15,58.3,58.04,58.15,2598
2026-06-11T20:40:00+00:00,58.14,58.47,58.1,58.35,3992
2026-06-11T20:45:00+00:00,58.383,58.5,58.03,58.1,3206
2026-06-11T20:50:00+00:00,58.1,58.45,58.1,58.41,2789
2026-06-11T20:55:00+00:00,58.5,58.72,58.41,58.46,2095
2026-06-11T21:00:00+00:00,58.59,58.59,58.4,58.59,177416
2026-06-11T21:05:00+00:00,58.578,58.59,58.3,58.3,1757
2026-06-11T21:10:00+00:00,58.59,58.8,58.384,58.8,2702
2026-06-11T21:15:00+00:00,58.8,58.8,58.6,58.77,10389
2026-06-11T21:20:00+00:00,58.63,58.8,58.45,58.65,2646
2026-06-11T21:25:00+00:00,58.4,58.65,58.25,58.615,714
2026-06-11T21:30:00+00:00,58.65,58.65,58.43,58.46,2061
2026-06-11T21:35:00+00:00,58.498,58.65,58.48,58.55,870
2026-06-11T21:40:00+00:00,58.55,58.65,58.46,58.46,761
2026-06-11T21:45:00+00:00,58.65,58.65,58.48,58.65,2271
2026-06-11T21:50:00+00:00,58.65,58.71,58.56,58.625,995
2026-06-11T21:55:00+00:00,58.67,58.68,58.56,58.61,432
2026-06-11T22:00:00+00:00,58.615,58.8,58.58,58.677,1389
2026-06-11T22:05:00+00:00,58.799,58.847,58.58,58.632,539
2026-06-11T22:10:00+00:00,58.84,58.85,58.58,58.6,3670
2026-06-11T22:15:00+00:00,58.833,59.15,58.72,59.01,4274
2026-06-11T22:20:00+00:00,59.08,59.1,59.0,59.1,1264
2026-06-11T22:25:00+00:00,59.04,59.1,57.86,58.917,536
2026-06-11T22:30:00+00:00,58.9,59.0,58.8,58.96,1071
2026-06-11T22:35:00+00:00,59.0,59.1,58.64,59.0,6638
2026-06-11T22:40:00+00:00,58.87,59.22,58.8,59.22,1279
2026-06-11T22:45:00+00:00,59.01,59.2,58.9,58.9,1457
2026-06-11T22:50:00+00:00,59.1,59.27,58.971,59.26,3457
2026-06-11T22:55:00+00:00,59.26,59.28,58.88,59.13,5705
2026-06-11T23:00:00+00:00,59.25,59.25,59.0,59.0,404
2026-06-11T23:05:00+00:00,59.07,59.25,58.89,59.25,656
2026-06-11T23:10:00+00:00,58.89,59.25,58.89,59.097,1669
2026-06-11T23:15:00+00:00,59.09,59.203,58.89,58.999,701
2026-06-11T23:20:00+00:00,58.99,59.0,58.64,58.77,3195
2026-06-11T23:25:00+00:00,58.7,59.0,58.64,58.98,4050
2026-06-11T23:30:00+00:00,58.98,58.98,58.724,58.96,846
2026-06-11T23:35:00+00:00,58.959,59.199,58.959,59.194,1162
2026-06-11T23:40:00+00:00,59.14,59.2,58.8,59.15,1566
2026-06-11T23:45:00+00:00,58.88,59.21,58.86,59.15,1890
2026-06-11T23:50:00+00:00,58.91,59.15,58.91,59.149,4132
2026-06-11T23:55:00+00:00,59.046,59.15,59.0,59.03,2617
2026-06-12T08:00:00+00:00,58.8,58.925,57.52,58.51,29232
2026-06-12T08:05:00+00:00,58.82,59.02,58.7,58.86,718
2026-06-12T08:10:00+00:00,59.018,59.03,57.62,59.0,7337
2026-06-12T08:15:00+00:00,58.9,59.5,58.74,59.26,970
2026-06-12T08:20:00+00:00,59.24,59.5,59.05,59.39,2922
2026-06-12T08:25:00+00:00,59.352,59.5,59.13,59.19,2156
2026-06-12T08:30:00+00:00,59.2,59.4,59.2,59.35,607
2026-06-12T08:35:00+00:00,59.33,59.36,59.0,59.11,761
2026-06-12T08:40:00+00:00,58.98,59.36,58.733,58.98,342
2026-06-12T08:45:00+00:00,58.98,59.22,58.74,59.22,358
2026-06-12T08:50:00+00:00,59.23,59.338,58.96,59.17,253
2026-06-12T08:55:00+00:00,59.17,59.35,59.07,59.07,509
2026-06-12T09:00:00+00:00,59.0,59.34,59.0,59.15,200
2026-06-12T09:05:00+00:00,59.27,59.35,58.9,58.9,1078
2026-06-12T09:10:00+00:00,58.9,59.33,58.9,59.25,438
2026-06-12T09:15:00+00:00,59.31,59.42,59.2,59.42,968
2026-06-12T09:20:00+00:00,59.42,59.488,59.29,59.35,208
2026-06-12T09:25:00+00:00,59.41,59.63,59.31,59.63,857
2026-06-12T09:30:00+00:00,59.63,59.68,59.5,59.61,3398
2026-06-12T09:35:00+00:00,59.63,59.79,59.528,59.73,2330
2026-06-12T09:40:00+00:00,59.539,59.79,59.539,59.68,1102
2026-06-12T09:45:00+00:00,59.65,59.715,59.069,59.63,637
2026-06-12T09:50:00+00:00,59.362,59.71,59.362,59.7,451
2026-06-12T09:55:00+00:00,59.68,59.78,59.638,59.638,1987
2026-06-12T10:00:00+00:00,59.61,59.78,59.35,59.64,1173
2026-06-12T10:05:00+00:00,59.7,59.779,59.667,59.779,1209
2026-06-12T10:10:00+00:00,59.7,59.723,59.32,59.723,1283
2026-06-12T10:15:00+00:00,59.49,59.5,59.33,59.33,193
2026-06-12T10:20:00+00:00,59.42,59.52,59.022,59.36,607
2026-06-12T10:25:00+00:00,59.107,59.539,59.107,59.18,1025
2026-06-12T10:30:00+00:00,59.18,59.5,59.111,59.44,371
2026-06-12T10:35:00+00:00,59.113,59.529,59.113,59.3,56
2026-06-12T10:40:00+00:00,59.33,59.41,59.1,59.37,1007
2026-06-12T10:45:00+00:00,59.1,59.538,59.1,59.18,875
2026-06-12T10:50:00+00:00,59.1,59.439,59.0,59.22,2376
2026-06-12T10:55:00+00:00,59.17,59.3,59.05,59.29,505
2026-06-12T11:00:00+00:00,59.22,59.44,59.0,59.27,1426
2026-06-12T11:05:00+00:00,59.27,59.27,59.01,59.15,750
2026-06-12T11:10:00+00:00,59.12,59.24,59.0,59.23,2993
2026-06-12T11:15:00+00:00,59.21,59.44,59.01,59.066,215
2026-06-12T11:20:00+00:00,59.082,59.44,59.07,59.35,1192
2026-06-12T11:25:00+00:00,59.35,59.44,59.1,59.2,395
2026-06-12T11:30:00+00:00,59.2,59.288,58.88,59.08,1129
2026-06-12T11:35:00+00:00,59.0,59.3,59.0,59.02,483
2026-06-12T11:40:00+00:00,59.02,59.3,58.91,59.3,2171
2026-06-12T11:45:00+00:00,59.1,59.3,58.91,59.3,1411
2026-06-12T11:50:00+00:00,59.288,59.3,59.08,59.24,583
2026-06-12T11:55:00+00:00,59.35,59.35,59.02,59.16,3513
2026-06-12T12:00:00+00:00,59.2,59.2,58.8,58.8,1919
2026-06-12T12:05:00+00:00,58.85,58.99,58.5,58.8,2333
2026-06-12T12:10:00+00:00,58.788,58.8,58.6,58.71,3296
2026-06-12T12:15:00+00:00,58.8,58.8,58.38,58.49,1440
2026-06-12T12:20:00+00:00,58.41,58.49,58.26,58.27,2719
2026-06-12T12:25:00+00:00,58.49,58.49,58.084,58.19,1837
2026-06-12T12:30:00+00:00,58.22,58.52,58.04,58.21,4588
2026-06-12T12:35:00+00:00,58.21,58.478,57.894,57.99,3577
2026-06-12T12:40:00+00:00,57.98,58.38,57.7,57.712,4031
2026-06-12T12:45:00+00:00,57.82,58.18,57.66,57.89,1751
2026-06-12T12:50:00+00:00,57.79,58.0,57.67,57.86,562
2026-06-12T12:55:00+00:00,57.65,58.0,57.49,57.79,2665
2026-06-12T13:00:00+00:00,57.87,57.87,57.25,57.58,3634
2026-06-12T13:05:00+00:00,57.57,57.88,57.46,57.8,4761
2026-06-12T13:10:00+00:00,57.64,58.0,57.4,57.4,1038
2026-06-12T13:15:00+00:00,57.73,58.0,57.57,58.0,1965
2026-06-12T13:20:00+00:00,57.989,58.0,57.81,57.898,1623
2026-06-12T13:25:00+00:00,57.98,58.2,57.57,58.15,9072
2026-06-12T13:30:00+00:00,58.05,58.2,57.06,57.185,108596
2026-06-12T13:35:00+00:00,57.185,57.33,56.55,57.134,63034
2026-06-12T13:40:00+00:00,57.12,57.24,55.88,55.882,156862
2026-06-12T13:45:00+00:00,56.02,56.98,55.88,56.86,62277
2026-06-12T13:50:00+00:00,56.83,57.06,56.39,56.585,52716
2026-06-12T13:55:00+00:00,56.585,57.033,56.25,57.033,78941
2026-06-12T14:00:00+00:00,56.96,57.86,56.96,57.45,127403
2026-06-12T14:05:00+00:00,57.445,57.98,57.02,57.94,79807
2026-06-12T14:10:00+00:00,57.945,58.01,57.51,57.71,89210
2026-06-12T14:15:00+00:00,57.71,58.193,57.67,58.095,50981
2026-06-12T14:20:00+00:00,58.095,58.38,57.58,57.73,53659
2026-06-12T14:25:00+00:00,57.735,58.28,57.69,58.01,44742
2026-06-12T14:30:00+00:00,58.06,58.28,57.81,58.0,66432
2026-06-12T14:35:00+00:00,57.98,58.32,57.96,58.14,54260
2026-06-12T14:40:00+00:00,58.08,58.122,57.45,57.48,47791
2026-06-12T14:45:00+00:00,57.465,57.61,56.895,57.17,44921
2026-06-12T14:50:00+00:00,57.23,57.853,56.919,57.71,54242
2026-06-12T14:55:00+00:00,57.71,58.09,57.43,57.965,51040
2026-06-12T15:00:00+00:00,57.96,58.24,57.768,58.063,45465
2026-06-12T15:05:00+00:00,58.13,58.52,58.11,58.2,91181
2026-06-12T15:10:00+00:00,58.22,58.55,58.07,58.335,46607
2026-06-12T15:15:00+00:00,58.305,58.58,58.18,58.465,34411
2026-06-12T15:20:00+00:00,58.45,58.473,58.265,58.38,44892
2026-06-12T15:25:00+00:00,58.418,58.5,58.12,58.15,58371
2026-06-12T15:30:00+00:00,58.14,58.24,57.8,57.84,67208
2026-06-12T15:35:00+00:00,57.8,58.04,57.4,57.73,122242
2026-06-12T15:40:00+00:00,57.775,57.775,57.112,57.295,39601
2026-06-12T15:45:00+00:00,57.31,57.595,56.51,56.57,196073
2026-06-12T15:50:00+00:00,56.62,57.51,56.5,57.0,88514
2026-06-12T15:55:00+00:00,56.95,57.03,56.13,56.31,99811
2026-06-12T16:00:00+00:00,56.27,56.64,56.14,56.54,75950
2026-06-12T16:05:00+00:00,56.495,57.08,56.35,56.975,71827
2026-06-12T16:10:00+00:00,56.9,57.74,56.82,57.49,64488
2026-06-12T16:15:00+00:00,57.47,57.61,57.03,57.223,64230
2026-06-12T16:20:00+00:00,57.21,57.48,56.995,57.4,38872
2026-06-12T16:25:00+00:00,57.345,57.6,57.28,57.51,29884
2026-06-12T16:30:00+00:00,57.47,57.67,57.37,57.645,31252
2026-06-12T16:35:00+00:00,57.645,57.855,57.549,57.76,34013
2026-06-12T16:40:00+00:00,57.85,57.9,57.53,57.53,38757
2026-06-12T16:45:00+00:00,57.55,57.74,57.46,57.705,39985
2026-06-12T16:50:00+00:00,57.67,57.68,57.44,57.497,41834
2026-06-12T16:55:00+00:00,57.45,57.6,57.32,57.585,42788
2026-06-12T17:00:00+00:00,57.62,57.62,57.42,57.44,34584
2026-06-12T17:05:00+00:00,57.48,57.72,57.37,57.48,36315
2026-06-12T17:10:00+00:00,57.488,57.5,57.25,57.49,29796
2026-06-12T17:15:00+00:00,57.47,57.53,57.36,57.485,18617
2026-06-12T17:20:00+00:00,57.49,57.49,57.23,57.375,21387
2026-06-12T17:25:00+00:00,57.311,57.47,57.31,57.433,16117
2026-06-12T17:30:00+00:00,57.44,57.46,57.3,57.42,22717
2026-06-12T17:35:00+00:00,57.42,57.53,57.3,57.445,38520
2026-06-12T17:40:00+00:00,57.42,57.65,57.31,57.635,39319
2026-06-12T17:45:00+00:00,57.655,57.85,57.59,57.835,35713
2026-06-12T17:50:00+00:00,57.9,57.9,57.72,57.805,28237
2026-06-12T17:55:00+00:00,57.805,57.87,57.62,57.8,35121
2026-06-12T18:00:00+00:00,57.82,57.9,57.6,57.62,22645
2026-06-12T18:05:00+00:00,57.625,57.625,57.36,57.43,36051
2026-06-12T18:10:00+00:00,57.42,57.629,57.4,57.46,43461
2026-06-12T18:15:00+00:00,57.41,57.53,57.25,57.27,50962
2026-06-12T18:20:00+00:00,57.32,57.35,57.21,57.3,19855
2026-06-12T18:25:00+00:00,57.31,57.48,57.25,57.35,22126
2026-06-12T18:30:00+00:00,57.36,57.363,57.24,57.305,30456
2026-06-12T18:35:00+00:00,57.338,57.365,56.98,57.24,82770
2026-06-12T18:40:00+00:00,57.24,57.409,57.22,57.35,14789
2026-06-12T18:45:00+00:00,57.315,57.36,57.165,57.325,21492
2026-06-12T18:50:00+00:00,57.325,57.375,57.25,57.319,15184
2026-06-12T18:55:00+00:00,57.23,57.26,56.98,56.99,31506
2026-06-12T19:00:00+00:00,57.005,57.398,57.005,57.365,33896
2026-06-12T19:05:00+00:00,57.315,57.41,57.22,57.355,30358
2026-06-12T19:10:00+00:00,57.365,57.441,57.28,57.39,28512
2026-06-12T19:15:00+00:00,57.35,57.425,57.22,57.42,33210
2026-06-12T19:20:00+00:00,57.42,57.46,57.31,57.351,36559
2026-06-12T19:25:00+00:00,57.41,57.51,57.34,57.43,49566
2026-06-12T19:30:00+00:00,57.47,57.56,57.36,57.395,32989
2026-06-12T19:35:00+00:00,57.4,57.78,57.33,57.59,51270
2026-06-12T19:40:00+00:00,57.56,57.835,57.42,57.42,70499
2026-06-12T19:45:00+00:00,57.41,57.44,57.17,57.28,57306
2026-06-12T19:50:00+00:00,57.3,57.45,57.19,57.381,71210
2026-06-12T19:55:00+00:00,57.375,57.505,57.23,57.49,187172
2026-06-12T20:00:00+00:00,57.49,57.6,57.0,57.49,71846
2026-06-12T20:05:00+00:00,57.33,57.613,57.33,57.613,7582
2026-06-12T20:10:00+00:00,57.49,57.98,57.49,57.98,34488
2026-06-12T20:15:00+00:00,57.49,57.98,57.49,57.73,3531
2026-06-12T20:20:00+00:00,57.49,57.75,57.49,57.75,1390
2026-06-12T20:25:00+00:00,57.68,57.75,57.6,57.6,745
2026-06-12T20:30:00+00:00,57.75,57.79,57.6,57.66,1552
2026-06-12T20:35:00+00:00,57.67,57.75,57.61,57.75,1992
2026-06-12T20:40:00+00:00,57.736,57.8,57.61,57.68,415
2026-06-12T20:45:00+00:00,57.66,57.69,57.57,57.635,558
2026-06-12T20:50:00+00:00,57.61,57.69,57.57,57.686,288
2026-06-12T20:55:00+00:00,57.68,57.69,57.61,57.61,232063
2026-06-12T21:00:00+00:00,57.67,57.72,57.57,57.718,264
2026-06-12T21:05:00+00:00,57.6,57.72,57.57,57.6,1263
2026-06-12T21:10:00+00:00,57.72,57.72,57.57,57.57,13
2026-06-12T21:15:00+00:00,57.571,57.69,57.571,57.649,650
2026-06-12T21:20:00+00:00,57.588,57.72,57.57,57.72,131
2026-06-12T21:25:00+00:00,57.64,57.716,57.57,57.66,173
2026-06-12T21:30:00+00:00,57.66,57.72,57.6,57.72,97
2026-06-12T21:35:00+00:00,57.59,57.69,57.59,57.65,160
2026-06-12T21:40:00+00:00,57.67,57.72,57.6,57.68,118
2026-06-12T21:45:00+00:00,57.6,57.72,57.6,57.63,1010
2026-06-12T21:50:00+00:00,57.63,57.63,57.6,57.62,143
2026-06-12T21:55:00+00:00,57.7,57.72,57.6,57.72,289
2026-06-12T22:00:00+00:00,57.72,57.72,57.6,57.616,710
2026-06-12T22:05:00+00:00,57.7,57.72,57.63,57.68,899
2026-06-12T22:10:00+00:00,57.68,57.72,57.57,57.71,1067
2026-06-12T22:15:00+00:00,57.71,57.72,57.57,57.619,833
2026-06-12T22:20:00+00:00,57.64,57.71,57.57,57.637,817
2026-06-12T22:25:00+00:00,57.6,57.72,57.6,57.612,438
2026-06-12T22:30:00+00:00,57.64,57.8,57.6,57.72,1262
2026-06-12T22:35:00+00:00,57.794,57.8,57.65,57.8,673
2026-06-12T22:40:00+00:00,57.8,57.8,57.62,57.8,195
2026-06-12T22:45:00+00:00,57.8,57.8,57.62,57.62,605
2026-06-12T22:50:00+00:00,57.77,57.8,57.77,57.77,17
2026-06-12T22:55:00+00:00,57.8,57.8,57.62,57.66,59
2026-06-12T23:00:00+00:00,57.768,57.91,57.75,57.9,4861
2026-06-12T23:05:00+00:00,57.631,57.98,57.629,57.98,1778
2026-06-12T23:10:00+00:00,57.9,57.98,57.664,57.91,855
2026-06-12T23:15:00+00:00,57.92,57.92,57.83,57.83,155
2026-06-12T23:20:00+00:00,57.88,57.88,57.62,57.88,13
2026-06-12T23:25:00+00:00,57.62,57.84,57.62,57.84,69
2026-06-12T23:30:00+00:00,57.84,57.84,57.75,57.84,204
2026-06-12T23:35:00+00:00,57.75,57.84,57.67,57.8,2922
2026-06-12T23:40:00+00:00,57.72,57.87,57.67,57.861,5566
2026-06-12T23:45:00+00:00,57.8,57.87,57.75,57.83,856
2026-06-12T23:50:00+00:00,57.862,57.87,57.77,57.77,2381
2026-06-12T23:55:00+00:00,57.86,57.86,57.6,57.7,1455
2026-06-15T08:00:00+00:00,61.0,61.0,60.15,60.74,15451
2026-06-15T08:05:00+00:00,60.75,60.78,60.21,60.78,3780
2026-06-15T08:10:00+00:00,60.78,60.78,60.55,60.562,1518
2026-06-15T08:15:00+00:00,60.7,60.78,60.52,60.52,1507
2026-06-15T08:20:00+00:00,60.5,60.78,60.47,60.5,2263
2026-06-15T08:25:00+00:00,60.47,60.8,60.47,60.79,2264
2026-06-15T08:30:00+00:00,60.88,61.0,60.76,60.89,3125
2026-06-15T08:35:00+00:00,60.85,60.99,60.68,60.938,1795
2026-06-15T08:40:00+00:00,60.918,60.98,60.6,60.6,2517
2026-06-15T08:45:00+00:00,60.612,60.874,60.6,60.68,1203
2026-06-15T08:50:00+00:00,60.68,60.739,60.5,60.5,1685
2026-06-15T08:55:00+00:00,60.56,60.663,60.42,60.59,577
2026-06-15T09:00:00+00:00,60.59,60.66,60.392,60.5,320
2026-06-15T09:05:00+00:00,60.66,60.68,60.42,60.421,1196
2026-06-15T09:10:00+00:00,60.43,60.674,60.3,60.4,3618
2026-06-15T09:15:00+00:00,60.339,60.671,60.212,60.41,681
2026-06-15T09:20:00+00:00,60.36,60.67,60.3,60.4,1031
2026-06-15T09:25:00+00:00,60.42,60.46,60.2,60.26,766
2026-06-15T09:30:00+00:00,60.28,60.5,60.28,60.35,1650
2026-06-15T09:35:00+00:00,60.362,60.49,60.35,60.35,530
2026-06-15T09:40:00+00:00,60.35,60.55,60.325,60.55,763
2026-06-15T09:45:00+00:00,60.452,60.452,60.25,60.25,501
2026-06-15T09:50:00+00:00,60.4,60.5,60.2,60.3,403
2026-06-15T09:55:00+00:00,60.172,60.4,60.16,60.31,643
2026-06-15T10:00:00+00:00,60.32,60.68,60.16,60.45,555
2026-06-15T10:05:00+00:00,60.689,60.689,60.33,60.4,75
2026-06-15T10:10:00+00:00,60.48,60.5,60.39,60.49,574
2026-06-15T10:15:00+00:00,60.361,60.43,60.22,60.43,797
2026-06-15T10:20:00+00:00,60.399,60.43,60.105,60.21,520
2026-06-15T10:25:00+00:00,60.35,60.458,60.21,60.21,210
2026-06-15T10:30:00+00:00,60.4,60.4,60.2,60.2,425
2026-06-15T10:35:00+00:00,60.205,60.395,60.205,60.22,225
2026-06-15T10:40:00+00:00,60.34,60.342,60.17,60.342,499
2026-06-15T10:45:00+00:00,60.25,60.309,60.25,60.28,934
2026-06-15T10:50:00+00:00,60.33,60.426,60.25,60.261,450
2026-06-15T10:55:00+00:00,60.373,60.43,60.1,60.19,1041
2026-06-15T11:00:00+00:00,60.12,60.33,60.05,60.07,4269
2026-06-15T11:05:00+00:00,60.223,60.43,60.08,60.237,4099
2026-06-15T11:10:00+00:00,60.39,60.42,60.21,60.36,3180
2026-06-15T11:15:00+00:00,60.4,60.43,60.211,60.39,1289
2026-06-15T11:20:00+00:00,60.39,60.5,60.211,60.44,1296
2026-06-15T11:25:00+00:00,60.48,60.491,60.33,60.412,1675
2026-06-15T11:30:00+00:00,60.441,60.6,60.32,60.32,1566
2026-06-15T11:35:00+00:00,60.32,60.38,60.02,60.21,2718
2026-06-15T11:40:00+00:00,60.2,60.5,60.05,60.287,1572
2026-06-15T11:45:00+00:00,60.25,60.25,60.04,60.166,1804
2026-06-15T11:50:00+00:00,60.17,60.26,60.09,60.26,6019
2026-06-15T11:55:00+00:00,60.26,60.26,60.088,60.25,551
2026-06-15T12:00:00+00:00,60.194,60.25,59.9,60.18,2425
2026-06-15T12:05:00+00:00,60.17,60.17,59.86,59.97,6044
2026-06-15T12:10:00+00:00,59.95,60.0,59.66,59.73,4199
2026-06-15T12:15:00+00:00,59.81,59.99,59.52,59.757,3603
2026-06-15T12:20:00+00:00,59.7,59.76,59.47,59.47,5808
2026-06-15T12:25:00+00:00,59.45,59.75,59.33,59.56,3070
2026-06-15T12:30:00+00:00,59.5,59.88,59.5,59.52,2488
2026-06-15T12:35:00+00:00,59.81,59.81,59.52,59.55,6450
2026-06-15T12:40:00+00:00,59.64,59.8,59.55,59.643,1852
2026-06-15T12:45:00+00:00,59.7,59.79,59.33,59.62,3372
2026-06-15T12:50:00+00:00,59.63,59.74,59.33,59.64,2739
2026-06-15T12:55:00+00:00,59.589,59.79,59.5,59.78,2120
2026-06-15T13:00:00+00:00,59.83,59.9,59.546,59.79,4028
2026-06-15T13:05:00+00:00,59.71,59.8,59.62,59.73,2981
2026-06-15T13:10:00+00:00,59.78,59.9,59.58,59.79,2489
2026-06-15T13:15:00+00:00,59.84,59.89,59.55,59.77,1364
2026-06-15T13:20:00+00:00,59.77,60.26,59.77,60.2,5395
2026-06-15T13:25:00+00:00,60.2,60.5,59.6,60.5,22043
2026-06-15T13:30:00+00:00,60.48,61.32,59.99,61.25,276383
2026-06-15T13:35:00+00:00,61.34,61.964,61.23,61.64,250998
2026-06-15T13:40:00+00:00,61.64,61.66,61.01,61.56,178651
2026-06-15T13:45:00+00:00,61.58,61.64,60.446,60.695,148001
2026-06-15T13:50:00+00:00,60.75,61.215,60.68,61.05,108700
2026-06-15T13:55:00+00:00,61.06,61.165,60.76,61.06,93767
2026-06-15T14:00:00+00:00,61.05,61.05,60.56,60.672,72259
2026-06-15T14:05:00+00:00,60.655,60.92,60.53,60.67,52011
2026-06-15T14:10:00+00:00,60.685,60.783,60.47,60.64,65242
2026-06-15T14:15:00+00:00,60.63,60.639,60.135,60.36,111198
2026-06-15T14:20:00+00:00,60.218,60.29,59.81,59.88,94756
2026-06-15T14:25:00+00:00,59.9,60.225,59.83,60.205,90394
2026-06-15T14:30:00+00:00,60.16,60.33,60.06,60.08,76046
2026-06-15T14:35:00+00:00,60.09,60.71,60.07,60.651,54596
2026-06-15T14:40:00+00:00,60.685,60.81,60.55,60.59,59102
2026-06-15T14:45:00+00:00,60.6,60.69,60.24,60.31,43984
2026-06-15T14:50:00+00:00,60.28,60.355,60.14,60.22,27470
2026-06-15T14:55:00+00:00,60.21,60.21,59.81,59.81,62812
2026-06-15T15:00:00+00:00,59.91,60.27,59.87,60.094,40143
2026-06-15T15:05:00+00:00,60.05,60.34,60.0,60.205,50163
2026-06-15T15:10:00+00:00,60.21,60.34,60.09,60.24,31205
2026-06-15T15:15:00+00:00,60.23,60.255,60.06,60.15,32720
2026-06-15T15:20:00+00:00,60.209,60.39,60.15,60.3,27261
2026-06-15T15:25:00+00:00,60.32,60.4,60.16,60.36,24518
2026-06-15T15:30:00+00:00,60.36,60.65,60.311,60.55,50807
2026-06-15T15:35:00+00:00,60.535,60.88,60.52,60.86,40445
2026-06-15T15:40:00+00:00,60.855,60.88,60.68,60.795,38377
2026-06-15T15:45:00+00:00,60.83,60.83,60.56,60.69,33518
2026-06-15T15:50:00+00:00,60.653,60.75,60.482,60.72,37965
2026-06-15T15:55:00+00:00,60.738,60.738,60.46,60.492,64889
2026-06-15T16:00:00+00:00,60.57,61.11,60.42,61.087,83996
2026-06-15T16:05:00+00:00,61.1,61.14,60.765,60.78,44580
2026-06-15T16:10:00+00:00,60.795,60.85,60.651,60.85,35218
2026-06-15T16:15:00+00:00,60.85,60.85,60.55,60.74,39110
2026-06-15T16:20:00+00:00,60.7,60.83,60.62,60.77,41593
2026-06-15T16:25:00+00:00,60.729,60.835,60.68,60.83,23334
2026-06-15T16:30:00+00:00,60.85,60.98,60.84,60.84,43828
2026-06-15T16:35:00+00:00,60.84,61.03,60.698,60.73,57292
2026-06-15T16:40:00+00:00,60.76,61.01,60.73,61.0,27188
2026-06-15T16:45:00+00:00,61.03,61.07,60.88,60.99,46582
2026-06-15T16:50:00+00:00,61.02,61.128,60.89,61.05,33424
2026-06-15T16:55:00+00:00,61.05,61.05,60.77,60.8,32400
2026-06-15T17:00:00+00:00,60.77,61.1,60.77,61.02,26535
2026-06-15T17:05:00+00:00,61.04,61.07,60.81,60.98,33344
2026-06-15T17:10:00+00:00,60.97,61.07,60.93,60.985,27668
2026-06-15T17:15:00+00:00,61.0,61.035,60.87,60.9,25398
2026-06-15T17:20:00+00:00,60.885,61.0,60.838,60.95,15938
2026-06-15T17:25:00+00:00,60.95,60.98,60.87,60.87,15343
2026-06-15T17:30:00+00:00,60.9,60.95,60.73,60.81,32897
2026-06-15T17:35:00+00:00,60.835,60.94,60.8,60.83,25828
2026-06-15T17:40:00+00:00,60.83,60.905,60.72,60.805,40358
2026-06-15T17:45:00+00:00,60.85,60.86,60.72,60.8,22686
2026-06-15T17:50:00+00:00,60.84,60.86,60.72,60.835,17395
2026-06-15T17:55:00+00:00,60.815,60.85,60.67,60.705,18957
2026-06-15T18:00:00+00:00,60.705,60.71,60.43,60.44,30216
2026-06-15T18:05:00+00:00,60.44,60.61,60.35,60.56,29250
2026-06-15T18:10:00+00:00,60.56,60.639,60.52,60.637,26791
2026-06-15T18:15:00+00:00,60.635,60.875,60.62,60.86,22128
2026-06-15T18:20:00+00:00,60.88,60.94,60.83,60.925,29342
2026-06-15T18:25:00+00:00,60.91,60.91,60.66,60.7,25638
2026-06-15T18:30:00+00:00,60.74,60.75,60.58,60.58,20909
2026-06-15T18:35:00+00:00,60.54,60.67,60.47,60.62,28978
2026-06-15T18:40:00+00:00,60.59,60.66,60.41,60.47,25789
2026-06-15T18:45:00+00:00,60.475,60.56,60.37,60.425,30370
2026-06-15T18:50:00+00:00,60.425,60.425,60.3,60.35,27864
2026-06-15T18:55:00+00:00,60.32,60.42,60.25,60.31,51821
2026-06-15T19:00:00+00:00,60.43,60.43,60.25,60.355,24557
2026-06-15T19:05:00+00:00,60.355,60.48,60.28,60.458,41107
2026-06-15T19:10:00+00:00,60.452,60.78,60.4,60.78,43425
2026-06-15T19:15:00+00:00,60.77,60.83,60.67,60.72,86929
2026-06-15T19:20:00+00:00,60.76,60.84,60.63,60.73,51784
2026-06-15T19:25:00+00:00,60.74,60.83,60.58,60.66,36385
2026-06-15T19:30:00+00:00,60.695,61.25,60.695,60.98,106350
2026-06-15T19:35:00+00:00,61.0,61.217,60.99,61.05,47419
2026-06-15T19:40:00+00:00,61.05,61.07,60.84,61.02,61404
2026-06-15T19:45:00+00:00,61.06,61.15,60.92,60.95,80362
2026-06-15T19:50:00+00:00,60.93,60.95,60.59,60.65,86256
2026-06-15T19:55:00+00:00,60.65,60.878,60.48,60.74,242193
2026-06-15T20:00:00+00:00,60.74,60.85,60.35,60.74,234705
2026-06-15T20:05:00+00:00,60.63,60.99,60.63,60.94,1799
2026-06-15T20:10:00+00:00,60.63,60.99,60.63,60.9,1379
2026-06-15T20:15:00+00:00,60.92,60.95,60.71,60.93,926
2026-06-15T20:20:00+00:00,60.9,60.91,60.63,60.81,7752
2026-06-15T20:25:00+00:00,60.81,60.9,60.63,60.8,3843
2026-06-15T20:30:00+00:00,60.7,60.84,60.7,60.74,2039
2026-06-15T20:35:00+00:00,60.745,60.8,60.69,60.77,344
2026-06-15T20:40:00+00:00,60.7,60.8,60.7,60.72,1888
2026-06-15T20:45:00+00:00,60.8,60.8,60.7,60.77,437
2026-06-15T20:50:00+00:00,60.8,60.8,60.71,60.8,152
2026-06-15T20:55:00+00:00,60.813,60.9,60.7,60.9,1568
2026-06-15T21:00:00+00:00,60.8,60.9,60.705,60.84,37150
2026-06-15T21:05:00+00:00,60.7,60.88,60.7,60.7,412
2026-06-15T21:10:00+00:00,60.8,60.87,60.8,60.87,767
2026-06-15T21:15:00+00:00,60.82,60.87,60.722,60.722,194
2026-06-15T21:20:00+00:00,60.785,60.785,60.7,60.7,103
2026-06-15T21:25:00+00:00,60.84,60.853,60.74,60.75,261
2026-06-15T21:30:00+00:00,60.8,60.83,60.74,60.76,239
2026-06-15T21:35:00+00:00,60.75,60.78,60.74,60.77,196
2026-06-15T21:40:00+00:00,60.81,60.828,60.74,60.751,12221
2026-06-15T21:45:00+00:00,60.76,60.83,60.723,60.8,280
2026-06-15T21:50:00+00:00,60.77,60.83,60.75,60.75,493
2026-06-15T21:55:00+00:00,60.75,60.83,60.75,60.75,335
2026-06-15T22:00:00+00:00,60.83,60.83,60.7,60.8,2567
2026-06-15T22:05:00+00:00,60.83,60.87,60.72,60.87,19926
2026-06-15T22:10:00+00:00,60.87,60.87,60.719,60.72,201
2026-06-15T22:15:00+00:00,60.721,60.866,60.7,60.74,247
2026-06-15T22:20:00+00:00,60.81,60.87,60.72,60.78,127
2026-06-15T22:25:00+00:00,60.72,60.804,60.51,60.69,923
2026-06-15T22:30:00+00:00,60.8,60.87,60.7,60.75,660
2026-06-15T22:35:00+00:00,60.78,60.87,60.763,60.763,966
2026-06-15T22:40:00+00:00,60.87,60.87,60.7,60.71,822
2026-06-15T22:45:00+00:00,60.8,60.87,60.71,60.866,1285
2026-06-15T22:50:00+00:00,60.84,60.87,60.7,60.79,1019
2026-06-15T22:55:00+00:00,60.79,60.87,60.7,60.7,844
2026-06-15T23:00:00+00:00,60.75,60.83,60.75,60.83,20
2026-06-15T23:05:00+00:00,60.87,60.87,60.67,60.68,342
2026-06-15T23:10:00+00:00,60.75,60.853,60.71,60.71,572
2026-06-15T23:15:00+00:00,60.7,60.7,60.68,60.69,571
2026-06-15T23:20:00+00:00,60.68,60.7,60.6,60.7,802
2026-06-15T23:25:00+00:00,60.7,60.7,60.6,60.672,391
2026-06-15T23:30:00+00:00,60.672,60.672,60.63,60.63,599
2026-06-15T23:35:00+00:00,60.67,60.67,60.6,60.6,455
2026-06-15T23:40:00+00:00,60.603,60.61,60.51,60.52,685
2026-06-15T23:45:00+00:00,60.52,60.62,60.5,60.61,821
2026-06-15T23:50:00+00:00,60.61,60.73,60.586,60.7,2798
2026-06-15T23:55:00+00:00,60.73,60.81,60.7,60.809,2692
2026-06-16T08:00:00+00:00,60.433,60.64,60.013,60.55,6773
2026-06-16T08:05:00+00:00,60.61,60.84,60.22,60.77,2529
2026-06-16T08:10:00+00:00,60.78,60.78,60.57,60.616,745
2026-06-16T08:15:00+00:00,60.65,60.74,60.615,60.65,313
2026-06-16T08:20:00+00:00,60.62,60.844,60.46,60.57,661
2026-06-16T08:25:00+00:00,60.57,60.842,60.57,60.84,90
2026-06-16T08:30:00+00:00,60.62,60.89,60.5,60.74,1363
2026-06-16T08:35:00+00:00,60.67,60.75,60.62,60.62,286
2026-06-16T08:40:00+00:00,60.62,60.878,60.62,60.81,59
2026-06-16T08:45:00+00:00,60.81,60.81,60.62,60.67,143
2026-06-16T08:50:00+00:00,60.781,60.83,60.668,60.83,347
2026-06-16T08:55:00+00:00,60.83,60.97,60.74,60.88,1128
2026-06-16T09:00:00+00:00,60.88,60.92,60.628,60.88,352
2026-06-16T09:05:00+00:00,60.868,60.9,60.83,60.83,715
2026-06-16T09:10:00+00:00,60.81,60.89,60.75,60.75,257
2026-06-16T09:15:00+00:00,60.8,60.886,60.65,60.65,562
2026-06-16T09:20:00+00:00,60.65,60.65,60.55,60.65,319
2026-06-16T09:25:00+00:00,60.6,60.88,60.512,60.56,292
2026-06-16T09:30:00+00:00,60.56,60.87,60.56,60.862,99
2026-06-16T09:35:00+00:00,60.697,60.697,60.542,60.559,326
2026-06-16T09:40:00+00:00,60.692,60.692,60.54,60.67,128
2026-06-16T09:45:00+00:00,60.67,60.696,60.54,60.565,199
2026-06-16T09:50:00+00:00,60.56,60.57,60.53,60.57,255
2026-06-16T09:55:00+00:00,60.51,60.666,60.44,60.44,15
2026-06-16T10:00:00+00:00,60.51,60.51,60.51,60.51,2
2026-06-16T10:05:00+00:00,60.45,60.507,60.41,60.507,390
2026-06-16T10:10:00+00:00,60.53,60.54,60.41,60.46,53
2026-06-16T10:15:00+00:00,60.55,61.16,60.46,60.9,4717
2026-06-16T10:20:00+00:00,60.9,60.9,60.77,60.9,311
2026-06-16T10:25:00+00:00,60.95,61.35,60.73,61.24,512
2026-06-16T10:30:00+00:00,61.1,61.228,60.94,61.21,7455
2026-06-16T10:35:00+00:00,60.982,61.24,60.98,61.0,5540
2026-06-16T10:40:00+00:00,61.008,61.24,60.732,60.732,559
2026-06-16T10:45:00+00:00,61.24,61.24,60.812,60.93,716
2026-06-16T10:50:00+00:00,61.109,61.19,60.91,60.97,761
2026-06-16T10:55:00+00:00,60.812,61.18,60.812,60.917,130
2026-06-16T11:00:00+00:00,61.04,61.123,60.93,61.026,5525
2026-06-16T11:05:00+00:00,61.007,61.19,61.007,61.165,2354
2026-06-16T11:10:00+00:00,61.044,61.5,61.04,61.3,8098
2026-06-16T11:15:00+00:00,61.3,61.49,61.05,61.098,587
2026-06-16T11:20:00+00:00,61.15,61.25,61.05,61.2,1061
2026-06-16T11:25:00+00:00,61.07,61.201,60.87,60.892,4927
2026-06-16T11:30:00+00:00,61.17,61.23,61.089,61.09,640
2026-06-16T11:35:00+00:00,61.23,61.25,61.0,61.09,2430
2026-06-16T11:40:00+00:00,61.0,61.104,61.0,61.03,2050
2026-06-16T11:45:00+00:00,61.14,61.15,60.88,61.15,1034
2026-06-16T11:50:00+00:00,61.138,61.15,60.89,60.95,13994
2026-06-16T11:55:00+00:00,60.896,61.1,60.896,60.992,648
2026-06-16T12:00:00+00:00,61.01,61.15,60.99,61.15,1488
2026-06-16T12:05:00+00:00,61.0,61.15,60.94,61.05,906
2026-06-16T12:10:00+00:00,61.074,61.074,60.88,60.96,1067
2026-06-16T12:15:00+00:00,60.88,60.988,60.6,60.74,3152
2026-06-16T12:20:00+00:00,60.7,61.0,60.5,60.59,8437
2026-06-16T12:25:00+00:00,60.43,60.6,60.25,60.6,2629
2026-06-16T12:30:00+00:00,60.48,60.984,60.25,60.93,773
2026-06-16T12:35:00+00:00,60.47,60.47,60.0,60.16,2342
2026-06-16T12:40:00+00:00,60.16,60.36,60.1,60.112,2596
2026-06-16T12:45:00+00:00,60.13,60.36,60.1,60.1,1082
2026-06-16T12:50:00+00:00,60.112,60.26,60.01,60.058,1979
2026-06-16T12:55:00+00:00,60.1,60.2,60.1,60.149,5821
2026-06-16T13:00:00+00:00,60.15,60.2,59.91,60.0,2383
2026-06-16T13:05:00+00:00,60.0,60.2,59.65,59.71,4395
2026-06-16T13:10:00+00:00,59.71,59.9,59.6,59.655,8235
2026-06-16T13:15:00+00:00,59.67,59.75,59.6,59.74,1315
2026-06-16T13:20:00+00:00,59.65,60.18,59.62,59.962,3520
2026-06-16T13:25:00+00:00,60.005,60.32,59.6,59.65,16706
2026-06-16T13:30:00+00:00,59.94,61.18,59.52,60.96,140454
2026-06-16T13:35:00+00:00,60.965,61.4,60.78,61.23,166887
2026-06-16T13:40:00+00:00,61.17,61.95,61.12,61.742,138921
2026-06-16T13:45:00+00:00,61.685,61.93,61.235,61.5,101639
2026-06-16T13:50:00+00:00,61.43,61.56,61.113,61.295,94459
2026-06-16T13:55:00+00:00,61.295,61.345,60.545,60.64,134924
2026-06-16T14:00:00+00:00,60.635,60.959,60.32,60.46,96211
2026-06-16T14:05:00+00:00,60.43,60.68,60.12,60.39,101317
2026-06-16T14:10:00+00:00,60.39,60.9,60.25,60.67,79837
2026-06-16T14:15:00+00:00,60.735,60.735,59.69,59.79,97985
2026-06-16T14:20:00+00:00,59.8,59.96,58.6,58.82,173068
2026-06-16T14:25:00+00:00,58.81,59.01,58.71,58.76,117203
2026-06-16T14:30:00+00:00,58.75,58.77,58.02,58.335,152411
2026-06-16T14:35:00+00:00,58.34,59.215,58.325,59.19,117613
2026-06-16T14:40:00+00:00,59.17,59.53,59.127,59.22,74112
2026-06-16T14:45:00+00:00,59.145,59.19,58.8,58.99,41973
2026-06-16T14:50:00+00:00,58.957,59.26,58.91,58.97,47420
2026-06-16T14:55:00+00:00,58.97,59.015,58.44,58.605,57425
2026-06-16T15:00:00+00:00,58.64,59.16,58.605,59.12,69054
2026-06-16T15:05:00+00:00,59.042,59.35,59.01,59.27,53126
2026-06-16T15:10:00+00:00,59.25,59.45,59.12,59.33,34142
2026-06-16T15:15:00+00:00,59.29,59.49,59.26,59.26,30960
2026-06-16T15:20:00+00:00,59.33,59.35,58.828,58.905,84804
2026-06-16T15:25:00+00:00,58.935,58.989,58.67,58.89,37478
2026-06-16T15:30:00+00:00,58.96,59.4,58.96,59.355,31719
2026-06-16T15:35:00+00:00,59.4,59.45,59.01,59.1,20875
2026-06-16T15:40:00+00:00,59.072,59.25,58.81,58.93,30205
2026-06-16T15:45:00+00:00,58.93,58.965,58.5,58.63,45058
2026-06-16T15:50:00+00:00,58.6,58.94,58.51,58.92,44788
2026-06-16T15:55:00+00:00,58.92,59.16,58.815,58.815,29408
2026-06-16T16:00:00+00:00,58.81,59.26,58.81,58.99,18803
2026-06-16T16:05:00+00:00,58.96,59.05,58.8,58.99,18243
2026-06-16T16:10:00+00:00,59.01,59.06,58.89,58.89,30838
2026-06-16T16:15:00+00:00,58.86,59.0,58.787,58.843,22528
2026-06-16T16:20:00+00:00,58.88,58.93,58.75,58.83,15500
2026-06-16T16:25:00+00:00,58.85,58.85,58.66,58.825,44932
2026-06-16T16:30:00+00:00,58.82,58.82,58.51,58.57,33097
2026-06-16T16:35:00+00:00,58.56,58.59,58.37,58.555,22715
2026-06-16T16:40:00+00:00,58.54,58.74,58.5,58.64,23105
2026-06-16T16:45:00+00:00,58.655,58.76,58.55,58.66,17345
2026-06-16T16:50:00+00:00,58.69,58.79,58.575,58.58,23858
2026-06-16T16:55:00+00:00,58.53,58.71,58.5,58.68,31442
2026-06-16T17:00:00+00:00,58.65,58.68,58.53,58.6,26850
2026-06-16T17:05:00+00:00,58.57,58.6,58.44,58.46,15473
2026-06-16T17:10:00+00:00,58.49,58.605,58.467,58.54,17753
2026-06-16T17:15:00+00:00,58.54,58.6,58.445,58.5,19750
2026-06-16T17:20:00+00:00,58.5,58.515,58.25,58.47,21529
2026-06-16T17:25:00+00:00,58.45,58.57,58.405,58.5,26912
2026-06-16T17:30:00+00:00,58.48,58.59,58.43,58.43,18079
2026-06-16T17:35:00+00:00,58.45,58.48,58.2,58.285,49903
2026-06-16T17:40:00+00:00,58.29,58.464,58.255,58.41,27163
2026-06-16T17:45:00+00:00,58.39,58.6,58.39,58.58,19120
2026-06-16T17:50:00+00:00,58.615,58.84,58.56,58.765,15468
2026-06-16T17:55:00+00:00,58.71,58.755,58.55,58.616,18887
2026-06-16T18:00:00+00:00,58.605,58.8,58.59,58.794,21024
2026-06-16T18:05:00+00:00,58.835,58.835,58.71,58.72,26768
2026-06-16T18:10:00+00:00,58.728,58.955,58.728,58.83,40836
2026-06-16T18:15:00+00:00,58.84,58.875,58.75,58.836,24244
2026-06-16T18:20:00+00:00,58.81,58.831,58.735,58.735,16176
2026-06-16T18:25:00+00:00,58.75,58.82,58.65,58.725,18152
2026-06-16T18:30:00+00:00,58.69,58.725,58.565,58.63,24540
2026-06-16T18:35:00+00:00,58.6,58.625,58.515,58.575,17747
2026-06-16T18:40:00+00:00,58.56,58.63,58.52,58.6,16375
2026-06-16T18:45:00+00:00,58.59,58.605,58.459,58.47,16993
2026-06-16T18:50:00+00:00,58.48,58.5,58.385,58.43,31845
2026-06-16T18:55:00+00:00,58.42,58.505,58.34,58.366,31063
2026-06-16T19:00:00+00:00,58.36,58.445,58.24,58.445,28923
2026-06-16T19:05:00+00:00,58.47,58.47,58.2,58.31,29989
2026-06-16T19:10:00+00:00,58.28,58.32,58.1,58.175,38497
2026-06-16T19:15:00+00:00,58.14,58.14,57.81,58.095,73081
2026-06-16T19:20:00+00:00,58.13,58.29,58.09,58.2,46183
2026-06-16T19:25:00+00:00,58.17,58.2,57.96,58.08,62681
2026-06-16T19:30:00+00:00,58.12,58.32,58.08,58.14,66331
2026-06-16T19:35:00+00:00,58.2,58.24,57.9,57.9,45004
2026-06-16T19:40:00+00:00,57.91,57.95,57.66,57.87,62438
2026-06-16T19:45:00+00:00,57.825,57.98,57.77,57.83,60206
2026-06-16T19:50:00+00:00,57.86,57.91,57.47,57.61,127489
2026-06-16T19:55:00+00:00,57.58,57.64,57.33,57.45,272081
2026-06-16T20:00:00+00:00,57.45,58.0,57.3,57.6,314243
2026-06-16T20:05:00+00:00,57.67,57.7,57.18,57.7,34793
2026-06-16T20:10:00+00:00,57.28,57.7,57.28,57.47,7005
2026-06-16T20:15:00+00:00,57.47,57.7,57.3,57.4,2727
2026-06-16T20:20:00+00:00,57.474,57.7,57.45,57.7,329
2026-06-16T20:25:00+00:00,57.7,57.7,57.45,57.55,8651
2026-06-16T20:30:00+00:00,57.55,57.69,57.4,57.69,941
2026-06-16T20:35:00+00:00,57.65,57.69,57.45,57.65,1852
2026-06-16T20:40:00+00:00,57.53,57.69,57.5,57.595,795
2026-06-16T20:45:00+00:00,57.61,57.7,57.5,57.65,1571
2026-06-16T20:50:00+00:00,57.65,57.7,57.5,57.61,551
2026-06-16T20:55:00+00:00,57.65,57.69,57.52,57.52,28225
2026-06-16T21:00:00+00:00,57.642,57.66,57.52,57.66,586
2026-06-16T21:05:00+00:00,57.6,57.66,57.59,57.65,535
2026-06-16T21:10:00+00:00,57.65,57.7,57.62,57.66,395
2026-06-16T21:15:00+00:00,57.698,57.7,57.57,57.7,548
2026-06-16T21:20:00+00:00,57.699,57.7,57.55,57.64,3257
2026-06-16T21:25:00+00:00,57.64,57.7,57.45,57.65,969
2026-06-16T21:30:00+00:00,57.65,57.85,57.561,57.818,1533
2026-06-16T21:35:00+00:00,57.71,57.79,57.45,57.65,3991
2026-06-16T21:40:00+00:00,57.757,57.76,57.73,57.75,134
2026-06-16T21:45:00+00:00,57.67,57.76,57.6,57.74,1216
2026-06-16T21:50:00+00:00,57.739,57.76,57.65,57.75,1888
2026-06-16T21:55:00+00:00,57.76,57.76,57.66,57.67,556
2026-06-16T22:00:00+00:00,57.76,57.76,57.73,57.73,417
2026-06-16T22:05:00+00:00,57.73,57.76,57.6,57.6,1519
2026-06-16T22:10:00+00:00,57.75,57.75,57.6,57.729,85
2026-06-16T22:15:00+00:00,57.73,57.73,57.69,57.729,377
2026-06-16T22:20:00+00:00,57.66,57.73,57.65,57.7,1286
2026-06-16T22:25:00+00:00,57.719,57.77,57.7,57.755,4785
2026-06-16T22:30:00+00:00,57.8,57.85,57.8,57.85,1715
2026-06-16T22:35:00+00:00,57.9,57.99,57.86,57.91,627
2026-06-16T22:40:00+00:00,57.88,57.99,57.88,57.96,2018
2026-06-16T22:45:00+00:00,57.973,57.99,57.698,57.99,1273
2026-06-16T22:50:00+00:00,57.9,57.99,57.62,57.9,432
2026-06-16T22:55:00+00:00,57.71,57.99,57.62,57.954,324
2026-06-16T23:00:00+00:00,57.99,57.99,57.85,57.94,257
2026-06-16T23:05:00+00:00,57.96,57.96,57.81,57.94,334
2026-06-16T23:10:00+00:00,57.9,57.94,57.8,57.898,892
2026-06-16T23:15:00+00:00,57.89,57.94,57.89,57.94,27
2026-06-16T23:20:00+00:00,57.74,57.94,57.73,57.937,263
2026-06-16T23:25:00+00:00,57.94,57.94,57.71,57.8,729
2026-06-16T23:30:00+00:00,57.72,57.8,57.72,57.8,55
2026-06-16T23:35:00+00:00,57.93,57.95,57.762,57.785,728
2026-06-16T23:40:00+00:00,57.95,57.95,57.76,57.77,867
2026-06-16T23:45:00+00:00,57.77,57.95,57.71,57.95,243
2026-06-16T23:50:00+00:00,57.71,57.77,57.71,57.71,394
2026-06-16T23:55:00+00:00,57.8,57.95,57.71,57.75,98
2026-06-17T08:00:00+00:00,58.18,58.685,58.115,58.42,5197
2026-06-17T08:05:00+00:00,58.46,58.53,58.16,58.49,1635
2026-06-17T08:10:00+00:00,58.5,58.7,58.13,58.13,742
2026-06-17T08:15:00+00:00,58.13,58.142,58.13,58.142,13
2026-06-17T08:20:00+00:00,58.13,58.13,58.13,58.13,75
2026-06-17T08:25:00+00:00,58.18,58.29,58.18,58.29,1114
2026-06-17T08:30:00+00:00,58.15,58.28,58.0,58.1,271
2026-06-17T08:35:00+00:00,58.1,58.565,58.0,58.33,567
2026-06-17T08:40:00+00:00,58.3,58.3,58.3,58.3,2
2026-06-17T08:45:00+00:00,58.28,58.28,57.88,58.16,120
2026-06-17T08:50:00+00:00,58.149,58.16,58.1,58.1,92
2026-06-17T08:55:00+00:00,58.1,58.1,57.892,58.03,339
2026-06-17T09:00:00+00:00,58.12,58.12,58.1,58.11,447
2026-06-17T09:05:00+00:00,58.01,58.12,58.0,58.11,42
2026-06-17T09:10:00+00:00,58.02,58.177,58.02,58.177,89
2026-06-17T09:15:00+00:00,58.109,58.11,57.85,58.11,625
2026-06-17T09:20:00+00:00,58.01,58.09,58.0,58.09,706
2026-06-17T09:25:00+00:00,58.072,58.072,57.95,57.95,75
2026-06-17T09:30:00+00:00,57.99,58.08,57.99,58.03,401
2026-06-17T09:35:00+00:00,58.05,58.07,58.0,58.03,188
2026-06-17T09:40:00+00:00,58.03,58.03,57.95,58.02,209
2026-06-17T09:45:00+00:00,57.97,57.98,57.9,57.909,405
2026-06-17T09:50:00+00:00,57.909,58.002,57.88,58.002,148
2026-06-17T09:55:00+00:00,58.0,58.0,57.83,57.83,164
2026-06-17T10:00:00+00:00,57.859,57.95,57.75,57.95,98
2026-06-17T10:05:00+00:00,57.83,57.83,57.81,57.82,23
2026-06-17T10:10:00+00:00,57.81,57.895,57.81,57.89,116
2026-06-17T10:15:00+00:00,57.895,57.895,57.895,57.895,33
2026-06-17T10:20:00+00:00,57.89,57.99,57.89,57.95,123
2026-06-17T10:25:00+00:00,57.91,57.95,57.8,57.95,263
2026-06-17T10:30:00+00:00,57.98,57.98,57.809,57.809,203
2026-06-17T10:35:00+00:00,57.971,58.0,57.89,58.0,360
2026-06-17T10:40:00+00:00,58.04,58.269,58.03,58.03,48
2026-06-17T10:45:00+00:00,58.11,58.13,58.05,58.13,17
2026-06-17T10:50:00+00:00,58.1,59.086,58.1,59.086,2214
2026-06-17T10:55:00+00:00,58.86,59.0,58.09,58.09,2327
2026-06-17T11:00:00+00:00,58.28,58.55,57.9,58.5,2643
2026-06-17T11:05:00+00:00,58.568,58.568,58.0,58.02,574
2026-06-17T11:10:00+00:00,58.0,58.58,58.0,58.2,1914
2026-06-17T11:15:00+00:00,58.21,58.5,57.9,57.9,282
2026-06-17T11:20:00+00:00,57.9,58.14,57.9,58.1,186
2026-06-17T11:25:00+00:00,58.05,58.189,57.85,58.139,358
2026-06-17T11:30:00+00:00,58.13,58.13,57.8,57.887,24886
2026-06-17T11:35:00+00:00,57.99,58.0,57.886,57.995,1041
2026-06-17T11:40:00+00:00,57.924,58.14,57.8,57.8,1286
2026-06-17T11:45:00+00:00,57.89,58.132,57.755,57.755,507
2026-06-17T11:50:00+00:00,57.762,58.14,57.762,58.0,557
2026-06-17T11:55:00+00:00,58.0,58.14,57.6,57.6,359
2026-06-17T12:00:00+00:00,57.612,58.0,57.61,57.89,1378
2026-06-17T12:05:00+00:00,57.89,57.95,57.702,57.88,333
2026-06-17T12:10:00+00:00,57.88,57.99,57.7,57.74,350
2026-06-17T12:15:00+00:00,57.75,57.984,57.62,57.795,1850
2026-06-17T12:20:00+00:00,57.939,57.939,57.74,57.75,51
2026-06-17T12:25:00+00:00,57.667,57.95,57.62,57.7,681
2026-06-17T12:30:00+00:00,57.69,57.99,57.62,57.75,860
2026-06-17T12:35:00+00:00,57.75,57.9,57.63,57.84,813
2026-06-17T12:40:00+00:00,57.859,57.87,57.62,57.81,747
2026-06-17T12:45:00+00:00,57.96,58.1,57.91,57.95,2053
2026-06-17T12:50:00+00:00,58.04,58.04,57.907,57.91,439
2026-06-17T12:55:00+00:00,57.96,57.98,57.77,57.77,754
2026-06-17T13:00:00+00:00,57.909,57.909,57.75,57.78,77
2026-06-17T13:05:00+00:00,57.76,57.81,57.63,57.8,4617
2026-06-17T13:10:00+00:00,57.769,57.98,57.63,57.66,2430
2026-06-17T13:15:00+00:00,57.64,57.8,57.64,57.796,4578
2026-06-17T13:20:00+00:00,57.739,57.8,57.5,57.5,862
2026-06-17T13:25:00+00:00,57.5,57.61,57.1,57.58,7577
2026-06-17T13:30:00+00:00,57.02,57.86,56.95,57.7,133095
2026-06-17T13:35:00+00:00,57.64,59.32,57.64,59.16,149262
2026-06-17T13:40:00+00:00,59.18,60.17,59.12,59.95,152289
2026-06-17T13:45:00+00:00,60.05,60.3,59.17,59.305,128364
2026-06-17T13:50:00+00:00,59.28,59.44,58.7,58.82,92287
2026-06-17T13:55:00+00:00,58.78,58.964,58.27,58.61,73369
2026-06-17T14:00:00+00:00,58.635,58.68,58.32,58.44,46081
2026-06-17T14:05:00+00:00,58.46,59.25,58.36,59.175,59273
2026-06-17T14:10:00+00:00,59.215,59.97,59.15,59.86,134991
2026-06-17T14:15:00+00:00,59.895,60.26,59.81,60.03,91675
2026-06-17T14:20:00+00:00,60.01,60.23,59.85,59.89,68695
2026-06-17T14:25:00+00:00,59.81,60.07,59.5,59.705,55528
2026-06-17T14:30:00+00:00,59.695,59.695,59.3,59.438,33035
2026-06-17T14:35:00+00:00,59.485,59.536,59.1,59.1,29395
2026-06-17T14:40:00+00:00,59.085,59.3,58.84,59.14,31684
2026-06-17T14:45:00+00:00,59.112,59.2,58.56,59.09,31339
2026-06-17T14:50:00+00:00,58.93,59.28,58.93,59.225,28702
2026-06-17T14:55:00+00:00,59.17,59.21,58.9,59.004,35740
2026-06-17T15:00:00+00:00,59.125,59.38,59.04,59.363,22507
2026-06-17T15:05:00+00:00,59.389,59.389,59.055,59.055,22236
2026-06-17T15:10:00+00:00,59.07,59.47,59.03,59.47,17436
2026-06-17T15:15:00+00:00,59.41,59.571,59.3,59.535,33844
2026-06-17T15:20:00+00:00,59.55,60.15,59.55,60.11,72110
2026-06-17T15:25:00+00:00,60.11,60.2,59.89,60.005,61059
2026-06-17T15:30:00+00:00,60.04,60.08,59.89,59.965,36291
2026-06-17T15:35:00+00:00,60.025,60.25,59.92,60.22,34250
2026-06-17T15:40:00+00:00,60.22,60.32,59.99,60.14,28349
2026-06-17T15:45:00+00:00,60.19,60.24,60.01,60.06,33648
2026-06-17T15:50:00+00:00,60.055,60.245,60.011,60.24,38038
2026-06-17T15:55:00+00:00,60.25,60.592,60.185,60.48,65413
2026-06-17T16:00:00+00:00,60.455,60.5,60.12,60.335,42609
2026-06-17T16:05:00+00:00,60.33,60.54,60.235,60.48,30134
2026-06-17T16:10:00+00:00,60.486,60.61,60.4,60.51,79001
2026-06-17T16:15:00+00:00,60.51,60.61,60.4,60.58,38636
2026-06-17T16:20:00+00:00,60.6,60.87,60.515,60.84,41591
2026-06-17T16:25:00+00:00,60.8,61.14,60.67,60.98,72247
2026-06-17T16:30:00+00:00,60.945,60.945,60.64,60.64,43288
2026-06-17T16:35:00+00:00,60.64,60.675,60.51,60.51,33190
2026-06-17T16:40:00+00:00,60.52,60.55,60.32,60.539,32614
2026-06-17T16:45:00+00:00,60.49,61.0,60.44,60.93,66417
2026-06-17T16:50:00+00:00,60.93,61.315,60.86,61.26,56266
2026-06-17T16:55:00+00:00,61.267,61.35,60.99,61.0,74628
2026-06-17T17:00:00+00:00,60.99,61.19,60.95,61.13,39847
2026-06-17T17:05:00+00:00,61.11,61.34,60.92,61.19,37235
2026-06-17T17:10:00+00:00,61.21,61.21,60.98,61.02,39520
2026-06-17T17:15:00+00:00,61.005,61.08,60.83,60.911,30638
2026-06-17T17:20:00+00:00,60.97,61.0,60.84,60.93,27079
2026-06-17T17:25:00+00:00,60.891,60.95,60.83,60.845,21250
2026-06-17T17:30:00+00:00,60.87,60.95,60.71,60.86,19834
2026-06-17T17:35:00+00:00,60.855,60.87,60.62,60.72,18293
2026-06-17T17:40:00+00:00,60.71,60.71,60.56,60.67,19059
2026-06-17T17:45:00+00:00,60.67,60.72,60.5,60.62,19959
2026-06-17T17:50:00+00:00,60.58,61.24,60.55,61.09,47440
2026-06-17T17:55:00+00:00,61.005,61.04,60.78,60.905,37723
2026-06-17T18:00:00+00:00,60.87,60.89,59.951,59.955,106482
2026-06-17T18:05:00+00:00,59.92,60.343,59.458,60.29,104634
2026-06-17T18:10:00+00:00,60.2,60.4,60.04,60.335,47787
2026-06-17T18:15:00+00:00,60.39,60.805,60.39,60.475,43262
2026-06-17T18:20:00+00:00,60.47,60.47,60.081,60.081,27044
2026-06-17T18:25:00+00:00,60.158,60.158,59.83,60.04,38104
2026-06-17T18:30:00+00:00,60.01,60.55,59.928,60.06,65384
2026-06-17T18:35:00+00:00,60.08,60.97,60.08,60.785,52077
2026-06-17T18:40:00+00:00,60.775,61.5,60.775,61.37,78177
2026-06-17T18:45:00+00:00,61.29,61.675,60.811,61.19,242226
2026-06-17T18:50:00+00:00,61.22,61.68,61.15,61.585,77696
2026-06-17T18:55:00+00:00,61.57,61.57,60.63,61.0,102915
2026-06-17T19:00:00+00:00,61.03,61.4,60.84,60.92,68632
2026-06-17T19:05:00+00:00,60.95,61.12,60.59,60.59,45313
2026-06-17T19:10:00+00:00,60.66,61.27,60.365,61.14,63461
2026-06-17T19:15:00+00:00,61.1,61.15,60.48,60.53,53791
2026-06-17T19:20:00+00:00,60.5,60.5,59.785,60.01,74607
2026-06-17T19:25:00+00:00,60.005,60.335,59.96,60.03,79778
2026-06-17T19:30:00+00:00,60.065,60.4,59.58,59.645,106624
2026-06-17T19:35:00+00:00,59.58,59.97,59.09,59.145,89139
2026-06-17T19:40:00+00:00,59.11,59.36,58.95,59.02,68863
2026-06-17T19:45:00+00:00,59.11,59.54,59.04,59.35,65620
2026-06-17T19:50:00+00:00,59.225,59.465,58.92,59.19,127273
2026-06-17T19:55:00+00:00,59.2,59.24,58.8,58.82,209051
2026-06-17T20:00:00+00:00,58.82,59.74,58.82,58.82,91249
2026-06-17T20:05:00+00:00,59.22,59.32,58.2,58.86,68659
2026-06-17T20:10:00+00:00,58.82,59.0,58.25,58.81,8474
2026-06-17T20:15:00+00:00,58.75,58.85,58.5,58.787,839
2026-06-17T20:20:00+00:00,58.82,59.3,58.52,59.3,2346
2026-06-17T20:25:00+00:00,59.3,59.3,58.81,59.0,2142
2026-06-17T20:30:00+00:00,59.14,59.18,58.9,59.0,790
2026-06-17T20:35:00+00:00,59.01,59.16,59.01,59.16,12
2026-06-17T20:40:00+00:00,59.02,59.1,58.76,58.91,905
2026-06-17T20:45:00+00:00,58.98,59.18,58.98,59.1,2141
2026-06-17T20:50:00+00:00,59.1,59.18,59.0,59.18,1738
2026-06-17T20:55:00+00:00,59.062,59.18,59.05,59.05,470
2026-06-17T21:00:00+00:00,59.115,59.18,59.0,59.157,675
2026-06-17T21:05:00+00:00,59.12,59.18,59.0,59.09,6392
2026-06-17T21:10:00+00:00,59.18,59.18,58.9,58.98,2077
2026-06-17T21:15:00+00:00,59.06,59.3,58.88,59.3,991
2026-06-17T21:20:00+00:00,59.25,59.3,58.88,59.06,2138
2026-06-17T21:25:00+00:00,59.24,59.3,59.0,59.24,1206
2026-06-17T21:30:00+00:00,59.3,59.3,59.0,59.3,2989
2026-06-17T21:35:00+00:00,59.276,59.3,59.118,59.25,595
2026-06-17T21:40:00+00:00,59.1,59.25,59.1,59.17,454
2026-06-17T21:45:00+00:00,59.24,59.3,59.152,59.23,424360
2026-06-17T21:50:00+00:00,59.25,59.25,59.18,59.18,1322
2026-06-17T21:55:00+00:00,59.25,59.25,59.189,59.24,1155
2026-06-17T22:00:00+00:00,59.24,59.25,59.18,59.19,131
2026-06-17T22:05:00+00:00,59.24,59.5,59.24,59.5,454
2026-06-17T22:10:00+00:00,59.37,59.58,59.32,59.58,545
2026-06-17T22:15:00+00:00,59.418,59.58,59.25,59.58,617
2026-06-17T22:20:00+00:00,59.58,59.58,59.25,59.49,143
2026-06-17T22:25:00+00:00,59.4,59.5,59.25,59.4,697
2026-06-17T22:30:00+00:00,59.488,59.5,59.25,59.49,303
2026-06-17T22:35:00+00:00,59.49,59.5,59.3,59.31,224
2026-06-17T22:40:00+00:00,59.31,59.5,59.31,59.47,111
2026-06-17T22:45:00+00:00,59.4,59.5,59.4,59.413,462
2026-06-17T22:50:00+00:00,59.5,59.58,59.4,59.58,283
2026-06-17T22:55:00+00:00,59.55,59.58,59.55,59.558,79
2026-06-17T23:00:00+00:00,59.72,59.97,59.56,59.76,226
2026-06-17T23:05:00+00:00,59.76,59.76,59.69,59.73,2228
2026-06-17T23:10:00+00:00,59.56,59.8,59.55,59.55,528
2026-06-17T23:15:00+00:00,59.8,59.8,59.56,59.8,206
2026-06-17T23:20:00+00:00,59.73,59.8,59.72,59.76,792
2026-06-17T23:25:00+00:00,59.79,59.97,59.55,59.95,2145
2026-06-17T23:30:00+00:00,59.8,59.81,59.62,59.78,155
2026-06-17T23:35:00+00:00,59.9,59.9,59.55,59.55,1038
2026-06-17T23:40:00+00:00,59.65,59.79,59.65,59.76,795
2026-06-17T23:45:00+00:00,59.57,59.76,59.57,59.76,390
2026-06-17T23:50:00+00:00,59.759,59.76,59.55,59.74,296
2026-06-17T23:55:00+00:00,59.74,59.74,59.45,59.74,556
2026-06-18T08:00:00+00:00,59.69,60.38,59.373,60.0,10329
2026-06-18T08:05:00+00:00,60.4,60.4,59.41,60.39,1019
2026-06-18T08:10:00+00:00,60.4,60.47,60.3,60.4,1960
2026-06-18T08:15:00+00:00,60.41,60.41,60.162,60.37,553
2026-06-18T08:20:00+00:00,60.39,60.4,60.222,60.394,636
2026-06-18T08:25:00+00:00,60.18,60.387,60.0,60.1,340
2026-06-18T08:30:00+00:00,60.29,60.38,60.0,60.38,587
2026-06-18T08:35:00+00:00,60.17,60.37,60.17,60.17,460
2026-06-18T08:40:00+00:00,60.37,60.37,60.37,60.37,17
2026-06-18T08:45:00+00:00,60.358,60.358,60.02,60.31,369
2026-06-18T08:50:00+00:00,60.03,60.03,60.03,60.03,5
2026-06-18T08:55:00+00:00,60.18,60.18,60.03,60.03,56
2026-06-18T09:00:00+00:00,60.03,60.03,60.0,60.0,384
2026-06-18T09:05:00+00:00,60.08,60.19,60.08,60.19,12
2026-06-18T09:10:00+00:00,60.06,60.18,60.05,60.18,231
2026-06-18T09:15:00+00:00,60.18,60.37,60.18,60.37,125
2026-06-18T09:20:00+00:00,60.005,60.468,60.005,60.22,312
2026-06-18T09:25:00+00:00,60.1,60.36,60.1,60.351,169
2026-06-18T09:30:00+00:00,60.1,60.27,60.1,60.19,66
2026-06-18T09:35:00+00:00,60.27,60.48,60.25,60.44,239
2026-06-18T09:40:00+00:00,60.4,60.44,60.37,60.401,111
2026-06-18T09:45:00+00:00,60.41,60.48,60.12,60.48,548
2026-06-18T09:50:00+00:00,60.44,60.44,60.36,60.36,101
2026-06-18T09:55:00+00:00,60.48,60.48,60.459,60.468,31
2026-06-18T10:00:00+00:00,60.47,60.48,60.45,60.468,249
2026-06-18T10:05:00+00:00,60.438,60.45,60.26,60.26,48
2026-06-18T10:10:00+00:00,60.26,60.43,60.25,60.4,532
2026-06-18T10:15:00+00:00,60.4,60.4,60.4,60.4,70
2026-06-18T10:20:00+00:00,60.4,60.4,60.31,60.4,29
2026-06-18T10:25:00+00:00,60.36,60.41,60.36,60.37,483
2026-06-18T10:30:00+00:00,60.37,60.4,60.28,60.393,392
2026-06-18T10:35:00+00:00,60.28,60.38,60.28,60.3,21
2026-06-18T10:40:00+00:00,60.3,60.38,60.3,60.3,493
2026-06-18T10:45:00+00:00,60.368,60.368,60.34,60.34,11
2026-06-18T10:50:00+00:00,60.21,60.3,60.2,60.28,129
2026-06-18T10:55:00+00:00,60.276,62.5,59.902,60.0,17712
2026-06-18T11:00:00+00:00,60.085,61.76,60.0,61.3,22356
2026-06-18T11:05:00+00:00,61.25,61.38,60.44,60.97,9746
2026-06-18T11:10:00+00:00,61.31,61.31,60.5,60.77,12139
2026-06-18T11:15:00+00:00,60.728,60.81,60.54,60.67,4256
2026-06-18T11:20:00+00:00,60.67,60.79,60.41,60.51,4042
2026-06-18T11:25:00+00:00,60.488,60.69,60.3,60.4,2230
2026-06-18T11:30:00+00:00,60.4,60.69,60.33,60.65,929
2026-06-18T11:35:00+00:00,60.6,60.69,60.3,60.312,3126
2026-06-18T11:40:00+00:00,60.315,60.8,60.25,60.8,3069
2026-06-18T11:45:00+00:00,60.68,61.18,60.65,60.983,17722
2026-06-18T11:50:00+00:00,60.99,61.16,60.862,61.12,11807
2026-06-18T11:55:00+00:00,61.1,61.15,60.8,60.84,3599
2026-06-18T12:00:00+00:00,61.0,61.15,60.831,61.0,3206
2026-06-18T12:05:00+00:00,61.09,61.09,60.53,60.89,5925
2026-06-18T12:10:00+00:00,60.62,61.0,60.6,61.0,2807
2026-06-18T12:15:00+00:00,60.988,61.0,60.62,60.97,6321
2026-06-18T12:20:00+00:00,60.93,60.97,60.73,60.73,5443
2026-06-18T12:25:00+00:00,60.8,60.91,60.8,60.893,927
2026-06-18T12:30:00+00:00,60.89,60.9,60.53,60.53,7357
2026-06-18T12:35:00+00:00,60.638,61.0,60.63,60.78,7124
2026-06-18T12:40:00+00:00,60.83,61.1,60.7,60.92,2501
2026-06-18T12:45:00+00:00,61.0,61.1,60.8,61.1,3980
2026-06-18T12:50:00+00:00,61.03,61.03,60.85,60.99,4342
2026-06-18T12:55:00+00:00,60.99,61.15,60.89,61.116,2980
2026-06-18T13:00:00+00:00,61.11,61.15,60.58,60.58,2882
2026-06-18T13:05:00+00:00,60.69,60.89,60.58,60.78,1287
2026-06-18T13:10:00+00:00,60.77,60.88,60.69,60.87,2742
2026-06-18T13:15:00+00:00,60.87,61.15,60.79,61.008,1742
2026-06-18T13:20:00+00:00,61.008,61.15,60.9,60.995,2162
2026-06-18T13:25:00+00:00,61.0,61.15,59.98,60.457,51209
2026-06-18T13:30:00+00:00,59.83,61.56,59.81,60.471,184367
2026-06-18T13:35:00+00:00,60.52,60.715,59.56,59.785,117634
2026-06-18T13:40:00+00:00,59.785,59.97,58.94,58.94,120962
2026-06-18T13:45:00+00:00,59.0,59.45,58.778,59.4,102441
2026-06-18T13:50:00+00:00,59.275,59.59,59.08,59.34,87694
2026-06-18T13:55:00+00:00,59.315,59.49,58.575,59.14,90962
2026-06-18T14:00:00+00:00,59.09,60.0,58.807,59.5,125669
2026-06-18T14:05:00+00:00,59.55,60.34,59.46,59.955,120508
2026-06-18T14:10:00+00:00,59.945,59.99,59.06,59.23,69276
2026-06-18T14:15:00+00:00,59.27,59.65,59.15,59.52,48858
2026-06-18T14:20:00+00:00,59.58,59.84,59.393,59.56,47542
2026-06-18T14:25:00+00:00,59.57,59.78,59.191,59.25,50238
2026-06-18T14:30:00+00:00,59.23,59.65,59.045,59.649,50629
2026-06-18T14:35:00+00:00,59.58,60.04,59.48,59.961,59007
2026-06-18T14:40:00+00:00,59.995,60.068,59.697,59.89,39410
2026-06-18T14:45:00+00:00,59.85,60.92,59.791,60.865,80871
2026-06-18T14:50:00+00:00,60.9,61.95,60.77,61.86,253879
2026-06-18T14:55:00+00:00,61.86,62.198,61.8,62.015,236639
2026-06-18T15:00:00+00:00,62.015,62.09,61.67,62.09,163579
2026-06-18T15:05:00+00:00,62.17,62.48,61.88,62.26,169900
2026-06-18T15:10:00+00:00,62.245,62.39,61.82,61.87,90672
2026-06-18T15:15:00+00:00,61.92,61.93,61.25,61.44,94643
2026-06-18T15:20:00+00:00,61.49,61.64,61.27,61.45,64430
2026-06-18T15:25:00+00:00,61.35,62.0,61.35,61.545,66178
2026-06-18T15:30:00+00:00,61.625,61.88,61.4,61.755,37880
2026-06-18T15:35:00+00:00,61.71,61.71,60.58,60.68,116894
2026-06-18T15:40:00+00:00,60.739,60.88,60.37,60.47,78226
2026-06-18T15:45:00+00:00,60.43,60.73,60.415,60.575,53895
2026-06-18T15:50:00+00:00,60.609,60.959,60.595,60.803,46236
2026-06-18T15:55:00+00:00,60.835,61.015,60.61,60.61,45324
2026-06-18T16:00:00+00:00,60.629,60.75,60.47,60.66,52269
2026-06-18T16:05:00+00:00,60.615,60.79,60.455,60.575,76783
2026-06-18T16:10:00+00:00,60.58,60.619,60.38,60.52,29668
2026-06-18T16:15:00+00:00,60.485,60.52,60.22,60.35,56875
2026-06-18T16:20:00+00:00,60.37,60.6,60.365,60.4,26275
2026-06-18T16:25:00+00:00,60.415,60.59,60.35,60.41,26022
2026-06-18T16:30:00+00:00,60.361,60.39,60.07,60.08,28905
2026-06-18T16:35:00+00:00,60.1,60.2,59.89,60.11,34767
2026-06-18T16:40:00+00:00,60.11,60.27,60.05,60.195,30882
2026-06-18T16:45:00+00:00,60.195,60.286,60.11,60.286,18182
2026-06-18T16:50:00+00:00,60.256,60.48,60.18,60.23,23486
2026-06-18T16:55:00+00:00,60.165,60.295,60.07,60.2,25868
2026-06-18T17:00:00+00:00,60.225,60.225,59.865,60.105,20600
2026-06-18T17:05:00+00:00,60.16,60.23,60.05,60.18,13730
2026-06-18T17:10:00+00:00,60.23,60.29,60.02,60.12,18039
2026-06-18T17:15:00+00:00,60.22,60.29,60.08,60.181,10419
2026-06-18T17:20:00+00:00,60.24,60.24,59.94,59.97,20818
2026-06-18T17:25:00+00:00,60.02,60.02,59.84,59.955,28271
2026-06-18T17:30:00+00:00,59.965,60.35,59.9,60.25,29364
2026-06-18T17:35:00+00:00,60.27,60.3,60.02,60.1,14493
2026-06-18T17:40:00+00:00,60.12,60.36,60.09,60.335,22505
2026-06-18T17:45:00+00:00,60.35,60.4,60.175,60.21,42525
2026-06-18T17:50:00+00:00,60.265,60.32,60.135,60.135,13039
2026-06-18T17:55:00+00:00,60.17,60.34,60.1,60.125,29664
2026-06-18T18:00:00+00:00,60.11,60.21,60.03,60.075,25888
2026-06-18T18:05:00+00:00,60.13,60.28,60.09,60.275,19066
2026-06-18T18:10:00+00:00,60.29,60.29,59.72,59.746,28242
2026-06-18T18:15:00+00:00,59.73,59.815,59.56,59.68,37694
2026-06-18T18:20:00+00:00,59.73,59.79,59.65,59.73,17325
2026-06-18T18:25:00+00:00,59.78,59.79,59.61,59.635,27000
2026-06-18T18:30:00+00:00,59.635,59.83,59.58,59.82,32940
2026-06-18T18:35:00+00:00,59.83,60.26,59.78,60.01,32638
2026-06-18T18:40:00+00:00,60.07,60.14,59.93,59.98,23806
2026-06-18T18:45:00+00:00,59.95,60.29,59.95,60.19,23219
2026-06-18T18:50:00+00:00,60.22,60.22,59.98,59.98,17870
2026-06-18T18:55:00+00:00,59.95,59.994,59.87,59.972,24246
2026-06-18T19:00:00+00:00,59.945,60.04,59.72,59.725,38064
2026-06-18T19:05:00+00:00,59.707,59.91,59.6,59.862,34147
2026-06-18T19:10:00+00:00,59.88,60.02,59.74,60.02,41119
2026-06-18T19:15:00+00:00,60.02,60.28,59.995,60.245,48091
2026-06-18T19:20:00+00:00,60.28,60.32,60.095,60.205,48578
2026-06-18T19:25:00+00:00,60.192,60.322,60.07,60.14,62850
2026-06-18T19:30:00+00:00,60.15,60.31,59.96,60.27,44312
2026-06-18T19:35:00+00:00,60.28,60.54,60.24,60.29,55823
2026-06-18T19:40:00+00:00,60.26,60.36,60.098,60.135,51687
2026-06-18T19:45:00+00:00,60.19,60.4,60.155,60.158,74461
2026-06-18T19:50:00+00:00,60.52,61.44,60.5,61.18,199789
2026-06-18T19:55:00+00:00,61.18,61.35,60.78,61.17,289405
2026-06-18T20:00:00+00:00,61.2,61.2,60.57,60.96,322939
2026-06-18T20:05:00+00:00,60.96,61.1,60.8,60.94,44263
2026-06-18T20:10:00+00:00,61.17,61.17,60.75,61.0,684145
2026-06-18T20:15:00+00:00,61.0,61.0,60.91,60.95,207901
2026-06-18T20:20:00+00:00,60.97,61.1,60.91,61.05,1447
2026-06-18T20:25:00+00:00,61.05,61.05,61.02,61.04,394
2026-06-18T20:30:00+00:00,61.03,61.03,60.92,60.933,471
2026-06-18T20:35:00+00:00,60.921,61.02,60.92,61.0,5296
2026-06-18T20:40:00+00:00,61.031,61.1,61.03,61.03,4061
2026-06-18T20:45:00+00:00,61.1,61.1,60.96,60.96,2399
2026-06-18T20:50:00+00:00,60.92,61.03,60.8,61.0,2028
2026-06-18T20:55:00+00:00,60.99,61.03,60.92,61.0,132
2026-06-18T21:00:00+00:00,60.911,61.03,60.911,61.03,622
2026-06-18T21:05:00+00:00,61.028,61.03,60.96,60.97,1253
2026-06-18T21:10:00+00:00,60.806,61.03,60.8,61.03,1792
2026-06-18T21:15:00+00:00,61.0,61.03,60.98,60.98,209
2026-06-18T21:20:00+00:00,60.99,61.097,60.98,61.097,317
2026-06-18T21:25:00+00:00,61.013,61.09,61.013,61.036,110
2026-06-18T21:30:00+00:00,61.1,61.1,61.03,61.07,299
2026-06-18T21:35:00+00:00,61.07,61.1,61.07,61.07,1155
2026-06-18T21:40:00+00:00,61.1,61.1,61.07,61.075,848
2026-06-18T21:45:00+00:00,61.075,61.1,61.07,61.07,268225
2026-06-18T21:50:00+00:00,61.071,61.1,61.071,61.1,696
2026-06-18T21:55:00+00:00,61.1,61.1,61.081,61.087,2115
2026-06-18T22:00:00+00:00,61.1,61.12,61.08,61.117,1322
2026-06-18T22:05:00+00:00,61.1,61.1,60.877,60.92,578
2026-06-18T22:10:00+00:00,61.1,61.1,60.85,60.85,378
2026-06-18T22:15:00+00:00,60.85,61.1,60.85,61.0,214
2026-06-18T22:20:00+00:00,61.1,61.1,60.92,61.03,219
2026-06-18T22:25:00+00:00,60.85,60.99,60.85,60.99,582
2026-06-18T22:30:00+00:00,61.1,61.1,60.85,60.98,206
2026-06-18T22:35:00+00:00,60.95,60.98,60.91,60.98,70
2026-06-18T22:40:00+00:00,60.855,60.98,60.855,60.93,423
2026-06-18T22:45:00+00:00,60.93,60.93,60.89,60.9,217
2026-06-18T22:50:00+00:00,60.97,60.97,60.93,60.95,462
2026-06-18T22:55:00+00:00,60.93,60.98,60.9,60.91,382
2026-06-18T23:00:00+00:00,60.85,60.902,60.85,60.88,546
2026-06-18T23:05:00+00:00,60.859,60.95,60.85,60.939,893
2026-06-18T23:10:00+00:00,60.94,60.95,60.885,60.93,1758
2026-06-18T23:15:00+00:00,60.95,60.95,60.88,60.94,397
2026-06-18T23:20:00+00:00,60.881,60.999,60.88,60.99,1023
2026-06-18T23:25:00+00:00,60.9,60.93,60.85,60.93,221
2026-06-18T23:30:00+00:00,60.99,60.999,60.93,60.99,170
2026-06-18T23:35:00+00:00,60.99,61.03,60.93,61.01,706
2026-06-18T23:40:00+00:00,61.0,61.02,60.86,60.86,89
2026-06-18T23:45:00+00:00,60.882,61.01,60.88,61.0,88
2026-06-18T23:50:00+00:00,60.93,61.02,60.88,61.0,381
2026-06-18T23:55:00+00:00,61.0,61.0,60.85,61.0,5622
2026-06-22T08:00:00+00:00,60.52,60.87,59.72,60.49,9491
2026-06-22T08:05:00+00:00,60.35,60.75,59.74,60.53,2166
2026-06-22T08:10:00+00:00,60.18,60.25,60.1,60.149,1502
2026-06-22T08:15:00+00:00,60.3,60.3,60.1,60.16,118
2026-06-22T08:20:00+00:00,60.21,60.55,60.18,60.22,2456
2026-06-22T08:25:00+00:00,60.32,60.57,60.32,60.35,3030
2026-06-22T08:30:00+00:00,60.4,60.4,60.13,60.13,187
2026-06-22T08:35:00+00:00,60.27,60.39,60.27,60.35,355
2026-06-22T08:40:00+00:00,60.48,60.668,60.27,60.38,282
2026-06-22T08:45:00+00:00,60.142,60.27,60.14,60.27,175
2026-06-22T08:50:00+00:00,60.27,60.6,60.27,60.29,747
2026-06-22T08:55:00+00:00,60.3,60.641,60.3,60.347,360
2026-06-22T09:00:00+00:00,60.4,60.671,60.32,60.33,324
2026-06-22T09:05:00+00:00,60.583,60.668,60.48,60.6,382
2026-06-22T09:10:00+00:00,60.6,60.648,60.5,60.5,181
2026-06-22T09:15:00+00:00,60.4,60.41,60.32,60.32,531
2026-06-22T09:20:00+00:00,60.5,60.5,60.32,60.5,52
2026-06-22T09:25:00+00:00,60.44,60.44,60.44,60.44,78
2026-06-22T09:30:00+00:00,60.43,60.43,60.43,60.43,1
2026-06-22T09:35:00+00:00,60.32,60.329,60.32,60.329,685
2026-06-22T09:40:00+00:00,60.329,60.43,60.32,60.43,28
2026-06-22T09:45:00+00:00,60.43,60.43,60.26,60.26,173
2026-06-22T09:50:00+00:00,60.24,60.395,60.205,60.21,163
2026-06-22T09:55:00+00:00,60.25,60.31,60.22,60.22,110
2026-06-22T10:00:00+00:00,60.21,60.25,60.21,60.25,85
2026-06-22T10:05:00+00:00,60.21,60.33,60.21,60.33,162
2026-06-22T10:10:00+00:00,60.33,60.4,60.33,60.4,131
2026-06-22T10:15:00+00:00,60.33,60.4,60.22,60.35,262
2026-06-22T10:20:00+00:00,60.3,60.39,60.22,60.22,476
2026-06-22T10:25:00+00:00,60.35,60.39,60.22,60.39,953
2026-06-22T10:30:00+00:00,60.22,60.239,60.22,60.239,14
2026-06-22T10:35:00+00:00,60.25,60.25,60.21,60.218,114
2026-06-22T10:40:00+00:00,60.22,60.27,60.218,60.231,292
2026-06-22T10:45:00+00:00,60.366,60.366,60.295,60.295,6
2026-06-22T10:50:00+00:00,60.21,60.37,60.18,60.359,260
2026-06-22T10:55:00+00:00,60.18,60.18,60.16,60.163,88
2026-06-22T11:00:00+00:00,60.28,60.37,60.08,60.17,4372
2026-06-22T11:05:00+00:00,60.15,60.64,60.15,60.53,570
2026-06-22T11:10:00+00:00,60.45,60.5,60.282,60.42,717
2026-06-22T11:15:00+00:00,60.43,60.45,60.26,60.268,695
2026-06-22T11:20:00+00:00,60.3,60.43,60.2,60.22,1177
2026-06-22T11:25:00+00:00,60.22,60.438,60.18,60.192,765
2026-06-22T11:30:00+00:00,60.25,60.44,60.2,60.44,940
2026-06-22T11:35:00+00:00,60.428,60.428,60.2,60.3,1186
2026-06-22T11:40:00+00:00,60.3,60.35,60.25,60.25,1517
2026-06-22T11:45:00+00:00,60.25,60.35,60.24,60.331,448
2026-06-22T11:50:00+00:00,60.35,60.44,60.2,60.39,625
2026-06-22T11:55:00+00:00,60.389,60.44,60.24,60.279,785
2026-06-22T12:00:00+00:00,60.42,60.44,60.26,60.44,469
2026-06-22T12:05:00+00:00,60.43,60.52,60.26,60.515,769
2026-06-22T12:10:00+00:00,60.51,60.535,60.435,60.49,846
2026-06-22T12:15:00+00:00,60.548,60.55,60.24,60.49,2466
2026-06-22T12:20:00+00:00,60.44,60.491,60.25,60.46,322
2026-06-22T12:25:00+00:00,60.42,60.48,60.27,60.279,888
2026-06-22T12:30:00+00:00,60.291,60.439,60.291,60.34,1936
2026-06-22T12:35:00+00:00,60.34,60.44,60.3,60.35,5502
2026-06-22T12:40:00+00:00,60.34,60.38,60.13,60.15,1972
2026-06-22T12:45:00+00:00,60.18,60.37,60.1,60.1,3356
2026-06-22T12:50:00+00:00,60.108,60.19,60.1,60.13,810
2026-06-22T12:55:00+00:00,60.13,60.2,60.1,60.1,5076
2026-06-22T13:00:00+00:00,60.108,60.25,60.086,60.105,4542
2026-06-22T13:05:00+00:00,60.151,60.19,59.81,59.81,3248
2026-06-22T13:10:00+00:00,59.88,60.0,59.809,59.982,4099
2026-06-22T13:15:00+00:00,59.988,60.1,59.83,59.92,2723
2026-06-22T13:20:00+00:00,59.94,60.1,59.71,60.0,1484
2026-06-22T13:25:00+00:00,59.988,59.988,59.02,59.02,3964
2026-06-22T13:30:00+00:00,59.17,59.284,58.064,59.05,156334
2026-06-22T13:35:00+00:00,59.0,59.411,58.538,59.245,162241
2026-06-22T13:40:00+00:00,59.245,59.404,58.9,59.14,94407
2026-06-22T13:45:00+00:00,59.178,59.51,58.85,59.25,81550
2026-06-22T13:50:00+00:00,59.16,59.67,59.08,59.13,56449
2026-06-22T13:55:00+00:00,59.15,59.79,59.15,59.68,71654
2026-06-22T14:00:00+00:00,59.73,59.88,59.4,59.522,81986
2026-06-22T14:05:00+00:00,59.54,59.54,58.95,59.025,53632
2026-06-22T14:10:00+00:00,59.18,59.227,58.28,58.374,110202
2026-06-22T14:15:00+00:00,58.37,58.455,57.84,57.86,122118
2026-06-22T14:20:00+00:00,57.944,58.18,57.6,57.65,155592
2026-06-22T14:25:00+00:00,57.65,58.08,57.65,57.85,77459
2026-06-22T14:30:00+00:00,57.8,58.205,57.7,58.15,40738
2026-06-22T14:35:00+00:00,58.21,58.24,58.02,58.06,50326
2026-06-22T14:40:00+00:00,58.055,58.34,57.8,57.86,56790
2026-06-22T14:45:00+00:00,57.86,57.96,57.6,57.7,69710
2026-06-22T14:50:00+00:00,57.75,57.8,57.29,57.39,80457
2026-06-22T14:55:00+00:00,57.39,57.79,57.25,57.79,123003
2026-06-22T15:00:00+00:00,57.79,58.245,57.75,58.015,46483
2026-06-22T15:05:00+00:00,58.015,58.09,57.718,57.85,65476
2026-06-22T15:10:00+00:00,57.832,57.987,57.67,57.67,29855
2026-06-22T15:15:00+00:00,57.63,57.85,57.49,57.54,31554
2026-06-22T15:20:00+00:00,57.54,58.22,57.54,58.115,22906
2026-06-22T15:25:00+00:00,58.131,58.42,58.131,58.26,48445
2026-06-22T15:30:00+00:00,58.35,58.545,58.285,58.37,43739
2026-06-22T15:35:00+00:00,58.355,58.4,58.05,58.165,34833
2026-06-22T15:40:00+00:00,58.12,58.368,58.12,58.305,19220
2026-06-22T15:45:00+00:00,58.28,58.415,58.17,58.235,29497
2026-06-22T15:50:00+00:00,58.205,58.545,58.175,58.465,15932
2026-06-22T15:55:00+00:00,58.46,58.63,58.32,58.32,28160
2026-06-22T16:00:00+00:00,58.36,58.45,58.02,58.1,23938
2026-06-22T16:05:00+00:00,58.095,58.33,58.095,58.269,18489
2026-06-22T16:10:00+00:00,58.25,58.38,58.153,58.22,28199
2026-06-22T16:15:00+00:00,58.145,58.24,57.97,58.2,24862
2026-06-22T16:20:00+00:00,58.17,58.33,57.9,57.935,22850
2026-06-22T16:25:00+00:00,57.968,58.01,57.8,57.94,26913
2026-06-22T16:30:00+00:00,57.93,57.97,57.81,57.925,61519
2026-06-22T16:35:00+00:00,57.95,58.06,57.85,58.0,13224
2026-06-22T16:40:00+00:00,58.03,58.14,57.87,58.08,20528
2026-06-22T16:45:00+00:00,58.12,58.35,57.97,58.3,18980
2026-06-22T16:50:00+00:00,58.34,58.439,58.13,58.15,18863
2026-06-22T16:55:00+00:00,58.18,58.28,58.0,58.085,23097
2026-06-22T17:00:00+00:00,58.1,58.19,58.06,58.085,14496
2026-06-22T17:05:00+00:00,58.1,58.1,57.752,57.818,22532
2026-06-22T17:10:00+00:00,57.785,57.99,57.785,57.91,22053
2026-06-22T17:15:00+00:00,58.04,58.175,57.956,58.093,15241
2026-06-22T17:20:00+00:00,58.091,58.11,57.86,57.863,17031
2026-06-22T17:25:00+00:00,57.9,57.949,57.84,57.91,21785
2026-06-22T17:30:00+00:00,57.87,58.11,57.84,58.065,47179
2026-06-22T17:35:00+00:00,58.05,58.11,57.93,58.045,28942
2026-06-22T17:40:00+00:00,58.01,58.075,57.91,57.94,20227
2026-06-22T17:45:00+00:00,57.955,58.182,57.92,58.175,24336
2026-06-22T17:50:00+00:00,58.22,58.48,58.22,58.47,25048
2026-06-22T17:55:00+00:00,58.43,58.67,58.42,58.575,30516
2026-06-22T18:00:00+00:00,58.62,58.83,58.59,58.81,39966
2026-06-22T18:05:00+00:00,58.77,58.95,58.75,58.95,23793
2026-06-22T18:10:00+00:00,58.97,59.2,58.93,59.095,44091
2026-06-22T18:15:00+00:00,59.16,59.39,59.155,59.235,40917
2026-06-22T18:20:00+00:00,59.235,59.55,59.235,59.55,32020
2026-06-22T18:25:00+00:00,59.56,59.56,59.16,59.255,52119
2026-06-22T18:30:00+00:00,59.255,59.56,59.255,59.46,49746
2026-06-22T18:35:00+00:00,59.435,59.46,59.25,59.325,31590
2026-06-22T18:40:00+00:00,59.31,59.39,59.08,59.08,35464
2026-06-22T18:45:00+00:00,59.105,59.15,58.87,59.13,24901
2026-06-22T18:50:00+00:00,59.08,59.08,58.91,58.95,29736
2026-06-22T18:55:00+00:00,58.92,58.94,58.36,58.47,44728
2026-06-22T19:00:00+00:00,58.47,58.725,58.39,58.69,26052
2026-06-22T19:05:00+00:00,58.69,58.71,58.4,58.43,19655
2026-06-22T19:10:00+00:00,58.37,58.51,58.28,58.47,32308
2026-06-22T19:15:00+00:00,58.471,58.56,58.391,58.55,24013
2026-06-22T19:20:00+00:00,58.545,58.545,58.38,58.48,24591
2026-06-22T19:25:00+00:00,58.41,58.58,58.4,58.47,54697
2026-06-22T19:30:00+00:00,58.51,58.51,58.25,58.26,47370
2026-06-22T19:35:00+00:00,58.25,58.275,58.02,58.255,42854
2026-06-22T19:40:00+00:00,58.27,58.45,58.23,58.295,70060
2026-06-22T19:45:00+00:00,58.3,58.47,58.29,58.39,34453
2026-06-22T19:50:00+00:00,58.5,58.725,58.44,58.588,88932
2026-06-22T19:55:00+00:00,58.595,58.65,58.28,58.4,185879
2026-06-22T20:00:00+00:00,58.38,58.89,58.129,58.4,248722
2026-06-22T20:05:00+00:00,58.236,58.8,58.012,58.2,13617
2026-06-22T20:10:00+00:00,58.4,58.6,58.01,58.25,1289
2026-06-22T20:15:00+00:00,58.59,58.59,58.2,58.54,1984
2026-06-22T20:20:00+00:00,58.57,58.57,58.2,58.57,433
2026-06-22T20:25:00+00:00,58.24,58.56,58.2,58.36,529
2026-06-22T20:30:00+00:00,58.2,58.56,58.2,58.28,355
2026-06-22T20:35:00+00:00,58.2,58.56,58.2,58.513,1415
2026-06-22T20:40:00+00:00,58.56,58.56,58.202,58.34,1863
2026-06-22T20:45:00+00:00,58.35,58.5,58.34,58.4,241
2026-06-22T20:50:00+00:00,58.36,58.57,58.21,58.21,880
2026-06-22T20:55:00+00:00,58.25,58.4,58.21,58.25,211
2026-06-22T21:00:00+00:00,58.49,58.57,58.2,58.22,1111
2026-06-22T21:05:00+00:00,58.57,58.57,58.23,58.3,125
2026-06-22T21:10:00+00:00,58.3,58.48,58.3,58.4,744
2026-06-22T21:15:00+00:00,58.4,58.47,58.2,58.47,156
2026-06-22T21:20:00+00:00,58.33,58.47,58.2,58.47,320
2026-06-22T21:25:00+00:00,58.31,58.31,58.2,58.28,528
2026-06-22T21:30:00+00:00,58.21,58.374,58.21,58.28,171
2026-06-22T21:35:00+00:00,58.21,58.374,58.2,58.374,276
2026-06-22T21:40:00+00:00,58.4,58.4,58.2,58.4,145
2026-06-22T21:45:00+00:00,58.27,58.4,58.22,58.4,335
2026-06-22T21:50:00+00:00,58.23,58.4,58.227,58.35,383
2026-06-22T21:55:00+00:00,58.35,58.39,58.2,58.225,655
2026-06-22T22:00:00+00:00,58.2,58.4,58.2,58.2,206243
2026-06-22T22:05:00+00:00,58.39,58.4,58.2,58.2,733
2026-06-22T22:10:00+00:00,58.31,58.399,58.2,58.37,544
2026-06-22T22:15:00+00:00,58.37,58.4,58.2,58.214,156
2026-06-22T22:20:00+00:00,58.3,58.35,58.215,58.29,124
2026-06-22T22:25:00+00:00,58.29,58.47,58.21,58.27,81
2026-06-22T22:30:00+00:00,58.21,58.22,58.15,58.21,450
2026-06-22T22:35:00+00:00,58.44,58.44,58.054,58.13,264
2026-06-22T22:40:00+00:00,58.13,58.35,58.13,58.321,350
2026-06-22T22:45:00+00:00,58.32,58.32,58.1,58.15,168
2026-06-22T22:50:00+00:00,58.15,58.4,58.13,58.27,208
2026-06-22T22:55:00+00:00,58.13,58.4,58.13,58.29,49
2026-06-22T23:00:00+00:00,58.349,58.4,58.15,58.24,1138
2026-06-22T23:05:00+00:00,58.24,58.375,58.2,58.2,1316
2026-06-22T23:10:00+00:00,58.27,58.4,58.1,58.12,251
2026-06-22T23:15:00+00:00,58.12,58.4,58.1,58.1,261
2026-06-22T23:20:00+00:00,58.4,58.4,58.1,58.29,167
2026-06-22T23:25:00+00:00,58.21,58.4,58.21,58.29,161
2026-06-22T23:30:00+00:00,58.361,58.4,58.1,58.35,5477
2026-06-22T23:35:00+00:00,58.12,58.4,58.1,58.16,410
2026-06-22T23:40:00+00:00,58.1,58.4,58.1,58.21,592
2026-06-22T23:45:00+00:00,58.1,58.29,58.1,58.24,197
2026-06-22T23:50:00+00:00,58.18,58.24,58.1,58.24,626
2026-06-22T23:55:00+00:00,58.234,58.24,58.11,58.224,697
2026-06-23T08:00:00+00:00,55.17,57.3,55.17,55.73,31067
2026-06-23T08:05:00+00:00,55.69,55.992,55.449,55.798,2237
2026-06-23T08:10:00+00:00,55.73,56.8,55.34,55.67,4679
2026-06-23T08:15:00+00:00,55.51,55.67,55.44,55.56,2677
2026-06-23T08:20:00+00:00,55.47,55.534,55.1,55.3,1398
2026-06-23T08:25:00+00:00,55.3,55.37,55.111,55.25,1651
2026-06-23T08:30:00+00:00,55.11,55.659,55.11,55.261,472
2026-06-23T08:35:00+00:00,55.579,55.583,55.36,55.52,1149
2026-06-23T08:40:00+00:00,55.52,55.69,55.51,55.69,1398
2026-06-23T08:45:00+00:00,55.39,55.654,55.39,55.54,276
2026-06-23T08:50:00+00:00,55.54,55.679,55.25,55.258,1115
2026-06-23T08:55:00+00:00,55.29,55.69,55.257,55.39,733
2026-06-23T09:00:00+00:00,55.69,55.69,55.261,55.679,194
2026-06-23T09:05:00+00:00,55.679,55.679,55.56,55.58,47
2026-06-23T09:10:00+00:00,55.58,55.86,55.4,55.84,759
2026-06-23T09:15:00+00:00,55.8,55.84,55.317,55.7,580
2026-06-23T09:20:00+00:00,55.7,55.85,55.57,55.85,733
2026-06-23T09:25:00+00:00,55.93,55.98,55.83,55.89,465
2026-06-23T09:30:00+00:00,55.7,55.94,55.7,55.81,378
2026-06-23T09:35:00+00:00,55.83,55.955,55.81,55.95,358
2026-06-23T09:40:00+00:00,55.82,55.9,55.69,55.7,763
2026-06-23T09:45:00+00:00,55.697,55.83,55.511,55.511,239
2026-06-23T09:50:00+00:00,55.75,55.77,55.72,55.72,268
2026-06-23T09:55:00+00:00,55.86,55.98,55.66,55.662,990
2026-06-23T10:00:00+00:00,55.66,55.98,55.51,55.72,259
2026-06-23T10:05:00+00:00,55.85,55.9,55.78,55.9,115
2026-06-23T10:10:00+00:00,55.725,55.98,55.72,55.82,187
2026-06-23T10:15:00+00:00,55.82,55.98,55.72,55.98,459
2026-06-23T10:20:00+00:00,55.66,55.75,55.57,55.6,136
2026-06-23T10:25:00+00:00,55.63,55.71,55.521,55.521,774
2026-06-23T10:30:00+00:00,55.52,55.72,55.52,55.54,93
2026-06-23T10:35:00+00:00,55.54,55.58,55.5,55.527,179
2026-06-23T10:40:00+00:00,55.55,55.6,55.47,55.55,635
2026-06-23T10:45:00+00:00,55.56,55.6,55.45,55.45,395
2026-06-23T10:50:00+00:00,55.647,55.769,55.41,55.58,507
2026-06-23T10:55:00+00:00,55.58,55.74,55.477,55.55,514
2026-06-23T11:00:00+00:00,55.72,55.98,55.37,55.45,26156
2026-06-23T11:05:00+00:00,55.4,55.85,55.4,55.675,2042
2026-06-23T11:10:00+00:00,55.67,55.85,55.5,55.68,710
2026-06-23T11:15:00+00:00,55.74,55.85,55.52,55.675,3441
2026-06-23T11:20:00+00:00,55.6,55.98,55.5,55.98,2644
2026-06-23T11:25:00+00:00,55.98,55.98,55.5,55.75,1829
2026-06-23T11:30:00+00:00,55.7,56.01,55.606,55.93,1590
2026-06-23T11:35:00+00:00,56.26,56.27,55.6,56.27,1003
2026-06-23T11:40:00+00:00,56.27,56.27,55.95,55.95,1699
2026-06-23T11:45:00+00:00,56.0,56.48,56.0,56.295,2251
2026-06-23T11:50:00+00:00,56.38,56.48,56.121,56.2,1303
2026-06-23T11:55:00+00:00,56.29,56.48,56.2,56.25,823
2026-06-23T12:00:00+00:00,56.27,56.48,56.2,56.33,1461
2026-06-23T12:05:00+00:00,56.33,56.4,56.17,56.22,1244
2026-06-23T12:10:00+00:00,56.22,56.22,56.0,56.03,3634
2026-06-23T12:15:00+00:00,56.03,56.1,55.8,55.99,2044
2026-06-23T12:20:00+00:00,55.97,56.09,55.611,55.896,1062
2026-06-23T12:25:00+00:00,55.89,56.0,55.6,55.72,3345
2026-06-23T12:30:00+00:00,55.82,58.15,55.7,56.091,38372
2026-06-23T12:35:00+00:00,56.45,56.45,55.79,56.2,5167
2026-06-23T12:40:00+00:00,56.2,56.4,55.8,56.04,7455
2026-06-23T12:45:00+00:00,56.02,56.3,55.79,56.0,7115
2026-06-23T12:50:00+00:00,56.286,56.286,55.7,55.85,3010
2026-06-23T12:55:00+00:00,55.73,55.97,55.6,55.8,1461
2026-06-23T13:00:00+00:00,55.84,55.84,55.25,55.476,22379
2026-06-23T13:05:00+00:00,55.48,55.77,55.3,55.5,2793
2026-06-23T13:10:00+00:00,55.5,55.84,55.4,55.6,3450
2026-06-23T13:15:00+00:00,55.65,55.84,55.33,55.33,5007
2026-06-23T13:20:00+00:00,55.69,55.7,55.3,55.5,2633
2026-06-23T13:25:00+00:00,55.75,56.182,55.44,55.83,4573
2026-06-23T13:30:00+00:00,55.88,56.78,55.39,56.43,157672
2026-06-23T13:35:00+00:00,56.485,57.535,56.4,57.5,154382
2026-06-23T13:40:00+00:00,57.43,58.386,57.39,58.175,173309
2026-06-23T13:45:00+00:00,58.205,58.75,58.0,58.645,131007
2026-06-23T13:50:00+00:00,58.7,59.23,58.64,58.64,107714
2026-06-23T13:55:00+00:00,58.59,59.8,58.57,59.75,120636
2026-06-23T14:00:00+00:00,59.755,60.35,59.44,60.04,166848
2026-06-23T14:05:00+00:00,60.0,60.01,59.4,59.62,83913
2026-06-23T14:10:00+00:00,59.7,60.829,59.57,60.735,131950
2026-06-23T14:15:00+00:00,60.755,61.3,60.57,60.57,165023
2026-06-23T14:20:00+00:00,60.63,60.964,60.37,60.575,86436
2026-06-23T14:25:00+00:00,60.56,60.82,60.295,60.63,87263
2026-06-23T14:30:00+00:00,60.53,60.54,59.79,60.235,57387
2026-06-23T14:35:00+00:00,60.235,61.113,60.12,60.395,102588
2026-06-23T14:40:00+00:00,60.44,60.47,59.617,59.655,79625
2026-06-23T14:45:00+00:00,59.71,59.91,59.295,59.86,82822
2026-06-23T14:50:00+00:00,59.88,60.38,59.39,59.475,43101
2026-06-23T14:55:00+00:00,59.45,59.75,59.29,59.725,59889
2026-06-23T15:00:00+00:00,59.68,60.15,59.68,59.94,54295
2026-06-23T15:05:00+00:00,59.91,59.934,59.44,59.68,35184
2026-06-23T15:10:00+00:00,59.8,59.8,59.5,59.76,36014
2026-06-23T15:15:00+00:00,59.76,59.76,59.15,59.445,53964
2026-06-23T15:20:00+00:00,59.445,59.81,59.343,59.51,37826
2026-06-23T15:25:00+00:00,59.505,59.57,59.28,59.375,32987
2026-06-23T15:30:00+00:00,59.378,59.505,59.19,59.322,52286
2026-06-23T15:35:00+00:00,59.31,59.455,59.06,59.15,57498
2026-06-23T15:40:00+00:00,59.15,59.34,58.9,58.935,58829
2026-06-23T15:45:00+00:00,58.93,59.16,58.59,58.67,101523
2026-06-23T15:50:00+00:00,58.635,59.225,58.58,59.055,93844
2026-06-23T15:55:00+00:00,59.07,59.455,58.975,59.29,26947
2026-06-23T16:00:00+00:00,59.26,59.69,59.19,59.66,38193
2026-06-23T16:05:00+00:00,59.665,59.99,59.665,59.905,32509
2026-06-23T16:10:00+00:00,59.87,60.067,59.785,59.835,38340
2026-06-23T16:15:00+00:00,59.8,59.83,59.225,59.225,35446
2026-06-23T16:20:00+00:00,59.16,59.56,59.0,59.495,39692
2026-06-23T16:25:00+00:00,59.43,59.62,59.28,59.59,30531
2026-06-23T16:30:00+00:00,59.53,59.57,59.36,59.37,49819
2026-06-23T16:35:00+00:00,59.38,59.5,59.13,59.225,40730
2026-06-23T16:40:00+00:00,59.18,59.43,59.05,59.42,32097
2026-06-23T16:45:00+00:00,59.425,59.5,59.002,59.1,30036
2026-06-23T16:50:00+00:00,59.09,59.155,58.97,59.035,19693
2026-06-23T16:55:00+00:00,59.035,59.319,59.0,59.22,37683
2026-06-23T17:00:00+00:00,59.23,59.26,59.01,59.115,25856
2026-06-23T17:05:00+00:00,59.133,59.2,58.96,59.135,51511
2026-06-23T17:10:00+00:00,59.09,59.315,59.085,59.2,25858
2026-06-23T17:15:00+00:00,59.2,59.24,59.03,59.13,24138
2026-06-23T17:20:00+00:00,59.145,59.23,59.04,59.07,15426
2026-06-23T17:25:00+00:00,59.03,59.215,58.91,59.1,14772
2026-06-23T17:30:00+00:00,59.13,59.15,58.95,59.11,15650
2026-06-23T17:35:00+00:00,59.117,59.225,59.042,59.055,12887
2026-06-23T17:40:00+00:00,59.06,59.23,58.96,59.19,25322
2026-06-23T17:45:00+00:00,59.2,59.245,58.9,58.955,19853
2026-06-23T17:50:00+00:00,58.955,58.955,58.555,58.59,52681
2026-06-23T17:55:00+00:00,58.59,58.59,58.23,58.31,60331
2026-06-23T18:00:00+00:00,58.32,58.68,58.281,58.56,32762
2026-06-23T18:05:00+00:00,58.51,58.6,58.27,58.47,35660
2026-06-23T18:10:00+00:00,58.435,58.55,58.37,58.505,23684
2026-06-23T18:15:00+00:00,58.505,58.525,58.25,58.27,38660
2026-06-23T18:20:00+00:00,58.274,58.521,58.17,58.435,39243
2026-06-23T18:25:00+00:00,58.435,58.435,58.245,58.33,21606
2026-06-23T18:30:00+00:00,58.26,58.26,58.13,58.14,16006
2026-06-23T18:35:00+00:00,58.13,58.194,57.971,58.005,50197
2026-06-23T18:40:00+00:00,58.005,58.005,57.66,57.73,37484
2026-06-23T18:45:00+00:00,57.675,57.701,57.445,57.58,38913
2026-06-23T18:50:00+00:00,57.595,57.7,57.43,57.575,62735
2026-06-23T18:55:00+00:00,57.575,57.618,57.455,57.59,26320
2026-06-23T19:00:00+00:00,57.6,57.86,57.5,57.79,42588
2026-06-23T19:05:00+00:00,57.79,58.03,57.53,57.65,48431
2026-06-23T19:10:00+00:00,57.645,57.98,57.61,57.84,30195
2026-06-23T19:15:00+00:00,57.83,57.93,57.61,57.615,32821
2026-06-23T19:20:00+00:00,57.6,57.85,57.46,57.695,38592
2026-06-23T19:25:00+00:00,57.68,57.98,57.64,57.95,24009
2026-06-23T19:30:00+00:00,57.91,57.93,57.6,57.775,28335
2026-06-23T19:35:00+00:00,57.75,57.75,57.52,57.56,43261
2026-06-23T19:40:00+00:00,57.635,57.635,57.31,57.37,41461
2026-06-23T19:45:00+00:00,57.365,57.39,56.9,57.145,100482
2026-06-23T19:50:00+00:00,57.18,57.275,56.95,57.125,86083
2026-06-23T19:55:00+00:00,57.1,57.45,56.95,57.19,206452
2026-06-23T20:00:00+00:00,57.19,57.45,57.1,57.19,190446
2026-06-23T20:05:00+00:00,57.1,57.45,57.1,57.23,21992
2026-06-23T20:10:00+00:00,57.19,58.0,57.19,57.64,28078
2026-06-23T20:15:00+00:00,57.19,57.6,57.19,57.52,1118
2026-06-23T20:20:00+00:00,57.52,57.82,57.45,57.56,311
2026-06-23T20:25:00+00:00,57.82,57.82,57.19,57.79,2545
2026-06-23T20:30:00+00:00,57.8,57.8,57.496,57.615,832
2026-06-23T20:35:00+00:00,57.6,57.78,57.6,57.7,1072
2026-06-23T20:40:00+00:00,57.6,57.67,57.6,57.67,278
2026-06-23T20:45:00+00:00,57.7,57.774,57.57,57.57,874
2026-06-23T20:50:00+00:00,57.57,57.8,57.25,57.8,3035
2026-06-23T20:55:00+00:00,57.8,57.8,57.25,57.8,169
2026-06-23T21:00:00+00:00,57.67,57.7,57.205,57.412,139
2026-06-23T21:05:00+00:00,57.7,57.78,57.19,57.52,266
2026-06-23T21:10:00+00:00,57.67,57.68,57.618,57.62,251
2026-06-23T21:15:00+00:00,57.49,57.49,57.19,57.49,36
2026-06-23T21:20:00+00:00,57.246,57.44,57.196,57.43,159
2026-06-23T21:25:00+00:00,57.42,57.44,57.25,57.43,536
2026-06-23T21:30:00+00:00,57.43,57.44,57.25,57.4,1021
2026-06-23T21:35:00+00:00,57.405,57.44,57.34,57.34,398
2026-06-23T21:40:00+00:00,57.4,57.44,57.342,57.44,600
2026-06-23T21:45:00+00:00,57.44,57.65,57.34,57.65,1057
2026-06-23T21:50:00+00:00,57.65,57.65,57.54,57.55,139
2026-06-23T21:55:00+00:00,57.65,57.65,57.54,57.6,312
2026-06-23T22:00:00+00:00,57.61,57.65,57.54,57.6,1126
2026-06-23T22:05:00+00:00,57.55,57.55,57.44,57.44,666
2026-06-23T22:10:00+00:00,57.45,57.65,57.45,57.611,201
2026-06-23T22:15:00+00:00,57.6,57.65,57.19,57.19,248
2026-06-23T22:20:00+00:00,57.29,57.65,57.1,57.1,3414
2026-06-23T22:25:00+00:00,57.2,57.65,57.2,57.57,183
2026-06-23T22:30:00+00:00,57.1,57.57,57.1,57.2,92
2026-06-23T22:35:00+00:00,57.2,57.25,57.1,57.16,93
2026-06-23T22:40:00+00:00,57.23,57.5,57.113,57.49,596
2026-06-23T22:45:00+00:00,57.49,57.57,57.13,57.57,137
2026-06-23T22:50:00+00:00,57.49,57.51,57.11,57.49,266
2026-06-23T22:55:00+00:00,57.511,57.511,57.17,57.27,357
2026-06-23T23:00:00+00:00,57.27,57.57,57.19,57.2,448
2026-06-23T23:05:00+00:00,57.57,57.57,57.11,57.35,1737
2026-06-23T23:10:00+00:00,57.17,57.35,57.13,57.29,406
2026-06-23T23:15:00+00:00,57.17,57.29,57.13,57.189,124
2026-06-23T23:20:00+00:00,57.19,57.323,57.17,57.323,871
2026-06-23T23:25:00+00:00,57.35,57.35,57.17,57.25,506
2026-06-23T23:30:00+00:00,57.35,57.35,57.202,57.202,263
2026-06-23T23:35:00+00:00,57.199,57.25,57.15,57.158,324
2026-06-23T23:40:00+00:00,57.17,57.5,57.17,57.2,370
2026-06-23T23:45:00+00:00,57.31,57.57,57.31,57.39,313
2026-06-23T23:50:00+00:00,57.39,57.65,57.18,57.52,109
2026-06-23T23:55:00+00:00,57.65,57.65,57.25,57.57,198
2026-06-24T08:00:00+00:00,57.5,58.486,57.42,58.23,6489
2026-06-24T08:05:00+00:00,58.31,58.43,57.53,58.33,1045
2026-06-24T08:10:00+00:00,58.33,58.5,58.305,58.33,348
2026-06-24T08:15:00+00:00,58.5,58.69,58.5,58.51,497
2026-06-24T08:20:00+00:00,58.51,58.69,58.5,58.69,1324
2026-06-24T08:25:00+00:00,58.63,58.63,58.52,58.62,404
2026-06-24T08:30:00+00:00,58.63,58.93,58.613,58.93,3949
2026-06-24T08:35:00+00:00,58.958,58.96,58.452,58.5,371
2026-06-24T08:40:00+00:00,58.76,58.76,58.446,58.446,65
2026-06-24T08:45:00+00:00,58.45,58.93,58.45,58.57,268
2026-06-24T08:50:00+00:00,58.63,58.63,58.596,58.596,55
2026-06-24T08:55:00+00:00,58.5,58.5,58.5,58.5,7
2026-06-24T09:00:00+00:00,58.5,58.583,58.3,58.37,23
2026-06-24T09:05:00+00:00,58.327,58.36,58.0,58.26,1165
2026-06-24T09:10:00+00:00,58.65,58.65,58.098,58.32,113
2026-06-24T09:15:00+00:00,58.598,58.65,58.29,58.65,246
2026-06-24T09:20:00+00:00,58.5,58.5,58.5,58.5,1
2026-06-24T09:25:00+00:00,58.488,58.488,58.29,58.29,8
2026-06-24T09:30:00+00:00,58.022,58.34,58.02,58.34,5
2026-06-24T09:35:00+00:00,58.34,58.49,58.34,58.49,39
2026-06-24T09:40:00+00:00,58.23,58.23,58.21,58.21,10
2026-06-24T09:45:00+00:00,58.21,58.21,58.099,58.16,46
2026-06-24T09:50:00+00:00,58.14,58.38,58.14,58.21,732
2026-06-24T09:55:00+00:00,58.23,58.31,58.22,58.31,36
2026-06-24T10:00:00+00:00,58.639,58.639,58.639,58.639,1
2026-06-24T10:05:00+00:00,58.5,58.588,58.5,58.588,304
2026-06-24T10:10:00+00:00,58.618,58.618,58.4,58.4,36
2026-06-24T10:15:00+00:00,58.39,58.39,58.2,58.212,34
2026-06-24T10:20:00+00:00,58.22,58.22,58.11,58.19,239
2026-06-24T10:25:00+00:00,58.19,58.2,58.19,58.2,3
2026-06-24T10:30:00+00:00,58.2,58.2,58.2,58.2,15
2026-06-24T10:35:00+00:00,58.089,58.45,58.089,58.45,123
2026-06-24T10:40:00+00:00,58.21,58.415,58.08,58.41,81
2026-06-24T10:45:00+00:00,58.41,58.41,58.146,58.146,168
2026-06-24T10:50:00+00:00,58.2,58.2,58.07,58.07,17
2026-06-24T10:55:00+00:00,58.07,58.07,58.07,58.07,0
2026-06-24T11:00:00+00:00,58.23,58.23,58.02,58.07,1267
2026-06-24T11:05:00+00:00,58.18,58.2,57.94,57.995,577
2026-06-24T11:10:00+00:00,58.0,58.0,57.71,58.0,1770
2026-06-24T11:15:00+00:00,57.7,57.725,57.66,57.66,416
2026-06-24T11:20:00+00:00,57.66,57.95,57.66,57.92,352
2026-06-24T11:25:00+00:00,57.71,57.76,57.71,57.71,101
2026-06-24T11:30:00+00:00,57.76,58.0,57.75,57.95,1721
2026-06-24T11:35:00+00:00,57.95,58.0,57.86,57.998,303
2026-06-24T11:40:00+00:00,57.94,58.0,57.86,57.877,201
2026-06-24T11:45:00+00:00,57.99,58.25,57.91,58.17,668
2026-06-24T11:50:00+00:00,58.15,58.28,58.0,58.03,577
2026-06-24T11:55:00+00:00,58.03,58.4,57.89,58.4,1776
2026-06-24T12:00:00+00:00,57.94,58.19,57.93,57.97,386
2026-06-24T12:05:00+00:00,58.04,58.23,57.95,58.0,833
2026-06-24T12:10:00+00:00,57.86,58.3,57.86,58.19,569
2026-06-24T12:15:00+00:00,57.91,58.16,57.9,58.1,650
2026-06-24T12:20:00+00:00,58.09,58.1,57.85,57.994,1361
2026-06-24T12:25:00+00:00,57.8,57.99,57.77,57.9,1156
2026-06-24T12:30:00+00:00,57.89,57.98,57.67,57.67,3981
2026-06-24T12:35:00+00:00,57.79,57.79,57.51,57.68,1648
2026-06-24T12:40:00+00:00,57.68,57.7,57.51,57.61,1582
2026-06-24T12:45:00+00:00,57.6,57.7,57.51,57.55,333
2026-06-24T12:50:00+00:00,57.56,57.7,57.53,57.6,2118
2026-06-24T12:55:00+00:00,57.52,57.6,57.37,57.42,1284
2026-06-24T13:00:00+00:00,57.49,57.63,57.3,57.43,1251
2026-06-24T13:05:00+00:00,57.36,57.4,57.3,57.34,3444
2026-06-24T13:10:00+00:00,57.38,57.38,56.88,56.88,4922
2026-06-24T13:15:00+00:00,56.891,57.3,56.88,57.11,3509
2026-06-24T13:20:00+00:00,57.1,57.3,56.55,56.609,4175
2026-06-24T13:25:00+00:00,56.81,56.94,56.2,56.2,2935
2026-06-24T13:30:00+00:00,56.69,56.69,54.62,56.131,223123
2026-06-24T13:35:00+00:00,56.11,56.47,55.38,55.54,86251
2026-06-24T13:40:00+00:00,55.53,55.74,54.1,54.48,125449
2026-06-24T13:45:00+00:00,54.52,55.09,54.52,54.93,132072
2026-06-24T13:50:00+00:00,54.94,55.4,54.905,55.4,66127
2026-06-24T13:55:00+00:00,55.4,55.4,54.65,55.15,61859
2026-06-24T14:00:00+00:00,55.2,55.2,54.31,54.35,87089
2026-06-24T14:05:00+00:00,54.325,54.85,54.315,54.78,77653
2026-06-24T14:10:00+00:00,54.775,54.9,53.734,54.084,125962
2026-06-24T14:15:00+00:00,54.08,54.18,53.36,53.409,150704
2026-06-24T14:20:00+00:00,53.39,53.985,53.07,53.84,130646
2026-06-24T14:25:00+00:00,53.84,54.49,53.66,54.37,64822
2026-06-24T14:30:00+00:00,54.38,54.85,54.34,54.68,72439
2026-06-24T14:35:00+00:00,54.65,54.8,54.43,54.43,63627
2026-06-24T14:40:00+00:00,54.47,54.585,54.23,54.585,68498
2026-06-24T14:45:00+00:00,54.48,54.82,54.3,54.65,44132
2026-06-24T14:50:00+00:00,54.68,54.955,54.511,54.61,36110
2026-06-24T14:55:00+00:00,54.53,54.93,54.372,54.895,47838
2026-06-24T15:00:00+00:00,54.86,55.01,54.5,54.5,63556
2026-06-24T15:05:00+00:00,54.59,54.66,54.32,54.5,44555
2026-06-24T15:10:00+00:00,54.55,54.68,54.25,54.38,53839
2026-06-24T15:15:00+00:00,54.39,54.71,54.34,54.629,26139
2026-06-24T15:20:00+00:00,54.64,54.739,54.463,54.49,23746
2026-06-24T15:25:00+00:00,54.45,54.83,54.37,54.795,40898
2026-06-24T15:30:00+00:00,54.795,54.88,54.61,54.86,27137
2026-06-24T15:35:00+00:00,54.79,54.99,54.59,54.666,39763
2026-06-24T15:40:00+00:00,54.66,54.719,54.44,54.575,30172
2026-06-24T15:45:00+00:00,54.575,54.765,54.4,54.69,53479
2026-06-24T15:50:00+00:00,54.79,54.99,54.77,54.82,33411
2026-06-24T15:55:00+00:00,54.815,54.86,54.6,54.644,27375
2026-06-24T16:00:00+00:00,54.58,54.745,54.495,54.5,28825
2026-06-24T16:05:00+00:00,54.515,54.6,54.32,54.33,37290
2026-06-24T16:10:00+00:00,54.36,54.719,54.32,54.62,23283
2026-06-24T16:15:00+00:00,54.655,54.69,54.47,54.59,22456
2026-06-24T16:20:00+00:00,54.64,54.88,54.56,54.83,22709
2026-06-24T16:25:00+00:00,54.885,54.885,54.555,54.66,31554
2026-06-24T16:30:00+00:00,54.55,54.6,54.39,54.469,33637
2026-06-24T16:35:00+00:00,54.475,54.575,54.17,54.21,29437
2026-06-24T16:40:00+00:00,54.19,54.56,54.13,54.53,45894
2026-06-24T16:45:00+00:00,54.515,54.515,54.35,54.35,42420
2026-06-24T16:50:00+00:00,54.39,54.48,54.25,54.28,30184
2026-06-24T16:55:00+00:00,54.26,54.405,54.14,54.265,42236
2026-06-24T17:00:00+00:00,54.24,54.54,54.212,54.446,23551
2026-06-24T17:05:00+00:00,54.42,54.45,53.98,54.12,59505
2026-06-24T17:10:00+00:00,54.12,54.26,54.088,54.26,35897
2026-06-24T17:15:00+00:00,54.22,54.34,53.93,53.97,43025
2026-06-24T17:20:00+00:00,53.985,53.985,53.75,53.885,54564
2026-06-24T17:25:00+00:00,53.82,53.97,53.74,53.84,65606
2026-06-24T17:30:00+00:00,53.82,53.885,53.61,53.74,67200
2026-06-24T17:35:00+00:00,53.79,53.909,53.46,53.745,79212
2026-06-24T17:40:00+00:00,53.72,53.745,53.385,53.46,48392
2026-06-24T17:45:00+00:00,53.49,53.62,53.35,53.58,45552
2026-06-24T17:50:00+00:00,53.548,53.629,53.41,53.545,27807
2026-06-24T17:55:00+00:00,53.58,53.77,53.4,53.5,45369
2026-06-24T18:00:00+00:00,53.53,53.72,53.465,53.66,49229
2026-06-24T18:05:00+00:00,53.64,53.97,53.62,53.964,32989
2026-06-24T18:10:00+00:00,53.94,54.03,53.89,54.0,34176
2026-06-24T18:15:00+00:00,54.09,54.6,54.09,54.505,46362
2026-06-24T18:20:00+00:00,54.54,54.65,54.48,54.64,45798
2026-06-24T18:25:00+00:00,54.665,54.82,54.62,54.665,25247
2026-06-24T18:30:00+00:00,54.68,54.695,54.455,54.525,38207
2026-06-24T18:35:00+00:00,54.525,54.56,54.272,54.339,32714
2026-06-24T18:40:00+00:00,54.34,54.36,54.1,54.23,25396
2026-06-24T18:45:00+00:00,54.2,54.2,53.77,53.805,42106
2026-06-24T18:50:00+00:00,53.83,54.03,53.73,53.95,55806
2026-06-24T18:55:00+00:00,53.965,54.04,53.6,53.63,47233
2026-06-24T19:00:00+00:00,53.645,53.76,53.345,53.695,44813
2026-06-24T19:05:00+00:00,53.7,53.7,53.25,53.47,63957
2026-06-24T19:10:00+00:00,53.455,53.455,52.87,53.135,125896
2026-06-24T19:15:00+00:00,53.135,53.26,53.01,53.19,125287
2026-06-24T19:20:00+00:00,53.185,53.4,52.96,53.395,88834
2026-06-24T19:25:00+00:00,53.45,53.509,53.25,53.43,58417
2026-06-24T19:30:00+00:00,53.41,53.555,53.34,53.435,49153
2026-06-24T19:35:00+00:00,53.47,53.595,53.3,53.41,65809
2026-06-24T19:40:00+00:00,53.42,53.59,53.27,53.45,86457
2026-06-24T19:45:00+00:00,53.475,53.85,53.44,53.85,60122
2026-06-24T19:50:00+00:00,53.83,54.095,53.81,54.04,82204
2026-06-24T19:55:00+00:00,54.04,54.225,53.72,54.06,230022
2026-06-24T20:00:00+00:00,54.06,54.47,53.5,54.44,312090
2026-06-24T20:05:00+00:00,54.44,54.7,53.71,54.65,16385
2026-06-24T20:10:00+00:00,54.06,54.7,54.06,54.35,7608
2026-06-24T20:15:00+00:00,54.45,54.72,54.39,54.7,3122
2026-06-24T20:20:00+00:00,54.7,54.99,54.55,54.968,5374
2026-06-24T20:25:00+00:00,54.99,55.12,54.69,54.84,5713
2026-06-24T20:30:00+00:00,54.84,54.9,54.55,54.75,997
2026-06-24T20:35:00+00:00,54.7,54.87,54.56,54.744,1052
2026-06-24T20:40:00+00:00,54.85,54.99,54.63,54.852,2378
2026-06-24T20:45:00+00:00,54.99,55.12,54.86,54.99,2148
2026-06-24T20:50:00+00:00,55.12,55.12,54.82,54.84,2184
2026-06-24T20:55:00+00:00,54.99,55.09,54.84,54.84,1465
2026-06-24T21:00:00+00:00,55.09,55.2,54.826,54.88,1476
2026-06-24T21:05:00+00:00,55.109,55.12,54.9,54.95,1749
2026-06-24T21:10:00+00:00,54.95,55.11,54.66,54.83,1495
2026-06-24T21:15:00+00:00,54.84,54.991,54.83,54.9,347
2026-06-24T21:20:00+00:00,54.898,54.95,54.82,54.82,530
2026-06-24T21:25:00+00:00,54.76,54.98,54.66,54.98,1431
2026-06-24T21:30:00+00:00,54.98,54.98,54.66,54.66,349
2026-06-24T21:35:00+00:00,54.9,55.0,54.89,55.0,4104
2026-06-24T21:40:00+00:00,54.992,55.0,54.8,54.93,724
2026-06-24T21:45:00+00:00,55.0,55.0,54.8,54.9,1772
2026-06-24T21:50:00+00:00,54.94,54.95,54.8,54.94,428
2026-06-24T21:55:00+00:00,54.939,54.99,54.85,54.97,840
2026-06-24T22:00:00+00:00,54.85,55.08,54.85,55.08,2038
2026-06-24T22:05:00+00:00,55.08,55.11,54.872,54.884,975
2026-06-24T22:10:00+00:00,54.92,55.1,54.92,54.95,384
2026-06-24T22:15:00+00:00,54.95,55.05,54.85,54.85,1670
2026-06-24T22:20:00+00:00,54.85,55.05,54.85,54.873,1137
2026-06-24T22:25:00+00:00,54.87,55.05,54.87,54.999,451
2026-06-24T22:30:00+00:00,54.999,55.05,54.85,55.03,1169
2026-06-24T22:35:00+00:00,54.86,55.05,54.85,54.97,781
2026-06-24T22:40:00+00:00,54.97,55.0,54.85,54.87,947
2026-06-24T22:45:00+00:00,54.97,54.97,54.85,54.947,1583
2026-06-24T22:50:00+00:00,54.86,54.98,54.86,54.899,1730
2026-06-24T22:55:00+00:00,54.881,54.98,54.88,54.98,278
2026-06-24T23:00:00+00:00,54.901,54.98,54.9,54.98,417
2026-06-24T23:05:00+00:00,54.974,55.05,54.9,55.05,629
2026-06-24T23:10:00+00:00,55.05,55.11,55.0,55.002,4908
2026-06-24T23:15:00+00:00,55.07,55.07,55.0,55.07,1121
2026-06-24T23:20:00+00:00,55.069,55.3,55.0,55.29,893
2026-06-24T23:25:00+00:00,55.46,55.46,55.11,55.31,1094
2026-06-24T23:30:00+00:00,55.31,55.32,55.06,55.3,1007
2026-06-24T23:35:00+00:00,55.1,55.27,55.06,55.249,1580
2026-06-24T23:40:00+00:00,55.225,55.25,55.06,55.189,684
2026-06-24T23:45:00+00:00,55.189,55.25,55.06,55.25,3930
2026-06-24T23:50:00+00:00,55.15,55.35,55.15,55.2,470
2026-06-24T23:55:00+00:00,55.34,55.34,55.23,55.23,1434
2026-06-25T08:00:00+00:00,55.2,55.7,55.03,55.69,3396
2026-06-25T08:05:00+00:00,55.68,55.68,55.06,55.49,1209
2026-06-25T08:10:00+00:00,55.51,55.52,55.25,55.25,763
2026-06-25T08:15:00+00:00,55.261,55.513,55.261,55.37,86
2026-06-25T08:20:00+00:00,55.35,55.35,55.261,55.3,36
2026-06-25T08:25:00+00:00,55.33,55.339,55.33,55.33,6
2026-06-25T08:30:00+00:00,55.51,55.51,55.339,55.339,6
2026-06-25T08:35:00+00:00,55.5,55.5,55.38,55.38,44
2026-06-25T08:40:00+00:00,55.39,55.5,55.339,55.339,38
2026-06-25T08:45:00+00:00,55.34,55.4,55.256,55.358,238
2026-06-25T08:50:00+00:00,55.27,55.492,55.227,55.492,10
2026-06-25T08:55:00+00:00,55.25,55.489,55.21,55.24,659
2026-06-25T09:00:00+00:00,55.24,55.492,55.216,55.34,209
2026-06-25T09:05:00+00:00,55.208,55.419,55.208,55.21,123
2026-06-25T09:10:00+00:00,55.21,55.43,55.181,55.181,808
2026-06-25T09:15:00+00:00,55.5,55.5,55.41,55.41,106
2026-06-25T09:20:00+00:00,55.181,55.219,55.181,55.219,6
2026-06-25T09:25:00+00:00,55.219,55.379,55.219,55.23,207
2026-06-25T09:30:00+00:00,55.23,55.401,55.211,55.399,243
2026-06-25T09:35:00+00:00,55.4,55.49,55.39,55.489,690
2026-06-25T09:40:00+00:00,55.43,55.45,55.42,55.45,183
2026-06-25T09:45:00+00:00,55.495,55.5,55.494,55.494,202
2026-06-25T09:50:00+00:00,55.29,55.6,55.29,55.6,593
2026-06-25T09:55:00+00:00,55.52,55.53,55.52,55.52,3
2026-06-25T10:00:00+00:00,55.492,55.64,55.35,55.63,8135
2026-06-25T10:05:00+00:00,55.61,55.64,55.61,55.64,559
2026-06-25T10:10:00+00:00,55.64,55.89,55.64,55.749,435
2026-06-25T10:15:00+00:00,55.879,55.879,55.74,55.78,497
2026-06-25T10:20:00+00:00,55.77,55.785,55.69,55.78,104
2026-06-25T10:25:00+00:00,55.78,55.78,55.55,55.69,329
2026-06-25T10:30:00+00:00,55.77,55.77,55.61,55.63,447
2026-06-25T10:35:00+00:00,55.66,55.7,55.64,55.66,296
2026-06-25T10:40:00+00:00,55.658,55.658,55.6,55.65,127
2026-06-25T10:45:00+00:00,55.65,55.7,55.51,55.64,418
2026-06-25T10:50:00+00:00,55.61,55.69,55.59,55.69,904
2026-06-25T10:55:00+00:00,55.67,55.67,55.53,55.53,293
2026-06-25T11:00:00+00:00,55.65,55.746,55.52,55.547,907
2026-06-25T11:05:00+00:00,55.59,55.7,55.25,55.25,8213
2026-06-25T11:10:00+00:00,55.3,55.47,55.26,55.4,910
2026-06-25T11:15:00+00:00,55.3,55.4,55.25,55.27,463
2026-06-25T11:20:00+00:00,55.25,55.29,54.8,54.99,1998
2026-06-25T11:25:00+00:00,54.9,55.14,54.9,55.14,2268
2026-06-25T11:30:00+00:00,55.14,55.26,55.0,55.26,185
2026-06-25T11:35:00+00:00,55.24,55.24,55.11,55.24,409
2026-06-25T11:40:00+00:00,55.24,55.4,55.009,55.23,111
2026-06-25T11:45:00+00:00,55.25,55.389,55.01,55.38,164
2026-06-25T11:50:00+00:00,55.332,55.332,55.105,55.2,1525
2026-06-25T11:55:00+00:00,55.23,55.4,55.14,55.14,1515
2026-06-25T12:00:00+00:00,55.22,55.36,55.13,55.36,861
2026-06-25T12:05:00+00:00,55.3,55.4,55.14,55.37,534
2026-06-25T12:10:00+00:00,55.4,55.4,55.15,55.15,1875
2026-06-25T12:15:00+00:00,55.15,55.37,55.15,55.225,468
2026-06-25T12:20:00+00:00,55.16,55.28,55.02,55.269,254
2026-06-25T12:25:00+00:00,55.28,55.28,55.01,55.03,461
2026-06-25T12:30:00+00:00,55.28,55.53,55.27,55.47,8608
2026-06-25T12:35:00+00:00,55.47,55.49,55.1,55.15,984
2026-06-25T12:40:00+00:00,55.15,55.25,54.98,54.98,4520
2026-06-25T12:45:00+00:00,54.95,55.239,54.9,55.07,1285
2026-06-25T12:50:00+00:00,55.1,55.25,55.0,55.0,1044
2026-06-25T12:55:00+00:00,55.05,55.11,54.6,54.782,6559
2026-06-25T13:00:00+00:00,54.78,54.9,54.75,54.78,1660
2026-06-25T13:05:00+00:00,54.72,54.87,54.3,54.65,5850
2026-06-25T13:10:00+00:00,54.7,54.73,54.54,54.73,7065
2026-06-25T13:15:00+00:00,54.58,54.8,54.58,54.8,2187
2026-06-25T13:20:00+00:00,54.8,54.8,54.5,54.8,940
2026-06-25T13:25:00+00:00,54.89,55.38,54.6,55.31,3150
2026-06-25T13:30:00+00:00,55.56,55.8,53.66,53.885,110345
2026-06-25T13:35:00+00:00,54.0,55.17,53.87,54.025,111812
2026-06-25T13:40:00+00:00,54.0,54.0,53.07,53.22,92022
2026-06-25T13:45:00+00:00,53.235,53.52,52.53,53.08,112450
2026-06-25T13:50:00+00:00,53.034,53.48,51.91,52.045,131794
2026-06-25T13:55:00+00:00,52.045,52.11,51.52,51.595,129259
2026-06-25T14:00:00+00:00,51.655,52.69,51.655,52.4,90524
2026-06-25T14:05:00+00:00,52.517,53.02,52.41,52.9,73546
2026-06-25T14:10:00+00:00,52.98,53.33,52.28,52.29,85493
2026-06-25T14:15:00+00:00,52.415,52.6,51.97,52.55,79093
2026-06-25T14:20:00+00:00,52.6,52.915,52.33,52.485,53293
2026-06-25T14:25:00+00:00,52.55,52.96,52.45,52.85,58529
2026-06-25T14:30:00+00:00,52.85,53.46,52.795,53.15,67367
2026-06-25T14:35:00+00:00,53.165,53.272,52.89,53.16,57088
2026-06-25T14:40:00+00:00,53.15,53.18,52.73,52.835,71029
2026-06-25T14:45:00+00:00,52.81,52.83,52.45,52.75,37513
2026-06-25T14:50:00+00:00,52.8,53.34,52.705,53.315,70483
2026-06-25T14:55:00+00:00,53.24,53.3,52.73,52.85,85946
2026-06-25T15:00:00+00:00,52.815,52.87,52.5,52.74,58334
2026-06-25T15:05:00+00:00,52.78,52.81,52.155,52.26,47898
2026-06-25T15:10:00+00:00,52.29,52.34,51.925,52.04,64819
2026-06-25T15:15:00+00:00,52.02,52.29,51.817,52.21,66562
2026-06-25T15:20:00+00:00,52.2,52.43,52.06,52.32,60408
2026-06-25T15:25:00+00:00,52.235,52.3,52.09,52.13,49588
2026-06-25T15:30:00+00:00,52.24,52.4,52.16,52.16,39251
2026-06-25T15:35:00+00:00,52.239,52.28,51.99,52.0,50509
2026-06-25T15:40:00+00:00,52.02,52.099,51.88,52.075,41022
2026-06-25T15:45:00+00:00,52.075,52.28,51.73,51.76,38868
2026-06-25T15:50:00+00:00,51.79,52.02,51.745,52.02,33413
2026-06-25T15:55:00+00:00,52.0,52.115,51.8,51.8,47400
2026-06-25T16:00:00+00:00,51.825,51.88,51.6,51.775,88603
2026-06-25T16:05:00+00:00,51.775,52.093,51.775,52.093,28395
2026-06-25T16:10:00+00:00,52.08,52.42,52.08,52.3,33989
2026-06-25T16:15:00+00:00,52.35,52.5,52.26,52.46,25620
2026-06-25T16:20:00+00:00,52.49,52.59,52.275,52.47,35085
2026-06-25T16:25:00+00:00,52.413,52.47,52.26,52.38,39803
2026-06-25T16:30:00+00:00,52.38,52.38,52.03,52.09,27190
2026-06-25T16:35:00+00:00,52.07,52.07,51.8,51.8,63478
2026-06-25T16:40:00+00:00,51.84,51.84,51.58,51.6,44887
2026-06-25T16:45:00+00:00,51.615,51.889,51.41,51.85,46975
2026-06-25T16:50:00+00:00,51.885,51.96,51.79,51.86,23297
2026-06-25T16:55:00+00:00,51.9,51.95,51.74,51.9,19097
2026-06-25T17:00:00+00:00,51.97,52.04,51.845,51.96,28947
2026-06-25T17:05:00+00:00,51.885,51.89,51.62,51.71,30182
2026-06-25T17:10:00+00:00,51.81,51.989,51.761,51.88,22698
2026-06-25T17:15:00+00:00,51.925,52.085,51.75,51.75,40902
2026-06-25T17:20:00+00:00,51.73,51.855,51.66,51.8,25382
2026-06-25T17:25:00+00:00,51.8,52.01,51.77,51.82,37703
2026-06-25T17:30:00+00:00,51.825,51.86,51.65,51.79,26989
2026-06-25T17:35:00+00:00,51.77,52.04,51.77,51.96,28373
2026-06-25T17:40:00+00:00,51.99,52.07,51.85,51.88,23125
2026-06-25T17:45:00+00:00,51.81,51.81,51.5,51.62,41446
2026-06-25T17:50:00+00:00,51.655,51.765,51.545,51.74,33013
2026-06-25T17:55:00+00:00,51.72,51.875,51.67,51.805,45586
2026-06-25T18:00:00+00:00,51.805,51.84,51.371,51.515,43353
2026-06-25T18:05:00+00:00,51.54,51.615,51.41,51.59,30256
2026-06-25T18:10:00+00:00,51.585,51.64,51.4,51.485,34203
2026-06-25T18:15:00+00:00,51.445,51.66,51.4,51.54,32905
2026-06-25T18:20:00+00:00,51.54,51.62,51.43,51.525,33838
2026-06-25T18:25:00+00:00,51.55,51.87,51.53,51.8,29563
2026-06-25T18:30:00+00:00,51.765,51.845,51.455,51.47,57238
2026-06-25T18:35:00+00:00,51.36,51.526,51.25,51.49,51116
2026-06-25T18:40:00+00:00,51.47,51.64,51.37,51.565,25772
2026-06-25T18:45:00+00:00,51.56,51.58,51.38,51.53,32458
2026-06-25T18:50:00+00:00,51.54,51.68,51.43,51.539,62881
2026-06-25T18:55:00+00:00,51.54,51.646,51.29,51.37,34927
2026-06-25T19:00:00+00:00,51.37,51.43,51.145,51.24,141834
2026-06-25T19:05:00+00:00,51.255,51.27,51.12,51.165,42651
2026-06-25T19:10:00+00:00,51.15,51.24,50.98,51.22,73236
2026-06-25T19:15:00+00:00,51.19,51.249,50.95,50.98,50781
2026-06-25T19:20:00+00:00,50.975,51.13,50.9,51.01,50354
2026-06-25T19:25:00+00:00,51.03,51.11,50.92,51.02,50921
2026-06-25T19:30:00+00:00,51.0,51.0,50.43,50.625,188592
2026-06-25T19:35:00+00:00,50.6,50.645,50.45,50.57,107393
2026-06-25T19:40:00+00:00,50.6,50.84,50.58,50.64,73782
2026-06-25T19:45:00+00:00,50.61,50.794,50.51,50.74,69058
2026-06-25T19:50:00+00:00,50.74,50.855,50.57,50.745,106075
2026-06-25T19:55:00+00:00,50.75,51.03,50.64,51.01,215676
2026-06-25T20:00:00+00:00,51.2,51.47,50.75,51.35,299974
2026-06-25T20:05:00+00:00,51.31,51.68,50.75,51.409,57057
2026-06-25T20:10:00+00:00,51.01,51.6,51.01,51.6,7420
2026-06-25T20:15:00+00:00,51.6,51.6,51.476,51.59,373
2026-06-25T20:20:00+00:00,51.516,51.59,51.4,51.59,1105
2026-06-25T20:25:00+00:00,51.59,51.59,51.47,51.512,3937
2026-06-25T20:30:00+00:00,51.52,51.6,51.47,51.47,1945
2026-06-25T20:35:00+00:00,51.6,51.6,51.452,51.48,813
2026-06-25T20:40:00+00:00,51.48,51.6,51.4,51.4,542
2026-06-25T20:45:00+00:00,51.47,51.47,51.4,51.47,415
2026-06-25T20:50:00+00:00,51.46,51.484,51.429,51.484,311
2026-06-25T20:55:00+00:00,51.4,51.55,51.4,51.402,131
2026-06-25T21:00:00+00:00,51.5,51.5,51.4,51.47,258
2026-06-25T21:05:00+00:00,51.478,51.49,51.391,51.391,146
2026-06-25T21:10:00+00:00,51.46,51.55,51.38,51.464,251
2026-06-25T21:15:00+00:00,51.54,51.54,51.35,51.41,437
2026-06-25T21:20:00+00:00,51.376,51.55,51.376,51.5,94
2026-06-25T21:25:00+00:00,51.5,51.5,51.4,51.5,137
2026-06-25T21:30:00+00:00,51.4,51.54,51.4,51.5,249
2026-06-25T21:35:00+00:00,51.522,51.54,51.4,51.484,424
2026-06-25T21:40:00+00:00,51.49,51.49,51.47,51.478,177
2026-06-25T21:45:00+00:00,51.42,51.5,51.4,51.45,43407
2026-06-25T21:50:00+00:00,51.4,51.4,51.3,51.3,474
2026-06-25T21:55:00+00:00,51.39,51.44,51.32,51.351,656
2026-06-25T22:00:00+00:00,51.35,51.39,51.35,51.374,1209
2026-06-25T22:05:00+00:00,51.37,51.39,51.24,51.339,409
2026-06-25T22:10:00+00:00,51.32,51.35,51.2,51.2,476
2026-06-25T22:15:00+00:00,51.35,51.35,51.11,51.2,1398
2026-06-25T22:20:00+00:00,51.135,51.197,51.1,51.13,9061
2026-06-25T22:25:00+00:00,51.143,51.143,51.03,51.03,337
2026-06-25T22:30:00+00:00,51.06,51.15,51.0,51.05,1364
2026-06-25T22:35:00+00:00,51.05,51.15,51.0,51.15,425
2026-06-25T22:40:00+00:00,51.149,51.38,51.0,51.08,291
2026-06-25T22:45:00+00:00,51.39,51.39,51.0,51.15,337
2026-06-25T22:50:00+00:00,51.16,51.39,51.087,51.087,201
2026-06-25T22:55:00+00:00,51.198,51.33,51.1,51.33,184
2026-06-25T23:00:00+00:00,51.17,51.39,51.17,51.17,169
2026-06-25T23:05:00+00:00,51.3,51.3,51.16,51.16,231
2026-06-25T23:10:00+00:00,51.16,51.38,51.16,51.3,378
2026-06-25T23:15:00+00:00,51.3,51.373,51.3,51.373,56
2026-06-25T23:20:00+00:00,51.39,51.5,51.38,51.5,220
2026-06-25T23:25:00+00:00,51.5,51.5,51.4,51.5,167
2026-06-25T23:30:00+00:00,51.5,51.5,51.402,51.49,1153
2026-06-25T23:35:00+00:00,51.487,51.487,51.47,51.47,80
2026-06-25T23:40:00+00:00,51.401,51.5,51.4,51.43,1133
2026-06-25T23:45:00+00:00,51.5,51.5,51.3,51.5,965
2026-06-25T23:50:00+00:00,51.38,51.5,51.3,51.349,323
2026-06-25T23:55:00+00:00,51.287,51.35,51.23,51.3,899
2026-06-26T08:00:00+00:00,50.002,51.34,49.64,50.554,8898
2026-06-26T08:05:00+00:00,50.4,50.42,50.2,50.2,809
2026-06-26T08:10:00+00:00,50.6,50.74,49.72,50.24,705
2026-06-26T08:15:00+00:00,50.3,50.38,50.23,50.38,242
2026-06-26T08:20:00+00:00,50.2,50.3,50.2,50.22,208
2026-06-26T08:25:00+00:00,50.015,50.5,50.015,50.14,124
2026-06-26T08:30:00+00:00,50.39,50.39,50.2,50.2,284
2026-06-26T08:35:00+00:00,50.01,50.491,50.01,50.3,252
2026-06-26T08:40:00+00:00,50.3,50.39,50.3,50.39,180
2026-06-26T08:45:00+00:00,50.45,50.45,50.45,50.45,10
2026-06-26T08:50:00+00:00,50.31,50.31,50.141,50.15,594
2026-06-26T08:55:00+00:00,50.15,50.28,50.1,50.28,273
2026-06-26T09:00:00+00:00,50.28,50.28,50.01,50.18,39
2026-06-26T09:05:00+00:00,50.18,50.19,50.12,50.12,122
2026-06-26T09:10:00+00:00,50.12,50.12,50.0,50.117,61
2026-06-26T09:15:00+00:00,50.23,50.26,50.12,50.12,59
2026-06-26T09:20:00+00:00,50.12,50.5,50.0,50.5,785
2026-06-26T09:25:00+00:00,50.44,50.44,50.44,50.44,1
2026-06-26T09:30:00+00:00,50.44,50.44,50.12,50.204,245
2026-06-26T09:35:00+00:00,50.2,50.394,50.2,50.35,36
2026-06-26T09:40:00+00:00,50.3,50.4,50.3,50.35,35
2026-06-26T09:45:00+00:00,50.35,50.39,50.15,50.38,192
2026-06-26T09:50:00+00:00,50.39,50.4,50.2,50.392,407
2026-06-26T09:55:00+00:00,50.39,50.39,50.199,50.199,28
2026-06-26T10:00:00+00:00,50.15,50.18,50.1,50.17,237
2026-06-26T10:05:00+00:00,50.18,50.39,50.17,50.39,1265
2026-06-26T10:10:00+00:00,50.39,50.39,50.1,50.17,210
2026-06-26T10:15:00+00:00,50.17,50.29,50.1,50.29,230
2026-06-26T10:20:00+00:00,50.1,50.14,50.01,50.14,721
2026-06-26T10:25:00+00:00,50.08,50.11,50.06,50.11,84
2026-06-26T10:30:00+00:00,50.095,50.11,50.077,50.077,180
2026-06-26T10:35:00+00:00,50.07,50.34,50.07,50.07,69
2026-06-26T10:40:00+00:00,50.07,50.07,50.07,50.07,21
2026-06-26T10:45:00+00:00,50.03,50.17,50.02,50.17,570
2026-06-26T10:50:00+00:00,50.02,50.02,50.02,50.02,50
2026-06-26T10:55:00+00:00,50.03,50.03,50.02,50.024,229
2026-06-26T11:00:00+00:00,50.03,50.34,50.02,50.3,1679
2026-06-26T11:05:00+00:00,50.164,50.34,50.12,50.18,192
2026-06-26T11:10:00+00:00,50.17,50.33,50.09,50.32,247
2026-06-26T11:15:00+00:00,50.32,50.34,50.09,50.102,384
2026-06-26T11:20:00+00:00,50.14,50.25,49.9,50.25,3570
2026-06-26T11:25:00+00:00,50.25,50.25,49.96,49.98,1527
2026-06-26T11:30:00+00:00,49.96,50.11,49.96,50.0,1444
2026-06-26T11:35:00+00:00,50.07,50.11,50.0,50.08,1320
2026-06-26T11:40:00+00:00,50.06,50.1,49.99,50.03,753
2026-06-26T11:45:00+00:00,50.098,50.1,49.97,49.97,1001
2026-06-26T11:50:00+00:00,49.976,50.1,49.808,49.82,1444
2026-06-26T11:55:00+00:00,49.826,50.0,49.8,49.8,1723
2026-06-26T12:00:00+00:00,49.975,50.1,49.84,50.1,5700
2026-06-26T12:05:00+00:00,50.15,50.25,49.84,50.2,922
2026-06-26T12:10:00+00:00,50.14,50.25,49.84,50.23,956
2026-06-26T12:15:00+00:00,50.23,50.247,50.0,50.068,236
2026-06-26T12:20:00+00:00,50.2,50.23,50.0,50.2,595
2026-06-26T12:25:00+00:00,50.22,50.23,50.04,50.04,1072
2026-06-26T12:30:00+00:00,50.27,50.32,50.03,50.06,636
2026-06-26T12:35:00+00:00,50.06,50.2,49.8,50.0,2722
2026-06-26T12:40:00+00:00,49.93,50.0,49.76,49.79,1598
2026-06-26T12:45:00+00:00,49.96,50.0,49.72,49.76,3476
2026-06-26T12:50:00+00:00,49.7,50.0,49.68,49.86,1530
2026-06-26T12:55:00+00:00,50.0,50.0,49.68,49.79,2220
2026-06-26T13:00:00+00:00,49.84,49.9,49.53,49.55,4725
2026-06-26T13:05:00+00:00,49.6,50.0,49.37,49.395,4201
2026-06-26T13:10:00+00:00,49.49,49.96,49.4,49.54,4876
2026-06-26T13:15:00+00:00,49.54,49.96,49.49,49.53,4280
2026-06-26T13:20:00+00:00,49.4,49.96,49.4,49.619,2298
2026-06-26T13:25:00+00:00,49.59,49.85,49.56,49.85,2083
2026-06-26T13:30:00+00:00,50.0,50.399,49.564,50.0,134050
2026-06-26T13:35:00+00:00,49.87,50.47,49.817,50.33,69911
2026-06-26T13:40:00+00:00,50.19,50.88,50.185,50.68,109394
2026-06-26T13:45:00+00:00,50.67,50.801,50.17,50.46,75505
2026-06-26T13:50:00+00:00,50.46,50.513,49.908,50.15,49573
2026-06-26T13:55:00+00:00,50.27,51.0,50.13,50.87,94273
2026-06-26T14:00:00+00:00,50.84,51.329,50.7,50.96,81905
2026-06-26T14:05:00+00:00,50.95,50.95,50.59,50.65,53155
2026-06-26T14:10:00+00:00,50.65,51.0,50.35,50.78,71916
2026-06-26T14:15:00+00:00,50.798,50.855,50.33,50.33,39582
2026-06-26T14:20:00+00:00,50.369,50.8,50.33,50.71,46968
2026-06-26T14:25:00+00:00,50.68,50.82,50.49,50.585,31581
2026-06-26T14:30:00+00:00,50.46,50.69,50.28,50.545,50101
2026-06-26T14:35:00+00:00,50.52,50.64,50.095,50.189,65769
2026-06-26T14:40:00+00:00,50.21,50.38,50.045,50.13,53854
2026-06-26T14:45:00+00:00,50.093,50.37,50.05,50.25,73810
2026-06-26T14:50:00+00:00,50.26,50.285,50.01,50.135,28789
2026-06-26T14:55:00+00:00,50.14,50.295,49.88,50.204,44655
2026-06-26T15:00:00+00:00,50.21,50.32,50.11,50.18,28791
2026-06-26T15:05:00+00:00,50.21,50.3,50.055,50.24,32277
2026-06-26T15:10:00+00:00,50.25,50.265,49.98,50.13,34298
2026-06-26T15:15:00+00:00,50.11,50.19,49.99,50.115,32490
2026-06-26T15:20:00+00:00,50.23,50.26,50.1,50.23,24673
2026-06-26T15:25:00+00:00,50.203,50.41,50.17,50.41,33828
2026-06-26T15:30:00+00:00,50.41,50.62,50.34,50.445,54888
2026-06-26T15:35:00+00:00,50.47,50.71,50.43,50.7,59798
2026-06-26T15:40:00+00:00,50.68,51.02,50.605,50.98,70172
2026-06-26T15:45:00+00:00,51.0,51.01,50.67,50.825,71738
2026-06-26T15:50:00+00:00,50.825,51.09,50.66,50.775,50035
2026-06-26T15:55:00+00:00,50.74,51.1,50.675,50.9,43940
2026-06-26T16:00:00+00:00,50.92,50.975,50.7,50.79,37202
2026-06-26T16:05:00+00:00,50.75,50.8,50.52,50.555,30526
2026-06-26T16:10:00+00:00,50.555,50.62,50.48,50.52,28264
2026-06-26T16:15:00+00:00,50.52,50.65,50.44,50.625,36971
2026-06-26T16:20:00+00:00,50.625,50.625,50.37,50.53,41536
2026-06-26T16:25:00+00:00,50.5,50.6,50.3,50.34,43406
2026-06-26T16:30:00+00:00,50.4,50.67,50.37,50.67,26942
2026-06-26T16:35:00+00:00,50.69,50.7,50.57,50.64,34853
2026-06-26T16:40:00+00:00,50.646,50.67,50.37,50.37,26509
2026-06-26T16:45:00+00:00,50.355,50.4,50.3,50.325,35183
2026-06-26T16:50:00+00:00,50.325,50.47,50.325,50.36,28359
2026-06-26T16:55:00+00:00,50.3,50.36,50.24,50.334,25940
2026-06-26T17:00:00+00:00,50.35,50.65,50.32,50.59,26206
2026-06-26T17:05:00+00:00,50.59,50.75,50.57,50.71,46564
2026-06-26T17:10:00+00:00,50.695,50.85,50.68,50.845,44114
2026-06-26T17:15:00+00:00,50.85,50.85,50.65,50.72,21000
2026-06-26T17:20:00+00:00,50.72,50.74,50.58,50.595,15477
2026-06-26T17:25:00+00:00,50.61,50.65,50.516,50.585,18228
2026-06-26T17:30:00+00:00,50.565,50.75,50.565,50.59,22026
2026-06-26T17:35:00+00:00,50.57,50.57,50.38,50.406,24247
2026-06-26T17:40:00+00:00,50.425,50.63,50.32,50.57,35622
2026-06-26T17:45:00+00:00,50.56,50.6,50.5,50.56,32567
2026-06-26T17:50:00+00:00,50.575,50.74,50.55,50.675,30277
2026-06-26T17:55:00+00:00,50.68,50.685,50.42,50.425,34367
2026-06-26T18:00:00+00:00,50.425,50.865,50.42,50.775,41120
2026-06-26T18:05:00+00:00,50.78,50.93,50.7,50.875,35323
2026-06-26T18:10:00+00:00,50.885,50.935,50.8,50.8,55242
2026-06-26T18:15:00+00:00,50.78,50.83,50.58,50.61,30309
2026-06-26T18:20:00+00:00,50.645,50.71,50.57,50.622,29936
2026-06-26T18:25:00+00:00,50.625,50.69,50.49,50.49,21801
2026-06-26T18:30:00+00:00,50.46,50.6,50.35,50.41,40221
2026-06-26T18:35:00+00:00,50.48,50.49,50.35,50.35,18501
2026-06-26T18:40:00+00:00,50.375,50.38,50.23,50.274,26993
2026-06-26T18:45:00+00:00,50.26,50.26,50.11,50.148,38682
2026-06-26T18:50:00+00:00,50.11,50.255,50.08,50.16,25704
2026-06-26T18:55:00+00:00,50.16,50.242,49.995,50.035,48462
2026-06-26T19:00:00+00:00,50.055,50.14,49.98,49.98,55160
2026-06-26T19:05:00+00:00,49.98,50.22,49.94,50.155,55252
2026-06-26T19:10:00+00:00,50.13,50.27,50.031,50.255,38931
2026-06-26T19:15:00+00:00,50.26,50.26,50.13,50.2,28344
2026-06-26T19:20:00+00:00,50.18,50.231,50.021,50.155,42021
2026-06-26T19:25:00+00:00,50.169,50.18,50.06,50.12,28875
2026-06-26T19:30:00+00:00,50.1,50.22,50.02,50.15,42563
2026-06-26T19:35:00+00:00,50.11,50.18,49.921,49.96,51692
2026-06-26T19:40:00+00:00,49.96,50.21,49.96,50.15,53953
2026-06-26T19:45:00+00:00,50.155,50.22,49.895,50.03,132588
2026-06-26T19:50:00+00:00,49.99,50.16,49.77,49.87,211552
2026-06-26T19:55:00+00:00,50.0,50.215,49.91,50.0,294942
2026-06-26T20:00:00+00:00,50.0,50.25,49.85,50.0,2508516
2026-06-26T20:05:00+00:00,50.14,50.25,50.0,50.15,604337
2026-06-26T20:10:00+00:00,50.25,50.38,50.0,50.0,2775711
2026-06-26T20:15:00+00:00,50.38,50.38,50.02,50.38,4281
2026-06-26T20:20:00+00:00,50.379,50.45,50.0,50.4,7856
2026-06-26T20:25:00+00:00,50.38,50.45,50.2,50.4,378
2026-06-26T20:30:00+00:00,50.38,50.42,50.2,50.2,276299
2026-06-26T20:35:00+00:00,50.283,50.4,50.21,50.24,684
2026-06-26T20:40:00+00:00,50.34,50.34,50.119,50.238,2581
2026-06-26T20:45:00+00:00,50.23,50.23,50.1,50.13,15
2026-06-26T20:50:00+00:00,50.34,50.34,50.13,50.22,48
2026-06-26T20:55:00+00:00,50.236,50.24,50.0,50.24,686
2026-06-26T21:00:00+00:00,50.1,50.24,50.1,50.2,3641
2026-06-26T21:05:00+00:00,50.2,50.2,50.1,50.2,200
2026-06-26T21:10:00+00:00,50.1,50.2,50.0,50.101,6536
2026-06-26T21:15:00+00:00,50.101,50.2,50.1,50.12,720
2026-06-26T21:20:00+00:00,50.187,50.2,50.1,50.2,552
2026-06-26T21:25:00+00:00,50.18,50.2,50.11,50.149,152
2026-06-26T21:30:00+00:00,50.15,50.15,50.11,50.149,963
2026-06-26T21:35:00+00:00,50.141,50.19,50.08,50.19,2190
2026-06-26T21:40:00+00:00,50.15,50.188,50.0,50.049,379
2026-06-26T21:45:00+00:00,50.19,50.2,50.06,50.06,86081
2026-06-26T21:50:00+00:00,50.1,50.2,50.04,50.15,133
2026-06-26T21:55:00+00:00,50.2,50.2,50.0,50.2,556
2026-06-26T22:00:00+00:00,50.19,50.2,50.11,50.2,175
2026-06-26T22:05:00+00:00,50.18,50.2,50.01,50.15,96
2026-06-26T22:10:00+00:00,50.2,50.25,50.16,50.2,4450
2026-06-26T22:15:00+00:00,50.25,50.38,50.25,50.38,192
2026-06-26T22:20:00+00:00,50.38,50.38,50.05,50.38,166
2026-06-26T22:25:00+00:00,50.38,50.38,50.05,50.38,3177
2026-06-26T22:30:00+00:00,50.3,50.3,50.07,50.3,342
2026-06-26T22:35:00+00:00,50.29,50.3,50.2,50.2,38
2026-06-26T22:40:00+00:00,50.28,50.3,50.1,50.23,313
2026-06-26T22:45:00+00:00,50.16,50.3,50.1,50.29,614
2026-06-26T22:50:00+00:00,50.29,50.3,50.1,50.3,215
2026-06-26T22:55:00+00:00,50.29,50.3,50.1,50.3,90
2026-06-26T23:00:00+00:00,50.3,50.3,50.22,50.223,93
2026-06-26T23:05:00+00:00,50.16,50.16,50.11,50.11,144
2026-06-26T23:10:00+00:00,50.11,50.3,50.11,50.223,130
2026-06-26T23:15:00+00:00,50.223,50.24,50.118,50.24,591
2026-06-26T23:20:00+00:00,50.15,50.238,50.15,50.17,88
2026-06-26T23:25:00+00:00,50.17,50.24,50.17,50.24,391
2026-06-26T23:30:00+00:00,50.19,50.233,50.118,50.118,117
2026-06-26T23:35:00+00:00,50.24,50.24,50.118,50.118,93
2026-06-26T23:40:00+00:00,50.1,50.24,50.1,50.22,374
2026-06-26T23:45:00+00:00,50.24,50.24,50.2,50.2,153
2026-06-26T23:50:00+00:00,50.3,50.3,50.2,50.25,525
2026-06-26T23:55:00+00:00,50.25,50.3,50.1,50.25,2451
2026-06-29T08:00:00+00:00,51.539,51.746,50.516,51.608,7787
2026-06-29T08:05:00+00:00,51.383,51.39,50.56,51.383,3708
2026-06-29T08:10:00+00:00,51.383,51.383,51.26,51.38,2581
2026-06-29T08:15:00+00:00,51.6,51.6,51.42,51.51,320
2026-06-29T08:20:00+00:00,51.4,51.6,51.31,51.31,1338
2026-06-29T08:25:00+00:00,51.33,51.6,51.12,51.12,5123
2026-06-29T08:30:00+00:00,51.6,51.61,51.1,51.105,365
2026-06-29T08:35:00+00:00,51.29,51.45,51.11,51.44,432
2026-06-29T08:40:00+00:00,51.11,51.42,51.003,51.003,1117
2026-06-29T08:45:00+00:00,51.45,51.45,51.011,51.45,211
2026-06-29T08:50:00+00:00,51.25,51.37,51.07,51.13,248
2026-06-29T08:55:00+00:00,51.08,51.09,51.08,51.09,25
2026-06-29T09:00:00+00:00,51.15,51.25,51.15,51.25,620
2026-06-29T09:05:00+00:00,51.23,51.44,51.23,51.32,1679
2026-06-29T09:10:00+00:00,51.35,51.37,51.25,51.37,696
2026-06-29T09:15:00+00:00,51.28,51.44,51.28,51.44,44
2026-06-29T09:20:00+00:00,51.432,51.517,51.432,51.517,108
2026-06-29T09:25:00+00:00,51.633,51.633,51.4,51.43,1705
2026-06-29T09:30:00+00:00,51.62,51.67,51.45,51.64,1455
2026-06-29T09:35:00+00:00,51.64,51.64,51.45,51.45,2136
2026-06-29T09:40:00+00:00,51.48,51.48,51.4,51.41,236
2026-06-29T09:45:00+00:00,51.26,51.57,51.26,51.57,78
2026-06-29T09:50:00+00:00,51.55,51.625,51.4,51.625,111
2026-06-29T09:55:00+00:00,51.26,51.62,51.26,51.5,18
2026-06-29T10:00:00+00:00,51.31,51.6,51.31,51.5,454
2026-06-29T10:05:00+00:00,51.5,51.595,51.45,51.505,27
2026-06-29T10:10:00+00:00,51.3,51.746,51.3,51.558,1864
2026-06-29T10:15:00+00:00,51.56,51.56,51.25,51.52,146
2026-06-29T10:20:00+00:00,51.54,51.54,51.38,51.5,3490
2026-06-29T10:25:00+00:00,51.5,51.55,51.374,51.374,139
2026-06-29T10:30:00+00:00,51.49,51.6,51.49,51.55,448
2026-06-29T10:35:00+00:00,51.6,51.7,51.57,51.57,267
2026-06-29T10:40:00+00:00,51.7,51.7,51.59,51.59,15
2026-06-29T10:45:00+00:00,51.59,51.59,51.38,51.554,670
2026-06-29T10:50:00+00:00,51.5,51.6,51.37,51.37,1390
2026-06-29T10:55:00+00:00,51.37,51.48,51.37,51.43,146
2026-06-29T11:00:00+00:00,51.37,51.64,51.25,51.51,34100
2026-06-29T11:05:00+00:00,51.49,51.5,51.3,51.45,3922
2026-06-29T11:10:00+00:00,51.47,51.51,51.33,51.35,1468
2026-06-29T11:15:00+00:00,51.48,51.51,51.21,51.467,433
2026-06-29T11:20:00+00:00,51.429,51.45,51.11,51.11,440
2026-06-29T11:25:00+00:00,51.25,51.49,51.145,51.35,1396
2026-06-29T11:30:00+00:00,51.35,51.43,51.27,51.32,736
2026-06-29T11:35:00+00:00,51.4,51.5,51.23,51.26,941
2026-06-29T11:40:00+00:00,51.5,51.5,51.25,51.5,395
2026-06-29T11:45:00+00:00,51.256,51.7,51.25,51.58,2912
2026-06-29T11:50:00+00:00,51.608,51.7,51.25,51.25,3524
2026-06-29T11:55:00+00:00,51.25,51.7,51.25,51.53,372
2026-06-29T12:00:00+00:00,51.5,51.7,51.25,51.564,1268
2026-06-29T12:05:00+00:00,51.57,51.65,51.25,51.59,3212
2026-06-29T12:10:00+00:00,51.57,51.7,51.52,51.58,3053
2026-06-29T12:15:00+00:00,51.65,51.65,51.5,51.65,1570
2026-06-29T12:20:00+00:00,51.643,51.65,51.5,51.53,745
2026-06-29T12:25:00+00:00,51.35,51.54,51.35,51.5,2603
2026-06-29T12:30:00+00:00,51.533,51.54,51.35,51.5,3242
2026-06-29T12:35:00+00:00,51.54,51.54,51.2,51.28,895
2026-06-29T12:40:00+00:00,51.25,51.4,51.24,51.35,5283
2026-06-29T12:45:00+00:00,51.39,51.4,51.209,51.35,1069
2026-06-29T12:50:00+00:00,51.209,51.4,51.209,51.27,1671
2026-06-29T12:55:00+00:00,51.28,51.36,51.099,51.255,2430
2026-06-29T13:00:00+00:00,51.337,51.35,51.05,51.05,1145
2026-06-29T13:05:00+00:00,51.125,51.4,51.0,51.0,2844
2026-06-29T13:10:00+00:00,51.11,51.4,50.96,51.34,874
2026-06-29T13:15:00+00:00,51.0,51.34,51.0,51.02,2679
2026-06-29T13:20:00+00:00,51.342,51.342,50.66,51.32,10160
2026-06-29T13:25:00+00:00,51.11,51.32,50.85,51.13,697
2026-06-29T13:30:00+00:00,51.4,52.68,51.11,52.4,240656
2026-06-29T13:35:00+00:00,52.44,53.37,52.39,53.24,219701
2026-06-29T13:40:00+00:00,53.26,53.58,52.4,53.07,229106
2026-06-29T13:45:00+00:00,53.06,53.155,52.45,52.617,190145
2026-06-29T13:50:00+00:00,52.61,53.049,52.206,52.29,164746
2026-06-29T13:55:00+00:00,52.25,52.609,52.0,52.455,139149
2026-06-29T14:00:00+00:00,52.5,52.785,51.58,51.8,159111
2026-06-29T14:05:00+00:00,51.7,51.94,51.12,51.52,77077
2026-06-29T14:10:00+00:00,51.52,51.56,50.64,50.68,140006
2026-06-29T14:15:00+00:00,50.64,51.11,50.51,51.055,73822
2026-06-29T14:20:00+00:00,51.06,51.06,50.8,51.055,50099
2026-06-29T14:25:00+00:00,51.055,51.39,50.94,51.365,85971
2026-06-29T14:30:00+00:00,51.35,51.45,51.014,51.325,67365
2026-06-29T14:35:00+00:00,51.325,51.536,51.11,51.27,52866
2026-06-29T14:40:00+00:00,51.285,51.572,51.185,51.207,31029
2026-06-29T14:45:00+00:00,51.17,51.46,50.92,51.415,30779
2026-06-29T14:50:00+00:00,51.51,51.64,51.32,51.6,34498
2026-06-29T14:55:00+00:00,51.56,51.64,51.36,51.495,32396
2026-06-29T15:00:00+00:00,51.51,51.59,51.39,51.45,28534
2026-06-29T15:05:00+00:00,51.415,51.5,51.2,51.316,43583
2026-06-29T15:10:00+00:00,51.3,51.447,51.14,51.447,30755
2026-06-29T15:15:00+00:00,51.49,51.57,51.33,51.36,34069
2026-06-29T15:20:00+00:00,51.36,51.37,50.96,51.06,36715
2026-06-29T15:25:00+00:00,51.1,51.44,51.07,51.37,26191
2026-06-29T15:30:00+00:00,51.43,51.72,51.39,51.65,30997
2026-06-29T15:35:00+00:00,51.655,51.772,51.51,51.772,36440
2026-06-29T15:40:00+00:00,51.78,51.92,51.69,51.89,29532
2026-06-29T15:45:00+00:00,51.84,51.94,51.695,51.815,57683
2026-06-29T15:50:00+00:00,51.82,52.13,51.79,52.1,30589
2026-06-29T15:55:00+00:00,52.11,52.235,51.96,52.22,28770
2026-06-29T16:00:00+00:00,52.21,52.47,52.165,52.39,34764
2026-06-29T16:05:00+00:00,52.41,52.8,52.41,52.595,44918
2026-06-29T16:10:00+00:00,52.615,52.615,52.22,52.3,32089
2026-06-29T16:15:00+00:00,52.355,52.355,52.17,52.22,33580
2026-06-29T16:20:00+00:00,52.21,52.27,51.91,52.23,38335
2026-06-29T16:25:00+00:00,52.17,52.29,52.06,52.15,23827
2026-06-29T16:30:00+00:00,52.165,52.165,51.64,51.64,41623
2026-06-29T16:35:00+00:00,51.64,51.91,51.581,51.88,29269
2026-06-29T16:40:00+00:00,51.86,51.955,51.66,51.66,24459
2026-06-29T16:45:00+00:00,51.709,52.02,51.68,52.02,31974
2026-06-29T16:50:00+00:00,52.05,52.23,51.94,52.1,30433
2026-06-29T16:55:00+00:00,52.13,52.273,52.13,52.175,19162
2026-06-29T17:00:00+00:00,52.15,52.54,52.15,52.515,28388
2026-06-29T17:05:00+00:00,52.54,52.94,52.54,52.81,89686
2026-06-29T17:10:00+00:00,52.8,53.18,52.8,53.15,32167
2026-06-29T17:15:00+00:00,53.15,53.18,52.86,53.18,51084
2026-06-29T17:20:00+00:00,53.19,53.25,52.92,53.055,48270
2026-06-29T17:25:00+00:00,53.055,53.25,53.0,53.13,46431
2026-06-29T17:30:00+00:00,53.13,53.365,53.1,53.135,33306
2026-06-29T17:35:00+00:00,53.11,53.17,53.05,53.125,41582
2026-06-29T17:40:00+00:00,53.125,53.125,52.758,52.87,34063
2026-06-29T17:45:00+00:00,52.84,52.99,52.73,52.95,29063
2026-06-29T17:50:00+00:00,52.92,53.05,52.81,52.965,19716
2026-06-29T17:55:00+00:00,52.965,52.97,52.78,52.85,19856
2026-06-29T18:00:00+00:00,52.84,52.92,52.75,52.818,32912
2026-06-29T18:05:00+00:00,52.82,52.87,52.78,52.78,23917
2026-06-29T18:10:00+00:00,52.78,52.98,52.756,52.925,19615
2026-06-29T18:15:00+00:00,52.91,53.02,52.735,52.835,38739
2026-06-29T18:20:00+00:00,52.825,52.86,52.721,52.775,21481
2026-06-29T18:25:00+00:00,52.75,52.89,52.72,52.82,20777
2026-06-29T18:30:00+00:00,52.88,52.93,52.79,52.905,14851
2026-06-29T18:35:00+00:00,52.905,52.95,52.82,52.84,18955
2026-06-29T18:40:00+00:00,52.845,52.86,52.68,52.8,24135
2026-06-29T18:45:00+00:00,52.796,52.89,52.73,52.745,23747
2026-06-29T18:50:00+00:00,52.71,52.9,52.7,52.9,22721
2026-06-29T18:55:00+00:00,52.885,52.92,52.76,52.82,26021
2026-06-29T19:00:00+00:00,52.845,52.845,52.56,52.59,24485
2026-06-29T19:05:00+00:00,52.58,52.6,52.47,52.505,28074
2026-06-29T19:10:00+00:00,52.485,52.6,52.444,52.575,26684
2026-06-29T19:15:00+00:00,52.57,52.665,52.46,52.59,41913
2026-06-29T19:20:00+00:00,52.57,52.813,52.52,52.679,41346
2026-06-29T19:25:00+00:00,52.65,52.73,52.6,52.7,34892
2026-06-29T19:30:00+00:00,52.735,52.735,52.59,52.65,31103
2026-06-29T19:35:00+00:00,52.66,52.755,52.492,52.71,37819
2026-06-29T19:40:00+00:00,52.71,52.8,52.65,52.76,32294
2026-06-29T19:45:00+00:00,52.75,52.805,52.7,52.8,38572
2026-06-29T19:50:00+00:00,52.79,52.799,52.64,52.72,66225
2026-06-29T19:55:00+00:00,52.74,52.97,52.7,52.76,181512
2026-06-29T20:00:00+00:00,52.76,52.97,52.5,52.8,410441
2026-06-29T20:05:00+00:00,52.8,52.97,52.75,52.853,1975
2026-06-29T20:10:00+00:00,52.76,52.97,52.75,52.84,1282
2026-06-29T20:15:00+00:00,52.94,52.95,52.75,52.89,324
2026-06-29T20:20:00+00:00,52.85,52.89,52.75,52.88,415
2026-06-29T20:25:00+00:00,52.867,52.89,52.7,52.85,1187
2026-06-29T20:30:00+00:00,52.85,52.87,52.8,52.8,579
2026-06-29T20:35:00+00:00,52.79,52.86,52.77,52.77,310
2026-06-29T20:40:00+00:00,52.8,52.839,52.775,52.83,347
2026-06-29T20:45:00+00:00,52.83,52.931,52.8,52.85,719
2026-06-29T20:50:00+00:00,52.9,52.95,52.801,52.844,982
2026-06-29T20:55:00+00:00,52.931,52.97,52.8,52.97,451
2026-06-29T21:00:00+00:00,52.88,52.97,52.8,52.83,590
2026-06-29T21:05:00+00:00,52.87,52.97,52.8,52.97,506
2026-06-29T21:10:00+00:00,52.97,52.97,52.87,52.97,80
2026-06-29T21:15:00+00:00,52.97,52.97,52.8,52.948,218
2026-06-29T21:20:00+00:00,52.97,52.97,52.85,52.88,318
2026-06-29T21:25:00+00:00,52.95,52.95,52.85,52.91,6747
2026-06-29T21:30:00+00:00,52.97,52.97,52.85,52.97,339
2026-06-29T21:35:00+00:00,52.967,52.97,52.85,52.88,407
2026-06-29T21:40:00+00:00,52.9,52.97,52.86,52.861,277
2026-06-29T21:45:00+00:00,52.85,52.95,52.85,52.95,1151
2026-06-29T21:50:00+00:00,52.95,52.95,52.84,52.935,1779
2026-06-29T21:55:00+00:00,52.95,52.95,52.8,52.82,409
2026-06-29T22:00:00+00:00,52.899,52.9,52.8,52.89,183
2026-06-29T22:05:00+00:00,52.892,52.9,52.84,52.9,314
2026-06-29T22:10:00+00:00,52.9,52.9,52.82,52.88,814
2026-06-29T22:15:00+00:00,52.84,52.88,52.84,52.88,103
2026-06-29T22:20:00+00:00,52.87,52.88,52.85,52.85,179
2026-06-29T22:25:00+00:00,52.85,52.88,52.85,52.88,62
2026-06-29T22:30:00+00:00,52.9,52.9,52.857,52.9,211
2026-06-29T22:35:00+00:00,52.88,52.95,52.85,52.85,110
2026-06-29T22:40:00+00:00,52.85,52.95,52.83,52.89,234
2026-06-29T22:45:00+00:00,52.89,52.94,52.89,52.94,346
2026-06-29T22:50:00+00:00,52.94,52.94,52.89,52.89,57
2026-06-29T22:55:00+00:00,52.85,52.94,52.85,52.905,76
2026-06-29T23:00:00+00:00,52.94,52.94,52.91,52.93,232
2026-06-29T23:05:00+00:00,52.93,52.93,52.9,52.91,606
2026-06-29T23:10:00+00:00,52.87,52.93,52.86,52.86,48
2026-06-29T23:15:00+00:00,52.91,52.91,52.88,52.9,45
2026-06-29T23:20:00+00:00,52.902,52.91,52.9,52.91,1328
2026-06-29T23:25:00+00:00,52.88,52.91,52.88,52.9,1053
2026-06-29T23:30:00+00:00,52.85,52.93,52.85,52.91,36
2026-06-29T23:35:00+00:00,52.91,52.91,52.85,52.91,259
2026-06-29T23:40:00+00:00,52.91,52.91,52.91,52.91,3
2026-06-29T23:45:00+00:00,52.909,52.909,52.86,52.86,780
2026-06-29T23:50:00+00:00,52.91,52.91,52.85,52.85,8
2026-06-29T23:55:00+00:00,52.91,52.91,52.82,52.82,1489
2026-06-30T08:00:00+00:00,53.37,53.593,53.01,53.5,7344
2026-06-30T08:05:00+00:00,53.3,53.59,53.17,53.3,1456
2026-06-30T08:10:00+00:00,53.3,53.415,53.26,53.41,155
2026-06-30T08:15:00+00:00,53.399,53.399,53.245,53.245,79
2026-06-30T08:20:00+00:00,53.24,53.3,53.24,53.3,64
2026-06-30T08:25:00+00:00,53.37,53.4,53.22,53.22,743
2026-06-30T08:30:00+00:00,53.18,53.19,53.13,53.13,91
2026-06-30T08:35:00+00:00,53.41,53.41,53.03,53.03,153
2026-06-30T08:40:00+00:00,53.041,53.293,52.961,52.961,90
2026-06-30T08:45:00+00:00,53.06,53.281,53.06,53.281,45
2026-06-30T08:50:00+00:00,52.899,53.183,52.69,53.163,13034
2026-06-30T08:55:00+00:00,52.51,53.044,52.51,52.88,916
2026-06-30T09:00:00+00:00,53.14,53.14,53.14,53.14,2
2026-06-30T09:05:00+00:00,53.14,53.2,52.9,52.9,1401
2026-06-30T09:10:00+00:00,52.91,52.91,52.91,52.91,163
2026-06-30T09:15:00+00:00,52.911,53.193,52.91,53.193,8
2026-06-30T09:20:00+00:00,53.19,53.19,52.99,53.11,78
2026-06-30T09:25:00+00:00,53.1,53.1,53.1,53.1,1
2026-06-30T09:30:00+00:00,53.09,53.194,52.98,52.998,120
2026-06-30T09:35:00+00:00,52.923,53.02,52.923,53.02,502
2026-06-30T09:40:00+00:00,53.08,53.08,52.966,52.966,66
2026-06-30T09:45:00+00:00,52.96,53.07,52.96,53.07,1044
2026-06-30T09:50:00+00:00,53.07,53.07,53.07,53.07,0
2026-06-30T09:55:00+00:00,53.07,53.07,53.07,53.07,0
2026-06-30T10:00:00+00:00,53.1,53.2,53.05,53.058,219
2026-06-30T10:05:00+00:00,53.058,53.19,53.057,53.183,2264
2026-06-30T10:10:00+00:00,53.13,53.13,53.124,53.124,579
2026-06-30T10:15:00+00:00,53.19,53.19,53.15,53.15,15
2026-06-30T10:20:00+00:00,53.13,53.23,53.13,53.2,152
2026-06-30T10:25:00+00:00,53.2,53.382,53.2,53.2,16
2026-06-30T10:30:00+00:00,53.15,53.39,53.15,53.32,783
2026-06-30T10:35:00+00:00,53.3,53.3,53.09,53.09,375
2026-06-30T10:40:00+00:00,53.294,53.294,53.29,53.29,2
2026-06-30T10:45:00+00:00,53.25,53.25,53.25,53.25,20
2026-06-30T10:50:00+00:00,53.29,53.29,53.25,53.25,83
2026-06-30T10:55:00+00:00,53.23,53.29,53.23,53.25,134
2026-06-30T11:00:00+00:00,53.25,53.89,53.25,53.83,16990
2026-06-30T11:05:00+00:00,53.72,53.76,53.5,53.7,2608
2026-06-30T11:10:00+00:00,53.7,53.89,53.55,53.6,16602
2026-06-30T11:15:00+00:00,53.8,53.89,53.51,53.87,1226
2026-06-30T11:20:00+00:00,53.87,53.87,53.52,53.58,836
2026-06-30T11:25:00+00:00,53.51,53.87,53.41,53.87,1877
2026-06-30T11:30:00+00:00,53.744,53.81,53.551,53.74,1030
2026-06-30T11:35:00+00:00,53.74,53.74,53.6,53.7,4934
2026-06-30T11:40:00+00:00,53.685,53.8,53.65,53.8,1694
2026-06-30T11:45:00+00:00,53.796,53.98,53.79,53.95,6659
2026-06-30T11:50:00+00:00,53.99,53.99,53.7,53.8,2336
2026-06-30T11:55:00+00:00,53.91,53.99,53.691,53.99,1452
2026-06-30T12:00:00+00:00,53.748,53.98,53.58,53.6,2382
2026-06-30T12:05:00+00:00,53.6,53.8,53.41,53.75,1687
2026-06-30T12:10:00+00:00,53.79,53.99,53.501,53.63,5479
2026-06-30T12:15:00+00:00,53.501,53.98,53.42,53.44,2172
2026-06-30T12:20:00+00:00,53.62,53.7,53.42,53.42,1156
2026-06-30T12:25:00+00:00,53.42,53.7,53.38,53.693,1624
2026-06-30T12:30:00+00:00,53.5,53.7,53.22,53.35,1141
2026-06-30T12:35:00+00:00,53.4,53.51,53.218,53.469,1597
2026-06-30T12:40:00+00:00,53.263,53.48,53.263,53.474,2579
2026-06-30T12:45:00+00:00,53.47,53.478,53.24,53.47,2474
2026-06-30T12:50:00+00:00,53.41,53.42,53.27,53.31,1526
2026-06-30T12:55:00+00:00,53.3,53.34,53.1,53.1,50462
2026-06-30T13:00:00+00:00,53.135,53.17,53.0,53.02,4698
2026-06-30T13:05:00+00:00,53.08,53.2,53.06,53.066,6843
2026-06-30T13:10:00+00:00,53.06,53.3,53.05,53.185,1673
2026-06-30T13:15:00+00:00,53.12,53.3,53.05,53.053,2671
2026-06-30T13:20:00+00:00,53.1,53.2,52.92,53.01,4314
2026-06-30T13:25:00+00:00,53.18,53.2,53.0,53.01,1006
2026-06-30T13:30:00+00:00,53.085,53.085,51.92,52.045,86747
2026-06-30T13:35:00+00:00,52.06,52.35,51.7,51.88,84480
2026-06-30T13:40:00+00:00,51.88,52.76,51.85,52.6,72957
2026-06-30T13:45:00+00:00,52.73,52.86,52.41,52.59,43553
2026-06-30T13:50:00+00:00,52.59,53.07,52.59,52.62,53217
2026-06-30T13:55:00+00:00,52.565,52.8,52.37,52.68,34394
2026-06-30T14:00:00+00:00,52.74,52.78,52.36,52.7,49746
2026-06-30T14:05:00+00:00,52.665,52.76,52.57,52.681,22355
2026-06-30T14:10:00+00:00,52.7,52.81,52.44,52.77,39505
2026-06-30T14:15:00+00:00,52.79,53.04,52.74,52.765,48302
2026-06-30T14:20:00+00:00,52.78,53.2,52.72,53.15,59226
2026-06-30T14:25:00+00:00,53.2,53.22,52.87,53.08,40778
2026-06-30T14:30:00+00:00,53.05,53.21,52.84,52.85,54954
2026-06-30T14:35:00+00:00,52.865,52.905,52.3,52.377,50231
2026-06-30T14:40:00+00:00,52.32,52.431,52.06,52.4,44535
2026-06-30T14:45:00+00:00,52.38,52.38,51.75,51.82,51030
2026-06-30T14:50:00+00:00,51.82,51.89,51.28,51.29,62330
2026-06-30T14:55:00+00:00,51.3,51.4,51.08,51.18,74004
2026-06-30T15:00:00+00:00,51.18,51.42,50.95,50.95,83168
2026-06-30T15:05:00+00:00,51.02,51.05,50.795,51.01,67303
2026-06-30T15:10:00+00:00,51.04,51.3,51.0,51.225,60065
2026-06-30T15:15:00+00:00,51.225,51.3,51.13,51.26,52575
2026-06-30T15:20:00+00:00,51.25,51.41,51.155,51.395,48890
2026-06-30T15:25:00+00:00,51.375,51.47,51.32,51.42,27552
2026-06-30T15:30:00+00:00,51.44,51.58,51.406,51.58,36759
2026-06-30T15:35:00+00:00,51.62,51.63,51.24,51.265,33380
2026-06-30T15:40:00+00:00,51.29,51.29,50.95,51.1,50216
2026-06-30T15:45:00+00:00,51.085,51.26,51.0,51.01,116863
2026-06-30T15:50:00+00:00,51.01,51.1,50.91,50.995,34371
2026-06-30T15:55:00+00:00,51.03,51.05,50.76,50.875,46063
2026-06-30T16:00:00+00:00,50.91,51.21,50.82,51.21,35849
2026-06-30T16:05:00+00:00,51.22,51.42,51.21,51.35,51427
2026-06-30T16:10:00+00:00,51.35,51.49,51.26,51.32,22026
2026-06-30T16:15:00+00:00,51.31,51.42,51.15,51.15,29114
2026-06-30T16:20:00+00:00,51.17,51.28,51.085,51.185,25818
2026-06-30T16:25:00+00:00,51.16,51.19,51.1,51.15,22144
2026-06-30T16:30:00+00:00,51.15,51.325,51.11,51.32,36999
2026-06-30T16:35:00+00:00,51.322,51.4,51.25,51.4,30044
2026-06-30T16:40:00+00:00,51.4,51.58,51.335,51.58,34099
2026-06-30T16:45:00+00:00,51.56,51.661,51.512,51.64,32824
2026-06-30T16:50:00+00:00,51.62,51.79,51.56,51.65,45718
2026-06-30T16:55:00+00:00,51.69,51.762,51.45,51.574,38249
2026-06-30T17:00:00+00:00,51.62,51.99,51.609,51.895,41689
2026-06-30T17:05:00+00:00,51.895,51.94,51.81,51.819,19102
2026-06-30T17:10:00+00:00,51.78,51.84,51.5,51.56,34407
2026-06-30T17:15:00+00:00,51.56,51.74,51.455,51.73,18717
2026-06-30T17:20:00+00:00,51.76,51.76,51.6,51.67,13618
2026-06-30T17:25:00+00:00,51.67,51.85,51.61,51.845,34007
2026-06-30T17:30:00+00:00,51.83,51.94,51.765,51.825,23883
2026-06-30T17:35:00+00:00,51.8,51.83,51.613,51.68,18566
2026-06-30T17:40:00+00:00,51.68,51.71,51.58,51.64,17332
2026-06-30T17:45:00+00:00,51.63,51.63,51.47,51.47,15318
2026-06-30T17:50:00+00:00,51.48,51.575,51.432,51.53,22883
2026-06-30T17:55:00+00:00,51.535,51.61,51.38,51.495,18665
2026-06-30T18:00:00+00:00,51.49,51.6,51.46,51.5,23946
2026-06-30T18:05:00+00:00,51.555,51.61,51.45,51.52,20577
2026-06-30T18:10:00+00:00,51.51,51.57,51.45,51.49,15616
2026-06-30T18:15:00+00:00,51.49,51.57,51.36,51.53,14742
2026-06-30T18:20:00+00:00,51.51,51.57,51.485,51.5,20754
2026-06-30T18:25:00+00:00,51.53,51.78,51.53,51.66,27630
2026-06-30T18:30:00+00:00,51.675,51.675,51.45,51.54,30395
2026-06-30T18:35:00+00:00,51.58,51.66,51.3,51.335,35669
2026-06-30T18:40:00+00:00,51.345,51.66,51.33,51.55,54752
2026-06-30T18:45:00+00:00,51.55,51.97,51.533,51.964,29657
2026-06-30T18:50:00+00:00,51.97,51.97,51.5,51.63,74392
2026-06-30T18:55:00+00:00,51.63,51.66,51.56,51.64,38187
2026-06-30T19:00:00+00:00,51.63,51.72,51.56,51.665,49436
2026-06-30T19:05:00+00:00,51.66,51.76,51.57,51.72,38352
2026-06-30T19:10:00+00:00,51.69,51.89,51.66,51.87,42488
2026-06-30T19:15:00+00:00,51.86,51.949,51.78,51.87,38743
2026-06-30T19:20:00+00:00,51.845,51.85,51.74,51.85,25798
2026-06-30T19:25:00+00:00,51.855,51.939,51.755,51.939,29287
2026-06-30T19:30:00+00:00,51.91,52.141,51.862,52.141,40499
2026-06-30T19:35:00+00:00,52.115,52.23,52.03,52.17,95619
2026-06-30T19:40:00+00:00,52.15,52.205,52.03,52.115,46324
2026-06-30T19:45:00+00:00,52.115,52.24,52.07,52.22,44380
2026-06-30T19:50:00+00:00,52.2,52.21,52.05,52.18,68882
2026-06-30T19:55:00+00:00,52.2,52.45,52.11,52.33,167001
2026-06-30T20:00:00+00:00,52.33,52.4,52.2,52.33,103230
2026-06-30T20:05:00+00:00,52.36,52.72,52.34,52.47,13652
2026-06-30T20:10:00+00:00,52.33,52.65,52.33,52.6,6173
2026-06-30T20:15:00+00:00,52.33,52.79,52.33,52.71,609
2026-06-30T20:20:00+00:00,52.749,52.75,52.5,52.6,3614
2026-06-30T20:25:00+00:00,52.59,52.6,52.33,52.57,7481
2026-06-30T20:30:00+00:00,52.585,52.6,52.5,52.57,741
2026-06-30T20:35:00+00:00,52.55,52.683,52.5,52.513,294
2026-06-30T20:40:00+00:00,52.52,52.6,52.4,52.41,715
2026-06-30T20:45:00+00:00,52.28,52.44,52.2,52.44,733
2026-06-30T20:50:00+00:00,52.43,52.44,52.32,52.34,368
2026-06-30T20:55:00+00:00,52.34,52.6,52.34,52.6,530
2026-06-30T21:00:00+00:00,52.32,52.55,52.32,52.55,993
2026-06-30T21:05:00+00:00,52.55,52.6,52.32,52.32,597
2026-06-30T21:10:00+00:00,52.6,52.6,52.32,52.35,145
2026-06-30T21:15:00+00:00,52.4,52.55,52.3,52.407,725
2026-06-30T21:20:00+00:00,52.4,52.45,52.3,52.333,601
2026-06-30T21:25:00+00:00,52.41,52.41,52.3,52.41,608
2026-06-30T21:30:00+00:00,52.32,52.55,52.16,52.55,207
2026-06-30T21:35:00+00:00,52.405,52.55,52.4,52.541,47
2026-06-30T21:40:00+00:00,52.219,52.54,52.218,52.54,693
2026-06-30T21:45:00+00:00,52.54,52.54,52.17,52.54,122
2026-06-30T21:50:00+00:00,52.17,52.48,52.17,52.3,662
2026-06-30T21:55:00+00:00,52.48,52.48,52.17,52.41,2171
2026-06-30T22:00:00+00:00,52.17,52.47,52.17,52.47,1175
2026-06-30T22:05:00+00:00,52.48,52.48,52.27,52.27,177
2026-06-30T22:10:00+00:00,52.473,52.48,52.36,52.36,23
2026-06-30T22:15:00+00:00,52.45,52.48,52.236,52.33,882
2026-06-30T22:20:00+00:00,52.46,52.46,52.33,52.35,414
2026-06-30T22:25:00+00:00,52.39,52.39,52.3,52.3,1092
2026-06-30T22:30:00+00:00,52.39,52.39,52.3,52.35,4059
2026-06-30T22:35:00+00:00,52.35,52.39,52.35,52.378,416
2026-06-30T22:40:00+00:00,52.388,52.389,52.3,52.3,120
2026-06-30T22:45:00+00:00,52.386,52.48,52.386,52.48,231
2026-06-30T22:50:00+00:00,52.34,52.48,52.33,52.33,265
2026-06-30T22:55:00+00:00,52.35,52.47,52.35,52.47,158
2026-06-30T23:00:00+00:00,52.4,52.45,52.4,52.45,187
2026-06-30T23:05:00+00:00,52.4,52.48,52.4,52.47,889
2026-06-30T23:10:00+00:00,52.43,52.48,52.4,52.47,2028
2026-06-30T23:15:00+00:00,52.43,52.47,52.4,52.43,115
2026-06-30T23:20:00+00:00,52.43,52.435,52.4,52.401,166
2026-06-30T23:25:00+00:00,52.4,52.47,52.4,52.4,217
2026-06-30T23:30:00+00:00,52.4,52.47,52.4,52.46,204
2026-06-30T23:35:00+00:00,52.439,52.47,52.4,52.401,391
2026-06-30T23:40:00+00:00,52.401,52.46,52.4,52.43,381
2026-06-30T23:45:00+00:00,52.43,52.43,52.3,52.43,55
2026-06-30T23:50:00+00:00,52.414,52.429,52.317,52.429,206
2026-06-30T23:55:00+00:00,52.415,52.415,52.303,52.313,851
2026-07-01T08:00:00+00:00,51.88,52.746,51.5,52.07,7078
2026-07-01T08:05:00+00:00,52.14,52.28,51.53,52.28,513
2026-07-01T08:10:00+00:00,52.24,52.24,52.24,52.24,30
2026-07-01T08:15:00+00:00,52.24,52.24,52.2,52.2,61
2026-07-01T08:20:00+00:00,52.11,52.185,52.11,52.185,429
2026-07-01T08:25:00+00:00,52.15,52.15,52.15,52.15,20
2026-07-01T08:30:00+00:00,52.01,52.137,52.0,52.04,121
2026-07-01T08:35:00+00:00,52.07,52.095,52.07,52.095,87
2026-07-01T08:40:00+00:00,52.095,52.1,52.08,52.08,399
2026-07-01T08:45:00+00:00,52.09,52.09,52.0,52.01,433
2026-07-01T08:50:00+00:00,52.02,52.24,52.02,52.24,423
2026-07-01T08:55:00+00:00,52.23,52.23,52.23,52.23,6
2026-07-01T09:00:00+00:00,52.23,52.23,52.12,52.12,124
2026-07-01T09:05:00+00:00,52.12,52.23,52.05,52.05,65
2026-07-01T09:10:00+00:00,52.046,52.05,52.01,52.04,392
2026-07-01T09:15:00+00:00,52.03,52.03,52.0,52.0,9
2026-07-01T09:20:00+00:00,52.0,52.0,51.95,51.95,6
2026-07-01T09:25:00+00:00,52.22,52.22,51.94,52.03,151
2026-07-01T09:30:00+00:00,52.01,52.06,51.96,52.05,78
2026-07-01T09:35:00+00:00,52.05,52.05,52.05,52.05,0
2026-07-01T09:40:00+00:00,52.03,52.05,51.98,51.98,291
2026-07-01T09:45:00+00:00,51.997,52.055,51.97,52.01,55
2026-07-01T09:50:00+00:00,52.202,52.202,52.19,52.19,7
2026-07-01T09:55:00+00:00,52.02,52.08,51.99,52.08,12
2026-07-01T10:00:00+00:00,52.07,55.34,52.07,54.879,30534
2026-07-01T10:05:00+00:00,54.769,55.0,54.0,54.387,11755
2026-07-01T10:10:00+00:00,54.396,54.49,54.031,54.29,16582
2026-07-01T10:15:00+00:00,54.32,55.359,54.32,54.86,19547
2026-07-01T10:20:00+00:00,54.96,55.842,54.96,55.51,13185
2026-07-01T10:25:00+00:00,55.7,55.7,55.01,55.44,7116
2026-07-01T10:30:00+00:00,55.44,55.46,55.17,55.45,8616
2026-07-01T10:35:00+00:00,55.45,55.6,55.15,55.15,4365
2026-07-01T10:40:00+00:00,55.15,55.196,54.71,54.89,12247
2026-07-01T10:45:00+00:00,54.88,55.0,54.7,55.0,4207
2026-07-01T10:50:00+00:00,55.01,55.179,54.8,54.94,5506
2026-07-01T10:55:00+00:00,54.933,55.009,54.5,54.63,3601
2026-07-01T11:00:00+00:00,54.53,55.15,54.32,55.15,27073
2026-07-01T11:05:00+00:00,55.0,55.18,55.0,55.11,10670
2026-07-01T11:10:00+00:00,55.05,55.11,54.61,54.8,8283
2026-07-01T11:15:00+00:00,54.945,55.0,54.762,54.975,5882
2026-07-01T11:20:00+00:00,54.97,55.1,54.85,54.98,9742
2026-07-01T11:25:00+00:00,54.99,55.17,54.91,55.069,12737
2026-07-01T11:30:00+00:00,54.99,55.17,54.85,54.893,8982
2026-07-01T11:35:00+00:00,54.85,55.04,54.8,54.988,2916
2026-07-01T11:40:00+00:00,55.0,55.0,54.73,54.87,6693
2026-07-01T11:45:00+00:00,54.89,55.05,54.87,54.94,11971
2026-07-01T11:50:00+00:00,54.91,54.97,54.75,54.97,2021
2026-07-01T11:55:00+00:00,54.77,55.0,54.77,54.94,3934
2026-07-01T12:00:00+00:00,54.89,54.94,54.68,54.8,22706
2026-07-01T12:05:00+00:00,54.848,54.848,54.32,54.36,17853
2026-07-01T12:10:00+00:00,54.42,54.7,54.42,54.49,6786
2026-07-01T12:15:00+00:00,54.7,54.74,54.4,54.595,4811
2026-07-01T12:20:00+00:00,54.55,54.6,54.36,54.43,6578
2026-07-01T12:25:00+00:00,54.44,54.5,54.27,54.325,4109
2026-07-01T12:30:00+00:00,54.2,54.53,54.04,54.05,30360
2026-07-01T12:35:00+00:00,54.033,54.44,53.91,54.17,19607
2026-07-01T12:40:00+00:00,54.17,54.29,53.881,54.02,27829
2026-07-01T12:45:00+00:00,54.07,54.2,53.56,53.56,10475
2026-07-01T12:50:00+00:00,53.6,53.9,53.401,53.5,24249
2026-07-01T12:55:00+00:00,53.5,53.96,53.23,53.86,13480
2026-07-01T13:00:00+00:00,53.6,53.96,53.3,53.71,9118
2026-07-01T13:05:00+00:00,53.8,53.89,53.3,53.68,42219
2026-07-01T13:10:00+00:00,53.43,53.5,53.26,53.41,5228
2026-07-01T13:15:00+00:00,53.5,53.7,53.05,53.69,21326
2026-07-01T13:20:00+00:00,53.58,53.69,53.35,53.651,9545
2026-07-01T13:25:00+00:00,53.59,53.8,53.4,53.54,23610
2026-07-01T13:30:00+00:00,53.63,53.9,52.18,52.58,259528
2026-07-01T13:35:00+00:00,52.54,52.84,52.33,52.658,141950
2026-07-01T13:40:00+00:00,52.72,53.545,52.63,52.89,177613
2026-07-01T13:45:00+00:00,52.8,53.466,52.64,53.23,108794
2026-07-01T13:50:00+00:00,53.17,53.42,52.86,52.945,104107
2026-07-01T13:55:00+00:00,52.945,53.37,52.83,53.32,73417
2026-07-01T14:00:00+00:00,53.32,53.75,52.91,53.35,90551
2026-07-01T14:05:00+00:00,53.385,53.923,53.3,53.84,104991
2026-07-01T14:10:00+00:00,53.84,54.315,53.77,54.105,115098
2026-07-01T14:15:00+00:00,54.105,54.15,53.5,54.01,100086
2026-07-01T14:20:00+00:00,53.984,54.28,53.66,53.741,73261
2026-07-01T14:25:00+00:00,53.68,53.8,52.88,53.18,89176
2026-07-01T14:30:00+00:00,53.095,53.19,52.36,52.53,93886
2026-07-01T14:35:00+00:00,52.515,52.578,52.21,52.3,78502
2026-07-01T14:40:00+00:00,52.27,52.34,51.668,51.785,114668
2026-07-01T14:45:00+00:00,51.77,51.88,51.51,51.7,71561
2026-07-01T14:50:00+00:00,51.77,52.22,51.77,51.835,85604
2026-07-01T14:55:00+00:00,51.835,52.01,51.56,52.01,77391
2026-07-01T15:00:00+00:00,52.0,52.57,51.84,52.545,74885
2026-07-01T15:05:00+00:00,52.525,52.98,52.505,52.88,80844
2026-07-01T15:10:00+00:00,52.88,53.35,52.81,53.319,64978
2026-07-01T15:15:00+00:00,53.305,53.505,53.305,53.42,71130
2026-07-01T15:20:00+00:00,53.45,53.48,53.31,53.31,33280
2026-07-01T15:25:00+00:00,53.28,53.7,53.2,53.69,44322
2026-07-01T15:30:00+00:00,53.675,53.83,53.54,53.73,47610
2026-07-01T15:35:00+00:00,53.7,53.765,53.44,53.595,41351
2026-07-01T15:40:00+00:00,53.585,53.8,53.5,53.595,27841
2026-07-01T15:45:00+00:00,53.57,53.6,53.222,53.3,40779
2026-07-01T15:50:00+00:00,53.27,53.615,53.26,53.47,31511
2026-07-01T15:55:00+00:00,53.45,53.69,53.363,53.684,27981
2026-07-01T16:00:00+00:00,53.68,54.02,53.66,53.92,57779
2026-07-01T16:05:00+00:00,53.95,54.18,53.87,53.92,52665
2026-07-01T16:10:00+00:00,53.92,54.08,53.84,53.93,50166
2026-07-01T16:15:00+00:00,53.93,53.96,53.71,53.89,39138
2026-07-01T16:20:00+00:00,53.82,53.86,53.49,53.5,43489
2026-07-01T16:25:00+00:00,53.48,53.73,53.48,53.69,31646
2026-07-01T16:30:00+00:00,53.67,53.79,53.63,53.65,29343
2026-07-01T16:35:00+00:00,53.61,53.67,53.51,53.595,25284
2026-07-01T16:40:00+00:00,53.56,53.64,53.42,53.55,36961
2026-07-01T16:45:00+00:00,53.52,53.67,53.435,53.61,22860
2026-07-01T16:50:00+00:00,53.575,53.61,53.4,53.545,26211
2026-07-01T16:55:00+00:00,53.58,53.72,53.56,53.655,23358
2026-07-01T17:00:00+00:00,53.7,53.9,53.57,53.645,18544
2026-07-01T17:05:00+00:00,53.655,53.655,53.34,53.435,41235
2026-07-01T17:10:00+00:00,53.39,53.413,53.2,53.28,39696
2026-07-01T17:15:00+00:00,53.31,53.348,53.25,53.34,19056
2026-07-01T17:20:00+00:00,53.335,53.779,53.335,53.72,36086
2026-07-01T17:25:00+00:00,53.73,53.735,53.5,53.54,27238
2026-07-01T17:30:00+00:00,53.555,53.66,53.4,53.52,31819
2026-07-01T17:35:00+00:00,53.52,53.53,53.32,53.43,36450
2026-07-01T17:40:00+00:00,53.43,53.58,53.41,53.47,23602
2026-07-01T17:45:00+00:00,53.47,53.471,53.3,53.3,24914
2026-07-01T17:50:00+00:00,53.29,53.63,53.29,53.455,19556
2026-07-01T17:55:00+00:00,53.42,53.42,53.2,53.268,31503
2026-07-01T18:00:00+00:00,53.29,53.31,53.14,53.285,20775
2026-07-01T18:05:00+00:00,53.3,53.45,53.24,53.307,30026
2026-07-01T18:10:00+00:00,53.315,53.315,53.2,53.22,11607
2026-07-01T18:15:00+00:00,53.19,53.22,52.89,53.13,47845
2026-07-01T18:20:00+00:00,53.105,53.16,53.02,53.154,20432
2026-07-01T18:25:00+00:00,53.16,53.2,52.94,52.96,23174
2026-07-01T18:30:00+00:00,52.94,52.96,52.73,52.85,50758
2026-07-01T18:35:00+00:00,52.81,52.94,52.582,52.635,44342
2026-07-01T18:40:00+00:00,52.615,52.62,52.4,52.455,32068
2026-07-01T18:45:00+00:00,52.445,52.445,52.21,52.34,38361
2026-07-01T18:50:00+00:00,52.38,52.44,52.17,52.178,32000
2026-07-01T18:55:00+00:00,52.175,52.28,52.08,52.21,40798
2026-07-01T19:00:00+00:00,52.22,52.54,52.22,52.54,38685
2026-07-01T19:05:00+00:00,52.55,52.78,52.525,52.725,33444
2026-07-01T19:10:00+00:00,52.73,52.73,52.491,52.625,28146
2026-07-01T19:15:00+00:00,52.631,52.65,52.425,52.57,31698
2026-07-01T19:20:00+00:00,52.579,52.6,52.46,52.585,28003
2026-07-01T19:25:00+00:00,52.591,52.591,52.402,52.53,32150
2026-07-01T19:30:00+00:00,52.525,52.605,52.37,52.605,26264
2026-07-01T19:35:00+00:00,52.64,52.64,52.495,52.5,31175
2026-07-01T19:40:00+00:00,52.48,52.49,52.24,52.265,38695
2026-07-01T19:45:00+00:00,52.28,52.31,52.11,52.17,59187
2026-07-01T19:50:00+00:00,52.2,52.27,52.04,52.27,83631
2026-07-01T19:55:00+00:00,52.25,52.63,51.93,52.45,184709
2026-07-01T20:00:00+00:00,52.59,52.76,52.06,52.7,133070
2026-07-01T20:05:00+00:00,52.777,52.99,52.511,52.899,21439
2026-07-01T20:10:00+00:00,52.9,53.0,52.45,52.94,1063
2026-07-01T20:15:00+00:00,52.94,52.99,52.74,52.9,332
2026-07-01T20:20:00+00:00,52.84,52.9,52.74,52.74,883
2026-07-01T20:25:00+00:00,52.75,52.88,52.75,52.88,17
2026-07-01T20:30:00+00:00,52.82,52.88,52.74,52.752,2822
2026-07-01T20:35:00+00:00,52.75,52.76,52.5,52.55,1405
2026-07-01T20:40:00+00:00,52.69,52.7,52.5,52.661,273
2026-07-01T20:45:00+00:00,52.433,52.97,52.4,52.81,2239
2026-07-01T20:50:00+00:00,52.6,52.81,52.4,52.51,4049
2026-07-01T20:55:00+00:00,52.7,52.7,52.4,52.51,41
2026-07-01T21:00:00+00:00,52.704,52.8,52.55,52.781,298
2026-07-01T21:05:00+00:00,52.669,52.79,52.55,52.6,917
2026-07-01T21:10:00+00:00,52.64,52.64,52.5,52.51,570
2026-07-01T21:15:00+00:00,52.63,52.66,52.63,52.66,683
2026-07-01T21:20:00+00:00,52.44,52.727,52.44,52.44,934
2026-07-01T21:25:00+00:00,52.56,52.79,52.56,52.79,169
2026-07-01T21:30:00+00:00,52.727,52.77,52.65,52.77,305
2026-07-01T21:35:00+00:00,52.65,52.77,52.58,52.58,59
2026-07-01T21:40:00+00:00,52.67,52.77,52.5,52.5,341
2026-07-01T21:45:00+00:00,52.77,52.77,52.63,52.63,271673
2026-07-01T21:50:00+00:00,52.6,52.76,52.6,52.76,501
2026-07-01T21:55:00+00:00,52.766,52.77,52.71,52.77,74
2026-07-01T22:00:00+00:00,52.76,52.76,52.62,52.69,88
2026-07-01T22:05:00+00:00,52.62,52.76,52.6,52.64,311
2026-07-01T22:10:00+00:00,52.67,52.68,52.6,52.64,1181
2026-07-01T22:15:00+00:00,52.63,52.65,52.6,52.65,105
2026-07-01T22:20:00+00:00,52.66,52.66,52.63,52.65,667
2026-07-01T22:25:00+00:00,52.631,52.65,52.631,52.65,138
2026-07-01T22:30:00+00:00,52.65,52.76,52.65,52.758,463
2026-07-01T22:35:00+00:00,52.75,52.758,52.63,52.75,222
2026-07-01T22:40:00+00:00,52.65,52.76,52.65,52.76,438
2026-07-01T22:45:00+00:00,52.65,52.76,52.65,52.76,1226
2026-07-01T22:50:00+00:00,52.77,52.8,52.77,52.77,88
2026-07-01T22:55:00+00:00,52.79,53.0,52.79,52.88,217
2026-07-01T23:00:00+00:00,52.8,53.0,52.8,52.974,107
2026-07-01T23:05:00+00:00,52.8,52.97,52.8,52.8,390
2026-07-01T23:10:00+00:00,52.8,52.97,52.8,52.97,307
2026-07-01T23:15:00+00:00,52.97,52.97,52.81,52.88,162
2026-07-01T23:20:00+00:00,52.88,52.88,52.862,52.869,73
2026-07-01T23:25:00+00:00,52.86,52.87,52.846,52.849,394
2026-07-01T23:30:00+00:00,52.81,52.85,52.81,52.849,360
2026-07-01T23:35:00+00:00,52.849,52.849,52.8,52.8,819
2026-07-01T23:40:00+00:00,52.86,52.86,52.76,52.76,798
2026-07-01T23:45:00+00:00,52.77,52.79,52.73,52.745,1102
2026-07-01T23:50:00+00:00,52.73,52.77,52.63,52.63,351
2026-07-01T23:55:00+00:00,52.77,52.83,52.648,52.69,2105
2026-07-02T08:00:00+00:00,52.64,52.95,51.64,52.18,23967
2026-07-02T08:05:00+00:00,52.2,53.0,52.0,52.59,769
2026-07-02T08:10:00+00:00,52.46,52.46,52.2,52.22,190
2026-07-02T08:15:00+00:00,52.468,52.468,52.468,52.468,1
2026-07-02T08:20:00+00:00,52.27,52.27,52.1,52.16,270
2026-07-02T08:25:00+00:00,52.16,52.3,52.15,52.3,225
2026-07-02T08:30:00+00:00,52.2,52.39,52.2,52.39,780
2026-07-02T08:35:00+00:00,52.39,52.471,52.307,52.47,275
2026-07-02T08:40:00+00:00,52.47,52.53,52.43,52.53,172
2026-07-02T08:45:00+00:00,52.78,52.78,52.38,52.65,243
2026-07-02T08:50:00+00:00,52.6,53.0,52.6,52.81,456
2026-07-02T08:55:00+00:00,52.807,52.95,52.7,52.95,662
2026-07-02T09:00:00+00:00,52.79,52.82,52.58,52.752,314
2026-07-02T09:05:00+00:00,52.63,52.741,52.248,52.67,2521
2026-07-02T09:10:00+00:00,52.757,52.757,52.56,52.56,66
2026-07-02T09:15:00+00:00,52.63,52.63,52.303,52.303,6
2026-07-02T09:20:00+00:00,52.4,52.8,52.4,52.8,74
2026-07-02T09:25:00+00:00,52.748,52.748,52.59,52.59,231
2026-07-02T09:30:00+00:00,52.59,52.79,52.302,52.79,49
2026-07-02T09:35:00+00:00,52.79,52.79,52.7,52.74,29
2026-07-02T09:40:00+00:00,52.646,52.88,52.646,52.82,741
2026-07-02T09:45:00+00:00,52.82,52.82,52.8,52.8,215
2026-07-02T09:50:00+00:00,52.807,52.807,52.805,52.805,6
2026-07-02T09:55:00+00:00,52.83,52.83,52.74,52.75,330
2026-07-02T10:00:00+00:00,52.75,52.98,52.54,52.54,154
2026-07-02T10:05:00+00:00,52.745,52.745,52.54,52.55,5423
2026-07-02T10:10:00+00:00,52.75,52.75,52.75,52.75,5
2026-07-02T10:15:00+00:00,52.99,52.99,52.7,52.7,410
2026-07-02T10:20:00+00:00,52.89,52.98,52.69,52.98,366
2026-07-02T10:25:00+00:00,52.66,52.66,52.6,52.6,225
2026-07-02T10:30:00+00:00,52.57,52.6,52.57,52.6,722
2026-07-02T10:35:00+00:00,52.75,52.75,52.671,52.671,7
2026-07-02T10:40:00+00:00,52.75,52.75,52.737,52.738,8
2026-07-02T10:45:00+00:00,52.67,52.73,52.67,52.67,92
2026-07-02T10:50:00+00:00,52.67,52.67,52.63,52.63,1197
2026-07-02T10:55:00+00:00,52.603,52.612,52.603,52.612,101
2026-07-02T11:00:00+00:00,52.73,52.9,52.65,52.75,3720
2026-07-02T11:05:00+00:00,52.83,52.9,52.65,52.7,271
2026-07-02T11:10:00+00:00,52.8,52.9,52.67,52.83,421
2026-07-02T11:15:00+00:00,52.79,52.88,52.7,52.7,3169
2026-07-02T11:20:00+00:00,52.71,52.81,52.65,52.8,195
2026-07-02T11:25:00+00:00,52.81,52.884,52.68,52.85,640
2026-07-02T11:30:00+00:00,52.884,52.884,52.834,52.86,317
2026-07-02T11:35:00+00:00,52.8,53.05,52.8,53.046,740
2026-07-02T11:40:00+00:00,53.0,53.08,52.95,53.0,2741
2026-07-02T11:45:00+00:00,53.0,53.08,52.91,53.08,5810
2026-07-02T11:50:00+00:00,53.03,53.086,53.0,53.08,837
2026-07-02T11:55:00+00:00,53.08,53.09,52.82,52.95,425
2026-07-02T12:00:00+00:00,52.91,53.08,52.82,53.08,684
2026-07-02T12:05:00+00:00,52.85,53.11,52.85,53.06,2049
2026-07-02T12:10:00+00:00,53.07,53.2,52.9,53.17,2035
2026-07-02T12:15:00+00:00,53.17,53.3,53.162,53.28,6718
2026-07-02T12:20:00+00:00,53.18,53.3,53.16,53.29,2640
2026-07-02T12:25:00+00:00,53.29,53.4,53.16,53.32,1924
2026-07-02T12:30:00+00:00,53.38,53.79,53.16,53.505,7276
2026-07-02T12:35:00+00:00,53.631,53.65,53.4,53.61,1752
2026-07-02T12:40:00+00:00,53.61,53.7,53.46,53.59,2050
2026-07-02T12:45:00+00:00,53.4,53.6,53.4,53.46,1655
2026-07-02T12:50:00+00:00,53.6,53.6,53.2,53.4,1287
2026-07-02T12:55:00+00:00,53.3,53.35,53.18,53.32,584
2026-07-02T13:00:00+00:00,53.33,53.39,53.1,53.34,2838
2026-07-02T13:05:00+00:00,53.34,53.34,53.1,53.2,1825
2026-07-02T13:10:00+00:00,53.26,53.35,53.2,53.35,562
2026-07-02T13:15:00+00:00,53.35,53.45,53.2,53.45,7517
2026-07-02T13:20:00+00:00,53.511,53.88,53.2,53.88,5037
2026-07-02T13:25:00+00:00,53.87,53.89,52.8,53.18,12636
2026-07-02T13:30:00+00:00,52.8,53.58,51.62,53.44,122562
2026-07-02T13:35:00+00:00,53.44,53.84,53.17,53.49,80060
2026-07-02T13:40:00+00:00,53.57,55.07,53.523,54.93,186363
2026-07-02T13:45:00+00:00,54.9,55.437,54.24,55.38,158537
2026-07-02T13:50:00+00:00,55.39,55.96,55.301,55.61,172719
2026-07-02T13:55:00+00:00,55.605,56.26,55.368,56.03,268940
2026-07-02T14:00:00+00:00,55.96,56.0,55.37,55.78,120027
2026-07-02T14:05:00+00:00,55.82,55.83,55.12,55.31,92544
2026-07-02T14:10:00+00:00,55.315,56.07,54.83,55.77,91186
2026-07-02T14:15:00+00:00,55.79,56.34,55.75,55.961,152546
2026-07-02T14:20:00+00:00,56.03,56.09,55.13,55.15,92383
2026-07-02T14:25:00+00:00,55.08,55.2,54.44,54.74,78394
2026-07-02T14:30:00+00:00,54.56,54.92,54.4,54.64,94359
2026-07-02T14:35:00+00:00,54.69,55.15,54.5,54.735,63407
2026-07-02T14:40:00+00:00,54.842,54.842,53.605,53.82,100943
2026-07-02T14:45:00+00:00,53.835,54.24,53.43,53.978,65727
2026-07-02T14:50:00+00:00,53.9,54.02,53.02,53.305,46484
2026-07-02T14:55:00+00:00,53.3,53.55,53.18,53.53,50366
2026-07-02T15:00:00+00:00,53.49,53.635,52.808,52.84,61216
2026-07-02T15:05:00+00:00,52.839,52.88,52.305,52.38,70662
2026-07-02T15:10:00+00:00,52.35,52.88,52.25,52.545,94340
2026-07-02T15:15:00+00:00,52.6,52.73,51.9,51.96,70047
2026-07-02T15:20:00+00:00,52.01,52.48,51.97,52.445,59023
2026-07-02T15:25:00+00:00,52.43,52.798,52.35,52.49,51771
2026-07-02T15:30:00+00:00,52.57,53.2,52.52,53.145,71152
2026-07-02T15:35:00+00:00,53.18,53.27,53.05,53.13,51577
2026-07-02T15:40:00+00:00,53.035,53.34,52.71,52.76,44120
2026-07-02T15:45:00+00:00,52.78,52.88,52.55,52.57,18321
2026-07-02T15:50:00+00:00,52.5,52.68,52.21,52.33,42444
2026-07-02T15:55:00+00:00,52.355,52.47,52.21,52.425,58748
2026-07-02T16:00:00+00:00,52.425,52.48,51.875,52.01,61161
2026-07-02T16:05:00+00:00,52.02,52.15,51.88,52.065,44700
2026-07-02T16:10:00+00:00,52.01,52.36,52.0,52.24,45808
2026-07-02T16:15:00+00:00,52.245,52.26,51.68,51.72,45481
2026-07-02T16:20:00+00:00,51.65,51.65,51.32,51.35,75210
2026-07-02T16:25:00+00:00,51.345,51.798,51.345,51.57,53064
2026-07-02T16:30:00+00:00,51.56,51.65,51.32,51.355,33593
2026-07-02T16:35:00+00:00,51.37,51.52,51.24,51.52,33333
2026-07-02T16:40:00+00:00,51.48,51.94,51.48,51.865,34010
2026-07-02T16:45:00+00:00,51.855,51.87,51.74,51.79,19339
2026-07-02T16:50:00+00:00,51.76,51.9,51.58,51.71,20976
2026-07-02T16:55:00+00:00,51.55,51.58,51.3,51.46,26616
2026-07-02T17:00:00+00:00,51.465,51.55,51.28,51.41,41638
2026-07-02T17:05:00+00:00,51.389,51.715,51.305,51.49,51903
2026-07-02T17:10:00+00:00,51.455,51.495,51.32,51.45,28194
2026-07-02T17:15:00+00:00,51.348,51.49,51.23,51.26,34540
2026-07-02T17:20:00+00:00,51.299,51.47,51.15,51.152,35722
2026-07-02T17:25:00+00:00,51.16,51.28,51.14,51.28,23503
2026-07-02T17:30:00+00:00,51.265,51.43,51.231,51.293,31031
2026-07-02T17:35:00+00:00,51.275,51.33,50.895,51.01,43764
2026-07-02T17:40:00+00:00,51.04,51.19,50.95,51.075,28989
2026-07-02T17:45:00+00:00,51.095,51.095,50.72,50.845,44210
2026-07-02T17:50:00+00:00,50.825,51.01,50.69,51.01,28968
2026-07-02T17:55:00+00:00,50.965,51.07,50.886,50.9,24288
2026-07-02T18:00:00+00:00,50.96,51.225,50.96,51.225,26082
2026-07-02T18:05:00+00:00,51.22,51.68,51.22,51.68,35555
2026-07-02T18:10:00+00:00,51.695,51.75,51.395,51.41,37789
2026-07-02T18:15:00+00:00,51.46,51.46,51.12,51.21,22115
2026-07-02T18:20:00+00:00,51.19,51.33,51.18,51.31,18928
2026-07-02T18:25:00+00:00,51.29,51.65,51.28,51.65,27780
2026-07-02T18:30:00+00:00,51.68,51.744,51.43,51.43,26637
2026-07-02T18:35:00+00:00,51.45,51.628,51.375,51.628,24622
2026-07-02T18:40:00+00:00,51.63,51.69,51.56,51.58,25771
2026-07-02T18:45:00+00:00,51.57,51.59,51.385,51.535,17386
2026-07-02T18:50:00+00:00,51.52,51.67,51.31,51.372,30182
2026-07-02T18:55:00+00:00,51.35,51.46,51.22,51.45,20796
2026-07-02T19:00:00+00:00,51.47,51.57,51.23,51.305,32135
2026-07-02T19:05:00+00:00,51.305,51.305,51.01,51.215,48351
2026-07-02T19:10:00+00:00,51.205,51.45,51.11,51.45,27477
2026-07-02T19:15:00+00:00,51.435,51.475,51.2,51.23,33167
2026-07-02T19:20:00+00:00,51.265,51.265,50.96,51.12,45865
2026-07-02T19:25:00+00:00,51.09,51.524,51.03,51.45,29073
2026-07-02T19:30:00+00:00,51.456,51.55,51.34,51.515,31737
2026-07-02T19:35:00+00:00,51.51,51.64,51.39,51.595,32461
2026-07-02T19:40:00+00:00,51.58,51.898,51.58,51.898,42143
2026-07-02T19:45:00+00:00,51.92,52.0,51.74,51.88,53736
2026-07-02T19:50:00+00:00,51.93,52.05,51.87,52.02,62653
2026-07-02T19:55:00+00:00,52.01,52.56,51.99,52.36,214426
2026-07-02T20:00:00+00:00,52.36,52.63,52.08,52.4,191697
2026-07-02T20:05:00+00:00,52.413,53.7,52.37,53.2,48634
2026-07-02T20:10:00+00:00,52.36,53.19,52.36,52.82,5613
2026-07-02T20:15:00+00:00,52.57,52.92,52.55,52.73,3418
2026-07-02T20:20:00+00:00,52.55,52.86,52.448,52.448,2761
2026-07-02T20:25:00+00:00,52.6,52.6,52.44,52.549,1280
2026-07-02T20:30:00+00:00,52.44,52.6,52.393,52.509,3123
2026-07-02T20:35:00+00:00,52.6,52.69,52.258,52.45,10772
2026-07-02T20:40:00+00:00,52.684,52.69,52.45,52.55,507
2026-07-02T20:45:00+00:00,52.69,52.86,52.48,52.86,229
2026-07-02T20:50:00+00:00,52.8,52.8,52.55,52.659,555
2026-07-02T20:55:00+00:00,52.55,52.86,52.535,52.535,1462
2026-07-02T21:00:00+00:00,52.86,52.86,52.48,52.8,140
2026-07-02T21:05:00+00:00,52.8,52.8,52.65,52.8,1379
2026-07-02T21:10:00+00:00,52.65,52.8,52.48,52.48,988
2026-07-02T21:15:00+00:00,52.604,52.77,52.48,52.6,163
2026-07-02T21:20:00+00:00,52.6,52.6,52.48,52.52,455
2026-07-02T21:25:00+00:00,52.48,52.7,52.48,52.64,340
2026-07-02T21:30:00+00:00,52.64,52.64,52.48,52.48,947
2026-07-02T21:35:00+00:00,52.59,52.63,52.48,52.54,178
2026-07-02T21:40:00+00:00,52.48,52.75,52.48,52.55,754
2026-07-02T21:45:00+00:00,52.55,52.75,52.5,52.64,906
2026-07-02T21:50:00+00:00,52.5,52.75,52.5,52.75,25300
2026-07-02T21:55:00+00:00,52.65,52.7,52.6,52.7,124
2026-07-02T22:00:00+00:00,52.53,52.75,52.5,52.65,1020
2026-07-02T22:05:00+00:00,52.65,52.75,52.5,52.65,253
2026-07-02T22:10:00+00:00,52.65,52.679,52.6,52.61,262
2026-07-02T22:15:00+00:00,52.61,52.67,52.6,52.64,751
2026-07-02T22:20:00+00:00,52.64,52.67,52.51,52.55,2819
2026-07-02T22:25:00+00:00,52.626,52.75,52.56,52.56,261
2026-07-02T22:30:00+00:00,52.533,52.75,52.533,52.533,755
2026-07-02T22:35:00+00:00,52.75,52.75,52.56,52.65,345
2026-07-02T22:40:00+00:00,52.65,52.75,52.5,52.75,793
2026-07-02T22:45:00+00:00,52.746,52.746,52.6,52.65,253
2026-07-02T22:50:00+00:00,52.652,52.71,52.55,52.55,120
2026-07-02T22:55:00+00:00,52.61,52.75,52.61,52.74,122
2026-07-02T23:00:00+00:00,52.73,52.75,52.5,52.65,459
2026-07-02T23:05:00+00:00,52.65,52.75,52.65,52.75,250
2026-07-02T23:10:00+00:00,52.74,52.75,52.684,52.684,133
2026-07-02T23:15:00+00:00,52.675,52.75,52.5,52.75,219
2026-07-02T23:20:00+00:00,52.75,52.75,52.533,52.718,59
2026-07-02T23:25:00+00:00,52.52,52.75,52.5,52.696,498
2026-07-02T23:30:00+00:00,52.68,52.75,52.51,52.55,373
2026-07-02T23:35:00+00:00,52.6,52.685,52.55,52.65,107
2026-07-02T23:40:00+00:00,52.7,52.7,52.5,52.5,305
2026-07-02T23:45:00+00:00,52.51,52.75,52.5,52.75,822
2026-07-02T23:50:00+00:00,52.6,52.75,52.5,52.533,110
2026-07-02T23:55:00+00:00,52.5,52.75,52.5,52.52,373
2026-07-06T08:00:00+00:00,52.89,53.229,52.538,52.88,6414
2026-07-06T08:05:00+00:00,52.9,53.29,52.68,53.09,6503
2026-07-06T08:10:00+00:00,53.09,53.283,53.09,53.09,121
2026-07-06T08:15:00+00:00,53.045,53.29,52.811,52.961,155
2026-07-06T08:20:00+00:00,53.02,53.02,52.84,52.84,250
2026-07-06T08:25:00+00:00,52.86,53.08,52.86,53.08,124
2026-07-06T08:30:00+00:00,53.08,53.08,52.85,52.85,47
2026-07-06T08:35:00+00:00,53.0,53.0,52.85,52.9,27
2026-07-06T08:40:00+00:00,52.9,53.2,52.9,53.0,238
2026-07-06T08:45:00+00:00,53.0,53.15,53.0,53.15,471
2026-07-06T08:50:00+00:00,53.15,53.15,53.06,53.12,717
2026-07-06T08:55:00+00:00,53.12,53.15,52.975,53.15,353
2026-07-06T09:00:00+00:00,53.2,53.2,52.811,53.02,151
2026-07-06T09:05:00+00:00,53.02,53.278,53.0,53.0,186
2026-07-06T09:10:00+00:00,53.14,53.15,53.1,53.12,282
2026-07-06T09:15:00+00:00,53.1,53.12,53.1,53.11,40
2026-07-06T09:20:00+00:00,53.11,53.11,52.811,52.811,106
2026-07-06T09:25:00+00:00,53.1,53.11,52.871,53.06,151
2026-07-06T09:30:00+00:00,53.01,53.06,52.86,52.95,740
2026-07-06T09:35:00+00:00,53.04,53.04,52.87,52.955,124
2026-07-06T09:40:00+00:00,53.11,53.11,53.0,53.05,422
2026-07-06T09:45:00+00:00,52.94,53.0,52.9,53.0,314
2026-07-06T09:50:00+00:00,53.0,53.0,53.0,53.0,0
2026-07-06T09:55:00+00:00,53.11,53.11,52.811,52.811,102
2026-07-06T10:00:00+00:00,52.8,53.11,52.8,52.98,215
2026-07-06T10:05:00+00:00,52.94,52.94,52.9,52.9,13
2026-07-06T10:10:00+00:00,52.81,53.08,52.81,53.07,148
2026-07-06T10:15:00+00:00,52.87,52.92,52.87,52.92,53
2026-07-06T10:20:00+00:00,53.08,53.08,52.86,52.86,252
2026-07-06T10:25:00+00:00,52.9,52.9,52.82,52.82,39
2026-07-06T10:30:00+00:00,53.08,53.08,52.81,52.81,21
2026-07-06T10:35:00+00:00,52.82,52.92,52.82,52.9,84
2026-07-06T10:40:00+00:00,52.86,52.86,52.86,52.86,10
2026-07-06T10:45:00+00:00,52.82,52.83,52.8,52.83,220
2026-07-06T10:50:00+00:00,52.76,52.79,52.73,52.74,33
2026-07-06T10:55:00+00:00,52.748,52.748,52.66,52.66,277
2026-07-06T11:00:00+00:00,52.825,52.991,52.62,52.62,2517
2026-07-06T11:05:00+00:00,52.6,52.808,52.5,52.5,1705
2026-07-06T11:10:00+00:00,52.48,52.53,52.36,52.5,3681
2026-07-06T11:15:00+00:00,52.5,53.0,52.36,52.69,1471
2026-07-06T11:20:00+00:00,52.7,53.0,52.541,52.57,1591
2026-07-06T11:25:00+00:00,52.639,52.69,52.51,52.595,1532
2026-07-06T11:30:00+00:00,52.59,52.69,52.59,52.67,1152
2026-07-06T11:35:00+00:00,52.76,53.0,52.59,52.67,78
2026-07-06T11:40:00+00:00,53.0,53.0,52.68,52.796,263
2026-07-06T11:45:00+00:00,52.8,52.83,52.8,52.8,297
2026-07-06T11:50:00+00:00,52.73,53.0,52.68,52.86,2269
2026-07-06T11:55:00+00:00,52.708,52.86,52.708,52.84,646
2026-07-06T12:00:00+00:00,52.748,52.99,52.7,52.86,3019
2026-07-06T12:05:00+00:00,52.711,52.94,52.7,52.7,491
2026-07-06T12:10:00+00:00,52.81,52.94,52.7,52.9,3833
2026-07-06T12:15:00+00:00,52.9,52.9,52.8,52.85,679
2026-07-06T12:20:00+00:00,52.85,52.9,52.7,52.7,1228
2026-07-06T12:25:00+00:00,52.71,52.81,52.7,52.81,123
2026-07-06T12:30:00+00:00,52.81,52.88,52.75,52.78,1783
2026-07-06T12:35:00+00:00,52.78,52.94,52.75,52.82,4262
2026-07-06T12:40:00+00:00,52.819,52.819,52.61,52.8,2170
2026-07-06T12:45:00+00:00,52.79,52.9,52.7,52.79,902
2026-07-06T12:50:00+00:00,52.8,52.8,52.69,52.7,5055
2026-07-06T12:55:00+00:00,52.73,52.8,52.68,52.79,512
2026-07-06T13:00:00+00:00,52.75,52.8,52.61,52.8,1413
2026-07-06T13:05:00+00:00,52.7,52.8,52.55,52.8,1995
2026-07-06T13:10:00+00:00,52.55,52.8,52.35,52.37,2618
2026-07-06T13:15:00+00:00,52.66,52.77,51.81,52.48,4651
2026-07-06T13:20:00+00:00,52.367,52.5,52.1,52.29,1944
2026-07-06T13:25:00+00:00,52.4,52.75,51.5,51.64,12932
2026-07-06T13:30:00+00:00,51.4,52.38,50.755,51.59,137092
2026-07-06T13:35:00+00:00,51.34,51.59,50.25,51.146,285802
2026-07-06T13:40:00+00:00,51.16,53.07,51.16,52.71,136618
2026-07-06T13:45:00+00:00,52.74,52.765,51.975,52.35,98859
2026-07-06T13:50:00+00:00,52.16,52.48,51.82,52.255,63845
2026-07-06T13:55:00+00:00,52.255,52.38,52.0,52.275,53251
2026-07-06T14:00:00+00:00,52.27,52.27,51.4,51.46,53408
2026-07-06T14:05:00+00:00,51.49,51.84,51.125,51.6,81908
2026-07-06T14:10:00+00:00,51.55,51.7,51.33,51.44,72907
2026-07-06T14:15:00+00:00,51.385,51.7,51.36,51.589,45285
2026-07-06T14:20:00+00:00,51.61,51.99,51.55,51.656,38006
2026-07-06T14:25:00+00:00,51.55,52.02,51.55,51.97,46686
2026-07-06T14:30:00+00:00,51.97,52.3,51.88,52.05,72090
2026-07-06T14:35:00+00:00,52.0,52.13,51.575,51.575,51616
2026-07-06T14:40:00+00:00,51.52,51.82,51.39,51.775,63027
2026-07-06T14:45:00+00:00,51.825,52.08,51.71,51.88,36921
2026-07-06T14:50:00+00:00,51.92,52.03,51.795,51.795,38664
2026-07-06T14:55:00+00:00,51.78,51.955,51.49,51.92,27815
2026-07-06T15:00:00+00:00,51.99,52.22,51.85,51.89,54719
2026-07-06T15:05:00+00:00,51.88,52.07,51.825,51.92,36074
2026-07-06T15:10:00+00:00,51.975,52.15,51.85,52.1,35165
2026-07-06T15:15:00+00:00,52.14,52.16,51.69,51.9,47623
2026-07-06T15:20:00+00:00,51.88,51.885,51.7,51.765,32118
2026-07-06T15:25:00+00:00,51.8,51.92,51.62,51.815,22249
2026-07-06T15:30:00+00:00,51.805,51.92,51.74,51.74,26579
2026-07-06T15:35:00+00:00,51.73,51.76,51.55,51.7,22668
2026-07-06T15:40:00+00:00,51.678,51.93,51.62,51.902,27349
2026-07-06T15:45:00+00:00,51.89,52.06,51.52,51.77,217614
2026-07-06T15:50:00+00:00,51.79,51.9,51.73,51.81,25107
2026-07-06T15:55:00+00:00,51.8,51.91,51.725,51.87,32503
2026-07-06T16:00:00+00:00,51.9,51.9,51.72,51.755,16971
2026-07-06T16:05:00+00:00,51.75,51.83,51.63,51.745,47924
2026-07-06T16:10:00+00:00,51.745,51.88,51.65,51.755,46240
2026-07-06T16:15:00+00:00,51.755,51.89,51.7,51.8,25725
2026-07-06T16:20:00+00:00,51.81,51.97,51.67,51.715,41223
2026-07-06T16:25:00+00:00,51.69,51.79,51.595,51.79,26349
2026-07-06T16:30:00+00:00,51.79,51.86,51.73,51.84,19074
2026-07-06T16:35:00+00:00,51.86,51.94,51.73,51.73,19522
2026-07-06T16:40:00+00:00,51.72,51.78,51.64,51.72,20708
2026-07-06T16:45:00+00:00,51.675,51.815,51.62,51.655,23540
2026-07-06T16:50:00+00:00,51.655,51.69,51.37,51.39,30249
2026-07-06T16:55:00+00:00,51.41,51.435,51.19,51.202,39939
2026-07-06T17:00:00+00:00,51.21,51.46,51.17,51.425,45224
2026-07-06T17:05:00+00:00,51.44,51.618,51.4,51.58,27118
2026-07-06T17:10:00+00:00,51.619,51.689,51.53,51.64,25665
2026-07-06T17:15:00+00:00,51.66,51.687,51.4,51.44,26450
2026-07-06T17:20:00+00:00,51.425,51.425,51.165,51.22,19574
2026-07-06T17:25:00+00:00,51.32,51.39,51.195,51.23,32482
2026-07-06T17:30:00+00:00,51.201,51.27,51.031,51.13,42718
2026-07-06T17:35:00+00:00,51.1,51.22,51.078,51.178,28678
2026-07-06T17:40:00+00:00,51.199,51.199,50.955,50.96,52586
2026-07-06T17:45:00+00:00,50.985,51.15,50.93,51.105,32501
2026-07-06T17:50:00+00:00,51.115,51.24,51.03,51.1,23087
2026-07-06T17:55:00+00:00,51.115,51.125,50.938,51.01,17496
2026-07-06T18:00:00+00:00,51.02,51.246,50.952,51.24,23553
2026-07-06T18:05:00+00:00,51.22,51.4,51.22,51.36,22478
2026-07-06T18:10:00+00:00,51.335,51.4,51.27,51.289,19599
2026-07-06T18:15:00+00:00,51.31,51.47,51.306,51.4,30820
2026-07-06T18:20:00+00:00,51.41,51.49,51.34,51.355,11619
2026-07-06T18:25:00+00:00,51.37,51.38,51.24,51.24,13464
2026-07-06T18:30:00+00:00,51.24,51.28,51.11,51.12,19637
2026-07-06T18:35:00+00:00,51.1,51.2,50.94,50.95,28067
2026-07-06T18:40:00+00:00,50.92,50.992,50.82,50.87,58438
2026-07-06T18:45:00+00:00,50.835,51.03,50.82,51.015,32786
2026-07-06T18:50:00+00:00,51.0,51.1,50.935,51.025,26861
2026-07-06T18:55:00+00:00,51.055,51.06,50.93,50.96,16935
2026-07-06T19:00:00+00:00,50.99,51.042,50.933,50.99,22864
2026-07-06T19:05:00+00:00,50.97,51.05,50.84,50.99,26953
2026-07-06T19:10:00+00:00,50.99,51.09,50.91,51.057,60996
2026-07-06T19:15:00+00:00,51.09,51.14,50.89,51.135,25923
2026-07-06T19:20:00+00:00,51.11,51.52,51.006,51.395,85926
2026-07-06T19:25:00+00:00,51.39,51.91,51.34,51.825,139537
2026-07-06T19:30:00+00:00,51.85,51.86,51.525,51.66,89479
2026-07-06T19:35:00+00:00,51.685,51.72,51.48,51.63,58309
2026-07-06T19:40:00+00:00,51.595,51.88,51.528,51.81,47183
2026-07-06T19:45:00+00:00,51.84,52.05,51.83,52.03,73454
2026-07-06T19:50:00+00:00,51.99,52.11,51.84,52.02,126870
2026-07-06T19:55:00+00:00,52.005,52.19,51.84,51.84,211795
2026-07-06T20:00:00+00:00,51.84,51.9,51.727,51.84,167164
2026-07-06T20:05:00+00:00,51.84,52.07,51.84,51.92,4179
2026-07-06T20:10:00+00:00,51.84,51.95,51.84,51.84,968
2026-07-06T20:15:00+00:00,51.84,51.95,51.8,51.95,618
2026-07-06T20:20:00+00:00,51.931,51.95,51.8,51.95,593
2026-07-06T20:25:00+00:00,51.85,51.95,51.8,51.93,685
2026-07-06T20:30:00+00:00,51.85,51.93,51.85,51.85,657
2026-07-06T20:35:00+00:00,51.889,51.95,51.8,51.92,864
2026-07-06T20:40:00+00:00,51.89,51.95,51.85,51.89,111
2026-07-06T20:45:00+00:00,51.87,51.87,51.5,51.5,3680
2026-07-06T20:50:00+00:00,51.5,51.75,51.5,51.74,267
2026-07-06T20:55:00+00:00,51.73,51.74,51.5,51.595,141
2026-07-06T21:00:00+00:00,51.74,51.74,51.6,51.739,445
2026-07-06T21:05:00+00:00,51.78,51.78,51.5,51.5,582
2026-07-06T21:10:00+00:00,51.5,51.78,51.5,51.75,2658
2026-07-06T21:15:00+00:00,51.6,51.78,51.6,51.78,220
2026-07-06T21:20:00+00:00,51.769,51.78,51.65,51.651,762
2026-07-06T21:25:00+00:00,51.76,51.78,51.687,51.78,166
2026-07-06T21:30:00+00:00,51.65,51.78,51.65,51.78,165
2026-07-06T21:35:00+00:00,51.78,51.78,51.7,51.7,230
2026-07-06T21:40:00+00:00,51.8,51.99,51.776,51.99,760
2026-07-06T21:45:00+00:00,51.89,52.0,51.77,51.85,182
2026-07-06T21:50:00+00:00,51.93,51.93,51.85,51.929,1070
2026-07-06T21:55:00+00:00,51.92,52.0,51.92,52.0,623
2026-07-06T22:00:00+00:00,51.85,51.981,51.8,51.981,84
2026-07-06T22:05:00+00:00,51.85,51.99,51.85,51.851,604
2026-07-06T22:10:00+00:00,51.89,51.981,51.85,51.89,104
2026-07-06T22:15:00+00:00,51.935,51.99,51.801,51.99,974
2026-07-06T22:20:00+00:00,51.879,51.99,51.75,51.8,1867
2026-07-06T22:25:00+00:00,51.89,51.99,51.8,51.93,117
2026-07-06T22:30:00+00:00,51.99,51.99,51.85,51.99,177
2026-07-06T22:35:00+00:00,51.98,51.98,51.801,51.97,1484
2026-07-06T22:40:00+00:00,51.8,51.957,51.8,51.84,837
2026-07-06T22:45:00+00:00,51.83,51.93,51.75,51.75,130
2026-07-06T22:50:00+00:00,51.78,51.95,51.69,51.75,79
2026-07-06T22:55:00+00:00,51.923,51.95,51.65,51.87,153
2026-07-06T23:00:00+00:00,51.87,51.91,51.65,51.88,416
2026-07-06T23:05:00+00:00,51.88,51.92,51.88,51.92,208
2026-07-06T23:10:00+00:00,51.685,51.92,51.685,51.7,1215
2026-07-06T23:15:00+00:00,51.65,51.92,51.65,51.74,258
2026-07-06T23:20:00+00:00,51.741,51.92,51.74,51.92,366
2026-07-06T23:25:00+00:00,51.84,51.92,51.84,51.92,59
2026-07-06T23:30:00+00:00,51.797,51.797,51.74,51.763,591
2026-07-06T23:35:00+00:00,51.75,51.92,51.75,51.86,73
2026-07-06T23:40:00+00:00,51.74,51.92,51.74,51.92,58
2026-07-06T23:45:00+00:00,51.92,51.92,51.65,51.709,8187
2026-07-06T23:50:00+00:00,51.53,51.74,51.53,51.62,543
2026-07-06T23:55:00+00:00,51.581,51.9,51.53,51.53,2236
2026-07-07T08:00:00+00:00,51.16,51.6,50.61,51.14,9125
2026-07-07T08:05:00+00:00,51.14,51.42,50.61,50.84,1659
2026-07-07T08:10:00+00:00,51.098,51.14,51.033,51.13,353
2026-07-07T08:15:00+00:00,51.13,51.31,51.11,51.2,726
2026-07-07T08:20:00+00:00,51.31,51.31,51.195,51.27,99
2026-07-07T08:25:00+00:00,51.27,51.27,51.24,51.24,98
2026-07-07T08:30:00+00:00,51.19,51.23,51.19,51.23,54
2026-07-07T08:35:00+00:00,51.23,51.25,51.19,51.24,1038
2026-07-07T08:40:00+00:00,51.3,51.31,51.185,51.19,466
2026-07-07T08:45:00+00:00,51.19,51.4,51.19,51.4,7
2026-07-07T08:50:00+00:00,51.23,51.23,51.23,51.23,10
2026-07-07T08:55:00+00:00,51.23,51.23,51.23,51.23,2
2026-07-07T09:00:00+00:00,51.2,51.3,51.18,51.3,321
2026-07-07T09:05:00+00:00,51.3,51.3,51.26,51.26,4
2026-07-07T09:10:00+00:00,51.24,51.36,51.24,51.25,90
2026-07-07T09:15:00+00:00,51.354,51.354,51.28,51.3,150
2026-07-07T09:20:00+00:00,51.27,51.32,51.246,51.246,143
2026-07-07T09:25:00+00:00,51.31,51.31,51.31,51.31,6
2026-07-07T09:30:00+00:00,51.354,51.36,51.243,51.255,32
2026-07-07T09:35:00+00:00,51.247,51.247,51.21,51.21,7
2026-07-07T09:40:00+00:00,51.255,51.31,51.25,51.27,115
2026-07-07T09:45:00+00:00,51.272,51.272,51.19,51.2,221
2026-07-07T09:50:00+00:00,51.2,51.25,51.2,51.25,33
2026-07-07T09:55:00+00:00,51.244,51.244,51.146,51.22,1787
2026-07-07T10:00:00+00:00,51.266,51.27,51.23,51.27,55
2026-07-07T10:05:00+00:00,51.2,51.2,51.2,51.2,20
2026-07-07T10:10:00+00:00,51.19,51.23,51.19,51.2,50
2026-07-07T10:15:00+00:00,51.17,51.55,51.17,51.52,4290
2026-07-07T10:20:00+00:00,51.51,51.54,51.51,51.54,610
2026-07-07T10:25:00+00:00,51.54,51.55,51.46,51.48,349
2026-07-07T10:30:00+00:00,51.53,51.53,51.459,51.459,33
2026-07-07T10:35:00+00:00,51.35,51.36,51.35,51.36,4
2026-07-07T10:40:00+00:00,51.42,51.47,51.35,51.47,489
2026-07-07T10:45:00+00:00,51.414,51.414,51.36,51.36,32
2026-07-07T10:50:00+00:00,51.3,51.3,51.22,51.25,1575
2026-07-07T10:55:00+00:00,51.305,51.32,51.28,51.32,24
2026-07-07T11:00:00+00:00,51.36,51.36,51.14,51.15,1205
2026-07-07T11:05:00+00:00,51.17,51.3,51.16,51.28,893
2026-07-07T11:10:00+00:00,51.26,51.3,51.1,51.19,1820
2026-07-07T11:15:00+00:00,51.28,51.3,51.17,51.27,974
2026-07-07T11:20:00+00:00,51.24,51.34,51.24,51.27,1510
2026-07-07T11:25:00+00:00,51.328,51.33,51.252,51.32,747
2026-07-07T11:30:00+00:00,51.33,51.33,51.155,51.17,558
2026-07-07T11:35:00+00:00,51.15,51.2,51.1,51.15,3196
2026-07-07T11:40:00+00:00,51.18,51.5,51.13,51.42,12989
2026-07-07T11:45:00+00:00,51.41,51.41,51.24,51.24,1361
2026-07-07T11:50:00+00:00,51.36,51.36,51.246,51.31,260
2026-07-07T11:55:00+00:00,51.25,51.36,51.19,51.36,751
2026-07-07T12:00:00+00:00,51.29,51.38,51.24,51.38,259
2026-07-07T12:05:00+00:00,51.43,51.47,51.35,51.354,908
2026-07-07T12:10:00+00:00,51.4,51.43,51.3,51.39,1868
2026-07-07T12:15:00+00:00,51.39,51.39,51.24,51.368,399
2026-07-07T12:20:00+00:00,51.3,51.37,51.25,51.27,1146
2026-07-07T12:25:00+00:00,51.299,51.37,51.241,51.368,876
2026-07-07T12:30:00+00:00,51.37,51.4,51.3,51.349,542
2026-07-07T12:35:00+00:00,51.348,51.4,51.246,51.4,2180
2026-07-07T12:40:00+00:00,51.313,51.4,51.252,51.29,874
2026-07-07T12:45:00+00:00,51.24,51.357,51.19,51.24,5010
2026-07-07T12:50:00+00:00,51.3,51.36,51.15,51.3,818
2026-07-07T12:55:00+00:00,51.25,51.32,51.15,51.27,2208
2026-07-07T13:00:00+00:00,51.297,51.32,51.2,51.27,1407
2026-07-07T13:05:00+00:00,51.27,51.35,51.2,51.32,669
2026-07-07T13:10:00+00:00,51.207,51.33,51.2,51.33,669
2026-07-07T13:15:00+00:00,51.34,51.4,51.17,51.17,2872
2026-07-07T13:20:00+00:00,51.23,51.34,50.97,51.03,2112
2026-07-07T13:25:00+00:00,50.95,51.2,50.51,51.2,3741
2026-07-07T13:30:00+00:00,50.85,51.384,50.6,50.703,75801
2026-07-07T13:35:00+00:00,50.75,50.846,49.85,50.2,154147
2026-07-07T13:40:00+00:00,50.24,50.561,50.12,50.385,65030
2026-07-07T13:45:00+00:00,50.33,50.43,49.2,49.273,148552
2026-07-07T13:50:00+00:00,49.25,49.34,48.72,48.78,166401
2026-07-07T13:55:00+00:00,48.78,48.815,48.4,48.58,164094
2026-07-07T14:00:00+00:00,48.54,48.685,48.33,48.454,128768
2026-07-07T14:05:00+00:00,48.47,48.625,47.85,48.08,194405
2026-07-07T14:10:00+00:00,48.02,48.04,47.45,47.46,148223
2026-07-07T14:15:00+00:00,47.45,47.69,47.36,47.6,135077
2026-07-07T14:20:00+00:00,47.68,47.68,47.165,47.165,123309
2026-07-07T14:25:00+00:00,47.11,47.37,46.95,47.37,135436
2026-07-07T14:30:00+00:00,47.29,47.6,47.24,47.29,120107
2026-07-07T14:35:00+00:00,47.34,47.38,47.02,47.084,83872
2026-07-07T14:40:00+00:00,47.095,47.3,46.975,47.19,97496
2026-07-07T14:45:00+00:00,47.19,47.659,47.18,47.52,145972
2026-07-07T14:50:00+00:00,47.52,47.98,47.52,47.745,90117
2026-07-07T14:55:00+00:00,47.78,47.92,47.57,47.735,68599
2026-07-07T15:00:00+00:00,47.7,47.78,47.58,47.66,68046
2026-07-07T15:05:00+00:00,47.655,48.035,47.6,48.035,58780
2026-07-07T15:10:00+00:00,48.06,48.07,47.685,47.685,96893
2026-07-07T15:15:00+00:00,47.6,47.63,47.37,47.455,66879
2026-07-07T15:20:00+00:00,47.45,47.69,47.405,47.495,44979
2026-07-07T15:25:00+00:00,47.495,47.57,47.37,47.45,50980
2026-07-07T15:30:00+00:00,47.49,47.67,47.43,47.605,46091
2026-07-07T15:35:00+00:00,47.58,47.58,47.347,47.36,46713
2026-07-07T15:40:00+00:00,47.34,47.48,47.23,47.48,43784
2026-07-07T15:45:00+00:00,47.53,47.73,47.47,47.515,38052
2026-07-07T15:50:00+00:00,47.515,47.8,47.515,47.68,37880
2026-07-07T15:55:00+00:00,47.66,47.73,47.61,47.715,43663
2026-07-07T16:00:00+00:00,47.69,48.11,47.69,48.03,71101
2026-07-07T16:05:00+00:00,48.03,48.25,47.86,47.94,59829
2026-07-07T16:10:00+00:00,47.95,48.11,47.95,48.035,39007
2026-07-07T16:15:00+00:00,48.02,48.38,47.97,48.24,113694
2026-07-07T16:20:00+00:00,48.23,48.6,48.23,48.43,75298
2026-07-07T16:25:00+00:00,48.41,48.68,48.41,48.58,53717
2026-07-07T16:30:00+00:00,48.56,48.67,48.4,48.415,39066
2026-07-07T16:35:00+00:00,48.415,48.485,48.25,48.31,73584
2026-07-07T16:40:00+00:00,48.325,48.47,48.24,48.42,31917
2026-07-07T16:45:00+00:00,48.42,48.63,48.39,48.63,29910
2026-07-07T16:50:00+00:00,48.62,48.88,48.62,48.71,43004
2026-07-07T16:55:00+00:00,48.69,49.16,48.69,49.16,117508
2026-07-07T17:00:00+00:00,49.13,49.31,48.9,49.31,47484
2026-07-07T17:05:00+00:00,49.23,49.45,49.23,49.325,44810
2026-07-07T17:10:00+00:00,49.34,49.43,49.069,49.09,143192
2026-07-07T17:15:00+00:00,49.12,49.24,49.01,49.155,60822
2026-07-07T17:20:00+00:00,49.165,49.28,49.095,49.17,89616
2026-07-07T17:25:00+00:00,49.13,49.18,49.05,49.14,21845
2026-07-07T17:30:00+00:00,49.17,49.43,49.166,49.36,43185
2026-07-07T17:35:00+00:00,49.33,49.52,49.3,49.433,36924
2026-07-07T17:40:00+00:00,49.39,49.62,49.39,49.59,26964
2026-07-07T17:45:00+00:00,49.59,49.63,49.44,49.54,62426
2026-07-07T17:50:00+00:00,49.54,49.54,49.43,49.465,15089
2026-07-07T17:55:00+00:00,49.48,49.56,49.42,49.56,19922
2026-07-07T18:00:00+00:00,49.585,49.669,49.41,49.52,74281
2026-07-07T18:05:00+00:00,49.55,49.66,49.24,49.304,90427
2026-07-07T18:10:00+00:00,49.305,49.305,49.08,49.1,30324
2026-07-07T18:15:00+00:00,49.08,49.17,48.96,49.07,25759
2026-07-07T18:20:00+00:00,49.126,49.207,49.052,49.145,20116
2026-07-07T18:25:00+00:00,49.145,49.189,48.88,48.92,18870
2026-07-07T18:30:00+00:00,48.91,48.91,48.68,48.76,40273
2026-07-07T18:35:00+00:00,48.75,48.84,48.68,48.71,29075
2026-07-07T18:40:00+00:00,48.705,48.705,48.454,48.62,27123
2026-07-07T18:45:00+00:00,48.607,48.607,48.4,48.45,27238
2026-07-07T18:50:00+00:00,48.485,48.5,48.3,48.38,64053
2026-07-07T18:55:00+00:00,48.34,48.37,48.24,48.35,31353
2026-07-07T19:00:00+00:00,48.33,48.355,48.2,48.27,111543
2026-07-07T19:05:00+00:00,48.27,48.43,48.09,48.17,74008
2026-07-07T19:10:00+00:00,48.14,48.23,48.06,48.15,32958
2026-07-07T19:15:00+00:00,48.15,48.23,47.96,48.19,57177
2026-07-07T19:20:00+00:00,48.18,48.39,48.17,48.31,41678
2026-07-07T19:25:00+00:00,48.29,48.29,48.03,48.08,48482
2026-07-07T19:30:00+00:00,48.075,48.28,48.075,48.2,48521
2026-07-07T19:35:00+00:00,48.205,48.24,48.08,48.08,48744
2026-07-07T19:40:00+00:00,48.08,48.093,47.887,47.9,73679
2026-07-07T19:45:00+00:00,47.9,47.91,47.79,47.873,100163
2026-07-07T19:50:00+00:00,47.88,47.945,47.77,47.85,262312
2026-07-07T19:55:00+00:00,47.845,47.9,47.68,47.9,213234
2026-07-07T20:00:00+00:00,47.977,48.0,47.77,47.9,98062
2026-07-07T20:05:00+00:00,47.9,47.98,47.8,47.81,1710
2026-07-07T20:10:00+00:00,47.96,48.18,47.81,48.12,3389
2026-07-07T20:15:00+00:00,48.05,48.12,47.9,48.118,1173
2026-07-07T20:20:00+00:00,48.03,48.12,48.03,48.1,330
2026-07-07T20:25:00+00:00,48.105,48.2,48.08,48.2,431
2026-07-07T20:30:00+00:00,48.2,48.2,48.114,48.16,2601
2026-07-07T20:35:00+00:00,48.13,48.13,48.06,48.12,802
2026-07-07T20:40:00+00:00,48.07,48.1,48.06,48.1,462
2026-07-07T20:45:00+00:00,48.1,48.16,48.07,48.15,1150
2026-07-07T20:50:00+00:00,48.15,48.2,48.1,48.19,1192
2026-07-07T20:55:00+00:00,48.17,48.25,48.1,48.2,1796
2026-07-07T21:00:00+00:00,48.177,48.2,48.087,48.179,1798
2026-07-07T21:05:00+00:00,48.17,48.18,48.07,48.18,333
2026-07-07T21:10:00+00:00,48.159,48.18,48.1,48.1,854
2026-07-07T21:15:00+00:00,48.1,48.18,48.0,48.002,1296
2026-07-07T21:20:00+00:00,48.05,48.05,47.95,47.95,810
2026-07-07T21:25:00+00:00,47.93,48.1,47.9,48.1,557
2026-07-07T21:30:00+00:00,47.95,48.1,47.9,47.93,678
2026-07-07T21:35:00+00:00,48.0,48.13,47.96,47.96,1405
2026-07-07T21:40:00+00:00,47.87,48.05,47.87,48.05,752
2026-07-07T21:45:00+00:00,47.95,48.05,47.9,48.05,1252
2026-07-07T21:50:00+00:00,48.05,48.05,47.77,47.87,1148
2026-07-07T21:55:00+00:00,47.88,47.95,47.75,47.802,1007
2026-07-07T22:00:00+00:00,47.796,48.05,47.796,48.05,287
2026-07-07T22:05:00+00:00,47.94,48.0,47.9,47.931,254
2026-07-07T22:10:00+00:00,47.95,47.98,47.94,47.95,58
2026-07-07T22:15:00+00:00,48.0,48.0,47.9,47.95,176
2026-07-07T22:20:00+00:00,48.0,48.0,47.95,47.99,259
2026-07-07T22:25:00+00:00,47.99,47.99,47.94,47.94,439
2026-07-07T22:30:00+00:00,47.93,47.97,47.92,47.97,515
2026-07-07T22:35:00+00:00,47.97,47.98,47.93,47.98,640
2026-07-07T22:40:00+00:00,47.97,47.98,47.92,47.93,1717
2026-07-07T22:45:00+00:00,47.96,47.96,47.92,47.96,69
2026-07-07T22:50:00+00:00,47.959,47.97,47.95,47.97,108
2026-07-07T22:55:00+00:00,47.97,47.97,47.81,47.94,1021
2026-07-07T23:00:00+00:00,47.97,47.97,47.81,47.93,209
2026-07-07T23:05:00+00:00,47.93,47.97,47.9,47.95,227
2026-07-07T23:10:00+00:00,47.96,47.976,47.81,47.976,4719
2026-07-07T23:15:00+00:00,47.81,47.98,47.81,47.815,2281
2026-07-07T23:20:00+00:00,47.94,47.98,47.883,47.94,258
2026-07-07T23:25:00+00:00,47.94,47.94,47.932,47.94,264
2026-07-07T23:30:00+00:00,47.91,47.94,47.91,47.94,394
2026-07-07T23:35:00+00:00,47.91,47.94,47.905,47.92,258
2026-07-07T23:40:00+00:00,47.92,47.94,47.854,47.86,1262
2026-07-07T23:45:00+00:00,47.86,47.94,47.75,47.915,255
2026-07-07T23:50:00+00:00,47.775,47.94,47.75,47.822,380
2026-07-07T23:55:00+00:00,47.873,47.89,47.75,47.75,589
2026-07-08T08:00:00+00:00,47.784,48.33,47.286,47.89,12543
2026-07-08T08:05:00+00:00,47.89,48.271,47.46,47.7,3547
2026-07-08T08:10:00+00:00,47.81,47.95,47.81,47.95,39
2026-07-08T08:15:00+00:00,47.794,47.794,47.563,47.563,118
2026-07-08T08:20:00+00:00,47.54,47.54,47.299,47.299,257
2026-07-08T08:25:00+00:00,47.12,47.14,46.96,46.987,2227
2026-07-08T08:30:00+00:00,46.82,46.875,46.66,46.71,4353
2026-07-08T08:35:00+00:00,46.69,46.86,46.295,46.34,15314
2026-07-08T08:40:00+00:00,46.3,46.864,46.09,46.864,1956
2026-07-08T08:45:00+00:00,46.83,46.83,46.29,46.3,1449
2026-07-08T08:50:00+00:00,46.42,46.5,46.34,46.34,1207
2026-07-08T08:55:00+00:00,46.34,46.671,46.2,46.2,316
2026-07-08T09:00:00+00:00,46.22,46.28,46.096,46.164,433
2026-07-08T09:05:00+00:00,46.16,46.16,45.84,45.97,9988
2026-07-08T09:10:00+00:00,45.909,46.09,45.81,45.87,3298
2026-07-08T09:15:00+00:00,45.81,46.0,45.759,45.936,2223
2026-07-08T09:20:00+00:00,45.98,46.0,45.8,45.8,1096
2026-07-08T09:25:00+00:00,45.971,46.13,45.7,45.98,2240
2026-07-08T09:30:00+00:00,45.97,46.31,45.97,46.18,700
2026-07-08T09:35:00+00:00,46.0,46.58,46.0,46.29,383
2026-07-08T09:40:00+00:00,46.16,46.22,46.16,46.17,126
2026-07-08T09:45:00+00:00,46.25,46.5,46.05,46.06,542
2026-07-08T09:50:00+00:00,46.27,46.6,46.06,46.4,569
2026-07-08T09:55:00+00:00,46.23,46.491,46.061,46.22,607
2026-07-08T10:00:00+00:00,46.29,46.5,46.22,46.22,136
2026-07-08T10:05:00+00:00,46.22,46.491,46.19,46.25,205
2026-07-08T10:10:00+00:00,46.18,46.26,46.11,46.15,695
2026-07-08T10:15:00+00:00,46.18,46.32,46.18,46.3,176
2026-07-08T10:20:00+00:00,46.292,46.594,46.15,46.4,1705
2026-07-08T10:25:00+00:00,46.4,46.56,46.4,46.409,304
2026-07-08T10:30:00+00:00,46.57,46.942,46.5,46.942,1116
2026-07-08T10:35:00+00:00,46.891,46.891,46.75,46.75,40
2026-07-08T10:40:00+00:00,46.74,46.8,46.67,46.7,633
2026-07-08T10:45:00+00:00,46.69,46.75,46.61,46.61,462
2026-07-08T10:50:00+00:00,46.63,46.791,46.61,46.69,132
2026-07-08T10:55:00+00:00,46.6,46.71,46.569,46.569,342
2026-07-08T11:00:00+00:00,46.67,48.0,46.56,47.25,33582
2026-07-08T11:05:00+00:00,47.0,47.25,46.92,46.971,468
2026-07-08T11:10:00+00:00,46.82,47.25,46.68,46.9,6328
2026-07-08T11:15:00+00:00,46.88,46.9,46.63,46.63,655
2026-07-08T11:20:00+00:00,46.73,47.12,46.65,46.7,1663
2026-07-08T11:25:00+00:00,46.7,47.12,46.65,46.7,443
2026-07-08T11:30:00+00:00,46.72,46.95,46.645,46.8,330
2026-07-08T11:35:00+00:00,46.68,46.8,46.6,46.791,7284
2026-07-08T11:40:00+00:00,46.6,47.808,46.6,47.17,3147
2026-07-08T11:45:00+00:00,46.79,47.89,46.79,47.02,563
2026-07-08T11:50:00+00:00,47.0,47.53,47.0,47.01,674
2026-07-08T11:55:00+00:00,47.17,47.281,47.009,47.15,881
2026-07-08T12:00:00+00:00,47.25,47.25,46.8,47.11,4257
2026-07-08T12:05:00+00:00,47.24,47.43,47.1,47.15,746
2026-07-08T12:10:00+00:00,47.25,47.53,47.2,47.371,742
2026-07-08T12:15:00+00:00,47.31,47.5,47.25,47.25,616
2026-07-08T12:20:00+00:00,47.4,47.4,47.2,47.2,3041
2026-07-08T12:25:00+00:00,47.2,47.26,47.17,47.26,816
2026-07-08T12:30:00+00:00,47.36,47.39,47.2,47.3,942
2026-07-08T12:35:00+00:00,47.3,47.38,47.25,47.3,920
2026-07-08T12:40:00+00:00,47.35,47.378,47.25,47.37,1816
2026-07-08T12:45:00+00:00,47.37,47.4,47.25,47.39,1911
2026-07-08T12:50:00+00:00,47.369,47.48,47.31,47.48,612
2026-07-08T12:55:00+00:00,47.48,47.53,47.25,47.257,952
2026-07-08T13:00:00+00:00,47.26,47.5,47.0,47.29,753
2026-07-08T13:05:00+00:00,47.2,47.44,47.09,47.09,1501
2026-07-08T13:10:00+00:00,47.17,47.29,47.1,47.26,5675
2026-07-08T13:15:00+00:00,47.25,47.29,47.1,47.1,602
2026-07-08T13:20:00+00:00,47.109,47.29,46.8,46.86,2015
2026-07-08T13:25:00+00:00,47.1,47.525,46.92,47.463,8061
2026-07-08T13:30:00+00:00,47.535,48.48,47.0,48.48,57360
2026-07-08T13:35:00+00:00,48.413,48.61,48.02,48.345,61638
2026-07-08T13:40:00+00:00,48.29,48.608,48.13,48.24,63212
2026-07-08T13:45:00+00:00,48.24,48.27,47.75,47.81,64067
2026-07-08T13:50:00+00:00,47.81,48.04,47.62,47.88,50683
2026-07-08T13:55:00+00:00,47.83,48.37,47.67,48.205,43987
2026-07-08T14:00:00+00:00,48.14,48.4,47.94,47.99,43068
2026-07-08T14:05:00+00:00,47.99,48.06,47.78,47.855,33074
2026-07-08T14:10:00+00:00,47.81,47.83,47.38,47.47,62004
2026-07-08T14:15:00+00:00,47.51,47.609,47.31,47.39,42817
2026-07-08T14:20:00+00:00,47.37,47.99,47.3,47.63,66757
2026-07-08T14:25:00+00:00,47.67,47.8,47.552,47.7,37310
2026-07-08T14:30:00+00:00,47.68,47.75,47.45,47.7,35034
2026-07-08T14:35:00+00:00,47.65,47.65,47.311,47.311,40346
2026-07-08T14:40:00+00:00,47.33,47.37,47.1,47.235,42163
2026-07-08T14:45:00+00:00,47.12,47.19,46.63,46.64,96313
2026-07-08T14:50:00+00:00,46.635,47.15,46.53,47.03,76006
2026-07-08T14:55:00+00:00,47.05,47.18,46.72,46.85,60364
2026-07-08T15:00:00+00:00,46.88,46.949,46.68,46.702,34936
2026-07-08T15:05:00+00:00,46.7,46.94,46.66,46.81,40147
2026-07-08T15:10:00+00:00,46.79,46.81,46.524,46.58,39022
2026-07-08T15:15:00+00:00,46.59,46.66,46.295,46.535,77352
2026-07-08T15:20:00+00:00,46.5,46.5,46.12,46.14,58202
2026-07-08T15:25:00+00:00,46.14,46.24,46.04,46.18,68341
2026-07-08T15:30:00+00:00,46.2,46.244,46.024,46.21,48318
2026-07-08T15:35:00+00:00,46.21,46.37,46.09,46.13,54507
2026-07-08T15:40:00+00:00,46.115,46.26,46.04,46.13,58233
2026-07-08T15:45:00+00:00,46.115,46.17,45.98,46.07,49210
2026-07-08T15:50:00+00:00,46.04,46.06,45.83,46.01,62666
2026-07-08T15:55:00+00:00,45.99,46.08,45.93,45.965,35565
2026-07-08T16:00:00+00:00,45.96,46.25,45.935,46.18,50049
2026-07-08T16:05:00+00:00,46.19,46.37,46.19,46.34,48595
2026-07-08T16:10:00+00:00,46.345,46.5,46.33,46.37,32153
2026-07-08T16:15:00+00:00,46.37,46.37,46.2,46.299,35530
2026-07-08T16:20:00+00:00,46.3,46.46,46.28,46.3,40557
2026-07-08T16:25:00+00:00,46.3,46.44,46.3,46.34,24800
2026-07-08T16:30:00+00:00,46.325,46.49,46.17,46.179,54112
2026-07-08T16:35:00+00:00,46.18,46.34,46.03,46.27,71009
2026-07-08T16:40:00+00:00,46.203,46.4,46.15,46.37,17592
2026-07-08T16:45:00+00:00,46.36,46.539,46.27,46.539,21823
2026-07-08T16:50:00+00:00,46.545,46.69,46.51,46.64,23513
2026-07-08T16:55:00+00:00,46.58,46.66,46.491,46.61,19466
2026-07-08T17:00:00+00:00,46.61,46.61,46.365,46.365,19760
2026-07-08T17:05:00+00:00,46.35,46.4,46.24,46.37,25648
2026-07-08T17:10:00+00:00,46.34,46.37,46.2,46.24,18706
2026-07-08T17:15:00+00:00,46.21,46.485,46.19,46.45,29863
2026-07-08T17:20:00+00:00,46.455,46.63,46.38,46.63,21990
2026-07-08T17:25:00+00:00,46.64,46.74,46.545,46.74,47101
2026-07-08T17:30:00+00:00,46.73,46.86,46.73,46.795,22628
2026-07-08T17:35:00+00:00,46.795,46.88,46.72,46.79,36506
2026-07-08T17:40:00+00:00,46.785,46.81,46.6,46.6,37254
2026-07-08T17:45:00+00:00,46.6,46.6,46.46,46.472,33797
2026-07-08T17:50:00+00:00,46.505,46.75,46.47,46.61,29475
2026-07-08T17:55:00+00:00,46.57,46.62,46.53,46.62,40816
2026-07-08T18:00:00+00:00,46.59,46.99,46.555,46.955,23413
2026-07-08T18:05:00+00:00,46.975,47.1,46.935,47.074,34757
2026-07-08T18:10:00+00:00,47.07,47.255,47.02,47.204,26170
2026-07-08T18:15:00+00:00,47.195,47.22,47.0,47.17,46287
2026-07-08T18:20:00+00:00,47.17,47.22,47.1,47.12,27652
2026-07-08T18:25:00+00:00,47.14,47.19,47.07,47.19,20855
2026-07-08T18:30:00+00:00,47.13,47.25,47.1,47.14,31671
2026-07-08T18:35:00+00:00,47.15,47.26,47.14,47.17,22959
2026-07-08T18:40:00+00:00,47.21,47.278,47.13,47.261,27202
2026-07-08T18:45:00+00:00,47.27,47.41,47.21,47.4,25900
2026-07-08T18:50:00+00:00,47.37,47.5,47.13,47.13,41777
2026-07-08T18:55:00+00:00,47.145,47.16,47.02,47.16,50211
2026-07-08T19:00:00+00:00,47.159,47.245,47.095,47.2,34967
2026-07-08T19:05:00+00:00,47.21,47.25,47.062,47.062,31294
2026-07-08T19:10:00+00:00,47.06,47.06,46.81,46.915,51949
2026-07-08T19:15:00+00:00,46.915,46.93,46.8,46.88,31793
2026-07-08T19:20:00+00:00,46.93,47.07,46.89,47.035,29934
2026-07-08T19:25:00+00:00,47.07,47.165,47.025,47.125,34928
2026-07-08T19:30:00+00:00,47.14,47.19,47.03,47.125,35235
2026-07-08T19:35:00+00:00,47.11,47.24,47.0,47.23,42074
2026-07-08T19:40:00+00:00,47.23,47.33,47.2,47.26,49340
2026-07-08T19:45:00+00:00,47.27,47.27,47.08,47.27,50072
2026-07-08T19:50:00+00:00,47.29,47.39,47.16,47.39,91222
2026-07-08T19:55:00+00:00,47.39,47.48,47.265,47.28,185775
2026-07-08T20:00:00+00:00,47.33,47.45,47.0,47.28,124998
2026-07-08T20:05:00+00:00,47.05,47.28,47.05,47.27,2235
2026-07-08T20:10:00+00:00,47.28,47.44,47.12,47.44,3009
2026-07-08T20:15:00+00:00,47.28,47.45,47.12,47.31,525
2026-07-08T20:20:00+00:00,47.22,47.31,47.148,47.249,355
2026-07-08T20:25:00+00:00,47.23,47.23,47.12,47.14,1089
2026-07-08T20:30:00+00:00,47.21,47.25,47.12,47.15,728
2026-07-08T20:35:00+00:00,47.15,47.15,47.0,47.1,384
2026-07-08T20:40:00+00:00,47.209,47.24,47.03,47.22,345
2026-07-08T20:45:00+00:00,47.058,47.23,47.057,47.23,34
2026-07-08T20:50:00+00:00,47.061,47.23,47.0,47.23,389
2026-07-08T20:55:00+00:00,47.23,47.23,47.05,47.16,181
2026-07-08T21:00:00+00:00,47.23,47.23,47.15,47.22,281
2026-07-08T21:05:00+00:00,47.22,47.22,47.14,47.22,412
2026-07-08T21:10:00+00:00,47.21,47.219,47.05,47.1,7897
2026-07-08T21:15:00+00:00,47.21,47.21,47.11,47.11,327
2026-07-08T21:20:00+00:00,47.216,47.22,47.05,47.18,562
2026-07-08T21:25:00+00:00,47.18,47.19,47.159,47.16,2262
2026-07-08T21:30:00+00:00,47.18,47.22,47.18,47.22,72
2026-07-08T21:35:00+00:00,47.21,47.25,47.17,47.25,372
2026-07-08T21:40:00+00:00,47.29,47.44,47.1,47.1,221
2026-07-08T21:45:00+00:00,47.23,47.31,47.2,47.29,629
2026-07-08T21:50:00+00:00,47.29,47.31,47.29,47.31,28
2026-07-08T21:55:00+00:00,47.28,47.284,47.28,47.28,269
2026-07-08T22:00:00+00:00,47.15,47.3,47.15,47.3,465
2026-07-08T22:05:00+00:00,47.269,47.31,47.11,47.25,33351
2026-07-08T22:10:00+00:00,47.26,47.3,47.23,47.26,51
2026-07-08T22:15:00+00:00,47.284,47.31,47.11,47.25,52
2026-07-08T22:20:00+00:00,47.27,47.27,47.21,47.23,74
2026-07-08T22:25:00+00:00,47.229,47.23,47.11,47.229,355
2026-07-08T22:30:00+00:00,47.126,47.23,47.126,47.23,65
2026-07-08T22:35:00+00:00,47.23,47.23,47.2,47.23,332
2026-07-08T22:40:00+00:00,47.23,47.23,47.11,47.23,136
2026-07-08T22:45:00+00:00,47.228,47.23,47.18,47.23,481
2026-07-08T22:50:00+00:00,47.23,47.23,47.126,47.229,15090
2026-07-08T22:55:00+00:00,47.23,47.23,47.23,47.23,100
2026-07-08T23:00:00+00:00,47.26,47.26,47.26,47.26,74
2026-07-08T23:05:00+00:00,47.3,47.3,47.24,47.253,378
2026-07-08T23:10:00+00:00,47.24,47.3,47.24,47.3,435
2026-07-08T23:15:00+00:00,47.298,47.3,47.19,47.3,1085
2026-07-08T23:20:00+00:00,47.19,47.3,47.19,47.3,240
2026-07-08T23:25:00+00:00,47.299,47.299,47.26,47.26,153
2026-07-08T23:30:00+00:00,47.26,47.3,47.185,47.28,2092
2026-07-08T23:35:00+00:00,47.28,47.29,47.28,47.28,779
2026-07-08T23:40:00+00:00,47.29,47.29,47.23,47.23,709
2026-07-08T23:45:00+00:00,47.133,47.192,47.133,47.192,6
2026-07-08T23:50:00+00:00,47.25,47.29,47.2,47.2,335
2026-07-08T23:55:00+00:00,47.29,47.29,47.29,47.29,0
2026-07-09T08:00:00+00:00,47.96,48.17,47.34,48.03,10652
2026-07-09T08:05:00+00:00,48.03,48.43,48.03,48.28,730
2026-07-09T08:10:00+00:00,48.21,48.21,48.03,48.04,584
2026-07-09T08:15:00+00:00,48.01,48.02,47.96,47.99,1443
2026-07-09T08:20:00+00:00,48.01,48.1,48.0,48.1,989
2026-07-09T08:25:00+00:00,48.1,48.24,48.08,48.24,228
2026-07-09T08:30:00+00:00,48.234,48.234,47.934,47.934,312
2026-07-09T08:35:00+00:00,47.93,48.08,47.93,48.04,51
2026-07-09T08:40:00+00:00,48.04,48.05,48.04,48.04,166
2026-07-09T08:45:00+00:00,47.83,47.83,47.83,47.83,18
2026-07-09T08:50:00+00:00,47.96,48.11,47.96,48.11,80
2026-07-09T08:55:00+00:00,48.11,48.11,47.96,48.06,830
2026-07-09T09:00:00+00:00,48.08,48.19,47.95,48.0,387
2026-07-09T09:05:00+00:00,48.0,48.0,47.73,47.817,222
2026-07-09T09:10:00+00:00,47.82,47.9,47.82,47.9,228
2026-07-09T09:15:00+00:00,47.819,47.88,47.81,47.88,256
2026-07-09T09:20:00+00:00,47.876,47.89,47.86,47.87,1068
2026-07-09T09:25:00+00:00,47.87,47.99,47.87,47.938,117
2026-07-09T09:30:00+00:00,47.92,47.92,47.92,47.92,2
2026-07-09T09:35:00+00:00,47.97,47.97,47.82,47.82,26
2026-07-09T09:40:00+00:00,47.89,47.895,47.8,47.81,1130
2026-07-09T09:45:00+00:00,47.87,47.994,47.87,47.88,1814
2026-07-09T09:50:00+00:00,47.886,48.0,47.886,47.982,170
2026-07-09T09:55:00+00:00,47.98,47.98,47.82,47.82,161
2026-07-09T10:00:00+00:00,47.976,47.976,47.82,47.934,419
2026-07-09T10:05:00+00:00,47.91,47.91,47.91,47.91,55
2026-07-09T10:10:00+00:00,47.91,47.94,47.85,47.85,61
2026-07-09T10:15:00+00:00,47.85,47.93,47.85,47.93,299
2026-07-09T10:20:00+00:00,47.83,47.84,47.798,47.83,1079
2026-07-09T10:25:00+00:00,47.84,47.88,47.77,47.87,495
2026-07-09T10:30:00+00:00,47.85,47.87,47.79,47.79,196
2026-07-09T10:35:00+00:00,47.84,47.88,47.84,47.874,77
2026-07-09T10:40:00+00:00,47.87,47.88,47.84,47.88,100
2026-07-09T10:45:00+00:00,47.85,47.85,47.71,47.76,178
2026-07-09T10:50:00+00:00,47.7,47.84,47.56,47.77,2212
2026-07-09T10:55:00+00:00,47.59,47.78,47.57,47.75,183
2026-07-09T11:00:00+00:00,47.775,47.95,47.75,47.82,2148
2026-07-09T11:05:00+00:00,47.79,47.79,47.58,47.704,496
2026-07-09T11:10:00+00:00,47.699,47.84,47.58,47.7,777
2026-07-09T11:15:00+00:00,47.7,47.7,47.63,47.68,126
2026-07-09T11:20:00+00:00,47.653,47.81,47.601,47.81,1777
2026-07-09T11:25:00+00:00,47.7,47.82,47.676,47.82,2603
2026-07-09T11:30:00+00:00,47.8,47.87,47.65,47.87,1028
2026-07-09T11:35:00+00:00,47.84,47.9,47.72,47.879,811
2026-07-09T11:40:00+00:00,47.88,48.0,47.8,47.92,1971
2026-07-09T11:45:00+00:00,47.95,48.23,47.95,48.18,383
2026-07-09T11:50:00+00:00,48.09,48.21,48.02,48.09,1532
2026-07-09T11:55:00+00:00,48.07,48.2,47.965,48.085,2361
2026-07-09T12:00:00+00:00,48.09,48.12,47.93,48.08,317
2026-07-09T12:05:00+00:00,48.08,48.18,48.02,48.13,911
2026-07-09T12:10:00+00:00,48.12,48.18,48.028,48.18,693
2026-07-09T12:15:00+00:00,48.18,48.23,48.08,48.1,2715
2026-07-09T12:20:00+00:00,48.2,48.22,48.074,48.074,562
2026-07-09T12:25:00+00:00,48.14,48.196,48.04,48.07,2252
2026-07-09T12:30:00+00:00,48.07,48.166,47.95,48.1,2684
2026-07-09T12:35:00+00:00,48.02,48.18,48.02,48.15,1010
2026-07-09T12:40:00+00:00,48.18,48.18,47.93,47.94,4127
2026-07-09T12:45:00+00:00,47.9,47.958,47.85,47.949,1642
2026-07-09T12:50:00+00:00,47.93,48.05,47.91,48.05,1796
2026-07-09T12:55:00+00:00,48.045,48.05,47.9,47.91,2635
2026-07-09T13:00:00+00:00,47.95,48.03,47.91,48.03,1453
2026-07-09T13:05:00+00:00,48.0,48.11,47.93,48.11,2580
2026-07-09T13:10:00+00:00,48.09,48.12,48.02,48.11,2972
2026-07-09T13:15:00+00:00,48.1,48.17,48.06,48.13,390
2026-07-09T13:20:00+00:00,48.12,48.22,47.87,47.87,16881
2026-07-09T13:25:00+00:00,47.83,48.06,47.64,47.77,4804
2026-07-09T13:30:00+00:00,47.85,48.077,47.29,47.95,74036
2026-07-09T13:35:00+00:00,47.955,48.25,47.901,48.14,52737
2026-07-09T13:40:00+00:00,48.22,48.5,47.96,48.41,69091
2026-07-09T13:45:00+00:00,48.433,48.44,47.75,48.04,74585
2026-07-09T13:50:00+00:00,48.05,48.47,47.88,48.417,69519
2026-07-09T13:55:00+00:00,48.39,48.57,48.011,48.385,66390
2026-07-09T14:00:00+00:00,48.29,48.49,48.043,48.213,37419
2026-07-09T14:05:00+00:00,48.15,48.36,48.09,48.3,30062
2026-07-09T14:10:00+00:00,48.28,48.83,48.0,48.605,160030
2026-07-09T14:15:00+00:00,48.555,48.555,47.6,47.645,139138
2026-07-09T14:20:00+00:00,47.645,47.78,47.34,47.75,63121
2026-07-09T14:25:00+00:00,47.85,48.27,47.77,48.2,50286
2026-07-09T14:30:00+00:00,48.17,48.17,47.9,47.945,47943
2026-07-09T14:35:00+00:00,47.958,48.155,47.865,48.13,31567
2026-07-09T14:40:00+00:00,48.165,48.256,47.98,48.07,33203
2026-07-09T14:45:00+00:00,48.04,48.33,48.012,48.33,31070
2026-07-09T14:50:00+00:00,48.28,48.43,48.1,48.153,23101
2026-07-09T14:55:00+00:00,48.2,48.5,48.171,48.435,29545
2026-07-09T15:00:00+00:00,48.42,48.64,48.413,48.61,30802
2026-07-09T15:05:00+00:00,48.56,48.75,48.459,48.74,34624
2026-07-09T15:10:00+00:00,48.75,48.929,48.68,48.685,34669
2026-07-09T15:15:00+00:00,48.65,48.85,48.59,48.67,31133
2026-07-09T15:20:00+00:00,48.635,48.95,48.58,48.87,28735
2026-07-09T15:25:00+00:00,48.851,49.054,48.84,48.925,45655
2026-07-09T15:30:00+00:00,48.95,48.98,48.773,48.8,24632
2026-07-09T15:35:00+00:00,48.8,48.97,48.782,48.84,31473
2026-07-09T15:40:00+00:00,48.8,49.08,48.8,48.985,39064
2026-07-09T15:45:00+00:00,49.03,49.2,48.91,49.145,39260
2026-07-09T15:50:00+00:00,49.145,49.43,49.145,49.31,40404
2026-07-09T15:55:00+00:00,49.305,49.44,49.25,49.43,38630
2026-07-09T16:00:00+00:00,49.4,49.59,49.32,49.335,71335
2026-07-09T16:05:00+00:00,49.335,49.404,49.09,49.32,43922
2026-07-09T16:10:00+00:00,49.26,49.339,49.03,49.035,34443
2026-07-09T16:15:00+00:00,49.04,49.135,48.95,49.01,30988
2026-07-09T16:20:00+00:00,48.99,49.14,48.89,48.97,36993
2026-07-09T16:25:00+00:00,48.97,48.97,48.75,48.82,39118
2026-07-09T16:30:00+00:00,48.85,48.91,48.7,48.75,37010
2026-07-09T16:35:00+00:00,48.75,48.89,48.68,48.86,21584
2026-07-09T16:40:00+00:00,48.9,49.0,48.85,48.955,19653
2026-07-09T16:45:00+00:00,48.99,49.03,48.83,48.94,27490
2026-07-09T16:50:00+00:00,48.959,49.08,48.91,49.05,53586
2026-07-09T16:55:00+00:00,49.055,49.08,48.9,48.98,19529
2026-07-09T17:00:00+00:00,48.97,49.034,48.9,48.96,14694
2026-07-09T17:05:00+00:00,48.895,49.025,48.851,49.0,16696
2026-07-09T17:10:00+00:00,48.965,49.04,48.91,49.03,14702
2026-07-09T17:15:00+00:00,49.02,49.27,49.02,49.214,39957
2026-07-09T17:20:00+00:00,49.24,49.28,49.125,49.205,15796
2026-07-09T17:25:00+00:00,49.19,49.19,49.03,49.115,16664
2026-07-09T17:30:00+00:00,49.09,49.09,48.89,48.94,33055
2026-07-09T17:35:00+00:00,48.92,48.994,48.875,48.965,12696
2026-07-09T17:40:00+00:00,49.0,49.23,48.955,49.225,27945
2026-07-09T17:45:00+00:00,49.2,49.28,49.16,49.255,20606
2026-07-09T17:50:00+00:00,49.22,49.31,49.21,49.27,23924
2026-07-09T17:55:00+00:00,49.27,49.3,49.05,49.14,18370
2026-07-09T18:00:00+00:00,49.14,49.16,49.01,49.095,24388
2026-07-09T18:05:00+00:00,49.135,49.2,49.04,49.095,16294
2026-07-09T18:10:00+00:00,49.04,49.04,48.89,48.97,60149
2026-07-09T18:15:00+00:00,48.97,49.34,48.95,49.29,36151
2026-07-09T18:20:00+00:00,49.3,49.325,49.195,49.29,17982
2026-07-09T18:25:00+00:00,49.35,49.49,49.3,49.385,39436
2026-07-09T18:30:00+00:00,49.39,49.53,49.351,49.5,35672
2026-07-09T18:35:00+00:00,49.47,49.88,49.46,49.74,100150
2026-07-09T18:40:00+00:00,49.74,49.93,49.72,49.879,65022
2026-07-09T18:45:00+00:00,49.85,50.23,49.791,50.08,81037
2026-07-09T18:50:00+00:00,50.055,50.17,49.89,49.999,59643
2026-07-09T18:55:00+00:00,49.99,50.0,49.81,50.0,60708
2026-07-09T19:00:00+00:00,49.965,49.98,49.802,49.802,47284
2026-07-09T19:05:00+00:00,49.81,49.87,49.71,49.73,63002
2026-07-09T19:10:00+00:00,49.68,49.83,49.58,49.67,60461
2026-07-09T19:15:00+00:00,49.64,49.775,49.51,49.74,37768
2026-07-09T19:20:00+00:00,49.73,49.947,49.67,49.81,34526
2026-07-09T19:25:00+00:00,49.77,49.94,49.745,49.89,51908
2026-07-09T19:30:00+00:00,49.92,49.93,49.79,49.85,61241
2026-07-09T19:35:00+00:00,49.85,49.929,49.78,49.92,28016
2026-07-09T19:40:00+00:00,49.9,49.9,49.67,49.71,56214
2026-07-09T19:45:00+00:00,49.725,49.79,49.5,49.5,58656
2026-07-09T19:50:00+00:00,49.4,49.44,49.24,49.36,97222
2026-07-09T19:55:00+00:00,49.34,49.48,49.17,49.27,174325
2026-07-09T20:00:00+00:00,49.27,49.5,49.1,49.27,150806
2026-07-09T20:05:00+00:00,49.27,49.4,49.27,49.27,20800
2026-07-09T20:10:00+00:00,49.362,49.4,49.27,49.4,1380
2026-07-09T20:15:00+00:00,49.27,49.5,49.27,49.433,12031
2026-07-09T20:20:00+00:00,49.471,49.5,49.35,49.402,5567
2026-07-09T20:25:00+00:00,49.4,49.86,49.4,49.4,1707
2026-07-09T20:30:00+00:00,49.53,49.86,49.45,49.475,309
2026-07-09T20:35:00+00:00,49.6,49.86,49.47,49.7,1488
2026-07-09T20:40:00+00:00,49.73,49.73,49.47,49.55,1074
2026-07-09T20:45:00+00:00,49.7,49.86,49.47,49.73,800
2026-07-09T20:50:00+00:00,49.73,49.73,49.37,49.684,429
2026-07-09T20:55:00+00:00,49.7,49.7,49.28,49.44,1736
2026-07-09T21:00:00+00:00,49.44,49.8,49.28,49.6,1089
2026-07-09T21:05:00+00:00,49.6,49.6,49.301,49.55,2231
2026-07-09T21:10:00+00:00,49.59,49.59,49.35,49.449,2132
2026-07-09T21:15:00+00:00,49.448,49.45,49.35,49.408,82
2026-07-09T21:20:00+00:00,49.43,49.43,49.28,49.42,1102
2026-07-09T21:25:00+00:00,49.4,49.45,49.37,49.37,130
2026-07-09T21:30:00+00:00,49.45,49.45,49.304,49.45,2226
2026-07-09T21:35:00+00:00,49.43,49.45,49.3,49.45,198
2026-07-09T21:40:00+00:00,49.37,49.45,49.3,49.431,1249
2026-07-09T21:45:00+00:00,49.45,49.45,49.3,49.4,1447
2026-07-09T21:50:00+00:00,49.45,49.45,49.44,49.449,147
2026-07-09T21:55:00+00:00,49.449,49.45,49.41,49.41,305
2026-07-09T22:00:00+00:00,49.4,49.45,49.3,49.45,439
2026-07-09T22:05:00+00:00,49.4,49.45,49.3,49.447,352
2026-07-09T22:10:00+00:00,49.431,49.45,49.3,49.44,605
2026-07-09T22:15:00+00:00,49.433,49.45,49.375,49.437,828
2026-07-09T22:20:00+00:00,49.45,49.45,49.35,49.45,438
2026-07-09T22:25:00+00:00,49.45,49.45,49.35,49.45,1610
2026-07-09T22:30:00+00:00,49.45,49.45,49.35,49.418,2447
2026-07-09T22:35:00+00:00,49.434,49.44,49.39,49.44,738
2026-07-09T22:40:00+00:00,49.42,49.44,49.35,49.42,453
2026-07-09T22:45:00+00:00,49.44,49.44,49.35,49.4,541
2026-07-09T22:50:00+00:00,49.35,49.4,49.35,49.4,1097
2026-07-09T22:55:00+00:00,49.38,49.45,49.38,49.45,560
2026-07-09T23:00:00+00:00,49.45,49.45,49.38,49.45,1228
2026-07-09T23:05:00+00:00,49.6,49.6,49.4,49.513,153
2026-07-09T23:10:00+00:00,49.5,49.742,49.35,49.6,795
2026-07-09T23:15:00+00:00,49.6,49.85,49.363,49.85,541
2026-07-09T23:20:00+00:00,49.785,49.85,49.35,49.85,1010
2026-07-09T23:25:00+00:00,49.85,49.85,49.55,49.66,198
2026-07-09T23:30:00+00:00,49.85,49.85,49.54,49.72,230
2026-07-09T23:35:00+00:00,49.72,49.72,49.57,49.72,604
2026-07-09T23:40:00+00:00,49.67,49.67,49.55,49.57,235
2026-07-09T23:45:00+00:00,49.72,49.85,49.57,49.85,1098
2026-07-09T23:50:00+00:00,49.58,49.85,49.57,49.66,921
2026-07-09T23:55:00+00:00,49.75,49.75,49.75,49.75,0
2026-07-10T08:00:00+00:00,49.912,49.97,49.3,49.45,9219
2026-07-10T08:05:00+00:00,49.43,49.92,49.27,49.27,2605
2026-07-10T08:10:00+00:00,49.46,49.46,49.29,49.29,1201
2026-07-10T08:15:00+00:00,49.46,49.46,49.27,49.29,259
2026-07-10T08:20:00+00:00,49.3,49.44,49.055,49.055,404
2026-07-10T08:25:00+00:00,49.06,49.06,49.06,49.06,23
2026-07-10T08:30:00+00:00,49.14,49.19,49.14,49.19,141
2026-07-10T08:35:00+00:00,49.05,49.41,49.05,49.14,535
2026-07-10T08:40:00+00:00,49.125,49.14,49.1,49.14,401
2026-07-10T08:45:00+00:00,49.15,49.44,49.14,49.44,526
2026-07-10T08:50:00+00:00,49.29,49.29,49.157,49.29,552
2026-07-10T08:55:00+00:00,49.3,49.4,49.15,49.15,1284
2026-07-10T09:00:00+00:00,49.19,49.3,48.89,48.89,2021
2026-07-10T09:05:00+00:00,49.279,49.279,49.0,49.08,356
2026-07-10T09:10:00+00:00,49.08,49.4,49.08,49.369,757
2026-07-10T09:15:00+00:00,49.12,49.37,49.12,49.37,450
2026-07-10T09:20:00+00:00,49.18,49.33,49.18,49.33,222
2026-07-10T09:25:00+00:00,49.3,49.3,49.219,49.25,53
2026-07-10T09:30:00+00:00,49.38,49.38,49.28,49.31,247
2026-07-10T09:35:00+00:00,49.37,49.37,49.31,49.31,87
2026-07-10T09:40:00+00:00,49.31,49.31,49.31,49.31,128
2026-07-10T09:45:00+00:00,49.27,49.28,49.25,49.28,156
2026-07-10T09:50:00+00:00,49.24,49.25,49.24,49.25,53
2026-07-10T09:55:00+00:00,49.31,49.31,49.31,49.31,1000
2026-07-10T10:00:00+00:00,49.15,49.31,49.15,49.31,62
2026-07-10T10:05:00+00:00,49.31,49.36,49.26,49.26,1811
2026-07-10T10:10:00+00:00,49.265,49.27,49.19,49.27,392
2026-07-10T10:15:00+00:00,49.25,49.25,49.21,49.21,21
2026-07-10T10:20:00+00:00,49.21,49.27,49.18,49.18,144
2026-07-10T10:25:00+00:00,49.25,49.33,49.19,49.21,150
2026-07-10T10:30:00+00:00,49.2,49.29,49.2,49.29,561
2026-07-10T10:35:00+00:00,49.41,49.41,49.33,49.37,564
2026-07-10T10:40:00+00:00,49.36,49.41,49.29,49.335,778
2026-07-10T10:45:00+00:00,49.4,49.41,49.333,49.41,132
2026-07-10T10:50:00+00:00,49.41,49.428,49.335,49.41,23
2026-07-10T10:55:00+00:00,49.43,49.5,49.41,49.5,25
2026-07-10T11:00:00+00:00,49.535,49.83,49.43,49.67,1366
2026-07-10T11:05:00+00:00,49.68,49.79,49.51,49.715,938
2026-07-10T11:10:00+00:00,49.71,49.78,49.64,49.75,2099
2026-07-10T11:15:00+00:00,49.7,49.76,49.665,49.72,3229
2026-07-10T11:20:00+00:00,49.7,49.79,49.7,49.75,339
2026-07-10T11:25:00+00:00,49.79,49.79,49.64,49.64,1173
2026-07-10T11:30:00+00:00,49.5,49.65,49.28,49.28,8399
2026-07-10T11:35:00+00:00,49.28,49.512,49.28,49.475,1124
2026-07-10T11:40:00+00:00,49.38,49.6,49.3,49.3,2620
2026-07-10T11:45:00+00:00,49.44,49.65,49.4,49.64,678
2026-07-10T11:50:00+00:00,49.61,49.62,49.37,49.559,265
2026-07-10T11:55:00+00:00,49.552,49.6,49.33,49.35,1053
2026-07-10T12:00:00+00:00,49.39,49.54,49.26,49.27,3005
2026-07-10T12:05:00+00:00,49.24,49.4,49.2,49.285,3258
2026-07-10T12:10:00+00:00,49.26,49.69,49.14,49.45,2703
2026-07-10T12:15:00+00:00,49.46,49.7,49.37,49.37,539
2026-07-10T12:20:00+00:00,49.55,49.55,49.05,49.42,1469
2026-07-10T12:25:00+00:00,49.7,49.7,49.06,49.3,1073
2026-07-10T12:30:00+00:00,49.3,49.6,49.08,49.08,54
2026-07-10T12:35:00+00:00,49.496,49.5,49.15,49.4,2299
2026-07-10T12:40:00+00:00,49.4,49.42,49.17,49.17,118
2026-07-10T12:45:00+00:00,49.32,49.42,49.21,49.391,604
2026-07-10T12:50:00+00:00,49.39,49.4,49.37,49.37,312
2026-07-10T12:55:00+00:00,49.38,49.38,49.17,49.329,576
2026-07-10T13:00:00+00:00,49.32,49.379,49.11,49.11,6225
2026-07-10T13:05:00+00:00,49.18,49.37,49.11,49.26,1880
2026-07-10T13:10:00+00:00,49.16,49.37,49.16,49.3,1488
2026-07-10T13:15:00+00:00,49.32,49.38,48.61,49.04,10623
2026-07-10T13:20:00+00:00,49.01,49.29,48.96,49.0,10574
2026-07-10T13:25:00+00:00,49.119,49.69,48.96,49.63,4736
2026-07-10T13:30:00+00:00,49.435,50.64,49.21,50.06,110970
2026-07-10T13:35:00+00:00,49.945,50.101,49.22,49.26,61063
2026-07-10T13:40:00+00:00,49.26,49.265,48.891,49.11,117329
2026-07-10T13:45:00+00:00,49.16,49.342,48.88,49.175,66984
2026-07-10T13:50:00+00:00,49.18,49.18,48.443,48.515,68456
2026-07-10T13:55:00+00:00,48.52,48.52,48.22,48.37,45680
2026-07-10T14:00:00+00:00,48.35,48.445,48.06,48.26,69901
2026-07-10T14:05:00+00:00,48.29,48.66,48.21,48.65,45226
2026-07-10T14:10:00+00:00,48.61,48.849,48.5,48.604,37548
2026-07-10T14:15:00+00:00,48.56,48.8,48.48,48.63,44631
2026-07-10T14:20:00+00:00,48.57,48.59,48.29,48.355,33481
2026-07-10T14:25:00+00:00,48.355,48.54,48.08,48.36,41404
2026-07-10T14:30:00+00:00,48.395,48.79,47.735,48.225,88883
2026-07-10T14:35:00+00:00,48.28,48.34,48.05,48.276,28635
2026-07-10T14:40:00+00:00,48.25,48.34,48.09,48.285,41352
2026-07-10T14:45:00+00:00,48.235,48.374,48.1,48.285,26291
2026-07-10T14:50:00+00:00,48.28,48.28,47.9,47.95,45028
2026-07-10T14:55:00+00:00,47.912,47.935,47.63,47.74,60793
2026-07-10T15:00:00+00:00,47.805,47.93,47.7,47.78,30579
2026-07-10T15:05:00+00:00,47.78,47.95,47.65,47.88,31585
2026-07-10T15:10:00+00:00,47.87,47.97,47.74,47.74,59352
2026-07-10T15:15:00+00:00,47.745,48.03,47.745,47.81,38174
2026-07-10T15:20:00+00:00,47.86,48.09,47.81,48.07,26614
2026-07-10T15:25:00+00:00,48.12,48.22,48.02,48.06,42819
2026-07-10T15:30:00+00:00,48.065,48.08,47.96,48.02,29177
2026-07-10T15:35:00+00:00,48.033,48.033,47.74,47.765,47895
2026-07-10T15:40:00+00:00,47.75,47.89,47.715,47.83,35692
2026-07-10T15:45:00+00:00,47.81,47.87,47.665,47.835,26664
2026-07-10T15:50:00+00:00,47.83,48.03,47.79,47.97,37003
2026-07-10T15:55:00+00:00,47.95,48.0,47.84,47.86,22851
2026-07-10T16:00:00+00:00,47.88,48.015,47.8,47.87,27297
2026-07-10T16:05:00+00:00,47.891,47.9,47.76,47.87,37116
2026-07-10T16:10:00+00:00,47.86,48.03,47.86,47.905,31395
2026-07-10T16:15:00+00:00,47.94,48.113,47.86,47.9,16014
2026-07-10T16:20:00+00:00,47.92,47.935,47.85,47.88,38005
2026-07-10T16:25:00+00:00,47.885,48.01,47.78,47.998,23536
2026-07-10T16:30:00+00:00,48.0,48.22,47.973,48.16,26191
2026-07-10T16:35:00+00:00,48.145,48.18,48.065,48.155,43232
2026-07-10T16:40:00+00:00,48.15,48.2,47.91,47.95,27750
2026-07-10T16:45:00+00:00,47.971,48.02,47.92,47.93,13607
2026-07-10T16:50:00+00:00,47.96,48.16,47.94,48.05,28483
2026-07-10T16:55:00+00:00,48.05,48.11,48.0,48.075,17887
2026-07-10T17:00:00+00:00,48.07,48.23,48.06,48.21,25782
2026-07-10T17:05:00+00:00,48.18,48.19,48.0,48.02,32560
2026-07-10T17:10:00+00:00,48.02,48.1,47.97,48.02,21270
2026-07-10T17:15:00+00:00,48.01,48.06,47.89,47.91,25914
2026-07-10T17:20:00+00:00,47.928,48.11,47.92,48.065,15859
2026-07-10T17:25:00+00:00,48.065,48.15,48.062,48.105,24739
2026-07-10T17:30:00+00:00,48.1,48.21,48.08,48.13,15230
2026-07-10T17:35:00+00:00,48.13,48.27,48.115,48.21,19849
2026-07-10T17:40:00+00:00,48.215,48.245,48.14,48.225,22394
2026-07-10T17:45:00+00:00,48.225,48.26,48.175,48.18,9446
2026-07-10T17:50:00+00:00,48.21,48.23,48.13,48.15,18600
2026-07-10T17:55:00+00:00,48.17,48.23,47.975,48.01,24871
2026-07-10T18:00:00+00:00,48.05,48.179,47.95,48.125,23160
2026-07-10T18:05:00+00:00,48.124,48.24,48.124,48.24,13658
2026-07-10T18:10:00+00:00,48.25,48.3,48.15,48.19,17922
2026-07-10T18:15:00+00:00,48.185,48.19,47.955,47.99,31974
2026-07-10T18:20:00+00:00,48.03,48.116,47.975,48.116,19156
2026-07-10T18:25:00+00:00,48.095,48.118,48.02,48.118,13980
2026-07-10T18:30:00+00:00,48.09,48.301,48.09,48.26,20898
2026-07-10T18:35:00+00:00,48.27,48.27,48.13,48.17,44922
2026-07-10T18:40:00+00:00,48.2,48.26,48.15,48.155,17372
2026-07-10T18:45:00+00:00,48.15,48.9,47.98,48.8,156733
2026-07-10T18:50:00+00:00,48.825,48.84,48.37,48.52,179549
2026-07-10T18:55:00+00:00,48.545,48.67,48.4,48.63,63649
2026-07-10T19:00:00+00:00,48.63,48.84,48.58,48.77,75722
2026-07-10T19:05:00+00:00,48.775,48.85,48.688,48.714,46572
2026-07-10T19:10:00+00:00,48.73,48.9,48.728,48.88,28066
2026-07-10T19:15:00+00:00,48.875,48.894,48.49,48.521,74505
2026-07-10T19:20:00+00:00,48.5,48.52,48.4,48.49,48394
2026-07-10T19:25:00+00:00,48.52,48.559,48.4,48.525,32526
2026-07-10T19:30:00+00:00,48.53,48.86,48.52,48.84,37873
2026-07-10T19:35:00+00:00,48.85,49.02,48.83,48.845,61923
2026-07-10T19:40:00+00:00,48.83,48.98,48.72,48.969,49749
2026-07-10T19:45:00+00:00,48.96,48.99,48.775,48.775,72650
2026-07-10T19:50:00+00:00,48.77,48.785,48.61,48.7,87960
2026-07-10T19:55:00+00:00,48.71,48.92,48.57,48.85,192928
2026-07-10T20:00:00+00:00,48.85,49.23,48.83,48.85,111224
2026-07-10T20:05:00+00:00,49.0,49.15,48.66,49.04,9487
2026-07-10T20:10:00+00:00,48.85,49.05,48.85,48.9,1259
2026-07-10T20:15:00+00:00,48.85,48.99,48.85,48.85,1460
2026-07-10T20:20:00+00:00,48.95,48.95,48.9,48.95,1590
2026-07-10T20:25:00+00:00,49.0,49.0,48.96,48.99,703
2026-07-10T20:30:00+00:00,48.97,48.99,48.97,48.98,682
2026-07-10T20:35:00+00:00,48.97,48.98,48.9,48.91,3325
2026-07-10T20:40:00+00:00,48.911,48.99,48.911,48.99,958
2026-07-10T20:45:00+00:00,48.98,48.99,48.76,48.85,3425
2026-07-10T20:50:00+00:00,48.913,48.99,48.888,48.99,3713
2026-07-10T20:55:00+00:00,48.97,48.99,48.85,48.86,2983
2026-07-10T21:00:00+00:00,48.97,48.97,48.85,48.97,470
2026-07-10T21:05:00+00:00,48.78,48.8,48.74,48.8,590
2026-07-10T21:10:00+00:00,48.99,48.99,48.802,48.99,416
2026-07-10T21:15:00+00:00,48.8,48.95,48.8,48.8,352
2026-07-10T21:20:00+00:00,48.887,48.9,48.62,48.62,820
2026-07-10T21:25:00+00:00,48.75,48.84,48.615,48.83,796
2026-07-10T21:30:00+00:00,48.99,48.99,48.83,48.85,530
2026-07-10T21:35:00+00:00,48.77,48.99,48.77,48.77,226
2026-07-10T21:40:00+00:00,48.77,48.9,48.77,48.82,414
2026-07-10T21:45:00+00:00,48.9,48.98,48.77,48.85,1957
2026-07-10T21:50:00+00:00,48.98,48.98,48.82,48.9,180
2026-07-10T21:55:00+00:00,48.9,48.96,48.86,48.929,2216
2026-07-10T22:00:00+00:00,48.93,48.96,48.86,48.86,579
2026-07-10T22:05:00+00:00,48.95,48.96,48.86,48.873,1129
2026-07-10T22:10:00+00:00,48.96,48.96,48.92,48.92,9
2026-07-10T22:15:00+00:00,48.9,48.91,48.86,48.91,1273
2026-07-10T22:20:00+00:00,48.91,48.95,48.91,48.912,831
2026-07-10T22:25:00+00:00,48.95,48.99,48.91,48.95,199
2026-07-10T22:30:00+00:00,48.918,48.99,48.8,48.99,331
2026-07-10T22:35:00+00:00,48.84,48.84,48.84,48.84,10
2026-07-10T22:40:00+00:00,48.86,48.99,48.86,48.86,300
2026-07-10T22:45:00+00:00,48.94,48.955,48.86,48.955,80
2026-07-10T22:50:00+00:00,48.8,48.92,48.8,48.84,1063
2026-07-10T22:55:00+00:00,48.92,48.92,48.88,48.92,16
2026-07-10T23:00:00+00:00,48.92,48.92,48.816,48.872,1438
2026-07-10T23:05:00+00:00,48.89,48.89,48.85,48.85,436
2026-07-10T23:10:00+00:00,48.8,48.89,48.8,48.85,1904
2026-07-10T23:15:00+00:00,48.87,48.99,48.8,48.8,56
2026-07-10T23:20:00+00:00,48.99,48.99,48.8,48.8,4752
2026-07-10T23:25:00+00:00,48.79,48.953,48.79,48.953,34
2026-07-10T23:30:00+00:00,48.92,48.92,48.82,48.821,136
2026-07-10T23:35:00+00:00,48.85,48.85,48.839,48.841,945
2026-07-10T23:40:00+00:00,48.83,48.849,48.829,48.83,85
2026-07-10T23:45:00+00:00,48.85,48.85,48.82,48.843,259
2026-07-10T23:50:00+00:00,48.843,48.85,48.791,48.85,596
2026-07-10T23:55:00+00:00,48.85,48.85,48.85,48.85,0
2026-07-13T08:00:00+00:00,48.912,48.912,47.55,48.22,10598
2026-07-13T08:05:00+00:00,48.25,48.28,47.72,48.28,335
2026-07-13T08:10:00+00:00,48.48,48.48,48.48,48.48,1
2026-07-13T08:15:00+00:00,48.43,48.47,48.27,48.365,198
2026-07-13T08:20:00+00:00,48.36,48.36,48.23,48.25,1138
2026-07-13T08:25:00+00:00,48.07,48.21,48.07,48.078,475
2026-07-13T08:30:00+00:00,48.28,48.28,48.08,48.13,690
2026-07-13T08:35:00+00:00,48.12,48.132,48.12,48.12,151
2026-07-13T08:40:00+00:00,48.18,48.27,48.06,48.27,707
2026-07-13T08:45:00+00:00,48.11,48.27,48.1,48.11,606
2026-07-13T08:50:00+00:00,48.15,48.18,48.12,48.18,430
2026-07-13T08:55:00+00:00,48.12,48.14,48.12,48.14,208
2026-07-13T09:00:00+00:00,48.1,48.13,48.0,48.03,537
2026-07-13T09:05:00+00:00,48.01,48.01,48.0,48.0,288
2026-07-13T09:10:00+00:00,48.0,48.0,47.92,47.95,156
2026-07-13T09:15:00+00:00,48.0,48.06,47.95,48.06,1192
2026-07-13T09:20:00+00:00,47.981,48.0,47.981,48.0,219
2026-07-13T09:25:00+00:00,48.05,48.19,48.03,48.06,530
2026-07-13T09:30:00+00:00,48.12,48.16,48.12,48.16,279
2026-07-13T09:35:00+00:00,48.12,48.21,48.12,48.21,70
2026-07-13T09:40:00+00:00,48.14,48.27,48.14,48.27,73
2026-07-13T09:45:00+00:00,48.4,48.4,48.26,48.26,167
2026-07-13T09:50:00+00:00,48.12,48.2,48.12,48.2,19
2026-07-13T09:55:00+00:00,48.21,48.21,48.15,48.195,435
2026-07-13T10:00:00+00:00,48.19,48.21,48.126,48.21,267
2026-07-13T10:05:00+00:00,48.126,48.24,48.056,48.056,216
2026-07-13T10:10:00+00:00,48.17,48.17,48.11,48.11,111
2026-07-13T10:15:00+00:00,48.11,48.11,48.11,48.11,1277
2026-07-13T10:20:00+00:00,48.11,48.11,48.11,48.11,0
2026-07-13T10:25:00+00:00,48.1,48.1,47.92,48.0,1053
2026-07-13T10:30:00+00:00,47.99,48.035,47.95,48.035,1960
2026-07-13T10:35:00+00:00,48.024,48.05,48.01,48.05,321
2026-07-13T10:40:00+00:00,48.05,48.06,48.02,48.06,42
2026-07-13T10:45:00+00:00,48.02,48.03,48.007,48.007,235
2026-07-13T10:50:00+00:00,48.09,48.25,48.09,48.25,3
2026-07-13T10:55:00+00:00,48.25,48.25,48.25,48.25,0
2026-07-13T11:00:00+00:00,48.22,48.25,48.02,48.13,7572
2026-07-13T11:05:00+00:00,48.17,48.38,48.04,48.04,1971
2026-07-13T11:10:00+00:00,48.22,48.22,48.03,48.199,87
2026-07-13T11:15:00+00:00,48.03,48.113,48.03,48.11,211
2026-07-13T11:20:00+00:00,48.09,48.21,48.03,48.049,151
2026-07-13T11:25:00+00:00,48.06,48.11,48.0,48.11,536
2026-07-13T11:30:00+00:00,48.0,48.14,47.97,47.97,1239
2026-07-13T11:35:00+00:00,47.992,48.11,47.87,47.924,253
2026-07-13T11:40:00+00:00,47.929,47.99,47.91,47.91,548
2026-07-13T11:45:00+00:00,47.87,48.081,47.87,47.897,715
2026-07-13T11:50:00+00:00,47.89,47.95,47.8,47.89,88
2026-07-13T11:55:00+00:00,47.89,47.89,47.805,47.878,640
2026-07-13T12:00:00+00:00,47.88,47.89,47.8,47.8,1063
2026-07-13T12:05:00+00:00,47.79,47.807,47.65,47.798,890
2026-07-13T12:10:00+00:00,47.8,47.89,47.751,47.8,609
2026-07-13T12:15:00+00:00,47.75,47.85,47.66,47.66,10478
2026-07-13T12:20:00+00:00,47.708,47.85,47.69,47.69,625
2026-07-13T12:25:00+00:00,47.65,47.85,47.65,47.709,928
2026-07-13T12:30:00+00:00,47.7,47.85,47.52,47.74,5582
2026-07-13T12:35:00+00:00,47.79,47.79,47.6,47.78,1376
2026-07-13T12:40:00+00:00,47.772,47.78,47.57,47.6,6003
2026-07-13T12:45:00+00:00,47.6,47.8,47.6,47.737,1366
2026-07-13T12:50:00+00:00,47.72,47.78,47.65,47.69,1166
2026-07-13T12:55:00+00:00,47.69,47.85,47.69,47.8,1719
2026-07-13T13:00:00+00:00,47.815,47.88,47.78,47.872,1085
2026-07-13T13:05:00+00:00,47.98,47.98,47.78,47.78,2104
2026-07-13T13:10:00+00:00,47.791,47.88,47.75,47.77,6469
2026-07-13T13:15:00+00:00,47.79,47.85,47.69,47.69,3141
2026-07-13T13:20:00+00:00,47.64,47.78,47.5,47.71,13643
2026-07-13T13:25:00+00:00,47.78,47.84,47.43,47.84,9206
2026-07-13T13:30:00+00:00,47.72,48.12,46.85,47.465,133750
2026-07-13T13:35:00+00:00,47.55,47.7,46.62,46.8,140955
2026-07-13T13:40:00+00:00,46.77,46.77,45.975,46.34,178909
2026-07-13T13:45:00+00:00,46.355,46.94,46.2,46.78,109262
2026-07-13T13:50:00+00:00,46.76,46.765,46.25,46.555,78070
2026-07-13T13:55:00+00:00,46.52,46.72,46.35,46.59,69274
2026-07-13T14:00:00+00:00,46.57,46.73,46.26,46.495,55280
2026-07-13T14:05:00+00:00,46.5,46.53,46.16,46.41,61563
2026-07-13T14:10:00+00:00,46.37,46.67,46.34,46.56,36146
2026-07-13T14:15:00+00:00,46.57,46.66,46.08,46.295,80649
2026-07-13T14:20:00+00:00,46.305,46.758,46.23,46.744,59437
2026-07-13T14:25:00+00:00,46.73,47.2,46.69,47.145,55684
2026-07-13T14:30:00+00:00,47.14,47.23,47.0,47.05,45078
2026-07-13T14:35:00+00:00,47.06,47.07,46.75,47.025,35514
2026-07-13T14:40:00+00:00,46.94,47.03,46.71,46.869,42200
2026-07-13T14:45:00+00:00,46.84,46.955,46.625,46.9,35018
2026-07-13T14:50:00+00:00,46.895,46.98,46.77,46.865,34236
2026-07-13T14:55:00+00:00,46.86,47.1,46.835,47.09,41224
2026-07-13T15:00:00+00:00,47.09,47.22,46.96,46.96,42525
2026-07-13T15:05:00+00:00,46.965,47.04,46.84,46.95,60058
2026-07-13T15:10:00+00:00,46.97,47.23,46.93,46.96,41258
2026-07-13T15:15:00+00:00,46.965,47.04,46.77,46.87,31629
2026-07-13T15:20:00+00:00,46.84,46.89,46.71,46.765,49504
2026-07-13T15:25:00+00:00,46.745,46.75,46.48,46.6,48165
2026-07-13T15:30:00+00:00,46.61,46.61,46.43,46.455,41173
2026-07-13T15:35:00+00:00,46.45,46.599,46.33,46.42,36346
2026-07-13T15:40:00+00:00,46.41,46.41,46.32,46.36,26449
2026-07-13T15:45:00+00:00,46.37,46.37,46.23,46.305,46321
2026-07-13T15:50:00+00:00,46.32,46.32,46.06,46.18,91072
2026-07-13T15:55:00+00:00,46.15,46.16,45.91,46.04,72608
2026-07-13T16:00:00+00:00,46.02,46.13,45.978,46.05,47377
2026-07-13T16:05:00+00:00,46.055,46.22,45.97,46.215,34954
2026-07-13T16:10:00+00:00,46.18,46.33,46.15,46.21,31153
2026-07-13T16:15:00+00:00,46.21,46.21,45.91,45.93,39624
2026-07-13T16:20:00+00:00,45.95,45.95,45.82,45.88,47514
2026-07-13T16:25:00+00:00,45.88,45.9,45.524,45.61,91840
2026-07-13T16:30:00+00:00,45.55,45.59,45.223,45.23,145121
2026-07-13T16:35:00+00:00,45.24,45.57,45.071,45.52,135120
2026-07-13T16:40:00+00:00,45.515,45.706,45.48,45.5,49329
2026-07-13T16:45:00+00:00,45.49,45.58,45.32,45.34,38655
2026-07-13T16:50:00+00:00,45.25,45.45,45.2,45.43,41049
2026-07-13T16:55:00+00:00,45.39,45.56,45.34,45.5,35538
2026-07-13T17:00:00+00:00,45.48,45.7,45.48,45.625,44202
2026-07-13T17:05:00+00:00,45.55,45.73,45.53,45.7,36549
2026-07-13T17:10:00+00:00,45.715,45.82,45.63,45.67,32910
2026-07-13T17:15:00+00:00,45.65,45.65,45.35,45.505,37080
2026-07-13T17:20:00+00:00,45.49,45.55,45.37,45.38,43061
2026-07-13T17:25:00+00:00,45.36,45.37,45.24,45.24,42943
2026-07-13T17:30:00+00:00,45.255,45.41,45.22,45.36,55578
2026-07-13T17:35:00+00:00,45.319,45.37,45.16,45.21,40125
2026-07-13T17:40:00+00:00,45.19,45.42,45.15,45.4,44528
2026-07-13T17:45:00+00:00,45.42,45.44,45.23,45.245,27738
2026-07-13T17:50:00+00:00,45.25,45.285,45.16,45.235,42808
2026-07-13T17:55:00+00:00,45.26,45.29,45.201,45.202,48775
2026-07-13T18:00:00+00:00,45.22,45.45,45.2,45.38,50013
2026-07-13T18:05:00+00:00,45.38,45.6,45.38,45.5,59241
2026-07-13T18:10:00+00:00,45.5,45.53,45.355,45.515,41977
2026-07-13T18:15:00+00:00,45.49,45.53,45.36,45.42,39317
2026-07-13T18:20:00+00:00,45.39,45.605,45.37,45.605,29039
2026-07-13T18:25:00+00:00,45.62,45.625,45.4,45.405,54192
2026-07-13T18:30:00+00:00,45.4,45.64,45.37,45.515,70438
2026-07-13T18:35:00+00:00,45.505,45.57,45.37,45.39,96716
2026-07-13T18:40:00+00:00,45.405,45.54,45.38,45.45,38031
2026-07-13T18:45:00+00:00,45.45,45.61,45.437,45.6,37510
2026-07-13T18:50:00+00:00,45.585,45.67,45.533,45.54,49447
2026-07-13T18:55:00+00:00,45.53,45.71,45.49,45.525,77080
2026-07-13T19:00:00+00:00,45.54,45.69,45.43,45.59,52950
2026-07-13T19:05:00+00:00,45.58,45.62,45.42,45.485,48421
2026-07-13T19:10:00+00:00,45.5,45.565,45.45,45.52,43751
2026-07-13T19:15:00+00:00,45.51,45.64,45.48,45.57,38427
2026-07-13T19:20:00+00:00,45.55,45.635,45.45,45.5,64824
2026-07-13T19:25:00+00:00,45.48,45.738,45.425,45.64,101276
2026-07-13T19:30:00+00:00,45.64,45.755,45.4,45.42,79479
2026-07-13T19:35:00+00:00,45.39,45.52,45.33,45.425,74533
2026-07-13T19:40:00+00:00,45.42,45.49,45.27,45.41,89053
2026-07-13T19:45:00+00:00,45.42,45.52,45.3,45.485,89526
2026-07-13T19:50:00+00:00,45.48,45.67,45.425,45.57,134943
2026-07-13T19:55:00+00:00,45.56,46.06,45.5,45.81,394719
2026-07-13T20:00:00+00:00,45.81,46.15,45.81,45.81,272800
2026-07-13T20:05:00+00:00,46.13,46.13,45.81,45.96,717
2026-07-13T20:10:00+00:00,45.81,45.99,45.81,45.9,959
2026-07-13T20:15:00+00:00,45.95,45.99,45.81,45.94,1900
2026-07-13T20:20:00+00:00,45.89,45.979,45.81,45.979,13751
2026-07-13T20:25:00+00:00,45.978,45.978,45.9,45.96,1529
2026-07-13T20:30:00+00:00,45.942,45.99,45.81,45.94,1235
2026-07-13T20:35:00+00:00,45.945,45.99,45.81,45.871,1107
2026-07-13T20:40:00+00:00,45.85,45.92,45.81,45.92,490
2026-07-13T20:45:00+00:00,45.9,45.93,45.89,45.93,226
2026-07-13T20:50:00+00:00,45.874,45.9,45.82,45.845,2458
2026-07-13T20:55:00+00:00,45.835,45.92,45.82,45.92,719
2026-07-13T21:00:00+00:00,45.88,45.89,45.83,45.875,367
2026-07-13T21:05:00+00:00,45.87,45.93,45.83,45.88,191
2026-07-13T21:10:00+00:00,45.87,45.93,45.85,45.85,206
2026-07-13T21:15:00+00:00,45.93,45.93,45.86,45.93,169
2026-07-13T21:20:00+00:00,45.907,45.93,45.839,45.92,68
2026-07-13T21:25:00+00:00,45.91,45.919,45.82,45.91,658
2026-07-13T21:30:00+00:00,45.9,45.9,45.83,45.842,304
2026-07-13T21:35:00+00:00,45.859,45.93,45.83,45.83,1397
2026-07-13T21:40:00+00:00,45.83,45.93,45.83,45.908,985
2026-07-13T21:45:00+00:00,45.96,45.96,45.91,45.92,79
2026-07-13T21:50:00+00:00,45.899,45.9,45.859,45.89,62
2026-07-13T21:55:00+00:00,45.899,45.9,45.899,45.899,205
2026-07-13T22:00:00+00:00,45.9,45.9,45.83,45.83,2027
2026-07-13T22:05:00+00:00,45.88,45.96,45.83,45.96,39
2026-07-13T22:10:00+00:00,45.96,45.96,45.9,45.9,252
2026-07-13T22:15:00+00:00,45.9,45.98,45.81,45.98,263
2026-07-13T22:20:00+00:00,45.925,45.95,45.83,45.9,550
2026-07-13T22:25:00+00:00,45.9,45.96,45.86,45.959,1694
2026-07-13T22:30:00+00:00,45.85,45.96,45.84,45.93,326
2026-07-13T22:35:00+00:00,45.96,45.96,45.83,45.83,131
2026-07-13T22:40:00+00:00,45.91,45.91,45.83,45.83,555
2026-07-13T22:45:00+00:00,45.83,45.91,45.83,45.83,272
2026-07-13T22:50:00+00:00,45.85,45.91,45.83,45.9,628
2026-07-13T22:55:00+00:00,45.833,45.91,45.83,45.83,1194
2026-07-13T23:00:00+00:00,45.84,45.91,45.76,45.84,969
2026-07-13T23:05:00+00:00,45.849,45.85,45.7,45.716,1985
2026-07-13T23:10:00+00:00,45.75,45.79,45.66,45.76,1310
2026-07-13T23:15:00+00:00,45.7,45.8,45.7,45.76,244
2026-07-13T23:20:00+00:00,45.7,45.8,45.67,45.67,968
2026-07-13T23:25:00+00:00,45.62,45.8,45.62,45.67,1164
2026-07-13T23:30:00+00:00,45.79,45.8,45.63,45.8,698
2026-07-13T23:35:00+00:00,45.67,45.75,45.63,45.63,153
2026-07-13T23:40:00+00:00,45.75,45.75,45.65,45.65,845
2026-07-13T23:45:00+00:00,45.65,45.8,45.63,45.65,1313
2026-07-13T23:50:00+00:00,45.8,45.8,45.63,45.799,243
2026-07-13T23:55:00+00:00,45.77,45.8,45.63,45.63,140
2026-07-14T08:00:00+00:00,45.7,46.37,45.57,46.12,7749
2026-07-14T08:05:00+00:00,46.14,46.49,45.89,46.17,1380
2026-07-14T08:10:00+00:00,46.21,46.5,46.21,46.5,75
2026-07-14T08:15:00+00:00,46.35,46.35,46.247,46.25,17
2026-07-14T08:20:00+00:00,46.32,46.34,46.18,46.34,393
2026-07-14T08:25:00+00:00,46.35,46.35,46.3,46.35,199
2026-07-14T08:30:00+00:00,46.35,46.35,46.187,46.187,18
2026-07-14T08:35:00+00:00,46.29,46.34,46.23,46.23,43
2026-07-14T08:40:00+00:00,46.23,46.29,46.22,46.25,1379
2026-07-14T08:45:00+00:00,46.25,46.255,46.21,46.255,582
2026-07-14T08:50:00+00:00,46.255,46.313,46.06,46.06,111
2026-07-14T08:55:00+00:00,46.22,46.32,46.0,46.119,302
2026-07-14T09:00:00+00:00,46.24,46.24,46.24,46.24,7
2026-07-14T09:05:00+00:00,46.24,46.274,46.24,46.274,16
2026-07-14T09:10:00+00:00,46.315,46.32,46.24,46.31,204
2026-07-14T09:15:00+00:00,46.31,46.315,46.16,46.315,683
2026-07-14T09:20:00+00:00,46.22,46.32,46.22,46.32,242
2026-07-14T09:25:00+00:00,46.22,46.32,46.07,46.07,403
2026-07-14T09:30:00+00:00,46.079,46.22,46.079,46.22,188
2026-07-14T09:35:00+00:00,46.1,46.14,46.1,46.14,34
2026-07-14T09:40:00+00:00,46.16,46.2,46.16,46.18,131
2026-07-14T09:45:00+00:00,46.191,46.191,46.191,46.191,10
2026-07-14T09:50:00+00:00,46.09,46.17,46.09,46.17,30
2026-07-14T09:55:00+00:00,46.17,46.18,46.064,46.18,23
2026-07-14T10:00:00+00:00,46.22,46.22,46.22,46.22,2
2026-07-14T10:05:00+00:00,46.13,46.221,46.1,46.221,207
2026-07-14T10:10:00+00:00,46.221,46.221,46.21,46.21,33
2026-07-14T10:15:00+00:00,46.23,46.23,46.13,46.221,216
2026-07-14T10:20:00+00:00,46.18,46.18,46.078,46.078,243
2026-07-14T10:25:00+00:00,46.078,46.17,46.078,46.17,55
2026-07-14T10:30:00+00:00,46.22,46.22,46.17,46.17,485
2026-07-14T10:35:00+00:00,46.079,46.32,46.079,46.32,74
2026-07-14T10:40:00+00:00,46.311,46.311,46.19,46.21,148
2026-07-14T10:45:00+00:00,46.315,46.315,46.22,46.22,7
2026-07-14T10:50:00+00:00,46.22,46.22,46.17,46.2,125
2026-07-14T10:55:00+00:00,46.2,46.32,46.15,46.3,377
2026-07-14T11:00:00+00:00,46.22,46.25,46.0,46.045,4196
2026-07-14T11:05:00+00:00,46.0,46.29,46.0,46.29,1532
2026-07-14T11:10:00+00:00,46.281,46.281,45.96,46.12,1031
2026-07-14T11:15:00+00:00,46.12,46.29,45.96,46.197,728
2026-07-14T11:20:00+00:00,46.19,46.2,46.03,46.05,763
2026-07-14T11:25:00+00:00,46.2,46.25,46.05,46.15,540
2026-07-14T11:30:00+00:00,46.15,46.199,46.05,46.1,1839
2026-07-14T11:35:00+00:00,46.12,46.12,45.96,46.11,686
2026-07-14T11:40:00+00:00,46.12,46.12,45.99,46.09,636
2026-07-14T11:45:00+00:00,46.02,46.136,46.02,46.09,424
2026-07-14T11:50:00+00:00,46.12,46.2,46.009,46.2,606
2026-07-14T11:55:00+00:00,46.05,46.06,45.965,46.0,2010
2026-07-14T12:00:00+00:00,45.97,45.981,45.85,45.981,797
2026-07-14T12:05:00+00:00,46.0,46.0,45.75,45.85,1145
2026-07-14T12:10:00+00:00,45.85,46.0,45.8,45.902,2389
2026-07-14T12:15:00+00:00,45.91,46.08,45.75,45.925,6284
2026-07-14T12:20:00+00:00,46.03,46.2,45.8,46.08,2316
2026-07-14T12:25:00+00:00,46.15,46.18,46.1,46.1,974
2026-07-14T12:30:00+00:00,46.23,46.95,46.0,46.8,6535
2026-07-14T12:35:00+00:00,46.83,46.85,46.49,46.66,12723
2026-07-14T12:40:00+00:00,46.79,46.87,46.64,46.8,1628
2026-07-14T12:45:00+00:00,46.83,46.899,46.79,46.847,1909
2026-07-14T12:50:00+00:00,46.825,46.85,46.7,46.79,7036
2026-07-14T12:55:00+00:00,46.82,46.87,46.72,46.74,2556
2026-07-14T13:00:00+00:00,46.86,46.88,46.74,46.82,15128
2026-07-14T13:05:00+00:00,46.85,46.89,46.63,46.7,6506
2026-07-14T13:10:00+00:00,46.52,46.8,46.52,46.75,713
2026-07-14T13:15:00+00:00,46.75,46.799,46.54,46.61,3767
2026-07-14T13:20:00+00:00,46.6,47.245,46.6,47.112,17755
2026-07-14T13:25:00+00:00,47.11,47.22,46.72,47.01,7274
2026-07-14T13:30:00+00:00,46.96,47.417,46.53,46.82,85861
2026-07-14T13:35:00+00:00,46.82,46.95,46.635,46.85,101545
2026-07-14T13:40:00+00:00,46.91,47.2,46.43,46.5,97200
2026-07-14T13:45:00+00:00,46.495,46.59,46.04,46.245,71140
2026-07-14T13:50:00+00:00,46.255,46.56,46.13,46.437,82663
2026-07-14T13:55:00+00:00,46.38,46.5,46.225,46.38,54429
2026-07-14T14:00:00+00:00,46.37,46.52,45.8,45.8,79056
2026-07-14T14:05:00+00:00,45.79,45.815,45.6,45.765,107576
2026-07-14T14:10:00+00:00,45.755,45.88,45.5,45.85,63436
2026-07-14T14:15:00+00:00,45.81,45.85,45.5,45.8,61925
2026-07-14T14:20:00+00:00,45.8,46.21,45.72,45.9,57103
2026-07-14T14:25:00+00:00,45.9,46.13,45.76,45.93,40250
2026-07-14T14:30:00+00:00,45.88,46.37,45.76,46.18,56557
2026-07-14T14:35:00+00:00,46.167,46.3,45.94,46.06,43486
2026-07-14T14:40:00+00:00,46.0,46.09,45.83,45.875,21928
2026-07-14T14:45:00+00:00,45.9,45.99,45.75,45.779,28325
2026-07-14T14:50:00+00:00,45.72,45.89,45.66,45.87,44488
2026-07-14T14:55:00+00:00,45.94,46.027,45.875,45.955,34720
2026-07-14T15:00:00+00:00,45.99,46.12,45.775,45.975,50184
2026-07-14T15:05:00+00:00,45.9,46.02,45.76,46.02,61231
2026-07-14T15:10:00+00:00,46.005,46.09,45.93,45.95,27902
2026-07-14T15:15:00+00:00,45.95,46.029,45.79,45.817,24095
2026-07-14T15:20:00+00:00,45.835,46.42,45.795,46.415,65901
2026-07-14T15:25:00+00:00,46.42,46.47,46.25,46.33,27318
2026-07-14T15:30:00+00:00,46.32,46.37,46.06,46.1,32960
2026-07-14T15:35:00+00:00,46.095,46.095,45.87,45.92,47935
2026-07-14T15:40:00+00:00,45.92,46.05,45.865,46.04,38885
2026-07-14T15:45:00+00:00,46.04,46.09,45.95,45.955,17862
2026-07-14T15:50:00+00:00,45.96,45.974,45.724,45.77,33059
2026-07-14T15:55:00+00:00,45.785,45.862,45.73,45.862,21330
2026-07-14T16:00:00+00:00,45.89,45.93,45.81,45.9,43270
2026-07-14T16:05:00+00:00,45.97,46.04,45.93,46.04,27394
2026-07-14T16:10:00+00:00,46.04,46.05,45.88,45.9,25780
2026-07-14T16:15:00+00:00,45.9,45.94,45.78,45.918,29965
2026-07-14T16:20:00+00:00,45.905,46.05,45.905,45.99,29360
2026-07-14T16:25:00+00:00,45.99,46.14,45.97,46.1,22003
2026-07-14T16:30:00+00:00,46.095,46.23,46.07,46.105,30334
2026-07-14T16:35:00+00:00,46.07,46.15,46.01,46.03,14607
2026-07-14T16:40:00+00:00,46.08,46.14,46.03,46.03,15211
2026-07-14T16:45:00+00:00,46.015,46.015,45.819,45.86,26914
2026-07-14T16:50:00+00:00,45.905,45.94,45.87,45.9,18574
2026-07-14T16:55:00+00:00,45.86,45.87,45.78,45.8,23098
2026-07-14T17:00:00+00:00,45.799,45.9,45.75,45.76,23475
2026-07-14T17:05:00+00:00,45.76,45.77,45.55,45.6,42081
2026-07-14T17:10:00+00:00,45.56,45.65,45.55,45.61,20444
2026-07-14T17:15:00+00:00,45.6,45.6,45.44,45.51,44145
2026-07-14T17:20:00+00:00,45.521,45.705,45.475,45.63,24573
2026-07-14T17:25:00+00:00,45.635,45.85,45.63,45.835,18878
2026-07-14T17:30:00+00:00,45.83,45.96,45.83,45.85,24780
2026-07-14T17:35:00+00:00,45.87,46.0,45.87,45.98,20942
2026-07-14T17:40:00+00:00,45.96,46.0,45.84,46.0,26823
2026-07-14T17:45:00+00:00,45.95,46.05,45.92,46.02,17719
2026-07-14T17:50:00+00:00,46.04,46.27,46.01,46.265,16599
2026-07-14T17:55:00+00:00,46.265,46.33,46.17,46.25,31442
2026-07-14T18:00:00+00:00,46.225,46.36,46.16,46.295,22371
2026-07-14T18:05:00+00:00,46.3,46.35,46.22,46.28,19887
2026-07-14T18:10:00+00:00,46.26,46.3,46.187,46.205,19090
2026-07-14T18:15:00+00:00,46.22,46.29,46.19,46.23,21572
2026-07-14T18:20:00+00:00,46.25,46.27,46.03,46.03,18301
2026-07-14T18:25:00+00:00,46.06,46.16,46.0,46.04,34445
2026-07-14T18:30:00+00:00,46.045,46.1,46.03,46.055,27367
2026-07-14T18:35:00+00:00,46.07,46.11,45.96,46.07,31448
2026-07-14T18:40:00+00:00,46.1,46.1,45.96,46.0,24046
2026-07-14T18:45:00+00:00,46.01,46.04,45.92,45.94,19066
2026-07-14T18:50:00+00:00,45.97,46.07,45.88,46.04,19173
2026-07-14T18:55:00+00:00,46.04,46.043,45.91,45.92,20547
2026-07-14T19:00:00+00:00,45.92,45.95,45.83,45.885,27003
2026-07-14T19:05:00+00:00,45.88,45.88,45.725,45.764,25339
2026-07-14T19:10:00+00:00,45.74,45.927,45.7,45.835,25949
2026-07-14T19:15:00+00:00,45.86,45.89,45.775,45.775,20898
2026-07-14T19:20:00+00:00,45.745,45.865,45.7,45.865,24332
2026-07-14T19:25:00+00:00,45.84,45.84,45.69,45.69,26120
2026-07-14T19:30:00+00:00,45.685,45.97,45.625,45.96,34934
2026-07-14T19:35:00+00:00,45.945,45.96,45.89,45.96,34132
2026-07-14T19:40:00+00:00,45.94,46.05,45.89,46.01,28765
2026-07-14T19:45:00+00:00,46.05,46.16,46.04,46.1,52511
2026-07-14T19:50:00+00:00,46.045,46.16,45.98,46.085,73543
2026-07-14T19:55:00+00:00,46.11,46.33,46.079,46.24,257896
2026-07-14T20:00:00+00:00,46.24,46.7,45.96,46.2,320300
2026-07-14T20:05:00+00:00,46.47,46.7,46.25,46.41,2449
2026-07-14T20:10:00+00:00,46.24,46.44,46.24,46.3,3651
2026-07-14T20:15:00+00:00,46.24,46.4,46.24,46.33,688
2026-07-14T20:20:00+00:00,46.35,46.399,46.31,46.399,258
2026-07-14T20:25:00+00:00,46.389,46.389,46.29,46.37,299
2026-07-14T20:30:00+00:00,46.33,46.37,46.29,46.37,526
2026-07-14T20:35:00+00:00,46.4,46.4,46.324,46.356,817
2026-07-14T20:40:00+00:00,46.369,46.39,46.23,46.24,44487
2026-07-14T20:45:00+00:00,46.24,46.35,46.24,46.31,44
2026-07-14T20:50:00+00:00,46.32,46.35,46.243,46.254,256
2026-07-14T20:55:00+00:00,46.24,46.39,46.24,46.39,126
2026-07-14T21:00:00+00:00,46.353,46.39,46.353,46.39,175
2026-07-14T21:05:00+00:00,46.38,46.38,46.24,46.37,679
2026-07-14T21:10:00+00:00,46.37,46.38,46.24,46.3,2769
2026-07-14T21:15:00+00:00,46.3,46.38,46.24,46.24,233
2026-07-14T21:20:00+00:00,46.379,46.379,46.24,46.377,183
2026-07-14T21:25:00+00:00,46.38,46.38,46.25,46.37,116
2026-07-14T21:30:00+00:00,46.37,46.38,46.25,46.38,73
2026-07-14T21:35:00+00:00,46.38,46.38,46.27,46.27,294
2026-07-14T21:40:00+00:00,46.38,46.38,46.25,46.25,1058
2026-07-14T21:45:00+00:00,46.38,46.38,46.267,46.27,19
2026-07-14T21:50:00+00:00,46.338,46.35,46.25,46.33,152
2026-07-14T21:55:00+00:00,46.26,46.38,46.26,46.28,174
2026-07-14T22:00:00+00:00,46.38,46.38,46.25,46.27,781
2026-07-14T22:05:00+00:00,46.35,46.38,46.3,46.3,557
2026-07-14T22:10:00+00:00,46.3,46.38,46.3,46.38,173
2026-07-14T22:15:00+00:00,46.38,46.38,46.25,46.25,102
2026-07-14T22:20:00+00:00,46.38,46.38,46.25,46.3,335
2026-07-14T22:25:00+00:00,46.25,46.363,46.25,46.32,198
2026-07-14T22:30:00+00:00,46.35,46.35,46.33,46.338,47
2026-07-14T22:35:00+00:00,46.31,46.375,46.3,46.37,304
2026-07-14T22:40:00+00:00,46.302,46.378,46.267,46.267,524
2026-07-14T22:45:00+00:00,46.38,46.38,46.374,46.374,12
2026-07-14T22:50:00+00:00,46.25,46.38,46.25,46.38,563
2026-07-14T22:55:00+00:00,46.308,46.36,46.25,46.33,378
2026-07-14T23:00:00+00:00,46.3,46.33,46.3,46.32,100
2026-07-14T23:05:00+00:00,46.25,46.38,46.25,46.38,158
2026-07-14T23:10:00+00:00,46.3,46.363,46.3,46.363,44
2026-07-14T23:15:00+00:00,46.38,46.38,46.379,46.379,53
2026-07-14T23:20:00+00:00,46.37,46.38,46.267,46.38,104
2026-07-14T23:25:00+00:00,46.38,46.4,46.34,46.4,323
2026-07-14T23:30:00+00:00,46.38,46.394,46.38,46.394,172
2026-07-14T23:35:00+00:00,46.459,46.5,46.39,46.5,2810
2026-07-14T23:40:00+00:00,46.27,46.5,46.27,46.5,1118
2026-07-14T23:45:00+00:00,46.47,46.5,46.3,46.46,489
2026-07-14T23:50:00+00:00,46.3,46.5,46.3,46.36,530
2026-07-14T23:55:00+00:00,46.5,46.5,46.36,46.5,1365
2026-07-15T08:00:00+00:00,46.51,46.889,46.51,46.55,10345
2026-07-15T08:05:00+00:00,46.48,46.84,46.45,46.45,1319
2026-07-15T08:10:00+00:00,46.49,46.49,46.49,46.49,1911
2026-07-15T08:15:00+00:00,46.481,46.481,46.481,46.481,10
