ts,o,h,l,c,v
2026-04-15T08:00:00+00:00,16.01,16.05,16.0,16.05,1797
2026-04-15T08:05:00+00:00,16.05,16.05,16.03,16.03,1158
2026-04-15T08:10:00+00:00,16.03,16.03,16.03,16.03,0
2026-04-15T08:15:00+00:00,16.03,16.03,16.03,16.03,0
2026-04-15T08:20:00+00:00,16.06,16.06,16.06,16.06,200
2026-04-15T08:25:00+00:00,16.03,16.03,16.03,16.03,705
2026-04-15T08:30:00+00:00,16.03,16.03,16.03,16.03,0
2026-04-15T08:35:00+00:00,16.05,16.05,16.05,16.05,100
2026-04-15T08:40:00+00:00,16.05,16.05,16.05,16.05,15
2026-04-15T08:45:00+00:00,16.05,16.05,16.05,16.05,0
2026-04-15T08:50:00+00:00,16.05,16.05,16.05,16.05,0
2026-04-15T08:55:00+00:00,16.05,16.05,16.05,16.05,80
2026-04-15T09:00:00+00:00,16.05,16.05,16.05,16.05,0
2026-04-15T09:05:00+00:00,16.05,16.05,16.05,16.05,0
2026-04-15T09:10:00+00:00,16.05,16.05,16.05,16.05,0
2026-04-15T09:15:00+00:00,16.05,16.05,16.05,16.05,0
2026-04-15T09:20:00+00:00,16.0,16.0,16.0,16.0,481
2026-04-15T09:25:00+00:00,16.0,16.0,16.0,16.0,0
2026-04-15T09:30:00+00:00,16.0,16.0,16.0,16.0,0
2026-04-15T09:35:00+00:00,16.0,16.0,16.0,16.0,0
2026-04-15T09:40:00+00:00,16.0,16.0,16.0,16.0,0
2026-04-15T09:45:00+00:00,16.01,16.05,16.01,16.05,1047
2026-04-15T09:50:00+00:00,16.05,16.05,16.04,16.04,6873
2026-04-15T09:55:00+00:00,16.04,16.04,16.04,16.04,0
2026-04-15T10:00:00+00:00,16.04,16.04,16.04,16.04,0
2026-04-15T10:05:00+00:00,16.04,16.04,16.04,16.04,0
2026-04-15T10:10:00+00:00,16.04,16.04,16.04,16.04,18
2026-04-15T10:15:00+00:00,16.01,16.01,16.01,16.01,5000
2026-04-15T10:20:00+00:00,16.01,16.01,16.01,16.01,0
2026-04-15T10:25:00+00:00,16.01,16.01,16.01,16.01,0
2026-04-15T10:30:00+00:00,16.01,16.01,16.01,16.01,5
2026-04-15T10:35:00+00:00,16.01,16.01,16.01,16.01,34
2026-04-15T10:40:00+00:00,16.01,16.01,16.01,16.01,26
2026-04-15T10:45:00+00:00,16.01,16.01,16.01,16.01,0
2026-04-15T10:50:00+00:00,16.01,16.01,16.01,16.01,200
2026-04-15T10:55:00+00:00,16.01,16.01,16.01,16.01,0
2026-04-15T11:00:00+00:00,16.02,16.02,16.0,16.0,707
2026-04-15T11:05:00+00:00,16.0,16.0,16.0,16.0,569
2026-04-15T11:10:00+00:00,16.05,16.05,16.05,16.05,702
2026-04-15T11:15:00+00:00,16.07,16.07,16.07,16.07,300
2026-04-15T11:20:00+00:00,16.07,16.07,16.07,16.07,0
2026-04-15T11:25:00+00:00,16.07,16.07,16.07,16.07,34
2026-04-15T11:30:00+00:00,16.07,16.07,16.05,16.07,1107
2026-04-15T11:35:00+00:00,16.04,16.04,16.04,16.04,588
2026-04-15T11:40:00+00:00,16.04,16.04,16.04,16.04,0
2026-04-15T11:45:00+00:00,16.04,16.04,16.04,16.04,70
2026-04-15T11:50:00+00:00,16.03,16.03,16.01,16.01,10334
2026-04-15T11:55:00+00:00,16.01,16.01,16.01,16.01,0
2026-04-15T12:00:00+00:00,16.05,16.05,16.04,16.04,3117
2026-04-15T12:05:00+00:00,16.04,16.04,16.04,16.04,0
2026-04-15T12:10:00+00:00,16.04,16.04,16.04,16.04,500
2026-04-15T12:15:00+00:00,16.04,16.04,16.04,16.04,30
2026-04-15T12:20:00+00:00,16.04,16.04,16.04,16.04,71
2026-04-15T12:25:00+00:00,16.04,16.04,16.04,16.04,6
2026-04-15T12:30:00+00:00,16.01,16.03,16.01,16.03,297
2026-04-15T12:35:00+00:00,16.03,16.03,16.0,16.0,1368
2026-04-15T12:40:00+00:00,15.98,15.98,15.98,15.98,924
2026-04-15T12:45:00+00:00,15.98,16.04,15.98,16.04,2081
2026-04-15T12:50:00+00:00,16.04,16.04,16.02,16.02,152
2026-04-15T12:55:00+00:00,16.03,16.03,16.03,16.03,100
2026-04-15T13:00:00+00:00,16.03,16.03,16.03,16.03,25
2026-04-15T13:05:00+00:00,16.03,16.03,16.01,16.01,700
2026-04-15T13:10:00+00:00,16.0,16.01,16.0,16.0,2796
2026-04-15T13:15:00+00:00,16.0,16.05,16.0,16.05,132
2026-04-15T13:20:00+00:00,16.05,16.05,16.01,16.01,1024
2026-04-15T13:25:00+00:00,16.02,16.05,16.0,16.0,8041
2026-04-15T13:30:00+00:00,16.0,16.06,15.91,16.06,173721
2026-04-15T13:35:00+00:00,16.065,16.13,16.06,16.09,65459
2026-04-15T13:40:00+00:00,16.1,16.115,16.01,16.01,35628
2026-04-15T13:45:00+00:00,16.015,16.125,16.0,16.06,47493
2026-04-15T13:50:00+00:00,16.06,16.145,16.035,16.035,54113
2026-04-15T13:55:00+00:00,16.025,16.07,16.01,16.04,19131
2026-04-15T14:00:00+00:00,16.03,16.04,15.915,15.96,57367
2026-04-15T14:05:00+00:00,15.97,16.085,15.97,16.085,36477
2026-04-15T14:10:00+00:00,16.075,16.2,16.05,16.19,134498
2026-04-15T14:15:00+00:00,16.185,16.255,16.175,16.185,57498
2026-04-15T14:20:00+00:00,16.185,16.23,16.115,16.115,44806
2026-04-15T14:25:00+00:00,16.12,16.145,16.12,16.14,21901
2026-04-15T14:30:00+00:00,16.145,16.195,16.145,16.17,29720
2026-04-15T14:35:00+00:00,16.18,16.19,16.11,16.14,31534
2026-04-15T14:40:00+00:00,16.15,16.16,16.115,16.125,13345
2026-04-15T14:45:00+00:00,16.13,16.15,16.105,16.15,23163
2026-04-15T14:50:00+00:00,16.15,16.245,16.145,16.21,46524
2026-04-15T14:55:00+00:00,16.21,16.29,16.21,16.27,54521
2026-04-15T15:00:00+00:00,16.265,16.33,16.255,16.285,50318
2026-04-15T15:05:00+00:00,16.29,16.295,16.27,16.285,57880
2026-04-15T15:10:00+00:00,16.285,16.38,16.285,16.37,85257
2026-04-15T15:15:00+00:00,16.365,16.38,16.33,16.34,20718
2026-04-15T15:20:00+00:00,16.345,16.39,16.335,16.355,34127
2026-04-15T15:25:00+00:00,16.355,16.39,16.33,16.39,23037
2026-04-15T15:30:00+00:00,16.39,16.39,16.255,16.295,37406
2026-04-15T15:35:00+00:00,16.295,16.305,16.23,16.265,49200
2026-04-15T15:40:00+00:00,16.27,16.295,16.265,16.28,29171
2026-04-15T15:45:00+00:00,16.27,16.28,16.265,16.27,40298
2026-04-15T15:50:00+00:00,16.26,16.26,16.19,16.19,17764
2026-04-15T15:55:00+00:00,16.19,16.19,16.145,16.17,28047
2026-04-15T16:00:00+00:00,16.17,16.19,16.16,16.185,27957
2026-04-15T16:05:00+00:00,16.185,16.205,16.17,16.195,26189
2026-04-15T16:10:00+00:00,16.19,16.215,16.19,16.215,11218
2026-04-15T16:15:00+00:00,16.215,16.225,16.21,16.22,29304
2026-04-15T16:20:00+00:00,16.225,16.255,16.225,16.235,33117
2026-04-15T16:25:00+00:00,16.23,16.235,16.21,16.21,13082
2026-04-15T16:30:00+00:00,16.21,16.21,16.135,16.145,56198
2026-04-15T16:35:00+00:00,16.145,16.155,16.115,16.12,35279
2026-04-15T16:40:00+00:00,16.115,16.115,16.035,16.075,62319
2026-04-15T16:45:00+00:00,16.075,16.095,16.025,16.09,48053
2026-04-15T16:50:00+00:00,16.1,16.115,16.045,16.075,32311
2026-04-15T16:55:00+00:00,16.075,16.075,16.03,16.07,31926
2026-04-15T17:00:00+00:00,16.075,16.09,16.045,16.09,30786
2026-04-15T17:05:00+00:00,16.09,16.105,16.09,16.105,20940
2026-04-15T17:10:00+00:00,16.105,16.105,16.08,16.085,14926
2026-04-15T17:15:00+00:00,16.085,16.125,16.08,16.12,21237
2026-04-15T17:20:00+00:00,16.125,16.14,16.11,16.135,20947
2026-04-15T17:25:00+00:00,16.14,16.175,16.14,16.175,15705
2026-04-15T17:30:00+00:00,16.18,16.205,16.18,16.19,13535
2026-04-15T17:35:00+00:00,16.195,16.22,16.195,16.22,21530
2026-04-15T17:40:00+00:00,16.225,16.225,16.18,16.195,13689
2026-04-15T17:45:00+00:00,16.2,16.205,16.18,16.18,12641
2026-04-15T17:50:00+00:00,16.19,16.255,16.185,16.255,40412
2026-04-15T17:55:00+00:00,16.255,16.255,16.21,16.215,18190
2026-04-15T18:00:00+00:00,16.215,16.24,16.185,16.235,20645
2026-04-15T18:05:00+00:00,16.24,16.275,16.23,16.275,26628
2026-04-15T18:10:00+00:00,16.28,16.295,16.275,16.29,24118
2026-04-15T18:15:00+00:00,16.295,16.3,16.275,16.275,18726
2026-04-15T18:20:00+00:00,16.275,16.295,16.27,16.28,15812
2026-04-15T18:25:00+00:00,16.285,16.35,16.285,16.35,36145
2026-04-15T18:30:00+00:00,16.36,16.39,16.35,16.39,23130
2026-04-15T18:35:00+00:00,16.4,16.405,16.37,16.37,39800
2026-04-15T18:40:00+00:00,16.37,16.375,16.355,16.37,26456
2026-04-15T18:45:00+00:00,16.375,16.38,16.365,16.375,17796
2026-04-15T18:50:00+00:00,16.375,16.385,16.35,16.36,22679
2026-04-15T18:55:00+00:00,16.355,16.365,16.345,16.35,24776
2026-04-15T19:00:00+00:00,16.345,16.38,16.34,16.38,35568
2026-04-15T19:05:00+00:00,16.39,16.425,16.385,16.42,54376
2026-04-15T19:10:00+00:00,16.43,16.445,16.395,16.395,26734
2026-04-15T19:15:00+00:00,16.395,16.435,16.39,16.43,39012
2026-04-15T19:20:00+00:00,16.44,16.465,16.44,16.465,42524
2026-04-15T19:25:00+00:00,16.46,16.465,16.455,16.455,26492
2026-04-15T19:30:00+00:00,16.455,16.485,16.435,16.455,81000
2026-04-15T19:35:00+00:00,16.455,16.475,16.42,16.435,51142
2026-04-15T19:40:00+00:00,16.435,16.46,16.405,16.445,50262
2026-04-15T19:45:00+00:00,16.445,16.445,16.425,16.445,34415
2026-04-15T19:50:00+00:00,16.445,16.465,16.435,16.445,167523
2026-04-15T19:55:00+00:00,16.45,16.465,16.41,16.415,432500
2026-04-15T20:00:00+00:00,16.4,16.4,16.4,16.4,1140
2026-04-15T20:05:00+00:00,16.4,16.4,16.39,16.39,1096
2026-04-15T20:10:00+00:00,16.39,16.39,16.39,16.39,277
2026-04-15T20:15:00+00:00,16.42,16.44,16.42,16.44,406
2026-04-15T20:20:00+00:00,16.44,16.44,16.4,16.4,1033
2026-04-15T20:25:00+00:00,16.4,16.4,16.4,16.4,74
2026-04-15T20:30:00+00:00,16.4,16.4,16.39,16.4,1034
2026-04-15T20:35:00+00:00,16.4,16.4,16.4,16.4,4
2026-04-15T20:40:00+00:00,16.4,16.4,16.4,16.4,7
2026-04-15T20:45:00+00:00,16.4,16.4,16.4,16.4,54
2026-04-15T20:50:00+00:00,16.4,16.4,16.4,16.4,0
2026-04-15T20:55:00+00:00,16.4,16.4,16.4,16.4,0
2026-04-15T21:00:00+00:00,16.4,16.4,16.4,16.4,0
2026-04-15T21:05:00+00:00,16.4,16.4,16.4,16.4,21
2026-04-15T21:10:00+00:00,16.4,16.4,16.4,16.4,8
2026-04-15T21:15:00+00:00,16.4,16.4,16.4,16.4,0
2026-04-15T21:20:00+00:00,16.42,16.42,16.42,16.42,234
2026-04-15T21:25:00+00:00,16.42,16.42,16.42,16.42,112
2026-04-15T21:30:00+00:00,16.42,16.42,16.42,16.42,0
2026-04-15T21:35:00+00:00,16.42,16.42,16.42,16.42,25
2026-04-15T21:40:00+00:00,16.42,16.42,16.42,16.42,0
2026-04-15T21:45:00+00:00,16.42,16.42,16.42,16.42,0
2026-04-15T21:50:00+00:00,16.42,16.42,16.42,16.42,0
2026-04-15T21:55:00+00:00,16.42,16.42,16.42,16.42,0
2026-04-15T22:00:00+00:00,16.42,16.42,16.42,16.42,2
2026-04-15T22:05:00+00:00,16.43,16.44,16.43,16.44,1332
2026-04-15T22:10:00+00:00,16.44,16.47,16.44,16.47,263
2026-04-15T22:15:00+00:00,16.47,16.47,16.47,16.47,136
2026-04-15T22:20:00+00:00,16.47,16.47,16.47,16.47,17
2026-04-15T22:25:00+00:00,16.47,16.47,16.47,16.47,2
2026-04-15T22:30:00+00:00,16.47,16.47,16.47,16.47,40
2026-04-15T22:35:00+00:00,16.47,16.47,16.47,16.47,373
2026-04-15T22:40:00+00:00,16.44,16.47,16.44,16.47,1340
2026-04-15T22:45:00+00:00,16.47,16.47,16.47,16.47,2
2026-04-15T22:50:00+00:00,16.47,16.47,16.47,16.47,259
2026-04-15T22:55:00+00:00,16.47,16.47,16.47,16.47,235
2026-04-15T23:00:00+00:00,16.47,16.47,16.47,16.47,206
2026-04-15T23:05:00+00:00,16.48,16.5,16.47,16.47,5375
2026-04-15T23:10:00+00:00,16.47,16.47,16.47,16.47,26
2026-04-15T23:15:00+00:00,16.48,16.48,16.48,16.48,639
2026-04-15T23:20:00+00:00,16.48,16.48,16.48,16.48,0
2026-04-15T23:25:00+00:00,16.48,16.48,16.48,16.48,12
2026-04-15T23:30:00+00:00,16.48,16.48,16.47,16.47,430
2026-04-15T23:35:00+00:00,16.48,16.48,16.48,16.48,156
2026-04-15T23:40:00+00:00,16.47,16.47,16.47,16.47,600
2026-04-15T23:45:00+00:00,16.47,16.48,16.47,16.48,295
2026-04-15T23:50:00+00:00,16.48,16.48,16.48,16.48,10
2026-04-15T23:55:00+00:00,16.48,16.5,16.48,16.5,2618
2026-04-16T08:00:00+00:00,16.64,16.64,16.64,16.64,51
2026-04-16T08:05:00+00:00,16.64,16.64,16.64,16.64,0
2026-04-16T08:10:00+00:00,16.55,16.55,16.55,16.55,500
2026-04-16T08:15:00+00:00,16.55,16.55,16.55,16.55,0
2026-04-16T08:20:00+00:00,16.55,16.55,16.55,16.55,30
2026-04-16T08:25:00+00:00,16.55,16.56,16.55,16.56,678
2026-04-16T08:30:00+00:00,16.56,16.58,16.56,16.58,1381
2026-04-16T08:35:00+00:00,16.58,16.58,16.58,16.58,112
2026-04-16T08:40:00+00:00,16.58,16.58,16.58,16.58,0
2026-04-16T08:45:00+00:00,16.56,16.56,16.56,16.56,180
2026-04-16T08:50:00+00:00,16.56,16.56,16.56,16.56,0
2026-04-16T08:55:00+00:00,16.56,16.58,16.55,16.58,1308
2026-04-16T09:00:00+00:00,16.58,16.58,16.58,16.58,0
2026-04-16T09:05:00+00:00,16.58,16.58,16.58,16.58,56
2026-04-16T09:10:00+00:00,16.58,16.58,16.55,16.55,386
2026-04-16T09:15:00+00:00,16.55,16.55,16.55,16.55,0
2026-04-16T09:20:00+00:00,16.55,16.55,16.55,16.55,0
2026-04-16T09:25:00+00:00,16.55,16.55,16.55,16.55,0
2026-04-16T09:30:00+00:00,16.55,16.55,16.55,16.55,6
2026-04-16T09:35:00+00:00,16.55,16.55,16.55,16.55,2
2026-04-16T09:40:00+00:00,16.55,16.55,16.55,16.55,69
2026-04-16T09:45:00+00:00,16.55,16.55,16.55,16.55,0
2026-04-16T09:50:00+00:00,16.55,16.55,16.55,16.55,0
2026-04-16T09:55:00+00:00,16.59,16.59,16.59,16.59,100
2026-04-16T10:00:00+00:00,16.59,16.59,16.59,16.59,0
2026-04-16T10:05:00+00:00,16.57,16.57,16.57,16.57,245
2026-04-16T10:10:00+00:00,16.57,16.58,16.57,16.58,3140
2026-04-16T10:15:00+00:00,16.58,16.58,16.58,16.58,2778
2026-04-16T10:20:00+00:00,16.58,16.58,16.58,16.58,0
2026-04-16T10:25:00+00:00,16.58,16.58,16.58,16.58,0
2026-04-16T10:30:00+00:00,16.58,16.58,16.58,16.58,43
2026-04-16T10:35:00+00:00,16.54,16.54,16.54,16.54,676
2026-04-16T10:40:00+00:00,16.54,16.54,16.54,16.54,0
2026-04-16T10:45:00+00:00,16.54,16.54,16.5,16.5,357
2026-04-16T10:50:00+00:00,16.48,16.48,16.45,16.46,1551
2026-04-16T10:55:00+00:00,16.46,16.46,16.46,16.46,20
2026-04-16T11:00:00+00:00,16.46,16.46,16.46,16.46,1
2026-04-16T11:05:00+00:00,16.49,16.51,16.49,16.51,1557
2026-04-16T11:10:00+00:00,16.53,16.53,16.53,16.53,440
2026-04-16T11:15:00+00:00,16.53,16.53,16.53,16.53,30
2026-04-16T11:20:00+00:00,16.54,16.54,16.54,16.54,196
2026-04-16T11:25:00+00:00,16.54,16.54,16.54,16.54,264
2026-04-16T11:30:00+00:00,16.54,16.54,16.53,16.53,162
2026-04-16T11:35:00+00:00,16.52,16.52,16.52,16.52,461
2026-04-16T11:40:00+00:00,16.52,16.52,16.52,16.52,91
2026-04-16T11:45:00+00:00,16.57,16.57,16.57,16.57,270
2026-04-16T11:50:00+00:00,16.57,16.57,16.57,16.57,50
2026-04-16T11:55:00+00:00,16.57,16.57,16.56,16.56,916
2026-04-16T12:00:00+00:00,16.57,16.58,16.57,16.58,683
2026-04-16T12:05:00+00:00,16.56,16.56,16.55,16.55,1008
2026-04-16T12:10:00+00:00,16.55,16.55,16.55,16.55,110
2026-04-16T12:15:00+00:00,16.55,16.55,16.55,16.55,0
2026-04-16T12:20:00+00:00,16.55,16.55,16.55,16.55,24
2026-04-16T12:25:00+00:00,16.56,16.56,16.56,16.56,1466
2026-04-16T12:30:00+00:00,16.56,16.56,16.55,16.55,5073
2026-04-16T12:35:00+00:00,16.55,16.55,16.55,16.55,184
2026-04-16T12:40:00+00:00,16.55,16.55,16.55,16.55,0
2026-04-16T12:45:00+00:00,16.55,16.56,16.55,16.56,1347
2026-04-16T12:50:00+00:00,16.58,16.58,16.58,16.58,2914
2026-04-16T12:55:00+00:00,16.58,16.58,16.58,16.58,100
2026-04-16T13:00:00+00:00,16.53,16.53,16.51,16.52,12120
2026-04-16T13:05:00+00:00,16.52,16.52,16.52,16.52,52
2026-04-16T13:10:00+00:00,16.52,16.52,16.52,16.52,0
2026-04-16T13:15:00+00:00,16.52,16.52,16.52,16.52,2
2026-04-16T13:20:00+00:00,16.52,16.52,16.52,16.52,200
2026-04-16T13:25:00+00:00,16.53,16.7,16.53,16.64,2704
2026-04-16T13:30:00+00:00,16.64,16.81,16.61,16.67,380661
2026-04-16T13:35:00+00:00,16.67,16.67,16.53,16.54,45931
2026-04-16T13:40:00+00:00,16.565,16.635,16.495,16.605,69894
2026-04-16T13:45:00+00:00,16.605,16.645,16.53,16.62,50170
2026-04-16T13:50:00+00:00,16.62,16.63,16.495,16.52,41795
2026-04-16T13:55:00+00:00,16.52,16.59,16.495,16.59,32739
2026-04-16T14:00:00+00:00,16.59,16.65,16.54,16.65,52478
2026-04-16T14:05:00+00:00,16.66,16.725,16.625,16.7,105809
2026-04-16T14:10:00+00:00,16.71,16.795,16.63,16.65,97350
2026-04-16T14:15:00+00:00,16.66,16.685,16.5,16.51,64105
2026-04-16T14:20:00+00:00,16.515,16.53,16.41,16.455,45714
2026-04-16T14:25:00+00:00,16.445,16.495,16.415,16.47,26022
2026-04-16T14:30:00+00:00,16.46,16.505,16.455,16.485,18915
2026-04-16T14:35:00+00:00,16.49,16.49,16.41,16.41,30776
2026-04-16T14:40:00+00:00,16.4,16.43,16.37,16.43,58144
2026-04-16T14:45:00+00:00,16.44,16.47,16.41,16.46,26081
2026-04-16T14:50:00+00:00,16.465,16.6,16.46,16.585,41439
2026-04-16T14:55:00+00:00,16.585,16.585,16.51,16.53,26756
2026-04-16T15:00:00+00:00,16.53,16.575,16.53,16.57,27334
2026-04-16T15:05:00+00:00,16.56,16.61,16.54,16.545,43293
2026-04-16T15:10:00+00:00,16.55,16.635,16.545,16.635,47968
2026-04-16T15:15:00+00:00,16.64,16.775,16.64,16.73,62850
2026-04-16T15:20:00+00:00,16.73,16.795,16.725,16.77,44319
2026-04-16T15:25:00+00:00,16.78,16.805,16.72,16.72,80692
2026-04-16T15:30:00+00:00,16.71,16.755,16.685,16.75,44943
2026-04-16T15:35:00+00:00,16.745,16.83,16.74,16.825,78244
2026-04-16T15:40:00+00:00,16.82,16.83,16.79,16.81,33867
2026-04-16T15:45:00+00:00,16.81,16.82,16.785,16.8,16707
2026-04-16T15:50:00+00:00,16.81,16.86,16.805,16.86,72669
2026-04-16T15:55:00+00:00,16.87,16.895,16.86,16.86,37268
2026-04-16T16:00:00+00:00,16.86,16.925,16.86,16.915,74754
2026-04-16T16:05:00+00:00,16.92,16.92,16.875,16.88,21076
2026-04-16T16:10:00+00:00,16.885,16.9,16.88,16.9,7298
2026-04-16T16:15:00+00:00,16.9,16.975,16.89,16.96,97501
2026-04-16T16:20:00+00:00,16.965,17.035,16.955,17.0,238621
2026-04-16T16:25:00+00:00,17.005,17.025,16.97,16.97,32358
2026-04-16T16:30:00+00:00,16.97,16.975,16.855,16.9,47015
2026-04-16T16:35:00+00:00,16.9,16.995,16.9,16.985,29043
2026-04-16T16:40:00+00:00,16.98,16.995,16.96,16.96,36279
2026-04-16T16:45:00+00:00,16.96,17.005,16.96,16.99,37493
2026-04-16T16:50:00+00:00,16.99,17.015,16.99,16.99,27005
2026-04-16T16:55:00+00:00,16.985,17.01,16.96,16.97,45454
2026-04-16T17:00:00+00:00,16.98,16.98,16.93,16.955,27156
2026-04-16T17:05:00+00:00,16.96,16.97,16.91,16.94,19431
2026-04-16T17:10:00+00:00,16.95,16.985,16.925,16.925,26646
2026-04-16T17:15:00+00:00,16.92,16.935,16.87,16.87,19179
2026-04-16T17:20:00+00:00,16.87,16.9,16.83,16.9,18502
2026-04-16T17:25:00+00:00,16.9,16.9,16.87,16.875,16732
2026-04-16T17:30:00+00:00,16.88,16.91,16.88,16.9,14115
2026-04-16T17:35:00+00:00,16.9,16.9,16.84,16.85,18020
2026-04-16T17:40:00+00:00,16.84,16.86,16.815,16.86,12671
2026-04-16T17:45:00+00:00,16.855,16.885,16.855,16.885,13196
2026-04-16T17:50:00+00:00,16.88,16.88,16.87,16.87,11104
2026-04-16T17:55:00+00:00,16.865,16.865,16.81,16.84,41234
2026-04-16T18:00:00+00:00,16.845,16.875,16.825,16.845,22826
2026-04-16T18:05:00+00:00,16.84,16.85,16.785,16.785,22553
2026-04-16T18:10:00+00:00,16.79,16.805,16.77,16.79,26100
2026-04-16T18:15:00+00:00,16.79,16.79,16.755,16.77,35431
2026-04-16T18:20:00+00:00,16.765,16.765,16.695,16.71,44768
2026-04-16T18:25:00+00:00,16.7,16.71,16.665,16.69,27356
2026-04-16T18:30:00+00:00,16.7,16.775,16.7,16.775,17557
2026-04-16T18:35:00+00:00,16.77,16.79,16.765,16.79,15497
2026-04-16T18:40:00+00:00,16.785,16.79,16.765,16.775,19707
2026-04-16T18:45:00+00:00,16.775,16.785,16.75,16.75,19312
2026-04-16T18:50:00+00:00,16.75,16.75,16.735,16.735,11492
2026-04-16T18:55:00+00:00,16.73,16.77,16.72,16.77,22709
2026-04-16T19:00:00+00:00,16.77,16.81,16.77,16.785,31297
2026-04-16T19:05:00+00:00,16.785,16.81,16.765,16.81,23382
2026-04-16T19:10:00+00:00,16.805,16.805,16.79,16.805,12017
2026-04-16T19:15:00+00:00,16.81,16.84,16.81,16.82,16635
2026-04-16T19:20:00+00:00,16.82,16.825,16.81,16.815,32784
2026-04-16T19:25:00+00:00,16.82,16.85,16.815,16.85,24261
2026-04-16T19:30:00+00:00,16.855,16.89,16.835,16.87,42690
2026-04-16T19:35:00+00:00,16.87,16.93,16.865,16.925,69277
2026-04-16T19:40:00+00:00,16.93,16.955,16.925,16.93,57176
2026-04-16T19:45:00+00:00,16.92,16.945,16.905,16.945,37253
2026-04-16T19:50:00+00:00,16.94,16.95,16.88,16.89,155401
2026-04-16T19:55:00+00:00,16.9,16.9,16.84,16.895,302000
2026-04-16T20:00:00+00:00,16.64,16.89,16.64,16.88,5046
2026-04-16T20:05:00+00:00,16.88,16.88,16.86,16.86,210
2026-04-16T20:10:00+00:00,16.86,16.86,16.86,16.86,111
2026-04-16T20:15:00+00:00,16.86,16.88,16.86,16.88,206
2026-04-16T20:20:00+00:00,16.88,16.88,16.88,16.88,70
2026-04-16T20:25:00+00:00,16.88,16.89,16.88,16.89,403
2026-04-16T20:30:00+00:00,16.88,16.88,16.88,16.88,1300
2026-04-16T20:35:00+00:00,16.88,16.88,16.87,16.87,2150
2026-04-16T20:40:00+00:00,16.86,16.86,16.85,16.85,356
2026-04-16T20:45:00+00:00,16.91,17.0,16.9,17.0,9193
2026-04-16T20:50:00+00:00,17.01,17.02,17.01,17.02,2668
2026-04-16T20:55:00+00:00,17.04,17.04,17.04,17.04,1612
2026-04-16T21:00:00+00:00,17.04,17.04,17.04,17.04,1
2026-04-16T21:05:00+00:00,17.04,17.1,17.0,17.09,8739
2026-04-16T21:10:00+00:00,17.09,17.09,17.09,17.09,0
2026-04-16T21:15:00+00:00,17.09,17.09,17.09,17.09,0
2026-04-16T21:20:00+00:00,17.09,17.09,17.09,17.09,158
2026-04-16T21:25:00+00:00,17.11,17.11,17.11,17.11,187
2026-04-16T21:30:00+00:00,17.11,17.11,17.11,17.11,2964
2026-04-16T21:35:00+00:00,17.14,17.14,17.14,17.14,1574
2026-04-16T21:40:00+00:00,17.14,17.14,17.13,17.13,663
2026-04-16T21:45:00+00:00,17.13,17.13,17.13,17.13,129
2026-04-16T21:50:00+00:00,17.13,17.13,17.13,17.13,7
2026-04-16T21:55:00+00:00,17.13,17.13,17.13,17.13,3
2026-04-16T22:00:00+00:00,17.1,17.1,17.1,17.1,1516
2026-04-16T22:05:00+00:00,17.1,17.11,17.1,17.11,375
2026-04-16T22:10:00+00:00,17.11,17.11,17.11,17.11,0
2026-04-16T22:15:00+00:00,17.11,17.11,17.11,17.11,4
2026-04-16T22:20:00+00:00,17.11,17.11,17.11,17.11,0
2026-04-16T22:25:00+00:00,17.1,17.1,17.1,17.1,828
2026-04-16T22:30:00+00:00,17.1,17.1,17.1,17.1,0
2026-04-16T22:35:00+00:00,17.1,17.1,17.1,17.1,0
2026-04-16T22:40:00+00:00,17.11,17.11,17.1,17.1,2361
2026-04-16T22:45:00+00:00,17.1,17.1,17.1,17.1,1
2026-04-16T22:50:00+00:00,17.1,17.11,17.1,17.1,1087
2026-04-16T22:55:00+00:00,17.1,17.1,17.1,17.1,98
2026-04-16T23:00:00+00:00,17.1,17.1,17.1,17.1,0
2026-04-16T23:05:00+00:00,17.08,17.08,17.05,17.05,1839
2026-04-16T23:10:00+00:00,17.05,17.05,17.05,17.05,2
2026-04-16T23:15:00+00:00,17.05,17.05,17.05,17.05,13
2026-04-16T23:20:00+00:00,17.04,17.04,17.04,17.04,455
2026-04-16T23:25:00+00:00,17.04,17.04,17.04,17.04,0
2026-04-16T23:30:00+00:00,17.04,17.04,17.04,17.04,268
2026-04-16T23:35:00+00:00,17.04,17.04,17.04,17.04,0
2026-04-16T23:40:00+00:00,17.04,17.04,17.0,17.0,853
2026-04-16T23:45:00+00:00,17.0,17.0,17.0,17.0,0
2026-04-16T23:50:00+00:00,17.02,17.03,17.02,17.03,3291
2026-04-16T23:55:00+00:00,17.03,17.03,17.03,17.03,0
2026-04-17T08:00:00+00:00,17.03,17.03,17.03,17.03,0
2026-04-17T08:05:00+00:00,17.115,17.115,17.115,17.115,26
2026-04-17T08:10:00+00:00,17.115,17.115,17.115,17.115,0
2026-04-17T08:15:00+00:00,17.115,17.115,17.115,17.115,9
2026-04-17T08:20:00+00:00,17.115,17.115,17.115,17.115,0
2026-04-17T08:25:00+00:00,17.115,17.115,17.115,17.115,16
2026-04-17T08:30:00+00:00,17.115,17.115,17.115,17.115,0
2026-04-17T08:35:00+00:00,17.115,17.115,17.115,17.115,0
2026-04-17T08:40:00+00:00,17.115,17.115,17.07,17.07,300
2026-04-17T08:45:00+00:00,17.06,17.06,17.06,17.06,370
2026-04-17T08:50:00+00:00,17.06,17.06,17.06,17.06,0
2026-04-17T08:55:00+00:00,17.06,17.06,17.06,17.06,0
2026-04-17T09:00:00+00:00,17.06,17.06,17.06,17.06,0
2026-04-17T09:05:00+00:00,17.06,17.06,17.06,17.06,0
2026-04-17T09:10:00+00:00,17.04,17.04,17.04,17.04,163
2026-04-17T09:15:00+00:00,17.01,17.01,17.0,17.0,1540
2026-04-17T09:20:00+00:00,17.0,17.0,17.0,17.0,0
2026-04-17T09:25:00+00:00,17.0,17.0,17.0,17.0,35
2026-04-17T09:30:00+00:00,17.0,17.0,17.0,17.0,1
2026-04-17T09:35:00+00:00,17.0,17.0,17.0,17.0,0
2026-04-17T09:40:00+00:00,17.0,17.0,17.0,17.0,0
2026-04-17T09:45:00+00:00,17.0,17.0,17.0,17.0,0
2026-04-17T09:50:00+00:00,17.0,17.0,17.0,17.0,0
2026-04-17T09:55:00+00:00,17.0,17.0,17.0,17.0,0
2026-04-17T10:00:00+00:00,17.0,17.0,17.0,17.0,0
2026-04-17T10:05:00+00:00,17.0,17.0,17.0,17.0,0
2026-04-17T10:10:00+00:00,17.0,17.0,17.0,17.0,0
2026-04-17T10:15:00+00:00,16.99,16.99,16.99,16.99,252
2026-04-17T10:20:00+00:00,16.99,16.99,16.99,16.99,0
2026-04-17T10:25:00+00:00,16.99,16.99,16.99,16.99,0
2026-04-17T10:30:00+00:00,16.99,16.99,16.99,16.99,1200
2026-04-17T10:35:00+00:00,16.99,16.99,16.97,16.97,305
2026-04-17T10:40:00+00:00,16.97,16.97,16.97,16.97,0
2026-04-17T10:45:00+00:00,16.97,16.97,16.97,16.97,0
2026-04-17T10:50:00+00:00,16.97,16.97,16.97,16.97,0
2026-04-17T10:55:00+00:00,16.97,16.97,16.97,16.97,0
2026-04-17T11:00:00+00:00,16.97,16.97,16.97,16.97,29
2026-04-17T11:05:00+00:00,16.97,16.97,16.97,16.97,20
2026-04-17T11:10:00+00:00,17.0,17.0,17.0,17.0,319
2026-04-17T11:15:00+00:00,17.0,17.0,17.0,17.0,0
2026-04-17T11:20:00+00:00,17.0,17.0,17.0,17.0,0
2026-04-17T11:25:00+00:00,17.0,17.0,17.0,17.0,8
2026-04-17T11:30:00+00:00,17.02,17.04,17.02,17.04,2061
2026-04-17T11:35:00+00:00,17.04,17.04,17.04,17.04,528
2026-04-17T11:40:00+00:00,17.039,17.039,17.039,17.039,100
2026-04-17T11:45:00+00:00,17.039,17.039,17.039,17.039,46
2026-04-17T11:50:00+00:00,17.039,17.039,17.039,17.039,0
2026-04-17T11:55:00+00:00,17.039,17.039,17.039,17.039,10
2026-04-17T12:00:00+00:00,17.03,17.03,16.97,16.97,2910
2026-04-17T12:05:00+00:00,17.03,17.03,17.03,17.03,333
2026-04-17T12:10:00+00:00,17.03,17.04,17.03,17.04,1242
2026-04-17T12:15:00+00:00,17.04,17.04,17.04,17.04,31
2026-04-17T12:20:00+00:00,16.99,17.0,16.99,17.0,601
2026-04-17T12:25:00+00:00,17.0,17.0,17.0,17.0,0
2026-04-17T12:30:00+00:00,17.0,17.03,17.0,17.03,556
2026-04-17T12:35:00+00:00,17.03,17.03,17.03,17.03,400
2026-04-17T12:40:00+00:00,17.03,17.03,17.03,17.03,569
2026-04-17T12:45:00+00:00,17.03,17.04,17.03,17.04,2065
2026-04-17T12:50:00+00:00,17.04,17.04,17.04,17.04,42
2026-04-17T12:55:00+00:00,17.05,17.07,17.05,17.06,2006
2026-04-17T13:00:00+00:00,17.06,17.06,17.06,17.06,0
2026-04-17T13:05:00+00:00,17.06,17.146,17.06,17.146,1939
2026-04-17T13:10:00+00:00,17.15,17.17,17.139,17.16,2206
2026-04-17T13:15:00+00:00,17.16,17.16,17.131,17.15,3581
2026-04-17T13:20:00+00:00,17.15,17.15,17.15,17.15,8041
2026-04-17T13:25:00+00:00,17.12,17.15,17.06,17.08,18700
2026-04-17T13:30:00+00:00,17.115,17.255,17.09,17.2,395975
2026-04-17T13:35:00+00:00,17.2,17.25,17.14,17.23,58620
2026-04-17T13:40:00+00:00,17.24,17.33,17.14,17.31,91161
2026-04-17T13:45:00+00:00,17.32,17.42,17.31,17.41,125891
2026-04-17T13:50:00+00:00,17.4,17.46,17.36,17.36,51098
2026-04-17T13:55:00+00:00,17.36,17.44,17.35,17.38,87183
2026-04-17T14:00:00+00:00,17.38,17.405,17.315,17.37,104177
2026-04-17T14:05:00+00:00,17.375,17.42,17.345,17.38,87318
2026-04-17T14:10:00+00:00,17.385,17.39,17.31,17.31,106146
2026-04-17T14:15:00+00:00,17.32,17.35,17.305,17.33,26746
2026-04-17T14:20:00+00:00,17.32,17.375,17.305,17.345,32979
2026-04-17T14:25:00+00:00,17.345,17.4,17.335,17.4,42602
2026-04-17T14:30:00+00:00,17.4,17.47,17.4,17.455,78291
2026-04-17T14:35:00+00:00,17.45,17.57,17.425,17.57,267187
2026-04-17T14:40:00+00:00,17.57,17.675,17.555,17.595,164718
2026-04-17T14:45:00+00:00,17.59,17.64,17.58,17.64,76934
2026-04-17T14:50:00+00:00,17.645,17.725,17.605,17.71,93032
2026-04-17T14:55:00+00:00,17.715,17.77,17.675,17.675,146526
2026-04-17T15:00:00+00:00,17.67,17.67,17.44,17.46,108657
2026-04-17T15:05:00+00:00,17.445,17.46,17.36,17.36,99524
2026-04-17T15:10:00+00:00,17.36,17.39,17.285,17.29,81367
2026-04-17T15:15:00+00:00,17.29,17.385,17.285,17.38,54396
2026-04-17T15:20:00+00:00,17.39,17.485,17.365,17.435,202338
2026-04-17T15:25:00+00:00,17.435,17.535,17.435,17.495,45788
2026-04-17T15:30:00+00:00,17.5,17.505,17.475,17.49,29106
2026-04-17T15:35:00+00:00,17.485,17.49,17.465,17.48,21952
2026-04-17T15:40:00+00:00,17.48,17.48,17.43,17.445,43558
2026-04-17T15:45:00+00:00,17.445,17.455,17.405,17.425,27798
2026-04-17T15:50:00+00:00,17.43,17.445,17.405,17.425,22266
2026-04-17T15:55:00+00:00,17.425,17.48,17.425,17.48,43647
2026-04-17T16:00:00+00:00,17.485,17.54,17.475,17.535,22109
2026-04-17T16:05:00+00:00,17.535,17.585,17.535,17.555,27332
2026-04-17T16:10:00+00:00,17.555,17.565,17.525,17.53,24216
2026-04-17T16:15:00+00:00,17.525,17.53,17.495,17.505,13329
2026-04-17T16:20:00+00:00,17.515,17.525,17.485,17.525,37688
2026-04-17T16:25:00+00:00,17.515,17.535,17.515,17.525,10370
2026-04-17T16:30:00+00:00,17.53,17.54,17.49,17.49,12784
2026-04-17T16:35:00+00:00,17.48,17.485,17.43,17.43,14293
2026-04-17T16:40:00+00:00,17.425,17.445,17.41,17.435,17507
2026-04-17T16:45:00+00:00,17.43,17.455,17.425,17.445,14046
2026-04-17T16:50:00+00:00,17.445,17.465,17.435,17.435,11809
2026-04-17T16:55:00+00:00,17.435,17.44,17.425,17.44,10619
2026-04-17T17:00:00+00:00,17.44,17.475,17.435,17.475,12999
2026-04-17T17:05:00+00:00,17.475,17.475,17.4,17.42,29561
2026-04-17T17:10:00+00:00,17.425,17.425,17.37,17.395,28861
2026-04-17T17:15:00+00:00,17.395,17.405,17.38,17.38,10976
2026-04-17T17:20:00+00:00,17.38,17.385,17.285,17.31,35337
2026-04-17T17:25:00+00:00,17.315,17.34,17.29,17.325,29854
2026-04-17T17:30:00+00:00,17.325,17.345,17.315,17.335,20743
2026-04-17T17:35:00+00:00,17.33,17.355,17.315,17.32,16461
2026-04-17T17:40:00+00:00,17.325,17.325,17.27,17.27,50957
2026-04-17T17:45:00+00:00,17.26,17.315,17.26,17.305,24229
2026-04-17T17:50:00+00:00,17.305,17.31,17.285,17.285,12670
2026-04-17T17:55:00+00:00,17.29,17.315,17.29,17.315,9145
2026-04-17T18:00:00+00:00,17.315,17.315,17.21,17.22,53827
2026-04-17T18:05:00+00:00,17.22,17.22,17.175,17.2,30668
2026-04-17T18:10:00+00:00,17.2,17.2,17.135,17.14,27818
2026-04-17T18:15:00+00:00,17.14,17.165,17.135,17.155,17475
2026-04-17T18:20:00+00:00,17.155,17.19,17.145,17.175,13718
2026-04-17T18:25:00+00:00,17.175,17.21,17.165,17.175,15778
2026-04-17T18:30:00+00:00,17.18,17.205,17.175,17.195,22955
2026-04-17T18:35:00+00:00,17.195,17.225,17.185,17.215,45722
2026-04-17T18:40:00+00:00,17.21,17.215,17.205,17.21,12617
2026-04-17T18:45:00+00:00,17.22,17.24,17.21,17.21,23173
2026-04-17T18:50:00+00:00,17.205,17.225,17.16,17.16,32463
2026-04-17T18:55:00+00:00,17.16,17.175,17.145,17.175,26936
2026-04-17T19:00:00+00:00,17.175,17.195,17.175,17.185,15888
2026-04-17T19:05:00+00:00,17.18,17.195,17.165,17.185,25447
2026-04-17T19:10:00+00:00,17.19,17.205,17.115,17.175,50884
2026-04-17T19:15:00+00:00,17.175,17.225,17.175,17.2,32349
2026-04-17T19:20:00+00:00,17.21,17.245,17.205,17.235,12808
2026-04-17T19:25:00+00:00,17.24,17.245,17.165,17.195,47233
2026-04-17T19:30:00+00:00,17.195,17.205,17.175,17.205,35355
2026-04-17T19:35:00+00:00,17.205,17.25,17.175,17.235,51371
2026-04-17T19:40:00+00:00,17.235,17.235,17.195,17.205,71177
2026-04-17T19:45:00+00:00,17.205,17.205,17.145,17.15,42615
2026-04-17T19:50:00+00:00,17.16,17.24,17.155,17.235,129074
2026-04-17T19:55:00+00:00,17.235,17.26,17.185,17.23,629457
2026-04-17T20:00:00+00:00,17.115,17.28,17.115,17.24,2581
2026-04-17T20:05:00+00:00,17.24,17.24,17.19,17.19,2123
2026-04-17T20:10:00+00:00,17.19,17.19,17.19,17.19,1
2026-04-17T20:15:00+00:00,17.19,17.19,17.19,17.19,0
2026-04-17T20:20:00+00:00,17.19,17.19,17.19,17.19,158
2026-04-17T20:25:00+00:00,17.19,17.19,17.19,17.19,109
2026-04-17T20:30:00+00:00,17.19,17.19,17.19,17.19,0
2026-04-17T20:35:00+00:00,17.19,17.19,17.19,17.19,0
2026-04-17T20:40:00+00:00,17.19,17.19,17.19,17.19,0
2026-04-17T20:45:00+00:00,17.19,17.19,17.19,17.19,12
2026-04-17T20:50:00+00:00,17.19,17.19,17.19,17.19,0
2026-04-17T20:55:00+00:00,17.19,17.19,17.19,17.19,0
2026-04-17T21:00:00+00:00,17.19,17.19,17.19,17.19,2
2026-04-17T21:05:00+00:00,17.24,17.25,17.24,17.25,3400
2026-04-17T21:10:00+00:00,17.25,17.25,17.25,17.25,1900
2026-04-17T21:15:00+00:00,17.25,17.25,17.25,17.25,5
2026-04-17T21:20:00+00:00,17.23,17.23,17.23,17.23,476
2026-04-17T21:25:00+00:00,17.23,17.23,17.23,17.23,178
2026-04-17T21:30:00+00:00,17.23,17.23,17.23,17.23,833
2026-04-17T21:35:00+00:00,17.23,17.23,17.23,17.23,16
2026-04-17T21:40:00+00:00,17.23,17.23,17.23,17.23,0
2026-04-17T21:45:00+00:00,17.23,17.23,17.23,17.23,0
2026-04-17T21:50:00+00:00,17.23,17.23,17.23,17.23,5
2026-04-17T21:55:00+00:00,17.23,17.23,17.23,17.23,0
2026-04-17T22:00:00+00:00,17.23,17.23,17.23,17.23,0
2026-04-17T22:05:00+00:00,17.23,17.24,17.23,17.24,130
2026-04-17T22:10:00+00:00,17.24,17.24,17.24,17.24,175
2026-04-17T22:15:00+00:00,17.24,17.24,17.24,17.24,75
2026-04-17T22:20:00+00:00,17.24,17.24,17.24,17.24,0
2026-04-17T22:25:00+00:00,17.24,17.24,17.24,17.24,0
2026-04-17T22:30:00+00:00,17.24,17.24,17.24,17.24,0
2026-04-17T22:35:00+00:00,17.24,17.24,17.24,17.24,7
2026-04-17T22:40:00+00:00,17.24,17.24,17.24,17.24,0
2026-04-17T22:45:00+00:00,17.24,17.24,17.24,17.24,0
2026-04-17T22:50:00+00:00,17.24,17.24,17.24,17.24,0
2026-04-17T22:55:00+00:00,17.24,17.24,17.24,17.24,0
2026-04-17T23:00:00+00:00,17.24,17.24,17.24,17.24,0
2026-04-17T23:05:00+00:00,17.24,17.24,17.24,17.24,0
2026-04-17T23:10:00+00:00,17.24,17.24,17.24,17.24,0
2026-04-17T23:15:00+00:00,17.24,17.24,17.24,17.24,87
2026-04-17T23:20:00+00:00,17.24,17.24,17.24,17.24,0
2026-04-17T23:25:00+00:00,17.24,17.24,17.24,17.24,23
2026-04-17T23:30:00+00:00,17.24,17.24,17.24,17.24,0
2026-04-17T23:35:00+00:00,17.24,17.24,17.24,17.24,0
2026-04-17T23:40:00+00:00,17.24,17.26,17.24,17.26,340
2026-04-17T23:45:00+00:00,17.27,17.27,17.27,17.27,153
2026-04-17T23:50:00+00:00,17.27,17.27,17.27,17.27,284
2026-04-17T23:55:00+00:00,17.25,17.25,17.25,17.25,580
2026-04-20T08:00:00+00:00,16.96,16.96,16.92,16.92,1267
2026-04-20T08:05:00+00:00,16.89,16.89,16.89,16.89,506
2026-04-20T08:10:00+00:00,16.89,16.89,16.89,16.89,119
2026-04-20T08:15:00+00:00,16.89,16.89,16.89,16.89,0
2026-04-20T08:20:00+00:00,16.89,16.89,16.89,16.89,0
2026-04-20T08:25:00+00:00,16.89,16.89,16.89,16.89,0
2026-04-20T08:30:00+00:00,16.94,16.95,16.94,16.95,1165
2026-04-20T08:35:00+00:00,16.95,16.95,16.95,16.95,0
2026-04-20T08:40:00+00:00,16.95,16.95,16.95,16.95,0
2026-04-20T08:45:00+00:00,16.95,16.95,16.95,16.95,0
2026-04-20T08:50:00+00:00,16.95,16.95,16.95,16.95,0
2026-04-20T08:55:00+00:00,16.95,16.95,16.95,16.95,2
2026-04-20T09:00:00+00:00,16.95,16.95,16.95,16.95,0
2026-04-20T09:05:00+00:00,16.95,16.95,16.95,16.95,29
2026-04-20T09:10:00+00:00,16.95,16.95,16.95,16.95,0
2026-04-20T09:15:00+00:00,16.975,16.98,16.975,16.98,301
2026-04-20T09:20:00+00:00,16.98,16.98,16.98,16.98,44
2026-04-20T09:25:00+00:00,16.98,16.98,16.98,16.98,5
2026-04-20T09:30:00+00:00,16.98,16.98,16.98,16.98,0
2026-04-20T09:35:00+00:00,16.98,16.98,16.98,16.98,0
2026-04-20T09:40:00+00:00,16.98,17.0,16.98,17.0,399
2026-04-20T09:45:00+00:00,17.0,17.0,17.0,17.0,0
2026-04-20T09:50:00+00:00,17.0,17.0,17.0,17.0,30
2026-04-20T09:55:00+00:00,17.0,17.0,17.0,17.0,0
2026-04-20T10:00:00+00:00,17.0,17.0,17.0,17.0,0
2026-04-20T10:05:00+00:00,17.0,17.0,17.0,17.0,0
2026-04-20T10:10:00+00:00,17.0,17.0,17.0,17.0,208
2026-04-20T10:15:00+00:00,17.0,17.0,17.0,17.0,0
2026-04-20T10:20:00+00:00,17.0,17.0,17.0,17.0,0
2026-04-20T10:25:00+00:00,17.02,17.04,17.02,17.02,425
2026-04-20T10:30:00+00:00,17.02,17.02,17.02,17.02,19
2026-04-20T10:35:00+00:00,17.02,17.02,17.02,17.02,0
2026-04-20T10:40:00+00:00,17.01,17.01,17.0,17.0,1387
2026-04-20T10:45:00+00:00,17.0,17.0,17.0,17.0,0
2026-04-20T10:50:00+00:00,17.03,17.03,17.03,17.03,499
2026-04-20T10:55:00+00:00,17.03,17.03,17.03,17.03,37
2026-04-20T11:00:00+00:00,17.02,17.02,17.02,17.02,442
2026-04-20T11:05:00+00:00,17.02,17.02,17.02,17.02,31
2026-04-20T11:10:00+00:00,17.03,17.03,17.03,17.03,255
2026-04-20T11:15:00+00:00,17.04,17.04,17.04,17.04,2002
2026-04-20T11:20:00+00:00,17.03,17.03,17.02,17.02,2366
2026-04-20T11:25:00+00:00,17.03,17.03,17.0,17.0,4399
2026-04-20T11:30:00+00:00,17.0,17.0,17.0,17.0,5
2026-04-20T11:35:00+00:00,17.0,17.0,17.0,17.0,32
2026-04-20T11:40:00+00:00,17.0,17.0,17.0,17.0,0
2026-04-20T11:45:00+00:00,17.05,17.05,17.05,17.05,241
2026-04-20T11:50:00+00:00,17.04,17.06,17.03,17.06,2428
2026-04-20T11:55:00+00:00,17.06,17.08,17.06,17.07,2018
2026-04-20T12:00:00+00:00,17.07,17.1,17.07,17.1,2702
2026-04-20T12:05:00+00:00,17.13,17.13,17.1,17.1,415
2026-04-20T12:10:00+00:00,17.1,17.1,17.09,17.09,3117
2026-04-20T12:15:00+00:00,17.09,17.09,17.09,17.09,0
2026-04-20T12:20:00+00:00,17.09,17.09,17.08,17.08,1006
2026-04-20T12:25:00+00:00,17.09,17.09,17.09,17.09,122
2026-04-20T12:30:00+00:00,17.1,17.1,17.08,17.08,218
2026-04-20T12:35:00+00:00,17.08,17.08,17.08,17.08,0
2026-04-20T12:40:00+00:00,17.09,17.09,17.09,17.09,451
2026-04-20T12:45:00+00:00,17.09,17.11,17.09,17.11,1379
2026-04-20T12:50:00+00:00,17.13,17.13,17.11,17.11,1663
2026-04-20T12:55:00+00:00,17.11,17.11,17.11,17.11,0
2026-04-20T13:00:00+00:00,17.08,17.08,17.08,17.08,215
2026-04-20T13:05:00+00:00,17.08,17.08,17.08,17.08,0
2026-04-20T13:10:00+00:00,17.11,17.11,17.11,17.11,247
2026-04-20T13:15:00+00:00,17.11,17.11,17.11,17.11,40
2026-04-20T13:20:00+00:00,17.11,17.14,17.11,17.14,3193
2026-04-20T13:25:00+00:00,17.12,17.12,17.0,17.0,6529
2026-04-20T13:30:00+00:00,17.03,17.14,16.84,16.96,355396
2026-04-20T13:35:00+00:00,16.97,17.04,16.82,16.845,84274
2026-04-20T13:40:00+00:00,16.835,16.87,16.79,16.87,57945
2026-04-20T13:45:00+00:00,16.875,16.965,16.78,16.8,85123
2026-04-20T13:50:00+00:00,16.8,16.945,16.8,16.91,64711
2026-04-20T13:55:00+00:00,16.91,17.005,16.9,16.99,23984
2026-04-20T14:00:00+00:00,16.98,17.0,16.87,16.905,170747
2026-04-20T14:05:00+00:00,16.91,16.975,16.91,16.965,30074
2026-04-20T14:10:00+00:00,16.965,17.01,16.93,16.995,26363
2026-04-20T14:15:00+00:00,16.995,16.995,16.765,16.79,90641
2026-04-20T14:20:00+00:00,16.8,16.815,16.76,16.815,36768
2026-04-20T14:25:00+00:00,16.815,16.87,16.795,16.81,29170
2026-04-20T14:30:00+00:00,16.81,16.855,16.81,16.82,24411
2026-04-20T14:35:00+00:00,16.82,16.955,16.815,16.94,112691
2026-04-20T14:40:00+00:00,16.94,16.94,16.88,16.91,21129
2026-04-20T14:45:00+00:00,16.915,16.975,16.91,16.97,23882
2026-04-20T14:50:00+00:00,16.96,16.96,16.845,16.91,44159
2026-04-20T14:55:00+00:00,16.91,16.92,16.89,16.9,18362
2026-04-20T15:00:00+00:00,16.915,16.92,16.855,16.86,18628
2026-04-20T15:05:00+00:00,16.87,16.88,16.795,16.815,72859
2026-04-20T15:10:00+00:00,16.83,16.895,16.83,16.895,20116
2026-04-20T15:15:00+00:00,16.895,16.96,16.895,16.95,25205
2026-04-20T15:20:00+00:00,16.955,17.02,16.955,17.0,45755
2026-04-20T15:25:00+00:00,16.99,17.035,16.965,17.005,29205
2026-04-20T15:30:00+00:00,17.0,17.015,16.985,17.01,37611
2026-04-20T15:35:00+00:00,17.01,17.08,16.96,17.07,102515
2026-04-20T15:40:00+00:00,17.065,17.085,17.045,17.05,38293
2026-04-20T15:45:00+00:00,17.04,17.04,16.99,16.99,27703
2026-04-20T15:50:00+00:00,17.0,17.045,17.0,17.04,38035
2026-04-20T15:55:00+00:00,17.035,17.035,16.815,16.88,150950
2026-04-20T16:00:00+00:00,16.89,16.935,16.83,16.83,37272
2026-04-20T16:05:00+00:00,16.84,16.88,16.815,16.84,28341
2026-04-20T16:10:00+00:00,16.85,16.875,16.845,16.85,20234
2026-04-20T16:15:00+00:00,16.86,16.865,16.825,16.855,34265
2026-04-20T16:20:00+00:00,16.855,16.86,16.83,16.835,27332
2026-04-20T16:25:00+00:00,16.83,16.84,16.825,16.84,15726
2026-04-20T16:30:00+00:00,16.85,16.855,16.825,16.825,15228
2026-04-20T16:35:00+00:00,16.82,16.83,16.795,16.83,42375
2026-04-20T16:40:00+00:00,16.83,16.905,16.83,16.895,21146
2026-04-20T16:45:00+00:00,16.895,16.935,16.89,16.92,22834
2026-04-20T16:50:00+00:00,16.92,16.93,16.885,16.9,18712
2026-04-20T16:55:00+00:00,16.9,16.9,16.84,16.84,22152
2026-04-20T17:00:00+00:00,16.84,16.865,16.81,16.86,31746
2026-04-20T17:05:00+00:00,16.85,16.88,16.845,16.865,12582
2026-04-20T17:10:00+00:00,16.86,16.91,16.855,16.91,16601
2026-04-20T17:15:00+00:00,16.91,16.91,16.875,16.905,20872
2026-04-20T17:20:00+00:00,16.9,16.92,16.89,16.9,16573
2026-04-20T17:25:00+00:00,16.895,16.925,16.875,16.905,16895
2026-04-20T17:30:00+00:00,16.9,16.945,16.865,16.865,39622
2026-04-20T17:35:00+00:00,16.87,16.92,16.87,16.9,30031
2026-04-20T17:40:00+00:00,16.91,16.92,16.88,16.885,26799
2026-04-20T17:45:00+00:00,16.89,16.9,16.885,16.9,10649
2026-04-20T17:50:00+00:00,16.9,16.9,16.89,16.89,14947
2026-04-20T17:55:00+00:00,16.89,16.89,16.855,16.855,17907
2026-04-20T18:00:00+00:00,16.86,16.895,16.86,16.89,18490
2026-04-20T18:05:00+00:00,16.89,16.925,16.89,16.905,24725
2026-04-20T18:10:00+00:00,16.905,16.93,16.89,16.93,26303
2026-04-20T18:15:00+00:00,16.935,16.96,16.935,16.96,18608
2026-04-20T18:20:00+00:00,16.955,16.97,16.955,16.97,20527
2026-04-20T18:25:00+00:00,16.975,16.98,16.94,16.95,34833
2026-04-20T18:30:00+00:00,16.955,16.955,16.905,16.905,18425
2026-04-20T18:35:00+00:00,16.91,16.91,16.85,16.85,32018
2026-04-20T18:40:00+00:00,16.845,16.915,16.845,16.91,12670
2026-04-20T18:45:00+00:00,16.9,16.905,16.895,16.9,14368
2026-04-20T18:50:00+00:00,16.895,16.955,16.895,16.945,15776
2026-04-20T18:55:00+00:00,16.945,16.95,16.935,16.945,24868
2026-04-20T19:00:00+00:00,16.945,16.955,16.905,16.915,38124
2026-04-20T19:05:00+00:00,16.915,16.925,16.915,16.92,16865
2026-04-20T19:10:00+00:00,16.92,16.93,16.905,16.905,20652
2026-04-20T19:15:00+00:00,16.905,16.905,16.855,16.885,27872
2026-04-20T19:20:00+00:00,16.885,16.91,16.885,16.91,16346
2026-04-20T19:25:00+00:00,16.91,16.915,16.885,16.915,26435
2026-04-20T19:30:00+00:00,16.92,16.99,16.92,16.975,45961
2026-04-20T19:35:00+00:00,16.97,16.97,16.935,16.96,30435
2026-04-20T19:40:00+00:00,16.97,16.97,16.935,16.95,29886
2026-04-20T19:45:00+00:00,16.95,16.955,16.945,16.955,35971
2026-04-20T19:50:00+00:00,16.955,16.98,16.935,16.935,82604
2026-04-20T19:55:00+00:00,16.93,16.95,16.915,16.93,341871
2026-04-20T20:00:00+00:00,16.94,16.94,16.93,16.93,1571
2026-04-20T20:05:00+00:00,16.94,16.94,16.94,16.94,1572
2026-04-20T20:10:00+00:00,16.94,16.94,16.94,16.94,27
2026-04-20T20:15:00+00:00,16.94,16.94,16.94,16.94,0
2026-04-20T20:20:00+00:00,16.92,16.92,16.91,16.91,2156
2026-04-20T20:25:00+00:00,16.91,16.91,16.91,16.91,0
2026-04-20T20:30:00+00:00,16.91,16.91,16.91,16.91,0
2026-04-20T20:35:00+00:00,16.92,16.92,16.92,16.92,1028
2026-04-20T20:40:00+00:00,16.92,16.92,16.92,16.92,10
2026-04-20T20:45:00+00:00,16.92,16.92,16.92,16.92,0
2026-04-20T20:50:00+00:00,16.92,16.92,16.92,16.92,297
2026-04-20T20:55:00+00:00,16.91,16.91,16.91,16.91,111
2026-04-20T21:00:00+00:00,16.91,16.91,16.91,16.91,0
2026-04-20T21:05:00+00:00,16.91,16.91,16.91,16.91,30
2026-04-20T21:10:00+00:00,16.91,16.91,16.91,16.91,73
2026-04-20T21:15:00+00:00,16.91,16.91,16.91,16.91,43
2026-04-20T21:20:00+00:00,16.91,16.91,16.91,16.91,99
2026-04-20T21:25:00+00:00,16.91,16.91,16.91,16.91,0
2026-04-20T21:30:00+00:00,16.91,16.91,16.91,16.91,96
2026-04-20T21:35:00+00:00,16.91,16.91,16.91,16.91,0
2026-04-20T21:40:00+00:00,16.91,16.91,16.91,16.91,0
2026-04-20T21:45:00+00:00,16.91,16.91,16.91,16.91,0
2026-04-20T21:50:00+00:00,16.92,16.92,16.91,16.91,742
2026-04-20T21:55:00+00:00,16.91,16.91,16.91,16.91,0
2026-04-20T22:00:00+00:00,16.92,16.92,16.92,16.92,1463
2026-04-20T22:05:00+00:00,16.92,16.92,16.92,16.92,181
2026-04-20T22:10:00+00:00,16.92,16.92,16.92,16.92,0
2026-04-20T22:15:00+00:00,16.92,16.92,16.92,16.92,0
2026-04-20T22:20:00+00:00,16.92,16.92,16.92,16.92,0
2026-04-20T22:25:00+00:00,16.94,16.95,16.94,16.95,3522
2026-04-20T22:30:00+00:00,16.96,16.96,16.96,16.96,363
2026-04-20T22:35:00+00:00,16.96,16.96,16.96,16.96,0
2026-04-20T22:40:00+00:00,16.96,16.96,16.96,16.96,0
2026-04-20T22:45:00+00:00,16.96,16.96,16.96,16.96,0
2026-04-20T22:50:00+00:00,16.96,16.96,16.96,16.96,0
2026-04-20T22:55:00+00:00,16.97,16.97,16.97,16.97,399
2026-04-20T23:00:00+00:00,16.97,16.97,16.97,16.97,9
2026-04-20T23:05:00+00:00,16.97,16.97,16.97,16.97,16
2026-04-20T23:10:00+00:00,16.97,16.97,16.97,16.97,62
2026-04-20T23:15:00+00:00,16.97,16.99,16.97,16.99,538
2026-04-20T23:20:00+00:00,16.99,16.99,16.99,16.99,1
2026-04-20T23:25:00+00:00,16.99,16.99,16.99,16.99,318
2026-04-20T23:30:00+00:00,16.97,16.97,16.97,16.97,701
2026-04-20T23:35:00+00:00,16.97,16.97,16.97,16.97,0
2026-04-20T23:40:00+00:00,16.97,16.97,16.97,16.97,315
2026-04-20T23:45:00+00:00,16.97,16.97,16.97,16.97,173
2026-04-20T23:50:00+00:00,16.97,16.97,16.97,16.97,99
2026-04-20T23:55:00+00:00,16.96,16.96,16.96,16.96,562
2026-04-21T08:00:00+00:00,17.07,17.07,17.07,17.07,1
2026-04-21T08:05:00+00:00,17.07,17.07,17.07,17.07,0
2026-04-21T08:10:00+00:00,17.07,17.07,17.07,17.07,3
2026-04-21T08:15:00+00:00,17.07,17.07,17.07,17.07,0
2026-04-21T08:20:00+00:00,17.07,17.07,17.07,17.07,30
2026-04-21T08:25:00+00:00,17.07,17.07,17.07,17.07,0
2026-04-21T08:30:00+00:00,17.07,17.07,17.07,17.07,0
2026-04-21T08:35:00+00:00,17.07,17.07,17.07,17.07,0
2026-04-21T08:40:00+00:00,17.07,17.07,17.07,17.07,0
2026-04-21T08:45:00+00:00,17.07,17.07,17.07,17.07,0
2026-04-21T08:50:00+00:00,17.07,17.07,17.07,17.07,0
2026-04-21T08:55:00+00:00,17.07,17.07,17.07,17.07,0
2026-04-21T09:00:00+00:00,17.07,17.07,17.07,17.07,9
2026-04-21T09:05:00+00:00,17.02,17.02,17.02,17.02,296
2026-04-21T09:10:00+00:00,17.02,17.02,17.02,17.02,0
2026-04-21T09:15:00+00:00,17.02,17.02,17.02,17.02,0
2026-04-21T09:20:00+00:00,17.02,17.02,17.02,17.02,32
2026-04-21T09:25:00+00:00,17.02,17.02,17.02,17.02,91
2026-04-21T09:30:00+00:00,17.02,17.02,17.02,17.02,0
2026-04-21T09:35:00+00:00,17.02,17.02,17.02,17.02,0
2026-04-21T09:40:00+00:00,17.02,17.02,17.02,17.02,4
2026-04-21T09:45:00+00:00,17.02,17.02,17.02,17.02,0
2026-04-21T09:50:00+00:00,17.05,17.05,17.05,17.05,103
2026-04-21T09:55:00+00:00,17.05,17.05,17.05,17.05,0
2026-04-21T10:00:00+00:00,17.07,17.1,17.07,17.1,1592
2026-04-21T10:05:00+00:00,17.08,17.08,17.08,17.08,249
2026-04-21T10:10:00+00:00,17.08,17.08,17.08,17.08,360
2026-04-21T10:15:00+00:00,17.08,17.08,17.08,17.08,300
2026-04-21T10:20:00+00:00,17.07,17.07,17.05,17.05,16780
2026-04-21T10:25:00+00:00,17.05,17.05,17.05,17.05,0
2026-04-21T10:30:00+00:00,17.05,17.05,17.05,17.05,66
2026-04-21T10:35:00+00:00,17.05,17.05,17.05,17.05,0
2026-04-21T10:40:00+00:00,17.05,17.05,17.05,17.05,0
2026-04-21T10:45:00+00:00,17.05,17.05,17.05,17.05,0
2026-04-21T10:50:00+00:00,17.05,17.05,17.05,17.05,104
2026-04-21T10:55:00+00:00,17.05,17.05,17.05,17.05,0
2026-04-21T11:00:00+00:00,17.05,17.07,17.05,17.07,1500
2026-04-21T11:05:00+00:00,17.07,17.07,17.07,17.07,14
2026-04-21T11:10:00+00:00,17.07,17.07,17.06,17.06,1011
2026-04-21T11:15:00+00:00,17.06,17.06,17.06,17.06,0
2026-04-21T11:20:00+00:00,17.06,17.06,17.06,17.06,0
2026-04-21T11:25:00+00:00,17.06,17.06,17.06,17.06,7
2026-04-21T11:30:00+00:00,17.06,17.06,17.06,17.06,0
2026-04-21T11:35:00+00:00,17.08,17.08,17.07,17.07,365
2026-04-21T11:40:00+00:00,17.06,17.06,17.05,17.06,1230
2026-04-21T11:45:00+00:00,17.06,17.08,17.06,17.08,550
2026-04-21T11:50:00+00:00,17.09,17.09,17.08,17.08,941
2026-04-21T11:55:00+00:00,17.1,17.1,17.1,17.1,2649
2026-04-21T12:00:00+00:00,17.12,17.12,17.12,17.12,112
2026-04-21T12:05:00+00:00,17.08,17.09,17.07,17.09,467
2026-04-21T12:10:00+00:00,17.08,17.09,17.07,17.08,2164
2026-04-21T12:15:00+00:00,17.08,17.08,17.08,17.08,97
2026-04-21T12:20:00+00:00,17.08,17.08,17.08,17.08,0
2026-04-21T12:25:00+00:00,17.07,17.07,17.07,17.07,1203
2026-04-21T12:30:00+00:00,17.07,17.07,17.07,17.07,0
2026-04-21T12:35:00+00:00,17.06,17.06,17.05,17.05,818
2026-04-21T12:40:00+00:00,17.05,17.05,17.05,17.05,16
2026-04-21T12:45:00+00:00,17.05,17.05,17.05,17.05,128
2026-04-21T12:50:00+00:00,17.06,17.06,17.04,17.04,5172
2026-04-21T12:55:00+00:00,17.05,17.05,17.05,17.05,316
2026-04-21T13:00:00+00:00,17.05,17.05,17.05,17.05,60
2026-04-21T13:05:00+00:00,17.05,17.05,17.03,17.03,3294
2026-04-21T13:10:00+00:00,17.03,17.03,17.03,17.03,0
2026-04-21T13:15:00+00:00,17.03,17.03,17.03,17.03,0
2026-04-21T13:20:00+00:00,17.04,17.04,17.031,17.031,632
2026-04-21T13:25:00+00:00,17.031,17.031,17.031,17.031,266
2026-04-21T13:30:00+00:00,17.07,17.08,16.85,16.91,188672
2026-04-21T13:35:00+00:00,16.92,17.075,16.875,16.965,52503
2026-04-21T13:40:00+00:00,16.96,17.14,16.94,17.125,48728
2026-04-21T13:45:00+00:00,17.125,17.22,17.12,17.185,84234
2026-04-21T13:50:00+00:00,17.19,17.29,17.17,17.27,78946
2026-04-21T13:55:00+00:00,17.27,17.365,17.27,17.35,71329
2026-04-21T14:00:00+00:00,17.36,17.41,17.26,17.27,103869
2026-04-21T14:05:00+00:00,17.28,17.4,17.28,17.38,315146
2026-04-21T14:10:00+00:00,17.37,17.405,17.355,17.405,32764
2026-04-21T14:15:00+00:00,17.405,17.485,17.375,17.38,52491
2026-04-21T14:20:00+00:00,17.375,17.43,17.33,17.41,64769
2026-04-21T14:25:00+00:00,17.4,17.47,17.365,17.385,41668
2026-04-21T14:30:00+00:00,17.38,17.44,17.33,17.34,27760
2026-04-21T14:35:00+00:00,17.345,17.385,17.345,17.38,15669
2026-04-21T14:40:00+00:00,17.375,17.465,17.375,17.445,24808
2026-04-21T14:45:00+00:00,17.445,17.445,17.345,17.35,27365
2026-04-21T14:50:00+00:00,17.34,17.345,17.31,17.325,42304
2026-04-21T14:55:00+00:00,17.32,17.34,17.235,17.25,44989
2026-04-21T15:00:00+00:00,17.25,17.27,17.13,17.15,97641
2026-04-21T15:05:00+00:00,17.14,17.26,17.085,17.26,58750
2026-04-21T15:10:00+00:00,17.26,17.35,17.255,17.31,38618
2026-04-21T15:15:00+00:00,17.31,17.31,17.215,17.25,33869
2026-04-21T15:20:00+00:00,17.255,17.315,17.225,17.24,31403
2026-04-21T15:25:00+00:00,17.24,17.24,17.11,17.135,72629
2026-04-21T15:30:00+00:00,17.13,17.19,17.13,17.18,33374
2026-04-21T15:35:00+00:00,17.18,17.18,17.1,17.155,46083
2026-04-21T15:40:00+00:00,17.16,17.17,17.14,17.17,14249
2026-04-21T15:45:00+00:00,17.17,17.215,17.17,17.19,26244
2026-04-21T15:50:00+00:00,17.17,17.17,17.13,17.13,20446
2026-04-21T15:55:00+00:00,17.13,17.205,17.13,17.17,26834
2026-04-21T16:00:00+00:00,17.17,17.235,17.17,17.195,46411
2026-04-21T16:05:00+00:00,17.2,17.255,17.175,17.255,14267
2026-04-21T16:10:00+00:00,17.25,17.25,17.175,17.19,17456
2026-04-21T16:15:00+00:00,17.2,17.23,17.195,17.23,17926
2026-04-21T16:20:00+00:00,17.23,17.23,17.16,17.165,15415
2026-04-21T16:25:00+00:00,17.16,17.185,17.15,17.17,20652
2026-04-21T16:30:00+00:00,17.175,17.23,17.175,17.2,15822
2026-04-21T16:35:00+00:00,17.215,17.23,17.2,17.21,17684
2026-04-21T16:40:00+00:00,17.205,17.225,17.175,17.18,13566
2026-04-21T16:45:00+00:00,17.185,17.3,17.185,17.3,68171
2026-04-21T16:50:00+00:00,17.3,17.3,17.255,17.255,9663
2026-04-21T16:55:00+00:00,17.255,17.255,17.2,17.2,9793
2026-04-21T17:00:00+00:00,17.2,17.235,17.2,17.235,16153
2026-04-21T17:05:00+00:00,17.23,17.23,17.12,17.155,55354
2026-04-21T17:10:00+00:00,17.15,17.15,17.03,17.045,46258
2026-04-21T17:15:00+00:00,17.05,17.07,17.015,17.015,62331
2026-04-21T17:20:00+00:00,17.02,17.02,16.985,17.01,49971
2026-04-21T17:25:00+00:00,17.0,17.03,16.97,17.0,26848
2026-04-21T17:30:00+00:00,17.0,17.01,16.975,16.995,14844
2026-04-21T17:35:00+00:00,16.99,17.05,16.945,17.03,63404
2026-04-21T17:40:00+00:00,17.04,17.06,17.01,17.04,45773
2026-04-21T17:45:00+00:00,17.045,17.08,17.005,17.075,44625
2026-04-21T17:50:00+00:00,17.08,17.095,17.055,17.07,30636
2026-04-21T17:55:00+00:00,17.06,17.07,17.045,17.07,17190
2026-04-21T18:00:00+00:00,17.075,17.115,17.07,17.07,9034
2026-04-21T18:05:00+00:00,17.06,17.075,17.05,17.065,13217
2026-04-21T18:10:00+00:00,17.06,17.06,17.035,17.05,12040
2026-04-21T18:15:00+00:00,17.055,17.085,17.0,17.03,49174
2026-04-21T18:20:00+00:00,17.02,17.05,17.01,17.05,10634
2026-04-21T18:25:00+00:00,17.04,17.055,17.02,17.03,12383
2026-04-21T18:30:00+00:00,17.025,17.08,17.025,17.08,13330
2026-04-21T18:35:00+00:00,17.08,17.08,17.025,17.03,11550
2026-04-21T18:40:00+00:00,17.035,17.055,17.03,17.05,7572
2026-04-21T18:45:00+00:00,17.05,17.065,17.05,17.06,17504
2026-04-21T18:50:00+00:00,17.06,17.13,17.035,17.13,31393
2026-04-21T18:55:00+00:00,17.12,17.19,17.12,17.19,41196
2026-04-21T19:00:00+00:00,17.19,17.23,17.19,17.22,20614
2026-04-21T19:05:00+00:00,17.23,17.255,17.215,17.24,36520
2026-04-21T19:10:00+00:00,17.23,17.265,17.2,17.23,30688
2026-04-21T19:15:00+00:00,17.24,17.31,17.22,17.31,35516
2026-04-21T19:20:00+00:00,17.315,17.365,17.3,17.31,37292
2026-04-21T19:25:00+00:00,17.3,17.305,17.26,17.27,12290
2026-04-21T19:30:00+00:00,17.26,17.26,17.205,17.215,31671
2026-04-21T19:35:00+00:00,17.21,17.225,17.175,17.19,31828
2026-04-21T19:40:00+00:00,17.19,17.2,17.005,17.03,82053
2026-04-21T19:45:00+00:00,17.04,17.075,17.005,17.07,67525
2026-04-21T19:50:00+00:00,17.08,17.115,17.06,17.095,117836
2026-04-21T19:55:00+00:00,17.095,17.17,17.095,17.16,473514
2026-04-21T20:00:00+00:00,17.07,17.14,17.07,17.14,692
2026-04-21T20:05:00+00:00,17.14,17.15,17.14,17.15,1387
2026-04-21T20:10:00+00:00,17.15,17.15,17.15,17.15,175
2026-04-21T20:15:00+00:00,17.27,17.33,17.27,17.28,3630
2026-04-21T20:20:00+00:00,17.27,17.27,17.25,17.25,397
2026-04-21T20:25:00+00:00,17.23,17.23,17.17,17.17,3654
2026-04-21T20:30:00+00:00,17.17,17.17,17.17,17.17,0
2026-04-21T20:35:00+00:00,17.17,17.17,17.17,17.17,98
2026-04-21T20:40:00+00:00,17.24,17.24,17.23,17.23,588
2026-04-21T20:45:00+00:00,17.25,17.26,17.25,17.26,916
2026-04-21T20:50:00+00:00,17.26,17.26,17.24,17.24,1366
2026-04-21T20:55:00+00:00,17.24,17.24,17.24,17.24,120
2026-04-21T21:00:00+00:00,17.24,17.24,17.24,17.24,1
2026-04-21T21:05:00+00:00,17.23,17.26,17.22,17.26,884
2026-04-21T21:10:00+00:00,17.26,17.26,17.26,17.26,2
2026-04-21T21:15:00+00:00,17.26,17.26,17.26,17.26,0
2026-04-21T21:20:00+00:00,17.26,17.26,17.26,17.26,1
2026-04-21T21:25:00+00:00,17.22,17.22,17.22,17.22,111
2026-04-21T21:30:00+00:00,17.22,17.22,17.22,17.22,0
2026-04-21T21:35:00+00:00,17.22,17.22,17.22,17.22,0
2026-04-21T21:40:00+00:00,17.24,17.24,17.24,17.24,500
2026-04-21T21:45:00+00:00,17.24,17.24,17.24,17.24,10
2026-04-21T21:50:00+00:00,17.24,17.24,17.24,17.24,0
2026-04-21T21:55:00+00:00,17.24,17.24,17.24,17.24,25
2026-04-21T22:00:00+00:00,17.24,17.24,17.24,17.24,380
2026-04-21T22:05:00+00:00,17.22,17.22,17.22,17.22,125
2026-04-21T22:10:00+00:00,17.22,17.26,17.22,17.26,1750
2026-04-21T22:15:00+00:00,17.26,17.26,17.26,17.26,0
2026-04-21T22:20:00+00:00,17.26,17.26,17.26,17.26,0
2026-04-21T22:25:00+00:00,17.26,17.26,17.26,17.26,0
2026-04-21T22:30:00+00:00,17.26,17.26,17.26,17.26,0
2026-04-21T22:35:00+00:00,17.24,17.24,17.24,17.24,500
2026-04-21T22:40:00+00:00,17.24,17.24,17.24,17.24,0
2026-04-21T22:45:00+00:00,17.24,17.24,17.24,17.24,0
2026-04-21T22:50:00+00:00,17.24,17.24,17.24,17.24,0
2026-04-21T22:55:00+00:00,17.24,17.24,17.24,17.24,1
2026-04-21T23:00:00+00:00,17.24,17.24,17.24,17.24,0
2026-04-21T23:05:00+00:00,17.25,17.25,17.25,17.25,1926
2026-04-21T23:10:00+00:00,17.24,17.24,17.23,17.23,1397
2026-04-21T23:15:00+00:00,17.23,17.23,17.23,17.23,0
2026-04-21T23:20:00+00:00,17.23,17.23,17.23,17.23,0
2026-04-21T23:25:00+00:00,17.23,17.23,17.23,17.23,0
2026-04-21T23:30:00+00:00,17.23,17.23,17.23,17.23,0
2026-04-21T23:35:00+00:00,17.23,17.23,17.23,17.23,0
2026-04-21T23:40:00+00:00,17.25,17.25,17.25,17.25,2898
2026-04-21T23:45:00+00:00,17.25,17.25,17.25,17.25,0
2026-04-21T23:50:00+00:00,17.24,17.24,17.24,17.24,800
2026-04-21T23:55:00+00:00,17.22,17.23,17.22,17.22,7164
2026-04-22T08:00:00+00:00,17.22,17.22,17.22,17.22,0
2026-04-22T08:05:00+00:00,17.36,17.36,17.32,17.32,1818
2026-04-22T08:10:00+00:00,17.32,17.32,17.32,17.32,0
2026-04-22T08:15:00+00:00,17.32,17.32,17.32,17.32,42
2026-04-22T08:20:00+00:00,17.32,17.32,17.32,17.32,6
2026-04-22T08:25:00+00:00,17.32,17.32,17.32,17.32,0
2026-04-22T08:30:00+00:00,17.32,17.32,17.32,17.32,0
2026-04-22T08:35:00+00:00,17.31,17.31,17.31,17.31,240
2026-04-22T08:40:00+00:00,17.31,17.31,17.31,17.31,71
2026-04-22T08:45:00+00:00,17.31,17.31,17.31,17.31,0
2026-04-22T08:50:00+00:00,17.31,17.31,17.31,17.31,0
2026-04-22T08:55:00+00:00,17.31,17.31,17.31,17.31,0
2026-04-22T09:00:00+00:00,17.31,17.31,17.31,17.31,0
2026-04-22T09:05:00+00:00,17.31,17.31,17.31,17.31,0
2026-04-22T09:10:00+00:00,17.31,17.31,17.31,17.31,0
2026-04-22T09:15:00+00:00,17.31,17.31,17.31,17.31,0
2026-04-22T09:20:00+00:00,17.31,17.31,17.31,17.31,0
2026-04-22T09:25:00+00:00,17.31,17.31,17.31,17.31,0
2026-04-22T09:30:00+00:00,17.36,17.36,17.36,17.36,130
2026-04-22T09:35:00+00:00,17.36,17.36,17.36,17.36,0
2026-04-22T09:40:00+00:00,17.36,17.36,17.36,17.36,0
2026-04-22T09:45:00+00:00,17.36,17.36,17.36,17.36,0
2026-04-22T09:50:00+00:00,17.36,17.36,17.36,17.36,86
2026-04-22T09:55:00+00:00,17.36,17.36,17.36,17.36,1
2026-04-22T10:00:00+00:00,17.36,17.36,17.36,17.36,5
2026-04-22T10:05:00+00:00,17.36,17.36,17.36,17.36,10
2026-04-22T10:10:00+00:00,17.35,17.35,17.35,17.35,101
2026-04-22T10:15:00+00:00,17.35,17.35,17.35,17.35,0
2026-04-22T10:20:00+00:00,17.35,17.35,17.35,17.35,0
2026-04-22T10:25:00+00:00,17.35,17.35,17.35,17.35,0
2026-04-22T10:30:00+00:00,17.37,17.37,17.37,17.37,400
2026-04-22T10:35:00+00:00,17.37,17.37,17.37,17.37,1
2026-04-22T10:40:00+00:00,17.37,17.37,17.37,17.37,1
2026-04-22T10:45:00+00:00,17.37,17.37,17.37,17.37,0
2026-04-22T10:50:00+00:00,17.35,17.35,17.34,17.34,695
2026-04-22T10:55:00+00:00,17.34,17.34,17.34,17.34,0
2026-04-22T11:00:00+00:00,17.34,17.34,17.34,17.34,113
2026-04-22T11:05:00+00:00,17.35,17.35,17.35,17.35,1091
2026-04-22T11:10:00+00:00,17.35,17.37,17.35,17.37,596
2026-04-22T11:15:00+00:00,17.38,17.38,17.38,17.38,4657
2026-04-22T11:20:00+00:00,17.38,17.38,17.38,17.38,0
2026-04-22T11:25:00+00:00,17.38,17.38,17.34,17.34,2376
2026-04-22T11:30:00+00:00,17.36,17.36,17.36,17.36,999
2026-04-22T11:35:00+00:00,17.36,17.36,17.36,17.36,480
2026-04-22T11:40:00+00:00,17.36,17.36,17.36,17.36,0
2026-04-22T11:45:00+00:00,17.37,17.37,17.35,17.35,1553
2026-04-22T11:50:00+00:00,17.35,17.35,17.35,17.35,0
2026-04-22T11:55:00+00:00,17.35,17.35,17.35,17.35,0
2026-04-22T12:00:00+00:00,17.36,17.36,17.36,17.36,113
2026-04-22T12:05:00+00:00,17.36,17.36,17.36,17.36,400
2026-04-22T12:10:00+00:00,17.36,17.38,17.36,17.38,998
2026-04-22T12:15:00+00:00,17.38,17.38,17.38,17.38,22
2026-04-22T12:20:00+00:00,17.38,17.38,17.38,17.38,2
2026-04-22T12:25:00+00:00,17.38,17.4,17.38,17.4,290
2026-04-22T12:30:00+00:00,17.39,17.39,17.39,17.39,357
2026-04-22T12:35:00+00:00,17.38,17.38,17.36,17.36,319
2026-04-22T12:40:00+00:00,17.35,17.35,17.35,17.35,749
2026-04-22T12:45:00+00:00,17.35,17.35,17.331,17.331,197
2026-04-22T12:50:00+00:00,17.331,17.35,17.331,17.35,238
2026-04-22T12:55:00+00:00,17.35,17.35,17.35,17.35,924
2026-04-22T13:00:00+00:00,17.35,17.35,17.35,17.35,155
2026-04-22T13:05:00+00:00,17.369,17.369,17.369,17.369,220
2026-04-22T13:10:00+00:00,17.369,17.369,17.369,17.369,9
2026-04-22T13:15:00+00:00,17.369,17.369,17.369,17.369,0
2026-04-22T13:20:00+00:00,17.35,17.369,17.35,17.369,350
2026-04-22T13:25:00+00:00,17.38,17.4,17.38,17.38,2948
2026-04-22T13:30:00+00:00,17.39,17.56,17.33,17.56,267809
2026-04-22T13:35:00+00:00,17.56,17.59,17.49,17.52,71471
2026-04-22T13:40:00+00:00,17.52,17.53,17.43,17.5,45028
2026-04-22T13:45:00+00:00,17.51,17.64,17.51,17.61,192857
2026-04-22T13:50:00+00:00,17.6,17.6,17.49,17.6,49932
2026-04-22T13:55:00+00:00,17.61,17.615,17.545,17.58,42009
2026-04-22T14:00:00+00:00,17.57,17.58,17.48,17.485,45798
2026-04-22T14:05:00+00:00,17.49,17.565,17.48,17.53,29398
2026-04-22T14:10:00+00:00,17.54,17.545,17.47,17.52,20757
2026-04-22T14:15:00+00:00,17.51,17.51,17.395,17.425,66670
2026-04-22T14:20:00+00:00,17.425,17.425,17.315,17.32,30718
2026-04-22T14:25:00+00:00,17.33,17.385,17.325,17.38,57057
2026-04-22T14:30:00+00:00,17.38,17.38,17.26,17.29,43163
2026-04-22T14:35:00+00:00,17.295,17.33,17.275,17.33,49558
2026-04-22T14:40:00+00:00,17.33,17.38,17.305,17.31,28669
2026-04-22T14:45:00+00:00,17.305,17.375,17.305,17.375,27754
2026-04-22T14:50:00+00:00,17.375,17.39,17.35,17.38,33104
2026-04-22T14:55:00+00:00,17.375,17.445,17.375,17.445,52164
2026-04-22T15:00:00+00:00,17.45,17.45,17.385,17.385,24013
2026-04-22T15:05:00+00:00,17.395,17.47,17.395,17.415,25755
2026-04-22T15:10:00+00:00,17.42,17.475,17.415,17.44,22087
2026-04-22T15:15:00+00:00,17.445,17.485,17.445,17.47,22664
2026-04-22T15:20:00+00:00,17.475,17.515,17.465,17.49,25697
2026-04-22T15:25:00+00:00,17.485,17.5,17.435,17.485,28779
2026-04-22T15:30:00+00:00,17.49,17.515,17.485,17.51,29769
2026-04-22T15:35:00+00:00,17.51,17.6,17.49,17.6,56275
2026-04-22T15:40:00+00:00,17.61,17.68,17.61,17.63,146265
2026-04-22T15:45:00+00:00,17.635,17.815,17.635,17.765,169651
2026-04-22T15:50:00+00:00,17.76,17.81,17.715,17.795,30214
2026-04-22T15:55:00+00:00,17.8,17.895,17.8,17.895,54541
2026-04-22T16:00:00+00:00,17.9,18.025,17.845,18.015,256456
2026-04-22T16:05:00+00:00,18.03,18.065,17.95,17.96,80905
2026-04-22T16:10:00+00:00,17.96,18.02,17.925,18.02,77173
2026-04-22T16:15:00+00:00,18.02,18.03,17.905,17.915,68395
2026-04-22T16:20:00+00:00,17.915,17.965,17.895,17.925,38111
2026-04-22T16:25:00+00:00,17.92,17.975,17.915,17.95,34055
2026-04-22T16:30:00+00:00,17.94,18.065,17.9,18.01,100202
2026-04-22T16:35:00+00:00,18.015,18.035,17.955,17.96,48481
2026-04-22T16:40:00+00:00,17.965,17.965,17.8,17.83,37578
2026-04-22T16:45:00+00:00,17.82,17.86,17.82,17.84,90903
2026-04-22T16:50:00+00:00,17.84,17.84,17.79,17.79,25203
2026-04-22T16:55:00+00:00,17.78,17.78,17.67,17.7,121079
2026-04-22T17:00:00+00:00,17.71,17.82,17.7,17.795,31751
2026-04-22T17:05:00+00:00,17.79,17.82,17.79,17.81,17797
2026-04-22T17:10:00+00:00,17.82,17.845,17.795,17.795,24067
2026-04-22T17:15:00+00:00,17.795,17.815,17.795,17.815,9109
2026-04-22T17:20:00+00:00,17.82,17.84,17.8,17.8,20068
2026-04-22T17:25:00+00:00,17.8,17.825,17.8,17.825,22544
2026-04-22T17:30:00+00:00,17.83,17.84,17.725,17.725,33819
2026-04-22T17:35:00+00:00,17.72,17.765,17.715,17.765,14696
2026-04-22T17:40:00+00:00,17.77,17.775,17.755,17.755,6156
2026-04-22T17:45:00+00:00,17.75,17.755,17.72,17.755,22529
2026-04-22T17:50:00+00:00,17.755,17.785,17.735,17.76,27039
2026-04-22T17:55:00+00:00,17.76,17.76,17.73,17.73,9217
2026-04-22T18:00:00+00:00,17.73,17.735,17.725,17.73,14465
2026-04-22T18:05:00+00:00,17.72,17.72,17.71,17.72,7566
2026-04-22T18:10:00+00:00,17.72,17.745,17.715,17.745,6491
2026-04-22T18:15:00+00:00,17.75,17.765,17.7,17.72,13304
2026-04-22T18:20:00+00:00,17.72,17.73,17.7,17.73,13159
2026-04-22T18:25:00+00:00,17.735,17.745,17.675,17.685,18642
2026-04-22T18:30:00+00:00,17.69,17.725,17.69,17.71,10808
2026-04-22T18:35:00+00:00,17.7,17.7,17.645,17.67,36523
2026-04-22T18:40:00+00:00,17.685,17.73,17.685,17.715,15491
2026-04-22T18:45:00+00:00,17.72,17.76,17.715,17.75,15606
2026-04-22T18:50:00+00:00,17.745,17.775,17.74,17.74,15206
2026-04-22T18:55:00+00:00,17.735,17.805,17.715,17.805,26093
2026-04-22T19:00:00+00:00,17.81,17.81,17.725,17.77,35084
2026-04-22T19:05:00+00:00,17.77,17.8,17.755,17.79,16676
2026-04-22T19:10:00+00:00,17.795,17.805,17.78,17.78,17424
2026-04-22T19:15:00+00:00,17.785,17.81,17.765,17.8,17562
2026-04-22T19:20:00+00:00,17.81,17.825,17.785,17.79,26760
2026-04-22T19:25:00+00:00,17.79,17.815,17.79,17.815,8780
2026-04-22T19:30:00+00:00,17.82,17.895,17.82,17.85,52297
2026-04-22T19:35:00+00:00,17.84,17.875,17.825,17.87,39474
2026-04-22T19:40:00+00:00,17.86,17.885,17.8,17.805,42603
2026-04-22T19:45:00+00:00,17.8,17.815,17.775,17.785,48748
2026-04-22T19:50:00+00:00,17.79,17.79,17.73,17.73,188292
2026-04-22T19:55:00+00:00,17.735,17.755,17.695,17.755,494267
2026-04-22T20:00:00+00:00,17.4,17.87,17.4,17.81,3957
2026-04-22T20:05:00+00:00,17.81,17.81,17.81,17.81,316
2026-04-22T20:10:00+00:00,17.85,17.89,17.81,17.81,2442
2026-04-22T20:15:00+00:00,17.82,17.82,17.82,17.82,709
2026-04-22T20:20:00+00:00,17.82,17.82,17.82,17.82,76
2026-04-22T20:25:00+00:00,17.82,17.82,17.82,17.82,820
2026-04-22T20:30:00+00:00,17.81,17.81,17.81,17.81,150
2026-04-22T20:35:00+00:00,17.84,17.85,17.84,17.85,326
2026-04-22T20:40:00+00:00,17.84,17.84,17.84,17.84,435
2026-04-22T20:45:00+00:00,17.84,17.84,17.84,17.84,4
2026-04-22T20:50:00+00:00,17.84,17.85,17.77,17.77,6139
2026-04-22T20:55:00+00:00,17.77,17.8,17.77,17.8,345
2026-04-22T21:00:00+00:00,17.8,17.8,17.8,17.8,0
2026-04-22T21:05:00+00:00,17.8,17.8,17.8,17.8,2
2026-04-22T21:10:00+00:00,17.8,17.8,17.8,17.8,0
2026-04-22T21:15:00+00:00,17.81,17.81,17.81,17.81,100
2026-04-22T21:20:00+00:00,17.81,17.83,17.81,17.83,1421
2026-04-22T21:25:00+00:00,17.83,17.83,17.8,17.8,264
2026-04-22T21:30:00+00:00,17.8,17.8,17.8,17.8,23
2026-04-22T21:35:00+00:00,17.8,17.8,17.8,17.8,86
2026-04-22T21:40:00+00:00,17.8,17.8,17.78,17.78,2358
2026-04-22T21:45:00+00:00,17.78,17.78,17.78,17.78,111
2026-04-22T21:50:00+00:00,17.78,17.78,17.78,17.78,280
2026-04-22T21:55:00+00:00,17.79,17.79,17.79,17.79,978
2026-04-22T22:00:00+00:00,17.79,17.79,17.79,17.79,0
2026-04-22T22:05:00+00:00,17.79,17.79,17.79,17.79,5
2026-04-22T22:10:00+00:00,17.79,17.8,17.76,17.8,386
2026-04-22T22:15:00+00:00,17.8,17.8,17.76,17.76,337
2026-04-22T22:20:00+00:00,17.75,17.75,17.75,17.75,1735
2026-04-22T22:25:00+00:00,17.75,17.75,17.75,17.75,0
2026-04-22T22:30:00+00:00,17.75,17.75,17.75,17.75,7
2026-04-22T22:35:00+00:00,17.75,17.75,17.75,17.75,0
2026-04-22T22:40:00+00:00,17.75,17.75,17.75,17.75,1
2026-04-22T22:45:00+00:00,17.75,17.75,17.75,17.75,2
2026-04-22T22:50:00+00:00,17.75,17.75,17.75,17.75,50
2026-04-22T22:55:00+00:00,17.75,17.75,17.75,17.75,104
2026-04-22T23:00:00+00:00,17.77,17.77,17.77,17.77,193
2026-04-22T23:05:00+00:00,17.77,17.77,17.77,17.77,0
2026-04-22T23:10:00+00:00,17.77,17.77,17.77,17.77,0
2026-04-22T23:15:00+00:00,17.77,17.77,17.77,17.77,10
2026-04-22T23:20:00+00:00,17.77,17.77,17.71,17.72,3236
2026-04-22T23:25:00+00:00,17.71,17.71,17.7,17.71,1232
2026-04-22T23:30:00+00:00,17.72,17.72,17.72,17.72,1411
2026-04-22T23:35:00+00:00,17.72,17.72,17.72,17.72,0
2026-04-22T23:40:00+00:00,17.72,17.74,17.71,17.71,1318
2026-04-22T23:45:00+00:00,17.71,17.71,17.71,17.71,0
2026-04-22T23:50:00+00:00,17.71,17.71,17.71,17.71,3
2026-04-22T23:55:00+00:00,17.71,17.71,17.71,17.71,0
2026-04-23T08:00:00+00:00,17.51,17.51,17.51,17.51,161
2026-04-23T08:05:00+00:00,17.51,17.51,17.51,17.51,1
2026-04-23T08:10:00+00:00,17.55,17.55,17.54,17.55,1154
2026-04-23T08:15:00+00:00,17.55,17.55,17.55,17.55,0
2026-04-23T08:20:00+00:00,17.55,17.55,17.55,17.55,1
2026-04-23T08:25:00+00:00,17.55,17.55,17.55,17.55,0
2026-04-23T08:30:00+00:00,17.55,17.55,17.55,17.55,0
2026-04-23T08:35:00+00:00,17.55,17.55,17.55,17.55,1
2026-04-23T08:40:00+00:00,17.56,17.56,17.56,17.56,216
2026-04-23T08:45:00+00:00,17.56,17.56,17.56,17.56,147
2026-04-23T08:50:00+00:00,17.56,17.56,17.56,17.56,0
2026-04-23T08:55:00+00:00,17.5,17.5,17.5,17.5,622
2026-04-23T09:00:00+00:00,17.5,17.5,17.5,17.5,0
2026-04-23T09:05:00+00:00,17.5,17.5,17.5,17.5,1
2026-04-23T09:10:00+00:00,17.5,17.5,17.5,17.5,0
2026-04-23T09:15:00+00:00,17.5,17.5,17.5,17.5,103
2026-04-23T09:20:00+00:00,17.5,17.5,17.5,17.5,0
2026-04-23T09:25:00+00:00,17.5,17.5,17.5,17.5,0
2026-04-23T09:30:00+00:00,17.5,17.5,17.5,17.5,0
2026-04-23T09:35:00+00:00,17.5,17.5,17.5,17.5,0
2026-04-23T09:40:00+00:00,17.5,17.5,17.5,17.5,0
2026-04-23T09:45:00+00:00,17.5,17.5,17.5,17.5,0
2026-04-23T09:50:00+00:00,17.5,17.5,17.5,17.5,0
2026-04-23T09:55:00+00:00,17.5,17.5,17.5,17.5,0
2026-04-23T10:00:00+00:00,17.5,17.5,17.5,17.5,0
2026-04-23T10:05:00+00:00,17.5,17.5,17.5,17.5,6
2026-04-23T10:10:00+00:00,17.5,17.5,17.5,17.5,0
2026-04-23T10:15:00+00:00,17.5,17.5,17.5,17.5,0
2026-04-23T10:20:00+00:00,17.5,17.5,17.5,17.5,2
2026-04-23T10:25:00+00:00,17.5,17.5,17.5,17.5,52
2026-04-23T10:30:00+00:00,17.57,17.57,17.57,17.57,198
2026-04-23T10:35:00+00:00,17.57,17.57,17.57,17.57,0
2026-04-23T10:40:00+00:00,17.57,17.57,17.57,17.57,0
2026-04-23T10:45:00+00:00,17.57,17.57,17.57,17.57,47
2026-04-23T10:50:00+00:00,17.57,17.57,17.57,17.57,1
2026-04-23T10:55:00+00:00,17.57,17.57,17.57,17.57,0
2026-04-23T11:00:00+00:00,17.6,17.61,17.6,17.61,411
2026-04-23T11:05:00+00:00,17.61,17.61,17.6,17.6,1105
2026-04-23T11:10:00+00:00,17.6,17.6,17.6,17.6,13
2026-04-23T11:15:00+00:00,17.6,17.62,17.6,17.62,2010
2026-04-23T11:20:00+00:00,17.62,17.62,17.62,17.62,0
2026-04-23T11:25:00+00:00,17.62,17.62,17.62,17.62,54
2026-04-23T11:30:00+00:00,17.55,17.56,17.55,17.55,3485
2026-04-23T11:35:00+00:00,17.55,17.55,17.55,17.55,0
2026-04-23T11:40:00+00:00,17.59,17.59,17.57,17.58,862
2026-04-23T11:45:00+00:00,17.6,17.6,17.6,17.6,500
2026-04-23T11:50:00+00:00,17.6,17.6,17.6,17.6,0
2026-04-23T11:55:00+00:00,17.6,17.6,17.6,17.6,37
2026-04-23T12:00:00+00:00,17.6,17.6,17.6,17.6,0
2026-04-23T12:05:00+00:00,17.6,17.7,17.6,17.7,659
2026-04-23T12:10:00+00:00,17.7,17.7,17.7,17.7,128
2026-04-23T12:15:00+00:00,17.69,17.7,17.68,17.68,15228
2026-04-23T12:20:00+00:00,17.68,17.68,17.65,17.68,386
2026-04-23T12:25:00+00:00,17.68,17.68,17.68,17.68,200
2026-04-23T12:30:00+00:00,17.65,17.65,17.64,17.64,2503
2026-04-23T12:35:00+00:00,17.64,17.64,17.64,17.64,100
2026-04-23T12:40:00+00:00,17.64,17.64,17.63,17.63,1298
2026-04-23T12:45:00+00:00,17.63,17.63,17.63,17.63,1
2026-04-23T12:50:00+00:00,17.63,17.63,17.57,17.57,312
2026-04-23T12:55:00+00:00,17.61,17.61,17.61,17.61,1093
2026-04-23T13:00:00+00:00,17.61,17.61,17.61,17.61,0
2026-04-23T13:05:00+00:00,17.61,17.61,17.61,17.61,211
2026-04-23T13:10:00+00:00,17.61,17.61,17.61,17.61,100
2026-04-23T13:15:00+00:00,17.61,17.61,17.61,17.61,32
2026-04-23T13:20:00+00:00,17.61,17.61,17.56,17.56,1363
2026-04-23T13:25:00+00:00,17.56,17.56,17.52,17.52,907
2026-04-23T13:30:00+00:00,17.5,17.72,17.365,17.72,310210
2026-04-23T13:35:00+00:00,17.7,17.78,17.65,17.67,79863
2026-04-23T13:40:00+00:00,17.66,17.66,17.525,17.56,51244
2026-04-23T13:45:00+00:00,17.55,17.64,17.455,17.48,134560
2026-04-23T13:50:00+00:00,17.48,17.48,17.36,17.43,161027
2026-04-23T13:55:00+00:00,17.425,17.49,17.405,17.405,57842
2026-04-23T14:00:00+00:00,17.4,17.4,17.3,17.34,117055
2026-04-23T14:05:00+00:00,17.33,17.45,17.32,17.41,64248
2026-04-23T14:10:00+00:00,17.42,17.43,17.11,17.14,127455
2026-04-23T14:15:00+00:00,17.14,17.24,17.14,17.18,65549
2026-04-23T14:20:00+00:00,17.19,17.235,17.17,17.19,55217
2026-04-23T14:25:00+00:00,17.18,17.18,17.055,17.09,91728
2026-04-23T14:30:00+00:00,17.09,17.23,17.09,17.17,51613
2026-04-23T14:35:00+00:00,17.17,17.215,17.125,17.13,73767
2026-04-23T14:40:00+00:00,17.14,17.16,17.1,17.16,37919
2026-04-23T14:45:00+00:00,17.18,17.24,17.18,17.2,38981
2026-04-23T14:50:00+00:00,17.19,17.25,17.19,17.25,36512
2026-04-23T14:55:00+00:00,17.26,17.29,17.26,17.265,10966
2026-04-23T15:00:00+00:00,17.265,17.32,17.185,17.22,72866
2026-04-23T15:05:00+00:00,17.22,17.22,17.17,17.2,22376
2026-04-23T15:10:00+00:00,17.21,17.24,17.16,17.16,26505
2026-04-23T15:15:00+00:00,17.15,17.235,17.115,17.22,38338
2026-04-23T15:20:00+00:00,17.205,17.21,17.17,17.195,16142
2026-04-23T15:25:00+00:00,17.18,17.19,17.16,17.16,45218
2026-04-23T15:30:00+00:00,17.16,17.19,17.135,17.17,38820
2026-04-23T15:35:00+00:00,17.16,17.175,17.155,17.16,11977
2026-04-23T15:40:00+00:00,17.16,17.16,17.13,17.14,25501
2026-04-23T15:45:00+00:00,17.13,17.13,17.085,17.09,15358
2026-04-23T15:50:00+00:00,17.085,17.09,17.065,17.065,39245
2026-04-23T15:55:00+00:00,17.07,17.17,17.07,17.115,109416
2026-04-23T16:00:00+00:00,17.115,17.135,17.08,17.08,27279
2026-04-23T16:05:00+00:00,17.07,17.105,17.03,17.03,51602
2026-04-23T16:10:00+00:00,17.04,17.09,17.04,17.07,33556
2026-04-23T16:15:00+00:00,17.08,17.08,17.06,17.08,9337
2026-04-23T16:20:00+00:00,17.07,17.17,17.035,17.17,18965
2026-04-23T16:25:00+00:00,17.18,17.19,17.11,17.11,24529
2026-04-23T16:30:00+00:00,17.11,17.155,17.11,17.155,10043
2026-04-23T16:35:00+00:00,17.16,17.17,17.135,17.14,25977
2026-04-23T16:40:00+00:00,17.14,17.145,17.12,17.12,12484
2026-04-23T16:45:00+00:00,17.12,17.145,17.08,17.09,33119
2026-04-23T16:50:00+00:00,17.08,17.085,17.075,17.08,9746
2026-04-23T16:55:00+00:00,17.085,17.125,17.08,17.12,25307
2026-04-23T17:00:00+00:00,17.12,17.145,17.025,17.04,68650
2026-04-23T17:05:00+00:00,17.04,17.04,16.945,16.96,82870
2026-04-23T17:10:00+00:00,16.945,16.96,16.93,16.96,24326
2026-04-23T17:15:00+00:00,16.96,16.96,16.87,16.895,60529
2026-04-23T17:20:00+00:00,16.89,16.89,16.855,16.865,26059
2026-04-23T17:25:00+00:00,16.86,16.925,16.845,16.86,55166
2026-04-23T17:30:00+00:00,16.87,16.94,16.86,16.93,29178
2026-04-23T17:35:00+00:00,16.935,16.95,16.87,16.89,40322
2026-04-23T17:40:00+00:00,16.9,16.9,16.8,16.8,54695
2026-04-23T17:45:00+00:00,16.79,16.805,16.72,16.78,77313
2026-04-23T17:50:00+00:00,16.775,16.91,16.75,16.9,70241
2026-04-23T17:55:00+00:00,16.895,16.945,16.89,16.92,33053
2026-04-23T18:00:00+00:00,16.91,17.04,16.91,16.98,27130
2026-04-23T18:05:00+00:00,16.97,17.01,16.955,16.96,17479
2026-04-23T18:10:00+00:00,16.955,16.99,16.955,16.99,17110
2026-04-23T18:15:00+00:00,17.0,17.01,16.985,17.01,16183
2026-04-23T18:20:00+00:00,17.02,17.03,16.98,17.005,24314
2026-04-23T18:25:00+00:00,17.0,17.01,16.995,17.01,11389
2026-04-23T18:30:00+00:00,17.04,17.05,17.02,17.035,5570
2026-04-23T18:35:00+00:00,17.03,17.05,17.005,17.005,9056
2026-04-23T18:40:00+00:00,17.005,17.005,16.96,16.98,26896
2026-04-23T18:45:00+00:00,16.98,16.98,16.925,16.925,20291
2026-04-23T18:50:00+00:00,16.92,16.935,16.89,16.925,19801
2026-04-23T18:55:00+00:00,16.93,16.93,16.87,16.89,27414
2026-04-23T19:00:00+00:00,16.89,16.92,16.875,16.9,34730
2026-04-23T19:05:00+00:00,16.89,16.96,16.89,16.925,16558
2026-04-23T19:10:00+00:00,16.925,16.925,16.885,16.9,23312
2026-04-23T19:15:00+00:00,16.91,16.925,16.84,16.84,27835
2026-04-23T19:20:00+00:00,16.84,16.875,16.82,16.87,31548
2026-04-23T19:25:00+00:00,16.87,16.92,16.87,16.915,15045
2026-04-23T19:30:00+00:00,16.91,16.915,16.855,16.855,61101
2026-04-23T19:35:00+00:00,16.85,16.85,16.82,16.835,44478
2026-04-23T19:40:00+00:00,16.84,16.855,16.815,16.815,36214
2026-04-23T19:45:00+00:00,16.815,16.835,16.805,16.835,39233
2026-04-23T19:50:00+00:00,16.835,16.95,16.815,16.95,122480
2026-04-23T19:55:00+00:00,16.94,16.95,16.905,16.94,308242
2026-04-23T20:00:00+00:00,16.95,16.95,16.95,16.95,299
2026-04-23T20:05:00+00:00,16.95,16.95,16.95,16.95,162
2026-04-23T20:10:00+00:00,16.96,16.96,16.96,16.96,153
2026-04-23T20:15:00+00:00,16.96,16.96,16.95,16.96,3718
2026-04-23T20:20:00+00:00,16.96,16.96,16.96,16.96,0
2026-04-23T20:25:00+00:00,16.96,16.96,16.96,16.96,14
2026-04-23T20:30:00+00:00,16.98,16.98,16.96,16.96,1231
2026-04-23T20:35:00+00:00,16.96,16.96,16.96,16.96,0
2026-04-23T20:40:00+00:00,16.95,16.95,16.95,16.95,646
2026-04-23T20:45:00+00:00,16.95,16.95,16.95,16.95,105
2026-04-23T20:50:00+00:00,16.95,16.95,16.95,16.95,0
2026-04-23T20:55:00+00:00,16.95,16.95,16.95,16.95,75
2026-04-23T21:00:00+00:00,16.95,16.95,16.95,16.95,0
2026-04-23T21:05:00+00:00,16.95,16.95,16.95,16.95,0
2026-04-23T21:10:00+00:00,16.95,16.95,16.95,16.95,0
2026-04-23T21:15:00+00:00,16.95,16.95,16.95,16.95,126
2026-04-23T21:20:00+00:00,16.95,16.95,16.95,16.95,0
2026-04-23T21:25:00+00:00,16.98,16.98,16.97,16.97,445
2026-04-23T21:30:00+00:00,16.97,17.0,16.97,17.0,298
2026-04-23T21:35:00+00:00,17.0,17.05,17.0,17.05,734
2026-04-23T21:40:00+00:00,17.05,17.06,17.03,17.04,28624
2026-04-23T21:45:00+00:00,17.04,17.07,17.04,17.07,1130
2026-04-23T21:50:00+00:00,17.03,17.03,17.03,17.03,528
2026-04-23T21:55:00+00:00,17.03,17.03,17.03,17.03,5
2026-04-23T22:00:00+00:00,17.03,17.03,17.03,17.03,2
2026-04-23T22:05:00+00:00,17.03,17.03,17.03,17.03,0
2026-04-23T22:10:00+00:00,17.03,17.03,17.03,17.03,0
2026-04-23T22:15:00+00:00,17.07,17.07,17.07,17.07,920
2026-04-23T22:20:00+00:00,17.07,17.07,17.07,17.07,61
2026-04-23T22:25:00+00:00,17.05,17.05,17.04,17.05,2920
2026-04-23T22:30:00+00:00,17.05,17.05,17.05,17.05,600
2026-04-23T22:35:00+00:00,17.05,17.05,17.05,17.05,3
2026-04-23T22:40:00+00:00,17.05,17.05,17.05,17.05,23
2026-04-23T22:45:00+00:00,17.05,17.05,17.05,17.05,0
2026-04-23T22:50:00+00:00,17.05,17.05,17.05,17.05,115
2026-04-23T22:55:00+00:00,17.05,17.05,17.05,17.05,5
2026-04-23T23:00:00+00:00,17.05,17.05,17.05,17.05,13
2026-04-23T23:05:00+00:00,17.04,17.04,17.03,17.03,10713
2026-04-23T23:10:00+00:00,17.05,17.05,17.05,17.05,700
2026-04-23T23:15:00+00:00,17.05,17.05,17.05,17.05,7
2026-04-23T23:20:00+00:00,17.05,17.05,17.05,17.05,33
2026-04-23T23:25:00+00:00,17.05,17.05,17.05,17.05,26
2026-04-23T23:30:00+00:00,17.05,17.05,17.04,17.04,215
2026-04-23T23:35:00+00:00,17.04,17.04,17.04,17.04,5
2026-04-23T23:40:00+00:00,17.04,17.04,17.04,17.04,13
2026-04-23T23:45:00+00:00,17.04,17.04,17.04,17.04,0
2026-04-23T23:50:00+00:00,17.04,17.04,17.04,17.04,14
2026-04-23T23:55:00+00:00,17.04,17.04,17.04,17.04,0
2026-04-24T08:00:00+00:00,16.95,16.95,16.95,16.95,2
2026-04-24T08:05:00+00:00,16.95,16.95,16.95,16.95,0
2026-04-24T08:10:00+00:00,16.95,16.95,16.95,16.95,0
2026-04-24T08:15:00+00:00,17.03,17.03,17.03,17.03,1368
2026-04-24T08:20:00+00:00,17.03,17.03,17.03,17.03,0
2026-04-24T08:25:00+00:00,17.03,17.03,17.03,17.03,0
2026-04-24T08:30:00+00:00,17.03,17.03,17.03,17.03,0
2026-04-24T08:35:00+00:00,17.03,17.03,17.03,17.03,2
2026-04-24T08:40:00+00:00,17.03,17.03,17.03,17.03,0
2026-04-24T08:45:00+00:00,17.03,17.03,17.03,17.03,0
2026-04-24T08:50:00+00:00,17.03,17.03,17.03,17.03,0
2026-04-24T08:55:00+00:00,17.03,17.03,17.03,17.03,0
2026-04-24T09:00:00+00:00,17.03,17.03,17.03,17.03,0
2026-04-24T09:05:00+00:00,17.03,17.03,17.03,17.03,5
2026-04-24T09:10:00+00:00,17.03,17.03,17.03,17.03,0
2026-04-24T09:15:00+00:00,17.03,17.03,17.03,17.03,0
2026-04-24T09:20:00+00:00,17.03,17.03,17.03,17.03,0
2026-04-24T09:25:00+00:00,17.03,17.03,17.03,17.03,0
2026-04-24T09:30:00+00:00,17.01,17.01,17.01,17.01,524
2026-04-24T09:35:00+00:00,17.01,17.01,17.01,17.01,38
2026-04-24T09:40:00+00:00,17.01,17.01,17.01,17.01,0
2026-04-24T09:45:00+00:00,17.01,17.01,17.01,17.01,0
2026-04-24T09:50:00+00:00,17.01,17.01,17.01,17.01,0
2026-04-24T09:55:00+00:00,17.01,17.01,17.01,17.01,0
2026-04-24T10:00:00+00:00,17.01,17.01,17.01,17.01,0
2026-04-24T10:05:00+00:00,17.01,17.01,17.01,17.01,0
2026-04-24T10:10:00+00:00,17.01,17.01,17.01,17.01,0
2026-04-24T10:15:00+00:00,17.01,17.01,17.01,17.01,0
2026-04-24T10:20:00+00:00,17.01,17.01,17.01,17.01,0
2026-04-24T10:25:00+00:00,17.01,17.01,17.01,17.01,0
2026-04-24T10:30:00+00:00,17.01,17.01,17.01,17.01,0
2026-04-24T10:35:00+00:00,17.01,17.01,17.01,17.01,298
2026-04-24T10:40:00+00:00,17.01,17.01,17.01,17.01,0
2026-04-24T10:45:00+00:00,17.01,17.01,17.0,17.0,3013
2026-04-24T10:50:00+00:00,17.0,17.0,17.0,17.0,300
2026-04-24T10:55:00+00:00,17.0,17.0,17.0,17.0,1
2026-04-24T11:00:00+00:00,17.0,17.0,17.0,17.0,97
2026-04-24T11:05:00+00:00,17.0,17.04,17.0,17.04,1360
2026-04-24T11:10:00+00:00,17.04,17.04,17.04,17.04,110
2026-04-24T11:15:00+00:00,17.04,17.05,17.04,17.05,800
2026-04-24T11:20:00+00:00,17.05,17.05,17.05,17.05,0
2026-04-24T11:25:00+00:00,17.05,17.05,17.05,17.05,125
2026-04-24T11:30:00+00:00,17.05,17.05,17.05,17.05,149
2026-04-24T11:35:00+00:00,17.09,17.1,17.08,17.08,4809
2026-04-24T11:40:00+00:00,17.05,17.05,17.05,17.05,1079
2026-04-24T11:45:00+00:00,17.05,17.05,17.05,17.05,90
2026-04-24T11:50:00+00:00,17.05,17.05,17.05,17.05,50
2026-04-24T11:55:00+00:00,17.05,17.05,17.05,17.05,4
2026-04-24T12:00:00+00:00,17.07,17.07,17.04,17.04,200
2026-04-24T12:05:00+00:00,17.07,17.07,17.07,17.07,7617
2026-04-24T12:10:00+00:00,17.08,17.08,17.08,17.08,100
2026-04-24T12:15:00+00:00,17.08,17.1,17.08,17.1,319
2026-04-24T12:20:00+00:00,17.1,17.1,17.1,17.1,266
2026-04-24T12:25:00+00:00,17.1,17.1,17.1,17.1,82
2026-04-24T12:30:00+00:00,17.1,17.1,17.1,17.1,7
2026-04-24T12:35:00+00:00,17.1,17.1,17.1,17.1,0
2026-04-24T12:40:00+00:00,17.1,17.1,17.1,17.1,4
2026-04-24T12:45:00+00:00,17.06,17.06,17.06,17.06,207
2026-04-24T12:50:00+00:00,17.06,17.06,17.06,17.06,53
2026-04-24T12:55:00+00:00,17.06,17.06,17.06,17.06,0
2026-04-24T13:00:00+00:00,17.07,17.07,17.07,17.07,673
2026-04-24T13:05:00+00:00,17.07,17.07,17.07,17.07,8
2026-04-24T13:10:00+00:00,17.08,17.08,17.07,17.07,260
2026-04-24T13:15:00+00:00,17.07,17.07,17.07,17.07,101
2026-04-24T13:20:00+00:00,17.07,17.07,17.07,17.07,50
2026-04-24T13:25:00+00:00,17.06,17.06,16.99,16.99,3924
2026-04-24T13:30:00+00:00,16.95,17.07,16.75,16.815,305808
2026-04-24T13:35:00+00:00,16.84,16.92,16.775,16.78,82724
2026-04-24T13:40:00+00:00,16.775,16.79,16.7,16.79,73653
2026-04-24T13:45:00+00:00,16.805,16.84,16.77,16.775,38305
2026-04-24T13:50:00+00:00,16.775,16.775,16.65,16.655,78015
2026-04-24T13:55:00+00:00,16.66,16.66,16.61,16.64,54732
2026-04-24T14:00:00+00:00,16.64,16.65,16.455,16.5,225404
2026-04-24T14:05:00+00:00,16.48,16.54,16.44,16.53,58571
2026-04-24T14:10:00+00:00,16.525,16.61,16.52,16.58,48292
2026-04-24T14:15:00+00:00,16.585,16.615,16.565,16.605,38094
2026-04-24T14:20:00+00:00,16.6,16.66,16.595,16.635,26186
2026-04-24T14:25:00+00:00,16.63,16.63,16.485,16.495,52621
2026-04-24T14:30:00+00:00,16.495,16.525,16.475,16.52,60001
2026-04-24T14:35:00+00:00,16.52,16.55,16.48,16.53,30986
2026-04-24T14:40:00+00:00,16.53,16.58,16.52,16.555,32299
2026-04-24T14:45:00+00:00,16.56,16.595,16.535,16.555,37815
2026-04-24T14:50:00+00:00,16.565,16.62,16.545,16.61,14612
2026-04-24T14:55:00+00:00,16.62,16.655,16.615,16.635,17492
2026-04-24T15:00:00+00:00,16.64,16.665,16.62,16.65,23817
2026-04-24T15:05:00+00:00,16.645,16.645,16.575,16.595,25005
2026-04-24T15:10:00+00:00,16.6,16.605,16.555,16.58,28151
2026-04-24T15:15:00+00:00,16.58,16.58,16.535,16.555,57388
2026-04-24T15:20:00+00:00,16.55,16.595,16.53,16.59,20151
2026-04-24T15:25:00+00:00,16.59,16.59,16.56,16.57,19486
2026-04-24T15:30:00+00:00,16.56,16.58,16.545,16.545,26164
2026-04-24T15:35:00+00:00,16.545,16.58,16.54,16.555,22927
2026-04-24T15:40:00+00:00,16.555,16.665,16.555,16.66,39784
2026-04-24T15:45:00+00:00,16.68,16.73,16.665,16.69,100140
2026-04-24T15:50:00+00:00,16.695,16.72,16.685,16.7,32345
2026-04-24T15:55:00+00:00,16.69,16.745,16.68,16.68,23059
2026-04-24T16:00:00+00:00,16.675,16.675,16.62,16.63,23344
2026-04-24T16:05:00+00:00,16.63,16.635,16.565,16.585,24608
2026-04-24T16:10:00+00:00,16.58,16.635,16.575,16.585,26224
2026-04-24T16:15:00+00:00,16.58,16.58,16.57,16.58,6627
2026-04-24T16:20:00+00:00,16.58,16.585,16.565,16.57,12216
2026-04-24T16:25:00+00:00,16.57,16.58,16.54,16.54,11052
2026-04-24T16:30:00+00:00,16.54,16.565,16.54,16.56,13371
2026-04-24T16:35:00+00:00,16.565,16.565,16.52,16.52,16578
2026-04-24T16:40:00+00:00,16.52,16.525,16.41,16.43,91614
2026-04-24T16:45:00+00:00,16.44,16.445,16.38,16.39,44667
2026-04-24T16:50:00+00:00,16.385,16.385,16.325,16.335,62648
2026-04-24T16:55:00+00:00,16.335,16.35,16.305,16.35,44033
2026-04-24T17:00:00+00:00,16.34,16.385,16.335,16.345,28253
2026-04-24T17:05:00+00:00,16.34,16.365,16.335,16.36,35366
2026-04-24T17:10:00+00:00,16.35,16.375,16.345,16.365,17842
2026-04-24T17:15:00+00:00,16.365,16.39,16.345,16.375,22004
2026-04-24T17:20:00+00:00,16.375,16.375,16.295,16.295,86299
2026-04-24T17:25:00+00:00,16.295,16.295,16.265,16.29,65666
2026-04-24T17:30:00+00:00,16.295,16.3,16.275,16.29,35908
2026-04-24T17:35:00+00:00,16.29,16.295,16.265,16.27,40457
2026-04-24T17:40:00+00:00,16.27,16.31,16.265,16.31,46599
2026-04-24T17:45:00+00:00,16.31,16.335,16.3,16.3,22594
2026-04-24T17:50:00+00:00,16.3,16.355,16.3,16.34,23996
2026-04-24T17:55:00+00:00,16.34,16.355,16.315,16.315,17842
2026-04-24T18:00:00+00:00,16.32,16.335,16.305,16.32,43173
2026-04-24T18:05:00+00:00,16.32,16.365,16.31,16.365,15386
2026-04-24T18:10:00+00:00,16.365,16.405,16.345,16.395,31784
2026-04-24T18:15:00+00:00,16.39,16.395,16.325,16.335,27137
2026-04-24T18:20:00+00:00,16.335,16.345,16.33,16.34,21137
2026-04-24T18:25:00+00:00,16.34,16.385,16.34,16.38,22855
2026-04-24T18:30:00+00:00,16.375,16.45,16.36,16.44,64831
2026-04-24T18:35:00+00:00,16.435,16.455,16.435,16.45,24448
2026-04-24T18:40:00+00:00,16.45,16.47,16.44,16.44,20733
2026-04-24T18:45:00+00:00,16.445,16.445,16.425,16.425,23285
2026-04-24T18:50:00+00:00,16.42,16.42,16.4,16.4,21957
2026-04-24T18:55:00+00:00,16.4,16.42,16.395,16.42,22297
2026-04-24T19:00:00+00:00,16.43,16.565,16.43,16.505,95139
2026-04-24T19:05:00+00:00,16.505,16.55,16.5,16.5,29122
2026-04-24T19:10:00+00:00,16.505,16.505,16.45,16.475,59791
2026-04-24T19:15:00+00:00,16.485,16.505,16.465,16.465,18518
2026-04-24T19:20:00+00:00,16.46,16.46,16.415,16.425,32157
2026-04-24T19:25:00+00:00,16.425,16.48,16.405,16.475,35432
2026-04-24T19:30:00+00:00,16.475,16.475,16.425,16.47,43189
2026-04-24T19:35:00+00:00,16.465,16.465,16.395,16.435,52201
2026-04-24T19:40:00+00:00,16.44,16.455,16.425,16.43,27695
2026-04-24T19:45:00+00:00,16.425,16.455,16.42,16.455,32639
2026-04-24T19:50:00+00:00,16.455,16.545,16.445,16.545,83920
2026-04-24T19:55:00+00:00,16.54,16.55,16.495,16.525,366499
2026-04-24T20:00:00+00:00,16.53,16.53,16.53,16.53,365
2026-04-24T20:05:00+00:00,16.52,16.52,16.52,16.52,242
2026-04-24T20:10:00+00:00,16.52,16.52,16.52,16.52,2486
2026-04-24T20:15:00+00:00,16.52,16.52,16.52,16.52,6236
2026-04-24T20:20:00+00:00,16.5,16.51,16.5,16.5,3123
2026-04-24T20:25:00+00:00,16.5,16.5,16.5,16.5,36
2026-04-24T20:30:00+00:00,16.5,16.51,16.5,16.51,4026
2026-04-24T20:35:00+00:00,16.51,16.51,16.51,16.51,0
2026-04-24T20:40:00+00:00,16.51,16.51,16.51,16.51,0
2026-04-24T20:45:00+00:00,16.51,16.51,16.51,16.51,0
2026-04-24T20:50:00+00:00,16.48,16.52,16.45,16.52,2256
2026-04-24T20:55:00+00:00,16.52,16.52,16.52,16.52,75
2026-04-24T21:00:00+00:00,16.52,16.52,16.52,16.52,0
2026-04-24T21:05:00+00:00,16.52,16.52,16.52,16.52,65
2026-04-24T21:10:00+00:00,16.55,16.56,16.55,16.56,4125
2026-04-24T21:15:00+00:00,16.56,16.58,16.56,16.58,2524
2026-04-24T21:20:00+00:00,16.58,16.58,16.58,16.58,0
2026-04-24T21:25:00+00:00,16.58,16.58,16.58,16.58,12
2026-04-24T21:30:00+00:00,16.58,16.58,16.58,16.58,88
2026-04-24T21:35:00+00:00,16.58,16.58,16.56,16.56,712
2026-04-24T21:40:00+00:00,16.56,16.56,16.56,16.56,0
2026-04-24T21:45:00+00:00,16.56,16.56,16.56,16.56,0
2026-04-24T21:50:00+00:00,16.56,16.56,16.56,16.56,702
2026-04-24T21:55:00+00:00,16.56,16.56,16.56,16.56,27
2026-04-24T22:00:00+00:00,16.56,16.56,16.56,16.56,0
2026-04-24T22:05:00+00:00,16.56,16.56,16.56,16.56,77
2026-04-24T22:10:00+00:00,16.55,16.55,16.55,16.55,140
2026-04-24T22:15:00+00:00,16.55,16.55,16.55,16.55,139
2026-04-24T22:20:00+00:00,16.55,16.55,16.55,16.55,20
2026-04-24T22:25:00+00:00,16.55,16.56,16.55,16.56,180
2026-04-24T22:30:00+00:00,16.56,16.56,16.56,16.56,0
2026-04-24T22:35:00+00:00,16.56,16.56,16.56,16.56,405
2026-04-24T22:40:00+00:00,16.56,16.56,16.56,16.56,0
2026-04-24T22:45:00+00:00,16.56,16.56,16.56,16.56,0
2026-04-24T22:50:00+00:00,16.56,16.56,16.56,16.56,0
2026-04-24T22:55:00+00:00,16.56,16.56,16.56,16.56,0
2026-04-24T23:00:00+00:00,16.56,16.56,16.56,16.56,0
2026-04-24T23:05:00+00:00,16.56,16.56,16.56,16.56,36
2026-04-24T23:10:00+00:00,16.56,16.56,16.55,16.55,5000
2026-04-24T23:15:00+00:00,16.55,16.55,16.55,16.55,0
2026-04-24T23:20:00+00:00,16.55,16.55,16.55,16.55,0
2026-04-24T23:25:00+00:00,16.55,16.55,16.55,16.55,0
2026-04-24T23:30:00+00:00,16.55,16.55,16.55,16.55,45
2026-04-24T23:35:00+00:00,16.56,16.56,16.56,16.56,700
2026-04-24T23:40:00+00:00,16.56,16.56,16.56,16.56,485
2026-04-24T23:45:00+00:00,16.56,16.56,16.56,16.56,109
2026-04-24T23:50:00+00:00,16.56,16.56,16.56,16.56,0
2026-04-24T23:55:00+00:00,16.56,16.56,16.56,16.56,0
2026-04-27T08:00:00+00:00,16.59,16.59,16.58,16.58,1015
2026-04-27T08:05:00+00:00,16.58,16.59,16.58,16.58,1213
2026-04-27T08:10:00+00:00,16.56,16.56,16.55,16.55,800
2026-04-27T08:15:00+00:00,16.55,16.55,16.55,16.55,0
2026-04-27T08:20:00+00:00,16.55,16.55,16.55,16.55,0
2026-04-27T08:25:00+00:00,16.55,16.55,16.55,16.55,0
2026-04-27T08:30:00+00:00,16.55,16.57,16.55,16.57,259
2026-04-27T08:35:00+00:00,16.57,16.57,16.57,16.57,2420
2026-04-27T08:40:00+00:00,16.57,16.57,16.57,16.57,0
2026-04-27T08:45:00+00:00,16.57,16.57,16.57,16.57,180
2026-04-27T08:50:00+00:00,16.55,16.55,16.55,16.55,168
2026-04-27T08:55:00+00:00,16.55,16.55,16.55,16.55,300
2026-04-27T09:00:00+00:00,16.55,16.55,16.55,16.55,0
2026-04-27T09:05:00+00:00,16.575,16.575,16.575,16.575,100
2026-04-27T09:10:00+00:00,16.575,16.575,16.575,16.575,36
2026-04-27T09:15:00+00:00,16.575,16.575,16.575,16.575,75
2026-04-27T09:20:00+00:00,16.55,16.55,16.55,16.55,1000
2026-04-27T09:25:00+00:00,16.55,16.55,16.55,16.55,229
2026-04-27T09:30:00+00:00,16.55,16.55,16.55,16.55,71
2026-04-27T09:35:00+00:00,16.55,16.55,16.55,16.55,61
2026-04-27T09:40:00+00:00,16.55,16.55,16.55,16.55,47
2026-04-27T09:45:00+00:00,16.55,16.55,16.55,16.55,315
2026-04-27T09:50:00+00:00,16.55,16.55,16.55,16.55,0
2026-04-27T09:55:00+00:00,16.55,16.55,16.55,16.55,0
2026-04-27T10:00:00+00:00,16.55,16.55,16.55,16.55,0
2026-04-27T10:05:00+00:00,16.55,16.55,16.55,16.55,0
2026-04-27T10:10:00+00:00,16.55,16.55,16.55,16.55,0
2026-04-27T10:15:00+00:00,16.55,16.55,16.55,16.55,0
2026-04-27T10:20:00+00:00,16.55,16.55,16.55,16.55,16
2026-04-27T10:25:00+00:00,16.55,16.55,16.55,16.55,0
2026-04-27T10:30:00+00:00,16.55,16.55,16.55,16.55,0
2026-04-27T10:35:00+00:00,16.55,16.55,16.55,16.55,1
2026-04-27T10:40:00+00:00,16.55,16.55,16.55,16.55,0
2026-04-27T10:45:00+00:00,16.58,16.58,16.58,16.58,300
2026-04-27T10:50:00+00:00,16.58,16.58,16.58,16.58,33
2026-04-27T10:55:00+00:00,16.58,16.58,16.57,16.57,736
2026-04-27T11:00:00+00:00,16.53,16.53,16.53,16.53,975
2026-04-27T11:05:00+00:00,16.53,16.53,16.53,16.53,0
2026-04-27T11:10:00+00:00,16.53,16.54,16.53,16.54,330
2026-04-27T11:15:00+00:00,16.54,16.54,16.54,16.54,0
2026-04-27T11:20:00+00:00,16.54,16.54,16.54,16.54,404
2026-04-27T11:25:00+00:00,16.54,16.54,16.54,16.54,0
2026-04-27T11:30:00+00:00,16.54,16.54,16.54,16.54,0
2026-04-27T11:35:00+00:00,16.54,16.54,16.54,16.54,450
2026-04-27T11:40:00+00:00,16.54,16.54,16.54,16.54,0
2026-04-27T11:45:00+00:00,16.54,16.54,16.54,16.54,0
2026-04-27T11:50:00+00:00,16.54,16.54,16.54,16.54,136
2026-04-27T11:55:00+00:00,16.54,16.54,16.54,16.54,0
2026-04-27T12:00:00+00:00,16.54,16.54,16.54,16.54,0
2026-04-27T12:05:00+00:00,16.54,16.54,16.54,16.54,1
2026-04-27T12:10:00+00:00,16.54,16.54,16.54,16.54,0
2026-04-27T12:15:00+00:00,16.53,16.53,16.5,16.5,3439
2026-04-27T12:20:00+00:00,16.5,16.5,16.5,16.5,21
2026-04-27T12:25:00+00:00,16.5,16.51,16.5,16.51,1100
2026-04-27T12:30:00+00:00,16.51,16.51,16.51,16.51,8
2026-04-27T12:35:00+00:00,16.51,16.51,16.51,16.51,277
2026-04-27T12:40:00+00:00,16.51,16.51,16.51,16.51,218
2026-04-27T12:45:00+00:00,16.51,16.51,16.51,16.51,102
2026-04-27T12:50:00+00:00,16.51,16.51,16.51,16.51,0
2026-04-27T12:55:00+00:00,16.51,16.51,16.51,16.51,309
2026-04-27T13:00:00+00:00,16.49,16.49,16.49,16.49,110
2026-04-27T13:05:00+00:00,16.49,16.49,16.49,16.49,0
2026-04-27T13:10:00+00:00,16.5,16.5,16.5,16.5,500
2026-04-27T13:15:00+00:00,16.5,16.5,16.5,16.5,92
2026-04-27T13:20:00+00:00,16.5,16.5,16.5,16.5,15
2026-04-27T13:25:00+00:00,16.49,16.59,16.49,16.53,6042
2026-04-27T13:30:00+00:00,16.52,16.97,16.52,16.86,505197
2026-04-27T13:35:00+00:00,16.89,16.99,16.705,16.72,113476
2026-04-27T13:40:00+00:00,16.72,16.78,16.65,16.735,85859
2026-04-27T13:45:00+00:00,16.74,16.81,16.685,16.7,81967
2026-04-27T13:50:00+00:00,16.705,16.795,16.675,16.785,43225
2026-04-27T13:55:00+00:00,16.79,16.84,16.745,16.745,50464
2026-04-27T14:00:00+00:00,16.74,16.785,16.725,16.735,41157
2026-04-27T14:05:00+00:00,16.73,16.735,16.665,16.665,47765
2026-04-27T14:10:00+00:00,16.665,16.755,16.665,16.745,64105
2026-04-27T14:15:00+00:00,16.745,16.765,16.705,16.715,24790
2026-04-27T14:20:00+00:00,16.71,16.765,16.675,16.725,33754
2026-04-27T14:25:00+00:00,16.725,16.745,16.685,16.73,49672
2026-04-27T14:30:00+00:00,16.735,16.735,16.66,16.735,31818
2026-04-27T14:35:00+00:00,16.745,16.87,16.74,16.78,44371
2026-04-27T14:40:00+00:00,16.775,16.795,16.735,16.775,17371
2026-04-27T14:45:00+00:00,16.775,16.795,16.745,16.755,30552
2026-04-27T14:50:00+00:00,16.75,16.78,16.7,16.7,15569
2026-04-27T14:55:00+00:00,16.69,16.695,16.58,16.59,28581
2026-04-27T15:00:00+00:00,16.59,16.61,16.505,16.51,47029
2026-04-27T15:05:00+00:00,16.51,16.575,16.51,16.565,57926
2026-04-27T15:10:00+00:00,16.565,16.605,16.545,16.545,29711
2026-04-27T15:15:00+00:00,16.545,16.625,16.54,16.555,31950
2026-04-27T15:20:00+00:00,16.555,16.625,16.555,16.62,41463
2026-04-27T15:25:00+00:00,16.61,16.685,16.61,16.685,19943
2026-04-27T15:30:00+00:00,16.685,16.725,16.655,16.7,31338
2026-04-27T15:35:00+00:00,16.695,16.795,16.695,16.775,44487
2026-04-27T15:40:00+00:00,16.775,16.79,16.71,16.71,24491
2026-04-27T15:45:00+00:00,16.72,16.735,16.675,16.705,14993
2026-04-27T15:50:00+00:00,16.7,16.725,16.655,16.68,21153
2026-04-27T15:55:00+00:00,16.69,16.72,16.69,16.72,13116
2026-04-27T16:00:00+00:00,16.72,16.72,16.69,16.7,10557
2026-04-27T16:05:00+00:00,16.7,16.74,16.7,16.72,10975
2026-04-27T16:10:00+00:00,16.72,16.785,16.72,16.76,44589
2026-04-27T16:15:00+00:00,16.77,16.77,16.72,16.73,11682
2026-04-27T16:20:00+00:00,16.72,16.72,16.68,16.68,17620
2026-04-27T16:25:00+00:00,16.68,16.695,16.68,16.685,11830
2026-04-27T16:30:00+00:00,16.69,16.7,16.675,16.675,11925
2026-04-27T16:35:00+00:00,16.675,16.675,16.645,16.65,21496
2026-04-27T16:40:00+00:00,16.655,16.665,16.63,16.635,13087
2026-04-27T16:45:00+00:00,16.64,16.655,16.64,16.65,10081
2026-04-27T16:50:00+00:00,16.65,16.65,16.63,16.635,7194
2026-04-27T16:55:00+00:00,16.63,16.635,16.62,16.635,10907
2026-04-27T17:00:00+00:00,16.64,16.665,16.64,16.655,12884
2026-04-27T17:05:00+00:00,16.66,16.68,16.66,16.67,10374
2026-04-27T17:10:00+00:00,16.68,16.72,16.675,16.695,10452
2026-04-27T17:15:00+00:00,16.695,16.705,16.655,16.665,15956
2026-04-27T17:20:00+00:00,16.66,16.71,16.645,16.7,25741
2026-04-27T17:25:00+00:00,16.71,16.74,16.71,16.74,10340
2026-04-27T17:30:00+00:00,16.735,16.76,16.735,16.75,23200
2026-04-27T17:35:00+00:00,16.745,16.75,16.72,16.73,13323
2026-04-27T17:40:00+00:00,16.715,16.72,16.705,16.715,8133
2026-04-27T17:45:00+00:00,16.715,16.715,16.685,16.695,8249
2026-04-27T17:50:00+00:00,16.69,16.69,16.675,16.685,6877
2026-04-27T17:55:00+00:00,16.685,16.69,16.675,16.69,19976
2026-04-27T18:00:00+00:00,16.69,16.71,16.685,16.685,26889
2026-04-27T18:05:00+00:00,16.685,16.755,16.685,16.75,27249
2026-04-27T18:10:00+00:00,16.76,16.775,16.745,16.745,23240
2026-04-27T18:15:00+00:00,16.74,16.76,16.725,16.76,11803
2026-04-27T18:20:00+00:00,16.765,16.835,16.765,16.83,25599
2026-04-27T18:25:00+00:00,16.835,16.845,16.82,16.83,36929
2026-04-27T18:30:00+00:00,16.84,16.865,16.83,16.845,44145
2026-04-27T18:35:00+00:00,16.85,16.865,16.825,16.835,25682
2026-04-27T18:40:00+00:00,16.835,16.835,16.79,16.795,12826
2026-04-27T18:45:00+00:00,16.79,16.79,16.785,16.79,10626
2026-04-27T18:50:00+00:00,16.79,16.79,16.77,16.77,12757
2026-04-27T18:55:00+00:00,16.77,16.825,16.765,16.8,20059
2026-04-27T19:00:00+00:00,16.795,16.825,16.78,16.78,17610
2026-04-27T19:05:00+00:00,16.785,16.795,16.77,16.77,13497
2026-04-27T19:10:00+00:00,16.77,16.865,16.76,16.865,20153
2026-04-27T19:15:00+00:00,16.865,16.895,16.84,16.885,46150
2026-04-27T19:20:00+00:00,16.885,16.885,16.795,16.8,58192
2026-04-27T19:25:00+00:00,16.805,16.815,16.765,16.77,30159
2026-04-27T19:30:00+00:00,16.775,16.84,16.765,16.77,55638
2026-04-27T19:35:00+00:00,16.78,16.805,16.745,16.8,36391
2026-04-27T19:40:00+00:00,16.81,16.83,16.805,16.82,26189
2026-04-27T19:45:00+00:00,16.825,16.845,16.815,16.845,38339
2026-04-27T19:50:00+00:00,16.845,16.88,16.78,16.78,192632
2026-04-27T19:55:00+00:00,16.78,16.795,16.71,16.71,491381
2026-04-27T20:00:00+00:00,16.52,16.52,16.52,16.52,76
2026-04-27T20:05:00+00:00,16.52,16.52,16.52,16.52,0
2026-04-27T20:10:00+00:00,16.52,16.52,16.52,16.52,1
2026-04-27T20:15:00+00:00,16.52,16.52,16.52,16.52,6
2026-04-27T20:20:00+00:00,16.52,16.74,16.52,16.74,229
2026-04-27T20:25:00+00:00,16.74,16.74,16.74,16.74,100
2026-04-27T20:30:00+00:00,16.74,16.74,16.74,16.74,26
2026-04-27T20:35:00+00:00,16.74,16.74,16.74,16.74,0
2026-04-27T20:40:00+00:00,16.74,16.74,16.74,16.74,0
2026-04-27T20:45:00+00:00,16.73,16.73,16.72,16.72,3075
2026-04-27T20:50:00+00:00,16.72,16.72,16.72,16.72,10
2026-04-27T20:55:00+00:00,16.72,16.72,16.72,16.72,0
2026-04-27T21:00:00+00:00,16.72,16.72,16.72,16.72,0
2026-04-27T21:05:00+00:00,16.72,16.75,16.72,16.75,1080
2026-04-27T21:10:00+00:00,16.75,16.75,16.75,16.75,0
2026-04-27T21:15:00+00:00,16.75,16.75,16.75,16.75,50
2026-04-27T21:20:00+00:00,16.75,16.75,16.75,16.75,103
2026-04-27T21:25:00+00:00,16.75,16.75,16.75,16.75,39
2026-04-27T21:30:00+00:00,16.75,16.75,16.75,16.75,0
2026-04-27T21:35:00+00:00,16.75,16.75,16.75,16.75,0
2026-04-27T21:40:00+00:00,16.75,16.75,16.75,16.75,884
2026-04-27T21:45:00+00:00,16.75,16.75,16.75,16.75,0
2026-04-27T21:50:00+00:00,16.75,16.75,16.75,16.75,0
2026-04-27T21:55:00+00:00,16.75,16.75,16.75,16.75,0
2026-04-27T22:00:00+00:00,16.75,16.75,16.75,16.75,32
2026-04-27T22:05:00+00:00,16.77,16.77,16.77,16.77,331
2026-04-27T22:10:00+00:00,16.77,16.77,16.77,16.77,7
2026-04-27T22:15:00+00:00,16.77,16.77,16.77,16.77,23
2026-04-27T22:20:00+00:00,16.77,16.77,16.77,16.77,1
2026-04-27T22:25:00+00:00,16.77,16.77,16.77,16.77,0
2026-04-27T22:30:00+00:00,16.77,16.77,16.77,16.77,180
2026-04-27T22:35:00+00:00,16.77,16.77,16.77,16.77,0
2026-04-27T22:40:00+00:00,16.77,16.77,16.77,16.77,0
2026-04-27T22:45:00+00:00,16.77,16.77,16.77,16.77,74
2026-04-27T22:50:00+00:00,16.8,16.8,16.8,16.8,204
2026-04-27T22:55:00+00:00,16.8,16.8,16.8,16.8,3
2026-04-27T23:00:00+00:00,16.8,16.8,16.8,16.8,813
2026-04-27T23:05:00+00:00,16.8,16.8,16.8,16.8,1
2026-04-27T23:10:00+00:00,16.8,16.8,16.8,16.8,2
2026-04-27T23:15:00+00:00,16.8,16.8,16.8,16.8,11
2026-04-27T23:20:00+00:00,16.8,16.8,16.8,16.8,0
2026-04-27T23:25:00+00:00,16.8,16.8,16.8,16.8,0
2026-04-27T23:30:00+00:00,16.79,16.79,16.79,16.79,372
2026-04-27T23:35:00+00:00,16.79,16.79,16.79,16.79,0
2026-04-27T23:40:00+00:00,16.79,16.79,16.79,16.79,0
2026-04-27T23:45:00+00:00,16.79,16.79,16.79,16.79,24
2026-04-27T23:50:00+00:00,16.79,16.79,16.79,16.79,0
2026-04-27T23:55:00+00:00,16.79,16.79,16.79,16.79,1
2026-04-28T08:00:00+00:00,16.49,16.49,16.49,16.49,8
2026-04-28T08:05:00+00:00,16.76,16.76,16.76,16.76,200
2026-04-28T08:10:00+00:00,16.76,16.76,16.76,16.76,0
2026-04-28T08:15:00+00:00,16.76,16.76,16.73,16.73,125
2026-04-28T08:20:00+00:00,16.73,16.73,16.73,16.73,169
2026-04-28T08:25:00+00:00,16.73,16.73,16.73,16.73,0
2026-04-28T08:30:00+00:00,16.78,16.78,16.78,16.78,986
2026-04-28T08:35:00+00:00,16.78,16.78,16.78,16.78,0
2026-04-28T08:40:00+00:00,16.78,16.78,16.78,16.78,26
2026-04-28T08:45:00+00:00,16.78,16.78,16.78,16.78,0
2026-04-28T08:50:00+00:00,16.78,16.78,16.78,16.78,0
2026-04-28T08:55:00+00:00,16.78,16.78,16.78,16.78,1
2026-04-28T09:00:00+00:00,16.78,16.78,16.78,16.78,0
2026-04-28T09:05:00+00:00,16.78,16.78,16.78,16.78,0
2026-04-28T09:10:00+00:00,16.78,16.78,16.78,16.78,0
2026-04-28T09:15:00+00:00,16.78,16.78,16.78,16.78,0
2026-04-28T09:20:00+00:00,16.73,16.73,16.73,16.73,505
2026-04-28T09:25:00+00:00,16.73,16.73,16.73,16.73,0
2026-04-28T09:30:00+00:00,16.73,16.73,16.73,16.73,0
2026-04-28T09:35:00+00:00,16.73,16.73,16.73,16.73,0
2026-04-28T09:40:00+00:00,16.73,16.73,16.73,16.73,0
2026-04-28T09:45:00+00:00,16.73,16.73,16.73,16.73,50
2026-04-28T09:50:00+00:00,16.73,16.73,16.73,16.73,0
2026-04-28T09:55:00+00:00,16.69,16.69,16.69,16.69,196
2026-04-28T10:00:00+00:00,16.69,16.69,16.69,16.69,0
2026-04-28T10:05:00+00:00,16.74,16.74,16.74,16.74,3140
2026-04-28T10:10:00+00:00,16.74,16.74,16.74,16.74,0
2026-04-28T10:15:00+00:00,16.74,16.74,16.74,16.74,0
2026-04-28T10:20:00+00:00,16.74,16.74,16.74,16.74,0
2026-04-28T10:25:00+00:00,16.74,16.74,16.74,16.74,102
2026-04-28T10:30:00+00:00,16.74,16.74,16.74,16.74,220
2026-04-28T10:35:00+00:00,16.74,16.74,16.74,16.74,0
2026-04-28T10:40:00+00:00,16.74,16.74,16.74,16.74,0
2026-04-28T10:45:00+00:00,16.74,16.74,16.74,16.74,0
2026-04-28T10:50:00+00:00,16.74,16.74,16.74,16.74,4
2026-04-28T10:55:00+00:00,16.74,16.74,16.74,16.74,0
2026-04-28T11:00:00+00:00,16.71,16.71,16.71,16.71,1049
2026-04-28T11:05:00+00:00,16.67,16.67,16.65,16.65,368
2026-04-28T11:10:00+00:00,16.65,16.65,16.65,16.65,0
2026-04-28T11:15:00+00:00,16.65,16.65,16.65,16.65,0
2026-04-28T11:20:00+00:00,16.65,16.66,16.56,16.56,2991
2026-04-28T11:25:00+00:00,16.56,16.56,16.56,16.56,0
2026-04-28T11:30:00+00:00,16.58,16.58,16.57,16.58,2929
2026-04-28T11:35:00+00:00,16.58,16.58,16.58,16.58,96
2026-04-28T11:40:00+00:00,16.58,16.58,16.58,16.58,80
2026-04-28T11:45:00+00:00,16.58,16.59,16.58,16.59,1051
2026-04-28T11:50:00+00:00,16.59,16.59,16.59,16.59,0
2026-04-28T11:55:00+00:00,16.59,16.59,16.59,16.59,0
2026-04-28T12:00:00+00:00,16.58,16.58,16.58,16.58,1191
2026-04-28T12:05:00+00:00,16.58,16.58,16.58,16.58,95
2026-04-28T12:10:00+00:00,16.52,16.59,16.52,16.59,5833
2026-04-28T12:15:00+00:00,16.59,16.59,16.59,16.59,0
2026-04-28T12:20:00+00:00,16.59,16.59,16.59,16.59,0
2026-04-28T12:25:00+00:00,16.59,16.59,16.59,16.59,40
2026-04-28T12:30:00+00:00,16.59,16.59,16.59,16.59,163
2026-04-28T12:35:00+00:00,16.6,16.65,16.6,16.65,3313
2026-04-28T12:40:00+00:00,16.65,16.65,16.65,16.65,0
2026-04-28T12:45:00+00:00,16.65,16.65,16.65,16.65,0
2026-04-28T12:50:00+00:00,16.65,16.65,16.65,16.65,0
2026-04-28T12:55:00+00:00,16.65,16.65,16.65,16.65,172
2026-04-28T13:00:00+00:00,16.65,16.67,16.65,16.67,176
2026-04-28T13:05:00+00:00,16.67,16.67,16.67,16.67,302
2026-04-28T13:10:00+00:00,16.67,16.67,16.67,16.67,0
2026-04-28T13:15:00+00:00,16.62,16.62,16.6,16.61,1686
2026-04-28T13:20:00+00:00,16.61,16.61,16.6,16.6,290
2026-04-28T13:25:00+00:00,16.58,16.58,16.47,16.47,9830
2026-04-28T13:30:00+00:00,16.48,16.52,16.28,16.455,276750
2026-04-28T13:35:00+00:00,16.46,16.535,16.44,16.47,38249
2026-04-28T13:40:00+00:00,16.45,16.47,16.395,16.41,114468
2026-04-28T13:45:00+00:00,16.415,16.47,16.385,16.39,42354
2026-04-28T13:50:00+00:00,16.39,16.4,16.31,16.33,39870
2026-04-28T13:55:00+00:00,16.32,16.34,16.265,16.28,39674
2026-04-28T14:00:00+00:00,16.27,16.29,16.2,16.245,90354
2026-04-28T14:05:00+00:00,16.25,16.395,16.25,16.345,30758
2026-04-28T14:10:00+00:00,16.34,16.395,16.34,16.36,44528
2026-04-28T14:15:00+00:00,16.36,16.36,16.305,16.31,38800
2026-04-28T14:20:00+00:00,16.3,16.365,16.26,16.26,24952
2026-04-28T14:25:00+00:00,16.26,16.275,16.21,16.21,36564
2026-04-28T14:30:00+00:00,16.21,16.225,16.16,16.18,63892
2026-04-28T14:35:00+00:00,16.18,16.22,16.075,16.145,104415
2026-04-28T14:40:00+00:00,16.135,16.145,16.075,16.145,48110
2026-04-28T14:45:00+00:00,16.145,16.145,16.015,16.03,55077
2026-04-28T14:50:00+00:00,16.02,16.055,15.97,16.04,244819
2026-04-28T14:55:00+00:00,16.04,16.11,16.025,16.11,69949
2026-04-28T15:00:00+00:00,16.115,16.165,16.115,16.14,39268
2026-04-28T15:05:00+00:00,16.15,16.155,16.07,16.11,37657
2026-04-28T15:10:00+00:00,16.115,16.17,16.115,16.17,18048
2026-04-28T15:15:00+00:00,16.16,16.16,16.085,16.12,38677
2026-04-28T15:20:00+00:00,16.12,16.12,16.05,16.065,33687
2026-04-28T15:25:00+00:00,16.065,16.07,16.035,16.05,27499
2026-04-28T15:30:00+00:00,16.04,16.045,16.0,16.03,48368
2026-04-28T15:35:00+00:00,16.02,16.06,16.0,16.06,27085
2026-04-28T15:40:00+00:00,16.06,16.08,16.045,16.045,21921
2026-04-28T15:45:00+00:00,16.04,16.06,16.035,16.055,23401
2026-04-28T15:50:00+00:00,16.055,16.06,16.04,16.05,15116
2026-04-28T15:55:00+00:00,16.04,16.065,16.025,16.035,15750
2026-04-28T16:00:00+00:00,16.03,16.065,16.03,16.05,20504
2026-04-28T16:05:00+00:00,16.055,16.095,16.055,16.09,30798
2026-04-28T16:10:00+00:00,16.09,16.095,16.075,16.08,11927
2026-04-28T16:15:00+00:00,16.08,16.12,16.07,16.09,17526
2026-04-28T16:20:00+00:00,16.09,16.1,16.08,16.095,9184
2026-04-28T16:25:00+00:00,16.1,16.11,16.095,16.1,12191
2026-04-28T16:30:00+00:00,16.1,16.14,16.1,16.13,57894
2026-04-28T16:35:00+00:00,16.13,16.13,16.11,16.12,19628
2026-04-28T16:40:00+00:00,16.12,16.135,16.12,16.125,16250
2026-04-28T16:45:00+00:00,16.125,16.14,16.105,16.11,45408
2026-04-28T16:50:00+00:00,16.115,16.17,16.115,16.155,45415
2026-04-28T16:55:00+00:00,16.155,16.175,16.15,16.165,26186
2026-04-28T17:00:00+00:00,16.165,16.195,16.16,16.17,78470
2026-04-28T17:05:00+00:00,16.17,16.175,16.145,16.15,11084
2026-04-28T17:10:00+00:00,16.15,16.165,16.14,16.145,16551
2026-04-28T17:15:00+00:00,16.145,16.145,16.13,16.135,10087
2026-04-28T17:20:00+00:00,16.135,16.145,16.12,16.135,17198
2026-04-28T17:25:00+00:00,16.135,16.165,16.125,16.16,19309
2026-04-28T17:30:00+00:00,16.165,16.175,16.14,16.14,18047
2026-04-28T17:35:00+00:00,16.14,16.155,16.14,16.145,10718
2026-04-28T17:40:00+00:00,16.145,16.155,16.135,16.135,20592
2026-04-28T17:45:00+00:00,16.135,16.17,16.125,16.165,32305
2026-04-28T17:50:00+00:00,16.165,16.175,16.16,16.17,11868
2026-04-28T17:55:00+00:00,16.17,16.195,16.17,16.185,21054
2026-04-28T18:00:00+00:00,16.19,16.195,16.165,16.165,14374
2026-04-28T18:05:00+00:00,16.165,16.175,16.155,16.165,11791
2026-04-28T18:10:00+00:00,16.17,16.175,16.13,16.13,21919
2026-04-28T18:15:00+00:00,16.13,16.165,16.13,16.16,18530
2026-04-28T18:20:00+00:00,16.165,16.17,16.145,16.155,30535
2026-04-28T18:25:00+00:00,16.15,16.16,16.115,16.16,26212
2026-04-28T18:30:00+00:00,16.16,16.175,16.12,16.12,13479
2026-04-28T18:35:00+00:00,16.115,16.13,16.11,16.125,10198
2026-04-28T18:40:00+00:00,16.125,16.135,16.115,16.135,20532
2026-04-28T18:45:00+00:00,16.135,16.14,16.125,16.125,12099
2026-04-28T18:50:00+00:00,16.13,16.145,16.13,16.135,16101
2026-04-28T18:55:00+00:00,16.13,16.13,16.105,16.12,19744
2026-04-28T19:00:00+00:00,16.12,16.135,16.105,16.105,19085
2026-04-28T19:05:00+00:00,16.11,16.145,16.11,16.13,38269
2026-04-28T19:10:00+00:00,16.13,16.145,16.12,16.12,20412
2026-04-28T19:15:00+00:00,16.12,16.12,16.105,16.115,19411
2026-04-28T19:20:00+00:00,16.11,16.13,16.08,16.115,86910
2026-04-28T19:25:00+00:00,16.115,16.145,16.105,16.125,40750
2026-04-28T19:30:00+00:00,16.12,16.125,16.06,16.06,27690
2026-04-28T19:35:00+00:00,16.06,16.1,16.055,16.085,68975
2026-04-28T19:40:00+00:00,16.09,16.13,16.09,16.13,57067
2026-04-28T19:45:00+00:00,16.135,16.135,16.115,16.125,38385
2026-04-28T19:50:00+00:00,16.125,16.135,16.08,16.135,115468
2026-04-28T19:55:00+00:00,16.135,16.195,16.11,16.15,463669
2026-04-28T20:00:00+00:00,16.15,16.16,16.1,16.12,4427
2026-04-28T20:05:00+00:00,16.15,16.15,16.15,16.15,500
2026-04-28T20:10:00+00:00,16.14,16.14,16.14,16.14,260
2026-04-28T20:15:00+00:00,16.14,16.14,16.14,16.14,0
2026-04-28T20:20:00+00:00,16.14,16.14,16.14,16.14,232
2026-04-28T20:25:00+00:00,16.14,16.14,16.14,16.14,215
2026-04-28T20:30:00+00:00,16.14,16.14,16.14,16.14,0
2026-04-28T20:35:00+00:00,16.14,16.14,16.12,16.12,800
2026-04-28T20:40:00+00:00,16.12,16.12,16.12,16.12,0
2026-04-28T20:45:00+00:00,16.12,16.12,16.12,16.12,50
2026-04-28T20:50:00+00:00,16.12,16.12,16.12,16.12,2
2026-04-28T20:55:00+00:00,16.12,16.12,16.12,16.12,70
2026-04-28T21:00:00+00:00,16.12,16.12,16.12,16.12,2943
2026-04-28T21:05:00+00:00,16.12,16.12,16.12,16.12,2
2026-04-28T21:10:00+00:00,16.12,16.12,16.12,16.12,0
2026-04-28T21:15:00+00:00,16.12,16.12,16.12,16.12,50
2026-04-28T21:20:00+00:00,16.12,16.12,16.12,16.12,0
2026-04-28T21:25:00+00:00,16.17,16.17,16.17,16.17,507
2026-04-28T21:30:00+00:00,16.17,16.17,16.17,16.17,0
2026-04-28T21:35:00+00:00,16.17,16.17,16.17,16.17,0
2026-04-28T21:40:00+00:00,16.17,16.17,16.17,16.17,168
2026-04-28T21:45:00+00:00,16.17,16.17,16.17,16.17,14
2026-04-28T21:50:00+00:00,16.17,16.17,16.17,16.17,90
2026-04-28T21:55:00+00:00,16.17,16.17,16.17,16.17,13
2026-04-28T22:00:00+00:00,16.17,16.2,16.17,16.2,916
2026-04-28T22:05:00+00:00,16.2,16.2,16.2,16.2,21
2026-04-28T22:10:00+00:00,16.2,16.2,16.2,16.2,3
2026-04-28T22:15:00+00:00,16.2,16.2,16.17,16.17,136
2026-04-28T22:20:00+00:00,16.18,16.18,16.18,16.18,834
2026-04-28T22:25:00+00:00,16.18,16.18,16.18,16.18,2673
2026-04-28T22:30:00+00:00,16.18,16.18,16.18,16.18,0
2026-04-28T22:35:00+00:00,16.18,16.18,16.18,16.18,0
2026-04-28T22:40:00+00:00,16.18,16.18,16.18,16.18,10
2026-04-28T22:45:00+00:00,16.17,16.17,16.17,16.17,114
2026-04-28T22:50:00+00:00,16.17,16.17,16.17,16.17,0
2026-04-28T22:55:00+00:00,16.17,16.17,16.17,16.17,10
2026-04-28T23:00:00+00:00,16.17,16.17,16.17,16.17,52
2026-04-28T23:05:00+00:00,16.17,16.17,16.15,16.15,956
2026-04-28T23:10:00+00:00,16.15,16.15,16.14,16.14,118
2026-04-28T23:15:00+00:00,16.14,16.14,16.14,16.14,0
2026-04-28T23:20:00+00:00,16.13,16.13,16.13,16.13,284
2026-04-28T23:25:00+00:00,16.13,16.13,16.13,16.13,0
2026-04-28T23:30:00+00:00,16.13,16.13,16.13,16.13,5
2026-04-28T23:35:00+00:00,16.13,16.13,16.13,16.13,51
2026-04-28T23:40:00+00:00,16.13,16.13,16.13,16.13,6
2026-04-28T23:45:00+00:00,16.14,16.14,16.14,16.14,1060
2026-04-28T23:50:00+00:00,16.14,16.14,16.14,16.14,1036
2026-04-28T23:55:00+00:00,16.14,16.14,16.14,16.14,0
2026-04-29T08:00:00+00:00,16.0,16.0,16.0,16.0,19
2026-04-29T08:05:00+00:00,16.0,16.0,16.0,16.0,321
2026-04-29T08:10:00+00:00,16.0,16.0,16.0,16.0,0
2026-04-29T08:15:00+00:00,16.0,16.0,16.0,16.0,270
2026-04-29T08:20:00+00:00,16.0,16.0,16.0,16.0,0
2026-04-29T08:25:00+00:00,16.0,16.0,16.0,16.0,0
2026-04-29T08:30:00+00:00,16.0,16.0,16.0,16.0,0
2026-04-29T08:35:00+00:00,16.0,16.0,16.0,16.0,0
2026-04-29T08:40:00+00:00,16.0,16.0,16.0,16.0,0
2026-04-29T08:45:00+00:00,16.0,16.0,16.0,16.0,0
2026-04-29T08:50:00+00:00,16.0,16.0,16.0,16.0,0
2026-04-29T08:55:00+00:00,16.0,16.0,16.0,16.0,15
2026-04-29T09:00:00+00:00,16.0,16.0,16.0,16.0,0
2026-04-29T09:05:00+00:00,16.0,16.0,16.0,16.0,0
2026-04-29T09:10:00+00:00,16.0,16.0,16.0,16.0,0
2026-04-29T09:15:00+00:00,16.0,16.0,16.0,16.0,0
2026-04-29T09:20:00+00:00,16.0,16.0,16.0,16.0,0
2026-04-29T09:25:00+00:00,16.0,16.0,16.0,16.0,14
2026-04-29T09:30:00+00:00,16.0,16.0,16.0,16.0,7
2026-04-29T09:35:00+00:00,16.17,16.17,16.17,16.17,285
2026-04-29T09:40:00+00:00,16.16,16.16,16.16,16.16,401
2026-04-29T09:45:00+00:00,16.16,16.16,16.16,16.16,0
2026-04-29T09:50:00+00:00,16.16,16.16,16.16,16.16,0
2026-04-29T09:55:00+00:00,16.16,16.16,16.16,16.16,2
2026-04-29T10:00:00+00:00,16.17,16.17,16.17,16.17,770
2026-04-29T10:05:00+00:00,16.17,16.17,16.17,16.17,0
2026-04-29T10:10:00+00:00,16.17,16.17,16.17,16.17,0
2026-04-29T10:15:00+00:00,16.15,16.15,16.15,16.15,200
2026-04-29T10:20:00+00:00,16.15,16.15,16.15,16.15,0
2026-04-29T10:25:00+00:00,16.15,16.15,16.15,16.15,0
2026-04-29T10:30:00+00:00,16.15,16.15,16.15,16.15,0
2026-04-29T10:35:00+00:00,16.15,16.15,16.15,16.15,0
2026-04-29T10:40:00+00:00,16.15,16.15,16.15,16.15,0
2026-04-29T10:45:00+00:00,16.15,16.15,16.15,16.15,0
2026-04-29T10:50:00+00:00,16.15,16.15,16.15,16.15,0
2026-04-29T10:55:00+00:00,16.15,16.15,16.15,16.15,21
2026-04-29T11:00:00+00:00,16.16,16.16,16.16,16.16,198
2026-04-29T11:05:00+00:00,16.16,16.16,16.16,16.16,0
2026-04-29T11:10:00+00:00,16.16,16.16,16.16,16.16,10
2026-04-29T11:15:00+00:00,16.16,16.16,16.16,16.16,0
2026-04-29T11:20:00+00:00,16.16,16.16,16.16,16.16,0
2026-04-29T11:25:00+00:00,16.16,16.16,16.16,16.16,165
2026-04-29T11:30:00+00:00,16.15,16.15,16.15,16.15,467
2026-04-29T11:35:00+00:00,16.15,16.15,16.15,16.15,1
2026-04-29T11:40:00+00:00,16.15,16.15,16.13,16.13,312
2026-04-29T11:45:00+00:00,16.13,16.14,16.13,16.14,705
2026-04-29T11:50:00+00:00,16.14,16.14,16.14,16.14,46
2026-04-29T11:55:00+00:00,16.14,16.14,16.14,16.14,4
2026-04-29T12:00:00+00:00,16.14,16.14,16.14,16.14,124
2026-04-29T12:05:00+00:00,16.14,16.14,16.12,16.12,739
2026-04-29T12:10:00+00:00,16.14,16.14,16.14,16.14,1661
2026-04-29T12:15:00+00:00,16.14,16.14,16.14,16.14,1110
2026-04-29T12:20:00+00:00,16.14,16.14,16.14,16.14,1
2026-04-29T12:25:00+00:00,16.13,16.13,16.13,16.13,302
2026-04-29T12:30:00+00:00,16.13,16.13,16.09,16.09,894
2026-04-29T12:35:00+00:00,16.09,16.09,16.09,16.09,28
2026-04-29T12:40:00+00:00,16.09,16.09,16.09,16.09,0
2026-04-29T12:45:00+00:00,16.1,16.1,16.08,16.08,871
2026-04-29T12:50:00+00:00,16.08,16.08,16.08,16.08,0
2026-04-29T12:55:00+00:00,16.08,16.08,16.08,16.08,2
2026-04-29T13:00:00+00:00,16.08,16.08,16.08,16.08,5
2026-04-29T13:05:00+00:00,16.09,16.09,16.09,16.09,190
2026-04-29T13:10:00+00:00,16.09,16.09,16.09,16.09,74
2026-04-29T13:15:00+00:00,16.1,16.1,16.1,16.1,115
2026-04-29T13:20:00+00:00,16.1,16.1,16.1,16.1,25
2026-04-29T13:25:00+00:00,16.1,16.1,16.01,16.016,822
2026-04-29T13:30:00+00:00,16.0,16.13,15.94,16.04,179231
2026-04-29T13:35:00+00:00,16.035,16.135,16.035,16.04,111098
2026-04-29T13:40:00+00:00,16.04,16.075,15.975,16.02,93709
2026-04-29T13:45:00+00:00,16.03,16.07,16.03,16.06,44432
2026-04-29T13:50:00+00:00,16.07,16.095,16.05,16.055,19848
2026-04-29T13:55:00+00:00,16.06,16.09,16.035,16.04,16256
2026-04-29T14:00:00+00:00,16.03,16.03,15.945,15.965,64013
2026-04-29T14:05:00+00:00,15.96,15.97,15.93,15.94,40148
2026-04-29T14:10:00+00:00,15.94,15.975,15.91,15.97,41513
2026-04-29T14:15:00+00:00,15.965,16.015,15.94,16.015,46223
2026-04-29T14:20:00+00:00,16.015,16.055,15.98,16.04,12828
2026-04-29T14:25:00+00:00,16.05,16.125,16.03,16.12,24164
2026-04-29T14:30:00+00:00,16.11,16.125,16.075,16.115,36325
2026-04-29T14:35:00+00:00,16.12,16.135,16.09,16.12,51274
2026-04-29T14:40:00+00:00,16.105,16.13,16.095,16.13,15441
2026-04-29T14:45:00+00:00,16.125,16.125,16.06,16.06,11374
2026-04-29T14:50:00+00:00,16.06,16.075,16.04,16.07,10821
2026-04-29T14:55:00+00:00,16.055,16.06,16.04,16.06,5022
2026-04-29T15:00:00+00:00,16.05,16.06,15.98,15.98,30407
2026-04-29T15:05:00+00:00,15.97,15.97,15.94,15.94,15714
2026-04-29T15:10:00+00:00,15.935,15.955,15.93,15.95,27828
2026-04-29T15:15:00+00:00,15.955,15.985,15.95,15.985,11219
2026-04-29T15:20:00+00:00,15.99,16.025,15.99,16.02,6241
2026-04-29T15:25:00+00:00,16.035,16.035,16.01,16.03,7676
2026-04-29T15:30:00+00:00,16.03,16.055,16.015,16.02,14218
2026-04-29T15:35:00+00:00,16.025,16.025,15.975,15.98,15327
2026-04-29T15:40:00+00:00,15.985,16.005,15.96,15.99,18402
2026-04-29T15:45:00+00:00,15.99,16.01,15.98,15.98,8908
2026-04-29T15:50:00+00:00,15.99,15.99,15.915,15.915,42876
2026-04-29T15:55:00+00:00,15.92,15.92,15.875,15.905,47521
2026-04-29T16:00:00+00:00,15.91,15.955,15.91,15.95,20598
2026-04-29T16:05:00+00:00,15.95,15.97,15.94,15.96,56698
2026-04-29T16:10:00+00:00,15.96,16.005,15.96,15.995,29498
2026-04-29T16:15:00+00:00,16.0,16.005,15.945,15.96,74765
2026-04-29T16:20:00+00:00,15.95,15.96,15.935,15.95,25118
2026-04-29T16:25:00+00:00,15.95,15.985,15.95,15.98,42208
2026-04-29T16:30:00+00:00,15.96,15.965,15.915,15.93,18156
2026-04-29T16:35:00+00:00,15.93,15.945,15.91,15.94,24963
2026-04-29T16:40:00+00:00,15.95,15.995,15.95,15.99,28985
2026-04-29T16:45:00+00:00,15.995,16.015,15.985,16.01,8197
2026-04-29T16:50:00+00:00,16.01,16.025,16.01,16.015,7755
2026-04-29T16:55:00+00:00,16.02,16.03,16.0,16.03,23689
2026-04-29T17:00:00+00:00,16.03,16.03,15.975,15.99,20969
2026-04-29T17:05:00+00:00,15.99,16.0,15.975,15.98,8394
2026-04-29T17:10:00+00:00,15.975,15.98,15.955,15.97,21852
2026-04-29T17:15:00+00:00,15.97,15.97,15.93,15.935,15286
2026-04-29T17:20:00+00:00,15.935,15.975,15.93,15.96,22160
2026-04-29T17:25:00+00:00,15.955,15.955,15.93,15.95,17016
2026-04-29T17:30:00+00:00,15.95,15.975,15.95,15.96,10736
2026-04-29T17:35:00+00:00,15.96,15.96,15.935,15.94,6716
2026-04-29T17:40:00+00:00,15.93,15.94,15.91,15.94,29825
2026-04-29T17:45:00+00:00,15.95,15.995,15.94,15.995,18968
2026-04-29T17:50:00+00:00,16.0,16.035,16.0,16.02,10499
2026-04-29T17:55:00+00:00,16.015,16.015,16.01,16.01,10160
2026-04-29T18:00:00+00:00,16.01,16.01,15.98,15.98,15169
2026-04-29T18:05:00+00:00,15.985,15.985,15.95,15.955,69089
2026-04-29T18:10:00+00:00,15.955,15.995,15.945,15.98,18432
2026-04-29T18:15:00+00:00,15.985,16.045,15.985,16.01,13775
2026-04-29T18:20:00+00:00,16.01,16.025,16.01,16.015,8837
2026-04-29T18:25:00+00:00,16.0,16.0,15.955,15.98,25718
2026-04-29T18:30:00+00:00,15.97,16.005,15.96,15.97,23042
2026-04-29T18:35:00+00:00,15.98,16.05,15.975,16.0,29581
2026-04-29T18:40:00+00:00,15.99,16.01,15.965,15.965,24771
2026-04-29T18:45:00+00:00,15.97,16.04,15.97,16.04,55216
2026-04-29T18:50:00+00:00,16.05,16.085,16.05,16.05,22506
2026-04-29T18:55:00+00:00,16.05,16.11,16.045,16.11,23600
2026-04-29T19:00:00+00:00,16.11,16.115,16.05,16.05,20594
2026-04-29T19:05:00+00:00,16.045,16.055,16.03,16.035,20589
2026-04-29T19:10:00+00:00,16.03,16.055,16.015,16.055,19352
2026-04-29T19:15:00+00:00,16.06,16.065,16.035,16.065,21894
2026-04-29T19:20:00+00:00,16.07,16.115,16.065,16.105,26200
2026-04-29T19:25:00+00:00,16.105,16.115,16.08,16.1,27024
2026-04-29T19:30:00+00:00,16.105,16.105,16.02,16.03,36349
2026-04-29T19:35:00+00:00,16.025,16.045,16.02,16.035,31918
2026-04-29T19:40:00+00:00,16.035,16.075,16.035,16.07,31854
2026-04-29T19:45:00+00:00,16.075,16.075,16.045,16.06,40127
2026-04-29T19:50:00+00:00,16.06,16.11,16.045,16.11,106782
2026-04-29T19:55:00+00:00,16.105,16.115,16.05,16.05,451460
2026-04-29T20:00:00+00:00,16.06,16.06,16.04,16.04,1534
2026-04-29T20:05:00+00:00,16.04,16.04,16.04,16.04,127
2026-04-29T20:10:00+00:00,16.01,16.01,16.01,16.01,301
2026-04-29T20:15:00+00:00,16.05,16.08,16.02,16.02,3467
2026-04-29T20:20:00+00:00,16.02,16.02,16.01,16.02,2047
2026-04-29T20:25:00+00:00,16.02,16.02,16.02,16.02,0
2026-04-29T20:30:00+00:00,16.02,16.02,16.02,16.02,0
2026-04-29T20:35:00+00:00,16.02,16.02,16.02,16.02,101
2026-04-29T20:40:00+00:00,16.02,16.07,16.02,16.07,795
2026-04-29T20:45:00+00:00,16.07,16.07,16.07,16.07,0
2026-04-29T20:50:00+00:00,16.07,16.07,16.07,16.07,175
2026-04-29T20:55:00+00:00,16.07,16.07,16.07,16.07,0
2026-04-29T21:00:00+00:00,16.07,16.07,16.03,16.03,235
2026-04-29T21:05:00+00:00,16.03,16.03,16.03,16.03,435
2026-04-29T21:10:00+00:00,16.03,16.03,16.03,16.03,4
2026-04-29T21:15:00+00:00,16.03,16.03,16.03,16.03,0
2026-04-29T21:20:00+00:00,16.03,16.03,16.03,16.03,0
2026-04-29T21:25:00+00:00,16.03,16.04,16.03,16.04,308
2026-04-29T21:30:00+00:00,16.04,16.04,16.04,16.04,0
2026-04-29T21:35:00+00:00,16.04,16.04,16.04,16.04,0
2026-04-29T21:40:00+00:00,16.04,16.04,16.04,16.04,10
2026-04-29T21:45:00+00:00,16.04,16.04,16.04,16.04,3
2026-04-29T21:50:00+00:00,16.04,16.04,16.04,16.04,1
2026-04-29T21:55:00+00:00,16.1,16.1,16.1,16.1,600
2026-04-29T22:00:00+00:00,16.1,16.1,16.1,16.1,620
2026-04-29T22:05:00+00:00,16.1,16.1,16.09,16.09,886
2026-04-29T22:10:00+00:00,16.09,16.09,16.09,16.09,10
2026-04-29T22:15:00+00:00,16.1,16.1,16.1,16.1,110
2026-04-29T22:20:00+00:00,16.12,16.14,16.12,16.14,1650
2026-04-29T22:25:00+00:00,16.09,16.13,16.09,16.13,286
2026-04-29T22:30:00+00:00,16.13,16.13,16.13,16.13,479
2026-04-29T22:35:00+00:00,16.13,16.13,16.13,16.13,0
2026-04-29T22:40:00+00:00,16.13,16.13,16.13,16.13,7
2026-04-29T22:45:00+00:00,16.13,16.13,16.13,16.13,22
2026-04-29T22:50:00+00:00,16.13,16.13,16.13,16.13,83
2026-04-29T22:55:00+00:00,16.13,16.13,16.13,16.13,21
2026-04-29T23:00:00+00:00,16.13,16.13,16.13,16.13,4
2026-04-29T23:05:00+00:00,16.1,16.1,16.1,16.1,240
2026-04-29T23:10:00+00:00,16.09,16.09,16.09,16.09,244
2026-04-29T23:15:00+00:00,16.09,16.09,16.09,16.09,0
2026-04-29T23:20:00+00:00,16.09,16.09,16.08,16.08,800
2026-04-29T23:25:00+00:00,16.08,16.08,16.08,16.08,0
2026-04-29T23:30:00+00:00,16.08,16.08,16.08,16.08,0
2026-04-29T23:35:00+00:00,16.1,16.1,16.1,16.1,1005
2026-04-29T23:40:00+00:00,16.1,16.1,16.1,16.1,0
2026-04-29T23:45:00+00:00,16.1,16.1,16.1,16.1,95
2026-04-29T23:50:00+00:00,16.1,16.1,16.1,16.1,46
2026-04-29T23:55:00+00:00,16.1,16.1,16.1,16.1,0
2026-04-30T08:00:00+00:00,16.1,16.1,16.1,16.1,0
2026-04-30T08:05:00+00:00,16.09,16.09,16.08,16.08,689
2026-04-30T08:10:00+00:00,16.08,16.08,16.08,16.08,0
2026-04-30T08:15:00+00:00,16.08,16.08,16.08,16.08,0
2026-04-30T08:20:00+00:00,16.08,16.1,16.08,16.1,1215
2026-04-30T08:25:00+00:00,16.1,16.1,16.1,16.1,170
2026-04-30T08:30:00+00:00,16.1,16.1,16.09,16.1,3383
2026-04-30T08:35:00+00:00,16.1,16.1,16.1,16.1,0
2026-04-30T08:40:00+00:00,16.1,16.1,16.1,16.1,0
2026-04-30T08:45:00+00:00,16.1,16.1,16.1,16.1,5
2026-04-30T08:50:00+00:00,16.1,16.1,16.1,16.1,190
2026-04-30T08:55:00+00:00,16.1,16.1,16.1,16.1,0
2026-04-30T09:00:00+00:00,16.09,16.1,16.09,16.1,500
2026-04-30T09:05:00+00:00,16.11,16.11,16.11,16.11,105
2026-04-30T09:10:00+00:00,16.11,16.11,16.11,16.11,0
2026-04-30T09:15:00+00:00,16.11,16.11,16.11,16.11,0
2026-04-30T09:20:00+00:00,16.09,16.09,16.08,16.08,614
2026-04-30T09:25:00+00:00,16.09,16.09,16.09,16.09,140
2026-04-30T09:30:00+00:00,16.11,16.12,16.11,16.12,840
2026-04-30T09:35:00+00:00,16.12,16.12,16.12,16.12,0
2026-04-30T09:40:00+00:00,16.12,16.12,16.12,16.12,0
2026-04-30T09:45:00+00:00,16.12,16.12,16.12,16.12,0
2026-04-30T09:50:00+00:00,16.12,16.12,16.12,16.12,19
2026-04-30T09:55:00+00:00,16.12,16.12,16.12,16.12,0
2026-04-30T10:00:00+00:00,16.12,16.12,16.12,16.12,0
2026-04-30T10:05:00+00:00,16.16,16.16,16.16,16.16,420
2026-04-30T10:10:00+00:00,16.14,16.14,16.14,16.14,151
2026-04-30T10:15:00+00:00,16.14,16.14,16.14,16.14,0
2026-04-30T10:20:00+00:00,16.14,16.14,16.14,16.14,0
2026-04-30T10:25:00+00:00,16.14,16.14,16.14,16.14,52
2026-04-30T10:30:00+00:00,16.18,16.18,16.18,16.18,160
2026-04-30T10:35:00+00:00,16.18,16.18,16.18,16.18,30
2026-04-30T10:40:00+00:00,16.18,16.18,16.18,16.18,153
2026-04-30T10:45:00+00:00,16.18,16.18,16.18,16.18,1
2026-04-30T10:50:00+00:00,16.18,16.18,16.18,16.18,13
2026-04-30T10:55:00+00:00,16.18,16.18,16.18,16.18,8
2026-04-30T11:00:00+00:00,16.15,16.15,16.15,16.15,313
2026-04-30T11:05:00+00:00,16.18,16.18,16.18,16.18,279
2026-04-30T11:10:00+00:00,16.18,16.18,16.18,16.18,0
2026-04-30T11:15:00+00:00,16.2,16.2,16.2,16.2,256
2026-04-30T11:20:00+00:00,16.2,16.2,16.2,16.2,0
2026-04-30T11:25:00+00:00,16.23,16.23,16.23,16.23,823
2026-04-30T11:30:00+00:00,16.23,16.23,16.23,16.23,1
2026-04-30T11:35:00+00:00,16.22,16.22,16.22,16.22,275
2026-04-30T11:40:00+00:00,16.22,16.23,16.2,16.2,2228
2026-04-30T11:45:00+00:00,16.2,16.2,16.2,16.2,0
2026-04-30T11:50:00+00:00,16.21,16.21,16.21,16.21,350
2026-04-30T11:55:00+00:00,16.2,16.2,16.19,16.2,1120
2026-04-30T12:00:00+00:00,16.2,16.2,16.19,16.2,1889
2026-04-30T12:05:00+00:00,16.21,16.21,16.21,16.21,2000
2026-04-30T12:10:00+00:00,16.22,16.22,16.22,16.22,201
2026-04-30T12:15:00+00:00,16.22,16.26,16.22,16.26,539
2026-04-30T12:20:00+00:00,16.27,16.27,16.26,16.26,200
2026-04-30T12:25:00+00:00,16.28,16.299,16.28,16.299,2841
2026-04-30T12:30:00+00:00,16.28,16.28,16.28,16.28,761
2026-04-30T12:35:00+00:00,16.27,16.27,16.27,16.27,20408
2026-04-30T12:40:00+00:00,16.27,16.27,16.27,16.27,0
2026-04-30T12:45:00+00:00,16.27,16.27,16.27,16.27,5
2026-04-30T12:50:00+00:00,16.27,16.28,16.27,16.28,1774
2026-04-30T12:55:00+00:00,16.27,16.28,16.27,16.27,4875
2026-04-30T13:00:00+00:00,16.29,16.29,16.29,16.29,776
2026-04-30T13:05:00+00:00,16.27,16.27,16.26,16.26,1851
2026-04-30T13:10:00+00:00,16.26,16.26,16.26,16.26,2813
2026-04-30T13:15:00+00:00,16.25,16.25,16.25,16.25,1233
2026-04-30T13:20:00+00:00,16.25,16.26,16.25,16.26,463
2026-04-30T13:25:00+00:00,16.25,16.26,16.25,16.26,1044
2026-04-30T13:30:00+00:00,16.22,16.29,16.04,16.04,320080
2026-04-30T13:35:00+00:00,16.04,16.055,15.975,16.035,123607
2026-04-30T13:40:00+00:00,16.035,16.06,15.975,16.04,119101
2026-04-30T13:45:00+00:00,16.035,16.065,15.95,15.95,83561
2026-04-30T13:50:00+00:00,15.95,15.96,15.88,15.91,85117
2026-04-30T13:55:00+00:00,15.9,15.955,15.885,15.9,58463
2026-04-30T14:00:00+00:00,15.9,16.075,15.9,16.06,91437
2026-04-30T14:05:00+00:00,16.08,16.12,15.94,15.97,130260
2026-04-30T14:10:00+00:00,15.97,16.03,15.93,16.025,137262
2026-04-30T14:15:00+00:00,16.035,16.045,15.995,16.04,189588
2026-04-30T14:20:00+00:00,16.045,16.08,16.035,16.06,55692
2026-04-30T14:25:00+00:00,16.06,16.17,16.045,16.165,49050
2026-04-30T14:30:00+00:00,16.165,16.26,16.145,16.19,77944
2026-04-30T14:35:00+00:00,16.185,16.235,16.155,16.17,64671
2026-04-30T14:40:00+00:00,16.18,16.245,16.18,16.22,40958
2026-04-30T14:45:00+00:00,16.22,16.265,16.22,16.26,57270
2026-04-30T14:50:00+00:00,16.26,16.285,16.25,16.27,29085
2026-04-30T14:55:00+00:00,16.26,16.315,16.245,16.31,36325
2026-04-30T15:00:00+00:00,16.32,16.345,16.26,16.28,74584
2026-04-30T15:05:00+00:00,16.28,16.31,16.24,16.31,61249
2026-04-30T15:10:00+00:00,16.315,16.37,16.31,16.37,52267
2026-04-30T15:15:00+00:00,16.38,16.405,16.35,16.38,61152
2026-04-30T15:20:00+00:00,16.385,16.395,16.345,16.37,50095
2026-04-30T15:25:00+00:00,16.375,16.395,16.355,16.39,39078
2026-04-30T15:30:00+00:00,16.39,16.39,16.33,16.33,46467
2026-04-30T15:35:00+00:00,16.32,16.32,16.27,16.27,32165
2026-04-30T15:40:00+00:00,16.26,16.285,16.25,16.28,36749
2026-04-30T15:45:00+00:00,16.27,16.275,16.25,16.275,26103
2026-04-30T15:50:00+00:00,16.28,16.335,16.28,16.315,47707
2026-04-30T15:55:00+00:00,16.32,16.325,16.3,16.315,20293
2026-04-30T16:00:00+00:00,16.32,16.33,16.295,16.33,27922
2026-04-30T16:05:00+00:00,16.34,16.345,16.31,16.32,26523
2026-04-30T16:10:00+00:00,16.32,16.35,16.315,16.35,30821
2026-04-30T16:15:00+00:00,16.36,16.395,16.35,16.365,35573
2026-04-30T16:20:00+00:00,16.37,16.395,16.36,16.38,28467
2026-04-30T16:25:00+00:00,16.38,16.38,16.345,16.35,33467
2026-04-30T16:30:00+00:00,16.355,16.36,16.335,16.35,30428
2026-04-30T16:35:00+00:00,16.355,16.37,16.35,16.37,21951
2026-04-30T16:40:00+00:00,16.375,16.385,16.36,16.36,18307
2026-04-30T16:45:00+00:00,16.36,16.39,16.35,16.39,30621
2026-04-30T16:50:00+00:00,16.395,16.495,16.375,16.49,146362
2026-04-30T16:55:00+00:00,16.485,16.5,16.475,16.485,38865
2026-04-30T17:00:00+00:00,16.485,16.505,16.48,16.48,48971
2026-04-30T17:05:00+00:00,16.49,16.495,16.43,16.46,47012
2026-04-30T17:10:00+00:00,16.465,16.49,16.46,16.48,28137
2026-04-30T17:15:00+00:00,16.475,16.475,16.45,16.45,23665
2026-04-30T17:20:00+00:00,16.445,16.46,16.435,16.46,17281
2026-04-30T17:25:00+00:00,16.465,16.465,16.41,16.435,43287
2026-04-30T17:30:00+00:00,16.44,16.49,16.44,16.49,38654
2026-04-30T17:35:00+00:00,16.49,16.495,16.445,16.465,37078
2026-04-30T17:40:00+00:00,16.465,16.495,16.455,16.475,35505
2026-04-30T17:45:00+00:00,16.475,16.485,16.475,16.475,32529
2026-04-30T17:50:00+00:00,16.475,16.485,16.465,16.48,29732
2026-04-30T17:55:00+00:00,16.47,16.555,16.465,16.545,67602
2026-04-30T18:00:00+00:00,16.545,16.61,16.54,16.585,78727
2026-04-30T18:05:00+00:00,16.585,16.595,16.575,16.58,52017
2026-04-30T18:10:00+00:00,16.575,16.59,16.565,16.58,42511
2026-04-30T18:15:00+00:00,16.585,16.595,16.575,16.585,59367
2026-04-30T18:20:00+00:00,16.585,16.615,16.58,16.59,75644
2026-04-30T18:25:00+00:00,16.595,16.655,16.58,16.65,58637
2026-04-30T18:30:00+00:00,16.65,16.66,16.62,16.655,63576
2026-04-30T18:35:00+00:00,16.66,16.685,16.645,16.66,45632
2026-04-30T18:40:00+00:00,16.66,16.66,16.615,16.635,35185
2026-04-30T18:45:00+00:00,16.635,16.645,16.615,16.615,32047
2026-04-30T18:50:00+00:00,16.62,16.625,16.595,16.595,80628
2026-04-30T18:55:00+00:00,16.59,16.63,16.575,16.615,58146
2026-04-30T19:00:00+00:00,16.615,16.645,16.605,16.64,44830
2026-04-30T19:05:00+00:00,16.635,16.645,16.61,16.61,49947
2026-04-30T19:10:00+00:00,16.61,16.635,16.605,16.635,70050
2026-04-30T19:15:00+00:00,16.635,16.645,16.6,16.64,85287
2026-04-30T19:20:00+00:00,16.635,16.635,16.59,16.605,102555
2026-04-30T19:25:00+00:00,16.605,16.635,16.59,16.61,147189
2026-04-30T19:30:00+00:00,16.615,16.635,16.545,16.575,178777
2026-04-30T19:35:00+00:00,16.57,16.57,16.515,16.55,101778
2026-04-30T19:40:00+00:00,16.545,16.56,16.515,16.52,94478
2026-04-30T19:45:00+00:00,16.525,16.575,16.525,16.56,86849
2026-04-30T19:50:00+00:00,16.565,16.565,16.485,16.505,269856
2026-04-30T19:55:00+00:00,16.51,16.55,16.38,16.38,853749
2026-04-30T20:00:00+00:00,16.4,16.49,16.05,16.4,30343
2026-04-30T20:05:00+00:00,16.4,16.99,16.4,16.55,104288
2026-04-30T20:10:00+00:00,16.58,16.58,15.94,16.48,114369
2026-04-30T20:15:00+00:00,16.55,16.79,16.49,16.6,36018
2026-04-30T20:20:00+00:00,16.6,16.7,16.55,16.63,7973
2026-04-30T20:25:00+00:00,16.61,16.8,16.4,16.45,63648
2026-04-30T20:30:00+00:00,16.5,16.55,16.45,16.53,6268
2026-04-30T20:35:00+00:00,16.49,16.53,16.4,16.44,8557
2026-04-30T20:40:00+00:00,16.43,16.46,16.43,16.46,1672
2026-04-30T20:45:00+00:00,16.43,16.51,16.43,16.49,33366
2026-04-30T20:50:00+00:00,16.48,16.48,16.43,16.44,6013
2026-04-30T20:55:00+00:00,16.43,16.43,15.89,15.97,81182
2026-04-30T21:00:00+00:00,15.98,16.16,15.94,16.15,14639
2026-04-30T21:05:00+00:00,16.15,16.27,16.15,16.23,14990
2026-04-30T21:10:00+00:00,16.18,16.18,16.0,16.0,5028
2026-04-30T21:15:00+00:00,16.03,16.12,15.97,16.12,13024
2026-04-30T21:20:00+00:00,16.14,16.14,15.85,15.92,40724
2026-04-30T21:25:00+00:00,15.95,16.0,15.89,15.95,10614
2026-04-30T21:30:00+00:00,15.9,15.95,15.83,15.91,27054
2026-04-30T21:35:00+00:00,15.88,15.93,15.88,15.92,20104
2026-04-30T21:40:00+00:00,15.95,15.95,15.92,15.92,5397
2026-04-30T21:45:00+00:00,15.92,15.92,15.8,15.83,37949
2026-04-30T21:50:00+00:00,15.81,15.81,15.6,15.61,35240
2026-04-30T21:55:00+00:00,15.61,15.68,15.44,15.68,62253
2026-04-30T22:00:00+00:00,15.7,15.9,15.65,15.81,21643
2026-04-30T22:05:00+00:00,15.82,15.83,15.68,15.68,89111
2026-04-30T22:10:00+00:00,15.65,15.7,15.64,15.67,11279
2026-04-30T22:15:00+00:00,15.68,15.75,15.68,15.74,1659
2026-04-30T22:20:00+00:00,15.74,15.75,15.72,15.73,7138
2026-04-30T22:25:00+00:00,15.74,15.74,15.55,15.55,31782
2026-04-30T22:30:00+00:00,15.58,15.6,15.55,15.55,7001
2026-04-30T22:35:00+00:00,15.55,15.6,15.53,15.59,12173
2026-04-30T22:40:00+00:00,15.59,15.6,15.57,15.58,6374
2026-04-30T22:45:00+00:00,15.59,15.59,15.59,15.59,247
2026-04-30T22:50:00+00:00,15.6,15.6,15.6,15.6,6921
2026-04-30T22:55:00+00:00,15.59,15.6,15.59,15.6,3773
2026-04-30T23:00:00+00:00,15.6,15.6,15.6,15.6,4062
2026-04-30T23:05:00+00:00,15.6,15.6,15.6,15.6,5638
2026-04-30T23:10:00+00:00,15.59,15.6,15.59,15.59,11343
2026-04-30T23:15:00+00:00,15.58,15.58,15.54,15.57,9019
2026-04-30T23:20:00+00:00,15.57,15.6,15.57,15.6,2519
2026-04-30T23:25:00+00:00,15.6,15.6,15.6,15.6,2596
2026-04-30T23:30:00+00:00,15.6,15.6,15.6,15.6,1841
2026-04-30T23:35:00+00:00,15.6,15.7,15.6,15.65,5872
2026-04-30T23:40:00+00:00,15.65,15.67,15.65,15.67,610
2026-04-30T23:45:00+00:00,15.67,15.67,15.66,15.66,427
2026-04-30T23:50:00+00:00,15.66,15.66,15.64,15.64,743
2026-04-30T23:55:00+00:00,15.63,15.63,15.57,15.57,4421
2026-05-01T08:00:00+00:00,15.72,15.77,15.68,15.71,13762
2026-05-01T08:05:00+00:00,15.76,15.76,15.69,15.7,70
2026-05-01T08:10:00+00:00,15.706,15.741,15.7,15.72,820
2026-05-01T08:15:00+00:00,15.7,15.741,15.7,15.74,680
2026-05-01T08:20:00+00:00,15.74,15.74,15.73,15.73,272
2026-05-01T08:25:00+00:00,15.74,15.74,15.71,15.74,412
2026-05-01T08:30:00+00:00,15.74,15.74,15.74,15.74,0
2026-05-01T08:35:00+00:00,15.719,15.73,15.719,15.73,128
2026-05-01T08:40:00+00:00,15.73,15.73,15.68,15.711,765
2026-05-01T08:45:00+00:00,15.73,15.73,15.68,15.68,615
2026-05-01T08:50:00+00:00,15.72,15.72,15.72,15.72,19
2026-05-01T08:55:00+00:00,15.7,15.7,15.7,15.7,100
2026-05-01T09:00:00+00:00,15.7,15.7,15.7,15.7,0
2026-05-01T09:05:00+00:00,15.72,15.72,15.72,15.72,29
2026-05-01T09:10:00+00:00,15.721,15.721,15.721,15.721,1
2026-05-01T09:15:00+00:00,15.76,15.76,15.757,15.757,25
2026-05-01T09:20:00+00:00,15.757,15.757,15.7,15.71,91
2026-05-01T09:25:00+00:00,15.71,15.71,15.71,15.71,0
2026-05-01T09:30:00+00:00,15.76,15.76,15.75,15.75,305
2026-05-01T09:35:00+00:00,15.74,15.75,15.74,15.74,123
2026-05-01T09:40:00+00:00,15.75,15.75,15.74,15.75,1300
2026-05-01T09:45:00+00:00,15.75,15.76,15.75,15.75,1725
2026-05-01T09:50:00+00:00,15.75,15.75,15.71,15.71,4
2026-05-01T09:55:00+00:00,15.75,15.75,15.7,15.71,3219
2026-05-01T10:00:00+00:00,15.73,15.73,15.73,15.73,1
2026-05-01T10:05:00+00:00,15.73,15.73,15.7,15.7,986
2026-05-01T10:10:00+00:00,15.7,15.7,15.7,15.7,12
2026-05-01T10:15:00+00:00,15.69,15.71,15.68,15.68,4343
2026-05-01T10:20:00+00:00,15.68,15.69,15.6,15.6,2537
2026-05-01T10:25:00+00:00,15.688,15.7,15.6,15.7,4377
2026-05-01T10:30:00+00:00,15.57,15.62,15.57,15.618,5295
2026-05-01T10:35:00+00:00,15.607,15.607,15.56,15.59,939
2026-05-01T10:40:00+00:00,15.61,15.61,15.61,15.61,22
2026-05-01T10:45:00+00:00,15.62,15.65,15.62,15.65,494
2026-05-01T10:50:00+00:00,15.647,15.68,15.6,15.68,972
2026-05-01T10:55:00+00:00,15.68,15.68,15.67,15.67,55
2026-05-01T11:00:00+00:00,15.65,15.69,15.605,15.69,12988
2026-05-01T11:05:00+00:00,15.65,15.65,15.54,15.601,6395
2026-05-01T11:10:00+00:00,15.587,15.62,15.57,15.58,19353
2026-05-01T11:15:00+00:00,15.58,15.63,15.55,15.63,10208
2026-05-01T11:20:00+00:00,15.65,15.65,15.62,15.635,2706
2026-05-01T11:25:00+00:00,15.65,15.69,15.624,15.66,1989
2026-05-01T11:30:00+00:00,15.66,15.69,15.62,15.68,6472
2026-05-01T11:35:00+00:00,15.69,15.83,15.67,15.811,45198
2026-05-01T11:40:00+00:00,15.78,15.99,15.77,15.97,50766
2026-05-01T11:45:00+00:00,15.967,16.1,15.967,16.071,81711
2026-05-01T11:50:00+00:00,16.08,16.15,15.95,16.1,27284
2026-05-01T11:55:00+00:00,16.02,16.055,15.89,15.9,14961
2026-05-01T12:00:00+00:00,15.95,16.09,15.922,16.031,16680
2026-05-01T12:05:00+00:00,16.03,16.05,15.96,15.98,10154
2026-05-01T12:10:00+00:00,15.97,16.001,15.96,15.99,6275
2026-05-01T12:15:00+00:00,15.99,15.99,15.89,15.98,27917
2026-05-01T12:20:00+00:00,15.99,16.01,15.945,16.008,5329
2026-05-01T12:25:00+00:00,15.99,16.09,15.971,16.035,25597
2026-05-01T12:30:00+00:00,16.05,16.06,15.98,16.0,9098
2026-05-01T12:35:00+00:00,16.0,16.02,15.92,15.951,62228
2026-05-01T12:40:00+00:00,15.95,16.0,15.87,15.981,15286
2026-05-01T12:45:00+00:00,15.99,15.99,15.921,15.95,2746
2026-05-01T12:50:00+00:00,15.937,15.98,15.81,15.81,15457
2026-05-01T12:55:00+00:00,15.89,15.938,15.81,15.859,7462
2026-05-01T13:00:00+00:00,15.865,15.94,15.83,15.869,10918
2026-05-01T13:05:00+00:00,15.86,15.94,15.857,15.92,20890
2026-05-01T13:10:00+00:00,15.919,15.94,15.9,15.91,15575
2026-05-01T13:15:00+00:00,15.909,15.92,15.83,15.88,15826
2026-05-01T13:20:00+00:00,15.896,15.9,15.86,15.88,2829
2026-05-01T13:25:00+00:00,15.87,15.88,15.55,15.58,75856
2026-05-01T13:30:00+00:00,15.575,16.02,15.46,15.97,1400587
2026-05-01T13:35:00+00:00,15.977,16.02,15.61,15.685,775983
2026-05-01T13:40:00+00:00,15.685,15.71,15.41,15.51,1129303
2026-05-01T13:45:00+00:00,15.49,15.555,15.27,15.54,1056811
2026-05-01T13:50:00+00:00,15.54,15.55,15.305,15.37,664461
2026-05-01T13:55:00+00:00,15.365,15.46,15.335,15.335,503551
2026-05-01T14:00:00+00:00,15.335,15.4,15.26,15.375,646019
2026-05-01T14:05:00+00:00,15.375,15.48,15.345,15.42,503014
2026-05-01T14:10:00+00:00,15.415,15.545,15.39,15.505,1246807
2026-05-01T14:15:00+00:00,15.5,15.607,15.47,15.58,449492
2026-05-01T14:20:00+00:00,15.585,15.6,15.49,15.49,371547
2026-05-01T14:25:00+00:00,15.5,15.77,15.46,15.71,696079
2026-05-01T14:30:00+00:00,15.71,15.74,15.605,15.62,566572
2026-05-01T14:35:00+00:00,15.62,15.73,15.605,15.705,351576
2026-05-01T14:40:00+00:00,15.705,15.73,15.605,15.62,255166
2026-05-01T14:45:00+00:00,15.615,15.69,15.6,15.68,214109
2026-05-01T14:50:00+00:00,15.675,15.75,15.61,15.73,212610
2026-05-01T14:55:00+00:00,15.726,15.84,15.72,15.79,362163
2026-05-01T15:00:00+00:00,15.795,15.795,15.625,15.655,276836
2026-05-01T15:05:00+00:00,15.655,15.69,15.545,15.564,345694
2026-05-01T15:10:00+00:00,15.56,15.59,15.5,15.53,476021
2026-05-01T15:15:00+00:00,15.535,15.57,15.45,15.465,496595
2026-05-01T15:20:00+00:00,15.465,15.505,15.45,15.455,222708
2026-05-01T15:25:00+00:00,15.46,15.47,15.415,15.415,346339
2026-05-01T15:30:00+00:00,15.41,15.45,15.36,15.405,637481
2026-05-01T15:35:00+00:00,15.4,15.5,15.38,15.455,351168
2026-05-01T15:40:00+00:00,15.455,15.5,15.43,15.455,282590
2026-05-01T15:45:00+00:00,15.455,15.51,15.45,15.51,268916
2026-05-01T15:50:00+00:00,15.505,15.505,15.31,15.325,414871
2026-05-01T15:55:00+00:00,15.328,15.345,15.31,15.315,267704
2026-05-01T16:00:00+00:00,15.32,15.38,15.31,15.336,339889
2026-05-01T16:05:00+00:00,15.335,15.38,15.33,15.345,223618
2026-05-01T16:10:00+00:00,15.35,15.35,15.29,15.325,420429
2026-05-01T16:15:00+00:00,15.33,15.34,15.28,15.33,372237
2026-05-01T16:20:00+00:00,15.325,15.34,15.29,15.295,261959
2026-05-01T16:25:00+00:00,15.29,15.31,15.26,15.295,326010
2026-05-01T16:30:00+00:00,15.299,15.3,15.23,15.245,289384
2026-05-01T16:35:00+00:00,15.245,15.25,15.14,15.19,734086
2026-05-01T16:40:00+00:00,15.185,15.225,15.17,15.2,291021
2026-05-01T16:45:00+00:00,15.2,15.2,15.14,15.176,625639
2026-05-01T16:50:00+00:00,15.175,15.26,15.16,15.25,298306
2026-05-01T16:55:00+00:00,15.25,15.29,15.24,15.275,205471
2026-05-01T17:00:00+00:00,15.275,15.28,15.24,15.26,189353
2026-05-01T17:05:00+00:00,15.26,15.285,15.25,15.275,140530
2026-05-01T17:10:00+00:00,15.275,15.3,15.25,15.29,166823
2026-05-01T17:15:00+00:00,15.28,15.31,15.26,15.295,247614
2026-05-01T17:20:00+00:00,15.29,15.31,15.27,15.295,206662
2026-05-01T17:25:00+00:00,15.295,15.345,15.295,15.345,203300
2026-05-01T17:30:00+00:00,15.345,15.365,15.32,15.32,222191
2026-05-01T17:35:00+00:00,15.32,15.34,15.3,15.3,223435
2026-05-01T17:40:00+00:00,15.305,15.305,15.255,15.265,154764
2026-05-01T17:45:00+00:00,15.261,15.29,15.25,15.275,146356
2026-05-01T17:50:00+00:00,15.274,15.28,15.24,15.245,193155
2026-05-01T17:55:00+00:00,15.245,15.26,15.18,15.185,245759
2026-05-01T18:00:00+00:00,15.185,15.2,15.125,15.135,430546
2026-05-01T18:05:00+00:00,15.14,15.14,15.08,15.11,491257
2026-05-01T18:10:00+00:00,15.12,15.12,15.035,15.04,572547
2026-05-01T18:15:00+00:00,15.041,15.08,15.025,15.025,529681
2026-05-01T18:20:00+00:00,15.025,15.1,15.01,15.075,385147
2026-05-01T18:25:00+00:00,15.075,15.09,15.06,15.08,191969
2026-05-01T18:30:00+00:00,15.085,15.09,15.06,15.075,222499
2026-05-01T18:35:00+00:00,15.075,15.13,15.06,15.13,225773
2026-05-01T18:40:00+00:00,15.129,15.225,15.115,15.225,361048
2026-05-01T18:45:00+00:00,15.225,15.23,15.135,15.155,339145
2026-05-01T18:50:00+00:00,15.155,15.165,15.12,15.145,233055
2026-05-01T18:55:00+00:00,15.14,15.23,15.135,15.215,310506
2026-05-01T19:00:00+00:00,15.21,15.265,15.2,15.215,361936
2026-05-01T19:05:00+00:00,15.21,15.23,15.19,15.23,246201
2026-05-01T19:10:00+00:00,15.225,15.23,15.17,15.19,223251
2026-05-01T19:15:00+00:00,15.19,15.205,15.15,15.17,284932
2026-05-01T19:20:00+00:00,15.17,15.25,15.16,15.235,308810
2026-05-01T19:25:00+00:00,15.235,15.26,15.2,15.245,350668
2026-05-01T19:30:00+00:00,15.24,15.255,15.165,15.165,436083
2026-05-01T19:35:00+00:00,15.16,15.17,15.105,15.11,329972
2026-05-01T19:40:00+00:00,15.115,15.19,15.095,15.18,392409
2026-05-01T19:45:00+00:00,15.175,15.195,15.12,15.125,390692
2026-05-01T19:50:00+00:00,15.12,15.2,15.1,15.165,858950
2026-05-01T19:55:00+00:00,15.165,15.165,15.01,15.02,2922082
2026-05-01T20:00:00+00:00,15.02,15.15,15.02,15.08,191594
2026-05-01T20:05:00+00:00,15.07,15.1,15.06,15.06,738818
2026-05-01T20:10:00+00:00,15.07,15.1,15.02,15.085,11772
2026-05-01T20:15:00+00:00,15.02,15.1,15.02,15.09,11764
2026-05-01T20:20:00+00:00,15.09,15.11,15.08,15.1,34590
2026-05-01T20:25:00+00:00,15.1,15.12,15.09,15.105,8252
2026-05-01T20:30:00+00:00,15.11,15.12,15.1,15.12,6224
2026-05-01T20:35:00+00:00,15.11,15.12,15.09,15.1,5130
2026-05-01T20:40:00+00:00,15.09,15.1,15.07,15.1,37293
2026-05-01T20:45:00+00:00,15.1,15.1,15.06,15.09,239931
2026-05-01T20:50:00+00:00,15.09,15.1,15.075,15.08,3458
2026-05-01T20:55:00+00:00,15.1,15.1,15.07,15.1,4688
2026-05-01T21:00:00+00:00,15.12,15.13,15.08,15.12,2558
2026-05-01T21:05:00+00:00,15.12,15.13,15.1,15.12,12554
2026-05-01T21:10:00+00:00,15.1,15.12,15.1,15.11,13389
2026-05-01T21:15:00+00:00,15.13,15.13,15.11,15.12,4604
2026-05-01T21:20:00+00:00,15.13,15.13,15.11,15.12,7828
2026-05-01T21:25:00+00:00,15.12,15.13,15.11,15.12,3801
2026-05-01T21:30:00+00:00,15.119,15.13,15.11,15.13,11762
2026-05-01T21:35:00+00:00,15.127,15.127,15.1,15.1,4550
2026-05-01T21:40:00+00:00,15.12,15.12,15.1,15.11,1903
2026-05-01T21:45:00+00:00,15.105,15.13,15.1,15.11,13407
2026-05-01T21:50:00+00:00,15.1,15.12,15.1,15.12,9030
2026-05-01T21:55:00+00:00,15.117,15.12,15.1,15.119,8299
2026-05-01T22:00:00+00:00,15.119,15.13,15.11,15.13,12069
2026-05-01T22:05:00+00:00,15.12,15.13,15.12,15.13,6469
2026-05-01T22:10:00+00:00,15.129,15.13,15.12,15.13,2772
2026-05-01T22:15:00+00:00,15.13,15.13,15.12,15.12,2579
2026-05-01T22:20:00+00:00,15.12,15.13,15.12,15.13,7973
2026-05-01T22:25:00+00:00,15.13,15.13,15.11,15.13,2921
2026-05-01T22:30:00+00:00,15.11,15.13,15.11,15.12,1975
2026-05-01T22:35:00+00:00,15.119,15.12,15.11,15.12,2987
2026-05-01T22:40:00+00:00,15.12,15.13,15.1,15.11,3447
2026-05-01T22:45:00+00:00,15.113,15.15,15.11,15.129,13649
2026-05-01T22:50:00+00:00,15.13,15.15,15.11,15.13,1363
2026-05-01T22:55:00+00:00,15.13,15.15,15.11,15.12,4595
2026-05-01T23:00:00+00:00,15.129,15.14,15.12,15.14,6056
2026-05-01T23:05:00+00:00,15.14,15.14,15.13,15.14,2435
2026-05-01T23:10:00+00:00,15.13,15.14,15.13,15.13,6345
2026-05-01T23:15:00+00:00,15.13,15.14,15.12,15.14,6077
2026-05-01T23:20:00+00:00,15.131,15.15,15.13,15.15,3373
2026-05-01T23:25:00+00:00,15.14,15.15,15.13,15.15,7296
2026-05-01T23:30:00+00:00,15.15,15.15,15.13,15.15,3902
2026-05-01T23:35:00+00:00,15.15,15.15,15.13,15.13,10151
2026-05-01T23:40:00+00:00,15.14,15.15,15.1,15.13,3740
2026-05-01T23:45:00+00:00,15.129,15.13,15.11,15.13,707
2026-05-01T23:50:00+00:00,15.13,15.13,15.1,15.12,5235
2026-05-01T23:55:00+00:00,15.12,15.12,15.09,15.1,13649
2026-05-04T08:00:00+00:00,15.15,15.19,15.12,15.156,10897
2026-05-04T08:05:00+00:00,15.13,15.17,15.12,15.15,1061
2026-05-04T08:10:00+00:00,15.15,15.16,15.11,15.11,1329
2026-05-04T08:15:00+00:00,15.11,15.13,15.11,15.11,447
2026-05-04T08:20:00+00:00,15.14,15.14,15.1,15.11,873
2026-05-04T08:25:00+00:00,15.152,15.152,15.11,15.11,216
2026-05-04T08:30:00+00:00,15.12,15.12,15.12,15.12,1
2026-05-04T08:35:00+00:00,15.14,15.14,15.12,15.12,620
2026-05-04T08:40:00+00:00,15.13,15.13,15.13,15.13,50
2026-05-04T08:45:00+00:00,15.14,15.14,15.12,15.12,106
2026-05-04T08:50:00+00:00,15.12,15.12,15.12,15.12,0
2026-05-04T08:55:00+00:00,15.12,15.15,15.12,15.12,310
2026-05-04T09:00:00+00:00,15.12,15.12,15.12,15.12,0
2026-05-04T09:05:00+00:00,15.12,15.12,15.12,15.12,0
2026-05-04T09:10:00+00:00,15.159,15.159,15.158,15.158,451
2026-05-04T09:15:00+00:00,15.153,15.153,15.14,15.14,81
2026-05-04T09:20:00+00:00,15.139,15.139,15.139,15.139,113
2026-05-04T09:25:00+00:00,15.136,15.14,15.12,15.14,236
2026-05-04T09:30:00+00:00,15.14,15.14,15.14,15.14,0
2026-05-04T09:35:00+00:00,15.13,15.14,15.112,15.14,119
2026-05-04T09:40:00+00:00,15.14,15.14,15.14,15.14,0
2026-05-04T09:45:00+00:00,15.12,15.12,15.12,15.12,733
2026-05-04T09:50:00+00:00,15.12,15.12,15.12,15.12,106
2026-05-04T09:55:00+00:00,15.11,15.11,15.11,15.11,3
2026-05-04T10:00:00+00:00,15.12,15.12,15.09,15.1,4795
2026-05-04T10:05:00+00:00,15.09,15.14,15.06,15.06,2496
2026-05-04T10:10:00+00:00,15.06,15.076,15.05,15.05,3061
2026-05-04T10:15:00+00:00,15.09,15.092,15.03,15.06,1960
2026-05-04T10:20:00+00:00,15.02,15.06,15.0,15.0,2585
2026-05-04T10:25:00+00:00,15.02,15.051,15.02,15.051,115
2026-05-04T10:30:00+00:00,15.09,15.09,15.06,15.07,2144
2026-05-04T10:35:00+00:00,15.09,15.1,15.09,15.09,1103
2026-05-04T10:40:00+00:00,15.08,15.08,15.07,15.07,471
2026-05-04T10:45:00+00:00,15.07,15.07,15.07,15.07,224
2026-05-04T10:50:00+00:00,15.07,15.095,15.07,15.095,80
2026-05-04T10:55:00+00:00,15.1,15.1,15.095,15.1,125
2026-05-04T11:00:00+00:00,15.09,15.1,15.05,15.081,12902
2026-05-04T11:05:00+00:00,15.057,15.09,15.05,15.09,3216
2026-05-04T11:10:00+00:00,15.089,15.125,15.08,15.097,7582
2026-05-04T11:15:00+00:00,15.1,15.12,15.095,15.103,8161
2026-05-04T11:20:00+00:00,15.105,15.12,15.07,15.12,36501
2026-05-04T11:25:00+00:00,15.1,15.11,15.06,15.1,4425
2026-05-04T11:30:00+00:00,15.095,15.11,15.08,15.09,4355
2026-05-04T11:35:00+00:00,15.1,15.11,15.07,15.095,2745
2026-05-04T11:40:00+00:00,15.09,15.11,15.08,15.08,1131
2026-05-04T11:45:00+00:00,15.075,15.08,15.07,15.075,1896
2026-05-04T11:50:00+00:00,15.08,15.1,15.071,15.1,1486
2026-05-04T11:55:00+00:00,15.097,15.11,15.08,15.088,2284
2026-05-04T12:00:00+00:00,15.089,15.11,15.08,15.085,2032
2026-05-04T12:05:00+00:00,15.085,15.14,15.08,15.14,6771
2026-05-04T12:10:00+00:00,15.138,15.15,15.1,15.125,741
2026-05-04T12:15:00+00:00,15.15,15.15,15.1,15.1,795
2026-05-04T12:20:00+00:00,15.14,15.14,15.12,15.14,618
2026-05-04T12:25:00+00:00,15.14,15.15,15.12,15.14,3157
2026-05-04T12:30:00+00:00,15.134,15.134,15.1,15.1,2363
2026-05-04T12:35:00+00:00,15.106,15.121,15.09,15.121,3292
2026-05-04T12:40:00+00:00,15.14,15.14,15.1,15.14,3086
2026-05-04T12:45:00+00:00,15.14,15.14,15.1,15.12,3617
2026-05-04T12:50:00+00:00,15.13,15.15,15.1,15.15,8018
2026-05-04T12:55:00+00:00,15.15,15.15,15.13,15.14,12612
2026-05-04T13:00:00+00:00,15.14,15.15,15.11,15.15,3088
2026-05-04T13:05:00+00:00,15.14,15.15,15.09,15.12,6631
2026-05-04T13:10:00+00:00,15.13,15.15,15.125,15.14,2429
2026-05-04T13:15:00+00:00,15.14,15.16,15.13,15.15,7079
2026-05-04T13:20:00+00:00,15.148,15.16,15.13,15.14,13703
2026-05-04T13:25:00+00:00,15.12,15.14,15.051,15.13,35300
2026-05-04T13:30:00+00:00,15.16,15.16,14.67,14.7,1901319
2026-05-04T13:35:00+00:00,14.7,14.73,14.61,14.62,723837
2026-05-04T13:40:00+00:00,14.615,14.62,14.49,14.5,991664
2026-05-04T13:45:00+00:00,14.505,14.555,14.475,14.53,792215
2026-05-04T13:50:00+00:00,14.53,14.7,14.53,14.675,633431
2026-05-04T13:55:00+00:00,14.675,14.76,14.645,14.655,643755
2026-05-04T14:00:00+00:00,14.655,14.68,14.6,14.6,582813
2026-05-04T14:05:00+00:00,14.6,14.61,14.392,14.4,856981
2026-05-04T14:10:00+00:00,14.405,14.538,14.4,14.525,731782
2026-05-04T14:15:00+00:00,14.53,14.67,14.525,14.6,802666
2026-05-04T14:20:00+00:00,14.6,14.64,14.595,14.615,401425
2026-05-04T14:25:00+00:00,14.617,14.62,14.555,14.58,409001
2026-05-04T14:30:00+00:00,14.575,14.58,14.53,14.565,407774
2026-05-04T14:35:00+00:00,14.565,14.58,14.485,14.525,407269
2026-05-04T14:40:00+00:00,14.525,14.54,14.495,14.53,448617
2026-05-04T14:45:00+00:00,14.535,14.61,14.53,14.58,232758
2026-05-04T14:50:00+00:00,14.57,14.59,14.52,14.535,277976
2026-05-04T14:55:00+00:00,14.535,14.605,14.51,14.555,397420
2026-05-04T15:00:00+00:00,14.55,14.6,14.545,14.575,435704
2026-05-04T15:05:00+00:00,14.57,14.59,14.55,14.565,345407
2026-05-04T15:10:00+00:00,14.565,14.585,14.55,14.555,283643
2026-05-04T15:15:00+00:00,14.555,14.62,14.5,14.505,542359
2026-05-04T15:20:00+00:00,14.51,14.51,14.43,14.435,372469
2026-05-04T15:25:00+00:00,14.435,14.515,14.425,14.505,406376
2026-05-04T15:30:00+00:00,14.505,14.55,14.45,14.535,285304
2026-05-04T15:35:00+00:00,14.53,14.535,14.465,14.475,238905
2026-05-04T15:40:00+00:00,14.475,14.585,14.46,14.585,359008
2026-05-04T15:45:00+00:00,14.58,14.6,14.545,14.585,215525
2026-05-04T15:50:00+00:00,14.585,14.61,14.53,14.54,227754
2026-05-04T15:55:00+00:00,14.545,14.57,14.505,14.555,252880
2026-05-04T16:00:00+00:00,14.555,14.585,14.52,14.58,212763
2026-05-04T16:05:00+00:00,14.575,14.62,14.54,14.555,214949
2026-05-04T16:10:00+00:00,14.555,14.56,14.505,14.535,294164
2026-05-04T16:15:00+00:00,14.53,14.57,14.51,14.555,214213
2026-05-04T16:20:00+00:00,14.56,14.56,14.47,14.475,218367
2026-05-04T16:25:00+00:00,14.48,14.52,14.465,14.515,232143
2026-05-04T16:30:00+00:00,14.52,14.56,14.51,14.56,181679
2026-05-04T16:35:00+00:00,14.56,14.57,14.53,14.53,277656
2026-05-04T16:40:00+00:00,14.535,14.57,14.53,14.549,188276
2026-05-04T16:45:00+00:00,14.549,14.565,14.52,14.56,197581
2026-05-04T16:50:00+00:00,14.56,14.6,14.545,14.575,165071
2026-05-04T16:55:00+00:00,14.57,14.58,14.515,14.535,415170
2026-05-04T17:00:00+00:00,14.535,14.565,14.53,14.565,282725
2026-05-04T17:05:00+00:00,14.565,14.59,14.554,14.555,345917
2026-05-04T17:10:00+00:00,14.55,14.59,14.54,14.585,172952
2026-05-04T17:15:00+00:00,14.59,14.66,14.57,14.649,251400
2026-05-04T17:20:00+00:00,14.645,14.66,14.605,14.614,150495
2026-05-04T17:25:00+00:00,14.615,14.62,14.57,14.57,210473
2026-05-04T17:30:00+00:00,14.57,14.575,14.47,14.475,312737
2026-05-04T17:35:00+00:00,14.475,14.48,14.425,14.44,214883
2026-05-04T17:40:00+00:00,14.445,14.46,14.405,14.415,457675
2026-05-04T17:45:00+00:00,14.415,14.43,14.39,14.41,311329
2026-05-04T17:50:00+00:00,14.395,14.43,14.39,14.41,178767
2026-05-04T17:55:00+00:00,14.41,14.44,14.41,14.415,196079
2026-05-04T18:00:00+00:00,14.41,14.47,14.41,14.465,164742
2026-05-04T18:05:00+00:00,14.465,14.47,14.44,14.445,96483
2026-05-04T18:10:00+00:00,14.445,14.45,14.43,14.435,117720
2026-05-04T18:15:00+00:00,14.44,14.52,14.43,14.51,226365
2026-05-04T18:20:00+00:00,14.505,14.79,14.505,14.695,1396510
2026-05-04T18:25:00+00:00,14.695,14.76,14.65,14.758,488491
2026-05-04T18:30:00+00:00,14.755,14.775,14.65,14.67,287259
2026-05-04T18:35:00+00:00,14.68,14.7,14.64,14.655,190577
2026-05-04T18:40:00+00:00,14.655,14.69,14.64,14.67,189806
2026-05-04T18:45:00+00:00,14.665,14.71,14.65,14.696,167885
2026-05-04T18:50:00+00:00,14.695,14.695,14.62,14.64,198900
2026-05-04T18:55:00+00:00,14.635,14.7,14.63,14.66,292066
2026-05-04T19:00:00+00:00,14.665,14.73,14.665,14.69,263320
2026-05-04T19:05:00+00:00,14.695,14.72,14.665,14.715,205066
2026-05-04T19:10:00+00:00,14.715,14.73,14.68,14.707,260337
2026-05-04T19:15:00+00:00,14.705,14.705,14.615,14.625,214641
2026-05-04T19:20:00+00:00,14.63,14.67,14.61,14.668,216565
2026-05-04T19:25:00+00:00,14.665,14.72,14.66,14.715,196800
2026-05-04T19:30:00+00:00,14.715,14.715,14.61,14.65,377263
2026-05-04T19:35:00+00:00,14.645,14.68,14.615,14.625,256613
2026-05-04T19:40:00+00:00,14.625,14.64,14.58,14.63,367079
2026-05-04T19:45:00+00:00,14.63,14.64,14.59,14.6,258808
2026-05-04T19:50:00+00:00,14.595,14.64,14.55,14.64,650541
2026-05-04T19:55:00+00:00,14.635,14.635,14.5,14.51,1886256
2026-05-04T20:00:00+00:00,14.51,14.54,14.5,14.52,493405
2026-05-04T20:05:00+00:00,14.512,14.54,14.51,14.54,3140
2026-05-04T20:10:00+00:00,14.52,14.56,14.51,14.54,10965
2026-05-04T20:15:00+00:00,14.51,14.55,14.51,14.55,5386
2026-05-04T20:20:00+00:00,14.55,14.56,14.51,14.54,6738
2026-05-04T20:25:00+00:00,14.539,14.57,14.533,14.555,3122
2026-05-04T20:30:00+00:00,14.57,14.57,14.54,14.55,2849
2026-05-04T20:35:00+00:00,14.55,14.55,14.54,14.55,5812
2026-05-04T20:40:00+00:00,14.55,14.55,14.51,14.54,14412
2026-05-04T20:45:00+00:00,14.539,14.54,14.53,14.54,4892
2026-05-04T20:50:00+00:00,14.54,14.55,14.54,14.548,5541
2026-05-04T20:55:00+00:00,14.54,14.55,14.54,14.55,6162
2026-05-04T21:00:00+00:00,14.55,14.561,14.54,14.56,9897
2026-05-04T21:05:00+00:00,14.56,14.56,14.53,14.549,22853
2026-05-04T21:10:00+00:00,14.55,14.55,14.54,14.55,3369
2026-05-04T21:15:00+00:00,14.53,14.62,14.53,14.62,22502
2026-05-04T21:20:00+00:00,14.6,14.6,14.55,14.561,2907
2026-05-04T21:25:00+00:00,14.577,14.6,14.56,14.6,15778
2026-05-04T21:30:00+00:00,14.6,14.6,14.56,14.6,7338
2026-05-04T21:35:00+00:00,14.6,14.6,14.56,14.6,3729
2026-05-04T21:40:00+00:00,14.58,14.6,14.56,14.6,2099
2026-05-04T21:45:00+00:00,14.6,14.62,14.58,14.62,8522
2026-05-04T21:50:00+00:00,14.61,14.61,14.58,14.59,2364
2026-05-04T21:55:00+00:00,14.58,14.6,14.58,14.6,1607
2026-05-04T22:00:00+00:00,14.59,14.6,14.59,14.6,3375
2026-05-04T22:05:00+00:00,14.6,14.6,14.58,14.6,1999
2026-05-04T22:10:00+00:00,14.583,14.6,14.58,14.59,3423
2026-05-04T22:15:00+00:00,14.59,14.59,14.58,14.59,1872
2026-05-04T22:20:00+00:00,14.59,14.6,14.58,14.599,2532
2026-05-04T22:25:00+00:00,14.6,14.61,14.57,14.59,3924
2026-05-04T22:30:00+00:00,14.589,14.6,14.56,14.59,4962
2026-05-04T22:35:00+00:00,14.589,14.59,14.56,14.58,3837
2026-05-04T22:40:00+00:00,14.59,14.6,14.56,14.57,5657
2026-05-04T22:45:00+00:00,14.6,14.6,14.56,14.59,674
2026-05-04T22:50:00+00:00,14.59,14.6,14.573,14.585,1468
2026-05-04T22:55:00+00:00,14.6,14.6,14.57,14.59,2426
2026-05-04T23:00:00+00:00,14.59,14.6,14.56,14.6,2024
2026-05-04T23:05:00+00:00,14.6,14.6,14.56,14.6,4503
2026-05-04T23:10:00+00:00,14.6,14.6,14.56,14.6,2101
2026-05-04T23:15:00+00:00,14.58,14.6,14.57,14.6,839
2026-05-04T23:20:00+00:00,14.6,14.6,14.57,14.59,360
2026-05-04T23:25:00+00:00,14.59,14.6,14.58,14.6,1020
2026-05-04T23:30:00+00:00,14.6,14.6,14.59,14.6,711
2026-05-04T23:35:00+00:00,14.6,14.6,14.59,14.595,696
2026-05-04T23:40:00+00:00,14.59,14.6,14.59,14.59,1317
2026-05-04T23:45:00+00:00,14.59,14.6,14.57,14.58,31263
2026-05-04T23:50:00+00:00,14.57,14.57,14.53,14.54,16391
2026-05-04T23:55:00+00:00,14.54,14.57,14.52,14.57,13719
2026-05-05T08:00:00+00:00,14.61,14.64,14.58,14.62,11711
2026-05-05T08:05:00+00:00,14.62,14.62,14.59,14.6,378
2026-05-05T08:10:00+00:00,14.6,14.63,14.6,14.63,976
2026-05-05T08:15:00+00:00,14.62,14.62,14.6,14.61,393
2026-05-05T08:20:00+00:00,14.63,14.63,14.61,14.63,509
2026-05-05T08:25:00+00:00,14.61,14.63,14.61,14.621,356
2026-05-05T08:30:00+00:00,14.62,14.62,14.62,14.62,30
2026-05-05T08:35:00+00:00,14.62,14.62,14.62,14.62,12
2026-05-05T08:40:00+00:00,14.61,14.611,14.61,14.611,150
2026-05-05T08:45:00+00:00,14.61,14.62,14.61,14.62,2001
2026-05-05T08:50:00+00:00,14.62,14.62,14.62,14.62,249
2026-05-05T08:55:00+00:00,14.62,14.62,14.62,14.62,0
2026-05-05T09:00:00+00:00,14.63,14.64,14.61,14.61,1312
2026-05-05T09:05:00+00:00,14.62,14.62,14.62,14.62,297
2026-05-05T09:10:00+00:00,14.62,14.62,14.61,14.61,1695
2026-05-05T09:15:00+00:00,14.62,14.64,14.61,14.61,223
2026-05-05T09:20:00+00:00,14.64,14.64,14.64,14.64,91
2026-05-05T09:25:00+00:00,14.64,14.64,14.629,14.63,197
2026-05-05T09:30:00+00:00,14.63,14.63,14.63,14.63,1000
2026-05-05T09:35:00+00:00,14.638,14.638,14.63,14.63,7
2026-05-05T09:40:00+00:00,14.63,14.63,14.62,14.62,65
2026-05-05T09:45:00+00:00,14.62,14.62,14.61,14.61,5
2026-05-05T09:50:00+00:00,14.62,14.62,14.62,14.62,209
2026-05-05T09:55:00+00:00,14.62,14.63,14.62,14.621,59
2026-05-05T10:00:00+00:00,14.62,14.63,14.62,14.63,226
2026-05-05T10:05:00+00:00,14.64,14.64,14.63,14.64,116
2026-05-05T10:10:00+00:00,14.639,14.64,14.62,14.63,349
2026-05-05T10:15:00+00:00,14.62,14.62,14.61,14.61,622
2026-05-05T10:20:00+00:00,14.61,14.62,14.61,14.62,21
2026-05-05T10:25:00+00:00,14.62,14.64,14.62,14.64,2880
2026-05-05T10:30:00+00:00,14.63,14.662,14.63,14.662,2164
2026-05-05T10:35:00+00:00,14.66,14.73,14.66,14.7,332
2026-05-05T10:40:00+00:00,14.7,14.725,14.69,14.71,2074
2026-05-05T10:45:00+00:00,14.7,14.7,14.66,14.679,1045
2026-05-05T10:50:00+00:00,14.67,14.687,14.65,14.66,178
2026-05-05T10:55:00+00:00,14.65,14.68,14.64,14.64,36
2026-05-05T11:00:00+00:00,14.649,14.68,14.62,14.64,6021
2026-05-05T11:05:00+00:00,14.62,14.68,14.62,14.65,5475
2026-05-05T11:10:00+00:00,14.65,14.68,14.62,14.63,3624
2026-05-05T11:15:00+00:00,14.65,14.67,14.62,14.655,4999
2026-05-05T11:20:00+00:00,14.68,14.68,14.62,14.65,12547
2026-05-05T11:25:00+00:00,14.62,14.68,14.62,14.663,2423
2026-05-05T11:30:00+00:00,14.66,14.67,14.65,14.66,3487
2026-05-05T11:35:00+00:00,14.65,14.68,14.65,14.665,18398
2026-05-05T11:40:00+00:00,14.67,14.68,14.65,14.665,9782
2026-05-05T11:45:00+00:00,14.67,14.68,14.65,14.65,3177
2026-05-05T11:50:00+00:00,14.65,14.68,14.65,14.67,3863
2026-05-05T11:55:00+00:00,14.64,14.68,14.63,14.64,2391
2026-05-05T12:00:00+00:00,14.66,14.68,14.63,14.65,1828
2026-05-05T12:05:00+00:00,14.65,14.69,14.65,14.685,4944
2026-05-05T12:10:00+00:00,14.68,14.73,14.67,14.73,1949
2026-05-05T12:15:00+00:00,14.695,14.73,14.66,14.677,3474
2026-05-05T12:20:00+00:00,14.68,14.68,14.66,14.671,1894
2026-05-05T12:25:00+00:00,14.67,14.72,14.51,14.7,8458
2026-05-05T12:30:00+00:00,14.69,14.73,14.68,14.69,4460
2026-05-05T12:35:00+00:00,14.7,14.73,14.68,14.681,1905
2026-05-05T12:40:00+00:00,14.7,14.7,14.68,14.685,21521
2026-05-05T12:45:00+00:00,14.69,14.7,14.67,14.68,2524
2026-05-05T12:50:00+00:00,14.7,14.7,14.69,14.69,1157
2026-05-05T12:55:00+00:00,14.689,14.69,14.68,14.69,1259
2026-05-05T13:00:00+00:00,14.69,14.7,14.68,14.681,1905
2026-05-05T13:05:00+00:00,14.69,14.72,14.68,14.71,16637
2026-05-05T13:10:00+00:00,14.71,14.72,14.68,14.69,20941
2026-05-05T13:15:00+00:00,14.68,14.7,14.68,14.69,4539
2026-05-05T13:20:00+00:00,14.69,14.7,14.67,14.7,18113
2026-05-05T13:25:00+00:00,14.697,14.7,14.65,14.65,9631
2026-05-05T13:30:00+00:00,14.65,14.665,14.48,14.62,546286
2026-05-05T13:35:00+00:00,14.62,14.63,14.52,14.595,334863
2026-05-05T13:40:00+00:00,14.59,14.67,14.565,14.575,304987
2026-05-05T13:45:00+00:00,14.57,14.755,14.555,14.735,497049
2026-05-05T13:50:00+00:00,14.735,14.77,14.675,14.735,265903
2026-05-05T13:55:00+00:00,14.735,14.86,14.735,14.795,407408
2026-05-05T14:00:00+00:00,14.795,14.89,14.72,14.885,260772
2026-05-05T14:05:00+00:00,14.885,14.99,14.86,14.99,444094
2026-05-05T14:10:00+00:00,14.985,15.0,14.93,14.95,452827
2026-05-05T14:15:00+00:00,14.945,15.0,14.935,14.98,288384
2026-05-05T14:20:00+00:00,14.965,15.065,14.955,14.975,451221
2026-05-05T14:25:00+00:00,14.975,14.99,14.835,14.84,292862
2026-05-05T14:30:00+00:00,14.845,14.92,14.825,14.881,255901
2026-05-05T14:35:00+00:00,14.885,14.9,14.77,14.775,253764
2026-05-05T14:40:00+00:00,14.78,14.81,14.75,14.8,188632
2026-05-05T14:45:00+00:00,14.81,14.82,14.77,14.785,140125
2026-05-05T14:50:00+00:00,14.78,14.845,14.75,14.825,129032
2026-05-05T14:55:00+00:00,14.825,14.885,14.81,14.885,166872
2026-05-05T15:00:00+00:00,14.89,15.0,14.87,14.98,254074
2026-05-05T15:05:00+00:00,14.975,14.99,14.95,14.98,156559
2026-05-05T15:10:00+00:00,14.977,14.98,14.94,14.955,148743
2026-05-05T15:15:00+00:00,14.955,14.965,14.92,14.925,170933
2026-05-05T15:20:00+00:00,14.925,14.955,14.92,14.93,107599
2026-05-05T15:25:00+00:00,14.939,14.955,14.93,14.95,127875
2026-05-05T15:30:00+00:00,14.955,14.985,14.92,14.971,165453
2026-05-05T15:35:00+00:00,14.972,14.997,14.97,14.975,158296
2026-05-05T15:40:00+00:00,14.98,14.98,14.94,14.945,151541
2026-05-05T15:45:00+00:00,14.95,14.955,14.9,14.94,141889
2026-05-05T15:50:00+00:00,14.935,14.94,14.87,14.895,114510
2026-05-05T15:55:00+00:00,14.895,14.915,14.88,14.885,157239
2026-05-05T16:00:00+00:00,14.88,14.92,14.88,14.895,101463
2026-05-05T16:05:00+00:00,14.895,14.9,14.88,14.889,105124
2026-05-05T16:10:00+00:00,14.885,14.965,14.865,14.865,235853
2026-05-05T16:15:00+00:00,14.865,14.865,14.8,14.81,128423
2026-05-05T16:20:00+00:00,14.805,14.845,14.75,14.755,219895
2026-05-05T16:25:00+00:00,14.76,14.79,14.73,14.765,184908
2026-05-05T16:30:00+00:00,14.76,14.78,14.745,14.745,101829
2026-05-05T16:35:00+00:00,14.745,14.775,14.735,14.75,120302
2026-05-05T16:40:00+00:00,14.745,14.75,14.72,14.73,126638
2026-05-05T16:45:00+00:00,14.735,14.74,14.72,14.72,410970
2026-05-05T16:50:00+00:00,14.725,14.745,14.705,14.71,183638
2026-05-05T16:55:00+00:00,14.7,14.71,14.66,14.665,189915
2026-05-05T17:00:00+00:00,14.665,14.7,14.655,14.695,128081
2026-05-05T17:05:00+00:00,14.695,14.7,14.661,14.675,96073
2026-05-05T17:10:00+00:00,14.68,14.7,14.67,14.675,111916
2026-05-05T17:15:00+00:00,14.675,14.72,14.662,14.705,117699
2026-05-05T17:20:00+00:00,14.705,14.72,14.67,14.67,282114
2026-05-05T17:25:00+00:00,14.67,14.7,14.67,14.685,118088
2026-05-05T17:30:00+00:00,14.685,14.69,14.66,14.66,112155
2026-05-05T17:35:00+00:00,14.66,14.665,14.6,14.605,122241
2026-05-05T17:40:00+00:00,14.605,14.64,14.6,14.625,186969
2026-05-05T17:45:00+00:00,14.63,14.64,14.61,14.64,107146
2026-05-05T17:50:00+00:00,14.635,14.655,14.62,14.64,81666
2026-05-05T17:55:00+00:00,14.645,14.675,14.635,14.635,74667
2026-05-05T18:00:00+00:00,14.635,14.66,14.635,14.659,76994
2026-05-05T18:05:00+00:00,14.655,14.66,14.61,14.635,113434
2026-05-05T18:10:00+00:00,14.635,14.69,14.635,14.681,237574
2026-05-05T18:15:00+00:00,14.687,14.687,14.65,14.665,82659
2026-05-05T18:20:00+00:00,14.67,14.68,14.64,14.645,117579
2026-05-05T18:25:00+00:00,14.65,14.65,14.62,14.625,168188
2026-05-05T18:30:00+00:00,14.625,14.63,14.59,14.615,222251
2026-05-05T18:35:00+00:00,14.615,14.625,14.595,14.6,118126
2026-05-05T18:40:00+00:00,14.605,14.615,14.585,14.615,161727
2026-05-05T18:45:00+00:00,14.615,14.64,14.6,14.625,123660
2026-05-05T18:50:00+00:00,14.625,14.64,14.585,14.595,241383
2026-05-05T18:55:00+00:00,14.595,14.65,14.59,14.625,111814
2026-05-05T19:00:00+00:00,14.625,14.639,14.6,14.625,204700
2026-05-05T19:05:00+00:00,14.625,14.655,14.625,14.645,144719
2026-05-05T19:10:00+00:00,14.645,14.71,14.63,14.675,325307
2026-05-05T19:15:00+00:00,14.675,14.69,14.635,14.65,154654
2026-05-05T19:20:00+00:00,14.65,14.67,14.64,14.655,111499
2026-05-05T19:25:00+00:00,14.655,14.67,14.63,14.64,226005
2026-05-05T19:30:00+00:00,14.65,14.68,14.62,14.625,454435
2026-05-05T19:35:00+00:00,14.63,14.705,14.625,14.69,265855
2026-05-05T19:40:00+00:00,14.695,14.723,14.69,14.705,298283
2026-05-05T19:45:00+00:00,14.705,14.73,14.654,14.655,207954
2026-05-05T19:50:00+00:00,14.655,14.67,14.62,14.635,355973
2026-05-05T19:55:00+00:00,14.635,14.635,14.575,14.6,1125704
2026-05-05T20:00:00+00:00,14.6,14.7,14.57,14.6,241227
2026-05-05T20:05:00+00:00,14.58,14.63,14.58,14.6,2280
2026-05-05T20:10:00+00:00,14.6,14.63,14.58,14.63,3948
2026-05-05T20:15:00+00:00,14.615,14.63,14.6,14.62,3321
2026-05-05T20:20:00+00:00,14.62,14.63,14.6,14.6,8378
2026-05-05T20:25:00+00:00,14.615,14.63,14.59,14.6,57318
2026-05-05T20:30:00+00:00,14.59,14.61,14.58,14.6,57114
2026-05-05T20:35:00+00:00,14.6,14.63,14.59,14.61,4163
2026-05-05T20:40:00+00:00,14.63,14.63,14.6,14.6,5357
2026-05-05T20:45:00+00:00,14.604,14.63,14.6,14.63,1597
2026-05-05T20:50:00+00:00,14.62,14.63,14.6,14.63,2023
2026-05-05T20:55:00+00:00,14.61,14.63,14.6,14.6,1742
2026-05-05T21:00:00+00:00,14.63,14.63,14.61,14.63,8339
2026-05-05T21:05:00+00:00,14.63,14.63,14.62,14.62,1448
2026-05-05T21:10:00+00:00,14.63,14.7,14.62,14.673,3399
2026-05-05T21:15:00+00:00,14.68,14.68,14.62,14.645,866
2026-05-05T21:20:00+00:00,14.65,14.67,14.62,14.67,7549
2026-05-05T21:25:00+00:00,14.67,14.67,14.61,14.647,857
2026-05-05T21:30:00+00:00,14.62,14.65,14.62,14.64,683
2026-05-05T21:35:00+00:00,14.63,14.64,14.61,14.64,26437
2026-05-05T21:40:00+00:00,14.635,14.65,14.61,14.63,4739
2026-05-05T21:45:00+00:00,14.65,14.65,14.61,14.645,705
2026-05-05T21:50:00+00:00,14.65,14.65,14.62,14.62,975
2026-05-05T21:55:00+00:00,14.65,14.67,14.61,14.66,24230
2026-05-05T22:00:00+00:00,14.66,14.66,14.61,14.61,474
2026-05-05T22:05:00+00:00,14.63,14.65,14.61,14.611,3499
2026-05-05T22:10:00+00:00,14.647,14.65,14.61,14.65,3675
2026-05-05T22:15:00+00:00,14.61,14.65,14.6,14.63,1078
2026-05-05T22:20:00+00:00,14.63,14.63,14.6,14.6,597
2026-05-05T22:25:00+00:00,14.6,14.62,14.59,14.595,3821
2026-05-05T22:30:00+00:00,14.6,14.6,14.58,14.59,4047
2026-05-05T22:35:00+00:00,14.59,14.6,14.59,14.59,1542
2026-05-05T22:40:00+00:00,14.59,14.59,14.58,14.58,2391
2026-05-05T22:45:00+00:00,14.58,14.6,14.57,14.58,1868
2026-05-05T22:50:00+00:00,14.59,14.63,14.58,14.605,7739
2026-05-05T22:55:00+00:00,14.63,14.64,14.601,14.625,4835
2026-05-05T23:00:00+00:00,14.625,14.639,14.61,14.62,1737
2026-05-05T23:05:00+00:00,14.62,14.63,14.61,14.63,834
2026-05-05T23:10:00+00:00,14.62,14.67,14.61,14.66,3071
2026-05-05T23:15:00+00:00,14.61,14.66,14.61,14.647,1080
2026-05-05T23:20:00+00:00,14.631,14.65,14.63,14.645,6042
2026-05-05T23:25:00+00:00,14.64,14.66,14.64,14.66,13852
2026-05-05T23:30:00+00:00,14.65,14.66,14.6,14.64,4336
2026-05-05T23:35:00+00:00,14.64,14.65,14.62,14.62,2389
2026-05-05T23:40:00+00:00,14.62,14.629,14.59,14.59,10118
2026-05-05T23:45:00+00:00,14.59,14.63,14.59,14.625,8462
2026-05-05T23:50:00+00:00,14.629,14.63,14.6,14.62,2654
2026-05-05T23:55:00+00:00,14.62,14.65,14.61,14.64,14503
2026-05-06T08:00:00+00:00,14.68,14.71,14.59,14.61,14313
2026-05-06T08:05:00+00:00,14.61,14.69,14.61,14.62,2684
2026-05-06T08:10:00+00:00,14.62,14.666,14.62,14.666,327
2026-05-06T08:15:00+00:00,14.66,14.66,14.62,14.62,65
2026-05-06T08:20:00+00:00,14.62,14.65,14.62,14.65,275
2026-05-06T08:25:00+00:00,14.65,14.655,14.65,14.65,109
2026-05-06T08:30:00+00:00,14.66,14.66,14.62,14.66,859
2026-05-06T08:35:00+00:00,14.66,14.66,14.66,14.66,5
2026-05-06T08:40:00+00:00,14.66,14.66,14.65,14.65,172
2026-05-06T08:45:00+00:00,14.665,14.665,14.62,14.62,102
2026-05-06T08:50:00+00:00,14.65,14.7,14.62,14.661,1964
2026-05-06T08:55:00+00:00,14.69,14.721,14.69,14.72,2744
2026-05-06T09:00:00+00:00,14.72,14.72,14.7,14.7,106
2026-05-06T09:05:00+00:00,14.7,14.7,14.633,14.633,546
2026-05-06T09:10:00+00:00,14.633,14.633,14.633,14.633,0
2026-05-06T09:15:00+00:00,14.71,14.751,14.698,14.7,2258
2026-05-06T09:20:00+00:00,14.69,14.74,14.69,14.74,696
2026-05-06T09:25:00+00:00,14.74,14.75,14.74,14.75,292
2026-05-06T09:30:00+00:00,14.71,14.74,14.71,14.72,330
2026-05-06T09:35:00+00:00,14.73,14.73,14.73,14.73,114
2026-05-06T09:40:00+00:00,14.721,14.76,14.721,14.76,8
2026-05-06T09:45:00+00:00,14.7,14.75,14.7,14.75,54
2026-05-06T09:50:00+00:00,14.76,14.77,14.753,14.77,402
2026-05-06T09:55:00+00:00,14.77,14.77,14.75,14.76,703
2026-05-06T10:00:00+00:00,14.75,14.772,14.75,14.76,547
2026-05-06T10:05:00+00:00,14.77,14.81,14.743,14.78,2126
2026-05-06T10:10:00+00:00,14.78,14.82,14.75,14.77,335
2026-05-06T10:15:00+00:00,14.77,14.77,14.77,14.77,13
2026-05-06T10:20:00+00:00,14.77,14.79,14.77,14.77,2497
2026-05-06T10:25:00+00:00,14.78,14.78,14.75,14.76,246
2026-05-06T10:30:00+00:00,14.76,14.78,14.74,14.77,3294
2026-05-06T10:35:00+00:00,14.77,14.77,14.77,14.77,590
2026-05-06T10:40:00+00:00,14.77,14.788,14.77,14.78,260
2026-05-06T10:45:00+00:00,14.77,14.78,14.76,14.76,610
2026-05-06T10:50:00+00:00,14.784,14.784,14.784,14.784,200
2026-05-06T10:55:00+00:00,14.78,14.78,14.76,14.77,667
2026-05-06T11:00:00+00:00,14.76,14.84,14.76,14.78,13483
2026-05-06T11:05:00+00:00,14.791,14.82,14.77,14.78,16642
2026-05-06T11:10:00+00:00,14.8,14.82,14.77,14.8,8696
2026-05-06T11:15:00+00:00,14.8,14.83,14.77,14.83,5747
2026-05-06T11:20:00+00:00,14.824,14.86,14.82,14.822,19321
2026-05-06T11:25:00+00:00,14.83,14.87,14.829,14.86,28484
2026-05-06T11:30:00+00:00,14.86,14.86,14.84,14.84,11170
2026-05-06T11:35:00+00:00,14.86,14.86,14.81,14.81,14492
2026-05-06T11:40:00+00:00,14.817,14.85,14.8,14.811,12479
2026-05-06T11:45:00+00:00,14.82,14.84,14.8,14.807,2596
2026-05-06T11:50:00+00:00,14.82,14.83,14.8,14.83,3610
2026-05-06T11:55:00+00:00,14.82,14.83,14.803,14.829,8262
2026-05-06T12:00:00+00:00,14.83,14.83,14.79,14.795,28635
2026-05-06T12:05:00+00:00,14.8,14.82,14.78,14.81,4928
2026-05-06T12:10:00+00:00,14.817,14.82,14.761,14.761,5890
2026-05-06T12:15:00+00:00,14.77,14.8,14.76,14.77,8447
2026-05-06T12:20:00+00:00,14.78,14.8,14.76,14.76,3686
2026-05-06T12:25:00+00:00,14.78,14.79,14.77,14.789,9879
2026-05-06T12:30:00+00:00,14.78,14.79,14.77,14.785,6869
2026-05-06T12:35:00+00:00,14.78,14.79,14.78,14.787,2996
2026-05-06T12:40:00+00:00,14.79,14.8,14.78,14.8,7395
2026-05-06T12:45:00+00:00,14.799,14.8,14.752,14.753,6473
2026-05-06T12:50:00+00:00,14.769,14.78,14.75,14.78,20134
2026-05-06T12:55:00+00:00,14.78,14.79,14.75,14.77,3859
2026-05-06T13:00:00+00:00,14.77,14.79,14.75,14.75,2887
2026-05-06T13:05:00+00:00,14.753,14.753,14.72,14.74,10001
2026-05-06T13:10:00+00:00,14.736,14.74,14.7,14.73,2234
2026-05-06T13:15:00+00:00,14.73,14.74,14.73,14.74,2466
2026-05-06T13:20:00+00:00,14.74,14.76,14.69,14.75,24210
2026-05-06T13:25:00+00:00,14.729,14.75,14.65,14.67,8579
2026-05-06T13:30:00+00:00,14.68,14.68,14.475,14.48,544401
2026-05-06T13:35:00+00:00,14.485,14.71,14.48,14.69,358226
2026-05-06T13:40:00+00:00,14.7,14.725,14.65,14.705,396351
2026-05-06T13:45:00+00:00,14.7,14.78,14.66,14.77,298273
2026-05-06T13:50:00+00:00,14.76,14.785,14.66,14.66,226806
2026-05-06T13:55:00+00:00,14.67,14.69,14.62,14.62,137901
2026-05-06T14:00:00+00:00,14.625,14.65,14.575,14.585,204161
2026-05-06T14:05:00+00:00,14.585,14.66,14.57,14.635,362796
2026-05-06T14:10:00+00:00,14.635,14.66,14.6,14.65,172152
2026-05-06T14:15:00+00:00,14.645,14.66,14.61,14.635,172392
2026-05-06T14:20:00+00:00,14.635,14.7,14.63,14.685,204051
2026-05-06T14:25:00+00:00,14.69,14.74,14.66,14.67,230892
2026-05-06T14:30:00+00:00,14.67,14.73,14.655,14.725,178218
2026-05-06T14:35:00+00:00,14.725,14.75,14.69,14.735,225378
2026-05-06T14:40:00+00:00,14.73,14.74,14.68,14.695,302399
2026-05-06T14:45:00+00:00,14.698,14.7,14.645,14.665,197646
2026-05-06T14:50:00+00:00,14.665,14.675,14.63,14.655,137880
2026-05-06T14:55:00+00:00,14.655,14.68,14.635,14.645,127313
2026-05-06T15:00:00+00:00,14.645,14.67,14.64,14.66,113372
2026-05-06T15:05:00+00:00,14.655,14.7,14.635,14.685,136324
2026-05-06T15:10:00+00:00,14.685,14.705,14.665,14.675,130029
2026-05-06T15:15:00+00:00,14.67,14.7,14.67,14.675,91638
2026-05-06T15:20:00+00:00,14.675,14.715,14.66,14.66,143147
2026-05-06T15:25:00+00:00,14.665,14.67,14.65,14.655,83743
2026-05-06T15:30:00+00:00,14.657,14.67,14.635,14.64,238396
2026-05-06T15:35:00+00:00,14.65,14.657,14.57,14.575,198650
2026-05-06T15:40:00+00:00,14.575,14.595,14.53,14.555,194811
2026-05-06T15:45:00+00:00,14.555,14.58,14.54,14.575,158824
2026-05-06T15:50:00+00:00,14.575,14.6,14.55,14.55,157578
2026-05-06T15:55:00+00:00,14.555,14.57,14.53,14.535,91473
2026-05-06T16:00:00+00:00,14.535,14.55,14.48,14.495,393378
2026-05-06T16:05:00+00:00,14.495,14.51,14.48,14.509,200656
2026-05-06T16:10:00+00:00,14.5,14.51,14.48,14.495,136321
2026-05-06T16:15:00+00:00,14.49,14.5,14.475,14.49,135650
2026-05-06T16:20:00+00:00,14.495,14.52,14.49,14.515,97341
2026-05-06T16:25:00+00:00,14.51,14.54,14.5,14.54,176985
2026-05-06T16:30:00+00:00,14.535,14.55,14.52,14.545,125121
2026-05-06T16:35:00+00:00,14.545,14.55,14.495,14.495,94636
2026-05-06T16:40:00+00:00,14.5,14.5,14.46,14.465,126565
2026-05-06T16:45:00+00:00,14.465,14.47,14.42,14.465,229389
2026-05-06T16:50:00+00:00,14.465,14.49,14.46,14.475,323243
2026-05-06T16:55:00+00:00,14.47,14.545,14.47,14.525,150478
2026-05-06T17:00:00+00:00,14.527,14.59,14.515,14.585,150013
2026-05-06T17:05:00+00:00,14.585,14.59,14.55,14.585,109183
2026-05-06T17:10:00+00:00,14.585,14.645,14.585,14.615,148142
2026-05-06T17:15:00+00:00,14.61,14.62,14.54,14.565,139340
2026-05-06T17:20:00+00:00,14.565,14.58,14.55,14.553,111151
2026-05-06T17:25:00+00:00,14.55,14.595,14.55,14.585,78297
2026-05-06T17:30:00+00:00,14.585,14.59,14.57,14.59,54837
2026-05-06T17:35:00+00:00,14.585,14.59,14.54,14.54,98749
2026-05-06T17:40:00+00:00,14.545,14.59,14.54,14.59,94178
2026-05-06T17:45:00+00:00,14.585,14.6,14.565,14.595,99520
2026-05-06T17:50:00+00:00,14.595,14.6,14.57,14.585,83843
2026-05-06T17:55:00+00:00,14.59,14.59,14.555,14.56,88553
2026-05-06T18:00:00+00:00,14.57,14.58,14.555,14.57,76833
2026-05-06T18:05:00+00:00,14.565,14.575,14.55,14.565,89857
2026-05-06T18:10:00+00:00,14.55,14.57,14.535,14.569,94013
2026-05-06T18:15:00+00:00,14.565,14.57,14.55,14.555,79072
2026-05-06T18:20:00+00:00,14.553,14.57,14.54,14.56,72493
2026-05-06T18:25:00+00:00,14.565,14.63,14.565,14.625,114549
2026-05-06T18:30:00+00:00,14.62,14.655,14.61,14.625,161936
2026-05-06T18:35:00+00:00,14.629,14.65,14.605,14.617,100759
2026-05-06T18:40:00+00:00,14.615,14.63,14.59,14.59,129558
2026-05-06T18:45:00+00:00,14.595,14.625,14.575,14.58,81111
2026-05-06T18:50:00+00:00,14.58,14.61,14.57,14.6,129138
2026-05-06T18:55:00+00:00,14.6,14.62,14.57,14.585,168601
2026-05-06T19:00:00+00:00,14.585,14.6,14.56,14.595,112035
2026-05-06T19:05:00+00:00,14.595,14.69,14.59,14.68,273066
2026-05-06T19:10:00+00:00,14.68,14.699,14.63,14.63,146805
2026-05-06T19:15:00+00:00,14.635,14.67,14.62,14.655,133610
2026-05-06T19:20:00+00:00,14.65,14.68,14.65,14.66,206197
2026-05-06T19:25:00+00:00,14.655,14.66,14.61,14.62,167530
2026-05-06T19:30:00+00:00,14.62,14.65,14.565,14.565,169475
2026-05-06T19:35:00+00:00,14.57,14.59,14.55,14.58,179691
2026-05-06T19:40:00+00:00,14.58,14.59,14.55,14.555,153686
2026-05-06T19:45:00+00:00,14.55,14.57,14.535,14.555,178706
2026-05-06T19:50:00+00:00,14.555,14.615,14.545,14.6,299237
2026-05-06T19:55:00+00:00,14.59,14.59,14.48,14.48,1280155
2026-05-06T20:00:00+00:00,14.48,14.53,14.48,14.5,55683
2026-05-06T20:05:00+00:00,14.52,14.53,14.48,14.52,1114771
2026-05-06T20:10:00+00:00,14.48,14.53,14.48,14.504,9429
2026-05-06T20:15:00+00:00,14.515,14.56,14.48,14.545,6231
2026-05-06T20:20:00+00:00,14.55,14.55,14.53,14.54,8683
2026-05-06T20:25:00+00:00,14.54,14.56,14.54,14.545,6904
2026-05-06T20:30:00+00:00,14.54,14.55,14.53,14.53,6173
2026-05-06T20:35:00+00:00,14.52,14.55,14.52,14.54,8187
2026-05-06T20:40:00+00:00,14.55,14.55,14.52,14.52,2438
2026-05-06T20:45:00+00:00,14.55,14.55,14.524,14.53,5219
2026-05-06T20:50:00+00:00,14.53,14.54,14.52,14.54,5148
2026-05-06T20:55:00+00:00,14.54,14.55,14.52,14.549,10140
2026-05-06T21:00:00+00:00,14.53,14.56,14.53,14.53,5666
2026-05-06T21:05:00+00:00,14.53,14.55,14.52,14.546,19334
2026-05-06T21:10:00+00:00,14.52,14.55,14.52,14.53,2939
2026-05-06T21:15:00+00:00,14.53,14.56,14.52,14.55,4194
2026-05-06T21:20:00+00:00,14.558,14.58,14.54,14.58,10316
2026-05-06T21:25:00+00:00,14.579,14.58,14.54,14.55,2333
2026-05-06T21:30:00+00:00,14.56,14.56,14.54,14.56,1493
2026-05-06T21:35:00+00:00,14.543,14.56,14.54,14.55,7060
2026-05-06T21:40:00+00:00,14.56,14.56,14.54,14.55,2618
2026-05-06T21:45:00+00:00,14.55,14.55,14.54,14.545,2204
2026-05-06T21:50:00+00:00,14.55,14.55,14.54,14.545,873
2026-05-06T21:55:00+00:00,14.545,14.55,14.54,14.54,857
2026-05-06T22:00:00+00:00,14.55,14.55,14.54,14.55,950
2026-05-06T22:05:00+00:00,14.56,14.56,14.55,14.56,7368
2026-05-06T22:10:00+00:00,14.56,14.56,14.55,14.56,3565
2026-05-06T22:15:00+00:00,14.559,14.58,14.55,14.55,158
2026-05-06T22:20:00+00:00,14.55,14.58,14.55,14.58,1617
2026-05-06T22:25:00+00:00,14.55,14.58,14.55,14.57,1707
2026-05-06T22:30:00+00:00,14.57,14.59,14.55,14.59,7729
2026-05-06T22:35:00+00:00,14.57,14.59,14.55,14.58,1472
2026-05-06T22:40:00+00:00,14.579,14.58,14.55,14.565,910
2026-05-06T22:45:00+00:00,14.58,14.58,14.55,14.55,8230
2026-05-06T22:50:00+00:00,14.55,14.58,14.55,14.58,1954
2026-05-06T22:55:00+00:00,14.58,14.58,14.55,14.56,1728
2026-05-06T23:00:00+00:00,14.55,14.56,14.52,14.52,7986
2026-05-06T23:05:00+00:00,14.54,14.56,14.52,14.54,1377
2026-05-06T23:10:00+00:00,14.54,14.54,14.53,14.54,1908
2026-05-06T23:15:00+00:00,14.54,14.54,14.53,14.54,3940
2026-05-06T23:20:00+00:00,14.539,14.54,14.535,14.54,268
2026-05-06T23:25:00+00:00,14.54,14.58,14.53,14.579,8158
2026-05-06T23:30:00+00:00,14.58,14.58,14.53,14.58,768
2026-05-06T23:35:00+00:00,14.58,14.58,14.55,14.56,5311
2026-05-06T23:40:00+00:00,14.55,14.57,14.53,14.569,1221
2026-05-06T23:45:00+00:00,14.53,14.58,14.53,14.58,1232
2026-05-06T23:50:00+00:00,14.53,14.58,14.53,14.58,2484
2026-05-06T23:55:00+00:00,14.54,14.58,14.53,14.58,2058
2026-05-07T08:00:00+00:00,14.57,14.65,14.57,14.59,30514
2026-05-07T08:05:00+00:00,14.58,14.64,14.58,14.587,2404
2026-05-07T08:10:00+00:00,14.59,14.59,14.58,14.59,951
2026-05-07T08:15:00+00:00,14.59,14.59,14.56,14.56,499
2026-05-07T08:20:00+00:00,14.59,14.59,14.59,14.59,921
2026-05-07T08:25:00+00:00,14.58,14.59,14.58,14.59,150
2026-05-07T08:30:00+00:00,14.58,14.58,14.578,14.578,30
2026-05-07T08:35:00+00:00,14.578,14.578,14.578,14.578,0
2026-05-07T08:40:00+00:00,14.575,14.575,14.575,14.575,10
2026-05-07T08:45:00+00:00,14.58,14.58,14.58,14.58,6
2026-05-07T08:50:00+00:00,14.56,14.57,14.56,14.57,41
2026-05-07T08:55:00+00:00,14.56,14.57,14.55,14.56,934
2026-05-07T09:00:00+00:00,14.55,14.56,14.54,14.56,431
2026-05-07T09:05:00+00:00,14.557,14.58,14.54,14.54,1202
2026-05-07T09:10:00+00:00,14.549,14.549,14.549,14.549,1
2026-05-07T09:15:00+00:00,14.54,14.58,14.54,14.549,1325
2026-05-07T09:20:00+00:00,14.54,14.59,14.54,14.57,43
2026-05-07T09:25:00+00:00,14.56,14.56,14.56,14.56,7
2026-05-07T09:30:00+00:00,14.56,14.569,14.56,14.569,201
2026-05-07T09:35:00+00:00,14.57,14.58,14.56,14.57,900
2026-05-07T09:40:00+00:00,14.56,14.57,14.55,14.56,866
2026-05-07T09:45:00+00:00,14.56,14.56,14.56,14.56,633
2026-05-07T09:50:00+00:00,14.561,14.57,14.56,14.57,40
2026-05-07T09:55:00+00:00,14.56,14.57,14.56,14.57,44
2026-05-07T10:00:00+00:00,14.58,14.58,14.56,14.56,1025
2026-05-07T10:05:00+00:00,14.58,14.58,14.56,14.56,32
2026-05-07T10:10:00+00:00,14.57,14.58,14.56,14.56,452
2026-05-07T10:15:00+00:00,14.56,14.56,14.56,14.56,0
2026-05-07T10:20:00+00:00,14.57,14.57,14.57,14.57,14
2026-05-07T10:25:00+00:00,14.588,14.588,14.578,14.578,50
2026-05-07T10:30:00+00:00,14.55,14.58,14.55,14.55,503
2026-05-07T10:35:00+00:00,14.552,14.58,14.552,14.58,101
2026-05-07T10:40:00+00:00,14.58,14.58,14.58,14.58,1270
2026-05-07T10:45:00+00:00,14.56,14.58,14.56,14.58,2186
2026-05-07T10:50:00+00:00,14.58,14.58,14.58,14.58,1870
2026-05-07T10:55:00+00:00,14.56,14.58,14.56,14.56,649
2026-05-07T11:00:00+00:00,14.55,14.59,14.53,14.53,4213
2026-05-07T11:05:00+00:00,14.54,14.59,14.53,14.57,2097
2026-05-07T11:10:00+00:00,14.59,14.59,14.55,14.586,678
2026-05-07T11:15:00+00:00,14.575,14.59,14.54,14.57,1809
2026-05-07T11:20:00+00:00,14.57,14.59,14.55,14.55,1298
2026-05-07T11:25:00+00:00,14.55,14.59,14.55,14.59,4794
2026-05-07T11:30:00+00:00,14.59,14.63,14.58,14.62,5839
2026-05-07T11:35:00+00:00,14.61,14.63,14.6,14.61,3537
2026-05-07T11:40:00+00:00,14.57,14.63,14.57,14.61,4367
2026-05-07T11:45:00+00:00,14.61,14.62,14.6,14.613,3876
2026-05-07T11:50:00+00:00,14.61,14.63,14.59,14.591,3287
2026-05-07T11:55:00+00:00,14.591,14.65,14.59,14.63,16065
2026-05-07T12:00:00+00:00,14.62,14.65,14.61,14.62,5741
2026-05-07T12:05:00+00:00,14.62,14.62,14.61,14.62,5587
2026-05-07T12:10:00+00:00,14.62,14.64,14.6,14.64,3786
2026-05-07T12:15:00+00:00,14.6,14.64,14.599,14.6,1920
2026-05-07T12:20:00+00:00,14.606,14.61,14.58,14.58,794
2026-05-07T12:25:00+00:00,14.59,14.61,14.58,14.58,6849
2026-05-07T12:30:00+00:00,14.57,14.6,14.56,14.599,2207
2026-05-07T12:35:00+00:00,14.599,14.61,14.58,14.585,2421
2026-05-07T12:40:00+00:00,14.59,14.62,14.58,14.6,7371
2026-05-07T12:45:00+00:00,14.61,14.61,14.58,14.6,13280
2026-05-07T12:50:00+00:00,14.61,14.619,14.58,14.6,13752
2026-05-07T12:55:00+00:00,14.59,14.619,14.58,14.619,1506
2026-05-07T13:00:00+00:00,14.62,14.62,14.58,14.58,4038
2026-05-07T13:05:00+00:00,14.59,14.6,14.58,14.6,1392
2026-05-07T13:10:00+00:00,14.59,14.61,14.58,14.599,1190
2026-05-07T13:15:00+00:00,14.6,14.6,14.58,14.59,7993
2026-05-07T13:20:00+00:00,14.59,14.6,14.56,14.6,34291
2026-05-07T13:25:00+00:00,14.56,14.6,14.55,14.55,5173
2026-05-07T13:30:00+00:00,14.582,14.64,14.47,14.605,383370
2026-05-07T13:35:00+00:00,14.605,14.63,14.46,14.505,303624
2026-05-07T13:40:00+00:00,14.505,14.56,14.48,14.49,268697
2026-05-07T13:45:00+00:00,14.485,14.515,14.33,14.34,674514
2026-05-07T13:50:00+00:00,14.34,14.38,14.335,14.365,253616
2026-05-07T13:55:00+00:00,14.365,14.42,14.335,14.35,256979
2026-05-07T14:00:00+00:00,14.345,14.37,14.3,14.338,302733
2026-05-07T14:05:00+00:00,14.335,14.35,14.31,14.325,211701
2026-05-07T14:10:00+00:00,14.325,14.35,14.3,14.345,180659
2026-05-07T14:15:00+00:00,14.345,14.349,14.241,14.29,390465
2026-05-07T14:20:00+00:00,14.285,14.29,14.2,14.225,507192
2026-05-07T14:25:00+00:00,14.23,14.23,14.18,14.185,239471
2026-05-07T14:30:00+00:00,14.188,14.265,14.185,14.255,221761
2026-05-07T14:35:00+00:00,14.25,14.29,14.25,14.28,213534
2026-05-07T14:40:00+00:00,14.275,14.28,14.23,14.245,193714
2026-05-07T14:45:00+00:00,14.245,14.27,14.21,14.215,157122
2026-05-07T14:50:00+00:00,14.218,14.29,14.205,14.285,159827
2026-05-07T14:55:00+00:00,14.29,14.32,14.285,14.315,170792
2026-05-07T15:00:00+00:00,14.315,14.36,14.3,14.335,292888
2026-05-07T15:05:00+00:00,14.33,14.36,14.28,14.36,126300
2026-05-07T15:10:00+00:00,14.38,14.395,14.35,14.355,125018
2026-05-07T15:15:00+00:00,14.355,14.37,14.31,14.315,112803
2026-05-07T15:20:00+00:00,14.32,14.35,14.305,14.325,141454
2026-05-07T15:25:00+00:00,14.32,14.36,14.32,14.355,123577
2026-05-07T15:30:00+00:00,14.355,14.44,14.342,14.435,184482
2026-05-07T15:35:00+00:00,14.435,14.47,14.434,14.45,165346
2026-05-07T15:40:00+00:00,14.46,14.47,14.44,14.455,104902
2026-05-07T15:45:00+00:00,14.455,14.46,14.42,14.42,103995
2026-05-07T15:50:00+00:00,14.415,14.445,14.395,14.445,114476
2026-05-07T15:55:00+00:00,14.445,14.45,14.41,14.439,137862
2026-05-07T16:00:00+00:00,14.435,14.45,14.41,14.415,123300
2026-05-07T16:05:00+00:00,14.415,14.415,14.345,14.365,167149
2026-05-07T16:10:00+00:00,14.37,14.38,14.34,14.355,126512
2026-05-07T16:15:00+00:00,14.355,14.36,14.305,14.315,142675
2026-05-07T16:20:00+00:00,14.31,14.36,14.3,14.35,76913
2026-05-07T16:25:00+00:00,14.36,14.44,14.36,14.435,163843
2026-05-07T16:30:00+00:00,14.435,14.445,14.42,14.425,86991
2026-05-07T16:35:00+00:00,14.425,14.435,14.4,14.405,160624
2026-05-07T16:40:00+00:00,14.405,14.43,14.4,14.423,276196
2026-05-07T16:45:00+00:00,14.422,14.425,14.4,14.4,59414
2026-05-07T16:50:00+00:00,14.395,14.435,14.395,14.425,79615
2026-05-07T16:55:00+00:00,14.425,14.425,14.36,14.405,100814
2026-05-07T17:00:00+00:00,14.41,14.43,14.39,14.409,74603
2026-05-07T17:05:00+00:00,14.405,14.43,14.39,14.406,61237
2026-05-07T17:10:00+00:00,14.405,14.405,14.36,14.37,71581
2026-05-07T17:15:00+00:00,14.375,14.385,14.315,14.315,145615
2026-05-07T17:20:00+00:00,14.315,14.37,14.3,14.365,98052
2026-05-07T17:25:00+00:00,14.365,14.375,14.29,14.31,161028
2026-05-07T17:30:00+00:00,14.305,14.31,14.26,14.305,139138
2026-05-07T17:35:00+00:00,14.305,14.34,14.285,14.315,71684
2026-05-07T17:40:00+00:00,14.315,14.34,14.305,14.31,74450
2026-05-07T17:45:00+00:00,14.3,14.31,14.285,14.295,46339
2026-05-07T17:50:00+00:00,14.29,14.31,14.28,14.285,64403
2026-05-07T17:55:00+00:00,14.285,14.33,14.285,14.325,96804
2026-05-07T18:00:00+00:00,14.325,14.33,14.31,14.325,276372
2026-05-07T18:05:00+00:00,14.32,14.325,14.27,14.275,136460
2026-05-07T18:10:00+00:00,14.27,14.3,14.27,14.285,83189
2026-05-07T18:15:00+00:00,14.285,14.305,14.28,14.285,100033
2026-05-07T18:20:00+00:00,14.285,14.299,14.265,14.265,66418
2026-05-07T18:25:00+00:00,14.265,14.27,14.24,14.25,175213
2026-05-07T18:30:00+00:00,14.255,14.315,14.25,14.285,79052
2026-05-07T18:35:00+00:00,14.285,14.29,14.25,14.265,95088
2026-05-07T18:40:00+00:00,14.27,14.27,14.21,14.215,154916
2026-05-07T18:45:00+00:00,14.215,14.25,14.203,14.24,132586
2026-05-07T18:50:00+00:00,14.245,14.245,14.21,14.215,118609
2026-05-07T18:55:00+00:00,14.215,14.225,14.17,14.225,376974
2026-05-07T19:00:00+00:00,14.227,14.23,14.185,14.194,178856
2026-05-07T19:05:00+00:00,14.195,14.225,14.195,14.215,158996
2026-05-07T19:10:00+00:00,14.215,14.26,14.215,14.235,171343
2026-05-07T19:15:00+00:00,14.24,14.245,14.22,14.225,120711
2026-05-07T19:20:00+00:00,14.22,14.24,14.205,14.22,151981
2026-05-07T19:25:00+00:00,14.225,14.24,14.21,14.215,122704
2026-05-07T19:30:00+00:00,14.215,14.24,14.2,14.205,196730
2026-05-07T19:35:00+00:00,14.21,14.25,14.21,14.245,160838
2026-05-07T19:40:00+00:00,14.245,14.26,14.23,14.23,437721
2026-05-07T19:45:00+00:00,14.235,14.255,14.18,14.19,298063
2026-05-07T19:50:00+00:00,14.185,14.2,14.125,14.13,855160
2026-05-07T19:55:00+00:00,14.131,14.2,14.115,14.18,1783444
2026-05-07T20:00:00+00:00,14.18,14.25,14.15,14.17,170233
2026-05-07T20:05:00+00:00,14.144,14.18,14.144,14.17,29822
2026-05-07T20:10:00+00:00,14.18,14.23,14.16,14.18,5729
2026-05-07T20:15:00+00:00,14.18,14.18,14.15,14.18,18784
2026-05-07T20:20:00+00:00,14.165,14.18,14.155,14.18,5490
2026-05-07T20:25:00+00:00,14.18,14.18,14.17,14.175,5783
2026-05-07T20:30:00+00:00,14.18,14.18,14.17,14.18,8076
2026-05-07T20:35:00+00:00,14.18,14.18,14.17,14.17,11411
2026-05-07T20:40:00+00:00,14.18,14.18,14.17,14.18,7520
2026-05-07T20:45:00+00:00,14.18,14.18,14.17,14.18,10590
2026-05-07T20:50:00+00:00,14.18,14.18,14.17,14.18,8145
2026-05-07T20:55:00+00:00,14.18,14.18,14.17,14.18,1084
2026-05-07T21:00:00+00:00,14.18,14.18,14.17,14.171,6432
2026-05-07T21:05:00+00:00,14.18,14.18,14.162,14.17,5639
2026-05-07T21:10:00+00:00,14.165,14.17,14.15,14.16,8809
2026-05-07T21:15:00+00:00,14.16,14.17,14.15,14.17,20609
2026-05-07T21:20:00+00:00,14.167,14.17,14.15,14.15,20593
2026-05-07T21:25:00+00:00,14.16,14.16,14.14,14.15,4855
2026-05-07T21:30:00+00:00,14.15,14.16,14.13,14.138,4456
2026-05-07T21:35:00+00:00,14.14,14.14,14.13,14.14,3380
2026-05-07T21:40:00+00:00,14.14,14.14,14.13,14.13,10153
2026-05-07T21:45:00+00:00,14.14,14.16,14.13,14.13,8812
2026-05-07T21:50:00+00:00,14.14,14.15,14.12,14.14,4908
2026-05-07T21:55:00+00:00,14.12,14.14,14.12,14.13,11332
2026-05-07T22:00:00+00:00,14.129,14.13,14.12,14.13,9467
2026-05-07T22:05:00+00:00,14.125,14.13,14.12,14.13,2295
2026-05-07T22:10:00+00:00,14.13,14.13,14.12,14.13,3083
2026-05-07T22:15:00+00:00,14.121,14.14,14.12,14.13,2597
2026-05-07T22:20:00+00:00,14.13,14.14,14.13,14.14,3970
2026-05-07T22:25:00+00:00,14.14,14.14,14.13,14.139,811
2026-05-07T22:30:00+00:00,14.131,14.15,14.13,14.15,1488
2026-05-07T22:35:00+00:00,14.149,14.15,14.13,14.14,1815
2026-05-07T22:40:00+00:00,14.15,14.15,14.13,14.14,1708
2026-05-07T22:45:00+00:00,14.15,14.15,14.14,14.147,333
2026-05-07T22:50:00+00:00,14.14,14.16,14.14,14.15,2569
2026-05-07T22:55:00+00:00,14.16,14.16,14.15,14.16,2416
2026-05-07T23:00:00+00:00,14.16,14.18,14.15,14.16,3837
2026-05-07T23:05:00+00:00,14.159,14.18,14.15,14.151,5744
2026-05-07T23:10:00+00:00,14.17,14.17,14.15,14.17,1333
2026-05-07T23:15:00+00:00,14.17,14.18,14.15,14.15,5328
2026-05-07T23:20:00+00:00,14.17,14.18,14.16,14.16,6064
2026-05-07T23:25:00+00:00,14.165,14.17,14.16,14.17,3608
2026-05-07T23:30:00+00:00,14.165,14.19,14.165,14.19,3563
2026-05-07T23:35:00+00:00,14.17,14.19,14.16,14.17,2219
2026-05-07T23:40:00+00:00,14.17,14.17,14.16,14.16,2977
2026-05-07T23:45:00+00:00,14.17,14.17,14.16,14.16,3443
2026-05-07T23:50:00+00:00,14.16,14.17,14.15,14.17,4920
2026-05-07T23:55:00+00:00,14.16,14.17,14.16,14.16,1651
2026-05-08T08:00:00+00:00,14.28,14.29,14.22,14.28,12162
2026-05-08T08:05:00+00:00,14.277,14.28,14.23,14.26,1332
2026-05-08T08:10:00+00:00,14.276,14.276,14.26,14.26,78
2026-05-08T08:15:00+00:00,14.26,14.26,14.26,14.26,100
2026-05-08T08:20:00+00:00,14.258,14.28,14.25,14.25,1602
2026-05-08T08:25:00+00:00,14.26,14.27,14.26,14.26,411
2026-05-08T08:30:00+00:00,14.26,14.27,14.26,14.27,68
2026-05-08T08:35:00+00:00,14.27,14.28,14.27,14.28,129
2026-05-08T08:40:00+00:00,14.26,14.27,14.26,14.27,90
2026-05-08T08:45:00+00:00,14.27,14.27,14.258,14.26,2528
2026-05-08T08:50:00+00:00,14.27,14.31,14.27,14.29,1493
2026-05-08T08:55:00+00:00,14.27,14.28,14.26,14.26,932
2026-05-08T09:00:00+00:00,14.26,14.26,14.26,14.26,0
2026-05-08T09:05:00+00:00,14.29,14.31,14.29,14.3,1005
2026-05-08T09:10:00+00:00,14.29,14.3,14.29,14.3,3009
2026-05-08T09:15:00+00:00,14.3,14.3,14.29,14.3,15093
2026-05-08T09:20:00+00:00,14.27,14.3,14.27,14.3,175
2026-05-08T09:25:00+00:00,14.3,14.3,14.29,14.29,4
2026-05-08T09:30:00+00:00,14.29,14.29,14.27,14.27,51
2026-05-08T09:35:00+00:00,14.273,14.273,14.27,14.27,11
2026-05-08T09:40:00+00:00,14.28,14.29,14.28,14.28,1014
2026-05-08T09:45:00+00:00,14.28,14.3,14.28,14.3,510
2026-05-08T09:50:00+00:00,14.29,14.31,14.29,14.29,195
2026-05-08T09:55:00+00:00,14.29,14.3,14.28,14.28,3805
2026-05-08T10:00:00+00:00,14.29,14.3,14.28,14.3,220
2026-05-08T10:05:00+00:00,14.328,14.328,14.31,14.31,61
2026-05-08T10:10:00+00:00,14.33,14.33,14.29,14.298,283
2026-05-08T10:15:00+00:00,14.29,14.3,14.29,14.29,1071
2026-05-08T10:20:00+00:00,14.29,14.3,14.27,14.28,1899
2026-05-08T10:25:00+00:00,14.28,14.28,14.28,14.28,0
2026-05-08T10:30:00+00:00,14.296,14.3,14.28,14.28,21
2026-05-08T10:35:00+00:00,14.3,14.3,14.3,14.3,14
2026-05-08T10:40:00+00:00,14.32,14.32,14.32,14.32,100
2026-05-08T10:45:00+00:00,14.32,14.32,14.3,14.3,113
2026-05-08T10:50:00+00:00,14.31,14.31,14.29,14.29,211
2026-05-08T10:55:00+00:00,14.29,14.32,14.27,14.282,970
2026-05-08T11:00:00+00:00,14.28,14.3,14.25,14.26,11978
2026-05-08T11:05:00+00:00,14.253,14.27,14.25,14.27,5677
2026-05-08T11:10:00+00:00,14.267,14.27,14.25,14.27,7112
2026-05-08T11:15:00+00:00,14.25,14.27,14.21,14.21,5758
2026-05-08T11:20:00+00:00,14.21,14.26,14.21,14.25,3316
2026-05-08T11:25:00+00:00,14.25,14.25,14.21,14.239,17398
2026-05-08T11:30:00+00:00,14.22,14.26,14.22,14.259,3437
2026-05-08T11:35:00+00:00,14.27,14.27,14.22,14.27,1612
2026-05-08T11:40:00+00:00,14.26,14.27,14.22,14.267,1886
2026-05-08T11:45:00+00:00,14.26,14.27,14.25,14.26,6512
2026-05-08T11:50:00+00:00,14.26,14.27,14.25,14.27,1907
2026-05-08T11:55:00+00:00,14.269,14.27,14.26,14.26,4088
2026-05-08T12:00:00+00:00,14.26,14.27,14.26,14.27,7071
2026-05-08T12:05:00+00:00,14.26,14.28,14.25,14.28,6300
2026-05-08T12:10:00+00:00,14.26,14.28,14.25,14.27,18803
2026-05-08T12:15:00+00:00,14.26,14.28,14.26,14.277,2558
2026-05-08T12:20:00+00:00,14.27,14.28,14.26,14.27,273
2026-05-08T12:25:00+00:00,14.27,14.27,14.26,14.27,1236
2026-05-08T12:30:00+00:00,14.27,14.29,14.27,14.29,11356
2026-05-08T12:35:00+00:00,14.29,14.33,14.285,14.285,17663
2026-05-08T12:40:00+00:00,14.31,14.32,14.3,14.317,9543
2026-05-08T12:45:00+00:00,14.31,14.31,14.29,14.31,14115
2026-05-08T12:50:00+00:00,14.3,14.32,14.3,14.32,10516
2026-05-08T12:55:00+00:00,14.31,14.33,14.3,14.32,11664
2026-05-08T13:00:00+00:00,14.31,14.32,14.3,14.31,2176
2026-05-08T13:05:00+00:00,14.31,14.31,14.3,14.3,3248
2026-05-08T13:10:00+00:00,14.304,14.31,14.3,14.31,14934
2026-05-08T13:15:00+00:00,14.31,14.33,14.3,14.32,17260
2026-05-08T13:20:00+00:00,14.32,14.35,14.32,14.34,10063
2026-05-08T13:25:00+00:00,14.35,14.35,14.25,14.255,8719
2026-05-08T13:30:00+00:00,14.27,14.29,14.07,14.12,689744
2026-05-08T13:35:00+00:00,14.115,14.115,13.96,13.965,845894
2026-05-08T13:40:00+00:00,13.97,13.997,13.93,13.955,461804
2026-05-08T13:45:00+00:00,13.96,14.0,13.88,13.885,498430
2026-05-08T13:50:00+00:00,13.89,13.9,13.84,13.86,420017
2026-05-08T13:55:00+00:00,13.86,13.89,13.84,13.871,427786
2026-05-08T14:00:00+00:00,13.87,13.93,13.87,13.92,395552
2026-05-08T14:05:00+00:00,13.91,13.935,13.86,13.875,319680
2026-05-08T14:10:00+00:00,13.87,13.93,13.865,13.905,303619
2026-05-08T14:15:00+00:00,13.9,13.91,13.87,13.9,216278
2026-05-08T14:20:00+00:00,13.89,13.95,13.89,13.945,290545
2026-05-08T14:25:00+00:00,13.94,13.95,13.865,13.87,196904
2026-05-08T14:30:00+00:00,13.87,13.95,13.86,13.935,273931
2026-05-08T14:35:00+00:00,13.93,13.935,13.87,13.93,211951
2026-05-08T14:40:00+00:00,13.92,13.95,13.91,13.93,176867
2026-05-08T14:45:00+00:00,13.939,14.02,13.93,13.97,423910
2026-05-08T14:50:00+00:00,13.971,14.06,13.96,14.055,216592
2026-05-08T14:55:00+00:00,14.06,14.075,13.98,13.98,217441
2026-05-08T15:00:00+00:00,13.985,14.05,13.98,14.01,298826
2026-05-08T15:05:00+00:00,14.01,14.06,14.01,14.015,143087
2026-05-08T15:10:00+00:00,14.015,14.05,14.01,14.045,124227
2026-05-08T15:15:00+00:00,14.045,14.05,14.02,14.035,111200
2026-05-08T15:20:00+00:00,14.03,14.05,13.995,14.005,142300
2026-05-08T15:25:00+00:00,14.005,14.03,14.0,14.025,185874
2026-05-08T15:30:00+00:00,14.03,14.06,14.01,14.045,143966
2026-05-08T15:35:00+00:00,14.045,14.06,14.03,14.035,129430
2026-05-08T15:40:00+00:00,14.03,14.06,14.01,14.03,118060
2026-05-08T15:45:00+00:00,14.02,14.119,14.02,14.085,238279
2026-05-08T15:50:00+00:00,14.08,14.1,14.04,14.055,126356
2026-05-08T15:55:00+00:00,14.055,14.06,14.025,14.035,92956
2026-05-08T16:00:00+00:00,14.04,14.045,14.02,14.032,82190
2026-05-08T16:05:00+00:00,14.04,14.05,14.03,14.035,68043
2026-05-08T16:10:00+00:00,14.038,14.05,14.03,14.03,78736
2026-05-08T16:15:00+00:00,14.03,14.035,13.98,13.98,356193
2026-05-08T16:20:00+00:00,13.99,14.015,13.98,14.01,101386
2026-05-08T16:25:00+00:00,14.0,14.035,13.99,14.025,102911
2026-05-08T16:30:00+00:00,14.03,14.03,14.0,14.01,104087
2026-05-08T16:35:00+00:00,14.01,14.02,13.98,14.015,166144
2026-05-08T16:40:00+00:00,14.01,14.015,13.985,13.985,138140
2026-05-08T16:45:00+00:00,13.99,14.035,13.99,14.02,95144
2026-05-08T16:50:00+00:00,14.02,14.03,14.01,14.015,73184
2026-05-08T16:55:00+00:00,14.015,14.015,13.985,14.0,118668
2026-05-08T17:00:00+00:00,13.995,14.0,13.98,13.98,182948
2026-05-08T17:05:00+00:00,13.985,14.05,13.97,14.045,249633
2026-05-08T17:10:00+00:00,14.04,14.05,14.02,14.03,240458
2026-05-08T17:15:00+00:00,14.034,14.075,14.03,14.059,304521
2026-05-08T17:20:00+00:00,14.055,14.06,14.03,14.045,246699
2026-05-08T17:25:00+00:00,14.045,14.07,14.03,14.04,255012
2026-05-08T17:30:00+00:00,14.047,14.085,14.04,14.075,208406
2026-05-08T17:35:00+00:00,14.075,14.09,14.07,14.075,175136
2026-05-08T17:40:00+00:00,14.08,14.09,14.065,14.075,149081
2026-05-08T17:45:00+00:00,14.075,14.095,14.065,14.09,123873
2026-05-08T17:50:00+00:00,14.085,14.15,14.075,14.132,263670
2026-05-08T17:55:00+00:00,14.13,14.155,14.1,14.1,201390
2026-05-08T18:00:00+00:00,14.1,14.24,14.095,14.23,288317
2026-05-08T18:05:00+00:00,14.235,14.24,14.2,14.225,227856
2026-05-08T18:10:00+00:00,14.228,14.23,14.2,14.225,162229
2026-05-08T18:15:00+00:00,14.225,14.23,14.205,14.213,185654
2026-05-08T18:20:00+00:00,14.22,14.23,14.2,14.225,138818
2026-05-08T18:25:00+00:00,14.23,14.29,14.23,14.285,702700
2026-05-08T18:30:00+00:00,14.285,14.29,14.252,14.29,189786
2026-05-08T18:35:00+00:00,14.285,14.29,14.22,14.225,190074
2026-05-08T18:40:00+00:00,14.225,14.225,14.17,14.185,279025
2026-05-08T18:45:00+00:00,14.185,14.21,14.18,14.195,282395
2026-05-08T18:50:00+00:00,14.195,14.22,14.18,14.19,100483
2026-05-08T18:55:00+00:00,14.19,14.2,14.11,14.11,295508
2026-05-08T19:00:00+00:00,14.11,14.16,14.11,14.15,175464
2026-05-08T19:05:00+00:00,14.155,14.21,14.15,14.205,194258
2026-05-08T19:10:00+00:00,14.205,14.23,14.19,14.205,201249
2026-05-08T19:15:00+00:00,14.205,14.24,14.205,14.235,286931
2026-05-08T19:20:00+00:00,14.235,14.29,14.22,14.265,545449
2026-05-08T19:25:00+00:00,14.265,14.345,14.26,14.29,351978
2026-05-08T19:30:00+00:00,14.27,14.335,14.265,14.335,353893
2026-05-08T19:35:00+00:00,14.335,14.34,14.285,14.295,335451
2026-05-08T19:40:00+00:00,14.29,14.309,14.25,14.28,232066
2026-05-08T19:45:00+00:00,14.275,14.34,14.275,14.33,405853
2026-05-08T19:50:00+00:00,14.33,14.34,14.275,14.28,329172
2026-05-08T19:55:00+00:00,14.29,14.3,14.21,14.22,1623482
2026-05-08T20:00:00+00:00,14.22,14.25,14.2,14.22,285999
2026-05-08T20:05:00+00:00,14.22,14.23,14.2,14.23,25476
2026-05-08T20:10:00+00:00,14.213,14.24,14.21,14.214,6160
2026-05-08T20:15:00+00:00,14.24,14.24,14.22,14.23,767
2026-05-08T20:20:00+00:00,14.23,14.23,14.22,14.23,2064
2026-05-08T20:25:00+00:00,14.23,14.23,14.21,14.23,3810
2026-05-08T20:30:00+00:00,14.23,14.23,14.21,14.229,5758
2026-05-08T20:35:00+00:00,14.229,14.23,14.169,14.22,22943
2026-05-08T20:40:00+00:00,14.17,14.23,14.17,14.23,908
2026-05-08T20:45:00+00:00,14.22,14.23,14.18,14.23,20229
2026-05-08T20:50:00+00:00,14.2,14.24,14.2,14.225,1180
2026-05-08T20:55:00+00:00,14.21,14.23,14.2,14.2,1016
2026-05-08T21:00:00+00:00,14.24,14.24,14.22,14.23,419
2026-05-08T21:05:00+00:00,14.23,14.23,14.219,14.23,1169
2026-05-08T21:10:00+00:00,14.23,14.23,14.22,14.23,616
2026-05-08T21:15:00+00:00,14.23,14.23,14.22,14.23,1184
2026-05-08T21:20:00+00:00,14.23,14.23,14.22,14.22,372
2026-05-08T21:25:00+00:00,14.21,14.22,14.2,14.21,5778
2026-05-08T21:30:00+00:00,14.219,14.22,14.2,14.22,332
2026-05-08T21:35:00+00:00,14.2,14.22,14.2,14.2,523
2026-05-08T21:40:00+00:00,14.22,14.22,14.2,14.22,742
2026-05-08T21:45:00+00:00,14.22,14.22,14.21,14.22,612
2026-05-08T21:50:00+00:00,14.215,14.22,14.21,14.215,1978
2026-05-08T21:55:00+00:00,14.22,14.22,14.21,14.22,4879
2026-05-08T22:00:00+00:00,14.228,14.23,14.22,14.23,1329
2026-05-08T22:05:00+00:00,14.23,14.23,14.22,14.23,884
2026-05-08T22:10:00+00:00,14.23,14.23,14.22,14.22,575
2026-05-08T22:15:00+00:00,14.23,14.23,14.22,14.22,3048
2026-05-08T22:20:00+00:00,14.21,14.22,14.21,14.22,788
2026-05-08T22:25:00+00:00,14.211,14.22,14.21,14.21,5797
2026-05-08T22:30:00+00:00,14.22,14.23,14.215,14.22,7245
2026-05-08T22:35:00+00:00,14.22,14.24,14.21,14.219,302
2026-05-08T22:40:00+00:00,14.21,14.22,14.21,14.22,2588
2026-05-08T22:45:00+00:00,14.22,14.22,14.21,14.215,1686
2026-05-08T22:50:00+00:00,14.22,14.23,14.21,14.21,3207
2026-05-08T22:55:00+00:00,14.21,14.21,14.2,14.21,1088
2026-05-08T23:00:00+00:00,14.21,14.21,14.2,14.21,780
2026-05-08T23:05:00+00:00,14.21,14.21,14.2,14.2,4280
2026-05-08T23:10:00+00:00,14.209,14.21,14.2,14.21,177
2026-05-08T23:15:00+00:00,14.21,14.21,14.2,14.2,1142
2026-05-08T23:20:00+00:00,14.2,14.21,14.2,14.201,13697
2026-05-08T23:25:00+00:00,14.21,14.23,14.18,14.195,17890
2026-05-08T23:30:00+00:00,14.186,14.23,14.18,14.22,423
2026-05-08T23:35:00+00:00,14.23,14.23,14.2,14.2,257
2026-05-08T23:40:00+00:00,14.22,14.22,14.19,14.21,1443
2026-05-08T23:45:00+00:00,14.22,14.22,14.2,14.202,2279
2026-05-08T23:50:00+00:00,14.22,14.23,14.2,14.201,934
2026-05-08T23:55:00+00:00,14.21,14.22,14.2,14.22,1826
2026-05-11T08:00:00+00:00,14.23,14.26,14.2,14.23,18847
2026-05-11T08:05:00+00:00,14.25,14.25,14.2,14.21,1260
2026-05-11T08:10:00+00:00,14.21,14.21,14.21,14.21,0
2026-05-11T08:15:00+00:00,14.23,14.249,14.23,14.246,792
2026-05-11T08:20:00+00:00,14.25,14.25,14.25,14.25,1052
2026-05-11T08:25:00+00:00,14.25,14.25,14.22,14.22,160
2026-05-11T08:30:00+00:00,14.22,14.22,14.22,14.22,25
2026-05-11T08:35:00+00:00,14.22,14.22,14.22,14.22,0
2026-05-11T08:40:00+00:00,14.23,14.239,14.23,14.239,83
2026-05-11T08:45:00+00:00,14.23,14.23,14.23,14.23,605
2026-05-11T08:50:00+00:00,14.23,14.23,14.23,14.23,0
2026-05-11T08:55:00+00:00,14.221,14.221,14.221,14.221,45
2026-05-11T09:00:00+00:00,14.23,14.24,14.23,14.239,53
2026-05-11T09:05:00+00:00,14.24,14.24,14.22,14.22,388
2026-05-11T09:10:00+00:00,14.221,14.24,14.221,14.24,156
2026-05-11T09:15:00+00:00,14.24,14.24,14.239,14.239,52
2026-05-11T09:20:00+00:00,14.239,14.239,14.239,14.239,0
2026-05-11T09:25:00+00:00,14.239,14.239,14.239,14.239,0
2026-05-11T09:30:00+00:00,14.23,14.23,14.23,14.23,34
2026-05-11T09:35:00+00:00,14.23,14.23,14.23,14.23,4
2026-05-11T09:40:00+00:00,14.23,14.23,14.23,14.23,295
2026-05-11T09:45:00+00:00,14.22,14.24,14.22,14.23,334
2026-05-11T09:50:00+00:00,14.23,14.23,14.23,14.23,0
2026-05-11T09:55:00+00:00,14.22,14.22,14.22,14.22,214
2026-05-11T10:00:00+00:00,14.21,14.21,14.21,14.21,320
2026-05-11T10:05:00+00:00,14.2,14.2,14.19,14.2,1772
2026-05-11T10:10:00+00:00,14.21,14.21,14.2,14.2,1270
2026-05-11T10:15:00+00:00,14.22,14.22,14.2,14.21,686
2026-05-11T10:20:00+00:00,14.19,14.19,14.19,14.19,50
2026-05-11T10:25:00+00:00,14.21,14.21,14.2,14.2,4
2026-05-11T10:30:00+00:00,14.19,14.202,14.19,14.202,104
2026-05-11T10:35:00+00:00,14.2,14.2,14.17,14.2,5847
2026-05-11T10:40:00+00:00,14.2,14.2,14.2,14.2,0
2026-05-11T10:45:00+00:00,14.2,14.2,14.2,14.2,0
2026-05-11T10:50:00+00:00,14.2,14.2,14.2,14.2,0
2026-05-11T10:55:00+00:00,14.201,14.201,14.201,14.201,2
2026-05-11T11:00:00+00:00,14.21,14.23,14.18,14.22,13433
2026-05-11T11:05:00+00:00,14.22,14.22,14.21,14.21,1152
2026-05-11T11:10:00+00:00,14.22,14.22,14.2,14.21,2690
2026-05-11T11:15:00+00:00,14.21,14.21,14.2,14.2,756
2026-05-11T11:20:00+00:00,14.21,14.21,14.195,14.195,2741
2026-05-11T11:25:00+00:00,14.2,14.21,14.19,14.191,8433
2026-05-11T11:30:00+00:00,14.191,14.21,14.19,14.19,1366
2026-05-11T11:35:00+00:00,14.19,14.21,14.19,14.2,3581
2026-05-11T11:40:00+00:00,14.191,14.2,14.18,14.196,3141
2026-05-11T11:45:00+00:00,14.19,14.19,14.17,14.19,7187
2026-05-11T11:50:00+00:00,14.18,14.18,14.16,14.17,2932
2026-05-11T11:55:00+00:00,14.17,14.18,14.16,14.17,2641
2026-05-11T12:00:00+00:00,14.17,14.18,14.15,14.15,11413
2026-05-11T12:05:00+00:00,14.151,14.17,14.13,14.13,10932
2026-05-11T12:10:00+00:00,14.131,14.15,14.12,14.15,6780
2026-05-11T12:15:00+00:00,14.149,14.15,14.13,14.14,4672
2026-05-11T12:20:00+00:00,14.13,14.14,14.13,14.14,2658
2026-05-11T12:25:00+00:00,14.14,14.15,14.13,14.15,2148
2026-05-11T12:30:00+00:00,14.14,14.19,14.13,14.18,2191
2026-05-11T12:35:00+00:00,14.14,14.18,14.13,14.137,2134
2026-05-11T12:40:00+00:00,14.15,14.15,14.11,14.12,5741
2026-05-11T12:45:00+00:00,14.12,14.12,14.107,14.11,5137
2026-05-11T12:50:00+00:00,14.108,14.12,14.09,14.111,6931
2026-05-11T12:55:00+00:00,14.11,14.12,14.11,14.11,3020
2026-05-11T13:00:00+00:00,14.12,14.12,14.11,14.117,4419
2026-05-11T13:05:00+00:00,14.11,14.14,14.11,14.12,8055
2026-05-11T13:10:00+00:00,14.12,14.13,14.11,14.11,9131
2026-05-11T13:15:00+00:00,14.12,14.22,14.11,14.12,7022
2026-05-11T13:20:00+00:00,14.12,14.12,14.11,14.12,9412
2026-05-11T13:25:00+00:00,14.12,14.13,14.08,14.12,17236
2026-05-11T13:30:00+00:00,14.12,14.21,14.02,14.105,425808
2026-05-11T13:35:00+00:00,14.095,14.15,14.055,14.1,261672
2026-05-11T13:40:00+00:00,14.094,14.17,14.07,14.075,207255
2026-05-11T13:45:00+00:00,14.075,14.16,14.04,14.105,534901
2026-05-11T13:50:00+00:00,14.1,14.15,14.08,14.115,423970
2026-05-11T13:55:00+00:00,14.115,14.13,14.02,14.055,244324
2026-05-11T14:00:00+00:00,14.055,14.1,14.04,14.05,259969
2026-05-11T14:05:00+00:00,14.055,14.145,14.04,14.125,255828
2026-05-11T14:10:00+00:00,14.125,14.155,14.11,14.125,235896
2026-05-11T14:15:00+00:00,14.128,14.18,14.12,14.15,169375
2026-05-11T14:20:00+00:00,14.145,14.16,14.13,14.15,112498
2026-05-11T14:25:00+00:00,14.155,14.17,14.08,14.095,207868
2026-05-11T14:30:00+00:00,14.095,14.115,14.05,14.085,141529
2026-05-11T14:35:00+00:00,14.085,14.13,14.075,14.11,106766
2026-05-11T14:40:00+00:00,14.105,14.135,14.1,14.105,75610
2026-05-11T14:45:00+00:00,14.105,14.11,14.07,14.09,102985
2026-05-11T14:50:00+00:00,14.085,14.09,14.03,14.065,491289
2026-05-11T14:55:00+00:00,14.065,14.09,14.05,14.055,221173
2026-05-11T15:00:00+00:00,14.055,14.118,14.055,14.105,169979
2026-05-11T15:05:00+00:00,14.1,14.135,14.1,14.1,85107
2026-05-11T15:10:00+00:00,14.105,14.15,14.095,14.125,120578
2026-05-11T15:15:00+00:00,14.12,14.19,14.11,14.145,206088
2026-05-11T15:20:00+00:00,14.14,14.17,14.12,14.135,101354
2026-05-11T15:25:00+00:00,14.135,14.155,14.11,14.145,143436
2026-05-11T15:30:00+00:00,14.145,14.17,14.14,14.17,88548
2026-05-11T15:35:00+00:00,14.17,14.185,14.15,14.15,199258
2026-05-11T15:40:00+00:00,14.15,14.18,14.135,14.16,124090
2026-05-11T15:45:00+00:00,14.16,14.177,14.13,14.135,71351
2026-05-11T15:50:00+00:00,14.135,14.14,14.12,14.125,73298
2026-05-11T15:55:00+00:00,14.125,14.125,14.09,14.115,122301
2026-05-11T16:00:00+00:00,14.11,14.15,14.11,14.145,62588
2026-05-11T16:05:00+00:00,14.145,14.165,14.14,14.145,57891
2026-05-11T16:10:00+00:00,14.15,14.185,14.14,14.185,56058
2026-05-11T16:15:00+00:00,14.19,14.275,14.165,14.245,228728
2026-05-11T16:20:00+00:00,14.25,14.3,14.25,14.265,312063
2026-05-11T16:25:00+00:00,14.265,14.345,14.21,14.33,214585
2026-05-11T16:30:00+00:00,14.325,14.34,14.31,14.325,247261
2026-05-11T16:35:00+00:00,14.325,14.33,14.275,14.28,314326
2026-05-11T16:40:00+00:00,14.275,14.28,14.165,14.175,181800
2026-05-11T16:45:00+00:00,14.175,14.25,14.17,14.22,118851
2026-05-11T16:50:00+00:00,14.22,14.23,14.195,14.205,80876
2026-05-11T16:55:00+00:00,14.205,14.22,14.19,14.195,63000
2026-05-11T17:00:00+00:00,14.2,14.215,14.15,14.15,87826
2026-05-11T17:05:00+00:00,14.155,14.16,14.125,14.16,120641
2026-05-11T17:10:00+00:00,14.155,14.165,14.13,14.155,106856
2026-05-11T17:15:00+00:00,14.16,14.17,14.13,14.155,185092
2026-05-11T17:20:00+00:00,14.155,14.215,14.15,14.21,96312
2026-05-11T17:25:00+00:00,14.21,14.226,14.2,14.226,113506
2026-05-11T17:30:00+00:00,14.225,14.24,14.21,14.229,114878
2026-05-11T17:35:00+00:00,14.225,14.26,14.22,14.235,94056
2026-05-11T17:40:00+00:00,14.235,14.27,14.215,14.251,88925
2026-05-11T17:45:00+00:00,14.256,14.28,14.25,14.26,68735
2026-05-11T17:50:00+00:00,14.265,14.27,14.22,14.235,82480
2026-05-11T17:55:00+00:00,14.23,14.26,14.225,14.24,112687
2026-05-11T18:00:00+00:00,14.233,14.31,14.225,14.3,148960
2026-05-11T18:05:00+00:00,14.291,14.345,14.285,14.315,200706
2026-05-11T18:10:00+00:00,14.31,14.335,14.295,14.325,115792
2026-05-11T18:15:00+00:00,14.325,14.34,14.3,14.305,93131
2026-05-11T18:20:00+00:00,14.305,14.32,14.28,14.285,86612
2026-05-11T18:25:00+00:00,14.285,14.298,14.26,14.261,95652
2026-05-11T18:30:00+00:00,14.27,14.3,14.26,14.285,159110
2026-05-11T18:35:00+00:00,14.289,14.3,14.26,14.265,83425
2026-05-11T18:40:00+00:00,14.265,14.28,14.26,14.265,95070
2026-05-11T18:45:00+00:00,14.265,14.277,14.24,14.25,87404
2026-05-11T18:50:00+00:00,14.245,14.25,14.2,14.21,79338
2026-05-11T18:55:00+00:00,14.215,14.235,14.15,14.16,186935
2026-05-11T19:00:00+00:00,14.165,14.215,14.165,14.2,125494
2026-05-11T19:05:00+00:00,14.205,14.24,14.195,14.205,408777
2026-05-11T19:10:00+00:00,14.2,14.245,14.185,14.22,695051
2026-05-11T19:15:00+00:00,14.225,14.225,14.17,14.175,99531
2026-05-11T19:20:00+00:00,14.175,14.195,14.165,14.175,123331
2026-05-11T19:25:00+00:00,14.175,14.19,14.13,14.145,135673
2026-05-11T19:30:00+00:00,14.145,14.15,14.11,14.115,157210
2026-05-11T19:35:00+00:00,14.11,14.135,14.1,14.115,149679
2026-05-11T19:40:00+00:00,14.12,14.13,14.1,14.105,137623
2026-05-11T19:45:00+00:00,14.105,14.11,14.07,14.07,270395
2026-05-11T19:50:00+00:00,14.07,14.07,14.0,14.035,525327
2026-05-11T19:55:00+00:00,14.035,14.09,14.03,14.08,1074800
2026-05-11T20:00:00+00:00,14.08,14.09,14.04,14.08,1544093
2026-05-11T20:05:00+00:00,14.08,14.08,14.06,14.08,1979
2026-05-11T20:10:00+00:00,14.08,14.14,14.075,14.13,8039
2026-05-11T20:15:00+00:00,14.13,14.19,14.08,14.19,14211
2026-05-11T20:20:00+00:00,14.2,14.22,14.16,14.16,62424
2026-05-11T20:25:00+00:00,14.16,14.21,14.16,14.177,2471
2026-05-11T20:30:00+00:00,14.16,14.18,14.11,14.16,26896
2026-05-11T20:35:00+00:00,14.14,14.17,14.12,14.15,2816
2026-05-11T20:40:00+00:00,14.15,14.17,14.13,14.16,3420
2026-05-11T20:45:00+00:00,14.15,14.15,14.12,14.15,3699
2026-05-11T20:50:00+00:00,14.12,14.15,14.12,14.14,1260
2026-05-11T20:55:00+00:00,14.15,14.16,14.13,14.157,1574
2026-05-11T21:00:00+00:00,14.16,14.16,14.12,14.16,3343
2026-05-11T21:05:00+00:00,14.159,14.16,14.14,14.14,722
2026-05-11T21:10:00+00:00,14.14,14.15,14.12,14.12,7496
2026-05-11T21:15:00+00:00,14.15,14.16,14.12,14.16,2339
2026-05-11T21:20:00+00:00,14.16,14.16,14.12,14.14,216
2026-05-11T21:25:00+00:00,14.122,14.152,14.11,14.135,9338
2026-05-11T21:30:00+00:00,14.11,14.16,14.1,14.143,5037
2026-05-11T21:35:00+00:00,14.16,14.16,14.1,14.12,2029
2026-05-11T21:40:00+00:00,14.16,14.16,14.13,14.13,2230
2026-05-11T21:45:00+00:00,14.121,14.15,14.12,14.15,1287
2026-05-11T21:50:00+00:00,14.15,14.15,14.11,14.15,106
2026-05-11T21:55:00+00:00,14.13,14.15,14.12,14.12,3431
2026-05-11T22:00:00+00:00,14.12,14.15,14.12,14.14,5025
2026-05-11T22:05:00+00:00,14.14,14.14,14.12,14.123,1420
2026-05-11T22:10:00+00:00,14.12,14.15,14.11,14.13,100
2026-05-11T22:15:00+00:00,14.15,14.15,14.11,14.15,368
2026-05-11T22:20:00+00:00,14.12,14.15,14.12,14.135,1794
2026-05-11T22:25:00+00:00,14.15,14.15,14.12,14.14,241
2026-05-11T22:30:00+00:00,14.15,14.15,14.12,14.15,1345
2026-05-11T22:35:00+00:00,14.15,14.15,14.13,14.14,948
2026-05-11T22:40:00+00:00,14.15,14.15,14.13,14.14,2079
2026-05-11T22:45:00+00:00,14.14,14.15,14.13,14.149,462
2026-05-11T22:50:00+00:00,14.13,14.15,14.12,14.15,2446
2026-05-11T22:55:00+00:00,14.15,14.15,14.11,14.15,4020
2026-05-11T23:00:00+00:00,14.16,14.16,14.11,14.117,487
2026-05-11T23:05:00+00:00,14.15,14.16,14.12,14.12,639
2026-05-11T23:10:00+00:00,14.12,14.16,14.12,14.12,1534
2026-05-11T23:15:00+00:00,14.16,14.16,14.1,14.135,2471
2026-05-11T23:20:00+00:00,14.16,14.16,14.11,14.16,8149
2026-05-11T23:25:00+00:00,14.13,14.14,14.12,14.14,855
2026-05-11T23:30:00+00:00,14.14,14.14,14.11,14.129,131
2026-05-11T23:35:00+00:00,14.13,14.14,14.12,14.13,2521
2026-05-11T23:40:00+00:00,14.13,14.13,14.12,14.13,1332
2026-05-11T23:45:00+00:00,14.129,14.14,14.12,14.14,1168
2026-05-11T23:50:00+00:00,14.138,14.14,14.12,14.121,1410
2026-05-11T23:55:00+00:00,14.13,14.14,14.12,14.14,7890
2026-05-12T08:00:00+00:00,13.92,14.138,13.92,14.08,29824
2026-05-12T08:05:00+00:00,14.07,14.09,14.06,14.06,982
2026-05-12T08:10:00+00:00,14.06,14.08,14.06,14.08,305
2026-05-12T08:15:00+00:00,14.083,14.083,14.08,14.08,2505
2026-05-12T08:20:00+00:00,14.08,14.08,14.08,14.08,0
2026-05-12T08:25:00+00:00,14.072,14.072,14.072,14.072,25
2026-05-12T08:30:00+00:00,14.09,14.09,14.042,14.07,22119
2026-05-12T08:35:00+00:00,14.068,14.068,14.03,14.03,1029
2026-05-12T08:40:00+00:00,14.05,14.05,14.04,14.04,88
2026-05-12T08:45:00+00:00,14.04,14.08,14.04,14.08,2213
2026-05-12T08:50:00+00:00,14.08,14.08,14.08,14.08,0
2026-05-12T08:55:00+00:00,14.07,14.07,14.03,14.03,478
2026-05-12T09:00:00+00:00,14.034,14.034,14.03,14.03,597
2026-05-12T09:05:00+00:00,14.06,14.06,14.06,14.06,15
2026-05-12T09:10:00+00:00,14.07,14.07,14.05,14.05,186
2026-05-12T09:15:00+00:00,14.05,14.05,14.05,14.05,20000
2026-05-12T09:20:00+00:00,14.04,14.06,14.04,14.06,310
2026-05-12T09:25:00+00:00,14.06,14.06,14.037,14.037,550
2026-05-12T09:30:00+00:00,14.05,14.06,14.05,14.06,141
2026-05-12T09:35:00+00:00,14.06,14.06,14.06,14.06,0
2026-05-12T09:40:00+00:00,14.06,14.06,14.06,14.06,0
2026-05-12T09:45:00+00:00,14.08,14.08,14.08,14.08,10
2026-05-12T09:50:00+00:00,14.08,14.08,14.078,14.08,697
2026-05-12T09:55:00+00:00,14.07,14.08,14.07,14.08,3
2026-05-12T10:00:00+00:00,14.07,14.07,14.07,14.07,65
2026-05-12T10:05:00+00:00,14.08,14.08,14.07,14.07,32
2026-05-12T10:10:00+00:00,14.08,14.08,14.06,14.06,625
2026-05-12T10:15:00+00:00,14.07,14.07,14.062,14.062,2
2026-05-12T10:20:00+00:00,14.07,14.07,14.07,14.07,1
2026-05-12T10:25:00+00:00,14.07,14.08,14.07,14.08,70
2026-05-12T10:30:00+00:00,14.08,14.08,14.061,14.061,131
2026-05-12T10:35:00+00:00,14.08,14.08,14.079,14.08,116
2026-05-12T10:40:00+00:00,14.06,14.08,14.06,14.08,1285
2026-05-12T10:45:00+00:00,14.08,14.08,14.061,14.061,754
2026-05-12T10:50:00+00:00,14.067,14.067,14.067,14.067,4
2026-05-12T10:55:00+00:00,14.07,14.07,14.07,14.07,5
2026-05-12T11:00:00+00:00,14.07,14.08,14.06,14.06,3851
2026-05-12T11:05:00+00:00,14.06,14.07,14.04,14.07,17871
2026-05-12T11:10:00+00:00,14.08,14.08,14.05,14.05,7983
2026-05-12T11:15:00+00:00,14.08,14.08,14.05,14.06,5336
2026-05-12T11:20:00+00:00,14.06,14.06,14.031,14.031,4027
2026-05-12T11:25:00+00:00,14.049,14.05,14.04,14.04,11002
2026-05-12T11:30:00+00:00,14.04,14.05,14.03,14.04,1619
2026-05-12T11:35:00+00:00,14.04,14.05,14.03,14.049,3045
2026-05-12T11:40:00+00:00,14.036,14.14,14.036,14.11,1815
2026-05-12T11:45:00+00:00,14.14,14.14,14.03,14.08,1381
2026-05-12T11:50:00+00:00,14.13,14.14,14.08,14.08,3467
2026-05-12T11:55:00+00:00,14.08,14.08,14.055,14.08,1596
2026-05-12T12:00:00+00:00,14.08,14.08,14.03,14.04,6395
2026-05-12T12:05:00+00:00,14.055,14.07,14.04,14.055,1260
2026-05-12T12:10:00+00:00,14.06,14.06,14.05,14.06,15731
2026-05-12T12:15:00+00:00,14.06,14.06,14.04,14.06,3117
2026-05-12T12:20:00+00:00,14.06,14.06,14.04,14.057,4532
2026-05-12T12:25:00+00:00,14.057,14.06,14.02,14.04,3116
2026-05-12T12:30:00+00:00,14.02,14.06,14.01,14.05,10787
2026-05-12T12:35:00+00:00,14.01,14.05,14.01,14.05,4558
2026-05-12T12:40:00+00:00,14.06,14.08,14.03,14.08,24090
2026-05-12T12:45:00+00:00,14.05,14.08,14.03,14.06,5621
2026-05-12T12:50:00+00:00,14.08,14.08,14.05,14.07,3735
2026-05-12T12:55:00+00:00,14.07,14.07,14.05,14.07,2060
2026-05-12T13:00:00+00:00,14.06,14.07,14.05,14.06,1002
2026-05-12T13:05:00+00:00,14.062,14.07,14.06,14.061,3733
2026-05-12T13:10:00+00:00,14.069,14.07,14.041,14.041,3174
2026-05-12T13:15:00+00:00,14.056,14.06,14.03,14.049,6269
2026-05-12T13:20:00+00:00,14.049,14.05,14.03,14.05,10576
2026-05-12T13:25:00+00:00,14.05,14.05,14.01,14.01,9674
2026-05-12T13:30:00+00:00,14.01,14.19,13.97,13.97,318120
2026-05-12T13:35:00+00:00,13.985,14.01,13.85,13.865,415126
2026-05-12T13:40:00+00:00,13.865,13.92,13.83,13.91,414434
2026-05-12T13:45:00+00:00,13.91,13.93,13.825,13.855,320979
2026-05-12T13:50:00+00:00,13.855,13.91,13.84,13.885,154089
2026-05-12T13:55:00+00:00,13.885,13.91,13.79,13.83,332946
2026-05-12T14:00:00+00:00,13.83,13.84,13.8,13.815,249245
2026-05-12T14:05:00+00:00,13.815,13.89,13.815,13.88,187506
2026-05-12T14:10:00+00:00,13.885,13.89,13.84,13.86,166575
2026-05-12T14:15:00+00:00,13.865,13.91,13.855,13.9,156294
2026-05-12T14:20:00+00:00,13.9,13.91,13.855,13.87,123880
2026-05-12T14:25:00+00:00,13.87,13.87,13.825,13.85,158527
2026-05-12T14:30:00+00:00,13.86,13.865,13.77,13.79,292249
2026-05-12T14:35:00+00:00,13.79,13.85,13.77,13.845,243730
2026-05-12T14:40:00+00:00,13.845,13.89,13.83,13.85,172329
2026-05-12T14:45:00+00:00,13.859,13.859,13.77,13.775,320350
2026-05-12T14:50:00+00:00,13.772,13.795,13.75,13.76,348708
2026-05-12T14:55:00+00:00,13.755,13.79,13.755,13.76,163711
2026-05-12T15:00:00+00:00,13.769,13.785,13.755,13.765,200569
2026-05-12T15:05:00+00:00,13.765,13.78,13.74,13.765,210957
2026-05-12T15:10:00+00:00,13.77,13.77,13.71,13.713,155841
2026-05-12T15:15:00+00:00,13.715,13.72,13.66,13.695,361520
2026-05-12T15:20:00+00:00,13.7,13.72,13.66,13.675,234357
2026-05-12T15:25:00+00:00,13.675,13.69,13.64,13.66,170262
2026-05-12T15:30:00+00:00,13.66,13.7,13.65,13.69,150577
2026-05-12T15:35:00+00:00,13.685,13.78,13.675,13.77,310918
2026-05-12T15:40:00+00:00,13.765,13.805,13.74,13.8,183889
2026-05-12T15:45:00+00:00,13.8,13.825,13.78,13.785,196920
2026-05-12T15:50:00+00:00,13.785,13.79,13.76,13.77,115197
2026-05-12T15:55:00+00:00,13.765,13.775,13.755,13.76,96864
2026-05-12T16:00:00+00:00,13.76,13.79,13.74,13.78,92325
2026-05-12T16:05:00+00:00,13.78,13.79,13.751,13.78,80079
2026-05-12T16:10:00+00:00,13.77,13.8,13.755,13.795,98953
2026-05-12T16:15:00+00:00,13.795,13.81,13.78,13.805,104686
2026-05-12T16:20:00+00:00,13.805,13.805,13.78,13.805,73483
2026-05-12T16:25:00+00:00,13.805,13.81,13.79,13.8,55297
2026-05-12T16:30:00+00:00,13.81,13.83,13.78,13.78,81858
2026-05-12T16:35:00+00:00,13.78,13.805,13.765,13.77,53067
2026-05-12T16:40:00+00:00,13.775,13.8,13.74,13.755,107073
2026-05-12T16:45:00+00:00,13.755,13.755,13.72,13.73,69833
2026-05-12T16:50:00+00:00,13.735,13.75,13.72,13.735,76710
2026-05-12T16:55:00+00:00,13.735,13.75,13.72,13.735,53408
2026-05-12T17:00:00+00:00,13.74,13.805,13.74,13.785,95362
2026-05-12T17:05:00+00:00,13.785,13.82,13.785,13.795,239604
2026-05-12T17:10:00+00:00,13.795,13.84,13.79,13.82,75503
2026-05-12T17:15:00+00:00,13.83,13.84,13.82,13.835,93384
2026-05-12T17:20:00+00:00,13.84,13.855,13.83,13.835,97768
2026-05-12T17:25:00+00:00,13.835,13.835,13.8,13.805,67666
2026-05-12T17:30:00+00:00,13.805,13.83,13.79,13.815,106841
2026-05-12T17:35:00+00:00,13.815,13.84,13.8,13.825,87013
2026-05-12T17:40:00+00:00,13.825,13.83,13.81,13.825,56185
2026-05-12T17:45:00+00:00,13.82,13.825,13.79,13.81,73080
2026-05-12T17:50:00+00:00,13.82,13.84,13.81,13.83,75609
2026-05-12T17:55:00+00:00,13.83,13.85,13.82,13.834,69701
2026-05-12T18:00:00+00:00,13.835,13.895,13.83,13.89,101399
2026-05-12T18:05:00+00:00,13.895,13.9,13.88,13.9,113286
2026-05-12T18:10:00+00:00,13.897,13.93,13.89,13.93,97740
2026-05-12T18:15:00+00:00,13.93,13.95,13.925,13.944,169655
2026-05-12T18:20:00+00:00,13.945,13.99,13.94,13.96,189966
2026-05-12T18:25:00+00:00,13.97,14.0,13.925,13.965,251938
2026-05-12T18:30:00+00:00,13.965,14.01,13.96,14.005,169184
2026-05-12T18:35:00+00:00,14.005,14.02,13.96,13.965,164672
2026-05-12T18:40:00+00:00,13.965,13.97,13.945,13.945,93275
2026-05-12T18:45:00+00:00,13.945,13.98,13.92,13.975,95175
2026-05-12T18:50:00+00:00,13.979,14.02,13.97,13.99,83202
2026-05-12T18:55:00+00:00,13.995,14.01,13.925,13.935,145652
2026-05-12T19:00:00+00:00,13.94,14.02,13.94,14.005,113857
2026-05-12T19:05:00+00:00,14.0,14.09,14.0,14.08,144896
2026-05-12T19:10:00+00:00,14.09,14.125,14.075,14.075,162437
2026-05-12T19:15:00+00:00,14.075,14.095,14.045,14.05,99455
2026-05-12T19:20:00+00:00,14.045,14.06,14.04,14.055,95263
2026-05-12T19:25:00+00:00,14.05,14.06,13.95,13.955,135842
2026-05-12T19:30:00+00:00,13.955,14.03,13.955,14.02,94370
2026-05-12T19:35:00+00:00,14.03,14.03,14.01,14.025,69004
2026-05-12T19:40:00+00:00,14.02,14.04,14.02,14.035,129349
2026-05-12T19:45:00+00:00,14.03,14.06,14.03,14.06,118254
2026-05-12T19:50:00+00:00,14.06,14.065,13.995,14.03,306828
2026-05-12T19:55:00+00:00,14.025,14.025,13.94,13.95,875153
2026-05-12T20:00:00+00:00,13.95,13.98,13.94,13.95,1190712
2026-05-12T20:05:00+00:00,13.96,13.97,13.94,13.955,2977
2026-05-12T20:10:00+00:00,13.95,13.97,13.94,13.97,6459
2026-05-12T20:15:00+00:00,13.97,13.97,13.94,13.97,1522
2026-05-12T20:20:00+00:00,13.97,13.97,13.94,13.96,195
2026-05-12T20:25:00+00:00,13.96,13.97,13.95,13.96,402
2026-05-12T20:30:00+00:00,13.96,13.98,13.94,13.97,987
2026-05-12T20:35:00+00:00,13.966,13.97,13.94,13.95,403
2026-05-12T20:40:00+00:00,13.97,13.97,13.94,13.945,235
2026-05-12T20:45:00+00:00,13.95,13.98,13.94,13.98,1936
2026-05-12T20:50:00+00:00,13.94,13.98,13.94,13.98,823
2026-05-12T20:55:00+00:00,13.94,13.97,13.94,13.96,40
2026-05-12T21:00:00+00:00,13.952,13.97,13.95,13.96,1999
2026-05-12T21:05:00+00:00,13.96,13.96,13.95,13.955,444
2026-05-12T21:10:00+00:00,13.96,13.97,13.95,13.95,13445
2026-05-12T21:15:00+00:00,13.95,13.97,13.95,13.97,156
2026-05-12T21:20:00+00:00,13.953,13.97,13.953,13.97,85
2026-05-12T21:25:00+00:00,13.98,13.98,13.95,13.98,231
2026-05-12T21:30:00+00:00,13.98,13.98,13.95,13.979,1049
2026-05-12T21:35:00+00:00,13.98,13.98,13.96,13.97,5274
2026-05-12T21:40:00+00:00,13.96,13.98,13.96,13.96,1085
2026-05-12T21:45:00+00:00,13.98,13.98,13.96,13.979,674
2026-05-12T21:50:00+00:00,13.978,13.98,13.97,13.98,192
2026-05-12T21:55:00+00:00,13.97,13.98,13.955,13.965,695
2026-05-12T22:00:00+00:00,13.95,13.97,13.95,13.96,15281
2026-05-12T22:05:00+00:00,13.96,13.99,13.96,13.975,3067
2026-05-12T22:10:00+00:00,13.99,13.99,13.97,13.98,343
2026-05-12T22:15:00+00:00,13.97,13.98,13.97,13.98,127
2026-05-12T22:20:00+00:00,13.97,13.99,13.97,13.97,1465
2026-05-12T22:25:00+00:00,13.98,13.98,13.97,13.97,286
2026-05-12T22:30:00+00:00,13.98,13.98,13.97,13.98,528
2026-05-12T22:35:00+00:00,13.99,13.99,13.97,13.98,2032
2026-05-12T22:40:00+00:00,13.99,13.99,13.97,13.97,160
2026-05-12T22:45:00+00:00,13.99,13.99,13.96,13.975,41
2026-05-12T22:50:00+00:00,13.975,13.99,13.96,13.97,1646
2026-05-12T22:55:00+00:00,13.975,13.99,13.96,13.97,1296
2026-05-12T23:00:00+00:00,13.98,13.98,13.97,13.98,160
2026-05-12T23:05:00+00:00,13.97,13.98,13.97,13.97,589
2026-05-12T23:10:00+00:00,13.97,13.98,13.97,13.97,534
2026-05-12T23:15:00+00:00,13.97,13.99,13.97,13.98,1064
2026-05-12T23:20:00+00:00,13.97,13.98,13.97,13.98,90
2026-05-12T23:25:00+00:00,13.99,13.99,13.963,13.97,347
2026-05-12T23:30:00+00:00,13.97,13.977,13.96,13.977,42
2026-05-12T23:35:00+00:00,13.98,13.98,13.96,13.97,248
2026-05-12T23:40:00+00:00,13.97,13.98,13.96,13.97,2234
2026-05-12T23:45:00+00:00,13.96,13.98,13.96,13.96,2389
2026-05-12T23:50:00+00:00,13.97,13.99,13.96,13.961,418
2026-05-12T23:55:00+00:00,13.978,13.978,13.96,13.96,5051
2026-05-13T08:00:00+00:00,13.6,14.127,13.6,14.033,4284
2026-05-13T08:05:00+00:00,14.03,14.03,14.0,14.02,791
2026-05-13T08:10:00+00:00,14.02,14.02,14.02,14.02,5
2026-05-13T08:15:00+00:00,14.02,14.05,14.02,14.05,161
2026-05-13T08:20:00+00:00,14.02,14.07,14.02,14.05,58
2026-05-13T08:25:00+00:00,14.04,14.05,14.04,14.04,109
2026-05-13T08:30:00+00:00,14.029,14.029,14.01,14.01,231
2026-05-13T08:35:00+00:00,14.011,14.02,14.01,14.01,253
2026-05-13T08:40:00+00:00,14.02,14.03,14.016,14.03,281
2026-05-13T08:45:00+00:00,14.02,14.02,14.02,14.02,3
2026-05-13T08:50:00+00:00,14.02,14.02,14.0,14.0,150
2026-05-13T08:55:00+00:00,14.019,14.02,14.019,14.02,230
2026-05-13T09:00:00+00:00,14.02,14.02,14.02,14.02,50
2026-05-13T09:05:00+00:00,14.01,14.01,14.01,14.01,7
2026-05-13T09:10:00+00:00,14.0,14.0,14.0,14.0,431
2026-05-13T09:15:00+00:00,14.0,14.0,13.99,13.99,227
2026-05-13T09:20:00+00:00,13.998,14.0,13.99,13.99,437
2026-05-13T09:25:00+00:00,13.998,14.0,13.998,14.0,300
2026-05-13T09:30:00+00:00,14.0,14.0,13.998,13.998,175
2026-05-13T09:35:00+00:00,14.0,14.0,13.99,13.99,680
2026-05-13T09:40:00+00:00,14.0,14.0,14.0,14.0,1630
2026-05-13T09:45:00+00:00,14.0,14.0,14.0,14.0,0
2026-05-13T09:50:00+00:00,14.0,14.0,14.0,14.0,101
2026-05-13T09:55:00+00:00,14.02,14.02,14.002,14.002,267
2026-05-13T10:00:00+00:00,14.0,14.01,14.0,14.01,51
2026-05-13T10:05:00+00:00,14.0,14.0,14.0,14.0,723
2026-05-13T10:10:00+00:00,14.0,14.02,14.0,14.02,2
2026-05-13T10:15:00+00:00,13.99,13.99,13.99,13.99,3
2026-05-13T10:20:00+00:00,13.991,14.001,13.991,14.001,251
2026-05-13T10:25:00+00:00,14.02,14.02,14.0,14.0,611
2026-05-13T10:30:00+00:00,14.01,14.01,14.0,14.0,155
2026-05-13T10:35:00+00:00,14.0,14.0,14.0,14.0,0
2026-05-13T10:40:00+00:00,13.99,14.005,13.98,14.005,566
2026-05-13T10:45:00+00:00,13.98,13.98,13.98,13.98,2
2026-05-13T10:50:00+00:00,14.005,14.005,14.005,14.005,42
2026-05-13T10:55:00+00:00,14.0,14.0,14.0,14.0,480
2026-05-13T11:00:00+00:00,13.981,14.03,13.981,14.015,13883
2026-05-13T11:05:00+00:00,14.015,14.03,14.0,14.01,9022
2026-05-13T11:10:00+00:00,14.01,14.03,14.01,14.01,990
2026-05-13T11:15:00+00:00,14.0,14.03,13.99,13.995,331
2026-05-13T11:20:00+00:00,14.0,14.0,13.98,13.985,3355
2026-05-13T11:25:00+00:00,13.99,14.03,13.97,14.02,2040
2026-05-13T11:30:00+00:00,14.01,14.01,13.98,13.98,4190
2026-05-13T11:35:00+00:00,13.981,14.0,13.98,14.0,39997
2026-05-13T11:40:00+00:00,14.01,14.01,13.99,13.99,216
2026-05-13T11:45:00+00:00,14.0,14.0,13.98,13.99,3770
2026-05-13T11:50:00+00:00,13.985,13.99,13.98,13.99,1970
2026-05-13T11:55:00+00:00,13.99,13.99,13.98,13.99,9269
2026-05-13T12:00:00+00:00,13.99,14.0,13.98,13.99,645
2026-05-13T12:05:00+00:00,13.99,14.0,13.98,14.0,1258
2026-05-13T12:10:00+00:00,13.99,14.0,13.99,14.0,3429
2026-05-13T12:15:00+00:00,13.995,14.001,13.99,14.001,26021
2026-05-13T12:20:00+00:00,14.002,14.01,13.99,14.0,26588
2026-05-13T12:25:00+00:00,14.0,14.03,13.99,14.03,2671
2026-05-13T12:30:00+00:00,13.99,14.0,13.95,13.96,29266
2026-05-13T12:35:00+00:00,13.95,13.96,13.91,13.91,5535
2026-05-13T12:40:00+00:00,13.91,13.94,13.91,13.915,4744
2026-05-13T12:45:00+00:00,13.92,13.92,13.91,13.915,21618
2026-05-13T12:50:00+00:00,13.92,13.95,13.91,13.92,7862
2026-05-13T12:55:00+00:00,13.93,13.93,13.9,13.91,10493
2026-05-13T13:00:00+00:00,13.91,13.94,13.9,13.93,2832
2026-05-13T13:05:00+00:00,13.93,13.94,13.9,13.92,3179
2026-05-13T13:10:00+00:00,13.92,13.94,13.9,13.91,324248
2026-05-13T13:15:00+00:00,13.91,13.93,13.88,13.88,25120
2026-05-13T13:20:00+00:00,13.903,13.92,13.88,13.92,13491
2026-05-13T13:25:00+00:00,13.91,13.94,13.88,13.91,7136
2026-05-13T13:30:00+00:00,13.91,14.08,13.87,14.01,372899
2026-05-13T13:35:00+00:00,14.01,14.05,13.935,13.965,125390
2026-05-13T13:40:00+00:00,13.96,14.015,13.94,13.985,137284
2026-05-13T13:45:00+00:00,13.99,14.09,13.95,14.075,288338
2026-05-13T13:50:00+00:00,14.075,14.105,14.011,14.045,309218
2026-05-13T13:55:00+00:00,14.05,14.06,13.955,13.98,142123
2026-05-13T14:00:00+00:00,13.995,14.1,13.975,14.065,148640
2026-05-13T14:05:00+00:00,14.065,14.16,14.065,14.136,289307
2026-05-13T14:10:00+00:00,14.13,14.19,14.13,14.17,283620
2026-05-13T14:15:00+00:00,14.165,14.18,14.11,14.11,173323
2026-05-13T14:20:00+00:00,14.12,14.19,14.1,14.11,209238
2026-05-13T14:25:00+00:00,14.11,14.15,14.09,14.13,187775
2026-05-13T14:30:00+00:00,14.125,14.24,14.12,14.195,328590
2026-05-13T14:35:00+00:00,14.195,14.21,14.15,14.175,131283
2026-05-13T14:40:00+00:00,14.17,14.205,14.145,14.157,111457
2026-05-13T14:45:00+00:00,14.15,14.205,14.11,14.185,191029
2026-05-13T14:50:00+00:00,14.185,14.245,14.175,14.23,150996
2026-05-13T14:55:00+00:00,14.235,14.28,14.23,14.244,283388
2026-05-13T15:00:00+00:00,14.24,14.425,14.24,14.345,811449
2026-05-13T15:05:00+00:00,14.345,14.44,14.32,14.405,349232
2026-05-13T15:10:00+00:00,14.41,14.475,14.37,14.44,314925
2026-05-13T15:15:00+00:00,14.435,14.54,14.4,14.535,328284
2026-05-13T15:20:00+00:00,14.54,14.62,14.51,14.6,583140
2026-05-13T15:25:00+00:00,14.595,14.605,14.503,14.595,399427
2026-05-13T15:30:00+00:00,14.6,14.61,14.5,14.56,280363
2026-05-13T15:35:00+00:00,14.555,14.6,14.53,14.575,383334
2026-05-13T15:40:00+00:00,14.575,14.595,14.53,14.555,319906
2026-05-13T15:45:00+00:00,14.56,14.56,14.435,14.495,423662
2026-05-13T15:50:00+00:00,14.495,14.53,14.47,14.525,132168
2026-05-13T15:55:00+00:00,14.525,14.53,14.43,14.445,320924
2026-05-13T16:00:00+00:00,14.445,14.51,14.443,14.505,265067
2026-05-13T16:05:00+00:00,14.505,14.555,14.485,14.515,75645
2026-05-13T16:10:00+00:00,14.52,14.52,14.47,14.495,77957
2026-05-13T16:15:00+00:00,14.491,14.5,14.422,14.445,145143
2026-05-13T16:20:00+00:00,14.44,14.525,14.43,14.5,105986
2026-05-13T16:25:00+00:00,14.5,14.54,14.49,14.517,68033
2026-05-13T16:30:00+00:00,14.515,14.619,14.515,14.6,345161
2026-05-13T16:35:00+00:00,14.6,14.615,14.56,14.565,161099
2026-05-13T16:40:00+00:00,14.57,14.57,14.54,14.546,92394
2026-05-13T16:45:00+00:00,14.54,14.56,14.51,14.535,99170
2026-05-13T16:50:00+00:00,14.535,14.57,14.481,14.499,134496
2026-05-13T16:55:00+00:00,14.5,14.53,14.49,14.52,110480
2026-05-13T17:00:00+00:00,14.53,14.57,14.485,14.49,159599
2026-05-13T17:05:00+00:00,14.49,14.53,14.47,14.48,82140
2026-05-13T17:10:00+00:00,14.48,14.49,14.403,14.405,164341
2026-05-13T17:15:00+00:00,14.41,14.435,14.38,14.415,252971
2026-05-13T17:20:00+00:00,14.413,14.415,14.37,14.38,100561
2026-05-13T17:25:00+00:00,14.38,14.46,14.38,14.445,164247
2026-05-13T17:30:00+00:00,14.446,14.45,14.4,14.405,85334
2026-05-13T17:35:00+00:00,14.41,14.42,14.365,14.375,70848
2026-05-13T17:40:00+00:00,14.375,14.41,14.36,14.395,89008
2026-05-13T17:45:00+00:00,14.395,14.425,14.395,14.42,52067
2026-05-13T17:50:00+00:00,14.415,14.42,14.39,14.4,80685
2026-05-13T17:55:00+00:00,14.41,14.42,14.38,14.38,81856
2026-05-13T18:00:00+00:00,14.39,14.43,14.38,14.421,96550
2026-05-13T18:05:00+00:00,14.42,14.495,14.415,14.485,184613
2026-05-13T18:10:00+00:00,14.48,14.525,14.44,14.515,141033
2026-05-13T18:15:00+00:00,14.515,14.54,14.5,14.52,195537
2026-05-13T18:20:00+00:00,14.515,14.55,14.51,14.525,159620
2026-05-13T18:25:00+00:00,14.52,14.68,14.515,14.61,416609
2026-05-13T18:30:00+00:00,14.605,14.62,14.47,14.475,267290
2026-05-13T18:35:00+00:00,14.47,14.47,14.42,14.46,176992
2026-05-13T18:40:00+00:00,14.455,14.49,14.445,14.45,110862
2026-05-13T18:45:00+00:00,14.441,14.465,14.425,14.43,86496
2026-05-13T18:50:00+00:00,14.435,14.46,14.42,14.455,205605
2026-05-13T18:55:00+00:00,14.45,14.49,14.44,14.46,465500
2026-05-13T19:00:00+00:00,14.465,14.5,14.45,14.495,207777
2026-05-13T19:05:00+00:00,14.495,14.5,14.48,14.5,72753
2026-05-13T19:10:00+00:00,14.5,14.53,14.485,14.49,237250
2026-05-13T19:15:00+00:00,14.485,14.53,14.46,14.51,178331
2026-05-13T19:20:00+00:00,14.52,14.52,14.415,14.415,129190
2026-05-13T19:25:00+00:00,14.415,14.45,14.415,14.445,123509
2026-05-13T19:30:00+00:00,14.45,14.47,14.435,14.46,142270
2026-05-13T19:35:00+00:00,14.455,14.46,14.444,14.445,109955
2026-05-13T19:40:00+00:00,14.44,14.47,14.41,14.415,211725
2026-05-13T19:45:00+00:00,14.411,14.43,14.36,14.365,294236
2026-05-13T19:50:00+00:00,14.36,14.36,14.28,14.315,370081
2026-05-13T19:55:00+00:00,14.315,14.345,14.255,14.27,1060370
2026-05-13T20:00:00+00:00,14.27,14.33,14.25,14.27,219139
2026-05-13T20:05:00+00:00,14.26,14.29,14.24,14.25,8448
2026-05-13T20:10:00+00:00,14.27,14.29,14.25,14.26,168
2026-05-13T20:15:00+00:00,14.27,14.29,14.26,14.28,1661
2026-05-13T20:20:00+00:00,14.28,14.29,14.27,14.285,3908
2026-05-13T20:25:00+00:00,14.28,14.3,14.28,14.3,3208
2026-05-13T20:30:00+00:00,14.28,14.3,14.28,14.3,949
2026-05-13T20:35:00+00:00,14.317,14.33,14.31,14.32,2586
2026-05-13T20:40:00+00:00,14.32,14.32,14.31,14.32,286
2026-05-13T20:45:00+00:00,14.32,14.32,14.3,14.31,1222
2026-05-13T20:50:00+00:00,14.3,14.31,14.29,14.31,785
2026-05-13T20:55:00+00:00,14.31,14.33,14.29,14.33,2873
2026-05-13T21:00:00+00:00,14.32,14.33,14.3,14.3,1143
2026-05-13T21:05:00+00:00,14.29,14.33,14.29,14.32,2916
2026-05-13T21:10:00+00:00,14.29,14.32,14.29,14.29,391
2026-05-13T21:15:00+00:00,14.32,14.32,14.29,14.32,296
2026-05-13T21:20:00+00:00,14.32,14.32,14.29,14.32,2059
2026-05-13T21:25:00+00:00,14.31,14.33,14.31,14.33,342
2026-05-13T21:30:00+00:00,14.32,14.33,14.32,14.32,250
2026-05-13T21:35:00+00:00,14.33,14.33,14.32,14.325,112
2026-05-13T21:40:00+00:00,14.33,14.33,14.32,14.32,519
2026-05-13T21:45:00+00:00,14.32,14.33,14.32,14.33,955
2026-05-13T21:50:00+00:00,14.33,14.33,14.32,14.325,1090
2026-05-13T21:55:00+00:00,14.32,14.33,14.32,14.325,182
2026-05-13T22:00:00+00:00,14.32,14.33,14.32,14.33,3362
2026-05-13T22:05:00+00:00,14.33,14.33,14.32,14.32,245
2026-05-13T22:10:00+00:00,14.33,14.33,14.32,14.325,615
2026-05-13T22:15:00+00:00,14.33,14.33,14.32,14.325,1798
2026-05-13T22:20:00+00:00,14.32,14.33,14.32,14.32,1262
2026-05-13T22:25:00+00:00,14.33,14.33,14.32,14.32,262
2026-05-13T22:30:00+00:00,14.32,14.33,14.32,14.33,1219
2026-05-13T22:35:00+00:00,14.33,14.33,14.32,14.33,2686
2026-05-13T22:40:00+00:00,14.329,14.34,14.32,14.34,1080
2026-05-13T22:45:00+00:00,14.32,14.34,14.32,14.34,631
2026-05-13T22:50:00+00:00,14.33,14.34,14.33,14.34,39
2026-05-13T22:55:00+00:00,14.33,14.34,14.32,14.33,2943
2026-05-13T23:00:00+00:00,14.33,14.33,14.32,14.325,565
2026-05-13T23:05:00+00:00,14.33,14.33,14.32,14.325,1817
2026-05-13T23:10:00+00:00,14.32,14.33,14.32,14.33,1436
2026-05-13T23:15:00+00:00,14.32,14.33,14.32,14.327,1379
2026-05-13T23:20:00+00:00,14.32,14.33,14.32,14.325,5641
2026-05-13T23:25:00+00:00,14.32,14.33,14.32,14.33,209
2026-05-13T23:30:00+00:00,14.32,14.32,14.3,14.32,341
2026-05-13T23:35:00+00:00,14.319,14.33,14.31,14.32,5178
2026-05-13T23:40:00+00:00,14.32,14.33,14.31,14.323,1080
2026-05-13T23:45:00+00:00,14.33,14.33,14.32,14.329,1174
2026-05-13T23:50:00+00:00,14.33,14.33,14.31,14.33,1026
2026-05-13T23:55:00+00:00,14.33,14.33,14.31,14.33,4852
2026-05-14T08:00:00+00:00,14.31,14.34,14.204,14.295,8578
2026-05-14T08:05:00+00:00,14.28,14.33,14.27,14.3,2211
2026-05-14T08:10:00+00:00,14.26,14.27,14.26,14.27,103
2026-05-14T08:15:00+00:00,14.27,14.27,14.27,14.27,0
2026-05-14T08:20:00+00:00,14.3,14.318,14.3,14.318,1072
2026-05-14T08:25:00+00:00,14.318,14.318,14.318,14.318,0
2026-05-14T08:30:00+00:00,14.31,14.32,14.31,14.32,1120
2026-05-14T08:35:00+00:00,14.32,14.33,14.31,14.33,360
2026-05-14T08:40:00+00:00,14.35,14.35,14.31,14.31,3299
2026-05-14T08:45:00+00:00,14.3,14.34,14.3,14.337,146
2026-05-14T08:50:00+00:00,14.33,14.33,14.33,14.33,13
2026-05-14T08:55:00+00:00,14.34,14.34,14.29,14.3,166
2026-05-14T09:00:00+00:00,14.29,14.29,14.29,14.29,33
2026-05-14T09:05:00+00:00,14.32,14.32,14.32,14.32,10
2026-05-14T09:10:00+00:00,14.29,14.29,14.29,14.29,30
2026-05-14T09:15:00+00:00,14.293,14.3,14.29,14.29,946
2026-05-14T09:20:00+00:00,14.31,14.31,14.31,14.31,1
2026-05-14T09:25:00+00:00,14.31,14.31,14.31,14.31,100
2026-05-14T09:30:00+00:00,14.347,14.347,14.347,14.347,30
2026-05-14T09:35:00+00:00,14.3,14.3,14.26,14.26,1537
2026-05-14T09:40:00+00:00,14.328,14.328,14.328,14.328,20
2026-05-14T09:45:00+00:00,14.26,14.26,14.26,14.26,524
2026-05-14T09:50:00+00:00,14.26,14.26,14.26,14.26,40
2026-05-14T09:55:00+00:00,14.28,14.28,14.26,14.26,659
2026-05-14T10:00:00+00:00,14.263,14.263,14.263,14.263,500
2026-05-14T10:05:00+00:00,14.263,14.263,14.263,14.263,0
2026-05-14T10:10:00+00:00,14.3,14.31,14.3,14.31,83
2026-05-14T10:15:00+00:00,14.3,14.3,14.3,14.3,200
2026-05-14T10:20:00+00:00,14.286,14.286,14.286,14.286,1
2026-05-14T10:25:00+00:00,14.29,14.29,14.285,14.285,60
2026-05-14T10:30:00+00:00,14.288,14.288,14.288,14.288,89
2026-05-14T10:35:00+00:00,14.28,14.29,14.28,14.29,181
2026-05-14T10:40:00+00:00,14.29,14.29,14.29,14.29,0
2026-05-14T10:45:00+00:00,14.3,14.3,14.28,14.28,2471
2026-05-14T10:50:00+00:00,14.27,14.3,14.27,14.3,861
2026-05-14T10:55:00+00:00,14.3,14.3,14.3,14.3,1300
2026-05-14T11:00:00+00:00,14.3,14.3,14.28,14.287,8712
2026-05-14T11:05:00+00:00,14.287,14.3,14.282,14.29,1409
2026-05-14T11:10:00+00:00,14.3,14.3,14.29,14.3,1540
2026-05-14T11:15:00+00:00,14.3,14.32,14.3,14.32,6054
2026-05-14T11:20:00+00:00,14.31,14.319,14.3,14.3,2725
2026-05-14T11:25:00+00:00,14.3,14.3,14.28,14.29,5818
2026-05-14T11:30:00+00:00,14.3,14.3,14.28,14.3,692
2026-05-14T11:35:00+00:00,14.297,14.3,14.28,14.29,580
2026-05-14T11:40:00+00:00,14.29,14.3,14.27,14.29,3963
2026-05-14T11:45:00+00:00,14.273,14.32,14.273,14.307,1332
2026-05-14T11:50:00+00:00,14.3,14.32,14.3,14.32,550
2026-05-14T11:55:00+00:00,14.32,14.32,14.31,14.32,5666
2026-05-14T12:00:00+00:00,14.318,14.32,14.3,14.31,759
2026-05-14T12:05:00+00:00,14.3,14.32,14.3,14.32,4995
2026-05-14T12:10:00+00:00,14.32,14.32,14.3,14.32,750
2026-05-14T12:15:00+00:00,14.32,14.32,14.3,14.32,1710
2026-05-14T12:20:00+00:00,14.31,14.33,14.3,14.31,1595
2026-05-14T12:25:00+00:00,14.32,14.32,14.3,14.305,2238
2026-05-14T12:30:00+00:00,14.31,14.31,14.29,14.3,2661
2026-05-14T12:35:00+00:00,14.3,14.31,14.3,14.31,3220
2026-05-14T12:40:00+00:00,14.31,14.32,14.3,14.32,3290
2026-05-14T12:45:00+00:00,14.31,14.32,14.3,14.303,2794
2026-05-14T12:50:00+00:00,14.31,14.31,14.29,14.295,2965
2026-05-14T12:55:00+00:00,14.29,14.3,14.29,14.3,10845
2026-05-14T13:00:00+00:00,14.291,14.3,14.29,14.297,4144
2026-05-14T13:05:00+00:00,14.29,14.29,14.26,14.27,8257
2026-05-14T13:10:00+00:00,14.285,14.29,14.27,14.27,6535
2026-05-14T13:15:00+00:00,14.28,14.28,14.24,14.24,27458
2026-05-14T13:20:00+00:00,14.24,14.26,14.23,14.26,10741
2026-05-14T13:25:00+00:00,14.25,14.26,14.22,14.25,2857
2026-05-14T13:30:00+00:00,14.25,14.48,14.23,14.48,449195
2026-05-14T13:35:00+00:00,14.48,14.55,14.38,14.43,184539
2026-05-14T13:40:00+00:00,14.43,14.43,14.3,14.329,201012
2026-05-14T13:45:00+00:00,14.33,14.34,14.219,14.245,144865
2026-05-14T13:50:00+00:00,14.25,14.31,14.235,14.271,154135
2026-05-14T13:55:00+00:00,14.28,14.35,14.195,14.235,175452
2026-05-14T14:00:00+00:00,14.235,14.385,14.23,14.369,139738
2026-05-14T14:05:00+00:00,14.37,14.42,14.32,14.405,105737
2026-05-14T14:10:00+00:00,14.405,14.42,14.355,14.38,136027
2026-05-14T14:15:00+00:00,14.39,14.395,14.31,14.32,139944
2026-05-14T14:20:00+00:00,14.32,14.4,14.3,14.39,119507
2026-05-14T14:25:00+00:00,14.38,14.42,14.36,14.41,275173
2026-05-14T14:30:00+00:00,14.41,14.42,14.38,14.39,145600
2026-05-14T14:35:00+00:00,14.389,14.415,14.37,14.38,133777
2026-05-14T14:40:00+00:00,14.37,14.4,14.35,14.38,97727
2026-05-14T14:45:00+00:00,14.38,14.405,14.355,14.39,81194
2026-05-14T14:50:00+00:00,14.4,14.48,14.38,14.465,195229
2026-05-14T14:55:00+00:00,14.465,14.49,14.42,14.425,273411
2026-05-14T15:00:00+00:00,14.425,14.48,14.415,14.445,146024
2026-05-14T15:05:00+00:00,14.44,14.53,14.44,14.515,177370
2026-05-14T15:10:00+00:00,14.52,14.545,14.485,14.515,171199
2026-05-14T15:15:00+00:00,14.52,14.555,14.49,14.535,210120
2026-05-14T15:20:00+00:00,14.535,14.565,14.53,14.535,188116
2026-05-14T15:25:00+00:00,14.53,14.54,14.51,14.535,118670
2026-05-14T15:30:00+00:00,14.535,14.56,14.53,14.555,178145
2026-05-14T15:35:00+00:00,14.555,14.6,14.545,14.575,128754
2026-05-14T15:40:00+00:00,14.58,14.64,14.54,14.62,185383
2026-05-14T15:45:00+00:00,14.62,14.74,14.57,14.646,568958
2026-05-14T15:50:00+00:00,14.655,14.715,14.63,14.695,208714
2026-05-14T15:55:00+00:00,14.7,14.71,14.65,14.66,179273
2026-05-14T16:00:00+00:00,14.65,14.69,14.65,14.665,86359
2026-05-14T16:05:00+00:00,14.665,14.695,14.65,14.655,151520
2026-05-14T16:10:00+00:00,14.655,14.7,14.65,14.67,118361
2026-05-14T16:15:00+00:00,14.68,14.695,14.62,14.635,171262
2026-05-14T16:20:00+00:00,14.64,14.68,14.635,14.65,73639
2026-05-14T16:25:00+00:00,14.65,14.655,14.605,14.605,108806
2026-05-14T16:30:00+00:00,14.61,14.63,14.605,14.62,72782
2026-05-14T16:35:00+00:00,14.62,14.66,14.61,14.66,62210
2026-05-14T16:40:00+00:00,14.66,14.67,14.615,14.615,76677
2026-05-14T16:45:00+00:00,14.615,14.62,14.575,14.605,70330
2026-05-14T16:50:00+00:00,14.605,14.62,14.55,14.565,185434
2026-05-14T16:55:00+00:00,14.565,14.7,14.555,14.69,97920
2026-05-14T17:00:00+00:00,14.695,14.83,14.67,14.795,592202
2026-05-14T17:05:00+00:00,14.795,14.795,14.725,14.761,124232
2026-05-14T17:10:00+00:00,14.765,14.77,14.73,14.73,170026
2026-05-14T17:15:00+00:00,14.735,14.746,14.64,14.67,138653
2026-05-14T17:20:00+00:00,14.67,14.765,14.66,14.679,250722
2026-05-14T17:25:00+00:00,14.675,14.705,14.655,14.67,77840
2026-05-14T17:30:00+00:00,14.67,14.689,14.625,14.665,96655
2026-05-14T17:35:00+00:00,14.665,14.705,14.66,14.68,48555
2026-05-14T17:40:00+00:00,14.68,14.715,14.65,14.665,79536
2026-05-14T17:45:00+00:00,14.67,14.68,14.65,14.67,87026
2026-05-14T17:50:00+00:00,14.675,14.69,14.66,14.663,35303
2026-05-14T17:55:00+00:00,14.66,14.675,14.63,14.635,67646
2026-05-14T18:00:00+00:00,14.64,14.68,14.61,14.676,59098
2026-05-14T18:05:00+00:00,14.675,14.68,14.655,14.655,39203
2026-05-14T18:10:00+00:00,14.66,14.71,14.66,14.695,89879
2026-05-14T18:15:00+00:00,14.695,14.74,14.69,14.73,86574
2026-05-14T18:20:00+00:00,14.735,14.77,14.725,14.735,100107
2026-05-14T18:25:00+00:00,14.736,14.76,14.635,14.65,82069
2026-05-14T18:30:00+00:00,14.65,14.685,14.645,14.653,68728
2026-05-14T18:35:00+00:00,14.66,14.67,14.635,14.65,65842
2026-05-14T18:40:00+00:00,14.645,14.665,14.63,14.665,72951
2026-05-14T18:45:00+00:00,14.665,14.69,14.66,14.68,76490
2026-05-14T18:50:00+00:00,14.675,14.71,14.66,14.665,113565
2026-05-14T18:55:00+00:00,14.66,14.69,14.6,14.635,102703
2026-05-14T19:00:00+00:00,14.64,14.65,14.61,14.615,60943
2026-05-14T19:05:00+00:00,14.62,14.665,14.62,14.655,62102
2026-05-14T19:10:00+00:00,14.655,14.665,14.575,14.605,90339
2026-05-14T19:15:00+00:00,14.6,14.64,14.6,14.62,104656
2026-05-14T19:20:00+00:00,14.62,14.65,14.595,14.603,112689
2026-05-14T19:25:00+00:00,14.605,14.61,14.53,14.545,156242
2026-05-14T19:30:00+00:00,14.54,14.61,14.54,14.6,112197
2026-05-14T19:35:00+00:00,14.595,14.61,14.575,14.58,109923
2026-05-14T19:40:00+00:00,14.585,14.585,14.54,14.55,164568
2026-05-14T19:45:00+00:00,14.545,14.549,14.49,14.505,243669
2026-05-14T19:50:00+00:00,14.505,14.515,14.435,14.485,361132
2026-05-14T19:55:00+00:00,14.49,14.55,14.49,14.52,982883
2026-05-14T20:00:00+00:00,14.52,14.53,14.5,14.52,128234
2026-05-14T20:05:00+00:00,14.51,14.55,14.51,14.52,2387
2026-05-14T20:10:00+00:00,14.53,14.53,14.51,14.529,873
2026-05-14T20:15:00+00:00,14.52,14.53,14.5,14.505,22437
2026-05-14T20:20:00+00:00,14.51,14.53,14.46,14.46,6040
2026-05-14T20:25:00+00:00,14.49,14.52,14.46,14.511,17198
2026-05-14T20:30:00+00:00,14.519,14.52,14.49,14.49,571
2026-05-14T20:35:00+00:00,14.49,14.51,14.49,14.51,2378
2026-05-14T20:40:00+00:00,14.5,14.51,14.49,14.505,713
2026-05-14T20:45:00+00:00,14.5,14.509,14.49,14.5,1335
2026-05-14T20:50:00+00:00,14.49,14.51,14.49,14.5,9595
2026-05-14T20:55:00+00:00,14.49,14.51,14.49,14.51,757
2026-05-14T21:00:00+00:00,14.5,14.52,14.49,14.49,14479
2026-05-14T21:05:00+00:00,14.52,14.52,14.49,14.51,60
2026-05-14T21:10:00+00:00,14.5,14.52,14.5,14.52,10363
2026-05-14T21:15:00+00:00,14.51,14.52,14.49,14.51,2276
2026-05-14T21:20:00+00:00,14.49,14.51,14.49,14.51,696
2026-05-14T21:25:00+00:00,14.509,14.51,14.5,14.505,92
2026-05-14T21:30:00+00:00,14.5,14.51,14.49,14.495,2844
2026-05-14T21:35:00+00:00,14.5,14.5,14.49,14.5,1733
2026-05-14T21:40:00+00:00,14.5,14.5,14.49,14.49,1002
2026-05-14T21:45:00+00:00,14.49,14.5,14.49,14.495,11638
2026-05-14T21:50:00+00:00,14.5,14.51,14.495,14.5,1979
2026-05-14T21:55:00+00:00,14.5,14.51,14.5,14.505,1161
2026-05-14T22:00:00+00:00,14.51,14.51,14.49,14.5,1352
2026-05-14T22:05:00+00:00,14.505,14.51,14.49,14.49,1165
2026-05-14T22:10:00+00:00,14.52,14.53,14.5,14.515,18
2026-05-14T22:15:00+00:00,14.5,14.52,14.5,14.51,6001
2026-05-14T22:20:00+00:00,14.51,14.51,14.491,14.505,13120
2026-05-14T22:25:00+00:00,14.52,14.52,14.5,14.52,39
2026-05-14T22:30:00+00:00,14.5,14.52,14.5,14.52,233
2026-05-14T22:35:00+00:00,14.52,14.52,14.49,14.5,343
2026-05-14T22:40:00+00:00,14.51,14.52,14.493,14.5,594
2026-05-14T22:45:00+00:00,14.5,14.52,14.48,14.5,26424
2026-05-14T22:50:00+00:00,14.46,14.52,14.46,14.505,513
2026-05-14T22:55:00+00:00,14.49,14.52,14.474,14.474,1730
2026-05-14T23:00:00+00:00,14.51,14.51,14.495,14.495,15
2026-05-14T23:05:00+00:00,14.52,14.52,14.5,14.51,494
2026-05-14T23:10:00+00:00,14.52,14.52,14.5,14.52,2292
2026-05-14T23:15:00+00:00,14.51,14.52,14.51,14.51,50
2026-05-14T23:20:00+00:00,14.51,14.52,14.5,14.5,302
2026-05-14T23:25:00+00:00,14.5,14.519,14.5,14.519,310
2026-05-14T23:30:00+00:00,14.5,14.51,14.5,14.501,56
2026-05-14T23:35:00+00:00,14.51,14.51,14.5,14.51,106
2026-05-14T23:40:00+00:00,14.51,14.51,14.5,14.5,4430
2026-05-14T23:45:00+00:00,14.5,14.51,14.49,14.51,761
2026-05-14T23:50:00+00:00,14.509,14.51,14.49,14.49,315
2026-05-14T23:55:00+00:00,14.5,14.51,14.48,14.497,1213
2026-05-15T08:00:00+00:00,14.48,14.52,14.28,14.34,41287
2026-05-15T08:05:00+00:00,14.34,14.407,14.32,14.32,2090
2026-05-15T08:10:00+00:00,14.345,14.36,14.345,14.36,406
2026-05-15T08:15:00+00:00,14.31,14.31,14.25,14.27,4323
2026-05-15T08:20:00+00:00,14.28,14.28,14.28,14.28,2828
2026-05-15T08:25:00+00:00,14.3,14.3,14.25,14.25,969
2026-05-15T08:30:00+00:00,14.25,14.26,14.23,14.25,6099
2026-05-15T08:35:00+00:00,14.27,14.368,14.26,14.26,136
2026-05-15T08:40:00+00:00,14.26,14.357,14.26,14.357,240
2026-05-15T08:45:00+00:00,14.3,14.3,14.28,14.3,110
2026-05-15T08:50:00+00:00,14.3,14.3,14.297,14.297,47
2026-05-15T08:55:00+00:00,14.26,14.287,14.26,14.26,719
2026-05-15T09:00:00+00:00,14.28,14.28,14.25,14.25,120
2026-05-15T09:05:00+00:00,14.28,14.29,14.28,14.29,121
2026-05-15T09:10:00+00:00,14.25,14.25,14.25,14.25,20
2026-05-15T09:15:00+00:00,14.27,14.27,14.245,14.245,61
2026-05-15T09:20:00+00:00,14.25,14.291,14.25,14.25,202
2026-05-15T09:25:00+00:00,14.26,14.26,14.26,14.26,72
2026-05-15T09:30:00+00:00,14.262,14.3,14.262,14.3,391
2026-05-15T09:35:00+00:00,14.28,14.28,14.28,14.28,25
2026-05-15T09:40:00+00:00,14.283,14.3,14.283,14.3,412
2026-05-15T09:45:00+00:00,14.27,14.27,14.27,14.27,9638
2026-05-15T09:50:00+00:00,14.26,14.3,14.26,14.3,3502
2026-05-15T09:55:00+00:00,14.3,14.3,14.3,14.3,901
2026-05-15T10:00:00+00:00,14.3,14.3,14.3,14.3,0
2026-05-15T10:05:00+00:00,14.281,14.3,14.28,14.3,630
2026-05-15T10:10:00+00:00,14.278,14.28,14.27,14.27,937
2026-05-15T10:15:00+00:00,14.3,14.31,14.27,14.31,376
2026-05-15T10:20:00+00:00,14.31,14.32,14.31,14.32,3
2026-05-15T10:25:00+00:00,14.305,14.34,14.305,14.32,837
2026-05-15T10:30:00+00:00,14.32,14.32,14.32,14.32,16
2026-05-15T10:35:00+00:00,14.32,14.32,14.31,14.31,18
2026-05-15T10:40:00+00:00,14.32,14.32,14.29,14.3,4500
2026-05-15T10:45:00+00:00,14.34,14.34,14.34,14.34,2
2026-05-15T10:50:00+00:00,14.34,14.36,14.313,14.35,1828
2026-05-15T10:55:00+00:00,14.36,14.37,14.34,14.34,6201
2026-05-15T11:00:00+00:00,14.37,14.37,14.31,14.355,4868
2026-05-15T11:05:00+00:00,14.33,14.36,14.3,14.32,2701
2026-05-15T11:10:00+00:00,14.35,14.35,14.32,14.32,2808
2026-05-15T11:15:00+00:00,14.3,14.334,14.3,14.3,7645
2026-05-15T11:20:00+00:00,14.3,14.34,14.27,14.305,5952
2026-05-15T11:25:00+00:00,14.3,14.34,14.27,14.34,3915
2026-05-15T11:30:00+00:00,14.337,14.34,14.29,14.29,2315
2026-05-15T11:35:00+00:00,14.3,14.3,14.27,14.296,7701
2026-05-15T11:40:00+00:00,14.27,14.3,14.27,14.274,3600
2026-05-15T11:45:00+00:00,14.3,14.3,14.28,14.3,2359
2026-05-15T11:50:00+00:00,14.3,14.35,14.29,14.31,2205
2026-05-15T11:55:00+00:00,14.32,14.33,14.28,14.28,7818
2026-05-15T12:00:00+00:00,14.32,14.32,14.25,14.27,124714
2026-05-15T12:05:00+00:00,14.3,14.3,14.22,14.23,37236
2026-05-15T12:10:00+00:00,14.24,14.27,14.22,14.22,7897
2026-05-15T12:15:00+00:00,14.22,14.25,14.22,14.235,18819
2026-05-15T12:20:00+00:00,14.25,14.27,14.22,14.25,19055
2026-05-15T12:25:00+00:00,14.25,14.25,14.22,14.23,10210
2026-05-15T12:30:00+00:00,14.235,14.25,14.19,14.21,10665
2026-05-15T12:35:00+00:00,14.24,14.25,14.18,14.2,8620
2026-05-15T12:40:00+00:00,14.2,14.25,14.16,14.18,30950
2026-05-15T12:45:00+00:00,14.2,14.25,14.16,14.16,24887
2026-05-15T12:50:00+00:00,14.17,14.21,14.16,14.2,20184
2026-05-15T12:55:00+00:00,14.21,14.22,14.17,14.22,15624
2026-05-15T13:00:00+00:00,14.22,14.22,14.17,14.22,8164
2026-05-15T13:05:00+00:00,14.225,14.25,14.18,14.2,7886
2026-05-15T13:10:00+00:00,14.22,14.22,14.18,14.21,5327
2026-05-15T13:15:00+00:00,14.217,14.24,14.19,14.21,5563
2026-05-15T13:20:00+00:00,14.21,14.25,14.19,14.21,27751
2026-05-15T13:25:00+00:00,14.19,14.39,14.02,14.03,415343
2026-05-15T13:30:00+00:00,14.05,14.14,13.97,13.99,6793168
2026-05-15T13:35:00+00:00,13.98,13.99,13.86,13.895,577593
2026-05-15T13:40:00+00:00,13.895,13.92,13.75,13.75,784641
2026-05-15T13:45:00+00:00,13.75,13.86,13.71,13.841,636290
2026-05-15T13:50:00+00:00,13.845,13.85,13.77,13.81,407444
2026-05-15T13:55:00+00:00,13.815,13.83,13.66,13.69,845564
2026-05-15T14:00:00+00:00,13.7,13.78,13.67,13.76,482612
2026-05-15T14:05:00+00:00,13.765,13.85,13.76,13.84,437205
2026-05-15T14:10:00+00:00,13.83,13.88,13.8,13.85,311200
2026-05-15T14:15:00+00:00,13.845,13.875,13.835,13.845,292970
2026-05-15T14:20:00+00:00,13.84,13.89,13.81,13.855,425932
2026-05-15T14:25:00+00:00,13.855,13.9,13.82,13.9,284085
2026-05-15T14:30:00+00:00,13.9,13.97,13.89,13.95,247910
2026-05-15T14:35:00+00:00,13.955,14.005,13.93,13.955,166419
2026-05-15T14:40:00+00:00,13.95,13.975,13.94,13.97,187734
2026-05-15T14:45:00+00:00,13.96,14.005,13.93,13.935,309884
2026-05-15T14:50:00+00:00,13.935,14.005,13.923,14.005,124904
2026-05-15T14:55:00+00:00,14.0,14.02,13.94,13.95,194009
2026-05-15T15:00:00+00:00,13.95,13.955,13.91,13.945,109114
2026-05-15T15:05:00+00:00,13.94,13.95,13.91,13.95,77562
2026-05-15T15:10:00+00:00,13.955,13.96,13.93,13.94,102027
2026-05-15T15:15:00+00:00,13.945,13.97,13.93,13.935,97630
2026-05-15T15:20:00+00:00,13.94,13.96,13.91,13.91,105880
2026-05-15T15:25:00+00:00,13.91,13.92,13.875,13.915,141497
2026-05-15T15:30:00+00:00,13.915,13.94,13.905,13.915,134425
2026-05-15T15:35:00+00:00,13.915,13.94,13.89,13.895,122407
2026-05-15T15:40:00+00:00,13.89,13.91,13.87,13.88,173977
2026-05-15T15:45:00+00:00,13.875,13.88,13.84,13.845,165443
2026-05-15T15:50:00+00:00,13.85,13.85,13.81,13.815,120636
2026-05-15T15:55:00+00:00,13.81,13.875,13.8,13.865,233379
2026-05-15T16:00:00+00:00,13.865,13.87,13.85,13.865,136760
2026-05-15T16:05:00+00:00,13.865,13.87,13.84,13.85,148772
2026-05-15T16:10:00+00:00,13.86,13.86,13.8,13.825,159676
2026-05-15T16:15:00+00:00,13.82,13.82,13.79,13.795,119574
2026-05-15T16:20:00+00:00,13.795,13.82,13.78,13.81,90299
2026-05-15T16:25:00+00:00,13.815,13.82,13.79,13.805,82462
2026-05-15T16:30:00+00:00,13.805,13.83,13.805,13.825,123126
2026-05-15T16:35:00+00:00,13.825,13.845,13.795,13.845,94826
2026-05-15T16:40:00+00:00,13.847,13.865,13.83,13.855,167814
2026-05-15T16:45:00+00:00,13.86,13.87,13.85,13.855,93576
2026-05-15T16:50:00+00:00,13.855,13.9,13.855,13.885,221057
2026-05-15T16:55:00+00:00,13.89,13.945,13.89,13.925,202761
2026-05-15T17:00:00+00:00,13.92,13.94,13.92,13.935,46163
2026-05-15T17:05:00+00:00,13.935,13.98,13.93,13.975,123733
2026-05-15T17:10:00+00:00,13.98,13.99,13.96,13.965,90660
2026-05-15T17:15:00+00:00,13.965,13.97,13.945,13.963,115125
2026-05-15T17:20:00+00:00,13.96,13.97,13.94,13.97,206585
2026-05-15T17:25:00+00:00,13.961,13.98,13.95,13.95,207052
2026-05-15T17:30:00+00:00,13.959,14.0,13.955,13.97,236761
2026-05-15T17:35:00+00:00,13.975,14.0,13.95,13.95,234487
2026-05-15T17:40:00+00:00,13.955,13.96,13.91,13.93,163649
2026-05-15T17:45:00+00:00,13.925,13.935,13.91,13.915,143099
2026-05-15T17:50:00+00:00,13.92,13.945,13.911,13.935,118567
2026-05-15T17:55:00+00:00,13.935,13.95,13.92,13.93,242228
2026-05-15T18:00:00+00:00,13.925,13.95,13.925,13.94,48989
2026-05-15T18:05:00+00:00,13.935,13.96,13.92,13.93,162998
2026-05-15T18:10:00+00:00,13.93,13.95,13.925,13.935,143710
2026-05-15T18:15:00+00:00,13.935,13.95,13.91,13.915,103342
2026-05-15T18:20:00+00:00,13.91,13.93,13.9,13.925,121837
2026-05-15T18:25:00+00:00,13.92,13.93,13.89,13.915,137727
2026-05-15T18:30:00+00:00,13.91,14.025,13.91,14.0,245212
2026-05-15T18:35:00+00:00,14.005,14.04,13.99,14.035,108311
2026-05-15T18:40:00+00:00,14.035,14.05,14.01,14.05,290514
2026-05-15T18:45:00+00:00,14.045,14.11,14.02,14.11,552833
2026-05-15T18:50:00+00:00,14.105,14.116,14.065,14.085,295267
2026-05-15T18:55:00+00:00,14.08,14.09,14.04,14.055,185909
2026-05-15T19:00:00+00:00,14.055,14.07,14.01,14.065,251919
2026-05-15T19:05:00+00:00,14.065,14.12,14.045,14.085,375226
2026-05-15T19:10:00+00:00,14.085,14.12,14.08,14.105,232180
2026-05-15T19:15:00+00:00,14.11,14.145,14.1,14.117,239373
2026-05-15T19:20:00+00:00,14.115,14.13,14.03,14.05,437569
2026-05-15T19:25:00+00:00,14.055,14.07,14.01,14.035,297573
2026-05-15T19:30:00+00:00,14.035,14.07,13.925,13.93,830178
2026-05-15T19:35:00+00:00,13.925,13.936,13.9,13.92,256060
2026-05-15T19:40:00+00:00,13.915,13.94,13.885,13.895,357265
2026-05-15T19:45:00+00:00,13.898,13.9,13.86,13.88,436247
2026-05-15T19:50:00+00:00,13.88,13.885,13.825,13.835,430557
2026-05-15T19:55:00+00:00,13.83,13.835,13.78,13.79,1250239
2026-05-15T20:00:00+00:00,13.79,13.88,13.79,13.79,374723
2026-05-15T20:05:00+00:00,13.82,13.83,13.77,13.81,78881
2026-05-15T20:10:00+00:00,13.81,13.81,13.77,13.79,609798
2026-05-15T20:15:00+00:00,13.79,13.79,13.78,13.79,13693
2026-05-15T20:20:00+00:00,13.79,13.79,13.77,13.79,13162
2026-05-15T20:25:00+00:00,13.79,13.79,13.77,13.79,4413
2026-05-15T20:30:00+00:00,13.79,13.79,13.78,13.79,23382
2026-05-15T20:35:00+00:00,13.79,13.8,13.78,13.79,29719
2026-05-15T20:40:00+00:00,13.79,13.79,13.755,13.77,210745
2026-05-15T20:45:00+00:00,13.76,13.79,13.75,13.79,5417
2026-05-15T20:50:00+00:00,13.79,13.79,13.77,13.79,2768
2026-05-15T20:55:00+00:00,13.79,13.79,13.78,13.79,10732
2026-05-15T21:00:00+00:00,13.79,13.79,13.78,13.78,3273
2026-05-15T21:05:00+00:00,13.79,13.79,13.78,13.79,2243
2026-05-15T21:10:00+00:00,13.79,13.79,13.78,13.785,3383
2026-05-15T21:15:00+00:00,13.79,13.79,13.78,13.79,3967
2026-05-15T21:20:00+00:00,13.79,13.79,13.78,13.785,1089
2026-05-15T21:25:00+00:00,13.79,13.79,13.78,13.79,12834
2026-05-15T21:30:00+00:00,13.78,13.79,13.78,13.79,1207
2026-05-15T21:35:00+00:00,13.79,13.79,13.78,13.79,2612
2026-05-15T21:40:00+00:00,13.785,13.79,13.78,13.78,9083
2026-05-15T21:45:00+00:00,13.78,13.79,13.78,13.79,1592
2026-05-15T21:50:00+00:00,13.79,13.79,13.78,13.79,6691
2026-05-15T21:55:00+00:00,13.78,13.79,13.78,13.79,2064
2026-05-15T22:00:00+00:00,13.79,13.8,13.78,13.791,4836
2026-05-15T22:05:00+00:00,13.794,13.8,13.79,13.795,3132
2026-05-15T22:10:00+00:00,13.8,13.83,13.795,13.82,2448
2026-05-15T22:15:00+00:00,13.815,13.82,13.81,13.82,18457
2026-05-15T22:20:00+00:00,13.8,13.8,13.795,13.8,1338
2026-05-15T22:25:00+00:00,13.8,13.8,13.795,13.795,956
2026-05-15T22:30:00+00:00,13.8,13.8,13.79,13.79,1413
2026-05-15T22:35:00+00:00,13.8,13.8,13.79,13.79,3174
2026-05-15T22:40:00+00:00,13.795,13.8,13.79,13.8,1938
2026-05-15T22:45:00+00:00,13.8,13.8,13.79,13.8,748
2026-05-15T22:50:00+00:00,13.8,13.82,13.79,13.81,9068
2026-05-15T22:55:00+00:00,13.81,13.81,13.79,13.79,2000
2026-05-15T23:00:00+00:00,13.81,13.81,13.79,13.8,10466
2026-05-15T23:05:00+00:00,13.8,13.81,13.8,13.804,616
2026-05-15T23:10:00+00:00,13.81,13.81,13.8,13.8,419
2026-05-15T23:15:00+00:00,13.8,13.81,13.79,13.81,368
2026-05-15T23:20:00+00:00,13.81,13.81,13.8,13.81,172
2026-05-15T23:25:00+00:00,13.8,13.82,13.78,13.8,13106
2026-05-15T23:30:00+00:00,13.8,13.82,13.77,13.82,463
2026-05-15T23:35:00+00:00,13.78,13.81,13.78,13.81,797
2026-05-15T23:40:00+00:00,13.81,13.82,13.77,13.82,914
2026-05-15T23:45:00+00:00,13.8,13.8,13.78,13.79,697
2026-05-15T23:50:00+00:00,13.8,13.8,13.78,13.8,3179
2026-05-15T23:55:00+00:00,13.8,13.82,13.77,13.781,6890
2026-05-18T08:00:00+00:00,14.459,14.459,13.715,13.81,13606
2026-05-18T08:05:00+00:00,13.8,13.81,13.75,13.8,1655
2026-05-18T08:10:00+00:00,13.8,13.81,13.79,13.81,6045
2026-05-18T08:15:00+00:00,13.81,13.81,13.81,13.81,0
2026-05-18T08:20:00+00:00,13.82,13.86,13.82,13.86,1035
2026-05-18T08:25:00+00:00,13.83,13.83,13.83,13.83,253
2026-05-18T08:30:00+00:00,13.83,13.83,13.83,13.83,0
2026-05-18T08:35:00+00:00,13.83,13.83,13.83,13.83,0
2026-05-18T08:40:00+00:00,13.86,13.86,13.81,13.81,703
2026-05-18T08:45:00+00:00,13.83,13.832,13.83,13.832,2304
2026-05-18T08:50:00+00:00,13.84,13.84,13.82,13.83,3236
2026-05-18T08:55:00+00:00,13.82,13.836,13.82,13.83,346
2026-05-18T09:00:00+00:00,13.837,13.84,13.82,13.82,1359
2026-05-18T09:05:00+00:00,13.83,13.83,13.82,13.83,1678
2026-05-18T09:10:00+00:00,13.81,13.81,13.79,13.79,56
2026-05-18T09:15:00+00:00,13.81,13.81,13.8,13.8,445
2026-05-18T09:20:00+00:00,13.81,13.81,13.81,13.81,1500
2026-05-18T09:25:00+00:00,13.8,13.81,13.8,13.81,355
2026-05-18T09:30:00+00:00,13.8,13.8,13.8,13.8,38
2026-05-18T09:35:00+00:00,13.8,13.8,13.8,13.8,138
2026-05-18T09:40:00+00:00,13.8,13.8,13.8,13.8,0
2026-05-18T09:45:00+00:00,13.8,13.81,13.788,13.81,2128
2026-05-18T09:50:00+00:00,13.82,13.83,13.82,13.82,1184
2026-05-18T09:55:00+00:00,13.808,13.808,13.8,13.8,11
2026-05-18T10:00:00+00:00,13.796,13.797,13.796,13.797,18
2026-05-18T10:05:00+00:00,13.79,13.79,13.756,13.756,447
2026-05-18T10:10:00+00:00,13.756,13.756,13.756,13.756,0
2026-05-18T10:15:00+00:00,13.783,13.783,13.783,13.783,15
2026-05-18T10:20:00+00:00,13.781,13.781,13.781,13.781,20
2026-05-18T10:25:00+00:00,13.781,13.781,13.781,13.781,0
2026-05-18T10:30:00+00:00,13.77,13.77,13.77,13.77,223
2026-05-18T10:35:00+00:00,13.77,13.77,13.73,13.74,6082
2026-05-18T10:40:00+00:00,13.732,13.74,13.732,13.74,144
2026-05-18T10:45:00+00:00,13.754,13.754,13.754,13.754,21
2026-05-18T10:50:00+00:00,13.76,13.76,13.74,13.74,221
2026-05-18T10:55:00+00:00,13.758,13.76,13.758,13.76,120
2026-05-18T11:00:00+00:00,13.76,13.78,13.72,13.75,11626
2026-05-18T11:05:00+00:00,13.73,13.78,13.7,13.73,15551
2026-05-18T11:10:00+00:00,13.724,13.78,13.7,13.766,4416
2026-05-18T11:15:00+00:00,13.76,13.78,13.73,13.78,1235
2026-05-18T11:20:00+00:00,13.78,13.78,13.75,13.75,12234
2026-05-18T11:25:00+00:00,13.75,13.76,13.73,13.73,2361
2026-05-18T11:30:00+00:00,13.758,13.76,13.74,13.757,183
2026-05-18T11:35:00+00:00,13.76,13.82,13.76,13.82,347
2026-05-18T11:40:00+00:00,13.82,13.83,13.8,13.811,4274
2026-05-18T11:45:00+00:00,13.83,13.83,13.78,13.82,6364
2026-05-18T11:50:00+00:00,13.769,13.83,13.76,13.81,941
2026-05-18T11:55:00+00:00,13.76,13.81,13.76,13.81,4446
2026-05-18T12:00:00+00:00,13.802,13.81,13.79,13.79,3319
2026-05-18T12:05:00+00:00,13.79,13.81,13.77,13.77,3070
2026-05-18T12:10:00+00:00,13.782,13.81,13.78,13.81,921
2026-05-18T12:15:00+00:00,13.777,13.81,13.76,13.8,1126
2026-05-18T12:20:00+00:00,13.77,13.81,13.77,13.81,360
2026-05-18T12:25:00+00:00,13.809,13.81,13.776,13.799,5946
2026-05-18T12:30:00+00:00,13.78,13.81,13.78,13.81,198
2026-05-18T12:35:00+00:00,13.81,13.83,13.8,13.816,1425
2026-05-18T12:40:00+00:00,13.82,13.83,13.8,13.815,2047
2026-05-18T12:45:00+00:00,13.801,13.83,13.8,13.825,23433
2026-05-18T12:50:00+00:00,13.83,13.83,13.8,13.82,4485
2026-05-18T12:55:00+00:00,13.82,13.84,13.81,13.834,3854
2026-05-18T13:00:00+00:00,13.835,13.84,13.79,13.81,15068
2026-05-18T13:05:00+00:00,13.79,13.83,13.79,13.82,9740
2026-05-18T13:10:00+00:00,13.82,13.84,13.8,13.82,3530
2026-05-18T13:15:00+00:00,13.82,13.82,13.79,13.8,4044
2026-05-18T13:20:00+00:00,13.8,13.81,13.77,13.81,9692
2026-05-18T13:25:00+00:00,13.81,13.81,13.77,13.8,1800
2026-05-18T13:30:00+00:00,13.77,13.79,13.44,13.445,827374
2026-05-18T13:35:00+00:00,13.449,13.49,13.255,13.275,704798
2026-05-18T13:40:00+00:00,13.275,13.29,13.21,13.22,848527
2026-05-18T13:45:00+00:00,13.23,13.32,13.22,13.255,489545
2026-05-18T13:50:00+00:00,13.25,13.42,13.25,13.39,473882
2026-05-18T13:55:00+00:00,13.4,13.465,13.395,13.44,375068
2026-05-18T14:00:00+00:00,13.445,13.45,13.39,13.41,245399
2026-05-18T14:05:00+00:00,13.41,13.55,13.395,13.525,256478
2026-05-18T14:10:00+00:00,13.525,13.53,13.445,13.449,246627
2026-05-18T14:15:00+00:00,13.445,13.5,13.42,13.43,126039
2026-05-18T14:20:00+00:00,13.435,13.475,13.385,13.405,157147
2026-05-18T14:25:00+00:00,13.405,13.43,13.35,13.36,245085
2026-05-18T14:30:00+00:00,13.36,13.37,13.22,13.225,354955
2026-05-18T14:35:00+00:00,13.23,13.29,13.18,13.28,507874
2026-05-18T14:40:00+00:00,13.289,13.32,13.25,13.315,207380
2026-05-18T14:45:00+00:00,13.315,13.315,13.24,13.259,273474
2026-05-18T14:50:00+00:00,13.26,13.31,13.25,13.275,179681
2026-05-18T14:55:00+00:00,13.275,13.34,13.27,13.325,172722
2026-05-18T15:00:00+00:00,13.325,13.33,13.27,13.3,184988
2026-05-18T15:05:00+00:00,13.295,13.3,13.25,13.25,203385
2026-05-18T15:10:00+00:00,13.255,13.295,13.25,13.29,116944
2026-05-18T15:15:00+00:00,13.285,13.29,13.23,13.235,211496
2026-05-18T15:20:00+00:00,13.23,13.28,13.23,13.265,138264
2026-05-18T15:25:00+00:00,13.265,13.28,13.24,13.24,178793
2026-05-18T15:30:00+00:00,13.245,13.29,13.23,13.285,126982
2026-05-18T15:35:00+00:00,13.285,13.32,13.27,13.275,112647
2026-05-18T15:40:00+00:00,13.275,13.305,13.24,13.245,108504
2026-05-18T15:45:00+00:00,13.25,13.28,13.245,13.264,123484
2026-05-18T15:50:00+00:00,13.265,13.275,13.25,13.26,113912
2026-05-18T15:55:00+00:00,13.27,13.315,13.26,13.265,134513
2026-05-18T16:00:00+00:00,13.27,13.28,13.25,13.255,96111
2026-05-18T16:05:00+00:00,13.255,13.28,13.25,13.271,99979
2026-05-18T16:10:00+00:00,13.275,13.31,13.27,13.31,87017
2026-05-18T16:15:00+00:00,13.305,13.34,13.301,13.315,112141
2026-05-18T16:20:00+00:00,13.315,13.34,13.275,13.285,117209
2026-05-18T16:25:00+00:00,13.285,13.32,13.265,13.27,161036
2026-05-18T16:30:00+00:00,13.26,13.3,13.25,13.29,120039
2026-05-18T16:35:00+00:00,13.295,13.33,13.27,13.285,138051
2026-05-18T16:40:00+00:00,13.29,13.3,13.25,13.255,111258
2026-05-18T16:45:00+00:00,13.25,13.267,13.23,13.255,150612
2026-05-18T16:50:00+00:00,13.255,13.315,13.25,13.315,111636
2026-05-18T16:55:00+00:00,13.315,13.34,13.275,13.28,119514
2026-05-18T17:00:00+00:00,13.285,13.31,13.28,13.31,94348
2026-05-18T17:05:00+00:00,13.301,13.35,13.301,13.32,121917
2026-05-18T17:10:00+00:00,13.33,13.33,13.28,13.285,71060
2026-05-18T17:15:00+00:00,13.285,13.305,13.28,13.305,76150
2026-05-18T17:20:00+00:00,13.305,13.31,13.281,13.295,73016
2026-05-18T17:25:00+00:00,13.29,13.32,13.29,13.31,87158
2026-05-18T17:30:00+00:00,13.31,13.327,13.27,13.275,211993
2026-05-18T17:35:00+00:00,13.275,13.285,13.26,13.277,86837
2026-05-18T17:40:00+00:00,13.275,13.295,13.27,13.285,95169
2026-05-18T17:45:00+00:00,13.28,13.29,13.27,13.275,69946
2026-05-18T17:50:00+00:00,13.275,13.3,13.27,13.295,66303
2026-05-18T17:55:00+00:00,13.295,13.305,13.29,13.295,100235
2026-05-18T18:00:00+00:00,13.295,13.296,13.255,13.275,93992
2026-05-18T18:05:00+00:00,13.275,13.29,13.26,13.289,76433
2026-05-18T18:10:00+00:00,13.285,13.31,13.28,13.295,124933
2026-05-18T18:15:00+00:00,13.29,13.29,13.24,13.245,105236
2026-05-18T18:20:00+00:00,13.24,13.27,13.24,13.255,138236
2026-05-18T18:25:00+00:00,13.25,13.26,13.225,13.24,192129
2026-05-18T18:30:00+00:00,13.235,13.28,13.23,13.235,124534
2026-05-18T18:35:00+00:00,13.24,13.255,13.21,13.22,165643
2026-05-18T18:40:00+00:00,13.21,13.225,13.19,13.225,302930
2026-05-18T18:45:00+00:00,13.225,13.235,13.19,13.198,190627
2026-05-18T18:50:00+00:00,13.2,13.21,13.16,13.16,176225
2026-05-18T18:55:00+00:00,13.16,13.185,13.14,13.155,250622
2026-05-18T19:00:00+00:00,13.155,13.35,13.155,13.27,363924
2026-05-18T19:05:00+00:00,13.27,13.29,13.241,13.265,131804
2026-05-18T19:10:00+00:00,13.265,13.275,13.215,13.23,161216
2026-05-18T19:15:00+00:00,13.235,13.245,13.22,13.23,83172
2026-05-18T19:20:00+00:00,13.223,13.255,13.22,13.225,115523
2026-05-18T19:25:00+00:00,13.225,13.225,13.2,13.21,112501
2026-05-18T19:30:00+00:00,13.21,13.245,13.21,13.23,105241
2026-05-18T19:35:00+00:00,13.225,13.27,13.225,13.25,158763
2026-05-18T19:40:00+00:00,13.25,13.32,13.24,13.313,222367
2026-05-18T19:45:00+00:00,13.32,13.37,13.31,13.365,320792
2026-05-18T19:50:00+00:00,13.365,13.42,13.35,13.365,598658
2026-05-18T19:55:00+00:00,13.36,13.39,13.31,13.35,1815045
2026-05-18T20:00:00+00:00,13.35,13.43,13.35,13.38,172138
2026-05-18T20:05:00+00:00,13.381,13.39,13.35,13.381,18425
2026-05-18T20:10:00+00:00,13.35,13.39,13.35,13.38,2200
2026-05-18T20:15:00+00:00,13.39,13.39,13.38,13.39,4780
2026-05-18T20:20:00+00:00,13.388,13.39,13.38,13.39,1309
2026-05-18T20:25:00+00:00,13.385,13.4,13.38,13.39,2869
2026-05-18T20:30:00+00:00,13.4,13.4,13.38,13.4,6112
2026-05-18T20:35:00+00:00,13.4,13.4,13.38,13.38,5914
2026-05-18T20:40:00+00:00,13.38,13.39,13.38,13.385,2459
2026-05-18T20:45:00+00:00,13.389,13.4,13.38,13.4,6027
2026-05-18T20:50:00+00:00,13.39,13.4,13.38,13.39,790
2026-05-18T20:55:00+00:00,13.38,13.39,13.38,13.38,1052
2026-05-18T21:00:00+00:00,13.38,13.39,13.38,13.385,540109
2026-05-18T21:05:00+00:00,13.38,13.39,13.38,13.385,1980
2026-05-18T21:10:00+00:00,13.39,13.39,13.38,13.385,1780
2026-05-18T21:15:00+00:00,13.389,13.39,13.33,13.36,35951
2026-05-18T21:20:00+00:00,13.38,13.38,13.35,13.365,635
2026-05-18T21:25:00+00:00,13.37,13.37,13.33,13.37,843
2026-05-18T21:30:00+00:00,13.368,13.37,13.34,13.35,816
2026-05-18T21:35:00+00:00,13.36,13.37,13.31,13.345,138988
2026-05-18T21:40:00+00:00,13.36,13.37,13.32,13.369,6809
2026-05-18T21:45:00+00:00,13.331,13.37,13.33,13.37,1521
2026-05-18T21:50:00+00:00,13.35,13.37,13.31,13.37,320
2026-05-18T21:55:00+00:00,13.364,13.37,13.33,13.364,173
2026-05-18T22:00:00+00:00,13.35,13.37,13.35,13.37,301
2026-05-18T22:05:00+00:00,13.37,13.38,13.36,13.37,7696
2026-05-18T22:10:00+00:00,13.38,13.38,13.37,13.38,2484
2026-05-18T22:15:00+00:00,13.38,13.38,13.357,13.377,5840
2026-05-18T22:20:00+00:00,13.38,13.38,13.36,13.38,1842
2026-05-18T22:25:00+00:00,13.37,13.38,13.36,13.37,1287
2026-05-18T22:30:00+00:00,13.37,13.38,13.36,13.375,5297
2026-05-18T22:35:00+00:00,13.38,13.38,13.37,13.38,318
2026-05-18T22:40:00+00:00,13.38,13.38,13.37,13.37,1450
2026-05-18T22:45:00+00:00,13.38,13.38,13.37,13.38,1487
2026-05-18T22:50:00+00:00,13.38,13.39,13.37,13.38,4518
2026-05-18T22:55:00+00:00,13.38,13.39,13.38,13.38,497
2026-05-18T23:00:00+00:00,13.39,13.39,13.38,13.39,10458
2026-05-18T23:05:00+00:00,13.385,13.4,13.38,13.4,70644
2026-05-18T23:10:00+00:00,13.4,13.4,13.39,13.4,250
2026-05-18T23:15:00+00:00,13.4,13.4,13.39,13.395,951
2026-05-18T23:20:00+00:00,13.4,13.4,13.39,13.4,530
2026-05-18T23:25:00+00:00,13.4,13.4,13.39,13.4,1238
2026-05-18T23:30:00+00:00,13.39,13.4,13.39,13.4,665
2026-05-18T23:35:00+00:00,13.39,13.41,13.39,13.4,1310
2026-05-18T23:40:00+00:00,13.4,13.41,13.391,13.41,1935
2026-05-18T23:45:00+00:00,13.41,13.41,13.4,13.41,653
2026-05-18T23:50:00+00:00,13.4,13.41,13.4,13.4,2999
2026-05-18T23:55:00+00:00,13.4,13.41,13.38,13.41,7864
2026-05-19T08:00:00+00:00,13.399,13.4,13.34,13.38,7522
2026-05-19T08:05:00+00:00,13.35,13.37,13.32,13.32,1343
2026-05-19T08:10:00+00:00,13.34,13.34,13.3,13.3,1964
2026-05-19T08:15:00+00:00,13.323,13.39,13.32,13.39,324
2026-05-19T08:20:00+00:00,13.38,13.38,13.33,13.363,150
2026-05-19T08:25:00+00:00,13.33,13.35,13.33,13.35,2
2026-05-19T08:30:00+00:00,13.37,13.37,13.37,13.37,1
2026-05-19T08:35:00+00:00,13.364,13.364,13.364,13.364,10
2026-05-19T08:40:00+00:00,13.36,13.36,13.36,13.36,1
2026-05-19T08:45:00+00:00,13.36,13.36,13.36,13.36,0
2026-05-19T08:50:00+00:00,13.36,13.36,13.36,13.36,0
2026-05-19T08:55:00+00:00,13.36,13.36,13.36,13.36,1
2026-05-19T09:00:00+00:00,13.337,13.337,13.337,13.337,24
2026-05-19T09:05:00+00:00,13.332,13.332,13.33,13.33,360
2026-05-19T09:10:00+00:00,13.33,13.33,13.32,13.32,4484
2026-05-19T09:15:00+00:00,13.31,13.32,13.31,13.32,325
2026-05-19T09:20:00+00:00,13.32,13.32,13.32,13.32,0
2026-05-19T09:25:00+00:00,13.31,13.31,13.3,13.3,572
2026-05-19T09:30:00+00:00,13.3,13.3,13.29,13.29,484
2026-05-19T09:35:00+00:00,13.28,13.28,13.26,13.26,12
2026-05-19T09:40:00+00:00,13.25,13.25,13.25,13.25,10
2026-05-19T09:45:00+00:00,13.25,13.25,13.25,13.25,5
2026-05-19T09:50:00+00:00,13.25,13.25,13.25,13.25,0
2026-05-19T09:55:00+00:00,13.29,13.29,13.29,13.29,4
2026-05-19T10:00:00+00:00,13.29,13.29,13.29,13.29,0
2026-05-19T10:05:00+00:00,13.29,13.3,13.27,13.3,328
2026-05-19T10:10:00+00:00,13.3,13.3,13.3,13.3,172
2026-05-19T10:15:00+00:00,13.3,13.3,13.262,13.27,218
2026-05-19T10:20:00+00:00,13.3,13.3,13.29,13.29,1104
2026-05-19T10:25:00+00:00,13.3,13.3,13.28,13.28,84
2026-05-19T10:30:00+00:00,13.299,13.299,13.299,13.299,1
2026-05-19T10:35:00+00:00,13.29,13.3,13.29,13.29,2060
2026-05-19T10:40:00+00:00,13.29,13.3,13.27,13.27,98
2026-05-19T10:45:00+00:00,13.3,13.3,13.3,13.3,200
2026-05-19T10:50:00+00:00,13.3,13.3,13.272,13.272,580
2026-05-19T10:55:00+00:00,13.3,13.3,13.291,13.291,574
2026-05-19T11:00:00+00:00,13.32,13.37,13.31,13.34,3830
2026-05-19T11:05:00+00:00,13.34,13.34,13.3,13.33,2994
2026-05-19T11:10:00+00:00,13.32,13.33,13.28,13.3,3753
2026-05-19T11:15:00+00:00,13.3,13.311,13.27,13.311,3237
2026-05-19T11:20:00+00:00,13.28,13.32,13.26,13.28,663
2026-05-19T11:25:00+00:00,13.26,13.3,13.25,13.3,2013
2026-05-19T11:30:00+00:00,13.28,13.3,13.27,13.28,4889
2026-05-19T11:35:00+00:00,13.29,13.29,13.28,13.28,889
2026-05-19T11:40:00+00:00,13.29,13.29,13.28,13.29,6351
2026-05-19T11:45:00+00:00,13.28,13.3,13.28,13.3,10436
2026-05-19T11:50:00+00:00,13.29,13.3,13.28,13.289,2461
2026-05-19T11:55:00+00:00,13.28,13.29,13.28,13.28,328
2026-05-19T12:00:00+00:00,13.28,13.3,13.27,13.3,2903
2026-05-19T12:05:00+00:00,13.281,13.3,13.28,13.29,3785
2026-05-19T12:10:00+00:00,13.3,13.33,13.291,13.32,897
2026-05-19T12:15:00+00:00,13.33,13.33,13.28,13.28,4282
2026-05-19T12:20:00+00:00,13.3,13.33,13.3,13.328,1928
2026-05-19T12:25:00+00:00,13.32,13.33,13.3,13.33,243
2026-05-19T12:30:00+00:00,13.29,13.33,13.27,13.27,3032
2026-05-19T12:35:00+00:00,13.273,13.32,13.27,13.32,1509
2026-05-19T12:40:00+00:00,13.32,13.32,13.27,13.3,13309
2026-05-19T12:45:00+00:00,13.3,13.31,13.29,13.31,6753
2026-05-19T12:50:00+00:00,13.29,13.31,13.27,13.27,1692
2026-05-19T12:55:00+00:00,13.29,13.31,13.28,13.31,2477
2026-05-19T13:00:00+00:00,13.29,13.3,13.277,13.3,1724
2026-05-19T13:05:00+00:00,13.29,13.29,13.27,13.29,1212
2026-05-19T13:10:00+00:00,13.271,13.3,13.26,13.26,3001
2026-05-19T13:15:00+00:00,13.275,13.29,13.26,13.28,3803
2026-05-19T13:20:00+00:00,13.28,13.29,13.25,13.28,1605
2026-05-19T13:25:00+00:00,13.28,13.29,13.23,13.25,5565
2026-05-19T13:30:00+00:00,13.23,13.245,12.78,12.805,1801831
2026-05-19T13:35:00+00:00,12.81,12.84,12.77,12.78,925902
2026-05-19T13:40:00+00:00,12.785,12.79,12.66,12.665,780075
2026-05-19T13:45:00+00:00,12.66,12.77,12.65,12.76,659600
2026-05-19T13:50:00+00:00,12.765,12.855,12.71,12.85,699270
2026-05-19T13:55:00+00:00,12.85,12.87,12.735,12.76,726664
2026-05-19T14:00:00+00:00,12.751,12.79,12.715,12.785,308091
2026-05-19T14:05:00+00:00,12.79,12.82,12.74,12.75,389261
2026-05-19T14:10:00+00:00,12.76,12.8,12.74,12.75,289314
2026-05-19T14:15:00+00:00,12.75,12.818,12.73,12.795,450898
2026-05-19T14:20:00+00:00,12.8,12.81,12.775,12.78,364520
2026-05-19T14:25:00+00:00,12.78,12.79,12.74,12.765,328426
2026-05-19T14:30:00+00:00,12.77,12.84,12.77,12.8,221181
2026-05-19T14:35:00+00:00,12.8,12.85,12.8,12.835,307609
2026-05-19T14:40:00+00:00,12.835,12.87,12.795,12.82,354798
2026-05-19T14:45:00+00:00,12.815,12.84,12.78,12.815,206852
2026-05-19T14:50:00+00:00,12.815,12.83,12.8,12.805,149469
2026-05-19T14:55:00+00:00,12.805,12.85,12.79,12.825,162379
2026-05-19T15:00:00+00:00,12.825,12.85,12.795,12.85,260690
2026-05-19T15:05:00+00:00,12.845,12.935,12.825,12.925,322100
2026-05-19T15:10:00+00:00,12.93,13.02,12.91,12.995,845147
2026-05-19T15:15:00+00:00,12.995,12.995,12.86,12.867,320298
2026-05-19T15:20:00+00:00,12.865,12.93,12.865,12.905,736217
2026-05-19T15:25:00+00:00,12.9,12.93,12.89,12.925,170856
2026-05-19T15:30:00+00:00,12.92,12.935,12.9,12.915,206499
2026-05-19T15:35:00+00:00,12.911,12.911,12.88,12.885,158971
2026-05-19T15:40:00+00:00,12.885,12.9,12.845,12.845,207644
2026-05-19T15:45:00+00:00,12.85,12.88,12.845,12.875,152037
2026-05-19T15:50:00+00:00,12.875,12.89,12.83,12.83,164295
2026-05-19T15:55:00+00:00,12.832,12.85,12.82,12.835,176129
2026-05-19T16:00:00+00:00,12.83,12.87,12.82,12.855,180175
2026-05-19T16:05:00+00:00,12.86,12.865,12.82,12.825,167481
2026-05-19T16:10:00+00:00,12.83,12.83,12.8,12.825,119507
2026-05-19T16:15:00+00:00,12.825,12.835,12.81,12.826,102518
2026-05-19T16:20:00+00:00,12.825,12.84,12.81,12.825,108537
2026-05-19T16:25:00+00:00,12.825,12.855,12.82,12.835,154538
2026-05-19T16:30:00+00:00,12.835,12.87,12.82,12.86,427737
2026-05-19T16:35:00+00:00,12.86,12.87,12.82,12.845,172019
2026-05-19T16:40:00+00:00,12.84,12.85,12.82,12.845,239778
2026-05-19T16:45:00+00:00,12.85,12.86,12.82,12.855,179928
2026-05-19T16:50:00+00:00,12.85,12.88,12.845,12.865,175047
2026-05-19T16:55:00+00:00,12.865,12.89,12.86,12.865,240001
2026-05-19T17:00:00+00:00,12.86,12.87,12.84,12.845,113920
2026-05-19T17:05:00+00:00,12.845,12.9,12.84,12.895,171083
2026-05-19T17:10:00+00:00,12.89,12.9,12.87,12.885,182232
2026-05-19T17:15:00+00:00,12.885,12.9,12.86,12.875,269519
2026-05-19T17:20:00+00:00,12.88,12.89,12.86,12.885,230644
2026-05-19T17:25:00+00:00,12.89,12.89,12.855,12.875,109949
2026-05-19T17:30:00+00:00,12.875,12.93,12.87,12.89,219288
2026-05-19T17:35:00+00:00,12.895,12.915,12.885,12.908,102153
2026-05-19T17:40:00+00:00,12.905,12.92,12.88,12.9,190232
2026-05-19T17:45:00+00:00,12.905,12.93,12.885,12.92,207998
2026-05-19T17:50:00+00:00,12.925,12.93,12.885,12.905,116033
2026-05-19T17:55:00+00:00,12.905,12.93,12.9,12.925,143959
2026-05-19T18:00:00+00:00,12.925,12.96,12.92,12.945,154605
2026-05-19T18:05:00+00:00,12.95,12.98,12.949,12.965,251245
2026-05-19T18:10:00+00:00,12.965,12.98,12.945,12.955,142205
2026-05-19T18:15:00+00:00,12.955,12.99,12.95,12.98,117738
2026-05-19T18:20:00+00:00,12.987,13.0,12.97,12.97,177105
2026-05-19T18:25:00+00:00,12.975,13.01,12.97,13.0,206798
2026-05-19T18:30:00+00:00,13.01,13.04,12.99,13.033,373958
2026-05-19T18:35:00+00:00,13.03,13.05,13.01,13.035,248523
2026-05-19T18:40:00+00:00,13.03,13.07,13.01,13.06,376656
2026-05-19T18:45:00+00:00,13.055,13.08,13.04,13.055,387693
2026-05-19T18:50:00+00:00,13.055,13.06,12.962,12.962,562395
2026-05-19T18:55:00+00:00,12.965,12.97,12.92,12.955,561412
2026-05-19T19:00:00+00:00,12.96,13.03,12.96,12.995,365293
2026-05-19T19:05:00+00:00,12.995,13.02,12.98,13.01,309804
2026-05-19T19:10:00+00:00,13.02,13.04,13.0,13.02,424133
2026-05-19T19:15:00+00:00,13.025,13.035,13.0,13.005,162130
2026-05-19T19:20:00+00:00,13.01,13.02,12.98,12.985,126094
2026-05-19T19:25:00+00:00,12.985,13.015,12.975,13.005,602325
2026-05-19T19:30:00+00:00,13.005,13.01,12.955,12.96,900152
2026-05-19T19:35:00+00:00,12.955,12.99,12.955,12.98,470690
2026-05-19T19:40:00+00:00,12.985,12.99,12.95,12.955,276831
2026-05-19T19:45:00+00:00,12.955,12.97,12.91,12.92,466750
2026-05-19T19:50:00+00:00,12.925,12.94,12.87,12.895,641830
2026-05-19T19:55:00+00:00,12.89,12.91,12.86,12.9,1206961
2026-05-19T20:00:00+00:00,12.9,12.94,12.89,12.9,889814
2026-05-19T20:05:00+00:00,12.93,12.93,12.89,12.92,490354
2026-05-19T20:10:00+00:00,12.9,12.92,12.89,12.89,5927
2026-05-19T20:15:00+00:00,12.9,12.91,12.88,12.9,9582
2026-05-19T20:20:00+00:00,12.89,12.91,12.89,12.91,859
2026-05-19T20:25:00+00:00,12.909,12.91,12.89,12.9,3472
2026-05-19T20:30:00+00:00,12.9,12.9,12.89,12.9,12934
2026-05-19T20:35:00+00:00,12.89,12.9,12.89,12.89,2069
2026-05-19T20:40:00+00:00,12.9,12.91,12.89,12.91,2060
2026-05-19T20:45:00+00:00,12.91,12.91,12.9,12.909,8903
2026-05-19T20:50:00+00:00,12.9,12.91,12.9,12.9,322659
2026-05-19T20:55:00+00:00,12.91,12.91,12.89,12.905,2446
2026-05-19T21:00:00+00:00,12.91,12.91,12.9,12.91,5724
2026-05-19T21:05:00+00:00,12.91,12.91,12.9,12.907,523
2026-05-19T21:10:00+00:00,12.9,12.91,12.9,12.91,564
2026-05-19T21:15:00+00:00,12.91,12.91,12.9,12.91,738
2026-05-19T21:20:00+00:00,12.91,12.91,12.9,12.905,401
2026-05-19T21:25:00+00:00,12.905,12.91,12.9,12.91,5263
2026-05-19T21:30:00+00:00,12.91,12.91,12.57,12.91,7493
2026-05-19T21:35:00+00:00,12.91,12.91,12.88,12.89,597
2026-05-19T21:40:00+00:00,12.91,12.91,12.895,12.9,290
2026-05-19T21:45:00+00:00,12.91,12.91,12.88,12.905,10560
2026-05-19T21:50:00+00:00,12.9,12.91,12.9,12.9,10505
2026-05-19T21:55:00+00:00,12.9,12.91,12.9,12.91,1515
2026-05-19T22:00:00+00:00,12.909,12.91,12.9,12.91,15328
2026-05-19T22:05:00+00:00,12.91,12.91,12.9,12.91,5602
2026-05-19T22:10:00+00:00,12.91,12.91,12.9,12.91,12190
2026-05-19T22:15:00+00:00,12.91,12.91,12.9,12.91,4013
2026-05-19T22:20:00+00:00,12.91,12.91,12.9,12.9,4317
2026-05-19T22:25:00+00:00,12.91,12.91,12.9,12.9,545
2026-05-19T22:30:00+00:00,12.91,12.91,12.9,12.91,174
2026-05-19T22:35:00+00:00,12.91,12.91,12.9,12.91,2940
2026-05-19T22:40:00+00:00,12.905,12.91,12.9,12.909,1401
2026-05-19T22:45:00+00:00,12.91,12.91,12.9,12.9,562
2026-05-19T22:50:00+00:00,12.89,12.91,12.89,12.909,493
2026-05-19T22:55:00+00:00,12.9,12.91,12.89,12.91,7033
2026-05-19T23:00:00+00:00,12.91,12.91,12.9,12.91,644
2026-05-19T23:05:00+00:00,12.91,12.91,12.9,12.91,363
2026-05-19T23:10:00+00:00,12.91,12.94,12.9,12.939,3000
2026-05-19T23:15:00+00:00,12.939,12.94,12.9,12.92,1191
2026-05-19T23:20:00+00:00,12.93,13.12,12.92,12.97,15628
2026-05-19T23:25:00+00:00,12.95,13.14,12.94,13.0,1182
2026-05-19T23:30:00+00:00,12.96,13.14,12.93,13.0,694
2026-05-19T23:35:00+00:00,13.0,13.0,12.93,12.965,10482
2026-05-19T23:40:00+00:00,12.93,13.0,12.93,12.989,1167
2026-05-19T23:45:00+00:00,12.976,12.99,12.93,12.98,6916
2026-05-19T23:50:00+00:00,12.98,12.98,12.94,12.94,5898
2026-05-19T23:55:00+00:00,12.98,12.98,12.96,12.96,4951
2026-05-20T08:00:00+00:00,12.87,13.03,12.87,12.96,7770
2026-05-20T08:05:00+00:00,12.95,12.95,12.9,12.9,3650
2026-05-20T08:10:00+00:00,12.9,12.9,12.9,12.9,0
2026-05-20T08:15:00+00:00,12.897,12.957,12.897,12.957,41
2026-05-20T08:20:00+00:00,12.92,12.92,12.92,12.92,100
2026-05-20T08:25:00+00:00,12.9,12.96,12.9,12.937,334
2026-05-20T08:30:00+00:00,12.9,12.9,12.9,12.9,18
2026-05-20T08:35:00+00:00,12.925,12.925,12.925,12.925,49
2026-05-20T08:40:00+00:00,12.92,12.92,12.92,12.92,3
2026-05-20T08:45:00+00:00,12.93,12.94,12.927,12.94,1010
2026-05-20T08:50:00+00:00,12.94,12.94,12.94,12.94,30
2026-05-20T08:55:00+00:00,12.938,12.95,12.938,12.95,580
2026-05-20T09:00:00+00:00,12.96,12.96,12.96,12.96,100
2026-05-20T09:05:00+00:00,12.95,12.959,12.95,12.959,79
2026-05-20T09:10:00+00:00,12.95,12.95,12.95,12.95,5
2026-05-20T09:15:00+00:00,12.94,12.94,12.93,12.93,1100
2026-05-20T09:20:00+00:00,12.93,12.93,12.93,12.93,0
2026-05-20T09:25:00+00:00,12.93,12.93,12.93,12.93,0
2026-05-20T09:30:00+00:00,12.93,12.93,12.93,12.93,0
2026-05-20T09:35:00+00:00,12.93,12.93,12.93,12.93,0
2026-05-20T09:40:00+00:00,12.979,12.98,12.979,12.98,23
2026-05-20T09:45:00+00:00,12.98,12.98,12.98,12.98,30
2026-05-20T09:50:00+00:00,12.977,12.98,12.94,12.942,633
2026-05-20T09:55:00+00:00,12.97,12.97,12.97,12.97,203
2026-05-20T10:00:00+00:00,12.97,12.97,12.97,12.97,1
2026-05-20T10:05:00+00:00,12.97,12.97,12.96,12.96,110
2026-05-20T10:10:00+00:00,12.97,12.97,12.96,12.96,10
2026-05-20T10:15:00+00:00,12.95,12.95,12.93,12.93,3027
2026-05-20T10:20:00+00:00,12.93,12.95,12.93,12.95,6680
2026-05-20T10:25:00+00:00,12.97,12.97,12.961,12.97,2016
2026-05-20T10:30:00+00:00,12.97,12.98,12.97,12.971,4189
2026-05-20T10:35:00+00:00,12.97,12.98,12.97,12.98,2153
2026-05-20T10:40:00+00:00,12.979,12.979,12.96,12.967,6438
2026-05-20T10:45:00+00:00,12.96,12.96,12.96,12.96,87
2026-05-20T10:50:00+00:00,12.958,12.958,12.93,12.94,161
2026-05-20T10:55:00+00:00,12.96,12.96,12.94,12.95,103
2026-05-20T11:00:00+00:00,12.97,12.97,12.93,12.96,7738
2026-05-20T11:05:00+00:00,12.96,12.97,12.95,12.96,4090
2026-05-20T11:10:00+00:00,12.97,12.97,12.95,12.95,10207
2026-05-20T11:15:00+00:00,12.97,12.97,12.95,12.967,1540
2026-05-20T11:20:00+00:00,12.967,12.97,12.96,12.967,17293
2026-05-20T11:25:00+00:00,12.969,12.97,12.95,12.95,448
2026-05-20T11:30:00+00:00,12.97,12.99,12.96,12.98,7794
2026-05-20T11:35:00+00:00,12.99,13.01,12.971,13.01,8243
2026-05-20T11:40:00+00:00,13.01,13.02,13.0,13.02,7818
2026-05-20T11:45:00+00:00,13.019,13.03,13.0,13.009,10471
2026-05-20T11:50:00+00:00,13.02,13.03,13.0,13.01,6694
2026-05-20T11:55:00+00:00,13.03,13.04,13.0,13.018,2603
2026-05-20T12:00:00+00:00,13.018,13.03,13.01,13.02,5269
2026-05-20T12:05:00+00:00,13.03,13.03,13.02,13.02,6997
2026-05-20T12:10:00+00:00,13.02,13.04,13.02,13.04,6236
2026-05-20T12:15:00+00:00,13.04,13.04,13.02,13.04,3322
2026-05-20T12:20:00+00:00,13.03,13.04,13.0,13.03,10718
2026-05-20T12:25:00+00:00,13.0,13.04,13.0,13.02,2162
2026-05-20T12:30:00+00:00,13.04,13.04,13.0,13.03,30096
2026-05-20T12:35:00+00:00,13.02,13.02,13.0,13.01,8467
2026-05-20T12:40:00+00:00,13.01,13.02,13.0,13.001,23169
2026-05-20T12:45:00+00:00,13.01,13.01,13.0,13.01,29607
2026-05-20T12:50:00+00:00,13.01,13.04,13.0,13.04,8952
2026-05-20T12:55:00+00:00,13.04,13.04,13.0,13.001,4848
2026-05-20T13:00:00+00:00,13.0,13.03,13.0,13.03,9739
2026-05-20T13:05:00+00:00,13.04,13.04,13.0,13.026,7947
2026-05-20T13:10:00+00:00,13.02,13.04,13.02,13.04,2107
2026-05-20T13:15:00+00:00,13.025,13.04,13.02,13.03,9143
2026-05-20T13:20:00+00:00,13.04,13.04,13.02,13.028,5867
2026-05-20T13:25:00+00:00,13.03,13.1,13.022,13.1,10696
2026-05-20T13:30:00+00:00,13.07,13.08,12.81,12.815,508953
2026-05-20T13:35:00+00:00,12.815,12.895,12.79,12.875,481712
2026-05-20T13:40:00+00:00,12.875,12.88,12.774,12.775,326338
2026-05-20T13:45:00+00:00,12.78,12.945,12.78,12.885,296528
2026-05-20T13:50:00+00:00,12.885,12.92,12.86,12.905,230721
2026-05-20T13:55:00+00:00,12.905,12.937,12.88,12.88,291622
2026-05-20T14:00:00+00:00,12.89,12.97,12.89,12.915,301355
2026-05-20T14:05:00+00:00,12.915,12.94,12.89,12.93,329072
2026-05-20T14:10:00+00:00,12.935,13.015,12.9,12.995,316822
2026-05-20T14:15:00+00:00,12.995,13.15,12.98,13.09,437503
2026-05-20T14:20:00+00:00,13.096,13.1,13.03,13.05,323176
2026-05-20T14:25:00+00:00,13.055,13.105,13.055,13.06,191678
2026-05-20T14:30:00+00:00,13.07,13.15,13.07,13.095,317449
2026-05-20T14:35:00+00:00,13.095,13.13,13.055,13.07,299487
2026-05-20T14:40:00+00:00,13.06,13.135,13.06,13.115,235526
2026-05-20T14:45:00+00:00,13.11,13.19,13.11,13.155,484107
2026-05-20T14:50:00+00:00,13.155,13.16,13.11,13.14,224254
2026-05-20T14:55:00+00:00,13.145,13.19,13.14,13.165,339598
2026-05-20T15:00:00+00:00,13.165,13.22,13.14,13.22,454417
2026-05-20T15:05:00+00:00,13.215,13.27,13.21,13.245,720756
2026-05-20T15:10:00+00:00,13.245,13.25,13.18,13.19,133671
2026-05-20T15:15:00+00:00,13.195,13.32,13.18,13.32,372858
2026-05-20T15:20:00+00:00,13.315,13.34,13.3,13.313,224108
2026-05-20T15:25:00+00:00,13.31,13.33,13.27,13.29,208293
2026-05-20T15:30:00+00:00,13.295,13.349,13.29,13.345,207768
2026-05-20T15:35:00+00:00,13.35,13.355,13.32,13.33,204290
2026-05-20T15:40:00+00:00,13.335,13.37,13.32,13.345,224495
2026-05-20T15:45:00+00:00,13.341,13.356,13.33,13.355,217971
2026-05-20T15:50:00+00:00,13.355,13.39,13.35,13.365,258535
2026-05-20T15:55:00+00:00,13.365,13.455,13.365,13.435,399843
2026-05-20T16:00:00+00:00,13.435,13.44,13.395,13.405,315396
2026-05-20T16:05:00+00:00,13.405,13.51,13.4,13.505,371905
2026-05-20T16:10:00+00:00,13.505,13.55,13.485,13.515,605780
2026-05-20T16:15:00+00:00,13.515,13.595,13.51,13.56,501572
2026-05-20T16:20:00+00:00,13.565,13.575,13.522,13.55,375583
2026-05-20T16:25:00+00:00,13.54,13.61,13.515,13.545,564416
2026-05-20T16:30:00+00:00,13.55,13.625,13.54,13.58,230288
2026-05-20T16:35:00+00:00,13.585,13.595,13.53,13.575,199424
2026-05-20T16:40:00+00:00,13.58,13.61,13.56,13.57,387238
2026-05-20T16:45:00+00:00,13.57,13.58,13.49,13.515,276750
2026-05-20T16:50:00+00:00,13.51,13.52,13.49,13.495,244982
2026-05-20T16:55:00+00:00,13.495,13.51,13.44,13.49,255102
2026-05-20T17:00:00+00:00,13.485,13.485,13.45,13.45,174785
2026-05-20T17:05:00+00:00,13.45,13.46,13.42,13.42,193786
2026-05-20T17:10:00+00:00,13.425,13.497,13.405,13.495,624390
2026-05-20T17:15:00+00:00,13.495,13.51,13.465,13.49,369900
2026-05-20T17:20:00+00:00,13.485,13.49,13.44,13.445,85274
2026-05-20T17:25:00+00:00,13.44,13.5,13.44,13.5,252858
2026-05-20T17:30:00+00:00,13.5,13.5,13.46,13.47,131463
2026-05-20T17:35:00+00:00,13.475,13.51,13.47,13.499,224858
2026-05-20T17:40:00+00:00,13.5,13.5,13.45,13.475,184904
2026-05-20T17:45:00+00:00,13.48,13.48,13.44,13.475,828595
2026-05-20T17:50:00+00:00,13.475,13.475,13.455,13.465,154019
2026-05-20T17:55:00+00:00,13.46,13.47,13.38,13.395,230365
2026-05-20T18:00:00+00:00,13.39,13.415,13.37,13.38,321374
2026-05-20T18:05:00+00:00,13.385,13.41,13.37,13.395,183914
2026-05-20T18:10:00+00:00,13.4,13.43,13.373,13.425,252227
2026-05-20T18:15:00+00:00,13.425,13.46,13.425,13.455,144317
2026-05-20T18:20:00+00:00,13.45,13.47,13.445,13.455,90460
2026-05-20T18:25:00+00:00,13.452,13.47,13.42,13.455,108384
2026-05-20T18:30:00+00:00,13.455,13.46,13.43,13.44,297861
2026-05-20T18:35:00+00:00,13.435,13.44,13.4,13.435,264239
2026-05-20T18:40:00+00:00,13.43,13.46,13.42,13.42,282175
2026-05-20T18:45:00+00:00,13.42,13.549,13.4,13.52,185596
2026-05-20T18:50:00+00:00,13.525,13.56,13.5,13.53,483316
2026-05-20T18:55:00+00:00,13.525,13.535,13.49,13.51,611551
2026-05-20T19:00:00+00:00,13.52,13.54,13.5,13.505,383599
2026-05-20T19:05:00+00:00,13.5,13.525,13.48,13.52,202777
2026-05-20T19:10:00+00:00,13.525,13.57,13.505,13.565,223198
2026-05-20T19:15:00+00:00,13.56,13.57,13.535,13.545,262662
2026-05-20T19:20:00+00:00,13.545,13.59,13.53,13.555,240252
2026-05-20T19:25:00+00:00,13.555,13.57,13.52,13.555,226951
2026-05-20T19:30:00+00:00,13.56,13.57,13.53,13.56,175128
2026-05-20T19:35:00+00:00,13.56,13.63,13.56,13.625,342726
2026-05-20T19:40:00+00:00,13.625,13.67,13.61,13.659,412571
2026-05-20T19:45:00+00:00,13.655,13.665,13.6,13.61,356909
2026-05-20T19:50:00+00:00,13.615,13.615,13.56,13.565,438238
2026-05-20T19:55:00+00:00,13.565,13.78,13.565,13.73,3449467
2026-05-20T20:00:00+00:00,13.73,13.79,13.61,13.73,738235
2026-05-20T20:05:00+00:00,13.76,13.8,13.63,13.75,307552
2026-05-20T20:10:00+00:00,13.72,13.75,13.72,13.73,27313
2026-05-20T20:15:00+00:00,13.739,13.74,13.68,13.68,23827
2026-05-20T20:20:00+00:00,13.68,13.72,13.66,13.7,2391
2026-05-20T20:25:00+00:00,13.675,13.7,13.66,13.68,7110
2026-05-20T20:30:00+00:00,13.7,13.7,13.66,13.7,598
2026-05-20T20:35:00+00:00,13.703,13.74,13.67,13.72,5587
2026-05-20T20:40:00+00:00,13.72,13.72,13.7,13.72,14129
2026-05-20T20:45:00+00:00,13.71,13.72,13.7,13.7,27893
2026-05-20T20:50:00+00:00,13.72,13.72,13.7,13.7,1292209
2026-05-20T20:55:00+00:00,13.699,13.7,13.69,13.69,4690
2026-05-20T21:00:00+00:00,13.7,13.7,13.69,13.7,461
2026-05-20T21:05:00+00:00,13.7,13.7,13.67,13.675,4018
2026-05-20T21:10:00+00:00,13.68,13.68,13.63,13.63,2668
2026-05-20T21:15:00+00:00,13.65,13.67,13.63,13.667,10830
2026-05-20T21:20:00+00:00,13.67,13.68,13.64,13.66,1070
2026-05-20T21:25:00+00:00,13.64,13.68,13.6,13.645,645
2026-05-20T21:30:00+00:00,13.68,13.68,13.64,13.64,1292
2026-05-20T21:35:00+00:00,13.65,13.68,13.65,13.655,2753
2026-05-20T21:40:00+00:00,13.63,13.67,13.63,13.67,2824
2026-05-20T21:45:00+00:00,13.67,13.67,13.65,13.66,673
2026-05-20T21:50:00+00:00,13.66,14.05,13.37,13.66,38088
2026-05-20T21:55:00+00:00,13.68,13.72,13.68,13.7,8650
2026-05-20T22:00:00+00:00,13.7,13.72,13.695,13.7,1305
2026-05-20T22:05:00+00:00,13.68,13.72,13.65,13.7,3040
2026-05-20T22:10:00+00:00,13.72,13.72,13.66,13.7,1337
2026-05-20T22:15:00+00:00,13.68,13.72,13.675,13.675,73
2026-05-20T22:20:00+00:00,13.7,13.7,13.63,13.67,2773
2026-05-20T22:25:00+00:00,13.641,13.7,13.64,13.7,5102
2026-05-20T22:30:00+00:00,13.7,13.7,13.65,13.655,106
2026-05-20T22:35:00+00:00,13.65,13.66,13.65,13.655,1279
2026-05-20T22:40:00+00:00,13.65,13.68,13.65,13.68,264
2026-05-20T22:45:00+00:00,13.68,13.68,13.65,13.651,1679
2026-05-20T22:50:00+00:00,13.65,13.68,13.65,13.68,312
2026-05-20T22:55:00+00:00,13.65,13.68,13.65,13.65,1017
2026-05-20T23:00:00+00:00,13.665,13.68,13.65,13.665,2051
2026-05-20T23:05:00+00:00,13.68,13.68,13.65,13.653,171
2026-05-20T23:10:00+00:00,13.67,13.68,13.655,13.68,1100
2026-05-20T23:15:00+00:00,13.66,13.7,13.66,13.675,2737
2026-05-20T23:20:00+00:00,13.66,13.69,13.66,13.68,402
2026-05-20T23:25:00+00:00,13.68,13.7,13.68,13.69,3034
2026-05-20T23:30:00+00:00,13.68,13.69,13.66,13.675,7233
2026-05-20T23:35:00+00:00,13.66,13.71,13.66,13.69,13368
2026-05-20T23:40:00+00:00,13.68,13.71,13.661,13.67,5125
2026-05-20T23:45:00+00:00,13.71,13.71,13.69,13.71,1355
2026-05-20T23:50:00+00:00,13.703,13.71,13.66,13.67,3331
2026-05-20T23:55:00+00:00,13.67,13.71,13.66,13.68,13351
2026-05-21T08:00:00+00:00,13.71,13.79,13.68,13.71,23103
2026-05-21T08:05:00+00:00,13.75,13.78,13.69,13.74,1019
2026-05-21T08:10:00+00:00,13.74,13.74,13.74,13.74,100
2026-05-21T08:15:00+00:00,13.76,13.76,13.76,13.76,1602
2026-05-21T08:20:00+00:00,13.739,13.739,13.73,13.73,1170
2026-05-21T08:25:00+00:00,13.76,13.76,13.76,13.76,50
2026-05-21T08:30:00+00:00,13.76,13.76,13.75,13.75,1002
2026-05-21T08:35:00+00:00,13.75,13.75,13.75,13.75,219
2026-05-21T08:40:00+00:00,13.71,13.757,13.71,13.757,3
2026-05-21T08:45:00+00:00,13.75,13.75,13.75,13.75,30
2026-05-21T08:50:00+00:00,13.75,13.75,13.75,13.75,0
2026-05-21T08:55:00+00:00,13.75,13.758,13.75,13.758,5
2026-05-21T09:00:00+00:00,13.72,13.752,13.72,13.75,1481
2026-05-21T09:05:00+00:00,13.75,13.75,13.75,13.75,1
2026-05-21T09:10:00+00:00,13.71,13.75,13.71,13.75,359
2026-05-21T09:15:00+00:00,13.741,13.741,13.741,13.741,1
2026-05-21T09:20:00+00:00,13.72,13.74,13.72,13.74,720
2026-05-21T09:25:00+00:00,13.746,13.746,13.746,13.746,350
2026-05-21T09:30:00+00:00,13.746,13.746,13.746,13.746,0
2026-05-21T09:35:00+00:00,13.76,13.77,13.76,13.77,414
2026-05-21T09:40:00+00:00,13.73,13.76,13.73,13.76,129
2026-05-21T09:45:00+00:00,13.75,13.75,13.75,13.75,89
2026-05-21T09:50:00+00:00,13.73,13.75,13.73,13.75,9
2026-05-21T09:55:00+00:00,13.75,13.75,13.713,13.713,802
2026-05-21T10:00:00+00:00,13.77,13.77,13.76,13.76,218
2026-05-21T10:05:00+00:00,13.747,13.747,13.738,13.738,86
2026-05-21T10:10:00+00:00,13.74,13.74,13.74,13.74,539
2026-05-21T10:15:00+00:00,13.73,13.73,13.7,13.73,180
2026-05-21T10:20:00+00:00,13.75,13.75,13.725,13.725,289
2026-05-21T10:25:00+00:00,13.74,13.74,13.68,13.68,1776
2026-05-21T10:30:00+00:00,13.7,13.7,13.68,13.68,609
2026-05-21T10:35:00+00:00,13.68,13.69,13.62,13.62,1788
2026-05-21T10:40:00+00:00,13.64,13.65,13.64,13.65,125
2026-05-21T10:45:00+00:00,13.62,13.678,13.61,13.61,131
2026-05-21T10:50:00+00:00,13.6,13.63,13.6,13.61,214
2026-05-21T10:55:00+00:00,13.592,13.592,13.592,13.592,60
2026-05-21T11:00:00+00:00,13.64,13.67,13.6,13.62,318
2026-05-21T11:05:00+00:00,13.67,13.68,13.62,13.68,1156
2026-05-21T11:10:00+00:00,13.68,13.7,13.65,13.66,1503
2026-05-21T11:15:00+00:00,13.66,13.7,13.66,13.7,674
2026-05-21T11:20:00+00:00,13.69,13.69,13.67,13.69,2160
2026-05-21T11:25:00+00:00,13.69,13.7,13.683,13.7,5782
2026-05-21T11:30:00+00:00,13.66,13.7,13.66,13.7,2926
2026-05-21T11:35:00+00:00,13.7,13.7,13.68,13.681,532
2026-05-21T11:40:00+00:00,13.7,13.7,13.69,13.69,2116
2026-05-21T11:45:00+00:00,13.69,13.7,13.68,13.69,1330
2026-05-21T11:50:00+00:00,13.68,13.7,13.68,13.7,5245
2026-05-21T11:55:00+00:00,13.69,13.7,13.65,13.7,11767
2026-05-21T12:00:00+00:00,13.69,13.7,13.68,13.7,1626
2026-05-21T12:05:00+00:00,13.7,13.7,13.675,13.675,432
2026-05-21T12:10:00+00:00,13.65,13.7,13.65,13.655,1665
2026-05-21T12:15:00+00:00,13.68,13.7,13.67,13.685,4776
2026-05-21T12:20:00+00:00,13.66,13.68,13.65,13.675,209
2026-05-21T12:25:00+00:00,13.65,13.68,13.65,13.67,1416
2026-05-21T12:30:00+00:00,13.67,13.69,13.65,13.69,2059
2026-05-21T12:35:00+00:00,13.69,13.69,13.65,13.67,10220
2026-05-21T12:40:00+00:00,13.67,13.67,13.64,13.64,4865
2026-05-21T12:45:00+00:00,13.65,13.65,13.64,13.65,382
2026-05-21T12:50:00+00:00,13.642,13.65,13.62,13.62,2164
2026-05-21T12:55:00+00:00,13.63,13.64,13.6,13.639,4079
2026-05-21T13:00:00+00:00,13.64,13.64,13.611,13.635,1647
2026-05-21T13:05:00+00:00,13.64,13.64,13.619,13.62,184
2026-05-21T13:10:00+00:00,13.6,13.65,13.6,13.65,19018
2026-05-21T13:15:00+00:00,13.62,13.64,13.6,13.63,3151
2026-05-21T13:20:00+00:00,13.63,13.63,13.59,13.601,6006
2026-05-21T13:25:00+00:00,13.6,13.65,13.55,13.65,20989
2026-05-21T13:30:00+00:00,13.63,13.88,13.56,13.865,511664
2026-05-21T13:35:00+00:00,13.865,13.94,13.814,13.87,520172
2026-05-21T13:40:00+00:00,13.87,13.88,13.72,13.74,365215
2026-05-21T13:45:00+00:00,13.75,13.815,13.73,13.77,258355
2026-05-21T13:50:00+00:00,13.765,13.86,13.72,13.84,208618
2026-05-21T13:55:00+00:00,13.85,13.87,13.79,13.84,308011
2026-05-21T14:00:00+00:00,13.84,13.99,13.82,13.98,639428
2026-05-21T14:05:00+00:00,13.975,14.105,13.93,14.095,536421
2026-05-21T14:10:00+00:00,14.095,14.15,14.09,14.1,346904
2026-05-21T14:15:00+00:00,14.099,14.11,13.96,13.965,369518
2026-05-21T14:20:00+00:00,13.96,13.97,13.85,13.87,303376
2026-05-21T14:25:00+00:00,13.86,13.885,13.84,13.855,150927
2026-05-21T14:30:00+00:00,13.855,13.89,13.735,13.775,342444
2026-05-21T14:35:00+00:00,13.775,13.8,13.75,13.78,294788
2026-05-21T14:40:00+00:00,13.77,13.81,13.74,13.785,173159
2026-05-21T14:45:00+00:00,13.785,13.79,13.73,13.755,151179
2026-05-21T14:50:00+00:00,13.755,13.815,13.73,13.815,132180
2026-05-21T14:55:00+00:00,13.815,13.845,13.8,13.831,116387
2026-05-21T15:00:00+00:00,13.835,13.865,13.81,13.835,121451
2026-05-21T15:05:00+00:00,13.835,13.84,13.78,13.82,105508
2026-05-21T15:10:00+00:00,13.82,13.84,13.78,13.825,76072
2026-05-21T15:15:00+00:00,13.825,13.83,13.775,13.795,82168
2026-05-21T15:20:00+00:00,13.795,13.805,13.77,13.79,99169
2026-05-21T15:25:00+00:00,13.785,13.82,13.78,13.82,60986
2026-05-21T15:30:00+00:00,13.815,13.825,13.79,13.805,87006
2026-05-21T15:35:00+00:00,13.8,13.805,13.78,13.785,71070
2026-05-21T15:40:00+00:00,13.78,13.815,13.78,13.81,97167
2026-05-21T15:45:00+00:00,13.805,13.81,13.775,13.795,50069
2026-05-21T15:50:00+00:00,13.795,13.802,13.78,13.78,61089
2026-05-21T15:55:00+00:00,13.775,13.78,13.755,13.77,101813
2026-05-21T16:00:00+00:00,13.78,13.84,13.77,13.815,79519
2026-05-21T16:05:00+00:00,13.81,13.83,13.81,13.825,74718
2026-05-21T16:10:00+00:00,13.825,13.84,13.8,13.835,83039
2026-05-21T16:15:00+00:00,13.835,13.865,13.81,13.86,66213
2026-05-21T16:20:00+00:00,13.85,13.855,13.8,13.815,67382
2026-05-21T16:25:00+00:00,13.81,13.82,13.79,13.815,47011
2026-05-21T16:30:00+00:00,13.815,13.83,13.81,13.83,35336
2026-05-21T16:35:00+00:00,13.825,13.84,13.8,13.82,57498
2026-05-21T16:40:00+00:00,13.82,13.85,13.805,13.835,81464
2026-05-21T16:45:00+00:00,13.83,13.88,13.82,13.85,153206
2026-05-21T16:50:00+00:00,13.855,13.98,13.85,13.967,441043
2026-05-21T16:55:00+00:00,13.965,13.967,13.925,13.96,120164
2026-05-21T17:00:00+00:00,13.96,13.985,13.94,13.985,148296
2026-05-21T17:05:00+00:00,13.985,14.02,13.97,14.01,117311
2026-05-21T17:10:00+00:00,14.01,14.095,14.01,14.055,177471
2026-05-21T17:15:00+00:00,14.055,14.13,14.035,14.045,191216
2026-05-21T17:20:00+00:00,14.05,14.105,14.05,14.095,190031
2026-05-21T17:25:00+00:00,14.1,14.14,14.1,14.105,189617
2026-05-21T17:30:00+00:00,14.105,14.12,14.09,14.1,136013
2026-05-21T17:35:00+00:00,14.1,14.109,14.03,14.035,109543
2026-05-21T17:40:00+00:00,14.03,14.095,14.025,14.065,120086
2026-05-21T17:45:00+00:00,14.065,14.095,14.06,14.075,138972
2026-05-21T17:50:00+00:00,14.075,14.095,14.05,14.095,75381
2026-05-21T17:55:00+00:00,14.1,14.11,14.07,14.085,79922
2026-05-21T18:00:00+00:00,14.085,14.21,14.085,14.17,298863
2026-05-21T18:05:00+00:00,14.165,14.185,14.15,14.16,190673
2026-05-21T18:10:00+00:00,14.15,14.18,14.135,14.155,137019
2026-05-21T18:15:00+00:00,14.155,14.169,14.115,14.155,181475
2026-05-21T18:20:00+00:00,14.155,14.18,14.14,14.175,148864
2026-05-21T18:25:00+00:00,14.175,14.18,14.13,14.14,112917
2026-05-21T18:30:00+00:00,14.135,14.18,14.135,14.16,239601
2026-05-21T18:35:00+00:00,14.16,14.17,14.14,14.155,109430
2026-05-21T18:40:00+00:00,14.155,14.16,14.135,14.15,86770
2026-05-21T18:45:00+00:00,14.15,14.15,14.08,14.085,142235
2026-05-21T18:50:00+00:00,14.08,14.12,14.07,14.07,184960
2026-05-21T18:55:00+00:00,14.06,14.11,14.05,14.1,142538
2026-05-21T19:00:00+00:00,14.11,14.165,14.11,14.155,124563
2026-05-21T19:05:00+00:00,14.155,14.165,14.135,14.149,102043
2026-05-21T19:10:00+00:00,14.15,14.165,14.1,14.115,109251
2026-05-21T19:15:00+00:00,14.115,14.145,14.106,14.135,102283
2026-05-21T19:20:00+00:00,14.135,14.14,14.11,14.125,113920
2026-05-21T19:25:00+00:00,14.125,14.14,14.11,14.14,113380
2026-05-21T19:30:00+00:00,14.135,14.25,14.13,14.23,248137
2026-05-21T19:35:00+00:00,14.235,14.25,14.18,14.185,175579
2026-05-21T19:40:00+00:00,14.185,14.195,14.155,14.18,243321
2026-05-21T19:45:00+00:00,14.175,14.18,14.16,14.175,205411
2026-05-21T19:50:00+00:00,14.175,14.175,14.095,14.13,395359
2026-05-21T19:55:00+00:00,14.13,14.21,14.13,14.15,1164851
2026-05-21T20:00:00+00:00,14.15,14.18,14.1,14.15,314143
2026-05-21T20:05:00+00:00,14.12,14.15,14.1,14.13,25826
2026-05-21T20:10:00+00:00,14.15,14.15,14.125,14.15,2531
2026-05-21T20:15:00+00:00,14.14,14.15,14.14,14.14,626
2026-05-21T20:20:00+00:00,14.15,14.17,14.14,14.17,2598
2026-05-21T20:25:00+00:00,14.14,14.17,14.14,14.16,22409
2026-05-21T20:30:00+00:00,14.155,14.17,14.14,14.17,857
2026-05-21T20:35:00+00:00,14.168,14.17,14.14,14.17,1519
2026-05-21T20:40:00+00:00,14.17,14.17,14.12,14.155,303
2026-05-21T20:45:00+00:00,14.16,14.16,14.14,14.15,352
2026-05-21T20:50:00+00:00,14.16,14.16,14.13,14.15,552
2026-05-21T20:55:00+00:00,14.11,14.16,14.11,14.11,2777
2026-05-21T21:00:00+00:00,14.135,14.15,14.11,14.13,1531
2026-05-21T21:05:00+00:00,14.12,14.13,14.11,14.12,1969
2026-05-21T21:10:00+00:00,14.13,14.15,14.11,14.13,1887
2026-05-21T21:15:00+00:00,14.15,14.15,14.11,14.13,1212
2026-05-21T21:20:00+00:00,14.13,14.14,14.13,14.14,239
2026-05-21T21:25:00+00:00,14.14,14.16,14.13,14.16,4085
2026-05-21T21:30:00+00:00,14.16,14.16,14.13,14.145,621
2026-05-21T21:35:00+00:00,14.15,14.16,14.13,14.13,918
2026-05-21T21:40:00+00:00,14.16,14.16,14.13,14.133,768
2026-05-21T21:45:00+00:00,14.14,14.16,14.13,14.16,219
2026-05-21T21:50:00+00:00,14.159,14.16,14.13,14.14,143
2026-05-21T21:55:00+00:00,14.16,14.16,14.13,14.14,36
2026-05-21T22:00:00+00:00,14.131,14.16,14.13,14.145,5257
2026-05-21T22:05:00+00:00,14.13,14.16,14.13,14.145,527
2026-05-21T22:10:00+00:00,14.16,14.16,14.131,14.151,1743
2026-05-21T22:15:00+00:00,14.16,14.16,14.155,14.16,94
2026-05-21T22:20:00+00:00,14.151,14.16,14.15,14.155,576
2026-05-21T22:25:00+00:00,14.16,14.16,14.15,14.152,504
2026-05-21T22:30:00+00:00,14.15,14.16,14.15,14.16,488
2026-05-21T22:35:00+00:00,14.15,14.16,14.15,14.16,240
2026-05-21T22:40:00+00:00,14.15,14.16,14.15,14.159,391
2026-05-21T22:45:00+00:00,14.16,14.16,14.15,14.155,251
2026-05-21T22:50:00+00:00,14.16,14.17,14.15,14.15,531
2026-05-21T22:55:00+00:00,14.16,14.16,14.15,14.152,3470
2026-05-21T23:00:00+00:00,14.17,14.17,14.15,14.15,2159
2026-05-21T23:05:00+00:00,14.15,14.2,14.15,14.17,7433
2026-05-21T23:10:00+00:00,14.17,14.19,14.16,14.16,8144
2026-05-21T23:15:00+00:00,14.16,14.19,14.16,14.16,833
2026-05-21T23:20:00+00:00,14.18,14.19,14.16,14.16,11065
2026-05-21T23:25:00+00:00,14.164,14.19,14.16,14.16,363
2026-05-21T23:30:00+00:00,14.17,14.19,14.16,14.16,1578
2026-05-21T23:35:00+00:00,14.16,14.19,14.16,14.175,1319
2026-05-21T23:40:00+00:00,14.16,14.19,14.15,14.15,738
2026-05-21T23:45:00+00:00,14.15,14.15,14.133,14.133,511
2026-05-21T23:50:00+00:00,14.13,14.18,14.13,14.18,165
2026-05-21T23:55:00+00:00,14.162,14.178,14.14,14.17,603
2026-05-22T08:00:00+00:00,14.16,14.21,14.09,14.18,22724
2026-05-22T08:05:00+00:00,14.19,14.19,14.14,14.19,460
2026-05-22T08:10:00+00:00,14.19,14.19,14.19,14.19,149
2026-05-22T08:15:00+00:00,14.19,14.19,14.15,14.15,76
2026-05-22T08:20:00+00:00,14.15,14.2,14.15,14.2,1077
2026-05-22T08:25:00+00:00,14.2,14.2,14.19,14.19,565
2026-05-22T08:30:00+00:00,14.19,14.19,14.19,14.19,321
2026-05-22T08:35:00+00:00,14.2,14.2,14.198,14.198,110
2026-05-22T08:40:00+00:00,14.198,14.198,14.198,14.198,0
2026-05-22T08:45:00+00:00,14.19,14.19,14.17,14.17,151
2026-05-22T08:50:00+00:00,14.17,14.17,14.17,14.17,0
2026-05-22T08:55:00+00:00,14.143,14.146,14.143,14.146,14
2026-05-22T09:00:00+00:00,14.146,14.16,14.14,14.14,504
2026-05-22T09:05:00+00:00,14.15,14.15,14.14,14.14,104
2026-05-22T09:10:00+00:00,14.14,14.14,14.14,14.14,1
2026-05-22T09:15:00+00:00,14.15,14.15,14.15,14.15,921
2026-05-22T09:20:00+00:00,14.093,14.15,14.09,14.09,411
2026-05-22T09:25:00+00:00,14.15,14.15,14.093,14.093,6
2026-05-22T09:30:00+00:00,14.112,14.14,14.112,14.12,695
2026-05-22T09:35:00+00:00,14.13,14.13,14.13,14.13,1
2026-05-22T09:40:00+00:00,14.12,14.13,14.12,14.13,595
2026-05-22T09:45:00+00:00,14.092,14.13,14.092,14.092,33
2026-05-22T09:50:00+00:00,14.13,14.13,14.13,14.13,71
2026-05-22T09:55:00+00:00,14.12,14.13,14.12,14.13,4
2026-05-22T10:00:00+00:00,14.12,14.13,14.12,14.13,233
2026-05-22T10:05:00+00:00,14.13,14.13,14.13,14.13,7
2026-05-22T10:10:00+00:00,14.13,14.13,14.13,14.13,8
2026-05-22T10:15:00+00:00,14.12,14.13,14.11,14.11,406
2026-05-22T10:20:00+00:00,14.11,14.11,14.11,14.11,0
2026-05-22T10:25:00+00:00,14.11,14.11,14.11,14.11,53
2026-05-22T10:30:00+00:00,14.09,14.09,14.09,14.09,300
2026-05-22T10:35:00+00:00,14.095,14.095,14.095,14.095,20
2026-05-22T10:40:00+00:00,14.095,14.12,14.095,14.12,21
2026-05-22T10:45:00+00:00,14.13,14.13,14.13,14.13,5
2026-05-22T10:50:00+00:00,14.12,14.12,14.12,14.12,346
2026-05-22T10:55:00+00:00,14.12,14.13,14.12,14.13,220
2026-05-22T11:00:00+00:00,14.13,14.14,14.1,14.129,7146
2026-05-22T11:05:00+00:00,14.13,14.14,14.12,14.14,1121
2026-05-22T11:10:00+00:00,14.14,14.14,14.12,14.13,246
2026-05-22T11:15:00+00:00,14.131,14.14,14.13,14.14,3645
2026-05-22T11:20:00+00:00,14.14,14.14,14.12,14.14,1229
2026-05-22T11:25:00+00:00,14.14,14.14,14.12,14.14,915
2026-05-22T11:30:00+00:00,14.14,14.14,14.12,14.14,2925
2026-05-22T11:35:00+00:00,14.14,14.14,14.12,14.14,270
2026-05-22T11:40:00+00:00,14.13,14.14,14.13,14.13,8135
2026-05-22T11:45:00+00:00,14.12,14.15,14.1,14.13,406
2026-05-22T11:50:00+00:00,14.15,14.15,14.1,14.138,168
2026-05-22T11:55:00+00:00,14.14,14.15,14.14,14.145,1053
2026-05-22T12:00:00+00:00,14.145,14.17,14.103,14.16,5548
2026-05-22T12:05:00+00:00,14.15,14.15,14.1,14.12,1783
2026-05-22T12:10:00+00:00,14.13,14.2,14.13,14.185,3375
2026-05-22T12:15:00+00:00,14.182,14.2,14.15,14.17,5133
2026-05-22T12:20:00+00:00,14.17,14.2,14.15,14.165,3540
2026-05-22T12:25:00+00:00,14.16,14.17,14.15,14.151,4701
2026-05-22T12:30:00+00:00,14.16,14.161,14.15,14.161,4866
2026-05-22T12:35:00+00:00,14.16,14.166,14.15,14.16,889
2026-05-22T12:40:00+00:00,14.16,14.16,14.15,14.15,1554
2026-05-22T12:45:00+00:00,14.15,14.18,14.15,14.18,10428
2026-05-22T12:50:00+00:00,14.18,14.18,14.15,14.17,8146
2026-05-22T12:55:00+00:00,14.17,14.17,14.15,14.15,7109
2026-05-22T13:00:00+00:00,14.167,14.17,14.15,14.17,2007
2026-05-22T13:05:00+00:00,14.17,14.17,14.16,14.17,5547
2026-05-22T13:10:00+00:00,14.18,14.2,14.17,14.187,4350
2026-05-22T13:15:00+00:00,14.18,14.2,14.17,14.2,5713
2026-05-22T13:20:00+00:00,14.2,14.2,14.18,14.2,3242
2026-05-22T13:25:00+00:00,14.18,14.2,14.14,14.14,11380
2026-05-22T13:30:00+00:00,14.165,14.31,14.15,14.25,466550
2026-05-22T13:35:00+00:00,14.255,14.35,14.245,14.31,321785
2026-05-22T13:40:00+00:00,14.318,14.4,14.29,14.37,281020
2026-05-22T13:45:00+00:00,14.375,14.4,14.32,14.35,203003
2026-05-22T13:50:00+00:00,14.36,14.37,14.18,14.19,400458
2026-05-22T13:55:00+00:00,14.19,14.196,14.075,14.105,339752
2026-05-22T14:00:00+00:00,14.1,14.195,14.08,14.175,275659
2026-05-22T14:05:00+00:00,14.175,14.25,14.16,14.221,297109
2026-05-22T14:10:00+00:00,14.22,14.235,14.11,14.11,206517
2026-05-22T14:15:00+00:00,14.11,14.195,14.11,14.19,346113
2026-05-22T14:20:00+00:00,14.185,14.22,14.15,14.17,199792
2026-05-22T14:25:00+00:00,14.17,14.25,14.16,14.2,321118
2026-05-22T14:30:00+00:00,14.195,14.25,14.195,14.226,273469
2026-05-22T14:35:00+00:00,14.225,14.24,14.21,14.231,177821
2026-05-22T14:40:00+00:00,14.24,14.26,14.22,14.245,152217
2026-05-22T14:45:00+00:00,14.245,14.265,14.225,14.225,215558
2026-05-22T14:50:00+00:00,14.23,14.25,14.16,14.185,235515
2026-05-22T14:55:00+00:00,14.18,14.195,14.16,14.165,147920
2026-05-22T15:00:00+00:00,14.165,14.18,14.14,14.145,277533
2026-05-22T15:05:00+00:00,14.145,14.195,14.14,14.18,154839
2026-05-22T15:10:00+00:00,14.175,14.19,14.15,14.185,220798
2026-05-22T15:15:00+00:00,14.185,14.2,14.17,14.19,185438
2026-05-22T15:20:00+00:00,14.188,14.2,14.18,14.19,152588
2026-05-22T15:25:00+00:00,14.19,14.19,14.152,14.17,156208
2026-05-22T15:30:00+00:00,14.175,14.19,14.16,14.165,191081
2026-05-22T15:35:00+00:00,14.165,14.17,14.145,14.165,171193
2026-05-22T15:40:00+00:00,14.168,14.185,14.155,14.179,178851
2026-05-22T15:45:00+00:00,14.17,14.19,14.16,14.175,216160
2026-05-22T15:50:00+00:00,14.17,14.19,14.17,14.185,198376
2026-05-22T15:55:00+00:00,14.19,14.19,14.15,14.18,122313
2026-05-22T16:00:00+00:00,14.175,14.22,14.17,14.215,176592
2026-05-22T16:05:00+00:00,14.215,14.25,14.17,14.176,210310
2026-05-22T16:10:00+00:00,14.175,14.21,14.17,14.191,202360
2026-05-22T16:15:00+00:00,14.195,14.22,14.161,14.17,330723
2026-05-22T16:20:00+00:00,14.165,14.195,14.16,14.16,235552
2026-05-22T16:25:00+00:00,14.165,14.195,14.15,14.185,217806
2026-05-22T16:30:00+00:00,14.185,14.24,14.17,14.22,341091
2026-05-22T16:35:00+00:00,14.22,14.25,14.21,14.245,189773
2026-05-22T16:40:00+00:00,14.24,14.26,14.23,14.24,195362
2026-05-22T16:45:00+00:00,14.25,14.3,14.235,14.265,330021
2026-05-22T16:50:00+00:00,14.27,14.29,14.25,14.265,476249
2026-05-22T16:55:00+00:00,14.27,14.3,14.26,14.275,518435
2026-05-22T17:00:00+00:00,14.275,14.3,14.27,14.29,211042
2026-05-22T17:05:00+00:00,14.285,14.305,14.28,14.305,185032
2026-05-22T17:10:00+00:00,14.3,14.309,14.26,14.285,191101
2026-05-22T17:15:00+00:00,14.285,14.325,14.275,14.3,282653
2026-05-22T17:20:00+00:00,14.29,14.315,14.28,14.3,258053
2026-05-22T17:25:00+00:00,14.29,14.39,14.29,14.37,308773
2026-05-22T17:30:00+00:00,14.375,14.375,14.3,14.3,104781
2026-05-22T17:35:00+00:00,14.31,14.31,14.28,14.305,168606
2026-05-22T17:40:00+00:00,14.3,14.31,14.29,14.3,88157
2026-05-22T17:45:00+00:00,14.305,14.31,14.285,14.305,293787
2026-05-22T17:50:00+00:00,14.3,14.317,14.28,14.28,117511
2026-05-22T17:55:00+00:00,14.285,14.3,14.24,14.245,70918
2026-05-22T18:00:00+00:00,14.249,14.25,14.215,14.245,192324
2026-05-22T18:05:00+00:00,14.241,14.269,14.23,14.25,227878
2026-05-22T18:10:00+00:00,14.25,14.26,14.22,14.245,142369
2026-05-22T18:15:00+00:00,14.245,14.25,14.23,14.24,118078
2026-05-22T18:20:00+00:00,14.24,14.275,14.23,14.27,84840
2026-05-22T18:25:00+00:00,14.28,14.29,14.26,14.28,106938
2026-05-22T18:30:00+00:00,14.275,14.29,14.24,14.285,107424
2026-05-22T18:35:00+00:00,14.285,14.29,14.24,14.255,123685
2026-05-22T18:40:00+00:00,14.25,14.255,14.21,14.21,178319
2026-05-22T18:45:00+00:00,14.21,14.22,14.2,14.218,274083
2026-05-22T18:50:00+00:00,14.215,14.23,14.21,14.22,163544
2026-05-22T18:55:00+00:00,14.21,14.21,14.17,14.185,251265
2026-05-22T19:00:00+00:00,14.19,14.22,14.185,14.2,198871
2026-05-22T19:05:00+00:00,14.205,14.23,14.2,14.22,182495
2026-05-22T19:10:00+00:00,14.23,14.23,14.19,14.191,81715
2026-05-22T19:15:00+00:00,14.195,14.2,14.16,14.165,239175
2026-05-22T19:20:00+00:00,14.165,14.185,14.15,14.175,335561
2026-05-22T19:25:00+00:00,14.17,14.19,14.15,14.17,315615
2026-05-22T19:30:00+00:00,14.175,14.19,14.1,14.19,480883
2026-05-22T19:35:00+00:00,14.19,14.205,14.15,14.155,275758
2026-05-22T19:40:00+00:00,14.155,14.16,14.135,14.15,240613
2026-05-22T19:45:00+00:00,14.15,14.15,14.11,14.115,287991
2026-05-22T19:50:00+00:00,14.11,14.16,14.1,14.145,507146
2026-05-22T19:55:00+00:00,14.15,14.235,14.14,14.22,935392
2026-05-22T20:00:00+00:00,14.22,14.24,14.14,14.22,173136
2026-05-22T20:05:00+00:00,14.205,14.21,14.17,14.2,4705
2026-05-22T20:10:00+00:00,14.2,14.22,14.2,14.2,3848
2026-05-22T20:15:00+00:00,14.201,14.21,14.17,14.2,3904
2026-05-22T20:20:00+00:00,14.18,14.2,14.17,14.2,4140
2026-05-22T20:25:00+00:00,14.17,14.2,14.17,14.2,1307
2026-05-22T20:30:00+00:00,14.17,14.2,14.17,14.171,6120
2026-05-22T20:35:00+00:00,14.2,14.2,14.15,14.17,2989
2026-05-22T20:40:00+00:00,14.16,14.19,14.16,14.16,518
2026-05-22T20:45:00+00:00,14.175,14.19,14.16,14.16,195
2026-05-22T20:50:00+00:00,14.19,14.19,14.16,14.18,1649
2026-05-22T20:55:00+00:00,14.19,14.19,14.16,14.18,596
2026-05-22T21:00:00+00:00,14.16,14.18,14.16,14.16,384
2026-05-22T21:05:00+00:00,14.18,14.18,14.16,14.17,179
2026-05-22T21:10:00+00:00,14.17,14.17,14.16,14.17,2462
2026-05-22T21:15:00+00:00,14.17,14.17,14.16,14.17,2698
2026-05-22T21:20:00+00:00,14.16,14.17,14.16,14.16,3512
2026-05-22T21:25:00+00:00,14.165,14.17,14.16,14.17,749
2026-05-22T21:30:00+00:00,14.17,14.17,14.16,14.16,125
2026-05-22T21:35:00+00:00,14.17,14.17,14.16,14.17,933
2026-05-22T21:40:00+00:00,14.17,14.17,14.16,14.17,83
2026-05-22T21:45:00+00:00,14.17,14.18,14.17,14.17,969
2026-05-22T21:50:00+00:00,14.18,14.18,14.17,14.17,378
2026-05-22T21:55:00+00:00,14.17,14.17,14.16,14.17,1126
2026-05-22T22:00:00+00:00,14.16,14.17,14.15,14.17,456
2026-05-22T22:05:00+00:00,14.16,14.17,14.16,14.165,216
2026-05-22T22:10:00+00:00,14.165,14.17,14.165,14.17,148
2026-05-22T22:15:00+00:00,14.168,14.17,14.131,14.165,217
2026-05-22T22:20:00+00:00,14.17,14.17,14.15,14.15,21
2026-05-22T22:25:00+00:00,14.17,14.17,14.13,14.13,161
2026-05-22T22:30:00+00:00,14.143,14.18,14.14,14.18,2905
2026-05-22T22:35:00+00:00,14.17,14.18,14.16,14.18,912
2026-05-22T22:40:00+00:00,14.18,14.2,14.16,14.17,293
2026-05-22T22:45:00+00:00,14.171,14.18,14.17,14.18,1413
2026-05-22T22:50:00+00:00,14.17,14.18,14.16,14.16,1032
2026-05-22T22:55:00+00:00,14.177,14.18,14.16,14.17,1657
2026-05-22T23:00:00+00:00,14.17,14.17,14.14,14.16,448
2026-05-22T23:05:00+00:00,14.16,14.16,14.11,14.16,936
2026-05-22T23:10:00+00:00,14.165,14.17,14.13,14.13,1145
2026-05-22T23:15:00+00:00,14.16,14.16,14.13,14.13,1658
2026-05-22T23:20:00+00:00,14.16,14.16,14.13,14.13,191
2026-05-22T23:25:00+00:00,14.15,14.16,14.13,14.135,2098
2026-05-22T23:30:00+00:00,14.14,14.14,14.13,14.13,327
2026-05-22T23:35:00+00:00,14.15,14.15,14.14,14.14,3140
2026-05-22T23:40:00+00:00,14.15,14.15,14.141,14.15,246
2026-05-22T23:45:00+00:00,14.14,14.15,14.14,14.14,2133
2026-05-22T23:50:00+00:00,14.15,14.15,14.13,14.15,3545
2026-05-22T23:55:00+00:00,14.131,14.15,14.13,14.13,5473
2026-05-26T08:00:00+00:00,14.219,14.3,14.21,14.21,20717
2026-05-26T08:05:00+00:00,14.236,14.28,14.21,14.24,1493
2026-05-26T08:10:00+00:00,14.23,14.25,14.23,14.25,101
2026-05-26T08:15:00+00:00,14.25,14.25,14.23,14.23,97
2026-05-26T08:20:00+00:00,14.25,14.25,14.25,14.25,100
2026-05-26T08:25:00+00:00,14.22,14.245,14.22,14.245,1002
2026-05-26T08:30:00+00:00,14.248,14.25,14.248,14.25,305
2026-05-26T08:35:00+00:00,14.27,14.28,14.27,14.28,1206
2026-05-26T08:40:00+00:00,14.28,14.28,14.28,14.28,50
2026-05-26T08:45:00+00:00,14.28,14.28,14.278,14.278,65
2026-05-26T08:50:00+00:00,14.278,14.278,14.278,14.278,0
2026-05-26T08:55:00+00:00,14.278,14.278,14.278,14.278,0
2026-05-26T09:00:00+00:00,14.26,14.29,14.26,14.29,1927
2026-05-26T09:05:00+00:00,14.28,14.28,14.28,14.28,23
2026-05-26T09:10:00+00:00,14.25,14.29,14.25,14.288,1031
2026-05-26T09:15:00+00:00,14.28,14.28,14.28,14.28,60
2026-05-26T09:20:00+00:00,14.29,14.3,14.29,14.3,634
2026-05-26T09:25:00+00:00,14.3,14.3,14.29,14.29,111
2026-05-26T09:30:00+00:00,14.32,14.33,14.32,14.325,369
2026-05-26T09:35:00+00:00,14.32,14.32,14.32,14.32,4
2026-05-26T09:40:00+00:00,14.29,14.32,14.29,14.32,11
2026-05-26T09:45:00+00:00,14.3,14.3,14.3,14.3,5
2026-05-26T09:50:00+00:00,14.3,14.3,14.283,14.3,142
2026-05-26T09:55:00+00:00,14.3,14.3,14.3,14.3,70
2026-05-26T10:00:00+00:00,14.28,14.3,14.28,14.3,13
2026-05-26T10:05:00+00:00,14.32,14.32,14.32,14.32,300
2026-05-26T10:10:00+00:00,14.32,14.32,14.3,14.3,516
2026-05-26T10:15:00+00:00,14.302,14.33,14.3,14.32,4470
2026-05-26T10:20:00+00:00,14.31,14.33,14.3,14.3,13
2026-05-26T10:25:00+00:00,14.326,14.326,14.325,14.325,23
2026-05-26T10:30:00+00:00,14.32,14.32,14.32,14.32,2
2026-05-26T10:35:00+00:00,14.31,14.33,14.31,14.33,51
2026-05-26T10:40:00+00:00,14.33,14.33,14.31,14.31,391
2026-05-26T10:45:00+00:00,14.32,14.33,14.31,14.31,984
2026-05-26T10:50:00+00:00,14.31,14.31,14.31,14.31,0
2026-05-26T10:55:00+00:00,14.31,14.31,14.3,14.3,280
2026-05-26T11:00:00+00:00,14.3,14.32,14.279,14.31,18412
2026-05-26T11:05:00+00:00,14.31,14.34,14.31,14.34,111
2026-05-26T11:10:00+00:00,14.33,14.33,14.3,14.308,2953
2026-05-26T11:15:00+00:00,14.29,14.33,14.29,14.329,1525
2026-05-26T11:20:00+00:00,14.32,14.33,14.29,14.295,1519
2026-05-26T11:25:00+00:00,14.3,14.3,14.29,14.29,28314
2026-05-26T11:30:00+00:00,14.29,14.32,14.29,14.31,2663
2026-05-26T11:35:00+00:00,14.29,14.31,14.29,14.3,493
2026-05-26T11:40:00+00:00,14.31,14.31,14.3,14.301,5841
2026-05-26T11:45:00+00:00,14.3,14.31,14.3,14.31,1243
2026-05-26T11:50:00+00:00,14.31,14.329,14.31,14.329,1698
2026-05-26T11:55:00+00:00,14.327,14.33,14.32,14.33,647
2026-05-26T12:00:00+00:00,14.33,14.35,14.32,14.337,7834
2026-05-26T12:05:00+00:00,14.32,14.34,14.32,14.32,1571
2026-05-26T12:10:00+00:00,14.32,14.35,14.32,14.335,6439
2026-05-26T12:15:00+00:00,14.324,14.34,14.324,14.33,3844
2026-05-26T12:20:00+00:00,14.33,14.34,14.33,14.33,1950
2026-05-26T12:25:00+00:00,14.34,14.34,14.33,14.34,490
2026-05-26T12:30:00+00:00,14.339,14.34,14.33,14.34,416
2026-05-26T12:35:00+00:00,14.33,14.34,14.33,14.33,12500
2026-05-26T12:40:00+00:00,14.34,14.34,14.33,14.33,1489
2026-05-26T12:45:00+00:00,14.33,14.34,14.32,14.32,3528
2026-05-26T12:50:00+00:00,14.328,14.33,14.3,14.32,929
2026-05-26T12:55:00+00:00,14.32,14.32,14.29,14.3,9409
2026-05-26T13:00:00+00:00,14.29,14.3,14.27,14.3,5767
2026-05-26T13:05:00+00:00,14.29,14.3,14.2,14.29,2433
2026-05-26T13:10:00+00:00,14.291,14.31,14.28,14.28,2647
2026-05-26T13:15:00+00:00,14.31,14.31,14.3,14.305,9981
2026-05-26T13:20:00+00:00,14.31,14.31,14.3,14.309,5371
2026-05-26T13:25:00+00:00,14.3,14.37,14.3,14.37,9814
2026-05-26T13:30:00+00:00,14.355,14.48,14.155,14.32,395260
2026-05-26T13:35:00+00:00,14.31,14.34,14.22,14.29,258154
2026-05-26T13:40:00+00:00,14.29,14.44,14.285,14.38,242637
2026-05-26T13:45:00+00:00,14.39,14.53,14.3,14.53,467742
2026-05-26T13:50:00+00:00,14.53,14.625,14.47,14.535,364606
2026-05-26T13:55:00+00:00,14.535,14.556,14.45,14.505,269404
2026-05-26T14:00:00+00:00,14.511,14.68,14.511,14.675,449622
2026-05-26T14:05:00+00:00,14.675,14.699,14.655,14.685,375602
2026-05-26T14:10:00+00:00,14.68,14.695,14.63,14.68,305204
2026-05-26T14:15:00+00:00,14.68,14.68,14.625,14.65,309622
2026-05-26T14:20:00+00:00,14.651,14.69,14.515,14.525,369715
2026-05-26T14:25:00+00:00,14.53,14.6,14.495,14.585,169215
2026-05-26T14:30:00+00:00,14.58,14.63,14.57,14.615,124938
2026-05-26T14:35:00+00:00,14.615,14.665,14.595,14.61,200546
2026-05-26T14:40:00+00:00,14.605,14.655,14.585,14.635,124268
2026-05-26T14:45:00+00:00,14.635,14.66,14.61,14.645,220218
2026-05-26T14:50:00+00:00,14.64,14.66,14.62,14.644,185102
2026-05-26T14:55:00+00:00,14.64,14.645,14.565,14.585,190067
2026-05-26T15:00:00+00:00,14.585,14.635,14.585,14.625,91626
2026-05-26T15:05:00+00:00,14.62,14.645,14.6,14.605,98786
2026-05-26T15:10:00+00:00,14.61,14.63,14.55,14.575,136808
2026-05-26T15:15:00+00:00,14.57,14.619,14.57,14.6,102468
2026-05-26T15:20:00+00:00,14.605,14.61,14.55,14.56,141408
2026-05-26T15:25:00+00:00,14.57,14.599,14.555,14.555,103766
2026-05-26T15:30:00+00:00,14.555,14.568,14.53,14.535,99416
2026-05-26T15:35:00+00:00,14.535,14.555,14.51,14.53,106422
2026-05-26T15:40:00+00:00,14.54,14.575,14.52,14.541,232263
2026-05-26T15:45:00+00:00,14.54,14.56,14.52,14.525,70622
2026-05-26T15:50:00+00:00,14.525,14.54,14.495,14.5,106465
2026-05-26T15:55:00+00:00,14.495,14.58,14.49,14.57,234165
2026-05-26T16:00:00+00:00,14.58,14.585,14.54,14.546,89617
2026-05-26T16:05:00+00:00,14.54,14.55,14.52,14.52,79363
2026-05-26T16:10:00+00:00,14.525,14.54,14.505,14.52,103031
2026-05-26T16:15:00+00:00,14.52,14.55,14.515,14.52,76289
2026-05-26T16:20:00+00:00,14.52,14.54,14.51,14.515,67140
2026-05-26T16:25:00+00:00,14.52,14.555,14.515,14.55,64876
2026-05-26T16:30:00+00:00,14.55,14.58,14.54,14.565,107169
2026-05-26T16:35:00+00:00,14.565,14.58,14.554,14.565,67640
2026-05-26T16:40:00+00:00,14.561,14.57,14.553,14.565,89209
2026-05-26T16:45:00+00:00,14.565,14.57,14.555,14.555,58695
2026-05-26T16:50:00+00:00,14.56,14.57,14.54,14.55,77053
2026-05-26T16:55:00+00:00,14.555,14.555,14.51,14.51,75170
2026-05-26T17:00:00+00:00,14.515,14.55,14.51,14.54,78827
2026-05-26T17:05:00+00:00,14.545,14.587,14.545,14.56,92026
2026-05-26T17:10:00+00:00,14.56,14.57,14.54,14.555,49583
2026-05-26T17:15:00+00:00,14.56,14.595,14.552,14.565,94802
2026-05-26T17:20:00+00:00,14.56,14.56,14.51,14.52,81192
2026-05-26T17:25:00+00:00,14.515,14.52,14.48,14.485,73834
2026-05-26T17:30:00+00:00,14.485,14.49,14.45,14.475,60186
2026-05-26T17:35:00+00:00,14.475,14.48,14.455,14.47,68644
2026-05-26T17:40:00+00:00,14.465,14.48,14.45,14.465,80664
2026-05-26T17:45:00+00:00,14.47,14.49,14.465,14.471,64190
2026-05-26T17:50:00+00:00,14.475,14.498,14.474,14.489,46803
2026-05-26T17:55:00+00:00,14.485,14.5,14.47,14.475,90066
2026-05-26T18:00:00+00:00,14.475,14.49,14.45,14.455,57993
2026-05-26T18:05:00+00:00,14.459,14.47,14.42,14.45,104938
2026-05-26T18:10:00+00:00,14.46,14.48,14.449,14.455,68375
2026-05-26T18:15:00+00:00,14.455,14.47,14.45,14.455,39775
2026-05-26T18:20:00+00:00,14.46,14.473,14.445,14.47,82206
2026-05-26T18:25:00+00:00,14.465,14.49,14.465,14.47,115005
2026-05-26T18:30:00+00:00,14.475,14.49,14.474,14.485,66552
2026-05-26T18:35:00+00:00,14.49,14.5,14.47,14.48,74113
2026-05-26T18:40:00+00:00,14.475,14.48,14.45,14.455,79826
2026-05-26T18:45:00+00:00,14.46,14.47,14.44,14.45,96404
2026-05-26T18:50:00+00:00,14.45,14.48,14.44,14.445,80513
2026-05-26T18:55:00+00:00,14.445,14.459,14.36,14.39,198029
2026-05-26T19:00:00+00:00,14.39,14.42,14.38,14.415,46003
2026-05-26T19:05:00+00:00,14.415,14.42,14.393,14.405,64571
2026-05-26T19:10:00+00:00,14.405,14.425,14.395,14.405,112391
2026-05-26T19:15:00+00:00,14.405,14.415,14.36,14.373,116779
2026-05-26T19:20:00+00:00,14.375,14.4,14.37,14.375,90095
2026-05-26T19:25:00+00:00,14.38,14.4,14.375,14.39,118549
2026-05-26T19:30:00+00:00,14.38,14.43,14.37,14.425,111476
2026-05-26T19:35:00+00:00,14.43,14.45,14.395,14.395,126589
2026-05-26T19:40:00+00:00,14.395,14.4,14.365,14.38,136154
2026-05-26T19:45:00+00:00,14.385,14.39,14.36,14.385,145766
2026-05-26T19:50:00+00:00,14.39,14.44,14.375,14.44,281915
2026-05-26T19:55:00+00:00,14.435,14.435,14.365,14.39,715955
2026-05-26T20:00:00+00:00,14.39,14.45,14.35,14.37,199699
2026-05-26T20:05:00+00:00,14.36,14.44,14.36,14.4,2414
2026-05-26T20:10:00+00:00,14.4,14.44,14.36,14.4,7861
2026-05-26T20:15:00+00:00,14.4,14.44,14.36,14.44,204
2026-05-26T20:20:00+00:00,14.4,14.44,14.36,14.36,424
2026-05-26T20:25:00+00:00,14.38,14.44,14.36,14.38,594
2026-05-26T20:30:00+00:00,14.38,14.4,14.35,14.4,15667
2026-05-26T20:35:00+00:00,14.35,14.4,14.35,14.395,462
2026-05-26T20:40:00+00:00,14.399,14.4,14.35,14.39,1475
2026-05-26T20:45:00+00:00,14.4,14.44,14.35,14.395,12983
2026-05-26T20:50:00+00:00,14.42,14.72,14.21,14.43,779150
2026-05-26T20:55:00+00:00,14.43,14.44,14.38,14.4,1263
2026-05-26T21:00:00+00:00,14.43,14.43,14.41,14.42,1476
2026-05-26T21:05:00+00:00,14.43,14.43,14.4,14.4,1038493
2026-05-26T21:10:00+00:00,14.4,14.43,14.39,14.42,1241
2026-05-26T21:15:00+00:00,14.43,14.43,14.39,14.39,5309
2026-05-26T21:20:00+00:00,14.391,14.43,14.39,14.43,3817
2026-05-26T21:25:00+00:00,14.42,14.43,14.39,14.41,1564
2026-05-26T21:30:00+00:00,14.39,14.42,14.39,14.415,1003
2026-05-26T21:35:00+00:00,14.415,14.42,14.39,14.4,252
2026-05-26T21:40:00+00:00,14.407,14.41,14.39,14.4,463
2026-05-26T21:45:00+00:00,14.4,14.41,14.39,14.4,521
2026-05-26T21:50:00+00:00,14.42,14.42,14.4,14.4,1555
2026-05-26T21:55:00+00:00,14.42,14.42,14.4,14.4,267
2026-05-26T22:00:00+00:00,14.4,14.42,14.4,14.41,706
2026-05-26T22:05:00+00:00,14.41,14.41,14.4,14.41,5099
2026-05-26T22:10:00+00:00,14.4,14.42,14.4,14.42,272
2026-05-26T22:15:00+00:00,14.41,14.41,14.4,14.401,10521
2026-05-26T22:20:00+00:00,14.42,14.42,14.4,14.42,58
2026-05-26T22:25:00+00:00,14.42,14.42,14.41,14.41,6
2026-05-26T22:30:00+00:00,14.4,14.42,14.4,14.41,2438
2026-05-26T22:35:00+00:00,14.42,14.42,14.4,14.4,570
2026-05-26T22:40:00+00:00,14.41,14.43,14.4,14.43,663
2026-05-26T22:45:00+00:00,14.404,14.43,14.4,14.42,1548
2026-05-26T22:50:00+00:00,14.42,14.42,14.4,14.4,65
2026-05-26T22:55:00+00:00,14.41,14.41,14.4,14.41,268
2026-05-26T23:00:00+00:00,14.42,14.42,14.4,14.41,607
2026-05-26T23:05:00+00:00,14.41,14.41,14.4,14.41,1014
2026-05-26T23:10:00+00:00,14.405,14.41,14.4,14.41,107
2026-05-26T23:15:00+00:00,14.4,14.41,14.4,14.401,330
2026-05-26T23:20:00+00:00,14.42,14.42,14.4,14.4,1421
2026-05-26T23:25:00+00:00,14.405,14.41,14.405,14.41,726
2026-05-26T23:30:00+00:00,14.413,14.42,14.4,14.42,157
2026-05-26T23:35:00+00:00,14.4,14.42,14.4,14.4,123
2026-05-26T23:40:00+00:00,14.41,14.42,14.39,14.39,25512
2026-05-26T23:45:00+00:00,14.39,14.41,14.38,14.41,1547
2026-05-26T23:50:00+00:00,14.383,14.41,14.38,14.39,532
2026-05-26T23:55:00+00:00,14.41,14.41,14.39,14.41,404
2026-05-27T08:00:00+00:00,14.4,14.48,14.35,14.42,20685
2026-05-27T08:05:00+00:00,14.42,14.44,14.36,14.39,1561
2026-05-27T08:10:00+00:00,14.423,14.423,14.423,14.423,1
2026-05-27T08:15:00+00:00,14.43,14.46,14.43,14.46,218
2026-05-27T08:20:00+00:00,14.47,14.47,14.47,14.47,550
2026-05-27T08:25:00+00:00,14.44,14.442,14.44,14.442,380
2026-05-27T08:30:00+00:00,14.442,14.442,14.442,14.442,0
2026-05-27T08:35:00+00:00,14.442,14.442,14.442,14.442,26
2026-05-27T08:40:00+00:00,14.442,14.442,14.44,14.44,11
2026-05-27T08:45:00+00:00,14.459,14.48,14.459,14.48,308
2026-05-27T08:50:00+00:00,14.48,14.48,14.44,14.44,16
2026-05-27T08:55:00+00:00,14.44,14.47,14.44,14.47,180
2026-05-27T09:00:00+00:00,14.47,14.47,14.47,14.47,0
2026-05-27T09:05:00+00:00,14.48,14.48,14.474,14.474,2604
2026-05-27T09:10:00+00:00,14.48,14.48,14.46,14.46,18
2026-05-27T09:15:00+00:00,14.46,14.46,14.46,14.46,0
2026-05-27T09:20:00+00:00,14.46,14.46,14.46,14.46,0
2026-05-27T09:25:00+00:00,14.48,14.48,14.48,14.48,4
2026-05-27T09:30:00+00:00,14.48,14.48,14.45,14.452,709
2026-05-27T09:35:00+00:00,14.46,14.48,14.46,14.48,42
2026-05-27T09:40:00+00:00,14.48,14.48,14.46,14.46,159
2026-05-27T09:45:00+00:00,14.47,14.47,14.47,14.47,100
2026-05-27T09:50:00+00:00,14.47,14.478,14.47,14.471,210
2026-05-27T09:55:00+00:00,14.47,14.47,14.47,14.47,32
2026-05-27T10:00:00+00:00,14.471,14.48,14.471,14.48,34
2026-05-27T10:05:00+00:00,14.478,14.48,14.478,14.48,214
2026-05-27T10:10:00+00:00,14.48,14.48,14.48,14.48,1
2026-05-27T10:15:00+00:00,14.47,14.48,14.47,14.47,413
2026-05-27T10:20:00+00:00,14.471,14.48,14.47,14.48,118
2026-05-27T10:25:00+00:00,14.47,14.48,14.46,14.48,419
2026-05-27T10:30:00+00:00,14.48,14.48,14.476,14.476,214
2026-05-27T10:35:00+00:00,14.47,14.47,14.46,14.46,119
2026-05-27T10:40:00+00:00,14.46,14.46,14.44,14.44,948
2026-05-27T10:45:00+00:00,14.46,14.46,14.43,14.45,26
2026-05-27T10:50:00+00:00,14.45,14.45,14.447,14.447,115
2026-05-27T10:55:00+00:00,14.44,14.44,14.44,14.44,40
2026-05-27T11:00:00+00:00,14.44,14.48,14.43,14.48,6708
2026-05-27T11:05:00+00:00,14.475,14.48,14.44,14.48,6889
2026-05-27T11:10:00+00:00,14.478,14.48,14.45,14.477,8719
2026-05-27T11:15:00+00:00,14.46,14.48,14.46,14.48,3661
2026-05-27T11:20:00+00:00,14.48,14.48,14.46,14.48,3858
2026-05-27T11:25:00+00:00,14.46,14.48,14.46,14.47,865
2026-05-27T11:30:00+00:00,14.47,14.48,14.46,14.48,1964
2026-05-27T11:35:00+00:00,14.46,14.47,14.43,14.431,3076
2026-05-27T11:40:00+00:00,14.43,14.431,14.43,14.431,459
2026-05-27T11:45:00+00:00,14.43,14.45,14.4,14.416,444
2026-05-27T11:50:00+00:00,14.45,14.45,14.4,14.44,5118
2026-05-27T11:55:00+00:00,14.41,14.43,14.4,14.42,727
2026-05-27T12:00:00+00:00,14.418,14.42,14.4,14.42,648
2026-05-27T12:05:00+00:00,14.43,14.43,14.4,14.4,1698
2026-05-27T12:10:00+00:00,14.398,14.4,14.39,14.39,3285
2026-05-27T12:15:00+00:00,14.41,14.41,14.36,14.39,5833
2026-05-27T12:20:00+00:00,14.37,14.48,14.37,14.48,2698
2026-05-27T12:25:00+00:00,14.44,14.48,14.38,14.42,3078
2026-05-27T12:30:00+00:00,14.38,14.45,14.38,14.42,5288
2026-05-27T12:35:00+00:00,14.41,14.45,14.4,14.45,3198
2026-05-27T12:40:00+00:00,14.43,14.45,14.401,14.403,7074
2026-05-27T12:45:00+00:00,14.4,14.44,14.4,14.43,3992
2026-05-27T12:50:00+00:00,14.43,14.44,14.4,14.43,841
2026-05-27T12:55:00+00:00,14.41,14.43,14.4,14.43,84
2026-05-27T13:00:00+00:00,14.415,14.43,14.4,14.415,1666
2026-05-27T13:05:00+00:00,14.4,14.43,14.4,14.43,7442
2026-05-27T13:10:00+00:00,14.41,14.43,14.41,14.415,201
2026-05-27T13:15:00+00:00,14.4,14.43,14.4,14.415,1224
2026-05-27T13:20:00+00:00,14.4,14.42,14.38,14.38,986
2026-05-27T13:25:00+00:00,14.38,14.46,14.36,14.45,430
2026-05-27T13:30:00+00:00,14.45,14.67,14.45,14.65,254808
2026-05-27T13:35:00+00:00,14.64,14.775,14.59,14.6,499223
2026-05-27T13:40:00+00:00,14.59,14.63,14.545,14.61,323266
2026-05-27T13:45:00+00:00,14.62,14.67,14.555,14.589,200181
2026-05-27T13:50:00+00:00,14.58,14.635,14.555,14.625,162172
2026-05-27T13:55:00+00:00,14.625,14.77,14.625,14.725,403517
2026-05-27T14:00:00+00:00,14.74,14.86,14.725,14.791,485117
2026-05-27T14:05:00+00:00,14.795,14.815,14.75,14.755,221971
2026-05-27T14:10:00+00:00,14.76,14.805,14.731,14.78,238383
2026-05-27T14:15:00+00:00,14.765,14.795,14.741,14.78,147919
2026-05-27T14:20:00+00:00,14.78,14.815,14.72,14.75,216796
2026-05-27T14:25:00+00:00,14.755,14.81,14.68,14.8,203072
2026-05-27T14:30:00+00:00,14.795,14.81,14.74,14.78,160224
2026-05-27T14:35:00+00:00,14.785,14.835,14.78,14.825,376961
2026-05-27T14:40:00+00:00,14.825,14.86,14.78,14.83,336433
2026-05-27T14:45:00+00:00,14.83,14.85,14.76,14.77,145993
2026-05-27T14:50:00+00:00,14.775,14.83,14.745,14.76,180299
2026-05-27T14:55:00+00:00,14.75,14.75,14.71,14.74,128802
2026-05-27T15:00:00+00:00,14.74,14.745,14.67,14.685,110023
2026-05-27T15:05:00+00:00,14.68,14.71,14.67,14.685,111153
2026-05-27T15:10:00+00:00,14.685,14.73,14.65,14.65,105259
2026-05-27T15:15:00+00:00,14.64,14.7,14.605,14.655,454512
2026-05-27T15:20:00+00:00,14.655,14.75,14.65,14.745,83934
2026-05-27T15:25:00+00:00,14.745,14.755,14.72,14.723,137304
2026-05-27T15:30:00+00:00,14.721,14.79,14.721,14.79,142633
2026-05-27T15:35:00+00:00,14.785,14.79,14.72,14.725,202929
2026-05-27T15:40:00+00:00,14.725,14.725,14.675,14.675,88902
2026-05-27T15:45:00+00:00,14.675,14.7,14.66,14.67,67243
2026-05-27T15:50:00+00:00,14.675,14.795,14.66,14.755,158863
2026-05-27T15:55:00+00:00,14.755,14.845,14.735,14.805,146568
2026-05-27T16:00:00+00:00,14.807,14.825,14.785,14.785,92620
2026-05-27T16:05:00+00:00,14.78,14.795,14.76,14.785,146420
2026-05-27T16:10:00+00:00,14.79,14.81,14.775,14.785,120446
2026-05-27T16:15:00+00:00,14.785,14.786,14.75,14.775,63346
2026-05-27T16:20:00+00:00,14.779,14.8,14.76,14.79,70193
2026-05-27T16:25:00+00:00,14.795,14.8,14.775,14.79,90385
2026-05-27T16:30:00+00:00,14.79,14.79,14.77,14.775,42680
2026-05-27T16:35:00+00:00,14.775,14.785,14.76,14.78,52324
2026-05-27T16:40:00+00:00,14.78,14.78,14.75,14.765,76058
2026-05-27T16:45:00+00:00,14.76,14.795,14.76,14.795,60863
2026-05-27T16:50:00+00:00,14.799,14.83,14.79,14.805,78332
2026-05-27T16:55:00+00:00,14.805,14.815,14.79,14.815,58399
2026-05-27T17:00:00+00:00,14.815,14.82,14.73,14.73,73236
2026-05-27T17:05:00+00:00,14.739,14.755,14.71,14.715,71196
2026-05-27T17:10:00+00:00,14.715,14.725,14.7,14.715,116422
2026-05-27T17:15:00+00:00,14.715,14.77,14.7,14.765,57890
2026-05-27T17:20:00+00:00,14.765,14.79,14.75,14.755,47816
2026-05-27T17:25:00+00:00,14.755,14.76,14.735,14.76,41714
2026-05-27T17:30:00+00:00,14.76,14.805,14.725,14.8,95459
2026-05-27T17:35:00+00:00,14.795,14.805,14.775,14.78,86852
2026-05-27T17:40:00+00:00,14.78,14.8,14.76,14.77,101352
2026-05-27T17:45:00+00:00,14.775,14.79,14.76,14.775,48229
2026-05-27T17:50:00+00:00,14.775,14.79,14.765,14.79,60211
2026-05-27T17:55:00+00:00,14.785,14.84,14.78,14.82,144578
2026-05-27T18:00:00+00:00,14.821,14.821,14.785,14.795,130072
2026-05-27T18:05:00+00:00,14.795,14.84,14.79,14.84,126973
2026-05-27T18:10:00+00:00,14.835,14.845,14.8,14.82,74618
2026-05-27T18:15:00+00:00,14.81,14.855,14.81,14.84,111758
2026-05-27T18:20:00+00:00,14.845,14.845,14.78,14.8,87676
2026-05-27T18:25:00+00:00,14.8,14.835,14.8,14.82,152958
2026-05-27T18:30:00+00:00,14.825,14.83,14.78,14.795,55615
2026-05-27T18:35:00+00:00,14.79,14.8,14.78,14.785,67813
2026-05-27T18:40:00+00:00,14.785,14.785,14.76,14.77,74981
2026-05-27T18:45:00+00:00,14.775,14.79,14.77,14.77,44278
2026-05-27T18:50:00+00:00,14.771,14.79,14.75,14.778,71638
2026-05-27T18:55:00+00:00,14.775,14.775,14.73,14.77,107457
2026-05-27T19:00:00+00:00,14.775,14.795,14.765,14.795,61856
2026-05-27T19:05:00+00:00,14.795,14.82,14.78,14.805,143218
2026-05-27T19:10:00+00:00,14.805,14.81,14.78,14.79,195144
2026-05-27T19:15:00+00:00,14.8,14.81,14.785,14.805,92585
2026-05-27T19:20:00+00:00,14.805,14.81,14.755,14.78,102126
2026-05-27T19:25:00+00:00,14.779,14.8,14.765,14.795,135225
2026-05-27T19:30:00+00:00,14.8,14.83,14.78,14.783,216944
2026-05-27T19:35:00+00:00,14.785,14.805,14.73,14.735,252019
2026-05-27T19:40:00+00:00,14.74,14.77,14.72,14.767,240763
2026-05-27T19:45:00+00:00,14.77,14.78,14.73,14.775,330776
2026-05-27T19:50:00+00:00,14.78,14.795,14.74,14.745,309176
2026-05-27T19:55:00+00:00,14.745,14.745,14.68,14.7,960171
2026-05-27T20:00:00+00:00,14.7,14.7,14.66,14.69,156795
2026-05-27T20:05:00+00:00,14.7,14.7,14.69,14.7,3412
2026-05-27T20:10:00+00:00,14.7,14.7,14.67,14.68,826
2026-05-27T20:15:00+00:00,14.67,14.7,14.67,14.7,2775
2026-05-27T20:20:00+00:00,14.69,14.72,14.69,14.71,4782
2026-05-27T20:25:00+00:00,14.72,14.72,14.69,14.7,1787
2026-05-27T20:30:00+00:00,14.7,14.71,14.69,14.71,3347
2026-05-27T20:35:00+00:00,14.71,14.71,14.68,14.71,1880
2026-05-27T20:40:00+00:00,14.69,14.71,14.67,14.71,776
2026-05-27T20:45:00+00:00,14.7,14.72,14.7,14.71,829
2026-05-27T20:50:00+00:00,14.71,14.72,14.71,14.715,869
2026-05-27T20:55:00+00:00,14.71,14.72,14.71,14.71,3396
2026-05-27T21:00:00+00:00,14.72,14.72,14.7,14.71,2208
2026-05-27T21:05:00+00:00,14.71,14.71,14.7,14.71,306252
2026-05-27T21:10:00+00:00,14.71,14.72,14.7,14.72,4353
2026-05-27T21:15:00+00:00,14.7,14.72,14.7,14.72,1520
2026-05-27T21:20:00+00:00,14.71,14.71,14.68,14.71,3812
2026-05-27T21:25:00+00:00,14.71,14.72,14.69,14.69,1295
2026-05-27T21:30:00+00:00,14.68,14.7,14.68,14.682,416
2026-05-27T21:35:00+00:00,14.685,14.69,14.68,14.68,888
2026-05-27T21:40:00+00:00,14.69,14.69,14.68,14.68,267
2026-05-27T21:45:00+00:00,14.68,14.697,14.68,14.69,2662
2026-05-27T21:50:00+00:00,14.684,14.7,14.68,14.7,828
2026-05-27T21:55:00+00:00,14.683,14.7,14.68,14.69,402
2026-05-27T22:00:00+00:00,14.7,14.72,14.7,14.72,922
2026-05-27T22:05:00+00:00,14.72,14.74,14.68,14.74,1797
2026-05-27T22:10:00+00:00,14.71,14.74,14.69,14.71,233
2026-05-27T22:15:00+00:00,14.7,14.71,14.69,14.7,4365
2026-05-27T22:20:00+00:00,14.7,14.7,14.69,14.695,1347
2026-05-27T22:25:00+00:00,14.69,14.7,14.69,14.69,613
2026-05-27T22:30:00+00:00,14.695,14.7,14.69,14.695,214
2026-05-27T22:35:00+00:00,14.7,14.7,14.69,14.691,3939
2026-05-27T22:40:00+00:00,14.691,14.7,14.69,14.69,3286
2026-05-27T22:45:00+00:00,14.69,14.7,14.69,14.7,1281
2026-05-27T22:50:00+00:00,14.69,14.7,14.69,14.695,23809
2026-05-27T22:55:00+00:00,14.69,14.72,14.69,14.69,2533
2026-05-27T23:00:00+00:00,14.72,14.72,14.69,14.72,575
2026-05-27T23:05:00+00:00,14.691,14.74,14.69,14.69,660
2026-05-27T23:10:00+00:00,14.69,14.74,14.69,14.73,150
2026-05-27T23:15:00+00:00,14.697,14.74,14.697,14.73,344
2026-05-27T23:20:00+00:00,14.72,14.73,14.69,14.73,324
2026-05-27T23:25:00+00:00,14.73,14.73,14.69,14.72,3719
2026-05-27T23:30:00+00:00,14.71,14.72,14.69,14.72,666
2026-05-27T23:35:00+00:00,14.71,14.73,14.69,14.69,2192
2026-05-27T23:40:00+00:00,14.69,14.73,14.69,14.69,251
2026-05-27T23:45:00+00:00,14.7,14.715,14.68,14.705,3194
2026-05-27T23:50:00+00:00,14.681,14.7,14.68,14.68,113
2026-05-27T23:55:00+00:00,14.7,14.73,14.68,14.71,228
2026-05-28T08:00:00+00:00,14.6,14.7,14.56,14.663,37733
2026-05-28T08:05:00+00:00,14.69,14.69,14.68,14.68,151
2026-05-28T08:10:00+00:00,14.61,14.67,14.56,14.62,455
2026-05-28T08:15:00+00:00,14.663,14.663,14.663,14.663,1
2026-05-28T08:20:00+00:00,14.66,14.66,14.66,14.66,1
2026-05-28T08:25:00+00:00,14.662,14.667,14.662,14.667,1533
2026-05-28T08:30:00+00:00,14.673,14.673,14.67,14.67,271
2026-05-28T08:35:00+00:00,14.68,14.68,14.68,14.68,16
2026-05-28T08:40:00+00:00,14.68,14.68,14.68,14.68,0
2026-05-28T08:45:00+00:00,14.68,14.68,14.68,14.68,0
2026-05-28T08:50:00+00:00,14.69,14.69,14.69,14.69,100
2026-05-28T08:55:00+00:00,14.71,14.71,14.71,14.71,1
2026-05-28T09:00:00+00:00,14.71,14.71,14.71,14.71,0
2026-05-28T09:05:00+00:00,14.7,14.7,14.68,14.68,56
2026-05-28T09:10:00+00:00,14.69,14.7,14.69,14.7,87
2026-05-28T09:15:00+00:00,14.68,14.68,14.67,14.67,84
2026-05-28T09:20:00+00:00,14.67,14.67,14.67,14.67,61
2026-05-28T09:25:00+00:00,14.69,14.69,14.68,14.68,5
2026-05-28T09:30:00+00:00,14.68,14.68,14.68,14.68,0
2026-05-28T09:35:00+00:00,14.68,14.68,14.68,14.68,0
2026-05-28T09:40:00+00:00,14.68,14.68,14.68,14.68,0
2026-05-28T09:45:00+00:00,14.71,14.71,14.71,14.71,106
2026-05-28T09:50:00+00:00,14.66,14.72,14.66,14.71,26
2026-05-28T09:55:00+00:00,14.69,14.72,14.69,14.72,8
2026-05-28T10:00:00+00:00,14.68,14.68,14.68,14.68,206
2026-05-28T10:05:00+00:00,14.68,14.68,14.66,14.66,86
2026-05-28T10:10:00+00:00,14.66,14.66,14.65,14.65,32
2026-05-28T10:15:00+00:00,14.65,14.65,14.65,14.65,0
2026-05-28T10:20:00+00:00,14.65,14.66,14.65,14.66,67
2026-05-28T10:25:00+00:00,14.66,14.66,14.66,14.66,0
2026-05-28T10:30:00+00:00,14.66,14.66,14.66,14.66,0
2026-05-28T10:35:00+00:00,14.65,14.7,14.65,14.7,217
2026-05-28T10:40:00+00:00,14.65,14.68,14.62,14.62,107
2026-05-28T10:45:00+00:00,14.66,14.67,14.66,14.67,18
2026-05-28T10:50:00+00:00,14.65,14.65,14.62,14.623,522
2026-05-28T10:55:00+00:00,14.62,14.62,14.62,14.62,969
2026-05-28T11:00:00+00:00,14.611,14.8,14.57,14.62,15344
2026-05-28T11:05:00+00:00,14.65,14.66,14.58,14.58,669
2026-05-28T11:10:00+00:00,14.6,14.65,14.55,14.55,1915
2026-05-28T11:15:00+00:00,14.59,14.64,14.59,14.607,1753
2026-05-28T11:20:00+00:00,14.606,14.61,14.56,14.56,1176
2026-05-28T11:25:00+00:00,14.6,14.61,14.57,14.608,851
2026-05-28T11:30:00+00:00,14.6,14.6,14.57,14.6,9532
2026-05-28T11:35:00+00:00,14.59,14.6,14.58,14.599,2308
2026-05-28T11:40:00+00:00,14.6,14.61,14.56,14.585,1572
2026-05-28T11:45:00+00:00,14.61,14.61,14.58,14.6,3225
2026-05-28T11:50:00+00:00,14.56,14.65,14.56,14.56,4319
2026-05-28T11:55:00+00:00,14.65,14.66,14.56,14.63,293
2026-05-28T12:00:00+00:00,14.66,14.66,14.6,14.646,275
2026-05-28T12:05:00+00:00,14.649,14.65,14.6,14.64,16151
2026-05-28T12:10:00+00:00,14.6,14.65,14.6,14.65,801
2026-05-28T12:15:00+00:00,14.65,14.65,14.6,14.62,938
2026-05-28T12:20:00+00:00,14.62,14.64,14.6,14.64,166
2026-05-28T12:25:00+00:00,14.62,14.63,14.6,14.63,1054
2026-05-28T12:30:00+00:00,14.66,14.66,14.6,14.6,15259
2026-05-28T12:35:00+00:00,14.62,14.65,14.6,14.603,623
2026-05-28T12:40:00+00:00,14.63,14.65,14.62,14.625,2661
2026-05-28T12:45:00+00:00,14.6,14.805,14.6,14.65,1737
2026-05-28T12:50:00+00:00,14.65,14.67,14.65,14.65,4318
2026-05-28T12:55:00+00:00,14.66,14.66,14.65,14.66,2087
2026-05-28T13:00:00+00:00,14.65,14.7,14.64,14.67,1540
2026-05-28T13:05:00+00:00,14.7,14.7,14.67,14.68,2211
2026-05-28T13:10:00+00:00,14.7,14.7,14.61,14.65,545
2026-05-28T13:15:00+00:00,14.67,14.67,14.61,14.63,1832
2026-05-28T13:20:00+00:00,14.64,14.64,14.62,14.621,5914
2026-05-28T13:25:00+00:00,14.62,14.62,14.56,14.59,18179
2026-05-28T13:30:00+00:00,14.61,14.61,14.49,14.575,270005
2026-05-28T13:35:00+00:00,14.575,14.67,14.575,14.62,393058
2026-05-28T13:40:00+00:00,14.635,14.645,14.555,14.62,113302
2026-05-28T13:45:00+00:00,14.62,14.7,14.62,14.67,91520
2026-05-28T13:50:00+00:00,14.665,14.705,14.65,14.665,267012
2026-05-28T13:55:00+00:00,14.665,14.77,14.66,14.76,171493
2026-05-28T14:00:00+00:00,14.765,14.82,14.76,14.82,183667
2026-05-28T14:05:00+00:00,14.82,14.82,14.76,14.775,140348
2026-05-28T14:10:00+00:00,14.775,14.9,14.71,14.885,331885
2026-05-28T14:15:00+00:00,14.89,14.94,14.875,14.89,309897
2026-05-28T14:20:00+00:00,14.89,14.89,14.85,14.885,144394
2026-05-28T14:25:00+00:00,14.885,14.9,14.87,14.895,139934
2026-05-28T14:30:00+00:00,14.89,14.95,14.88,14.915,193227
2026-05-28T14:35:00+00:00,14.915,14.99,14.915,14.99,266867
2026-05-28T14:40:00+00:00,14.985,15.03,14.95,15.015,426051
2026-05-28T14:45:00+00:00,15.02,15.099,14.998,15.07,376671
2026-05-28T14:50:00+00:00,15.075,15.11,15.03,15.085,390470
2026-05-28T14:55:00+00:00,15.08,15.08,15.04,15.065,289157
2026-05-28T15:00:00+00:00,15.065,15.1,15.06,15.095,123055
2026-05-28T15:05:00+00:00,15.095,15.13,15.05,15.05,259144
2026-05-28T15:10:00+00:00,15.055,15.1,15.04,15.1,135660
2026-05-28T15:15:00+00:00,15.09,15.095,15.045,15.095,123024
2026-05-28T15:20:00+00:00,15.095,15.095,15.05,15.06,66855
2026-05-28T15:25:00+00:00,15.065,15.13,15.05,15.115,323841
2026-05-28T15:30:00+00:00,15.111,15.115,15.07,15.075,133617
2026-05-28T15:35:00+00:00,15.071,15.08,15.05,15.08,123797
2026-05-28T15:40:00+00:00,15.071,15.1,15.07,15.095,108561
2026-05-28T15:45:00+00:00,15.1,15.1,15.05,15.05,145779
2026-05-28T15:50:00+00:00,15.053,15.09,15.04,15.07,105944
2026-05-28T15:55:00+00:00,15.071,15.16,15.06,15.14,257983
2026-05-28T16:00:00+00:00,15.14,15.15,15.09,15.1,120432
2026-05-28T16:05:00+00:00,15.1,15.15,15.09,15.125,100645
2026-05-28T16:10:00+00:00,15.12,15.125,15.09,15.105,122872
2026-05-28T16:15:00+00:00,15.105,15.14,15.1,15.105,153596
2026-05-28T16:20:00+00:00,15.1,15.19,15.09,15.145,538629
2026-05-28T16:25:00+00:00,15.14,15.145,15.11,15.13,116576
2026-05-28T16:30:00+00:00,15.13,15.14,15.11,15.12,113588
2026-05-28T16:35:00+00:00,15.125,15.226,15.125,15.205,384377
2026-05-28T16:40:00+00:00,15.2,15.2,15.16,15.17,112080
2026-05-28T16:45:00+00:00,15.175,15.18,15.15,15.165,110650
2026-05-28T16:50:00+00:00,15.16,15.23,15.15,15.23,125904
2026-05-28T16:55:00+00:00,15.225,15.25,15.215,15.215,151385
2026-05-28T17:00:00+00:00,15.215,15.23,15.2,15.225,66471
2026-05-28T17:05:00+00:00,15.22,15.24,15.19,15.21,211170
2026-05-28T17:10:00+00:00,15.214,15.22,15.18,15.2,88143
2026-05-28T17:15:00+00:00,15.2,15.235,15.17,15.214,254148
2026-05-28T17:20:00+00:00,15.215,15.23,15.19,15.207,66152
2026-05-28T17:25:00+00:00,15.2,15.21,15.16,15.181,67567
2026-05-28T17:30:00+00:00,15.185,15.19,15.17,15.17,78829
2026-05-28T17:35:00+00:00,15.17,15.18,15.15,15.155,88342
2026-05-28T17:40:00+00:00,15.157,15.17,15.13,15.155,75323
2026-05-28T17:45:00+00:00,15.16,15.19,15.15,15.18,81234
2026-05-28T17:50:00+00:00,15.185,15.226,15.18,15.21,114425
2026-05-28T17:55:00+00:00,15.21,15.25,15.21,15.25,91671
2026-05-28T18:00:00+00:00,15.245,15.27,15.235,15.25,130240
2026-05-28T18:05:00+00:00,15.245,15.26,15.225,15.255,102967
2026-05-28T18:10:00+00:00,15.25,15.26,15.23,15.24,92486
2026-05-28T18:15:00+00:00,15.245,15.255,15.193,15.219,124042
2026-05-28T18:20:00+00:00,15.21,15.22,15.19,15.21,115535
2026-05-28T18:25:00+00:00,15.22,15.23,15.2,15.225,70173
2026-05-28T18:30:00+00:00,15.22,15.23,15.2,15.22,66595
2026-05-28T18:35:00+00:00,15.21,15.215,15.18,15.185,164159
2026-05-28T18:40:00+00:00,15.185,15.195,15.17,15.195,85531
2026-05-28T18:45:00+00:00,15.195,15.195,15.175,15.185,99311
2026-05-28T18:50:00+00:00,15.185,15.185,15.155,15.165,95774
2026-05-28T18:55:00+00:00,15.16,15.185,15.14,15.185,110117
2026-05-28T19:00:00+00:00,15.19,15.19,15.13,15.155,140197
2026-05-28T19:05:00+00:00,15.155,15.155,15.12,15.12,82360
2026-05-28T19:10:00+00:00,15.123,15.15,15.11,15.15,137784
2026-05-28T19:15:00+00:00,15.14,15.15,15.121,15.145,67038
2026-05-28T19:20:00+00:00,15.15,15.16,15.13,15.15,96627
2026-05-28T19:25:00+00:00,15.15,15.2,15.145,15.2,149020
2026-05-28T19:30:00+00:00,15.205,15.215,15.14,15.155,163152
2026-05-28T19:35:00+00:00,15.16,15.16,15.13,15.135,227644
2026-05-28T19:40:00+00:00,15.14,15.175,15.1,15.165,436762
2026-05-28T19:45:00+00:00,15.16,15.235,15.16,15.225,208211
2026-05-28T19:50:00+00:00,15.225,15.225,15.19,15.22,282606
2026-05-28T19:55:00+00:00,15.215,15.245,15.18,15.2,1125756
2026-05-28T20:00:00+00:00,15.19,15.23,15.18,15.2,110635
2026-05-28T20:05:00+00:00,15.2,15.22,15.18,15.18,3922
2026-05-28T20:10:00+00:00,15.2,15.2,15.12,15.16,882
2026-05-28T20:15:00+00:00,15.12,15.2,15.12,15.2,7806
2026-05-28T20:20:00+00:00,15.12,15.2,15.12,15.17,1882
2026-05-28T20:25:00+00:00,15.17,15.18,15.13,15.18,2845
2026-05-28T20:30:00+00:00,15.13,15.18,15.13,15.18,216
2026-05-28T20:35:00+00:00,15.165,15.18,15.15,15.18,530
2026-05-28T20:40:00+00:00,15.179,15.18,15.151,15.18,767
2026-05-28T20:45:00+00:00,15.18,15.18,15.15,15.16,3195
2026-05-28T20:50:00+00:00,15.17,15.18,15.15,15.18,1882
2026-05-28T20:55:00+00:00,15.16,15.18,15.16,15.18,4177
2026-05-28T21:00:00+00:00,15.18,15.18,15.16,15.16,93
2026-05-28T21:05:00+00:00,15.161,15.18,15.16,15.16,2209
2026-05-28T21:10:00+00:00,15.16,15.18,15.16,15.18,524090
2026-05-28T21:15:00+00:00,15.18,15.18,15.15,15.15,5591
2026-05-28T21:20:00+00:00,15.17,15.18,15.15,15.15,20244
2026-05-28T21:25:00+00:00,15.167,15.18,15.15,15.16,6998
2026-05-28T21:30:00+00:00,15.18,15.18,15.165,15.18,5000
2026-05-28T21:35:00+00:00,15.165,15.18,15.15,15.18,1186
2026-05-28T21:40:00+00:00,15.18,15.18,15.16,15.18,776
2026-05-28T21:45:00+00:00,15.16,15.18,15.16,15.18,1252
2026-05-28T21:50:00+00:00,15.16,15.18,15.16,15.18,2349
2026-05-28T21:55:00+00:00,15.17,15.2,15.17,15.2,12457
2026-05-28T22:00:00+00:00,15.196,15.2,15.17,15.18,10186
2026-05-28T22:05:00+00:00,15.2,15.2,15.18,15.19,1892
2026-05-28T22:10:00+00:00,15.189,15.2,15.18,15.19,580
2026-05-28T22:15:00+00:00,15.18,15.2,15.18,15.2,1082
2026-05-28T22:20:00+00:00,15.18,15.23,15.18,15.23,9276
2026-05-28T22:25:00+00:00,15.23,15.23,15.18,15.205,860
2026-05-28T22:30:00+00:00,15.23,15.23,15.18,15.2,258
2026-05-28T22:35:00+00:00,15.18,15.2,15.18,15.19,236
2026-05-28T22:40:00+00:00,15.2,15.23,15.19,15.19,895
2026-05-28T22:45:00+00:00,15.23,15.23,15.2,15.209,2177
2026-05-28T22:50:00+00:00,15.21,15.23,15.19,15.217,2605
2026-05-28T22:55:00+00:00,15.2,15.22,15.19,15.19,22111
2026-05-28T23:00:00+00:00,15.19,15.2,15.19,15.2,4132
2026-05-28T23:05:00+00:00,15.2,15.2,15.18,15.18,3442
2026-05-28T23:10:00+00:00,15.19,15.2,15.18,15.18,1439
2026-05-28T23:15:00+00:00,15.19,15.2,15.19,15.19,361
2026-05-28T23:20:00+00:00,15.2,15.2,15.185,15.185,2955
2026-05-28T23:25:00+00:00,15.19,15.2,15.18,15.18,3233
2026-05-28T23:30:00+00:00,15.19,15.2,15.18,15.19,1138
2026-05-28T23:35:00+00:00,15.18,15.22,15.18,15.19,1340
2026-05-28T23:40:00+00:00,15.19,15.19,15.18,15.185,1924
2026-05-28T23:45:00+00:00,15.18,15.19,15.18,15.18,770
2026-05-28T23:50:00+00:00,15.18,15.19,15.18,15.19,1776
2026-05-28T23:55:00+00:00,15.19,15.19,15.18,15.182,2364
2026-05-29T08:00:00+00:00,15.22,15.24,15.2,15.218,22420
2026-05-29T08:05:00+00:00,15.21,15.23,15.2,15.2,370
2026-05-29T08:10:00+00:00,15.2,15.2,15.19,15.19,849
2026-05-29T08:15:00+00:00,15.2,15.2,15.2,15.2,1496
2026-05-29T08:20:00+00:00,15.2,15.21,15.2,15.21,1573
2026-05-29T08:25:00+00:00,15.21,15.21,15.21,15.21,0
2026-05-29T08:30:00+00:00,15.2,15.2,15.2,15.2,62
2026-05-29T08:35:00+00:00,15.226,15.226,15.226,15.226,1
2026-05-29T08:40:00+00:00,15.227,15.227,15.2,15.21,127
2026-05-29T08:45:00+00:00,15.21,15.21,15.21,15.21,0
2026-05-29T08:50:00+00:00,15.2,15.2,15.199,15.199,204
2026-05-29T08:55:00+00:00,15.199,15.199,15.199,15.199,0
2026-05-29T09:00:00+00:00,15.2,15.2,15.2,15.2,359
2026-05-29T09:05:00+00:00,15.192,15.2,15.192,15.2,36
2026-05-29T09:10:00+00:00,15.21,15.22,15.21,15.22,58
2026-05-29T09:15:00+00:00,15.22,15.22,15.22,15.22,0
2026-05-29T09:20:00+00:00,15.22,15.22,15.22,15.22,1
2026-05-29T09:25:00+00:00,15.2,15.25,15.2,15.25,198
2026-05-29T09:30:00+00:00,15.23,15.23,15.2,15.2,82
2026-05-29T09:35:00+00:00,15.2,15.2,15.2,15.2,37
2026-05-29T09:40:00+00:00,15.235,15.235,15.235,15.235,2
2026-05-29T09:45:00+00:00,15.21,15.21,15.18,15.18,71
2026-05-29T09:50:00+00:00,15.183,15.235,15.183,15.233,46
2026-05-29T09:55:00+00:00,15.2,15.2,15.2,15.2,6
2026-05-29T10:00:00+00:00,15.234,15.24,15.234,15.24,49
2026-05-29T10:05:00+00:00,15.233,15.233,15.2,15.2,200
2026-05-29T10:10:00+00:00,15.2,15.2,15.2,15.2,0
2026-05-29T10:15:00+00:00,15.23,15.23,15.23,15.23,1002
2026-05-29T10:20:00+00:00,15.23,15.23,15.23,15.23,4
2026-05-29T10:25:00+00:00,15.21,15.21,15.2,15.2,294
2026-05-29T10:30:00+00:00,15.21,15.22,15.202,15.202,121
2026-05-29T10:35:00+00:00,15.24,15.24,15.238,15.238,75
2026-05-29T10:40:00+00:00,15.22,15.22,15.2,15.2,30
2026-05-29T10:45:00+00:00,15.2,15.2,15.2,15.2,75
2026-05-29T10:50:00+00:00,15.23,15.23,15.22,15.22,426
2026-05-29T10:55:00+00:00,15.22,15.22,15.212,15.212,102
2026-05-29T11:00:00+00:00,15.21,15.24,15.2,15.2,2698
2026-05-29T11:05:00+00:00,15.22,15.24,15.19,15.23,284
2026-05-29T11:10:00+00:00,15.2,15.24,15.2,15.24,1513
2026-05-29T11:15:00+00:00,15.24,15.24,15.2,15.24,74
2026-05-29T11:20:00+00:00,15.22,15.24,15.2,15.202,161
2026-05-29T11:25:00+00:00,15.228,15.24,15.22,15.22,1618
2026-05-29T11:30:00+00:00,15.24,15.24,15.2,15.2,776
2026-05-29T11:35:00+00:00,15.22,15.24,15.2,15.2,815
2026-05-29T11:40:00+00:00,15.24,15.24,15.2,15.2,136
2026-05-29T11:45:00+00:00,15.2,15.24,15.2,15.23,1079
2026-05-29T11:50:00+00:00,15.22,15.24,15.2,15.22,1553
2026-05-29T11:55:00+00:00,15.22,15.23,15.2,15.22,139
2026-05-29T12:00:00+00:00,15.22,15.23,15.21,15.218,2229
2026-05-29T12:05:00+00:00,15.22,15.22,15.21,15.215,2250
2026-05-29T12:10:00+00:00,15.22,15.23,15.2,15.2,4643
2026-05-29T12:15:00+00:00,15.209,15.21,15.18,15.2,3225
2026-05-29T12:20:00+00:00,15.2,15.2,15.18,15.19,873
2026-05-29T12:25:00+00:00,15.18,15.21,15.17,15.17,8734
2026-05-29T12:30:00+00:00,15.17,15.21,15.16,15.16,5479
2026-05-29T12:35:00+00:00,15.16,15.21,15.16,15.161,2732
2026-05-29T12:40:00+00:00,15.186,15.205,15.16,15.17,1370
2026-05-29T12:45:00+00:00,15.2,15.2,15.16,15.17,889
2026-05-29T12:50:00+00:00,15.17,15.2,15.16,15.185,9898
2026-05-29T12:55:00+00:00,15.18,15.2,15.16,15.19,7357
2026-05-29T13:00:00+00:00,15.177,15.2,15.16,15.17,2306
2026-05-29T13:05:00+00:00,15.199,15.2,15.16,15.18,1322
2026-05-29T13:10:00+00:00,15.17,15.19,15.16,15.17,1597
2026-05-29T13:15:00+00:00,15.19,15.19,15.15,15.19,3944
2026-05-29T13:20:00+00:00,15.17,15.19,15.15,15.19,500
2026-05-29T13:25:00+00:00,15.19,15.28,15.16,15.26,4394
2026-05-29T13:30:00+00:00,15.23,15.25,15.11,15.15,350493
2026-05-29T13:35:00+00:00,15.15,15.278,15.14,15.275,242490
2026-05-29T13:40:00+00:00,15.275,15.338,15.185,15.195,278343
2026-05-29T13:45:00+00:00,15.195,15.265,15.181,15.181,232501
2026-05-29T13:50:00+00:00,15.185,15.235,15.155,15.235,181944
2026-05-29T13:55:00+00:00,15.235,15.25,15.145,15.155,261536
2026-05-29T14:00:00+00:00,15.155,15.27,15.15,15.27,126365
2026-05-29T14:05:00+00:00,15.265,15.32,15.255,15.28,156057
2026-05-29T14:10:00+00:00,15.285,15.29,15.23,15.235,161930
2026-05-29T14:15:00+00:00,15.24,15.24,15.185,15.195,249408
2026-05-29T14:20:00+00:00,15.195,15.21,15.16,15.185,180683
2026-05-29T14:25:00+00:00,15.181,15.25,15.16,15.225,286167
2026-05-29T14:30:00+00:00,15.22,15.31,15.2,15.252,176176
2026-05-29T14:35:00+00:00,15.255,15.285,15.234,15.26,155387
2026-05-29T14:40:00+00:00,15.265,15.39,15.25,15.26,312100
2026-05-29T14:45:00+00:00,15.25,15.35,15.25,15.313,127958
2026-05-29T14:50:00+00:00,15.315,15.355,15.295,15.32,109722
2026-05-29T14:55:00+00:00,15.32,15.365,15.31,15.335,115251
2026-05-29T15:00:00+00:00,15.335,15.41,15.33,15.405,220523
2026-05-29T15:05:00+00:00,15.405,15.415,15.375,15.405,149784
2026-05-29T15:10:00+00:00,15.41,15.435,15.38,15.4,154641
2026-05-29T15:15:00+00:00,15.405,15.44,15.355,15.435,210484
2026-05-29T15:20:00+00:00,15.43,15.475,15.375,15.475,322710
2026-05-29T15:25:00+00:00,15.475,15.53,15.46,15.52,459430
2026-05-29T15:30:00+00:00,15.515,15.63,15.51,15.625,506152
2026-05-29T15:35:00+00:00,15.63,15.7,15.625,15.682,409005
2026-05-29T15:40:00+00:00,15.687,15.74,15.68,15.725,502998
2026-05-29T15:45:00+00:00,15.727,15.75,15.65,15.7,485240
2026-05-29T15:50:00+00:00,15.702,15.765,15.68,15.745,412839
2026-05-29T15:55:00+00:00,15.74,15.93,15.74,15.885,801564
2026-05-29T16:00:00+00:00,15.885,15.91,15.845,15.88,514531
2026-05-29T16:05:00+00:00,15.875,16.09,15.85,16.085,917563
2026-05-29T16:10:00+00:00,16.09,16.27,16.07,16.265,1092389
2026-05-29T16:15:00+00:00,16.265,16.365,16.164,16.32,1462423
2026-05-29T16:20:00+00:00,16.325,16.325,16.21,16.24,855098
2026-05-29T16:25:00+00:00,16.25,16.31,16.215,16.24,835860
2026-05-29T16:30:00+00:00,16.245,16.315,16.18,16.295,692761
2026-05-29T16:35:00+00:00,16.295,16.31,16.24,16.25,574098
2026-05-29T16:40:00+00:00,16.245,16.3,16.22,16.24,601495
2026-05-29T16:45:00+00:00,16.25,16.36,16.205,16.345,839132
2026-05-29T16:50:00+00:00,16.345,16.435,16.34,16.4,869775
2026-05-29T16:55:00+00:00,16.4,16.4,16.285,16.36,723678
2026-05-29T17:00:00+00:00,16.365,16.405,16.33,16.37,808860
2026-05-29T17:05:00+00:00,16.365,16.4,16.33,16.395,886817
2026-05-29T17:10:00+00:00,16.395,16.425,16.354,16.385,734873
2026-05-29T17:15:00+00:00,16.385,16.435,16.31,16.385,1352543
2026-05-29T17:20:00+00:00,16.385,16.45,16.365,16.445,532670
2026-05-29T17:25:00+00:00,16.445,16.45,16.37,16.37,441969
2026-05-29T17:30:00+00:00,16.375,16.54,16.37,16.525,947234
2026-05-29T17:35:00+00:00,16.521,16.57,16.49,16.525,507094
2026-05-29T17:40:00+00:00,16.524,16.6,16.5,16.6,443180
2026-05-29T17:45:00+00:00,16.59,16.6,16.415,16.415,535016
2026-05-29T17:50:00+00:00,16.415,16.43,16.33,16.34,366543
2026-05-29T17:55:00+00:00,16.34,16.35,16.28,16.325,520551
2026-05-29T18:00:00+00:00,16.324,16.324,16.195,16.2,366039
2026-05-29T18:05:00+00:00,16.204,16.26,16.202,16.245,338483
2026-05-29T18:10:00+00:00,16.245,16.25,16.21,16.245,205040
2026-05-29T18:15:00+00:00,16.245,16.275,16.172,16.19,215947
2026-05-29T18:20:00+00:00,16.19,16.26,16.18,16.255,239017
2026-05-29T18:25:00+00:00,16.25,16.275,16.225,16.245,228853
2026-05-29T18:30:00+00:00,16.25,16.317,16.22,16.285,384162
2026-05-29T18:35:00+00:00,16.285,16.29,16.26,16.265,118722
2026-05-29T18:40:00+00:00,16.26,16.265,16.24,16.265,156353
2026-05-29T18:45:00+00:00,16.265,16.27,16.23,16.235,166705
2026-05-29T18:50:00+00:00,16.235,16.28,16.22,16.265,173971
2026-05-29T18:55:00+00:00,16.265,16.265,16.195,16.255,290445
2026-05-29T19:00:00+00:00,16.255,16.28,16.19,16.195,233556
2026-05-29T19:05:00+00:00,16.195,16.21,16.18,16.185,147914
2026-05-29T19:10:00+00:00,16.185,16.19,16.13,16.155,239322
2026-05-29T19:15:00+00:00,16.155,16.155,16.1,16.125,279272
2026-05-29T19:20:00+00:00,16.125,16.15,16.115,16.135,222987
2026-05-29T19:25:00+00:00,16.135,16.17,16.115,16.165,396047
2026-05-29T19:30:00+00:00,16.17,16.19,16.12,16.165,386693
2026-05-29T19:35:00+00:00,16.17,16.2,16.155,16.16,304864
2026-05-29T19:40:00+00:00,16.165,16.2,16.12,16.14,634292
2026-05-29T19:45:00+00:00,16.145,16.15,16.115,16.135,470638
2026-05-29T19:50:00+00:00,16.15,16.245,16.135,16.245,665953
2026-05-29T19:55:00+00:00,16.245,16.34,16.23,16.3,2166220
2026-05-29T20:00:00+00:00,16.3,16.32,16.23,16.28,1687052
2026-05-29T20:05:00+00:00,16.27,16.3,16.26,16.3,209646
2026-05-29T20:10:00+00:00,16.29,16.33,16.27,16.27,481020
2026-05-29T20:15:00+00:00,16.26,16.3,16.2,16.25,9903
2026-05-29T20:20:00+00:00,16.25,16.25,16.2,16.22,12044
2026-05-29T20:25:00+00:00,16.21,16.25,16.21,16.22,5076
2026-05-29T20:30:00+00:00,16.22,16.51,16.01,16.22,26272
2026-05-29T20:35:00+00:00,16.22,16.25,16.22,16.22,5308
2026-05-29T20:40:00+00:00,16.22,16.25,16.22,16.24,13503
2026-05-29T20:45:00+00:00,16.25,16.25,16.22,16.221,22781
2026-05-29T20:50:00+00:00,16.22,16.24,16.22,16.222,90224
2026-05-29T20:55:00+00:00,16.22,16.24,16.2,16.21,38079
2026-05-29T21:00:00+00:00,16.22,16.22,16.18,16.2,7909
2026-05-29T21:05:00+00:00,16.195,16.22,16.18,16.2,7402
2026-05-29T21:10:00+00:00,16.2,16.22,16.2,16.21,763
2026-05-29T21:15:00+00:00,16.21,16.22,16.2,16.22,2679
2026-05-29T21:20:00+00:00,16.21,16.22,16.2,16.2,2491
2026-05-29T21:25:00+00:00,16.21,16.22,16.2,16.22,2570
2026-05-29T21:30:00+00:00,16.2,16.22,16.2,16.2,3154
2026-05-29T21:35:00+00:00,16.22,16.22,16.2,16.201,3151
2026-05-29T21:40:00+00:00,16.2,16.22,16.2,16.22,1376
2026-05-29T21:45:00+00:00,16.22,16.22,16.2,16.2,1486
2026-05-29T21:50:00+00:00,16.22,16.22,16.2,16.22,3560
2026-05-29T21:55:00+00:00,16.2,16.22,16.2,16.204,516
2026-05-29T22:00:00+00:00,16.22,16.22,16.2,16.21,789
2026-05-29T22:05:00+00:00,16.22,16.22,16.2,16.201,27889
2026-05-29T22:10:00+00:00,16.22,16.22,16.2,16.22,374
2026-05-29T22:15:00+00:00,16.21,16.28,16.2,16.263,15622
2026-05-29T22:20:00+00:00,16.27,16.28,16.26,16.27,933
2026-05-29T22:25:00+00:00,16.26,16.28,16.26,16.263,279
2026-05-29T22:30:00+00:00,16.27,16.27,16.26,16.26,2284
2026-05-29T22:35:00+00:00,16.26,16.27,16.21,16.21,508
2026-05-29T22:40:00+00:00,16.25,16.28,16.231,16.27,456
2026-05-29T22:45:00+00:00,16.26,16.28,16.26,16.26,34
2026-05-29T22:50:00+00:00,16.27,16.27,16.23,16.25,101
2026-05-29T22:55:00+00:00,16.232,16.27,16.23,16.23,2351
2026-05-29T23:00:00+00:00,16.25,16.27,16.23,16.25,554
2026-05-29T23:05:00+00:00,16.27,16.27,16.23,16.25,698
2026-05-29T23:10:00+00:00,16.23,16.269,16.23,16.25,171
2026-05-29T23:15:00+00:00,16.25,16.27,16.23,16.25,10462
2026-05-29T23:20:00+00:00,16.23,16.27,16.23,16.25,137
2026-05-29T23:25:00+00:00,16.27,16.27,16.23,16.234,7675
2026-05-29T23:30:00+00:00,16.24,16.26,16.23,16.245,1215
2026-05-29T23:35:00+00:00,16.23,16.25,16.23,16.24,1464
2026-05-29T23:40:00+00:00,16.25,16.26,16.22,16.24,10801
2026-05-29T23:45:00+00:00,16.24,16.26,16.23,16.24,2685
2026-05-29T23:50:00+00:00,16.26,16.26,16.24,16.257,1575
2026-05-29T23:55:00+00:00,16.26,16.26,16.24,16.26,5049
2026-06-01T08:00:00+00:00,16.35,16.35,16.26,16.26,9738
2026-06-01T08:05:00+00:00,16.25,16.32,16.21,16.28,3173
2026-06-01T08:10:00+00:00,16.28,16.28,16.23,16.23,72
2026-06-01T08:15:00+00:00,16.22,16.272,16.19,16.2,3595
2026-06-01T08:20:00+00:00,16.194,16.194,16.18,16.18,120
2026-06-01T08:25:00+00:00,16.175,16.175,16.152,16.152,782
2026-06-01T08:30:00+00:00,16.152,16.152,16.11,16.11,372
2026-06-01T08:35:00+00:00,16.14,16.14,16.103,16.103,2856
2026-06-01T08:40:00+00:00,16.12,16.16,16.12,16.16,3281
2026-06-01T08:45:00+00:00,16.172,16.172,16.11,16.15,82
2026-06-01T08:50:00+00:00,16.15,16.17,16.15,16.17,196
2026-06-01T08:55:00+00:00,16.18,16.18,16.135,16.135,97
2026-06-01T09:00:00+00:00,16.18,16.19,16.16,16.16,4004
2026-06-01T09:05:00+00:00,16.2,16.24,16.2,16.2,49
2026-06-01T09:10:00+00:00,16.175,16.2,16.16,16.16,236
2026-06-01T09:15:00+00:00,16.16,16.16,16.16,16.16,0
2026-06-01T09:20:00+00:00,16.16,16.23,16.16,16.23,145
2026-06-01T09:25:00+00:00,16.23,16.23,16.2,16.2,30
2026-06-01T09:30:00+00:00,16.2,16.2,16.2,16.2,139
2026-06-01T09:35:00+00:00,16.22,16.23,16.22,16.22,1194
2026-06-01T09:40:00+00:00,16.19,16.23,16.19,16.2,2592
2026-06-01T09:45:00+00:00,16.2,16.2,16.2,16.2,9
2026-06-01T09:50:00+00:00,16.2,16.2,16.2,16.2,10
2026-06-01T09:55:00+00:00,16.2,16.25,16.2,16.2,51
2026-06-01T10:00:00+00:00,16.17,16.2,16.17,16.2,32
2026-06-01T10:05:00+00:00,16.21,16.22,16.21,16.22,2031
2026-06-01T10:10:00+00:00,16.22,16.22,16.21,16.21,50
2026-06-01T10:15:00+00:00,16.21,16.21,16.21,16.21,9
2026-06-01T10:20:00+00:00,16.22,16.24,16.213,16.24,191
2026-06-01T10:25:00+00:00,16.24,16.24,16.24,16.24,42
2026-06-01T10:30:00+00:00,16.297,16.297,16.25,16.27,59
2026-06-01T10:35:00+00:00,16.27,16.27,16.27,16.27,27
2026-06-01T10:40:00+00:00,16.213,16.27,16.213,16.25,201
2026-06-01T10:45:00+00:00,16.25,16.25,16.22,16.22,38
2026-06-01T10:50:00+00:00,16.213,16.237,16.213,16.237,484
2026-06-01T10:55:00+00:00,16.24,16.24,16.24,16.24,65
2026-06-01T11:00:00+00:00,16.25,16.27,16.21,16.25,5790
2026-06-01T11:05:00+00:00,16.23,16.25,16.23,16.25,4932
2026-06-01T11:10:00+00:00,16.25,16.25,16.21,16.22,1846
2026-06-01T11:15:00+00:00,16.22,16.25,16.212,16.23,2515
2026-06-01T11:20:00+00:00,16.23,16.25,16.215,16.24,1970
2026-06-01T11:25:00+00:00,16.24,16.24,16.21,16.23,2881
2026-06-01T11:30:00+00:00,16.21,16.23,16.21,16.23,5210
2026-06-01T11:35:00+00:00,16.212,16.23,16.2,16.2,5345
2026-06-01T11:40:00+00:00,16.23,16.23,16.2,16.23,757
2026-06-01T11:45:00+00:00,16.228,16.25,16.2,16.25,7996
2026-06-01T11:50:00+00:00,16.215,16.25,16.21,16.21,3506
2026-06-01T11:55:00+00:00,16.247,16.25,16.21,16.25,1063
2026-06-01T12:00:00+00:00,16.21,16.25,16.21,16.25,769
2026-06-01T12:05:00+00:00,16.23,16.25,16.2,16.2,6521
2026-06-01T12:10:00+00:00,16.18,16.23,16.18,16.23,560
2026-06-01T12:15:00+00:00,16.19,16.23,15.5,16.163,3882
2026-06-01T12:20:00+00:00,16.16,16.19,16.08,16.081,42758
2026-06-01T12:25:00+00:00,16.1,16.19,16.07,16.19,74989
2026-06-01T12:30:00+00:00,16.19,16.19,16.1,16.115,4781
2026-06-01T12:35:00+00:00,16.11,16.19,16.07,16.13,94102
2026-06-01T12:40:00+00:00,16.11,16.19,16.08,16.12,17246
2026-06-01T12:45:00+00:00,16.118,16.19,16.09,16.169,54376
2026-06-01T12:50:00+00:00,16.145,16.19,16.1,16.19,995
2026-06-01T12:55:00+00:00,16.13,16.19,16.1,16.119,10877
2026-06-01T13:00:00+00:00,16.11,16.12,16.1,16.11,4958
2026-06-01T13:05:00+00:00,16.1,16.12,16.09,16.11,4547
2026-06-01T13:10:00+00:00,16.1,16.11,16.01,16.03,15761
2026-06-01T13:15:00+00:00,16.012,16.07,16.01,16.06,7608
2026-06-01T13:20:00+00:00,16.05,16.05,16.0,16.005,9556
2026-06-01T13:25:00+00:00,16.01,16.15,16.005,16.13,6543
2026-06-01T13:30:00+00:00,16.14,16.61,15.9,16.59,1229047
2026-06-01T13:35:00+00:00,16.6,16.84,16.565,16.745,1020026
2026-06-01T13:40:00+00:00,16.745,16.85,16.6,16.74,751754
2026-06-01T13:45:00+00:00,16.73,16.78,16.43,16.44,585810
2026-06-01T13:50:00+00:00,16.435,16.625,16.42,16.61,588665
2026-06-01T13:55:00+00:00,16.625,16.65,16.45,16.47,417063
2026-06-01T14:00:00+00:00,16.47,16.72,16.47,16.645,381228
2026-06-01T14:05:00+00:00,16.64,16.65,16.58,16.64,244117
2026-06-01T14:10:00+00:00,16.645,16.695,16.56,16.575,219499
2026-06-01T14:15:00+00:00,16.571,16.64,16.44,16.445,482285
2026-06-01T14:20:00+00:00,16.44,16.555,16.405,16.44,425605
2026-06-01T14:25:00+00:00,16.44,16.48,16.39,16.445,369583
2026-06-01T14:30:00+00:00,16.445,16.45,16.38,16.415,348017
2026-06-01T14:35:00+00:00,16.41,16.515,16.33,16.5,371954
2026-06-01T14:40:00+00:00,16.495,16.68,16.495,16.61,455253
2026-06-01T14:45:00+00:00,16.61,16.615,16.55,16.575,233266
2026-06-01T14:50:00+00:00,16.575,16.675,16.565,16.645,285370
2026-06-01T14:55:00+00:00,16.645,16.76,16.635,16.65,323587
2026-06-01T15:00:00+00:00,16.655,16.78,16.62,16.78,663772
2026-06-01T15:05:00+00:00,16.78,16.88,16.755,16.806,537321
2026-06-01T15:10:00+00:00,16.805,16.83,16.735,16.78,302491
2026-06-01T15:15:00+00:00,16.79,16.838,16.735,16.805,432788
2026-06-01T15:20:00+00:00,16.805,16.89,16.805,16.875,286387
2026-06-01T15:25:00+00:00,16.875,16.9,16.81,16.855,242446
2026-06-01T15:30:00+00:00,16.85,16.95,16.85,16.935,270597
2026-06-01T15:35:00+00:00,16.935,16.98,16.89,16.89,272607
2026-06-01T15:40:00+00:00,16.895,16.895,16.83,16.885,232489
2026-06-01T15:45:00+00:00,16.885,16.91,16.84,16.845,187219
2026-06-01T15:50:00+00:00,16.845,16.86,16.76,16.825,302180
2026-06-01T15:55:00+00:00,16.83,16.975,16.765,16.92,748502
2026-06-01T16:00:00+00:00,16.925,16.965,16.86,16.915,340134
2026-06-01T16:05:00+00:00,16.915,16.945,16.86,16.861,184319
2026-06-01T16:10:00+00:00,16.86,16.865,16.8,16.82,181312
2026-06-01T16:15:00+00:00,16.83,16.87,16.78,16.82,308412
2026-06-01T16:20:00+00:00,16.825,16.85,16.81,16.835,111805
2026-06-01T16:25:00+00:00,16.835,16.84,16.71,16.715,355303
2026-06-01T16:30:00+00:00,16.72,16.925,16.72,16.88,330518
2026-06-01T16:35:00+00:00,16.88,16.895,16.84,16.875,169203
2026-06-01T16:40:00+00:00,16.875,16.925,16.87,16.925,235148
2026-06-01T16:45:00+00:00,16.925,16.93,16.88,16.89,142284
2026-06-01T16:50:00+00:00,16.885,16.905,16.87,16.89,167312
2026-06-01T16:55:00+00:00,16.89,16.915,16.87,16.895,187904
2026-06-01T17:00:00+00:00,16.892,16.97,16.86,16.92,452836
2026-06-01T17:05:00+00:00,16.92,17.0,16.91,16.985,303294
2026-06-01T17:10:00+00:00,16.985,16.99,16.901,16.905,150727
2026-06-01T17:15:00+00:00,16.905,16.927,16.84,16.84,210358
2026-06-01T17:20:00+00:00,16.845,16.89,16.845,16.883,113344
2026-06-01T17:25:00+00:00,16.88,16.95,16.86,16.95,119000
2026-06-01T17:30:00+00:00,16.945,16.945,16.81,16.81,133835
2026-06-01T17:35:00+00:00,16.815,16.87,16.81,16.817,137687
2026-06-01T17:40:00+00:00,16.816,16.91,16.81,16.89,200880
2026-06-01T17:45:00+00:00,16.885,16.91,16.865,16.905,99481
2026-06-01T17:50:00+00:00,16.9,16.9,16.865,16.865,91461
2026-06-01T17:55:00+00:00,16.86,16.87,16.85,16.865,101448
2026-06-01T18:00:00+00:00,16.86,16.875,16.82,16.875,106362
2026-06-01T18:05:00+00:00,16.87,16.895,16.855,16.875,158015
2026-06-01T18:10:00+00:00,16.875,16.928,16.865,16.925,119974
2026-06-01T18:15:00+00:00,16.93,16.935,16.9,16.92,85540
2026-06-01T18:20:00+00:00,16.915,16.955,16.9,16.945,104640
2026-06-01T18:25:00+00:00,16.94,16.96,16.92,16.945,78710
2026-06-01T18:30:00+00:00,16.945,17.09,16.94,17.04,425375
2026-06-01T18:35:00+00:00,17.045,17.15,17.035,17.135,331664
2026-06-01T18:40:00+00:00,17.135,17.2,17.13,17.165,395876
2026-06-01T18:45:00+00:00,17.17,17.18,17.14,17.175,341037
2026-06-01T18:50:00+00:00,17.171,17.18,17.09,17.105,196709
2026-06-01T18:55:00+00:00,17.105,17.11,17.045,17.1,194175
2026-06-01T19:00:00+00:00,17.105,17.105,16.955,16.985,306965
2026-06-01T19:05:00+00:00,16.98,17.01,16.955,16.974,177258
2026-06-01T19:10:00+00:00,16.98,17.0,16.945,16.965,252654
2026-06-01T19:15:00+00:00,16.96,16.98,16.945,16.97,223506
2026-06-01T19:20:00+00:00,16.975,17.005,16.96,16.985,136130
2026-06-01T19:25:00+00:00,16.985,16.995,16.86,16.89,330418
2026-06-01T19:30:00+00:00,16.89,16.895,16.785,16.845,448230
2026-06-01T19:35:00+00:00,16.84,16.9,16.83,16.9,188280
2026-06-01T19:40:00+00:00,16.895,16.9,16.83,16.855,336521
2026-06-01T19:45:00+00:00,16.855,16.87,16.83,16.845,170215
2026-06-01T19:50:00+00:00,16.85,16.88,16.83,16.845,453868
2026-06-01T19:55:00+00:00,16.845,16.95,16.845,16.95,1665407
2026-06-01T20:00:00+00:00,16.95,16.95,16.91,16.91,302912
2026-06-01T20:05:00+00:00,16.924,16.93,16.89,16.92,3162
2026-06-01T20:10:00+00:00,16.891,16.95,16.89,16.95,392
2026-06-01T20:15:00+00:00,16.95,16.95,16.89,16.89,1455
2026-06-01T20:20:00+00:00,16.94,16.94,16.89,16.92,2635
2026-06-01T20:25:00+00:00,16.91,16.93,16.91,16.91,4235
2026-06-01T20:30:00+00:00,16.91,16.93,16.91,16.91,2260
2026-06-01T20:35:00+00:00,16.93,16.93,16.91,16.93,386
2026-06-01T20:40:00+00:00,16.92,16.93,16.91,16.915,7421
2026-06-01T20:45:00+00:00,16.92,16.93,16.91,16.92,9411
2026-06-01T20:50:00+00:00,16.93,16.93,16.89,16.92,1161
2026-06-01T20:55:00+00:00,16.89,16.92,16.89,16.91,4752
2026-06-01T21:00:00+00:00,16.91,16.92,16.89,16.89,250078
2026-06-01T21:05:00+00:00,16.89,16.92,16.89,16.901,7490
2026-06-01T21:10:00+00:00,16.92,16.92,16.89,16.89,2190
2026-06-01T21:15:00+00:00,16.9,16.9,16.81,16.85,26973
2026-06-01T21:20:00+00:00,16.86,16.89,16.85,16.89,601
2026-06-01T21:25:00+00:00,16.851,16.89,16.85,16.889,4433
2026-06-01T21:30:00+00:00,16.88,16.89,16.88,16.88,3150
2026-06-01T21:35:00+00:00,16.91,16.91,16.85,16.85,1178
2026-06-01T21:40:00+00:00,16.89,16.89,16.85,16.889,1467
2026-06-01T21:45:00+00:00,16.85,16.89,16.85,16.87,290
2026-06-01T21:50:00+00:00,16.89,16.89,16.86,16.882,11476
2026-06-01T21:55:00+00:00,16.85,16.89,16.85,16.87,3482
2026-06-01T22:00:00+00:00,16.85,16.88,16.85,16.85,1282
2026-06-01T22:05:00+00:00,16.85,16.88,16.85,16.85,980
2026-06-01T22:10:00+00:00,16.88,16.88,16.851,16.851,1787
2026-06-01T22:15:00+00:00,16.88,16.88,16.85,16.88,1105
2026-06-01T22:20:00+00:00,16.88,16.88,16.86,16.864,2739
2026-06-01T22:25:00+00:00,16.861,16.88,16.86,16.879,281
2026-06-01T22:30:00+00:00,16.861,16.88,16.86,16.87,1000
2026-06-01T22:35:00+00:00,16.88,16.92,16.871,16.92,2735
2026-06-01T22:40:00+00:00,16.9,16.91,16.89,16.895,5786
2026-06-01T22:45:00+00:00,16.9,16.9,16.87,16.87,2526
2026-06-01T22:50:00+00:00,16.88,16.89,16.86,16.875,3771
2026-06-01T22:55:00+00:00,16.86,16.89,16.86,16.89,427
2026-06-01T23:00:00+00:00,16.89,16.89,16.86,16.87,3313
2026-06-01T23:05:00+00:00,16.86,16.89,16.86,16.87,188
2026-06-01T23:10:00+00:00,16.86,16.89,16.82,16.84,744
2026-06-01T23:15:00+00:00,16.84,16.85,16.82,16.849,2453
2026-06-01T23:20:00+00:00,16.82,16.85,16.82,16.82,4034
2026-06-01T23:25:00+00:00,16.85,16.85,16.82,16.85,223
2026-06-01T23:30:00+00:00,16.85,16.89,16.82,16.89,6352
2026-06-01T23:35:00+00:00,16.89,16.89,16.84,16.87,162
2026-06-01T23:40:00+00:00,16.87,16.87,16.84,16.869,716
2026-06-01T23:45:00+00:00,16.87,16.87,16.82,16.855,211
2026-06-01T23:50:00+00:00,16.86,16.86,16.82,16.85,3772
2026-06-01T23:55:00+00:00,16.85,16.89,16.83,16.83,4648
2026-06-02T08:00:00+00:00,16.79,17.0,16.768,16.95,18296
2026-06-02T08:05:00+00:00,16.97,16.98,16.79,16.97,1208
2026-06-02T08:10:00+00:00,16.97,16.98,16.97,16.98,310
2026-06-02T08:15:00+00:00,16.98,16.995,16.97,16.97,1914
2026-06-02T08:20:00+00:00,16.97,16.97,16.97,16.97,238
2026-06-02T08:25:00+00:00,16.95,16.97,16.95,16.97,16
2026-06-02T08:30:00+00:00,16.95,16.95,16.95,16.95,20
2026-06-02T08:35:00+00:00,16.97,17.01,16.97,17.01,17210
2026-06-02T08:40:00+00:00,17.03,17.06,17.02,17.05,11406
2026-06-02T08:45:00+00:00,17.05,17.05,17.05,17.05,5
2026-06-02T08:50:00+00:00,17.05,17.07,17.04,17.04,283
2026-06-02T08:55:00+00:00,17.03,17.08,17.03,17.08,28
2026-06-02T09:00:00+00:00,17.07,17.07,17.034,17.034,23
2026-06-02T09:05:00+00:00,17.03,17.03,17.02,17.025,1351
2026-06-02T09:10:00+00:00,17.03,17.03,17.02,17.02,158
2026-06-02T09:15:00+00:00,17.07,17.07,17.07,17.07,5920
2026-06-02T09:20:00+00:00,17.02,17.065,17.02,17.065,108
2026-06-02T09:25:00+00:00,17.02,17.04,17.02,17.04,321
2026-06-02T09:30:00+00:00,17.02,17.02,17.02,17.02,133
2026-06-02T09:35:00+00:00,17.04,17.04,17.04,17.04,18
2026-06-02T09:40:00+00:00,17.04,17.04,17.03,17.03,1240
2026-06-02T09:45:00+00:00,17.02,17.03,17.01,17.02,667
2026-06-02T09:50:00+00:00,17.02,17.02,17.01,17.01,31
2026-06-02T09:55:00+00:00,17.013,17.02,17.0,17.02,370
2026-06-02T10:00:00+00:00,17.02,17.02,17.02,17.02,59
2026-06-02T10:05:00+00:00,17.02,17.02,17.0,17.0,51
2026-06-02T10:10:00+00:00,17.0,17.0,17.0,17.0,0
2026-06-02T10:15:00+00:00,17.0,17.0,17.0,17.0,0
2026-06-02T10:20:00+00:00,16.99,16.995,16.98,16.995,50
2026-06-02T10:25:00+00:00,16.995,17.07,16.99,17.07,630
2026-06-02T10:30:00+00:00,17.037,17.04,16.99,17.04,143
2026-06-02T10:35:00+00:00,17.02,17.02,17.02,17.02,5
2026-06-02T10:40:00+00:00,17.0,17.0,17.0,17.0,1
2026-06-02T10:45:00+00:00,17.03,17.03,16.99,16.99,103
2026-06-02T10:50:00+00:00,17.02,17.02,17.01,17.01,22
2026-06-02T10:55:00+00:00,16.999,17.0,16.99,16.99,123
2026-06-02T11:00:00+00:00,16.98,17.0,16.95,16.99,3544
2026-06-02T11:05:00+00:00,17.0,17.0,16.98,16.98,3898
2026-06-02T11:10:00+00:00,16.98,16.99,16.98,16.99,1552
2026-06-02T11:15:00+00:00,16.99,16.99,16.98,16.98,7463
2026-06-02T11:20:00+00:00,16.99,16.99,16.95,16.99,6653
2026-06-02T11:25:00+00:00,16.977,16.99,16.95,16.97,407
2026-06-02T11:30:00+00:00,16.97,17.02,16.97,17.0,2222
2026-06-02T11:35:00+00:00,16.98,17.09,16.98,17.055,6565
2026-06-02T11:40:00+00:00,17.04,17.05,17.03,17.04,6209
2026-06-02T11:45:00+00:00,17.05,17.05,17.001,17.035,5988
2026-06-02T11:50:00+00:00,17.04,17.04,17.0,17.03,2583
2026-06-02T11:55:00+00:00,17.03,17.05,17.03,17.04,2856
2026-06-02T12:00:00+00:00,17.05,17.05,17.0,17.0,18255
2026-06-02T12:05:00+00:00,17.02,17.02,17.01,17.019,1434
2026-06-02T12:10:00+00:00,17.001,17.05,17.0,17.025,8318
2026-06-02T12:15:00+00:00,17.0,17.05,17.0,17.035,567
2026-06-02T12:20:00+00:00,17.05,17.05,17.02,17.05,492
2026-06-02T12:25:00+00:00,17.02,17.05,17.0,17.02,1135
2026-06-02T12:30:00+00:00,17.0,17.02,16.985,16.99,3217
2026-06-02T12:35:00+00:00,16.98,16.99,16.96,16.97,260
2026-06-02T12:40:00+00:00,16.97,16.97,16.96,16.96,11193
2026-06-02T12:45:00+00:00,16.96,16.97,16.96,16.965,2160
2026-06-02T12:50:00+00:00,16.97,16.97,16.95,16.95,2130
2026-06-02T12:55:00+00:00,16.95,16.97,16.95,16.97,1112
2026-06-02T13:00:00+00:00,16.96,16.97,16.95,16.97,1611
2026-06-02T13:05:00+00:00,16.96,16.97,16.91,16.91,1870
2026-06-02T13:10:00+00:00,16.97,16.97,16.91,16.93,2108
2026-06-02T13:15:00+00:00,16.95,16.97,16.91,16.95,1378
2026-06-02T13:20:00+00:00,16.949,16.97,16.93,16.97,6605
2026-06-02T13:25:00+00:00,16.95,17.0,16.91,17.0,7147
2026-06-02T13:30:00+00:00,16.99,17.18,16.76,17.14,1297548
2026-06-02T13:35:00+00:00,17.145,17.19,17.05,17.055,509506
2026-06-02T13:40:00+00:00,17.055,17.08,16.88,17.0,515452
2026-06-02T13:45:00+00:00,17.01,17.067,16.96,16.975,334992
2026-06-02T13:50:00+00:00,16.97,16.98,16.86,16.87,361772
2026-06-02T13:55:00+00:00,16.875,16.9,16.74,16.77,338584
2026-06-02T14:00:00+00:00,16.779,16.83,16.67,16.811,435624
2026-06-02T14:05:00+00:00,16.81,16.89,16.8,16.845,203134
2026-06-02T14:10:00+00:00,16.845,16.98,16.845,16.96,217571
2026-06-02T14:15:00+00:00,16.96,17.17,16.93,17.17,396081
2026-06-02T14:20:00+00:00,17.175,17.24,17.15,17.17,528199
2026-06-02T14:25:00+00:00,17.175,17.185,17.09,17.15,489914
2026-06-02T14:30:00+00:00,17.14,17.425,17.095,17.34,551247
2026-06-02T14:35:00+00:00,17.35,17.465,17.32,17.41,626794
2026-06-02T14:40:00+00:00,17.415,17.575,17.41,17.52,1092006
2026-06-02T14:45:00+00:00,17.52,17.6,17.52,17.59,499321
2026-06-02T14:50:00+00:00,17.585,17.69,17.53,17.575,551506
2026-06-02T14:55:00+00:00,17.57,17.625,17.555,17.605,512927
2026-06-02T15:00:00+00:00,17.605,17.685,17.54,17.565,338900
2026-06-02T15:05:00+00:00,17.565,17.615,17.565,17.6,181610
2026-06-02T15:10:00+00:00,17.604,17.605,17.42,17.465,346765
2026-06-02T15:15:00+00:00,17.46,17.46,17.38,17.415,241147
2026-06-02T15:20:00+00:00,17.415,17.455,17.4,17.425,251599
2026-06-02T15:25:00+00:00,17.42,17.425,17.34,17.39,318477
2026-06-02T15:30:00+00:00,17.39,17.4,17.32,17.32,182859
2026-06-02T15:35:00+00:00,17.325,17.35,17.305,17.31,130937
2026-06-02T15:40:00+00:00,17.32,17.36,17.3,17.34,127135
2026-06-02T15:45:00+00:00,17.34,17.35,17.255,17.27,154378
2026-06-02T15:50:00+00:00,17.275,17.275,17.21,17.24,157601
2026-06-02T15:55:00+00:00,17.25,17.255,17.14,17.16,251870
2026-06-02T16:00:00+00:00,17.165,17.23,17.13,17.21,233160
2026-06-02T16:05:00+00:00,17.22,17.27,17.21,17.215,313940
2026-06-02T16:10:00+00:00,17.21,17.305,17.155,17.285,226484
2026-06-02T16:15:00+00:00,17.28,17.3,17.24,17.25,126501
2026-06-02T16:20:00+00:00,17.25,17.26,17.21,17.24,308628
2026-06-02T16:25:00+00:00,17.24,17.25,17.17,17.21,265422
2026-06-02T16:30:00+00:00,17.21,17.24,17.195,17.21,142335
2026-06-02T16:35:00+00:00,17.205,17.229,17.14,17.16,151912
2026-06-02T16:40:00+00:00,17.165,17.21,17.15,17.185,86000
2026-06-02T16:45:00+00:00,17.185,17.3,17.18,17.265,164835
2026-06-02T16:50:00+00:00,17.26,17.275,17.2,17.243,329836
2026-06-02T16:55:00+00:00,17.245,17.38,17.235,17.38,175191
2026-06-02T17:00:00+00:00,17.375,17.465,17.36,17.43,281002
2026-06-02T17:05:00+00:00,17.435,17.565,17.43,17.535,151142
2026-06-02T17:10:00+00:00,17.54,17.54,17.4,17.43,154012
2026-06-02T17:15:00+00:00,17.43,17.456,17.405,17.44,136471
2026-06-02T17:20:00+00:00,17.44,17.465,17.43,17.44,78097
2026-06-02T17:25:00+00:00,17.43,17.44,17.39,17.405,110432
2026-06-02T17:30:00+00:00,17.41,17.42,17.335,17.37,153972
2026-06-02T17:35:00+00:00,17.365,17.42,17.365,17.395,144747
2026-06-02T17:40:00+00:00,17.395,17.49,17.395,17.49,114469
2026-06-02T17:45:00+00:00,17.49,17.555,17.47,17.485,304609
2026-06-02T17:50:00+00:00,17.485,17.49,17.43,17.445,137971
2026-06-02T17:55:00+00:00,17.447,17.47,17.42,17.445,107764
2026-06-02T18:00:00+00:00,17.445,17.48,17.39,17.455,294928
2026-06-02T18:05:00+00:00,17.455,17.46,17.425,17.425,79528
2026-06-02T18:10:00+00:00,17.425,17.495,17.41,17.46,128500
2026-06-02T18:15:00+00:00,17.465,17.469,17.4,17.445,102914
2026-06-02T18:20:00+00:00,17.445,17.48,17.415,17.42,180938
2026-06-02T18:25:00+00:00,17.41,17.44,17.385,17.405,138532
2026-06-02T18:30:00+00:00,17.405,17.425,17.375,17.395,170115
2026-06-02T18:35:00+00:00,17.4,17.405,17.335,17.355,199099
2026-06-02T18:40:00+00:00,17.355,17.36,17.32,17.34,171833
2026-06-02T18:45:00+00:00,17.341,17.37,17.33,17.37,140224
2026-06-02T18:50:00+00:00,17.37,17.385,17.35,17.36,159877
2026-06-02T18:55:00+00:00,17.365,17.38,17.34,17.345,145828
2026-06-02T19:00:00+00:00,17.345,17.345,17.31,17.34,114866
2026-06-02T19:05:00+00:00,17.34,17.355,17.25,17.35,207547
2026-06-02T19:10:00+00:00,17.355,17.355,17.28,17.29,136455
2026-06-02T19:15:00+00:00,17.299,17.375,17.22,17.225,372160
2026-06-02T19:20:00+00:00,17.225,17.3,17.225,17.285,114293
2026-06-02T19:25:00+00:00,17.285,17.29,17.245,17.275,188401
2026-06-02T19:30:00+00:00,17.27,17.32,17.23,17.245,205237
2026-06-02T19:35:00+00:00,17.245,17.28,17.235,17.275,163545
2026-06-02T19:40:00+00:00,17.27,17.27,17.19,17.22,511359
2026-06-02T19:45:00+00:00,17.215,17.23,17.15,17.175,268600
2026-06-02T19:50:00+00:00,17.175,17.31,17.15,17.305,594128
2026-06-02T19:55:00+00:00,17.305,17.355,17.27,17.29,1801422
2026-06-02T20:00:00+00:00,17.29,17.29,17.15,17.23,358532
2026-06-02T20:05:00+00:00,17.245,17.278,17.2,17.2,4071
2026-06-02T20:10:00+00:00,17.24,17.29,17.2,17.275,37127
2026-06-02T20:15:00+00:00,17.23,17.28,17.23,17.25,4574
2026-06-02T20:20:00+00:00,17.27,17.27,17.23,17.24,5523
2026-06-02T20:25:00+00:00,17.26,17.26,17.23,17.25,793
2026-06-02T20:30:00+00:00,17.225,17.25,17.2,17.23,2794
2026-06-02T20:35:00+00:00,17.23,17.23,17.2,17.23,3153
2026-06-02T20:40:00+00:00,17.21,17.23,17.2,17.2,751
2026-06-02T20:45:00+00:00,17.23,17.23,17.2,17.2,1524
2026-06-02T20:50:00+00:00,17.22,17.23,17.22,17.23,8042
2026-06-02T20:55:00+00:00,17.23,17.25,17.23,17.25,143901
2026-06-02T21:00:00+00:00,17.232,17.25,17.23,17.245,1729
2026-06-02T21:05:00+00:00,17.241,17.25,17.23,17.24,1277
2026-06-02T21:10:00+00:00,17.24,17.25,17.2,17.225,2824
2026-06-02T21:15:00+00:00,17.2,17.25,17.2,17.24,145
2026-06-02T21:20:00+00:00,17.23,17.25,17.2,17.225,1247
2026-06-02T21:25:00+00:00,17.2,17.25,17.2,17.21,978
2026-06-02T21:30:00+00:00,17.2,17.25,17.2,17.2,52
2026-06-02T21:35:00+00:00,17.24,17.24,17.2,17.205,211
2026-06-02T21:40:00+00:00,17.2,17.24,17.2,17.22,1016
2026-06-02T21:45:00+00:00,17.2,17.24,17.2,17.225,1354
2026-06-02T21:50:00+00:00,17.25,17.25,17.2,17.25,96
2026-06-02T21:55:00+00:00,17.25,17.29,17.2,17.21,469
2026-06-02T22:00:00+00:00,17.23,17.25,17.23,17.23,273
2026-06-02T22:05:00+00:00,17.231,17.25,17.23,17.235,1405
2026-06-02T22:10:00+00:00,17.24,17.24,17.23,17.24,1117
2026-06-02T22:15:00+00:00,17.24,17.24,17.23,17.235,2195
2026-06-02T22:20:00+00:00,17.231,17.231,17.2,17.22,1785
2026-06-02T22:25:00+00:00,17.24,17.24,17.22,17.22,390
2026-06-02T22:30:00+00:00,17.25,17.25,17.205,17.225,406
2026-06-02T22:35:00+00:00,17.249,17.25,17.21,17.23,1216
2026-06-02T22:40:00+00:00,17.21,17.25,17.21,17.22,2030
2026-06-02T22:45:00+00:00,17.25,17.25,17.231,17.25,1392
2026-06-02T22:50:00+00:00,17.25,17.25,17.23,17.249,688
2026-06-02T22:55:00+00:00,17.25,17.26,17.23,17.26,1802
2026-06-02T23:00:00+00:00,17.26,17.26,17.2,17.22,2382
2026-06-02T23:05:00+00:00,17.23,17.25,17.2,17.22,312
2026-06-02T23:10:00+00:00,17.24,17.25,17.2,17.22,259
2026-06-02T23:15:00+00:00,17.22,17.235,17.2,17.21,224
2026-06-02T23:20:00+00:00,17.2,17.2,17.15,17.17,2081
2026-06-02T23:25:00+00:00,17.16,17.17,17.16,17.165,526
2026-06-02T23:30:00+00:00,17.16,17.17,17.15,17.15,386
2026-06-02T23:35:00+00:00,17.16,17.17,17.15,17.15,955
2026-06-02T23:40:00+00:00,17.15,17.17,17.15,17.16,570
2026-06-02T23:45:00+00:00,17.17,17.17,17.15,17.17,2036
2026-06-02T23:50:00+00:00,17.17,17.2,17.17,17.17,5482
2026-06-02T23:55:00+00:00,17.2,17.2,17.17,17.17,3462
2026-06-03T08:00:00+00:00,17.01,17.328,17.01,17.3,28349
2026-06-03T08:05:00+00:00,17.27,17.3,17.255,17.28,1284
2026-06-03T08:10:00+00:00,17.29,17.29,17.27,17.27,627
2026-06-03T08:15:00+00:00,17.27,17.27,17.25,17.253,1344
2026-06-03T08:20:00+00:00,17.25,17.25,17.2,17.2,7606
2026-06-03T08:25:00+00:00,17.22,17.25,17.2,17.25,313
2026-06-03T08:30:00+00:00,17.183,17.183,17.183,17.183,1
2026-06-03T08:35:00+00:00,17.189,17.21,17.189,17.21,52
2026-06-03T08:40:00+00:00,17.23,17.23,17.21,17.21,250
2026-06-03T08:45:00+00:00,17.21,17.21,17.2,17.2,1509
2026-06-03T08:50:00+00:00,17.18,17.24,17.18,17.18,98
2026-06-03T08:55:00+00:00,17.2,17.2,17.19,17.19,34
2026-06-03T09:00:00+00:00,17.19,17.19,17.19,17.19,0
2026-06-03T09:05:00+00:00,17.19,17.19,17.19,17.19,0
2026-06-03T09:10:00+00:00,17.19,17.19,17.19,17.19,90
2026-06-03T09:15:00+00:00,17.19,17.23,17.19,17.21,187
2026-06-03T09:20:00+00:00,17.21,17.21,17.18,17.18,53
2026-06-03T09:25:00+00:00,17.18,17.18,17.18,17.18,447
2026-06-03T09:30:00+00:00,17.18,17.24,17.18,17.24,413
2026-06-03T09:35:00+00:00,17.19,17.19,17.19,17.19,1
2026-06-03T09:40:00+00:00,17.19,17.19,17.19,17.19,0
2026-06-03T09:45:00+00:00,17.19,17.19,17.19,17.19,0
2026-06-03T09:50:00+00:00,17.23,17.23,17.23,17.23,2843
2026-06-03T09:55:00+00:00,17.2,17.2,17.15,17.18,416
2026-06-03T10:00:00+00:00,17.18,17.18,17.18,17.18,0
2026-06-03T10:05:00+00:00,17.21,17.21,17.21,17.21,1
2026-06-03T10:10:00+00:00,17.21,17.21,17.21,17.21,11
2026-06-03T10:15:00+00:00,17.21,17.21,17.21,17.21,0
2026-06-03T10:20:00+00:00,17.21,17.21,17.21,17.21,0
2026-06-03T10:25:00+00:00,17.2,17.2,17.2,17.2,78
2026-06-03T10:30:00+00:00,17.2,17.23,17.2,17.21,2271
2026-06-03T10:35:00+00:00,17.21,17.21,17.2,17.2,815
2026-06-03T10:40:00+00:00,17.16,17.2,17.16,17.18,248
2026-06-03T10:45:00+00:00,17.173,17.19,17.173,17.19,203
2026-06-03T10:50:00+00:00,17.18,17.18,17.18,17.18,500
2026-06-03T10:55:00+00:00,17.174,17.174,17.174,17.174,1
2026-06-03T11:00:00+00:00,17.199,17.25,17.18,17.25,906
2026-06-03T11:05:00+00:00,17.249,17.25,17.23,17.25,4019
2026-06-03T11:10:00+00:00,17.25,17.28,17.24,17.28,2428
2026-06-03T11:15:00+00:00,17.25,17.27,17.25,17.26,11776
2026-06-03T11:20:00+00:00,17.255,17.255,17.2,17.2,509
2026-06-03T11:25:00+00:00,17.2,17.24,17.2,17.24,4135
2026-06-03T11:30:00+00:00,17.239,17.24,17.2,17.2,5014
2026-06-03T11:35:00+00:00,17.27,17.27,17.22,17.24,474
2026-06-03T11:40:00+00:00,17.27,17.27,17.22,17.264,672
2026-06-03T11:45:00+00:00,17.27,17.27,17.22,17.22,127
2026-06-03T11:50:00+00:00,17.23,17.29,17.22,17.29,1931
2026-06-03T11:55:00+00:00,17.25,17.29,17.22,17.29,877
2026-06-03T12:00:00+00:00,17.221,17.29,17.22,17.221,776
2026-06-03T12:05:00+00:00,17.23,17.29,17.22,17.29,3562
2026-06-03T12:10:00+00:00,17.22,17.281,17.22,17.221,562
2026-06-03T12:15:00+00:00,17.223,17.28,17.21,17.21,10836
2026-06-03T12:20:00+00:00,17.211,17.245,17.21,17.23,1118
2026-06-03T12:25:00+00:00,17.204,17.25,17.2,17.201,1712
2026-06-03T12:30:00+00:00,17.2,17.24,17.2,17.21,4364
2026-06-03T12:35:00+00:00,17.21,17.215,17.138,17.14,6532
2026-06-03T12:40:00+00:00,17.16,17.16,17.12,17.16,178
2026-06-03T12:45:00+00:00,17.15,17.15,17.12,17.148,2672
2026-06-03T12:50:00+00:00,17.14,17.15,17.14,17.15,4191
2026-06-03T12:55:00+00:00,17.14,17.15,17.13,17.13,1521
2026-06-03T13:00:00+00:00,17.15,17.15,17.11,17.13,2670
2026-06-03T13:05:00+00:00,17.12,17.15,17.1,17.15,4028
2026-06-03T13:10:00+00:00,17.15,17.15,17.1,17.14,1351
2026-06-03T13:15:00+00:00,17.15,17.15,17.12,17.12,1549
2026-06-03T13:20:00+00:00,17.12,17.12,17.077,17.12,3989
2026-06-03T13:25:00+00:00,17.11,17.12,17.03,17.06,12906
2026-06-03T13:30:00+00:00,17.06,17.72,16.915,17.715,1182045
2026-06-03T13:35:00+00:00,17.715,17.74,17.39,17.54,847776
2026-06-03T13:40:00+00:00,17.55,17.72,17.39,17.66,804609
2026-06-03T13:45:00+00:00,17.66,17.805,17.55,17.605,865465
2026-06-03T13:50:00+00:00,17.62,17.74,17.56,17.565,396561
2026-06-03T13:55:00+00:00,17.563,17.708,17.563,17.68,412354
2026-06-03T14:00:00+00:00,17.68,17.775,17.655,17.75,462605
2026-06-03T14:05:00+00:00,17.754,18.065,17.73,18.06,899120
2026-06-03T14:10:00+00:00,18.07,18.23,17.995,18.19,1165464
2026-06-03T14:15:00+00:00,18.19,18.34,18.175,18.24,804628
2026-06-03T14:20:00+00:00,18.24,18.305,18.22,18.25,861927
2026-06-03T14:25:00+00:00,18.255,18.43,18.251,18.305,720892
2026-06-03T14:30:00+00:00,18.305,18.34,18.095,18.175,641415
2026-06-03T14:35:00+00:00,18.175,18.2,18.07,18.14,329945
2026-06-03T14:40:00+00:00,18.14,18.18,18.035,18.055,424774
2026-06-03T14:45:00+00:00,18.05,18.11,17.895,17.895,452636
2026-06-03T14:50:00+00:00,17.9,17.93,17.76,17.76,625451
2026-06-03T14:55:00+00:00,17.755,17.82,17.67,17.73,427394
2026-06-03T15:00:00+00:00,17.72,18.07,17.72,17.995,517180
2026-06-03T15:05:00+00:00,17.995,18.051,17.87,17.925,520177
2026-06-03T15:10:00+00:00,17.922,17.965,17.88,17.915,315902
2026-06-03T15:15:00+00:00,17.915,17.92,17.835,17.845,203188
2026-06-03T15:20:00+00:00,17.845,17.88,17.82,17.845,187930
2026-06-03T15:25:00+00:00,17.845,17.905,17.825,17.875,251231
2026-06-03T15:30:00+00:00,17.875,17.895,17.84,17.845,188445
2026-06-03T15:35:00+00:00,17.845,17.865,17.805,17.825,196653
2026-06-03T15:40:00+00:00,17.81,17.845,17.7,17.705,217288
2026-06-03T15:45:00+00:00,17.7,17.775,17.63,17.715,269153
2026-06-03T15:50:00+00:00,17.715,17.78,17.705,17.755,427848
2026-06-03T15:55:00+00:00,17.755,17.817,17.725,17.805,279042
2026-06-03T16:00:00+00:00,17.805,17.815,17.745,17.765,104484
2026-06-03T16:05:00+00:00,17.765,17.815,17.76,17.775,112915
2026-06-03T16:10:00+00:00,17.775,17.88,17.765,17.864,576988
2026-06-03T16:15:00+00:00,17.865,17.875,17.735,17.84,252328
2026-06-03T16:20:00+00:00,17.84,17.895,17.825,17.875,200247
2026-06-03T16:25:00+00:00,17.875,17.925,17.845,17.885,207718
2026-06-03T16:30:00+00:00,17.885,17.91,17.864,17.865,114600
2026-06-03T16:35:00+00:00,17.865,17.895,17.845,17.87,84885
2026-06-03T16:40:00+00:00,17.875,17.905,17.76,17.825,148447
2026-06-03T16:45:00+00:00,17.825,17.855,17.81,17.825,94650
2026-06-03T16:50:00+00:00,17.825,17.89,17.82,17.855,168050
2026-06-03T16:55:00+00:00,17.855,17.94,17.855,17.9,161047
2026-06-03T17:00:00+00:00,17.905,17.94,17.82,17.835,150200
2026-06-03T17:05:00+00:00,17.835,17.885,17.83,17.835,103626
2026-06-03T17:10:00+00:00,17.84,17.85,17.8,17.825,119170
2026-06-03T17:15:00+00:00,17.82,17.845,17.78,17.84,76764
2026-06-03T17:20:00+00:00,17.835,17.87,17.81,17.825,78287
2026-06-03T17:25:00+00:00,17.829,17.889,17.815,17.885,154473
2026-06-03T17:30:00+00:00,17.885,17.95,17.85,17.92,148634
2026-06-03T17:35:00+00:00,17.925,17.97,17.905,17.93,164626
2026-06-03T17:40:00+00:00,17.935,18.05,17.92,17.995,296044
2026-06-03T17:45:00+00:00,17.99,18.075,17.98,18.055,220024
2026-06-03T17:50:00+00:00,18.055,18.185,18.05,18.15,248747
2026-06-03T17:55:00+00:00,18.155,18.195,18.105,18.135,292340
2026-06-03T18:00:00+00:00,18.13,18.21,18.08,18.19,474925
2026-06-03T18:05:00+00:00,18.185,18.265,18.16,18.242,380716
2026-06-03T18:10:00+00:00,18.245,18.27,18.19,18.19,286302
2026-06-03T18:15:00+00:00,18.195,18.239,18.15,18.235,182645
2026-06-03T18:20:00+00:00,18.23,18.26,18.19,18.2,416623
2026-06-03T18:25:00+00:00,18.194,18.315,18.17,18.315,336445
2026-06-03T18:30:00+00:00,18.315,18.395,18.3,18.31,420824
2026-06-03T18:35:00+00:00,18.32,18.32,18.23,18.305,593816
2026-06-03T18:40:00+00:00,18.31,18.33,18.28,18.285,281872
2026-06-03T18:45:00+00:00,18.285,18.285,18.22,18.229,163421
2026-06-03T18:50:00+00:00,18.225,18.25,18.145,18.18,218540
2026-06-03T18:55:00+00:00,18.18,18.21,18.155,18.19,248249
2026-06-03T19:00:00+00:00,18.195,18.205,18.08,18.1,324301
2026-06-03T19:05:00+00:00,18.105,18.13,18.071,18.105,188376
2026-06-03T19:10:00+00:00,18.105,18.12,18.0,18.055,372620
2026-06-03T19:15:00+00:00,18.055,18.15,18.005,18.015,358453
2026-06-03T19:20:00+00:00,18.015,18.06,17.96,18.045,228934
2026-06-03T19:25:00+00:00,18.045,18.08,17.995,18.055,207466
2026-06-03T19:30:00+00:00,18.06,18.15,18.06,18.145,201748
2026-06-03T19:35:00+00:00,18.145,18.145,17.97,18.05,272823
2026-06-03T19:40:00+00:00,18.04,18.1,18.015,18.09,343885
2026-06-03T19:45:00+00:00,18.095,18.105,18.06,18.075,228977
2026-06-03T19:50:00+00:00,18.08,18.155,18.055,18.15,537901
2026-06-03T19:55:00+00:00,18.155,18.295,18.155,18.27,1988020
2026-06-03T20:00:00+00:00,18.27,18.3,18.15,18.2,230028
2026-06-03T20:05:00+00:00,18.2,18.25,18.17,18.17,191104
2026-06-03T20:10:00+00:00,18.21,18.27,18.17,18.2,572290
2026-06-03T20:15:00+00:00,18.2,18.23,18.18,18.18,1842
2026-06-03T20:20:00+00:00,18.2,18.25,18.2,18.248,5783
2026-06-03T20:25:00+00:00,18.23,18.25,18.23,18.23,2965
2026-06-03T20:30:00+00:00,18.25,18.25,18.2,18.2,7834
2026-06-03T20:35:00+00:00,18.225,18.25,18.17,18.18,6247
2026-06-03T20:40:00+00:00,18.17,18.19,18.15,18.152,4925
2026-06-03T20:45:00+00:00,18.15,18.19,18.15,18.19,5541
2026-06-03T20:50:00+00:00,18.16,18.18,18.15,18.15,1509
2026-06-03T20:55:00+00:00,18.18,18.18,18.1,18.101,104660
2026-06-03T21:00:00+00:00,18.101,18.15,18.1,18.13,2793
2026-06-03T21:05:00+00:00,18.14,18.15,18.13,18.15,2661
2026-06-03T21:10:00+00:00,18.13,18.15,18.1,18.1,1387
2026-06-03T21:15:00+00:00,18.125,18.15,18.1,18.14,1460
2026-06-03T21:20:00+00:00,18.15,18.15,18.1,18.14,455
2026-06-03T21:25:00+00:00,18.14,18.15,18.1,18.14,9598
2026-06-03T21:30:00+00:00,18.14,18.14,18.1,18.1,6543
2026-06-03T21:35:00+00:00,18.102,18.14,18.07,18.07,7007
2026-06-03T21:40:00+00:00,18.071,18.1,17.9,17.948,75113
2026-06-03T21:45:00+00:00,17.95,18.1,17.95,18.08,3748
2026-06-03T21:50:00+00:00,18.07,18.1,18.0,18.0,545
2026-06-03T21:55:00+00:00,18.03,18.13,18.0,18.1,3272
2026-06-03T22:00:00+00:00,18.07,18.1,18.0,18.05,574
2026-06-03T22:05:00+00:00,18.05,18.1,18.0,18.026,2428
2026-06-03T22:10:00+00:00,18.1,18.1,18.0,18.0,771
2026-06-03T22:15:00+00:00,18.02,18.04,17.992,17.992,9032
2026-06-03T22:20:00+00:00,18.04,18.04,17.9,17.928,2920
2026-06-03T22:25:00+00:00,17.975,18.04,17.917,17.92,2356
2026-06-03T22:30:00+00:00,17.92,17.97,17.92,17.93,8050
2026-06-03T22:35:00+00:00,17.931,18.0,17.921,17.96,1806
2026-06-03T22:40:00+00:00,17.96,17.99,17.92,17.99,2636
2026-06-03T22:45:00+00:00,17.92,17.99,17.92,17.99,7732
2026-06-03T22:50:00+00:00,17.92,17.99,17.92,17.955,324
2026-06-03T22:55:00+00:00,17.96,17.99,17.9,17.9,1422
2026-06-03T23:00:00+00:00,17.99,17.99,17.9,17.97,1435
2026-06-03T23:05:00+00:00,17.92,17.97,17.9,17.93,839
2026-06-03T23:10:00+00:00,17.901,17.92,17.9,17.906,3406
2026-06-03T23:15:00+00:00,17.92,17.92,17.7,17.8,12826
2026-06-03T23:20:00+00:00,17.8,17.92,17.7,17.92,8274
2026-06-03T23:25:00+00:00,17.8,17.8,17.73,17.8,6689
2026-06-03T23:30:00+00:00,17.75,17.92,17.75,17.92,5564
2026-06-03T23:35:00+00:00,17.8,17.92,17.75,17.8,2376
2026-06-03T23:40:00+00:00,17.75,17.9,17.75,17.85,7860
2026-06-03T23:45:00+00:00,17.9,17.9,17.8,17.85,399
2026-06-03T23:50:00+00:00,17.85,17.85,17.73,17.81,2153
2026-06-03T23:55:00+00:00,17.81,17.9,17.746,17.9,5921
2026-06-04T08:00:00+00:00,18.282,18.282,18.05,18.07,4384
2026-06-04T08:05:00+00:00,18.07,18.2,18.04,18.106,191
2026-06-04T08:10:00+00:00,18.04,18.05,18.032,18.037,328
2026-06-04T08:15:00+00:00,18.03,18.033,18.03,18.03,524
2026-06-04T08:20:00+00:00,18.03,18.03,18.03,18.03,10
2026-06-04T08:25:00+00:00,18.04,18.05,18.038,18.05,677
2026-06-04T08:30:00+00:00,18.11,18.11,18.037,18.05,79
2026-06-04T08:35:00+00:00,18.05,18.05,18.007,18.007,2276
2026-06-04T08:40:00+00:00,18.0,18.0,17.949,17.949,2244
2026-06-04T08:45:00+00:00,17.96,18.0,17.95,17.95,356
2026-06-04T08:50:00+00:00,17.95,17.95,17.94,17.95,385
2026-06-04T08:55:00+00:00,17.94,18.0,17.94,18.0,2333
2026-06-04T09:00:00+00:00,17.946,17.947,17.946,17.947,107
2026-06-04T09:05:00+00:00,17.95,17.99,17.93,17.99,909
2026-06-04T09:10:00+00:00,17.958,17.958,17.95,17.95,1455
2026-06-04T09:15:00+00:00,17.88,17.9,17.88,17.9,500
2026-06-04T09:20:00+00:00,17.91,17.95,17.88,17.9,2112
2026-06-04T09:25:00+00:00,17.88,17.93,17.88,17.924,388
2026-06-04T09:30:00+00:00,17.92,17.96,17.88,17.96,3831
2026-06-04T09:35:00+00:00,17.92,17.92,17.92,17.92,115
2026-06-04T09:40:00+00:00,17.91,17.91,17.894,17.894,517
2026-06-04T09:45:00+00:00,17.91,17.97,17.91,17.97,115
2026-06-04T09:50:00+00:00,17.99,18.0,17.98,17.98,405
2026-06-04T09:55:00+00:00,18.0,18.0,17.983,17.999,59
2026-06-04T10:00:00+00:00,17.99,17.99,17.96,17.96,370
2026-06-04T10:05:00+00:00,17.96,17.97,17.96,17.97,156
2026-06-04T10:10:00+00:00,17.96,17.96,17.96,17.96,100
2026-06-04T10:15:00+00:00,17.95,17.96,17.92,17.95,171
2026-06-04T10:20:00+00:00,17.95,17.97,17.948,17.95,1764
2026-06-04T10:25:00+00:00,17.94,17.94,17.914,17.93,1201
2026-06-04T10:30:00+00:00,17.94,17.94,17.91,17.93,13
2026-06-04T10:35:00+00:00,17.925,17.93,17.925,17.93,112
2026-06-04T10:40:00+00:00,17.92,17.92,17.92,17.92,88
2026-06-04T10:45:00+00:00,17.91,17.92,17.91,17.91,688
2026-06-04T10:50:00+00:00,17.91,17.926,17.88,17.926,1509
2026-06-04T10:55:00+00:00,17.91,17.93,17.91,17.93,757
2026-06-04T11:00:00+00:00,17.955,17.99,17.8,17.82,16081
2026-06-04T11:05:00+00:00,17.826,17.86,17.8,17.85,13372
2026-06-04T11:10:00+00:00,17.86,17.86,17.82,17.832,6396
2026-06-04T11:15:00+00:00,17.843,17.93,17.84,17.847,8891
2026-06-04T11:20:00+00:00,17.89,17.93,17.847,17.89,8708
2026-06-04T11:25:00+00:00,17.9,17.93,17.85,17.899,5577
2026-06-04T11:30:00+00:00,17.877,17.9,17.85,17.9,3953
2026-06-04T11:35:00+00:00,17.85,17.9,17.82,17.85,344
2026-06-04T11:40:00+00:00,17.855,17.89,17.85,17.87,2927
2026-06-04T11:45:00+00:00,17.87,17.89,17.85,17.89,1407
2026-06-04T11:50:00+00:00,17.89,17.98,17.85,17.979,25481
2026-06-04T11:55:00+00:00,17.98,17.98,17.93,17.95,10326
2026-06-04T12:00:00+00:00,17.95,17.97,17.86,17.94,11868
2026-06-04T12:05:00+00:00,17.95,18.0,17.94,17.94,3053
2026-06-04T12:10:00+00:00,17.948,17.98,17.94,17.95,1552
2026-06-04T12:15:00+00:00,17.96,17.98,17.95,17.98,1116
2026-06-04T12:20:00+00:00,17.976,17.99,17.95,17.98,12170
2026-06-04T12:25:00+00:00,17.98,17.98,17.95,17.95,1097
2026-06-04T12:30:00+00:00,17.97,18.02,17.95,17.99,14280
2026-06-04T12:35:00+00:00,17.99,18.0,17.95,17.98,17556
2026-06-04T12:40:00+00:00,17.95,18.0,17.95,17.98,3695
2026-06-04T12:45:00+00:00,18.0,18.0,17.95,17.97,7206
2026-06-04T12:50:00+00:00,17.975,18.0,17.97,18.0,1460
2026-06-04T12:55:00+00:00,17.97,18.01,17.97,17.98,2148
2026-06-04T13:00:00+00:00,17.97,17.98,17.97,17.97,3464
2026-06-04T13:05:00+00:00,17.97,17.98,17.97,17.98,5190
2026-06-04T13:10:00+00:00,17.97,17.97,17.95,17.955,4672
2026-06-04T13:15:00+00:00,17.95,17.98,17.95,17.96,52589
2026-06-04T13:20:00+00:00,17.97,17.97,17.95,17.95,11082
2026-06-04T13:25:00+00:00,18.0,18.07,17.9,17.96,18144
2026-06-04T13:30:00+00:00,17.97,18.07,17.75,17.94,591976
2026-06-04T13:35:00+00:00,17.948,18.13,17.9,18.024,561897
2026-06-04T13:40:00+00:00,18.02,18.065,17.94,18.05,209226
2026-06-04T13:45:00+00:00,18.065,18.155,17.99,18.05,378850
2026-06-04T13:50:00+00:00,18.05,18.25,18.03,18.145,474738
2026-06-04T13:55:00+00:00,18.145,18.245,18.105,18.195,311594
2026-06-04T14:00:00+00:00,18.195,18.285,18.15,18.22,311226
2026-06-04T14:05:00+00:00,18.21,18.235,18.155,18.215,234018
2026-06-04T14:10:00+00:00,18.215,18.345,18.215,18.325,404427
2026-06-04T14:15:00+00:00,18.325,18.365,18.17,18.175,346499
2026-06-04T14:20:00+00:00,18.175,18.245,18.08,18.24,288433
2026-06-04T14:25:00+00:00,18.24,18.26,18.16,18.175,192080
2026-06-04T14:30:00+00:00,18.17,18.22,18.11,18.2,327195
2026-06-04T14:35:00+00:00,18.19,18.21,18.115,18.185,196194
2026-06-04T14:40:00+00:00,18.185,18.245,18.12,18.15,281997
2026-06-04T14:45:00+00:00,18.155,18.225,18.135,18.14,150648
2026-06-04T14:50:00+00:00,18.14,18.285,18.14,18.24,155624
2026-06-04T14:55:00+00:00,18.245,18.3,18.23,18.27,180942
2026-06-04T15:00:00+00:00,18.275,18.32,18.255,18.31,208366
2026-06-04T15:05:00+00:00,18.313,18.335,18.285,18.305,139814
2026-06-04T15:10:00+00:00,18.305,18.41,18.305,18.335,225474
2026-06-04T15:15:00+00:00,18.335,18.365,18.3,18.324,164271
2026-06-04T15:20:00+00:00,18.33,18.338,18.28,18.325,201006
2026-06-04T15:25:00+00:00,18.32,18.335,18.24,18.255,156281
2026-06-04T15:30:00+00:00,18.255,18.38,18.235,18.35,257279
2026-06-04T15:35:00+00:00,18.35,18.355,18.25,18.285,150607
2026-06-04T15:40:00+00:00,18.281,18.3,18.25,18.275,121399
2026-06-04T15:45:00+00:00,18.275,18.29,18.235,18.255,136686
2026-06-04T15:50:00+00:00,18.255,18.273,18.214,18.255,135988
2026-06-04T15:55:00+00:00,18.255,18.28,18.241,18.25,74643
2026-06-04T16:00:00+00:00,18.245,18.278,18.23,18.265,101364
2026-06-04T16:05:00+00:00,18.26,18.265,18.21,18.26,133507
2026-06-04T16:10:00+00:00,18.255,18.29,18.24,18.285,68718
2026-06-04T16:15:00+00:00,18.285,18.38,18.28,18.365,135856
2026-06-04T16:20:00+00:00,18.36,18.36,18.31,18.325,138648
2026-06-04T16:25:00+00:00,18.32,18.35,18.31,18.345,139619
2026-06-04T16:30:00+00:00,18.345,18.345,18.29,18.32,76888
2026-06-04T16:35:00+00:00,18.315,18.375,18.31,18.355,126112
2026-06-04T16:40:00+00:00,18.355,18.36,18.33,18.335,94671
2026-06-04T16:45:00+00:00,18.335,18.355,18.33,18.345,62132
2026-06-04T16:50:00+00:00,18.35,18.35,18.28,18.325,155133
2026-06-04T16:55:00+00:00,18.324,18.335,18.29,18.29,74204
2026-06-04T17:00:00+00:00,18.295,18.31,18.28,18.29,84046
2026-06-04T17:05:00+00:00,18.28,18.31,18.275,18.295,76540
2026-06-04T17:10:00+00:00,18.291,18.316,18.28,18.295,89567
2026-06-04T17:15:00+00:00,18.29,18.3,18.27,18.3,50594
2026-06-04T17:20:00+00:00,18.295,18.435,18.295,18.425,266775
2026-06-04T17:25:00+00:00,18.425,18.49,18.41,18.465,226238
2026-06-04T17:30:00+00:00,18.465,18.495,18.45,18.48,146837
2026-06-04T17:35:00+00:00,18.47,18.48,18.42,18.445,165092
2026-06-04T17:40:00+00:00,18.445,18.46,18.41,18.44,88686
2026-06-04T17:45:00+00:00,18.44,18.45,18.41,18.42,81788
2026-06-04T17:50:00+00:00,18.425,18.495,18.41,18.475,161083
2026-06-04T17:55:00+00:00,18.477,18.55,18.46,18.535,294043
2026-06-04T18:00:00+00:00,18.525,18.55,18.495,18.525,237876
2026-06-04T18:05:00+00:00,18.52,18.525,18.285,18.305,416315
2026-06-04T18:10:00+00:00,18.315,18.33,18.27,18.29,171200
2026-06-04T18:15:00+00:00,18.28,18.33,18.24,18.27,181710
2026-06-04T18:20:00+00:00,18.275,18.275,18.12,18.16,449935
2026-06-04T18:25:00+00:00,18.16,18.19,18.1,18.135,206094
2026-06-04T18:30:00+00:00,18.135,18.16,18.07,18.075,197118
2026-06-04T18:35:00+00:00,18.075,18.075,17.91,17.94,422951
2026-06-04T18:40:00+00:00,17.94,17.97,17.92,17.955,266700
2026-06-04T18:45:00+00:00,17.955,18.005,17.925,17.985,233009
2026-06-04T18:50:00+00:00,17.985,17.996,17.96,17.965,151002
2026-06-04T18:55:00+00:00,17.96,17.995,17.955,17.965,172737
2026-06-04T19:00:00+00:00,17.96,17.96,17.85,17.9,373245
2026-06-04T19:05:00+00:00,17.905,17.93,17.9,17.925,123011
2026-06-04T19:10:00+00:00,17.925,17.95,17.89,17.95,130420
2026-06-04T19:15:00+00:00,17.945,17.97,17.92,17.92,191505
2026-06-04T19:20:00+00:00,17.92,17.925,17.82,17.86,398794
2026-06-04T19:25:00+00:00,17.87,17.9,17.85,17.895,162349
2026-06-04T19:30:00+00:00,17.895,18.065,17.895,18.05,414380
2026-06-04T19:35:00+00:00,18.055,18.055,17.98,17.985,210214
2026-06-04T19:40:00+00:00,17.985,18.0,17.965,17.988,228631
2026-06-04T19:45:00+00:00,17.985,18.0,17.945,17.995,379793
2026-06-04T19:50:00+00:00,17.99,18.079,17.95,18.075,768716
2026-06-04T19:55:00+00:00,18.075,18.145,18.055,18.12,1412336
2026-06-04T20:00:00+00:00,18.12,18.12,18.04,18.04,71582
2026-06-04T20:05:00+00:00,18.09,18.09,18.03,18.05,17980
2026-06-04T20:10:00+00:00,18.12,18.12,18.0,18.01,3988
2026-06-04T20:15:00+00:00,18.05,18.05,18.0,18.01,2759
2026-06-04T20:20:00+00:00,18.01,18.04,18.01,18.04,4389
2026-06-04T20:25:00+00:00,18.02,18.05,18.01,18.035,219
2026-06-04T20:30:00+00:00,18.04,18.05,18.02,18.04,928
2026-06-04T20:35:00+00:00,18.04,18.05,18.0,18.05,1157
2026-06-04T20:40:00+00:00,18.021,18.08,18.02,18.055,771
2026-06-04T20:45:00+00:00,18.04,18.08,18.03,18.055,933
2026-06-04T20:50:00+00:00,18.074,18.074,18.03,18.035,51850
2026-06-04T20:55:00+00:00,18.03,18.039,18.015,18.015,2490
2026-06-04T21:00:00+00:00,18.04,18.04,18.0,18.04,24782
2026-06-04T21:05:00+00:00,18.02,18.04,18.0,18.04,7882
2026-06-04T21:10:00+00:00,18.02,18.02,18.0,18.01,3268
2026-06-04T21:15:00+00:00,18.02,18.02,18.0,18.008,79
2026-06-04T21:20:00+00:00,18.01,18.12,18.0,18.0,3474
2026-06-04T21:25:00+00:00,18.0,18.04,18.0,18.01,1788
2026-06-04T21:30:00+00:00,18.02,18.03,18.0,18.02,1382
2026-06-04T21:35:00+00:00,18.025,18.03,18.0,18.006,1763
2026-06-04T21:40:00+00:00,18.0,18.03,18.0,18.0,972
2026-06-04T21:45:00+00:00,18.0,18.05,18.0,18.025,916
2026-06-04T21:50:00+00:00,18.0,18.05,18.0,18.01,122
2026-06-04T21:55:00+00:00,18.03,18.05,18.0,18.025,152
2026-06-04T22:00:00+00:00,18.03,18.05,18.0,18.05,1036
2026-06-04T22:05:00+00:00,18.02,18.05,18.0,18.02,3307
2026-06-04T22:10:00+00:00,18.05,18.05,18.02,18.02,4581
2026-06-04T22:15:00+00:00,18.02,18.05,18.02,18.05,78
2026-06-04T22:20:00+00:00,18.05,18.05,18.02,18.05,1796
2026-06-04T22:25:00+00:00,18.04,18.05,18.02,18.05,7114
2026-06-04T22:30:00+00:00,18.05,18.09,18.05,18.058,7077
2026-06-04T22:35:00+00:00,18.08,18.08,18.05,18.06,2093
2026-06-04T22:40:00+00:00,18.06,18.07,18.02,18.045,3277
2026-06-04T22:45:00+00:00,18.07,18.07,18.02,18.07,2092
2026-06-04T22:50:00+00:00,18.07,18.09,18.02,18.02,11248
2026-06-04T22:55:00+00:00,18.02,18.081,18.02,18.07,1660
2026-06-04T23:00:00+00:00,18.07,18.07,18.02,18.045,282
2026-06-04T23:05:00+00:00,18.07,18.08,18.02,18.02,34
2026-06-04T23:10:00+00:00,18.026,18.08,18.02,18.022,96
2026-06-04T23:15:00+00:00,18.02,18.05,18.02,18.02,249
2026-06-04T23:20:00+00:00,18.02,18.05,18.02,18.05,2301
2026-06-04T23:25:00+00:00,18.05,18.05,18.02,18.02,3019
2026-06-04T23:30:00+00:00,18.02,18.09,18.02,18.029,5252
2026-06-04T23:35:00+00:00,18.09,18.09,18.03,18.05,1316
2026-06-04T23:40:00+00:00,18.05,18.08,18.03,18.05,3372
2026-06-04T23:45:00+00:00,18.03,18.09,18.02,18.034,3675
2026-06-04T23:50:00+00:00,18.09,18.09,18.02,18.09,344
2026-06-04T23:55:00+00:00,18.09,18.09,18.02,18.09,2652
2026-06-05T08:00:00+00:00,18.02,18.02,17.785,17.92,6497
2026-06-05T08:05:00+00:00,17.92,17.98,17.92,17.97,3680
2026-06-05T08:10:00+00:00,17.97,18.02,17.94,18.02,887
2026-06-05T08:15:00+00:00,18.018,18.02,17.99,18.01,1379
2026-06-05T08:20:00+00:00,17.953,18.0,17.953,18.0,11
2026-06-05T08:25:00+00:00,18.0,18.0,18.0,18.0,0
2026-06-05T08:30:00+00:00,18.01,18.01,18.01,18.01,50
2026-06-05T08:35:00+00:00,18.01,18.01,18.01,18.01,0
2026-06-05T08:40:00+00:00,18.01,18.01,18.01,18.01,50
2026-06-05T08:45:00+00:00,17.993,18.0,17.993,18.0,2
2026-06-05T08:50:00+00:00,18.0,18.0,17.99,17.99,100
2026-06-05T08:55:00+00:00,18.008,18.008,17.951,17.951,21
2026-06-05T09:00:00+00:00,17.947,17.947,17.947,17.947,30
2026-06-05T09:05:00+00:00,18.0,18.01,18.0,18.0,101
2026-06-05T09:10:00+00:00,17.951,18.01,17.951,18.01,350
2026-06-05T09:15:00+00:00,18.01,18.01,18.01,18.01,22
2026-06-05T09:20:00+00:00,18.01,18.01,18.01,18.01,0
2026-06-05T09:25:00+00:00,18.01,18.01,18.01,18.01,0
2026-06-05T09:30:00+00:00,17.94,17.94,17.94,17.94,1
2026-06-05T09:35:00+00:00,17.98,17.98,17.98,17.98,62
2026-06-05T09:40:00+00:00,17.98,17.98,17.98,17.98,0
2026-06-05T09:45:00+00:00,17.98,17.98,17.98,17.98,53
2026-06-05T09:50:00+00:00,18.0,18.0,18.0,18.0,58
2026-06-05T09:55:00+00:00,17.98,17.99,17.98,17.99,12
2026-06-05T10:00:00+00:00,17.99,17.99,17.98,17.99,4
2026-06-05T10:05:00+00:00,18.0,18.0,18.0,18.0,177
2026-06-05T10:10:00+00:00,18.01,18.01,18.01,18.01,190
2026-06-05T10:15:00+00:00,18.01,18.01,18.01,18.01,64
2026-06-05T10:20:00+00:00,18.01,18.01,18.01,18.01,19
2026-06-05T10:25:00+00:00,18.02,18.02,18.0,18.02,32
2026-06-05T10:30:00+00:00,18.02,18.02,18.02,18.02,251
2026-06-05T10:35:00+00:00,18.02,18.02,18.02,18.02,105
2026-06-05T10:40:00+00:00,18.02,18.02,18.02,18.02,0
2026-06-05T10:45:00+00:00,18.02,18.02,18.02,18.02,8
2026-06-05T10:50:00+00:00,18.01,18.01,18.01,18.01,12
2026-06-05T10:55:00+00:00,18.01,18.01,18.01,18.01,0
2026-06-05T11:00:00+00:00,18.01,18.1,18.01,18.099,4516
2026-06-05T11:05:00+00:00,18.07,18.27,18.07,18.2,3253
2026-06-05T11:10:00+00:00,18.15,18.24,18.1,18.18,1214
2026-06-05T11:15:00+00:00,18.18,18.24,18.12,18.19,120
2026-06-05T11:20:00+00:00,18.12,18.2,18.02,18.1,520
2026-06-05T11:25:00+00:00,18.02,18.1,18.02,18.1,9038
2026-06-05T11:30:00+00:00,18.02,18.1,18.02,18.09,4295
2026-06-05T11:35:00+00:00,18.055,18.09,18.02,18.071,132
2026-06-05T11:40:00+00:00,18.073,18.09,18.07,18.09,921
2026-06-05T11:45:00+00:00,18.09,18.13,18.074,18.074,4763
2026-06-05T11:50:00+00:00,18.07,18.13,18.07,18.08,365
2026-06-05T11:55:00+00:00,18.13,18.13,18.04,18.05,808
2026-06-05T12:00:00+00:00,18.12,18.12,18.04,18.075,306
2026-06-05T12:05:00+00:00,18.06,18.13,18.04,18.1,1457
2026-06-05T12:10:00+00:00,18.085,18.13,18.06,18.122,524
2026-06-05T12:15:00+00:00,18.13,18.13,18.07,18.13,242
2026-06-05T12:20:00+00:00,18.07,18.1,18.07,18.09,4092
2026-06-05T12:25:00+00:00,18.09,18.13,18.07,18.1,697
2026-06-05T12:30:00+00:00,18.07,18.13,18.0,18.007,3244
2026-06-05T12:35:00+00:00,18.065,18.13,18.0,18.065,593
2026-06-05T12:40:00+00:00,18.045,18.08,18.01,18.075,3447
2026-06-05T12:45:00+00:00,18.08,18.08,18.04,18.08,1528
2026-06-05T12:50:00+00:00,18.04,18.08,18.04,18.04,5461
2026-06-05T12:55:00+00:00,18.04,18.08,18.04,18.06,814
2026-06-05T13:00:00+00:00,18.04,18.08,18.04,18.047,449
2026-06-05T13:05:00+00:00,18.04,18.08,18.01,18.02,3483
2026-06-05T13:10:00+00:00,18.02,18.05,18.02,18.05,3879
2026-06-05T13:15:00+00:00,18.035,18.05,18.0,18.015,1995
2026-06-05T13:20:00+00:00,18.03,18.06,18.0,18.0,3111
2026-06-05T13:25:00+00:00,18.0,18.04,17.88,17.98,11326
2026-06-05T13:30:00+00:00,17.96,17.98,17.442,17.61,1170420
2026-06-05T13:35:00+00:00,17.61,17.635,17.52,17.565,406380
2026-06-05T13:40:00+00:00,17.555,17.615,17.405,17.405,518093
2026-06-05T13:45:00+00:00,17.405,17.435,17.22,17.235,713416
2026-06-05T13:50:00+00:00,17.235,17.365,17.235,17.361,436492
2026-06-05T13:55:00+00:00,17.365,17.385,17.253,17.285,378820
2026-06-05T14:00:00+00:00,17.28,17.53,17.265,17.48,400497
2026-06-05T14:05:00+00:00,17.485,17.52,17.44,17.475,220966
2026-06-05T14:10:00+00:00,17.47,17.518,17.45,17.5,246253
2026-06-05T14:15:00+00:00,17.505,17.51,17.44,17.475,166182
2026-06-05T14:20:00+00:00,17.474,17.495,17.38,17.385,261326
2026-06-05T14:25:00+00:00,17.38,17.381,17.27,17.36,239056
2026-06-05T14:30:00+00:00,17.35,17.385,17.33,17.375,279395
2026-06-05T14:35:00+00:00,17.375,17.38,17.25,17.315,380908
2026-06-05T14:40:00+00:00,17.319,17.32,17.16,17.185,411749
2026-06-05T14:45:00+00:00,17.195,17.25,17.09,17.115,589111
2026-06-05T14:50:00+00:00,17.113,17.19,17.1,17.15,264207
2026-06-05T14:55:00+00:00,17.145,17.18,17.115,17.13,321170
2026-06-05T15:00:00+00:00,17.125,17.15,17.06,17.105,395132
2026-06-05T15:05:00+00:00,17.105,17.13,16.98,17.015,428228
2026-06-05T15:10:00+00:00,17.015,17.03,16.89,16.895,632187
2026-06-05T15:15:00+00:00,16.89,16.927,16.87,16.915,482874
2026-06-05T15:20:00+00:00,16.91,16.92,16.84,16.856,407812
2026-06-05T15:25:00+00:00,16.855,16.91,16.825,16.845,482251
2026-06-05T15:30:00+00:00,16.845,16.885,16.82,16.85,351115
2026-06-05T15:35:00+00:00,16.855,16.87,16.755,16.765,344986
2026-06-05T15:40:00+00:00,16.77,16.8,16.73,16.755,503000
2026-06-05T15:45:00+00:00,16.755,16.85,16.75,16.8,322504
2026-06-05T15:50:00+00:00,16.795,16.835,16.79,16.82,283841
2026-06-05T15:55:00+00:00,16.82,16.82,16.72,16.735,209129
2026-06-05T16:00:00+00:00,16.73,16.747,16.65,16.655,223819
2026-06-05T16:05:00+00:00,16.66,16.665,16.6,16.62,378894
2026-06-05T16:10:00+00:00,16.625,16.67,16.62,16.66,248397
2026-06-05T16:15:00+00:00,16.65,16.66,16.595,16.605,217618
2026-06-05T16:20:00+00:00,16.61,16.64,16.595,16.625,139733
2026-06-05T16:25:00+00:00,16.625,16.65,16.615,16.63,161613
2026-06-05T16:30:00+00:00,16.62,16.62,16.58,16.62,163082
2026-06-05T16:35:00+00:00,16.62,16.635,16.59,16.613,162114
2026-06-05T16:40:00+00:00,16.615,16.618,16.58,16.585,164875
2026-06-05T16:45:00+00:00,16.585,16.62,16.55,16.605,236946
2026-06-05T16:50:00+00:00,16.605,16.65,16.575,16.644,282490
2026-06-05T16:55:00+00:00,16.65,16.72,16.594,16.715,204765
2026-06-05T17:00:00+00:00,16.72,16.725,16.6,16.63,243092
2026-06-05T17:05:00+00:00,16.633,16.64,16.535,16.58,225899
2026-06-05T17:10:00+00:00,16.585,16.585,16.555,16.575,77066
2026-06-05T17:15:00+00:00,16.58,16.58,16.45,16.48,314744
2026-06-05T17:20:00+00:00,16.48,16.55,16.465,16.545,207621
2026-06-05T17:25:00+00:00,16.545,16.545,16.47,16.505,113017
2026-06-05T17:30:00+00:00,16.505,16.505,16.47,16.5,152173
2026-06-05T17:35:00+00:00,16.5,16.545,16.485,16.535,187334
2026-06-05T17:40:00+00:00,16.535,16.545,16.46,16.47,142119
2026-06-05T17:45:00+00:00,16.475,16.515,16.475,16.495,104906
2026-06-05T17:50:00+00:00,16.495,16.53,16.495,16.53,176460
2026-06-05T17:55:00+00:00,16.52,16.55,16.5,16.535,128363
2026-06-05T18:00:00+00:00,16.535,16.54,16.38,16.38,288689
2026-06-05T18:05:00+00:00,16.38,16.39,16.34,16.345,236472
2026-06-05T18:10:00+00:00,16.345,16.365,16.31,16.315,281232
2026-06-05T18:15:00+00:00,16.315,16.37,16.305,16.335,224777
2026-06-05T18:20:00+00:00,16.33,16.35,16.32,16.325,139069
2026-06-05T18:25:00+00:00,16.325,16.325,16.26,16.285,170511
2026-06-05T18:30:00+00:00,16.281,16.295,16.24,16.26,178530
2026-06-05T18:35:00+00:00,16.265,16.29,16.26,16.285,211596
2026-06-05T18:40:00+00:00,16.285,16.29,16.235,16.269,106458
2026-06-05T18:45:00+00:00,16.265,16.31,16.25,16.305,211962
2026-06-05T18:50:00+00:00,16.305,16.33,16.293,16.325,136818
2026-06-05T18:55:00+00:00,16.33,16.49,16.31,16.485,381019
2026-06-05T19:00:00+00:00,16.485,16.51,16.423,16.495,158858
2026-06-05T19:05:00+00:00,16.49,16.53,16.46,16.49,130696
2026-06-05T19:10:00+00:00,16.495,16.5,16.4,16.415,163105
2026-06-05T19:15:00+00:00,16.41,16.41,16.362,16.39,187156
2026-06-05T19:20:00+00:00,16.39,16.395,16.36,16.395,234881
2026-06-05T19:25:00+00:00,16.392,16.46,16.392,16.46,226877
2026-06-05T19:30:00+00:00,16.46,16.46,16.415,16.435,174992
2026-06-05T19:35:00+00:00,16.44,16.53,16.44,16.525,276379
2026-06-05T19:40:00+00:00,16.525,16.53,16.46,16.474,208995
2026-06-05T19:45:00+00:00,16.475,16.51,16.46,16.475,187492
2026-06-05T19:50:00+00:00,16.47,16.5,16.4,16.405,507696
2026-06-05T19:55:00+00:00,16.405,16.405,16.315,16.35,1366833
2026-06-05T20:00:00+00:00,16.35,16.39,16.3,16.34,49541
2026-06-05T20:05:00+00:00,16.38,16.38,16.3,16.3,1266
2026-06-05T20:10:00+00:00,16.34,16.37,16.29,16.35,2369
2026-06-05T20:15:00+00:00,16.29,16.32,16.26,16.263,2172
2026-06-05T20:20:00+00:00,16.295,16.3,16.26,16.3,1226
2026-06-05T20:25:00+00:00,16.28,16.3,16.26,16.3,613
2026-06-05T20:30:00+00:00,16.3,16.3,16.28,16.28,11132
2026-06-05T20:35:00+00:00,16.29,16.3,16.25,16.28,2416
2026-06-05T20:40:00+00:00,16.28,16.28,16.22,16.24,4820
2026-06-05T20:45:00+00:00,16.25,16.28,16.25,16.26,3636
2026-06-05T20:50:00+00:00,16.274,16.28,16.25,16.28,3552
2026-06-05T20:55:00+00:00,16.28,16.28,16.26,16.28,5159
2026-06-05T21:00:00+00:00,16.28,16.28,16.26,16.28,13348
2026-06-05T21:05:00+00:00,16.28,16.32,16.26,16.295,3199
2026-06-05T21:10:00+00:00,16.3,16.3,16.28,16.29,1717
2026-06-05T21:15:00+00:00,16.32,16.35,16.29,16.3,1661
2026-06-05T21:20:00+00:00,16.35,16.35,16.3,16.32,41868
2026-06-05T21:25:00+00:00,16.32,16.35,16.3,16.35,3798
2026-06-05T21:30:00+00:00,16.35,16.35,16.32,16.33,1438
2026-06-05T21:35:00+00:00,16.33,16.35,16.3,16.309,1899
2026-06-05T21:40:00+00:00,16.35,16.35,16.3,16.35,790
2026-06-05T21:45:00+00:00,16.35,16.35,16.31,16.33,1203
2026-06-05T21:50:00+00:00,16.311,16.35,16.29,16.311,7739
2026-06-05T21:55:00+00:00,16.34,16.34,16.26,16.31,5220
2026-06-05T22:00:00+00:00,16.31,16.31,16.26,16.26,5998
2026-06-05T22:05:00+00:00,16.31,16.31,16.26,16.285,2000
2026-06-05T22:10:00+00:00,16.269,16.3,16.269,16.28,10787
2026-06-05T22:15:00+00:00,16.28,16.3,16.28,16.29,3670
2026-06-05T22:20:00+00:00,16.29,16.29,16.27,16.28,3462
2026-06-05T22:25:00+00:00,16.28,16.28,16.26,16.28,702
2026-06-05T22:30:00+00:00,16.26,16.28,16.26,16.28,1719
2026-06-05T22:35:00+00:00,16.26,16.28,16.26,16.28,2398
2026-06-05T22:40:00+00:00,16.28,16.28,16.27,16.275,417
2026-06-05T22:45:00+00:00,16.28,16.28,16.27,16.27,5023
2026-06-05T22:50:00+00:00,16.277,16.28,16.26,16.26,1772
2026-06-05T22:55:00+00:00,16.27,16.28,16.26,16.26,3229
2026-06-05T23:00:00+00:00,16.28,16.3,16.26,16.262,6244
2026-06-05T23:05:00+00:00,16.299,16.3,16.26,16.27,1023
2026-06-05T23:10:00+00:00,16.277,16.3,16.27,16.28,2384
2026-06-05T23:15:00+00:00,16.3,16.34,16.26,16.31,911
2026-06-05T23:20:00+00:00,16.31,16.34,16.3,16.31,15403
2026-06-05T23:25:00+00:00,16.263,16.3,16.263,16.27,4073
2026-06-05T23:30:00+00:00,16.28,16.29,16.27,16.289,6731
2026-06-05T23:35:00+00:00,16.29,16.29,16.27,16.281,1503
2026-06-05T23:40:00+00:00,16.28,16.28,16.27,16.28,2563
2026-06-05T23:45:00+00:00,16.28,16.29,16.21,16.21,24306
2026-06-05T23:50:00+00:00,16.21,16.29,16.21,16.26,13624
2026-06-05T23:55:00+00:00,16.25,16.29,16.23,16.29,9467
2026-06-08T08:00:00+00:00,15.9,16.499,15.9,16.34,12381
2026-06-08T08:05:00+00:00,16.4,16.4,16.4,16.4,21
2026-06-08T08:10:00+00:00,16.38,16.45,16.25,16.36,161
2026-06-08T08:15:00+00:00,16.36,16.36,16.36,16.36,0
2026-06-08T08:20:00+00:00,16.446,16.45,16.39,16.39,1033
2026-06-08T08:25:00+00:00,16.37,16.45,16.37,16.45,560
2026-06-08T08:30:00+00:00,16.37,16.37,16.37,16.37,37
2026-06-08T08:35:00+00:00,16.37,16.37,16.37,16.37,0
2026-06-08T08:40:00+00:00,16.4,16.4,16.4,16.4,50
2026-06-08T08:45:00+00:00,16.4,16.4,16.4,16.4,0
2026-06-08T08:50:00+00:00,16.41,16.43,16.41,16.41,413
2026-06-08T08:55:00+00:00,16.41,16.41,16.41,16.41,0
2026-06-08T09:00:00+00:00,16.41,16.43,16.39,16.39,182
2026-06-08T09:05:00+00:00,16.38,16.44,16.38,16.41,18
2026-06-08T09:10:00+00:00,16.4,16.4,16.4,16.4,85
2026-06-08T09:15:00+00:00,16.4,16.4,16.4,16.4,74
2026-06-08T09:20:00+00:00,16.42,16.44,16.42,16.44,17
2026-06-08T09:25:00+00:00,16.45,16.45,16.43,16.45,706
2026-06-08T09:30:00+00:00,16.45,16.45,16.45,16.45,83
2026-06-08T09:35:00+00:00,16.43,16.5,16.43,16.5,324
2026-06-08T09:40:00+00:00,16.5,16.5,16.5,16.5,0
2026-06-08T09:45:00+00:00,16.48,16.48,16.48,16.48,1
2026-06-08T09:50:00+00:00,16.48,16.48,16.48,16.48,0
2026-06-08T09:55:00+00:00,16.49,16.5,16.49,16.49,691
2026-06-08T10:00:00+00:00,16.49,16.49,16.49,16.49,202
2026-06-08T10:05:00+00:00,16.49,16.49,16.49,16.49,0
2026-06-08T10:10:00+00:00,16.47,16.494,16.46,16.494,176
2026-06-08T10:15:00+00:00,16.48,16.48,16.46,16.48,308
2026-06-08T10:20:00+00:00,16.48,16.48,16.46,16.46,168
2026-06-08T10:25:00+00:00,16.46,16.46,16.46,16.46,0
2026-06-08T10:30:00+00:00,16.47,16.48,16.46,16.48,1432
2026-06-08T10:35:00+00:00,16.49,16.5,16.49,16.5,1025
2026-06-08T10:40:00+00:00,16.46,16.46,16.46,16.46,28
2026-06-08T10:45:00+00:00,16.46,16.49,16.45,16.45,1251
2026-06-08T10:50:00+00:00,16.45,16.45,16.45,16.45,3
2026-06-08T10:55:00+00:00,16.47,16.47,16.46,16.46,59
2026-06-08T11:00:00+00:00,16.45,16.47,16.3,16.379,11092
2026-06-08T11:05:00+00:00,16.42,16.45,16.38,16.42,3218
2026-06-08T11:10:00+00:00,16.42,16.55,16.41,16.52,7090
2026-06-08T11:15:00+00:00,16.55,16.55,16.5,16.55,5903
2026-06-08T11:20:00+00:00,16.5,16.56,16.5,16.542,8220
2026-06-08T11:25:00+00:00,16.55,16.58,16.54,16.56,6483
2026-06-08T11:30:00+00:00,16.564,16.65,16.5,16.65,5716
2026-06-08T11:35:00+00:00,16.65,16.65,16.585,16.62,2125
2026-06-08T11:40:00+00:00,16.65,16.65,16.6,16.64,17686
2026-06-08T11:45:00+00:00,16.618,16.65,16.618,16.64,12468
2026-06-08T11:50:00+00:00,16.65,16.69,16.6,16.68,3072
2026-06-08T11:55:00+00:00,16.67,16.69,16.62,16.644,2551
2026-06-08T12:00:00+00:00,16.62,16.68,16.601,16.645,3925
2026-06-08T12:05:00+00:00,16.62,16.67,16.62,16.66,2199
2026-06-08T12:10:00+00:00,16.645,16.67,16.62,16.67,4832
2026-06-08T12:15:00+00:00,16.67,16.67,16.65,16.67,1281
2026-06-08T12:20:00+00:00,16.65,16.67,16.62,16.67,9131
2026-06-08T12:25:00+00:00,16.64,16.69,16.64,16.69,2532
2026-06-08T12:30:00+00:00,16.68,16.75,16.64,16.74,4530
2026-06-08T12:35:00+00:00,16.74,16.75,16.7,16.75,1378
2026-06-08T12:40:00+00:00,16.71,16.76,16.7,16.76,5182
2026-06-08T12:45:00+00:00,16.76,16.76,16.73,16.74,12967
2026-06-08T12:50:00+00:00,16.74,16.77,16.73,16.77,31134
2026-06-08T12:55:00+00:00,16.76,16.79,16.758,16.79,5260
2026-06-08T13:00:00+00:00,16.79,16.79,16.73,16.76,3566
2026-06-08T13:05:00+00:00,16.79,16.79,16.75,16.79,7783
2026-06-08T13:10:00+00:00,16.79,16.79,16.76,16.761,3503
2026-06-08T13:15:00+00:00,16.784,16.79,16.73,16.75,13986
2026-06-08T13:20:00+00:00,16.74,16.79,16.74,16.789,8029
2026-06-08T13:25:00+00:00,16.77,16.79,16.71,16.718,19479
2026-06-08T13:30:00+00:00,16.71,16.735,16.46,16.485,355665
2026-06-08T13:35:00+00:00,16.485,16.52,16.37,16.505,400461
2026-06-08T13:40:00+00:00,16.508,16.77,16.505,16.765,339342
2026-06-08T13:45:00+00:00,16.765,16.975,16.765,16.965,601803
2026-06-08T13:50:00+00:00,16.97,17.075,16.925,17.017,363657
2026-06-08T13:55:00+00:00,17.015,17.12,16.93,17.1,479507
2026-06-08T14:00:00+00:00,17.105,17.21,17.065,17.145,450607
2026-06-08T14:05:00+00:00,17.145,17.298,17.11,17.254,590250
2026-06-08T14:10:00+00:00,17.26,17.27,17.17,17.255,400613
2026-06-08T14:15:00+00:00,17.255,17.27,17.22,17.225,250138
2026-06-08T14:20:00+00:00,17.22,17.25,17.16,17.245,216038
2026-06-08T14:25:00+00:00,17.245,17.41,17.21,17.405,367804
2026-06-08T14:30:00+00:00,17.409,17.445,17.365,17.405,293945
2026-06-08T14:35:00+00:00,17.405,17.44,17.38,17.43,190797
2026-06-08T14:40:00+00:00,17.43,17.44,17.37,17.435,128358
2026-06-08T14:45:00+00:00,17.435,17.46,17.4,17.405,148126
2026-06-08T14:50:00+00:00,17.405,17.495,17.4,17.475,123168
2026-06-08T14:55:00+00:00,17.475,17.5,17.45,17.455,128206
2026-06-08T15:00:00+00:00,17.451,17.5,17.44,17.44,93987
2026-06-08T15:05:00+00:00,17.445,17.45,17.41,17.42,110560
2026-06-08T15:10:00+00:00,17.41,17.47,17.37,17.444,193048
2026-06-08T15:15:00+00:00,17.445,17.465,17.41,17.435,64096
2026-06-08T15:20:00+00:00,17.44,17.455,17.425,17.425,110538
2026-06-08T15:25:00+00:00,17.425,17.445,17.375,17.375,109462
2026-06-08T15:30:00+00:00,17.375,17.392,17.34,17.38,191934
2026-06-08T15:35:00+00:00,17.38,17.43,17.355,17.375,111057
2026-06-08T15:40:00+00:00,17.375,17.38,17.335,17.37,90282
2026-06-08T15:45:00+00:00,17.365,17.44,17.365,17.392,98013
2026-06-08T15:50:00+00:00,17.395,17.46,17.395,17.46,87214
2026-06-08T15:55:00+00:00,17.455,17.48,17.43,17.455,222958
2026-06-08T16:00:00+00:00,17.455,17.46,17.4,17.41,77684
2026-06-08T16:05:00+00:00,17.405,17.43,17.39,17.403,71813
2026-06-08T16:10:00+00:00,17.4,17.44,17.39,17.425,46793
2026-06-08T16:15:00+00:00,17.43,17.58,17.428,17.54,256466
2026-06-08T16:20:00+00:00,17.55,17.6,17.53,17.539,145230
2026-06-08T16:25:00+00:00,17.535,17.56,17.51,17.525,76698
2026-06-08T16:30:00+00:00,17.53,17.55,17.5,17.505,74880
2026-06-08T16:35:00+00:00,17.5,17.54,17.49,17.525,93753
2026-06-08T16:40:00+00:00,17.53,17.57,17.5,17.52,92338
2026-06-08T16:45:00+00:00,17.525,17.57,17.505,17.53,81006
2026-06-08T16:50:00+00:00,17.535,17.54,17.46,17.465,130085
2026-06-08T16:55:00+00:00,17.46,17.475,17.435,17.455,85403
2026-06-08T17:00:00+00:00,17.45,17.458,17.37,17.375,133672
2026-06-08T17:05:00+00:00,17.375,17.385,17.315,17.315,137996
2026-06-08T17:10:00+00:00,17.315,17.32,17.28,17.3,90588
2026-06-08T17:15:00+00:00,17.305,17.34,17.275,17.315,207081
2026-06-08T17:20:00+00:00,17.315,17.32,17.29,17.3,85566
2026-06-08T17:25:00+00:00,17.3,17.34,17.3,17.335,67474
2026-06-08T17:30:00+00:00,17.335,17.335,17.27,17.29,102143
2026-06-08T17:35:00+00:00,17.295,17.315,17.25,17.315,81486
2026-06-08T17:40:00+00:00,17.315,17.35,17.295,17.34,93947
2026-06-08T17:45:00+00:00,17.34,17.4,17.33,17.365,120891
2026-06-08T17:50:00+00:00,17.365,17.365,17.325,17.345,68668
2026-06-08T17:55:00+00:00,17.34,17.35,17.255,17.265,100150
2026-06-08T18:00:00+00:00,17.265,17.29,17.25,17.265,62584
2026-06-08T18:05:00+00:00,17.265,17.31,17.263,17.305,66563
2026-06-08T18:10:00+00:00,17.3,17.31,17.29,17.3,115805
2026-06-08T18:15:00+00:00,17.295,17.36,17.23,17.231,185650
2026-06-08T18:20:00+00:00,17.235,17.24,17.21,17.215,57791
2026-06-08T18:25:00+00:00,17.215,17.25,17.215,17.245,68257
2026-06-08T18:30:00+00:00,17.245,17.29,17.24,17.275,81393
2026-06-08T18:35:00+00:00,17.275,17.285,17.24,17.249,92973
2026-06-08T18:40:00+00:00,17.245,17.285,17.24,17.261,189971
2026-06-08T18:45:00+00:00,17.265,17.279,17.25,17.255,123838
2026-06-08T18:50:00+00:00,17.255,17.29,17.25,17.255,83635
2026-06-08T18:55:00+00:00,17.26,17.27,17.235,17.25,66223
2026-06-08T19:00:00+00:00,17.255,17.265,17.23,17.245,54157
2026-06-08T19:05:00+00:00,17.245,17.25,17.17,17.17,104841
2026-06-08T19:10:00+00:00,17.17,17.17,17.1,17.115,169787
2026-06-08T19:15:00+00:00,17.11,17.11,17.02,17.055,116161
2026-06-08T19:20:00+00:00,17.055,17.095,16.98,16.985,210781
2026-06-08T19:25:00+00:00,16.98,16.99,16.945,16.97,123660
2026-06-08T19:30:00+00:00,16.965,17.025,16.965,17.015,145714
2026-06-08T19:35:00+00:00,17.01,17.02,16.975,16.985,128695
2026-06-08T19:40:00+00:00,16.99,16.99,16.94,16.945,145398
2026-06-08T19:45:00+00:00,16.945,17.01,16.945,16.965,177464
2026-06-08T19:50:00+00:00,16.965,16.99,16.931,16.935,295945
2026-06-08T19:55:00+00:00,16.935,16.95,16.83,16.84,643716
2026-06-08T20:00:00+00:00,16.84,16.905,16.82,16.839,22876
2026-06-08T20:05:00+00:00,16.84,16.9,16.8,16.88,24410
2026-06-08T20:10:00+00:00,16.88,16.88,16.84,16.854,10851
2026-06-08T20:15:00+00:00,16.87,16.88,16.85,16.88,1286
2026-06-08T20:20:00+00:00,16.865,16.865,16.85,16.85,1636
2026-06-08T20:25:00+00:00,16.85,16.88,16.85,16.85,396
2026-06-08T20:30:00+00:00,16.86,16.88,16.86,16.88,2224
2026-06-08T20:35:00+00:00,16.87,16.88,16.86,16.879,1469
2026-06-08T20:40:00+00:00,16.86,16.9,16.86,16.9,2461
2026-06-08T20:45:00+00:00,16.861,16.9,16.86,16.888,159
2026-06-08T20:50:00+00:00,16.89,16.89,16.88,16.89,3218
2026-06-08T20:55:00+00:00,16.885,16.89,16.88,16.88,1063
2026-06-08T21:00:00+00:00,16.89,16.89,16.86,16.86,2731
2026-06-08T21:05:00+00:00,16.88,16.88,16.86,16.86,59
2026-06-08T21:10:00+00:00,16.86,16.88,16.86,16.87,292
2026-06-08T21:15:00+00:00,16.88,16.88,16.87,16.87,184
2026-06-08T21:20:00+00:00,16.87,16.88,16.87,16.875,99
2026-06-08T21:25:00+00:00,16.879,16.88,16.87,16.87,2122
2026-06-08T21:30:00+00:00,16.87,16.88,16.87,16.88,429
2026-06-08T21:35:00+00:00,16.875,16.9,16.87,16.89,5285
2026-06-08T21:40:00+00:00,16.9,16.9,16.88,16.88,367
2026-06-08T21:45:00+00:00,16.89,16.9,16.88,16.89,1592
2026-06-08T21:50:00+00:00,16.89,16.9,16.89,16.9,2172
2026-06-08T21:55:00+00:00,16.89,16.9,16.89,16.89,372
2026-06-08T22:00:00+00:00,16.9,16.9,16.89,16.89,1778
2026-06-08T22:05:00+00:00,16.89,16.9,16.89,16.9,2283
2026-06-08T22:10:00+00:00,16.9,16.9,16.89,16.895,925
2026-06-08T22:15:00+00:00,16.895,16.9,16.89,16.9,5126
2026-06-08T22:20:00+00:00,16.895,16.9,16.88,16.89,1121
2026-06-08T22:25:00+00:00,16.88,16.89,16.88,16.89,133
2026-06-08T22:30:00+00:00,16.88,16.89,16.88,16.885,99
2026-06-08T22:35:00+00:00,16.89,16.89,16.85,16.86,1252
2026-06-08T22:40:00+00:00,16.85,16.86,16.85,16.86,651
2026-06-08T22:45:00+00:00,16.86,16.86,16.85,16.85,1096
2026-06-08T22:50:00+00:00,16.85,16.86,16.85,16.855,2158
2026-06-08T22:55:00+00:00,16.86,16.89,16.85,16.86,1606
2026-06-08T23:00:00+00:00,16.87,16.89,16.85,16.89,92
2026-06-08T23:05:00+00:00,16.88,16.89,16.87,16.87,200
2026-06-08T23:10:00+00:00,16.88,16.885,16.88,16.885,4
2026-06-08T23:15:00+00:00,16.87,16.9,16.87,16.9,8
2026-06-08T23:20:00+00:00,16.87,16.9,16.87,16.88,1038
2026-06-08T23:25:00+00:00,16.88,16.93,16.88,16.88,13828
2026-06-08T23:30:00+00:00,16.91,16.93,16.88,16.88,208
2026-06-08T23:35:00+00:00,16.93,16.93,16.89,16.93,3688
2026-06-08T23:40:00+00:00,16.9,16.93,16.9,16.91,1478
2026-06-08T23:45:00+00:00,16.89,16.93,16.89,16.917,9066
2026-06-08T23:50:00+00:00,16.92,16.93,16.89,16.93,567
2026-06-08T23:55:00+00:00,16.929,16.93,16.89,16.91,851
2026-06-09T08:00:00+00:00,16.791,17.023,16.791,16.93,17272
2026-06-09T08:05:00+00:00,16.9,17.0,16.9,17.0,335
2026-06-09T08:10:00+00:00,17.0,17.0,16.99,16.99,215
2026-06-09T08:15:00+00:00,16.988,16.988,16.988,16.988,50
2026-06-09T08:20:00+00:00,16.988,16.988,16.988,16.988,0
2026-06-09T08:25:00+00:00,16.99,16.99,16.99,16.99,3
2026-06-09T08:30:00+00:00,16.987,16.989,16.98,16.98,34
2026-06-09T08:35:00+00:00,16.99,17.0,16.95,17.0,1734
2026-06-09T08:40:00+00:00,17.09,17.09,17.09,17.09,30
2026-06-09T08:45:00+00:00,17.04,17.04,17.04,17.04,58
2026-06-09T08:50:00+00:00,17.03,17.03,17.0,17.01,201
2026-06-09T08:55:00+00:00,17.03,17.08,17.0,17.0,841
2026-06-09T09:00:00+00:00,17.0,17.0,17.0,17.0,0
2026-06-09T09:05:00+00:00,17.0,17.006,16.913,17.006,180
2026-06-09T09:10:00+00:00,17.0,17.0,16.99,16.99,64
2026-06-09T09:15:00+00:00,16.97,16.97,16.97,16.97,50
2026-06-09T09:20:00+00:00,16.97,16.97,16.97,16.97,0
2026-06-09T09:25:00+00:00,16.96,16.96,16.96,16.96,9
2026-06-09T09:30:00+00:00,16.96,16.96,16.96,16.96,0
2026-06-09T09:35:00+00:00,16.97,16.97,16.97,16.97,100
2026-06-09T09:40:00+00:00,16.99,16.99,16.97,16.98,364
2026-06-09T09:45:00+00:00,16.98,16.98,16.98,16.98,0
2026-06-09T09:50:00+00:00,16.96,16.96,16.96,16.96,13
2026-06-09T09:55:00+00:00,16.97,16.98,16.97,16.98,220
2026-06-09T10:00:00+00:00,16.96,16.96,16.96,16.96,829
2026-06-09T10:05:00+00:00,16.97,17.01,16.97,17.01,1152
2026-06-09T10:10:00+00:00,17.01,17.01,17.01,17.01,0
2026-06-09T10:15:00+00:00,17.01,17.01,17.0,17.0,28
2026-06-09T10:20:00+00:00,17.0,17.02,17.0,17.02,90
2026-06-09T10:25:00+00:00,17.02,17.02,17.02,17.02,0
2026-06-09T10:30:00+00:00,17.0,17.0,17.0,17.0,1
2026-06-09T10:35:00+00:00,16.96,16.99,16.96,16.99,16
2026-06-09T10:40:00+00:00,17.069,17.069,17.06,17.06,51
2026-06-09T10:45:00+00:00,17.06,17.06,17.06,17.06,0
2026-06-09T10:50:00+00:00,17.0,17.0,17.0,17.0,3
2026-06-09T10:55:00+00:00,17.02,17.02,16.98,16.98,29
2026-06-09T11:00:00+00:00,16.99,17.06,16.99,17.0,1274
2026-06-09T11:05:00+00:00,17.02,17.06,17.0,17.052,2907
2026-06-09T11:10:00+00:00,17.02,17.02,17.01,17.02,2062
2026-06-09T11:15:00+00:00,17.012,17.05,17.0,17.0,1049
2026-06-09T11:20:00+00:00,17.05,17.05,16.96,17.02,1103
2026-06-09T11:25:00+00:00,17.0,17.04,17.0,17.02,163
2026-06-09T11:30:00+00:00,17.02,17.04,17.0,17.04,377
2026-06-09T11:35:00+00:00,17.01,17.04,16.99,17.02,790
2026-06-09T11:40:00+00:00,17.04,17.04,16.98,17.04,59
2026-06-09T11:45:00+00:00,17.02,17.02,16.98,16.98,3154
2026-06-09T11:50:00+00:00,17.02,17.04,16.98,17.04,334
2026-06-09T11:55:00+00:00,17.0,17.04,17.0,17.04,300
2026-06-09T12:00:00+00:00,17.02,17.04,17.0,17.02,1111
2026-06-09T12:05:00+00:00,17.019,17.02,16.98,17.02,2284
2026-06-09T12:10:00+00:00,16.98,17.02,16.97,17.0,8525
2026-06-09T12:15:00+00:00,17.0,17.02,16.98,17.02,147
2026-06-09T12:20:00+00:00,17.0,17.0,16.98,16.99,859
2026-06-09T12:25:00+00:00,16.999,17.04,16.999,17.0,508
2026-06-09T12:30:00+00:00,17.04,17.04,17.0,17.0,497
2026-06-09T12:35:00+00:00,17.04,17.04,17.0,17.0,1488
2026-06-09T12:40:00+00:00,17.015,17.03,17.01,17.01,4400
2026-06-09T12:45:00+00:00,17.01,17.02,17.01,17.01,3568
2026-06-09T12:50:00+00:00,17.02,17.02,17.01,17.019,1337
2026-06-09T12:55:00+00:00,17.01,17.03,17.0,17.02,1298
2026-06-09T13:00:00+00:00,17.03,17.11,17.01,17.041,9152
2026-06-09T13:05:00+00:00,17.04,17.08,17.01,17.02,3748
2026-06-09T13:10:00+00:00,17.05,17.06,17.02,17.06,2037
2026-06-09T13:15:00+00:00,17.049,17.06,16.98,16.99,2828
2026-06-09T13:20:00+00:00,16.99,17.02,16.99,16.99,2004
2026-06-09T13:25:00+00:00,17.01,17.06,16.87,16.913,7524
2026-06-09T13:30:00+00:00,16.86,16.92,16.46,16.465,706001
2026-06-09T13:35:00+00:00,16.465,16.69,16.465,16.554,446874
2026-06-09T13:40:00+00:00,16.555,16.565,16.415,16.47,527426
2026-06-09T13:45:00+00:00,16.475,16.6,16.435,16.59,465228
2026-06-09T13:50:00+00:00,16.585,16.61,16.284,16.295,470430
2026-06-09T13:55:00+00:00,16.295,16.42,16.25,16.4,430927
2026-06-09T14:00:00+00:00,16.405,16.425,16.18,16.24,421009
2026-06-09T14:05:00+00:00,16.235,16.25,16.18,16.19,435035
2026-06-09T14:10:00+00:00,16.185,16.2,15.93,15.935,762505
2026-06-09T14:15:00+00:00,15.935,15.965,15.822,15.905,598934
2026-06-09T14:20:00+00:00,15.895,16.03,15.85,16.02,375551
2026-06-09T14:25:00+00:00,16.02,16.11,16.0,16.075,408526
2026-06-09T14:30:00+00:00,16.07,16.11,16.03,16.075,261624
2026-06-09T14:35:00+00:00,16.075,16.14,16.05,16.08,221598
2026-06-09T14:40:00+00:00,16.085,16.1,15.965,15.99,184235
2026-06-09T14:45:00+00:00,15.995,16.0,15.84,15.862,407608
2026-06-09T14:50:00+00:00,15.855,16.035,15.84,16.035,199514
2026-06-09T14:55:00+00:00,16.035,16.06,15.985,16.02,270992
2026-06-09T15:00:00+00:00,16.02,16.02,15.85,15.875,256507
2026-06-09T15:05:00+00:00,15.875,15.925,15.85,15.915,120821
2026-06-09T15:10:00+00:00,15.915,15.945,15.861,15.865,125301
2026-06-09T15:15:00+00:00,15.855,15.875,15.71,15.715,391667
2026-06-09T15:20:00+00:00,15.71,15.74,15.59,15.605,260696
2026-06-09T15:25:00+00:00,15.6,15.62,15.49,15.535,506057
2026-06-09T15:30:00+00:00,15.54,15.586,15.52,15.555,475906
2026-06-09T15:35:00+00:00,15.55,15.65,15.54,15.618,405291
2026-06-09T15:40:00+00:00,15.61,15.65,15.57,15.578,237464
2026-06-09T15:45:00+00:00,15.575,15.59,15.52,15.555,294451
2026-06-09T15:50:00+00:00,15.56,15.619,15.535,15.585,167392
2026-06-09T15:55:00+00:00,15.59,15.6,15.425,15.425,253886
2026-06-09T16:00:00+00:00,15.43,15.555,15.415,15.515,249431
2026-06-09T16:05:00+00:00,15.515,15.525,15.44,15.465,180593
2026-06-09T16:10:00+00:00,15.47,15.51,15.44,15.45,203085
2026-06-09T16:15:00+00:00,15.445,15.46,15.31,15.325,287984
2026-06-09T16:20:00+00:00,15.33,15.42,15.31,15.42,198940
2026-06-09T16:25:00+00:00,15.415,15.47,15.41,15.45,195744
2026-06-09T16:30:00+00:00,15.455,15.5,15.409,15.445,154636
2026-06-09T16:35:00+00:00,15.445,15.505,15.325,15.325,278977
2026-06-09T16:40:00+00:00,15.33,15.365,15.29,15.33,206072
2026-06-09T16:45:00+00:00,15.33,15.39,15.31,15.331,154188
2026-06-09T16:50:00+00:00,15.34,15.345,15.27,15.275,206477
2026-06-09T16:55:00+00:00,15.275,15.415,15.24,15.41,333197
2026-06-09T17:00:00+00:00,15.41,15.49,15.38,15.47,266677
2026-06-09T17:05:00+00:00,15.47,15.51,15.45,15.5,325496
2026-06-09T17:10:00+00:00,15.5,15.54,15.45,15.525,132233
2026-06-09T17:15:00+00:00,15.525,15.595,15.5,15.59,122693
2026-06-09T17:20:00+00:00,15.585,15.65,15.57,15.615,187426
2026-06-09T17:25:00+00:00,15.615,15.645,15.595,15.6,159419
2026-06-09T17:30:00+00:00,15.61,15.65,15.585,15.625,164829
2026-06-09T17:35:00+00:00,15.625,15.64,15.6,15.605,163383
2026-06-09T17:40:00+00:00,15.6,15.7,15.6,15.68,170493
2026-06-09T17:45:00+00:00,15.675,15.68,15.572,15.615,309946
2026-06-09T17:50:00+00:00,15.615,15.705,15.615,15.705,208060
2026-06-09T17:55:00+00:00,15.705,15.765,15.7,15.75,258237
2026-06-09T18:00:00+00:00,15.745,15.78,15.73,15.76,251630
2026-06-09T18:05:00+00:00,15.765,15.775,15.74,15.76,135197
2026-06-09T18:10:00+00:00,15.755,15.76,15.73,15.755,127511
2026-06-09T18:15:00+00:00,15.755,15.78,15.72,15.78,126397
2026-06-09T18:20:00+00:00,15.775,15.84,15.74,15.815,121040
2026-06-09T18:25:00+00:00,15.82,15.85,15.79,15.85,211314
2026-06-09T18:30:00+00:00,15.86,15.911,15.86,15.89,197622
2026-06-09T18:35:00+00:00,15.885,15.92,15.88,15.895,150931
2026-06-09T18:40:00+00:00,15.895,15.9,15.83,15.84,119092
2026-06-09T18:45:00+00:00,15.84,15.88,15.84,15.875,117654
2026-06-09T18:50:00+00:00,15.875,15.885,15.85,15.87,90968
2026-06-09T18:55:00+00:00,15.865,15.92,15.86,15.9,88654
2026-06-09T19:00:00+00:00,15.895,15.895,15.855,15.88,69651
2026-06-09T19:05:00+00:00,15.88,15.89,15.84,15.845,76642
2026-06-09T19:10:00+00:00,15.845,15.845,15.805,15.815,91281
2026-06-09T19:15:00+00:00,15.815,15.825,15.77,15.785,168002
2026-06-09T19:20:00+00:00,15.78,15.82,15.77,15.79,134564
2026-06-09T19:25:00+00:00,15.785,15.845,15.77,15.835,642431
2026-06-09T19:30:00+00:00,15.84,15.93,15.84,15.865,276695
2026-06-09T19:35:00+00:00,15.865,15.88,15.825,15.83,121959
2026-06-09T19:40:00+00:00,15.825,15.91,15.8,15.875,247438
2026-06-09T19:45:00+00:00,15.875,15.895,15.82,15.845,716775
2026-06-09T19:50:00+00:00,15.845,15.885,15.825,15.845,448867
2026-06-09T19:55:00+00:00,15.845,15.845,15.71,15.73,1159879
2026-06-09T20:00:00+00:00,15.73,15.88,15.72,15.75,742556
2026-06-09T20:05:00+00:00,15.759,15.8,15.75,15.76,2522
2026-06-09T20:10:00+00:00,15.73,15.76,15.73,15.73,1501685
2026-06-09T20:15:00+00:00,15.75,15.75,15.72,15.72,3317
2026-06-09T20:20:00+00:00,15.75,15.758,15.735,15.739,4070
2026-06-09T20:25:00+00:00,15.74,15.76,15.72,15.759,3618
2026-06-09T20:30:00+00:00,15.75,15.76,15.74,15.75,6173
2026-06-09T20:35:00+00:00,15.76,15.76,15.74,15.76,3125
2026-06-09T20:40:00+00:00,15.75,15.79,15.74,15.79,360
2026-06-09T20:45:00+00:00,15.79,15.79,15.74,15.74,2839
2026-06-09T20:50:00+00:00,15.78,15.79,15.74,15.78,439
2026-06-09T20:55:00+00:00,15.78,15.78,15.74,15.78,868962
2026-06-09T21:00:00+00:00,15.78,15.78,15.75,15.75,2404
2026-06-09T21:05:00+00:00,15.776,15.78,15.74,15.77,1232
2026-06-09T21:10:00+00:00,15.76,15.78,15.74,15.75,115
2026-06-09T21:15:00+00:00,15.74,15.79,15.74,15.742,2104
2026-06-09T21:20:00+00:00,15.776,15.79,15.72,15.76,961
2026-06-09T21:25:00+00:00,15.76,15.78,15.72,15.755,362
2026-06-09T21:30:00+00:00,15.78,15.78,15.72,15.78,2110
2026-06-09T21:35:00+00:00,15.78,15.78,15.74,15.75,71
2026-06-09T21:40:00+00:00,15.75,15.78,15.74,15.75,1548
2026-06-09T21:45:00+00:00,15.72,15.78,15.72,15.78,207
2026-06-09T21:50:00+00:00,15.78,15.78,15.75,15.77,658
2026-06-09T21:55:00+00:00,15.75,15.79,15.75,15.75,89892
2026-06-09T22:00:00+00:00,15.77,15.77,15.745,15.77,295
2026-06-09T22:05:00+00:00,15.769,15.77,15.75,15.76,1199
2026-06-09T22:10:00+00:00,15.76,15.76,15.75,15.76,2599
2026-06-09T22:15:00+00:00,15.76,15.79,15.75,15.77,4098
2026-06-09T22:20:00+00:00,15.79,15.79,15.76,15.78,426
2026-06-09T22:25:00+00:00,15.78,15.79,15.75,15.77,705
2026-06-09T22:30:00+00:00,15.78,15.79,15.75,15.779,3600
2026-06-09T22:35:00+00:00,15.777,15.78,15.75,15.75,1900
2026-06-09T22:40:00+00:00,15.749,15.75,15.72,15.75,962
2026-06-09T22:45:00+00:00,15.75,15.75,15.7,15.7,1213
2026-06-09T22:50:00+00:00,15.72,15.72,15.69,15.695,5868
2026-06-09T22:55:00+00:00,15.7,15.75,15.69,15.69,5460
2026-06-09T23:00:00+00:00,15.75,15.75,15.69,15.749,1817
2026-06-09T23:05:00+00:00,15.69,15.75,15.69,15.74,179
2026-06-09T23:10:00+00:00,15.691,15.75,15.69,15.692,46
2026-06-09T23:15:00+00:00,15.74,15.75,15.65,15.73,723
2026-06-09T23:20:00+00:00,15.718,15.72,15.685,15.72,119
2026-06-09T23:25:00+00:00,15.72,15.72,15.66,15.68,9012
2026-06-09T23:30:00+00:00,15.68,15.71,15.68,15.68,5158
2026-06-09T23:35:00+00:00,15.71,15.71,15.65,15.65,241
2026-06-09T23:40:00+00:00,15.68,15.68,15.67,15.68,3280
2026-06-09T23:45:00+00:00,15.68,15.71,15.67,15.71,2679
2026-06-09T23:50:00+00:00,15.71,15.72,15.67,15.72,3588
2026-06-09T23:55:00+00:00,15.67,15.72,15.67,15.72,1612
2026-06-10T08:00:00+00:00,15.65,15.75,15.526,15.66,20606
2026-06-10T08:05:00+00:00,15.657,15.72,15.57,15.66,704
2026-06-10T08:10:00+00:00,15.61,15.613,15.61,15.613,718
2026-06-10T08:15:00+00:00,15.65,15.65,15.65,15.65,17
2026-06-10T08:20:00+00:00,15.65,15.65,15.65,15.65,0
2026-06-10T08:25:00+00:00,15.64,15.65,15.61,15.61,1990
2026-06-10T08:30:00+00:00,15.61,15.61,15.6,15.602,291
2026-06-10T08:35:00+00:00,15.59,15.6,15.59,15.6,102
2026-06-10T08:40:00+00:00,15.6,15.65,15.59,15.65,53
2026-06-10T08:45:00+00:00,15.57,15.57,15.57,15.57,7
2026-06-10T08:50:00+00:00,15.57,15.57,15.57,15.57,22
2026-06-10T08:55:00+00:00,15.59,15.59,15.59,15.59,1
2026-06-10T09:00:00+00:00,15.567,15.57,15.567,15.57,95
2026-06-10T09:05:00+00:00,15.57,15.58,15.57,15.58,6
2026-06-10T09:10:00+00:00,15.566,15.566,15.55,15.56,371
2026-06-10T09:15:00+00:00,15.51,15.52,15.48,15.48,1653
2026-06-10T09:20:00+00:00,15.475,15.5,15.47,15.5,383
2026-06-10T09:25:00+00:00,15.45,15.5,15.45,15.498,1943
2026-06-10T09:30:00+00:00,15.53,15.552,15.518,15.552,817
2026-06-10T09:35:00+00:00,15.55,15.56,15.55,15.55,1441
2026-06-10T09:40:00+00:00,15.51,15.51,15.51,15.51,28
2026-06-10T09:45:00+00:00,15.522,15.522,15.522,15.522,50
2026-06-10T09:50:00+00:00,15.53,15.53,15.522,15.526,2520
2026-06-10T09:55:00+00:00,15.56,15.56,15.56,15.56,609
2026-06-10T10:00:00+00:00,15.55,15.55,15.52,15.52,120
2026-06-10T10:05:00+00:00,15.53,15.53,15.52,15.52,83
2026-06-10T10:10:00+00:00,15.55,15.55,15.55,15.55,60
2026-06-10T10:15:00+00:00,15.55,15.55,15.55,15.55,1
2026-06-10T10:20:00+00:00,15.55,15.56,15.536,15.538,1800
2026-06-10T10:25:00+00:00,15.538,15.538,15.538,15.538,0
2026-06-10T10:30:00+00:00,15.52,15.52,15.52,15.52,1
2026-06-10T10:35:00+00:00,15.55,15.55,15.53,15.54,1565
2026-06-10T10:40:00+00:00,15.617,15.617,15.617,15.617,1
2026-06-10T10:45:00+00:00,15.54,15.6,15.54,15.6,158
2026-06-10T10:50:00+00:00,15.57,15.57,15.547,15.547,110
2026-06-10T10:55:00+00:00,15.543,15.59,15.543,15.59,397
2026-06-10T11:00:00+00:00,15.58,15.61,15.52,15.52,3933
2026-06-10T11:05:00+00:00,15.514,15.6,15.5,15.55,6493
2026-06-10T11:10:00+00:00,15.56,15.59,15.5,15.519,17527
2026-06-10T11:15:00+00:00,15.572,15.59,15.5,15.578,21631
2026-06-10T11:20:00+00:00,15.58,15.59,15.5,15.578,666
2026-06-10T11:25:00+00:00,15.55,15.58,15.5,15.51,974
2026-06-10T11:30:00+00:00,15.51,15.56,15.5,15.5,12299
2026-06-10T11:35:00+00:00,15.5,15.53,15.49,15.53,11667
2026-06-10T11:40:00+00:00,15.492,15.52,15.49,15.507,6995
2026-06-10T11:45:00+00:00,15.45,15.49,15.45,15.46,4385
2026-06-10T11:50:00+00:00,15.461,15.49,15.46,15.466,1385
2026-06-10T11:55:00+00:00,15.499,15.5,15.472,15.48,1478
2026-06-10T12:00:00+00:00,15.472,15.53,15.47,15.49,723
2026-06-10T12:05:00+00:00,15.53,15.53,15.48,15.487,2066
2026-06-10T12:10:00+00:00,15.48,15.53,15.48,15.505,3713
2026-06-10T12:15:00+00:00,15.504,15.53,15.5,15.52,633
2026-06-10T12:20:00+00:00,15.515,15.56,15.5,15.5,1865
2026-06-10T12:25:00+00:00,15.53,15.56,15.5,15.56,744
2026-06-10T12:30:00+00:00,15.56,15.7,15.48,15.65,23136
2026-06-10T12:35:00+00:00,15.7,15.7,15.61,15.68,4141
2026-06-10T12:40:00+00:00,15.63,15.77,15.62,15.75,3284
2026-06-10T12:45:00+00:00,15.75,15.77,15.62,15.7,7077
2026-06-10T12:50:00+00:00,15.72,15.72,15.62,15.68,6753
2026-06-10T12:55:00+00:00,15.67,15.72,15.6,15.6,2788
2026-06-10T13:00:00+00:00,15.64,15.65,15.6,15.61,431
2026-06-10T13:05:00+00:00,15.65,15.74,15.6,15.65,2450
2026-06-10T13:10:00+00:00,15.613,15.72,15.6,15.72,3846
2026-06-10T13:15:00+00:00,15.65,15.72,15.6,15.6,1126
2026-06-10T13:20:00+00:00,15.65,15.72,15.6,15.665,3470
2026-06-10T13:25:00+00:00,15.69,15.71,15.53,15.66,4034
2026-06-10T13:30:00+00:00,15.672,15.74,15.48,15.505,274446
2026-06-10T13:35:00+00:00,15.51,15.69,15.48,15.661,277745
2026-06-10T13:40:00+00:00,15.665,15.73,15.62,15.69,182828
2026-06-10T13:45:00+00:00,15.69,15.8,15.645,15.76,292001
2026-06-10T13:50:00+00:00,15.75,15.75,15.59,15.611,196355
2026-06-10T13:55:00+00:00,15.6,15.63,15.54,15.55,152676
2026-06-10T14:00:00+00:00,15.55,15.555,15.485,15.505,140915
2026-06-10T14:05:00+00:00,15.505,15.535,15.45,15.525,185682
2026-06-10T14:10:00+00:00,15.525,15.56,15.48,15.51,179855
2026-06-10T14:15:00+00:00,15.5,15.55,15.45,15.535,464439
2026-06-10T14:20:00+00:00,15.535,15.57,15.495,15.57,214571
2026-06-10T14:25:00+00:00,15.575,15.59,15.525,15.551,158444
2026-06-10T14:30:00+00:00,15.555,15.625,15.52,15.61,144516
2026-06-10T14:35:00+00:00,15.61,15.61,15.495,15.505,180052
2026-06-10T14:40:00+00:00,15.5,15.53,15.45,15.455,149004
2026-06-10T14:45:00+00:00,15.46,15.51,15.42,15.43,199232
2026-06-10T14:50:00+00:00,15.43,15.51,15.43,15.47,123161
2026-06-10T14:55:00+00:00,15.46,15.475,15.36,15.4,198831
2026-06-10T15:00:00+00:00,15.39,15.495,15.35,15.43,151133
2026-06-10T15:05:00+00:00,15.42,15.44,15.39,15.425,139610
2026-06-10T15:10:00+00:00,15.43,15.45,15.355,15.37,97355
2026-06-10T15:15:00+00:00,15.37,15.39,15.325,15.38,143967
2026-06-10T15:20:00+00:00,15.375,15.43,15.37,15.41,95700
2026-06-10T15:25:00+00:00,15.41,15.46,15.4,15.425,152229
2026-06-10T15:30:00+00:00,15.43,15.48,15.425,15.44,115040
2026-06-10T15:35:00+00:00,15.44,15.469,15.425,15.46,74857
2026-06-10T15:40:00+00:00,15.455,15.52,15.44,15.5,92291
2026-06-10T15:45:00+00:00,15.505,15.535,15.402,15.41,124362
2026-06-10T15:50:00+00:00,15.415,15.45,15.34,15.425,117655
2026-06-10T15:55:00+00:00,15.42,15.46,15.39,15.448,88222
2026-06-10T16:00:00+00:00,15.45,15.46,15.39,15.41,36478
2026-06-10T16:05:00+00:00,15.405,15.45,15.404,15.415,64655
2026-06-10T16:10:00+00:00,15.42,15.42,15.38,15.386,79368
2026-06-10T16:15:00+00:00,15.385,15.41,15.37,15.4,94051
2026-06-10T16:20:00+00:00,15.4,15.425,15.375,15.375,101469
2026-06-10T16:25:00+00:00,15.37,15.375,15.314,15.32,138490
2026-06-10T16:30:00+00:00,15.32,15.33,15.29,15.325,120057
2026-06-10T16:35:00+00:00,15.33,15.35,15.3,15.305,125389
2026-06-10T16:40:00+00:00,15.31,15.31,15.26,15.26,72593
2026-06-10T16:45:00+00:00,15.255,15.26,15.22,15.255,79119
2026-06-10T16:50:00+00:00,15.25,15.28,15.21,15.215,63063
2026-06-10T16:55:00+00:00,15.215,15.23,15.19,15.22,212705
2026-06-10T17:00:00+00:00,15.215,15.24,15.17,15.24,132681
2026-06-10T17:05:00+00:00,15.23,15.24,15.18,15.187,72180
2026-06-10T17:10:00+00:00,15.185,15.185,15.12,15.165,112673
2026-06-10T17:15:00+00:00,15.165,15.18,15.155,15.155,58082
2026-06-10T17:20:00+00:00,15.155,15.17,15.14,15.165,73133
2026-06-10T17:25:00+00:00,15.165,15.18,15.13,15.155,49318
2026-06-10T17:30:00+00:00,15.155,15.165,15.12,15.16,64845
2026-06-10T17:35:00+00:00,15.16,15.165,15.081,15.085,87180
2026-06-10T17:40:00+00:00,15.085,15.105,15.075,15.08,59399
2026-06-10T17:45:00+00:00,15.075,15.17,15.065,15.16,121483
2026-06-10T17:50:00+00:00,15.16,15.19,15.12,15.165,123759
2026-06-10T17:55:00+00:00,15.165,15.22,15.165,15.205,167260
2026-06-10T18:00:00+00:00,15.21,15.23,15.19,15.195,137660
2026-06-10T18:05:00+00:00,15.2,15.2,15.12,15.12,140695
2026-06-10T18:10:00+00:00,15.124,15.135,15.11,15.125,60986
2026-06-10T18:15:00+00:00,15.12,15.13,15.04,15.065,221673
2026-06-10T18:20:00+00:00,15.07,15.09,15.043,15.085,122000
2026-06-10T18:25:00+00:00,15.09,15.11,15.07,15.08,114756
2026-06-10T18:30:00+00:00,15.075,15.08,15.04,15.045,77990
2026-06-10T18:35:00+00:00,15.045,15.05,15.01,15.03,107782
2026-06-10T18:40:00+00:00,15.035,15.045,14.985,15.001,241291
2026-06-10T18:45:00+00:00,15.005,15.01,14.97,14.975,102338
2026-06-10T18:50:00+00:00,14.975,14.98,14.95,14.965,146152
2026-06-10T18:55:00+00:00,14.965,14.97,14.93,14.955,203160
2026-06-10T19:00:00+00:00,14.955,14.97,14.93,14.945,187415
2026-06-10T19:05:00+00:00,14.945,15.009,14.93,14.99,229302
2026-06-10T19:10:00+00:00,14.995,15.025,14.885,14.9,254085
2026-06-10T19:15:00+00:00,14.897,14.897,14.81,14.82,194319
2026-06-10T19:20:00+00:00,14.81,14.815,14.77,14.795,380711
2026-06-10T19:25:00+00:00,14.795,14.835,14.77,14.815,322054
2026-06-10T19:30:00+00:00,14.815,14.82,14.785,14.785,199325
2026-06-10T19:35:00+00:00,14.785,14.82,14.78,14.805,205492
2026-06-10T19:40:00+00:00,14.805,14.81,14.775,14.775,305810
2026-06-10T19:45:00+00:00,14.775,14.78,14.72,14.735,500046
2026-06-10T19:50:00+00:00,14.735,14.76,14.675,14.7,817973
2026-06-10T19:55:00+00:00,14.695,14.79,14.645,14.76,2153722
2026-06-10T20:00:00+00:00,14.76,14.78,14.76,14.78,178363
2026-06-10T20:05:00+00:00,14.78,14.78,14.75,14.75,5637
2026-06-10T20:10:00+00:00,14.76,14.78,14.75,14.78,3982
2026-06-10T20:15:00+00:00,14.77,14.78,14.75,14.78,8505
2026-06-10T20:20:00+00:00,14.78,14.8,14.765,14.797,22475
2026-06-10T20:25:00+00:00,14.79,14.8,14.78,14.78,4632
2026-06-10T20:30:00+00:00,14.78,14.8,14.76,14.784,6856
2026-06-10T20:35:00+00:00,14.784,14.8,14.77,14.78,2074
2026-06-10T20:40:00+00:00,14.79,14.8,14.76,14.769,2835
2026-06-10T20:45:00+00:00,14.769,14.8,14.75,14.76,5662
2026-06-10T20:50:00+00:00,14.76,14.79,14.76,14.77,4277
2026-06-10T20:55:00+00:00,14.76,14.79,14.76,14.77,1658
2026-06-10T21:00:00+00:00,14.765,14.77,14.75,14.76,6903
2026-06-10T21:05:00+00:00,14.766,14.82,14.766,14.79,10381
2026-06-10T21:10:00+00:00,14.82,14.82,14.79,14.8,5050
2026-06-10T21:15:00+00:00,14.815,14.82,14.81,14.82,1132
2026-06-10T21:20:00+00:00,14.82,14.84,14.81,14.83,10988
2026-06-10T21:25:00+00:00,14.844,14.85,14.79,14.79,9106
2026-06-10T21:30:00+00:00,14.81,14.85,14.79,14.81,3978
2026-06-10T21:35:00+00:00,14.85,14.85,14.8,14.849,17415
2026-06-10T21:40:00+00:00,14.801,14.85,14.798,14.83,3278
2026-06-10T21:45:00+00:00,14.83,14.84,14.79,14.79,2758
2026-06-10T21:50:00+00:00,14.84,14.84,14.79,14.81,1187
2026-06-10T21:55:00+00:00,14.8,14.84,14.8,14.837,1700
2026-06-10T22:00:00+00:00,14.84,14.84,14.79,14.79,3994
2026-06-10T22:05:00+00:00,14.8,14.81,14.79,14.81,9704
2026-06-10T22:10:00+00:00,14.81,14.81,14.8,14.8,1241
2026-06-10T22:15:00+00:00,14.8,14.81,14.8,14.81,5078
2026-06-10T22:20:00+00:00,14.809,14.82,14.8,14.8,4548
2026-06-10T22:25:00+00:00,14.82,14.82,14.775,14.82,9369
2026-06-10T22:30:00+00:00,14.82,14.82,14.78,14.805,577
2026-06-10T22:35:00+00:00,14.82,14.82,14.79,14.82,1882
2026-06-10T22:40:00+00:00,14.82,14.82,14.78,14.79,1555
2026-06-10T22:45:00+00:00,14.8,14.82,14.778,14.778,2589
2026-06-10T22:50:00+00:00,14.78,14.8,14.77,14.797,3115
2026-06-10T22:55:00+00:00,14.79,14.79,14.78,14.79,1815
2026-06-10T23:00:00+00:00,14.79,14.79,14.78,14.78,990
2026-06-10T23:05:00+00:00,14.79,14.79,14.77,14.779,2948
2026-06-10T23:10:00+00:00,14.779,14.78,14.76,14.76,5218
2026-06-10T23:15:00+00:00,14.77,14.77,14.75,14.75,14087
2026-06-10T23:20:00+00:00,14.76,14.77,14.75,14.767,10611
2026-06-10T23:25:00+00:00,14.75,14.78,14.75,14.78,8665
2026-06-10T23:30:00+00:00,14.75,14.78,14.75,14.78,1266
2026-06-10T23:35:00+00:00,14.78,14.78,14.75,14.78,7271
2026-06-10T23:40:00+00:00,14.78,14.78,14.75,14.777,1028
2026-06-10T23:45:00+00:00,14.78,14.78,14.75,14.779,2265
2026-06-10T23:50:00+00:00,14.779,14.78,14.77,14.78,260
2026-06-10T23:55:00+00:00,14.777,14.78,14.75,14.776,1286
2026-06-11T08:00:00+00:00,14.9,15.04,14.87,15.03,30147
2026-06-11T08:05:00+00:00,15.03,15.03,14.96,14.96,86
2026-06-11T08:10:00+00:00,15.02,15.05,15.02,15.05,1025
2026-06-11T08:15:00+00:00,15.05,15.05,15.05,15.05,12
2026-06-11T08:20:00+00:00,15.04,15.04,15.04,15.04,5
2026-06-11T08:25:00+00:00,15.06,15.06,15.0,15.0,79
2026-06-11T08:30:00+00:00,15.03,15.031,15.024,15.024,34
2026-06-11T08:35:00+00:00,15.06,15.13,15.06,15.107,70
2026-06-11T08:40:00+00:00,15.13,15.13,15.12,15.12,109
2026-06-11T08:45:00+00:00,15.09,15.09,15.09,15.09,4
2026-06-11T08:50:00+00:00,15.04,15.07,15.04,15.07,6771
2026-06-11T08:55:00+00:00,15.09,15.09,15.09,15.09,209
2026-06-11T09:00:00+00:00,15.09,15.09,15.09,15.09,1
2026-06-11T09:05:00+00:00,15.09,15.09,15.09,15.09,61
2026-06-11T09:10:00+00:00,15.02,15.071,14.94,15.071,276
2026-06-11T09:15:00+00:00,15.071,15.071,15.071,15.071,0
2026-06-11T09:20:00+00:00,15.07,15.07,15.0,15.01,230
2026-06-11T09:25:00+00:00,15.01,15.01,15.01,15.01,0
2026-06-11T09:30:00+00:00,15.01,15.097,15.01,15.04,13
2026-06-11T09:35:00+00:00,15.08,15.08,15.01,15.01,53
2026-06-11T09:40:00+00:00,15.01,15.01,15.0,15.01,297
2026-06-11T09:45:00+00:00,15.01,15.05,15.01,15.05,2429
2026-06-11T09:50:00+00:00,15.05,15.05,15.05,15.05,0
2026-06-11T09:55:00+00:00,15.05,15.05,15.0,15.0,80
2026-06-11T10:00:00+00:00,15.05,15.05,15.05,15.05,62
2026-06-11T10:05:00+00:00,15.05,15.05,15.05,15.05,0
2026-06-11T10:10:00+00:00,15.04,15.05,15.04,15.05,1159
2026-06-11T10:15:00+00:00,15.045,15.045,15.03,15.03,159
2026-06-11T10:20:00+00:00,15.03,15.04,15.02,15.02,416
2026-06-11T10:25:00+00:00,15.01,15.01,15.01,15.01,2969
2026-06-11T10:30:00+00:00,15.02,15.03,15.02,15.03,431
2026-06-11T10:35:00+00:00,15.03,15.04,15.02,15.02,517
2026-06-11T10:40:00+00:00,15.02,15.03,15.02,15.03,2994
2026-06-11T10:45:00+00:00,15.02,15.036,15.02,15.036,880
2026-06-11T10:50:00+00:00,15.02,15.02,15.0,15.0,1753
2026-06-11T10:55:00+00:00,15.0,15.0,15.0,15.0,12
2026-06-11T11:00:00+00:00,14.99,15.01,14.95,14.96,5290
2026-06-11T11:05:00+00:00,14.95,15.0,14.94,14.94,12808
2026-06-11T11:10:00+00:00,14.94,15.0,14.91,14.958,9213
2026-06-11T11:15:00+00:00,14.91,14.97,14.91,14.97,1339
2026-06-11T11:20:00+00:00,14.91,15.0,14.91,14.98,771
2026-06-11T11:25:00+00:00,14.98,15.0,14.91,15.0,930
2026-06-11T11:30:00+00:00,14.95,15.04,14.91,15.04,4486
2026-06-11T11:35:00+00:00,15.021,15.04,15.02,15.03,1494
2026-06-11T11:40:00+00:00,15.04,15.04,14.96,15.017,5132
2026-06-11T11:45:00+00:00,14.98,15.04,14.98,15.03,4698
2026-06-11T11:50:00+00:00,15.03,15.03,15.0,15.03,11764
2026-06-11T11:55:00+00:00,15.023,15.03,15.01,15.03,4634
2026-06-11T12:00:00+00:00,15.03,15.04,15.02,15.039,6326
2026-06-11T12:05:00+00:00,15.04,15.04,15.02,15.03,2289
2026-06-11T12:10:00+00:00,15.025,15.03,15.01,15.03,2918
2026-06-11T12:15:00+00:00,15.02,15.03,15.01,15.02,3543
2026-06-11T12:20:00+00:00,15.03,15.04,14.94,14.955,4233
2026-06-11T12:25:00+00:00,14.93,15.04,14.91,14.91,9969
2026-06-11T12:30:00+00:00,14.96,14.96,14.85,14.85,9875
2026-06-11T12:35:00+00:00,14.86,14.93,14.85,14.9,13522
2026-06-11T12:40:00+00:00,14.93,14.93,14.87,14.919,1665
2026-06-11T12:45:00+00:00,14.89,14.911,14.88,14.911,4914
2026-06-11T12:50:00+00:00,14.92,14.93,14.89,14.915,8047
2026-06-11T12:55:00+00:00,14.929,14.93,14.9,14.91,3290
2026-06-11T13:00:00+00:00,14.9,14.91,14.88,14.88,7714
2026-06-11T13:05:00+00:00,14.88,14.9,14.875,14.875,3052
2026-06-11T13:10:00+00:00,14.88,14.92,14.87,14.9,3529
2026-06-11T13:15:00+00:00,14.875,14.9,14.862,14.87,1336
2026-06-11T13:20:00+00:00,14.88,14.9,14.86,14.88,6979
2026-06-11T13:25:00+00:00,14.88,14.9,14.73,14.73,27594
2026-06-11T13:30:00+00:00,14.73,14.87,14.482,14.545,601964
2026-06-11T13:35:00+00:00,14.54,14.715,14.49,14.585,348050
2026-06-11T13:40:00+00:00,14.59,14.71,14.5,14.665,297559
2026-06-11T13:45:00+00:00,14.67,14.86,14.655,14.805,373088
2026-06-11T13:50:00+00:00,14.805,15.02,14.805,14.99,323812
2026-06-11T13:55:00+00:00,15.0,15.04,14.97,15.03,244895
2026-06-11T14:00:00+00:00,15.03,15.07,15.0,15.03,225976
2026-06-11T14:05:00+00:00,15.025,15.04,14.995,15.005,134751
2026-06-11T14:10:00+00:00,15.005,15.01,14.87,14.88,251589
2026-06-11T14:15:00+00:00,14.89,14.895,14.79,14.805,128359
2026-06-11T14:20:00+00:00,14.805,14.92,14.8,14.85,170565
2026-06-11T14:25:00+00:00,14.84,14.875,14.79,14.865,141370
2026-06-11T14:30:00+00:00,14.86,14.98,14.829,14.965,215205
2026-06-11T14:35:00+00:00,14.965,15.05,14.955,15.007,349295
2026-06-11T14:40:00+00:00,15.005,15.045,14.955,14.995,132657
2026-06-11T14:45:00+00:00,15.0,15.15,15.0,15.085,307745
2026-06-11T14:50:00+00:00,15.085,15.09,15.05,15.08,155251
2026-06-11T14:55:00+00:00,15.085,15.15,15.02,15.11,270113
2026-06-11T15:00:00+00:00,15.115,15.15,15.05,15.125,263565
2026-06-11T15:05:00+00:00,15.125,15.21,15.105,15.185,150812
2026-06-11T15:10:00+00:00,15.19,15.21,15.165,15.205,192868
2026-06-11T15:15:00+00:00,15.205,15.25,15.165,15.235,128393
2026-06-11T15:20:00+00:00,15.235,15.3,15.225,15.29,212271
2026-06-11T15:25:00+00:00,15.285,15.295,15.24,15.265,143408
2026-06-11T15:30:00+00:00,15.265,15.28,15.23,15.255,182401
2026-06-11T15:35:00+00:00,15.25,15.26,15.161,15.161,137284
2026-06-11T15:40:00+00:00,15.165,15.195,15.11,15.125,134760
2026-06-11T15:45:00+00:00,15.125,15.165,15.11,15.11,72394
2026-06-11T15:50:00+00:00,15.115,15.14,15.08,15.08,89930
2026-06-11T15:55:00+00:00,15.085,15.25,15.065,15.24,192434
2026-06-11T16:00:00+00:00,15.241,15.3,15.205,15.22,191631
2026-06-11T16:05:00+00:00,15.225,15.265,15.22,15.265,120310
2026-06-11T16:10:00+00:00,15.265,15.37,15.26,15.32,208302
2026-06-11T16:15:00+00:00,15.315,15.33,15.255,15.265,198155
2026-06-11T16:20:00+00:00,15.27,15.295,15.235,15.249,101703
2026-06-11T16:25:00+00:00,15.25,15.27,15.23,15.235,133589
2026-06-11T16:30:00+00:00,15.235,15.295,15.2,15.27,127440
2026-06-11T16:35:00+00:00,15.265,15.28,15.19,15.205,100015
2026-06-11T16:40:00+00:00,15.21,15.275,15.18,15.27,96281
2026-06-11T16:45:00+00:00,15.275,15.28,15.22,15.225,118700
2026-06-11T16:50:00+00:00,15.225,15.26,15.205,15.245,148695
2026-06-11T16:55:00+00:00,15.245,15.28,15.23,15.25,103720
2026-06-11T17:00:00+00:00,15.255,15.29,15.225,15.245,97943
2026-06-11T17:05:00+00:00,15.245,15.29,15.239,15.265,99514
2026-06-11T17:10:00+00:00,15.26,15.275,15.22,15.235,58610
2026-06-11T17:15:00+00:00,15.235,15.235,15.13,15.145,90921
2026-06-11T17:20:00+00:00,15.145,15.15,15.1,15.145,78554
2026-06-11T17:25:00+00:00,15.15,15.35,15.15,15.34,211597
2026-06-11T17:30:00+00:00,15.345,15.42,15.28,15.34,207698
2026-06-11T17:35:00+00:00,15.345,15.36,15.27,15.29,135054
2026-06-11T17:40:00+00:00,15.295,15.425,15.275,15.41,144391
2026-06-11T17:45:00+00:00,15.405,15.42,15.345,15.39,126699
2026-06-11T17:50:00+00:00,15.39,15.41,15.34,15.395,120411
2026-06-11T17:55:00+00:00,15.385,15.44,15.38,15.425,139766
2026-06-11T18:00:00+00:00,15.42,15.435,15.35,15.375,101913
2026-06-11T18:05:00+00:00,15.375,15.375,15.3,15.31,108982
2026-06-11T18:10:00+00:00,15.31,15.36,15.31,15.36,90914
2026-06-11T18:15:00+00:00,15.365,15.42,15.355,15.379,132683
2026-06-11T18:20:00+00:00,15.37,15.371,15.28,15.31,58116
2026-06-11T18:25:00+00:00,15.31,15.33,15.29,15.31,74009
2026-06-11T18:30:00+00:00,15.315,15.315,15.24,15.24,40464
2026-06-11T18:35:00+00:00,15.245,15.275,15.235,15.245,91800
2026-06-11T18:40:00+00:00,15.25,15.255,15.24,15.24,46480
2026-06-11T18:45:00+00:00,15.245,15.255,15.225,15.235,34334
2026-06-11T18:50:00+00:00,15.235,15.245,15.215,15.235,48857
2026-06-11T18:55:00+00:00,15.235,15.24,15.2,15.205,72904
2026-06-11T19:00:00+00:00,15.205,15.255,15.205,15.255,99574
2026-06-11T19:05:00+00:00,15.26,15.26,15.225,15.235,69620
2026-06-11T19:10:00+00:00,15.23,15.37,15.22,15.33,269979
2026-06-11T19:15:00+00:00,15.335,15.375,15.335,15.355,62589
2026-06-11T19:20:00+00:00,15.36,15.39,15.35,15.37,93897
2026-06-11T19:25:00+00:00,15.36,15.41,15.36,15.405,138625
2026-06-11T19:30:00+00:00,15.41,15.585,15.41,15.565,265737
2026-06-11T19:35:00+00:00,15.568,15.58,15.49,15.495,199274
2026-06-11T19:40:00+00:00,15.495,15.56,15.495,15.535,170075
2026-06-11T19:45:00+00:00,15.53,15.55,15.51,15.525,210718
2026-06-11T19:50:00+00:00,15.53,15.64,15.526,15.575,608486
2026-06-11T19:55:00+00:00,15.57,15.59,15.51,15.54,774870
2026-06-11T20:00:00+00:00,15.54,15.57,15.49,15.54,1615600
2026-06-11T20:05:00+00:00,15.541,15.63,15.54,15.63,1037
2026-06-11T20:10:00+00:00,15.54,15.59,15.54,15.565,2027
2026-06-11T20:15:00+00:00,15.57,15.57,15.45,15.525,2305
2026-06-11T20:20:00+00:00,15.52,15.55,15.5,15.54,6930
2026-06-11T20:25:00+00:00,15.52,15.54,15.493,15.51,110438
2026-06-11T20:30:00+00:00,15.495,15.58,15.45,15.45,32619
2026-06-11T20:35:00+00:00,15.549,15.55,15.45,15.54,6553
2026-06-11T20:40:00+00:00,15.54,15.54,15.5,15.504,6891
2026-06-11T20:45:00+00:00,15.5,15.52,15.45,15.475,5520
2026-06-11T20:50:00+00:00,15.45,15.53,15.45,15.498,3523
2026-06-11T20:55:00+00:00,15.5,15.54,15.46,15.54,538
2026-06-11T21:00:00+00:00,15.54,15.54,15.46,15.54,1337050
2026-06-11T21:05:00+00:00,15.54,15.54,15.5,15.52,240
2026-06-11T21:10:00+00:00,15.53,15.54,15.52,15.54,540
2026-06-11T21:15:00+00:00,15.53,15.54,15.52,15.54,4509
2026-06-11T21:20:00+00:00,15.54,15.54,15.52,15.52,432
2026-06-11T21:25:00+00:00,15.54,15.54,15.47,15.54,6657
2026-06-11T21:30:00+00:00,15.47,15.55,15.47,15.55,3706
2026-06-11T21:35:00+00:00,15.54,15.55,15.52,15.53,222
2026-06-11T21:40:00+00:00,15.53,15.55,15.52,15.55,476
2026-06-11T21:45:00+00:00,15.54,15.55,15.54,15.54,1138
2026-06-11T21:50:00+00:00,15.541,15.55,15.54,15.54,754
2026-06-11T21:55:00+00:00,15.54,15.55,15.54,15.55,2478
2026-06-11T22:00:00+00:00,15.55,15.55,15.54,15.55,4415
2026-06-11T22:05:00+00:00,15.54,15.58,15.54,15.57,1142
2026-06-11T22:10:00+00:00,15.56,15.57,15.56,15.56,1766
2026-06-11T22:15:00+00:00,15.56,15.57,15.56,15.57,780
2026-06-11T22:20:00+00:00,15.565,15.58,15.54,15.54,679
2026-06-11T22:25:00+00:00,15.58,15.58,15.56,15.57,2639
2026-06-11T22:30:00+00:00,15.56,15.58,15.56,15.58,833
2026-06-11T22:35:00+00:00,15.58,15.58,15.56,15.58,1387
2026-06-11T22:40:00+00:00,15.58,15.58,15.56,15.56,1224
2026-06-11T22:45:00+00:00,15.579,15.58,15.56,15.56,1810
2026-06-11T22:50:00+00:00,15.58,15.58,15.56,15.58,2105
2026-06-11T22:55:00+00:00,15.58,15.58,15.56,15.58,644
2026-06-11T23:00:00+00:00,15.58,15.58,15.55,15.55,411
2026-06-11T23:05:00+00:00,15.56,15.58,15.55,15.55,475
2026-06-11T23:10:00+00:00,15.55,15.58,15.55,15.58,414
2026-06-11T23:15:00+00:00,15.565,15.58,15.55,15.56,591
2026-06-11T23:20:00+00:00,15.56,15.58,15.56,15.57,1106
2026-06-11T23:25:00+00:00,15.58,15.58,15.57,15.579,330
2026-06-11T23:30:00+00:00,15.561,15.58,15.55,15.554,4172
2026-06-11T23:35:00+00:00,15.55,15.57,15.55,15.56,2551
2026-06-11T23:40:00+00:00,15.57,15.58,15.55,15.55,5372
2026-06-11T23:45:00+00:00,15.55,15.58,15.55,15.57,4117
2026-06-11T23:50:00+00:00,15.58,15.58,15.57,15.58,1472
2026-06-11T23:55:00+00:00,15.57,15.58,15.57,15.58,1487
2026-06-12T08:00:00+00:00,15.53,15.57,15.43,15.54,12778
2026-06-12T08:05:00+00:00,15.53,15.54,15.45,15.54,885
2026-06-12T08:10:00+00:00,15.544,15.58,15.54,15.58,2333
2026-06-12T08:15:00+00:00,15.572,15.58,15.57,15.58,1558
2026-06-12T08:20:00+00:00,15.59,15.6,15.59,15.6,20
2026-06-12T08:25:00+00:00,15.6,15.6,15.6,15.6,0
2026-06-12T08:30:00+00:00,15.64,15.65,15.6,15.6,1964
2026-06-12T08:35:00+00:00,15.657,15.657,15.657,15.657,2
2026-06-12T08:40:00+00:00,15.637,15.637,15.637,15.637,3
2026-06-12T08:45:00+00:00,15.637,15.637,15.637,15.637,0
2026-06-12T08:50:00+00:00,15.63,15.652,15.63,15.63,519
2026-06-12T08:55:00+00:00,15.6,15.6,15.6,15.6,2
2026-06-12T09:00:00+00:00,15.595,15.595,15.57,15.57,176
2026-06-12T09:05:00+00:00,15.57,15.57,15.57,15.57,50
2026-06-12T09:10:00+00:00,15.57,15.57,15.57,15.57,18
2026-06-12T09:15:00+00:00,15.55,15.55,15.55,15.55,6
2026-06-12T09:20:00+00:00,15.55,15.55,15.55,15.55,0
2026-06-12T09:25:00+00:00,15.55,15.55,15.55,15.55,0
2026-06-12T09:30:00+00:00,15.64,15.64,15.64,15.64,51
2026-06-12T09:35:00+00:00,15.67,15.67,15.67,15.67,19
2026-06-12T09:40:00+00:00,15.59,15.67,15.59,15.67,45
2026-06-12T09:45:00+00:00,15.67,15.67,15.67,15.67,0
2026-06-12T09:50:00+00:00,15.67,15.67,15.661,15.661,22
2026-06-12T09:55:00+00:00,15.661,15.661,15.661,15.661,0
2026-06-12T10:00:00+00:00,15.661,15.661,15.661,15.661,0
2026-06-12T10:05:00+00:00,15.64,15.64,15.64,15.64,14
2026-06-12T10:10:00+00:00,15.64,15.66,15.64,15.66,36
2026-06-12T10:15:00+00:00,15.65,15.65,15.62,15.62,152
2026-06-12T10:20:00+00:00,15.62,15.62,15.62,15.62,0
2026-06-12T10:25:00+00:00,15.6,15.6,15.6,15.6,10
2026-06-12T10:30:00+00:00,15.6,15.67,15.6,15.6,108
2026-06-12T10:35:00+00:00,15.6,15.67,15.6,15.67,197
2026-06-12T10:40:00+00:00,15.663,15.663,15.65,15.65,33
2026-06-12T10:45:00+00:00,15.63,15.63,15.63,15.63,55
2026-06-12T10:50:00+00:00,15.63,15.63,15.63,15.63,0
2026-06-12T10:55:00+00:00,15.63,15.67,15.63,15.63,87
2026-06-12T11:00:00+00:00,15.63,15.67,15.6,15.67,133
2026-06-12T11:05:00+00:00,15.65,15.67,15.63,15.65,2257
2026-06-12T11:10:00+00:00,15.63,15.67,15.63,15.654,3347
2026-06-12T11:15:00+00:00,15.66,15.67,15.63,15.63,771
2026-06-12T11:20:00+00:00,15.66,15.67,15.63,15.66,1866
2026-06-12T11:25:00+00:00,15.64,15.67,15.64,15.66,774
2026-06-12T11:30:00+00:00,15.67,15.68,15.63,15.67,3401
2026-06-12T11:35:00+00:00,15.68,15.7,15.68,15.68,4102
2026-06-12T11:40:00+00:00,15.675,15.7,15.66,15.7,7356
2026-06-12T11:45:00+00:00,15.696,15.7,15.68,15.69,514
2026-06-12T11:50:00+00:00,15.7,15.71,15.66,15.71,6390
2026-06-12T11:55:00+00:00,15.71,15.71,15.66,15.675,551
2026-06-12T12:00:00+00:00,15.67,15.69,15.66,15.67,9997
2026-06-12T12:05:00+00:00,15.665,15.67,15.65,15.65,3693
2026-06-12T12:10:00+00:00,15.647,15.647,15.61,15.626,8415
2026-06-12T12:15:00+00:00,15.613,15.65,15.61,15.635,1902
2026-06-12T12:20:00+00:00,15.63,15.64,15.61,15.629,3571
2026-06-12T12:25:00+00:00,15.62,15.64,15.52,15.52,1406
2026-06-12T12:30:00+00:00,15.53,15.64,15.52,15.57,23346
2026-06-12T12:35:00+00:00,15.64,15.64,15.56,15.6,2455
2026-06-12T12:40:00+00:00,15.6,15.6,15.52,15.52,4605
2026-06-12T12:45:00+00:00,15.6,15.6,15.52,15.52,1636
2026-06-12T12:50:00+00:00,15.54,15.58,15.5,15.549,773
2026-06-12T12:55:00+00:00,15.52,15.52,15.46,15.49,15753
2026-06-12T13:00:00+00:00,15.495,15.5,15.46,15.47,2356
2026-06-12T13:05:00+00:00,15.46,15.5,15.46,15.48,3445
2026-06-12T13:10:00+00:00,15.48,15.6,15.46,15.46,8766
2026-06-12T13:15:00+00:00,15.509,15.51,15.46,15.5,4564
2026-06-12T13:20:00+00:00,15.51,15.56,15.48,15.56,1305
2026-06-12T13:25:00+00:00,15.53,15.71,15.48,15.67,6632
2026-06-12T13:30:00+00:00,15.675,16.16,15.675,16.035,886019
2026-06-12T13:35:00+00:00,16.04,16.105,15.97,16.018,382929
2026-06-12T13:40:00+00:00,16.02,16.02,15.8,15.86,314202
2026-06-12T13:45:00+00:00,15.87,15.94,15.73,15.75,283257
2026-06-12T13:50:00+00:00,15.73,15.865,15.72,15.85,220574
2026-06-12T13:55:00+00:00,15.85,15.89,15.77,15.82,149246
2026-06-12T14:00:00+00:00,15.82,15.97,15.82,15.945,299845
2026-06-12T14:05:00+00:00,15.945,16.049,15.93,15.985,208647
2026-06-12T14:10:00+00:00,15.99,15.99,15.83,15.84,156178
2026-06-12T14:15:00+00:00,15.835,15.92,15.83,15.885,92650
2026-06-12T14:20:00+00:00,15.885,15.89,15.73,15.732,147504
2026-06-12T14:25:00+00:00,15.74,15.82,15.74,15.795,189224
2026-06-12T14:30:00+00:00,15.79,15.81,15.715,15.745,142910
2026-06-12T14:35:00+00:00,15.745,15.81,15.735,15.775,158173
2026-06-12T14:40:00+00:00,15.775,15.89,15.735,15.74,293625
2026-06-12T14:45:00+00:00,15.735,15.8,15.68,15.69,264765
2026-06-12T14:50:00+00:00,15.69,15.88,15.676,15.88,198819
2026-06-12T14:55:00+00:00,15.88,15.92,15.865,15.9,143063
2026-06-12T15:00:00+00:00,15.9,15.92,15.835,15.85,83039
2026-06-12T15:05:00+00:00,15.845,15.915,15.845,15.91,65760
2026-06-12T15:10:00+00:00,15.905,15.91,15.86,15.88,70478
2026-06-12T15:15:00+00:00,15.875,15.88,15.8,15.815,58604
2026-06-12T15:20:00+00:00,15.81,15.86,15.8,15.85,68910
2026-06-12T15:25:00+00:00,15.845,15.85,15.77,15.8,80364
2026-06-12T15:30:00+00:00,15.795,15.795,15.73,15.75,119991
2026-06-12T15:35:00+00:00,15.74,15.785,15.705,15.717,180425
2026-06-12T15:40:00+00:00,15.71,15.715,15.605,15.615,161514
2026-06-12T15:45:00+00:00,15.615,15.64,15.54,15.545,117726
2026-06-12T15:50:00+00:00,15.549,15.555,15.495,15.53,96528
2026-06-12T15:55:00+00:00,15.535,15.54,15.435,15.46,223798
2026-06-12T16:00:00+00:00,15.465,15.53,15.44,15.48,142042
2026-06-12T16:05:00+00:00,15.48,15.548,15.45,15.54,128732
2026-06-12T16:10:00+00:00,15.535,15.735,15.52,15.715,161180
2026-06-12T16:15:00+00:00,15.72,15.74,15.57,15.585,137510
2026-06-12T16:20:00+00:00,15.585,15.71,15.57,15.7,187455
2026-06-12T16:25:00+00:00,15.705,15.75,15.67,15.735,155456
2026-06-12T16:30:00+00:00,15.74,15.919,15.735,15.91,177699
2026-06-12T16:35:00+00:00,15.915,16.13,15.915,16.065,396685
2026-06-12T16:40:00+00:00,16.065,16.12,16.04,16.04,199720
2026-06-12T16:45:00+00:00,16.045,16.08,15.96,16.04,217082
2026-06-12T16:50:00+00:00,16.041,16.25,16.03,16.225,465771
2026-06-12T16:55:00+00:00,16.225,16.28,16.175,16.191,395809
2026-06-12T17:00:00+00:00,16.199,16.3,16.18,16.24,293223
2026-06-12T17:05:00+00:00,16.24,16.295,16.235,16.245,195923
2026-06-12T17:10:00+00:00,16.244,16.245,16.182,16.205,281283
2026-06-12T17:15:00+00:00,16.205,16.21,16.17,16.183,113237
2026-06-12T17:20:00+00:00,16.185,16.22,16.18,16.218,110467
2026-06-12T17:25:00+00:00,16.21,16.27,16.205,16.265,133271
2026-06-12T17:30:00+00:00,16.265,16.28,16.215,16.225,94883
2026-06-12T17:35:00+00:00,16.225,16.245,16.2,16.21,94902
2026-06-12T17:40:00+00:00,16.215,16.215,16.17,16.175,106645
2026-06-12T17:45:00+00:00,16.17,16.195,16.15,16.165,107745
2026-06-12T17:50:00+00:00,16.17,16.19,16.135,16.17,113555
2026-06-12T17:55:00+00:00,16.16,16.165,16.13,16.155,55768
2026-06-12T18:00:00+00:00,16.155,16.16,16.13,16.13,77835
2026-06-12T18:05:00+00:00,16.12,16.17,16.11,16.163,111845
2026-06-12T18:10:00+00:00,16.165,16.5,16.155,16.475,462295
2026-06-12T18:15:00+00:00,16.48,16.55,16.43,16.51,418740
2026-06-12T18:20:00+00:00,16.505,16.609,16.475,16.56,413215
2026-06-12T18:25:00+00:00,16.555,16.585,16.51,16.525,273768
2026-06-12T18:30:00+00:00,16.52,16.565,16.475,16.485,243055
2026-06-12T18:35:00+00:00,16.49,16.57,16.47,16.55,344674
2026-06-12T18:40:00+00:00,16.55,16.6,16.54,16.585,264194
2026-06-12T18:45:00+00:00,16.585,16.606,16.55,16.565,238453
2026-06-12T18:50:00+00:00,16.565,16.58,16.54,16.555,138332
2026-06-12T18:55:00+00:00,16.555,16.58,16.545,16.55,152432
2026-06-12T19:00:00+00:00,16.555,16.56,16.51,16.525,185486
2026-06-12T19:05:00+00:00,16.53,16.54,16.51,16.525,163394
2026-06-12T19:10:00+00:00,16.52,16.545,16.51,16.53,182585
2026-06-12T19:15:00+00:00,16.53,16.575,16.46,16.55,263709
2026-06-12T19:20:00+00:00,16.545,16.565,16.5,16.505,248383
2026-06-12T19:25:00+00:00,16.505,16.54,16.5,16.53,112943
2026-06-12T19:30:00+00:00,16.53,16.67,16.53,16.635,506473
2026-06-12T19:35:00+00:00,16.64,16.73,16.59,16.73,458384
2026-06-12T19:40:00+00:00,16.73,16.775,16.69,16.705,355342
2026-06-12T19:45:00+00:00,16.71,16.71,16.585,16.585,298163
2026-06-12T19:50:00+00:00,16.585,16.655,16.585,16.62,446441
2026-06-12T19:55:00+00:00,16.625,16.77,16.625,16.76,1387256
2026-06-12T20:00:00+00:00,16.76,16.78,16.65,16.722,343676
2026-06-12T20:05:00+00:00,16.72,16.73,16.71,16.71,16236
2026-06-12T20:10:00+00:00,16.714,16.76,16.71,16.72,8849
2026-06-12T20:15:00+00:00,16.71,16.75,16.71,16.73,31741
2026-06-12T20:20:00+00:00,16.75,16.75,16.72,16.73,2795
2026-06-12T20:25:00+00:00,16.746,16.75,16.71,16.71,1690
2026-06-12T20:30:00+00:00,16.65,16.74,16.65,16.72,3207
2026-06-12T20:35:00+00:00,16.73,16.73,16.65,16.71,1227
2026-06-12T20:40:00+00:00,16.685,16.71,16.66,16.7,2028
2026-06-12T20:45:00+00:00,16.69,16.7,16.66,16.69,613
2026-06-12T20:50:00+00:00,16.7,16.7,16.66,16.68,2173
2026-06-12T20:55:00+00:00,16.7,16.7,16.66,16.68,240108
2026-06-12T21:00:00+00:00,16.7,16.7,16.66,16.69,800
2026-06-12T21:05:00+00:00,16.66,16.69,16.66,16.679,2320
2026-06-12T21:10:00+00:00,16.68,16.7,16.67,16.68,3139
2026-06-12T21:15:00+00:00,16.7,16.7,16.68,16.7,1386
2026-06-12T21:20:00+00:00,16.684,16.7,16.68,16.7,2179
2026-06-12T21:25:00+00:00,16.69,16.73,16.68,16.73,2656
2026-06-12T21:30:00+00:00,16.73,16.73,16.69,16.69,648
2026-06-12T21:35:00+00:00,16.73,16.73,16.69,16.69,737
2026-06-12T21:40:00+00:00,16.73,16.73,16.69,16.7,255
2026-06-12T21:45:00+00:00,16.72,16.72,16.69,16.72,1023
2026-06-12T21:50:00+00:00,16.72,16.76,16.69,16.76,2896
2026-06-12T21:55:00+00:00,16.74,16.76,16.74,16.76,2640
2026-06-12T22:00:00+00:00,16.75,16.78,16.74,16.76,1988
2026-06-12T22:05:00+00:00,16.78,16.78,16.75,16.78,736
2026-06-12T22:10:00+00:00,16.75,16.78,16.75,16.778,2447
2026-06-12T22:15:00+00:00,16.78,16.78,16.77,16.78,4244
2026-06-12T22:20:00+00:00,16.78,16.78,16.77,16.78,1522
2026-06-12T22:25:00+00:00,16.78,16.78,16.77,16.78,2852
2026-06-12T22:30:00+00:00,16.78,16.79,16.78,16.78,3049
2026-06-12T22:35:00+00:00,16.78,16.79,16.78,16.78,5342
2026-06-12T22:40:00+00:00,16.78,16.79,16.78,16.79,5235
2026-06-12T22:45:00+00:00,16.789,16.79,16.78,16.79,15689
2026-06-12T22:50:00+00:00,16.79,16.79,16.77,16.77,2503
2026-06-12T22:55:00+00:00,16.771,16.79,16.77,16.79,3671
2026-06-12T23:00:00+00:00,16.79,16.79,16.77,16.77,1648
2026-06-12T23:05:00+00:00,16.78,16.79,16.77,16.79,655
2026-06-12T23:10:00+00:00,16.77,16.79,16.77,16.77,2483
2026-06-12T23:15:00+00:00,16.79,16.79,16.77,16.78,2013
2026-06-12T23:20:00+00:00,16.79,16.79,16.78,16.78,2157
2026-06-12T23:25:00+00:00,16.79,16.79,16.74,16.765,2915
2026-06-12T23:30:00+00:00,16.79,16.79,16.74,16.75,1185
2026-06-12T23:35:00+00:00,16.76,16.78,16.75,16.78,2226
2026-06-12T23:40:00+00:00,16.78,16.78,16.75,16.78,4712
2026-06-12T23:45:00+00:00,16.74,16.78,16.74,16.76,1720
2026-06-12T23:50:00+00:00,16.78,16.78,16.74,16.75,798
2026-06-12T23:55:00+00:00,16.778,16.78,16.74,16.75,1272
2026-06-15T08:00:00+00:00,17.01,17.13,17.01,17.13,29802
2026-06-15T08:05:00+00:00,17.1,17.12,17.06,17.08,2704
2026-06-15T08:10:00+00:00,17.05,17.084,17.05,17.08,905
2026-06-15T08:15:00+00:00,17.05,17.05,17.05,17.05,119
2026-06-15T08:20:00+00:00,17.05,17.06,17.04,17.06,142
2026-06-15T08:25:00+00:00,17.068,17.069,17.068,17.069,75
2026-06-15T08:30:00+00:00,17.061,17.061,17.061,17.061,50
2026-06-15T08:35:00+00:00,17.079,17.11,17.079,17.1,353
2026-06-15T08:40:00+00:00,17.1,17.11,17.1,17.11,52
2026-06-15T08:45:00+00:00,17.109,17.109,17.053,17.053,1480
2026-06-15T08:50:00+00:00,17.06,17.094,17.06,17.094,35
2026-06-15T08:55:00+00:00,17.06,17.1,17.06,17.1,109
2026-06-15T09:00:00+00:00,17.128,17.128,17.128,17.128,5
2026-06-15T09:05:00+00:00,17.128,17.128,17.128,17.128,0
2026-06-15T09:10:00+00:00,17.12,17.12,17.091,17.091,251
2026-06-15T09:15:00+00:00,17.091,17.091,17.091,17.091,0
2026-06-15T09:20:00+00:00,17.091,17.091,17.091,17.091,0
2026-06-15T09:25:00+00:00,17.091,17.091,17.091,17.091,0
2026-06-15T09:30:00+00:00,17.098,17.098,17.098,17.098,10
2026-06-15T09:35:00+00:00,17.098,17.098,17.09,17.09,4
2026-06-15T09:40:00+00:00,17.1,17.1,17.09,17.09,317
2026-06-15T09:45:00+00:00,17.089,17.089,17.089,17.089,120
2026-06-15T09:50:00+00:00,17.07,17.07,17.07,17.07,107
2026-06-15T09:55:00+00:00,17.07,17.09,17.07,17.086,912
2026-06-15T10:00:00+00:00,17.086,17.086,17.086,17.086,0
2026-06-15T10:05:00+00:00,17.08,17.09,17.07,17.09,147
2026-06-15T10:10:00+00:00,17.09,17.13,17.09,17.12,182
2026-06-15T10:15:00+00:00,17.13,17.13,17.13,17.13,5
2026-06-15T10:20:00+00:00,17.13,17.13,17.115,17.115,126
2026-06-15T10:25:00+00:00,17.11,17.11,17.07,17.07,73
2026-06-15T10:30:00+00:00,17.07,17.08,17.07,17.08,400
2026-06-15T10:35:00+00:00,17.08,17.11,17.08,17.08,413
2026-06-15T10:40:00+00:00,17.08,17.08,17.08,17.08,0
2026-06-15T10:45:00+00:00,17.11,17.115,17.09,17.09,185
2026-06-15T10:50:00+00:00,17.102,17.102,17.102,17.102,6
2026-06-15T10:55:00+00:00,17.08,17.08,17.08,17.08,339
2026-06-15T11:00:00+00:00,17.085,17.11,17.07,17.11,16502
2026-06-15T11:05:00+00:00,17.11,17.13,17.1,17.111,31794
2026-06-15T11:10:00+00:00,17.12,17.13,17.11,17.13,19514
2026-06-15T11:15:00+00:00,17.13,17.13,17.09,17.1,20288
2026-06-15T11:20:00+00:00,17.09,17.15,17.09,17.097,4428
2026-06-15T11:25:00+00:00,17.14,17.14,17.097,17.101,3098
2026-06-15T11:30:00+00:00,17.105,17.14,17.1,17.14,11596
2026-06-15T11:35:00+00:00,17.13,17.15,17.1,17.11,3198
2026-06-15T11:40:00+00:00,17.11,17.15,17.1,17.12,7553
2026-06-15T11:45:00+00:00,17.11,17.142,17.1,17.1,5626
2026-06-15T11:50:00+00:00,17.13,17.15,17.1,17.14,17166
2026-06-15T11:55:00+00:00,17.14,17.15,17.12,17.14,3118
2026-06-15T12:00:00+00:00,17.12,17.15,17.12,17.135,2429
2026-06-15T12:05:00+00:00,17.13,17.15,17.1,17.12,6344
2026-06-15T12:10:00+00:00,17.11,17.11,17.09,17.09,5396
2026-06-15T12:15:00+00:00,17.1,17.12,17.09,17.09,14175
2026-06-15T12:20:00+00:00,17.09,17.1,17.08,17.09,1771
2026-06-15T12:25:00+00:00,17.07,17.08,17.07,17.07,2360
2026-06-15T12:30:00+00:00,17.072,17.1,17.0,17.015,13237
2026-06-15T12:35:00+00:00,17.01,17.02,16.99,16.99,8984
2026-06-15T12:40:00+00:00,17.0,17.0,16.97,16.985,4386
2026-06-15T12:45:00+00:00,16.99,17.02,16.97,17.001,10922
2026-06-15T12:50:00+00:00,17.01,17.02,16.97,16.97,1796
2026-06-15T12:55:00+00:00,16.99,17.0,16.95,17.0,3328
2026-06-15T13:00:00+00:00,17.0,17.0,16.97,17.0,14643
2026-06-15T13:05:00+00:00,16.996,17.01,16.97,17.0,13806
2026-06-15T13:10:00+00:00,17.008,17.03,16.98,16.99,13369
2026-06-15T13:15:00+00:00,16.989,17.01,16.982,17.0,33519
2026-06-15T13:20:00+00:00,16.99,17.0,16.99,17.0,57120
2026-06-15T13:25:00+00:00,16.99,17.06,16.88,17.06,31652
2026-06-15T13:30:00+00:00,17.03,17.03,16.64,16.945,763764
2026-06-15T13:35:00+00:00,16.94,17.095,16.91,16.92,503449
2026-06-15T13:40:00+00:00,16.91,17.035,16.84,16.955,267494
2026-06-15T13:45:00+00:00,16.955,17.05,16.82,16.82,420200
2026-06-15T13:50:00+00:00,16.82,17.05,16.8,17.035,444915
2026-06-15T13:55:00+00:00,17.03,17.045,16.955,16.99,183139
2026-06-15T14:00:00+00:00,16.985,16.985,16.83,16.835,273243
2026-06-15T14:05:00+00:00,16.835,16.895,16.81,16.845,191033
2026-06-15T14:10:00+00:00,16.85,16.86,16.67,16.69,378741
2026-06-15T14:15:00+00:00,16.695,16.705,16.6,16.67,429235
2026-06-15T14:20:00+00:00,16.675,16.69,16.55,16.565,263341
2026-06-15T14:25:00+00:00,16.565,16.64,16.56,16.6,272032
2026-06-15T14:30:00+00:00,16.595,16.64,16.54,16.59,200937
2026-06-15T14:35:00+00:00,16.585,16.76,16.585,16.755,304449
2026-06-15T14:40:00+00:00,16.76,16.76,16.68,16.695,127474
2026-06-15T14:45:00+00:00,16.695,16.784,16.695,16.755,147069
2026-06-15T14:50:00+00:00,16.76,16.78,16.745,16.765,110508
2026-06-15T14:55:00+00:00,16.765,16.865,16.745,16.795,295570
2026-06-15T15:00:00+00:00,16.795,16.855,16.785,16.835,112560
2026-06-15T15:05:00+00:00,16.835,16.86,16.83,16.85,68080
2026-06-15T15:10:00+00:00,16.845,16.89,16.83,16.875,112226
2026-06-15T15:15:00+00:00,16.879,16.885,16.83,16.865,103666
2026-06-15T15:20:00+00:00,16.864,16.875,16.84,16.845,69712
2026-06-15T15:25:00+00:00,16.845,16.855,16.834,16.845,72074
2026-06-15T15:30:00+00:00,16.845,16.86,16.82,16.84,137867
2026-06-15T15:35:00+00:00,16.85,16.862,16.81,16.84,169949
2026-06-15T15:40:00+00:00,16.834,16.86,16.83,16.844,74588
2026-06-15T15:45:00+00:00,16.84,16.86,16.81,16.82,160579
2026-06-15T15:50:00+00:00,16.82,16.835,16.81,16.82,90479
2026-06-15T15:55:00+00:00,16.83,16.85,16.79,16.83,131971
2026-06-15T16:00:00+00:00,16.835,16.835,16.805,16.815,91519
2026-06-15T16:05:00+00:00,16.815,16.87,16.815,16.839,133241
2026-06-15T16:10:00+00:00,16.835,16.9,16.831,16.885,118198
2026-06-15T16:15:00+00:00,16.885,16.89,16.86,16.865,73883
2026-06-15T16:20:00+00:00,16.87,16.88,16.85,16.85,37217
2026-06-15T16:25:00+00:00,16.855,16.885,16.85,16.885,48357
2026-06-15T16:30:00+00:00,16.89,16.97,16.88,16.885,176819
2026-06-15T16:35:00+00:00,16.885,16.89,16.83,16.835,161254
2026-06-15T16:40:00+00:00,16.83,16.845,16.81,16.815,64792
2026-06-15T16:45:00+00:00,16.816,16.82,16.785,16.815,91977
2026-06-15T16:50:00+00:00,16.816,16.819,16.78,16.815,80869
2026-06-15T16:55:00+00:00,16.815,16.84,16.815,16.83,76677
2026-06-15T17:00:00+00:00,16.82,16.845,16.805,16.845,94699
2026-06-15T17:05:00+00:00,16.845,16.86,16.815,16.815,47701
2026-06-15T17:10:00+00:00,16.82,16.84,16.82,16.825,63914
2026-06-15T17:15:00+00:00,16.82,16.845,16.82,16.825,54246
2026-06-15T17:20:00+00:00,16.82,16.85,16.815,16.835,51789
2026-06-15T17:25:00+00:00,16.83,16.84,16.81,16.826,49508
2026-06-15T17:30:00+00:00,16.825,16.84,16.815,16.825,72326
2026-06-15T17:35:00+00:00,16.83,16.83,16.79,16.815,52435
2026-06-15T17:40:00+00:00,16.815,16.825,16.805,16.815,49153
2026-06-15T17:45:00+00:00,16.813,16.825,16.785,16.795,35815
2026-06-15T17:50:00+00:00,16.795,16.809,16.78,16.785,63329
2026-06-15T17:55:00+00:00,16.785,16.785,16.76,16.775,53666
2026-06-15T18:00:00+00:00,16.775,16.78,16.71,16.712,96267
2026-06-15T18:05:00+00:00,16.715,16.725,16.69,16.699,63247
2026-06-15T18:10:00+00:00,16.695,16.71,16.63,16.645,129815
2026-06-15T18:15:00+00:00,16.645,16.7,16.645,16.68,135835
2026-06-15T18:20:00+00:00,16.67,16.69,16.66,16.687,45894
2026-06-15T18:25:00+00:00,16.685,16.69,16.65,16.665,60096
2026-06-15T18:30:00+00:00,16.664,16.664,16.625,16.625,85021
2026-06-15T18:35:00+00:00,16.62,16.66,16.62,16.655,80748
2026-06-15T18:40:00+00:00,16.655,16.66,16.63,16.635,69942
2026-06-15T18:45:00+00:00,16.635,16.67,16.62,16.65,175105
2026-06-15T18:50:00+00:00,16.64,16.65,16.63,16.63,53147
2026-06-15T18:55:00+00:00,16.63,16.64,16.61,16.64,84769
2026-06-15T19:00:00+00:00,16.64,16.66,16.63,16.645,87019
2026-06-15T19:05:00+00:00,16.645,16.7,16.64,16.695,95390
2026-06-15T19:10:00+00:00,16.694,16.72,16.68,16.715,122161
2026-06-15T19:15:00+00:00,16.715,16.77,16.715,16.725,131856
2026-06-15T19:20:00+00:00,16.725,16.735,16.645,16.655,123352
2026-06-15T19:25:00+00:00,16.655,16.67,16.62,16.64,106937
2026-06-15T19:30:00+00:00,16.635,16.687,16.62,16.655,102584
2026-06-15T19:35:00+00:00,16.658,16.675,16.65,16.665,144747
2026-06-15T19:40:00+00:00,16.67,16.67,16.65,16.665,139057
2026-06-15T19:45:00+00:00,16.665,16.745,16.645,16.735,221032
2026-06-15T19:50:00+00:00,16.725,16.735,16.64,16.695,224233
2026-06-15T19:55:00+00:00,16.7,16.73,16.63,16.68,663203
2026-06-15T20:00:00+00:00,16.68,16.68,16.61,16.67,23303
2026-06-15T20:05:00+00:00,16.655,16.67,16.62,16.64,704
2026-06-15T20:10:00+00:00,16.68,16.68,16.6,16.67,16664
2026-06-15T20:15:00+00:00,16.67,16.67,16.61,16.63,3243
2026-06-15T20:20:00+00:00,16.65,16.67,16.61,16.65,3115
2026-06-15T20:25:00+00:00,16.63,16.65,16.6,16.61,4242
2026-06-15T20:30:00+00:00,16.65,16.65,16.61,16.63,2140
2026-06-15T20:35:00+00:00,16.61,16.65,16.61,16.65,2594
2026-06-15T20:40:00+00:00,16.65,16.65,16.63,16.65,3943
2026-06-15T20:45:00+00:00,16.62,16.65,16.61,16.65,351
2026-06-15T20:50:00+00:00,16.64,16.65,16.62,16.631,6139
2026-06-15T20:55:00+00:00,16.631,16.65,16.63,16.63,13905
2026-06-15T21:00:00+00:00,16.63,16.65,16.63,16.63,102461
2026-06-15T21:05:00+00:00,16.649,16.65,16.63,16.631,1241
2026-06-15T21:10:00+00:00,16.647,16.65,16.63,16.64,437
2026-06-15T21:15:00+00:00,16.65,16.67,16.63,16.65,2541
2026-06-15T21:20:00+00:00,16.659,16.66,16.64,16.64,565
2026-06-15T21:25:00+00:00,16.66,16.66,16.64,16.64,423
2026-06-15T21:30:00+00:00,16.66,16.66,16.64,16.64,632
2026-06-15T21:35:00+00:00,16.64,16.66,16.64,16.66,2967
2026-06-15T21:40:00+00:00,16.64,16.66,16.64,16.66,826
2026-06-15T21:45:00+00:00,16.659,16.66,16.64,16.65,1854
2026-06-15T21:50:00+00:00,16.657,16.67,16.64,16.655,1550
2026-06-15T21:55:00+00:00,16.66,16.66,16.64,16.642,6807
2026-06-15T22:00:00+00:00,16.64,16.66,16.64,16.66,1988
2026-06-15T22:05:00+00:00,16.66,16.66,16.64,16.64,213
2026-06-15T22:10:00+00:00,16.644,16.66,16.63,16.632,4003
2026-06-15T22:15:00+00:00,16.659,16.66,16.62,16.65,293
2026-06-15T22:20:00+00:00,16.66,16.66,16.62,16.62,2097
2026-06-15T22:25:00+00:00,16.63,16.65,16.62,16.635,98
2026-06-15T22:30:00+00:00,16.62,16.65,16.62,16.622,1028
2026-06-15T22:35:00+00:00,16.622,16.65,16.6,16.6,3696
2026-06-15T22:40:00+00:00,16.6,16.65,16.6,16.62,571
2026-06-15T22:45:00+00:00,16.6,16.64,16.6,16.64,621
2026-06-15T22:50:00+00:00,16.63,16.64,16.63,16.631,1894
2026-06-15T22:55:00+00:00,16.64,16.64,16.6,16.62,232
2026-06-15T23:00:00+00:00,16.639,16.64,16.6,16.6,764
2026-06-15T23:05:00+00:00,16.64,16.64,16.6,16.64,99
2026-06-15T23:10:00+00:00,16.6,16.64,16.6,16.64,3223
2026-06-15T23:15:00+00:00,16.64,16.64,16.62,16.63,225
2026-06-15T23:20:00+00:00,16.64,16.64,16.6,16.6,1048
2026-06-15T23:25:00+00:00,16.6,16.64,16.6,16.63,786
2026-06-15T23:30:00+00:00,16.611,16.64,16.6,16.6,2361
2026-06-15T23:35:00+00:00,16.6,16.64,16.6,16.6,1101
2026-06-15T23:40:00+00:00,16.6,16.62,16.6,16.6,926
2026-06-15T23:45:00+00:00,16.61,16.63,16.6,16.62,3699
2026-06-15T23:50:00+00:00,16.6,16.64,16.6,16.61,1317
2026-06-15T23:55:00+00:00,16.61,16.64,16.6,16.64,5285
2026-06-16T08:00:00+00:00,16.63,16.742,16.585,16.64,7121
2026-06-16T08:05:00+00:00,16.68,16.68,16.63,16.65,95
2026-06-16T08:10:00+00:00,16.65,16.7,16.65,16.7,843
2026-06-16T08:15:00+00:00,16.7,16.7,16.7,16.7,0
2026-06-16T08:20:00+00:00,16.68,16.75,16.63,16.7,23
2026-06-16T08:25:00+00:00,16.7,16.7,16.7,16.7,25
2026-06-16T08:30:00+00:00,16.646,16.646,16.646,16.646,25
2026-06-16T08:35:00+00:00,16.65,16.66,16.65,16.66,64
2026-06-16T08:40:00+00:00,16.66,16.66,16.65,16.65,42
2026-06-16T08:45:00+00:00,16.65,16.65,16.65,16.65,0
2026-06-16T08:50:00+00:00,16.69,16.69,16.67,16.67,523
2026-06-16T08:55:00+00:00,16.67,16.67,16.67,16.67,0
2026-06-16T09:00:00+00:00,16.684,16.684,16.684,16.684,26
2026-06-16T09:05:00+00:00,16.662,16.75,16.662,16.75,526
2026-06-16T09:10:00+00:00,16.75,16.75,16.75,16.75,0
2026-06-16T09:15:00+00:00,16.75,16.75,16.75,16.75,0
2026-06-16T09:20:00+00:00,16.73,16.75,16.7,16.75,33
2026-06-16T09:25:00+00:00,16.7,16.75,16.69,16.75,22
2026-06-16T09:30:00+00:00,16.738,16.746,16.7,16.7,1101
2026-06-16T09:35:00+00:00,16.7,16.7,16.7,16.7,0
2026-06-16T09:40:00+00:00,16.69,16.7,16.69,16.7,51
2026-06-16T09:45:00+00:00,16.69,16.698,16.69,16.698,125
2026-06-16T09:50:00+00:00,16.69,16.69,16.69,16.69,23
2026-06-16T09:55:00+00:00,16.7,16.7,16.68,16.68,220
2026-06-16T10:00:00+00:00,16.673,16.673,16.67,16.67,269
2026-06-16T10:05:00+00:00,16.67,16.67,16.67,16.67,0
2026-06-16T10:10:00+00:00,16.67,16.67,16.67,16.67,0
2026-06-16T10:15:00+00:00,16.67,16.67,16.67,16.67,5
2026-06-16T10:20:00+00:00,16.67,16.67,16.67,16.67,0
2026-06-16T10:25:00+00:00,16.67,16.71,16.67,16.71,220
2026-06-16T10:30:00+00:00,16.674,16.677,16.674,16.677,610
2026-06-16T10:35:00+00:00,16.678,16.72,16.678,16.72,200
2026-06-16T10:40:00+00:00,16.71,16.71,16.68,16.68,7
2026-06-16T10:45:00+00:00,16.67,16.72,16.67,16.72,195
2026-06-16T10:50:00+00:00,16.71,16.71,16.7,16.7,272
2026-06-16T10:55:00+00:00,16.72,16.72,16.69,16.71,39
2026-06-16T11:00:00+00:00,16.71,16.75,16.67,16.72,3868
2026-06-16T11:05:00+00:00,16.71,16.75,16.67,16.69,748
2026-06-16T11:10:00+00:00,16.69,16.75,16.69,16.7,3307
2026-06-16T11:15:00+00:00,16.7,16.75,16.7,16.75,109
2026-06-16T11:20:00+00:00,16.75,16.75,16.7,16.72,437
2026-06-16T11:25:00+00:00,16.7,16.75,16.7,16.75,12285
2026-06-16T11:30:00+00:00,16.727,16.75,16.7,16.72,4984
2026-06-16T11:35:00+00:00,16.71,16.72,16.68,16.68,2315
2026-06-16T11:40:00+00:00,16.689,16.75,16.68,16.68,977
2026-06-16T11:45:00+00:00,16.697,16.7,16.68,16.68,166
2026-06-16T11:50:00+00:00,16.699,16.7,16.68,16.7,477
2026-06-16T11:55:00+00:00,16.69,16.71,16.69,16.71,858
2026-06-16T12:00:00+00:00,16.69,16.73,16.69,16.71,2336
2026-06-16T12:05:00+00:00,16.73,16.73,16.69,16.698,1120
2026-06-16T12:10:00+00:00,16.7,16.72,16.69,16.72,1940
2026-06-16T12:15:00+00:00,16.72,16.72,16.69,16.714,2150
2026-06-16T12:20:00+00:00,16.69,16.72,16.67,16.67,7077
2026-06-16T12:25:00+00:00,16.65,16.72,16.64,16.7,1717
2026-06-16T12:30:00+00:00,16.72,16.72,16.66,16.72,785
2026-06-16T12:35:00+00:00,16.71,16.71,16.66,16.66,1290
2026-06-16T12:40:00+00:00,16.71,16.71,16.65,16.71,3424
2026-06-16T12:45:00+00:00,16.7,16.71,16.65,16.68,358
2026-06-16T12:50:00+00:00,16.71,16.71,16.66,16.69,213
2026-06-16T12:55:00+00:00,16.71,16.71,16.66,16.71,60
2026-06-16T13:00:00+00:00,16.685,16.706,16.66,16.68,621
2026-06-16T13:05:00+00:00,16.66,16.7,16.65,16.65,1625
2026-06-16T13:10:00+00:00,16.65,16.65,16.58,16.6,14103
2026-06-16T13:15:00+00:00,16.6,16.63,16.57,16.58,8017
2026-06-16T13:20:00+00:00,16.59,16.63,16.56,16.59,6179
2026-06-16T13:25:00+00:00,16.62,16.62,16.5,16.54,5387
2026-06-16T13:30:00+00:00,16.535,16.55,16.103,16.127,607603
2026-06-16T13:35:00+00:00,16.12,16.13,15.98,16.04,676105
2026-06-16T13:40:00+00:00,16.045,16.4,16.045,16.315,507210
2026-06-16T13:45:00+00:00,16.32,16.34,16.13,16.2,215916
2026-06-16T13:50:00+00:00,16.165,16.3,16.165,16.255,175603
2026-06-16T13:55:00+00:00,16.255,16.285,16.21,16.235,236764
2026-06-16T14:00:00+00:00,16.24,16.27,16.11,16.14,156273
2026-06-16T14:05:00+00:00,16.14,16.165,16.11,16.145,260419
2026-06-16T14:10:00+00:00,16.145,16.16,16.01,16.05,356062
2026-06-16T14:15:00+00:00,16.05,16.085,16.01,16.02,150573
2026-06-16T14:20:00+00:00,16.015,16.03,15.9,15.91,356415
2026-06-16T14:25:00+00:00,15.9,15.95,15.851,15.906,245147
2026-06-16T14:30:00+00:00,15.905,15.91,15.82,15.86,180315
2026-06-16T14:35:00+00:00,15.851,15.95,15.845,15.945,179729
2026-06-16T14:40:00+00:00,15.945,16.055,15.935,16.015,199524
2026-06-16T14:45:00+00:00,16.015,16.039,16.0,16.005,77928
2026-06-16T14:50:00+00:00,16.02,16.04,16.005,16.01,264699
2026-06-16T14:55:00+00:00,16.01,16.01,15.91,15.93,132138
2026-06-16T15:00:00+00:00,15.94,16.05,15.93,16.04,113719
2026-06-16T15:05:00+00:00,16.041,16.08,16.03,16.035,120682
2026-06-16T15:10:00+00:00,16.04,16.085,16.025,16.065,70703
2026-06-16T15:15:00+00:00,16.06,16.06,16.03,16.035,62407
2026-06-16T15:20:00+00:00,16.03,16.035,16.01,16.02,62155
2026-06-16T15:25:00+00:00,16.015,16.03,15.98,15.995,298743
2026-06-16T15:30:00+00:00,15.99,16.03,15.99,16.015,97419
2026-06-16T15:35:00+00:00,16.015,16.03,15.99,16.01,57559
2026-06-16T15:40:00+00:00,16.009,16.02,15.99,16.01,46020
2026-06-16T15:45:00+00:00,16.01,16.01,15.92,15.94,78957
2026-06-16T15:50:00+00:00,15.94,15.975,15.93,15.955,70457
2026-06-16T15:55:00+00:00,15.955,15.96,15.915,15.92,105422
2026-06-16T16:00:00+00:00,15.92,15.97,15.91,15.965,94188
2026-06-16T16:05:00+00:00,15.965,16.02,15.945,16.015,199603
2026-06-16T16:10:00+00:00,16.015,16.06,16.005,16.025,117743
2026-06-16T16:15:00+00:00,16.025,16.025,15.96,15.98,85337
2026-06-16T16:20:00+00:00,15.97,16.0,15.95,15.955,60309
2026-06-16T16:25:00+00:00,15.954,15.97,15.954,15.968,41240
2026-06-16T16:30:00+00:00,15.97,16.045,15.92,15.94,228765
2026-06-16T16:35:00+00:00,15.945,15.96,15.785,15.809,333843
2026-06-16T16:40:00+00:00,15.81,15.86,15.8,15.835,152512
2026-06-16T16:45:00+00:00,15.835,15.87,15.82,15.865,76591
2026-06-16T16:50:00+00:00,15.87,15.895,15.82,15.825,134293
2026-06-16T16:55:00+00:00,15.82,15.89,15.81,15.887,179326
2026-06-16T17:00:00+00:00,15.88,15.88,15.845,15.855,66158
2026-06-16T17:05:00+00:00,15.855,15.89,15.85,15.885,88822
2026-06-16T17:10:00+00:00,15.89,15.9,15.87,15.875,129487
2026-06-16T17:15:00+00:00,15.875,15.895,15.84,15.875,62745
2026-06-16T17:20:00+00:00,15.88,15.88,15.805,15.82,70176
2026-06-16T17:25:00+00:00,15.825,15.84,15.81,15.84,40852
2026-06-16T17:30:00+00:00,15.84,15.84,15.825,15.825,54609
2026-06-16T17:35:00+00:00,15.825,15.83,15.77,15.77,89548
2026-06-16T17:40:00+00:00,15.77,15.79,15.76,15.775,57577
2026-06-16T17:45:00+00:00,15.775,15.81,15.77,15.805,116893
2026-06-16T17:50:00+00:00,15.805,15.83,15.8,15.825,77232
2026-06-16T17:55:00+00:00,15.82,15.825,15.78,15.825,229758
2026-06-16T18:00:00+00:00,15.825,15.875,15.825,15.87,217537
2026-06-16T18:05:00+00:00,15.87,15.885,15.85,15.854,59338
2026-06-16T18:10:00+00:00,15.85,15.97,15.85,15.954,220538
2026-06-16T18:15:00+00:00,15.96,16.0,15.935,15.96,268082
2026-06-16T18:20:00+00:00,15.96,15.97,15.95,15.955,94371
2026-06-16T18:25:00+00:00,15.955,15.97,15.95,15.958,112232
2026-06-16T18:30:00+00:00,15.955,15.99,15.94,15.951,92142
2026-06-16T18:35:00+00:00,15.955,15.955,15.81,15.908,217374
2026-06-16T18:40:00+00:00,15.905,15.905,15.805,15.805,371420
2026-06-16T18:45:00+00:00,15.805,15.885,15.79,15.855,156740
2026-06-16T18:50:00+00:00,15.855,15.86,15.8,15.82,217177
2026-06-16T18:55:00+00:00,15.82,15.825,15.8,15.8,201730
2026-06-16T19:00:00+00:00,15.8,15.83,15.73,15.808,314388
2026-06-16T19:05:00+00:00,15.805,16.02,15.79,16.0,271240
2026-06-16T19:10:00+00:00,16.0,16.025,15.94,15.99,417600
2026-06-16T19:15:00+00:00,15.99,16.025,15.95,15.975,178740
2026-06-16T19:20:00+00:00,15.97,15.99,15.95,15.95,142560
2026-06-16T19:25:00+00:00,15.945,15.96,15.915,15.933,92737
2026-06-16T19:30:00+00:00,15.935,15.995,15.935,15.99,167483
2026-06-16T19:35:00+00:00,15.991,16.025,15.985,15.99,119127
2026-06-16T19:40:00+00:00,15.98,16.0,15.98,15.995,86057
2026-06-16T19:45:00+00:00,15.995,16.015,15.95,15.957,168286
2026-06-16T19:50:00+00:00,15.96,15.96,15.865,15.9,513200
2026-06-16T19:55:00+00:00,15.9,15.96,15.88,15.93,1288103
2026-06-16T20:00:00+00:00,15.93,15.97,15.89,15.93,57545
2026-06-16T20:05:00+00:00,15.89,15.95,15.85,15.89,1054
2026-06-16T20:10:00+00:00,15.93,15.93,15.9,15.91,7126
2026-06-16T20:15:00+00:00,15.9,15.93,15.862,15.92,3389
2026-06-16T20:20:00+00:00,15.88,15.93,15.86,15.92,685
2026-06-16T20:25:00+00:00,15.9,15.91,15.89,15.9,15395
2026-06-16T20:30:00+00:00,15.91,15.92,15.89,15.905,410
2026-06-16T20:35:00+00:00,15.9,15.92,15.89,15.92,371
2026-06-16T20:40:00+00:00,15.92,15.92,15.9,15.917,776
2026-06-16T20:45:00+00:00,15.92,15.92,15.9,15.92,1117
2026-06-16T20:50:00+00:00,15.92,15.92,15.9,15.92,5211
2026-06-16T20:55:00+00:00,15.92,15.97,15.9,15.97,8200
2026-06-16T21:00:00+00:00,15.96,15.99,15.96,15.975,5339
2026-06-16T21:05:00+00:00,15.978,15.99,15.978,15.984,32
2026-06-16T21:10:00+00:00,15.96,15.99,15.96,15.96,591
2026-06-16T21:15:00+00:00,15.97,15.989,15.96,15.98,322
2026-06-16T21:20:00+00:00,15.961,15.98,15.96,15.97,78
2026-06-16T21:25:00+00:00,15.98,15.99,15.92,15.959,9455
2026-06-16T21:30:00+00:00,15.96,15.99,15.93,15.96,95
2026-06-16T21:35:00+00:00,15.99,15.99,15.93,15.93,468
2026-06-16T21:40:00+00:00,15.93,15.95,15.93,15.93,162
2026-06-16T21:45:00+00:00,15.947,15.95,15.93,15.949,163
2026-06-16T21:50:00+00:00,15.95,15.95,15.93,15.95,163
2026-06-16T21:55:00+00:00,15.93,15.95,15.93,15.95,96
2026-06-16T22:00:00+00:00,15.95,15.95,15.93,15.95,145
2026-06-16T22:05:00+00:00,15.95,15.95,15.93,15.95,2166
2026-06-16T22:10:00+00:00,15.93,15.95,15.93,15.95,570
2026-06-16T22:15:00+00:00,15.93,15.95,15.93,15.93,2576
2026-06-16T22:20:00+00:00,15.95,15.95,15.931,15.95,89
2026-06-16T22:25:00+00:00,15.93,15.95,15.93,15.945,1194
2026-06-16T22:30:00+00:00,15.95,15.95,15.93,15.95,519
2026-06-16T22:35:00+00:00,15.948,15.95,15.93,15.93,11210
2026-06-16T22:40:00+00:00,15.95,15.95,15.93,15.946,5969
2026-06-16T22:45:00+00:00,15.95,15.95,15.93,15.94,229
2026-06-16T22:50:00+00:00,15.94,15.94,15.93,15.93,135
2026-06-16T22:55:00+00:00,15.94,15.94,15.93,15.94,6674
2026-06-16T23:00:00+00:00,15.93,15.94,15.901,15.94,3274
2026-06-16T23:05:00+00:00,15.9,15.94,15.9,15.92,65
2026-06-16T23:10:00+00:00,15.92,15.94,15.9,15.9,217
2026-06-16T23:15:00+00:00,15.9,15.94,15.9,15.91,5517
2026-06-16T23:20:00+00:00,15.94,15.94,15.9,15.94,783
2026-06-16T23:25:00+00:00,15.92,15.93,15.9,15.9,1055
2026-06-16T23:30:00+00:00,15.93,15.93,15.9,15.915,38
2026-06-16T23:35:00+00:00,15.901,15.93,15.9,15.93,337
2026-06-16T23:40:00+00:00,15.915,15.93,15.9,15.93,9295
2026-06-16T23:45:00+00:00,15.9,15.93,15.9,15.9,101
2026-06-16T23:50:00+00:00,15.928,15.93,15.9,15.91,1504
2026-06-16T23:55:00+00:00,15.915,15.95,15.9,15.93,2592
2026-06-17T08:00:00+00:00,15.94,15.99,15.94,15.99,1460
2026-06-17T08:05:00+00:00,15.96,15.99,15.95,15.96,1424
2026-06-17T08:10:00+00:00,15.95,15.95,15.95,15.95,62
2026-06-17T08:15:00+00:00,15.95,15.95,15.95,15.95,2488
2026-06-17T08:20:00+00:00,15.986,15.986,15.986,15.986,40
2026-06-17T08:25:00+00:00,15.98,15.98,15.97,15.97,28
2026-06-17T08:30:00+00:00,15.97,15.97,15.97,15.97,0
2026-06-17T08:35:00+00:00,15.97,15.97,15.94,15.94,1185
2026-06-17T08:40:00+00:00,15.93,15.96,15.92,15.96,2318
2026-06-17T08:45:00+00:00,15.96,15.96,15.96,15.96,0
2026-06-17T08:50:00+00:00,15.95,15.95,15.94,15.94,621
2026-06-17T08:55:00+00:00,15.94,15.95,15.94,15.95,497
2026-06-17T09:00:00+00:00,15.96,15.96,15.96,15.96,100
2026-06-17T09:05:00+00:00,15.96,15.96,15.96,15.96,0
2026-06-17T09:10:00+00:00,15.96,15.96,15.96,15.96,18
2026-06-17T09:15:00+00:00,15.96,15.96,15.96,15.96,17
2026-06-17T09:20:00+00:00,15.96,15.96,15.96,15.96,175
2026-06-17T09:25:00+00:00,15.95,15.95,15.95,15.95,2
2026-06-17T09:30:00+00:00,15.95,15.97,15.95,15.97,9
2026-06-17T09:35:00+00:00,15.97,15.97,15.97,15.97,0
2026-06-17T09:40:00+00:00,15.97,15.98,15.97,15.98,5
2026-06-17T09:45:00+00:00,15.96,15.968,15.93,15.93,349
2026-06-17T09:50:00+00:00,15.93,15.93,15.93,15.93,122
2026-06-17T09:55:00+00:00,15.93,15.997,15.93,15.997,7
2026-06-17T10:00:00+00:00,15.93,15.93,15.93,15.93,20
2026-06-17T10:05:00+00:00,15.93,15.93,15.93,15.93,11
2026-06-17T10:10:00+00:00,15.93,15.93,15.93,15.93,0
2026-06-17T10:15:00+00:00,15.94,15.94,15.94,15.94,5
2026-06-17T10:20:00+00:00,15.94,15.94,15.94,15.94,7
2026-06-17T10:25:00+00:00,15.95,16.0,15.95,16.0,63
2026-06-17T10:30:00+00:00,15.97,16.0,15.97,16.0,23
2026-06-17T10:35:00+00:00,15.95,15.95,15.95,15.95,20
2026-06-17T10:40:00+00:00,15.95,15.95,15.95,15.95,0
2026-06-17T10:45:00+00:00,15.96,15.96,15.96,15.96,95
2026-06-17T10:50:00+00:00,15.95,15.95,15.95,15.95,96
2026-06-17T10:55:00+00:00,15.95,15.95,15.95,15.95,621
2026-06-17T11:00:00+00:00,15.965,16.0,15.95,15.951,1177
2026-06-17T11:05:00+00:00,15.95,16.0,15.95,15.975,24814
2026-06-17T11:10:00+00:00,15.95,16.0,15.94,15.951,832
2026-06-17T11:15:00+00:00,15.99,15.99,15.94,15.947,1999
2026-06-17T11:20:00+00:00,15.95,15.98,15.95,15.95,3082
2026-06-17T11:25:00+00:00,15.946,15.99,15.946,15.963,5334
2026-06-17T11:30:00+00:00,15.98,16.04,15.96,16.04,23229
2026-06-17T11:35:00+00:00,16.01,16.025,15.992,16.01,1230
2026-06-17T11:40:00+00:00,16.0,16.04,15.96,16.04,965
2026-06-17T11:45:00+00:00,15.98,16.04,15.93,15.94,2888
2026-06-17T11:50:00+00:00,15.95,15.95,15.91,15.91,1896
2026-06-17T11:55:00+00:00,15.93,15.94,15.901,15.936,993
2026-06-17T12:00:00+00:00,15.924,15.95,15.924,15.94,985
2026-06-17T12:05:00+00:00,15.95,15.95,15.93,15.93,34
2026-06-17T12:10:00+00:00,15.95,15.95,15.92,15.95,161
2026-06-17T12:15:00+00:00,15.95,15.95,15.92,15.94,875
2026-06-17T12:20:00+00:00,15.94,15.95,15.92,15.95,1521
2026-06-17T12:25:00+00:00,15.93,16.0,15.9,15.95,1823
2026-06-17T12:30:00+00:00,15.94,16.0,15.9,15.95,1269
2026-06-17T12:35:00+00:00,16.0,16.0,15.9,15.92,843
2026-06-17T12:40:00+00:00,15.92,16.0,15.92,15.95,1850
2026-06-17T12:45:00+00:00,15.94,15.98,15.94,15.98,10335
2026-06-17T12:50:00+00:00,15.94,15.99,15.92,15.955,334
2026-06-17T12:55:00+00:00,15.95,15.99,15.93,15.972,3016
2026-06-17T13:00:00+00:00,15.95,15.96,15.92,15.92,1787
2026-06-17T13:05:00+00:00,15.955,15.958,15.92,15.94,3858
2026-06-17T13:10:00+00:00,15.92,15.96,15.92,15.945,1319
2026-06-17T13:15:00+00:00,15.94,15.99,15.94,15.985,7080
2026-06-17T13:20:00+00:00,15.98,15.99,15.93,15.971,5917
2026-06-17T13:25:00+00:00,15.98,16.02,15.94,16.0,5373
2026-06-17T13:30:00+00:00,15.995,16.22,15.995,16.215,331851
2026-06-17T13:35:00+00:00,16.22,16.47,16.14,16.45,352841
2026-06-17T13:40:00+00:00,16.455,16.58,16.405,16.58,364091
2026-06-17T13:45:00+00:00,16.575,16.635,16.49,16.615,365041
2026-06-17T13:50:00+00:00,16.61,16.615,16.24,16.255,785814
2026-06-17T13:55:00+00:00,16.25,16.3,16.195,16.23,227841
2026-06-17T14:00:00+00:00,16.23,16.23,16.16,16.21,163779
2026-06-17T14:05:00+00:00,16.21,16.26,16.205,16.24,184971
2026-06-17T14:10:00+00:00,16.235,16.25,16.075,16.2,198092
2026-06-17T14:15:00+00:00,16.195,16.265,16.175,16.175,202426
2026-06-17T14:20:00+00:00,16.17,16.24,16.16,16.235,150781
2026-06-17T14:25:00+00:00,16.235,16.29,16.215,16.265,108555
2026-06-17T14:30:00+00:00,16.27,16.28,16.22,16.22,214825
2026-06-17T14:35:00+00:00,16.22,16.265,16.2,16.25,90719
2026-06-17T14:40:00+00:00,16.255,16.27,16.2,16.245,129676
2026-06-17T14:45:00+00:00,16.24,16.25,16.1,16.16,249321
2026-06-17T14:50:00+00:00,16.16,16.225,16.14,16.215,78611
2026-06-17T14:55:00+00:00,16.215,16.25,16.2,16.24,313279
2026-06-17T15:00:00+00:00,16.24,16.245,16.135,16.155,339421
2026-06-17T15:05:00+00:00,16.155,16.19,16.12,16.148,230977
2026-06-17T15:10:00+00:00,16.145,16.19,16.145,16.17,257895
2026-06-17T15:15:00+00:00,16.17,16.33,16.155,16.33,277884
2026-06-17T15:20:00+00:00,16.33,16.385,16.325,16.375,355234
2026-06-17T15:25:00+00:00,16.37,16.405,16.35,16.395,182088
2026-06-17T15:30:00+00:00,16.395,16.42,16.34,16.415,250030
2026-06-17T15:35:00+00:00,16.415,16.59,16.395,16.58,410649
2026-06-17T15:40:00+00:00,16.574,16.605,16.53,16.575,312073
2026-06-17T15:45:00+00:00,16.57,16.64,16.565,16.585,281843
2026-06-17T15:50:00+00:00,16.585,16.69,16.58,16.685,275021
2026-06-17T15:55:00+00:00,16.681,16.69,16.65,16.663,125774
2026-06-17T16:00:00+00:00,16.665,16.77,16.62,16.755,450240
2026-06-17T16:05:00+00:00,16.755,16.755,16.565,16.615,479356
2026-06-17T16:10:00+00:00,16.61,16.68,16.6,16.645,185565
2026-06-17T16:15:00+00:00,16.645,16.67,16.63,16.655,168528
2026-06-17T16:20:00+00:00,16.651,16.705,16.64,16.705,149800
2026-06-17T16:25:00+00:00,16.7,16.76,16.68,16.755,240178
2026-06-17T16:30:00+00:00,16.76,16.76,16.685,16.7,167638
2026-06-17T16:35:00+00:00,16.695,16.71,16.66,16.7,163466
2026-06-17T16:40:00+00:00,16.69,16.7,16.665,16.7,168043
2026-06-17T16:45:00+00:00,16.705,16.706,16.64,16.655,215784
2026-06-17T16:50:00+00:00,16.655,16.7,16.65,16.675,263424
2026-06-17T16:55:00+00:00,16.67,16.7,16.645,16.655,120405
2026-06-17T17:00:00+00:00,16.655,16.68,16.63,16.645,84020
2026-06-17T17:05:00+00:00,16.64,16.65,16.575,16.625,174828
2026-06-17T17:10:00+00:00,16.625,16.66,16.62,16.63,64646
2026-06-17T17:15:00+00:00,16.625,16.675,16.61,16.67,54381
2026-06-17T17:20:00+00:00,16.66,16.685,16.65,16.685,49175
2026-06-17T17:25:00+00:00,16.685,16.685,16.655,16.685,84359
2026-06-17T17:30:00+00:00,16.685,16.715,16.675,16.695,79043
2026-06-17T17:35:00+00:00,16.695,16.84,16.685,16.815,255722
2026-06-17T17:40:00+00:00,16.815,16.845,16.79,16.845,88302
2026-06-17T17:45:00+00:00,16.845,16.93,16.84,16.905,210142
2026-06-17T17:50:00+00:00,16.9,16.91,16.815,16.865,133422
2026-06-17T17:55:00+00:00,16.87,16.895,16.805,16.83,250279
2026-06-17T18:00:00+00:00,16.82,16.82,16.645,16.65,400156
2026-06-17T18:05:00+00:00,16.645,16.665,16.51,16.66,301013
2026-06-17T18:10:00+00:00,16.655,16.7,16.635,16.685,132486
2026-06-17T18:15:00+00:00,16.68,16.855,16.675,16.84,221916
2026-06-17T18:20:00+00:00,16.84,16.84,16.75,16.755,218340
2026-06-17T18:25:00+00:00,16.755,16.8,16.7,16.795,261588
2026-06-17T18:30:00+00:00,16.795,16.86,16.725,16.735,306484
2026-06-17T18:35:00+00:00,16.733,16.93,16.733,16.881,206414
2026-06-17T18:40:00+00:00,16.885,16.935,16.87,16.905,209808
2026-06-17T18:45:00+00:00,16.905,16.945,16.88,16.885,171221
2026-06-17T18:50:00+00:00,16.885,16.895,16.845,16.865,101944
2026-06-17T18:55:00+00:00,16.863,16.863,16.71,16.765,174732
2026-06-17T19:00:00+00:00,16.765,16.8,16.7,16.715,160989
2026-06-17T19:05:00+00:00,16.715,16.76,16.645,16.675,341872
2026-06-17T19:10:00+00:00,16.675,16.825,16.62,16.805,931219
2026-06-17T19:15:00+00:00,16.805,16.815,16.675,16.705,515677
2026-06-17T19:20:00+00:00,16.705,16.71,16.5,16.505,655276
2026-06-17T19:25:00+00:00,16.5,16.58,16.5,16.52,256000
2026-06-17T19:30:00+00:00,16.52,16.535,16.39,16.39,299465
2026-06-17T19:35:00+00:00,16.39,16.585,16.38,16.49,352417
2026-06-17T19:40:00+00:00,16.49,16.49,16.395,16.41,493347
2026-06-17T19:45:00+00:00,16.405,16.57,16.405,16.53,266726
2026-06-17T19:50:00+00:00,16.53,16.555,16.44,16.47,346071
2026-06-17T19:55:00+00:00,16.475,16.485,16.24,16.26,1458664
2026-06-17T20:00:00+00:00,16.26,16.36,16.24,16.31,109274
2026-06-17T20:05:00+00:00,16.31,16.31,16.28,16.31,2359
2026-06-17T20:10:00+00:00,16.26,16.31,16.26,16.28,2382
2026-06-17T20:15:00+00:00,16.309,16.31,16.28,16.3,1310
2026-06-17T20:20:00+00:00,16.31,16.34,16.28,16.3,5723
2026-06-17T20:25:00+00:00,16.32,16.38,16.3,16.3,1067
2026-06-17T20:30:00+00:00,16.3,16.366,16.3,16.349,475
2026-06-17T20:35:00+00:00,16.35,16.389,16.34,16.389,17169
2026-06-17T20:40:00+00:00,16.39,16.45,16.34,16.34,2146
2026-06-17T20:45:00+00:00,16.36,16.42,16.34,16.38,2167
2026-06-17T20:50:00+00:00,16.42,16.42,16.35,16.42,3912
2026-06-17T20:55:00+00:00,16.41,16.41,16.35,16.41,1273
2026-06-17T21:00:00+00:00,16.402,16.41,16.35,16.35,2154
2026-06-17T21:05:00+00:00,16.42,16.42,16.26,16.399,755
2026-06-17T21:10:00+00:00,16.35,16.39,16.35,16.355,711
2026-06-17T21:15:00+00:00,16.35,16.39,16.35,16.37,41
2026-06-17T21:20:00+00:00,16.352,16.39,16.35,16.35,1803
2026-06-17T21:25:00+00:00,16.35,16.38,16.35,16.37,80
2026-06-17T21:30:00+00:00,16.38,16.38,16.37,16.37,116
2026-06-17T21:35:00+00:00,16.39,16.4,16.38,16.39,30
2026-06-17T21:40:00+00:00,16.39,16.4,16.39,16.4,1999
2026-06-17T21:45:00+00:00,16.39,16.4,16.39,16.395,173618
2026-06-17T21:50:00+00:00,16.395,16.4,16.39,16.4,171
2026-06-17T21:55:00+00:00,16.395,16.42,16.395,16.42,605
2026-06-17T22:00:00+00:00,16.42,16.42,16.4,16.4,1484
2026-06-17T22:05:00+00:00,16.4,16.42,16.39,16.39,1717
2026-06-17T22:10:00+00:00,16.42,16.42,16.39,16.4,225
2026-06-17T22:15:00+00:00,16.42,16.42,16.405,16.41,1917
2026-06-17T22:20:00+00:00,16.41,16.45,16.41,16.41,1119
2026-06-17T22:25:00+00:00,16.427,16.43,16.41,16.41,4710
2026-06-17T22:30:00+00:00,16.42,16.42,16.41,16.42,1390
2026-06-17T22:35:00+00:00,16.418,16.42,16.41,16.41,38
2026-06-17T22:40:00+00:00,16.42,16.42,16.41,16.42,212
2026-06-17T22:45:00+00:00,16.42,16.42,16.41,16.415,225
2026-06-17T22:50:00+00:00,16.419,16.42,16.41,16.42,67
2026-06-17T22:55:00+00:00,16.42,16.42,16.41,16.41,24
2026-06-17T23:00:00+00:00,16.415,16.45,16.41,16.45,5084
2026-06-17T23:05:00+00:00,16.43,16.45,16.41,16.45,1308
2026-06-17T23:10:00+00:00,16.45,16.45,16.41,16.41,2039
2026-06-17T23:15:00+00:00,16.45,16.45,16.41,16.42,460
2026-06-17T23:20:00+00:00,16.45,16.45,16.41,16.42,5953
2026-06-17T23:25:00+00:00,16.41,16.45,16.4,16.4,298
2026-06-17T23:30:00+00:00,16.42,16.42,16.39,16.4,582
2026-06-17T23:35:00+00:00,16.41,16.42,16.4,16.41,572
2026-06-17T23:40:00+00:00,16.41,16.42,16.41,16.41,224
2026-06-17T23:45:00+00:00,16.42,16.42,16.41,16.41,97
2026-06-17T23:50:00+00:00,16.419,16.42,16.41,16.42,1565
2026-06-17T23:55:00+00:00,16.42,16.42,16.41,16.42,1425
2026-06-18T08:00:00+00:00,16.46,16.55,16.38,16.48,7055
2026-06-18T08:05:00+00:00,16.48,16.48,16.38,16.38,815
2026-06-18T08:10:00+00:00,16.43,16.5,16.43,16.5,122
2026-06-18T08:15:00+00:00,16.5,16.5,16.5,16.5,0
2026-06-18T08:20:00+00:00,16.5,16.5,16.5,16.5,0
2026-06-18T08:25:00+00:00,16.48,16.54,16.48,16.54,13
2026-06-18T08:30:00+00:00,16.5,16.5,16.5,16.5,1
2026-06-18T08:35:00+00:00,16.5,16.5,16.5,16.5,10
2026-06-18T08:40:00+00:00,16.5,16.5,16.5,16.5,66
2026-06-18T08:45:00+00:00,16.52,16.53,16.52,16.53,186
2026-06-18T08:50:00+00:00,16.5,16.5,16.5,16.5,8
2026-06-18T08:55:00+00:00,16.52,16.52,16.5,16.5,168
2026-06-18T09:00:00+00:00,16.496,16.496,16.496,16.496,2
2026-06-18T09:05:00+00:00,16.496,16.496,16.496,16.496,0
2026-06-18T09:10:00+00:00,16.496,16.496,16.496,16.496,0
2026-06-18T09:15:00+00:00,16.496,16.496,16.496,16.496,0
2026-06-18T09:20:00+00:00,16.486,16.486,16.486,16.486,3
2026-06-18T09:25:00+00:00,16.49,16.49,16.49,16.49,20
2026-06-18T09:30:00+00:00,16.47,16.48,16.47,16.48,1184
2026-06-18T09:35:00+00:00,16.48,16.48,16.48,16.48,0
2026-06-18T09:40:00+00:00,16.49,16.49,16.47,16.48,1015
2026-06-18T09:45:00+00:00,16.47,16.486,16.47,16.485,126
2026-06-18T09:50:00+00:00,16.51,16.51,16.51,16.51,50
2026-06-18T09:55:00+00:00,16.51,16.51,16.51,16.51,200
2026-06-18T10:00:00+00:00,16.51,16.51,16.51,16.51,10
2026-06-18T10:05:00+00:00,16.51,16.51,16.51,16.51,0
2026-06-18T10:10:00+00:00,16.48,16.48,16.48,16.48,1
2026-06-18T10:15:00+00:00,16.48,16.48,16.48,16.48,0
2026-06-18T10:20:00+00:00,16.48,16.48,16.48,16.48,0
2026-06-18T10:25:00+00:00,16.48,16.48,16.47,16.47,203
2026-06-18T10:30:00+00:00,16.47,16.47,16.47,16.47,10
2026-06-18T10:35:00+00:00,16.47,16.47,16.47,16.47,1
2026-06-18T10:40:00+00:00,16.46,16.46,16.43,16.43,148
2026-06-18T10:45:00+00:00,16.44,16.44,16.437,16.437,7
2026-06-18T10:50:00+00:00,16.44,16.44,16.44,16.44,27
2026-06-18T10:55:00+00:00,16.44,16.44,16.43,16.43,363
2026-06-18T11:00:00+00:00,16.43,16.45,16.42,16.45,12724
2026-06-18T11:05:00+00:00,16.43,16.45,16.4,16.4,10673
2026-06-18T11:10:00+00:00,16.42,16.42,16.36,16.36,1308
2026-06-18T11:15:00+00:00,16.38,16.4,16.38,16.4,21
2026-06-18T11:20:00+00:00,16.36,16.4,16.36,16.395,283
2026-06-18T11:25:00+00:00,16.4,16.423,16.35,16.422,23600
2026-06-18T11:30:00+00:00,16.44,16.44,16.35,16.43,1407
2026-06-18T11:35:00+00:00,16.39,16.43,16.35,16.35,142
2026-06-18T11:40:00+00:00,16.4,16.4,16.4,16.4,555
2026-06-18T11:45:00+00:00,16.35,16.42,16.35,16.37,704
2026-06-18T11:50:00+00:00,16.37,16.45,16.35,16.35,1346
2026-06-18T11:55:00+00:00,16.35,16.45,16.35,16.45,211
2026-06-18T12:00:00+00:00,16.44,16.45,16.4,16.4,2666
2026-06-18T12:05:00+00:00,16.45,16.45,16.4,16.405,4197
2026-06-18T12:10:00+00:00,16.41,16.41,16.35,16.37,212
2026-06-18T12:15:00+00:00,16.35,16.39,16.35,16.37,407
2026-06-18T12:20:00+00:00,16.39,16.4,16.35,16.37,3960
2026-06-18T12:25:00+00:00,16.35,16.38,16.35,16.37,309
2026-06-18T12:30:00+00:00,16.4,16.4,16.35,16.35,4406
2026-06-18T12:35:00+00:00,16.35,16.4,16.35,16.36,3058
2026-06-18T12:40:00+00:00,16.35,16.38,16.35,16.36,592
2026-06-18T12:45:00+00:00,16.35,16.381,16.34,16.381,4005
2026-06-18T12:50:00+00:00,16.365,16.397,16.353,16.38,734
2026-06-18T12:55:00+00:00,16.4,16.48,16.39,16.428,7041
2026-06-18T13:00:00+00:00,16.43,16.43,16.38,16.39,5417
2026-06-18T13:05:00+00:00,16.38,16.39,16.38,16.38,1029
2026-06-18T13:10:00+00:00,16.38,16.45,16.38,16.415,3329
2026-06-18T13:15:00+00:00,16.45,16.46,16.38,16.43,2827
2026-06-18T13:20:00+00:00,16.47,16.53,16.41,16.494,7270
2026-06-18T13:25:00+00:00,16.5,16.5,16.41,16.45,12364
2026-06-18T13:30:00+00:00,16.455,16.57,16.23,16.27,637220
2026-06-18T13:35:00+00:00,16.28,16.42,16.25,16.415,157004
2026-06-18T13:40:00+00:00,16.415,16.435,16.18,16.38,2300433
2026-06-18T13:45:00+00:00,16.39,16.605,16.38,16.435,207930
2026-06-18T13:50:00+00:00,16.44,16.5,16.285,16.355,220377
2026-06-18T13:55:00+00:00,16.355,16.36,16.2,16.285,257921
2026-06-18T14:00:00+00:00,16.291,16.315,16.13,16.225,271413
2026-06-18T14:05:00+00:00,16.22,16.26,16.195,16.21,186487
2026-06-18T14:10:00+00:00,16.21,16.23,16.12,16.15,225067
2026-06-18T14:15:00+00:00,16.145,16.2,16.05,16.075,338287
2026-06-18T14:20:00+00:00,16.08,16.18,16.04,16.105,201059
2026-06-18T14:25:00+00:00,16.101,16.115,16.06,16.08,104005
2026-06-18T14:30:00+00:00,16.08,16.107,16.03,16.105,159934
2026-06-18T14:35:00+00:00,16.105,16.13,16.075,16.105,102608
2026-06-18T14:40:00+00:00,16.105,16.145,16.07,16.13,151049
2026-06-18T14:45:00+00:00,16.125,16.18,16.11,16.168,90915
2026-06-18T14:50:00+00:00,16.16,16.18,16.11,16.18,123480
2026-06-18T14:55:00+00:00,16.17,16.325,16.165,16.31,370873
2026-06-18T15:00:00+00:00,16.315,16.35,16.265,16.28,207862
2026-06-18T15:05:00+00:00,16.27,16.275,16.235,16.27,65012
2026-06-18T15:10:00+00:00,16.28,16.38,16.265,16.3,451232
2026-06-18T15:15:00+00:00,16.295,16.3,16.19,16.19,126101
2026-06-18T15:20:00+00:00,16.2,16.205,16.095,16.18,111383
2026-06-18T15:25:00+00:00,16.185,16.29,16.18,16.275,593698
2026-06-18T15:30:00+00:00,16.27,16.376,16.27,16.345,414910
2026-06-18T15:35:00+00:00,16.345,16.35,16.222,16.29,561206
2026-06-18T15:40:00+00:00,16.285,16.285,16.192,16.215,223236
2026-06-18T15:45:00+00:00,16.218,16.27,16.215,16.22,69047
2026-06-18T15:50:00+00:00,16.225,16.34,16.225,16.26,152930
2026-06-18T15:55:00+00:00,16.265,16.315,16.26,16.275,97597
2026-06-18T16:00:00+00:00,16.28,16.3,16.225,16.246,111480
2026-06-18T16:05:00+00:00,16.25,16.275,16.245,16.27,100842
2026-06-18T16:10:00+00:00,16.275,16.275,16.19,16.19,95345
2026-06-18T16:15:00+00:00,16.19,16.235,16.18,16.21,72026
2026-06-18T16:20:00+00:00,16.22,16.275,16.215,16.245,474248
2026-06-18T16:25:00+00:00,16.25,16.36,16.24,16.36,247844
2026-06-18T16:30:00+00:00,16.359,16.365,16.28,16.3,331159
2026-06-18T16:35:00+00:00,16.295,16.3,16.25,16.265,275156
2026-06-18T16:40:00+00:00,16.27,16.285,16.2,16.205,247805
2026-06-18T16:45:00+00:00,16.204,16.23,16.19,16.215,263867
2026-06-18T16:50:00+00:00,16.215,16.23,16.165,16.175,133718
2026-06-18T16:55:00+00:00,16.175,16.18,16.12,16.14,159149
2026-06-18T17:00:00+00:00,16.145,16.18,16.12,16.18,100743
2026-06-18T17:05:00+00:00,16.175,16.23,16.172,16.219,93611
2026-06-18T17:10:00+00:00,16.21,16.225,16.175,16.219,147222
2026-06-18T17:15:00+00:00,16.21,16.3,16.205,16.275,125175
2026-06-18T17:20:00+00:00,16.275,16.28,16.25,16.255,41535
2026-06-18T17:25:00+00:00,16.255,16.315,16.245,16.285,126157
2026-06-18T17:30:00+00:00,16.285,16.33,16.28,16.305,70223
2026-06-18T17:35:00+00:00,16.305,16.305,16.27,16.28,107899
2026-06-18T17:40:00+00:00,16.29,16.29,16.27,16.285,58494
2026-06-18T17:45:00+00:00,16.285,16.31,16.275,16.29,48524
2026-06-18T17:50:00+00:00,16.295,16.315,16.29,16.305,63303
2026-06-18T17:55:00+00:00,16.305,16.322,16.287,16.31,54394
2026-06-18T18:00:00+00:00,16.3,16.305,16.25,16.265,48978
2026-06-18T18:05:00+00:00,16.27,16.3,16.26,16.284,66887
2026-06-18T18:10:00+00:00,16.285,16.29,16.24,16.25,58184
2026-06-18T18:15:00+00:00,16.25,16.265,16.185,16.185,197069
2026-06-18T18:20:00+00:00,16.19,16.22,16.18,16.216,62947
2026-06-18T18:25:00+00:00,16.215,16.245,16.21,16.215,44134
2026-06-18T18:30:00+00:00,16.215,16.235,16.2,16.2,79317
2026-06-18T18:35:00+00:00,16.2,16.2,16.15,16.165,64186
2026-06-18T18:40:00+00:00,16.165,16.175,16.15,16.15,67772
2026-06-18T18:45:00+00:00,16.141,16.185,16.141,16.175,91977
2026-06-18T18:50:00+00:00,16.17,16.185,16.165,16.18,235718
2026-06-18T18:55:00+00:00,16.17,16.199,16.17,16.185,83240
2026-06-18T19:00:00+00:00,16.18,16.19,16.17,16.185,62036
2026-06-18T19:05:00+00:00,16.19,16.33,16.18,16.32,228569
2026-06-18T19:10:00+00:00,16.315,16.335,16.24,16.33,334070
2026-06-18T19:15:00+00:00,16.325,16.34,16.24,16.33,283061
2026-06-18T19:20:00+00:00,16.335,16.35,16.325,16.335,174865
2026-06-18T19:25:00+00:00,16.335,16.35,16.315,16.34,144510
2026-06-18T19:30:00+00:00,16.335,16.405,16.315,16.405,230510
2026-06-18T19:35:00+00:00,16.405,16.43,16.31,16.345,320005
2026-06-18T19:40:00+00:00,16.345,16.39,16.32,16.39,241529
2026-06-18T19:45:00+00:00,16.385,16.47,16.37,16.445,247730
2026-06-18T19:50:00+00:00,16.445,16.59,16.445,16.575,582539
2026-06-18T19:55:00+00:00,16.575,16.58,16.47,16.52,966877
2026-06-18T20:00:00+00:00,16.52,16.58,16.44,16.494,882451
2026-06-18T20:05:00+00:00,16.493,16.54,16.44,16.516,333071
2026-06-18T20:10:00+00:00,16.51,16.52,16.441,16.5,174669
2026-06-18T20:15:00+00:00,16.498,16.5,16.49,16.5,97419
2026-06-18T20:20:00+00:00,16.5,16.5,16.49,16.49,1450
2026-06-18T20:25:00+00:00,16.491,16.5,16.49,16.491,2097
2026-06-18T20:30:00+00:00,16.49,16.5,16.49,16.495,739
2026-06-18T20:35:00+00:00,16.491,16.5,16.49,16.49,1983
2026-06-18T20:40:00+00:00,16.49,16.5,16.49,16.49,219
2026-06-18T20:45:00+00:00,16.49,16.5,16.46,16.46,9513
2026-06-18T20:50:00+00:00,16.46,16.48,16.44,16.44,198
2026-06-18T20:55:00+00:00,16.48,16.58,16.37,16.45,3329
2026-06-18T21:00:00+00:00,16.45,16.49,16.43,16.452,1296
2026-06-18T21:05:00+00:00,16.49,16.49,16.451,16.451,82
2026-06-18T21:10:00+00:00,16.451,16.49,16.451,16.49,640
2026-06-18T21:15:00+00:00,16.49,16.49,16.47,16.471,20
2026-06-18T21:20:00+00:00,16.49,16.5,16.47,16.47,1698
2026-06-18T21:25:00+00:00,16.5,16.5,16.41,16.46,143
2026-06-18T21:30:00+00:00,16.47,16.5,16.43,16.5,2821
2026-06-18T21:35:00+00:00,16.48,16.5,16.465,16.49,771
2026-06-18T21:40:00+00:00,16.5,16.5,16.45,16.45,2201
2026-06-18T21:45:00+00:00,16.45,16.5,16.45,16.46,108102
2026-06-18T21:50:00+00:00,16.46,16.49,16.45,16.49,264
2026-06-18T21:55:00+00:00,16.5,16.5,16.45,16.494,185
2026-06-18T22:00:00+00:00,16.5,16.5,16.45,16.475,416
2026-06-18T22:05:00+00:00,16.45,16.5,16.45,16.457,2214
2026-06-18T22:10:00+00:00,16.46,16.5,16.45,16.5,1139
2026-06-18T22:15:00+00:00,16.5,16.5,16.45,16.475,4517
2026-06-18T22:20:00+00:00,16.45,16.5,16.45,16.5,1251
2026-06-18T22:25:00+00:00,16.45,16.5,16.45,16.46,120
2026-06-18T22:30:00+00:00,16.475,16.5,16.46,16.48,316
2026-06-18T22:35:00+00:00,16.5,16.5,16.45,16.5,103
2026-06-18T22:40:00+00:00,16.5,16.5,16.45,16.47,987
2026-06-18T22:45:00+00:00,16.5,16.5,16.47,16.5,903
2026-06-18T22:50:00+00:00,16.5,16.5,16.47,16.475,225
2026-06-18T22:55:00+00:00,16.47,16.471,16.45,16.45,904
2026-06-18T23:00:00+00:00,16.45,16.5,16.43,16.48,1437
2026-06-18T23:05:00+00:00,16.45,16.5,16.43,16.465,2876
2026-06-18T23:10:00+00:00,16.5,16.5,16.43,16.5,39
2026-06-18T23:15:00+00:00,16.43,16.5,16.43,16.465,385
2026-06-18T23:20:00+00:00,16.47,16.5,16.43,16.5,51
2026-06-18T23:25:00+00:00,16.47,16.5,16.43,16.5,633
2026-06-18T23:30:00+00:00,16.5,16.5,16.43,16.5,515
2026-06-18T23:35:00+00:00,16.5,16.5,16.43,16.43,33
2026-06-18T23:40:00+00:00,16.5,16.5,16.43,16.46,1039
2026-06-18T23:45:00+00:00,16.46,16.47,16.435,16.47,189
2026-06-18T23:50:00+00:00,16.47,16.47,16.44,16.447,667
2026-06-18T23:55:00+00:00,16.45,16.5,16.43,16.465,2322
2026-06-22T08:00:00+00:00,16.31,16.43,16.28,16.43,4074
2026-06-22T08:05:00+00:00,16.38,16.4,16.32,16.4,321
2026-06-22T08:10:00+00:00,16.36,16.36,16.341,16.341,69
2026-06-22T08:15:00+00:00,16.35,16.41,16.35,16.41,15
2026-06-22T08:20:00+00:00,16.41,16.41,16.41,16.41,0
2026-06-22T08:25:00+00:00,16.41,16.41,16.41,16.41,0
2026-06-22T08:30:00+00:00,16.41,16.41,16.41,16.41,0
2026-06-22T08:35:00+00:00,16.352,16.352,16.352,16.352,26
2026-06-22T08:40:00+00:00,16.352,16.352,16.352,16.352,0
2026-06-22T08:45:00+00:00,16.36,16.36,16.352,16.352,435
2026-06-22T08:50:00+00:00,16.352,16.352,16.352,16.352,0
2026-06-22T08:55:00+00:00,16.352,16.352,16.352,16.352,0
2026-06-22T09:00:00+00:00,16.37,16.37,16.37,16.37,5
2026-06-22T09:05:00+00:00,16.387,16.387,16.387,16.387,200
2026-06-22T09:10:00+00:00,16.38,16.46,16.38,16.46,11
2026-06-22T09:15:00+00:00,16.46,16.46,16.46,16.46,0
2026-06-22T09:20:00+00:00,16.46,16.46,16.46,16.46,0
2026-06-22T09:25:00+00:00,16.46,16.46,16.46,16.46,0
2026-06-22T09:30:00+00:00,16.46,16.46,16.46,16.46,0
2026-06-22T09:35:00+00:00,16.421,16.421,16.421,16.421,1
2026-06-22T09:40:00+00:00,16.43,16.43,16.43,16.43,182
2026-06-22T09:45:00+00:00,16.38,16.39,16.38,16.39,504
2026-06-22T09:50:00+00:00,16.39,16.39,16.39,16.39,4
2026-06-22T09:55:00+00:00,16.39,16.39,16.39,16.39,305
2026-06-22T10:00:00+00:00,16.38,16.386,16.38,16.386,40
2026-06-22T10:05:00+00:00,16.386,16.386,16.386,16.386,0
2026-06-22T10:10:00+00:00,16.386,16.386,16.386,16.386,0
2026-06-22T10:15:00+00:00,16.4,16.43,16.39,16.43,16
2026-06-22T10:20:00+00:00,16.43,16.43,16.43,16.43,0
2026-06-22T10:25:00+00:00,16.43,16.43,16.43,16.43,11
2026-06-22T10:30:00+00:00,16.43,16.43,16.43,16.43,57
2026-06-22T10:35:00+00:00,16.43,16.43,16.43,16.43,0
2026-06-22T10:40:00+00:00,16.43,16.43,16.43,16.43,1
2026-06-22T10:45:00+00:00,16.4,16.4,16.4,16.4,20
2026-06-22T10:50:00+00:00,16.43,16.44,16.43,16.44,80
2026-06-22T10:55:00+00:00,16.44,16.44,16.44,16.44,0
2026-06-22T11:00:00+00:00,16.39,16.45,16.35,16.42,1756
2026-06-22T11:05:00+00:00,16.43,16.46,16.4,16.45,703
2026-06-22T11:10:00+00:00,16.41,16.45,16.38,16.4,2253
2026-06-22T11:15:00+00:00,16.45,16.45,16.38,16.4,510
2026-06-22T11:20:00+00:00,16.401,16.439,16.401,16.43,258
2026-06-22T11:25:00+00:00,16.43,16.43,16.4,16.43,23
2026-06-22T11:30:00+00:00,16.43,16.43,16.4,16.43,260
2026-06-22T11:35:00+00:00,16.44,16.44,16.402,16.44,2261
2026-06-22T11:40:00+00:00,16.44,16.44,16.4,16.44,700
2026-06-22T11:45:00+00:00,16.438,16.44,16.4,16.42,366
2026-06-22T11:50:00+00:00,16.43,16.44,16.35,16.35,117
2026-06-22T11:55:00+00:00,16.4,16.44,16.4,16.44,243
2026-06-22T12:00:00+00:00,16.39,16.44,16.38,16.41,17679
2026-06-22T12:05:00+00:00,16.38,16.44,16.38,16.41,826
2026-06-22T12:10:00+00:00,16.44,16.44,16.38,16.44,2663
2026-06-22T12:15:00+00:00,16.432,16.44,16.38,16.44,91
2026-06-22T12:20:00+00:00,16.42,16.44,16.382,16.382,5164
2026-06-22T12:25:00+00:00,16.43,16.44,16.43,16.44,300
2026-06-22T12:30:00+00:00,16.44,16.44,16.42,16.42,2720
2026-06-22T12:35:00+00:00,16.44,16.44,16.38,16.41,1566
2026-06-22T12:40:00+00:00,16.41,16.44,16.38,16.4,673
2026-06-22T12:45:00+00:00,16.42,16.42,16.395,16.4,460
2026-06-22T12:50:00+00:00,16.39,16.41,16.385,16.39,5136
2026-06-22T12:55:00+00:00,16.39,16.42,16.37,16.409,3661
2026-06-22T13:00:00+00:00,16.38,16.42,16.38,16.4,399
2026-06-22T13:05:00+00:00,16.41,16.42,16.367,16.39,1341
2026-06-22T13:10:00+00:00,16.36,16.42,16.36,16.39,102
2026-06-22T13:15:00+00:00,16.39,16.42,16.371,16.371,332
2026-06-22T13:20:00+00:00,16.37,16.42,16.36,16.39,239
2026-06-22T13:25:00+00:00,16.4,16.43,16.32,16.34,4917
2026-06-22T13:30:00+00:00,16.34,16.36,15.87,15.955,547337
2026-06-22T13:35:00+00:00,15.955,16.1,15.765,15.765,498374
2026-06-22T13:40:00+00:00,15.765,15.82,15.685,15.765,466187
2026-06-22T13:45:00+00:00,15.77,15.83,15.67,15.75,473138
2026-06-22T13:50:00+00:00,15.745,15.785,15.685,15.73,391810
2026-06-22T13:55:00+00:00,15.73,15.88,15.71,15.875,200322
2026-06-22T14:00:00+00:00,15.88,15.97,15.82,15.865,307247
2026-06-22T14:05:00+00:00,15.87,15.92,15.82,15.92,142233
2026-06-22T14:10:00+00:00,15.92,15.925,15.74,15.765,199789
2026-06-22T14:15:00+00:00,15.761,15.765,15.66,15.68,267374
2026-06-22T14:20:00+00:00,15.67,15.72,15.56,15.565,289164
2026-06-22T14:25:00+00:00,15.562,15.65,15.54,15.64,240198
2026-06-22T14:30:00+00:00,15.64,15.67,15.551,15.67,239217
2026-06-22T14:35:00+00:00,15.675,15.75,15.665,15.675,181926
2026-06-22T14:40:00+00:00,15.675,15.72,15.63,15.665,161112
2026-06-22T14:45:00+00:00,15.67,15.68,15.59,15.625,172776
2026-06-22T14:50:00+00:00,15.625,15.66,15.62,15.625,103101
2026-06-22T14:55:00+00:00,15.625,15.68,15.58,15.68,66905
2026-06-22T15:00:00+00:00,15.67,15.72,15.67,15.695,133298
2026-06-22T15:05:00+00:00,15.695,15.77,15.69,15.735,264239
2026-06-22T15:10:00+00:00,15.735,15.765,15.705,15.71,91632
2026-06-22T15:15:00+00:00,15.715,15.73,15.67,15.69,118215
2026-06-22T15:20:00+00:00,15.675,15.7,15.675,15.695,96866
2026-06-22T15:25:00+00:00,15.69,15.7,15.51,15.62,258863
2026-06-22T15:30:00+00:00,15.615,15.68,15.61,15.675,111971
2026-06-22T15:35:00+00:00,15.675,15.675,15.563,15.58,79714
2026-06-22T15:40:00+00:00,15.59,15.6,15.565,15.595,107297
2026-06-22T15:45:00+00:00,15.595,15.6,15.485,15.485,231709
2026-06-22T15:50:00+00:00,15.49,15.53,15.48,15.522,182765
2026-06-22T15:55:00+00:00,15.52,15.54,15.485,15.495,159679
2026-06-22T16:00:00+00:00,15.495,15.495,15.38,15.415,280699
2026-06-22T16:05:00+00:00,15.41,15.43,15.4,15.405,176446
2026-06-22T16:10:00+00:00,15.41,15.425,15.38,15.385,120750
2026-06-22T16:15:00+00:00,15.39,15.43,15.38,15.42,195879
2026-06-22T16:20:00+00:00,15.425,15.45,15.38,15.385,177928
2026-06-22T16:25:00+00:00,15.38,15.45,15.36,15.395,178657
2026-06-22T16:30:00+00:00,15.395,15.395,15.352,15.36,83490
2026-06-22T16:35:00+00:00,15.365,15.37,15.22,15.232,383663
2026-06-22T16:40:00+00:00,15.235,15.24,15.18,15.225,459783
2026-06-22T16:45:00+00:00,15.225,15.3,15.19,15.285,268439
2026-06-22T16:50:00+00:00,15.289,15.36,15.28,15.34,166383
2026-06-22T16:55:00+00:00,15.345,15.365,15.33,15.355,175858
2026-06-22T17:00:00+00:00,15.36,15.39,15.355,15.389,110822
2026-06-22T17:05:00+00:00,15.385,15.4,15.32,15.335,177670
2026-06-22T17:10:00+00:00,15.335,15.355,15.274,15.29,225150
2026-06-22T17:15:00+00:00,15.28,15.31,15.275,15.31,105994
2026-06-22T17:20:00+00:00,15.31,15.35,15.31,15.33,160470
2026-06-22T17:25:00+00:00,15.33,15.33,15.31,15.315,84745
2026-06-22T17:30:00+00:00,15.316,15.345,15.305,15.345,169062
2026-06-22T17:35:00+00:00,15.34,15.36,15.32,15.345,159444
2026-06-22T17:40:00+00:00,15.345,15.4,15.325,15.38,165111
2026-06-22T17:45:00+00:00,15.38,15.39,15.33,15.335,129343
2026-06-22T17:50:00+00:00,15.335,15.41,15.33,15.395,147592
2026-06-22T17:55:00+00:00,15.395,15.45,15.38,15.42,120339
2026-06-22T18:00:00+00:00,15.42,15.435,15.375,15.39,125079
2026-06-22T18:05:00+00:00,15.385,15.385,15.35,15.375,128860
2026-06-22T18:10:00+00:00,15.375,15.41,15.375,15.385,103980
2026-06-22T18:15:00+00:00,15.385,15.41,15.365,15.38,114951
2026-06-22T18:20:00+00:00,15.38,15.41,15.36,15.4,149659
2026-06-22T18:25:00+00:00,15.4,15.415,15.34,15.36,107682
2026-06-22T18:30:00+00:00,15.37,15.39,15.325,15.355,194275
2026-06-22T18:35:00+00:00,15.355,15.365,15.32,15.325,101892
2026-06-22T18:40:00+00:00,15.325,15.37,15.32,15.36,94823
2026-06-22T18:45:00+00:00,15.355,15.42,15.345,15.36,247530
2026-06-22T18:50:00+00:00,15.365,15.365,15.305,15.31,84265
2026-06-22T18:55:00+00:00,15.31,15.355,15.28,15.336,114556
2026-06-22T19:00:00+00:00,15.34,15.35,15.31,15.315,90666
2026-06-22T19:05:00+00:00,15.315,15.32,15.27,15.275,108861
2026-06-22T19:10:00+00:00,15.27,15.28,15.255,15.28,79755
2026-06-22T19:15:00+00:00,15.276,15.305,15.27,15.295,150314
2026-06-22T19:20:00+00:00,15.29,15.29,15.215,15.23,220992
2026-06-22T19:25:00+00:00,15.235,15.25,15.215,15.24,172402
2026-06-22T19:30:00+00:00,15.245,15.245,15.21,15.215,163101
2026-06-22T19:35:00+00:00,15.215,15.22,15.165,15.185,293095
2026-06-22T19:40:00+00:00,15.185,15.2,15.14,15.155,235497
2026-06-22T19:45:00+00:00,15.155,15.16,15.12,15.156,241572
2026-06-22T19:50:00+00:00,15.12,15.159,15.085,15.115,466997
2026-06-22T19:55:00+00:00,15.12,15.19,15.075,15.1,885859
2026-06-22T20:00:00+00:00,15.1,15.11,15.09,15.11,153448
2026-06-22T20:05:00+00:00,15.11,15.11,15.1,15.11,15194
2026-06-22T20:10:00+00:00,15.1,15.14,15.1,15.13,8020
2026-06-22T20:15:00+00:00,15.15,15.15,15.11,15.15,2189
2026-06-22T20:20:00+00:00,15.13,15.15,15.11,15.135,1957
2026-06-22T20:25:00+00:00,15.14,15.14,15.11,15.12,1664
2026-06-22T20:30:00+00:00,15.14,15.14,15.11,15.14,5157
2026-06-22T20:35:00+00:00,15.14,15.14,15.11,15.13,3041
2026-06-22T20:40:00+00:00,15.127,15.14,15.11,15.13,693
2026-06-22T20:45:00+00:00,15.13,15.13,15.11,15.12,2538
2026-06-22T20:50:00+00:00,15.12,15.15,15.11,15.15,4696
2026-06-22T20:55:00+00:00,15.15,15.15,15.13,15.13,4219
2026-06-22T21:00:00+00:00,15.14,15.14,15.13,15.14,2939
2026-06-22T21:05:00+00:00,15.14,15.15,15.14,15.14,11726
2026-06-22T21:10:00+00:00,15.14,15.15,15.13,15.13,2307
2026-06-22T21:15:00+00:00,15.15,15.15,15.14,15.15,1256
2026-06-22T21:20:00+00:00,15.155,15.18,15.13,15.159,383
2026-06-22T21:25:00+00:00,15.15,15.16,15.13,15.159,2097
2026-06-22T21:30:00+00:00,15.158,15.16,15.145,15.16,1330
2026-06-22T21:35:00+00:00,15.155,15.16,15.13,15.15,1332
2026-06-22T21:40:00+00:00,15.16,15.18,15.15,15.18,2614
2026-06-22T21:45:00+00:00,15.18,15.18,15.14,15.175,2918
2026-06-22T21:50:00+00:00,15.16,15.18,15.13,15.16,2552
2026-06-22T21:55:00+00:00,15.17,15.18,15.13,15.17,243
2026-06-22T22:00:00+00:00,15.18,15.18,15.13,15.169,419830
2026-06-22T22:05:00+00:00,15.169,15.17,15.1,15.149,916
2026-06-22T22:10:00+00:00,15.13,15.17,15.13,15.14,2578
2026-06-22T22:15:00+00:00,15.17,15.17,15.15,15.15,1419
2026-06-22T22:20:00+00:00,15.15,15.16,15.13,15.15,271
2026-06-22T22:25:00+00:00,15.15,15.16,15.13,15.15,2095
2026-06-22T22:30:00+00:00,15.13,15.16,15.1,15.1,4281
2026-06-22T22:35:00+00:00,15.16,15.16,15.1,15.15,454
2026-06-22T22:40:00+00:00,15.16,15.16,15.11,15.16,1837
2026-06-22T22:45:00+00:00,15.16,15.16,15.1,15.14,589
2026-06-22T22:50:00+00:00,15.1,15.16,15.1,15.15,6833
2026-06-22T22:55:00+00:00,15.135,15.16,15.11,15.145,8430
2026-06-22T23:00:00+00:00,15.15,15.15,15.1,15.15,2144
2026-06-22T23:05:00+00:00,15.14,15.15,15.1,15.15,2592
2026-06-22T23:10:00+00:00,15.11,15.15,15.1,15.12,4378
2026-06-22T23:15:00+00:00,15.144,15.15,15.125,15.15,928
2026-06-22T23:20:00+00:00,15.13,15.15,15.1,15.1,779
2026-06-22T23:25:00+00:00,15.15,15.15,15.1,15.13,11055
2026-06-22T23:30:00+00:00,15.15,15.15,15.136,15.14,3561
2026-06-22T23:35:00+00:00,15.11,15.16,15.11,15.15,3854
2026-06-22T23:40:00+00:00,15.15,15.16,15.125,15.125,1251
2026-06-22T23:45:00+00:00,15.14,15.14,15.13,15.14,3017
2026-06-22T23:50:00+00:00,15.125,15.16,15.11,15.15,4207
2026-06-22T23:55:00+00:00,15.16,15.16,15.11,15.14,2522
2026-06-23T08:00:00+00:00,14.95,15.11,14.83,14.83,41061
2026-06-23T08:05:00+00:00,14.87,14.87,14.87,14.87,2
2026-06-23T08:10:00+00:00,14.888,15.11,14.86,14.89,4065
2026-06-23T08:15:00+00:00,14.89,14.89,14.81,14.81,2963
2026-06-23T08:20:00+00:00,14.82,14.82,14.81,14.81,890
2026-06-23T08:25:00+00:00,14.81,14.81,14.81,14.81,0
2026-06-23T08:30:00+00:00,14.85,14.86,14.85,14.85,1093
2026-06-23T08:35:00+00:00,14.86,14.86,14.85,14.85,615
2026-06-23T08:40:00+00:00,14.86,14.884,14.86,14.884,338
2026-06-23T08:45:00+00:00,14.9,14.9,14.866,14.866,18
2026-06-23T08:50:00+00:00,14.85,14.86,14.85,14.86,1570
2026-06-23T08:55:00+00:00,14.875,14.875,14.875,14.875,3
2026-06-23T09:00:00+00:00,14.9,14.9,14.9,14.9,1560
2026-06-23T09:05:00+00:00,14.9,14.9,14.85,14.85,4600
2026-06-23T09:10:00+00:00,14.855,14.86,14.85,14.86,115
2026-06-23T09:15:00+00:00,14.86,14.86,14.86,14.86,0
2026-06-23T09:20:00+00:00,14.87,14.87,14.85,14.859,1613
2026-06-23T09:25:00+00:00,14.86,14.89,14.85,14.89,1056
2026-06-23T09:30:00+00:00,14.9,14.9,14.86,14.9,992
2026-06-23T09:35:00+00:00,14.9,14.9,14.9,14.9,50
2026-06-23T09:40:00+00:00,14.9,14.9,14.89,14.89,684
2026-06-23T09:45:00+00:00,14.88,14.88,14.85,14.85,1450
2026-06-23T09:50:00+00:00,14.87,14.903,14.85,14.9,531
2026-06-23T09:55:00+00:00,14.9,14.9,14.89,14.89,111
2026-06-23T10:00:00+00:00,14.91,14.91,14.9,14.9,2
2026-06-23T10:05:00+00:00,14.9,14.9,14.89,14.89,5
2026-06-23T10:10:00+00:00,14.87,14.87,14.87,14.87,20
2026-06-23T10:15:00+00:00,14.89,14.89,14.88,14.89,325
2026-06-23T10:20:00+00:00,14.88,14.9,14.88,14.9,865
2026-06-23T10:25:00+00:00,14.88,14.9,14.85,14.9,216
2026-06-23T10:30:00+00:00,14.84,14.87,14.84,14.87,360
2026-06-23T10:35:00+00:00,14.85,14.86,14.85,14.86,200
2026-06-23T10:40:00+00:00,14.87,14.89,14.86,14.875,377
2026-06-23T10:45:00+00:00,14.875,14.875,14.875,14.875,0
2026-06-23T10:50:00+00:00,14.873,14.88,14.86,14.88,477
2026-06-23T10:55:00+00:00,14.88,14.89,14.86,14.89,596
2026-06-23T11:00:00+00:00,14.89,14.98,14.85,14.91,17139
2026-06-23T11:05:00+00:00,14.935,14.939,14.86,14.875,5195
2026-06-23T11:10:00+00:00,14.89,14.94,14.86,14.93,7308
2026-06-23T11:15:00+00:00,14.94,14.94,14.9,14.905,2746
2026-06-23T11:20:00+00:00,14.909,14.948,14.88,14.944,460
2026-06-23T11:25:00+00:00,14.95,14.99,14.901,14.93,6530
2026-06-23T11:30:00+00:00,15.0,15.0,14.91,14.91,594
2026-06-23T11:35:00+00:00,14.96,15.0,14.91,14.98,1567
2026-06-23T11:40:00+00:00,15.0,15.0,14.945,14.98,2518
2026-06-23T11:45:00+00:00,14.99,14.995,14.92,14.95,1171
2026-06-23T11:50:00+00:00,14.99,14.99,14.947,14.966,3347
2026-06-23T11:55:00+00:00,14.99,14.99,14.96,14.99,317
2026-06-23T12:00:00+00:00,14.971,15.04,14.97,15.03,6071
2026-06-23T12:05:00+00:00,15.03,15.03,14.96,14.98,1479
2026-06-23T12:10:00+00:00,15.0,15.0,14.95,15.0,2841
2026-06-23T12:15:00+00:00,15.0,15.0,14.95,15.0,3212
2026-06-23T12:20:00+00:00,14.98,15.0,14.95,14.98,3544
2026-06-23T12:25:00+00:00,14.95,14.98,14.94,14.96,1253
2026-06-23T12:30:00+00:00,14.98,14.98,14.923,14.923,4592
2026-06-23T12:35:00+00:00,14.938,15.04,14.93,15.04,5078
2026-06-23T12:40:00+00:00,15.01,15.04,14.96,15.0,4906
2026-06-23T12:45:00+00:00,15.005,15.04,14.97,14.977,11732
2026-06-23T12:50:00+00:00,14.974,15.04,14.96,14.99,6556
2026-06-23T12:55:00+00:00,14.965,14.99,14.96,14.98,3699
2026-06-23T13:00:00+00:00,15.0,15.0,14.96,14.98,1561
2026-06-23T13:05:00+00:00,14.989,15.04,14.96,14.96,6737
2026-06-23T13:10:00+00:00,14.968,15.0,14.96,14.97,6664
2026-06-23T13:15:00+00:00,14.98,15.0,14.92,14.93,23412
2026-06-23T13:20:00+00:00,14.93,14.95,14.89,14.95,14359
2026-06-23T13:25:00+00:00,14.91,15.02,14.86,14.94,29553
2026-06-23T13:30:00+00:00,14.97,15.055,14.81,14.94,810714
2026-06-23T13:35:00+00:00,14.95,15.06,14.92,15.03,398259
2026-06-23T13:40:00+00:00,15.02,15.16,15.0,15.139,239388
2026-06-23T13:45:00+00:00,15.145,15.155,15.045,15.065,293357
2026-06-23T13:50:00+00:00,15.07,15.2,15.065,15.165,233105
2026-06-23T13:55:00+00:00,15.165,15.29,15.16,15.285,257472
2026-06-23T14:00:00+00:00,15.28,15.28,15.135,15.145,190531
2026-06-23T14:05:00+00:00,15.145,15.18,15.095,15.115,227973
2026-06-23T14:10:00+00:00,15.115,15.15,15.095,15.111,131370
2026-06-23T14:15:00+00:00,15.11,15.15,15.08,15.105,148344
2026-06-23T14:20:00+00:00,15.105,15.115,15.08,15.085,204283
2026-06-23T14:25:00+00:00,15.08,15.086,15.03,15.075,118150
2026-06-23T14:30:00+00:00,15.07,15.085,15.025,15.075,261515
2026-06-23T14:35:00+00:00,15.08,15.165,15.06,15.125,216982
2026-06-23T14:40:00+00:00,15.13,15.185,15.05,15.08,260810
2026-06-23T14:45:00+00:00,15.09,15.1,14.95,14.965,272872
2026-06-23T14:50:00+00:00,14.965,14.97,14.81,14.846,323604
2026-06-23T14:55:00+00:00,14.845,14.93,14.845,14.905,206849
2026-06-23T15:00:00+00:00,14.905,14.97,14.9,14.935,195029
2026-06-23T15:05:00+00:00,14.934,15.045,14.92,15.04,162674
2026-06-23T15:10:00+00:00,15.04,15.095,15.015,15.085,151748
2026-06-23T15:15:00+00:00,15.08,15.085,14.98,14.995,138054
2026-06-23T15:20:00+00:00,14.99,15.0,14.94,14.97,128201
2026-06-23T15:25:00+00:00,14.965,15.0,14.925,14.99,118833
2026-06-23T15:30:00+00:00,14.99,15.049,14.99,15.015,97358
2026-06-23T15:35:00+00:00,15.02,15.02,14.923,14.935,117121
2026-06-23T15:40:00+00:00,14.93,14.96,14.91,14.919,147469
2026-06-23T15:45:00+00:00,14.92,14.965,14.89,14.902,191546
2026-06-23T15:50:00+00:00,14.9,14.95,14.895,14.92,106330
2026-06-23T15:55:00+00:00,14.915,14.985,14.91,14.98,98853
2026-06-23T16:00:00+00:00,14.98,15.015,14.965,15.005,145807
2026-06-23T16:05:00+00:00,15.005,15.105,14.995,15.1,107981
2026-06-23T16:10:00+00:00,15.1,15.17,15.085,15.17,123258
2026-06-23T16:15:00+00:00,15.165,15.21,15.15,15.155,132013
2026-06-23T16:20:00+00:00,15.155,15.28,15.135,15.25,198230
2026-06-23T16:25:00+00:00,15.24,15.28,15.175,15.19,161681
2026-06-23T16:30:00+00:00,15.195,15.23,15.185,15.19,118056
2026-06-23T16:35:00+00:00,15.19,15.22,15.115,15.17,202847
2026-06-23T16:40:00+00:00,15.16,15.17,15.13,15.165,93718
2026-06-23T16:45:00+00:00,15.165,15.17,15.115,15.145,148666
2026-06-23T16:50:00+00:00,15.145,15.145,15.065,15.12,149485
2026-06-23T16:55:00+00:00,15.12,15.165,15.09,15.145,218582
2026-06-23T17:00:00+00:00,15.15,15.15,15.11,15.125,65028
2026-06-23T17:05:00+00:00,15.13,15.135,15.04,15.05,65470
2026-06-23T17:10:00+00:00,15.06,15.105,15.05,15.065,61191
2026-06-23T17:15:00+00:00,15.06,15.085,15.05,15.05,30984
2026-06-23T17:20:00+00:00,15.06,15.085,15.055,15.075,59684
2026-06-23T17:25:00+00:00,15.075,15.08,15.05,15.06,43265
2026-06-23T17:30:00+00:00,15.065,15.079,15.055,15.075,51713
2026-06-23T17:35:00+00:00,15.08,15.085,15.06,15.065,31295
2026-06-23T17:40:00+00:00,15.06,15.07,15.03,15.03,56351
2026-06-23T17:45:00+00:00,15.035,15.055,15.02,15.025,38332
2026-06-23T17:50:00+00:00,15.02,15.09,15.02,15.035,131454
2026-06-23T17:55:00+00:00,15.03,15.04,14.98,14.99,128998
2026-06-23T18:00:00+00:00,14.985,15.035,14.985,15.025,82643
2026-06-23T18:05:00+00:00,15.025,15.03,14.985,15.015,47288
2026-06-23T18:10:00+00:00,15.015,15.02,14.995,15.005,47915
2026-06-23T18:15:00+00:00,15.0,15.01,14.965,14.98,53798
2026-06-23T18:20:00+00:00,14.975,15.0,14.97,14.995,62650
2026-06-23T18:25:00+00:00,14.995,14.995,14.95,14.965,68192
2026-06-23T18:30:00+00:00,14.97,14.97,14.945,14.955,54753
2026-06-23T18:35:00+00:00,14.955,14.967,14.93,14.935,82205
2026-06-23T18:40:00+00:00,14.935,14.935,14.9,14.9,107528
2026-06-23T18:45:00+00:00,14.905,14.91,14.87,14.881,142049
2026-06-23T18:50:00+00:00,14.88,14.9,14.85,14.865,127326
2026-06-23T18:55:00+00:00,14.86,14.88,14.84,14.88,146866
2026-06-23T19:00:00+00:00,14.87,14.935,14.87,14.935,83704
2026-06-23T19:05:00+00:00,14.93,14.95,14.89,14.895,101791
2026-06-23T19:10:00+00:00,14.9,14.92,14.895,14.908,82478
2026-06-23T19:15:00+00:00,14.905,14.905,14.87,14.875,89044
2026-06-23T19:20:00+00:00,14.875,14.91,14.865,14.895,138606
2026-06-23T19:25:00+00:00,14.89,14.94,14.89,14.935,93423
2026-06-23T19:30:00+00:00,14.935,14.935,14.84,14.845,160977
2026-06-23T19:35:00+00:00,14.85,14.88,14.845,14.86,163488
2026-06-23T19:40:00+00:00,14.86,14.865,14.83,14.855,191922
2026-06-23T19:45:00+00:00,14.855,14.9,14.84,14.9,253890
2026-06-23T19:50:00+00:00,14.895,14.895,14.85,14.855,255498
2026-06-23T19:55:00+00:00,14.905,14.91,14.84,14.89,783600
2026-06-23T20:00:00+00:00,14.89,14.95,14.88,14.89,95088
2026-06-23T20:05:00+00:00,14.91,14.94,14.89,14.93,17150
2026-06-23T20:10:00+00:00,14.91,14.93,14.89,14.93,161
2026-06-23T20:15:00+00:00,14.92,14.94,14.92,14.935,5504
2026-06-23T20:20:00+00:00,14.94,14.94,14.93,14.935,2623
2026-06-23T20:25:00+00:00,14.94,14.95,14.93,14.95,2081
2026-06-23T20:30:00+00:00,14.93,14.95,14.93,14.94,284
2026-06-23T20:35:00+00:00,14.93,14.95,14.93,14.95,2180
2026-06-23T20:40:00+00:00,14.95,14.96,14.93,14.95,499
2026-06-23T20:45:00+00:00,14.96,14.99,14.93,14.98,653
2026-06-23T20:50:00+00:00,14.97,14.99,14.93,14.938,2118
2026-06-23T20:55:00+00:00,14.95,14.97,14.93,14.946,2455
2026-06-23T21:00:00+00:00,14.93,14.97,14.92,14.94,1904
2026-06-23T21:05:00+00:00,14.94,14.97,14.92,14.97,232
2026-06-23T21:10:00+00:00,14.95,14.97,14.92,14.92,551
2026-06-23T21:15:00+00:00,14.95,14.95,14.92,14.924,5221
2026-06-23T21:20:00+00:00,14.92,14.94,14.92,14.93,3839
2026-06-23T21:25:00+00:00,14.94,14.97,14.93,14.97,243
2026-06-23T21:30:00+00:00,14.93,14.97,14.93,14.945,636
2026-06-23T21:35:00+00:00,14.931,14.96,14.93,14.95,162090
2026-06-23T21:40:00+00:00,14.96,14.96,14.945,14.95,27
2026-06-23T21:45:00+00:00,14.95,14.96,14.93,14.93,1120
2026-06-23T21:50:00+00:00,14.93,14.96,14.93,14.931,1628
2026-06-23T21:55:00+00:00,14.93,14.96,14.93,14.945,88
2026-06-23T22:00:00+00:00,14.96,14.96,14.945,14.96,162
2026-06-23T22:05:00+00:00,14.93,14.98,14.93,14.95,629
2026-06-23T22:10:00+00:00,14.95,14.98,14.93,14.98,325
2026-06-23T22:15:00+00:00,14.98,14.98,14.93,14.98,691
2026-06-23T22:20:00+00:00,14.98,14.98,14.98,14.98,147
2026-06-23T22:25:00+00:00,14.93,14.96,14.93,14.96,202
2026-06-23T22:30:00+00:00,14.95,14.98,14.92,14.98,4796
2026-06-23T22:35:00+00:00,14.967,14.98,14.92,14.92,394
2026-06-23T22:40:00+00:00,14.92,14.98,14.92,14.965,1375
2026-06-23T22:45:00+00:00,14.98,14.98,14.92,14.972,840
2026-06-23T22:50:00+00:00,14.965,14.97,14.93,14.96,385
2026-06-23T22:55:00+00:00,14.96,14.96,14.93,14.93,41
2026-06-23T23:00:00+00:00,14.94,14.95,14.93,14.95,5049
2026-06-23T23:05:00+00:00,14.92,14.95,14.91,14.94,2515
2026-06-23T23:10:00+00:00,14.944,14.944,14.9,14.92,147
2026-06-23T23:15:00+00:00,14.902,14.94,14.9,14.905,1328
2026-06-23T23:20:00+00:00,14.92,14.94,14.9,14.94,2450
2026-06-23T23:25:00+00:00,14.939,14.939,14.9,14.937,575
2026-06-23T23:30:00+00:00,14.92,14.94,14.92,14.93,116
2026-06-23T23:35:00+00:00,14.93,14.94,14.93,14.93,193
2026-06-23T23:40:00+00:00,14.919,14.94,14.9,14.94,2245
2026-06-23T23:45:00+00:00,14.9,14.94,14.9,14.9,5030
2026-06-23T23:50:00+00:00,14.94,14.94,14.9,14.908,519
2026-06-23T23:55:00+00:00,14.95,14.96,14.95,14.959,591
2026-06-24T08:00:00+00:00,14.97,14.99,14.91,14.974,9526
2026-06-24T08:05:00+00:00,14.95,14.99,14.92,14.92,1030
2026-06-24T08:10:00+00:00,14.92,14.92,14.92,14.92,0
2026-06-24T08:15:00+00:00,14.95,14.95,14.95,14.95,310
2026-06-24T08:20:00+00:00,14.95,14.95,14.95,14.95,0
2026-06-24T08:25:00+00:00,14.96,14.96,14.95,14.95,161
2026-06-24T08:30:00+00:00,14.95,14.95,14.95,14.95,0
2026-06-24T08:35:00+00:00,14.95,14.95,14.95,14.95,0
2026-06-24T08:40:00+00:00,14.95,14.95,14.95,14.95,0
2026-06-24T08:45:00+00:00,14.95,14.95,14.95,14.95,0
2026-06-24T08:50:00+00:00,14.95,14.95,14.95,14.95,10
2026-06-24T08:55:00+00:00,14.95,14.95,14.95,14.95,0
2026-06-24T09:00:00+00:00,14.97,14.97,14.97,14.97,406
2026-06-24T09:05:00+00:00,14.97,14.97,14.97,14.97,0
2026-06-24T09:10:00+00:00,14.97,14.97,14.97,14.97,1
2026-06-24T09:15:00+00:00,14.95,14.95,14.95,14.95,1
2026-06-24T09:20:00+00:00,14.98,14.98,14.95,14.95,180
2026-06-24T09:25:00+00:00,14.95,14.95,14.95,14.95,0
2026-06-24T09:30:00+00:00,14.95,14.95,14.95,14.95,0
2026-06-24T09:35:00+00:00,14.95,14.95,14.95,14.95,0
2026-06-24T09:40:00+00:00,14.989,14.989,14.989,14.989,1
2026-06-24T09:45:00+00:00,14.98,14.98,14.98,14.98,169
2026-06-24T09:50:00+00:00,14.98,14.98,14.98,14.98,0
2026-06-24T09:55:00+00:00,14.98,14.98,14.98,14.98,0
2026-06-24T10:00:00+00:00,14.98,14.98,14.98,14.98,0
2026-06-24T10:05:00+00:00,14.98,14.99,14.95,14.99,869
2026-06-24T10:10:00+00:00,14.99,14.99,14.99,14.99,7
2026-06-24T10:15:00+00:00,14.99,14.99,14.99,14.99,0
2026-06-24T10:20:00+00:00,14.95,14.95,14.95,14.95,3
2026-06-24T10:25:00+00:00,14.95,14.95,14.95,14.95,0
2026-06-24T10:30:00+00:00,14.96,14.96,14.96,14.96,101
2026-06-24T10:35:00+00:00,14.96,14.96,14.96,14.96,0
2026-06-24T10:40:00+00:00,14.97,14.98,14.97,14.98,29
2026-06-24T10:45:00+00:00,14.99,14.99,14.96,14.99,1140
2026-06-24T10:50:00+00:00,14.984,14.99,14.973,14.99,75
2026-06-24T10:55:00+00:00,14.99,14.99,14.97,14.97,61
2026-06-24T11:00:00+00:00,14.97,14.99,14.96,14.99,46
2026-06-24T11:05:00+00:00,14.986,14.99,14.96,14.97,718
2026-06-24T11:10:00+00:00,14.99,14.99,14.96,14.96,539
2026-06-24T11:15:00+00:00,14.98,14.99,14.96,14.99,1158
2026-06-24T11:20:00+00:00,14.986,14.986,14.964,14.964,1501
2026-06-24T11:25:00+00:00,14.96,14.99,14.96,14.98,1840
2026-06-24T11:30:00+00:00,14.98,14.98,14.97,14.98,320
2026-06-24T11:35:00+00:00,14.97,14.98,14.97,14.98,479
2026-06-24T11:40:00+00:00,14.99,14.99,14.97,14.99,592
2026-06-24T11:45:00+00:00,14.97,15.02,14.97,15.02,3477
2026-06-24T11:50:00+00:00,15.018,15.02,14.98,15.012,2354
2026-06-24T11:55:00+00:00,15.01,15.01,14.98,15.0,2310
2026-06-24T12:00:00+00:00,14.98,15.02,14.98,15.02,3593
2026-06-24T12:05:00+00:00,15.0,15.02,14.98,15.01,1579
2026-06-24T12:10:00+00:00,15.02,15.02,14.97,15.0,3622
2026-06-24T12:15:00+00:00,15.008,15.01,14.96,14.985,692
2026-06-24T12:20:00+00:00,15.01,15.01,14.96,14.985,650
2026-06-24T12:25:00+00:00,15.0,15.01,14.97,15.01,482
2026-06-24T12:30:00+00:00,15.01,15.01,14.97,14.98,525
2026-06-24T12:35:00+00:00,14.97,14.99,14.97,14.987,1807
2026-06-24T12:40:00+00:00,14.97,14.99,14.95,14.97,681
2026-06-24T12:45:00+00:00,14.97,14.97,14.95,14.951,2378
2026-06-24T12:50:00+00:00,14.95,14.97,14.95,14.966,1499
2026-06-24T12:55:00+00:00,14.95,14.97,14.95,14.96,191
2026-06-24T13:00:00+00:00,14.95,14.96,14.938,14.94,4902
2026-06-24T13:05:00+00:00,14.93,14.935,14.92,14.925,2121
2026-06-24T13:10:00+00:00,14.92,14.96,14.92,14.96,3152
2026-06-24T13:15:00+00:00,14.94,14.96,14.9,14.91,5987
2026-06-24T13:20:00+00:00,14.901,14.96,14.9,14.912,7023
2026-06-24T13:25:00+00:00,14.93,14.96,14.87,14.87,15254
2026-06-24T13:30:00+00:00,14.87,14.95,14.815,14.92,194543
2026-06-24T13:35:00+00:00,14.915,15.14,14.87,15.14,289448
2026-06-24T13:40:00+00:00,15.14,15.15,15.05,15.08,233609
2026-06-24T13:45:00+00:00,15.08,15.175,15.045,15.055,973482
2026-06-24T13:50:00+00:00,15.055,15.24,15.05,15.24,163958
2026-06-24T13:55:00+00:00,15.24,15.26,15.185,15.24,283286
2026-06-24T14:00:00+00:00,15.245,15.245,14.965,15.009,330125
2026-06-24T14:05:00+00:00,15.01,15.06,14.97,15.035,252021
2026-06-24T14:10:00+00:00,15.03,15.075,14.88,14.916,243899
2026-06-24T14:15:00+00:00,14.92,14.945,14.865,14.91,240954
2026-06-24T14:20:00+00:00,14.905,15.005,14.875,14.975,242744
2026-06-24T14:25:00+00:00,14.975,14.99,14.93,14.98,121258
2026-06-24T14:30:00+00:00,14.975,15.015,14.975,14.98,160871
2026-06-24T14:35:00+00:00,14.975,15.06,14.955,15.015,232377
2026-06-24T14:40:00+00:00,15.01,15.065,14.995,15.065,145780
2026-06-24T14:45:00+00:00,15.06,15.135,15.05,15.123,115645
2026-06-24T14:50:00+00:00,15.128,15.14,15.04,15.08,156721
2026-06-24T14:55:00+00:00,15.085,15.125,15.065,15.12,54043
2026-06-24T15:00:00+00:00,15.12,15.13,15.045,15.08,88092
2026-06-24T15:05:00+00:00,15.07,15.11,15.07,15.08,66337
2026-06-24T15:10:00+00:00,15.085,15.1,15.052,15.06,58137
2026-06-24T15:15:00+00:00,15.065,15.13,15.05,15.13,83791
2026-06-24T15:20:00+00:00,15.121,15.13,15.1,15.105,249569
2026-06-24T15:25:00+00:00,15.105,15.115,15.085,15.105,56338
2026-06-24T15:30:00+00:00,15.105,15.115,15.045,15.055,83228
2026-06-24T15:35:00+00:00,15.055,15.135,15.055,15.085,135015
2026-06-24T15:40:00+00:00,15.085,15.095,15.07,15.075,76237
2026-06-24T15:45:00+00:00,15.08,15.11,15.06,15.105,57218
2026-06-24T15:50:00+00:00,15.105,15.125,15.1,15.115,61730
2026-06-24T15:55:00+00:00,15.12,15.13,15.09,15.09,148878
2026-06-24T16:00:00+00:00,15.095,15.105,15.065,15.09,109705
2026-06-24T16:05:00+00:00,15.085,15.09,15.052,15.085,49859
2026-06-24T16:10:00+00:00,15.09,15.125,15.075,15.115,40662
2026-06-24T16:15:00+00:00,15.115,15.15,15.115,15.145,69188
2026-06-24T16:20:00+00:00,15.145,15.185,15.14,15.18,113799
2026-06-24T16:25:00+00:00,15.175,15.18,15.1,15.11,106533
2026-06-24T16:30:00+00:00,15.11,15.11,15.0,15.028,184342
2026-06-24T16:35:00+00:00,15.021,15.025,14.915,14.92,114730
2026-06-24T16:40:00+00:00,14.915,14.955,14.91,14.945,169957
2026-06-24T16:45:00+00:00,14.945,14.96,14.92,14.92,119283
2026-06-24T16:50:00+00:00,14.92,14.95,14.815,14.82,476879
2026-06-24T16:55:00+00:00,14.82,14.82,14.76,14.81,280644
2026-06-24T17:00:00+00:00,14.8,14.84,14.78,14.825,157343
2026-06-24T17:05:00+00:00,14.825,14.825,14.71,14.76,398251
2026-06-24T17:10:00+00:00,14.76,14.786,14.755,14.765,96857
2026-06-24T17:15:00+00:00,14.765,14.775,14.635,14.72,244800
2026-06-24T17:20:00+00:00,14.72,14.72,14.64,14.665,181706
2026-06-24T17:25:00+00:00,14.67,14.68,14.64,14.665,122405
2026-06-24T17:30:00+00:00,14.665,14.68,14.63,14.66,209073
2026-06-24T17:35:00+00:00,14.67,14.68,14.64,14.665,105875
2026-06-24T17:40:00+00:00,14.665,14.67,14.64,14.655,116043
2026-06-24T17:45:00+00:00,14.655,14.67,14.625,14.65,181406
2026-06-24T17:50:00+00:00,14.64,14.645,14.6,14.625,170376
2026-06-24T17:55:00+00:00,14.63,14.66,14.6,14.63,126369
2026-06-24T18:00:00+00:00,14.635,14.64,14.585,14.605,93409
2026-06-24T18:05:00+00:00,14.605,14.625,14.595,14.615,44517
2026-06-24T18:10:00+00:00,14.615,14.625,14.6,14.625,495977
2026-06-24T18:15:00+00:00,14.62,14.66,14.615,14.66,254750
2026-06-24T18:20:00+00:00,14.655,14.66,14.555,14.59,294890
2026-06-24T18:25:00+00:00,14.605,14.61,14.57,14.6,98517
2026-06-24T18:30:00+00:00,14.597,14.598,14.52,14.52,142213
2026-06-24T18:35:00+00:00,14.52,14.53,14.47,14.501,272007
2026-06-24T18:40:00+00:00,14.5,14.5,14.42,14.46,230524
2026-06-24T18:45:00+00:00,14.455,14.47,14.43,14.44,288718
2026-06-24T18:50:00+00:00,14.43,14.445,14.4,14.445,119677
2026-06-24T18:55:00+00:00,14.44,14.455,14.42,14.44,118516
2026-06-24T19:00:00+00:00,14.435,14.49,14.41,14.485,328395
2026-06-24T19:05:00+00:00,14.48,14.48,14.37,14.4,251089
2026-06-24T19:10:00+00:00,14.4,14.42,14.355,14.415,195262
2026-06-24T19:15:00+00:00,14.415,14.44,14.4,14.415,94550
2026-06-24T19:20:00+00:00,14.41,14.455,14.39,14.455,99425
2026-06-24T19:25:00+00:00,14.455,14.55,14.455,14.545,300019
2026-06-24T19:30:00+00:00,14.545,14.565,14.52,14.565,91970
2026-06-24T19:35:00+00:00,14.565,14.58,14.54,14.555,93512
2026-06-24T19:40:00+00:00,14.555,14.56,14.53,14.54,100002
2026-06-24T19:45:00+00:00,14.54,14.58,14.53,14.58,115572
2026-06-24T19:50:00+00:00,14.575,14.59,14.56,14.58,237693
2026-06-24T19:55:00+00:00,14.61,14.65,14.578,14.64,800927
2026-06-24T20:00:00+00:00,14.64,14.67,14.6,14.64,191406
2026-06-24T20:05:00+00:00,14.65,14.75,14.62,14.702,13509
2026-06-24T20:10:00+00:00,14.701,14.73,14.64,14.64,9032
2026-06-24T20:15:00+00:00,14.69,14.69,14.65,14.69,11483
2026-06-24T20:20:00+00:00,14.69,14.73,14.68,14.71,21838
2026-06-24T20:25:00+00:00,14.7,14.73,14.7,14.73,4823
2026-06-24T20:30:00+00:00,14.7,14.73,14.69,14.715,7436
2026-06-24T20:35:00+00:00,14.7,14.75,14.7,14.71,2282
2026-06-24T20:40:00+00:00,14.71,14.75,14.71,14.73,4435
2026-06-24T20:45:00+00:00,14.74,14.75,14.71,14.72,529
2026-06-24T20:50:00+00:00,14.75,14.75,14.72,14.75,3736
2026-06-24T20:55:00+00:00,14.75,14.75,14.72,14.74,3319
2026-06-24T21:00:00+00:00,14.74,14.75,14.72,14.75,2835
2026-06-24T21:05:00+00:00,14.72,14.79,14.72,14.79,7984
2026-06-24T21:10:00+00:00,14.79,14.79,14.72,14.77,6095
2026-06-24T21:15:00+00:00,14.76,14.79,14.74,14.79,2290
2026-06-24T21:20:00+00:00,14.79,14.87,14.77,14.85,22289
2026-06-24T21:25:00+00:00,14.79,14.85,14.79,14.82,1121
2026-06-24T21:30:00+00:00,14.79,14.85,14.79,14.85,138
2026-06-24T21:35:00+00:00,14.79,14.85,14.79,14.8,928
2026-06-24T21:40:00+00:00,14.81,14.85,14.8,14.84,46720
2026-06-24T21:45:00+00:00,14.85,14.85,14.8,14.8,1664
2026-06-24T21:50:00+00:00,14.81,14.83,14.8,14.83,43
2026-06-24T21:55:00+00:00,14.81,14.82,14.8,14.8,3273
2026-06-24T22:00:00+00:00,14.801,14.83,14.8,14.83,782
2026-06-24T22:05:00+00:00,14.83,14.85,14.82,14.85,2646
2026-06-24T22:10:00+00:00,14.85,14.86,14.84,14.84,1396
2026-06-24T22:15:00+00:00,14.86,14.86,14.84,14.841,45
2026-06-24T22:20:00+00:00,14.85,14.87,14.84,14.87,645
2026-06-24T22:25:00+00:00,14.86,14.86,14.84,14.85,2874
2026-06-24T22:30:00+00:00,14.86,14.9,14.84,14.9,2080
2026-06-24T22:35:00+00:00,14.9,14.94,14.85,14.85,573
2026-06-24T22:40:00+00:00,14.94,14.94,14.85,14.91,2903
2026-06-24T22:45:00+00:00,14.9,14.919,14.9,14.919,331
2026-06-24T22:50:00+00:00,14.91,14.96,14.9,14.95,3663
2026-06-24T22:55:00+00:00,14.95,14.98,14.95,14.96,4386
2026-06-24T23:00:00+00:00,14.951,14.98,14.94,14.96,6998
2026-06-24T23:05:00+00:00,14.951,14.98,14.95,14.97,3131
2026-06-24T23:10:00+00:00,14.97,14.98,14.951,14.98,3661
2026-06-24T23:15:00+00:00,14.95,14.98,14.82,14.82,20983
2026-06-24T23:20:00+00:00,14.93,14.96,14.82,14.96,48
2026-06-24T23:25:00+00:00,14.96,14.96,14.82,14.85,1020
2026-06-24T23:30:00+00:00,14.919,14.97,14.89,14.89,207
2026-06-24T23:35:00+00:00,14.93,14.95,14.83,14.83,1363
2026-06-24T23:40:00+00:00,14.93,14.97,14.86,14.875,428
2026-06-24T23:45:00+00:00,14.83,14.91,14.83,14.91,5110
2026-06-24T23:50:00+00:00,14.86,14.89,14.83,14.83,2979
2026-06-24T23:55:00+00:00,14.9,14.9,14.83,14.85,3240
2026-06-25T08:00:00+00:00,14.909,14.909,14.69,14.81,18025
2026-06-25T08:05:00+00:00,14.84,14.84,14.71,14.75,120
2026-06-25T08:10:00+00:00,14.809,14.809,14.809,14.809,32
2026-06-25T08:15:00+00:00,14.81,14.82,14.81,14.82,145
2026-06-25T08:20:00+00:00,14.814,14.814,14.814,14.814,10
2026-06-25T08:25:00+00:00,14.81,14.81,14.81,14.81,73
2026-06-25T08:30:00+00:00,14.8,14.8,14.8,14.8,18
2026-06-25T08:35:00+00:00,14.8,14.8,14.8,14.8,77
2026-06-25T08:40:00+00:00,14.8,14.8,14.8,14.8,0
2026-06-25T08:45:00+00:00,14.8,14.8,14.8,14.8,139
2026-06-25T08:50:00+00:00,14.79,14.825,14.79,14.825,101
2026-06-25T08:55:00+00:00,14.79,14.807,14.79,14.807,150
2026-06-25T09:00:00+00:00,14.798,14.798,14.788,14.788,18
2026-06-25T09:05:00+00:00,14.78,14.78,14.78,14.78,100
2026-06-25T09:10:00+00:00,14.78,14.78,14.78,14.78,0
2026-06-25T09:15:00+00:00,14.78,14.78,14.78,14.78,0
2026-06-25T09:20:00+00:00,14.78,14.78,14.78,14.78,0
2026-06-25T09:25:00+00:00,14.79,14.79,14.79,14.79,100
2026-06-25T09:30:00+00:00,14.82,14.82,14.82,14.82,2
2026-06-25T09:35:00+00:00,14.82,14.82,14.82,14.82,0
2026-06-25T09:40:00+00:00,14.82,14.82,14.82,14.82,2
2026-06-25T09:45:00+00:00,14.82,14.82,14.82,14.82,0
2026-06-25T09:50:00+00:00,14.82,14.82,14.82,14.82,0
2026-06-25T09:55:00+00:00,14.81,14.81,14.81,14.81,15
2026-06-25T10:00:00+00:00,14.81,14.81,14.81,14.81,1
2026-06-25T10:05:00+00:00,14.79,14.79,14.79,14.79,25
2026-06-25T10:10:00+00:00,14.79,14.79,14.79,14.79,2
2026-06-25T10:15:00+00:00,14.79,14.79,14.79,14.79,15
2026-06-25T10:20:00+00:00,14.82,14.82,14.81,14.81,51
2026-06-25T10:25:00+00:00,14.807,14.807,14.8,14.8,3
2026-06-25T10:30:00+00:00,14.8,14.8,14.8,14.8,0
2026-06-25T10:35:00+00:00,14.79,14.79,14.78,14.78,1992
2026-06-25T10:40:00+00:00,14.78,14.78,14.78,14.78,5
2026-06-25T10:45:00+00:00,14.78,14.78,14.78,14.78,0
2026-06-25T10:50:00+00:00,14.79,14.79,14.78,14.78,10411
2026-06-25T10:55:00+00:00,14.788,14.788,14.788,14.788,1500
2026-06-25T11:00:00+00:00,14.79,14.82,14.78,14.81,2106
2026-06-25T11:05:00+00:00,14.81,14.81,14.78,14.809,1235
2026-06-25T11:10:00+00:00,14.81,14.81,14.75,14.75,7058
2026-06-25T11:15:00+00:00,14.77,14.77,14.72,14.73,3289
2026-06-25T11:20:00+00:00,14.73,14.736,14.72,14.72,204
2026-06-25T11:25:00+00:00,14.728,14.74,14.72,14.73,2422
2026-06-25T11:30:00+00:00,14.765,14.8,14.66,14.72,29863
2026-06-25T11:35:00+00:00,14.72,14.72,14.68,14.68,1362
2026-06-25T11:40:00+00:00,14.69,14.8,14.68,14.74,3011
2026-06-25T11:45:00+00:00,14.682,14.76,14.68,14.76,31
2026-06-25T11:50:00+00:00,14.73,14.8,14.694,14.75,275
2026-06-25T11:55:00+00:00,14.73,14.79,14.7,14.717,380
2026-06-25T12:00:00+00:00,14.745,14.8,14.68,14.68,1261
2026-06-25T12:05:00+00:00,14.79,14.79,14.68,14.71,1336
2026-06-25T12:10:00+00:00,14.7,14.75,14.7,14.75,267
2026-06-25T12:15:00+00:00,14.7,14.75,14.7,14.72,3643
2026-06-25T12:20:00+00:00,14.72,14.75,14.7,14.75,1147
2026-06-25T12:25:00+00:00,14.75,14.75,14.7,14.75,8845
2026-06-25T12:30:00+00:00,14.73,14.8,14.7,14.73,600
2026-06-25T12:35:00+00:00,14.73,14.8,14.72,14.725,4402
2026-06-25T12:40:00+00:00,14.73,14.74,14.7,14.725,2990
2026-06-25T12:45:00+00:00,14.74,14.75,14.7,14.7,7160
2026-06-25T12:50:00+00:00,14.72,14.72,14.7,14.7,3035
2026-06-25T12:55:00+00:00,14.701,14.708,14.68,14.685,20588
2026-06-25T13:00:00+00:00,14.685,14.69,14.68,14.68,3234
2026-06-25T13:05:00+00:00,14.69,14.69,14.68,14.69,918
2026-06-25T13:10:00+00:00,14.685,14.7,14.68,14.69,2181
2026-06-25T13:15:00+00:00,14.69,14.7,14.68,14.7,1003
2026-06-25T13:20:00+00:00,14.699,14.71,14.68,14.71,3693
2026-06-25T13:25:00+00:00,14.7,14.71,14.61,14.62,13041
2026-06-25T13:30:00+00:00,14.64,14.64,14.35,14.5,310721
2026-06-25T13:35:00+00:00,14.49,14.7,14.49,14.605,346754
2026-06-25T13:40:00+00:00,14.605,14.61,14.43,14.575,167308
2026-06-25T13:45:00+00:00,14.575,14.575,14.425,14.535,291198
2026-06-25T13:50:00+00:00,14.535,14.595,14.44,14.445,156421
2026-06-25T13:55:00+00:00,14.45,14.46,14.39,14.41,205278
2026-06-25T14:00:00+00:00,14.425,14.5,14.4,14.485,132138
2026-06-25T14:05:00+00:00,14.49,14.575,14.48,14.56,296017
2026-06-25T14:10:00+00:00,14.56,14.605,14.51,14.52,170898
2026-06-25T14:15:00+00:00,14.525,14.56,14.46,14.545,127565
2026-06-25T14:20:00+00:00,14.54,14.63,14.54,14.615,257767
2026-06-25T14:25:00+00:00,14.635,14.675,14.595,14.595,143632
2026-06-25T14:30:00+00:00,14.6,14.7,14.6,14.645,105101
2026-06-25T14:35:00+00:00,14.655,14.695,14.64,14.67,98734
2026-06-25T14:40:00+00:00,14.67,14.675,14.565,14.595,82925
2026-06-25T14:45:00+00:00,14.59,14.61,14.54,14.56,98650
2026-06-25T14:50:00+00:00,14.568,14.61,14.535,14.555,122242
2026-06-25T14:55:00+00:00,14.55,14.56,14.47,14.49,126287
2026-06-25T15:00:00+00:00,14.49,14.495,14.46,14.49,64629
2026-06-25T15:05:00+00:00,14.49,14.49,14.435,14.45,64054
2026-06-25T15:10:00+00:00,14.45,14.455,14.37,14.385,115153
2026-06-25T15:15:00+00:00,14.38,14.455,14.35,14.445,133788
2026-06-25T15:20:00+00:00,14.44,14.51,14.415,14.505,105624
2026-06-25T15:25:00+00:00,14.505,14.51,14.455,14.47,74797
2026-06-25T15:30:00+00:00,14.475,14.51,14.47,14.48,49175
2026-06-25T15:35:00+00:00,14.485,14.505,14.475,14.475,52004
2026-06-25T15:40:00+00:00,14.47,14.505,14.46,14.49,83055
2026-06-25T15:45:00+00:00,14.495,14.51,14.46,14.465,131468
2026-06-25T15:50:00+00:00,14.465,14.495,14.46,14.475,59866
2026-06-25T15:55:00+00:00,14.475,14.49,14.45,14.47,70877
2026-06-25T16:00:00+00:00,14.471,14.485,14.43,14.455,61087
2026-06-25T16:05:00+00:00,14.46,14.5,14.455,14.495,68055
2026-06-25T16:10:00+00:00,14.495,14.52,14.485,14.515,97015
2026-06-25T16:15:00+00:00,14.52,14.545,14.515,14.54,57713
2026-06-25T16:20:00+00:00,14.545,14.548,14.5,14.515,126728
2026-06-25T16:25:00+00:00,14.515,14.525,14.49,14.495,49533
2026-06-25T16:30:00+00:00,14.495,14.519,14.46,14.467,121078
2026-06-25T16:35:00+00:00,14.465,14.475,14.445,14.455,69249
2026-06-25T16:40:00+00:00,14.455,14.47,14.43,14.465,106521
2026-06-25T16:45:00+00:00,14.46,14.479,14.425,14.465,54890
2026-06-25T16:50:00+00:00,14.46,14.49,14.45,14.48,38811
2026-06-25T16:55:00+00:00,14.48,14.485,14.45,14.481,93871
2026-06-25T17:00:00+00:00,14.48,14.51,14.475,14.475,193635
2026-06-25T17:05:00+00:00,14.47,14.485,14.465,14.475,132843
2026-06-25T17:10:00+00:00,14.475,14.498,14.47,14.485,286398
2026-06-25T17:15:00+00:00,14.485,14.53,14.48,14.48,344972
2026-06-25T17:20:00+00:00,14.48,14.5,14.47,14.475,368694
2026-06-25T17:25:00+00:00,14.48,14.505,14.46,14.475,404667
2026-06-25T17:30:00+00:00,14.475,14.515,14.44,14.475,500230
2026-06-25T17:35:00+00:00,14.48,14.507,14.48,14.48,320053
2026-06-25T17:40:00+00:00,14.48,14.485,14.44,14.45,293666
2026-06-25T17:45:00+00:00,14.455,14.47,14.43,14.44,329895
2026-06-25T17:50:00+00:00,14.435,14.45,14.41,14.435,226322
2026-06-25T17:55:00+00:00,14.435,14.44,14.41,14.435,85391
2026-06-25T18:00:00+00:00,14.44,14.45,14.415,14.425,67795
2026-06-25T18:05:00+00:00,14.42,14.445,14.4,14.435,102446
2026-06-25T18:10:00+00:00,14.435,14.435,14.405,14.42,126581
2026-06-25T18:15:00+00:00,14.418,14.48,14.405,14.475,157119
2026-06-25T18:20:00+00:00,14.47,14.48,14.45,14.48,98861
2026-06-25T18:25:00+00:00,14.48,14.525,14.48,14.515,91631
2026-06-25T18:30:00+00:00,14.51,14.51,14.43,14.435,143986
2026-06-25T18:35:00+00:00,14.435,14.45,14.41,14.435,330565
2026-06-25T18:40:00+00:00,14.44,14.45,14.415,14.445,266055
2026-06-25T18:45:00+00:00,14.44,14.465,14.405,14.465,676109
2026-06-25T18:50:00+00:00,14.466,14.52,14.455,14.495,211968
2026-06-25T18:55:00+00:00,14.495,14.52,14.485,14.515,277572
2026-06-25T19:00:00+00:00,14.515,14.52,14.47,14.49,245783
2026-06-25T19:05:00+00:00,14.495,14.51,14.475,14.485,195091
2026-06-25T19:10:00+00:00,14.485,14.59,14.47,14.585,415726
2026-06-25T19:15:00+00:00,14.585,14.645,14.56,14.629,1081129
2026-06-25T19:20:00+00:00,14.63,14.677,14.61,14.642,739255
2026-06-25T19:25:00+00:00,14.64,14.75,14.63,14.735,687508
2026-06-25T19:30:00+00:00,14.734,14.74,14.575,14.625,674089
2026-06-25T19:35:00+00:00,14.625,14.645,14.58,14.625,600840
2026-06-25T19:40:00+00:00,14.625,14.68,14.615,14.665,307937
2026-06-25T19:45:00+00:00,14.66,14.725,14.66,14.715,490863
2026-06-25T19:50:00+00:00,14.71,14.74,14.65,14.732,363184
2026-06-25T19:55:00+00:00,14.735,14.88,14.735,14.86,1708943
2026-06-25T20:00:00+00:00,14.86,14.9,14.75,14.86,96145
2026-06-25T20:05:00+00:00,14.826,14.86,14.76,14.86,342514
2026-06-25T20:10:00+00:00,14.84,14.86,14.8,14.85,10750
2026-06-25T20:15:00+00:00,14.84,14.9,14.84,14.86,335920
2026-06-25T20:20:00+00:00,14.88,14.899,14.86,14.88,4090
2026-06-25T20:25:00+00:00,14.88,14.88,14.861,14.87,466
2026-06-25T20:30:00+00:00,14.86,14.88,14.85,14.85,5991
2026-06-25T20:35:00+00:00,14.88,14.88,14.85,14.85,1897
2026-06-25T20:40:00+00:00,14.86,14.86,14.85,14.855,9363
2026-06-25T20:45:00+00:00,14.85,14.88,14.85,14.85,1876
2026-06-25T20:50:00+00:00,14.86,14.87,14.85,14.86,550
2026-06-25T20:55:00+00:00,14.86,14.86,14.84,14.85,1766
2026-06-25T21:00:00+00:00,14.84,14.86,14.8,14.825,336
2026-06-25T21:05:00+00:00,14.8,14.84,14.8,14.84,60
2026-06-25T21:10:00+00:00,14.81,14.87,14.808,14.84,1444
2026-06-25T21:15:00+00:00,14.84,14.87,14.81,14.85,18141
2026-06-25T21:20:00+00:00,14.822,14.87,14.81,14.83,3094
2026-06-25T21:25:00+00:00,14.85,14.85,14.81,14.85,64
2026-06-25T21:30:00+00:00,14.848,14.85,14.81,14.81,2104
2026-06-25T21:35:00+00:00,14.849,14.85,14.81,14.81,80
2026-06-25T21:40:00+00:00,14.81,14.85,14.81,14.835,55
2026-06-25T21:45:00+00:00,14.85,14.85,14.82,14.85,275436
2026-06-25T21:50:00+00:00,14.81,14.85,14.81,14.85,125
2026-06-25T21:55:00+00:00,14.85,14.85,14.81,14.85,423
2026-06-25T22:00:00+00:00,14.85,14.85,14.81,14.85,2556
2026-06-25T22:05:00+00:00,14.849,14.85,14.81,14.81,14747
2026-06-25T22:10:00+00:00,14.85,14.85,14.81,14.812,315
2026-06-25T22:15:00+00:00,14.82,14.85,14.81,14.812,281
2026-06-25T22:20:00+00:00,14.81,14.85,14.81,14.82,299
2026-06-25T22:25:00+00:00,14.849,14.85,14.81,14.81,1445
2026-06-25T22:30:00+00:00,14.83,14.85,14.8,14.85,5924
2026-06-25T22:35:00+00:00,14.85,14.85,14.8,14.84,194
2026-06-25T22:40:00+00:00,14.85,14.85,14.8,14.848,86
2026-06-25T22:45:00+00:00,14.85,14.85,14.825,14.85,11
2026-06-25T22:50:00+00:00,14.85,14.85,14.8,14.81,840
2026-06-25T22:55:00+00:00,14.8,14.85,14.8,14.8,58
2026-06-25T23:00:00+00:00,14.83,14.85,14.8,14.83,127
2026-06-25T23:05:00+00:00,14.83,14.83,14.808,14.83,397
2026-06-25T23:10:00+00:00,14.83,14.83,14.8,14.83,304
2026-06-25T23:15:00+00:00,14.81,14.85,14.8,14.81,15202
2026-06-25T23:20:00+00:00,14.85,14.85,14.8,14.825,70
2026-06-25T23:25:00+00:00,14.84,14.85,14.8,14.849,1099
2026-06-25T23:30:00+00:00,14.85,14.85,14.8,14.85,527
2026-06-25T23:35:00+00:00,14.85,14.85,14.807,14.85,590
2026-06-25T23:40:00+00:00,14.85,14.85,14.8,14.8,406
2026-06-25T23:45:00+00:00,14.813,14.85,14.81,14.85,5724
2026-06-25T23:50:00+00:00,14.81,14.85,14.81,14.85,2400
2026-06-25T23:55:00+00:00,14.82,14.85,14.81,14.85,2546
2026-06-26T08:00:00+00:00,14.81,14.85,14.65,14.74,7076
2026-06-26T08:05:00+00:00,14.81,14.81,14.79,14.79,1866
2026-06-26T08:10:00+00:00,14.77,14.79,14.65,14.71,433
2026-06-26T08:15:00+00:00,14.71,14.71,14.71,14.71,0
2026-06-26T08:20:00+00:00,14.71,14.71,14.71,14.71,0
2026-06-26T08:25:00+00:00,14.71,14.71,14.71,14.71,0
2026-06-26T08:30:00+00:00,14.71,14.71,14.71,14.71,0
2026-06-26T08:35:00+00:00,14.81,14.82,14.8,14.8,507
2026-06-26T08:40:00+00:00,14.8,14.8,14.8,14.8,0
2026-06-26T08:45:00+00:00,14.8,14.8,14.8,14.8,1
2026-06-26T08:50:00+00:00,14.8,14.8,14.8,14.8,0
2026-06-26T08:55:00+00:00,14.8,14.8,14.8,14.8,320
2026-06-26T09:00:00+00:00,14.8,14.8,14.8,14.8,0
2026-06-26T09:05:00+00:00,14.8,14.8,14.8,14.8,0
2026-06-26T09:10:00+00:00,14.8,14.8,14.8,14.8,0
2026-06-26T09:15:00+00:00,14.79,14.79,14.79,14.79,21
2026-06-26T09:20:00+00:00,14.79,14.79,14.79,14.79,365
2026-06-26T09:25:00+00:00,14.79,14.79,14.744,14.744,1025
2026-06-26T09:30:00+00:00,14.76,14.76,14.76,14.76,200
2026-06-26T09:35:00+00:00,14.79,14.79,14.79,14.79,4
2026-06-26T09:40:00+00:00,14.8,14.82,14.8,14.82,61
2026-06-26T09:45:00+00:00,14.82,14.82,14.82,14.82,0
2026-06-26T09:50:00+00:00,14.82,14.82,14.82,14.82,5
2026-06-26T09:55:00+00:00,14.83,14.83,14.83,14.83,41
2026-06-26T10:00:00+00:00,14.8,14.8,14.79,14.8,530
2026-06-26T10:05:00+00:00,14.79,14.79,14.79,14.79,550
2026-06-26T10:10:00+00:00,14.76,14.77,14.76,14.77,516
2026-06-26T10:15:00+00:00,14.77,14.77,14.77,14.77,2
2026-06-26T10:20:00+00:00,14.76,14.76,14.75,14.75,57
2026-06-26T10:25:00+00:00,14.75,14.75,14.75,14.75,0
2026-06-26T10:30:00+00:00,14.75,14.75,14.75,14.75,209
2026-06-26T10:35:00+00:00,14.75,14.75,14.75,14.75,0
2026-06-26T10:40:00+00:00,14.75,14.75,14.75,14.75,0
2026-06-26T10:45:00+00:00,14.78,14.78,14.78,14.78,3
2026-06-26T10:50:00+00:00,14.78,14.78,14.78,14.78,0
2026-06-26T10:55:00+00:00,14.78,14.78,14.78,14.78,0
2026-06-26T11:00:00+00:00,14.79,14.81,14.74,14.77,613
2026-06-26T11:05:00+00:00,14.74,14.78,14.74,14.76,146
2026-06-26T11:10:00+00:00,14.78,14.78,14.74,14.76,667
2026-06-26T11:15:00+00:00,14.769,14.77,14.75,14.769,973
2026-06-26T11:20:00+00:00,14.77,14.77,14.744,14.77,153
2026-06-26T11:25:00+00:00,14.766,14.77,14.74,14.77,119
2026-06-26T11:30:00+00:00,14.77,14.77,14.74,14.77,12927
2026-06-26T11:35:00+00:00,14.77,14.77,14.74,14.764,4612
2026-06-26T11:40:00+00:00,14.77,14.77,14.75,14.77,4330
2026-06-26T11:45:00+00:00,14.76,14.77,14.74,14.741,5953
2026-06-26T11:50:00+00:00,14.77,14.77,14.74,14.74,1199
2026-06-26T11:55:00+00:00,14.744,14.769,14.74,14.75,271
2026-06-26T12:00:00+00:00,14.769,14.77,14.75,14.77,752
2026-06-26T12:05:00+00:00,14.76,14.77,14.75,14.77,1818
2026-06-26T12:10:00+00:00,14.767,14.77,14.765,14.765,862
2026-06-26T12:15:00+00:00,14.76,14.81,14.72,14.72,13965
2026-06-26T12:20:00+00:00,14.713,14.73,14.7,14.7,660
2026-06-26T12:25:00+00:00,14.73,14.73,14.715,14.72,510
2026-06-26T12:30:00+00:00,14.73,14.8,14.73,14.74,1587
2026-06-26T12:35:00+00:00,14.79,14.79,14.711,14.711,3244
2026-06-26T12:40:00+00:00,14.72,14.72,14.71,14.72,1632
2026-06-26T12:45:00+00:00,14.72,14.75,14.71,14.71,11036
2026-06-26T12:50:00+00:00,14.75,14.75,14.71,14.75,1464
2026-06-26T12:55:00+00:00,14.74,14.75,14.71,14.75,67
2026-06-26T13:00:00+00:00,14.73,14.73,14.71,14.713,2396
2026-06-26T13:05:00+00:00,14.711,14.73,14.71,14.73,2560
2026-06-26T13:10:00+00:00,14.713,14.73,14.71,14.714,557
2026-06-26T13:15:00+00:00,14.71,14.73,14.66,14.73,3128
2026-06-26T13:20:00+00:00,14.73,14.73,14.66,14.66,1377
2026-06-26T13:25:00+00:00,14.73,14.73,14.54,14.54,7390
2026-06-26T13:30:00+00:00,14.565,14.84,14.55,14.789,149840
2026-06-26T13:35:00+00:00,14.79,14.88,14.75,14.85,146713
2026-06-26T13:40:00+00:00,14.831,14.99,14.815,14.97,204992
2026-06-26T13:45:00+00:00,14.975,15.1,14.875,15.085,205398
2026-06-26T13:50:00+00:00,15.08,15.125,14.97,14.985,204205
2026-06-26T13:55:00+00:00,14.985,15.255,14.985,15.2,427110
2026-06-26T14:00:00+00:00,15.19,15.29,15.14,15.29,204477
2026-06-26T14:05:00+00:00,15.295,15.295,15.22,15.225,205286
2026-06-26T14:10:00+00:00,15.22,15.232,15.165,15.19,131869
2026-06-26T14:15:00+00:00,15.18,15.22,15.105,15.105,141610
2026-06-26T14:20:00+00:00,15.105,15.26,15.105,15.26,113675
2026-06-26T14:25:00+00:00,15.25,15.28,15.23,15.25,153811
2026-06-26T14:30:00+00:00,15.25,15.28,15.175,15.225,115263
2026-06-26T14:35:00+00:00,15.225,15.285,15.22,15.235,167527
2026-06-26T14:40:00+00:00,15.23,15.335,15.22,15.235,150394
2026-06-26T14:45:00+00:00,15.235,15.29,15.192,15.265,85097
2026-06-26T14:50:00+00:00,15.261,15.265,15.21,15.23,120253
2026-06-26T14:55:00+00:00,15.24,15.24,15.184,15.21,165014
2026-06-26T15:00:00+00:00,15.215,15.23,15.17,15.175,125278
2026-06-26T15:05:00+00:00,15.18,15.24,15.16,15.23,133284
2026-06-26T15:10:00+00:00,15.235,15.235,15.17,15.18,153629
2026-06-26T15:15:00+00:00,15.189,15.24,15.17,15.235,129730
2026-06-26T15:20:00+00:00,15.235,15.3,15.23,15.3,272484
2026-06-26T15:25:00+00:00,15.29,15.4,15.29,15.398,284442
2026-06-26T15:30:00+00:00,15.395,15.455,15.365,15.375,259106
2026-06-26T15:35:00+00:00,15.38,15.45,15.38,15.445,394731
2026-06-26T15:40:00+00:00,15.447,15.465,15.395,15.44,728033
2026-06-26T15:45:00+00:00,15.435,15.466,15.42,15.425,526842
2026-06-26T15:50:00+00:00,15.425,15.455,15.4,15.42,166993
2026-06-26T15:55:00+00:00,15.41,15.47,15.4,15.4,141469
2026-06-26T16:00:00+00:00,15.405,15.5,15.4,15.485,564931
2026-06-26T16:05:00+00:00,15.485,15.49,15.39,15.395,477019
2026-06-26T16:10:00+00:00,15.39,15.46,15.38,15.45,706132
2026-06-26T16:15:00+00:00,15.445,15.47,15.42,15.435,470614
2026-06-26T16:20:00+00:00,15.437,15.437,15.38,15.395,438680
2026-06-26T16:25:00+00:00,15.39,15.42,15.385,15.39,405536
2026-06-26T16:30:00+00:00,15.4,15.5,15.4,15.495,512868
2026-06-26T16:35:00+00:00,15.495,15.52,15.46,15.498,896314
2026-06-26T16:40:00+00:00,15.495,15.497,15.445,15.455,235070
2026-06-26T16:45:00+00:00,15.45,15.5,15.45,15.5,208841
2026-06-26T16:50:00+00:00,15.505,15.57,15.5,15.57,359626
2026-06-26T16:55:00+00:00,15.565,15.59,15.545,15.575,172773
2026-06-26T17:00:00+00:00,15.575,15.6,15.535,15.6,169423
2026-06-26T17:05:00+00:00,15.595,15.625,15.57,15.615,80142
2026-06-26T17:10:00+00:00,15.615,15.625,15.555,15.585,219010
2026-06-26T17:15:00+00:00,15.585,15.62,15.57,15.59,164161
2026-06-26T17:20:00+00:00,15.58,15.605,15.56,15.575,172191
2026-06-26T17:25:00+00:00,15.57,15.6,15.54,15.58,223501
2026-06-26T17:30:00+00:00,15.575,15.63,15.57,15.595,360211
2026-06-26T17:35:00+00:00,15.59,15.595,15.565,15.585,323135
2026-06-26T17:40:00+00:00,15.585,15.6,15.545,15.6,259678
2026-06-26T17:45:00+00:00,15.6,15.61,15.57,15.57,220774
2026-06-26T17:50:00+00:00,15.565,15.565,15.49,15.505,233687
2026-06-26T17:55:00+00:00,15.505,15.53,15.485,15.515,160686
2026-06-26T18:00:00+00:00,15.51,15.515,15.49,15.505,135016
2026-06-26T18:05:00+00:00,15.505,15.515,15.485,15.505,200494
2026-06-26T18:10:00+00:00,15.505,15.52,15.465,15.465,148361
2026-06-26T18:15:00+00:00,15.47,15.475,15.4,15.455,288403
2026-06-26T18:20:00+00:00,15.46,15.52,15.46,15.505,224494
2026-06-26T18:25:00+00:00,15.5,15.675,15.5,15.555,723538
2026-06-26T18:30:00+00:00,15.555,15.58,15.52,15.575,289217
2026-06-26T18:35:00+00:00,15.57,15.575,15.5,15.52,396345
2026-06-26T18:40:00+00:00,15.515,15.54,15.49,15.505,427836
2026-06-26T18:45:00+00:00,15.505,15.505,15.395,15.435,445042
2026-06-26T18:50:00+00:00,15.43,15.44,15.41,15.425,162733
2026-06-26T18:55:00+00:00,15.425,15.49,15.425,15.485,303175
2026-06-26T19:00:00+00:00,15.485,15.515,15.45,15.46,190040
2026-06-26T19:05:00+00:00,15.455,15.47,15.43,15.445,298416
2026-06-26T19:10:00+00:00,15.44,15.505,15.405,15.495,410124
2026-06-26T19:15:00+00:00,15.495,15.55,15.455,15.505,536430
2026-06-26T19:20:00+00:00,15.505,15.535,15.47,15.525,342160
2026-06-26T19:25:00+00:00,15.525,15.58,15.51,15.551,498663
2026-06-26T19:30:00+00:00,15.56,15.565,15.525,15.533,471069
2026-06-26T19:35:00+00:00,15.525,15.555,15.5,15.52,269639
2026-06-26T19:40:00+00:00,15.515,15.575,15.46,15.525,312261
2026-06-26T19:45:00+00:00,15.525,15.56,15.46,15.475,399623
2026-06-26T19:50:00+00:00,15.48,15.685,15.48,15.63,749591
2026-06-26T19:55:00+00:00,15.64,15.72,15.62,15.63,1883276
2026-06-26T20:00:00+00:00,15.63,15.66,15.54,15.66,317326
2026-06-26T20:05:00+00:00,15.65,15.7,15.63,15.651,103203
2026-06-26T20:10:00+00:00,15.63,15.675,15.63,15.67,628571
2026-06-26T20:15:00+00:00,15.67,15.72,15.66,15.7,27216
2026-06-26T20:20:00+00:00,15.7,15.71,15.7,15.7,18781
2026-06-26T20:25:00+00:00,15.71,15.71,15.7,15.701,2445
2026-06-26T20:30:00+00:00,15.709,15.71,15.7,15.708,5737
2026-06-26T20:35:00+00:00,15.7,15.71,15.7,15.71,142758
2026-06-26T20:40:00+00:00,15.7,15.71,15.7,15.71,1237
2026-06-26T20:45:00+00:00,15.68,15.71,15.66,15.7,1737
2026-06-26T20:50:00+00:00,15.665,15.7,15.66,15.68,7294
2026-06-26T20:55:00+00:00,15.67,15.68,15.632,15.635,1701
2026-06-26T21:00:00+00:00,15.64,15.64,15.63,15.638,538
2026-06-26T21:05:00+00:00,15.63,15.64,15.63,15.64,890
2026-06-26T21:10:00+00:00,15.69,15.69,15.64,15.69,982
2026-06-26T21:15:00+00:00,15.64,15.69,15.63,15.688,277
2026-06-26T21:20:00+00:00,15.68,15.68,15.63,15.632,2552
2026-06-26T21:25:00+00:00,15.63,15.69,15.63,15.69,122
2026-06-26T21:30:00+00:00,15.69,15.69,15.631,15.631,1342
2026-06-26T21:35:00+00:00,15.69,15.69,15.63,15.64,1345
2026-06-26T21:40:00+00:00,15.64,15.68,15.6,15.6,6745
2026-06-26T21:45:00+00:00,15.59,15.62,15.56,15.58,642954
2026-06-26T21:50:00+00:00,15.65,15.65,15.56,15.605,731
2026-06-26T21:55:00+00:00,15.64,15.64,15.56,15.64,25
2026-06-26T22:00:00+00:00,15.64,15.64,15.6,15.64,2580
2026-06-26T22:05:00+00:00,15.6,15.64,15.6,15.64,248
2026-06-26T22:10:00+00:00,15.64,15.64,15.6,15.63,869
2026-06-26T22:15:00+00:00,15.63,15.63,15.6,15.602,2819
2026-06-26T22:20:00+00:00,15.6,15.61,15.6,15.61,797
2026-06-26T22:25:00+00:00,15.61,15.61,15.6,15.6,945
2026-06-26T22:30:00+00:00,15.61,15.61,15.6,15.61,116
2026-06-26T22:35:00+00:00,15.61,15.615,15.6,15.615,401
2026-06-26T22:40:00+00:00,15.63,15.65,15.615,15.62,645
2026-06-26T22:45:00+00:00,15.62,15.65,15.62,15.62,839
2026-06-26T22:50:00+00:00,15.65,15.65,15.64,15.64,170
2026-06-26T22:55:00+00:00,15.65,15.65,15.64,15.65,425
2026-06-26T23:00:00+00:00,15.649,15.65,15.64,15.64,362
2026-06-26T23:05:00+00:00,15.63,15.64,15.63,15.64,476
2026-06-26T23:10:00+00:00,15.65,15.65,15.63,15.65,2680
2026-06-26T23:15:00+00:00,15.633,15.65,15.63,15.63,1756
2026-06-26T23:20:00+00:00,15.65,15.65,15.63,15.647,150
2026-06-26T23:25:00+00:00,15.64,15.65,15.63,15.63,323
2026-06-26T23:30:00+00:00,15.63,15.65,15.63,15.65,810
2026-06-26T23:35:00+00:00,15.631,15.68,15.63,15.63,858
2026-06-26T23:40:00+00:00,15.63,15.69,15.63,15.69,1234
2026-06-26T23:45:00+00:00,15.645,15.69,15.63,15.68,567
2026-06-26T23:50:00+00:00,15.63,15.67,15.63,15.67,322
2026-06-26T23:55:00+00:00,15.66,15.69,15.63,15.69,914
2026-06-29T08:00:00+00:00,15.699,15.699,15.55,15.67,56072
2026-06-29T08:05:00+00:00,15.56,15.7,15.56,15.67,178
2026-06-29T08:10:00+00:00,15.66,15.66,15.66,15.66,20
2026-06-29T08:15:00+00:00,15.65,15.66,15.65,15.66,101
2026-06-29T08:20:00+00:00,15.65,15.66,15.65,15.66,144
2026-06-29T08:25:00+00:00,15.684,15.684,15.684,15.684,7
2026-06-29T08:30:00+00:00,15.65,15.65,15.65,15.65,2
2026-06-29T08:35:00+00:00,15.68,15.7,15.67,15.67,606
2026-06-29T08:40:00+00:00,15.7,15.7,15.7,15.7,435
2026-06-29T08:45:00+00:00,15.7,15.7,15.7,15.7,0
2026-06-29T08:50:00+00:00,15.7,15.7,15.7,15.7,0
2026-06-29T08:55:00+00:00,15.7,15.7,15.7,15.7,92
2026-06-29T09:00:00+00:00,15.7,15.7,15.7,15.7,3
2026-06-29T09:05:00+00:00,15.67,15.7,15.67,15.68,108
2026-06-29T09:10:00+00:00,15.68,15.68,15.68,15.68,0
2026-06-29T09:15:00+00:00,15.67,15.67,15.67,15.67,160
2026-06-29T09:20:00+00:00,15.72,15.72,15.72,15.72,400
2026-06-29T09:25:00+00:00,15.7,15.7,15.68,15.7,393
2026-06-29T09:30:00+00:00,15.7,15.7,15.7,15.7,24
2026-06-29T09:35:00+00:00,15.692,15.692,15.69,15.69,1003
2026-06-29T09:40:00+00:00,15.69,15.69,15.69,15.69,176
2026-06-29T09:45:00+00:00,15.72,15.72,15.71,15.71,3202
2026-06-29T09:50:00+00:00,15.69,15.69,15.69,15.69,100
2026-06-29T09:55:00+00:00,15.69,15.69,15.69,15.69,0
2026-06-29T10:00:00+00:00,15.69,15.69,15.69,15.69,1
2026-06-29T10:05:00+00:00,15.71,15.72,15.71,15.72,345
2026-06-29T10:10:00+00:00,15.72,15.72,15.72,15.72,0
2026-06-29T10:15:00+00:00,15.72,15.72,15.72,15.72,48
2026-06-29T10:20:00+00:00,15.72,15.72,15.72,15.72,546
2026-06-29T10:25:00+00:00,15.72,15.72,15.72,15.72,0
2026-06-29T10:30:00+00:00,15.7,15.7,15.7,15.7,16
2026-06-29T10:35:00+00:00,15.7,15.72,15.7,15.72,9
2026-06-29T10:40:00+00:00,15.72,15.725,15.72,15.72,2711
2026-06-29T10:45:00+00:00,15.73,15.73,15.7,15.7,101
2026-06-29T10:50:00+00:00,15.71,15.71,15.7,15.7,5
2026-06-29T10:55:00+00:00,15.7,15.7,15.7,15.7,0
2026-06-29T11:00:00+00:00,15.7,15.73,15.69,15.7,6416
2026-06-29T11:05:00+00:00,15.7,15.71,15.7,15.707,2932
2026-06-29T11:10:00+00:00,15.71,15.71,15.68,15.68,674
2026-06-29T11:15:00+00:00,15.671,15.73,15.668,15.668,10675
2026-06-29T11:20:00+00:00,15.67,15.68,15.655,15.68,2602
2026-06-29T11:25:00+00:00,15.724,15.73,15.68,15.71,824
2026-06-29T11:30:00+00:00,15.7,15.73,15.68,15.68,1837
2026-06-29T11:35:00+00:00,15.68,15.73,15.68,15.73,1232
2026-06-29T11:40:00+00:00,15.68,15.73,15.68,15.73,3194
2026-06-29T11:45:00+00:00,15.69,15.73,15.68,15.704,9453
2026-06-29T11:50:00+00:00,15.73,15.73,15.7,15.71,962
2026-06-29T11:55:00+00:00,15.72,15.73,15.7,15.73,6890
2026-06-29T12:00:00+00:00,15.71,15.73,15.7,15.715,1169
2026-06-29T12:05:00+00:00,15.701,15.73,15.7,15.73,958
2026-06-29T12:10:00+00:00,15.7,15.74,15.7,15.74,1780
2026-06-29T12:15:00+00:00,15.73,15.76,15.73,15.76,3733
2026-06-29T12:20:00+00:00,15.77,15.77,15.74,15.77,4222
2026-06-29T12:25:00+00:00,15.75,15.76,15.75,15.76,3851
2026-06-29T12:30:00+00:00,15.76,15.76,15.745,15.754,1346
2026-06-29T12:35:00+00:00,15.76,15.76,15.73,15.745,1262
2026-06-29T12:40:00+00:00,15.745,15.75,15.73,15.74,1860
2026-06-29T12:45:00+00:00,15.74,15.75,15.73,15.75,184
2026-06-29T12:50:00+00:00,15.75,15.75,15.731,15.74,838
2026-06-29T12:55:00+00:00,15.75,15.75,15.73,15.73,1270
2026-06-29T13:00:00+00:00,15.73,15.75,15.73,15.735,4618
2026-06-29T13:05:00+00:00,15.735,15.75,15.73,15.75,10381
2026-06-29T13:10:00+00:00,15.75,15.78,15.74,15.765,70228
2026-06-29T13:15:00+00:00,15.75,15.78,15.75,15.77,2923
2026-06-29T13:20:00+00:00,15.77,15.78,15.76,15.78,314
2026-06-29T13:25:00+00:00,15.78,15.85,15.76,15.77,12016
2026-06-29T13:30:00+00:00,15.795,15.92,15.58,15.81,533782
2026-06-29T13:35:00+00:00,15.82,15.91,15.72,15.85,287220
2026-06-29T13:40:00+00:00,15.855,16.09,15.835,16.075,377434
2026-06-29T13:45:00+00:00,16.075,16.17,16.045,16.08,350611
2026-06-29T13:50:00+00:00,16.08,16.125,16.041,16.065,373874
2026-06-29T13:55:00+00:00,16.06,16.225,15.99,16.22,433600
2026-06-29T14:00:00+00:00,16.23,16.27,16.165,16.21,406008
2026-06-29T14:05:00+00:00,16.2,16.29,16.14,16.28,251553
2026-06-29T14:10:00+00:00,16.29,16.355,16.06,16.115,454697
2026-06-29T14:15:00+00:00,16.115,16.32,16.1,16.245,366865
2026-06-29T14:20:00+00:00,16.24,16.315,16.215,16.305,262723
2026-06-29T14:25:00+00:00,16.31,16.49,16.305,16.47,415913
2026-06-29T14:30:00+00:00,16.47,16.55,16.42,16.495,475954
2026-06-29T14:35:00+00:00,16.495,16.59,16.39,16.435,361952
2026-06-29T14:40:00+00:00,16.435,16.487,16.4,16.41,204781
2026-06-29T14:45:00+00:00,16.41,16.58,16.39,16.575,462203
2026-06-29T14:50:00+00:00,16.575,16.87,16.53,16.735,707864
2026-06-29T14:55:00+00:00,16.735,16.74,16.63,16.74,367045
2026-06-29T15:00:00+00:00,16.74,16.84,16.67,16.73,476775
2026-06-29T15:05:00+00:00,16.725,16.88,16.63,16.64,440965
2026-06-29T15:10:00+00:00,16.65,16.68,16.57,16.625,553650
2026-06-29T15:15:00+00:00,16.62,16.648,16.46,16.47,315442
2026-06-29T15:20:00+00:00,16.465,16.465,16.365,16.385,471460
2026-06-29T15:25:00+00:00,16.385,16.48,16.37,16.48,338921
2026-06-29T15:30:00+00:00,16.48,16.5,16.41,16.423,228340
2026-06-29T15:35:00+00:00,16.42,16.43,16.385,16.42,310636
2026-06-29T15:40:00+00:00,16.42,16.45,16.38,16.445,106930
2026-06-29T15:45:00+00:00,16.445,16.46,16.33,16.36,191090
2026-06-29T15:50:00+00:00,16.355,16.48,16.35,16.455,263320
2026-06-29T15:55:00+00:00,16.45,16.485,16.421,16.425,270000
2026-06-29T16:00:00+00:00,16.425,16.53,16.42,16.49,569017
2026-06-29T16:05:00+00:00,16.5,16.5,16.46,16.475,197872
2026-06-29T16:10:00+00:00,16.475,16.475,16.42,16.445,241719
2026-06-29T16:15:00+00:00,16.445,16.47,16.435,16.455,187018
2026-06-29T16:20:00+00:00,16.455,16.485,16.44,16.485,211019
2026-06-29T16:25:00+00:00,16.49,16.595,16.485,16.59,182007
2026-06-29T16:30:00+00:00,16.595,16.615,16.56,16.567,176042
2026-06-29T16:35:00+00:00,16.565,16.605,16.562,16.58,141581
2026-06-29T16:40:00+00:00,16.59,16.61,16.57,16.575,139895
2026-06-29T16:45:00+00:00,16.575,16.595,16.555,16.586,152008
2026-06-29T16:50:00+00:00,16.585,16.646,16.575,16.61,194094
2026-06-29T16:55:00+00:00,16.605,16.73,16.59,16.705,376161
2026-06-29T17:00:00+00:00,16.705,16.77,16.694,16.715,344685
2026-06-29T17:05:00+00:00,16.715,16.79,16.715,16.755,244548
2026-06-29T17:10:00+00:00,16.75,16.825,16.75,16.805,342077
2026-06-29T17:15:00+00:00,16.805,16.82,16.745,16.765,270032
2026-06-29T17:20:00+00:00,16.765,16.78,16.715,16.735,189635
2026-06-29T17:25:00+00:00,16.73,16.81,16.73,16.79,186043
2026-06-29T17:30:00+00:00,16.785,16.795,16.73,16.745,120272
2026-06-29T17:35:00+00:00,16.745,16.78,16.7,16.72,124314
2026-06-29T17:40:00+00:00,16.721,16.73,16.67,16.67,134389
2026-06-29T17:45:00+00:00,16.675,16.73,16.64,16.725,271674
2026-06-29T17:50:00+00:00,16.725,16.74,16.69,16.72,303642
2026-06-29T17:55:00+00:00,16.72,16.73,16.68,16.705,398661
2026-06-29T18:00:00+00:00,16.7,16.715,16.615,16.625,148714
2026-06-29T18:05:00+00:00,16.625,16.66,16.615,16.65,115576
2026-06-29T18:10:00+00:00,16.651,16.675,16.62,16.645,100215
2026-06-29T18:15:00+00:00,16.64,16.66,16.62,16.64,120100
2026-06-29T18:20:00+00:00,16.64,16.69,16.63,16.665,137794
2026-06-29T18:25:00+00:00,16.665,16.717,16.655,16.682,241699
2026-06-29T18:30:00+00:00,16.685,16.73,16.675,16.695,116673
2026-06-29T18:35:00+00:00,16.69,16.715,16.685,16.71,103967
2026-06-29T18:40:00+00:00,16.705,16.718,16.67,16.71,262172
2026-06-29T18:45:00+00:00,16.718,16.755,16.705,16.73,218179
2026-06-29T18:50:00+00:00,16.73,16.77,16.72,16.725,263136
2026-06-29T18:55:00+00:00,16.722,16.775,16.715,16.755,225841
2026-06-29T19:00:00+00:00,16.753,16.76,16.66,16.66,209518
2026-06-29T19:05:00+00:00,16.662,16.72,16.65,16.705,251828
2026-06-29T19:10:00+00:00,16.705,16.735,16.69,16.725,316709
2026-06-29T19:15:00+00:00,16.715,16.78,16.69,16.77,193763
2026-06-29T19:20:00+00:00,16.77,16.8,16.77,16.782,205821
2026-06-29T19:25:00+00:00,16.78,16.855,16.77,16.85,463289
2026-06-29T19:30:00+00:00,16.845,16.845,16.755,16.845,558265
2026-06-29T19:35:00+00:00,16.845,16.86,16.765,16.776,537571
2026-06-29T19:40:00+00:00,16.77,16.79,16.74,16.765,291800
2026-06-29T19:45:00+00:00,16.77,16.81,16.72,16.806,646818
2026-06-29T19:50:00+00:00,16.805,16.805,16.68,16.75,403598
2026-06-29T19:55:00+00:00,16.76,16.867,16.755,16.81,1346534
2026-06-29T20:00:00+00:00,16.81,16.83,16.72,16.81,293112
2026-06-29T20:05:00+00:00,16.74,16.77,16.72,16.75,2972
2026-06-29T20:10:00+00:00,16.81,16.81,16.732,16.769,1364
2026-06-29T20:15:00+00:00,16.76,16.81,16.75,16.754,14634
2026-06-29T20:20:00+00:00,16.75,16.79,16.75,16.752,6966
2026-06-29T20:25:00+00:00,16.75,16.81,16.75,16.762,896
2026-06-29T20:30:00+00:00,16.761,16.81,16.76,16.785,175
2026-06-29T20:35:00+00:00,16.81,16.81,16.76,16.78,891
2026-06-29T20:40:00+00:00,16.78,16.8,16.75,16.75,1327
2026-06-29T20:45:00+00:00,16.77,16.77,16.75,16.75,1830
2026-06-29T20:50:00+00:00,16.75,16.77,16.75,16.75,3716
2026-06-29T20:55:00+00:00,16.753,16.76,16.75,16.75,7983
2026-06-29T21:00:00+00:00,16.75,16.75,16.68,16.68,104
2026-06-29T21:05:00+00:00,16.72,16.75,16.66,16.75,581
2026-06-29T21:10:00+00:00,16.68,16.77,16.68,16.77,699
2026-06-29T21:15:00+00:00,16.77,16.787,16.7,16.75,47326
2026-06-29T21:20:00+00:00,16.73,16.8,16.7,16.78,183
2026-06-29T21:25:00+00:00,16.77,16.8,16.72,16.8,621
2026-06-29T21:30:00+00:00,16.8,16.81,16.7,16.736,421
2026-06-29T21:35:00+00:00,16.8,16.8,16.7,16.8,137
2026-06-29T21:40:00+00:00,16.72,16.8,16.72,16.748,345
2026-06-29T21:45:00+00:00,16.75,16.8,16.72,16.72,885
2026-06-29T21:50:00+00:00,16.78,16.8,16.72,16.8,1515
2026-06-29T21:55:00+00:00,16.72,16.8,16.72,16.8,248
2026-06-29T22:00:00+00:00,16.8,16.8,16.75,16.79,5764
2026-06-29T22:05:00+00:00,16.76,16.79,16.75,16.77,31
2026-06-29T22:10:00+00:00,16.79,16.79,16.75,16.751,52
2026-06-29T22:15:00+00:00,16.76,16.789,16.76,16.77,21
2026-06-29T22:20:00+00:00,16.78,16.79,16.752,16.761,208
2026-06-29T22:25:00+00:00,16.79,16.79,16.75,16.79,278
2026-06-29T22:30:00+00:00,16.75,16.77,16.75,16.751,11
2026-06-29T22:35:00+00:00,16.765,16.79,16.75,16.79,236
2026-06-29T22:40:00+00:00,16.75,16.79,16.75,16.765,4203
2026-06-29T22:45:00+00:00,16.76,16.78,16.75,16.75,762
2026-06-29T22:50:00+00:00,16.75,16.77,16.75,16.75,661
2026-06-29T22:55:00+00:00,16.76,16.77,16.75,16.75,444
2026-06-29T23:00:00+00:00,16.77,16.78,16.75,16.754,987
2026-06-29T23:05:00+00:00,16.751,16.78,16.751,16.78,177
2026-06-29T23:10:00+00:00,16.78,16.78,16.77,16.78,194
2026-06-29T23:15:00+00:00,16.78,16.78,16.77,16.78,186
2026-06-29T23:20:00+00:00,16.77,16.78,16.77,16.78,144
2026-06-29T23:25:00+00:00,16.779,16.78,16.77,16.78,714
2026-06-29T23:30:00+00:00,16.78,16.78,16.77,16.78,1228
2026-06-29T23:35:00+00:00,16.77,16.78,16.77,16.78,479
2026-06-29T23:40:00+00:00,16.775,16.78,16.77,16.77,388
2026-06-29T23:45:00+00:00,16.77,16.78,16.75,16.753,3818
2026-06-29T23:50:00+00:00,16.78,16.78,16.75,16.78,193
2026-06-29T23:55:00+00:00,16.77,16.78,16.75,16.78,556
2026-06-30T08:00:00+00:00,16.77,16.83,16.611,16.78,2832
2026-06-30T08:05:00+00:00,16.82,16.83,16.77,16.79,155
2026-06-30T08:10:00+00:00,16.849,16.849,16.849,16.849,1
2026-06-30T08:15:00+00:00,16.81,16.81,16.8,16.81,136
2026-06-30T08:20:00+00:00,16.81,16.81,16.81,16.81,0
2026-06-30T08:25:00+00:00,16.8,16.8,16.8,16.8,2
2026-06-30T08:30:00+00:00,16.8,16.8,16.8,16.8,0
2026-06-30T08:35:00+00:00,16.8,16.8,16.78,16.78,430
2026-06-30T08:40:00+00:00,16.78,16.78,16.78,16.78,0
2026-06-30T08:45:00+00:00,16.78,16.78,16.78,16.78,0
2026-06-30T08:50:00+00:00,16.78,16.78,16.78,16.78,0
2026-06-30T08:55:00+00:00,16.78,16.78,16.78,16.78,0
2026-06-30T09:00:00+00:00,16.77,16.771,16.75,16.771,26
2026-06-30T09:05:00+00:00,16.771,16.771,16.771,16.771,0
2026-06-30T09:10:00+00:00,16.84,16.84,16.84,16.84,1
2026-06-30T09:15:00+00:00,16.83,16.83,16.75,16.75,16
2026-06-30T09:20:00+00:00,16.818,16.818,16.818,16.818,9
2026-06-30T09:25:00+00:00,16.818,16.818,16.818,16.818,0
2026-06-30T09:30:00+00:00,16.818,16.818,16.818,16.818,0
2026-06-30T09:35:00+00:00,16.743,16.743,16.743,16.743,16
2026-06-30T09:40:00+00:00,16.81,16.84,16.78,16.84,105
2026-06-30T09:45:00+00:00,16.84,16.84,16.84,16.84,0
2026-06-30T09:50:00+00:00,16.79,16.79,16.77,16.77,201
2026-06-30T09:55:00+00:00,16.78,16.78,16.78,16.78,52
2026-06-30T10:00:00+00:00,16.78,16.78,16.78,16.78,0
2026-06-30T10:05:00+00:00,16.78,16.78,16.78,16.78,0
2026-06-30T10:10:00+00:00,16.78,16.78,16.78,16.78,20
2026-06-30T10:15:00+00:00,16.78,16.78,16.78,16.78,10
2026-06-30T10:20:00+00:00,16.77,16.77,16.77,16.77,19
2026-06-30T10:25:00+00:00,16.77,16.77,16.77,16.77,3167
2026-06-30T10:30:00+00:00,16.78,16.78,16.78,16.78,500
2026-06-30T10:35:00+00:00,16.78,16.78,16.78,16.78,0
2026-06-30T10:40:00+00:00,16.78,16.78,16.75,16.75,13
2026-06-30T10:45:00+00:00,16.75,16.75,16.75,16.75,0
2026-06-30T10:50:00+00:00,16.766,16.766,16.75,16.75,405
2026-06-30T10:55:00+00:00,16.78,16.817,16.78,16.817,369
2026-06-30T11:00:00+00:00,16.81,16.82,16.77,16.82,644
2026-06-30T11:05:00+00:00,16.82,16.85,16.82,16.82,590
2026-06-30T11:10:00+00:00,16.81,16.827,16.81,16.81,426
2026-06-30T11:15:00+00:00,16.811,16.82,16.81,16.82,177
2026-06-30T11:20:00+00:00,16.81,16.83,16.81,16.819,1104
2026-06-30T11:25:00+00:00,16.8,16.82,16.77,16.819,136
2026-06-30T11:30:00+00:00,16.77,16.82,16.76,16.82,1161
2026-06-30T11:35:00+00:00,16.81,16.81,16.76,16.8,2158
2026-06-30T11:40:00+00:00,16.8,16.8,16.795,16.8,119
2026-06-30T11:45:00+00:00,16.8,16.82,16.8,16.81,148
2026-06-30T11:50:00+00:00,16.81,16.82,16.8,16.82,604
2026-06-30T11:55:00+00:00,16.804,16.82,16.804,16.82,20
2026-06-30T12:00:00+00:00,16.803,16.82,16.76,16.76,1113
2026-06-30T12:05:00+00:00,16.77,16.78,16.75,16.755,1302
2026-06-30T12:10:00+00:00,16.75,16.76,16.73,16.732,1654
2026-06-30T12:15:00+00:00,16.735,16.74,16.72,16.72,1250
2026-06-30T12:20:00+00:00,16.74,16.74,16.72,16.721,3602
2026-06-30T12:25:00+00:00,16.723,16.74,16.71,16.71,1031
2026-06-30T12:30:00+00:00,16.707,16.74,16.65,16.66,2277
2026-06-30T12:35:00+00:00,16.67,16.7,16.63,16.67,5018
2026-06-30T12:40:00+00:00,16.66,16.68,16.66,16.67,7067
2026-06-30T12:45:00+00:00,16.66,16.74,16.66,16.7,3901
2026-06-30T12:50:00+00:00,16.74,16.74,16.66,16.68,4158
2026-06-30T12:55:00+00:00,16.67,16.7,16.63,16.63,3994
2026-06-30T13:00:00+00:00,16.68,16.69,16.63,16.69,3577
2026-06-30T13:05:00+00:00,16.638,16.69,16.63,16.63,447
2026-06-30T13:10:00+00:00,16.67,16.69,16.57,16.57,9232
2026-06-30T13:15:00+00:00,16.561,16.62,16.56,16.59,2032
2026-06-30T13:20:00+00:00,16.62,16.63,16.59,16.6,79802
2026-06-30T13:25:00+00:00,16.62,16.7,16.52,16.57,6231
2026-06-30T13:30:00+00:00,16.605,16.88,16.41,16.85,391132
2026-06-30T13:35:00+00:00,16.86,17.07,16.82,17.015,676045
2026-06-30T13:40:00+00:00,17.01,17.01,16.685,16.78,402936
2026-06-30T13:45:00+00:00,16.78,17.02,16.73,16.945,408233
2026-06-30T13:50:00+00:00,16.945,16.99,16.91,16.92,358983
2026-06-30T13:55:00+00:00,16.91,17.0,16.82,16.825,176075
2026-06-30T14:00:00+00:00,16.82,17.039,16.78,16.99,363254
2026-06-30T14:05:00+00:00,17.0,17.255,17.0,17.085,564804
2026-06-30T14:10:00+00:00,17.082,17.16,17.025,17.135,288948
2026-06-30T14:15:00+00:00,17.13,17.15,17.065,17.095,181012
2026-06-30T14:20:00+00:00,17.095,17.18,17.05,17.155,142658
2026-06-30T14:25:00+00:00,17.15,17.365,17.135,17.365,383252
2026-06-30T14:30:00+00:00,17.365,17.41,17.27,17.281,243367
2026-06-30T14:35:00+00:00,17.295,17.3,17.09,17.115,274778
2026-06-30T14:40:00+00:00,17.115,17.13,17.075,17.115,211761
2026-06-30T14:45:00+00:00,17.115,17.12,17.015,17.02,186687
2026-06-30T14:50:00+00:00,17.025,17.06,16.935,16.935,176766
2026-06-30T14:55:00+00:00,16.935,16.935,16.87,16.915,175461
2026-06-30T15:00:00+00:00,16.915,17.055,16.915,17.055,147024
2026-06-30T15:05:00+00:00,17.065,17.07,16.93,16.935,127588
2026-06-30T15:10:00+00:00,16.948,17.04,16.941,17.005,134946
2026-06-30T15:15:00+00:00,17.005,17.05,16.97,17.045,288042
2026-06-30T15:20:00+00:00,17.04,17.095,17.035,17.086,156197
2026-06-30T15:25:00+00:00,17.08,17.17,17.074,17.13,93419
2026-06-30T15:30:00+00:00,17.125,17.18,17.1,17.17,176911
2026-06-30T15:35:00+00:00,17.175,17.18,17.1,17.115,50519
2026-06-30T15:40:00+00:00,17.115,17.125,17.06,17.07,57747
2026-06-30T15:45:00+00:00,17.065,17.1,17.065,17.07,95630
2026-06-30T15:50:00+00:00,17.075,17.08,17.04,17.065,62162
2026-06-30T15:55:00+00:00,17.06,17.07,16.98,16.995,165459
2026-06-30T16:00:00+00:00,16.995,17.04,16.985,17.025,72266
2026-06-30T16:05:00+00:00,17.03,17.11,17.025,17.08,134390
2026-06-30T16:10:00+00:00,17.075,17.115,17.065,17.115,175610
2026-06-30T16:15:00+00:00,17.115,17.25,17.105,17.245,494448
2026-06-30T16:20:00+00:00,17.245,17.27,17.22,17.24,237229
2026-06-30T16:25:00+00:00,17.245,17.245,17.19,17.195,170204
2026-06-30T16:30:00+00:00,17.195,17.275,17.195,17.255,98893
2026-06-30T16:35:00+00:00,17.26,17.285,17.25,17.27,131080
2026-06-30T16:40:00+00:00,17.265,17.28,17.25,17.26,60104
2026-06-30T16:45:00+00:00,17.26,17.305,17.255,17.26,150465
2026-06-30T16:50:00+00:00,17.255,17.27,17.23,17.25,78558
2026-06-30T16:55:00+00:00,17.26,17.265,17.21,17.23,82182
2026-06-30T17:00:00+00:00,17.23,17.24,17.22,17.235,38924
2026-06-30T17:05:00+00:00,17.235,17.26,17.221,17.23,204369
2026-06-30T17:10:00+00:00,17.22,17.23,17.18,17.215,75860
2026-06-30T17:15:00+00:00,17.225,17.285,17.215,17.255,117898
2026-06-30T17:20:00+00:00,17.26,17.28,17.245,17.275,83236
2026-06-30T17:25:00+00:00,17.275,17.325,17.265,17.285,124620
2026-06-30T17:30:00+00:00,17.28,17.375,17.25,17.365,165116
2026-06-30T17:35:00+00:00,17.37,17.37,17.31,17.315,188680
2026-06-30T17:40:00+00:00,17.315,17.345,17.31,17.34,143330
2026-06-30T17:45:00+00:00,17.334,17.34,17.285,17.285,144076
2026-06-30T17:50:00+00:00,17.285,17.33,17.28,17.315,98546
2026-06-30T17:55:00+00:00,17.32,17.339,17.31,17.32,96892
2026-06-30T18:00:00+00:00,17.32,17.345,17.3,17.305,88694
2026-06-30T18:05:00+00:00,17.31,17.325,17.24,17.325,229068
2026-06-30T18:10:00+00:00,17.32,17.345,17.285,17.29,312437
2026-06-30T18:15:00+00:00,17.295,17.36,17.27,17.343,358810
2026-06-30T18:20:00+00:00,17.35,17.377,17.34,17.34,236332
2026-06-30T18:25:00+00:00,17.335,17.345,17.32,17.328,234377
2026-06-30T18:30:00+00:00,17.33,17.335,17.11,17.15,566017
2026-06-30T18:35:00+00:00,17.16,17.195,17.12,17.18,199618
2026-06-30T18:40:00+00:00,17.17,17.175,17.13,17.145,93924
2026-06-30T18:45:00+00:00,17.14,17.175,17.125,17.171,269880
2026-06-30T18:50:00+00:00,17.175,17.359,17.145,17.27,261763
2026-06-30T18:55:00+00:00,17.275,17.33,17.27,17.32,93494
2026-06-30T19:00:00+00:00,17.32,17.34,17.265,17.275,182888
2026-06-30T19:05:00+00:00,17.28,17.405,17.27,17.4,136334
2026-06-30T19:10:00+00:00,17.395,17.5,17.395,17.485,330081
2026-06-30T19:15:00+00:00,17.48,17.525,17.46,17.498,502274
2026-06-30T19:20:00+00:00,17.495,17.54,17.475,17.535,173480
2026-06-30T19:25:00+00:00,17.535,17.54,17.5,17.525,217336
2026-06-30T19:30:00+00:00,17.525,17.55,17.495,17.505,419110
2026-06-30T19:35:00+00:00,17.5,17.51,17.42,17.475,227171
2026-06-30T19:40:00+00:00,17.475,17.475,17.4,17.415,281320
2026-06-30T19:45:00+00:00,17.415,17.465,17.4,17.455,408974
2026-06-30T19:50:00+00:00,17.455,17.48,17.385,17.475,797840
2026-06-30T19:55:00+00:00,17.475,17.535,17.34,17.35,1201701
2026-06-30T20:00:00+00:00,17.35,17.45,17.15,17.35,378683
2026-06-30T20:05:00+00:00,17.35,17.4,17.25,17.394,36241
2026-06-30T20:10:00+00:00,17.35,17.4,17.35,17.35,3913
2026-06-30T20:15:00+00:00,17.351,17.351,17.25,17.25,4976
2026-06-30T20:20:00+00:00,17.34,17.34,17.25,17.25,1552
2026-06-30T20:25:00+00:00,17.26,17.33,17.25,17.287,622
2026-06-30T20:30:00+00:00,17.33,17.35,17.27,17.3,1552
2026-06-30T20:35:00+00:00,17.306,17.4,17.27,17.3,1051
2026-06-30T20:40:00+00:00,17.28,17.32,17.28,17.315,305
2026-06-30T20:45:00+00:00,17.28,17.32,17.28,17.32,953
2026-06-30T20:50:00+00:00,17.32,17.32,17.28,17.3,2195
2026-06-30T20:55:00+00:00,17.28,17.319,17.28,17.31,846
2026-06-30T21:00:00+00:00,17.32,17.32,17.3,17.31,79
2026-06-30T21:05:00+00:00,17.32,17.35,17.3,17.3,316
2026-06-30T21:10:00+00:00,17.31,17.4,17.31,17.31,3752
2026-06-30T21:15:00+00:00,17.34,17.4,17.31,17.34,651
2026-06-30T21:20:00+00:00,17.36,17.4,17.34,17.34,904
2026-06-30T21:25:00+00:00,17.318,17.35,17.31,17.34,5293
2026-06-30T21:30:00+00:00,17.34,17.35,17.31,17.33,314
2026-06-30T21:35:00+00:00,17.311,17.35,17.31,17.35,303
2026-06-30T21:40:00+00:00,17.31,17.39,17.31,17.39,617
2026-06-30T21:45:00+00:00,17.31,17.35,17.31,17.348,2861
2026-06-30T21:50:00+00:00,17.311,17.319,17.31,17.319,156
2026-06-30T21:55:00+00:00,17.33,17.33,17.311,17.311,302084
2026-06-30T22:00:00+00:00,17.34,17.34,17.31,17.318,51
2026-06-30T22:05:00+00:00,17.33,17.35,17.31,17.319,326
2026-06-30T22:10:00+00:00,17.31,17.35,17.31,17.329,398
2026-06-30T22:15:00+00:00,17.32,17.33,17.32,17.32,508
2026-06-30T22:20:00+00:00,17.325,17.35,17.32,17.33,262
2026-06-30T22:25:00+00:00,17.33,17.35,17.33,17.35,1119
2026-06-30T22:30:00+00:00,17.321,17.35,17.32,17.335,2325
2026-06-30T22:35:00+00:00,17.32,17.4,17.32,17.353,441
2026-06-30T22:40:00+00:00,17.354,17.4,17.35,17.38,166
2026-06-30T22:45:00+00:00,17.38,17.38,17.35,17.35,1377
2026-06-30T22:50:00+00:00,17.35,17.38,17.32,17.35,1459
2026-06-30T22:55:00+00:00,17.32,17.38,17.32,17.32,808
2026-06-30T23:00:00+00:00,17.379,17.38,17.32,17.32,818
2026-06-30T23:05:00+00:00,17.321,17.38,17.32,17.33,200
2026-06-30T23:10:00+00:00,17.332,17.38,17.32,17.32,1005
2026-06-30T23:15:00+00:00,17.32,17.38,17.32,17.334,146
2026-06-30T23:20:00+00:00,17.372,17.38,17.32,17.38,302
2026-06-30T23:25:00+00:00,17.38,17.38,17.32,17.38,156
2026-06-30T23:30:00+00:00,17.35,17.38,17.32,17.355,238
2026-06-30T23:35:00+00:00,17.337,17.38,17.33,17.38,113
2026-06-30T23:40:00+00:00,17.33,17.38,17.33,17.34,43
2026-06-30T23:45:00+00:00,17.34,17.38,17.33,17.355,291
2026-06-30T23:50:00+00:00,17.36,17.38,17.34,17.38,329
2026-06-30T23:55:00+00:00,17.378,17.38,17.341,17.341,1533
2026-07-01T08:00:00+00:00,17.35,17.375,17.3,17.3,3590
2026-07-01T08:05:00+00:00,17.306,17.36,17.306,17.36,596
2026-07-01T08:10:00+00:00,17.32,17.32,17.32,17.32,33
2026-07-01T08:15:00+00:00,17.303,17.32,17.303,17.31,576
2026-07-01T08:20:00+00:00,17.31,17.31,17.31,17.31,0
2026-07-01T08:25:00+00:00,17.3,17.3,17.28,17.28,390
2026-07-01T08:30:00+00:00,17.26,17.27,17.25,17.25,451
2026-07-01T08:35:00+00:00,17.25,17.259,17.25,17.259,179
2026-07-01T08:40:00+00:00,17.256,17.256,17.256,17.256,179
2026-07-01T08:45:00+00:00,17.259,17.259,17.259,17.259,78
2026-07-01T08:50:00+00:00,17.259,17.259,17.259,17.259,3
2026-07-01T08:55:00+00:00,17.257,17.257,17.257,17.257,300
2026-07-01T09:00:00+00:00,17.29,17.29,17.26,17.27,1624
2026-07-01T09:05:00+00:00,17.27,17.27,17.27,17.27,1
2026-07-01T09:10:00+00:00,17.27,17.27,17.27,17.27,0
2026-07-01T09:15:00+00:00,17.27,17.27,17.27,17.27,22
2026-07-01T09:20:00+00:00,17.27,17.28,17.27,17.28,30
2026-07-01T09:25:00+00:00,17.28,17.28,17.28,17.28,0
2026-07-01T09:30:00+00:00,17.28,17.28,17.28,17.28,105
2026-07-01T09:35:00+00:00,17.28,17.28,17.28,17.28,1
2026-07-01T09:40:00+00:00,17.28,17.28,17.28,17.28,0
2026-07-01T09:45:00+00:00,17.28,17.28,17.28,17.28,0
2026-07-01T09:50:00+00:00,17.27,17.27,17.27,17.27,17
2026-07-01T09:55:00+00:00,17.27,17.27,17.27,17.27,0
2026-07-01T10:00:00+00:00,17.26,17.3,17.25,17.3,458
2026-07-01T10:05:00+00:00,17.3,17.3,17.3,17.3,0
2026-07-01T10:10:00+00:00,17.28,17.28,17.28,17.28,42
2026-07-01T10:15:00+00:00,17.3,17.3,17.287,17.287,90
2026-07-01T10:20:00+00:00,17.275,17.3,17.275,17.3,14
2026-07-01T10:25:00+00:00,17.28,17.28,17.28,17.28,11
2026-07-01T10:30:00+00:00,17.28,17.3,17.28,17.3,1022
2026-07-01T10:35:00+00:00,17.28,17.28,17.28,17.28,92
2026-07-01T10:40:00+00:00,17.28,17.29,17.28,17.28,46
2026-07-01T10:45:00+00:00,17.28,17.28,17.28,17.28,100
2026-07-01T10:50:00+00:00,17.28,17.28,17.26,17.263,882
2026-07-01T10:55:00+00:00,17.3,17.3,17.3,17.3,2100
2026-07-01T11:00:00+00:00,17.3,17.32,17.232,17.3,1711
2026-07-01T11:05:00+00:00,17.3,17.32,17.26,17.32,87
2026-07-01T11:10:00+00:00,17.315,17.32,17.281,17.291,972
2026-07-01T11:15:00+00:00,17.31,17.32,17.25,17.32,168
2026-07-01T11:20:00+00:00,17.31,17.32,17.25,17.32,187
2026-07-01T11:25:00+00:00,17.315,17.315,17.25,17.29,1444
2026-07-01T11:30:00+00:00,17.29,17.29,17.26,17.263,395
2026-07-01T11:35:00+00:00,17.29,17.32,17.26,17.28,527
2026-07-01T11:40:00+00:00,17.28,17.32,17.26,17.32,2542
2026-07-01T11:45:00+00:00,17.272,17.32,17.26,17.29,2098
2026-07-01T11:50:00+00:00,17.273,17.32,17.26,17.29,352
2026-07-01T11:55:00+00:00,17.32,17.32,17.28,17.32,651
2026-07-01T12:00:00+00:00,17.28,17.31,17.26,17.28,3235
2026-07-01T12:05:00+00:00,17.28,17.31,17.25,17.31,1201
2026-07-01T12:10:00+00:00,17.31,17.31,17.25,17.25,1569
2026-07-01T12:15:00+00:00,17.255,17.32,17.25,17.32,1862
2026-07-01T12:20:00+00:00,17.32,17.32,17.25,17.26,137
2026-07-01T12:25:00+00:00,17.25,17.32,17.25,17.285,577
2026-07-01T12:30:00+00:00,17.25,17.32,17.25,17.3,18569
2026-07-01T12:35:00+00:00,17.25,17.3,17.23,17.3,6359
2026-07-01T12:40:00+00:00,17.3,17.3,17.2,17.2,2744
2026-07-01T12:45:00+00:00,17.25,17.3,17.2,17.22,5748
2026-07-01T12:50:00+00:00,17.2,17.25,17.2,17.25,3898
2026-07-01T12:55:00+00:00,17.2,17.29,17.2,17.21,192
2026-07-01T13:00:00+00:00,17.21,17.3,17.21,17.3,3020
2026-07-01T13:05:00+00:00,17.3,17.3,17.23,17.29,3342
2026-07-01T13:10:00+00:00,17.288,17.29,17.25,17.29,27115
2026-07-01T13:15:00+00:00,17.25,17.29,17.25,17.25,4944
2026-07-01T13:20:00+00:00,17.253,17.27,17.25,17.25,3790
2026-07-01T13:25:00+00:00,17.27,17.32,17.25,17.32,8429
2026-07-01T13:30:00+00:00,17.28,17.41,17.07,17.19,548362
2026-07-01T13:35:00+00:00,17.19,17.21,17.07,17.1,305761
2026-07-01T13:40:00+00:00,17.095,17.315,17.09,17.315,156715
2026-07-01T13:45:00+00:00,17.31,17.345,17.23,17.29,165215
2026-07-01T13:50:00+00:00,17.29,17.425,17.26,17.414,230928
2026-07-01T13:55:00+00:00,17.41,17.43,17.31,17.405,212228
2026-07-01T14:00:00+00:00,17.41,17.5,17.41,17.435,166170
2026-07-01T14:05:00+00:00,17.44,17.59,17.41,17.545,362171
2026-07-01T14:10:00+00:00,17.54,17.555,17.495,17.52,286384
2026-07-01T14:15:00+00:00,17.515,17.7,17.514,17.625,364672
2026-07-01T14:20:00+00:00,17.63,17.71,17.47,17.515,261011
2026-07-01T14:25:00+00:00,17.515,17.58,17.49,17.495,163262
2026-07-01T14:30:00+00:00,17.5,17.505,17.33,17.38,171908
2026-07-01T14:35:00+00:00,17.37,17.398,17.35,17.385,103734
2026-07-01T14:40:00+00:00,17.39,17.405,17.335,17.37,145427
2026-07-01T14:45:00+00:00,17.37,17.41,17.312,17.4,140004
2026-07-01T14:50:00+00:00,17.41,17.485,17.375,17.435,105734
2026-07-01T14:55:00+00:00,17.435,17.44,17.35,17.395,88508
2026-07-01T15:00:00+00:00,17.4,17.495,17.395,17.495,133982
2026-07-01T15:05:00+00:00,17.49,17.605,17.475,17.56,182036
2026-07-01T15:10:00+00:00,17.57,17.675,17.53,17.595,258083
2026-07-01T15:15:00+00:00,17.59,17.65,17.585,17.635,153138
2026-07-01T15:20:00+00:00,17.635,17.68,17.6,17.675,214061
2026-07-01T15:25:00+00:00,17.67,17.69,17.635,17.675,141928
2026-07-01T15:30:00+00:00,17.67,17.68,17.615,17.615,173790
2026-07-01T15:35:00+00:00,17.615,17.685,17.595,17.655,205499
2026-07-01T15:40:00+00:00,17.655,17.7,17.605,17.68,354218
2026-07-01T15:45:00+00:00,17.675,17.675,17.525,17.63,335037
2026-07-01T15:50:00+00:00,17.625,17.675,17.625,17.675,143542
2026-07-01T15:55:00+00:00,17.675,17.676,17.64,17.665,94879
2026-07-01T16:00:00+00:00,17.66,17.675,17.6,17.665,220266
2026-07-01T16:05:00+00:00,17.66,17.73,17.63,17.69,241133
2026-07-01T16:10:00+00:00,17.68,17.715,17.595,17.613,319412
2026-07-01T16:15:00+00:00,17.615,17.64,17.6,17.625,155601
2026-07-01T16:20:00+00:00,17.625,17.7,17.605,17.675,181261
2026-07-01T16:25:00+00:00,17.675,17.71,17.64,17.66,177261
2026-07-01T16:30:00+00:00,17.665,17.725,17.66,17.705,213488
2026-07-01T16:35:00+00:00,17.71,17.8,17.685,17.735,343319
2026-07-01T16:40:00+00:00,17.735,17.775,17.71,17.745,236572
2026-07-01T16:45:00+00:00,17.745,17.745,17.55,17.565,319664
2026-07-01T16:50:00+00:00,17.565,17.63,17.56,17.625,137206
2026-07-01T16:55:00+00:00,17.635,17.65,17.575,17.6,112761
2026-07-01T17:00:00+00:00,17.6,17.625,17.57,17.595,90639
2026-07-01T17:05:00+00:00,17.595,17.605,17.55,17.57,198790
2026-07-01T17:10:00+00:00,17.565,17.58,17.53,17.575,107788
2026-07-01T17:15:00+00:00,17.58,17.62,17.555,17.617,127606
2026-07-01T17:20:00+00:00,17.615,17.62,17.575,17.61,109871
2026-07-01T17:25:00+00:00,17.615,17.62,17.531,17.545,74561
2026-07-01T17:30:00+00:00,17.55,17.58,17.5,17.53,174607
2026-07-01T17:35:00+00:00,17.525,17.535,17.51,17.525,79046
2026-07-01T17:40:00+00:00,17.525,17.535,17.495,17.51,107082
2026-07-01T17:45:00+00:00,17.51,17.55,17.5,17.52,64692
2026-07-01T17:50:00+00:00,17.525,17.595,17.52,17.575,121251
2026-07-01T17:55:00+00:00,17.575,17.595,17.54,17.545,148652
2026-07-01T18:00:00+00:00,17.54,17.56,17.505,17.51,175081
2026-07-01T18:05:00+00:00,17.515,17.516,17.46,17.485,219330
2026-07-01T18:10:00+00:00,17.48,17.49,17.4,17.405,336253
2026-07-01T18:15:00+00:00,17.405,17.455,17.395,17.445,245791
2026-07-01T18:20:00+00:00,17.445,17.445,17.35,17.38,223756
2026-07-01T18:25:00+00:00,17.385,17.4,17.35,17.365,132698
2026-07-01T18:30:00+00:00,17.365,17.375,17.28,17.305,208978
2026-07-01T18:35:00+00:00,17.304,17.33,17.28,17.295,191753
2026-07-01T18:40:00+00:00,17.295,17.3,17.24,17.255,159146
2026-07-01T18:45:00+00:00,17.255,17.26,17.18,17.23,139123
2026-07-01T18:50:00+00:00,17.235,17.245,17.2,17.21,125157
2026-07-01T18:55:00+00:00,17.205,17.29,17.205,17.29,127994
2026-07-01T19:00:00+00:00,17.289,17.345,17.289,17.335,142822
2026-07-01T19:05:00+00:00,17.335,17.35,17.31,17.345,147928
2026-07-01T19:10:00+00:00,17.345,17.35,17.305,17.325,103433
2026-07-01T19:15:00+00:00,17.325,17.325,17.29,17.32,103321
2026-07-01T19:20:00+00:00,17.315,17.315,17.26,17.29,367625
2026-07-01T19:25:00+00:00,17.295,17.3,17.25,17.285,264094
2026-07-01T19:30:00+00:00,17.285,17.31,17.27,17.285,209880
2026-07-01T19:35:00+00:00,17.285,17.295,17.27,17.275,121027
2026-07-01T19:40:00+00:00,17.275,17.305,17.255,17.3,192540
2026-07-01T19:45:00+00:00,17.295,17.295,17.24,17.26,279567
2026-07-01T19:50:00+00:00,17.265,17.265,17.18,17.205,383586
2026-07-01T19:55:00+00:00,17.2,17.235,17.15,17.18,912427
2026-07-01T20:00:00+00:00,17.17,17.2,17.17,17.18,110689
2026-07-01T20:05:00+00:00,17.17,17.2,17.15,17.155,1094
2026-07-01T20:10:00+00:00,17.18,17.18,17.15,17.16,3730
2026-07-01T20:15:00+00:00,17.16,17.16,17.15,17.16,553
2026-07-01T20:20:00+00:00,17.152,17.169,17.14,17.14,7322
2026-07-01T20:25:00+00:00,17.16,17.16,17.1,17.135,275
2026-07-01T20:30:00+00:00,17.13,17.15,17.08,17.08,5267
2026-07-01T20:35:00+00:00,17.09,17.14,17.07,17.08,2258
2026-07-01T20:40:00+00:00,17.07,17.14,17.07,17.14,518
2026-07-01T20:45:00+00:00,17.14,17.14,17.07,17.105,369
2026-07-01T20:50:00+00:00,17.1,17.14,17.1,17.14,30522
2026-07-01T20:55:00+00:00,17.1,17.14,17.1,17.14,1491
2026-07-01T21:00:00+00:00,17.1,17.14,17.1,17.13,614
2026-07-01T21:05:00+00:00,17.11,17.15,17.11,17.14,1834
2026-07-01T21:10:00+00:00,17.15,17.15,17.1,17.1,1723
2026-07-01T21:15:00+00:00,17.15,17.15,17.1,17.1,72
2026-07-01T21:20:00+00:00,17.1,17.18,17.1,17.12,83
2026-07-01T21:25:00+00:00,17.1,17.15,17.1,17.11,441
2026-07-01T21:30:00+00:00,17.15,17.15,17.107,17.107,95
2026-07-01T21:35:00+00:00,17.11,17.15,17.1,17.13,1272
2026-07-01T21:40:00+00:00,17.101,17.15,17.1,17.13,41
2026-07-01T21:45:00+00:00,17.125,17.15,17.1,17.1,134528
2026-07-01T21:50:00+00:00,17.1,17.15,17.1,17.101,5141
2026-07-01T21:55:00+00:00,17.13,17.15,17.1,17.13,265
2026-07-01T22:00:00+00:00,17.13,17.13,17.1,17.11,3789
2026-07-01T22:05:00+00:00,17.129,17.13,17.11,17.13,669
2026-07-01T22:10:00+00:00,17.13,17.13,17.11,17.129,381
2026-07-01T22:15:00+00:00,17.125,17.13,17.11,17.12,271
2026-07-01T22:20:00+00:00,17.11,17.13,17.08,17.129,3273
2026-07-01T22:25:00+00:00,17.13,17.13,17.11,17.12,965
2026-07-01T22:30:00+00:00,17.11,17.129,17.07,17.1,186
2026-07-01T22:35:00+00:00,17.13,17.13,17.07,17.1,18
2026-07-01T22:40:00+00:00,17.1,17.13,17.07,17.1,373
2026-07-01T22:45:00+00:00,17.1,17.101,17.08,17.101,192
2026-07-01T22:50:00+00:00,17.1,17.13,17.07,17.09,3342
2026-07-01T22:55:00+00:00,17.09,17.13,17.09,17.1,114
2026-07-01T23:00:00+00:00,17.13,17.13,17.1,17.1,87
2026-07-01T23:05:00+00:00,17.126,17.13,17.1,17.115,271
2026-07-01T23:10:00+00:00,17.13,17.13,17.13,17.13,25
2026-07-01T23:15:00+00:00,17.115,17.13,17.1,17.104,166
2026-07-01T23:20:00+00:00,17.13,17.13,17.1,17.1,408
2026-07-01T23:25:00+00:00,17.1,17.11,17.1,17.11,300
2026-07-01T23:30:00+00:00,17.11,17.11,17.07,17.1,59
2026-07-01T23:35:00+00:00,17.07,17.09,17.07,17.07,90
2026-07-01T23:40:00+00:00,17.1,17.11,17.07,17.072,1938
2026-07-01T23:45:00+00:00,17.08,17.11,17.07,17.08,870
2026-07-01T23:50:00+00:00,17.11,17.11,17.07,17.072,1237
2026-07-01T23:55:00+00:00,17.07,17.087,17.0,17.062,2313
2026-07-02T08:00:00+00:00,17.03,17.214,17.0,17.08,10950
2026-07-02T08:05:00+00:00,17.04,17.04,17.04,17.04,82
2026-07-02T08:10:00+00:00,17.04,17.04,17.04,17.04,0
2026-07-02T08:15:00+00:00,17.054,17.08,17.054,17.07,108
2026-07-02T08:20:00+00:00,17.07,17.08,17.053,17.07,34
2026-07-02T08:25:00+00:00,17.06,17.06,17.06,17.06,20
2026-07-02T08:30:00+00:00,17.13,17.13,17.13,17.13,1
2026-07-02T08:35:00+00:00,17.13,17.13,17.13,17.13,0
2026-07-02T08:40:00+00:00,17.13,17.13,17.13,17.13,0
2026-07-02T08:45:00+00:00,17.15,17.15,17.15,17.15,74
2026-07-02T08:50:00+00:00,17.15,17.15,17.15,17.15,0
2026-07-02T08:55:00+00:00,17.14,17.14,17.14,17.14,111
2026-07-02T09:00:00+00:00,17.15,17.17,17.15,17.17,397
2026-07-02T09:05:00+00:00,17.17,17.17,17.17,17.17,0
2026-07-02T09:10:00+00:00,17.16,17.16,17.16,17.16,28
2026-07-02T09:15:00+00:00,17.143,17.143,17.143,17.143,3
2026-07-02T09:20:00+00:00,17.14,17.143,17.14,17.143,505
2026-07-02T09:25:00+00:00,17.143,17.143,17.14,17.14,402
2026-07-02T09:30:00+00:00,17.107,17.107,17.107,17.107,129
2026-07-02T09:35:00+00:00,17.107,17.107,17.107,17.107,0
2026-07-02T09:40:00+00:00,17.107,17.107,17.107,17.107,0
2026-07-02T09:45:00+00:00,17.11,17.11,17.11,17.11,6
2026-07-02T09:50:00+00:00,17.11,17.11,17.11,17.11,0
2026-07-02T09:55:00+00:00,17.12,17.12,17.12,17.12,45
2026-07-02T10:00:00+00:00,17.12,17.12,17.12,17.12,3
2026-07-02T10:05:00+00:00,17.119,17.12,17.119,17.12,77
2026-07-02T10:10:00+00:00,17.12,17.12,17.1,17.11,1385
2026-07-02T10:15:00+00:00,17.13,17.13,17.1,17.1,1300
2026-07-02T10:20:00+00:00,17.1,17.1,17.1,17.1,0
2026-07-02T10:25:00+00:00,17.14,17.14,17.14,17.14,2
2026-07-02T10:30:00+00:00,17.13,17.13,17.1,17.107,140
2026-07-02T10:35:00+00:00,17.13,17.14,17.13,17.14,47
2026-07-02T10:40:00+00:00,17.14,17.14,17.14,17.14,90
2026-07-02T10:45:00+00:00,17.123,17.14,17.123,17.13,200
2026-07-02T10:50:00+00:00,17.13,17.14,17.107,17.14,294
2026-07-02T10:55:00+00:00,17.14,17.14,17.14,17.14,0
2026-07-02T11:00:00+00:00,17.111,17.16,17.111,17.159,15312
2026-07-02T11:05:00+00:00,17.16,17.16,17.12,17.152,11154
2026-07-02T11:10:00+00:00,17.16,17.18,17.12,17.18,30667
2026-07-02T11:15:00+00:00,17.18,17.18,17.15,17.179,26462
2026-07-02T11:20:00+00:00,17.18,17.199,17.11,17.18,15282
2026-07-02T11:25:00+00:00,17.19,17.2,17.1,17.2,25194
2026-07-02T11:30:00+00:00,17.16,17.2,17.12,17.165,657
2026-07-02T11:35:00+00:00,17.19,17.19,17.13,17.19,238
2026-07-02T11:40:00+00:00,17.19,17.19,17.15,17.189,1013
2026-07-02T11:45:00+00:00,17.185,17.19,17.15,17.19,5041
2026-07-02T11:50:00+00:00,17.189,17.19,17.18,17.19,12690
2026-07-02T11:55:00+00:00,17.19,17.2,17.19,17.2,20643
2026-07-02T12:00:00+00:00,17.2,17.2,17.18,17.19,21
2026-07-02T12:05:00+00:00,17.18,17.22,17.16,17.22,1591
2026-07-02T12:10:00+00:00,17.17,17.22,17.16,17.21,849
2026-07-02T12:15:00+00:00,17.18,17.2,17.17,17.197,515
2026-07-02T12:20:00+00:00,17.2,17.22,17.18,17.22,177
2026-07-02T12:25:00+00:00,17.19,18.05,17.18,17.97,35091
2026-07-02T12:30:00+00:00,18.01,18.29,17.761,18.04,66247
2026-07-02T12:35:00+00:00,18.1,18.38,18.0,18.297,172046
2026-07-02T12:40:00+00:00,18.3,18.39,18.076,18.229,109044
2026-07-02T12:45:00+00:00,18.23,18.25,18.0,18.07,93770
2026-07-02T12:50:00+00:00,18.1,18.1,17.9,17.98,63098
2026-07-02T12:55:00+00:00,17.98,17.99,17.89,17.91,48573
2026-07-02T13:00:00+00:00,17.93,18.0,17.91,17.96,75917
2026-07-02T13:05:00+00:00,17.98,18.0,17.92,17.977,43105
2026-07-02T13:10:00+00:00,17.97,18.0,17.92,17.97,25310
2026-07-02T13:15:00+00:00,17.941,17.97,17.89,17.92,21767
2026-07-02T13:20:00+00:00,17.917,17.96,17.86,17.86,15910
2026-07-02T13:25:00+00:00,17.89,18.0,17.81,18.0,39705
2026-07-02T13:30:00+00:00,17.975,18.3,17.81,18.085,1592033
2026-07-02T13:35:00+00:00,18.095,18.45,18.08,18.23,1179633
2026-07-02T13:40:00+00:00,18.23,18.58,18.185,18.545,1602852
2026-07-02T13:45:00+00:00,18.54,19.18,18.53,19.15,2357424
2026-07-02T13:50:00+00:00,19.145,19.44,19.135,19.224,1908902
2026-07-02T13:55:00+00:00,19.195,19.425,19.11,19.405,1503935
2026-07-02T14:00:00+00:00,19.405,19.475,19.275,19.345,1212351
2026-07-02T14:05:00+00:00,19.345,19.615,19.27,19.425,1454080
2026-07-02T14:10:00+00:00,19.42,19.69,19.41,19.68,1000193
2026-07-02T14:15:00+00:00,19.685,19.79,19.5,19.605,1366019
2026-07-02T14:20:00+00:00,19.605,19.69,19.45,19.469,1325657
2026-07-02T14:25:00+00:00,19.46,19.61,19.42,19.555,924992
2026-07-02T14:30:00+00:00,19.555,19.705,19.33,19.38,1109861
2026-07-02T14:35:00+00:00,19.385,19.596,19.295,19.3,1030586
2026-07-02T14:40:00+00:00,19.3,19.315,18.9,18.97,1390937
2026-07-02T14:45:00+00:00,18.98,19.165,18.97,19.15,779265
2026-07-02T14:50:00+00:00,19.155,19.165,18.89,18.99,580183
2026-07-02T14:55:00+00:00,18.985,19.12,18.96,19.09,438477
2026-07-02T15:00:00+00:00,19.1,19.1,18.77,18.772,745359
2026-07-02T15:05:00+00:00,18.775,18.94,18.75,18.88,818513
2026-07-02T15:10:00+00:00,18.885,18.96,18.84,18.895,381622
2026-07-02T15:15:00+00:00,18.9,18.95,18.74,18.795,393103
2026-07-02T15:20:00+00:00,18.795,19.03,18.73,19.005,778976
2026-07-02T15:25:00+00:00,19.0,19.105,18.895,19.036,823282
2026-07-02T15:30:00+00:00,19.05,19.12,19.0,19.055,305658
2026-07-02T15:35:00+00:00,19.055,19.105,19.005,19.095,282268
2026-07-02T15:40:00+00:00,19.095,19.17,19.015,19.015,312982
2026-07-02T15:45:00+00:00,19.015,19.05,18.91,18.965,273582
2026-07-02T15:50:00+00:00,18.965,19.01,18.935,18.995,243127
2026-07-02T15:55:00+00:00,18.995,19.0,18.93,18.975,146547
2026-07-02T16:00:00+00:00,18.975,18.98,18.81,18.815,418640
2026-07-02T16:05:00+00:00,18.815,18.865,18.805,18.825,204876
2026-07-02T16:10:00+00:00,18.825,18.985,18.82,18.945,316812
2026-07-02T16:15:00+00:00,18.945,18.945,18.795,18.825,221489
2026-07-02T16:20:00+00:00,18.825,18.825,18.73,18.775,286418
2026-07-02T16:25:00+00:00,18.77,18.84,18.76,18.78,186559
2026-07-02T16:30:00+00:00,18.775,18.78,18.63,18.645,344391
2026-07-02T16:35:00+00:00,18.645,18.668,18.58,18.665,445314
2026-07-02T16:40:00+00:00,18.665,18.755,18.655,18.72,324446
2026-07-02T16:45:00+00:00,18.72,18.72,18.615,18.655,161546
2026-07-02T16:50:00+00:00,18.655,18.71,18.58,18.657,182477
2026-07-02T16:55:00+00:00,18.65,18.65,18.53,18.575,284853
2026-07-02T17:00:00+00:00,18.58,18.58,18.49,18.525,351916
2026-07-02T17:05:00+00:00,18.52,18.6,18.5,18.545,390110
2026-07-02T17:10:00+00:00,18.56,18.61,18.54,18.575,463505
2026-07-02T17:15:00+00:00,18.575,18.575,18.525,18.545,239312
2026-07-02T17:20:00+00:00,18.54,18.605,18.495,18.53,178142
2026-07-02T17:25:00+00:00,18.53,18.56,18.515,18.54,247606
2026-07-02T17:30:00+00:00,18.54,18.62,18.53,18.6,227794
2026-07-02T17:35:00+00:00,18.59,18.615,18.45,18.455,304677
2026-07-02T17:40:00+00:00,18.455,18.55,18.45,18.525,278223
2026-07-02T17:45:00+00:00,18.525,18.55,18.475,18.51,259223
2026-07-02T17:50:00+00:00,18.51,18.67,18.51,18.654,257054
2026-07-02T17:55:00+00:00,18.66,18.66,18.57,18.585,216155
2026-07-02T18:00:00+00:00,18.59,18.66,18.561,18.595,232213
2026-07-02T18:05:00+00:00,18.6,18.71,18.6,18.7,194077
2026-07-02T18:10:00+00:00,18.7,18.78,18.7,18.73,328872
2026-07-02T18:15:00+00:00,18.725,18.75,18.61,18.645,182928
2026-07-02T18:20:00+00:00,18.645,18.72,18.62,18.715,236014
2026-07-02T18:25:00+00:00,18.715,18.76,18.675,18.74,203727
2026-07-02T18:30:00+00:00,18.745,18.8,18.67,18.675,207304
2026-07-02T18:35:00+00:00,18.67,18.7,18.655,18.69,152380
2026-07-02T18:40:00+00:00,18.69,18.71,18.675,18.69,198083
2026-07-02T18:45:00+00:00,18.685,18.685,18.58,18.58,287099
2026-07-02T18:50:00+00:00,18.585,18.6,18.525,18.57,381767
2026-07-02T18:55:00+00:00,18.56,18.68,18.56,18.68,290165
2026-07-02T19:00:00+00:00,18.67,18.685,18.59,18.595,438721
2026-07-02T19:05:00+00:00,18.59,18.63,18.56,18.595,246640
2026-07-02T19:10:00+00:00,18.595,18.65,18.54,18.62,347924
2026-07-02T19:15:00+00:00,18.625,18.625,18.5,18.505,206640
2026-07-02T19:20:00+00:00,18.505,18.54,18.463,18.505,427396
2026-07-02T19:25:00+00:00,18.505,18.66,18.495,18.635,285261
2026-07-02T19:30:00+00:00,18.635,18.67,18.595,18.665,212651
2026-07-02T19:35:00+00:00,18.665,18.7,18.61,18.685,301654
2026-07-02T19:40:00+00:00,18.685,18.75,18.63,18.64,476475
2026-07-02T19:45:00+00:00,18.65,18.655,18.55,18.55,247570
2026-07-02T19:50:00+00:00,18.545,18.615,18.515,18.615,386580
2026-07-02T19:55:00+00:00,18.615,18.66,18.515,18.63,1349200
2026-07-02T20:00:00+00:00,18.63,18.65,18.63,18.63,208690
2026-07-02T20:05:00+00:00,18.63,18.65,18.58,18.6,421933
2026-07-02T20:10:00+00:00,18.63,18.65,18.6,18.63,4115
2026-07-02T20:15:00+00:00,18.61,18.63,18.58,18.617,7669
2026-07-02T20:20:00+00:00,18.588,18.63,18.588,18.63,1571
2026-07-02T20:25:00+00:00,18.63,18.63,18.58,18.58,4585
2026-07-02T20:30:00+00:00,18.61,18.63,18.59,18.595,4615
2026-07-02T20:35:00+00:00,18.62,18.67,18.6,18.65,11734
2026-07-02T20:40:00+00:00,18.625,18.65,18.6,18.6,5069
2026-07-02T20:45:00+00:00,18.65,18.65,18.6,18.615,2198
2026-07-02T20:50:00+00:00,18.58,18.65,18.58,18.591,10802
2026-07-02T20:55:00+00:00,18.64,18.65,18.58,18.634,8418
2026-07-02T21:00:00+00:00,18.6,18.64,18.58,18.61,1754
2026-07-02T21:05:00+00:00,18.64,18.64,18.58,18.6,2953
2026-07-02T21:10:00+00:00,18.6,18.64,18.58,18.64,3683
2026-07-02T21:15:00+00:00,18.639,18.64,18.58,18.59,833
2026-07-02T21:20:00+00:00,18.58,18.63,18.58,18.63,4583
2026-07-02T21:25:00+00:00,18.62,18.62,18.6,18.604,1318
2026-07-02T21:30:00+00:00,18.6,18.62,18.6,18.61,865
2026-07-02T21:35:00+00:00,18.62,18.62,18.6,18.61,354
2026-07-02T21:40:00+00:00,18.61,18.62,18.6,18.62,2718
2026-07-02T21:45:00+00:00,18.61,18.62,18.59,18.6,123034
2026-07-02T21:50:00+00:00,18.58,18.6,18.58,18.58,156095
2026-07-02T21:55:00+00:00,18.6,18.6,18.58,18.6,6895
2026-07-02T22:00:00+00:00,18.6,18.6,18.58,18.58,989
2026-07-02T22:05:00+00:00,18.6,18.6,18.58,18.6,1611
2026-07-02T22:10:00+00:00,18.58,18.6,18.58,18.58,3249
2026-07-02T22:15:00+00:00,18.581,18.59,18.58,18.58,1466
2026-07-02T22:20:00+00:00,18.581,18.6,18.581,18.6,2615
2026-07-02T22:25:00+00:00,18.6,18.6,18.59,18.6,3622
2026-07-02T22:30:00+00:00,18.6,18.6,18.59,18.595,3751
2026-07-02T22:35:00+00:00,18.6,18.6,18.59,18.591,1305
2026-07-02T22:40:00+00:00,18.6,18.6,18.59,18.6,774
2026-07-02T22:45:00+00:00,18.6,18.62,18.591,18.62,1661
2026-07-02T22:50:00+00:00,18.62,18.64,18.6,18.629,367
2026-07-02T22:55:00+00:00,18.63,18.63,18.6,18.6,893
2026-07-02T23:00:00+00:00,18.6,18.63,18.6,18.63,1693
2026-07-02T23:05:00+00:00,18.63,18.63,18.6,18.61,670
2026-07-02T23:10:00+00:00,18.6,18.62,18.6,18.6,502
2026-07-02T23:15:00+00:00,18.62,18.62,18.6,18.61,486
2026-07-02T23:20:00+00:00,18.61,18.61,18.6,18.605,3990
2026-07-02T23:25:00+00:00,18.6,18.61,18.6,18.605,636
2026-07-02T23:30:00+00:00,18.61,18.61,18.6,18.6,631
2026-07-02T23:35:00+00:00,18.61,18.61,18.6,18.6,312
2026-07-02T23:40:00+00:00,18.6,18.61,18.6,18.605,174
2026-07-02T23:45:00+00:00,18.609,18.61,18.59,18.59,82
2026-07-02T23:50:00+00:00,18.6,18.6,18.58,18.59,1488
2026-07-02T23:55:00+00:00,18.59,18.59,18.57,18.575,15085
2026-07-06T08:00:00+00:00,18.73,18.9,18.603,18.743,15121
2026-07-06T08:05:00+00:00,18.71,18.72,18.63,18.71,375
2026-07-06T08:10:00+00:00,18.71,18.73,18.68,18.73,1676
2026-07-06T08:15:00+00:00,18.73,18.73,18.7,18.7,1010
2026-07-06T08:20:00+00:00,18.729,18.729,18.69,18.722,32
2026-07-06T08:25:00+00:00,18.69,18.716,18.69,18.7,25
2026-07-06T08:30:00+00:00,18.7,18.716,18.69,18.69,24
2026-07-06T08:35:00+00:00,18.69,18.69,18.68,18.68,29
2026-07-06T08:40:00+00:00,18.68,18.7,18.68,18.68,322
2026-07-06T08:45:00+00:00,18.68,18.69,18.67,18.68,102
2026-07-06T08:50:00+00:00,18.68,18.7,18.68,18.69,666
2026-07-06T08:55:00+00:00,18.7,18.73,18.69,18.69,289
2026-07-06T09:00:00+00:00,18.69,18.7,18.69,18.7,22
2026-07-06T09:05:00+00:00,18.727,18.729,18.727,18.727,49
2026-07-06T09:10:00+00:00,18.72,18.72,18.72,18.72,20
2026-07-06T09:15:00+00:00,18.717,18.717,18.717,18.717,3
2026-07-06T09:20:00+00:00,18.717,18.72,18.71,18.72,805
2026-07-06T09:25:00+00:00,18.72,18.72,18.72,18.72,2210
2026-07-06T09:30:00+00:00,18.72,18.72,18.72,18.72,280
2026-07-06T09:35:00+00:00,18.72,18.72,18.72,18.72,0
2026-07-06T09:40:00+00:00,18.72,18.72,18.72,18.72,135
2026-07-06T09:45:00+00:00,18.716,18.716,18.716,18.716,2
2026-07-06T09:50:00+00:00,18.71,18.72,18.71,18.72,58
2026-07-06T09:55:00+00:00,18.73,18.73,18.72,18.72,980
2026-07-06T10:00:00+00:00,18.75,18.75,18.72,18.73,205
2026-07-06T10:05:00+00:00,18.73,18.739,18.73,18.739,201
2026-07-06T10:10:00+00:00,18.747,18.747,18.74,18.74,2
2026-07-06T10:15:00+00:00,18.74,18.74,18.74,18.74,198
2026-07-06T10:20:00+00:00,18.74,18.74,18.74,18.74,502
2026-07-06T10:25:00+00:00,18.74,18.75,18.74,18.75,918
2026-07-06T10:30:00+00:00,18.75,18.77,18.75,18.756,498
2026-07-06T10:35:00+00:00,18.75,18.78,18.74,18.78,997
2026-07-06T10:40:00+00:00,18.781,18.79,18.78,18.79,14
2026-07-06T10:45:00+00:00,18.782,18.782,18.78,18.78,53
2026-07-06T10:50:00+00:00,18.79,18.79,18.78,18.78,806
2026-07-06T10:55:00+00:00,18.78,18.78,18.78,18.78,550
2026-07-06T11:00:00+00:00,18.77,18.78,18.713,18.736,25455
2026-07-06T11:05:00+00:00,18.74,18.75,18.71,18.72,1414
2026-07-06T11:10:00+00:00,18.75,18.77,18.75,18.77,2106
2026-07-06T11:15:00+00:00,18.78,18.78,18.72,18.76,1314
2026-07-06T11:20:00+00:00,18.75,18.79,18.75,18.787,6543
2026-07-06T11:25:00+00:00,18.78,18.79,18.75,18.79,18208
2026-07-06T11:30:00+00:00,18.77,18.79,18.75,18.77,3434
2026-07-06T11:35:00+00:00,18.779,18.8,18.757,18.757,164
2026-07-06T11:40:00+00:00,18.77,18.8,18.75,18.75,1017
2026-07-06T11:45:00+00:00,18.78,18.8,18.75,18.76,4292
2026-07-06T11:50:00+00:00,18.787,18.787,18.75,18.76,9934
2026-07-06T11:55:00+00:00,18.75,18.766,18.73,18.73,1309
2026-07-06T12:00:00+00:00,18.74,18.74,18.71,18.72,766
2026-07-06T12:05:00+00:00,18.72,18.74,18.71,18.71,19008
2026-07-06T12:10:00+00:00,18.71,18.72,18.68,18.68,2202
2026-07-06T12:15:00+00:00,18.71,18.71,18.68,18.681,3594
2026-07-06T12:20:00+00:00,18.737,18.75,18.65,18.65,2863
2026-07-06T12:25:00+00:00,18.72,18.72,18.65,18.65,16743
2026-07-06T12:30:00+00:00,18.75,18.75,18.65,18.673,2604
2026-07-06T12:35:00+00:00,18.671,18.69,18.65,18.67,3443
2026-07-06T12:40:00+00:00,18.65,18.66,18.62,18.64,1233
2026-07-06T12:45:00+00:00,18.64,18.64,18.62,18.63,691
2026-07-06T12:50:00+00:00,18.63,18.649,18.62,18.64,384
2026-07-06T12:55:00+00:00,18.63,18.64,18.62,18.63,13746
2026-07-06T13:00:00+00:00,18.62,18.64,18.59,18.59,5768
2026-07-06T13:05:00+00:00,18.6,18.62,18.59,18.6,1359
2026-07-06T13:10:00+00:00,18.59,18.65,18.59,18.61,3788
2026-07-06T13:15:00+00:00,18.59,18.61,18.57,18.598,8921
2026-07-06T13:20:00+00:00,18.58,18.59,18.57,18.58,2687
2026-07-06T13:25:00+00:00,18.57,18.6,18.5,18.566,19229
2026-07-06T13:30:00+00:00,18.55,19.09,18.401,18.79,814894
2026-07-06T13:35:00+00:00,18.79,19.11,18.78,18.975,375801
2026-07-06T13:40:00+00:00,18.975,19.21,18.811,19.14,451016
2026-07-06T13:45:00+00:00,19.12,19.179,18.93,19.0,353240
2026-07-06T13:50:00+00:00,19.0,19.2,18.93,19.09,285069
2026-07-06T13:55:00+00:00,19.09,19.29,19.03,19.235,472173
2026-07-06T14:00:00+00:00,19.215,19.45,19.19,19.383,413639
2026-07-06T14:05:00+00:00,19.4,19.545,19.36,19.44,631419
2026-07-06T14:10:00+00:00,19.447,19.53,19.41,19.5,321277
2026-07-06T14:15:00+00:00,19.5,19.615,19.455,19.525,515626
2026-07-06T14:20:00+00:00,19.54,19.65,19.517,19.61,372273
2026-07-06T14:25:00+00:00,19.61,19.645,19.56,19.595,348292
2026-07-06T14:30:00+00:00,19.595,19.62,19.51,19.575,304584
2026-07-06T14:35:00+00:00,19.57,19.59,19.52,19.525,264550
2026-07-06T14:40:00+00:00,19.53,19.56,19.48,19.525,322965
2026-07-06T14:45:00+00:00,19.52,19.6,19.44,19.59,253318
2026-07-06T14:50:00+00:00,19.595,19.6,19.52,19.585,174438
2026-07-06T14:55:00+00:00,19.585,19.81,19.58,19.705,406885
2026-07-06T15:00:00+00:00,19.715,19.865,19.68,19.74,382779
2026-07-06T15:05:00+00:00,19.75,19.88,19.72,19.865,1244161
2026-07-06T15:10:00+00:00,19.865,19.885,19.73,19.805,333618
2026-07-06T15:15:00+00:00,19.81,19.855,19.66,19.685,323502
2026-07-06T15:20:00+00:00,19.68,19.84,19.67,19.815,246766
2026-07-06T15:25:00+00:00,19.815,19.88,19.78,19.88,224692
2026-07-06T15:30:00+00:00,19.87,19.89,19.81,19.82,188805
2026-07-06T15:35:00+00:00,19.82,19.82,19.695,19.79,407912
2026-07-06T15:40:00+00:00,19.79,19.8,19.725,19.75,324126
2026-07-06T15:45:00+00:00,19.745,19.81,19.735,19.79,113429
2026-07-06T15:50:00+00:00,19.79,19.81,19.725,19.74,131944
2026-07-06T15:55:00+00:00,19.73,19.78,19.69,19.69,188809
2026-07-06T16:00:00+00:00,19.68,19.705,19.63,19.645,137172
2026-07-06T16:05:00+00:00,19.645,19.66,19.615,19.615,99992
2026-07-06T16:10:00+00:00,19.625,19.72,19.62,19.715,103361
2026-07-06T16:15:00+00:00,19.715,19.745,19.63,19.7,208612
2026-07-06T16:20:00+00:00,19.695,19.7,19.6,19.61,112140
2026-07-06T16:25:00+00:00,19.615,19.74,19.605,19.725,122512
2026-07-06T16:30:00+00:00,19.725,19.78,19.71,19.765,218103
2026-07-06T16:35:00+00:00,19.761,19.87,19.76,19.82,212530
2026-07-06T16:40:00+00:00,19.82,19.87,19.795,19.835,295299
2026-07-06T16:45:00+00:00,19.83,19.91,19.83,19.885,266093
2026-07-06T16:50:00+00:00,19.88,19.89,19.85,19.865,144633
2026-07-06T16:55:00+00:00,19.87,19.9,19.82,19.845,176921
2026-07-06T17:00:00+00:00,19.84,19.84,19.8,19.815,79508
2026-07-06T17:05:00+00:00,19.81,19.86,19.805,19.845,95490
2026-07-06T17:10:00+00:00,19.84,19.855,19.82,19.825,79077
2026-07-06T17:15:00+00:00,19.83,19.85,19.765,19.775,319562
2026-07-06T17:20:00+00:00,19.785,19.785,19.71,19.725,106685
2026-07-06T17:25:00+00:00,19.725,19.74,19.68,19.725,99211
2026-07-06T17:30:00+00:00,19.725,19.74,19.65,19.695,141476
2026-07-06T17:35:00+00:00,19.69,19.725,19.675,19.685,88556
2026-07-06T17:40:00+00:00,19.68,19.7,19.6,19.683,258423
2026-07-06T17:45:00+00:00,19.68,19.705,19.66,19.685,86529
2026-07-06T17:50:00+00:00,19.685,19.69,19.58,19.625,135752
2026-07-06T17:55:00+00:00,19.625,19.63,19.6,19.625,97564
2026-07-06T18:00:00+00:00,19.63,19.65,19.605,19.65,195621
2026-07-06T18:05:00+00:00,19.655,19.7,19.645,19.685,135444
2026-07-06T18:10:00+00:00,19.685,19.695,19.655,19.655,69059
2026-07-06T18:15:00+00:00,19.655,19.69,19.643,19.67,52405
2026-07-06T18:20:00+00:00,19.665,19.72,19.665,19.7,89505
2026-07-06T18:25:00+00:00,19.7,19.75,19.69,19.695,116623
2026-07-06T18:30:00+00:00,19.695,19.72,19.68,19.685,69747
2026-07-06T18:35:00+00:00,19.685,19.69,19.65,19.67,109921
2026-07-06T18:40:00+00:00,19.665,19.665,19.594,19.6,159505
2026-07-06T18:45:00+00:00,19.59,19.735,19.58,19.72,216883
2026-07-06T18:50:00+00:00,19.72,19.79,19.7,19.79,319332
2026-07-06T18:55:00+00:00,19.785,19.795,19.71,19.715,78447
2026-07-06T19:00:00+00:00,19.715,19.76,19.67,19.72,140072
2026-07-06T19:05:00+00:00,19.72,19.73,19.69,19.695,105049
2026-07-06T19:10:00+00:00,19.695,19.71,19.655,19.675,102813
2026-07-06T19:15:00+00:00,19.675,19.75,19.67,19.745,222524
2026-07-06T19:20:00+00:00,19.745,19.81,19.73,19.791,343680
2026-07-06T19:25:00+00:00,19.8,19.88,19.77,19.845,271583
2026-07-06T19:30:00+00:00,19.84,19.88,19.795,19.875,198259
2026-07-06T19:35:00+00:00,19.875,19.885,19.8,19.81,224483
2026-07-06T19:40:00+00:00,19.815,19.89,19.79,19.855,248080
2026-07-06T19:45:00+00:00,19.855,19.92,19.84,19.89,617978
2026-07-06T19:50:00+00:00,19.895,20.069,19.85,20.055,1873139
2026-07-06T19:55:00+00:00,20.055,20.2,20.02,20.14,2047263
2026-07-06T20:00:00+00:00,20.14,20.14,20.02,20.14,163472
2026-07-06T20:05:00+00:00,20.085,20.1,20.05,20.053,11144
2026-07-06T20:10:00+00:00,20.05,20.14,20.05,20.07,199200
2026-07-06T20:15:00+00:00,20.06,20.07,20.04,20.04,3408
2026-07-06T20:20:00+00:00,20.052,20.052,19.95,19.98,28954
2026-07-06T20:25:00+00:00,19.975,20.02,19.93,19.97,12125
2026-07-06T20:30:00+00:00,19.97,19.984,19.94,19.96,7164
2026-07-06T20:35:00+00:00,19.971,19.98,19.97,19.97,1879
2026-07-06T20:40:00+00:00,19.97,19.98,19.97,19.98,5809
2026-07-06T20:45:00+00:00,19.97,19.98,19.95,19.979,2768
2026-07-06T20:50:00+00:00,19.98,19.98,19.97,19.977,2470
2026-07-06T20:55:00+00:00,19.971,19.98,19.97,19.98,6820
2026-07-06T21:00:00+00:00,19.975,19.98,19.97,19.98,7541
2026-07-06T21:05:00+00:00,19.96,20.25,18.4,18.49,158681
2026-07-06T21:10:00+00:00,18.437,18.98,18.18,18.45,279750
2026-07-06T21:15:00+00:00,18.46,18.75,18.19,18.65,195864
2026-07-06T21:20:00+00:00,18.59,18.77,18.531,18.61,125305
2026-07-06T21:25:00+00:00,18.69,18.69,18.28,18.4,185125
2026-07-06T21:30:00+00:00,18.4,18.55,18.3,18.515,174859
2026-07-06T21:35:00+00:00,18.53,18.6,18.38,18.39,155433
2026-07-06T21:40:00+00:00,18.42,18.6,18.38,18.599,35480
2026-07-06T21:45:00+00:00,18.58,18.63,18.5,18.6,32375
2026-07-06T21:50:00+00:00,18.61,18.7,18.56,18.65,30617
2026-07-06T21:55:00+00:00,18.62,18.68,18.61,18.66,33650
2026-07-06T22:00:00+00:00,18.66,18.73,18.62,18.71,243012
2026-07-06T22:05:00+00:00,18.706,18.78,18.694,18.761,47081
2026-07-06T22:10:00+00:00,18.76,18.78,18.7,18.72,16057
2026-07-06T22:15:00+00:00,18.75,18.75,18.65,18.66,18056
2026-07-06T22:20:00+00:00,18.66,18.679,18.6,18.621,37322
2026-07-06T22:25:00+00:00,18.63,18.63,18.51,18.53,45932
2026-07-06T22:30:00+00:00,18.53,18.53,18.45,18.45,29552
2026-07-06T22:35:00+00:00,18.453,18.5,18.32,18.37,43389
2026-07-06T22:40:00+00:00,18.374,18.39,18.33,18.338,40278
2026-07-06T22:45:00+00:00,18.33,18.39,18.3,18.36,24924
2026-07-06T22:50:00+00:00,18.35,18.38,18.33,18.36,32769
2026-07-06T22:55:00+00:00,18.34,18.38,18.34,18.357,11778
2026-07-06T23:00:00+00:00,18.348,18.38,18.34,18.38,12839
2026-07-06T23:05:00+00:00,18.375,18.38,18.342,18.353,10934
2026-07-06T23:10:00+00:00,18.37,18.45,18.35,18.361,8143
2026-07-06T23:15:00+00:00,18.35,18.36,18.3,18.31,13338
2026-07-06T23:20:00+00:00,18.34,18.35,18.31,18.31,19635
2026-07-06T23:25:00+00:00,18.32,18.32,18.3,18.3,14554
2026-07-06T23:30:00+00:00,18.301,18.35,18.3,18.33,6198
2026-07-06T23:35:00+00:00,18.34,18.34,18.31,18.34,10757
2026-07-06T23:40:00+00:00,18.34,18.35,18.33,18.339,11640
2026-07-06T23:45:00+00:00,18.33,18.33,18.25,18.258,20780
2026-07-06T23:50:00+00:00,18.276,18.28,18.23,18.26,22285
2026-07-06T23:55:00+00:00,18.26,18.29,18.24,18.26,14105
2026-07-07T08:00:00+00:00,18.28,18.4,18.15,18.347,79585
2026-07-07T08:05:00+00:00,18.33,18.38,18.18,18.34,6449
2026-07-07T08:10:00+00:00,18.36,18.49,18.36,18.39,3735
2026-07-07T08:15:00+00:00,18.44,18.44,18.33,18.4,3310
2026-07-07T08:20:00+00:00,18.44,18.6,18.44,18.58,4760
2026-07-07T08:25:00+00:00,18.59,18.59,18.53,18.538,98
2026-07-07T08:30:00+00:00,18.55,18.6,18.54,18.6,1092
2026-07-07T08:35:00+00:00,18.587,18.59,18.587,18.59,1137
2026-07-07T08:40:00+00:00,18.6,18.68,18.6,18.673,3615
2026-07-07T08:45:00+00:00,18.647,18.65,18.63,18.63,326
2026-07-07T08:50:00+00:00,18.646,18.646,18.616,18.63,302
2026-07-07T08:55:00+00:00,18.61,18.64,18.57,18.586,5159
2026-07-07T09:00:00+00:00,18.5,18.58,18.5,18.58,6
2026-07-07T09:05:00+00:00,18.599,18.6,18.59,18.59,970
2026-07-07T09:10:00+00:00,18.59,18.603,18.59,18.6,390
2026-07-07T09:15:00+00:00,18.6,18.6,18.55,18.57,655
2026-07-07T09:20:00+00:00,18.576,18.58,18.55,18.56,336
2026-07-07T09:25:00+00:00,18.55,18.59,18.55,18.59,174
2026-07-07T09:30:00+00:00,18.58,18.58,18.55,18.58,704
2026-07-07T09:35:00+00:00,18.55,18.59,18.55,18.55,580
2026-07-07T09:40:00+00:00,18.58,18.58,18.577,18.577,200
2026-07-07T09:45:00+00:00,18.58,18.58,18.58,18.58,10
2026-07-07T09:50:00+00:00,18.55,18.55,18.42,18.43,3656
2026-07-07T09:55:00+00:00,18.43,18.44,18.42,18.42,403
2026-07-07T10:00:00+00:00,18.43,18.45,18.4,18.45,1214
2026-07-07T10:05:00+00:00,18.404,18.49,18.404,18.49,639
2026-07-07T10:10:00+00:00,18.47,18.5,18.412,18.5,338
2026-07-07T10:15:00+00:00,18.44,18.5,18.44,18.49,417
2026-07-07T10:20:00+00:00,18.5,18.5,18.5,18.5,483
2026-07-07T10:25:00+00:00,18.535,18.535,18.44,18.49,533
2026-07-07T10:30:00+00:00,18.49,18.49,18.454,18.454,128
2026-07-07T10:35:00+00:00,18.45,18.45,18.39,18.41,1100
2026-07-07T10:40:00+00:00,18.44,18.45,18.44,18.442,126
2026-07-07T10:45:00+00:00,18.442,18.442,18.4,18.41,356
2026-07-07T10:50:00+00:00,18.43,18.43,18.36,18.36,5767
2026-07-07T10:55:00+00:00,18.33,18.36,18.22,18.23,1742
2026-07-07T11:00:00+00:00,18.299,18.299,18.11,18.19,82610
2026-07-07T11:05:00+00:00,18.2,18.25,18.183,18.2,23742
2026-07-07T11:10:00+00:00,18.21,18.24,18.19,18.2,17902
2026-07-07T11:15:00+00:00,18.2,18.2,18.18,18.197,13864
2026-07-07T11:20:00+00:00,18.2,18.2,18.18,18.19,7062
2026-07-07T11:25:00+00:00,18.18,18.2,18.15,18.17,22662
2026-07-07T11:30:00+00:00,18.16,18.18,18.08,18.123,137766
2026-07-07T11:35:00+00:00,18.12,18.13,18.02,18.05,18989
2026-07-07T11:40:00+00:00,18.05,18.09,17.95,17.983,78439
2026-07-07T11:45:00+00:00,17.99,18.0,17.95,17.97,26282
2026-07-07T11:50:00+00:00,17.96,17.99,17.95,17.97,28109
2026-07-07T11:55:00+00:00,17.97,18.09,17.97,18.09,15851
2026-07-07T12:00:00+00:00,18.09,18.09,18.0,18.0,79827
2026-07-07T12:05:00+00:00,17.99,18.0,17.88,17.88,49376
2026-07-07T12:10:00+00:00,17.91,17.94,17.85,17.86,67653
2026-07-07T12:15:00+00:00,17.853,17.9,17.81,17.85,58914
2026-07-07T12:20:00+00:00,17.84,18.0,17.84,17.97,60968
2026-07-07T12:25:00+00:00,17.97,18.0,17.92,17.94,32502
2026-07-07T12:30:00+00:00,17.95,18.03,17.92,18.026,51384
2026-07-07T12:35:00+00:00,18.0,18.03,17.9,17.95,279255
2026-07-07T12:40:00+00:00,17.93,17.99,17.9,17.907,41735
2026-07-07T12:45:00+00:00,17.901,17.94,17.85,17.86,72742
2026-07-07T12:50:00+00:00,17.86,17.97,17.85,17.93,263600
2026-07-07T12:55:00+00:00,17.91,17.95,17.9,17.94,23789
2026-07-07T13:00:00+00:00,17.93,17.94,17.81,17.81,78058
2026-07-07T13:05:00+00:00,17.81,17.88,17.79,17.86,66979
2026-07-07T13:10:00+00:00,17.87,17.9,17.85,17.89,42560
2026-07-07T13:15:00+00:00,17.89,17.981,17.89,17.94,57681
2026-07-07T13:20:00+00:00,17.95,17.95,17.85,17.85,123123
2026-07-07T13:25:00+00:00,17.85,17.89,17.64,17.76,186061
2026-07-07T13:30:00+00:00,17.672,18.0,17.32,17.4,3817165
2026-07-07T13:35:00+00:00,17.395,17.485,17.22,17.41,2069723
2026-07-07T13:40:00+00:00,17.41,17.95,17.41,17.895,2157698
2026-07-07T13:45:00+00:00,17.899,18.09,17.61,17.655,2503921
2026-07-07T13:50:00+00:00,17.65,17.77,17.57,17.63,956512
2026-07-07T13:55:00+00:00,17.63,17.68,17.43,17.5,1176461
2026-07-07T14:00:00+00:00,17.51,17.64,17.38,17.405,803879
2026-07-07T14:05:00+00:00,17.405,17.51,17.385,17.485,494036
2026-07-07T14:10:00+00:00,17.485,17.63,17.395,17.585,771315
2026-07-07T14:15:00+00:00,17.59,17.67,17.54,17.575,918278
2026-07-07T14:20:00+00:00,17.578,17.6,17.42,17.435,705749
2026-07-07T14:25:00+00:00,17.435,17.58,17.41,17.555,1020332
2026-07-07T14:30:00+00:00,17.555,17.635,17.5,17.515,509026
2026-07-07T14:35:00+00:00,17.515,17.56,17.45,17.465,501345
2026-07-07T14:40:00+00:00,17.465,17.5,17.33,17.425,483959
2026-07-07T14:45:00+00:00,17.43,17.53,17.41,17.445,399885
2026-07-07T14:50:00+00:00,17.445,17.565,17.41,17.44,424303
2026-07-07T14:55:00+00:00,17.445,17.49,17.29,17.305,1274485
2026-07-07T15:00:00+00:00,17.305,17.34,17.2,17.315,602922
2026-07-07T15:05:00+00:00,17.305,17.406,17.3,17.393,397641
2026-07-07T15:10:00+00:00,17.395,17.45,17.37,17.405,425114
2026-07-07T15:15:00+00:00,17.395,17.495,17.33,17.395,440920
2026-07-07T15:20:00+00:00,17.39,17.47,17.3,17.315,562577
2026-07-07T15:25:00+00:00,17.315,17.32,17.17,17.205,479115
2026-07-07T15:30:00+00:00,17.205,17.23,17.13,17.18,391428
2026-07-07T15:35:00+00:00,17.18,17.19,17.08,17.125,579587
2026-07-07T15:40:00+00:00,17.126,17.159,17.105,17.145,316199
2026-07-07T15:45:00+00:00,17.145,17.24,17.125,17.125,307689
2026-07-07T15:50:00+00:00,17.124,17.165,17.03,17.075,471300
2026-07-07T15:55:00+00:00,17.075,17.1,17.035,17.075,292081
2026-07-07T16:00:00+00:00,17.08,17.085,17.03,17.055,222558
2026-07-07T16:05:00+00:00,17.055,17.135,17.025,17.096,451561
2026-07-07T16:10:00+00:00,17.095,17.195,17.095,17.175,460774
2026-07-07T16:15:00+00:00,17.17,17.26,17.165,17.24,950940
2026-07-07T16:20:00+00:00,17.239,17.265,17.18,17.21,300202
2026-07-07T16:25:00+00:00,17.205,17.22,17.15,17.165,244564
2026-07-07T16:30:00+00:00,17.165,17.19,17.145,17.155,1499975
2026-07-07T16:35:00+00:00,17.16,17.235,17.12,17.195,348150
2026-07-07T16:40:00+00:00,17.195,17.235,17.19,17.235,147559
2026-07-07T16:45:00+00:00,17.24,17.4,17.215,17.345,552779
2026-07-07T16:50:00+00:00,17.345,17.38,17.28,17.295,250371
2026-07-07T16:55:00+00:00,17.29,17.31,17.24,17.305,220144
2026-07-07T17:00:00+00:00,17.305,17.39,17.305,17.355,244970
2026-07-07T17:05:00+00:00,17.355,17.48,17.355,17.435,518571
2026-07-07T17:10:00+00:00,17.43,17.43,17.21,17.215,507645
2026-07-07T17:15:00+00:00,17.215,17.215,17.16,17.165,281944
2026-07-07T17:20:00+00:00,17.165,17.259,17.15,17.22,349311
2026-07-07T17:25:00+00:00,17.22,17.23,17.2,17.23,190020
2026-07-07T17:30:00+00:00,17.225,17.26,17.1,17.105,276021
2026-07-07T17:35:00+00:00,17.101,17.19,17.095,17.155,359756
2026-07-07T17:40:00+00:00,17.155,17.155,17.08,17.105,329934
2026-07-07T17:45:00+00:00,17.105,17.105,17.02,17.02,434496
2026-07-07T17:50:00+00:00,17.02,17.04,16.96,17.03,974166
2026-07-07T17:55:00+00:00,17.025,17.095,16.98,17.09,437120
2026-07-07T18:00:00+00:00,17.1,17.155,17.095,17.115,328782
2026-07-07T18:05:00+00:00,17.115,17.13,17.064,17.085,195604
2026-07-07T18:10:00+00:00,17.085,17.1,17.07,17.08,189928
2026-07-07T18:15:00+00:00,17.08,17.085,16.98,17.02,359249
2026-07-07T18:20:00+00:00,17.02,17.02,16.96,16.975,464811
2026-07-07T18:25:00+00:00,16.975,16.975,16.843,16.86,1128174
2026-07-07T18:30:00+00:00,16.865,16.9,16.85,16.875,481973
2026-07-07T18:35:00+00:00,16.875,16.9,16.82,16.835,541634
2026-07-07T18:40:00+00:00,16.835,16.85,16.8,16.836,589209
2026-07-07T18:45:00+00:00,16.84,16.855,16.8,16.85,481797
2026-07-07T18:50:00+00:00,16.845,16.85,16.81,16.835,261252
2026-07-07T18:55:00+00:00,16.835,16.85,16.8,16.845,293058
2026-07-07T19:00:00+00:00,16.85,16.855,16.765,16.825,650406
2026-07-07T19:05:00+00:00,16.825,16.875,16.82,16.85,386357
2026-07-07T19:10:00+00:00,16.845,16.85,16.8,16.805,373056
2026-07-07T19:15:00+00:00,16.805,16.87,16.795,16.862,469893
2026-07-07T19:20:00+00:00,16.865,16.87,16.82,16.835,276737
2026-07-07T19:25:00+00:00,16.835,16.84,16.69,16.705,708642
2026-07-07T19:30:00+00:00,16.705,16.715,16.635,16.71,914616
2026-07-07T19:35:00+00:00,16.705,16.74,16.64,16.665,936319
2026-07-07T19:40:00+00:00,16.66,16.69,16.58,16.585,1209622
2026-07-07T19:45:00+00:00,16.585,16.59,16.5,16.515,2571269
2026-07-07T19:50:00+00:00,16.515,16.56,16.42,16.425,1928550
2026-07-07T19:55:00+00:00,16.425,16.49,16.38,16.49,4101311
2026-07-07T20:00:00+00:00,16.49,16.52,16.42,16.491,328201
2026-07-07T20:05:00+00:00,16.499,16.5,16.48,16.49,126422
2026-07-07T20:10:00+00:00,16.49,16.5,16.48,16.5,663772
2026-07-07T20:15:00+00:00,16.5,16.51,16.48,16.499,17623
2026-07-07T20:20:00+00:00,16.5,16.51,16.48,16.49,36768
2026-07-07T20:25:00+00:00,16.5,16.5,16.49,16.491,12600
2026-07-07T20:30:00+00:00,16.51,16.51,16.5,16.51,6591
2026-07-07T20:35:00+00:00,16.51,16.51,16.5,16.51,15582
2026-07-07T20:40:00+00:00,16.51,16.51,16.5,16.501,18903
2026-07-07T20:45:00+00:00,16.51,16.52,16.5,16.52,30015
2026-07-07T20:50:00+00:00,16.52,16.53,16.49,16.52,7861
2026-07-07T20:55:00+00:00,16.52,16.53,16.51,16.515,14863
2026-07-07T21:00:00+00:00,16.52,16.52,16.51,16.518,10989
2026-07-07T21:05:00+00:00,16.52,16.52,16.51,16.52,10519
2026-07-07T21:10:00+00:00,16.52,16.52,16.51,16.51,8145
2026-07-07T21:15:00+00:00,16.52,16.52,16.509,16.51,9944
2026-07-07T21:20:00+00:00,16.51,16.51,16.45,16.48,11626
2026-07-07T21:25:00+00:00,16.457,16.49,16.41,16.415,15402
2026-07-07T21:30:00+00:00,16.412,16.45,16.4,16.45,8023
2026-07-07T21:35:00+00:00,16.45,16.45,16.39,16.39,22264
2026-07-07T21:40:00+00:00,16.39,16.39,16.29,16.34,33315
2026-07-07T21:45:00+00:00,16.34,16.34,16.298,16.32,11148
2026-07-07T21:50:00+00:00,16.32,16.34,16.29,16.3,21709
2026-07-07T21:55:00+00:00,16.3,16.36,16.29,16.34,53316
2026-07-07T22:00:00+00:00,16.32,16.34,16.3,16.3,274466
2026-07-07T22:05:00+00:00,16.3,16.32,16.28,16.32,16049
2026-07-07T22:10:00+00:00,16.31,16.34,16.297,16.34,22734
2026-07-07T22:15:00+00:00,16.3,16.36,16.28,16.36,23304
2026-07-07T22:20:00+00:00,16.36,16.38,16.34,16.365,6998
2026-07-07T22:25:00+00:00,16.369,16.37,16.34,16.348,6219
2026-07-07T22:30:00+00:00,16.35,16.38,16.34,16.38,4649
2026-07-07T22:35:00+00:00,16.38,16.44,16.38,16.414,5425
2026-07-07T22:40:00+00:00,16.44,16.44,16.41,16.42,6678
2026-07-07T22:45:00+00:00,16.42,16.42,16.4,16.4,7182
2026-07-07T22:50:00+00:00,16.41,16.425,16.405,16.425,12092
2026-07-07T22:55:00+00:00,16.43,16.44,16.4,16.4,4427
2026-07-07T23:00:00+00:00,16.397,16.4,16.37,16.37,15477
2026-07-07T23:05:00+00:00,16.38,16.39,16.32,16.329,11174
2026-07-07T23:10:00+00:00,16.33,16.37,16.33,16.37,4335
2026-07-07T23:15:00+00:00,16.37,16.4,16.35,16.398,7352
2026-07-07T23:20:00+00:00,16.4,16.4,16.3,16.305,3925
2026-07-07T23:25:00+00:00,16.3,16.35,16.3,16.31,33370
2026-07-07T23:30:00+00:00,16.31,16.35,16.3,16.32,22545
2026-07-07T23:35:00+00:00,16.31,16.33,16.27,16.28,6453
2026-07-07T23:40:00+00:00,16.29,16.34,16.28,16.29,29107
2026-07-07T23:45:00+00:00,16.29,16.29,16.28,16.28,23209
2026-07-07T23:50:00+00:00,16.282,16.3,16.282,16.295,24378
2026-07-07T23:55:00+00:00,16.3,16.3,16.28,16.28,19087
2026-07-08T08:00:00+00:00,16.377,16.377,16.18,16.18,57633
2026-07-08T08:05:00+00:00,16.18,16.18,15.95,15.95,20222
2026-07-08T08:10:00+00:00,15.96,16.34,15.88,15.9,23279
2026-07-08T08:15:00+00:00,15.88,15.88,15.78,15.8,17395
2026-07-08T08:20:00+00:00,15.82,15.867,15.79,15.79,3009
2026-07-08T08:25:00+00:00,15.8,15.82,15.8,15.807,3047
2026-07-08T08:30:00+00:00,15.8,15.81,15.751,15.8,21151
2026-07-08T08:35:00+00:00,15.8,15.82,15.78,15.8,11824
2026-07-08T08:40:00+00:00,15.77,15.81,15.75,15.81,14616
2026-07-08T08:45:00+00:00,15.81,15.908,15.807,15.89,4224
2026-07-08T08:50:00+00:00,15.9,15.92,15.85,15.85,2076
2026-07-08T08:55:00+00:00,15.84,15.85,15.817,15.817,1652
2026-07-08T09:00:00+00:00,15.81,15.81,15.77,15.8,7575
2026-07-08T09:05:00+00:00,15.77,15.82,15.76,15.82,1529
2026-07-08T09:10:00+00:00,15.8,15.816,15.78,15.781,758
2026-07-08T09:15:00+00:00,15.787,15.79,15.77,15.78,16836
2026-07-08T09:20:00+00:00,15.78,15.8,15.77,15.789,8219
2026-07-08T09:25:00+00:00,15.77,15.78,15.68,15.697,25799
2026-07-08T09:30:00+00:00,15.67,15.75,15.67,15.75,13805
2026-07-08T09:35:00+00:00,15.75,15.75,15.7,15.703,7803
2026-07-08T09:40:00+00:00,15.7,15.75,15.7,15.744,4906
2026-07-08T09:45:00+00:00,15.75,15.76,15.71,15.75,17155
2026-07-08T09:50:00+00:00,15.75,15.77,15.722,15.77,11035
2026-07-08T09:55:00+00:00,15.76,15.777,15.7,15.75,11846
2026-07-08T10:00:00+00:00,15.75,15.76,15.72,15.72,5184
2026-07-08T10:05:00+00:00,15.736,15.74,15.7,15.7,1025
2026-07-08T10:10:00+00:00,15.7,15.736,15.7,15.73,13786
2026-07-08T10:15:00+00:00,15.723,15.74,15.72,15.74,38284
2026-07-08T10:20:00+00:00,15.72,15.74,15.72,15.74,6142
2026-07-08T10:25:00+00:00,15.74,15.757,15.72,15.73,12010
2026-07-08T10:30:00+00:00,15.73,15.77,15.73,15.76,20467
2026-07-08T10:35:00+00:00,15.76,15.76,15.72,15.74,8100
2026-07-08T10:40:00+00:00,15.737,15.82,15.73,15.81,15426
2026-07-08T10:45:00+00:00,15.83,15.85,15.82,15.83,14765
2026-07-08T10:50:00+00:00,15.836,15.84,15.8,15.81,13866
2026-07-08T10:55:00+00:00,15.81,15.81,15.73,15.77,37161
2026-07-08T11:00:00+00:00,15.77,15.85,15.75,15.849,113137
2026-07-08T11:05:00+00:00,15.85,15.89,15.82,15.87,31267
2026-07-08T11:10:00+00:00,15.86,15.95,15.82,15.949,63747
2026-07-08T11:15:00+00:00,15.949,15.95,15.831,15.837,89309
2026-07-08T11:20:00+00:00,15.84,15.875,15.82,15.86,629696
2026-07-08T11:25:00+00:00,15.9,15.9,15.85,15.86,24366
2026-07-08T11:30:00+00:00,15.86,15.87,15.85,15.87,16410
2026-07-08T11:35:00+00:00,15.856,15.88,15.83,15.84,285696
2026-07-08T11:40:00+00:00,15.85,15.9,15.81,15.87,117243
2026-07-08T11:45:00+00:00,15.877,15.89,15.85,15.853,116263
2026-07-08T11:50:00+00:00,15.857,15.9,15.75,15.78,930079
2026-07-08T11:55:00+00:00,15.76,15.9,15.65,15.66,356527
2026-07-08T12:00:00+00:00,15.67,15.75,15.67,15.67,635600
2026-07-08T12:05:00+00:00,15.671,15.75,15.67,15.74,260644
2026-07-08T12:10:00+00:00,15.74,15.75,15.65,15.66,297360
2026-07-08T12:15:00+00:00,15.653,16.49,15.65,15.68,364465
2026-07-08T12:20:00+00:00,15.67,15.7,15.65,15.7,204613
2026-07-08T12:25:00+00:00,15.697,15.75,15.67,15.7,697565
2026-07-08T12:30:00+00:00,15.7,15.71,15.68,15.71,179093
2026-07-08T12:35:00+00:00,15.71,15.72,15.68,15.69,30960
2026-07-08T12:40:00+00:00,15.685,15.71,15.62,15.67,234284
2026-07-08T12:45:00+00:00,15.67,15.7,15.6,15.634,1131121
2026-07-08T12:50:00+00:00,15.64,15.67,15.63,15.67,66589
2026-07-08T12:55:00+00:00,15.67,15.74,15.66,15.7,354056
2026-07-08T13:00:00+00:00,15.71,15.74,15.7,15.74,245636
2026-07-08T13:05:00+00:00,15.74,15.74,15.69,15.7,147923
2026-07-08T13:10:00+00:00,15.7,15.73,15.7,15.7,646702
2026-07-08T13:15:00+00:00,15.7,15.73,15.7,15.73,359810
2026-07-08T13:20:00+00:00,15.73,15.79,15.7,15.72,538373
2026-07-08T13:25:00+00:00,15.72,15.72,15.66,15.67,733679
2026-07-08T13:30:00+00:00,15.67,15.82,15.431,15.805,3209704
2026-07-08T13:35:00+00:00,15.795,15.94,15.75,15.875,1896691
2026-07-08T13:40:00+00:00,15.875,16.08,15.85,15.915,2045911
2026-07-08T13:45:00+00:00,15.915,16.02,15.9,15.975,1259470
2026-07-08T13:50:00+00:00,15.975,15.975,15.78,15.85,2336066
2026-07-08T13:55:00+00:00,15.85,15.9,15.805,15.88,667178
2026-07-08T14:00:00+00:00,15.885,16.0,15.855,15.975,593441
2026-07-08T14:05:00+00:00,15.975,16.0,15.86,15.875,567946
2026-07-08T14:10:00+00:00,15.875,15.915,15.84,15.865,445827
2026-07-08T14:15:00+00:00,15.865,15.925,15.84,15.915,807572
2026-07-08T14:20:00+00:00,15.915,16.05,15.845,16.045,1317238
2026-07-08T14:25:00+00:00,16.04,16.12,16.025,16.08,772323
2026-07-08T14:30:00+00:00,16.075,16.09,16.01,16.09,856788
2026-07-08T14:35:00+00:00,16.08,16.08,15.97,15.985,712976
2026-07-08T14:40:00+00:00,15.98,16.02,15.96,15.975,417059
2026-07-08T14:45:00+00:00,15.975,15.99,15.905,15.97,529381
2026-07-08T14:50:00+00:00,15.965,16.095,15.94,16.065,705807
2026-07-08T14:55:00+00:00,16.065,16.14,16.06,16.125,825996
2026-07-08T15:00:00+00:00,16.12,16.185,16.07,16.13,627862
2026-07-08T15:05:00+00:00,16.135,16.135,16.06,16.075,540342
2026-07-08T15:10:00+00:00,16.075,16.1,16.025,16.045,492244
2026-07-08T15:15:00+00:00,16.045,16.15,16.005,16.135,900746
2026-07-08T15:20:00+00:00,16.13,16.22,16.12,16.18,967014
2026-07-08T15:25:00+00:00,16.18,16.21,16.16,16.195,407988
2026-07-08T15:30:00+00:00,16.195,16.25,16.17,16.215,594231
2026-07-08T15:35:00+00:00,16.215,16.26,16.19,16.195,555384
2026-07-08T15:40:00+00:00,16.195,16.26,16.175,16.255,375396
2026-07-08T15:45:00+00:00,16.255,16.34,16.23,16.34,519132
2026-07-08T15:50:00+00:00,16.335,16.35,16.27,16.325,605592
2026-07-08T15:55:00+00:00,16.325,16.4,16.295,16.39,1003206
2026-07-08T16:00:00+00:00,16.385,16.5,16.385,16.45,1347739
2026-07-08T16:05:00+00:00,16.45,16.459,16.4,16.445,496243
2026-07-08T16:10:00+00:00,16.445,16.45,16.375,16.405,660522
2026-07-08T16:15:00+00:00,16.405,16.45,16.37,16.415,348772
2026-07-08T16:20:00+00:00,16.41,16.42,16.3,16.31,590775
2026-07-08T16:25:00+00:00,16.31,16.35,16.3,16.325,285083
2026-07-08T16:30:00+00:00,16.32,16.41,16.31,16.405,340890
2026-07-08T16:35:00+00:00,16.405,16.445,16.39,16.425,449029
2026-07-08T16:40:00+00:00,16.43,16.48,16.39,16.48,981094
2026-07-08T16:45:00+00:00,16.475,16.49,16.445,16.45,286843
2026-07-08T16:50:00+00:00,16.455,16.485,16.435,16.44,322514
2026-07-08T16:55:00+00:00,16.445,16.47,16.431,16.47,250309
2026-07-08T17:00:00+00:00,16.465,16.47,16.4,16.43,364127
2026-07-08T17:05:00+00:00,16.43,16.5,16.42,16.455,308455
2026-07-08T17:10:00+00:00,16.455,16.56,16.445,16.515,475999
2026-07-08T17:15:00+00:00,16.515,16.54,16.49,16.535,308468
2026-07-08T17:20:00+00:00,16.54,16.58,16.53,16.555,439476
2026-07-08T17:25:00+00:00,16.56,16.665,16.555,16.655,514648
2026-07-08T17:30:00+00:00,16.65,16.685,16.63,16.665,443040
2026-07-08T17:35:00+00:00,16.665,16.668,16.59,16.629,427379
2026-07-08T17:40:00+00:00,16.625,16.625,16.57,16.593,311697
2026-07-08T17:45:00+00:00,16.595,16.595,16.55,16.55,199192
2026-07-08T17:50:00+00:00,16.56,16.58,16.53,16.56,279350
2026-07-08T17:55:00+00:00,16.55,16.57,16.53,16.54,212793
2026-07-08T18:00:00+00:00,16.545,16.659,16.52,16.586,367535
2026-07-08T18:05:00+00:00,16.585,16.6,16.57,16.585,207062
2026-07-08T18:10:00+00:00,16.585,16.63,16.58,16.615,219105
2026-07-08T18:15:00+00:00,16.615,16.62,16.54,16.56,256486
2026-07-08T18:20:00+00:00,16.555,16.59,16.541,16.59,161633
2026-07-08T18:25:00+00:00,16.58,16.6,16.563,16.59,351400
2026-07-08T18:30:00+00:00,16.585,16.59,16.54,16.543,214027
2026-07-08T18:35:00+00:00,16.54,16.56,16.52,16.535,370517
2026-07-08T18:40:00+00:00,16.535,16.57,16.48,16.57,497917
2026-07-08T18:45:00+00:00,16.57,16.59,16.46,16.465,317031
2026-07-08T18:50:00+00:00,16.46,16.5,16.37,16.385,688155
2026-07-08T18:55:00+00:00,16.385,16.44,16.36,16.44,364193
2026-07-08T19:00:00+00:00,16.44,16.46,16.395,16.42,291714
2026-07-08T19:05:00+00:00,16.42,16.5,16.42,16.495,218164
2026-07-08T19:10:00+00:00,16.495,16.5,16.46,16.495,212190
2026-07-08T19:15:00+00:00,16.495,16.6,16.49,16.55,670647
2026-07-08T19:20:00+00:00,16.54,16.62,16.54,16.615,499120
2026-07-08T19:25:00+00:00,16.63,16.66,16.625,16.645,433772
2026-07-08T19:30:00+00:00,16.643,16.74,16.64,16.735,517175
2026-07-08T19:35:00+00:00,16.735,16.76,16.68,16.745,680327
2026-07-08T19:40:00+00:00,16.74,16.79,16.68,16.685,1025067
2026-07-08T19:45:00+00:00,16.685,16.72,16.66,16.695,589013
2026-07-08T19:50:00+00:00,16.7,16.78,16.695,16.76,1197287
2026-07-08T19:55:00+00:00,16.765,16.765,16.63,16.66,3468752
2026-07-08T20:00:00+00:00,16.66,16.66,16.56,16.66,54179
2026-07-08T20:05:00+00:00,16.62,16.66,16.61,16.61,9351
2026-07-08T20:10:00+00:00,16.66,16.66,16.53,16.6,22840
2026-07-08T20:15:00+00:00,16.6,16.65,16.52,16.61,3203
2026-07-08T20:20:00+00:00,16.6,16.65,16.52,16.57,10785
2026-07-08T20:25:00+00:00,16.57,16.59,16.52,16.57,3873
2026-07-08T20:30:00+00:00,16.55,16.59,16.55,16.575,1932
2026-07-08T20:35:00+00:00,16.58,16.63,16.56,16.62,4474
2026-07-08T20:40:00+00:00,16.58,16.6,16.56,16.589,5598
2026-07-08T20:45:00+00:00,16.55,16.59,16.55,16.55,19488
2026-07-08T20:50:00+00:00,16.58,16.59,16.58,16.585,1135
2026-07-08T20:55:00+00:00,16.59,16.65,16.58,16.65,15749
2026-07-08T21:00:00+00:00,16.65,16.65,16.6,16.6,690
2026-07-08T21:05:00+00:00,16.64,16.64,16.6,16.61,3440
2026-07-08T21:10:00+00:00,16.605,16.61,16.58,16.595,6972
2026-07-08T21:15:00+00:00,16.61,16.61,16.58,16.6,1690
2026-07-08T21:20:00+00:00,16.61,16.61,16.595,16.602,4364
2026-07-08T21:25:00+00:00,16.605,16.61,16.583,16.6,536
2026-07-08T21:30:00+00:00,16.59,16.61,16.59,16.605,318
2026-07-08T21:35:00+00:00,16.6,16.61,16.59,16.59,1131
2026-07-08T21:40:00+00:00,16.6,16.6,16.59,16.6,1240
2026-07-08T21:45:00+00:00,16.6,16.6,16.59,16.591,690
2026-07-08T21:50:00+00:00,16.59,16.6,16.59,16.6,712
2026-07-08T21:55:00+00:00,16.59,16.59,16.58,16.59,1053
2026-07-08T22:00:00+00:00,16.6,16.6,16.581,16.59,1573
2026-07-08T22:05:00+00:00,16.6,16.6,16.58,16.6,73380
2026-07-08T22:10:00+00:00,16.58,16.6,16.58,16.59,2858
2026-07-08T22:15:00+00:00,16.58,16.61,16.58,16.61,2424
2026-07-08T22:20:00+00:00,16.595,16.61,16.58,16.606,1334
2026-07-08T22:25:00+00:00,16.607,16.61,16.59,16.6,532
2026-07-08T22:30:00+00:00,16.61,16.61,16.6,16.609,113
2026-07-08T22:35:00+00:00,16.593,16.61,16.59,16.61,1423
2026-07-08T22:40:00+00:00,16.6,16.61,16.59,16.6,2447
2026-07-08T22:45:00+00:00,16.61,16.61,16.59,16.61,574
2026-07-08T22:50:00+00:00,16.61,16.61,16.59,16.6,707
2026-07-08T22:55:00+00:00,16.61,16.61,16.61,16.61,38
2026-07-08T23:00:00+00:00,16.609,16.61,16.59,16.61,629
2026-07-08T23:05:00+00:00,16.61,16.63,16.59,16.63,3987
2026-07-08T23:10:00+00:00,16.64,16.64,16.62,16.64,2982
2026-07-08T23:15:00+00:00,16.64,16.64,16.59,16.62,279
2026-07-08T23:20:00+00:00,16.64,16.64,16.59,16.615,185
2026-07-08T23:25:00+00:00,16.61,16.64,16.59,16.64,423
2026-07-08T23:30:00+00:00,16.61,16.64,16.61,16.62,4282
2026-07-08T23:35:00+00:00,16.624,16.64,16.62,16.62,538
2026-07-08T23:40:00+00:00,16.64,16.64,16.59,16.64,1475
2026-07-08T23:45:00+00:00,16.62,16.64,16.6,16.64,788
2026-07-08T23:50:00+00:00,16.64,16.65,16.63,16.63,228
2026-07-08T23:55:00+00:00,16.646,16.646,16.646,16.646,0
2026-07-09T08:00:00+00:00,16.62,16.77,16.62,16.74,7751
2026-07-09T08:05:00+00:00,16.74,16.76,16.72,16.748,3399
2026-07-09T08:10:00+00:00,16.71,16.75,16.71,16.75,445
2026-07-09T08:15:00+00:00,16.75,16.75,16.71,16.75,710
2026-07-09T08:20:00+00:00,16.75,16.75,16.75,16.75,1
2026-07-09T08:25:00+00:00,16.75,16.75,16.75,16.75,0
2026-07-09T08:30:00+00:00,16.75,16.75,16.75,16.75,0
2026-07-09T08:35:00+00:00,16.77,16.77,16.77,16.77,7
2026-07-09T08:40:00+00:00,16.77,16.77,16.77,16.77,218
2026-07-09T08:45:00+00:00,16.76,16.77,16.75,16.77,354
2026-07-09T08:50:00+00:00,16.767,16.767,16.767,16.767,320
2026-07-09T08:55:00+00:00,16.75,16.77,16.712,16.77,3014
2026-07-09T09:00:00+00:00,16.736,16.736,16.736,16.736,2
2026-07-09T09:05:00+00:00,16.736,16.74,16.736,16.74,3
2026-07-09T09:10:00+00:00,16.74,16.74,16.74,16.74,0
2026-07-09T09:15:00+00:00,16.74,16.747,16.7,16.747,1259
2026-07-09T09:20:00+00:00,16.747,16.747,16.71,16.71,38
2026-07-09T09:25:00+00:00,16.71,16.71,16.71,16.71,0
2026-07-09T09:30:00+00:00,16.71,16.71,16.71,16.71,0
2026-07-09T09:35:00+00:00,16.74,16.74,16.74,16.74,253
2026-07-09T09:40:00+00:00,16.71,16.747,16.7,16.747,605
2026-07-09T09:45:00+00:00,16.747,16.747,16.747,16.747,13
2026-07-09T09:50:00+00:00,16.7,16.73,16.7,16.7,1824
2026-07-09T09:55:00+00:00,16.7,16.72,16.7,16.72,101
2026-07-09T10:00:00+00:00,16.74,16.747,16.73,16.73,37
2026-07-09T10:05:00+00:00,16.735,16.735,16.72,16.72,15
2026-07-09T10:10:00+00:00,16.74,16.74,16.717,16.717,114
2026-07-09T10:15:00+00:00,16.72,16.737,16.72,16.737,11
2026-07-09T10:20:00+00:00,16.73,16.74,16.72,16.732,45
2026-07-09T10:25:00+00:00,16.73,16.75,16.73,16.75,73
2026-07-09T10:30:00+00:00,16.74,16.74,16.74,16.74,502
2026-07-09T10:35:00+00:00,16.74,16.74,16.74,16.74,20
2026-07-09T10:40:00+00:00,16.74,16.74,16.74,16.74,153
2026-07-09T10:45:00+00:00,16.73,16.73,16.69,16.7,3721
2026-07-09T10:50:00+00:00,16.7,16.7,16.69,16.7,85
2026-07-09T10:55:00+00:00,16.7,16.7,16.7,16.7,47
2026-07-09T11:00:00+00:00,16.72,16.72,16.7,16.7,3623
2026-07-09T11:05:00+00:00,16.71,16.71,16.7,16.7,4762
2026-07-09T11:10:00+00:00,16.71,16.729,16.71,16.72,14456
2026-07-09T11:15:00+00:00,16.75,16.75,16.69,16.737,18429
2026-07-09T11:20:00+00:00,16.71,16.74,16.68,16.697,3230
2026-07-09T11:25:00+00:00,16.7,16.74,16.68,16.68,1924
2026-07-09T11:30:00+00:00,16.704,16.74,16.68,16.73,350
2026-07-09T11:35:00+00:00,16.7,16.7,16.68,16.7,763
2026-07-09T11:40:00+00:00,16.699,16.699,16.68,16.68,703
2026-07-09T11:45:00+00:00,16.68,16.7,16.68,16.7,1564
2026-07-09T11:50:00+00:00,16.697,16.7,16.68,16.7,858
2026-07-09T11:55:00+00:00,16.71,16.71,16.691,16.71,4614
2026-07-09T12:00:00+00:00,16.697,16.72,16.65,16.67,976
2026-07-09T12:05:00+00:00,16.65,16.69,16.65,16.69,900
2026-07-09T12:10:00+00:00,16.67,16.69,16.67,16.69,267
2026-07-09T12:15:00+00:00,16.67,16.69,16.65,16.66,2273
2026-07-09T12:20:00+00:00,16.66,16.679,16.65,16.669,6230
2026-07-09T12:25:00+00:00,16.66,16.69,16.65,16.69,348
2026-07-09T12:30:00+00:00,16.69,16.69,16.65,16.677,1634
2026-07-09T12:35:00+00:00,16.68,16.68,16.65,16.66,5215
2026-07-09T12:40:00+00:00,16.65,16.71,16.65,16.69,4674
2026-07-09T12:45:00+00:00,16.69,16.69,16.65,16.67,1219
2026-07-09T12:50:00+00:00,16.66,16.69,16.65,16.68,4608
2026-07-09T12:55:00+00:00,16.68,16.69,16.65,16.67,742
2026-07-09T13:00:00+00:00,16.67,16.69,16.65,16.69,11825
2026-07-09T13:05:00+00:00,16.68,16.68,16.65,16.65,5958
2026-07-09T13:10:00+00:00,16.65,16.66,16.65,16.66,2190
2026-07-09T13:15:00+00:00,16.66,16.69,16.65,16.68,3025
2026-07-09T13:20:00+00:00,16.67,16.73,16.66,16.71,18739
2026-07-09T13:25:00+00:00,16.7,16.95,16.52,16.58,94845
2026-07-09T13:30:00+00:00,16.532,16.89,16.38,16.858,625419
2026-07-09T13:35:00+00:00,16.85,17.18,16.84,17.17,1832188
2026-07-09T13:40:00+00:00,17.17,17.27,17.09,17.195,800312
2026-07-09T13:45:00+00:00,17.19,17.5,17.165,17.359,1081864
2026-07-09T13:50:00+00:00,17.355,17.505,17.31,17.435,754547
2026-07-09T13:55:00+00:00,17.43,17.53,17.29,17.465,1235586
2026-07-09T14:00:00+00:00,17.46,17.83,17.46,17.805,1364780
2026-07-09T14:05:00+00:00,17.805,18.01,17.75,17.935,1029211
2026-07-09T14:10:00+00:00,17.93,17.94,17.76,17.915,726007
2026-07-09T14:15:00+00:00,17.915,17.915,17.63,17.645,713891
2026-07-09T14:20:00+00:00,17.646,17.74,17.56,17.73,607965
2026-07-09T14:25:00+00:00,17.725,17.79,17.651,17.725,447984
2026-07-09T14:30:00+00:00,17.725,17.82,17.695,17.775,447508
2026-07-09T14:35:00+00:00,17.775,18.04,17.765,18.03,660183
2026-07-09T14:40:00+00:00,18.03,18.04,17.83,17.83,633600
2026-07-09T14:45:00+00:00,17.84,17.875,17.74,17.745,538258
2026-07-09T14:50:00+00:00,17.74,17.8,17.72,17.774,553090
2026-07-09T14:55:00+00:00,17.78,17.905,17.725,17.905,536139
2026-07-09T15:00:00+00:00,17.91,17.99,17.865,17.865,482705
2026-07-09T15:05:00+00:00,17.87,17.89,17.81,17.835,535547
2026-07-09T15:10:00+00:00,17.835,17.87,17.74,17.755,519075
2026-07-09T15:15:00+00:00,17.75,17.83,17.705,17.805,455090
2026-07-09T15:20:00+00:00,17.805,17.84,17.72,17.805,363346
2026-07-09T15:25:00+00:00,17.8,17.815,17.76,17.775,241805
2026-07-09T15:30:00+00:00,17.77,17.815,17.745,17.765,465753
2026-07-09T15:35:00+00:00,17.77,17.84,17.765,17.83,414025
2026-07-09T15:40:00+00:00,17.835,17.86,17.765,17.835,372070
2026-07-09T15:45:00+00:00,17.835,17.86,17.73,17.845,358793
2026-07-09T15:50:00+00:00,17.845,17.858,17.795,17.825,243900
2026-07-09T15:55:00+00:00,17.825,17.86,17.775,17.845,379466
2026-07-09T16:00:00+00:00,17.85,17.9,17.805,17.835,336843
2026-07-09T16:05:00+00:00,17.83,17.955,17.83,17.94,504369
2026-07-09T16:10:00+00:00,17.935,17.935,17.875,17.915,359197
2026-07-09T16:15:00+00:00,17.91,17.985,17.905,17.935,310460
2026-07-09T16:20:00+00:00,17.935,17.945,17.895,17.915,261723
2026-07-09T16:25:00+00:00,17.915,17.92,17.8,17.845,350279
2026-07-09T16:30:00+00:00,17.845,17.875,17.83,17.86,210927
2026-07-09T16:35:00+00:00,17.855,17.92,17.835,17.895,241788
2026-07-09T16:40:00+00:00,17.895,17.98,17.885,17.96,220056
2026-07-09T16:45:00+00:00,17.96,18.01,17.92,17.985,436631
2026-07-09T16:50:00+00:00,17.985,18.03,17.975,18.015,414490
2026-07-09T16:55:00+00:00,18.02,18.03,17.965,17.965,267113
2026-07-09T17:00:00+00:00,17.97,18.125,17.925,18.12,616637
2026-07-09T17:05:00+00:00,18.115,18.12,18.07,18.095,556686
2026-07-09T17:10:00+00:00,18.095,18.1,18.05,18.055,269366
2026-07-09T17:15:00+00:00,18.055,18.06,17.965,18.0,413034
2026-07-09T17:20:00+00:00,18.0,18.06,17.99,18.005,288023
2026-07-09T17:25:00+00:00,18.02,18.04,17.94,17.985,321974
2026-07-09T17:30:00+00:00,17.985,18.045,17.965,18.045,449374
2026-07-09T17:35:00+00:00,18.045,18.07,18.005,18.035,254657
2026-07-09T17:40:00+00:00,18.035,18.095,18.02,18.09,215365
2026-07-09T17:45:00+00:00,18.09,18.16,18.09,18.096,474933
2026-07-09T17:50:00+00:00,18.09,18.1,18.06,18.085,242207
2026-07-09T17:55:00+00:00,18.085,18.09,17.965,17.99,370933
2026-07-09T18:00:00+00:00,17.985,18.07,17.975,18.055,422457
2026-07-09T18:05:00+00:00,18.06,18.125,18.06,18.105,331147
2026-07-09T18:10:00+00:00,18.11,18.13,18.09,18.105,239671
2026-07-09T18:15:00+00:00,18.11,18.13,18.095,18.125,290474
2026-07-09T18:20:00+00:00,18.13,18.225,18.11,18.155,464767
2026-07-09T18:25:00+00:00,18.155,18.18,18.135,18.16,288590
2026-07-09T18:30:00+00:00,18.155,18.19,18.15,18.165,275535
2026-07-09T18:35:00+00:00,18.165,18.23,18.15,18.165,283488
2026-07-09T18:40:00+00:00,18.17,18.17,18.11,18.14,285841
2026-07-09T18:45:00+00:00,18.135,18.18,18.13,18.165,295712
2026-07-09T18:50:00+00:00,18.17,18.17,18.09,18.15,274063
2026-07-09T18:55:00+00:00,18.15,18.2,18.11,18.195,780228
2026-07-09T19:00:00+00:00,18.195,18.21,18.13,18.135,286336
2026-07-09T19:05:00+00:00,18.135,18.14,18.06,18.105,628497
2026-07-09T19:10:00+00:00,18.1,18.18,18.06,18.16,627784
2026-07-09T19:15:00+00:00,18.155,18.18,18.12,18.135,481940
2026-07-09T19:20:00+00:00,18.135,18.135,18.09,18.12,295237
2026-07-09T19:25:00+00:00,18.115,18.145,18.07,18.075,317477
2026-07-09T19:30:00+00:00,18.075,18.15,18.065,18.115,306617
2026-07-09T19:35:00+00:00,18.115,18.115,17.94,18.07,1220855
2026-07-09T19:40:00+00:00,18.065,18.09,17.995,18.005,623137
2026-07-09T19:45:00+00:00,18.005,18.08,18.005,18.075,446512
2026-07-09T19:50:00+00:00,18.07,18.075,17.925,17.965,1218678
2026-07-09T19:55:00+00:00,17.96,18.16,17.89,18.12,3926689
2026-07-09T20:00:00+00:00,18.12,18.2,18.06,18.12,1323609
2026-07-09T20:05:00+00:00,18.14,18.28,18.13,18.254,82313
2026-07-09T20:10:00+00:00,18.25,18.31,18.12,18.29,46604
2026-07-09T20:15:00+00:00,18.31,18.35,18.25,18.35,68280
2026-07-09T20:20:00+00:00,18.3,18.38,18.25,18.376,9613
2026-07-09T20:25:00+00:00,18.36,18.38,18.25,18.325,16450
2026-07-09T20:30:00+00:00,18.278,18.43,18.26,18.399,5517
2026-07-09T20:35:00+00:00,18.36,18.4,18.34,18.37,4713
2026-07-09T20:40:00+00:00,18.39,18.39,18.29,18.31,2568
2026-07-09T20:45:00+00:00,18.3,18.33,18.25,18.28,7131
2026-07-09T20:50:00+00:00,18.28,18.3,18.15,18.26,4618
2026-07-09T20:55:00+00:00,18.22,18.3,18.22,18.221,8582
2026-07-09T21:00:00+00:00,18.22,18.3,18.2,18.235,4333
2026-07-09T21:05:00+00:00,18.26,18.26,18.22,18.257,744
2026-07-09T21:10:00+00:00,18.245,18.252,18.22,18.224,2083
2026-07-09T21:15:00+00:00,18.23,18.26,18.2,18.24,1526
2026-07-09T21:20:00+00:00,18.26,18.26,18.2,18.2,2165
2026-07-09T21:25:00+00:00,18.22,18.26,18.2,18.22,14424
2026-07-09T21:30:00+00:00,18.221,18.26,18.22,18.25,1051
2026-07-09T21:35:00+00:00,18.23,18.25,18.15,18.15,2774
2026-07-09T21:40:00+00:00,18.21,18.23,18.15,18.23,692
2026-07-09T21:45:00+00:00,18.2,18.23,18.15,18.15,1186
2026-07-09T21:50:00+00:00,18.23,18.23,18.15,18.196,525
2026-07-09T21:55:00+00:00,18.19,18.197,18.15,18.151,134362
2026-07-09T22:00:00+00:00,18.15,18.2,18.15,18.2,887
2026-07-09T22:05:00+00:00,18.18,18.2,18.15,18.15,2887
2026-07-09T22:10:00+00:00,18.165,18.2,18.15,18.15,2515
2026-07-09T22:15:00+00:00,18.122,18.2,18.11,18.189,3768
2026-07-09T22:20:00+00:00,18.151,18.2,18.15,18.15,1383
2026-07-09T22:25:00+00:00,18.15,18.2,18.15,18.175,726
2026-07-09T22:30:00+00:00,18.18,18.2,18.15,18.16,5231
2026-07-09T22:35:00+00:00,18.158,18.2,18.13,18.16,1432
2026-07-09T22:40:00+00:00,18.16,18.16,18.13,18.16,781
2026-07-09T22:45:00+00:00,18.13,18.16,18.13,18.16,1075
2026-07-09T22:50:00+00:00,18.16,18.2,18.15,18.16,447
2026-07-09T22:55:00+00:00,18.15,18.15,18.13,18.13,162
2026-07-09T23:00:00+00:00,18.13,18.15,18.13,18.13,787
2026-07-09T23:05:00+00:00,18.13,18.15,18.13,18.148,707
2026-07-09T23:10:00+00:00,18.13,18.15,18.13,18.14,1839
2026-07-09T23:15:00+00:00,18.14,18.15,18.14,18.15,72
2026-07-09T23:20:00+00:00,18.149,18.15,18.141,18.15,1689
2026-07-09T23:25:00+00:00,18.145,18.15,18.13,18.13,2284
2026-07-09T23:30:00+00:00,18.132,18.15,18.13,18.15,7659
2026-07-09T23:35:00+00:00,18.146,18.15,18.13,18.147,14740
2026-07-09T23:40:00+00:00,18.15,18.15,18.13,18.15,874
2026-07-09T23:45:00+00:00,18.13,18.15,18.13,18.15,2963
2026-07-09T23:50:00+00:00,18.13,18.16,18.13,18.13,16813
2026-07-09T23:55:00+00:00,18.16,18.16,18.16,18.16,0
2026-07-10T08:00:00+00:00,18.17,18.2,18.02,18.04,13142
2026-07-10T08:05:00+00:00,18.04,18.05,18.04,18.04,233
2026-07-10T08:10:00+00:00,18.04,18.04,18.04,18.04,0
2026-07-10T08:15:00+00:00,18.11,18.11,18.06,18.11,1376
2026-07-10T08:20:00+00:00,18.11,18.11,18.09,18.09,44
2026-07-10T08:25:00+00:00,18.09,18.1,18.09,18.1,90
2026-07-10T08:30:00+00:00,18.08,18.1,18.08,18.1,73
2026-07-10T08:35:00+00:00,18.1,18.11,18.08,18.08,755
2026-07-10T08:40:00+00:00,18.09,18.09,18.07,18.07,125
2026-07-10T08:45:00+00:00,18.08,18.11,18.08,18.08,1453
2026-07-10T08:50:00+00:00,18.08,18.08,18.08,18.08,0
2026-07-10T08:55:00+00:00,18.04,18.04,18.04,18.04,70
2026-07-10T09:00:00+00:00,18.05,18.05,18.05,18.05,20
2026-07-10T09:05:00+00:00,18.05,18.05,18.05,18.05,0
2026-07-10T09:10:00+00:00,18.08,18.1,18.08,18.1,330
2026-07-10T09:15:00+00:00,18.1,18.1,18.1,18.1,0
2026-07-10T09:20:00+00:00,18.12,18.12,18.12,18.12,1
2026-07-10T09:25:00+00:00,18.15,18.17,18.15,18.15,3112
2026-07-10T09:30:00+00:00,18.147,18.16,18.147,18.16,426
2026-07-10T09:35:00+00:00,18.18,18.18,18.18,18.18,1
2026-07-10T09:40:00+00:00,18.16,18.16,18.16,18.16,303
2026-07-10T09:45:00+00:00,18.18,18.18,18.18,18.18,100
2026-07-10T09:50:00+00:00,18.17,18.17,18.1,18.124,1717
2026-07-10T09:55:00+00:00,18.12,18.16,18.11,18.11,313
2026-07-10T10:00:00+00:00,18.16,18.16,18.16,18.16,8
2026-07-10T10:05:00+00:00,18.16,18.16,18.16,18.16,0
2026-07-10T10:10:00+00:00,18.16,18.16,18.14,18.14,117
2026-07-10T10:15:00+00:00,18.13,18.13,18.1,18.1,584
2026-07-10T10:20:00+00:00,18.09,18.09,18.09,18.09,28
2026-07-10T10:25:00+00:00,18.11,18.166,18.09,18.166,24
2026-07-10T10:30:00+00:00,18.166,18.166,18.166,18.166,0
2026-07-10T10:35:00+00:00,18.101,18.12,18.09,18.12,32
2026-07-10T10:40:00+00:00,18.126,18.126,18.126,18.126,392
2026-07-10T10:45:00+00:00,18.14,18.14,18.14,18.14,4
2026-07-10T10:50:00+00:00,18.15,18.16,18.14,18.16,33
2026-07-10T10:55:00+00:00,18.166,18.2,18.166,18.2,772
2026-07-10T11:00:00+00:00,18.185,18.28,18.15,18.21,23567
2026-07-10T11:05:00+00:00,18.28,18.28,18.173,18.19,11769
2026-07-10T11:10:00+00:00,18.199,18.251,18.183,18.22,17314
2026-07-10T11:15:00+00:00,18.23,18.23,18.17,18.23,5649
2026-07-10T11:20:00+00:00,18.23,18.27,18.18,18.262,5450
2026-07-10T11:25:00+00:00,18.22,18.237,18.16,18.21,941
2026-07-10T11:30:00+00:00,18.24,18.26,18.19,18.21,2257
2026-07-10T11:35:00+00:00,18.22,18.24,18.18,18.22,1466
2026-07-10T11:40:00+00:00,18.185,18.22,18.18,18.2,1000
2026-07-10T11:45:00+00:00,18.21,18.21,18.19,18.19,4271
2026-07-10T11:50:00+00:00,18.2,18.22,18.2,18.215,11703
2026-07-10T11:55:00+00:00,18.21,18.22,18.19,18.19,5526
2026-07-10T12:00:00+00:00,18.19,18.2,18.19,18.19,3919
2026-07-10T12:05:00+00:00,18.18,18.24,18.18,18.215,3019
2026-07-10T12:10:00+00:00,18.2,18.25,18.2,18.23,3829
2026-07-10T12:15:00+00:00,18.25,18.25,18.23,18.25,703
2026-07-10T12:20:00+00:00,18.25,18.27,18.219,18.23,3758
2026-07-10T12:25:00+00:00,18.23,18.38,18.21,18.32,22262
2026-07-10T12:30:00+00:00,18.32,18.35,18.3,18.31,12259
2026-07-10T12:35:00+00:00,18.32,18.35,18.3,18.35,3655
2026-07-10T12:40:00+00:00,18.327,18.33,18.3,18.3,7684
2026-07-10T12:45:00+00:00,18.305,18.32,18.3,18.31,2488
2026-07-10T12:50:00+00:00,18.31,18.32,18.3,18.32,4330
2026-07-10T12:55:00+00:00,18.313,18.32,18.31,18.32,403
2026-07-10T13:00:00+00:00,18.32,18.32,18.31,18.31,3304
2026-07-10T13:05:00+00:00,18.31,18.32,18.31,18.32,484
2026-07-10T13:10:00+00:00,18.32,18.434,18.31,18.39,7481
2026-07-10T13:15:00+00:00,18.4,18.4,18.31,18.33,5268
2026-07-10T13:20:00+00:00,18.31,18.32,18.29,18.3,5651
2026-07-10T13:25:00+00:00,18.31,18.45,18.3,18.4,34253
2026-07-10T13:30:00+00:00,18.44,18.54,18.24,18.47,1227476
2026-07-10T13:35:00+00:00,18.47,18.58,18.325,18.39,731695
2026-07-10T13:40:00+00:00,18.393,18.415,18.3,18.38,342940
2026-07-10T13:45:00+00:00,18.385,18.6,18.38,18.57,579082
2026-07-10T13:50:00+00:00,18.575,18.7,18.515,18.68,532642
2026-07-10T13:55:00+00:00,18.685,18.77,18.43,18.52,662389
2026-07-10T14:00:00+00:00,18.52,18.66,18.465,18.62,358949
2026-07-10T14:05:00+00:00,18.62,18.75,18.59,18.655,489252
2026-07-10T14:10:00+00:00,18.655,18.715,18.62,18.7,659096
2026-07-10T14:15:00+00:00,18.69,18.79,18.63,18.691,734053
2026-07-10T14:20:00+00:00,18.68,18.7,18.57,18.665,502213
2026-07-10T14:25:00+00:00,18.65,18.73,18.61,18.695,257771
2026-07-10T14:30:00+00:00,18.7,18.72,18.39,18.55,516219
2026-07-10T14:35:00+00:00,18.535,18.705,18.53,18.7,962018
2026-07-10T14:40:00+00:00,18.7,18.705,18.53,18.565,392335
2026-07-10T14:45:00+00:00,18.565,18.64,18.55,18.635,347628
2026-07-10T14:50:00+00:00,18.63,18.64,18.47,18.475,232705
2026-07-10T14:55:00+00:00,18.475,18.485,18.355,18.42,325706
2026-07-10T15:00:00+00:00,18.415,18.42,18.32,18.395,381810
2026-07-10T15:05:00+00:00,18.395,18.43,18.355,18.416,223587
2026-07-10T15:10:00+00:00,18.41,18.45,18.34,18.37,189774
2026-07-10T15:15:00+00:00,18.375,18.5,18.365,18.395,657238
2026-07-10T15:20:00+00:00,18.395,18.47,18.395,18.465,133710
2026-07-10T15:25:00+00:00,18.47,18.51,18.45,18.455,144467
2026-07-10T15:30:00+00:00,18.455,18.46,18.415,18.445,195632
2026-07-10T15:35:00+00:00,18.441,18.445,18.29,18.305,244335
2026-07-10T15:40:00+00:00,18.305,18.341,18.285,18.335,223402
2026-07-10T15:45:00+00:00,18.335,18.34,18.23,18.245,208641
2026-07-10T15:50:00+00:00,18.25,18.31,18.24,18.255,153287
2026-07-10T15:55:00+00:00,18.255,18.27,18.22,18.24,123891
2026-07-10T16:00:00+00:00,18.255,18.32,18.245,18.285,160997
2026-07-10T16:05:00+00:00,18.285,18.35,18.27,18.329,111523
2026-07-10T16:10:00+00:00,18.325,18.39,18.305,18.335,115703
2026-07-10T16:15:00+00:00,18.33,18.385,18.33,18.365,156539
2026-07-10T16:20:00+00:00,18.36,18.38,18.33,18.34,98282
2026-07-10T16:25:00+00:00,18.335,18.345,18.3,18.33,104169
2026-07-10T16:30:00+00:00,18.325,18.38,18.32,18.36,228215
2026-07-10T16:35:00+00:00,18.36,18.37,18.345,18.345,81200
2026-07-10T16:40:00+00:00,18.35,18.39,18.335,18.34,67859
2026-07-10T16:45:00+00:00,18.339,18.34,18.24,18.245,169326
2026-07-10T16:50:00+00:00,18.248,18.28,18.24,18.265,99453
2026-07-10T16:55:00+00:00,18.265,18.265,18.215,18.229,284982
2026-07-10T17:00:00+00:00,18.225,18.25,18.14,18.155,180916
2026-07-10T17:05:00+00:00,18.155,18.155,18.09,18.095,164645
2026-07-10T17:10:00+00:00,18.09,18.095,18.005,18.035,481509
2026-07-10T17:15:00+00:00,18.03,18.04,17.995,18.025,234514
2026-07-10T17:20:00+00:00,18.02,18.07,18.01,18.055,192050
2026-07-10T17:25:00+00:00,18.05,18.1,18.02,18.035,198246
2026-07-10T17:30:00+00:00,18.04,18.04,17.99,17.995,178203
2026-07-10T17:35:00+00:00,17.995,18.027,17.97,18.016,228012
2026-07-10T17:40:00+00:00,18.015,18.025,17.97,17.975,108629
2026-07-10T17:45:00+00:00,17.97,17.99,17.94,17.98,161005
2026-07-10T17:50:00+00:00,17.98,17.995,17.94,17.94,100333
2026-07-10T17:55:00+00:00,17.94,17.96,17.935,17.955,422249
2026-07-10T18:00:00+00:00,17.955,18.0,17.955,17.99,188445
2026-07-10T18:05:00+00:00,17.985,18.06,17.97,17.979,162912
2026-07-10T18:10:00+00:00,17.975,17.99,17.96,17.97,84215
2026-07-10T18:15:00+00:00,17.965,17.975,17.94,17.95,83015
2026-07-10T18:20:00+00:00,17.95,17.99,17.945,17.975,93764
2026-07-10T18:25:00+00:00,17.98,17.99,17.96,17.965,59088
2026-07-10T18:30:00+00:00,17.965,17.985,17.96,17.97,87762
2026-07-10T18:35:00+00:00,17.965,18.025,17.965,18.005,236359
2026-07-10T18:40:00+00:00,18.0,18.035,17.975,18.03,161722
2026-07-10T18:45:00+00:00,18.02,18.07,17.965,17.975,284161
2026-07-10T18:50:00+00:00,17.97,18.01,17.96,18.01,125761
2026-07-10T18:55:00+00:00,18.005,18.02,17.98,17.99,117957
2026-07-10T19:00:00+00:00,17.985,18.0,17.965,17.985,102307
2026-07-10T19:05:00+00:00,17.985,17.985,17.95,17.96,117972
2026-07-10T19:10:00+00:00,17.96,17.985,17.96,17.975,108518
2026-07-10T19:15:00+00:00,17.97,17.995,17.89,17.915,253430
2026-07-10T19:20:00+00:00,17.91,17.94,17.88,17.9,171752
2026-07-10T19:25:00+00:00,17.904,17.925,17.88,17.905,213237
2026-07-10T19:30:00+00:00,17.905,17.92,17.875,17.885,232920
2026-07-10T19:35:00+00:00,17.885,17.91,17.875,17.885,179019
2026-07-10T19:40:00+00:00,17.88,17.9,17.844,17.845,201387
2026-07-10T19:45:00+00:00,17.845,17.875,17.79,17.8,253171
2026-07-10T19:50:00+00:00,17.795,17.8,17.61,17.615,721591
2026-07-10T19:55:00+00:00,17.615,17.615,17.48,17.48,1592416
2026-07-10T20:00:00+00:00,17.48,17.54,17.47,17.53,1312354
2026-07-10T20:05:00+00:00,17.476,17.54,17.476,17.52,20103
2026-07-10T20:10:00+00:00,17.48,17.53,17.48,17.52,3296
2026-07-10T20:15:00+00:00,17.53,17.53,17.51,17.51,1752
2026-07-10T20:20:00+00:00,17.519,17.52,17.5,17.505,8902
2026-07-10T20:25:00+00:00,17.5,17.51,17.49,17.49,9654
2026-07-10T20:30:00+00:00,17.5,17.51,17.48,17.481,3890
2026-07-10T20:35:00+00:00,17.49,17.49,17.48,17.485,509
2026-07-10T20:40:00+00:00,17.49,17.5,17.48,17.49,5737
2026-07-10T20:45:00+00:00,17.5,17.52,17.48,17.519,4707
2026-07-10T20:50:00+00:00,17.52,17.52,17.5,17.5,223
2026-07-10T20:55:00+00:00,17.52,17.52,17.51,17.52,2845
2026-07-10T21:00:00+00:00,17.51,17.52,17.51,17.52,1561
2026-07-10T21:05:00+00:00,17.52,17.52,17.51,17.51,905
2026-07-10T21:10:00+00:00,17.515,17.52,17.51,17.51,2932
2026-07-10T21:15:00+00:00,17.51,17.52,17.51,17.51,2922
2026-07-10T21:20:00+00:00,17.51,17.52,17.51,17.515,3731
2026-07-10T21:25:00+00:00,17.517,17.52,17.51,17.52,687
2026-07-10T21:30:00+00:00,17.52,17.52,17.51,17.515,4992
2026-07-10T21:35:00+00:00,17.51,17.52,17.51,17.52,5461
2026-07-10T21:40:00+00:00,17.511,17.52,17.51,17.52,3994
2026-07-10T21:45:00+00:00,17.52,17.52,17.49,17.5,13566
2026-07-10T21:50:00+00:00,17.49,17.51,17.49,17.49,222
2026-07-10T21:55:00+00:00,17.49,17.51,17.49,17.51,543
2026-07-10T22:00:00+00:00,17.5,17.51,17.5,17.51,2546
2026-07-10T22:05:00+00:00,17.5,17.51,17.49,17.507,4121
2026-07-10T22:10:00+00:00,17.5,17.51,17.49,17.5,323
2026-07-10T22:15:00+00:00,17.49,17.5,17.49,17.495,15
2026-07-10T22:20:00+00:00,17.5,17.5,17.48,17.5,1139
2026-07-10T22:25:00+00:00,17.495,17.5,17.49,17.49,1163
2026-07-10T22:30:00+00:00,17.5,17.5,17.49,17.495,149
2026-07-10T22:35:00+00:00,17.491,17.5,17.49,17.491,330
2026-07-10T22:40:00+00:00,17.5,17.51,17.5,17.5,1159
2026-07-10T22:45:00+00:00,17.51,17.51,17.49,17.499,1126
2026-07-10T22:50:00+00:00,17.5,17.5,17.48,17.497,3306
2026-07-10T22:55:00+00:00,17.497,17.5,17.49,17.49,116
2026-07-10T23:00:00+00:00,17.49,17.5,17.48,17.49,5042
2026-07-10T23:05:00+00:00,17.49,17.5,17.49,17.499,5175
2026-07-10T23:10:00+00:00,17.5,17.5,17.49,17.5,2226
2026-07-10T23:15:00+00:00,17.5,17.5,17.49,17.49,1109
2026-07-10T23:20:00+00:00,17.49,17.5,17.49,17.49,1269
2026-07-10T23:25:00+00:00,17.49,17.5,17.49,17.5,1444
2026-07-10T23:30:00+00:00,17.5,17.5,17.49,17.49,2254
2026-07-10T23:35:00+00:00,17.49,17.5,17.49,17.495,2084
2026-07-10T23:40:00+00:00,17.5,17.5,17.491,17.5,523
2026-07-10T23:45:00+00:00,17.499,17.5,17.47,17.5,4116
2026-07-10T23:50:00+00:00,17.5,17.5,17.48,17.49,3499
2026-07-10T23:55:00+00:00,17.485,17.485,17.485,17.485,0
2026-07-13T08:00:00+00:00,17.42,17.44,17.251,17.35,23665
2026-07-13T08:05:00+00:00,17.34,17.41,17.3,17.37,19673
2026-07-13T08:10:00+00:00,17.36,17.38,17.34,17.34,4484
2026-07-13T08:15:00+00:00,17.343,17.35,17.32,17.32,6478
2026-07-13T08:20:00+00:00,17.32,17.32,17.28,17.28,8885
2026-07-13T08:25:00+00:00,17.26,17.308,17.26,17.26,4637
2026-07-13T08:30:00+00:00,17.26,17.26,17.17,17.18,6053
2026-07-13T08:35:00+00:00,17.18,17.2,17.09,17.1,7133
2026-07-13T08:40:00+00:00,17.13,17.14,17.07,17.08,15892
2026-07-13T08:45:00+00:00,17.13,17.16,17.086,17.13,15262
2026-07-13T08:50:00+00:00,17.11,17.13,17.08,17.12,10344
2026-07-13T08:55:00+00:00,17.13,17.13,17.13,17.13,1
2026-07-13T09:00:00+00:00,17.13,17.23,17.13,17.23,258
2026-07-13T09:05:00+00:00,17.25,17.262,17.25,17.262,76
2026-07-13T09:10:00+00:00,17.26,17.263,17.26,17.263,119
2026-07-13T09:15:00+00:00,17.31,17.31,17.31,17.31,10
2026-07-13T09:20:00+00:00,17.31,17.33,17.3,17.33,32
2026-07-13T09:25:00+00:00,17.35,17.35,17.35,17.35,20
2026-07-13T09:30:00+00:00,17.35,17.35,17.35,17.35,0
2026-07-13T09:35:00+00:00,17.35,17.37,17.35,17.37,181
2026-07-13T09:40:00+00:00,17.36,17.36,17.35,17.35,45
2026-07-13T09:45:00+00:00,17.35,17.35,17.35,17.35,0
2026-07-13T09:50:00+00:00,17.35,17.35,17.35,17.35,99
2026-07-13T09:55:00+00:00,17.35,17.35,17.35,17.35,0
2026-07-13T10:00:00+00:00,17.348,17.35,17.33,17.33,121
2026-07-13T10:05:00+00:00,17.33,17.33,17.33,17.33,0
2026-07-13T10:10:00+00:00,17.33,17.33,17.33,17.33,0
2026-07-13T10:15:00+00:00,17.33,17.33,17.33,17.33,0
2026-07-13T10:20:00+00:00,17.27,17.27,17.27,17.27,500
2026-07-13T10:25:00+00:00,17.313,17.313,17.313,17.313,58
2026-07-13T10:30:00+00:00,17.32,17.32,17.31,17.31,25
2026-07-13T10:35:00+00:00,17.3,17.3,17.26,17.26,1566
2026-07-13T10:40:00+00:00,17.25,17.25,17.22,17.22,1424
2026-07-13T10:45:00+00:00,17.22,17.24,17.21,17.24,7283
2026-07-13T10:50:00+00:00,17.21,17.26,17.21,17.26,6670
2026-07-13T10:55:00+00:00,17.26,17.26,17.2,17.2,5325
2026-07-13T11:00:00+00:00,17.2,17.32,17.199,17.28,21496
2026-07-13T11:05:00+00:00,17.28,17.28,17.21,17.21,12602
2026-07-13T11:10:00+00:00,17.2,17.27,17.2,17.218,23597
2026-07-13T11:15:00+00:00,17.21,17.213,17.16,17.17,15994
2026-07-13T11:20:00+00:00,17.16,17.16,17.1,17.16,35725
2026-07-13T11:25:00+00:00,17.15,17.18,17.1,17.11,9782
2026-07-13T11:30:00+00:00,17.11,17.12,17.11,17.11,7382
2026-07-13T11:35:00+00:00,17.127,17.18,17.119,17.18,30069
2026-07-13T11:40:00+00:00,17.2,17.2,17.16,17.17,30485
2026-07-13T11:45:00+00:00,17.17,17.2,17.13,17.2,14151
2026-07-13T11:50:00+00:00,17.17,17.19,17.16,17.16,12617
2026-07-13T11:55:00+00:00,17.157,17.19,17.12,17.15,17180
2026-07-13T12:00:00+00:00,17.12,17.18,17.12,17.12,10013
2026-07-13T12:05:00+00:00,17.11,17.11,17.04,17.047,9456
2026-07-13T12:10:00+00:00,17.08,17.16,17.04,17.089,53239
2026-07-13T12:15:00+00:00,17.09,17.134,17.09,17.134,37180
2026-07-13T12:20:00+00:00,17.107,17.11,17.031,17.04,24398
2026-07-13T12:25:00+00:00,17.03,17.04,16.9,16.91,22450
2026-07-13T12:30:00+00:00,16.9,17.07,16.87,17.0,38723
2026-07-13T12:35:00+00:00,17.01,17.01,16.93,16.93,75131
2026-07-13T12:40:00+00:00,16.95,16.97,16.91,16.93,45002
2026-07-13T12:45:00+00:00,16.93,17.0,16.9,16.99,44807
2026-07-13T12:50:00+00:00,16.98,17.0,16.97,16.97,26760
2026-07-13T12:55:00+00:00,16.97,17.02,16.92,17.01,73117
2026-07-13T13:00:00+00:00,17.01,17.1,17.01,17.081,65979
2026-07-13T13:05:00+00:00,17.09,17.16,17.05,17.06,31684
2026-07-13T13:10:00+00:00,17.06,17.17,17.05,17.15,55156
2026-07-13T13:15:00+00:00,17.17,17.27,17.15,17.21,17457
2026-07-13T13:20:00+00:00,17.185,17.22,17.16,17.19,6300
2026-07-13T13:25:00+00:00,17.15,17.5,17.12,17.49,37279
2026-07-13T13:30:00+00:00,17.5,17.59,17.27,17.465,505511
2026-07-13T13:35:00+00:00,17.465,17.5,17.33,17.46,369656
2026-07-13T13:40:00+00:00,17.465,17.53,17.27,17.43,364680
2026-07-13T13:45:00+00:00,17.42,17.685,17.34,17.645,637739
2026-07-13T13:50:00+00:00,17.65,17.715,17.54,17.64,377013
2026-07-13T13:55:00+00:00,17.64,17.795,17.58,17.675,345034
2026-07-13T14:00:00+00:00,17.67,17.725,17.56,17.585,313706
2026-07-13T14:05:00+00:00,17.585,17.68,17.51,17.571,302292
2026-07-13T14:10:00+00:00,17.57,17.595,17.44,17.57,232202
2026-07-13T14:15:00+00:00,17.57,17.63,17.48,17.581,224156
2026-07-13T14:20:00+00:00,17.595,17.595,17.475,17.56,183420
2026-07-13T14:25:00+00:00,17.56,17.56,17.485,17.535,135233
2026-07-13T14:30:00+00:00,17.535,17.54,17.43,17.465,183867
2026-07-13T14:35:00+00:00,17.46,17.46,17.355,17.415,331094
2026-07-13T14:40:00+00:00,17.415,17.415,17.315,17.355,220348
2026-07-13T14:45:00+00:00,17.35,17.435,17.325,17.43,173037
2026-07-13T14:50:00+00:00,17.425,17.43,17.35,17.385,99509
2026-07-13T14:55:00+00:00,17.38,17.5,17.355,17.5,147285
2026-07-13T15:00:00+00:00,17.5,17.505,17.344,17.344,148434
2026-07-13T15:05:00+00:00,17.345,17.395,17.32,17.345,125210
2026-07-13T15:10:00+00:00,17.345,17.345,17.28,17.295,259676
2026-07-13T15:15:00+00:00,17.285,17.34,17.27,17.315,124818
2026-07-13T15:20:00+00:00,17.315,17.33,17.29,17.305,126025
2026-07-13T15:25:00+00:00,17.3,17.33,17.25,17.295,147163
2026-07-13T15:30:00+00:00,17.3,17.355,17.29,17.315,122413
2026-07-13T15:35:00+00:00,17.315,17.375,17.292,17.353,328662
2026-07-13T15:40:00+00:00,17.355,17.375,17.34,17.375,78643
2026-07-13T15:45:00+00:00,17.365,17.365,17.315,17.32,84920
2026-07-13T15:50:00+00:00,17.325,17.35,17.3,17.32,112896
2026-07-13T15:55:00+00:00,17.32,17.345,17.3,17.33,88053
2026-07-13T16:00:00+00:00,17.32,17.33,17.26,17.295,334133
2026-07-13T16:05:00+00:00,17.295,17.315,17.28,17.315,51294
2026-07-13T16:10:00+00:00,17.315,17.375,17.315,17.355,109219
2026-07-13T16:15:00+00:00,17.355,17.355,17.27,17.275,94220
2026-07-13T16:20:00+00:00,17.27,17.285,17.22,17.225,169975
2026-07-13T16:25:00+00:00,17.22,17.25,17.205,17.245,127650
2026-07-13T16:30:00+00:00,17.245,17.245,17.175,17.185,211157
2026-07-13T16:35:00+00:00,17.18,17.27,17.15,17.255,233107
2026-07-13T16:40:00+00:00,17.256,17.3,17.225,17.235,101453
2026-07-13T16:45:00+00:00,17.235,17.25,17.21,17.215,142525
2026-07-13T16:50:00+00:00,17.21,17.23,17.173,17.215,125615
2026-07-13T16:55:00+00:00,17.215,17.26,17.18,17.26,148487
2026-07-13T17:00:00+00:00,17.265,17.277,17.245,17.255,68659
2026-07-13T17:05:00+00:00,17.25,17.285,17.245,17.265,66885
2026-07-13T17:10:00+00:00,17.27,17.3,17.265,17.285,59163
2026-07-13T17:15:00+00:00,17.285,17.291,17.254,17.28,59727
2026-07-13T17:20:00+00:00,17.27,17.33,17.255,17.285,128735
2026-07-13T17:25:00+00:00,17.285,17.285,17.235,17.255,93346
2026-07-13T17:30:00+00:00,17.255,17.27,17.235,17.255,82846
2026-07-13T17:35:00+00:00,17.255,17.26,17.22,17.24,49624
2026-07-13T17:40:00+00:00,17.23,17.275,17.205,17.275,110071
2026-07-13T17:45:00+00:00,17.27,17.285,17.225,17.23,161647
2026-07-13T17:50:00+00:00,17.23,17.23,17.185,17.2,80887
2026-07-13T17:55:00+00:00,17.21,17.235,17.21,17.22,57464
2026-07-13T18:00:00+00:00,17.215,17.275,17.215,17.235,67893
2026-07-13T18:05:00+00:00,17.24,17.27,17.215,17.215,52078
2026-07-13T18:10:00+00:00,17.215,17.225,17.195,17.195,67174
2026-07-13T18:15:00+00:00,17.19,17.195,17.16,17.165,110428
2026-07-13T18:20:00+00:00,17.16,17.175,17.131,17.155,203986
2026-07-13T18:25:00+00:00,17.166,17.166,17.11,17.11,74468
2026-07-13T18:30:00+00:00,17.11,17.17,17.08,17.15,162470
2026-07-13T18:35:00+00:00,17.15,17.18,17.135,17.145,69461
2026-07-13T18:40:00+00:00,17.14,17.167,17.135,17.15,120675
2026-07-13T18:45:00+00:00,17.155,17.17,17.125,17.135,128532
2026-07-13T18:50:00+00:00,17.13,17.15,17.105,17.115,105613
2026-07-13T18:55:00+00:00,17.11,17.14,17.105,17.135,75293
2026-07-13T19:00:00+00:00,17.135,17.16,17.12,17.145,78512
2026-07-13T19:05:00+00:00,17.14,17.155,17.11,17.125,75798
2026-07-13T19:10:00+00:00,17.125,17.135,17.1,17.125,150146
2026-07-13T19:15:00+00:00,17.125,17.165,17.11,17.15,224378
2026-07-13T19:20:00+00:00,17.15,17.15,17.05,17.065,206215
2026-07-13T19:25:00+00:00,17.06,17.08,17.05,17.07,99740
2026-07-13T19:30:00+00:00,17.071,17.15,17.071,17.146,113849
2026-07-13T19:35:00+00:00,17.14,17.16,17.12,17.135,109452
2026-07-13T19:40:00+00:00,17.13,17.22,17.12,17.18,182261
2026-07-13T19:45:00+00:00,17.175,17.195,17.15,17.175,186073
2026-07-13T19:50:00+00:00,17.17,17.175,17.14,17.165,352906
2026-07-13T19:55:00+00:00,17.165,17.33,17.165,17.31,1135150
2026-07-13T20:00:00+00:00,17.31,17.39,17.28,17.31,222332
2026-07-13T20:05:00+00:00,17.31,17.37,17.27,17.278,6538
2026-07-13T20:10:00+00:00,17.31,17.31,17.27,17.309,7629
2026-07-13T20:15:00+00:00,17.31,17.31,17.2,17.27,4105
2026-07-13T20:20:00+00:00,17.27,17.27,17.26,17.26,2489
2026-07-13T20:25:00+00:00,17.26,17.27,17.21,17.244,798
2026-07-13T20:30:00+00:00,17.269,17.27,17.26,17.26,352
2026-07-13T20:35:00+00:00,17.266,17.27,17.24,17.26,4774
2026-07-13T20:40:00+00:00,17.26,17.289,17.24,17.27,1213
2026-07-13T20:45:00+00:00,17.27,17.29,17.24,17.265,6824
2026-07-13T20:50:00+00:00,17.24,17.29,17.24,17.29,45
2026-07-13T20:55:00+00:00,17.263,17.275,17.26,17.275,2582
2026-07-13T21:00:00+00:00,17.26,17.29,17.26,17.261,1537
2026-07-13T21:05:00+00:00,17.26,17.264,17.26,17.261,25
2026-07-13T21:10:00+00:00,17.29,17.29,17.26,17.26,6
2026-07-13T21:15:00+00:00,17.29,17.29,17.26,17.26,206
2026-07-13T21:20:00+00:00,17.264,17.29,17.26,17.29,816
2026-07-13T21:25:00+00:00,17.26,17.286,17.26,17.26,3121
2026-07-13T21:30:00+00:00,17.275,17.286,17.26,17.266,6161
2026-07-13T21:35:00+00:00,17.286,17.29,17.26,17.275,115
2026-07-13T21:40:00+00:00,17.28,17.29,17.26,17.29,2649
2026-07-13T21:45:00+00:00,17.29,17.29,17.26,17.275,249
2026-07-13T21:50:00+00:00,17.29,17.29,17.24,17.24,3354
2026-07-13T21:55:00+00:00,17.23,17.29,17.23,17.23,826
2026-07-13T22:00:00+00:00,17.29,17.29,17.233,17.27,172
2026-07-13T22:05:00+00:00,17.29,17.29,17.23,17.29,708
2026-07-13T22:10:00+00:00,17.28,17.29,17.231,17.231,1074
2026-07-13T22:15:00+00:00,17.26,17.29,17.23,17.26,3565
2026-07-13T22:20:00+00:00,17.26,17.29,17.254,17.28,117
2026-07-13T22:25:00+00:00,17.28,17.29,17.23,17.23,280
2026-07-13T22:30:00+00:00,17.23,17.29,17.23,17.251,721
2026-07-13T22:35:00+00:00,17.25,17.26,17.25,17.26,701
2026-07-13T22:40:00+00:00,17.26,17.29,17.23,17.29,125
2026-07-13T22:45:00+00:00,17.29,17.29,17.23,17.26,298
2026-07-13T22:50:00+00:00,17.26,17.26,17.23,17.245,1090
2026-07-13T22:55:00+00:00,17.245,17.26,17.23,17.23,8199
2026-07-13T23:00:00+00:00,17.25,17.26,17.23,17.23,2020
2026-07-13T23:05:00+00:00,17.23,17.265,17.23,17.25,718
2026-07-13T23:10:00+00:00,17.23,17.25,17.23,17.23,1109
2026-07-13T23:15:00+00:00,17.231,17.25,17.23,17.25,1071
2026-07-13T23:20:00+00:00,17.231,17.27,17.231,17.265,175
2026-07-13T23:25:00+00:00,17.25,17.27,17.25,17.27,2
2026-07-13T23:30:00+00:00,17.25,17.25,17.22,17.22,1126
2026-07-13T23:35:00+00:00,17.21,17.27,17.21,17.21,4531
2026-07-13T23:40:00+00:00,17.21,17.27,17.21,17.24,477
2026-07-13T23:45:00+00:00,17.21,17.21,17.1,17.1,4757
2026-07-13T23:50:00+00:00,17.1,17.155,17.05,17.155,15056
2026-07-13T23:55:00+00:00,17.19,17.19,17.12,17.19,1301
2026-07-14T08:00:00+00:00,17.2,17.33,17.19,17.25,1794
2026-07-14T08:05:00+00:00,17.309,17.33,17.309,17.33,212
2026-07-14T08:10:00+00:00,17.32,17.32,17.32,17.32,10
2026-07-14T08:15:00+00:00,17.32,17.36,17.32,17.36,61
2026-07-14T08:20:00+00:00,17.36,17.36,17.35,17.35,45
2026-07-14T08:25:00+00:00,17.35,17.35,17.35,17.35,0
2026-07-14T08:30:00+00:00,17.35,17.35,17.35,17.35,0
2026-07-14T08:35:00+00:00,17.35,17.35,17.35,17.35,0
2026-07-14T08:40:00+00:00,17.36,17.36,17.34,17.34,18
2026-07-14T08:45:00+00:00,17.33,17.33,17.32,17.32,610
2026-07-14T08:50:00+00:00,17.32,17.32,17.32,17.32,0
2026-07-14T08:55:00+00:00,17.33,17.33,17.33,17.33,10
2026-07-14T09:00:00+00:00,17.33,17.33,17.33,17.33,6
2026-07-14T09:05:00+00:00,17.32,17.32,17.32,17.32,428
2026-07-14T09:10:00+00:00,17.32,17.32,17.32,17.32,0
2026-07-14T09:15:00+00:00,17.31,17.31,17.3,17.31,2703
2026-07-14T09:20:00+00:00,17.3,17.31,17.3,17.31,8
2026-07-14T09:25:00+00:00,17.31,17.31,17.3,17.3,21
2026-07-14T09:30:00+00:00,17.3,17.3,17.3,17.3,46
2026-07-14T09:35:00+00:00,17.3,17.3,17.3,17.3,19
2026-07-14T09:40:00+00:00,17.3,17.3,17.3,17.3,0
2026-07-14T09:45:00+00:00,17.3,17.3,17.3,17.3,0
2026-07-14T09:50:00+00:00,17.3,17.3,17.3,17.3,0
2026-07-14T09:55:00+00:00,17.31,17.31,17.3,17.3,77
2026-07-14T10:00:00+00:00,17.303,17.303,17.3,17.303,18
2026-07-14T10:05:00+00:00,17.31,17.31,17.31,17.31,16
2026-07-14T10:10:00+00:00,17.332,17.34,17.332,17.34,31
2026-07-14T10:15:00+00:00,17.34,17.36,17.34,17.34,83
2026-07-14T10:20:00+00:00,17.34,17.34,17.34,17.34,1
2026-07-14T10:25:00+00:00,17.34,17.34,17.34,17.34,0
2026-07-14T10:30:00+00:00,17.35,17.35,17.31,17.333,205
2026-07-14T10:35:00+00:00,17.32,17.32,17.32,17.32,100
2026-07-14T10:40:00+00:00,17.32,17.32,17.32,17.32,0
2026-07-14T10:45:00+00:00,17.351,17.351,17.34,17.34,75
2026-07-14T10:50:00+00:00,17.34,17.34,17.34,17.34,11
2026-07-14T10:55:00+00:00,17.34,17.34,17.34,17.34,0
2026-07-14T11:00:00+00:00,17.34,17.362,17.22,17.28,10468
2026-07-14T11:05:00+00:00,17.28,17.32,17.22,17.23,6995
2026-07-14T11:10:00+00:00,17.31,17.31,17.23,17.25,456
2026-07-14T11:15:00+00:00,17.25,17.3,17.24,17.28,289
2026-07-14T11:20:00+00:00,17.24,17.35,17.24,17.35,779
2026-07-14T11:25:00+00:00,17.34,17.37,17.29,17.3,814
2026-07-14T11:30:00+00:00,17.35,17.35,17.3,17.3,127
2026-07-14T11:35:00+00:00,17.325,17.35,17.3,17.35,1058
2026-07-14T11:40:00+00:00,17.31,17.35,17.3,17.325,28
2026-07-14T11:45:00+00:00,17.31,17.32,17.25,17.29,4082
2026-07-14T11:50:00+00:00,17.25,17.35,17.25,17.27,254
2026-07-14T11:55:00+00:00,17.31,17.31,17.22,17.3,2902
2026-07-14T12:00:00+00:00,17.23,17.3,17.2,17.2,2391
2026-07-14T12:05:00+00:00,17.22,17.3,17.2,17.245,2068
2026-07-14T12:10:00+00:00,17.2,17.29,17.18,17.2,425
2026-07-14T12:15:00+00:00,17.175,17.2,17.17,17.17,10944
2026-07-14T12:20:00+00:00,17.2,17.26,17.17,17.22,2305
2026-07-14T12:25:00+00:00,17.26,17.29,17.22,17.27,102
2026-07-14T12:30:00+00:00,17.3,17.57,17.3,17.49,37621
2026-07-14T12:35:00+00:00,17.48,17.48,17.41,17.42,19004
2026-07-14T12:40:00+00:00,17.39,17.45,17.39,17.392,2395
2026-07-14T12:45:00+00:00,17.39,17.45,17.39,17.42,1888
2026-07-14T12:50:00+00:00,17.4,17.42,17.32,17.37,499
2026-07-14T12:55:00+00:00,17.38,17.4,17.37,17.395,4174
2026-07-14T13:00:00+00:00,17.39,17.4,17.355,17.355,5601
2026-07-14T13:05:00+00:00,17.36,17.4,17.31,17.387,1096
2026-07-14T13:10:00+00:00,17.39,17.39,17.31,17.377,4672
2026-07-14T13:15:00+00:00,17.36,17.38,17.32,17.36,1650
2026-07-14T13:20:00+00:00,17.36,17.38,17.31,17.332,1527
2026-07-14T13:25:00+00:00,17.34,17.56,17.31,17.39,6101
2026-07-14T13:30:00+00:00,17.35,17.65,17.34,17.475,468936
2026-07-14T13:35:00+00:00,17.475,17.56,17.39,17.51,306417
2026-07-14T13:40:00+00:00,17.505,17.55,17.35,17.415,322308
2026-07-14T13:45:00+00:00,17.415,17.6,17.415,17.475,209486
2026-07-14T13:50:00+00:00,17.48,17.585,17.42,17.54,170918
2026-07-14T13:55:00+00:00,17.52,17.601,17.455,17.523,194199
2026-07-14T14:00:00+00:00,17.525,17.525,17.455,17.455,183799
2026-07-14T14:05:00+00:00,17.45,17.515,17.43,17.48,145539
2026-07-14T14:10:00+00:00,17.49,17.545,17.44,17.54,138875
2026-07-14T14:15:00+00:00,17.535,17.545,17.44,17.515,181376
2026-07-14T14:20:00+00:00,17.52,17.545,17.41,17.425,186315
2026-07-14T14:25:00+00:00,17.425,17.53,17.4,17.49,170371
2026-07-14T14:30:00+00:00,17.49,17.59,17.39,17.54,225827
2026-07-14T14:35:00+00:00,17.54,17.54,17.41,17.425,107612
2026-07-14T14:40:00+00:00,17.42,17.49,17.39,17.49,206478
2026-07-14T14:45:00+00:00,17.49,17.495,17.43,17.43,81637
2026-07-14T14:50:00+00:00,17.43,17.465,17.405,17.46,78099
2026-07-14T14:55:00+00:00,17.465,17.5,17.45,17.46,83130
2026-07-14T15:00:00+00:00,17.46,17.54,17.445,17.48,127094
2026-07-14T15:05:00+00:00,17.475,17.505,17.45,17.495,60421
2026-07-14T15:10:00+00:00,17.495,17.505,17.435,17.435,93196
2026-07-14T15:15:00+00:00,17.43,17.435,17.335,17.335,255446
2026-07-14T15:20:00+00:00,17.33,17.4,17.315,17.395,149450
2026-07-14T15:25:00+00:00,17.41,17.41,17.37,17.395,134189
2026-07-14T15:30:00+00:00,17.395,17.42,17.37,17.385,90010
2026-07-14T15:35:00+00:00,17.38,17.39,17.345,17.39,79006
2026-07-14T15:40:00+00:00,17.385,17.4,17.36,17.39,79915
2026-07-14T15:45:00+00:00,17.395,17.44,17.37,17.425,95233
2026-07-14T15:50:00+00:00,17.435,17.45,17.41,17.42,82771
2026-07-14T15:55:00+00:00,17.425,17.44,17.395,17.41,92246
2026-07-14T16:00:00+00:00,17.415,17.425,17.4,17.41,177848
2026-07-14T16:05:00+00:00,17.415,17.44,17.39,17.435,158067
2026-07-14T16:10:00+00:00,17.435,17.445,17.405,17.42,76348
2026-07-14T16:15:00+00:00,17.41,17.43,17.4,17.425,66807
2026-07-14T16:20:00+00:00,17.43,17.445,17.405,17.43,58179
2026-07-14T16:25:00+00:00,17.425,17.48,17.425,17.471,87225
2026-07-14T16:30:00+00:00,17.475,17.495,17.43,17.435,109415
2026-07-14T16:35:00+00:00,17.435,17.46,17.405,17.41,68854
2026-07-14T16:40:00+00:00,17.41,17.42,17.36,17.37,114596
2026-07-14T16:45:00+00:00,17.375,17.415,17.3,17.31,158009
2026-07-14T16:50:00+00:00,17.305,17.375,17.305,17.325,161795
2026-07-14T16:55:00+00:00,17.33,17.33,17.265,17.295,112017
2026-07-14T17:00:00+00:00,17.305,17.308,17.24,17.254,86132
2026-07-14T17:05:00+00:00,17.255,17.255,17.135,17.18,333934
2026-07-14T17:10:00+00:00,17.18,17.185,17.115,17.119,209444
2026-07-14T17:15:00+00:00,17.125,17.13,17.06,17.085,277458
2026-07-14T17:20:00+00:00,17.084,17.1,16.85,16.875,654882
2026-07-14T17:25:00+00:00,16.875,16.95,16.85,16.93,322788
2026-07-14T17:30:00+00:00,16.939,16.94,16.81,16.846,448033
2026-07-14T17:35:00+00:00,16.849,16.88,16.74,16.755,357008
2026-07-14T17:40:00+00:00,16.75,16.8,16.72,16.72,341688
2026-07-14T17:45:00+00:00,16.72,16.88,16.7,16.83,519804
2026-07-14T17:50:00+00:00,16.839,16.87,16.76,16.8,339812
2026-07-14T17:55:00+00:00,16.8,16.865,16.75,16.845,439654
2026-07-14T18:00:00+00:00,16.845,17.235,16.8,17.035,749008
2026-07-14T18:05:00+00:00,17.035,17.25,17.03,17.035,731324
2026-07-14T18:10:00+00:00,17.035,17.136,17.03,17.135,215422
2026-07-14T18:15:00+00:00,17.135,17.145,17.065,17.103,254902
2026-07-14T18:20:00+00:00,17.1,17.155,17.065,17.126,201743
2026-07-14T18:25:00+00:00,17.125,17.16,17.06,17.085,201203
2026-07-14T18:30:00+00:00,17.085,17.115,17.07,17.1,312362
2026-07-14T18:35:00+00:00,17.1,17.195,17.07,17.135,361999
2026-07-14T18:40:00+00:00,17.135,17.175,17.08,17.15,287042
2026-07-14T18:45:00+00:00,17.14,17.24,17.14,17.2,232176
2026-07-14T18:50:00+00:00,17.195,17.25,17.19,17.215,161771
2026-07-14T18:55:00+00:00,17.215,17.24,17.19,17.19,419486
2026-07-14T19:00:00+00:00,17.2,17.34,17.195,17.33,255132
2026-07-14T19:05:00+00:00,17.325,17.36,17.295,17.295,134796
2026-07-14T19:10:00+00:00,17.297,17.35,17.255,17.32,231494
2026-07-14T19:15:00+00:00,17.325,17.44,17.325,17.405,189229
2026-07-14T19:20:00+00:00,17.405,17.45,17.4,17.445,127154
2026-07-14T19:25:00+00:00,17.445,17.45,17.365,17.37,186948
2026-07-14T19:30:00+00:00,17.37,17.395,17.335,17.385,212517
2026-07-14T19:35:00+00:00,17.385,17.42,17.33,17.365,294025
2026-07-14T19:40:00+00:00,17.365,17.405,17.361,17.4,218883
2026-07-14T19:45:00+00:00,17.41,17.43,17.38,17.405,261738
2026-07-14T19:50:00+00:00,17.405,17.48,17.404,17.41,385141
2026-07-14T19:55:00+00:00,17.415,17.535,17.375,17.5,1020030
2026-07-14T20:00:00+00:00,17.5,17.56,17.4,17.47,1083297
2026-07-14T20:05:00+00:00,17.46,17.498,17.46,17.48,362
2026-07-14T20:10:00+00:00,17.5,17.5,17.46,17.47,81968
2026-07-14T20:15:00+00:00,17.47,17.49,17.47,17.47,2271
2026-07-14T20:20:00+00:00,17.48,17.48,17.46,17.46,3792
2026-07-14T20:25:00+00:00,17.43,17.48,17.43,17.48,113
2026-07-14T20:30:00+00:00,17.465,17.48,17.45,17.45,103
2026-07-14T20:35:00+00:00,17.45,17.48,17.45,17.45,873
2026-07-14T20:40:00+00:00,17.46,17.46,17.45,17.46,185267
2026-07-14T20:45:00+00:00,17.45,17.455,17.445,17.449,1403
2026-07-14T20:50:00+00:00,17.44,17.45,17.44,17.44,592
2026-07-14T20:55:00+00:00,17.45,17.46,17.38,17.43,18489
2026-07-14T21:00:00+00:00,17.43,17.47,17.38,17.4,390
2026-07-14T21:05:00+00:00,17.435,17.47,17.4,17.44,3121
2026-07-14T21:10:00+00:00,17.47,17.47,17.42,17.43,2471
2026-07-14T21:15:00+00:00,17.43,17.45,17.43,17.45,735
2026-07-14T21:20:00+00:00,17.44,17.45,17.43,17.45,4534
2026-07-14T21:25:00+00:00,17.43,17.47,17.43,17.45,3904
2026-07-14T21:30:00+00:00,17.46,17.47,17.45,17.47,1355
2026-07-14T21:35:00+00:00,17.45,17.47,17.43,17.44,6848
2026-07-14T21:40:00+00:00,17.43,17.46,17.43,17.45,1085
2026-07-14T21:45:00+00:00,17.45,17.47,17.45,17.46,178
2026-07-14T21:50:00+00:00,17.452,17.47,17.43,17.465,4070
2026-07-14T21:55:00+00:00,17.4,17.45,17.4,17.45,152
2026-07-14T22:00:00+00:00,17.43,17.47,17.4,17.43,297
2026-07-14T22:05:00+00:00,17.45,17.45,17.45,17.45,10
2026-07-14T22:10:00+00:00,17.42,17.45,17.42,17.431,2119
2026-07-14T22:15:00+00:00,17.43,17.445,17.42,17.42,2425
2026-07-14T22:20:00+00:00,17.42,17.455,17.42,17.455,742
2026-07-14T22:25:00+00:00,17.44,17.47,17.44,17.47,8374
2026-07-14T22:30:00+00:00,17.44,17.445,17.44,17.44,2161
2026-07-14T22:35:00+00:00,17.44,17.47,17.44,17.46,2214
2026-07-14T22:40:00+00:00,17.452,17.47,17.452,17.46,21
2026-07-14T22:45:00+00:00,17.45,17.45,17.44,17.44,853
2026-07-14T22:50:00+00:00,17.43,17.45,17.43,17.44,2835
2026-07-14T22:55:00+00:00,17.44,17.44,17.43,17.44,256
2026-07-14T23:00:00+00:00,17.43,17.45,17.43,17.44,315
2026-07-14T23:05:00+00:00,17.44,17.45,17.43,17.45,6565
2026-07-14T23:10:00+00:00,17.45,17.47,17.45,17.47,3236
2026-07-14T23:15:00+00:00,17.47,17.47,17.45,17.47,66
2026-07-14T23:20:00+00:00,17.46,17.47,17.45,17.45,5308
2026-07-14T23:25:00+00:00,17.45,17.48,17.45,17.48,2475
2026-07-14T23:30:00+00:00,17.48,17.5,17.45,17.494,1367
2026-07-14T23:35:00+00:00,17.5,17.5,17.45,17.5,5
2026-07-14T23:40:00+00:00,17.5,17.5,17.47,17.47,54
2026-07-14T23:45:00+00:00,17.45,17.49,17.45,17.49,1861
2026-07-14T23:50:00+00:00,17.47,17.48,17.47,17.48,2372
2026-07-14T23:55:00+00:00,17.465,17.54,17.465,17.49,2887
2026-07-15T08:00:00+00:00,17.58,17.64,17.52,17.54,3906
2026-07-15T08:05:00+00:00,17.54,17.54,17.54,17.54,0
2026-07-15T08:10:00+00:00,17.54,17.54,17.51,17.51,852
2026-07-15T08:15:00+00:00,17.51,17.52,17.51,17.52,11
